Model,Scenario,Region,Variable,Unit,1990,1995,2000,2005,2007,2008,2010,2011,2012,2013,2014,2015,2018,2020,2021,2022,2023,2024,2025,2030,2035,2040,2045,2050,2055,2060,2065,2070,2075,2080,2085,2090,2095,2100,2110,2130,2150,Country,Species
AIM/Hub-Thailand 2.0,BaU,THA,Emissions|CH4|AFOLU,Mt CH4/yr,,,,2.7725,,,2.7858,,,,,2.8173,,2.8312,,,,,2.832,2.8098,,,,,,,,,,,,,,,,,,Thailand,CH4
AIM/Hub-Thailand 2.0,BaU,THA,Emissions|CO2|AFOLU,Mt CO2/yr,,,,15.9155,,,15.8358,,,,,15.2753,,14.4037,,,,,11.866,8.8012,,,,,,,,,,,,,,,,,,Thailand,CO2
AIM/Hub-Thailand 2.0,BaU,THA,Emissions|CO2|Energy and Industrial Processes,Mt CO2/yr,,,,240.8221,,,260.7369,,,,,290.1174,,323.5334,,,,,367.9694,411.8668,,,,,,,,,,,,,,,,,,Thailand,CO2
AIM/Hub-Thailand 2.0,BaU,THA,Emissions|CO2|Energy|Demand,Mt CO2/yr,,,,139.3973,,,144.3676,,,,,154.1514,,170.5149,,,,,191.8893,211.0034,,,,,,,,,,,,,,,,,,Thailand,CO2
AIM/Hub-Thailand 2.0,BaU,THA,Emissions|CO2|Energy|Demand|Industry,Mt CO2/yr,,,,79.0237,,,80.5801,,,,,84.3532,,90.8942,,,,,100.0533,107.6439,,,,,,,,,,,,,,,,,,Thailand,CO2
AIM/Hub-Thailand 2.0,BaU,THA,Emissions|CO2|Energy|Demand|Residential and Commercial,Mt CO2/yr,,,,22.8949,,,23.404,,,,,24.4379,,26.9307,,,,,30.0374,32.4724,,,,,,,,,,,,,,,,,,Thailand,CO2
AIM/Hub-Thailand 2.0,BaU,THA,Emissions|CO2|Energy|Demand|Transportation,Mt CO2/yr,,,,37.4787,,,40.3835,,,,,45.3603,,52.69,,,,,61.7986,70.887,,,,,,,,,,,,,,,,,,Thailand,CO2
AIM/Hub-Thailand 2.0,BaU,THA,Emissions|CO2|Energy|Supply,Mt CO2/yr,,,,101.4248,,,116.3693,,,,,135.966,,153.0185,,,,,176.0801,200.8634,,,,,,,,,,,,,,,,,,Thailand,CO2
AIM/Hub-Thailand 2.0,BaU,THA,Emissions|N2O|AFOLU,kt N2O/yr,,,,47.5791,,,49.9683,,,,,52.0779,,53.8283,,,,,55.475,56.9346,,,,,,,,,,,,,,,,,,Thailand,N2O
AIM/Hub-Thailand 2.0,RED1,THA,Emissions|CH4|AFOLU,Mt CH4/yr,,,,2.7725,,,2.7881,,,,,2.82,,2.8335,,,,,2.6047,2.3097,,,,,,,,,,,,,,,,,,Thailand,CH4
AIM/Hub-Thailand 2.0,RED1,THA,Emissions|CO2|AFOLU,Mt CO2/yr,,,,15.9155,,,15.8513,,,,,15.3188,,14.4701,,,,,10.3952,6.3916,,,,,,,,,,,,,,,,,,Thailand,CO2
AIM/Hub-Thailand 2.0,RED1,THA,Emissions|CO2|Energy and Industrial Processes,Mt CO2/yr,,,,240.8221,,,254.31,,,,,280.7049,,305.7375,,,,,322.5876,338.8733,,,,,,,,,,,,,,,,,,Thailand,CO2
AIM/Hub-Thailand 2.0,RED1,THA,Emissions|CO2|Energy|Demand,Mt CO2/yr,,,,139.3973,,,147.0637,,,,,158.1836,,174.8089,,,,,190.5966,203.1758,,,,,,,,,,,,,,,,,,Thailand,CO2
AIM/Hub-Thailand 2.0,RED1,THA,Emissions|CO2|Energy|Demand|Industry,Mt CO2/yr,,,,79.0237,,,81.9008,,,,,86.5247,,93.0959,,,,,96.2145,97.3014,,,,,,,,,,,,,,,,,,Thailand,CO2
AIM/Hub-Thailand 2.0,RED1,THA,Emissions|CO2|Energy|Demand|Residential and Commercial,Mt CO2/yr,,,,22.8949,,,24.5656,,,,,26.0048,,28.7572,,,,,32.6674,35.9795,,,,,,,,,,,,,,,,,,Thailand,CO2
AIM/Hub-Thailand 2.0,RED1,THA,Emissions|CO2|Energy|Demand|Transportation,Mt CO2/yr,,,,37.4787,,,40.5973,,,,,45.6541,,52.9558,,,,,61.7147,69.8949,,,,,,,,,,,,,,,,,,Thailand,CO2
AIM/Hub-Thailand 2.0,RED1,THA,Emissions|CO2|Energy|Supply,Mt CO2/yr,,,,101.4248,,,107.2464,,,,,122.5212,,130.9286,,,,,131.991,135.6975,,,,,,,,,,,,,,,,,,Thailand,CO2
AIM/Hub-Thailand 2.0,RED1,THA,Emissions|N2O|AFOLU,kt N2O/yr,,,,47.5791,,,50.0156,,,,,52.1311,,53.8684,,,,,50.6863,48.3824,,,,,,,,,,,,,,,,,,Thailand,N2O
AIM/Hub-Thailand 2.0,RED2,THA,Emissions|CH4|AFOLU,Mt CH4/yr,,,,2.7725,,,2.7881,,,,,2.82,,2.8335,,,,,2.5116,2.1223,,,,,,,,,,,,,,,,,,Thailand,CH4
AIM/Hub-Thailand 2.0,RED2,THA,Emissions|CO2|AFOLU,Mt CO2/yr,,,,15.9155,,,15.8513,,,,,15.3188,,14.4701,,,,,9.7761,5.4184,,,,,,,,,,,,,,,,,,Thailand,CO2
AIM/Hub-Thailand 2.0,RED2,THA,Emissions|CO2|Energy and Industrial Processes,Mt CO2/yr,,,,240.8221,,,254.31,,,,,280.7049,,305.7375,,,,,315.0699,321.5626,,,,,,,,,,,,,,,,,,Thailand,CO2
AIM/Hub-Thailand 2.0,RED2,THA,Emissions|CO2|Energy|Demand,Mt CO2/yr,,,,139.3973,,,147.0637,,,,,158.1836,,174.8089,,,,,185.9709,190.067,,,,,,,,,,,,,,,,,,Thailand,CO2
AIM/Hub-Thailand 2.0,RED2,THA,Emissions|CO2|Energy|Demand|Industry,Mt CO2/yr,,,,79.0237,,,81.9008,,,,,86.5247,,93.0959,,,,,92.2375,87.3393,,,,,,,,,,,,,,,,,,Thailand,CO2
AIM/Hub-Thailand 2.0,RED2,THA,Emissions|CO2|Energy|Demand|Residential and Commercial,Mt CO2/yr,,,,22.8949,,,24.5656,,,,,26.0048,,28.7572,,,,,32.425,34.8259,,,,,,,,,,,,,,,,,,Thailand,CO2
AIM/Hub-Thailand 2.0,RED2,THA,Emissions|CO2|Energy|Demand|Transportation,Mt CO2/yr,,,,37.4787,,,40.5973,,,,,45.6541,,52.9558,,,,,61.3084,67.9018,,,,,,,,,,,,,,,,,,Thailand,CO2
AIM/Hub-Thailand 2.0,RED2,THA,Emissions|CO2|Energy|Supply,Mt CO2/yr,,,,101.4248,,,107.2464,,,,,122.5212,,130.9286,,,,,129.099,131.4956,,,,,,,,,,,,,,,,,,Thailand,CO2
AIM/Hub-Thailand 2.0,RED2,THA,Emissions|N2O|AFOLU,kt N2O/yr,,,,47.5791,,,50.0156,,,,,52.1311,,53.8684,,,,,48.7369,45.0947,,,,,,,,,,,,,,,,,,Thailand,N2O
AIM/Hub-Thailand 2.0,RED3,THA,Emissions|CH4|AFOLU,Mt CH4/yr,,,,2.7725,,,2.7881,,,,,2.82,,2.8335,,,,,2.423,1.9659,,,,,,,,,,,,,,,,,,Thailand,CH4
AIM/Hub-Thailand 2.0,RED3,THA,Emissions|CO2|AFOLU,Mt CO2/yr,,,,15.9155,,,15.8513,,,,,15.3188,,14.4701,,,,,9.1825,4.5848,,,,,,,,,,,,,,,,,,Thailand,CO2
AIM/Hub-Thailand 2.0,RED3,THA,Emissions|CO2|Energy and Industrial Processes,Mt CO2/yr,,,,240.8221,,,254.31,,,,,280.7049,,305.7375,,,,,306.9521,301.7171,,,,,,,,,,,,,,,,,,Thailand,CO2
AIM/Hub-Thailand 2.0,RED3,THA,Emissions|CO2|Energy|Demand,Mt CO2/yr,,,,139.3973,,,147.0637,,,,,158.1836,,174.8089,,,,,180.4066,173.7572,,,,,,,,,,,,,,,,,,Thailand,CO2
AIM/Hub-Thailand 2.0,RED3,THA,Emissions|CO2|Energy|Demand|Industry,Mt CO2/yr,,,,79.0237,,,81.9008,,,,,86.5247,,93.0959,,,,,87.6548,76.4996,,,,,,,,,,,,,,,,,,Thailand,CO2
AIM/Hub-Thailand 2.0,RED3,THA,Emissions|CO2|Energy|Demand|Residential and Commercial,Mt CO2/yr,,,,22.8949,,,24.5656,,,,,26.0048,,28.7572,,,,,32.0622,32.7495,,,,,,,,,,,,,,,,,,Thailand,CO2
AIM/Hub-Thailand 2.0,RED3,THA,Emissions|CO2|Energy|Demand|Transportation,Mt CO2/yr,,,,37.4787,,,40.5973,,,,,45.6541,,52.9558,,,,,60.6896,64.5081,,,,,,,,,,,,,,,,,,Thailand,CO2
AIM/Hub-Thailand 2.0,RED3,THA,Emissions|CO2|Energy|Supply,Mt CO2/yr,,,,101.4248,,,107.2464,,,,,122.5212,,130.9286,,,,,126.5455,127.9599,,,,,,,,,,,,,,,,,,Thailand,CO2
AIM/Hub-Thailand 2.0,RED3,THA,Emissions|N2O|AFOLU,kt N2O/yr,,,,47.5791,,,50.0156,,,,,52.1311,,53.8684,,,,,46.8852,42.3112,,,,,,,,,,,,,,,,,,Thailand,N2O
AIM/Hub-Thailand 2.0,RED4,THA,Emissions|CH4|AFOLU,Mt CH4/yr,,,,2.7725,,,2.7881,,,,,2.82,,2.8335,,,,,2.2841,1.7553,,,,,,,,,,,,,,,,,,Thailand,CH4
AIM/Hub-Thailand 2.0,RED4,THA,Emissions|CO2|AFOLU,Mt CO2/yr,,,,15.9155,,,15.8513,,,,,15.3188,,14.4701,,,,,8.2445,3.4466,,,,,,,,,,,,,,,,,,Thailand,CO2
AIM/Hub-Thailand 2.0,RED4,THA,Emissions|CO2|Energy and Industrial Processes,Mt CO2/yr,,,,240.8221,,,254.31,,,,,280.7049,,305.7375,,,,,291.3971,263.0164,,,,,,,,,,,,,,,,,,Thailand,CO2
AIM/Hub-Thailand 2.0,RED4,THA,Emissions|CO2|Energy|Demand,Mt CO2/yr,,,,139.3973,,,147.0637,,,,,158.1836,,174.8089,,,,,168.5772,140.565,,,,,,,,,,,,,,,,,,Thailand,CO2
AIM/Hub-Thailand 2.0,RED4,THA,Emissions|CO2|Energy|Demand|Industry,Mt CO2/yr,,,,79.0237,,,81.9008,,,,,86.5247,,93.0959,,,,,78.663,58.1542,,,,,,,,,,,,,,,,,,Thailand,CO2
AIM/Hub-Thailand 2.0,RED4,THA,Emissions|CO2|Energy|Demand|Residential and Commercial,Mt CO2/yr,,,,22.8949,,,24.5656,,,,,26.0048,,28.7572,,,,,30.9915,27.1135,,,,,,,,,,,,,,,,,,Thailand,CO2
AIM/Hub-Thailand 2.0,RED4,THA,Emissions|CO2|Energy|Demand|Transportation,Mt CO2/yr,,,,37.4787,,,40.5973,,,,,45.6541,,52.9558,,,,,58.9227,55.2973,,,,,,,,,,,,,,,,,,Thailand,CO2
AIM/Hub-Thailand 2.0,RED4,THA,Emissions|CO2|Energy|Supply,Mt CO2/yr,,,,101.4248,,,107.2464,,,,,122.5212,,130.9286,,,,,122.8199,122.4514,,,,,,,,,,,,,,,,,,Thailand,CO2
AIM/Hub-Thailand 2.0,RED4,THA,Emissions|N2O|AFOLU,kt N2O/yr,,,,47.5791,,,50.0156,,,,,52.1311,,53.8684,,,,,43.9876,38.5015,,,,,,,,,,,,,,,,,,Thailand,N2O
AIM/Hub-Thailand 2.2,EN_NP_2025_-1002050,THA,Carbon Sequestration|CCS|Biomass,Mt CO2/yr,,,,,,,0.0,,,,,0.0,,0.0,,,,,0.0,0.0,0.1259,3.9467,44.6422,133.9126,,,,,,,,,,,,,,Thailand,
AIM/Hub-Thailand 2.2,EN_NP_2025_-1002050,THA,Carbon Sequestration|CCS|Biomass|Energy|Supply,Mt CO2/yr,,,,,,,0.0,,,,,0.0,,0.0,,,,,0.0,0.0,0.1259,3.9467,44.6422,133.9126,,,,,,,,,,,,,,Thailand,
AIM/Hub-Thailand 2.2,EN_NP_2025_-1002050,THA,Carbon Sequestration|CCS|Biomass|Energy|Supply|Electricity,Mt CO2/yr,,,,,,,0.0,,,,,0.0,,0.0,,,,,0.0,0.0,0.0594,2.4957,40.1428,127.5023,,,,,,,,,,,,,,Thailand,
AIM/Hub-Thailand 2.2,EN_NP_2025_-1002050,THA,Carbon Sequestration|CCS|Biomass|Energy|Supply|Liquids,Mt CO2/yr,,,,,,,0.0,,,,,0.0,,0.0,,,,,0.0,0.0,0.0665,1.451,4.4994,6.4102,,,,,,,,,,,,,,Thailand,
AIM/Hub-Thailand 2.2,EN_NP_2025_-1002050,THA,Emissions|CH4|AFOLU,Mt CH4/yr,,,,,,,2.7842,,,,,2.8328,,2.8335,,,,,2.7045,2.265,1.4138,0.9706,0.7767,0.7161,,,,,,,,,,,,,,Thailand,CH4
AIM/Hub-Thailand 2.2,EN_NP_2025_-1002050,THA,Emissions|CH4|AFOLU|Agriculture,Mt CH4/yr,,,,,,,2.5619,,,,,2.609,,2.6111,,,,,2.4944,2.0936,1.3104,0.9007,0.7235,0.6691,,,,,,,,,,,,,,Thailand,CH4
AIM/Hub-Thailand 2.2,EN_NP_2025_-1002050,THA,Emissions|CH4|Energy|Demand|Industry,Mt CH4/yr,,,,,,,0.0109,,,,,0.0114,,0.011,,,,,0.0115,0.0117,0.0108,0.0097,0.0091,0.0095,,,,,,,,,,,,,,Thailand,CH4
AIM/Hub-Thailand 2.2,EN_NP_2025_-1002050,THA,Emissions|CH4|Energy|Demand|Transportation,Mt CH4/yr,,,,,,,0.015,,,,,0.0172,,0.0173,,,,,0.0193,0.0209,0.0191,0.0147,0.0117,0.0114,,,,,,,,,,,,,,Thailand,CH4
AIM/Hub-Thailand 2.2,EN_NP_2025_-1002050,THA,Emissions|CH4|Energy|Supply,Mt CH4/yr,,,,,,,0.864,,,,,0.8742,,0.8534,,,,,0.7206,0.485,0.208,0.1274,0.0981,0.0928,,,,,,,,,,,,,,Thailand,CH4
AIM/Hub-Thailand 2.2,EN_NP_2025_-1002050,THA,Emissions|CO2|AFOLU,Mt CO2/yr,,,,,,,16.4343,,,,,17.25,,14.2831,,,,,11.0437,5.9679,-2.0442,-11.74,-22.3602,-24.3184,,,,,,,,,,,,,,Thailand,CO2
AIM/Hub-Thailand 2.2,EN_NP_2025_-1002050,THA,Emissions|CO2|Energy and Industrial Processes,Mt CO2/yr,,,,,,,316.0238,,,,,348.5502,,344.4455,,,,,353.3074,349.8412,282.2932,195.2295,99.0772,-11.3867,,,,,,,,,,,,,,Thailand,CO2
AIM/Hub-Thailand 2.2,EN_NP_2025_-1002050,THA,Emissions|CO2|Energy|Demand,Mt CO2/yr,,,,,,,155.4521,,,,,177.0467,,176.7649,,,,,187.8031,188.5618,148.6079,105.0139,78.9476,81.9319,,,,,,,,,,,,,,Thailand,CO2
AIM/Hub-Thailand 2.2,EN_NP_2025_-1002050,THA,Emissions|CO2|Energy|Demand|AFOFI,Mt CO2/yr,,,,,,,12.7059,,,,,15.3553,,15.1398,,,,,14.5998,13.6433,10.4505,7.4112,5.8296,5.7506,,,,,,,,,,,,,,Thailand,CO2
AIM/Hub-Thailand 2.2,EN_NP_2025_-1002050,THA,Emissions|CO2|Energy|Demand|Industry,Mt CO2/yr,,,,,,,83.6637,,,,,93.6697,,92.8183,,,,,96.0485,90.5634,60.1709,35.3963,19.979,19.8994,,,,,,,,,,,,,,Thailand,CO2
AIM/Hub-Thailand 2.2,EN_NP_2025_-1002050,THA,Emissions|CO2|Energy|Demand|Residential and Commercial|Commercial,Mt CO2/yr,,,,,,,0.5503,,,,,0.3947,,0.323,,,,,0.2536,0.1307,0.0056,0.0009,0.0003,0.0,,,,,,,,,,,,,,Thailand,CO2
AIM/Hub-Thailand 2.2,EN_NP_2025_-1002050,THA,Emissions|CO2|Energy|Demand|Residential and Commercial|Residential,Mt CO2/yr,,,,,,,0.0122,,,,,0.0047,,0.0046,,,,,0.0047,0.0045,0.0031,0.0017,0.001,0.0009,,,,,,,,,,,,,,Thailand,CO2
AIM/Hub-Thailand 2.2,EN_NP_2025_-1002050,THA,Emissions|CO2|Energy|Demand|Transportation,Mt CO2/yr,,,,,,,58.5201,,,,,67.6223,,68.4791,,,,,76.8964,84.2198,77.9777,62.2039,53.1378,56.281,,,,,,,,,,,,,,Thailand,CO2
AIM/Hub-Thailand 2.2,EN_NP_2025_-1002050,THA,Emissions|CO2|Energy|Supply,Mt CO2/yr,,,,,,,138.594,,,,,149.3989,,145.2905,,,,,142.8663,139.9771,116.1645,76.0177,7.6843,-106.0428,,,,,,,,,,,,,,Thailand,CO2
AIM/Hub-Thailand 2.2,EN_NP_2025_-1002050,THA,Emissions|CO2|Energy|Supply|Electricity,Mt CO2/yr,,,,,,,97.8327,,,,,106.9721,,103.706,,,,,105.9569,110.6674,97.9128,65.2821,2.6862,-108.157,,,,,,,,,,,,,,Thailand,CO2
AIM/Hub-Thailand 2.2,EN_NP_2025_-1002050,THA,Emissions|CO2|Industrial Processes,Mt CO2/yr,,,,,,,21.9777,,,,,22.1046,,22.3902,,,,,22.6381,21.3024,17.5209,14.1978,12.4453,12.7242,,,,,,,,,,,,,,Thailand,CO2
AIM/Hub-Thailand 2.2,EN_NP_2025_-1002050,THA,Emissions|N2O|AFOLU,kt N2O/yr,,,,,,,49.257,,,,,51.4215,,52.536,,,,,51.5015,46.763,37.0808,32.4131,30.3862,30.4622,,,,,,,,,,,,,,Thailand,N2O
AIM/Hub-Thailand 2.2,EN_NP_2025_-1002050,THA,Emissions|N2O|AFOLU|Agriculture,kt N2O/yr,,,,,,,38.4836,,,,,40.2121,,41.0921,,,,,40.2256,36.7117,29.6238,26.1796,24.6217,24.6056,,,,,,,,,,,,,,Thailand,N2O
AIM/Hub-Thailand 2.2,EN_NP_2025_-302050,THA,Carbon Sequestration|CCS|Biomass,Mt CO2/yr,,,,,,,0.0,,,,,0.0,,0.0,,,,,0.0,0.0,0.0,0.1688,4.0967,18.769,,,,,,,,,,,,,,Thailand,
AIM/Hub-Thailand 2.2,EN_NP_2025_-302050,THA,Carbon Sequestration|CCS|Biomass|Energy|Supply,Mt CO2/yr,,,,,,,0.0,,,,,0.0,,0.0,,,,,0.0,0.0,0.0,0.1688,4.0967,18.769,,,,,,,,,,,,,,Thailand,
AIM/Hub-Thailand 2.2,EN_NP_2025_-302050,THA,Carbon Sequestration|CCS|Biomass|Energy|Supply|Electricity,Mt CO2/yr,,,,,,,0.0,,,,,0.0,,0.0,,,,,0.0,0.0,0.0,0.1153,3.2458,16.6579,,,,,,,,,,,,,,Thailand,
AIM/Hub-Thailand 2.2,EN_NP_2025_-302050,THA,Carbon Sequestration|CCS|Biomass|Energy|Supply|Liquids,Mt CO2/yr,,,,,,,0.0,,,,,0.0,,0.0,,,,,0.0,0.0,0.0,0.0535,0.8509,2.1111,,,,,,,,,,,,,,Thailand,
AIM/Hub-Thailand 2.2,EN_NP_2025_-302050,THA,Emissions|CH4|AFOLU,Mt CH4/yr,,,,,,,2.7842,,,,,2.8328,,2.8335,,,,,2.7045,2.265,1.633,1.2477,1.023,0.891,,,,,,,,,,,,,,Thailand,CH4
AIM/Hub-Thailand 2.2,EN_NP_2025_-302050,THA,Emissions|CH4|AFOLU|Agriculture,Mt CH4/yr,,,,,,,2.5619,,,,,2.609,,2.6111,,,,,2.4944,2.0936,1.5138,1.1586,0.9524,0.8317,,,,,,,,,,,,,,Thailand,CH4
AIM/Hub-Thailand 2.2,EN_NP_2025_-302050,THA,Emissions|CH4|Energy|Demand|Industry,Mt CH4/yr,,,,,,,0.0109,,,,,0.0114,,0.011,,,,,0.0115,0.0117,0.0114,0.012,0.012,0.0123,,,,,,,,,,,,,,Thailand,CH4
AIM/Hub-Thailand 2.2,EN_NP_2025_-302050,THA,Emissions|CH4|Energy|Demand|Transportation,Mt CH4/yr,,,,,,,0.015,,,,,0.0172,,0.0173,,,,,0.0193,0.0209,0.0211,0.021,0.0197,0.0179,,,,,,,,,,,,,,Thailand,CH4
AIM/Hub-Thailand 2.2,EN_NP_2025_-302050,THA,Emissions|CH4|Energy|Supply,Mt CH4/yr,,,,,,,0.864,,,,,0.8742,,0.8534,,,,,0.7206,0.485,0.2747,0.1997,0.162,0.1362,,,,,,,,,,,,,,Thailand,CH4
AIM/Hub-Thailand 2.2,EN_NP_2025_-302050,THA,Emissions|CO2|AFOLU,Mt CO2/yr,,,,,,,16.4343,,,,,17.25,,14.2831,,,,,11.0437,5.9679,-1.3204,-14.4793,-24.6532,-31.921,,,,,,,,,,,,,,Thailand,CO2
AIM/Hub-Thailand 2.2,EN_NP_2025_-302050,THA,Emissions|CO2|Energy and Industrial Processes,Mt CO2/yr,,,,,,,316.0238,,,,,348.5502,,344.4455,,,,,353.3074,349.8412,326.5445,295.5385,255.1282,208.2828,,,,,,,,,,,,,,Thailand,CO2
AIM/Hub-Thailand 2.2,EN_NP_2025_-302050,THA,Emissions|CO2|Energy|Demand,Mt CO2/yr,,,,,,,155.4521,,,,,177.0467,,176.7649,,,,,187.8031,188.5618,171.8733,167.0119,160.5759,159.0994,,,,,,,,,,,,,,Thailand,CO2
AIM/Hub-Thailand 2.2,EN_NP_2025_-302050,THA,Emissions|CO2|Energy|Demand|AFOFI,Mt CO2/yr,,,,,,,12.7059,,,,,15.3553,,15.1398,,,,,14.5998,13.6433,11.7493,9.4992,8.3176,7.5843,,,,,,,,,,,,,,Thailand,CO2
AIM/Hub-Thailand 2.2,EN_NP_2025_-302050,THA,Emissions|CO2|Energy|Demand|Industry,Mt CO2/yr,,,,,,,83.6637,,,,,93.6697,,92.8183,,,,,96.0485,90.5634,73.768,69.099,66.278,68.5944,,,,,,,,,,,,,,Thailand,CO2
AIM/Hub-Thailand 2.2,EN_NP_2025_-302050,THA,Emissions|CO2|Energy|Demand|Residential and Commercial|Commercial,Mt CO2/yr,,,,,,,0.5503,,,,,0.3947,,0.323,,,,,0.2536,0.1307,0.0193,0.0067,0.0042,0.0037,,,,,,,,,,,,,,Thailand,CO2
AIM/Hub-Thailand 2.2,EN_NP_2025_-302050,THA,Emissions|CO2|Energy|Demand|Residential and Commercial|Residential,Mt CO2/yr,,,,,,,0.0122,,,,,0.0047,,0.0046,,,,,0.0047,0.0045,0.0038,0.0031,0.0027,0.0025,,,,,,,,,,,,,,Thailand,CO2
AIM/Hub-Thailand 2.2,EN_NP_2025_-302050,THA,Emissions|CO2|Energy|Demand|Transportation,Mt CO2/yr,,,,,,,58.5201,,,,,67.6223,,68.4791,,,,,76.8964,84.2198,86.3329,88.4039,85.9733,82.9145,,,,,,,,,,,,,,Thailand,CO2
AIM/Hub-Thailand 2.2,EN_NP_2025_-302050,THA,Emissions|CO2|Energy|Supply,Mt CO2/yr,,,,,,,138.594,,,,,149.3989,,145.2905,,,,,142.8663,139.9771,135.383,108.0651,73.3863,26.6894,,,,,,,,,,,,,,Thailand,CO2
AIM/Hub-Thailand 2.2,EN_NP_2025_-302050,THA,Emissions|CO2|Energy|Supply|Electricity,Mt CO2/yr,,,,,,,97.8327,,,,,106.9721,,103.706,,,,,105.9569,110.6674,112.9853,88.2419,56.3257,12.1668,,,,,,,,,,,,,,Thailand,CO2
AIM/Hub-Thailand 2.2,EN_NP_2025_-302050,THA,Emissions|CO2|Industrial Processes,Mt CO2/yr,,,,,,,21.9777,,,,,22.1046,,22.3902,,,,,22.6381,21.3024,19.2881,20.4614,21.166,22.494,,,,,,,,,,,,,,Thailand,CO2
AIM/Hub-Thailand 2.2,EN_NP_2025_-302050,THA,Emissions|N2O|AFOLU,kt N2O/yr,,,,,,,49.257,,,,,51.4215,,52.536,,,,,51.5015,46.763,40.1753,36.6575,34.8066,34.1433,,,,,,,,,,,,,,Thailand,N2O
AIM/Hub-Thailand 2.2,EN_NP_2025_-302050,THA,Emissions|N2O|AFOLU|Agriculture,kt N2O/yr,,,,,,,38.4836,,,,,40.2121,,41.0921,,,,,40.2256,36.7117,31.9032,29.2037,27.8179,27.3395,,,,,,,,,,,,,,Thailand,N2O
AIM/Hub-Thailand 2.2,EN_NP_2025_-402050,THA,Carbon Sequestration|CCS|Biomass,Mt CO2/yr,,,,,,,0.0,,,,,0.0,,0.0,,,,,0.0,0.0,0.0,0.3573,6.3204,29.1935,,,,,,,,,,,,,,Thailand,
AIM/Hub-Thailand 2.2,EN_NP_2025_-402050,THA,Carbon Sequestration|CCS|Biomass|Energy|Supply,Mt CO2/yr,,,,,,,0.0,,,,,0.0,,0.0,,,,,0.0,0.0,0.0,0.3573,6.3204,29.1935,,,,,,,,,,,,,,Thailand,
AIM/Hub-Thailand 2.2,EN_NP_2025_-402050,THA,Carbon Sequestration|CCS|Biomass|Energy|Supply|Electricity,Mt CO2/yr,,,,,,,0.0,,,,,0.0,,0.0,,,,,0.0,0.0,0.0,0.2237,4.6941,25.3257,,,,,,,,,,,,,,Thailand,
AIM/Hub-Thailand 2.2,EN_NP_2025_-402050,THA,Carbon Sequestration|CCS|Biomass|Energy|Supply|Liquids,Mt CO2/yr,,,,,,,0.0,,,,,0.0,,0.0,,,,,0.0,0.0,0.0,0.1336,1.6263,3.8678,,,,,,,,,,,,,,Thailand,
AIM/Hub-Thailand 2.2,EN_NP_2025_-402050,THA,Emissions|CH4|AFOLU,Mt CH4/yr,,,,,,,2.7842,,,,,2.8328,,2.8335,,,,,2.7045,2.265,1.5983,1.2276,0.9998,0.8613,,,,,,,,,,,,,,Thailand,CH4
AIM/Hub-Thailand 2.2,EN_NP_2025_-402050,THA,Emissions|CH4|AFOLU|Agriculture,Mt CH4/yr,,,,,,,2.5619,,,,,2.609,,2.6111,,,,,2.4944,2.0936,1.4818,1.1407,0.9313,0.8041,,,,,,,,,,,,,,Thailand,CH4
AIM/Hub-Thailand 2.2,EN_NP_2025_-402050,THA,Emissions|CH4|Energy|Demand|Industry,Mt CH4/yr,,,,,,,0.0109,,,,,0.0114,,0.011,,,,,0.0115,0.0117,0.0113,0.0111,0.011,0.0111,,,,,,,,,,,,,,Thailand,CH4
AIM/Hub-Thailand 2.2,EN_NP_2025_-402050,THA,Emissions|CH4|Energy|Demand|Transportation,Mt CH4/yr,,,,,,,0.015,,,,,0.0172,,0.0173,,,,,0.0193,0.0209,0.0209,0.02,0.0183,0.0165,,,,,,,,,,,,,,Thailand,CH4
AIM/Hub-Thailand 2.2,EN_NP_2025_-402050,THA,Emissions|CH4|Energy|Supply,Mt CH4/yr,,,,,,,0.864,,,,,0.8742,,0.8534,,,,,0.7206,0.485,0.2628,0.1903,0.152,0.1286,,,,,,,,,,,,,,Thailand,CH4
AIM/Hub-Thailand 2.2,EN_NP_2025_-402050,THA,Emissions|CO2|AFOLU,Mt CO2/yr,,,,,,,16.4343,,,,,17.25,,14.2831,,,,,11.0437,5.9679,-1.4423,-10.9076,-21.6493,-28.3588,,,,,,,,,,,,,,Thailand,CO2
AIM/Hub-Thailand 2.2,EN_NP_2025_-402050,THA,Emissions|CO2|Energy and Industrial Processes,Mt CO2/yr,,,,,,,316.0238,,,,,348.5502,,344.4455,,,,,353.3074,349.8412,320.4648,277.4281,229.8331,174.6881,,,,,,,,,,,,,,Thailand,CO2
AIM/Hub-Thailand 2.2,EN_NP_2025_-402050,THA,Emissions|CO2|Energy|Demand,Mt CO2/yr,,,,,,,155.4521,,,,,177.0467,,176.7649,,,,,187.8031,188.5618,168.5696,157.2099,147.0513,143.2861,,,,,,,,,,,,,,Thailand,CO2
AIM/Hub-Thailand 2.2,EN_NP_2025_-402050,THA,Emissions|CO2|Energy|Demand|AFOFI,Mt CO2/yr,,,,,,,12.7059,,,,,15.3553,,15.1398,,,,,14.5998,13.6433,11.5815,9.7745,8.4941,7.7083,,,,,,,,,,,,,,Thailand,CO2
AIM/Hub-Thailand 2.2,EN_NP_2025_-402050,THA,Emissions|CO2|Energy|Demand|Industry,Mt CO2/yr,,,,,,,83.6637,,,,,93.6697,,92.8183,,,,,96.0485,90.5634,71.6643,63.8742,59.0156,59.3503,,,,,,,,,,,,,,Thailand,CO2
AIM/Hub-Thailand 2.2,EN_NP_2025_-402050,THA,Emissions|CO2|Energy|Demand|Residential and Commercial|Commercial,Mt CO2/yr,,,,,,,0.5503,,,,,0.3947,,0.323,,,,,0.2536,0.1307,0.0158,0.0055,0.0033,0.0027,,,,,,,,,,,,,,Thailand,CO2
AIM/Hub-Thailand 2.2,EN_NP_2025_-402050,THA,Emissions|CO2|Energy|Demand|Residential and Commercial|Residential,Mt CO2/yr,,,,,,,0.0122,,,,,0.0047,,0.0046,,,,,0.0047,0.0045,0.0037,0.0031,0.0025,0.0023,,,,,,,,,,,,,,Thailand,CO2
AIM/Hub-Thailand 2.2,EN_NP_2025_-402050,THA,Emissions|CO2|Energy|Demand|Transportation,Mt CO2/yr,,,,,,,58.5201,,,,,67.6223,,68.4791,,,,,76.8964,84.2198,85.3042,83.5526,79.5358,76.2225,,,,,,,,,,,,,,Thailand,CO2
AIM/Hub-Thailand 2.2,EN_NP_2025_-402050,THA,Emissions|CO2|Energy|Supply,Mt CO2/yr,,,,,,,138.594,,,,,149.3989,,145.2905,,,,,142.8663,139.9771,132.8939,101.314,63.2707,10.6375,,,,,,,,,,,,,,Thailand,CO2
AIM/Hub-Thailand 2.2,EN_NP_2025_-402050,THA,Emissions|CO2|Energy|Supply|Electricity,Mt CO2/yr,,,,,,,97.8327,,,,,106.9721,,103.706,,,,,105.9569,110.6674,111.0654,82.6183,48.9518,0.5546,,,,,,,,,,,,,,Thailand,CO2
AIM/Hub-Thailand 2.2,EN_NP_2025_-402050,THA,Emissions|CO2|Industrial Processes,Mt CO2/yr,,,,,,,21.9777,,,,,22.1046,,22.3902,,,,,22.6381,21.3024,19.0013,18.9042,19.5111,20.7645,,,,,,,,,,,,,,Thailand,CO2
AIM/Hub-Thailand 2.2,EN_NP_2025_-402050,THA,Emissions|N2O|AFOLU,kt N2O/yr,,,,,,,49.257,,,,,51.4215,,52.536,,,,,51.5015,46.763,39.675,36.3498,34.3939,33.4714,,,,,,,,,,,,,,Thailand,N2O
AIM/Hub-Thailand 2.2,EN_NP_2025_-402050,THA,Emissions|N2O|AFOLU|Agriculture,kt N2O/yr,,,,,,,38.4836,,,,,40.2121,,41.0921,,,,,40.2256,36.7117,31.5373,29.0905,27.6108,26.8807,,,,,,,,,,,,,,Thailand,N2O
AIM/Hub-Thailand 2.2,EN_NP_2025_-502050,THA,Carbon Sequestration|CCS|Biomass,Mt CO2/yr,,,,,,,0.0,,,,,0.0,,0.0,,,,,0.0,0.0,0.0,1.1182,10.4809,46.1588,,,,,,,,,,,,,,Thailand,
AIM/Hub-Thailand 2.2,EN_NP_2025_-502050,THA,Carbon Sequestration|CCS|Biomass|Energy|Supply,Mt CO2/yr,,,,,,,0.0,,,,,0.0,,0.0,,,,,0.0,0.0,0.0,1.1182,10.4809,46.1588,,,,,,,,,,,,,,Thailand,
AIM/Hub-Thailand 2.2,EN_NP_2025_-502050,THA,Carbon Sequestration|CCS|Biomass|Energy|Supply|Electricity,Mt CO2/yr,,,,,,,0.0,,,,,0.0,,0.0,,,,,0.0,0.0,0.0,0.6942,7.8364,40.9034,,,,,,,,,,,,,,Thailand,
AIM/Hub-Thailand 2.2,EN_NP_2025_-502050,THA,Carbon Sequestration|CCS|Biomass|Energy|Supply|Liquids,Mt CO2/yr,,,,,,,0.0,,,,,0.0,,0.0,,,,,0.0,0.0,0.0,0.4239,2.6446,5.2554,,,,,,,,,,,,,,Thailand,
AIM/Hub-Thailand 2.2,EN_NP_2025_-502050,THA,Emissions|CH4|AFOLU,Mt CH4/yr,,,,,,,2.7842,,,,,2.8328,,2.8335,,,,,2.7045,2.265,1.5595,1.1816,0.9534,0.8322,,,,,,,,,,,,,,Thailand,CH4
AIM/Hub-Thailand 2.2,EN_NP_2025_-502050,THA,Emissions|CH4|AFOLU|Agriculture,Mt CH4/yr,,,,,,,2.5619,,,,,2.609,,2.6111,,,,,2.4944,2.0936,1.4459,1.0981,0.8883,0.7771,,,,,,,,,,,,,,Thailand,CH4
AIM/Hub-Thailand 2.2,EN_NP_2025_-502050,THA,Emissions|CH4|Energy|Demand|Industry,Mt CH4/yr,,,,,,,0.0109,,,,,0.0114,,0.011,,,,,0.0115,0.0117,0.0112,0.0109,0.0107,0.0108,,,,,,,,,,,,,,Thailand,CH4
AIM/Hub-Thailand 2.2,EN_NP_2025_-502050,THA,Emissions|CH4|Energy|Demand|Transportation,Mt CH4/yr,,,,,,,0.015,,,,,0.0172,,0.0173,,,,,0.0193,0.0209,0.0206,0.0192,0.0172,0.0157,,,,,,,,,,,,,,Thailand,CH4
AIM/Hub-Thailand 2.2,EN_NP_2025_-502050,THA,Emissions|CH4|Energy|Supply,Mt CH4/yr,,,,,,,0.864,,,,,0.8742,,0.8534,,,,,0.7206,0.485,0.2499,0.1774,0.1393,0.1186,,,,,,,,,,,,,,Thailand,CH4
AIM/Hub-Thailand 2.2,EN_NP_2025_-502050,THA,Emissions|CO2|AFOLU,Mt CO2/yr,,,,,,,16.4343,,,,,17.25,,14.2831,,,,,11.0437,5.9679,-1.5757,-11.062,-21.8109,-26.1738,,,,,,,,,,,,,,Thailand,CO2
AIM/Hub-Thailand 2.2,EN_NP_2025_-502050,THA,Emissions|CO2|Energy and Industrial Processes,Mt CO2/yr,,,,,,,316.0238,,,,,348.5502,,344.4455,,,,,353.3074,349.8412,314.5725,263.9621,208.557,142.4946,,,,,,,,,,,,,,Thailand,CO2
AIM/Hub-Thailand 2.2,EN_NP_2025_-502050,THA,Emissions|CO2|Energy|Demand,Mt CO2/yr,,,,,,,155.4521,,,,,177.0467,,176.7649,,,,,187.8031,188.5618,164.6996,149.1881,134.7279,132.7157,,,,,,,,,,,,,,Thailand,CO2
AIM/Hub-Thailand 2.2,EN_NP_2025_-502050,THA,Emissions|CO2|Energy|Demand|AFOFI,Mt CO2/yr,,,,,,,12.7059,,,,,15.3553,,15.1398,,,,,14.5998,13.6433,11.3774,9.4114,8.0689,7.4109,,,,,,,,,,,,,,Thailand,CO2
AIM/Hub-Thailand 2.2,EN_NP_2025_-502050,THA,Emissions|CO2|Energy|Demand|Industry,Mt CO2/yr,,,,,,,83.6637,,,,,93.6697,,92.8183,,,,,96.0485,90.5634,69.2883,59.274,51.6763,52.2481,,,,,,,,,,,,,,Thailand,CO2
AIM/Hub-Thailand 2.2,EN_NP_2025_-502050,THA,Emissions|CO2|Energy|Demand|Residential and Commercial|Commercial,Mt CO2/yr,,,,,,,0.5503,,,,,0.3947,,0.323,,,,,0.2536,0.1307,0.0126,0.0041,0.0022,0.0019,,,,,,,,,,,,,,Thailand,CO2
AIM/Hub-Thailand 2.2,EN_NP_2025_-502050,THA,Emissions|CO2|Energy|Demand|Residential and Commercial|Residential,Mt CO2/yr,,,,,,,0.0122,,,,,0.0047,,0.0046,,,,,0.0047,0.0045,0.0036,0.0028,0.0022,0.002,,,,,,,,,,,,,,Thailand,CO2
AIM/Hub-Thailand 2.2,EN_NP_2025_-502050,THA,Emissions|CO2|Energy|Demand|Transportation,Mt CO2/yr,,,,,,,58.5201,,,,,67.6223,,68.4791,,,,,76.8964,84.2198,84.0177,80.4957,74.9782,73.0528,,,,,,,,,,,,,,Thailand,CO2
AIM/Hub-Thailand 2.2,EN_NP_2025_-502050,THA,Emissions|CO2|Energy|Supply,Mt CO2/yr,,,,,,,138.594,,,,,149.3989,,145.2905,,,,,142.8663,139.9771,131.1875,96.3321,55.0909,-10.3485,,,,,,,,,,,,,,Thailand,CO2
AIM/Hub-Thailand 2.2,EN_NP_2025_-502050,THA,Emissions|CO2|Energy|Supply|Electricity,Mt CO2/yr,,,,,,,97.8327,,,,,106.9721,,103.706,,,,,105.9569,110.6674,110.0276,79.6024,43.6179,-16.9113,,,,,,,,,,,,,,Thailand,CO2
AIM/Hub-Thailand 2.2,EN_NP_2025_-502050,THA,Emissions|CO2|Industrial Processes,Mt CO2/yr,,,,,,,21.9777,,,,,22.1046,,22.3902,,,,,22.6381,21.3024,18.6854,18.4419,18.7382,20.1274,,,,,,,,,,,,,,Thailand,CO2
AIM/Hub-Thailand 2.2,EN_NP_2025_-502050,THA,Emissions|N2O|AFOLU,kt N2O/yr,,,,,,,49.257,,,,,51.4215,,52.536,,,,,51.5015,46.763,39.1211,35.6572,33.5623,32.8925,,,,,,,,,,,,,,Thailand,N2O
AIM/Hub-Thailand 2.2,EN_NP_2025_-502050,THA,Emissions|N2O|AFOLU|Agriculture,kt N2O/yr,,,,,,,38.4836,,,,,40.2121,,41.0921,,,,,40.2256,36.7117,31.1311,28.5857,26.982,26.4437,,,,,,,,,,,,,,Thailand,N2O
AIM/Hub-Thailand 2.2,EN_NP_2025_-602050,THA,Carbon Sequestration|CCS|Biomass,Mt CO2/yr,,,,,,,0.0,,,,,0.0,,0.0,,,,,0.0,0.0,0.0,1.6273,13.9226,58.8207,,,,,,,,,,,,,,Thailand,
AIM/Hub-Thailand 2.2,EN_NP_2025_-602050,THA,Carbon Sequestration|CCS|Biomass|Energy|Supply,Mt CO2/yr,,,,,,,0.0,,,,,0.0,,0.0,,,,,0.0,0.0,0.0,1.6273,13.9226,58.8207,,,,,,,,,,,,,,Thailand,
AIM/Hub-Thailand 2.2,EN_NP_2025_-602050,THA,Carbon Sequestration|CCS|Biomass|Energy|Supply|Electricity,Mt CO2/yr,,,,,,,0.0,,,,,0.0,,0.0,,,,,0.0,0.0,0.0,1.0052,10.5067,53.1721,,,,,,,,,,,,,,Thailand,
AIM/Hub-Thailand 2.2,EN_NP_2025_-602050,THA,Carbon Sequestration|CCS|Biomass|Energy|Supply|Liquids,Mt CO2/yr,,,,,,,0.0,,,,,0.0,,0.0,,,,,0.0,0.0,0.0,0.6221,3.4159,5.6487,,,,,,,,,,,,,,Thailand,
AIM/Hub-Thailand 2.2,EN_NP_2025_-602050,THA,Emissions|CH4|AFOLU,Mt CH4/yr,,,,,,,2.7842,,,,,2.8328,,2.8335,,,,,2.7045,2.265,1.5323,1.1378,0.9108,0.7985,,,,,,,,,,,,,,Thailand,CH4
AIM/Hub-Thailand 2.2,EN_NP_2025_-602050,THA,Emissions|CH4|AFOLU|Agriculture,Mt CH4/yr,,,,,,,2.5619,,,,,2.609,,2.6111,,,,,2.4944,2.0936,1.4207,1.0573,0.8486,0.7459,,,,,,,,,,,,,,Thailand,CH4
AIM/Hub-Thailand 2.2,EN_NP_2025_-602050,THA,Emissions|CH4|Energy|Demand|Industry,Mt CH4/yr,,,,,,,0.0109,,,,,0.0114,,0.011,,,,,0.0115,0.0117,0.0111,0.0107,0.0103,0.0105,,,,,,,,,,,,,,Thailand,CH4
AIM/Hub-Thailand 2.2,EN_NP_2025_-602050,THA,Emissions|CH4|Energy|Demand|Transportation,Mt CH4/yr,,,,,,,0.015,,,,,0.0172,,0.0173,,,,,0.0193,0.0209,0.0203,0.0184,0.0159,0.0146,,,,,,,,,,,,,,Thailand,CH4
AIM/Hub-Thailand 2.2,EN_NP_2025_-602050,THA,Emissions|CH4|Energy|Supply,Mt CH4/yr,,,,,,,0.864,,,,,0.8742,,0.8534,,,,,0.7206,0.485,0.2413,0.1658,0.1285,0.1102,,,,,,,,,,,,,,Thailand,CH4
AIM/Hub-Thailand 2.2,EN_NP_2025_-602050,THA,Emissions|CO2|AFOLU,Mt CO2/yr,,,,,,,16.4343,,,,,17.25,,14.2831,,,,,11.0437,5.9679,-1.6673,-11.2064,-21.923,-25.9692,,,,,,,,,,,,,,Thailand,CO2
AIM/Hub-Thailand 2.2,EN_NP_2025_-602050,THA,Emissions|CO2|Energy and Industrial Processes,Mt CO2/yr,,,,,,,316.0238,,,,,348.5502,,344.4455,,,,,353.3074,349.8412,308.0647,250.3486,187.0287,112.3958,,,,,,,,,,,,,,Thailand,CO2
AIM/Hub-Thailand 2.2,EN_NP_2025_-602050,THA,Emissions|CO2|Energy|Demand,Mt CO2/yr,,,,,,,155.4521,,,,,177.0467,,176.7649,,,,,187.8031,188.5618,162.0007,140.8457,121.2658,118.7745,,,,,,,,,,,,,,Thailand,CO2
AIM/Hub-Thailand 2.2,EN_NP_2025_-602050,THA,Emissions|CO2|Energy|Demand|AFOFI,Mt CO2/yr,,,,,,,12.7059,,,,,15.3553,,15.1398,,,,,14.5998,13.6433,11.2231,9.0387,7.6378,7.032,,,,,,,,,,,,,,Thailand,CO2
AIM/Hub-Thailand 2.2,EN_NP_2025_-602050,THA,Emissions|CO2|Energy|Demand|Industry,Mt CO2/yr,,,,,,,83.6637,,,,,93.6697,,92.8183,,,,,96.0485,90.5634,67.7079,54.5482,43.4349,42.7689,,,,,,,,,,,,,,Thailand,CO2
AIM/Hub-Thailand 2.2,EN_NP_2025_-602050,THA,Emissions|CO2|Energy|Demand|Residential and Commercial|Commercial,Mt CO2/yr,,,,,,,0.5503,,,,,0.3947,,0.323,,,,,0.2536,0.1307,0.0108,0.0031,0.0015,0.0011,,,,,,,,,,,,,,Thailand,CO2
AIM/Hub-Thailand 2.2,EN_NP_2025_-602050,THA,Emissions|CO2|Energy|Demand|Residential and Commercial|Residential,Mt CO2/yr,,,,,,,0.0122,,,,,0.0047,,0.0046,,,,,0.0047,0.0045,0.0036,0.0026,0.0019,0.0017,,,,,,,,,,,,,,Thailand,CO2
AIM/Hub-Thailand 2.2,EN_NP_2025_-602050,THA,Emissions|CO2|Energy|Demand|Transportation,Mt CO2/yr,,,,,,,58.5201,,,,,67.6223,,68.4791,,,,,76.8964,84.2198,83.0552,77.2532,70.1896,68.9708,,,,,,,,,,,,,,Thailand,CO2
AIM/Hub-Thailand 2.2,EN_NP_2025_-602050,THA,Emissions|CO2|Energy|Supply,Mt CO2/yr,,,,,,,138.594,,,,,149.3989,,145.2905,,,,,142.8663,139.9771,127.5965,91.5046,48.0455,-25.6467,,,,,,,,,,,,,,Thailand,CO2
AIM/Hub-Thailand 2.2,EN_NP_2025_-602050,THA,Emissions|CO2|Energy|Supply|Electricity,Mt CO2/yr,,,,,,,97.8327,,,,,106.9721,,103.706,,,,,105.9569,110.6674,106.8936,76.2095,38.4841,-30.7446,,,,,,,,,,,,,,Thailand,CO2
AIM/Hub-Thailand 2.2,EN_NP_2025_-602050,THA,Emissions|CO2|Industrial Processes,Mt CO2/yr,,,,,,,21.9777,,,,,22.1046,,22.3902,,,,,22.6381,21.3024,18.4675,17.9982,17.7174,19.268,,,,,,,,,,,,,,Thailand,CO2
AIM/Hub-Thailand 2.2,EN_NP_2025_-602050,THA,Emissions|N2O|AFOLU,kt N2O/yr,,,,,,,49.257,,,,,51.4215,,52.536,,,,,51.5015,46.763,38.7346,34.9963,32.784,32.2118,,,,,,,,,,,,,,Thailand,N2O
AIM/Hub-Thailand 2.2,EN_NP_2025_-602050,THA,Emissions|N2O|AFOLU|Agriculture,kt N2O/yr,,,,,,,38.4836,,,,,40.2121,,41.0921,,,,,40.2256,36.7117,30.8469,28.1015,26.3931,25.9287,,,,,,,,,,,,,,Thailand,N2O
AIM/Hub-Thailand 2.2,EN_NP_2025_-702050,THA,Carbon Sequestration|CCS|Biomass,Mt CO2/yr,,,,,,,0.0,,,,,0.0,,0.0,,,,,0.0,0.0,0.0,1.9475,17.8525,72.9216,,,,,,,,,,,,,,Thailand,
AIM/Hub-Thailand 2.2,EN_NP_2025_-702050,THA,Carbon Sequestration|CCS|Biomass|Energy|Supply,Mt CO2/yr,,,,,,,0.0,,,,,0.0,,0.0,,,,,0.0,0.0,0.0,1.9475,17.8525,72.9216,,,,,,,,,,,,,,Thailand,
AIM/Hub-Thailand 2.2,EN_NP_2025_-702050,THA,Carbon Sequestration|CCS|Biomass|Energy|Supply|Electricity,Mt CO2/yr,,,,,,,0.0,,,,,0.0,,0.0,,,,,0.0,0.0,0.0,1.2752,13.9679,66.9646,,,,,,,,,,,,,,Thailand,
AIM/Hub-Thailand 2.2,EN_NP_2025_-702050,THA,Carbon Sequestration|CCS|Biomass|Energy|Supply|Liquids,Mt CO2/yr,,,,,,,0.0,,,,,0.0,,0.0,,,,,0.0,0.0,0.0,0.6722,3.8846,5.957,,,,,,,,,,,,,,Thailand,
AIM/Hub-Thailand 2.2,EN_NP_2025_-702050,THA,Emissions|CH4|AFOLU,Mt CH4/yr,,,,,,,2.7842,,,,,2.8328,,2.8335,,,,,2.7045,2.265,1.5113,1.0988,0.8716,0.7712,,,,,,,,,,,,,,Thailand,CH4
AIM/Hub-Thailand 2.2,EN_NP_2025_-702050,THA,Emissions|CH4|AFOLU|Agriculture,Mt CH4/yr,,,,,,,2.5619,,,,,2.609,,2.6111,,,,,2.4944,2.0936,1.4012,1.0209,0.8122,0.7205,,,,,,,,,,,,,,Thailand,CH4
AIM/Hub-Thailand 2.2,EN_NP_2025_-702050,THA,Emissions|CH4|Energy|Demand|Industry,Mt CH4/yr,,,,,,,0.0109,,,,,0.0114,,0.011,,,,,0.0115,0.0117,0.0111,0.0105,0.0101,0.0102,,,,,,,,,,,,,,Thailand,CH4
AIM/Hub-Thailand 2.2,EN_NP_2025_-702050,THA,Emissions|CH4|Energy|Demand|Transportation,Mt CH4/yr,,,,,,,0.015,,,,,0.0172,,0.0173,,,,,0.0193,0.0209,0.0201,0.0178,0.0148,0.0137,,,,,,,,,,,,,,Thailand,CH4
AIM/Hub-Thailand 2.2,EN_NP_2025_-702050,THA,Emissions|CH4|Energy|Supply,Mt CH4/yr,,,,,,,0.864,,,,,0.8742,,0.8534,,,,,0.7206,0.485,0.2345,0.1557,0.1189,0.104,,,,,,,,,,,,,,Thailand,CH4
AIM/Hub-Thailand 2.2,EN_NP_2025_-702050,THA,Emissions|CO2|AFOLU,Mt CO2/yr,,,,,,,16.4343,,,,,17.25,,14.2831,,,,,11.0437,5.9679,-1.7355,-11.3323,-22.0505,-25.0531,,,,,,,,,,,,,,Thailand,CO2
AIM/Hub-Thailand 2.2,EN_NP_2025_-702050,THA,Emissions|CO2|Energy and Industrial Processes,Mt CO2/yr,,,,,,,316.0238,,,,,348.5502,,344.4455,,,,,353.3074,349.8412,301.2147,236.4628,165.3295,81.2575,,,,,,,,,,,,,,Thailand,CO2
AIM/Hub-Thailand 2.2,EN_NP_2025_-702050,THA,Emissions|CO2|Energy|Demand,Mt CO2/yr,,,,,,,155.4521,,,,,177.0467,,176.7649,,,,,187.8031,188.5618,160.0633,132.9801,109.4103,105.3558,,,,,,,,,,,,,,Thailand,CO2
AIM/Hub-Thailand 2.2,EN_NP_2025_-702050,THA,Emissions|CO2|Energy|Demand|AFOFI,Mt CO2/yr,,,,,,,12.7059,,,,,15.3553,,15.1398,,,,,14.5998,13.6433,11.1098,8.6918,7.1903,6.6842,,,,,,,,,,,,,,Thailand,CO2
AIM/Hub-Thailand 2.2,EN_NP_2025_-702050,THA,Emissions|CO2|Energy|Demand|Industry,Mt CO2/yr,,,,,,,83.6637,,,,,93.6697,,92.8183,,,,,96.0485,90.5634,66.7162,49.8129,36.7877,33.4957,,,,,,,,,,,,,,Thailand,CO2
AIM/Hub-Thailand 2.2,EN_NP_2025_-702050,THA,Emissions|CO2|Energy|Demand|Residential and Commercial|Commercial,Mt CO2/yr,,,,,,,0.5503,,,,,0.3947,,0.323,,,,,0.2536,0.1307,0.0097,0.0023,0.0009,0.0008,,,,,,,,,,,,,,Thailand,CO2
AIM/Hub-Thailand 2.2,EN_NP_2025_-702050,THA,Emissions|CO2|Energy|Demand|Residential and Commercial|Residential,Mt CO2/yr,,,,,,,0.0122,,,,,0.0047,,0.0046,,,,,0.0047,0.0045,0.0035,0.0024,0.0016,0.0014,,,,,,,,,,,,,,Thailand,CO2
AIM/Hub-Thailand 2.2,EN_NP_2025_-702050,THA,Emissions|CO2|Energy|Demand|Transportation,Mt CO2/yr,,,,,,,58.5201,,,,,67.6223,,68.4791,,,,,76.8964,84.2198,82.224,74.4706,65.4298,65.1736,,,,,,,,,,,,,,Thailand,CO2
AIM/Hub-Thailand 2.2,EN_NP_2025_-702050,THA,Emissions|CO2|Energy|Supply,Mt CO2/yr,,,,,,,138.594,,,,,149.3989,,145.2905,,,,,142.8663,139.9771,122.8281,86.1771,40.4367,-42.1199,,,,,,,,,,,,,,Thailand,CO2
AIM/Hub-Thailand 2.2,EN_NP_2025_-702050,THA,Emissions|CO2|Energy|Supply|Electricity,Mt CO2/yr,,,,,,,97.8327,,,,,106.9721,,103.706,,,,,105.9569,110.6674,102.4219,71.922,32.2853,-46.2159,,,,,,,,,,,,,,Thailand,CO2
AIM/Hub-Thailand 2.2,EN_NP_2025_-702050,THA,Emissions|CO2|Industrial Processes,Mt CO2/yr,,,,,,,21.9777,,,,,22.1046,,22.3902,,,,,22.6381,21.3024,18.3233,17.3055,15.4825,18.0217,,,,,,,,,,,,,,Thailand,CO2
AIM/Hub-Thailand 2.2,EN_NP_2025_-702050,THA,Emissions|N2O|AFOLU,kt N2O/yr,,,,,,,49.257,,,,,51.4215,,52.536,,,,,51.5015,46.763,38.4327,34.3985,32.0962,31.6449,,,,,,,,,,,,,,Thailand,N2O
AIM/Hub-Thailand 2.2,EN_NP_2025_-702050,THA,Emissions|N2O|AFOLU|Agriculture,kt N2O/yr,,,,,,,38.4836,,,,,40.2121,,41.0921,,,,,40.2256,36.7117,30.6231,27.6592,25.8862,25.4992,,,,,,,,,,,,,,Thailand,N2O
AIM/Hub-Thailand 2.2,EN_NP_2025_-802050,THA,Carbon Sequestration|CCS|Biomass,Mt CO2/yr,,,,,,,0.0,,,,,0.0,,0.0,,,,,0.0,0.0,0.0,2.4684,23.7746,90.802,,,,,,,,,,,,,,Thailand,
AIM/Hub-Thailand 2.2,EN_NP_2025_-802050,THA,Carbon Sequestration|CCS|Biomass|Energy|Supply,Mt CO2/yr,,,,,,,0.0,,,,,0.0,,0.0,,,,,0.0,0.0,0.0,2.4684,23.7746,90.802,,,,,,,,,,,,,,Thailand,
AIM/Hub-Thailand 2.2,EN_NP_2025_-802050,THA,Carbon Sequestration|CCS|Biomass|Energy|Supply|Electricity,Mt CO2/yr,,,,,,,0.0,,,,,0.0,,0.0,,,,,0.0,0.0,0.0,1.5261,19.6313,84.7865,,,,,,,,,,,,,,Thailand,
AIM/Hub-Thailand 2.2,EN_NP_2025_-802050,THA,Carbon Sequestration|CCS|Biomass|Energy|Supply|Liquids,Mt CO2/yr,,,,,,,0.0,,,,,0.0,,0.0,,,,,0.0,0.0,0.0,0.9423,4.1434,6.0155,,,,,,,,,,,,,,Thailand,
AIM/Hub-Thailand 2.2,EN_NP_2025_-802050,THA,Emissions|CH4|AFOLU,Mt CH4/yr,,,,,,,2.7842,,,,,2.8328,,2.8335,,,,,2.7045,2.265,1.4688,1.0526,0.83,0.7456,,,,,,,,,,,,,,Thailand,CH4
AIM/Hub-Thailand 2.2,EN_NP_2025_-802050,THA,Emissions|CH4|AFOLU|Agriculture,Mt CH4/yr,,,,,,,2.5619,,,,,2.609,,2.6111,,,,,2.4944,2.0936,1.3617,0.9777,0.7733,0.6966,,,,,,,,,,,,,,Thailand,CH4
AIM/Hub-Thailand 2.2,EN_NP_2025_-802050,THA,Emissions|CH4|Energy|Demand|Industry,Mt CH4/yr,,,,,,,0.0109,,,,,0.0114,,0.011,,,,,0.0115,0.0117,0.0109,0.0102,0.0097,0.0099,,,,,,,,,,,,,,Thailand,CH4
AIM/Hub-Thailand 2.2,EN_NP_2025_-802050,THA,Emissions|CH4|Energy|Demand|Transportation,Mt CH4/yr,,,,,,,0.015,,,,,0.0172,,0.0173,,,,,0.0193,0.0209,0.0197,0.0167,0.0135,0.0127,,,,,,,,,,,,,,Thailand,CH4
AIM/Hub-Thailand 2.2,EN_NP_2025_-802050,THA,Emissions|CH4|Energy|Supply,Mt CH4/yr,,,,,,,0.864,,,,,0.8742,,0.8534,,,,,0.7206,0.485,0.2228,0.1449,0.1094,0.0987,,,,,,,,,,,,,,Thailand,CH4
AIM/Hub-Thailand 2.2,EN_NP_2025_-802050,THA,Emissions|CO2|AFOLU,Mt CO2/yr,,,,,,,16.4343,,,,,17.25,,14.2831,,,,,11.0437,5.9679,-1.8737,-11.4809,-22.2075,-24.6142,,,,,,,,,,,,,,Thailand,CO2
AIM/Hub-Thailand 2.2,EN_NP_2025_-802050,THA,Emissions|CO2|Energy and Industrial Processes,Mt CO2/yr,,,,,,,316.0238,,,,,348.5502,,344.4455,,,,,353.3074,349.8412,295.4214,222.92,143.7714,50.524,,,,,,,,,,,,,,Thailand,CO2
AIM/Hub-Thailand 2.2,EN_NP_2025_-802050,THA,Emissions|CO2|Energy|Demand,Mt CO2/yr,,,,,,,155.4521,,,,,177.0467,,176.7649,,,,,187.8031,188.5618,155.0592,122.575,96.557,95.0128,,,,,,,,,,,,,,Thailand,CO2
AIM/Hub-Thailand 2.2,EN_NP_2025_-802050,THA,Emissions|CO2|Energy|Demand|AFOFI,Mt CO2/yr,,,,,,,12.7059,,,,,15.3553,,15.1398,,,,,14.5998,13.6433,10.8284,8.2458,6.6577,6.3078,,,,,,,,,,,,,,Thailand,CO2
AIM/Hub-Thailand 2.2,EN_NP_2025_-802050,THA,Emissions|CO2|Energy|Demand|Industry,Mt CO2/yr,,,,,,,83.6637,,,,,93.6697,,92.8183,,,,,96.0485,90.5634,63.7286,44.2341,29.6711,27.277,,,,,,,,,,,,,,Thailand,CO2
AIM/Hub-Thailand 2.2,EN_NP_2025_-802050,THA,Emissions|CO2|Energy|Demand|Residential and Commercial|Commercial,Mt CO2/yr,,,,,,,0.5503,,,,,0.3947,,0.323,,,,,0.2536,0.1307,0.0076,0.0017,0.0005,0.0005,,,,,,,,,,,,,,Thailand,CO2
AIM/Hub-Thailand 2.2,EN_NP_2025_-802050,THA,Emissions|CO2|Energy|Demand|Residential and Commercial|Residential,Mt CO2/yr,,,,,,,0.0122,,,,,0.0047,,0.0046,,,,,0.0047,0.0045,0.0033,0.0021,0.0013,0.0012,,,,,,,,,,,,,,Thailand,CO2
AIM/Hub-Thailand 2.2,EN_NP_2025_-802050,THA,Emissions|CO2|Energy|Demand|Transportation,Mt CO2/yr,,,,,,,58.5201,,,,,67.6223,,68.4791,,,,,76.8964,84.2198,80.4912,70.0914,60.2263,61.4263,,,,,,,,,,,,,,Thailand,CO2
AIM/Hub-Thailand 2.2,EN_NP_2025_-802050,THA,Emissions|CO2|Energy|Supply,Mt CO2/yr,,,,,,,138.594,,,,,149.3989,,145.2905,,,,,142.8663,139.9771,122.4037,84.2432,33.4807,-60.1035,,,,,,,,,,,,,,Thailand,CO2
AIM/Hub-Thailand 2.2,EN_NP_2025_-802050,THA,Emissions|CO2|Energy|Supply|Electricity,Mt CO2/yr,,,,,,,97.8327,,,,,106.9721,,103.706,,,,,105.9569,110.6674,102.7734,71.2432,26.6322,-63.4737,,,,,,,,,,,,,,Thailand,CO2
AIM/Hub-Thailand 2.2,EN_NP_2025_-802050,THA,Emissions|CO2|Industrial Processes,Mt CO2/yr,,,,,,,21.9777,,,,,22.1046,,22.3902,,,,,22.6381,21.3024,17.9585,16.1018,13.7337,15.6147,,,,,,,,,,,,,,Thailand,CO2
AIM/Hub-Thailand 2.2,EN_NP_2025_-802050,THA,Emissions|N2O|AFOLU,kt N2O/yr,,,,,,,49.257,,,,,51.4215,,52.536,,,,,51.5015,46.763,37.8441,33.6982,31.3679,31.1055,,,,,,,,,,,,,,Thailand,N2O
AIM/Hub-Thailand 2.2,EN_NP_2025_-802050,THA,Emissions|N2O|AFOLU|Agriculture,kt N2O/yr,,,,,,,38.4836,,,,,40.2121,,41.0921,,,,,40.2256,36.7117,30.1898,27.1425,25.3523,25.0915,,,,,,,,,,,,,,Thailand,N2O
AIM/Hub-Thailand 2.2,EN_NP_2025_-902050,THA,Carbon Sequestration|CCS|Biomass,Mt CO2/yr,,,,,,,0.0,,,,,0.0,,0.0,,,,,0.0,0.0,0.1004,3.3284,34.1039,113.1554,,,,,,,,,,,,,,Thailand,
AIM/Hub-Thailand 2.2,EN_NP_2025_-902050,THA,Carbon Sequestration|CCS|Biomass|Energy|Supply,Mt CO2/yr,,,,,,,0.0,,,,,0.0,,0.0,,,,,0.0,0.0,0.1004,3.3284,34.1039,113.1554,,,,,,,,,,,,,,Thailand,
AIM/Hub-Thailand 2.2,EN_NP_2025_-902050,THA,Carbon Sequestration|CCS|Biomass|Energy|Supply|Electricity,Mt CO2/yr,,,,,,,0.0,,,,,0.0,,0.0,,,,,0.0,0.0,0.0479,2.0788,29.6559,106.8174,,,,,,,,,,,,,,Thailand,
AIM/Hub-Thailand 2.2,EN_NP_2025_-902050,THA,Carbon Sequestration|CCS|Biomass|Energy|Supply|Liquids,Mt CO2/yr,,,,,,,0.0,,,,,0.0,,0.0,,,,,0.0,0.0,0.0525,1.2495,4.4479,6.338,,,,,,,,,,,,,,Thailand,
AIM/Hub-Thailand 2.2,EN_NP_2025_-902050,THA,Emissions|CH4|AFOLU,Mt CH4/yr,,,,,,,2.7842,,,,,2.8328,,2.8335,,,,,2.7045,2.265,1.4356,1.0094,0.8004,0.7308,,,,,,,,,,,,,,Thailand,CH4
AIM/Hub-Thailand 2.2,EN_NP_2025_-902050,THA,Emissions|CH4|AFOLU|Agriculture,Mt CH4/yr,,,,,,,2.5619,,,,,2.609,,2.6111,,,,,2.4944,2.0936,1.3307,0.9372,0.7457,0.6828,,,,,,,,,,,,,,Thailand,CH4
AIM/Hub-Thailand 2.2,EN_NP_2025_-902050,THA,Emissions|CH4|Energy|Demand|Industry,Mt CH4/yr,,,,,,,0.0109,,,,,0.0114,,0.011,,,,,0.0115,0.0117,0.0108,0.01,0.0094,0.0097,,,,,,,,,,,,,,Thailand,CH4
AIM/Hub-Thailand 2.2,EN_NP_2025_-902050,THA,Emissions|CH4|Energy|Demand|Transportation,Mt CH4/yr,,,,,,,0.015,,,,,0.0172,,0.0173,,,,,0.0193,0.0209,0.0193,0.0156,0.0125,0.0121,,,,,,,,,,,,,,Thailand,CH4
AIM/Hub-Thailand 2.2,EN_NP_2025_-902050,THA,Emissions|CH4|Energy|Supply,Mt CH4/yr,,,,,,,0.864,,,,,0.8742,,0.8534,,,,,0.7206,0.485,0.2136,0.1351,0.1028,0.0955,,,,,,,,,,,,,,Thailand,CH4
AIM/Hub-Thailand 2.2,EN_NP_2025_-902050,THA,Emissions|CO2|AFOLU,Mt CO2/yr,,,,,,,16.4343,,,,,17.25,,14.2831,,,,,11.0437,5.9679,-1.9777,-11.6179,-22.2906,-24.3381,,,,,,,,,,,,,,Thailand,CO2
AIM/Hub-Thailand 2.2,EN_NP_2025_-902050,THA,Emissions|CO2|Energy and Industrial Processes,Mt CO2/yr,,,,,,,316.0238,,,,,348.5502,,344.4455,,,,,353.3074,349.8412,289.1399,209.1993,121.5706,19.4495,,,,,,,,,,,,,,Thailand,CO2
AIM/Hub-Thailand 2.2,EN_NP_2025_-902050,THA,Emissions|CO2|Energy|Demand,Mt CO2/yr,,,,,,,155.4521,,,,,177.0467,,176.7649,,,,,187.8031,188.5618,151.1815,113.4679,87.1052,88.503,,,,,,,,,,,,,,Thailand,CO2
AIM/Hub-Thailand 2.2,EN_NP_2025_-902050,THA,Emissions|CO2|Energy|Demand|AFOFI,Mt CO2/yr,,,,,,,12.7059,,,,,15.3553,,15.1398,,,,,14.5998,13.6433,10.6042,7.817,6.2311,6.046,,,,,,,,,,,,,,Thailand,CO2
AIM/Hub-Thailand 2.2,EN_NP_2025_-902050,THA,Emissions|CO2|Energy|Demand|Industry,Mt CO2/yr,,,,,,,83.6637,,,,,93.6697,,92.8183,,,,,96.0485,90.5634,61.5761,39.618,24.4492,23.5172,,,,,,,,,,,,,,Thailand,CO2
AIM/Hub-Thailand 2.2,EN_NP_2025_-902050,THA,Emissions|CO2|Energy|Demand|Residential and Commercial|Commercial,Mt CO2/yr,,,,,,,0.5503,,,,,0.3947,,0.323,,,,,0.2536,0.1307,0.0063,0.0012,0.0004,0.0004,,,,,,,,,,,,,,Thailand,CO2
AIM/Hub-Thailand 2.2,EN_NP_2025_-902050,THA,Emissions|CO2|Energy|Demand|Residential and Commercial|Residential,Mt CO2/yr,,,,,,,0.0122,,,,,0.0047,,0.0046,,,,,0.0047,0.0045,0.0032,0.0019,0.0011,0.0011,,,,,,,,,,,,,,Thailand,CO2
AIM/Hub-Thailand 2.2,EN_NP_2025_-902050,THA,Emissions|CO2|Energy|Demand|Transportation,Mt CO2/yr,,,,,,,58.5201,,,,,67.6223,,68.4791,,,,,76.8964,84.2198,78.9916,66.0297,56.4234,58.9384,,,,,,,,,,,,,,Thailand,CO2
AIM/Hub-Thailand 2.2,EN_NP_2025_-902050,THA,Emissions|CO2|Energy|Supply,Mt CO2/yr,,,,,,,138.594,,,,,149.3989,,145.2905,,,,,142.8663,139.9771,120.2649,80.7586,21.5149,-82.8027,,,,,,,,,,,,,,Thailand,CO2
AIM/Hub-Thailand 2.2,EN_NP_2025_-902050,THA,Emissions|CO2|Energy|Supply|Electricity,Mt CO2/yr,,,,,,,97.8327,,,,,106.9721,,103.706,,,,,105.9569,110.6674,101.571,69.1014,15.8706,-85.3246,,,,,,,,,,,,,,Thailand,CO2
AIM/Hub-Thailand 2.2,EN_NP_2025_-902050,THA,Emissions|CO2|Industrial Processes,Mt CO2/yr,,,,,,,21.9777,,,,,22.1046,,22.3902,,,,,22.6381,21.3024,17.6934,14.9729,12.9506,13.7492,,,,,,,,,,,,,,Thailand,CO2
AIM/Hub-Thailand 2.2,EN_NP_2025_-902050,THA,Emissions|N2O|AFOLU,kt N2O/yr,,,,,,,49.257,,,,,51.4215,,52.536,,,,,51.5015,46.763,37.383,33.0266,30.8302,30.7832,,,,,,,,,,,,,,Thailand,N2O
AIM/Hub-Thailand 2.2,EN_NP_2025_-902050,THA,Emissions|N2O|AFOLU|Agriculture,kt N2O/yr,,,,,,,38.4836,,,,,40.2121,,41.0921,,,,,40.2256,36.7117,29.8481,26.641,24.9532,24.8482,,,,,,,,,,,,,,Thailand,N2O
AIM/Hub-Thailand 2.2,EN_NP_CNDC,THA,Emissions|CH4|AFOLU,Mt CH4/yr,,,,,,,2.7842,,,,,2.8328,,2.8335,,,,,2.5999,2.0969,1.8735,1.6507,1.4426,1.2561,,,,,,,,,,,,,,Thailand,CH4
AIM/Hub-Thailand 2.2,EN_NP_CNDC,THA,Emissions|CH4|AFOLU|Agriculture,Mt CH4/yr,,,,,,,2.5619,,,,,2.609,,2.6111,,,,,2.3984,1.9385,1.7352,1.5316,1.3409,1.1697,,,,,,,,,,,,,,Thailand,CH4
AIM/Hub-Thailand 2.2,EN_NP_CNDC,THA,Emissions|CH4|Energy|Demand|Industry,Mt CH4/yr,,,,,,,0.0109,,,,,0.0114,,0.011,,,,,0.0114,0.0115,0.0119,0.0123,0.0127,0.0132,,,,,,,,,,,,,,Thailand,CH4
AIM/Hub-Thailand 2.2,EN_NP_CNDC,THA,Emissions|CH4|Energy|Demand|Transportation,Mt CH4/yr,,,,,,,0.015,,,,,0.0172,,0.0173,,,,,0.0192,0.0206,0.0222,0.0232,0.023,0.0212,,,,,,,,,,,,,,Thailand,CH4
AIM/Hub-Thailand 2.2,EN_NP_CNDC,THA,Emissions|CH4|Energy|Supply,Mt CH4/yr,,,,,,,0.864,,,,,0.8742,,0.8534,,,,,0.6389,0.4088,0.3643,0.3195,0.274,0.2265,,,,,,,,,,,,,,Thailand,CH4
AIM/Hub-Thailand 2.2,EN_NP_CNDC,THA,Emissions|CO2|AFOLU,Mt CO2/yr,,,,,,,16.4343,,,,,17.25,,14.2831,,,,,10.4207,4.8532,-2.0721,-9.093,-14.1596,-18.2509,,,,,,,,,,,,,,Thailand,CO2
AIM/Hub-Thailand 2.2,EN_NP_CNDC,THA,Emissions|CO2|Energy and Industrial Processes,Mt CO2/yr,,,,,,,316.0238,,,,,348.5502,,344.4455,,,,,346.5416,337.6845,352.1047,357.9634,351.7503,328.5074,,,,,,,,,,,,,,Thailand,CO2
AIM/Hub-Thailand 2.2,EN_NP_CNDC,THA,Emissions|CO2|Energy|Demand,Mt CO2/yr,,,,,,,155.4521,,,,,177.0467,,176.7649,,,,,184.3818,179.3161,190.4676,199.7229,206.4755,209.5429,,,,,,,,,,,,,,Thailand,CO2
AIM/Hub-Thailand 2.2,EN_NP_CNDC,THA,Emissions|CO2|Energy|Demand|AFOFI,Mt CO2/yr,,,,,,,12.7059,,,,,15.3553,,15.1398,,,,,14.5053,13.3146,12.5524,11.6736,10.7615,9.8762,,,,,,,,,,,,,,Thailand,CO2
AIM/Hub-Thailand 2.2,EN_NP_CNDC,THA,Emissions|CO2|Energy|Demand|Industry,Mt CO2/yr,,,,,,,83.6637,,,,,93.6697,,92.8183,,,,,93.0501,82.9454,87.0815,91.5442,97.1878,104.2021,,,,,,,,,,,,,,Thailand,CO2
AIM/Hub-Thailand 2.2,EN_NP_CNDC,THA,Emissions|CO2|Energy|Demand|Residential and Commercial|Commercial,Mt CO2/yr,,,,,,,0.5503,,,,,0.3947,,0.323,,,,,0.2285,0.0836,0.0589,0.0422,0.0324,0.0264,,,,,,,,,,,,,,Thailand,CO2
AIM/Hub-Thailand 2.2,EN_NP_CNDC,THA,Emissions|CO2|Energy|Demand|Residential and Commercial|Residential,Mt CO2/yr,,,,,,,0.0122,,,,,0.0047,,0.0046,,,,,0.0046,0.0043,0.0043,0.0042,0.0041,0.0041,,,,,,,,,,,,,,Thailand,CO2
AIM/Hub-Thailand 2.2,EN_NP_CNDC,THA,Emissions|CO2|Energy|Demand|Transportation,Mt CO2/yr,,,,,,,58.5201,,,,,67.6223,,68.4791,,,,,76.5932,82.9682,90.7707,96.4587,98.4896,95.4342,,,,,,,,,,,,,,Thailand,CO2
AIM/Hub-Thailand 2.2,EN_NP_CNDC,THA,Emissions|CO2|Energy|Supply,Mt CO2/yr,,,,,,,138.594,,,,,149.3989,,145.2905,,,,,140.5165,138.3024,140.48,135.9675,121.8265,94.2295,,,,,,,,,,,,,,Thailand,CO2
AIM/Hub-Thailand 2.2,EN_NP_CNDC,THA,Emissions|CO2|Energy|Supply|Electricity,Mt CO2/yr,,,,,,,97.8327,,,,,106.9721,,103.706,,,,,106.6553,111.8235,114.293,110.2168,96.6741,69.9362,,,,,,,,,,,,,,Thailand,CO2
AIM/Hub-Thailand 2.2,EN_NP_CNDC,THA,Emissions|CO2|Industrial Processes,Mt CO2/yr,,,,,,,21.9777,,,,,22.1046,,22.3902,,,,,21.6433,20.066,21.157,22.273,23.4483,24.735,,,,,,,,,,,,,,Thailand,CO2
AIM/Hub-Thailand 2.2,EN_NP_CNDC,THA,Emissions|N2O|AFOLU,kt N2O/yr,,,,,,,49.257,,,,,51.4215,,52.536,,,,,49.5687,44.2328,43.6957,42.7858,41.6886,40.5828,,,,,,,,,,,,,,Thailand,N2O
AIM/Hub-Thailand 2.2,EN_NP_CNDC,THA,Emissions|N2O|AFOLU|Agriculture,kt N2O/yr,,,,,,,38.4836,,,,,40.2121,,41.0921,,,,,38.7356,34.782,34.5219,33.9403,33.1788,32.3836,,,,,,,,,,,,,,Thailand,N2O
AIM/Hub-Thailand 2.2,EN_NP_CurPol,THA,Emissions|CH4|AFOLU,Mt CH4/yr,,,,,,,2.7842,,,,,2.8339,,2.8634,,,,,2.8673,2.8376,2.762,2.6547,2.5332,2.4083,,,,,,,,,,,,,,Thailand,CH4
AIM/Hub-Thailand 2.2,EN_NP_CurPol,THA,Emissions|CH4|AFOLU|Agriculture,Mt CH4/yr,,,,,,,2.5619,,,,,2.61,,2.6392,,,,,2.6437,2.6157,2.543,2.4399,2.3234,2.2034,,,,,,,,,,,,,,Thailand,CH4
AIM/Hub-Thailand 2.2,EN_NP_CurPol,THA,Emissions|CH4|Energy|Demand|Industry,Mt CH4/yr,,,,,,,0.0109,,,,,0.0114,,0.0121,,,,,0.0127,0.0133,0.014,0.0146,0.0151,0.0157,,,,,,,,,,,,,,Thailand,CH4
AIM/Hub-Thailand 2.2,EN_NP_CurPol,THA,Emissions|CH4|Energy|Demand|Transportation,Mt CH4/yr,,,,,,,0.015,,,,,0.0172,,0.0192,,,,,0.0214,0.0236,0.0256,0.027,0.0272,0.0256,,,,,,,,,,,,,,Thailand,CH4
AIM/Hub-Thailand 2.2,EN_NP_CurPol,THA,Emissions|CH4|Energy|Supply,Mt CH4/yr,,,,,,,0.864,,,,,0.8739,,0.8657,,,,,0.8686,0.8745,0.8808,0.8861,0.8905,0.8955,,,,,,,,,,,,,,Thailand,CH4
AIM/Hub-Thailand 2.2,EN_NP_CurPol,THA,Emissions|CO2|AFOLU,Mt CO2/yr,,,,,,,16.4343,,,,,17.3199,,14.2637,,,,,11.9168,8.8734,5.319,1.1733,-3.3627,-7.9512,,,,,,,,,,,,,,Thailand,CO2
AIM/Hub-Thailand 2.2,EN_NP_CurPol,THA,Emissions|CO2|Energy and Industrial Processes,Mt CO2/yr,,,,,,,316.0238,,,,,348.6301,,371.3322,,,,,398.2539,425.5577,454.2909,480.7811,503.8392,523.8363,,,,,,,,,,,,,,Thailand,CO2
AIM/Hub-Thailand 2.2,EN_NP_CurPol,THA,Emissions|CO2|Energy|Demand,Mt CO2/yr,,,,,,,155.4521,,,,,177.0877,,190.2447,,,,,206.358,222.4832,239.5186,254.5878,266.0086,272.9191,,,,,,,,,,,,,,Thailand,CO2
AIM/Hub-Thailand 2.2,EN_NP_CurPol,THA,Emissions|CO2|Energy|Demand|AFOFI,Mt CO2/yr,,,,,,,12.7059,,,,,15.2965,,14.7477,,,,,14.2809,13.6906,13.0004,12.1839,11.3219,10.4808,,,,,,,,,,,,,,Thailand,CO2
AIM/Hub-Thailand 2.2,EN_NP_CurPol,THA,Emissions|CO2|Energy|Demand|Industry,Mt CO2/yr,,,,,,,83.6637,,,,,93.7695,,99.0976,,,,,106.0644,113.0422,121.2129,129.4336,137.7382,146.8098,,,,,,,,,,,,,,Thailand,CO2
AIM/Hub-Thailand 2.2,EN_NP_CurPol,THA,Emissions|CO2|Energy|Demand|Residential and Commercial|Commercial,Mt CO2/yr,,,,,,,0.5503,,,,,0.3946,,0.3373,,,,,0.2888,0.2421,0.2046,0.1724,0.1459,0.1254,,,,,,,,,,,,,,Thailand,CO2
AIM/Hub-Thailand 2.2,EN_NP_CurPol,THA,Emissions|CO2|Energy|Demand|Residential and Commercial|Residential,Mt CO2/yr,,,,,,,0.0122,,,,,0.0047,,0.0048,,,,,0.0049,0.0049,0.0048,0.0047,0.0046,0.0045,,,,,,,,,,,,,,Thailand,CO2
AIM/Hub-Thailand 2.2,EN_NP_CurPol,THA,Emissions|CO2|Energy|Demand|Transportation,Mt CO2/yr,,,,,,,58.5201,,,,,67.6224,,76.0573,,,,,85.7191,95.5035,105.0959,112.7932,116.7981,115.4987,,,,,,,,,,,,,,Thailand,CO2
AIM/Hub-Thailand 2.2,EN_NP_CurPol,THA,Emissions|CO2|Energy|Supply,Mt CO2/yr,,,,,,,138.594,,,,,149.3649,,157.2005,,,,,166.2249,175.5605,185.2882,194.6966,204.2649,215.1316,,,,,,,,,,,,,,Thailand,CO2
AIM/Hub-Thailand 2.2,EN_NP_CurPol,THA,Emissions|CO2|Energy|Supply|Electricity,Mt CO2/yr,,,,,,,97.8327,,,,,106.9627,,114.6637,,,,,122.9856,131.5075,140.2431,148.718,157.4251,167.4122,,,,,,,,,,,,,,Thailand,CO2
AIM/Hub-Thailand 2.2,EN_NP_CurPol,THA,Emissions|CO2|Industrial Processes,Mt CO2/yr,,,,,,,21.9777,,,,,22.1775,,23.8871,,,,,25.671,27.514,29.4841,31.4967,33.5657,35.7855,,,,,,,,,,,,,,Thailand,CO2
AIM/Hub-Thailand 2.2,EN_NP_CurPol,THA,Emissions|N2O|AFOLU,kt N2O/yr,,,,,,,49.257,,,,,51.4546,,53.3612,,,,,54.8999,56.045,56.6262,56.6019,56.2097,55.6839,,,,,,,,,,,,,,Thailand,N2O
AIM/Hub-Thailand 2.2,EN_NP_CurPol,THA,Emissions|N2O|AFOLU|Agriculture,kt N2O/yr,,,,,,,38.4836,,,,,40.2332,,41.6371,,,,,42.7339,43.5103,43.8083,43.6134,43.1187,42.5116,,,,,,,,,,,,,,Thailand,N2O
AIM/Hub-Thailand 2.2,EN_NP_UNDC,THA,Emissions|CH4|AFOLU,Mt CH4/yr,,,,,,,2.7842,,,,,2.8328,,2.8335,,,,,2.7045,2.2548,2.0476,1.8288,1.6175,1.423,,,,,,,,,,,,,,Thailand,CH4
AIM/Hub-Thailand 2.2,EN_NP_UNDC,THA,Emissions|CH4|AFOLU|Agriculture,Mt CH4/yr,,,,,,,2.5619,,,,,2.609,,2.6111,,,,,2.4944,2.0842,1.8955,1.6951,1.5011,1.3225,,,,,,,,,,,,,,Thailand,CH4
AIM/Hub-Thailand 2.2,EN_NP_UNDC,THA,Emissions|CH4|Energy|Demand|Industry,Mt CH4/yr,,,,,,,0.0109,,,,,0.0114,,0.011,,,,,0.0115,0.0117,0.0122,0.0126,0.0131,0.0136,,,,,,,,,,,,,,Thailand,CH4
AIM/Hub-Thailand 2.2,EN_NP_UNDC,THA,Emissions|CH4|Energy|Demand|Transportation,Mt CH4/yr,,,,,,,0.015,,,,,0.0172,,0.0173,,,,,0.0193,0.0209,0.0226,0.0237,0.0236,0.022,,,,,,,,,,,,,,Thailand,CH4
AIM/Hub-Thailand 2.2,EN_NP_UNDC,THA,Emissions|CH4|Energy|Supply,Mt CH4/yr,,,,,,,0.864,,,,,0.8742,,0.8534,,,,,0.7206,0.48,0.4339,0.3873,0.3368,0.2845,,,,,,,,,,,,,,Thailand,CH4
AIM/Hub-Thailand 2.2,EN_NP_UNDC,THA,Emissions|CO2|AFOLU,Mt CO2/yr,,,,,,,16.4343,,,,,17.25,,14.2831,,,,,11.0437,5.9199,0.3432,-5.6137,-10.4933,-14.7543,,,,,,,,,,,,,,Thailand,CO2
AIM/Hub-Thailand 2.2,EN_NP_UNDC,THA,Emissions|CO2|Energy and Industrial Processes,Mt CO2/yr,,,,,,,316.0238,,,,,348.5502,,344.4455,,,,,353.3074,349.1589,364.7948,372.4495,366.7621,347.7924,,,,,,,,,,,,,,Thailand,CO2
AIM/Hub-Thailand 2.2,EN_NP_UNDC,THA,Emissions|CO2|Energy|Demand,Mt CO2/yr,,,,,,,155.4521,,,,,177.0467,,176.7649,,,,,187.8031,188.055,200.1886,210.7253,218.9607,224.2278,,,,,,,,,,,,,,Thailand,CO2
AIM/Hub-Thailand 2.2,EN_NP_UNDC,THA,Emissions|CO2|Energy|Demand|AFOFI,Mt CO2/yr,,,,,,,12.7059,,,,,15.3553,,15.1398,,,,,14.5998,13.6269,12.8937,12.0355,11.1394,10.272,,,,,,,,,,,,,,Thailand,CO2
AIM/Hub-Thailand 2.2,EN_NP_UNDC,THA,Emissions|CO2|Energy|Demand|Industry,Mt CO2/yr,,,,,,,83.6637,,,,,93.6697,,92.8183,,,,,96.0485,90.1374,94.9038,100.1775,106.7297,115.1172,,,,,,,,,,,,,,Thailand,CO2
AIM/Hub-Thailand 2.2,EN_NP_UNDC,THA,Emissions|CO2|Energy|Demand|Residential and Commercial|Commercial,Mt CO2/yr,,,,,,,0.5503,,,,,0.3947,,0.323,,,,,0.2536,0.1279,0.0952,0.0723,0.0573,0.0477,,,,,,,,,,,,,,Thailand,CO2
AIM/Hub-Thailand 2.2,EN_NP_UNDC,THA,Emissions|CO2|Energy|Demand|Residential and Commercial|Residential,Mt CO2/yr,,,,,,,0.0122,,,,,0.0047,,0.0046,,,,,0.0047,0.0045,0.0045,0.0044,0.0044,0.0044,,,,,,,,,,,,,,Thailand,CO2
AIM/Hub-Thailand 2.2,EN_NP_UNDC,THA,Emissions|CO2|Energy|Demand|Transportation,Mt CO2/yr,,,,,,,58.5201,,,,,67.6223,,68.4791,,,,,76.8964,84.1584,92.2914,98.4357,101.03,98.7865,,,,,,,,,,,,,,Thailand,CO2
AIM/Hub-Thailand 2.2,EN_NP_UNDC,THA,Emissions|CO2|Energy|Supply,Mt CO2/yr,,,,,,,138.594,,,,,149.3989,,145.2905,,,,,142.8663,139.8781,142.2194,138.149,122.9828,97.3789,,,,,,,,,,,,,,Thailand,CO2
AIM/Hub-Thailand 2.2,EN_NP_UNDC,THA,Emissions|CO2|Energy|Supply|Electricity,Mt CO2/yr,,,,,,,97.8327,,,,,106.9721,,103.706,,,,,105.9569,110.749,113.4508,109.814,95.3622,70.6226,,,,,,,,,,,,,,Thailand,CO2
AIM/Hub-Thailand 2.2,EN_NP_UNDC,THA,Emissions|CO2|Industrial Processes,Mt CO2/yr,,,,,,,21.9777,,,,,22.1046,,22.3902,,,,,22.6381,21.2258,22.3868,23.5751,24.8186,26.1857,,,,,,,,,,,,,,Thailand,CO2
AIM/Hub-Thailand 2.2,EN_NP_UNDC,THA,Emissions|N2O|AFOLU,kt N2O/yr,,,,,,,49.257,,,,,51.4215,,52.536,,,,,51.5015,46.6079,46.1973,45.3263,44.2217,43.0848,,,,,,,,,,,,,,Thailand,N2O
AIM/Hub-Thailand 2.2,EN_NP_UNDC,THA,Emissions|N2O|AFOLU|Agriculture,kt N2O/yr,,,,,,,38.4836,,,,,40.2121,,41.0921,,,,,40.2256,36.5939,36.4034,35.8309,35.0531,34.231,,,,,,,,,,,,,,Thailand,N2O
AIM/Hub-Thailand 2.2,NDCCon2030_-100pc2050,THA,Carbon Sequestration|CCS|Biomass,Mt CO2/yr,,,,,,,0.0,,,,,0.0,,0.0,,,,,0.0,0.0,0.4854,8.3363,66.243,152.1381,,,,,,,,,,,,,,Thailand,
AIM/Hub-Thailand 2.2,NDCCon2030_-100pc2050,THA,Carbon Sequestration|CCS|Biomass|Energy|Supply,Mt CO2/yr,,,,,,,0.0,,,,,0.0,,0.0,,,,,0.0,0.0,0.4854,8.3363,66.243,152.1381,,,,,,,,,,,,,,Thailand,
AIM/Hub-Thailand 2.2,NDCCon2030_-100pc2050,THA,Carbon Sequestration|CCS|Biomass|Energy|Supply|Electricity,Mt CO2/yr,,,,,,,0.0,,,,,0.0,,0.0,,,,,0.0,0.0,0.2564,5.7724,61.1904,145.0845,,,,,,,,,,,,,,Thailand,
AIM/Hub-Thailand 2.2,NDCCon2030_-100pc2050,THA,Carbon Sequestration|CCS|Biomass|Energy|Supply|Liquids,Mt CO2/yr,,,,,,,0.0,,,,,0.0,,0.0,,,,,0.0,0.0,0.229,2.5639,5.0526,7.0536,,,,,,,,,,,,,,Thailand,
AIM/Hub-Thailand 2.2,NDCCon2030_-100pc2050,THA,Emissions|CH4|AFOLU,Mt CH4/yr,,,,,,,2.7842,,,,,2.8339,,2.8601,,,,,2.4355,1.9009,1.2894,0.9274,0.7832,0.7384,,,,,,,,,,,,,,Thailand,CH4
AIM/Hub-Thailand 2.2,NDCCon2030_-100pc2050,THA,Emissions|CH4|AFOLU|Agriculture,Mt CH4/yr,,,,,,,2.5619,,,,,2.61,,2.6361,,,,,2.2469,1.7568,1.1933,0.8602,0.7293,0.6894,,,,,,,,,,,,,,Thailand,CH4
AIM/Hub-Thailand 2.2,NDCCon2030_-100pc2050,THA,Emissions|CH4|Energy|Demand|Industry,Mt CH4/yr,,,,,,,0.0109,,,,,0.0114,,0.0121,,,,,0.0124,0.0123,0.0114,0.0105,0.0103,0.011,,,,,,,,,,,,,,Thailand,CH4
AIM/Hub-Thailand 2.2,NDCCon2030_-100pc2050,THA,Emissions|CH4|Energy|Demand|Transportation,Mt CH4/yr,,,,,,,0.015,,,,,0.0172,,0.0192,,,,,0.021,0.022,0.0194,0.015,0.0136,0.0141,,,,,,,,,,,,,,Thailand,CH4
AIM/Hub-Thailand 2.2,NDCCon2030_-100pc2050,THA,Emissions|CH4|Energy|Supply,Mt CH4/yr,,,,,,,0.864,,,,,0.8739,,0.8627,,,,,0.5241,0.3295,0.1843,0.1254,0.1117,0.1139,,,,,,,,,,,,,,Thailand,CH4
AIM/Hub-Thailand 2.2,NDCCon2030_-100pc2050,THA,Emissions|CO2|AFOLU,Mt CO2/yr,,,,,,,16.4343,,,,,17.3199,,14.2326,,,,,9.3379,2.8089,-7.5571,-18.9634,-23.5817,-28.5589,,,,,,,,,,,,,,Thailand,CO2
AIM/Hub-Thailand 2.2,NDCCon2030_-100pc2050,THA,Emissions|CO2|Energy and Industrial Processes,Mt CO2/yr,,,,,,,316.0238,,,,,348.6301,,367.1072,,,,,357.34,342.4159,271.2028,189.7685,92.5417,-8.5725,,,,,,,,,,,,,,Thailand,CO2
AIM/Hub-Thailand 2.2,NDCCon2030_-100pc2050,THA,Emissions|CO2|Energy|Demand,Mt CO2/yr,,,,,,,155.4521,,,,,177.0877,,190.9527,,,,,190.6692,180.0524,144.6357,103.6141,89.7839,101.3349,,,,,,,,,,,,,,Thailand,CO2
AIM/Hub-Thailand 2.2,NDCCon2030_-100pc2050,THA,Emissions|CO2|Energy|Demand|AFOFI,Mt CO2/yr,,,,,,,12.7059,,,,,15.2965,,14.7513,,,,,13.8568,12.3187,9.2234,6.7031,5.7298,5.9574,,,,,,,,,,,,,,Thailand,CO2
AIM/Hub-Thailand 2.2,NDCCon2030_-100pc2050,THA,Emissions|CO2|Energy|Demand|Industry,Mt CO2/yr,,,,,,,83.6637,,,,,93.7695,,99.8465,,,,,92.6058,78.6283,55.2915,32.4298,22.0153,26.473,,,,,,,,,,,,,,Thailand,CO2
AIM/Hub-Thailand 2.2,NDCCon2030_-100pc2050,THA,Emissions|CO2|Energy|Demand|Residential and Commercial|Commercial,Mt CO2/yr,,,,,,,0.5503,,,,,0.3946,,0.3492,,,,,0.1782,0.0376,0.0034,0.0006,0.0003,0.0005,,,,,,,,,,,,,,Thailand,CO2
AIM/Hub-Thailand 2.2,NDCCon2030_-100pc2050,THA,Emissions|CO2|Energy|Demand|Residential and Commercial|Residential,Mt CO2/yr,,,,,,,0.0122,,,,,0.0047,,0.0048,,,,,0.0047,0.0042,0.0028,0.0015,0.001,0.0012,,,,,,,,,,,,,,Thailand,CO2
AIM/Hub-Thailand 2.2,NDCCon2030_-100pc2050,THA,Emissions|CO2|Energy|Demand|Transportation,Mt CO2/yr,,,,,,,58.5201,,,,,67.6224,,76.0009,,,,,84.0238,89.0636,80.1145,64.479,62.0375,68.9029,,,,,,,,,,,,,,Thailand,CO2
AIM/Hub-Thailand 2.2,NDCCon2030_-100pc2050,THA,Emissions|CO2|Energy|Supply,Mt CO2/yr,,,,,,,138.594,,,,,149.3649,,152.2723,,,,,145.2836,142.5254,108.7206,71.9633,-10.2273,-125.1319,,,,,,,,,,,,,,Thailand,CO2
AIM/Hub-Thailand 2.2,NDCCon2030_-100pc2050,THA,Emissions|CO2|Energy|Supply|Electricity,Mt CO2/yr,,,,,,,97.8327,,,,,106.9627,,109.7546,,,,,114.9605,118.415,92.3406,62.5489,-15.4993,-128.0291,,,,,,,,,,,,,,Thailand,CO2
AIM/Hub-Thailand 2.2,NDCCon2030_-100pc2050,THA,Emissions|CO2|Industrial Processes,Mt CO2/yr,,,,,,,21.9777,,,,,22.1775,,23.8821,,,,,21.3872,19.8382,17.8466,14.1911,12.9851,15.2245,,,,,,,,,,,,,,Thailand,CO2
AIM/Hub-Thailand 2.2,NDCCon2030_-100pc2050,THA,Emissions|N2O|AFOLU,kt N2O/yr,,,,,,,49.257,,,,,51.4546,,53.3006,,,,,46.9449,41.588,35.345,31.5255,30.2772,30.8493,,,,,,,,,,,,,,Thailand,N2O
AIM/Hub-Thailand 2.2,NDCCon2030_-100pc2050,THA,Emissions|N2O|AFOLU|Agriculture,kt N2O/yr,,,,,,,38.4836,,,,,40.2332,,41.5889,,,,,36.6055,32.672,28.1454,25.3348,24.3481,24.736,,,,,,,,,,,,,,Thailand,N2O
AIM/Hub-Thailand 2.2,NDCCon2030_-30pc2050,THA,Carbon Sequestration|CCS|Biomass,Mt CO2/yr,,,,,,,0.0,,,,,0.0,,0.0,,,,,0.0,0.0,0.0,0.0,0.2493,0.7324,,,,,,,,,,,,,,Thailand,
AIM/Hub-Thailand 2.2,NDCCon2030_-30pc2050,THA,Carbon Sequestration|CCS|Biomass|Energy|Supply,Mt CO2/yr,,,,,,,0.0,,,,,0.0,,0.0,,,,,0.0,0.0,0.0,0.0,0.2493,0.7324,,,,,,,,,,,,,,Thailand,
AIM/Hub-Thailand 2.2,NDCCon2030_-30pc2050,THA,Carbon Sequestration|CCS|Biomass|Energy|Supply|Electricity,Mt CO2/yr,,,,,,,0.0,,,,,0.0,,0.0,,,,,0.0,0.0,0.0,0.0,0.2015,0.65,,,,,,,,,,,,,,Thailand,
AIM/Hub-Thailand 2.2,NDCCon2030_-30pc2050,THA,Carbon Sequestration|CCS|Biomass|Energy|Supply|Liquids,Mt CO2/yr,,,,,,,0.0,,,,,0.0,,0.0,,,,,0.0,0.0,0.0,0.0,0.0477,0.0824,,,,,,,,,,,,,,Thailand,
AIM/Hub-Thailand 2.2,NDCCon2030_-30pc2050,THA,Emissions|CH4|AFOLU,Mt CH4/yr,,,,,,,2.7842,,,,,2.8339,,2.8601,,,,,2.4355,1.9009,1.5497,1.3077,1.1444,1.0208,,,,,,,,,,,,,,Thailand,CH4
AIM/Hub-Thailand 2.2,NDCCon2030_-30pc2050,THA,Emissions|CH4|AFOLU|Agriculture,Mt CH4/yr,,,,,,,2.5619,,,,,2.61,,2.6361,,,,,2.2469,1.7568,1.4352,1.2139,1.0652,0.9525,,,,,,,,,,,,,,Thailand,CH4
AIM/Hub-Thailand 2.2,NDCCon2030_-30pc2050,THA,Emissions|CH4|Energy|Demand|Industry,Mt CH4/yr,,,,,,,0.0109,,,,,0.0114,,0.0121,,,,,0.0124,0.0123,0.0124,0.0127,0.013,0.0135,,,,,,,,,,,,,,Thailand,CH4
AIM/Hub-Thailand 2.2,NDCCon2030_-30pc2050,THA,Emissions|CH4|Energy|Demand|Transportation,Mt CH4/yr,,,,,,,0.015,,,,,0.0172,,0.0192,,,,,0.021,0.022,0.0229,0.0233,0.0228,0.0212,,,,,,,,,,,,,,Thailand,CH4
AIM/Hub-Thailand 2.2,NDCCon2030_-30pc2050,THA,Emissions|CH4|Energy|Supply,Mt CH4/yr,,,,,,,0.864,,,,,0.8739,,0.8627,,,,,0.5241,0.3295,0.2589,0.2203,0.1926,0.1651,,,,,,,,,,,,,,Thailand,CH4
AIM/Hub-Thailand 2.2,NDCCon2030_-30pc2050,THA,Emissions|CO2|AFOLU,Mt CO2/yr,,,,,,,16.4343,,,,,17.3199,,14.2326,,,,,9.3379,2.8089,-6.6828,-16.846,-24.371,-28.2096,,,,,,,,,,,,,,Thailand,CO2
AIM/Hub-Thailand 2.2,NDCCon2030_-30pc2050,THA,Emissions|CO2|Energy and Industrial Processes,Mt CO2/yr,,,,,,,316.0238,,,,,348.6301,,367.1072,,,,,357.34,342.4159,339.2994,332.2593,319.7555,302.2722,,,,,,,,,,,,,,Thailand,CO2
AIM/Hub-Thailand 2.2,NDCCon2030_-30pc2050,THA,Emissions|CO2|Energy|Demand,Mt CO2/yr,,,,,,,155.4521,,,,,177.0877,,190.9527,,,,,190.6692,180.0524,181.1729,185.5974,190.7074,195.8436,,,,,,,,,,,,,,Thailand,CO2
AIM/Hub-Thailand 2.2,NDCCon2030_-30pc2050,THA,Emissions|CO2|Energy|Demand|AFOFI,Mt CO2/yr,,,,,,,12.7059,,,,,15.2965,,14.7513,,,,,13.8568,12.3187,11.0297,9.9967,9.1924,8.5258,,,,,,,,,,,,,,Thailand,CO2
AIM/Hub-Thailand 2.2,NDCCon2030_-30pc2050,THA,Emissions|CO2|Energy|Demand|Industry,Mt CO2/yr,,,,,,,83.6637,,,,,93.7695,,99.8465,,,,,92.6058,78.6283,76.04,77.5662,82.5011,90.4058,,,,,,,,,,,,,,Thailand,CO2
AIM/Hub-Thailand 2.2,NDCCon2030_-30pc2050,THA,Emissions|CO2|Energy|Demand|Residential and Commercial|Commercial,Mt CO2/yr,,,,,,,0.5503,,,,,0.3946,,0.3492,,,,,0.1782,0.0376,0.0154,0.0103,0.0091,0.0091,,,,,,,,,,,,,,Thailand,CO2
AIM/Hub-Thailand 2.2,NDCCon2030_-30pc2050,THA,Emissions|CO2|Energy|Demand|Residential and Commercial|Residential,Mt CO2/yr,,,,,,,0.0122,,,,,0.0047,,0.0048,,,,,0.0047,0.0042,0.0038,0.0036,0.0035,0.0034,,,,,,,,,,,,,,Thailand,CO2
AIM/Hub-Thailand 2.2,NDCCon2030_-30pc2050,THA,Emissions|CO2|Energy|Demand|Transportation,Mt CO2/yr,,,,,,,58.5201,,,,,67.6224,,76.0009,,,,,84.0238,89.0636,94.084,98.0206,99.0014,96.8994,,,,,,,,,,,,,,Thailand,CO2
AIM/Hub-Thailand 2.2,NDCCon2030_-30pc2050,THA,Emissions|CO2|Energy|Supply,Mt CO2/yr,,,,,,,138.594,,,,,149.3649,,152.2723,,,,,145.2836,142.5254,137.9307,125.4945,106.5816,82.3683,,,,,,,,,,,,,,Thailand,CO2
AIM/Hub-Thailand 2.2,NDCCon2030_-30pc2050,THA,Emissions|CO2|Energy|Supply|Electricity,Mt CO2/yr,,,,,,,97.8327,,,,,106.9627,,109.7546,,,,,114.9605,118.415,115.4673,103.4374,84.556,60.531,,,,,,,,,,,,,,Thailand,CO2
AIM/Hub-Thailand 2.2,NDCCon2030_-30pc2050,THA,Emissions|CO2|Industrial Processes,Mt CO2/yr,,,,,,,21.9777,,,,,22.1775,,23.8821,,,,,21.3872,19.8382,20.1958,21.1675,22.4665,24.0603,,,,,,,,,,,,,,Thailand,CO2
AIM/Hub-Thailand 2.2,NDCCon2030_-30pc2050,THA,Emissions|N2O|AFOLU,kt N2O/yr,,,,,,,49.257,,,,,51.4546,,53.3006,,,,,46.9449,41.588,39.1708,37.7605,37.1096,36.8009,,,,,,,,,,,,,,Thailand,N2O
AIM/Hub-Thailand 2.2,NDCCon2030_-30pc2050,THA,Emissions|N2O|AFOLU|Agriculture,kt N2O/yr,,,,,,,38.4836,,,,,40.2332,,41.5889,,,,,36.6055,32.672,30.9669,29.9799,29.5744,29.399,,,,,,,,,,,,,,Thailand,N2O
AIM/Hub-Thailand 2.2,NDCCon2030_-40pc2050,THA,Carbon Sequestration|CCS|Biomass,Mt CO2/yr,,,,,,,0.0,,,,,0.0,,0.0,,,,,0.0,0.0,0.0,0.1507,0.8919,3.5,,,,,,,,,,,,,,Thailand,
AIM/Hub-Thailand 2.2,NDCCon2030_-40pc2050,THA,Carbon Sequestration|CCS|Biomass|Energy|Supply,Mt CO2/yr,,,,,,,0.0,,,,,0.0,,0.0,,,,,0.0,0.0,0.0,0.1507,0.8919,3.5,,,,,,,,,,,,,,Thailand,
AIM/Hub-Thailand 2.2,NDCCon2030_-40pc2050,THA,Carbon Sequestration|CCS|Biomass|Energy|Supply|Electricity,Mt CO2/yr,,,,,,,0.0,,,,,0.0,,0.0,,,,,0.0,0.0,0.0,0.1053,0.7152,3.1204,,,,,,,,,,,,,,Thailand,
AIM/Hub-Thailand 2.2,NDCCon2030_-40pc2050,THA,Carbon Sequestration|CCS|Biomass|Energy|Supply|Liquids,Mt CO2/yr,,,,,,,0.0,,,,,0.0,,0.0,,,,,0.0,0.0,0.0,0.0454,0.1767,0.3796,,,,,,,,,,,,,,Thailand,
AIM/Hub-Thailand 2.2,NDCCon2030_-40pc2050,THA,Emissions|CH4|AFOLU,Mt CH4/yr,,,,,,,2.7842,,,,,2.8339,,2.8601,,,,,2.4355,1.9009,1.5079,1.2577,1.0854,0.957,,,,,,,,,,,,,,Thailand,CH4
AIM/Hub-Thailand 2.2,NDCCon2030_-40pc2050,THA,Emissions|CH4|AFOLU|Agriculture,Mt CH4/yr,,,,,,,2.5619,,,,,2.61,,2.6361,,,,,2.2469,1.7568,1.3964,1.1675,1.0103,0.8932,,,,,,,,,,,,,,Thailand,CH4
AIM/Hub-Thailand 2.2,NDCCon2030_-40pc2050,THA,Emissions|CH4|Energy|Demand|Industry,Mt CH4/yr,,,,,,,0.0109,,,,,0.0114,,0.0121,,,,,0.0124,0.0123,0.0123,0.0125,0.0128,0.0132,,,,,,,,,,,,,,Thailand,CH4
AIM/Hub-Thailand 2.2,NDCCon2030_-40pc2050,THA,Emissions|CH4|Energy|Demand|Transportation,Mt CH4/yr,,,,,,,0.015,,,,,0.0172,,0.0192,,,,,0.021,0.022,0.0225,0.0227,0.022,0.0202,,,,,,,,,,,,,,Thailand,CH4
AIM/Hub-Thailand 2.2,NDCCon2030_-40pc2050,THA,Emissions|CH4|Energy|Supply,Mt CH4/yr,,,,,,,0.864,,,,,0.8739,,0.8627,,,,,0.5241,0.3295,0.2467,0.207,0.1798,0.1523,,,,,,,,,,,,,,Thailand,CH4
AIM/Hub-Thailand 2.2,NDCCon2030_-40pc2050,THA,Emissions|CO2|AFOLU,Mt CO2/yr,,,,,,,16.4343,,,,,17.3199,,14.2326,,,,,9.3379,2.8089,-6.8506,-17.4998,-25.7249,-30.3983,,,,,,,,,,,,,,Thailand,CO2
AIM/Hub-Thailand 2.2,NDCCon2030_-40pc2050,THA,Emissions|CO2|Energy and Industrial Processes,Mt CO2/yr,,,,,,,316.0238,,,,,348.6301,,367.1072,,,,,357.34,342.4159,329.8138,312.0513,288.9808,260.9826,,,,,,,,,,,,,,Thailand,CO2
AIM/Hub-Thailand 2.2,NDCCon2030_-40pc2050,THA,Emissions|CO2|Energy|Demand,Mt CO2/yr,,,,,,,155.4521,,,,,177.0877,,190.9527,,,,,190.6692,180.0524,176.7832,178.721,181.3871,183.2036,,,,,,,,,,,,,,Thailand,CO2
AIM/Hub-Thailand 2.2,NDCCon2030_-40pc2050,THA,Emissions|CO2|Energy|Demand|AFOFI,Mt CO2/yr,,,,,,,12.7059,,,,,15.2965,,14.7513,,,,,13.8568,12.3187,10.8092,9.6933,8.8371,8.125,,,,,,,,,,,,,,Thailand,CO2
AIM/Hub-Thailand 2.2,NDCCon2030_-40pc2050,THA,Emissions|CO2|Energy|Demand|Industry,Mt CO2/yr,,,,,,,83.6637,,,,,93.7695,,99.8465,,,,,92.6058,78.6283,73.335,73.459,76.7868,82.0743,,,,,,,,,,,,,,Thailand,CO2
AIM/Hub-Thailand 2.2,NDCCon2030_-40pc2050,THA,Emissions|CO2|Energy|Demand|Residential and Commercial|Commercial,Mt CO2/yr,,,,,,,0.5503,,,,,0.3946,,0.3492,,,,,0.1782,0.0376,0.0123,0.0079,0.0067,0.0063,,,,,,,,,,,,,,Thailand,CO2
AIM/Hub-Thailand 2.2,NDCCon2030_-40pc2050,THA,Emissions|CO2|Energy|Demand|Residential and Commercial|Residential,Mt CO2/yr,,,,,,,0.0122,,,,,0.0047,,0.0048,,,,,0.0047,0.0042,0.0037,0.0034,0.0032,0.0031,,,,,,,,,,,,,,Thailand,CO2
AIM/Hub-Thailand 2.2,NDCCon2030_-40pc2050,THA,Emissions|CO2|Energy|Demand|Transportation,Mt CO2/yr,,,,,,,58.5201,,,,,67.6224,,76.0009,,,,,84.0238,89.0636,92.623,95.5575,95.7533,92.9949,,,,,,,,,,,,,,Thailand,CO2
AIM/Hub-Thailand 2.2,NDCCon2030_-40pc2050,THA,Emissions|CO2|Energy|Supply,Mt CO2/yr,,,,,,,138.594,,,,,149.3649,,152.2723,,,,,145.2836,142.5254,133.1661,112.6176,85.6693,54.4201,,,,,,,,,,,,,,Thailand,CO2
AIM/Hub-Thailand 2.2,NDCCon2030_-40pc2050,THA,Emissions|CO2|Energy|Supply|Electricity,Mt CO2/yr,,,,,,,97.8327,,,,,106.9627,,109.7546,,,,,114.9605,118.415,111.3557,91.5815,64.8724,34.3102,,,,,,,,,,,,,,Thailand,CO2
AIM/Hub-Thailand 2.2,NDCCon2030_-40pc2050,THA,Emissions|CO2|Industrial Processes,Mt CO2/yr,,,,,,,21.9777,,,,,22.1775,,23.8821,,,,,21.3872,19.8382,19.8645,20.7128,21.9244,23.3589,,,,,,,,,,,,,,Thailand,CO2
AIM/Hub-Thailand 2.2,NDCCon2030_-40pc2050,THA,Emissions|N2O|AFOLU,kt N2O/yr,,,,,,,49.257,,,,,51.4546,,53.3006,,,,,46.9449,41.588,38.5293,36.9413,36.0473,35.5778,,,,,,,,,,,,,,Thailand,N2O
AIM/Hub-Thailand 2.2,NDCCon2030_-40pc2050,THA,Emissions|N2O|AFOLU|Agriculture,kt N2O/yr,,,,,,,38.4836,,,,,40.2332,,41.5889,,,,,36.6055,32.672,30.4814,29.361,28.7433,28.4447,,,,,,,,,,,,,,Thailand,N2O
AIM/Hub-Thailand 2.2,NDCCon2030_-50pc2050,THA,Carbon Sequestration|CCS|Biomass,Mt CO2/yr,,,,,,,0.0,,,,,0.0,,0.0,,,,,0.0,0.0,0.0,0.4919,3.9416,14.2806,,,,,,,,,,,,,,Thailand,
AIM/Hub-Thailand 2.2,NDCCon2030_-50pc2050,THA,Carbon Sequestration|CCS|Biomass|Energy|Supply,Mt CO2/yr,,,,,,,0.0,,,,,0.0,,0.0,,,,,0.0,0.0,0.0,0.4919,3.9416,14.2806,,,,,,,,,,,,,,Thailand,
AIM/Hub-Thailand 2.2,NDCCon2030_-50pc2050,THA,Carbon Sequestration|CCS|Biomass|Energy|Supply|Electricity,Mt CO2/yr,,,,,,,0.0,,,,,0.0,,0.0,,,,,0.0,0.0,0.0,0.3397,3.1366,12.7994,,,,,,,,,,,,,,Thailand,
AIM/Hub-Thailand 2.2,NDCCon2030_-50pc2050,THA,Carbon Sequestration|CCS|Biomass|Energy|Supply|Liquids,Mt CO2/yr,,,,,,,0.0,,,,,0.0,,0.0,,,,,0.0,0.0,0.0,0.1522,0.8051,1.4812,,,,,,,,,,,,,,Thailand,
AIM/Hub-Thailand 2.2,NDCCon2030_-50pc2050,THA,Emissions|CH4|AFOLU,Mt CH4/yr,,,,,,,2.7842,,,,,2.8339,,2.8601,,,,,2.4355,1.9009,1.4715,1.2119,1.0284,0.9091,,,,,,,,,,,,,,Thailand,CH4
AIM/Hub-Thailand 2.2,NDCCon2030_-50pc2050,THA,Emissions|CH4|AFOLU|Agriculture,Mt CH4/yr,,,,,,,2.5619,,,,,2.61,,2.6361,,,,,2.2469,1.7568,1.3626,1.1252,0.9573,0.8486,,,,,,,,,,,,,,Thailand,CH4
AIM/Hub-Thailand 2.2,NDCCon2030_-50pc2050,THA,Emissions|CH4|Energy|Demand|Industry,Mt CH4/yr,,,,,,,0.0109,,,,,0.0114,,0.0121,,,,,0.0124,0.0123,0.0122,0.0123,0.0124,0.0128,,,,,,,,,,,,,,Thailand,CH4
AIM/Hub-Thailand 2.2,NDCCon2030_-50pc2050,THA,Emissions|CH4|Energy|Demand|Transportation,Mt CH4/yr,,,,,,,0.015,,,,,0.0172,,0.0192,,,,,0.021,0.022,0.0222,0.0221,0.021,0.0193,,,,,,,,,,,,,,Thailand,CH4
AIM/Hub-Thailand 2.2,NDCCon2030_-50pc2050,THA,Emissions|CH4|Energy|Supply,Mt CH4/yr,,,,,,,0.864,,,,,0.8739,,0.8627,,,,,0.5241,0.3295,0.2363,0.195,0.1679,0.1433,,,,,,,,,,,,,,Thailand,CH4
AIM/Hub-Thailand 2.2,NDCCon2030_-50pc2050,THA,Emissions|CO2|AFOLU,Mt CO2/yr,,,,,,,16.4343,,,,,17.3199,,14.2326,,,,,9.3379,2.8089,-6.9899,-17.9222,-26.8476,-32.2879,,,,,,,,,,,,,,Thailand,CO2
AIM/Hub-Thailand 2.2,NDCCon2030_-50pc2050,THA,Emissions|CO2|Energy and Industrial Processes,Mt CO2/yr,,,,,,,316.0238,,,,,348.6301,,367.1072,,,,,357.34,342.4159,320.0454,291.4097,257.8801,218.6852,,,,,,,,,,,,,,Thailand,CO2
AIM/Hub-Thailand 2.2,NDCCon2030_-50pc2050,THA,Emissions|CO2|Energy|Demand,Mt CO2/yr,,,,,,,155.4521,,,,,177.0877,,190.9527,,,,,190.6692,180.0524,172.6923,171.3886,170.2403,171.2484,,,,,,,,,,,,,,Thailand,CO2
AIM/Hub-Thailand 2.2,NDCCon2030_-50pc2050,THA,Emissions|CO2|Energy|Demand|AFOFI,Mt CO2/yr,,,,,,,12.7059,,,,,15.2965,,14.7513,,,,,13.8568,12.3187,10.5986,9.3799,8.445,7.7738,,,,,,,,,,,,,,Thailand,CO2
AIM/Hub-Thailand 2.2,NDCCon2030_-50pc2050,THA,Emissions|CO2|Energy|Demand|Industry,Mt CO2/yr,,,,,,,83.6637,,,,,93.7695,,99.8465,,,,,92.6058,78.6283,70.896,69.1189,69.876,74.0811,,,,,,,,,,,,,,Thailand,CO2
AIM/Hub-Thailand 2.2,NDCCon2030_-50pc2050,THA,Emissions|CO2|Energy|Demand|Residential and Commercial|Commercial,Mt CO2/yr,,,,,,,0.5503,,,,,0.3946,,0.3492,,,,,0.1782,0.0376,0.0102,0.0061,0.0048,0.0044,,,,,,,,,,,,,,Thailand,CO2
AIM/Hub-Thailand 2.2,NDCCon2030_-50pc2050,THA,Emissions|CO2|Energy|Demand|Residential and Commercial|Residential,Mt CO2/yr,,,,,,,0.0122,,,,,0.0047,,0.0048,,,,,0.0047,0.0042,0.0036,0.0032,0.0029,0.0027,,,,,,,,,,,,,,Thailand,CO2
AIM/Hub-Thailand 2.2,NDCCon2030_-50pc2050,THA,Emissions|CO2|Energy|Demand|Transportation,Mt CO2/yr,,,,,,,58.5201,,,,,67.6224,,76.0009,,,,,84.0238,89.0636,91.184,92.8806,91.9116,89.3864,,,,,,,,,,,,,,Thailand,CO2
AIM/Hub-Thailand 2.2,NDCCon2030_-50pc2050,THA,Emissions|CO2|Energy|Supply,Mt CO2/yr,,,,,,,138.594,,,,,149.3649,,152.2723,,,,,145.2836,142.5254,127.7839,99.7507,66.2794,24.6512,,,,,,,,,,,,,,Thailand,CO2
AIM/Hub-Thailand 2.2,NDCCon2030_-50pc2050,THA,Emissions|CO2|Energy|Supply|Electricity,Mt CO2/yr,,,,,,,97.8327,,,,,106.9627,,109.7546,,,,,114.9605,118.415,106.5666,79.9628,47.9783,7.7856,,,,,,,,,,,,,,Thailand,CO2
AIM/Hub-Thailand 2.2,NDCCon2030_-50pc2050,THA,Emissions|CO2|Industrial Processes,Mt CO2/yr,,,,,,,21.9777,,,,,22.1775,,23.8821,,,,,21.3872,19.8382,19.5692,20.2704,21.3604,22.7856,,,,,,,,,,,,,,Thailand,CO2
AIM/Hub-Thailand 2.2,NDCCon2030_-50pc2050,THA,Emissions|N2O|AFOLU,kt N2O/yr,,,,,,,49.257,,,,,51.4546,,53.3006,,,,,46.9449,41.588,37.9709,36.1864,34.9856,34.615,,,,,,,,,,,,,,Thailand,N2O
AIM/Hub-Thailand 2.2,NDCCon2030_-50pc2050,THA,Emissions|N2O|AFOLU|Agriculture,kt N2O/yr,,,,,,,38.4836,,,,,40.2332,,41.5889,,,,,36.6055,32.672,30.0598,28.7924,27.9093,27.6906,,,,,,,,,,,,,,Thailand,N2O
AIM/Hub-Thailand 2.2,NDCCon2030_-60pc2050,THA,Carbon Sequestration|CCS|Biomass,Mt CO2/yr,,,,,,,0.0,,,,,0.0,,0.0,,,,,0.0,0.0,0.0538,2.2247,15.9149,40.3845,,,,,,,,,,,,,,Thailand,
AIM/Hub-Thailand 2.2,NDCCon2030_-60pc2050,THA,Carbon Sequestration|CCS|Biomass|Energy|Supply,Mt CO2/yr,,,,,,,0.0,,,,,0.0,,0.0,,,,,0.0,0.0,0.0538,2.2247,15.9149,40.3845,,,,,,,,,,,,,,Thailand,
AIM/Hub-Thailand 2.2,NDCCon2030_-60pc2050,THA,Carbon Sequestration|CCS|Biomass|Energy|Supply|Electricity,Mt CO2/yr,,,,,,,0.0,,,,,0.0,,0.0,,,,,0.0,0.0,0.0305,1.5161,12.6349,36.5384,,,,,,,,,,,,,,Thailand,
AIM/Hub-Thailand 2.2,NDCCon2030_-60pc2050,THA,Carbon Sequestration|CCS|Biomass|Energy|Supply|Liquids,Mt CO2/yr,,,,,,,0.0,,,,,0.0,,0.0,,,,,0.0,0.0,0.0233,0.7086,3.28,3.8461,,,,,,,,,,,,,,Thailand,
AIM/Hub-Thailand 2.2,NDCCon2030_-60pc2050,THA,Emissions|CH4|AFOLU,Mt CH4/yr,,,,,,,2.7842,,,,,2.8339,,2.8601,,,,,2.4355,1.9009,1.4397,1.1528,0.9741,0.8726,,,,,,,,,,,,,,Thailand,CH4
AIM/Hub-Thailand 2.2,NDCCon2030_-60pc2050,THA,Emissions|CH4|AFOLU|Agriculture,Mt CH4/yr,,,,,,,2.5619,,,,,2.61,,2.6361,,,,,2.2469,1.7568,1.3332,1.0704,0.9068,0.8147,,,,,,,,,,,,,,Thailand,CH4
AIM/Hub-Thailand 2.2,NDCCon2030_-60pc2050,THA,Emissions|CH4|Energy|Demand|Industry,Mt CH4/yr,,,,,,,0.0109,,,,,0.0114,,0.0121,,,,,0.0124,0.0123,0.0121,0.0119,0.012,0.0125,,,,,,,,,,,,,,Thailand,CH4
AIM/Hub-Thailand 2.2,NDCCon2030_-60pc2050,THA,Emissions|CH4|Energy|Demand|Transportation,Mt CH4/yr,,,,,,,0.015,,,,,0.0172,,0.0192,,,,,0.021,0.022,0.0218,0.021,0.0197,0.0185,,,,,,,,,,,,,,Thailand,CH4
AIM/Hub-Thailand 2.2,NDCCon2030_-60pc2050,THA,Emissions|CH4|Energy|Supply,Mt CH4/yr,,,,,,,0.864,,,,,0.8739,,0.8627,,,,,0.5241,0.3295,0.2263,0.1797,0.1553,0.1368,,,,,,,,,,,,,,Thailand,CH4
AIM/Hub-Thailand 2.2,NDCCon2030_-60pc2050,THA,Emissions|CO2|AFOLU,Mt CO2/yr,,,,,,,16.4343,,,,,17.3199,,14.2326,,,,,9.3379,2.8089,-7.0959,-18.2092,-25.6278,-34.1821,,,,,,,,,,,,,,Thailand,CO2
AIM/Hub-Thailand 2.2,NDCCon2030_-60pc2050,THA,Emissions|CO2|Energy and Industrial Processes,Mt CO2/yr,,,,,,,316.0238,,,,,348.6301,,367.1072,,,,,357.34,342.4159,310.0877,271.2454,224.4141,175.8724,,,,,,,,,,,,,,Thailand,CO2
AIM/Hub-Thailand 2.2,NDCCon2030_-60pc2050,THA,Emissions|CO2|Energy|Demand,Mt CO2/yr,,,,,,,155.4521,,,,,177.0877,,190.9527,,,,,190.6692,180.0524,168.3368,160.0267,155.9837,160.5194,,,,,,,,,,,,,,Thailand,CO2
AIM/Hub-Thailand 2.2,NDCCon2030_-60pc2050,THA,Emissions|CO2|Energy|Demand|AFOFI,Mt CO2/yr,,,,,,,12.7059,,,,,15.2965,,14.7513,,,,,13.8568,12.3187,10.3838,8.9266,7.997,7.4746,,,,,,,,,,,,,,Thailand,CO2
AIM/Hub-Thailand 2.2,NDCCon2030_-60pc2050,THA,Emissions|CO2|Energy|Demand|Industry,Mt CO2/yr,,,,,,,83.6637,,,,,93.7695,,99.8465,,,,,92.6058,78.6283,68.387,62.3893,61.2971,66.8077,,,,,,,,,,,,,,Thailand,CO2
AIM/Hub-Thailand 2.2,NDCCon2030_-60pc2050,THA,Emissions|CO2|Energy|Demand|Residential and Commercial|Commercial,Mt CO2/yr,,,,,,,0.5503,,,,,0.3946,,0.3492,,,,,0.1782,0.0376,0.0084,0.0042,0.0032,0.0032,,,,,,,,,,,,,,Thailand,CO2
AIM/Hub-Thailand 2.2,NDCCon2030_-60pc2050,THA,Emissions|CO2|Energy|Demand|Residential and Commercial|Residential,Mt CO2/yr,,,,,,,0.0122,,,,,0.0047,,0.0048,,,,,0.0047,0.0042,0.0035,0.0029,0.0025,0.0024,,,,,,,,,,,,,,Thailand,CO2
AIM/Hub-Thailand 2.2,NDCCon2030_-60pc2050,THA,Emissions|CO2|Energy|Demand|Transportation,Mt CO2/yr,,,,,,,58.5201,,,,,67.6224,,76.0009,,,,,84.0238,89.0636,89.5541,88.7037,86.6839,86.2314,,,,,,,,,,,,,,Thailand,CO2
AIM/Hub-Thailand 2.2,NDCCon2030_-60pc2050,THA,Emissions|CO2|Energy|Supply,Mt CO2/yr,,,,,,,138.594,,,,,149.3649,,152.2723,,,,,145.2836,142.5254,122.4866,91.5545,47.8512,-6.8521,,,,,,,,,,,,,,Thailand,CO2
AIM/Hub-Thailand 2.2,NDCCon2030_-60pc2050,THA,Emissions|CO2|Energy|Supply|Electricity,Mt CO2/yr,,,,,,,97.8327,,,,,106.9627,,109.7546,,,,,114.9605,118.415,102.0548,74.8797,35.7943,-18.1846,,,,,,,,,,,,,,Thailand,CO2
AIM/Hub-Thailand 2.2,NDCCon2030_-60pc2050,THA,Emissions|CO2|Industrial Processes,Mt CO2/yr,,,,,,,21.9777,,,,,22.1775,,23.8821,,,,,21.3872,19.8382,19.2643,19.6642,20.5792,22.2051,,,,,,,,,,,,,,Thailand,CO2
AIM/Hub-Thailand 2.2,NDCCon2030_-60pc2050,THA,Emissions|N2O|AFOLU,kt N2O/yr,,,,,,,49.257,,,,,51.4546,,53.3006,,,,,46.9449,41.588,37.5016,35.2005,33.9729,33.8561,,,,,,,,,,,,,,Thailand,N2O
AIM/Hub-Thailand 2.2,NDCCon2030_-60pc2050,THA,Emissions|N2O|AFOLU|Agriculture,kt N2O/yr,,,,,,,38.4836,,,,,40.2332,,41.5889,,,,,36.6055,32.672,29.7196,28.0492,27.1355,27.0958,,,,,,,,,,,,,,Thailand,N2O
AIM/Hub-Thailand 2.2,NDCCon2030_-70pc2050,THA,Carbon Sequestration|CCS|Biomass,Mt CO2/yr,,,,,,,0.0,,,,,0.0,,0.0,,,,,0.0,0.0,0.1522,3.3486,22.7235,74.0765,,,,,,,,,,,,,,Thailand,
AIM/Hub-Thailand 2.2,NDCCon2030_-70pc2050,THA,Carbon Sequestration|CCS|Biomass|Energy|Supply,Mt CO2/yr,,,,,,,0.0,,,,,0.0,,0.0,,,,,0.0,0.0,0.1522,3.3486,22.7235,74.0765,,,,,,,,,,,,,,Thailand,
AIM/Hub-Thailand 2.2,NDCCon2030_-70pc2050,THA,Carbon Sequestration|CCS|Biomass|Energy|Supply|Electricity,Mt CO2/yr,,,,,,,0.0,,,,,0.0,,0.0,,,,,0.0,0.0,0.0848,2.2566,18.2357,67.8981,,,,,,,,,,,,,,Thailand,
AIM/Hub-Thailand 2.2,NDCCon2030_-70pc2050,THA,Carbon Sequestration|CCS|Biomass|Energy|Supply|Liquids,Mt CO2/yr,,,,,,,0.0,,,,,0.0,,0.0,,,,,0.0,0.0,0.0673,1.0921,4.4879,6.1784,,,,,,,,,,,,,,Thailand,
AIM/Hub-Thailand 2.2,NDCCon2030_-70pc2050,THA,Emissions|CH4|AFOLU,Mt CH4/yr,,,,,,,2.7842,,,,,2.8339,,2.8601,,,,,2.4355,1.9009,1.402,1.09,0.9142,0.8434,,,,,,,,,,,,,,Thailand,CH4
AIM/Hub-Thailand 2.2,NDCCon2030_-70pc2050,THA,Emissions|CH4|AFOLU|Agriculture,Mt CH4/yr,,,,,,,2.5619,,,,,2.61,,2.6361,,,,,2.2469,1.7568,1.2983,1.012,0.8513,0.7874,,,,,,,,,,,,,,Thailand,CH4
AIM/Hub-Thailand 2.2,NDCCon2030_-70pc2050,THA,Emissions|CH4|Energy|Demand|Industry,Mt CH4/yr,,,,,,,0.0109,,,,,0.0114,,0.0121,,,,,0.0124,0.0123,0.0119,0.0116,0.0116,0.0122,,,,,,,,,,,,,,Thailand,CH4
AIM/Hub-Thailand 2.2,NDCCon2030_-70pc2050,THA,Emissions|CH4|Energy|Demand|Transportation,Mt CH4/yr,,,,,,,0.015,,,,,0.0172,,0.0192,,,,,0.021,0.022,0.0212,0.0197,0.0179,0.0178,,,,,,,,,,,,,,Thailand,CH4
AIM/Hub-Thailand 2.2,NDCCon2030_-70pc2050,THA,Emissions|CH4|Energy|Supply,Mt CH4/yr,,,,,,,0.864,,,,,0.8739,,0.8627,,,,,0.5241,0.3295,0.2147,0.1639,0.1409,0.1321,,,,,,,,,,,,,,Thailand,CH4
AIM/Hub-Thailand 2.2,NDCCon2030_-70pc2050,THA,Emissions|CO2|AFOLU,Mt CO2/yr,,,,,,,16.4343,,,,,17.3199,,14.2326,,,,,9.3379,2.8089,-7.2177,-18.4329,-26.3238,-31.2305,,,,,,,,,,,,,,Thailand,CO2
AIM/Hub-Thailand 2.2,NDCCon2030_-70pc2050,THA,Emissions|CO2|Energy and Industrial Processes,Mt CO2/yr,,,,,,,316.0238,,,,,348.6301,,367.1072,,,,,357.34,342.4159,300.397,251.162,193.148,127.8825,,,,,,,,,,,,,,Thailand,CO2
AIM/Hub-Thailand 2.2,NDCCon2030_-70pc2050,THA,Emissions|CO2|Energy|Demand,Mt CO2/yr,,,,,,,155.4521,,,,,177.0877,,190.9527,,,,,190.6692,180.0524,162.8877,146.0539,135.1248,150.1761,,,,,,,,,,,,,,Thailand,CO2
AIM/Hub-Thailand 2.2,NDCCon2030_-70pc2050,THA,Emissions|CO2|Energy|Demand|AFOFI,Mt CO2/yr,,,,,,,12.7059,,,,,15.2965,,14.7513,,,,,13.8568,12.3187,10.1166,8.394,7.422,7.2089,,,,,,,,,,,,,,Thailand,CO2
AIM/Hub-Thailand 2.2,NDCCon2030_-70pc2050,THA,Emissions|CO2|Energy|Demand|Industry,Mt CO2/yr,,,,,,,83.6637,,,,,93.7695,,99.8465,,,,,92.6058,78.6283,65.2975,54.1932,48.1687,59.5934,,,,,,,,,,,,,,Thailand,CO2
AIM/Hub-Thailand 2.2,NDCCon2030_-70pc2050,THA,Emissions|CO2|Energy|Demand|Residential and Commercial|Commercial,Mt CO2/yr,,,,,,,0.5503,,,,,0.3946,,0.3492,,,,,0.1782,0.0376,0.0066,0.0027,0.0019,0.0024,,,,,,,,,,,,,,Thailand,CO2
AIM/Hub-Thailand 2.2,NDCCon2030_-70pc2050,THA,Emissions|CO2|Energy|Demand|Residential and Commercial|Residential,Mt CO2/yr,,,,,,,0.0122,,,,,0.0047,,0.0048,,,,,0.0047,0.0042,0.0033,0.0025,0.0021,0.0021,,,,,,,,,,,,,,Thailand,CO2
AIM/Hub-Thailand 2.2,NDCCon2030_-70pc2050,THA,Emissions|CO2|Energy|Demand|Transportation,Mt CO2/yr,,,,,,,58.5201,,,,,67.6224,,76.0009,,,,,84.0238,89.0636,87.4637,83.4615,79.5301,83.3693,,,,,,,,,,,,,,Thailand,CO2
AIM/Hub-Thailand 2.2,NDCCon2030_-70pc2050,THA,Emissions|CO2|Energy|Supply,Mt CO2/yr,,,,,,,138.594,,,,,149.3649,,152.2723,,,,,145.2836,142.5254,118.6008,86.3665,38.732,-44.0209,,,,,,,,,,,,,,Thailand,CO2
AIM/Hub-Thailand 2.2,NDCCon2030_-70pc2050,THA,Emissions|CO2|Energy|Supply|Electricity,Mt CO2/yr,,,,,,,97.8327,,,,,106.9627,,109.7546,,,,,114.9605,118.415,99.2059,71.8478,29.4614,-50.1929,,,,,,,,,,,,,,Thailand,CO2
AIM/Hub-Thailand 2.2,NDCCon2030_-70pc2050,THA,Emissions|CO2|Industrial Processes,Mt CO2/yr,,,,,,,21.9777,,,,,22.1775,,23.8821,,,,,21.3872,19.8382,18.9085,18.7417,19.2912,21.7273,,,,,,,,,,,,,,Thailand,CO2
AIM/Hub-Thailand 2.2,NDCCon2030_-70pc2050,THA,Emissions|N2O|AFOLU,kt N2O/yr,,,,,,,49.257,,,,,51.4546,,53.3006,,,,,46.9449,41.588,36.9528,34.1419,32.8512,33.228,,,,,,,,,,,,,,Thailand,N2O
AIM/Hub-Thailand 2.2,NDCCon2030_-70pc2050,THA,Emissions|N2O|AFOLU|Agriculture,kt N2O/yr,,,,,,,38.4836,,,,,40.2332,,41.5889,,,,,36.6055,32.672,29.3207,27.2504,26.2899,26.6044,,,,,,,,,,,,,,Thailand,N2O
AIM/Hub-Thailand 2.2,NDCCon2030_-80pc2050,THA,Carbon Sequestration|CCS|Biomass,Mt CO2/yr,,,,,,,0.0,,,,,0.0,,0.0,,,,,0.0,0.0,0.3094,4.5771,32.1168,98.6618,,,,,,,,,,,,,,Thailand,
AIM/Hub-Thailand 2.2,NDCCon2030_-80pc2050,THA,Carbon Sequestration|CCS|Biomass|Energy|Supply,Mt CO2/yr,,,,,,,0.0,,,,,0.0,,0.0,,,,,0.0,0.0,0.3094,4.5771,32.1168,98.6618,,,,,,,,,,,,,,Thailand,
AIM/Hub-Thailand 2.2,NDCCon2030_-80pc2050,THA,Carbon Sequestration|CCS|Biomass|Energy|Supply|Electricity,Mt CO2/yr,,,,,,,0.0,,,,,0.0,,0.0,,,,,0.0,0.0,0.1692,3.0713,27.3134,91.9541,,,,,,,,,,,,,,Thailand,
AIM/Hub-Thailand 2.2,NDCCon2030_-80pc2050,THA,Carbon Sequestration|CCS|Biomass|Energy|Supply|Liquids,Mt CO2/yr,,,,,,,0.0,,,,,0.0,,0.0,,,,,0.0,0.0,0.1403,1.5058,4.8035,6.7078,,,,,,,,,,,,,,Thailand,
AIM/Hub-Thailand 2.2,NDCCon2030_-80pc2050,THA,Emissions|CH4|AFOLU,Mt CH4/yr,,,,,,,2.7842,,,,,2.8339,,2.8601,,,,,2.4355,1.9009,1.3597,1.0313,0.8578,0.7993,,,,,,,,,,,,,,Thailand,CH4
AIM/Hub-Thailand 2.2,NDCCon2030_-80pc2050,THA,Emissions|CH4|AFOLU|Agriculture,Mt CH4/yr,,,,,,,2.5619,,,,,2.61,,2.6361,,,,,2.2469,1.7568,1.259,0.9574,0.7989,0.7463,,,,,,,,,,,,,,Thailand,CH4
AIM/Hub-Thailand 2.2,NDCCon2030_-80pc2050,THA,Emissions|CH4|Energy|Demand|Industry,Mt CH4/yr,,,,,,,0.0109,,,,,0.0114,,0.0121,,,,,0.0124,0.0123,0.0117,0.0112,0.0111,0.0117,,,,,,,,,,,,,,Thailand,CH4
AIM/Hub-Thailand 2.2,NDCCon2030_-80pc2050,THA,Emissions|CH4|Energy|Demand|Transportation,Mt CH4/yr,,,,,,,0.015,,,,,0.0172,,0.0192,,,,,0.021,0.022,0.0206,0.0182,0.0163,0.0165,,,,,,,,,,,,,,Thailand,CH4
AIM/Hub-Thailand 2.2,NDCCon2030_-80pc2050,THA,Emissions|CH4|Energy|Supply,Mt CH4/yr,,,,,,,0.864,,,,,0.8739,,0.8627,,,,,0.5241,0.3295,0.2025,0.1492,0.1279,0.1243,,,,,,,,,,,,,,Thailand,CH4
AIM/Hub-Thailand 2.2,NDCCon2030_-80pc2050,THA,Emissions|CO2|AFOLU,Mt CO2/yr,,,,,,,16.4343,,,,,17.3199,,14.2326,,,,,9.3379,2.8089,-7.3498,-18.6304,-26.168,-29.1262,,,,,,,,,,,,,,Thailand,CO2
AIM/Hub-Thailand 2.2,NDCCon2030_-80pc2050,THA,Emissions|CO2|Energy and Industrial Processes,Mt CO2/yr,,,,,,,316.0238,,,,,348.6301,,367.1072,,,,,357.34,342.4159,290.8983,230.8773,160.8439,81.4291,,,,,,,,,,,,,,Thailand,CO2
AIM/Hub-Thailand 2.2,NDCCon2030_-80pc2050,THA,Emissions|CO2|Energy|Demand,Mt CO2/yr,,,,,,,155.4521,,,,,177.0877,,190.9527,,,,,190.6692,180.0524,156.529,131.0651,116.5966,129.6417,,,,,,,,,,,,,,Thailand,CO2
AIM/Hub-Thailand 2.2,NDCCon2030_-80pc2050,THA,Emissions|CO2|Energy|Demand|AFOFI,Mt CO2/yr,,,,,,,12.7059,,,,,15.2965,,14.7513,,,,,13.8568,12.3187,9.7957,7.8272,6.7997,6.7611,,,,,,,,,,,,,,Thailand,CO2
AIM/Hub-Thailand 2.2,NDCCon2030_-80pc2050,THA,Emissions|CO2|Energy|Demand|Industry,Mt CO2/yr,,,,,,,83.6637,,,,,93.7695,,99.8465,,,,,92.6058,78.6283,61.8621,45.8628,36.9405,44.7142,,,,,,,,,,,,,,Thailand,CO2
AIM/Hub-Thailand 2.2,NDCCon2030_-80pc2050,THA,Emissions|CO2|Energy|Demand|Residential and Commercial|Commercial,Mt CO2/yr,,,,,,,0.5503,,,,,0.3946,,0.3492,,,,,0.1782,0.0376,0.0051,0.0018,0.0009,0.0012,,,,,,,,,,,,,,Thailand,CO2
AIM/Hub-Thailand 2.2,NDCCon2030_-80pc2050,THA,Emissions|CO2|Energy|Demand|Residential and Commercial|Residential,Mt CO2/yr,,,,,,,0.0122,,,,,0.0047,,0.0048,,,,,0.0047,0.0042,0.0031,0.0021,0.0016,0.0017,,,,,,,,,,,,,,Thailand,CO2
AIM/Hub-Thailand 2.2,NDCCon2030_-80pc2050,THA,Emissions|CO2|Energy|Demand|Transportation,Mt CO2/yr,,,,,,,58.5201,,,,,67.6224,,76.0009,,,,,84.0238,89.0636,84.8629,77.3713,72.854,78.1635,,,,,,,,,,,,,,Thailand,CO2
AIM/Hub-Thailand 2.2,NDCCon2030_-80pc2050,THA,Emissions|CO2|Energy|Supply,Mt CO2/yr,,,,,,,138.594,,,,,149.3649,,152.2723,,,,,145.2836,142.5254,115.8608,82.8,28.4449,-68.902,,,,,,,,,,,,,,Thailand,CO2
AIM/Hub-Thailand 2.2,NDCCon2030_-80pc2050,THA,Emissions|CO2|Energy|Supply|Electricity,Mt CO2/yr,,,,,,,97.8327,,,,,106.9627,,109.7546,,,,,114.9605,118.415,97.7456,70.1671,20.9786,-73.3319,,,,,,,,,,,,,,Thailand,CO2
AIM/Hub-Thailand 2.2,NDCCon2030_-80pc2050,THA,Emissions|CO2|Industrial Processes,Mt CO2/yr,,,,,,,21.9777,,,,,22.1775,,23.8821,,,,,21.3872,19.8382,18.5085,17.0122,15.8024,20.6894,,,,,,,,,,,,,,Thailand,CO2
AIM/Hub-Thailand 2.2,NDCCon2030_-80pc2050,THA,Emissions|N2O|AFOLU,kt N2O/yr,,,,,,,49.257,,,,,51.4546,,53.3006,,,,,46.9449,41.588,36.3438,33.1873,31.7664,32.2533,,,,,,,,,,,,,,Thailand,N2O
AIM/Hub-Thailand 2.2,NDCCon2030_-80pc2050,THA,Emissions|N2O|AFOLU|Agriculture,kt N2O/yr,,,,,,,38.4836,,,,,40.2332,,41.5889,,,,,36.6055,32.672,28.8768,26.5482,25.4717,25.8371,,,,,,,,,,,,,,Thailand,N2O
AIM/Hub-Thailand 2.2,NDCCon2030_-90pc2050,THA,Carbon Sequestration|CCS|Biomass,Mt CO2/yr,,,,,,,0.0,,,,,0.0,,0.0,,,,,0.0,0.0,0.3363,5.7223,46.1069,121.8102,,,,,,,,,,,,,,Thailand,
AIM/Hub-Thailand 2.2,NDCCon2030_-90pc2050,THA,Carbon Sequestration|CCS|Biomass|Energy|Supply,Mt CO2/yr,,,,,,,0.0,,,,,0.0,,0.0,,,,,0.0,0.0,0.3363,5.7223,46.1069,121.8102,,,,,,,,,,,,,,Thailand,
AIM/Hub-Thailand 2.2,NDCCon2030_-90pc2050,THA,Carbon Sequestration|CCS|Biomass|Energy|Supply|Electricity,Mt CO2/yr,,,,,,,0.0,,,,,0.0,,0.0,,,,,0.0,0.0,0.1801,3.8668,41.3306,115.0723,,,,,,,,,,,,,,Thailand,
AIM/Hub-Thailand 2.2,NDCCon2030_-90pc2050,THA,Carbon Sequestration|CCS|Biomass|Energy|Supply|Liquids,Mt CO2/yr,,,,,,,0.0,,,,,0.0,,0.0,,,,,0.0,0.0,0.1562,1.8554,4.7763,6.7379,,,,,,,,,,,,,,Thailand,
AIM/Hub-Thailand 2.2,NDCCon2030_-90pc2050,THA,Emissions|CH4|AFOLU,Mt CH4/yr,,,,,,,2.7842,,,,,2.8339,,2.8601,,,,,2.4355,1.9009,1.3188,0.9736,0.8074,0.7601,,,,,,,,,,,,,,Thailand,CH4
AIM/Hub-Thailand 2.2,NDCCon2030_-90pc2050,THA,Emissions|CH4|AFOLU|Agriculture,Mt CH4/yr,,,,,,,2.5619,,,,,2.61,,2.6361,,,,,2.2469,1.7568,1.2208,0.9035,0.7519,0.7097,,,,,,,,,,,,,,Thailand,CH4
AIM/Hub-Thailand 2.2,NDCCon2030_-90pc2050,THA,Emissions|CH4|Energy|Demand|Industry,Mt CH4/yr,,,,,,,0.0109,,,,,0.0114,,0.0121,,,,,0.0124,0.0123,0.0116,0.0108,0.0106,0.0113,,,,,,,,,,,,,,Thailand,CH4
AIM/Hub-Thailand 2.2,NDCCon2030_-90pc2050,THA,Emissions|CH4|Energy|Demand|Transportation,Mt CH4/yr,,,,,,,0.015,,,,,0.0172,,0.0192,,,,,0.021,0.022,0.0199,0.0165,0.0146,0.0151,,,,,,,,,,,,,,Thailand,CH4
AIM/Hub-Thailand 2.2,NDCCon2030_-90pc2050,THA,Emissions|CH4|Energy|Supply,Mt CH4/yr,,,,,,,0.864,,,,,0.8739,,0.8627,,,,,0.5241,0.3295,0.1915,0.1353,0.1164,0.1174,,,,,,,,,,,,,,Thailand,CH4
AIM/Hub-Thailand 2.2,NDCCon2030_-90pc2050,THA,Emissions|CO2|AFOLU,Mt CO2/yr,,,,,,,16.4343,,,,,17.3199,,14.2326,,,,,9.3379,2.8089,-7.4723,-18.8165,-24.3534,-29.7486,,,,,,,,,,,,,,Thailand,CO2
AIM/Hub-Thailand 2.2,NDCCon2030_-90pc2050,THA,Emissions|CO2|Energy and Industrial Processes,Mt CO2/yr,,,,,,,316.0238,,,,,348.6301,,367.1072,,,,,357.34,342.4159,281.2856,210.511,126.6086,37.4951,,,,,,,,,,,,,,Thailand,CO2
AIM/Hub-Thailand 2.2,NDCCon2030_-90pc2050,THA,Emissions|CO2|Energy|Demand,Mt CO2/yr,,,,,,,155.4521,,,,,177.0877,,190.9527,,,,,190.6692,180.0524,149.6328,116.2155,99.7311,112.0371,,,,,,,,,,,,,,Thailand,CO2
AIM/Hub-Thailand 2.2,NDCCon2030_-90pc2050,THA,Emissions|CO2|Energy|Demand|AFOFI,Mt CO2/yr,,,,,,,12.7059,,,,,15.2965,,14.7513,,,,,13.8568,12.3187,9.4681,7.2189,6.1417,6.294,,,,,,,,,,,,,,Thailand,CO2
AIM/Hub-Thailand 2.2,NDCCon2030_-90pc2050,THA,Emissions|CO2|Energy|Demand|Industry,Mt CO2/yr,,,,,,,83.6637,,,,,93.7695,,99.8465,,,,,92.6058,78.6283,58.0078,38.4932,27.6987,33.062,,,,,,,,,,,,,,Thailand,CO2
AIM/Hub-Thailand 2.2,NDCCon2030_-90pc2050,THA,Emissions|CO2|Energy|Demand|Residential and Commercial|Commercial,Mt CO2/yr,,,,,,,0.5503,,,,,0.3946,,0.3492,,,,,0.1782,0.0376,0.004,0.0011,0.0005,0.0007,,,,,,,,,,,,,,Thailand,CO2
AIM/Hub-Thailand 2.2,NDCCon2030_-90pc2050,THA,Emissions|CO2|Energy|Demand|Residential and Commercial|Residential,Mt CO2/yr,,,,,,,0.0122,,,,,0.0047,,0.0048,,,,,0.0047,0.0042,0.0029,0.0018,0.0012,0.0014,,,,,,,,,,,,,,Thailand,CO2
AIM/Hub-Thailand 2.2,NDCCon2030_-90pc2050,THA,Emissions|CO2|Energy|Demand|Transportation,Mt CO2/yr,,,,,,,58.5201,,,,,67.6224,,76.0009,,,,,84.0238,89.0636,82.1499,70.5005,65.889,72.679,,,,,,,,,,,,,,Thailand,CO2
AIM/Hub-Thailand 2.2,NDCCon2030_-90pc2050,THA,Emissions|CO2|Energy|Supply,Mt CO2/yr,,,,,,,138.594,,,,,149.3649,,152.2723,,,,,145.2836,142.5254,113.5299,79.1902,13.3483,-91.8268,,,,,,,,,,,,,,Thailand,CO2
AIM/Hub-Thailand 2.2,NDCCon2030_-90pc2050,THA,Emissions|CO2|Energy|Supply|Electricity,Mt CO2/yr,,,,,,,97.8327,,,,,106.9627,,109.7546,,,,,114.9605,118.415,96.2508,68.0545,7.021,-95.6143,,,,,,,,,,,,,,Thailand,CO2
AIM/Hub-Thailand 2.2,NDCCon2030_-90pc2050,THA,Emissions|CO2|Industrial Processes,Mt CO2/yr,,,,,,,21.9777,,,,,22.1775,,23.8821,,,,,21.3872,19.8382,18.1229,15.1053,13.5292,17.2848,,,,,,,,,,,,,,Thailand,CO2
AIM/Hub-Thailand 2.2,NDCCon2030_-90pc2050,THA,Emissions|N2O|AFOLU,kt N2O/yr,,,,,,,49.257,,,,,51.4546,,53.3006,,,,,46.9449,41.588,35.7616,32.272,30.7714,31.3526,,,,,,,,,,,,,,Thailand,N2O
AIM/Hub-Thailand 2.2,NDCCon2030_-90pc2050,THA,Emissions|N2O|AFOLU|Agriculture,kt N2O/yr,,,,,,,38.4836,,,,,40.2332,,41.5889,,,,,36.6055,32.672,28.451,25.8831,24.7211,25.1266,,,,,,,,,,,,,,Thailand,N2O
AIM/Hub-Thailand 2.2,NDCUnc2030_-100pc2050,THA,Carbon Sequestration|CCS|Biomass,Mt CO2/yr,,,,,,,0.0,,,,,0.0,,0.0,,,,,0.0,0.0,0.3063,6.3065,58.6557,152.2727,,,,,,,,,,,,,,Thailand,
AIM/Hub-Thailand 2.2,NDCUnc2030_-100pc2050,THA,Carbon Sequestration|CCS|Biomass|Energy|Supply,Mt CO2/yr,,,,,,,0.0,,,,,0.0,,0.0,,,,,0.0,0.0,0.3063,6.3065,58.6557,152.2727,,,,,,,,,,,,,,Thailand,
AIM/Hub-Thailand 2.2,NDCUnc2030_-100pc2050,THA,Carbon Sequestration|CCS|Biomass|Energy|Supply|Electricity,Mt CO2/yr,,,,,,,0.0,,,,,0.0,,0.0,,,,,0.0,0.0,0.1592,4.2622,53.8576,145.4876,,,,,,,,,,,,,,Thailand,
AIM/Hub-Thailand 2.2,NDCUnc2030_-100pc2050,THA,Carbon Sequestration|CCS|Biomass|Energy|Supply|Liquids,Mt CO2/yr,,,,,,,0.0,,,,,0.0,,0.0,,,,,0.0,0.0,0.1471,2.0442,4.7981,6.7851,,,,,,,,,,,,,,Thailand,
AIM/Hub-Thailand 2.2,NDCUnc2030_-100pc2050,THA,Emissions|CH4|AFOLU,Mt CH4/yr,,,,,,,2.7842,,,,,2.8339,,2.8601,,,,,2.5379,2.0823,1.3532,0.9517,0.7845,0.7333,,,,,,,,,,,,,,Thailand,CH4
AIM/Hub-Thailand 2.2,NDCUnc2030_-100pc2050,THA,Emissions|CH4|AFOLU|Agriculture,Mt CH4/yr,,,,,,,2.5619,,,,,2.61,,2.6361,,,,,2.3417,1.925,1.2533,0.883,0.7307,0.6849,,,,,,,,,,,,,,Thailand,CH4
AIM/Hub-Thailand 2.2,NDCUnc2030_-100pc2050,THA,Emissions|CH4|Energy|Demand|Industry,Mt CH4/yr,,,,,,,0.0109,,,,,0.0114,,0.0121,,,,,0.0125,0.0126,0.0116,0.0106,0.0103,0.0108,,,,,,,,,,,,,,Thailand,CH4
AIM/Hub-Thailand 2.2,NDCUnc2030_-100pc2050,THA,Emissions|CH4|Energy|Demand|Transportation,Mt CH4/yr,,,,,,,0.015,,,,,0.0172,,0.0192,,,,,0.0211,0.0227,0.0202,0.0155,0.0134,0.0135,,,,,,,,,,,,,,Thailand,CH4
AIM/Hub-Thailand 2.2,NDCUnc2030_-100pc2050,THA,Emissions|CH4|Energy|Supply,Mt CH4/yr,,,,,,,0.864,,,,,0.8739,,0.8627,,,,,0.5868,0.4004,0.1958,0.1266,0.1081,0.1076,,,,,,,,,,,,,,Thailand,CH4
AIM/Hub-Thailand 2.2,NDCUnc2030_-100pc2050,THA,Emissions|CO2|AFOLU,Mt CO2/yr,,,,,,,16.4343,,,,,17.3199,,14.2326,,,,,9.931,4.2919,-4.9141,-15.4947,-26.1221,-26.4625,,,,,,,,,,,,,,Thailand,CO2
AIM/Hub-Thailand 2.2,NDCUnc2030_-100pc2050,THA,Emissions|CO2|Energy and Industrial Processes,Mt CO2/yr,,,,,,,316.0238,,,,,348.6301,,367.1072,,,,,365.03,360.5649,287.3164,199.4562,101.9858,-10.6706,,,,,,,,,,,,,,Thailand,CO2
AIM/Hub-Thailand 2.2,NDCUnc2030_-100pc2050,THA,Emissions|CO2|Energy|Demand,Mt CO2/yr,,,,,,,155.4521,,,,,177.0877,,190.9527,,,,,196.0595,193.3701,153.3497,108.3086,89.2449,96.8713,,,,,,,,,,,,,,Thailand,CO2
AIM/Hub-Thailand 2.2,NDCUnc2030_-100pc2050,THA,Emissions|CO2|Energy|Demand|AFOFI,Mt CO2/yr,,,,,,,12.7059,,,,,15.2965,,14.7513,,,,,14.0163,12.8725,9.6679,6.9119,5.7131,5.8014,,,,,,,,,,,,,,Thailand,CO2
AIM/Hub-Thailand 2.2,NDCUnc2030_-100pc2050,THA,Emissions|CO2|Energy|Demand|Industry,Mt CO2/yr,,,,,,,83.6637,,,,,93.7695,,99.8465,,,,,97.2183,88.6375,60.3994,34.9344,22.2924,24.5722,,,,,,,,,,,,,,Thailand,CO2
AIM/Hub-Thailand 2.2,NDCUnc2030_-100pc2050,THA,Emissions|CO2|Energy|Demand|Residential and Commercial|Commercial,Mt CO2/yr,,,,,,,0.5503,,,,,0.3946,,0.3492,,,,,0.2175,0.0818,0.0045,0.0007,0.0003,0.0004,,,,,,,,,,,,,,Thailand,CO2
AIM/Hub-Thailand 2.2,NDCUnc2030_-100pc2050,THA,Emissions|CO2|Energy|Demand|Residential and Commercial|Residential,Mt CO2/yr,,,,,,,0.0122,,,,,0.0047,,0.0048,,,,,0.0048,0.0045,0.003,0.0016,0.001,0.0011,,,,,,,,,,,,,,Thailand,CO2
AIM/Hub-Thailand 2.2,NDCUnc2030_-100pc2050,THA,Emissions|CO2|Energy|Demand|Transportation,Mt CO2/yr,,,,,,,58.5201,,,,,67.6224,,76.0009,,,,,84.6026,91.7738,83.2749,66.4599,61.2381,66.4962,,,,,,,,,,,,,,Thailand,CO2
AIM/Hub-Thailand 2.2,NDCUnc2030_-100pc2050,THA,Emissions|CO2|Energy|Supply,Mt CO2/yr,,,,,,,138.594,,,,,149.3649,,152.2723,,,,,146.663,145.9615,115.6835,76.3695,-0.5263,-122.1237,,,,,,,,,,,,,,Thailand,CO2
AIM/Hub-Thailand 2.2,NDCUnc2030_-100pc2050,THA,Emissions|CO2|Energy|Supply|Electricity,Mt CO2/yr,,,,,,,97.8327,,,,,106.9627,,109.7546,,,,,114.0094,118.9486,98.0326,66.1164,-6.0174,-125.0302,,,,,,,,,,,,,,Thailand,CO2
AIM/Hub-Thailand 2.2,NDCUnc2030_-100pc2050,THA,Emissions|CO2|Industrial Processes,Mt CO2/yr,,,,,,,21.9777,,,,,22.1775,,23.8821,,,,,22.3075,21.2333,18.2832,14.7781,13.2672,14.5819,,,,,,,,,,,,,,Thailand,CO2
AIM/Hub-Thailand 2.2,NDCUnc2030_-100pc2050,THA,Emissions|N2O|AFOLU,kt N2O/yr,,,,,,,49.257,,,,,51.4546,,53.3006,,,,,48.7255,44.327,36.372,32.1145,30.4113,30.8252,,,,,,,,,,,,,,Thailand,N2O
AIM/Hub-Thailand 2.2,NDCUnc2030_-100pc2050,THA,Emissions|N2O|AFOLU|Agriculture,kt N2O/yr,,,,,,,38.4836,,,,,40.2332,,41.5889,,,,,37.9888,34.7619,28.9656,25.8342,24.4868,24.7542,,,,,,,,,,,,,,Thailand,N2O
AIM/Hub-Thailand 2.2,NDCUnc2030_-30pc2050,THA,Carbon Sequestration|CCS|Biomass,Mt CO2/yr,,,,,,,0.0,,,,,0.0,,0.0,,,,,0.0,0.0,0.0,0.4385,6.3243,22.1183,,,,,,,,,,,,,,Thailand,
AIM/Hub-Thailand 2.2,NDCUnc2030_-30pc2050,THA,Carbon Sequestration|CCS|Biomass|Energy|Supply,Mt CO2/yr,,,,,,,0.0,,,,,0.0,,0.0,,,,,0.0,0.0,0.0,0.4385,6.3243,22.1183,,,,,,,,,,,,,,Thailand,
AIM/Hub-Thailand 2.2,NDCUnc2030_-30pc2050,THA,Carbon Sequestration|CCS|Biomass|Energy|Supply|Electricity,Mt CO2/yr,,,,,,,0.0,,,,,0.0,,0.0,,,,,0.0,0.0,0.0,0.295,4.9591,19.7346,,,,,,,,,,,,,,Thailand,
AIM/Hub-Thailand 2.2,NDCUnc2030_-30pc2050,THA,Carbon Sequestration|CCS|Biomass|Energy|Supply|Liquids,Mt CO2/yr,,,,,,,0.0,,,,,0.0,,0.0,,,,,0.0,0.0,0.0,0.1434,1.3653,2.3837,,,,,,,,,,,,,,Thailand,
AIM/Hub-Thailand 2.2,NDCUnc2030_-30pc2050,THA,Emissions|CH4|AFOLU,Mt CH4/yr,,,,,,,2.7842,,,,,2.8339,,2.8601,,,,,2.5379,2.0823,1.535,1.2224,1.0178,0.8923,,,,,,,,,,,,,,Thailand,CH4
AIM/Hub-Thailand 2.2,NDCUnc2030_-30pc2050,THA,Emissions|CH4|AFOLU|Agriculture,Mt CH4/yr,,,,,,,2.5619,,,,,2.61,,2.6361,,,,,2.3417,1.925,1.4224,1.1352,0.9477,0.833,,,,,,,,,,,,,,Thailand,CH4
AIM/Hub-Thailand 2.2,NDCUnc2030_-30pc2050,THA,Emissions|CH4|Energy|Demand|Industry,Mt CH4/yr,,,,,,,0.0109,,,,,0.0114,,0.0121,,,,,0.0125,0.0126,0.0123,0.0123,0.0123,0.0126,,,,,,,,,,,,,,Thailand,CH4
AIM/Hub-Thailand 2.2,NDCUnc2030_-30pc2050,THA,Emissions|CH4|Energy|Demand|Transportation,Mt CH4/yr,,,,,,,0.015,,,,,0.0172,,0.0192,,,,,0.0211,0.0227,0.0226,0.0221,0.0207,0.0189,,,,,,,,,,,,,,Thailand,CH4
AIM/Hub-Thailand 2.2,NDCUnc2030_-30pc2050,THA,Emissions|CH4|Energy|Supply,Mt CH4/yr,,,,,,,0.864,,,,,0.8739,,0.8627,,,,,0.5868,0.4004,0.2486,0.1934,0.1615,0.1374,,,,,,,,,,,,,,Thailand,CH4
AIM/Hub-Thailand 2.2,NDCUnc2030_-30pc2050,THA,Emissions|CO2|AFOLU,Mt CO2/yr,,,,,,,16.4343,,,,,17.3199,,14.2326,,,,,9.931,4.2919,-4.3349,-14.6013,-24.7408,-32.3402,,,,,,,,,,,,,,Thailand,CO2
AIM/Hub-Thailand 2.2,NDCUnc2030_-30pc2050,THA,Emissions|CO2|Energy and Industrial Processes,Mt CO2/yr,,,,,,,316.0238,,,,,348.6301,,367.1072,,,,,365.03,360.5649,333.4719,296.5371,255.2098,208.4198,,,,,,,,,,,,,,Thailand,CO2
AIM/Hub-Thailand 2.2,NDCUnc2030_-30pc2050,THA,Emissions|CO2|Energy|Demand,Mt CO2/yr,,,,,,,155.4521,,,,,177.0877,,190.9527,,,,,196.0595,193.3701,177.8623,171.5255,166.0106,165.652,,,,,,,,,,,,,,Thailand,CO2
AIM/Hub-Thailand 2.2,NDCUnc2030_-30pc2050,THA,Emissions|CO2|Energy|Demand|AFOFI,Mt CO2/yr,,,,,,,12.7059,,,,,15.2965,,14.7513,,,,,14.0163,12.8725,10.9054,9.42,8.3354,7.6369,,,,,,,,,,,,,,Thailand,CO2
AIM/Hub-Thailand 2.2,NDCUnc2030_-30pc2050,THA,Emissions|CO2|Energy|Demand|Industry,Mt CO2/yr,,,,,,,83.6637,,,,,93.7695,,99.8465,,,,,97.2183,88.6375,74.1071,69.2187,67.3466,70.2992,,,,,,,,,,,,,,Thailand,CO2
AIM/Hub-Thailand 2.2,NDCUnc2030_-30pc2050,THA,Emissions|CO2|Energy|Demand|Residential and Commercial|Commercial,Mt CO2/yr,,,,,,,0.5503,,,,,0.3946,,0.3492,,,,,0.2175,0.0818,0.0129,0.0061,0.0042,0.0038,,,,,,,,,,,,,,Thailand,CO2
AIM/Hub-Thailand 2.2,NDCUnc2030_-30pc2050,THA,Emissions|CO2|Energy|Demand|Residential and Commercial|Residential,Mt CO2/yr,,,,,,,0.0122,,,,,0.0047,,0.0048,,,,,0.0048,0.0045,0.0037,0.0032,0.0028,0.0026,,,,,,,,,,,,,,Thailand,CO2
AIM/Hub-Thailand 2.2,NDCUnc2030_-30pc2050,THA,Emissions|CO2|Energy|Demand|Transportation,Mt CO2/yr,,,,,,,58.5201,,,,,67.6224,,76.0009,,,,,84.6026,91.7738,92.8332,92.8775,90.3216,87.7096,,,,,,,,,,,,,,Thailand,CO2
AIM/Hub-Thailand 2.2,NDCUnc2030_-30pc2050,THA,Emissions|CO2|Energy|Supply,Mt CO2/yr,,,,,,,138.594,,,,,149.3649,,152.2723,,,,,146.663,145.9615,135.6934,104.7316,68.0434,20.2092,,,,,,,,,,,,,,Thailand,CO2
AIM/Hub-Thailand 2.2,NDCUnc2030_-30pc2050,THA,Emissions|CO2|Energy|Supply|Electricity,Mt CO2/yr,,,,,,,97.8327,,,,,106.9627,,109.7546,,,,,114.0094,118.9486,113.7641,85.0277,51.5535,5.7832,,,,,,,,,,,,,,Thailand,CO2
AIM/Hub-Thailand 2.2,NDCUnc2030_-30pc2050,THA,Emissions|CO2|Industrial Processes,Mt CO2/yr,,,,,,,21.9777,,,,,22.1775,,23.8821,,,,,22.3075,21.2333,19.9162,20.28,21.1557,22.5586,,,,,,,,,,,,,,Thailand,CO2
AIM/Hub-Thailand 2.2,NDCUnc2030_-30pc2050,THA,Emissions|N2O|AFOLU,kt N2O/yr,,,,,,,49.257,,,,,51.4546,,53.3006,,,,,48.7255,44.327,38.9761,36.3888,34.8293,34.2683,,,,,,,,,,,,,,Thailand,N2O
AIM/Hub-Thailand 2.2,NDCUnc2030_-30pc2050,THA,Emissions|N2O|AFOLU|Agriculture,kt N2O/yr,,,,,,,38.4836,,,,,40.2332,,41.5889,,,,,37.9888,34.7619,30.8731,28.9734,27.8132,27.4168,,,,,,,,,,,,,,Thailand,N2O
AIM/Hub-Thailand 2.2,NDCUnc2030_-40pc2050,THA,Carbon Sequestration|CCS|Biomass,Mt CO2/yr,,,,,,,0.0,,,,,0.0,,0.0,,,,,0.0,0.0,0.0,1.4143,12.8469,40.831,,,,,,,,,,,,,,Thailand,
AIM/Hub-Thailand 2.2,NDCUnc2030_-40pc2050,THA,Carbon Sequestration|CCS|Biomass|Energy|Supply,Mt CO2/yr,,,,,,,0.0,,,,,0.0,,0.0,,,,,0.0,0.0,0.0,1.4143,12.8469,40.831,,,,,,,,,,,,,,Thailand,
AIM/Hub-Thailand 2.2,NDCUnc2030_-40pc2050,THA,Carbon Sequestration|CCS|Biomass|Energy|Supply|Electricity,Mt CO2/yr,,,,,,,0.0,,,,,0.0,,0.0,,,,,0.0,0.0,0.0,0.9423,10.0713,36.7226,,,,,,,,,,,,,,Thailand,
AIM/Hub-Thailand 2.2,NDCUnc2030_-40pc2050,THA,Carbon Sequestration|CCS|Biomass|Energy|Supply|Liquids,Mt CO2/yr,,,,,,,0.0,,,,,0.0,,0.0,,,,,0.0,0.0,0.0,0.472,2.7756,4.1083,,,,,,,,,,,,,,Thailand,
AIM/Hub-Thailand 2.2,NDCUnc2030_-40pc2050,THA,Emissions|CH4|AFOLU,Mt CH4/yr,,,,,,,2.7842,,,,,2.8339,,2.8601,,,,,2.5379,2.0823,1.5087,1.1806,0.9788,0.8698,,,,,,,,,,,,,,Thailand,CH4
AIM/Hub-Thailand 2.2,NDCUnc2030_-40pc2050,THA,Emissions|CH4|AFOLU|Agriculture,Mt CH4/yr,,,,,,,2.5619,,,,,2.61,,2.6361,,,,,2.3417,1.925,1.398,1.0965,0.9116,0.812,,,,,,,,,,,,,,Thailand,CH4
AIM/Hub-Thailand 2.2,NDCUnc2030_-40pc2050,THA,Emissions|CH4|Energy|Demand|Industry,Mt CH4/yr,,,,,,,0.0109,,,,,0.0114,,0.0121,,,,,0.0125,0.0126,0.0122,0.012,0.012,0.0124,,,,,,,,,,,,,,Thailand,CH4
AIM/Hub-Thailand 2.2,NDCUnc2030_-40pc2050,THA,Emissions|CH4|Energy|Demand|Transportation,Mt CH4/yr,,,,,,,0.015,,,,,0.0172,,0.0192,,,,,0.0211,0.0227,0.0223,0.0214,0.0197,0.0184,,,,,,,,,,,,,,Thailand,CH4
AIM/Hub-Thailand 2.2,NDCUnc2030_-40pc2050,THA,Emissions|CH4|Energy|Supply,Mt CH4/yr,,,,,,,0.864,,,,,0.8739,,0.8627,,,,,0.5868,0.4004,0.2399,0.1824,0.1518,0.1333,,,,,,,,,,,,,,Thailand,CH4
AIM/Hub-Thailand 2.2,NDCUnc2030_-40pc2050,THA,Emissions|CO2|AFOLU,Mt CO2/yr,,,,,,,16.4343,,,,,17.3199,,14.2326,,,,,9.931,4.2919,-4.4244,-14.75,-24.5204,-33.435,,,,,,,,,,,,,,Thailand,CO2
AIM/Hub-Thailand 2.2,NDCUnc2030_-40pc2050,THA,Emissions|CO2|Energy and Industrial Processes,Mt CO2/yr,,,,,,,316.0238,,,,,348.6301,,367.1072,,,,,365.03,360.5649,326.9527,282.8577,233.1872,179.0238,,,,,,,,,,,,,,Thailand,CO2
AIM/Hub-Thailand 2.2,NDCUnc2030_-40pc2050,THA,Emissions|CO2|Energy|Demand,Mt CO2/yr,,,,,,,155.4521,,,,,177.0877,,190.9527,,,,,196.0595,193.3701,174.6686,163.8184,155.2676,158.8546,,,,,,,,,,,,,,Thailand,CO2
AIM/Hub-Thailand 2.2,NDCUnc2030_-40pc2050,THA,Emissions|CO2|Energy|Demand|AFOFI,Mt CO2/yr,,,,,,,12.7059,,,,,15.2965,,14.7513,,,,,14.0163,12.8725,10.7502,9.1091,8.002,7.4479,,,,,,,,,,,,,,Thailand,CO2
AIM/Hub-Thailand 2.2,NDCUnc2030_-40pc2050,THA,Emissions|CO2|Energy|Demand|Industry,Mt CO2/yr,,,,,,,83.6637,,,,,93.7695,,99.8465,,,,,97.2183,88.6375,72.2104,64.6585,60.9418,65.6782,,,,,,,,,,,,,,Thailand,CO2
AIM/Hub-Thailand 2.2,NDCUnc2030_-40pc2050,THA,Emissions|CO2|Energy|Demand|Residential and Commercial|Commercial,Mt CO2/yr,,,,,,,0.5503,,,,,0.3946,,0.3492,,,,,0.2175,0.0818,0.011,0.0047,0.0031,0.0031,,,,,,,,,,,,,,Thailand,CO2
AIM/Hub-Thailand 2.2,NDCUnc2030_-40pc2050,THA,Emissions|CO2|Energy|Demand|Residential and Commercial|Residential,Mt CO2/yr,,,,,,,0.0122,,,,,0.0047,,0.0048,,,,,0.0048,0.0045,0.0036,0.003,0.0025,0.0024,,,,,,,,,,,,,,Thailand,CO2
AIM/Hub-Thailand 2.2,NDCUnc2030_-40pc2050,THA,Emissions|CO2|Energy|Demand|Transportation,Mt CO2/yr,,,,,,,58.5201,,,,,67.6224,,76.0009,,,,,84.6026,91.7738,91.6934,90.0432,86.3182,85.723,,,,,,,,,,,,,,Thailand,CO2
AIM/Hub-Thailand 2.2,NDCUnc2030_-40pc2050,THA,Emissions|CO2|Energy|Supply,Mt CO2/yr,,,,,,,138.594,,,,,149.3649,,152.2723,,,,,146.663,145.9615,132.606,99.1802,57.393,-1.9781,,,,,,,,,,,,,,Thailand,CO2
AIM/Hub-Thailand 2.2,NDCUnc2030_-40pc2050,THA,Emissions|CO2|Energy|Supply|Electricity,Mt CO2/yr,,,,,,,97.8327,,,,,106.9627,,109.7546,,,,,114.0094,118.9486,111.1601,81.4989,44.5469,-12.4859,,,,,,,,,,,,,,Thailand,CO2
AIM/Hub-Thailand 2.2,NDCUnc2030_-40pc2050,THA,Emissions|CO2|Industrial Processes,Mt CO2/yr,,,,,,,21.9777,,,,,22.1775,,23.8821,,,,,22.3075,21.2333,19.6781,19.859,20.5267,22.1473,,,,,,,,,,,,,,Thailand,CO2
AIM/Hub-Thailand 2.2,NDCUnc2030_-40pc2050,THA,Emissions|N2O|AFOLU,kt N2O/yr,,,,,,,49.257,,,,,51.4546,,53.3006,,,,,48.7255,44.327,38.5906,35.7035,34.1188,33.7948,,,,,,,,,,,,,,Thailand,N2O
AIM/Hub-Thailand 2.2,NDCUnc2030_-40pc2050,THA,Emissions|N2O|AFOLU|Agriculture,kt N2O/yr,,,,,,,38.4836,,,,,40.2332,,41.5889,,,,,37.9888,34.7619,30.5923,28.4582,27.2781,27.0456,,,,,,,,,,,,,,Thailand,N2O
AIM/Hub-Thailand 2.2,NDCUnc2030_-50pc2050,THA,Carbon Sequestration|CCS|Biomass,Mt CO2/yr,,,,,,,0.0,,,,,0.0,,0.0,,,,,0.0,0.0,0.0,2.2898,17.6665,65.378,,,,,,,,,,,,,,Thailand,
AIM/Hub-Thailand 2.2,NDCUnc2030_-50pc2050,THA,Carbon Sequestration|CCS|Biomass|Energy|Supply,Mt CO2/yr,,,,,,,0.0,,,,,0.0,,0.0,,,,,0.0,0.0,0.0,2.2898,17.6665,65.378,,,,,,,,,,,,,,Thailand,
AIM/Hub-Thailand 2.2,NDCUnc2030_-50pc2050,THA,Carbon Sequestration|CCS|Biomass|Energy|Supply|Electricity,Mt CO2/yr,,,,,,,0.0,,,,,0.0,,0.0,,,,,0.0,0.0,0.0,1.5168,13.8902,59.4873,,,,,,,,,,,,,,Thailand,
AIM/Hub-Thailand 2.2,NDCUnc2030_-50pc2050,THA,Carbon Sequestration|CCS|Biomass|Energy|Supply|Liquids,Mt CO2/yr,,,,,,,0.0,,,,,0.0,,0.0,,,,,0.0,0.0,0.0,0.773,3.7763,5.8907,,,,,,,,,,,,,,Thailand,
AIM/Hub-Thailand 2.2,NDCUnc2030_-50pc2050,THA,Emissions|CH4|AFOLU,Mt CH4/yr,,,,,,,2.7842,,,,,2.8339,,2.8601,,,,,2.5379,2.0823,1.4803,1.1394,0.9366,0.8475,,,,,,,,,,,,,,Thailand,CH4
AIM/Hub-Thailand 2.2,NDCUnc2030_-50pc2050,THA,Emissions|CH4|AFOLU|Agriculture,Mt CH4/yr,,,,,,,2.5619,,,,,2.61,,2.6361,,,,,2.3417,1.925,1.3717,1.0583,0.8724,0.7913,,,,,,,,,,,,,,Thailand,CH4
AIM/Hub-Thailand 2.2,NDCUnc2030_-50pc2050,THA,Emissions|CH4|Energy|Demand|Industry,Mt CH4/yr,,,,,,,0.0109,,,,,0.0114,,0.0121,,,,,0.0125,0.0126,0.0121,0.0118,0.0117,0.0122,,,,,,,,,,,,,,Thailand,CH4
AIM/Hub-Thailand 2.2,NDCUnc2030_-50pc2050,THA,Emissions|CH4|Energy|Demand|Transportation,Mt CH4/yr,,,,,,,0.015,,,,,0.0172,,0.0192,,,,,0.0211,0.0227,0.022,0.0205,0.0184,0.0179,,,,,,,,,,,,,,Thailand,CH4
AIM/Hub-Thailand 2.2,NDCUnc2030_-50pc2050,THA,Emissions|CH4|Energy|Supply,Mt CH4/yr,,,,,,,0.864,,,,,0.8739,,0.8627,,,,,0.5868,0.4004,0.2312,0.1711,0.1422,0.1299,,,,,,,,,,,,,,Thailand,CH4
AIM/Hub-Thailand 2.2,NDCUnc2030_-50pc2050,THA,Emissions|CO2|AFOLU,Mt CO2/yr,,,,,,,16.4343,,,,,17.3199,,14.2326,,,,,9.931,4.2919,-4.5186,-14.8887,-24.5067,-28.5327,,,,,,,,,,,,,,Thailand,CO2
AIM/Hub-Thailand 2.2,NDCUnc2030_-50pc2050,THA,Emissions|CO2|Energy and Industrial Processes,Mt CO2/yr,,,,,,,316.0238,,,,,348.6301,,367.1072,,,,,365.03,360.5649,320.5067,269.1685,211.4958,143.6021,,,,,,,,,,,,,,Thailand,CO2
AIM/Hub-Thailand 2.2,NDCUnc2030_-50pc2050,THA,Emissions|CO2|Energy|Demand,Mt CO2/yr,,,,,,,155.4521,,,,,177.0877,,190.9527,,,,,196.0595,193.3701,171.0287,154.8031,141.345,151.0813,,,,,,,,,,,,,,Thailand,CO2
AIM/Hub-Thailand 2.2,NDCUnc2030_-50pc2050,THA,Emissions|CO2|Energy|Demand|AFOFI,Mt CO2/yr,,,,,,,12.7059,,,,,15.2965,,14.7513,,,,,14.0163,12.8725,10.5728,8.7597,7.6069,7.2459,,,,,,,,,,,,,,Thailand,CO2
AIM/Hub-Thailand 2.2,NDCUnc2030_-50pc2050,THA,Emissions|CO2|Energy|Demand|Industry,Mt CO2/yr,,,,,,,83.6637,,,,,93.7695,,99.8465,,,,,97.2183,88.6375,70.0823,59.526,52.4138,60.2785,,,,,,,,,,,,,,Thailand,CO2
AIM/Hub-Thailand 2.2,NDCUnc2030_-50pc2050,THA,Emissions|CO2|Energy|Demand|Residential and Commercial|Commercial,Mt CO2/yr,,,,,,,0.5503,,,,,0.3946,,0.3492,,,,,0.2175,0.0818,0.0093,0.0035,0.0022,0.0024,,,,,,,,,,,,,,Thailand,CO2
AIM/Hub-Thailand 2.2,NDCUnc2030_-50pc2050,THA,Emissions|CO2|Energy|Demand|Residential and Commercial|Residential,Mt CO2/yr,,,,,,,0.0122,,,,,0.0047,,0.0048,,,,,0.0048,0.0045,0.0035,0.0027,0.0022,0.0022,,,,,,,,,,,,,,Thailand,CO2
AIM/Hub-Thailand 2.2,NDCUnc2030_-50pc2050,THA,Emissions|CO2|Energy|Demand|Transportation,Mt CO2/yr,,,,,,,58.5201,,,,,67.6224,,76.0009,,,,,84.6026,91.7738,90.3608,86.5112,81.3199,83.5523,,,,,,,,,,,,,,Thailand,CO2
AIM/Hub-Thailand 2.2,NDCUnc2030_-50pc2050,THA,Emissions|CO2|Energy|Supply,Mt CO2/yr,,,,,,,138.594,,,,,149.3649,,152.2723,,,,,146.663,145.9615,130.0568,94.9791,50.4397,-29.2626,,,,,,,,,,,,,,Thailand,CO2
AIM/Hub-Thailand 2.2,NDCUnc2030_-50pc2050,THA,Emissions|CO2|Energy|Supply|Electricity,Mt CO2/yr,,,,,,,97.8327,,,,,106.9627,,109.7546,,,,,114.0094,118.9486,109.1248,79.0708,39.8763,-35.8401,,,,,,,,,,,,,,Thailand,CO2
AIM/Hub-Thailand 2.2,NDCUnc2030_-50pc2050,THA,Emissions|CO2|Industrial Processes,Mt CO2/yr,,,,,,,21.9777,,,,,22.1775,,23.8821,,,,,22.3075,21.2333,19.4212,19.3863,19.7111,21.7834,,,,,,,,,,,,,,Thailand,CO2
AIM/Hub-Thailand 2.2,NDCUnc2030_-50pc2050,THA,Emissions|N2O|AFOLU,kt N2O/yr,,,,,,,49.257,,,,,51.4546,,53.3006,,,,,48.7255,44.327,38.1793,35.0659,33.338,33.3165,,,,,,,,,,,,,,Thailand,N2O
AIM/Hub-Thailand 2.2,NDCUnc2030_-50pc2050,THA,Emissions|N2O|AFOLU|Agriculture,kt N2O/yr,,,,,,,38.4836,,,,,40.2332,,41.5889,,,,,37.9888,34.7619,30.2922,27.9979,26.6894,26.6711,,,,,,,,,,,,,,Thailand,N2O
AIM/Hub-Thailand 2.2,NDCUnc2030_-60pc2050,THA,Carbon Sequestration|CCS|Biomass,Mt CO2/yr,,,,,,,0.0,,,,,0.0,,0.0,,,,,0.0,0.0,0.0,2.6406,21.0184,77.2168,,,,,,,,,,,,,,Thailand,
AIM/Hub-Thailand 2.2,NDCUnc2030_-60pc2050,THA,Carbon Sequestration|CCS|Biomass|Energy|Supply,Mt CO2/yr,,,,,,,0.0,,,,,0.0,,0.0,,,,,0.0,0.0,0.0,2.6406,21.0184,77.2168,,,,,,,,,,,,,,Thailand,
AIM/Hub-Thailand 2.2,NDCUnc2030_-60pc2050,THA,Carbon Sequestration|CCS|Biomass|Energy|Supply|Electricity,Mt CO2/yr,,,,,,,0.0,,,,,0.0,,0.0,,,,,0.0,0.0,0.0,1.7419,16.9066,71.2096,,,,,,,,,,,,,,Thailand,
AIM/Hub-Thailand 2.2,NDCUnc2030_-60pc2050,THA,Carbon Sequestration|CCS|Biomass|Energy|Supply|Liquids,Mt CO2/yr,,,,,,,0.0,,,,,0.0,,0.0,,,,,0.0,0.0,0.0,0.8987,4.1118,6.0073,,,,,,,,,,,,,,Thailand,
AIM/Hub-Thailand 2.2,NDCUnc2030_-60pc2050,THA,Emissions|CH4|AFOLU,Mt CH4/yr,,,,,,,2.7842,,,,,2.8339,,2.8601,,,,,2.5379,2.0823,1.4602,1.1044,0.8978,0.8102,,,,,,,,,,,,,,Thailand,CH4
AIM/Hub-Thailand 2.2,NDCUnc2030_-60pc2050,THA,Emissions|CH4|AFOLU|Agriculture,Mt CH4/yr,,,,,,,2.5619,,,,,2.61,,2.6361,,,,,2.3417,1.925,1.3531,1.0258,0.8364,0.7565,,,,,,,,,,,,,,Thailand,CH4
AIM/Hub-Thailand 2.2,NDCUnc2030_-60pc2050,THA,Emissions|CH4|Energy|Demand|Industry,Mt CH4/yr,,,,,,,0.0109,,,,,0.0114,,0.0121,,,,,0.0125,0.0126,0.0121,0.0116,0.0114,0.0118,,,,,,,,,,,,,,Thailand,CH4
AIM/Hub-Thailand 2.2,NDCUnc2030_-60pc2050,THA,Emissions|CH4|Energy|Demand|Transportation,Mt CH4/yr,,,,,,,0.015,,,,,0.0172,,0.0192,,,,,0.0211,0.0227,0.0217,0.0197,0.0173,0.0168,,,,,,,,,,,,,,Thailand,CH4
AIM/Hub-Thailand 2.2,NDCUnc2030_-60pc2050,THA,Emissions|CH4|Energy|Supply,Mt CH4/yr,,,,,,,0.864,,,,,0.8739,,0.8627,,,,,0.5868,0.4004,0.2252,0.1619,0.1331,0.1227,,,,,,,,,,,,,,Thailand,CH4
AIM/Hub-Thailand 2.2,NDCUnc2030_-60pc2050,THA,Emissions|CO2|AFOLU,Mt CO2/yr,,,,,,,16.4343,,,,,17.3199,,14.2326,,,,,9.931,4.2919,-4.5839,-15.0046,-24.6992,-27.9881,,,,,,,,,,,,,,Thailand,CO2
AIM/Hub-Thailand 2.2,NDCUnc2030_-60pc2050,THA,Emissions|CO2|Energy and Industrial Processes,Mt CO2/yr,,,,,,,316.0238,,,,,348.6301,,367.1072,,,,,365.03,360.5649,313.6325,255.1522,189.8567,113.2593,,,,,,,,,,,,,,Thailand,CO2
AIM/Hub-Thailand 2.2,NDCUnc2030_-60pc2050,THA,Emissions|CO2|Energy|Demand,Mt CO2/yr,,,,,,,155.4521,,,,,177.0877,,190.9527,,,,,196.0595,193.3701,168.4981,146.118,127.9547,136.0836,,,,,,,,,,,,,,Thailand,CO2
AIM/Hub-Thailand 2.2,NDCUnc2030_-60pc2050,THA,Emissions|CO2|Energy|Demand|AFOFI,Mt CO2/yr,,,,,,,12.7059,,,,,15.2965,,14.7513,,,,,14.0163,12.8725,10.4417,8.4427,7.2086,6.8805,,,,,,,,,,,,,,Thailand,CO2
AIM/Hub-Thailand 2.2,NDCUnc2030_-60pc2050,THA,Emissions|CO2|Energy|Demand|Industry,Mt CO2/yr,,,,,,,83.6637,,,,,93.7695,,99.8465,,,,,97.2183,88.6375,68.6595,54.4079,44.0467,49.9858,,,,,,,,,,,,,,Thailand,CO2
AIM/Hub-Thailand 2.2,NDCUnc2030_-60pc2050,THA,Emissions|CO2|Energy|Demand|Residential and Commercial|Commercial,Mt CO2/yr,,,,,,,0.5503,,,,,0.3946,,0.3492,,,,,0.2175,0.0818,0.0083,0.0027,0.0015,0.0014,,,,,,,,,,,,,,Thailand,CO2
AIM/Hub-Thailand 2.2,NDCUnc2030_-60pc2050,THA,Emissions|CO2|Energy|Demand|Residential and Commercial|Residential,Mt CO2/yr,,,,,,,0.0122,,,,,0.0047,,0.0048,,,,,0.0048,0.0045,0.0035,0.0025,0.0019,0.0019,,,,,,,,,,,,,,Thailand,CO2
AIM/Hub-Thailand 2.2,NDCUnc2030_-60pc2050,THA,Emissions|CO2|Energy|Demand|Transportation,Mt CO2/yr,,,,,,,58.5201,,,,,67.6224,,76.0009,,,,,84.6026,91.7738,89.3851,83.2622,76.696,79.2141,,,,,,,,,,,,,,Thailand,CO2
AIM/Hub-Thailand 2.2,NDCUnc2030_-60pc2050,THA,Emissions|CO2|Energy|Supply,Mt CO2/yr,,,,,,,138.594,,,,,149.3649,,152.2723,,,,,146.663,145.9615,125.892,90.3199,43.5792,-43.8048,,,,,,,,,,,,,,Thailand,CO2
AIM/Hub-Thailand 2.2,NDCUnc2030_-60pc2050,THA,Emissions|CO2|Energy|Supply|Electricity,Mt CO2/yr,,,,,,,97.8327,,,,,106.9627,,109.7546,,,,,114.0094,118.9486,105.3235,75.3903,34.2298,-49.5212,,,,,,,,,,,,,,Thailand,CO2
AIM/Hub-Thailand 2.2,NDCUnc2030_-60pc2050,THA,Emissions|CO2|Industrial Processes,Mt CO2/yr,,,,,,,21.9777,,,,,22.1775,,23.8821,,,,,22.3075,21.2333,19.2424,18.7142,18.3228,20.9805,,,,,,,,,,,,,,Thailand,CO2
AIM/Hub-Thailand 2.2,NDCUnc2030_-60pc2050,THA,Emissions|N2O|AFOLU,kt N2O/yr,,,,,,,49.257,,,,,51.4546,,53.3006,,,,,48.7255,44.327,37.8898,34.5224,32.609,32.4987,,,,,,,,,,,,,,Thailand,N2O
AIM/Hub-Thailand 2.2,NDCUnc2030_-60pc2050,THA,Emissions|N2O|AFOLU|Agriculture,kt N2O/yr,,,,,,,38.4836,,,,,40.2332,,41.5889,,,,,37.9888,34.7619,30.0807,27.6042,26.1397,26.0261,,,,,,,,,,,,,,Thailand,N2O
AIM/Hub-Thailand 2.2,NDCUnc2030_-70pc2050,THA,Carbon Sequestration|CCS|Biomass,Mt CO2/yr,,,,,,,0.0,,,,,0.0,,0.0,,,,,0.0,0.0,0.1156,3.3919,27.2797,93.8635,,,,,,,,,,,,,,Thailand,
AIM/Hub-Thailand 2.2,NDCUnc2030_-70pc2050,THA,Carbon Sequestration|CCS|Biomass|Energy|Supply,Mt CO2/yr,,,,,,,0.0,,,,,0.0,,0.0,,,,,0.0,0.0,0.1156,3.3919,27.2797,93.8635,,,,,,,,,,,,,,Thailand,
AIM/Hub-Thailand 2.2,NDCUnc2030_-70pc2050,THA,Carbon Sequestration|CCS|Biomass|Energy|Supply|Electricity,Mt CO2/yr,,,,,,,0.0,,,,,0.0,,0.0,,,,,0.0,0.0,0.0623,2.2345,22.8892,87.5524,,,,,,,,,,,,,,Thailand,
AIM/Hub-Thailand 2.2,NDCUnc2030_-70pc2050,THA,Carbon Sequestration|CCS|Biomass|Energy|Supply|Liquids,Mt CO2/yr,,,,,,,0.0,,,,,0.0,,0.0,,,,,0.0,0.0,0.0533,1.1574,4.3905,6.311,,,,,,,,,,,,,,Thailand,
AIM/Hub-Thailand 2.2,NDCUnc2030_-70pc2050,THA,Emissions|CH4|AFOLU,Mt CH4/yr,,,,,,,2.7842,,,,,2.8339,,2.8601,,,,,2.5379,2.0823,1.4313,1.0647,0.8606,0.784,,,,,,,,,,,,,,Thailand,CH4
AIM/Hub-Thailand 2.2,NDCUnc2030_-70pc2050,THA,Emissions|CH4|AFOLU|Agriculture,Mt CH4/yr,,,,,,,2.5619,,,,,2.61,,2.6361,,,,,2.3417,1.925,1.3262,0.9888,0.8017,0.7321,,,,,,,,,,,,,,Thailand,CH4
AIM/Hub-Thailand 2.2,NDCUnc2030_-70pc2050,THA,Emissions|CH4|Energy|Demand|Industry,Mt CH4/yr,,,,,,,0.0109,,,,,0.0114,,0.0121,,,,,0.0125,0.0126,0.012,0.0113,0.011,0.0115,,,,,,,,,,,,,,Thailand,CH4
AIM/Hub-Thailand 2.2,NDCUnc2030_-70pc2050,THA,Emissions|CH4|Energy|Demand|Transportation,Mt CH4/yr,,,,,,,0.015,,,,,0.0172,,0.0192,,,,,0.0211,0.0227,0.0213,0.0187,0.0162,0.0159,,,,,,,,,,,,,,Thailand,CH4
AIM/Hub-Thailand 2.2,NDCUnc2030_-70pc2050,THA,Emissions|CH4|Energy|Supply,Mt CH4/yr,,,,,,,0.864,,,,,0.8739,,0.8627,,,,,0.5868,0.4004,0.2167,0.1518,0.1246,0.1175,,,,,,,,,,,,,,Thailand,CH4
AIM/Hub-Thailand 2.2,NDCUnc2030_-70pc2050,THA,Emissions|CO2|AFOLU,Mt CO2/yr,,,,,,,16.4343,,,,,17.3199,,14.2326,,,,,9.931,4.2919,-4.6761,-15.1341,-24.5302,-26.2939,,,,,,,,,,,,,,Thailand,CO2
AIM/Hub-Thailand 2.2,NDCUnc2030_-70pc2050,THA,Emissions|CO2|Energy and Industrial Processes,Mt CO2/yr,,,,,,,316.0238,,,,,348.6301,,367.1072,,,,,365.03,360.5649,307.1849,241.3399,167.7748,81.2761,,,,,,,,,,,,,,Thailand,CO2
AIM/Hub-Thailand 2.2,NDCUnc2030_-70pc2050,THA,Emissions|CO2|Energy|Demand,Mt CO2/yr,,,,,,,155.4521,,,,,177.0877,,190.9527,,,,,196.0595,193.3701,164.5769,136.2553,116.3616,122.2188,,,,,,,,,,,,,,Thailand,CO2
AIM/Hub-Thailand 2.2,NDCUnc2030_-70pc2050,THA,Emissions|CO2|Energy|Demand|AFOFI,Mt CO2/yr,,,,,,,12.7059,,,,,15.2965,,14.7513,,,,,14.0163,12.8725,10.2444,8.068,6.7905,6.5808,,,,,,,,,,,,,,Thailand,CO2
AIM/Hub-Thailand 2.2,NDCUnc2030_-70pc2050,THA,Emissions|CO2|Energy|Demand|Industry,Mt CO2/yr,,,,,,,83.6637,,,,,93.7695,,99.8465,,,,,97.2183,88.6375,66.4629,48.9071,37.3486,40.0398,,,,,,,,,,,,,,Thailand,CO2
AIM/Hub-Thailand 2.2,NDCUnc2030_-70pc2050,THA,Emissions|CO2|Energy|Demand|Residential and Commercial|Commercial,Mt CO2/yr,,,,,,,0.5503,,,,,0.3946,,0.3492,,,,,0.2175,0.0818,0.0069999999999999,0.002,0.0009,0.001,,,,,,,,,,,,,,Thailand,CO2
AIM/Hub-Thailand 2.2,NDCUnc2030_-70pc2050,THA,Emissions|CO2|Energy|Demand|Residential and Commercial|Residential,Mt CO2/yr,,,,,,,0.0122,,,,,0.0047,,0.0048,,,,,0.0048,0.0045,0.0034,0.0023,0.0016,0.0016,,,,,,,,,,,,,,Thailand,CO2
AIM/Hub-Thailand 2.2,NDCUnc2030_-70pc2050,THA,Emissions|CO2|Energy|Demand|Transportation,Mt CO2/yr,,,,,,,58.5201,,,,,67.6224,,76.0009,,,,,84.6026,91.7738,87.8592,79.276,72.22,75.5957,,,,,,,,,,,,,,Thailand,CO2
AIM/Hub-Thailand 2.2,NDCUnc2030_-70pc2050,THA,Emissions|CO2|Energy|Supply,Mt CO2/yr,,,,,,,138.594,,,,,149.3649,,152.2723,,,,,146.663,145.9615,123.6255,87.3388,35.9961,-60.9521,,,,,,,,,,,,,,Thailand,CO2
AIM/Hub-Thailand 2.2,NDCUnc2030_-70pc2050,THA,Emissions|CO2|Energy|Supply|Electricity,Mt CO2/yr,,,,,,,97.8327,,,,,106.9627,,109.7546,,,,,114.0094,118.9486,103.9837,73.7441,27.9923,-65.6392,,,,,,,,,,,,,,Thailand,CO2
AIM/Hub-Thailand 2.2,NDCUnc2030_-70pc2050,THA,Emissions|CO2|Industrial Processes,Mt CO2/yr,,,,,,,21.9777,,,,,22.1775,,23.8821,,,,,22.3075,21.2333,18.9826,17.7458,15.4171,20.0094,,,,,,,,,,,,,,Thailand,CO2
AIM/Hub-Thailand 2.2,NDCUnc2030_-70pc2050,THA,Emissions|N2O|AFOLU,kt N2O/yr,,,,,,,49.257,,,,,51.4546,,53.3006,,,,,48.7255,44.327,37.4768,33.9055,31.8965,31.9255,,,,,,,,,,,,,,Thailand,N2O
AIM/Hub-Thailand 2.2,NDCUnc2030_-70pc2050,THA,Emissions|N2O|AFOLU|Agriculture,kt N2O/yr,,,,,,,38.4836,,,,,40.2332,,41.5889,,,,,37.9888,34.7619,29.7783,27.155,25.6021,25.5829,,,,,,,,,,,,,,Thailand,N2O
AIM/Hub-Thailand 2.2,NDCUnc2030_-80pc2050,THA,Carbon Sequestration|CCS|Biomass,Mt CO2/yr,,,,,,,0.0,,,,,0.0,,0.0,,,,,0.0,0.0,0.1521,4.0255,34.6348,110.7373,,,,,,,,,,,,,,Thailand,
AIM/Hub-Thailand 2.2,NDCUnc2030_-80pc2050,THA,Carbon Sequestration|CCS|Biomass|Energy|Supply,Mt CO2/yr,,,,,,,0.0,,,,,0.0,,0.0,,,,,0.0,0.0,0.1521,4.0255,34.6348,110.7373,,,,,,,,,,,,,,Thailand,
AIM/Hub-Thailand 2.2,NDCUnc2030_-80pc2050,THA,Carbon Sequestration|CCS|Biomass|Energy|Supply|Electricity,Mt CO2/yr,,,,,,,0.0,,,,,0.0,,0.0,,,,,0.0,0.0,0.0808,2.8916,29.9837,104.2319,,,,,,,,,,,,,,Thailand,
AIM/Hub-Thailand 2.2,NDCUnc2030_-80pc2050,THA,Carbon Sequestration|CCS|Biomass|Energy|Supply|Liquids,Mt CO2/yr,,,,,,,0.0,,,,,0.0,,0.0,,,,,0.0,0.0,0.0712,1.1339,4.6511,6.5054,,,,,,,,,,,,,,Thailand,
AIM/Hub-Thailand 2.2,NDCUnc2030_-80pc2050,THA,Emissions|CH4|AFOLU,Mt CH4/yr,,,,,,,2.7842,,,,,2.8339,,2.8601,,,,,2.5379,2.0823,1.4007,1.0224,0.8264,0.7614,,,,,,,,,,,,,,Thailand,CH4
AIM/Hub-Thailand 2.2,NDCUnc2030_-80pc2050,THA,Emissions|CH4|AFOLU|Agriculture,Mt CH4/yr,,,,,,,2.5619,,,,,2.61,,2.6361,,,,,2.3417,1.925,1.2977,0.9493,0.7698,0.7111,,,,,,,,,,,,,,Thailand,CH4
AIM/Hub-Thailand 2.2,NDCUnc2030_-80pc2050,THA,Emissions|CH4|Energy|Demand|Industry,Mt CH4/yr,,,,,,,0.0109,,,,,0.0114,,0.0121,,,,,0.0125,0.0126,0.0118,0.0111,0.0107,0.0112,,,,,,,,,,,,,,Thailand,CH4
AIM/Hub-Thailand 2.2,NDCUnc2030_-80pc2050,THA,Emissions|CH4|Energy|Demand|Transportation,Mt CH4/yr,,,,,,,0.015,,,,,0.0172,,0.0192,,,,,0.0211,0.0227,0.0209,0.0177,0.015,0.0149,,,,,,,,,,,,,,Thailand,CH4
AIM/Hub-Thailand 2.2,NDCUnc2030_-80pc2050,THA,Emissions|CH4|Energy|Supply,Mt CH4/yr,,,,,,,0.864,,,,,0.8739,,0.8627,,,,,0.5868,0.4004,0.2081,0.1418,0.1169,0.1128,,,,,,,,,,,,,,Thailand,CH4
AIM/Hub-Thailand 2.2,NDCUnc2030_-80pc2050,THA,Emissions|CO2|AFOLU,Mt CO2/yr,,,,,,,16.4343,,,,,17.3199,,14.2326,,,,,9.931,4.2919,-4.7715,-15.2701,-26.0239,-26.0691,,,,,,,,,,,,,,Thailand,CO2
AIM/Hub-Thailand 2.2,NDCUnc2030_-80pc2050,THA,Emissions|CO2|Energy and Industrial Processes,Mt CO2/yr,,,,,,,316.0238,,,,,348.6301,,367.1072,,,,,365.03,360.5649,300.8031,227.6135,147.2168,50.6157,,,,,,,,,,,,,,Thailand,CO2
AIM/Hub-Thailand 2.2,NDCUnc2030_-80pc2050,THA,Emissions|CO2|Energy|Demand,Mt CO2/yr,,,,,,,155.4521,,,,,177.0877,,190.9527,,,,,196.0595,193.3701,160.2747,126.4947,105.013,110.4745,,,,,,,,,,,,,,Thailand,CO2
AIM/Hub-Thailand 2.2,NDCUnc2030_-80pc2050,THA,Emissions|CO2|Energy|Demand|AFOFI,Mt CO2/yr,,,,,,,12.7059,,,,,15.2965,,14.7513,,,,,14.0163,12.8725,10.0254,7.6499,6.3664,6.2769,,,,,,,,,,,,,,Thailand,CO2
AIM/Hub-Thailand 2.2,NDCUnc2030_-80pc2050,THA,Emissions|CO2|Energy|Demand|Industry,Mt CO2/yr,,,,,,,83.6637,,,,,93.7695,,99.8465,,,,,97.2183,88.6375,64.1133,43.5666,31.2408,32.4137,,,,,,,,,,,,,,Thailand,CO2
AIM/Hub-Thailand 2.2,NDCUnc2030_-80pc2050,THA,Emissions|CO2|Energy|Demand|Residential and Commercial|Commercial,Mt CO2/yr,,,,,,,0.5503,,,,,0.3946,,0.3492,,,,,0.2175,0.0818,0.0059,0.0015,0.0006,0.0007,,,,,,,,,,,,,,Thailand,CO2
AIM/Hub-Thailand 2.2,NDCUnc2030_-80pc2050,THA,Emissions|CO2|Energy|Demand|Residential and Commercial|Residential,Mt CO2/yr,,,,,,,0.0122,,,,,0.0047,,0.0048,,,,,0.0048,0.0045,0.0032,0.002,0.0014,0.0014,,,,,,,,,,,,,,Thailand,CO2
AIM/Hub-Thailand 2.2,NDCUnc2030_-80pc2050,THA,Emissions|CO2|Energy|Demand|Transportation,Mt CO2/yr,,,,,,,58.5201,,,,,67.6224,,76.0009,,,,,84.6026,91.7738,86.127,75.2746,67.4039,71.7818,,,,,,,,,,,,,,Thailand,CO2
AIM/Hub-Thailand 2.2,NDCUnc2030_-80pc2050,THA,Emissions|CO2|Energy|Supply,Mt CO2/yr,,,,,,,138.594,,,,,149.3649,,152.2723,,,,,146.663,145.9615,121.8208,84.5477,27.7593,-77.8007,,,,,,,,,,,,,,Thailand,CO2
AIM/Hub-Thailand 2.2,NDCUnc2030_-80pc2050,THA,Emissions|CO2|Energy|Supply|Electricity,Mt CO2/yr,,,,,,,97.8327,,,,,106.9627,,109.7546,,,,,114.0094,118.9486,102.8649,71.9404,20.7977,-81.8171,,,,,,,,,,,,,,Thailand,CO2
AIM/Hub-Thailand 2.2,NDCUnc2030_-80pc2050,THA,Emissions|CO2|Industrial Processes,Mt CO2/yr,,,,,,,21.9777,,,,,22.1775,,23.8821,,,,,22.3075,21.2333,18.7076,16.5712,14.4445,17.9419,,,,,,,,,,,,,,Thailand,CO2
AIM/Hub-Thailand 2.2,NDCUnc2030_-80pc2050,THA,Emissions|N2O|AFOLU,kt N2O/yr,,,,,,,49.257,,,,,51.4546,,53.3006,,,,,48.7255,44.327,37.0417,33.2376,31.2306,31.4426,,,,,,,,,,,,,,Thailand,N2O
AIM/Hub-Thailand 2.2,NDCUnc2030_-80pc2050,THA,Emissions|N2O|AFOLU|Agriculture,kt N2O/yr,,,,,,,38.4836,,,,,40.2332,,41.5889,,,,,37.9888,34.7619,29.4589,26.6643,25.0993,25.2189,,,,,,,,,,,,,,Thailand,N2O
AIM/Hub-Thailand 2.2,NDCUnc2030_-90pc2050,THA,Carbon Sequestration|CCS|Biomass,Mt CO2/yr,,,,,,,0.0,,,,,0.0,,0.0,,,,,0.0,0.0,0.1556,4.5496,44.1325,129.4641,,,,,,,,,,,,,,Thailand,
AIM/Hub-Thailand 2.2,NDCUnc2030_-90pc2050,THA,Carbon Sequestration|CCS|Biomass|Energy|Supply,Mt CO2/yr,,,,,,,0.0,,,,,0.0,,0.0,,,,,0.0,0.0,0.1556,4.5496,44.1325,129.4641,,,,,,,,,,,,,,Thailand,
AIM/Hub-Thailand 2.2,NDCUnc2030_-90pc2050,THA,Carbon Sequestration|CCS|Biomass|Energy|Supply|Electricity,Mt CO2/yr,,,,,,,0.0,,,,,0.0,,0.0,,,,,0.0,0.0,0.0815,3.0197,39.697,123.058,,,,,,,,,,,,,,Thailand,
AIM/Hub-Thailand 2.2,NDCUnc2030_-90pc2050,THA,Carbon Sequestration|CCS|Biomass|Energy|Supply|Liquids,Mt CO2/yr,,,,,,,0.0,,,,,0.0,,0.0,,,,,0.0,0.0,0.0741,1.5299,4.4355,6.406,,,,,,,,,,,,,,Thailand,
AIM/Hub-Thailand 2.2,NDCUnc2030_-90pc2050,THA,Emissions|CH4|AFOLU,Mt CH4/yr,,,,,,,2.7842,,,,,2.8339,,2.8601,,,,,2.5379,2.0823,1.3703,0.9826,0.7957,0.7409,,,,,,,,,,,,,,Thailand,CH4
AIM/Hub-Thailand 2.2,NDCUnc2030_-90pc2050,THA,Emissions|CH4|AFOLU|Agriculture,Mt CH4/yr,,,,,,,2.5619,,,,,2.61,,2.6361,,,,,2.3417,1.925,1.2693,0.912,0.7412,0.692,,,,,,,,,,,,,,Thailand,CH4
AIM/Hub-Thailand 2.2,NDCUnc2030_-90pc2050,THA,Emissions|CH4|Energy|Demand|Industry,Mt CH4/yr,,,,,,,0.0109,,,,,0.0114,,0.0121,,,,,0.0125,0.0126,0.0117,0.0108,0.0104,0.0109,,,,,,,,,,,,,,Thailand,CH4
AIM/Hub-Thailand 2.2,NDCUnc2030_-90pc2050,THA,Emissions|CH4|Energy|Demand|Transportation,Mt CH4/yr,,,,,,,0.015,,,,,0.0172,,0.0192,,,,,0.0211,0.0227,0.0205,0.0165,0.0139,0.014,,,,,,,,,,,,,,Thailand,CH4
AIM/Hub-Thailand 2.2,NDCUnc2030_-90pc2050,THA,Emissions|CH4|Energy|Supply,Mt CH4/yr,,,,,,,0.864,,,,,0.8739,,0.8627,,,,,0.5868,0.4004,0.2,0.1329,0.1101,0.1085,,,,,,,,,,,,,,Thailand,CH4
AIM/Hub-Thailand 2.2,NDCUnc2030_-90pc2050,THA,Emissions|CO2|AFOLU,Mt CO2/yr,,,,,,,16.4343,,,,,17.3199,,14.2326,,,,,9.931,4.2919,-4.8635,-15.3968,-26.0935,-26.2012,,,,,,,,,,,,,,Thailand,CO2
AIM/Hub-Thailand 2.2,NDCUnc2030_-90pc2050,THA,Emissions|CO2|Energy and Industrial Processes,Mt CO2/yr,,,,,,,316.0238,,,,,348.6301,,367.1072,,,,,365.03,360.5649,294.3852,213.7583,125.0714,20.2194,,,,,,,,,,,,,,Thailand,CO2
AIM/Hub-Thailand 2.2,NDCUnc2030_-90pc2050,THA,Emissions|CO2|Energy|Demand,Mt CO2/yr,,,,,,,155.4521,,,,,177.0877,,190.9527,,,,,196.0595,193.3701,155.8765,116.3596,94.6077,101.3339,,,,,,,,,,,,,,Thailand,CO2
AIM/Hub-Thailand 2.2,NDCUnc2030_-90pc2050,THA,Emissions|CO2|Energy|Demand|AFOFI,Mt CO2/yr,,,,,,,12.7059,,,,,15.2965,,14.7513,,,,,14.0163,12.8725,9.7994,7.2441,5.934,5.96,,,,,,,,,,,,,,Thailand,CO2
AIM/Hub-Thailand 2.2,NDCUnc2030_-90pc2050,THA,Emissions|CO2|Energy|Demand|Industry,Mt CO2/yr,,,,,,,83.6637,,,,,93.7695,,99.8465,,,,,97.2183,88.6375,61.7596,38.8558,25.4881,27.2318,,,,,,,,,,,,,,Thailand,CO2
AIM/Hub-Thailand 2.2,NDCUnc2030_-90pc2050,THA,Emissions|CO2|Energy|Demand|Residential and Commercial|Commercial,Mt CO2/yr,,,,,,,0.5503,,,,,0.3946,,0.3492,,,,,0.2175,0.0818,0.005,0.0011,0.0004,0.0005,,,,,,,,,,,,,,Thailand,CO2
AIM/Hub-Thailand 2.2,NDCUnc2030_-90pc2050,THA,Emissions|CO2|Energy|Demand|Residential and Commercial|Residential,Mt CO2/yr,,,,,,,0.0122,,,,,0.0047,,0.0048,,,,,0.0048,0.0045,0.0031,0.0018,0.0011,0.0012,,,,,,,,,,,,,,Thailand,CO2
AIM/Hub-Thailand 2.2,NDCUnc2030_-90pc2050,THA,Emissions|CO2|Energy|Demand|Transportation,Mt CO2/yr,,,,,,,58.5201,,,,,67.6224,,76.0009,,,,,84.6026,91.7738,84.3094,70.2568,63.1841,68.1404,,,,,,,,,,,,,,Thailand,CO2
AIM/Hub-Thailand 2.2,NDCUnc2030_-90pc2050,THA,Emissions|CO2|Energy|Supply,Mt CO2/yr,,,,,,,138.594,,,,,149.3649,,152.2723,,,,,146.663,145.9615,120.073,82.1878,17.0078,-96.5583,,,,,,,,,,,,,,Thailand,CO2
AIM/Hub-Thailand 2.2,NDCUnc2030_-90pc2050,THA,Emissions|CO2|Energy|Supply|Electricity,Mt CO2/yr,,,,,,,97.8327,,,,,106.9627,,109.7546,,,,,114.0094,118.9486,101.6864,70.6205,10.6213,-100.2413,,,,,,,,,,,,,,Thailand,CO2
AIM/Hub-Thailand 2.2,NDCUnc2030_-90pc2050,THA,Emissions|CO2|Industrial Processes,Mt CO2/yr,,,,,,,21.9777,,,,,22.1775,,23.8821,,,,,22.3075,21.2333,18.4357,15.211,13.456,15.4438,,,,,,,,,,,,,,Thailand,CO2
AIM/Hub-Thailand 2.2,NDCUnc2030_-90pc2050,THA,Emissions|N2O|AFOLU,kt N2O/yr,,,,,,,49.257,,,,,51.4546,,53.3006,,,,,48.7255,44.327,36.6136,32.6145,30.6308,30.9969,,,,,,,,,,,,,,Thailand,N2O
AIM/Hub-Thailand 2.2,NDCUnc2030_-90pc2050,THA,Emissions|N2O|AFOLU|Agriculture,kt N2O/yr,,,,,,,38.4836,,,,,40.2332,,41.5889,,,,,37.9888,34.7619,29.1437,26.2061,24.6486,24.8829,,,,,,,,,,,,,,Thailand,N2O
AIM/Hub-Thailand 2.2,NPi,THA,Emissions|CH4|AFOLU,Mt CH4/yr,,,,,,,2.7842,,,,,2.8339,,2.8634,,,,,2.8673,2.8376,2.762,2.6547,2.5332,2.4083,,,,,,,,,,,,,,Thailand,CH4
AIM/Hub-Thailand 2.2,NPi,THA,Emissions|CH4|AFOLU|Agriculture,Mt CH4/yr,,,,,,,2.5619,,,,,2.61,,2.6392,,,,,2.6437,2.6157,2.543,2.4399,2.3234,2.2034,,,,,,,,,,,,,,Thailand,CH4
AIM/Hub-Thailand 2.2,NPi,THA,Emissions|CH4|Energy|Demand|Industry,Mt CH4/yr,,,,,,,0.0109,,,,,0.0114,,0.0121,,,,,0.0127,0.0133,0.014,0.0146,0.0151,0.0157,,,,,,,,,,,,,,Thailand,CH4
AIM/Hub-Thailand 2.2,NPi,THA,Emissions|CH4|Energy|Demand|Transportation,Mt CH4/yr,,,,,,,0.015,,,,,0.0172,,0.0192,,,,,0.0214,0.0236,0.0256,0.027,0.0272,0.0256,,,,,,,,,,,,,,Thailand,CH4
AIM/Hub-Thailand 2.2,NPi,THA,Emissions|CH4|Energy|Supply,Mt CH4/yr,,,,,,,0.864,,,,,0.8739,,0.8657,,,,,0.8686,0.8745,0.8808,0.8861,0.8905,0.8955,,,,,,,,,,,,,,Thailand,CH4
AIM/Hub-Thailand 2.2,NPi,THA,Emissions|CO2|AFOLU,Mt CO2/yr,,,,,,,16.4343,,,,,17.3199,,14.2637,,,,,11.9168,8.8734,5.319,1.1733,-3.3627,-7.9512,,,,,,,,,,,,,,Thailand,CO2
AIM/Hub-Thailand 2.2,NPi,THA,Emissions|CO2|Energy and Industrial Processes,Mt CO2/yr,,,,,,,316.0238,,,,,348.6301,,371.3322,,,,,398.2539,425.5577,454.2909,480.7811,503.8392,523.8363,,,,,,,,,,,,,,Thailand,CO2
AIM/Hub-Thailand 2.2,NPi,THA,Emissions|CO2|Energy|Demand,Mt CO2/yr,,,,,,,155.4521,,,,,177.0877,,190.2447,,,,,206.358,222.4832,239.5186,254.5878,266.0086,272.9191,,,,,,,,,,,,,,Thailand,CO2
AIM/Hub-Thailand 2.2,NPi,THA,Emissions|CO2|Energy|Demand|AFOFI,Mt CO2/yr,,,,,,,12.7059,,,,,15.2965,,14.7477,,,,,14.2809,13.6906,13.0004,12.1839,11.3219,10.4808,,,,,,,,,,,,,,Thailand,CO2
AIM/Hub-Thailand 2.2,NPi,THA,Emissions|CO2|Energy|Demand|Industry,Mt CO2/yr,,,,,,,83.6637,,,,,93.7695,,99.0976,,,,,106.0644,113.0422,121.2129,129.4336,137.7382,146.8098,,,,,,,,,,,,,,Thailand,CO2
AIM/Hub-Thailand 2.2,NPi,THA,Emissions|CO2|Energy|Demand|Residential and Commercial|Commercial,Mt CO2/yr,,,,,,,0.5503,,,,,0.3946,,0.3373,,,,,0.2888,0.2421,0.2046,0.1724,0.1459,0.1254,,,,,,,,,,,,,,Thailand,CO2
AIM/Hub-Thailand 2.2,NPi,THA,Emissions|CO2|Energy|Demand|Residential and Commercial|Residential,Mt CO2/yr,,,,,,,0.0122,,,,,0.0047,,0.0048,,,,,0.0049,0.0049,0.0048,0.0047,0.0046,0.0045,,,,,,,,,,,,,,Thailand,CO2
AIM/Hub-Thailand 2.2,NPi,THA,Emissions|CO2|Energy|Demand|Transportation,Mt CO2/yr,,,,,,,58.5201,,,,,67.6224,,76.0573,,,,,85.7191,95.5035,105.0959,112.7932,116.7981,115.4987,,,,,,,,,,,,,,Thailand,CO2
AIM/Hub-Thailand 2.2,NPi,THA,Emissions|CO2|Energy|Supply,Mt CO2/yr,,,,,,,138.594,,,,,149.3649,,157.2005,,,,,166.2249,175.5605,185.2882,194.6966,204.2649,215.1316,,,,,,,,,,,,,,Thailand,CO2
AIM/Hub-Thailand 2.2,NPi,THA,Emissions|CO2|Energy|Supply|Electricity,Mt CO2/yr,,,,,,,97.8327,,,,,106.9627,,114.6637,,,,,122.9856,131.5075,140.2431,148.718,157.4251,167.4122,,,,,,,,,,,,,,Thailand,CO2
AIM/Hub-Thailand 2.2,NPi,THA,Emissions|CO2|Industrial Processes,Mt CO2/yr,,,,,,,21.9777,,,,,22.1775,,23.8871,,,,,25.671,27.514,29.4841,31.4967,33.5657,35.7855,,,,,,,,,,,,,,Thailand,CO2
AIM/Hub-Thailand 2.2,NPi,THA,Emissions|N2O|AFOLU,kt N2O/yr,,,,,,,49.257,,,,,51.4546,,53.3612,,,,,54.8999,56.045,56.6262,56.6019,56.2097,55.6839,,,,,,,,,,,,,,Thailand,N2O
AIM/Hub-Thailand 2.2,NPi,THA,Emissions|N2O|AFOLU|Agriculture,kt N2O/yr,,,,,,,38.4836,,,,,40.2332,,41.6371,,,,,42.7339,43.5103,43.8083,43.6134,43.1187,42.5116,,,,,,,,,,,,,,Thailand,N2O
AIM/Transport-National 1.0,APS_strong,THA,Emissions|CO2|Energy|Demand|Transportation,Mt CO2/yr,,,,57.532939143,,,60.133669152,,,,,71.459079918,,84.070545231,,,,,97.59935218,109.857422041,119.115416336,125.356272555,128.744786463,128.381711859,,,,,,,,,,,,,,Thailand,CO2
AIM/Transport-National 1.0,APS_strong,THA,Emissions|CO2|Energy|Demand|Transportation|Aviation,Mt CO2/yr,,,,15.280896256,,,15.354102705,,,,,16.46348915,,17.76118703,,,,,19.173837008,20.573200351,21.861773592,23.009937875,24.02785007,24.938439071,,,,,,,,,,,,,,Thailand,CO2
AIM/Transport-National 1.0,APS_strong,THA,Emissions|CO2|Energy|Demand|Transportation|Aviation|Freight,Mt CO2/yr,,,,2.619083851,,,2.676523564,,,,,3.096383068,,3.64245501,,,,,4.287415563,4.979229467,5.68495317,6.386116398,7.076598215,7.750379586,,,,,,,,,,,,,,Thailand,CO2
AIM/Transport-National 1.0,APS_strong,THA,Emissions|CO2|Energy|Demand|Transportation|Aviation|Passenger,Mt CO2/yr,,,,12.661812405,,,12.677579141,,,,,13.367106082,,14.11873202,,,,,14.886421445,15.593970885,16.176820423,16.623821477,16.951251855,17.188059485,,,,,,,,,,,,,,Thailand,CO2
AIM/Transport-National 1.0,APS_strong,THA,Emissions|CO2|Energy|Demand|Transportation|Freight,Mt CO2/yr,,,,29.859591415,,,30.208615261,,,,,35.479520333,,41.531707998,,,,,48.234989995,54.345101518,59.020083136,62.336817221,64.359860204,64.473982024,,,,,,,,,,,,,,Thailand,CO2
AIM/Transport-National 1.0,APS_strong,THA,Emissions|CO2|Energy|Demand|Transportation|Maritime,Mt CO2/yr,,,,0.236171701,,,0.247630347,,,,,0.299592696,,0.362090733,,,,,0.437038231,0.517322658,0.598229879,0.679450285,0.761506663,0.84255981,,,,,,,,,,,,,,Thailand,CO2
AIM/Transport-National 1.0,APS_strong,THA,Emissions|CO2|Energy|Demand|Transportation|Maritime|Freight,Mt CO2/yr,,,,0.236171701,,,0.247630347,,,,,0.299592696,,0.362090733,,,,,0.437038231,0.517322658,0.598229879,0.679450285,0.761506663,0.84255981,,,,,,,,,,,,,,Thailand,CO2
AIM/Transport-National 1.0,APS_strong,THA,Emissions|CO2|Energy|Demand|Transportation|Passenger,Mt CO2/yr,,,,27.673347728,,,29.92505389,,,,,35.979559585,,42.538837233,,,,,49.364362185,55.512320523,60.0953332,63.019455334,64.384926259,63.907729835,,,,,,,,,,,,,,Thailand,CO2
AIM/Transport-National 1.0,APS_strong,THA,Emissions|CO2|Energy|Demand|Transportation|Rail,Mt CO2/yr,,,,0.296047417,,,0.270807282,,,,,0.268971582,,0.27709929,,,,,0.294484013,0.317454508,0.34284833,0.369691823,0.397505879,0.425603993,,,,,,,,,,,,,,Thailand,CO2
AIM/Transport-National 1.0,APS_strong,THA,Emissions|CO2|Energy|Demand|Transportation|Rail|Freight,Mt CO2/yr,,,,0.114146285,,,0.110309629,,,,,0.117141907,,0.12826461,,,,,0.143877901,0.16190649,0.180959132,0.201443493,0.223786029,0.247555371,,,,,,,,,,,,,,Thailand,CO2
AIM/Transport-National 1.0,APS_strong,THA,Emissions|CO2|Energy|Demand|Transportation|Rail|Passenger,Mt CO2/yr,,,,0.181901132,,,0.160497653,,,,,0.151829676,,0.14883468,,,,,0.150606112,0.155548018,0.161889199,0.16824833,0.17371985,0.178048621,,,,,,,,,,,,,,Thailand,CO2
AIM/Transport-National 1.0,APS_strong,THA,Emissions|CO2|Energy|Demand|Transportation|Road,Mt CO2/yr,,,,41.719823768,,,44.261128817,,,,,54.427026489,,65.670168178,,,,,77.693992928,88.449444523,96.312564534,101.297192571,103.55792385,102.175108986,,,,,,,,,,,,,,Thailand,CO2
AIM/Transport-National 1.0,APS_strong,THA,Emissions|CO2|Energy|Demand|Transportation|Road|Freight,Mt CO2/yr,,,,26.890189577,,,27.174151721,,,,,31.966402662,,37.398897645,,,,,43.3666583,48.686642903,52.555940955,55.069807044,56.297969297,55.633487257,,,,,,,,,,,,,,Thailand,CO2
AIM/Transport-National 1.0,APS_strong,THA,Emissions|CO2|Energy|Demand|Transportation|Road|Passenger,Mt CO2/yr,,,,14.829634191,,,17.086977096,,,,,22.460623827,,28.271270532,,,,,34.327334628,39.76280162,43.756623578,46.227385527,47.259954553,46.541621729,,,,,,,,,,,,,,Thailand,CO2
AIM/Transport-National 1.0,APS_strong,THA,Emissions|CO2|Energy|Demand|Transportation|Road|Passenger|2W&3W,Mt CO2/yr,,,,4.308664978,,,4.652311633,,,,,5.098820312,,5.543381208,,,,,5.876598606,6.041962736,6.008966691,5.802354491,5.419166854,4.835387154,,,,,,,,,,,,,,Thailand,CO2
AIM/Transport-National 1.0,APS_strong,THA,Emissions|CO2|Energy|Demand|Transportation|Road|Passenger|Bus,Mt CO2/yr,,,,4.824407638,,,4.608917937,,,,,4.886576243,,5.064269392,,,,,5.086009392,4.88076994,4.468727366,3.947781054,3.380418222,2.782604143,,,,,,,,,,,,,,Thailand,CO2
AIM/Transport-National 1.0,APS_strong,THA,Emissions|CO2|Energy|Demand|Transportation|Road|Passenger|LDV,Mt CO2/yr,,,,5.696561575,,,7.825747526,,,,,12.475227272,,17.663619933,,,,,23.36472663,28.840068944,33.278929522,36.477249982,38.460369477,38.923630432,,,,,,,,,,,,,,Thailand,CO2
AIM/Transport-National 1.0,Advanced_tech_high,THA,Emissions|CO2|Energy|Demand|Transportation,Mt CO2/yr,,,,57.532939143,,,60.122548998,,,,,71.416268005,,83.942531985,,,,,97.221042405,108.7788587,116.393779188,119.746703742,119.5292808,116.004370081,,,,,,,,,,,,,,Thailand,CO2
AIM/Transport-National 1.0,Advanced_tech_high,THA,Emissions|CO2|Energy|Demand|Transportation|Aviation,Mt CO2/yr,,,,15.280896256,,,15.35426754,,,,,16.464090081,,17.762967862,,,,,19.178836972,20.586131337,21.890913766,23.064570674,24.112963833,25.052804913,,,,,,,,,,,,,,Thailand,CO2
AIM/Transport-National 1.0,Advanced_tech_high,THA,Emissions|CO2|Energy|Demand|Transportation|Aviation|Freight,Mt CO2/yr,,,,2.619083851,,,2.676523564,,,,,3.096383068,,3.64245501,,,,,4.287415563,4.979229467,5.68495317,6.386116398,7.076598215,7.750379586,,,,,,,,,,,,,,Thailand,CO2
AIM/Transport-National 1.0,Advanced_tech_high,THA,Emissions|CO2|Energy|Demand|Transportation|Aviation|Passenger,Mt CO2/yr,,,,12.661812405,,,12.677743977,,,,,13.367707012,,14.120512852,,,,,14.891421409,15.60690187,16.205960596,16.678454275,17.036365617,17.302425327,,,,,,,,,,,,,,Thailand,CO2
AIM/Transport-National 1.0,Advanced_tech_high,THA,Emissions|CO2|Energy|Demand|Transportation|Freight,Mt CO2/yr,,,,29.859591415,,,30.208615261,,,,,35.479520333,,41.531707998,,,,,48.234989995,54.345101518,59.020083136,62.336817221,64.359860204,64.473982024,,,,,,,,,,,,,,Thailand,CO2
AIM/Transport-National 1.0,Advanced_tech_high,THA,Emissions|CO2|Energy|Demand|Transportation|Maritime,Mt CO2/yr,,,,0.236171701,,,0.247630347,,,,,0.299592696,,0.362090733,,,,,0.437038231,0.517322658,0.598229879,0.679450285,0.761506663,0.84255981,,,,,,,,,,,,,,Thailand,CO2
AIM/Transport-National 1.0,Advanced_tech_high,THA,Emissions|CO2|Energy|Demand|Transportation|Maritime|Freight,Mt CO2/yr,,,,0.236171701,,,0.247630347,,,,,0.299592696,,0.362090733,,,,,0.437038231,0.517322658,0.598229879,0.679450285,0.761506663,0.84255981,,,,,,,,,,,,,,Thailand,CO2
AIM/Transport-National 1.0,Advanced_tech_high,THA,Emissions|CO2|Energy|Demand|Transportation|Passenger,Mt CO2/yr,,,,27.673347728,,,29.913933737,,,,,35.936747672,,42.410823987,,,,,48.98605241,54.433757182,57.373696052,57.409886521,55.169420596,51.530388057,,,,,,,,,,,,,,Thailand,CO2
AIM/Transport-National 1.0,Advanced_tech_high,THA,Emissions|CO2|Energy|Demand|Transportation|Rail,Mt CO2/yr,,,,0.296047417,,,0.26986085,,,,,0.265580892,,0.268379257,,,,,0.275277671,0.28135818,0.285178374,0.289372651,0.296553475,0.307381542,,,,,,,,,,,,,,Thailand,CO2
AIM/Transport-National 1.0,Advanced_tech_high,THA,Emissions|CO2|Energy|Demand|Transportation|Rail|Freight,Mt CO2/yr,,,,0.114146285,,,0.110309629,,,,,0.117141907,,0.12826461,,,,,0.143877901,0.16190649,0.180959132,0.201443493,0.223786029,0.247555371,,,,,,,,,,,,,,Thailand,CO2
AIM/Transport-National 1.0,Advanced_tech_high,THA,Emissions|CO2|Energy|Demand|Transportation|Rail|Passenger,Mt CO2/yr,,,,0.181901132,,,0.15955122,,,,,0.148438985,,0.140114647,,,,,0.131399769,0.11945169,0.104219242,0.087929158,0.072767446,0.059826171,,,,,,,,,,,,,,Thailand,CO2
AIM/Transport-National 1.0,Advanced_tech_high,THA,Emissions|CO2|Energy|Demand|Transportation|Road,Mt CO2/yr,,,,41.719823768,,,44.250790261,,,,,54.387004336,,65.549094133,,,,,77.329889531,87.394046525,93.619457169,95.713310131,94.35825683,89.801623816,,,,,,,,,,,,,,Thailand,CO2
AIM/Transport-National 1.0,Advanced_tech_high,THA,Emissions|CO2|Energy|Demand|Transportation|Road|Freight,Mt CO2/yr,,,,26.890189577,,,27.174151721,,,,,31.966402662,,37.398897645,,,,,43.3666583,48.686642903,52.555940955,55.069807044,56.297969297,55.633487257,,,,,,,,,,,,,,Thailand,CO2
AIM/Transport-National 1.0,Advanced_tech_high,THA,Emissions|CO2|Energy|Demand|Transportation|Road|Passenger,Mt CO2/yr,,,,14.829634191,,,17.07663854,,,,,22.420601674,,28.150196488,,,,,33.963231232,38.707403622,41.063516214,40.643503087,38.060287533,34.168136559,,,,,,,,,,,,,,Thailand,CO2
AIM/Transport-National 1.0,Advanced_tech_high,THA,Emissions|CO2|Energy|Demand|Transportation|Road|Passenger|2W&3W,Mt CO2/yr,,,,4.308664978,,,4.652883808,,,,,5.100489815,,5.547668714,,,,,5.886773086,6.063802723,6.049188333,5.863698457,5.496700462,4.918513868,,,,,,,,,,,,,,Thailand,CO2
AIM/Transport-National 1.0,Advanced_tech_high,THA,Emissions|CO2|Energy|Demand|Transportation|Road|Passenger|Bus,Mt CO2/yr,,,,4.824407638,,,4.609338742,,,,,4.887911125,,5.067563035,,,,,5.09341912,4.895664867,4.494427339,3.984879118,3.425228085,2.828679474,,,,,,,,,,,,,,Thailand,CO2
AIM/Transport-National 1.0,Advanced_tech_high,THA,Emissions|CO2|Energy|Demand|Transportation|Road|Passenger|LDV,Mt CO2/yr,,,,5.696561575,,,7.81441599,,,,,12.432200735,,17.534964739,,,,,22.983039026,27.747936032,30.519900542,30.794925513,29.138358986,26.420943217,,,,,,,,,,,,,,Thailand,CO2
AIM/Transport-National 1.0,Baseline,THA,Emissions|CO2|Energy|Demand|Transportation,Mt CO2/yr,,,,57.532939143,,,60.133669152,,,,,71.459079918,,84.070545231,,,,,97.59935218,109.857422041,119.115416336,125.356272555,128.744786463,128.381711859,,,,,,,,,,,,,,Thailand,CO2
AIM/Transport-National 1.0,Baseline,THA,Emissions|CO2|Energy|Demand|Transportation|Aviation,Mt CO2/yr,,,,15.280896256,,,15.354102705,,,,,16.46348915,,17.76118703,,,,,19.173837008,20.573200351,21.861773592,23.009937875,24.02785007,24.938439071,,,,,,,,,,,,,,Thailand,CO2
AIM/Transport-National 1.0,Baseline,THA,Emissions|CO2|Energy|Demand|Transportation|Aviation|Freight,Mt CO2/yr,,,,2.619083851,,,2.676523564,,,,,3.096383068,,3.64245501,,,,,4.287415563,4.979229467,5.68495317,6.386116398,7.076598215,7.750379586,,,,,,,,,,,,,,Thailand,CO2
AIM/Transport-National 1.0,Baseline,THA,Emissions|CO2|Energy|Demand|Transportation|Aviation|Passenger,Mt CO2/yr,,,,12.661812405,,,12.677579141,,,,,13.367106082,,14.11873202,,,,,14.886421445,15.593970885,16.176820423,16.623821477,16.951251855,17.188059485,,,,,,,,,,,,,,Thailand,CO2
AIM/Transport-National 1.0,Baseline,THA,Emissions|CO2|Energy|Demand|Transportation|Freight,Mt CO2/yr,,,,29.859591415,,,30.208615261,,,,,35.479520333,,41.531707998,,,,,48.234989995,54.345101518,59.020083136,62.336817221,64.359860204,64.473982024,,,,,,,,,,,,,,Thailand,CO2
AIM/Transport-National 1.0,Baseline,THA,Emissions|CO2|Energy|Demand|Transportation|Maritime,Mt CO2/yr,,,,0.236171701,,,0.247630347,,,,,0.299592696,,0.362090733,,,,,0.437038231,0.517322658,0.598229879,0.679450285,0.761506663,0.84255981,,,,,,,,,,,,,,Thailand,CO2
AIM/Transport-National 1.0,Baseline,THA,Emissions|CO2|Energy|Demand|Transportation|Maritime|Freight,Mt CO2/yr,,,,0.236171701,,,0.247630347,,,,,0.299592696,,0.362090733,,,,,0.437038231,0.517322658,0.598229879,0.679450285,0.761506663,0.84255981,,,,,,,,,,,,,,Thailand,CO2
AIM/Transport-National 1.0,Baseline,THA,Emissions|CO2|Energy|Demand|Transportation|Passenger,Mt CO2/yr,,,,27.673347728,,,29.92505389,,,,,35.979559585,,42.538837233,,,,,49.364362185,55.512320523,60.0953332,63.019455334,64.384926259,63.907729835,,,,,,,,,,,,,,Thailand,CO2
AIM/Transport-National 1.0,Baseline,THA,Emissions|CO2|Energy|Demand|Transportation|Rail,Mt CO2/yr,,,,0.296047417,,,0.270807282,,,,,0.268971582,,0.27709929,,,,,0.294484013,0.317454508,0.34284833,0.369691823,0.397505879,0.425603993,,,,,,,,,,,,,,Thailand,CO2
AIM/Transport-National 1.0,Baseline,THA,Emissions|CO2|Energy|Demand|Transportation|Rail|Freight,Mt CO2/yr,,,,0.114146285,,,0.110309629,,,,,0.117141907,,0.12826461,,,,,0.143877901,0.16190649,0.180959132,0.201443493,0.223786029,0.247555371,,,,,,,,,,,,,,Thailand,CO2
AIM/Transport-National 1.0,Baseline,THA,Emissions|CO2|Energy|Demand|Transportation|Rail|Passenger,Mt CO2/yr,,,,0.181901132,,,0.160497653,,,,,0.151829676,,0.14883468,,,,,0.150606112,0.155548018,0.161889199,0.16824833,0.17371985,0.178048621,,,,,,,,,,,,,,Thailand,CO2
AIM/Transport-National 1.0,Baseline,THA,Emissions|CO2|Energy|Demand|Transportation|Road,Mt CO2/yr,,,,41.719823768,,,44.261128817,,,,,54.427026489,,65.670168178,,,,,77.693992928,88.449444523,96.312564534,101.297192571,103.55792385,102.175108986,,,,,,,,,,,,,,Thailand,CO2
AIM/Transport-National 1.0,Baseline,THA,Emissions|CO2|Energy|Demand|Transportation|Road|Freight,Mt CO2/yr,,,,26.890189577,,,27.174151721,,,,,31.966402662,,37.398897645,,,,,43.3666583,48.686642903,52.555940955,55.069807044,56.297969297,55.633487257,,,,,,,,,,,,,,Thailand,CO2
AIM/Transport-National 1.0,Baseline,THA,Emissions|CO2|Energy|Demand|Transportation|Road|Passenger,Mt CO2/yr,,,,14.829634191,,,17.086977096,,,,,22.460623827,,28.271270532,,,,,34.327334628,39.76280162,43.756623578,46.227385527,47.259954553,46.541621729,,,,,,,,,,,,,,Thailand,CO2
AIM/Transport-National 1.0,Baseline,THA,Emissions|CO2|Energy|Demand|Transportation|Road|Passenger|2W&3W,Mt CO2/yr,,,,4.308664978,,,4.652311633,,,,,5.098820312,,5.543381208,,,,,5.876598606,6.041962736,6.008966691,5.802354491,5.419166854,4.835387154,,,,,,,,,,,,,,Thailand,CO2
AIM/Transport-National 1.0,Baseline,THA,Emissions|CO2|Energy|Demand|Transportation|Road|Passenger|Bus,Mt CO2/yr,,,,4.824407638,,,4.608917937,,,,,4.886576243,,5.064269392,,,,,5.086009392,4.88076994,4.468727366,3.947781054,3.380418222,2.782604143,,,,,,,,,,,,,,Thailand,CO2
AIM/Transport-National 1.0,Baseline,THA,Emissions|CO2|Energy|Demand|Transportation|Road|Passenger|LDV,Mt CO2/yr,,,,5.696561575,,,7.825747526,,,,,12.475227272,,17.663619933,,,,,23.36472663,28.840068944,33.278929522,36.477249982,38.460369477,38.923630432,,,,,,,,,,,,,,Thailand,CO2
AIM/Transport-National 1.0,Carbon_pricing,THA,Emissions|CO2|Energy|Demand|Transportation,Mt CO2/yr,,,,57.532939143,,,61.13700609,,,,,73.098834988,,85.760243113,,,,,98.404451815,108.555541099,114.701731632,116.384491836,114.243509423,115.902372037,,,,,,,,,,,,,,Thailand,CO2
AIM/Transport-National 1.0,Carbon_pricing,THA,Emissions|CO2|Energy|Demand|Transportation|Aviation,Mt CO2/yr,,,,15.280896256,,,15.432201833,,,,,16.554310006,,17.822158724,,,,,18.891895701,19.410623888,19.889599331,20.356506579,20.930322103,21.455844109,,,,,,,,,,,,,,Thailand,CO2
AIM/Transport-National 1.0,Carbon_pricing,THA,Emissions|CO2|Energy|Demand|Transportation|Aviation|Freight,Mt CO2/yr,,,,2.619083851,,,2.75365604,,,,,3.19869925,,3.728734995,,,,,4.176247274,4.321610041,4.542583927,4.843123274,5.281173031,5.721046303,,,,,,,,,,,,,,Thailand,CO2
AIM/Transport-National 1.0,Carbon_pricing,THA,Emissions|CO2|Energy|Demand|Transportation|Aviation|Passenger,Mt CO2/yr,,,,12.661812405,,,12.678545793,,,,,13.355610756,,14.093423728,,,,,14.715648428,15.089013847,15.347015404,15.513383305,15.649149071,15.734797807,,,,,,,,,,,,,,Thailand,CO2
AIM/Transport-National 1.0,Carbon_pricing,THA,Emissions|CO2|Energy|Demand|Transportation|Freight,Mt CO2/yr,,,,29.859591415,,,31.212123685,,,,,37.143161138,,43.28136154,,,,,49.677278303,54.810147772,57.981674612,59.022514722,58.225285154,59.513389064,,,,,,,,,,,,,,Thailand,CO2
AIM/Transport-National 1.0,Carbon_pricing,THA,Emissions|CO2|Energy|Demand|Transportation|Maritime,Mt CO2/yr,,,,0.236171701,,,0.256283928,,,,,0.314700873,,0.378728979,,,,,0.454768757,0.536485375,0.614443667,0.687522071,0.757512119,0.834474268,,,,,,,,,,,,,,Thailand,CO2
AIM/Transport-National 1.0,Carbon_pricing,THA,Emissions|CO2|Energy|Demand|Transportation|Maritime|Freight,Mt CO2/yr,,,,0.236171701,,,0.256283928,,,,,0.314700873,,0.378728979,,,,,0.454768757,0.536485375,0.614443667,0.687522071,0.757512119,0.834474268,,,,,,,,,,,,,,Thailand,CO2
AIM/Transport-National 1.0,Carbon_pricing,THA,Emissions|CO2|Energy|Demand|Transportation|Passenger,Mt CO2/yr,,,,27.673347728,,,29.924882405,,,,,35.955673849,,42.478881574,,,,,48.727173512,53.745393327,56.72005702,57.361977114,56.018224269,56.388982974,,,,,,,,,,,,,,Thailand,CO2
AIM/Transport-National 1.0,Carbon_pricing,THA,Emissions|CO2|Energy|Demand|Transportation|Rail,Mt CO2/yr,,,,0.296047417,,,0.272590893,,,,,0.271555157,,0.279601843,,,,,0.296066427,0.317516132,0.339658217,0.359296371,0.376032211,0.394989433,,,,,,,,,,,,,,Thailand,CO2
AIM/Transport-National 1.0,Carbon_pricing,THA,Emissions|CO2|Energy|Demand|Transportation|Rail|Freight,Mt CO2/yr,,,,0.114146285,,,0.112403229,,,,,0.120711397,,0.132256665,,,,,0.148114685,0.166691804,0.186080033,0.205202599,0.223955674,0.245946186,,,,,,,,,,,,,,Thailand,CO2
AIM/Transport-National 1.0,Carbon_pricing,THA,Emissions|CO2|Energy|Demand|Transportation|Rail|Passenger,Mt CO2/yr,,,,0.181901132,,,0.160187664,,,,,0.150843759,,0.147345179,,,,,0.147951743,0.150824328,0.153578185,0.154093772,0.152076537,0.149043247,,,,,,,,,,,,,,Thailand,CO2
AIM/Transport-National 1.0,Carbon_pricing,THA,Emissions|CO2|Energy|Demand|Transportation|Road,Mt CO2/yr,,,,41.719823768,,,45.175929435,,,,,55.958268952,,67.279753567,,,,,78.76172093,88.290915704,93.858030416,94.981166815,92.17964299,93.217064227,,,,,,,,,,,,,,Thailand,CO2
AIM/Transport-National 1.0,Carbon_pricing,THA,Emissions|CO2|Energy|Demand|Transportation|Road|Freight,Mt CO2/yr,,,,26.890189577,,,28.089780487,,,,,33.509049617,,39.041640901,,,,,44.898147588,49.785360552,52.638566985,53.286666779,51.96264433,52.711922307,,,,,,,,,,,,,,Thailand,CO2
AIM/Transport-National 1.0,Carbon_pricing,THA,Emissions|CO2|Energy|Demand|Transportation|Road|Passenger,Mt CO2/yr,,,,14.829634191,,,17.086148949,,,,,22.449219335,,28.238112667,,,,,33.863573342,38.505555152,41.219463431,41.694500037,40.21699866,40.50514192,,,,,,,,,,,,,,Thailand,CO2
AIM/Transport-National 1.0,Carbon_pricing,THA,Emissions|CO2|Energy|Demand|Transportation|Road|Passenger|2W&3W,Mt CO2/yr,,,,4.308664978,,,4.651437478,,,,,5.097199269,,5.538030352,,,,,5.839453709,5.983567877,5.890596503,5.536415247,4.930461749,4.535976699,,,,,,,,,,,,,,Thailand,CO2
AIM/Transport-National 1.0,Carbon_pricing,THA,Emissions|CO2|Energy|Demand|Transportation|Road|Passenger|Bus,Mt CO2/yr,,,,4.824407638,,,4.608644281,,,,,4.88758929,,5.066278128,,,,,5.068556471,4.854853303,4.386721479,3.747511914,3.034989031,2.562187996,,,,,,,,,,,,,,Thailand,CO2
AIM/Transport-National 1.0,Carbon_pricing,THA,Emissions|CO2|Energy|Demand|Transportation|Road|Passenger|LDV,Mt CO2/yr,,,,5.696561575,,,7.82606719,,,,,12.464430775,,17.633804188,,,,,22.955563162,27.667133972,30.942145449,32.410572876,32.25154788,33.406977226,,,,,,,,,,,,,,Thailand,CO2
AIM/Transport-National 1.0,Ene_Efficiency_High,THA,Emissions|CO2|Energy|Demand|Transportation,Mt CO2/yr,,,,57.532939143,,,59.950260724,,,,,70.647639376,,82.223340382,,,,,94.340263513,105.006686021,112.74386151,117.639123714,119.875699826,118.673579466,,,,,,,,,,,,,,Thailand,CO2
AIM/Transport-National 1.0,Ene_Efficiency_High,THA,Emissions|CO2|Energy|Demand|Transportation|Aviation,Mt CO2/yr,,,,15.280896256,,,15.353794089,,,,,16.461906411,,17.757267583,,,,,19.166617302,20.562178421,21.847060679,22.99188846,24.006670084,24.914082245,,,,,,,,,,,,,,Thailand,CO2
AIM/Transport-National 1.0,Ene_Efficiency_High,THA,Emissions|CO2|Energy|Demand|Transportation|Aviation|Freight,Mt CO2/yr,,,,2.619083851,,,2.676523564,,,,,3.096383068,,3.64245501,,,,,4.287415563,4.979229467,5.68495317,6.386116398,7.076598215,7.750379586,,,,,,,,,,,,,,Thailand,CO2
AIM/Transport-National 1.0,Ene_Efficiency_High,THA,Emissions|CO2|Energy|Demand|Transportation|Aviation|Passenger,Mt CO2/yr,,,,12.661812405,,,12.677270525,,,,,13.365523343,,14.114812573,,,,,14.879201738,15.582948954,16.162107509,16.605772062,16.930071869,17.163702659,,,,,,,,,,,,,,Thailand,CO2
AIM/Transport-National 1.0,Ene_Efficiency_High,THA,Emissions|CO2|Energy|Demand|Transportation|Freight,Mt CO2/yr,,,,29.859591415,,,30.108820707,,,,,35.036594756,,40.535285898,,,,,46.492631697,51.768346772,55.633737932,58.201114562,59.548199358,59.149614458,,,,,,,,,,,,,,Thailand,CO2
AIM/Transport-National 1.0,Ene_Efficiency_High,THA,Emissions|CO2|Energy|Demand|Transportation|Maritime,Mt CO2/yr,,,,0.236171701,,,0.247458725,,,,,0.298739298,,0.359966218,,,,,0.433023653,0.510930913,0.589161254,0.667432808,0.746170666,0.823490377,,,,,,,,,,,,,,Thailand,CO2
AIM/Transport-National 1.0,Ene_Efficiency_High,THA,Emissions|CO2|Energy|Demand|Transportation|Maritime|Freight,Mt CO2/yr,,,,0.236171701,,,0.247458725,,,,,0.298739298,,0.359966218,,,,,0.433023653,0.510930913,0.589161254,0.667432808,0.746170666,0.823490377,,,,,,,,,,,,,,Thailand,CO2
AIM/Transport-National 1.0,Ene_Efficiency_High,THA,Emissions|CO2|Energy|Demand|Transportation|Passenger,Mt CO2/yr,,,,27.673347728,,,29.841440017,,,,,35.61104462,,41.688054484,,,,,47.847631816,53.238339249,57.110123578,59.438009152,60.327500468,59.523965008,,,,,,,,,,,,,,Thailand,CO2
AIM/Transport-National 1.0,Ene_Efficiency_High,THA,Emissions|CO2|Energy|Demand|Transportation|Rail,Mt CO2/yr,,,,0.296047417,,,0.27075042,,,,,0.268687109,,0.276397908,,,,,0.29317605,0.31540033,0.339973879,0.365921491,0.39271465,0.419635341,,,,,,,,,,,,,,Thailand,CO2
AIM/Transport-National 1.0,Ene_Efficiency_High,THA,Emissions|CO2|Energy|Demand|Transportation|Rail|Freight,Mt CO2/yr,,,,0.114146285,,,0.110268402,,,,,0.11693038,,0.127726995,,,,,0.142845229,0.160242423,0.178574291,0.198241091,0.219627097,0.242278772,,,,,,,,,,,,,,Thailand,CO2
AIM/Transport-National 1.0,Ene_Efficiency_High,THA,Emissions|CO2|Energy|Demand|Transportation|Rail|Passenger,Mt CO2/yr,,,,0.181901132,,,0.160482018,,,,,0.151756729,,0.148670913,,,,,0.150330821,0.155157907,0.161399589,0.1676804,0.173087553,0.177356569,,,,,,,,,,,,,,Thailand,CO2
AIM/Transport-National 1.0,Ene_Efficiency_High,THA,Emissions|CO2|Energy|Demand|Transportation|Road,Mt CO2/yr,,,,41.719823768,,,44.07825749,,,,,53.618306559,,63.829708673,,,,,74.447446508,83.618176357,89.967665697,93.613880955,94.730144426,92.516371502,,,,,,,,,,,,,,Thailand,CO2
AIM/Transport-National 1.0,Ene_Efficiency_High,THA,Emissions|CO2|Energy|Demand|Transportation|Road|Freight,Mt CO2/yr,,,,26.890189577,,,27.074570016,,,,,31.52454201,,36.405137675,,,,,41.629347252,46.11794397,49.181049217,50.949324265,51.505803381,50.333465722,,,,,,,,,,,,,,Thailand,CO2
AIM/Transport-National 1.0,Ene_Efficiency_High,THA,Emissions|CO2|Energy|Demand|Transportation|Road|Passenger,Mt CO2/yr,,,,14.829634191,,,17.003687474,,,,,22.093764548,,27.424570997,,,,,32.818099256,37.500232387,40.78661648,42.66455669,43.224341045,42.18290578,,,,,,,,,,,,,,Thailand,CO2
AIM/Transport-National 1.0,Ene_Efficiency_High,THA,Emissions|CO2|Energy|Demand|Transportation|Road|Passenger|2W&3W,Mt CO2/yr,,,,4.308664978,,,4.637862209,,,,,5.048002889,,5.43668098,,,,,5.704581733,5.80579567,5.718976917,5.472103599,5.065608318,4.480533586,,,,,,,,,,,,,,Thailand,CO2
AIM/Transport-National 1.0,Ene_Efficiency_High,THA,Emissions|CO2|Energy|Demand|Transportation|Road|Passenger|Bus,Mt CO2/yr,,,,4.824407638,,,4.592855352,,,,,4.823269853,,4.937127837,,,,,4.892987357,4.636790358,4.197388558,3.669041774,3.108941831,2.53156152,,,,,,,,,,,,,,Thailand,CO2
AIM/Transport-National 1.0,Ene_Efficiency_High,THA,Emissions|CO2|Energy|Demand|Transportation|Road|Passenger|LDV,Mt CO2/yr,,,,5.696561575,,,7.772969913,,,,,12.222491806,,17.05076218,,,,,22.220530166,27.05764636,30.870251005,33.523411317,35.049790896,35.170810675,,,,,,,,,,,,,,Thailand,CO2
AIM/Transport-National 1.0,Mass_transit,THA,Emissions|CO2|Energy|Demand|Transportation,Mt CO2/yr,,,,57.532939143,,,59.952317537,,,,,70.901435901,,82.978769647,,,,,95.79974523,107.236077558,115.659622618,121.115696326,123.792724978,122.825346597,,,,,,,,,,,,,,Thailand,CO2
AIM/Transport-National 1.0,Mass_transit,THA,Emissions|CO2|Energy|Demand|Transportation|Aviation,Mt CO2/yr,,,,15.280896256,,,15.267577103,,,,,16.226342799,,17.305688686,,,,,18.417378562,19.43996547,20.294918984,20.96679561,21.475919306,21.853665719,,,,,,,,,,,,,,Thailand,CO2
AIM/Transport-National 1.0,Mass_transit,THA,Emissions|CO2|Energy|Demand|Transportation|Aviation|Freight,Mt CO2/yr,,,,2.619083851,,,2.676523564,,,,,3.096383068,,3.64245501,,,,,4.287415563,4.979229467,5.68495317,6.386116398,7.076598215,7.750379586,,,,,,,,,,,,,,Thailand,CO2
AIM/Transport-National 1.0,Mass_transit,THA,Emissions|CO2|Energy|Demand|Transportation|Aviation|Passenger,Mt CO2/yr,,,,12.661812405,,,12.59105354,,,,,13.129959731,,13.663233676,,,,,14.129962999,14.460736004,14.609965815,14.580679212,14.399321091,14.103286133,,,,,,,,,,,,,,Thailand,CO2
AIM/Transport-National 1.0,Mass_transit,THA,Emissions|CO2|Energy|Demand|Transportation|Freight,Mt CO2/yr,,,,29.859591415,,,30.208615261,,,,,35.479520333,,41.531707998,,,,,48.234989995,54.345101518,59.020083136,62.336817221,64.359860204,64.473982024,,,,,,,,,,,,,,Thailand,CO2
AIM/Transport-National 1.0,Mass_transit,THA,Emissions|CO2|Energy|Demand|Transportation|Maritime,Mt CO2/yr,,,,0.236171701,,,0.247630347,,,,,0.299592696,,0.362090733,,,,,0.437038231,0.517322658,0.598229879,0.679450285,0.761506663,0.84255981,,,,,,,,,,,,,,Thailand,CO2
AIM/Transport-National 1.0,Mass_transit,THA,Emissions|CO2|Energy|Demand|Transportation|Maritime|Freight,Mt CO2/yr,,,,0.236171701,,,0.247630347,,,,,0.299592696,,0.362090733,,,,,0.437038231,0.517322658,0.598229879,0.679450285,0.761506663,0.84255981,,,,,,,,,,,,,,Thailand,CO2
AIM/Transport-National 1.0,Mass_transit,THA,Emissions|CO2|Energy|Demand|Transportation|Passenger,Mt CO2/yr,,,,27.673347728,,,29.743702276,,,,,35.421915568,,41.447061649,,,,,47.564755235,52.89097604,56.639539482,58.778879105,59.432864774,58.351364572,,,,,,,,,,,,,,Thailand,CO2
AIM/Transport-National 1.0,Mass_transit,THA,Emissions|CO2|Energy|Demand|Transportation|Rail,Mt CO2/yr,,,,0.296047417,,,0.276206905,,,,,0.282299204,,0.300207742,,,,,0.329557648,0.366497682,0.407140613,0.44957813,0.492487288,0.534671166,,,,,,,,,,,,,,Thailand,CO2
AIM/Transport-National 1.0,Mass_transit,THA,Emissions|CO2|Energy|Demand|Transportation|Rail|Freight,Mt CO2/yr,,,,0.114146285,,,0.110309629,,,,,0.117141907,,0.12826461,,,,,0.143877901,0.16190649,0.180959132,0.201443493,0.223786029,0.247555371,,,,,,,,,,,,,,Thailand,CO2
AIM/Transport-National 1.0,Mass_transit,THA,Emissions|CO2|Energy|Demand|Transportation|Rail|Passenger,Mt CO2/yr,,,,0.181901132,,,0.165897276,,,,,0.165157297,,0.171943133,,,,,0.185679747,0.204591193,0.226181482,0.248134637,0.268701258,0.287115794,,,,,,,,,,,,,,Thailand,CO2
AIM/Transport-National 1.0,Mass_transit,THA,Emissions|CO2|Energy|Demand|Transportation|Road,Mt CO2/yr,,,,41.719823768,,,44.160903182,,,,,54.093201203,,65.010782486,,,,,76.615770788,86.912291747,94.359333141,99.019872301,101.062811722,99.594449902,,,,,,,,,,,,,,Thailand,CO2
AIM/Transport-National 1.0,Mass_transit,THA,Emissions|CO2|Energy|Demand|Transportation|Road|Freight,Mt CO2/yr,,,,26.890189577,,,27.174151721,,,,,31.966402662,,37.398897645,,,,,43.3666583,48.686642903,52.555940955,55.069807044,56.297969297,55.633487257,,,,,,,,,,,,,,Thailand,CO2
AIM/Transport-National 1.0,Mass_transit,THA,Emissions|CO2|Energy|Demand|Transportation|Road|Passenger,Mt CO2/yr,,,,14.829634191,,,16.986751461,,,,,22.12679854,,27.61188484,,,,,33.249112488,38.225648844,41.803392186,43.950065257,44.764842425,43.960962645,,,,,,,,,,,,,,Thailand,CO2
AIM/Transport-National 1.0,Mass_transit,THA,Emissions|CO2|Energy|Demand|Transportation|Road|Passenger|2W&3W,Mt CO2/yr,,,,4.308664978,,,4.733910757,,,,,5.288242787,,5.873320198,,,,,6.373325371,6.717405202,6.857128428,6.806414711,6.547161282,6.030144788,,,,,,,,,,,,,,Thailand,CO2
AIM/Transport-National 1.0,Mass_transit,THA,Emissions|CO2|Energy|Demand|Transportation|Road|Passenger|Bus,Mt CO2/yr,,,,4.824407638,,,4.605186357,,,,,4.885897045,,5.078624348,,,,,5.127599878,4.956678872,4.579142921,4.08916624,3.546972339,2.964551247,,,,,,,,,,,,,,Thailand,CO2
AIM/Transport-National 1.0,Mass_transit,THA,Emissions|CO2|Energy|Demand|Transportation|Road|Passenger|LDV,Mt CO2/yr,,,,5.696561575,,,7.647654347,,,,,11.952658709,,16.659940294,,,,,21.74818724,26.55156477,30.367120836,33.054484305,34.670708804,34.96626661,,,,,,,,,,,,,,Thailand,CO2
AIM/Transport-National 1.0,Occupancy_high,THA,Emissions|CO2|Energy|Demand|Transportation,Mt CO2/yr,,,,57.532939143,,,59.751069507,,,,,69.857481327,,81.031557448,,,,,92.849498118,103.289580542,110.865423851,115.660989955,117.872785438,116.743013376,,,,,,,,,,,,,,Thailand,CO2
AIM/Transport-National 1.0,Occupancy_high,THA,Emissions|CO2|Energy|Demand|Transportation|Aviation,Mt CO2/yr,,,,15.280896256,,,15.352852531,,,,,16.45670006,,17.747210735,,,,,19.151178338,20.541237818,21.820975989,22.961028451,23.971242452,24.874259943,,,,,,,,,,,,,,Thailand,CO2
AIM/Transport-National 1.0,Occupancy_high,THA,Emissions|CO2|Energy|Demand|Transportation|Aviation|Freight,Mt CO2/yr,,,,2.619083851,,,2.676523564,,,,,3.096383068,,3.64245501,,,,,4.287415563,4.979229467,5.68495317,6.386116398,7.076598215,7.750379586,,,,,,,,,,,,,,Thailand,CO2
AIM/Transport-National 1.0,Occupancy_high,THA,Emissions|CO2|Energy|Demand|Transportation|Aviation|Passenger,Mt CO2/yr,,,,12.661812405,,,12.676328968,,,,,13.360316992,,14.104755725,,,,,14.863762775,15.562008352,16.136022819,16.574912053,16.894644237,17.123880356,,,,,,,,,,,,,,Thailand,CO2
AIM/Transport-National 1.0,Occupancy_high,THA,Emissions|CO2|Energy|Demand|Transportation|Freight,Mt CO2/yr,,,,29.859591415,,,30.208615261,,,,,35.479520333,,41.531707998,,,,,48.234989995,54.345101518,59.020083136,62.336817221,64.359860204,64.473982024,,,,,,,,,,,,,,Thailand,CO2
AIM/Transport-National 1.0,Occupancy_high,THA,Emissions|CO2|Energy|Demand|Transportation|Maritime,Mt CO2/yr,,,,0.236171701,,,0.247630347,,,,,0.299592696,,0.362090733,,,,,0.437038231,0.517322658,0.598229879,0.679450285,0.761506663,0.84255981,,,,,,,,,,,,,,Thailand,CO2
AIM/Transport-National 1.0,Occupancy_high,THA,Emissions|CO2|Energy|Demand|Transportation|Maritime|Freight,Mt CO2/yr,,,,0.236171701,,,0.247630347,,,,,0.299592696,,0.362090733,,,,,0.437038231,0.517322658,0.598229879,0.679450285,0.761506663,0.84255981,,,,,,,,,,,,,,Thailand,CO2
AIM/Transport-National 1.0,Occupancy_high,THA,Emissions|CO2|Energy|Demand|Transportation|Passenger,Mt CO2/yr,,,,27.673347728,,,29.542454246,,,,,34.377960993,,39.49984945,,,,,44.614508122,48.944479024,51.845340715,53.324172734,53.512925234,52.269031351,,,,,,,,,,,,,,Thailand,CO2
AIM/Transport-National 1.0,Occupancy_high,THA,Emissions|CO2|Energy|Demand|Transportation|Rail,Mt CO2/yr,,,,0.296047417,,,0.270743912,,,,,0.268659192,,0.276520459,,,,,0.293632253,0.316342412,0.341513862,0.368176073,0.39583732,0.423800687,,,,,,,,,,,,,,Thailand,CO2
AIM/Transport-National 1.0,Occupancy_high,THA,Emissions|CO2|Energy|Demand|Transportation|Rail|Freight,Mt CO2/yr,,,,0.114146285,,,0.110309629,,,,,0.117141907,,0.12826461,,,,,0.143877901,0.16190649,0.180959132,0.201443493,0.223786029,0.247555371,,,,,,,,,,,,,,Thailand,CO2
AIM/Transport-National 1.0,Occupancy_high,THA,Emissions|CO2|Energy|Demand|Transportation|Rail|Passenger,Mt CO2/yr,,,,0.181901132,,,0.160434283,,,,,0.151517285,,0.148255849,,,,,0.149754351,0.154435922,0.16055473,0.16673258,0.172051291,0.176245316,,,,,,,,,,,,,,Thailand,CO2
AIM/Transport-National 1.0,Occupancy_high,THA,Emissions|CO2|Energy|Demand|Transportation|Road,Mt CO2/yr,,,,41.719823768,,,43.879842716,,,,,52.832529379,,62.645735521,,,,,72.967649296,81.914677653,88.104704121,91.652335145,92.744199003,90.602392935,,,,,,,,,,,,,,Thailand,CO2
AIM/Transport-National 1.0,Occupancy_high,THA,Emissions|CO2|Energy|Demand|Transportation|Road|Freight,Mt CO2/yr,,,,26.890189577,,,27.174151721,,,,,31.966402662,,37.398897645,,,,,43.3666583,48.686642903,52.555940955,55.069807044,56.297969297,55.633487257,,,,,,,,,,,,,,Thailand,CO2
AIM/Transport-National 1.0,Occupancy_high,THA,Emissions|CO2|Energy|Demand|Transportation|Road|Passenger,Mt CO2/yr,,,,14.829634191,,,16.705690995,,,,,20.866126717,,25.246837876,,,,,29.600990996,33.22803475,35.548763165,36.582528101,36.446229706,34.968905679,,,,,,,,,,,,,,Thailand,CO2
AIM/Transport-National 1.0,Occupancy_high,THA,Emissions|CO2|Energy|Demand|Transportation|Road|Passenger|2W&3W,Mt CO2/yr,,,,4.308664978,,,4.647666757,,,,,5.080748368,,5.512969154,,,,,5.835587867,5.993399965,5.956507336,5.748977277,5.367179817,4.787181865,,,,,,,,,,,,,,Thailand,CO2
AIM/Transport-National 1.0,Occupancy_high,THA,Emissions|CO2|Energy|Demand|Transportation|Road|Passenger|Bus,Mt CO2/yr,,,,4.824407638,,,4.605713292,,,,,4.871479161,,5.038379453,,,,,5.052008727,4.8426227,4.430449044,3.911904743,3.348228498,2.754946985,,,,,,,,,,,,,,Thailand,CO2
AIM/Transport-National 1.0,Occupancy_high,THA,Emissions|CO2|Energy|Demand|Transportation|Road|Passenger|LDV,Mt CO2/yr,,,,5.696561575,,,7.452310946,,,,,10.913899188,,14.695489269,,,,,18.713394403,22.392012085,25.161806785,26.921646081,27.730821391,27.426776829,,,,,,,,,,,,,,Thailand,CO2
AIM/Transport-National 1.0,SpeedHigh,THA,Emissions|CO2|Energy|Demand|Transportation,Mt CO2/yr,,,,57.532939143,,,60.081371293,,,,,71.297704681,,83.751822579,,,,,97.07152125,109.09363792,118.129656188,124.188525271,127.446042084,127.018106227,,,,,,,,,,,,,,Thailand,CO2
AIM/Transport-National 1.0,SpeedHigh,THA,Emissions|CO2|Energy|Demand|Transportation|Aviation,Mt CO2/yr,,,,15.280896256,,,15.342194203,,,,,16.432321899,,17.704213793,,,,,19.084246357,20.447000113,21.698573727,22.811682891,23.797985082,24.681235149,,,,,,,,,,,,,,Thailand,CO2
AIM/Transport-National 1.0,SpeedHigh,THA,Emissions|CO2|Energy|Demand|Transportation|Aviation|Freight,Mt CO2/yr,,,,2.619083851,,,2.676523564,,,,,3.096383068,,3.64245501,,,,,4.287415563,4.979229467,5.68495317,6.386116398,7.076598215,7.750379586,,,,,,,,,,,,,,Thailand,CO2
AIM/Transport-National 1.0,SpeedHigh,THA,Emissions|CO2|Energy|Demand|Transportation|Aviation|Passenger,Mt CO2/yr,,,,12.661812405,,,12.66567064,,,,,13.335938831,,14.061758783,,,,,14.796830794,15.467770646,16.013620557,16.425566492,16.721386867,16.930855562,,,,,,,,,,,,,,Thailand,CO2
AIM/Transport-National 1.0,SpeedHigh,THA,Emissions|CO2|Energy|Demand|Transportation|Freight,Mt CO2/yr,,,,29.859591415,,,30.208615261,,,,,35.479520333,,41.531707998,,,,,48.234989995,54.345101518,59.020083136,62.336817221,64.359860204,64.473982024,,,,,,,,,,,,,,Thailand,CO2
AIM/Transport-National 1.0,SpeedHigh,THA,Emissions|CO2|Energy|Demand|Transportation|Maritime,Mt CO2/yr,,,,0.236171701,,,0.247630347,,,,,0.299592696,,0.362090733,,,,,0.437038231,0.517322658,0.598229879,0.679450285,0.761506663,0.84255981,,,,,,,,,,,,,,Thailand,CO2
AIM/Transport-National 1.0,SpeedHigh,THA,Emissions|CO2|Energy|Demand|Transportation|Maritime|Freight,Mt CO2/yr,,,,0.236171701,,,0.247630347,,,,,0.299592696,,0.362090733,,,,,0.437038231,0.517322658,0.598229879,0.679450285,0.761506663,0.84255981,,,,,,,,,,,,,,Thailand,CO2
AIM/Transport-National 1.0,SpeedHigh,THA,Emissions|CO2|Energy|Demand|Transportation|Passenger,Mt CO2/yr,,,,27.673347728,,,29.872756032,,,,,35.818184348,,42.220114581,,,,,48.836531254,54.748536402,59.109573052,61.85170805,63.08618188,62.544124203,,,,,,,,,,,,,,Thailand,CO2
AIM/Transport-National 1.0,SpeedHigh,THA,Emissions|CO2|Energy|Demand|Transportation|Rail,Mt CO2/yr,,,,0.296047417,,,0.274906106,,,,,0.279124866,,0.295051517,,,,,0.322538853,0.358005596,0.397854912,0.440434423,0.484576403,0.529187151,,,,,,,,,,,,,,Thailand,CO2
AIM/Transport-National 1.0,SpeedHigh,THA,Emissions|CO2|Energy|Demand|Transportation|Rail|Freight,Mt CO2/yr,,,,0.114146285,,,0.110309629,,,,,0.117141907,,0.12826461,,,,,0.143877901,0.16190649,0.180959132,0.201443493,0.223786029,0.247555371,,,,,,,,,,,,,,Thailand,CO2
AIM/Transport-National 1.0,SpeedHigh,THA,Emissions|CO2|Energy|Demand|Transportation|Rail|Passenger,Mt CO2/yr,,,,0.181901132,,,0.164596477,,,,,0.161982959,,0.166786907,,,,,0.178660952,0.196099106,0.21689578,0.23899093,0.260790374,0.28163178,,,,,,,,,,,,,,Thailand,CO2
AIM/Transport-National 1.0,SpeedHigh,THA,Emissions|CO2|Energy|Demand|Transportation|Road,Mt CO2/yr,,,,41.719823768,,,44.216640637,,,,,54.28666522,,65.390466536,,,,,77.227697809,87.771309553,95.43499767,100.256957671,102.401973936,100.965124117,,,,,,,,,,,,,,Thailand,CO2
AIM/Transport-National 1.0,SpeedHigh,THA,Emissions|CO2|Energy|Demand|Transportation|Road|Freight,Mt CO2/yr,,,,26.890189577,,,27.174151721,,,,,31.966402662,,37.398897645,,,,,43.3666583,48.686642903,52.555940955,55.069807044,56.297969297,55.633487257,,,,,,,,,,,,,,Thailand,CO2
AIM/Transport-National 1.0,SpeedHigh,THA,Emissions|CO2|Energy|Demand|Transportation|Road|Passenger,Mt CO2/yr,,,,14.829634191,,,17.042488916,,,,,22.320262558,,27.991568891,,,,,33.861039509,39.08466665,42.879056715,45.187150628,46.104004639,45.33163686,,,,,,,,,,,,,,Thailand,CO2
AIM/Transport-National 1.0,SpeedHigh,THA,Emissions|CO2|Energy|Demand|Transportation|Road|Passenger|2W&3W,Mt CO2/yr,,,,4.308664978,,,4.662472919,,,,,5.126168265,,5.597625908,,,,,5.965888503,6.170322771,6.175469742,6.003076669,5.646403519,5.075852091,,,,,,,,,,,,,,Thailand,CO2
AIM/Transport-National 1.0,SpeedHigh,THA,Emissions|CO2|Energy|Demand|Transportation|Road|Passenger|Bus,Mt CO2/yr,,,,4.824407638,,,4.623925822,,,,,4.925865368,,5.134052676,,,,,5.189619763,5.014530187,4.623654841,4.114748891,3.551061744,2.947578235,,,,,,,,,,,,,,Thailand,CO2
AIM/Transport-National 1.0,SpeedHigh,THA,Emissions|CO2|Energy|Demand|Transportation|Road|Passenger|LDV,Mt CO2/yr,,,,5.696561575,,,7.756090174,,,,,12.268228925,,17.259890307,,,,,22.705531243,27.899813692,32.079932131,35.069325067,36.906539376,37.308206535,,,,,,,,,,,,,,Thailand,CO2
AIM/Transport-National 1.0,Sustainable development (SD),THA,Emissions|CO2|Energy|Demand|Transportation,Mt CO2/yr,,,,57.532939143,,,60.348308439,,,,,70.079026057,,79.76303536,,,,,88.778446257,95.06430566,97.419932955,95.67229099,90.828232851,89.111196596,,,,,,,,,,,,,,Thailand,CO2
AIM/Transport-National 1.0,Sustainable development (SD),THA,Emissions|CO2|Energy|Demand|Transportation|Aviation,Mt CO2/yr,,,,15.280896256,,,15.332621648,,,,,16.283446756,,17.309587817,,,,,18.08554267,18.308625138,18.474157718,18.605941391,18.803480275,18.924170514,,,,,,,,,,,,,,Thailand,CO2
AIM/Transport-National 1.0,Sustainable development (SD),THA,Emissions|CO2|Energy|Demand|Transportation|Aviation|Freight,Mt CO2/yr,,,,2.619083851,,,2.75365604,,,,,3.19869925,,3.728734995,,,,,4.176247274,4.321610041,4.542583927,4.843123274,5.281173031,5.721046303,,,,,,,,,,,,,,Thailand,CO2
AIM/Transport-National 1.0,Sustainable development (SD),THA,Emissions|CO2|Energy|Demand|Transportation|Aviation|Passenger,Mt CO2/yr,,,,12.661812405,,,12.578965608,,,,,13.084747506,,13.580852821,,,,,13.909295396,13.987015097,13.931573791,13.762818117,13.522307244,13.203124212,,,,,,,,,,,,,,Thailand,CO2
AIM/Transport-National 1.0,Sustainable development (SD),THA,Emissions|CO2|Energy|Demand|Transportation|Freight,Mt CO2/yr,,,,29.859591415,,,31.10193974,,,,,36.669162209,,42.239818068,,,,,47.894217317,52.264010066,54.775626559,55.300340415,54.112610232,54.85418806,,,,,,,,,,,,,,Thailand,CO2
AIM/Transport-National 1.0,Sustainable development (SD),THA,Emissions|CO2|Energy|Demand|Transportation|Maritime,Mt CO2/yr,,,,0.236171701,,,0.256097385,,,,,0.313769412,,0.376458983,,,,,0.450294909,0.52848222,0.602356501,0.671160863,0.736971246,0.808750198,,,,,,,,,,,,,,Thailand,CO2
AIM/Transport-National 1.0,Sustainable development (SD),THA,Emissions|CO2|Energy|Demand|Transportation|Maritime|Freight,Mt CO2/yr,,,,0.236171701,,,0.256097385,,,,,0.313769412,,0.376458983,,,,,0.450294909,0.52848222,0.602356501,0.671160863,0.736971246,0.808750198,,,,,,,,,,,,,,Thailand,CO2
AIM/Transport-National 1.0,Sustainable development (SD),THA,Emissions|CO2|Energy|Demand|Transportation|Passenger,Mt CO2/yr,,,,27.673347728,,,29.2463687,,,,,33.409863849,,37.523217292,,,,,40.884228941,42.800295594,42.644306396,40.371950575,36.715622619,34.257008536,,,,,,,,,,,,,,Thailand,CO2
AIM/Transport-National 1.0,Sustainable development (SD),THA,Emissions|CO2|Energy|Demand|Transportation|Rail,Mt CO2/yr,,,,0.296047417,,,0.280597396,,,,,0.289659868,,0.306507495,,,,,0.325160738,0.336251196,0.337590085,0.333017295,0.328177581,0.329143978,,,,,,,,,,,,,,Thailand,CO2
AIM/Transport-National 1.0,Sustainable development (SD),THA,Emissions|CO2|Energy|Demand|Transportation|Rail|Freight,Mt CO2/yr,,,,0.114146285,,,0.112358447,,,,,0.120481301,,0.131682799,,,,,0.14695144,0.164565929,0.182819106,0.200747769,0.218322592,0.238758561,,,,,,,,,,,,,,Thailand,CO2
AIM/Transport-National 1.0,Sustainable development (SD),THA,Emissions|CO2|Energy|Demand|Transportation|Rail|Passenger,Mt CO2/yr,,,,0.181901132,,,0.168238949,,,,,0.169178567,,0.174824696,,,,,0.178209297,0.171685267,0.154770979,0.132269526,0.109854989,0.090385417,,,,,,,,,,,,,,Thailand,CO2
AIM/Transport-National 1.0,Sustainable development (SD),THA,Emissions|CO2|Energy|Demand|Transportation|Road,Mt CO2/yr,,,,41.719823768,,,44.47899201,,,,,53.192150021,,61.770481065,,,,,69.917447942,75.890947106,78.005828651,76.062171441,70.959603749,69.049131906,,,,,,,,,,,,,,Thailand,CO2
AIM/Transport-National 1.0,Sustainable development (SD),THA,Emissions|CO2|Energy|Demand|Transportation|Road|Freight,Mt CO2/yr,,,,26.890189577,,,27.979827867,,,,,33.036212245,,38.00294129,,,,,43.120723694,47.249351876,49.447867025,49.585308509,47.876143363,48.085632998,,,,,,,,,,,,,,Thailand,CO2
AIM/Transport-National 1.0,Sustainable development (SD),THA,Emissions|CO2|Energy|Demand|Transportation|Road|Passenger,Mt CO2/yr,,,,14.829634191,,,16.499164143,,,,,20.155937776,,23.767539775,,,,,26.796724248,28.64159523,28.557961626,26.476862932,23.083460386,20.963498908,,,,,,,,,,,,,,Thailand,CO2
AIM/Transport-National 1.0,Sustainable development (SD),THA,Emissions|CO2|Energy|Demand|Transportation|Road|Passenger|2W&3W,Mt CO2/yr,,,,4.308664978,,,4.723055629,,,,,5.24017003,,5.771488665,,,,,6.17704976,6.43321899,6.460394582,6.217541863,5.689964526,5.376599393,,,,,,,,,,,,,,Thailand,CO2
AIM/Transport-National 1.0,Sustainable development (SD),THA,Emissions|CO2|Energy|Demand|Transportation|Road|Passenger|Bus,Mt CO2/yr,,,,4.824407638,,,4.60077686,,,,,4.847450724,,4.99482691,,,,,4.97693169,4.758005738,4.31125295,3.710283774,3.039224894,2.598592209,,,,,,,,,,,,,,Thailand,CO2
AIM/Transport-National 1.0,Sustainable development (SD),THA,Emissions|CO2|Energy|Demand|Transportation|Road|Passenger|LDV,Mt CO2/yr,,,,5.696561575,,,7.175331655,,,,,10.068317023,,13.0012242,,,,,15.642742798,17.450370502,17.786314094,16.549037296,14.354270966,12.988307306,,,,,,,,,,,,,,Thailand,CO2
