Model,Scenario,Region,Variable,Unit,1990,1995,2000,2005,2007,2008,2010,2011,2012,2013,2014,2015,2018,2020,2021,2022,2023,2024,2025,2030,2035,2040,2045,2050,2055,2060,2065,2070,2075,2080,2085,2090,2095,2100,2110,2130,2150,Country,Species
GCAM 5.2,"NGFS1_Current policies (Hot house world, Rep)",ARG,Emissions|CH4|AFOLU,Mt CO2e/yr,,,,95.675980008,,,96.256487936,,,,,97.85655124,,99.32043934400001,,,,,104.354377008,109.145626408,113.03178460000001,116.76742601999999,120.79234285999999,124.56277587599999,125.252683752,125.546980776,125.55101977599999,125.21198771199971,124.547621548,123.59043673199999,122.483951016,121.28066585599971,119.98176744399998,118.605048492,,,,Argentina,CH4
GCAM 5.2,"NGFS1_Current policies (Hot house world, Rep)",ARG,Emissions|CO2|AFOLU,Mt CO2/yr,,,,153.3274094,,,131.264995,,,,,172.144477,,139.8858435,,,,,107.62721,75.36857652,43.10994301,10.85130951,9.286619174,7.721928843,6.15723851299999,4.592548182,3.027857851,1.46316752,-0.10152281,-1.666213141,-3.230903472,-4.795593803,-6.360284134,-7.924974464,,,,Argentina,CO2
GCAM 5.2,"NGFS1_Current policies (Hot house world, Rep)",ARG,Emissions|CO2|Energy and Industrial Processes,Mt CO2/yr,,,,155.4218523,,,189.9897589,,,,,198.823361,,198.0144537,,,,,216.6137728,231.0324204,243.0498763,251.2018182,257.8495103,263.6643891,272.6673639,282.2099187,290.4509244,299.2554516,307.757265199999,311.7364056,313.1198662,313.6842733,313.6294604,313.4810336,,,,Argentina,CO2
GCAM 5.2,"NGFS1_Current policies (Hot house world, Rep)",ARG,Emissions|CO2|Energy|Demand,Mt CO2/yr,,,,106.8662694,,,121.1769805,,,,,125.7411154,,122.9845002,,,,,131.2092989,138.3744582,144.6123477,149.5863198,154.5881645,159.0975295,164.9861488,172.1507294,180.0992645,189.2725703,198.1920032,203.4219403,205.8172812,206.8252697,206.2104332,204.796331,,,,Argentina,CO2
GCAM 5.2,"NGFS1_Current policies (Hot house world, Rep)",ARG,Emissions|CO2|Energy|Demand|Industry,Mt CO2/yr,,,,46.74304612,,,47.53585714,,,,,48.12192692,,49.04882975,,,,,52.29709577,55.02404362,57.37928558,59.94793982,63.1667672,66.59709616,70.64264351,75.45450536,81.14452197,88.14781901,95.31886286,99.1715342,100.6725344,100.920733,99.85689728,98.10761741,,,,Argentina,CO2
GCAM 5.2,"NGFS1_Current policies (Hot house world, Rep)",ARG,Emissions|CO2|Energy|Demand|Residential and Commercial,Mt CO2/yr,,,,19.65090815,,,25.03534127,,,,,26.22734859,,23.84488176,,,,,24.31946261,24.63241744,24.73158982,24.44166165,23.9536437,23.37067757,23.08363448,22.82290962,22.46865006,21.98120352,21.35591335,20.6235381,19.68450251,18.72200895,17.65050188,16.73118587,,,,Argentina,CO2
GCAM 5.2,"NGFS1_Current policies (Hot house world, Rep)",ARG,Emissions|CO2|Energy|Demand|Transportation,Mt CO2/yr,,,,40.47231509,,,48.60578209,,,,,51.39183988,,50.09078867,,,,,54.59274055,58.71799712,62.50147228,65.19671828,67.4677536,69.12975578,71.25987077,73.87331437,76.48609251,79.14354776,81.51722698,83.62686803,85.46024433,87.18252767,88.70303399,89.95752773,,,,Argentina,CO2
GCAM 5.2,"NGFS1_Current policies (Hot house world, Rep)",ARG,Emissions|CO2|Energy|Supply,Mt CO2/yr,,,,39.8650682,,,58.70654958,,,,,63.04102652,,65.09656626,,,,,74.01437899,79.9215219,84.52175507,86.74563924,87.72692773,88.69526291,91.47059626,93.40345828,93.32261518,92.50205001,91.70637843,90.22109608,89.29450698,88.94671113,89.71418895,91.29231481,,,,Argentina,CO2
GCAM 5.2,"NGFS1_Current policies (Hot house world, Rep)",ARG,Emissions|CO2|Energy|Supply|Electricity,Mt CO2/yr,,,,30.13786735,,,42.21284441,,,,,50.46956473,,52.84209728,,,,,60.89044727,66.0845146,70.08089826,71.95953192,72.63891534,72.97496678,74.77331047,75.63641488,74.38936975,72.37304804,70.22743457,67.13155578,64.03600407,61.59175736,60.0343953,58.87348938,,,,Argentina,CO2
GCAM 5.2,"NGFS1_Current policies (Hot house world, Rep)",ARG,Emissions|CO2|Industrial Processes,Mt CO2/yr,,,,8.690514743,,,10.10622882,,,,,10.04121913,,9.933387286,,,,,11.39009486,12.73644032,13.91577354,14.86985921,15.53441802,15.87159665,16.21061886,16.65573108,17.02904467,17.48083135,17.85888356,18.09336923,18.00807802,17.91229254,17.70483832,17.39238779,,,,Argentina,CO2
GCAM 5.2,"NGFS1_Current policies (Hot house world, Rep)",ARG,Emissions|N2O|AFOLU,Mt CO2e/yr,,,,40.0026837483,,,41.7544445682,,,,,45.424946002800006,,47.69224253430001,,,,,50.44114953150001,53.0963520906,55.0459843752,56.8655258808,59.1120514257,61.174135686300005,62.217140895,62.9615614992,63.5935733433,63.9297957753,64.1399128188,64.2052084128,64.1976580245,64.038448929,63.7504066017,63.3369938292,,,,Argentina,N2O
GCAM 5.2,"NGFS1_Immediate 2C with CDR (Orderly, Rep)",ARG,Carbon Sequestration|CCS|Biomass,Mt CO2/yr,,,,0.0,,,0.0,,,,,0.0,,0.0,,,,,0.16108448,1.430421955,8.67674532299999,20.07727799,34.10931549,51.31526428,69.64259383,88.15615308,90.9010612,96.82913473,106.2530852,110.4657047,103.6979173,95.68836879,94.69191473,91.44564991,,,,Argentina,
GCAM 5.2,"NGFS1_Immediate 2C with CDR (Orderly, Rep)",ARG,Emissions|CH4|AFOLU,Mt CO2e/yr,,,,95.675980008,,,96.256487936,,,,,97.85655124,,99.32043934400001,,,,,100.68100559999999,104.80767794,107.809353652,110.345819304,112.67624552800001,114.51331471999998,113.386238056,111.984352032,111.0962279,111.238328796,111.186776232,110.952923172,110.71683882,110.22454338,109.562335148,108.14025980800001,,,,Argentina,CH4
GCAM 5.2,"NGFS1_Immediate 2C with CDR (Orderly, Rep)",ARG,Emissions|CO2|AFOLU,Mt CO2/yr,,,,153.3274094,,,131.264995,,,,,172.144477,,139.0043333,,,,,105.8641895,72.72404572,39.58390194,6.443758169,6.742023064,7.04028796,7.338552855,7.63681775,7.935082646,8.233347541,8.531612436,8.829877331,9.128142227,9.426407122,9.724672017,10.02293691,,,,Argentina,CO2
GCAM 5.2,"NGFS1_Immediate 2C with CDR (Orderly, Rep)",ARG,Emissions|CO2|Energy and Industrial Processes,Mt CO2/yr,,,,155.4218523,,,189.9897589,,,,,198.823361,,198.0144735,,,,,185.0928356,174.1066439,144.6776014,112.2715124,77.97515678,40.59504406,5.461987933,-27.46933961,-39.33486925,-55.49433998,-79.98110379,-98.45064751,-100.9633349,-86.22062263,-84.19385614,-77.55703269,,,,Argentina,CO2
GCAM 5.2,"NGFS1_Immediate 2C with CDR (Orderly, Rep)",ARG,Emissions|CO2|Energy|Demand,Mt CO2/yr,,,,106.8662694,,,121.1769805,,,,,125.7411154,,122.9845148,,,,,116.6964605,115.787148,110.3283168,102.1767151,91.69344741,79.6701807,68.77254623,59.13367647,51.68840836,44.37887253,36.33345468,29.83772496,25.65824473,28.94573556,30.48162332,35.19300412,,,,Argentina,CO2
GCAM 5.2,"NGFS1_Immediate 2C with CDR (Orderly, Rep)",ARG,Emissions|CO2|Energy|Demand|Industry,Mt CO2/yr,,,,46.74304612,,,47.53585714,,,,,48.12192692,,49.04883419,,,,,44.23388468,42.37904414,38.18534662,33.36813814,27.79104021,21.64710215,15.80726835,10.79882947,7.024129009,4.824645604,4.091995195,3.588204841,3.077255844,7.566703519,12.11136886,20.02682151,,,,Argentina,CO2
GCAM 5.2,"NGFS1_Immediate 2C with CDR (Orderly, Rep)",ARG,Emissions|CO2|Energy|Demand|Residential and Commercial,Mt CO2/yr,,,,19.65090815,,,25.03534127,,,,,26.22734859,,23.84488271,,,,,20.58252742,18.56113067,15.90050513,13.29692758,10.75064525,8.17494671299999,5.945393071,4.031971228,2.564278197,1.515017541,0.826230574,0.442478019,0.248837806,0.149024761,0.084670658,0.04074402,,,,Argentina,CO2
GCAM 5.2,"NGFS1_Immediate 2C with CDR (Orderly, Rep)",ARG,Emissions|CO2|Energy|Demand|Transportation,Mt CO2/yr,,,,40.47231509,,,48.60578209,,,,,51.39183988,,50.09079795,,,,,51.88004841,54.84697318,56.24246503,55.51164939,53.15176195,49.84813184,47.01988481,44.30287577,42.10000116,38.03920938,31.41522891,25.8070421,22.33215108,21.23000728,18.2855838,15.12543859,,,,Argentina,CO2
GCAM 5.2,"NGFS1_Immediate 2C with CDR (Orderly, Rep)",ARG,Emissions|CO2|Energy|Supply,Mt CO2/yr,,,,39.8650682,,,58.70654958,,,,,63.04102652,,65.09656914,,,,,62.64901141,52.91940402,29.77178949,6.831129077,-14.75757864,-37.42832901,-59.00283464,-79.7158892999999,-82.61439586,-88.77537224,-99.69968061,-105.7422994,-99.93406202,-91.58296209,-91.2872451,-88.96475824,,,,Argentina,CO2
GCAM 5.2,"NGFS1_Immediate 2C with CDR (Orderly, Rep)",ARG,Emissions|CO2|Energy|Supply|Electricity,Mt CO2/yr,,,,30.13786735,,,42.21284441,,,,,50.46956473,,52.84210015,,,,,50.66640519,41.84784643,22.60713014,6.899753205,-3.318519873,-11.28110151,-18.09029659,-24.90694564,-30.68837258,-35.62724987,-40.89628359,-42.88756773,-38.9643391,-39.4421403,-41.00058734,-44.39019601,,,,Argentina,CO2
GCAM 5.2,"NGFS1_Immediate 2C with CDR (Orderly, Rep)",ARG,Emissions|CO2|Industrial Processes,Mt CO2/yr,,,,8.690514743,,,10.10622882,,,,,10.04121913,,9.933389552,,,,,5.747363647,5.400091858,4.577495085,3.26366823,1.039288009,-1.646807638,-4.307723661,-6.887126779,-8.408881751,-11.09784026,-16.61487787,-22.54607307,-26.68751759,-23.5833961,-23.38823436,-23.78527857,,,,Argentina,CO2
GCAM 5.2,"NGFS1_Immediate 2C with CDR (Orderly, Rep)",ARG,Emissions|N2O|AFOLU,Mt CO2e/yr,,,,40.0026837483,,,41.7544445682,,,,,45.424946002800006,,47.69224253430001,,,,,49.108208303699996,51.778891382400005,54.169330488,56.48232582719999,59.1832043712,61.44474573510001,62.5640253966,63.2023714413,63.1556057769,63.4865188503,63.8525011488,64.0751578194,63.9817976343,62.9650367892,61.854350212199996,61.3664402988,,,,Argentina,N2O
GCAM 5.3,NGFS2_Below 2¬∞C,ARG,Carbon Sequestration|CCS|Biomass,Mt CO2/yr,,,,,,,0.0,,,,,0.0,,0.0,,,,,0.001025866,0.02091645,0.406037984,1.552210081,3.856384777,7.587363746,10.78931108,13.58431077,18.08381919,19.67658165,22.08689197,24.99270275,27.86289836,30.16596223,32.44702114,36.20366625,,,,Argentina,
GCAM 5.3,NGFS2_Below 2¬∞C,ARG,Carbon Sequestration|CCS|Biomass|Energy|Demand|Industry,Mt CO2/yr,,,,,,,0.0,,,,,0.0,,0.0,,,,,0.0,0.0,0.0,0.0,0.0,0.0,0.0,0.0,0.0,0.0,0.0,0.0,0.0,0.0,0.0,0.0,,,,Argentina,
GCAM 5.3,NGFS2_Below 2¬∞C,ARG,Carbon Sequestration|CCS|Biomass|Energy|Supply,Mt CO2/yr,,,,,,,0.0,,,,,0.0,,0.0,,,,,0.001025866,0.02091645,0.406037984,1.552210081,3.856384777,7.587363746,10.78931108,13.58431077,18.08381919,19.67658165,22.08689197,24.99270275,27.86289836,30.16596223,32.44702114,36.20366625,,,,Argentina,
GCAM 5.3,NGFS2_Below 2¬∞C,ARG,Carbon Sequestration|CCS|Biomass|Energy|Supply|Electricity,Mt CO2/yr,,,,,,,0.0,,,,,0.0,,0.0,,,,,0.001025866,0.02091645,0.217876623,0.937413609,2.340602423,4.638477208,6.304419804,8.305840314,10.96395512,11.88441745,12.52113056,13.10300051,14.01375121,15.16824678,16.63088795,18.43757431,,,,Argentina,
GCAM 5.3,NGFS2_Below 2¬∞C,ARG,Carbon Sequestration|CCS|Biomass|Energy|Supply|Hydrogen,Mt CO2/yr,,,,,,,0.0,,,,,0.0,,0.0,,,,,0.0,0.0,0.094817442,0.250179256,0.520780381,1.094250766,1.165101773,1.886866838,3.412097644,2.983082938,2.576269901,2.381214216,2.173680864,2.049102186,2.147009529,2.774280919,,,,Argentina,
GCAM 5.3,NGFS2_Below 2¬∞C,ARG,Carbon Sequestration|CCS|Biomass|Energy|Supply|Liquids,Mt CO2/yr,,,,,,,0.0,,,,,0.0,,0.0,,,,,0.0,0.0,0.093343918,0.364617216,0.995001974,1.854635772,3.319789507,3.391603617,3.707766419,4.809081255,6.989491511,9.508488019,11.67546629,12.94861326,13.66912367,14.99181102,,,,Argentina,
GCAM 5.3,NGFS2_Below 2¬∞C,ARG,Emissions|CH4|AFOLU,Mt CO2e/yr,,,,,,,101.428516896,,,,,104.54554264000001,,101.814642636,,,,,102.311374816,106.34474320400001,109.091274684,111.97001331599999,113.87977451200001,114.35188819599999,110.73933052000001,106.171852892,100.306745728,101.822432376,102.33056302,101.77562018399999,100.838110128,99.666073472,98.284690644,95.765482232,,,,Argentina,CH4
GCAM 5.3,NGFS2_Below 2¬∞C,ARG,Emissions|CH4|AFOLU|Agriculture,Mt CO2e/yr,,,,,,,96.25648914,,,,,97.85654886,,99.17086860799999,,,,,100.22148606399999,104.299058276,107.065201096,109.957787156,111.876156896,112.35801228400001,108.75313036,104.17672487600001,98.301283556,99.253411852,99.80831310800001,99.531116524,98.778170316,97.664518448,96.282135544,93.75992015599999,,,,Argentina,CH4
GCAM 5.3,NGFS2_Below 2¬∞C,ARG,Emissions|CH4|Energy|Demand|Industry,Mt CO2e/yr,,,,,,,0.084267008,,,,,0.082918836,,0.08242390799999999,,,,,0.08425956,0.08973384,0.08850142,0.083620684,0.07826938,0.07068496399999999,0.057048152,0.039561956,0.02032282,0.015552516,0.01297814,0.011641672,0.011005176,0.010434984,0.009812628,0.008825712000000001,,,,Argentina,CH4
GCAM 5.3,NGFS2_Below 2¬∞C,ARG,Emissions|CH4|Energy|Demand|Residential and Commercial,Mt CO2e/yr,,,,,,,0.16957298399999998,,,,,0.216544664,,0.216630148,,,,,0.16674084,0.12497315599999999,0.0951132,0.073476368,0.04940362,0.02857148,0.015277696,0.007604912,0.003140144,0.0034423759999999996,0.0037487519999999997,0.0037658039999999998,0.0036305079999999997,0.003348016,0.003055304,0.002859724,,,,Argentina,CH4
GCAM 5.3,NGFS2_Below 2¬∞C,ARG,Emissions|CH4|Energy|Demand|Transportation,Mt CO2e/yr,,,,,,,0.24645087599999999,,,,,0.277178048,,0.26074482,,,,,0.24704713599999997,0.232377404,0.218734516,0.184530696,0.161215208,0.125169632,0.092797068,0.062301735999999996,0.040434771999999994,0.028422603999999997,0.022237404,0.021027524,0.021045276,0.020198444,0.020237364,0.0190274,,,,Argentina,CH4
GCAM 5.3,NGFS2_Below 2¬∞C,ARG,Emissions|CH4|Energy|Supply,Mt CO2e/yr,,,,,,,22.143558668,,,,,19.390352604,,21.341734736,,,,,14.752045616,13.707484868000002,12.8287194,12.283268228,12.549823243999999,11.443374796,10.034299436000001,7.50530494,4.237946636,3.871860076,4.005097656,4.408156368,4.897544064,5.64191068,7.807897831999999,11.075698984,,,,Argentina,CH4
GCAM 5.3,NGFS2_Below 2¬∞C,ARG,Emissions|CO2|AFOLU,Mt CO2/yr,,,,,,,131.264995,,,,,228.8873238,,139.903801,,,,,98.94347599,57.98315099,17.02282599,-23.93749902,-64.89782402,-60.13971434,-55.38160466,-50.62349499,-45.86538531,-41.10727563,-36.34916595,-31.59105627,-26.83294659,-22.07483691,-17.31672724,-12.55861756,,,,Argentina,CO2
GCAM 5.3,NGFS2_Below 2¬∞C,ARG,Emissions|CO2|Energy and Industrial Processes,Mt CO2/yr,,,,,,,189.9902172,,,,,198.8239879,,186.1662734,,,,,179.4825043,175.5636787,160.7076808,139.8712831,116.0522271,90.39864294,66.4435102,43.54293552,19.16387248,12.59079378,6.594039502,2.14313087,0.495196043,1.902431973,4.15399269,1.360078063,,,,Argentina,CO2
GCAM 5.3,NGFS2_Below 2¬∞C,ARG,Emissions|CO2|Energy|Demand,Mt CO2/yr,,,,,,,126.1640769,,,,,130.7282828,,124.5481185,,,,,119.734784,118.5600548,113.2696498,103.007966,93.04330329,80.40822876,63.95177178,46.33999116,29.33308041,24.59545992,21.93287008,21.69068576,24.17900885,28.66742697,33.65981655,35.36756035,,,,Argentina,CO2
GCAM 5.3,NGFS2_Below 2¬∞C,ARG,Emissions|CO2|Energy|Demand|Industry,Mt CO2/yr,,,,,,,52.52251994,,,,,53.10858603,,54.05628689,,,,,54.34447205,56.63033478,55.21834145,52.09726452,49.19508611,45.29599975,37.0720222,26.70070658,15.39207574,12.06902104,10.27814872,10.2349109,13.07720182,17.98802097,23.01809182,25.45980567,,,,Argentina,CO2
GCAM 5.3,NGFS2_Below 2¬∞C,ARG,Emissions|CO2|Energy|Demand|Residential and Commercial,Mt CO2/yr,,,,,,,25.03534109,,,,,26.22733969,,22.88033638,,,,,20.31112808,18.43367192,15.99835158,13.77237598,10.56776094,6.894769878,4.033722889,2.097448965,0.888251841,0.979465361,1.066487921,1.073522036,1.040892752,0.966746134,0.887482499,0.824907705,,,,Argentina,CO2
GCAM 5.3,NGFS2_Below 2¬∞C,ARG,Emissions|CO2|Energy|Demand|Residential and Commercial|Commercial,Mt CO2/yr,,,,,,,3.417228247,,,,,3.598865405,,2.962688558,,,,,2.513654673,2.22282252,1.867570508,1.560538773,1.135285987,0.698693721,0.383094841,0.194765211,0.081308687,0.091237632,0.1008411,0.102626834,0.100357047,0.094213295,0.087498464,0.081258971,,,,Argentina,CO2
GCAM 5.3,NGFS2_Below 2¬∞C,ARG,Emissions|CO2|Energy|Demand|Residential and Commercial|Residential,Mt CO2/yr,,,,,,,21.61811284,,,,,22.62847429,,19.91764783,,,,,17.79747341,16.2108494,14.13078107,12.21183721,9.432474956,6.196076157,3.650628048,1.902683754,0.806943154,0.888227729,0.965646821,0.970895202,0.940535705,0.872532839,0.799984035,0.743648735,,,,Argentina,CO2
GCAM 5.3,NGFS2_Below 2¬∞C,ARG,Emissions|CO2|Energy|Demand|Transportation,Mt CO2/yr,,,,,,,48.60621591,,,,,51.39235706,,47.6114952,,,,,45.07918384,43.49604813,42.05295681,37.13832546,33.28045624,28.21745913,22.84602669,17.54183562,13.05275283,11.54697352,10.58823344,10.38225282,10.06091427,9.712659868,9.754242232,9.082846974,,,,Argentina,CO2
GCAM 5.3,NGFS2_Below 2¬∞C,ARG,Emissions|CO2|Energy|Demand|Transportation|Freight,Mt CO2/yr,,,,,,,17.29993456,,,,,19.05002002,,17.96034316,,,,,17.53229345,18.08472271,18.51302433,16.75348403,14.97772138,10.84423873,7.378364353,4.246158252,2.077932798,1.117660462,0.784957322,0.589135518,0.561083709,0.557792942,0.542464316,0.492308038,,,,Argentina,CO2
GCAM 5.3,NGFS2_Below 2¬∞C,ARG,Emissions|CO2|Energy|Demand|Transportation|Passenger,Mt CO2/yr,,,,,,,23.92234715,,,,,26.83383474,,24.48794372,,,,,22.59547357,20.1795715,18.03949388,14.6390623,12.543751,11.70487729,10.04976301,8.273657823,6.644927987,5.842822494,5.096057671,5.126723406,4.94365498,4.657055313,4.712688038,4.307773738,,,,Argentina,CO2
GCAM 5.3,NGFS2_Below 2¬∞C,ARG,Emissions|CO2|Energy|Supply,Mt CO2/yr,,,,,,,58.70657881,,,,,63.04115602,,56.96175144,,,,,55.55787268,52.59747392,42.72601582,31.91585161,18.33314006,5.685258357,-1.255442656,-5.953756182,-12.36789872,-14.04808961,-16.69442661,-20.04699371,-23.45265497,-26.05049919,-28.46051355,-31.74108002,,,,Argentina,CO2
GCAM 5.3,NGFS2_Below 2¬∞C,ARG,Emissions|CO2|Energy|Supply|Electricity,Mt CO2/yr,,,,,,,42.21283313,,,,,50.46959601,,45.30624624,,,,,44.22363458,41.20039968,31.92124438,22.50892354,11.2768721,1.649835028,-2.474270631,-5.321122785,-8.780059215,-9.668204133,-10.36129299,-11.16230849,-12.37771587,-13.70179966,-15.26220152,-16.45364634,,,,Argentina,CO2
GCAM 5.3,NGFS2_Below 2¬∞C,ARG,Emissions|CO2|Industrial Processes,Mt CO2/yr,,,,,,,5.11956148,,,,,5.054549098,,4.656403506,,,,,4.189847678,4.406149953,4.712015134,4.947465486,4.675783795,4.305155822,3.747181075,3.156700535,2.198690794,2.043423464,1.355596038,0.499438818,-0.231157836,-0.71449581,-1.045310316,-2.266402268,,,,Argentina,CO2
GCAM 5.3,NGFS2_Below 2¬∞C,ARG,Emissions|N2O|AFOLU,Mt CO2e/yr,,,,,,,46.5309011076,,,,,51.037466953199996,,50.6266390266,,,,,51.6733345674,53.5840093698,54.6487847451,55.627404924,56.5001308872,56.7886106697,55.6217043018,53.992015404600004,52.0399455576,52.994067180600005,53.505654657,53.60305693470001,53.582488459500006,53.4558069045,53.2127442756,52.480352952299995,,,,Argentina,N2O
GCAM 5.3,NGFS2_Below 2¬∞C,ARG,Emissions|N2O|AFOLU|Agriculture,Mt CO2e/yr,,,,,,,41.754452539800006,,,,,45.42492312540001,,47.116149553199996,,,,,48.364609211099996,50.1471079473,51.0930445389,52.0692025854,52.97866015259999,53.3302109613,52.2323319882,50.6652482427,48.5910186762,49.00876955519999,49.311261581400004,49.3290178017,49.183347840900005,48.8660534271,48.399661974299995,47.4517149834,,,,Argentina,N2O
GCAM 5.3,NGFS2_Current Policies,ARG,Carbon Sequestration|CCS|Biomass,Mt CO2/yr,,,,,,,0.0,,,,,0.0,,0.0,,,,,0.0,0.0,0.0,0.0,0.0,0.0,0.0,0.0,0.0,0.0,0.0,0.0,0.0,0.0,0.0,0.0,,,,Argentina,
GCAM 5.3,NGFS2_Current Policies,ARG,Carbon Sequestration|CCS|Biomass|Energy|Demand|Industry,Mt CO2/yr,,,,,,,0.0,,,,,0.0,,0.0,,,,,0.0,0.0,0.0,0.0,0.0,0.0,0.0,0.0,0.0,0.0,0.0,0.0,0.0,0.0,0.0,0.0,,,,Argentina,
GCAM 5.3,NGFS2_Current Policies,ARG,Carbon Sequestration|CCS|Biomass|Energy|Supply,Mt CO2/yr,,,,,,,0.0,,,,,0.0,,0.0,,,,,0.0,0.0,0.0,0.0,0.0,0.0,0.0,0.0,0.0,0.0,0.0,0.0,0.0,0.0,0.0,0.0,,,,Argentina,
GCAM 5.3,NGFS2_Current Policies,ARG,Carbon Sequestration|CCS|Biomass|Energy|Supply|Electricity,Mt CO2/yr,,,,,,,0.0,,,,,0.0,,0.0,,,,,0.0,0.0,0.0,0.0,0.0,0.0,0.0,0.0,0.0,0.0,0.0,0.0,0.0,0.0,0.0,0.0,,,,Argentina,
GCAM 5.3,NGFS2_Current Policies,ARG,Carbon Sequestration|CCS|Biomass|Energy|Supply|Hydrogen,Mt CO2/yr,,,,,,,0.0,,,,,0.0,,0.0,,,,,0.0,0.0,0.0,0.0,0.0,0.0,0.0,0.0,0.0,0.0,0.0,0.0,0.0,0.0,0.0,0.0,,,,Argentina,
GCAM 5.3,NGFS2_Current Policies,ARG,Carbon Sequestration|CCS|Biomass|Energy|Supply|Liquids,Mt CO2/yr,,,,,,,0.0,,,,,0.0,,0.0,,,,,0.0,0.0,0.0,0.0,0.0,0.0,0.0,0.0,0.0,0.0,0.0,0.0,0.0,0.0,0.0,0.0,,,,Argentina,
GCAM 5.3,NGFS2_Current Policies,ARG,Emissions|CH4|AFOLU,Mt CO2e/yr,,,,,,,101.428516896,,,,,104.54554264000001,,101.815028616,,,,,105.66475956400001,111.94250732,116.76731264800001,121.30623106,126.199675168,130.68544006000002,131.38970541199998,131.79104470000001,131.910546376,131.570822824,130.899819596,129.827698952,128.55836235200002,127.12969304,125.56537963199999,123.86209365599998,,,,Argentina,CH4
GCAM 5.3,NGFS2_Current Policies,ARG,Emissions|CH4|AFOLU|Agriculture,Mt CO2e/yr,,,,,,,96.25648914,,,,,97.85654886,,99.170888264,,,,,103.09653586399999,109.353256068,114.302013084,118.962432288,123.855612412,128.442260016,129.264617692,129.767777804,129.922108064,129.613934128,128.94437365599998,127.87186602400001,126.60200434000001,125.17256788399999,123.607255436,121.90294743199999,,,,Argentina,CH4
GCAM 5.3,NGFS2_Current Policies,ARG,Emissions|CH4|Energy|Demand|Industry,Mt CO2e/yr,,,,,,,0.084267008,,,,,0.082918836,,0.08242740800000001,,,,,0.086780456,0.09483667200000001,0.099423492,0.10212314,0.1052961,0.10808812000000001,0.109396224,0.110076064,0.11054565200000001,0.11101300000000001,0.111295296,0.111033468,0.110429956,0.109949672,0.109460512,0.109679892,,,,Argentina,CH4
GCAM 5.3,NGFS2_Current Policies,ARG,Emissions|CH4|Energy|Demand|Residential and Commercial,Mt CO2e/yr,,,,,,,0.16957298399999998,,,,,0.216544664,,0.216605732,,,,,0.201628532,0.177568272,0.159612908,0.144863628,0.128739856,0.11684610000000001,0.108170356,0.1029833,0.09786263199999999,0.093661204,0.08931739600000001,0.08404634000000001,0.07883778,0.075282256,0.071898316,0.07789908,,,,Argentina,CH4
GCAM 5.3,NGFS2_Current Policies,ARG,Emissions|CH4|Energy|Demand|Transportation,Mt CO2e/yr,,,,,,,0.24645087599999999,,,,,0.277178048,,0.26074594,,,,,0.252144368,0.242080916,0.23359098,0.206714004,0.194367768,0.17776962000000002,0.179397736,0.176804712,0.17678164,0.188063624,0.190531908,0.19330992800000002,0.203583044,0.205934848,0.21089194,0.220158204,,,,Argentina,CH4
GCAM 5.3,NGFS2_Current Policies,ARG,Emissions|CH4|Energy|Supply,Mt CO2e/yr,,,,,,,22.143558668,,,,,19.390352604,,21.347728500000002,,,,,20.982436328000002,21.799682128,24.730390132,25.435264959999998,28.095352992000002,30.011528260000002,30.590607796,30.625809592000003,30.25442896,32.66417448,35.327290151999996,38.705034844,40.091768332,41.948014836,43.52251484,42.328476904,,,,Argentina,CH4
GCAM 5.3,NGFS2_Current Policies,ARG,Emissions|CO2|AFOLU,Mt CO2/yr,,,,,,,131.264995,,,,,228.8873238,,139.9410334,,,,,118.2059748,96.47091622,58.21165227,31.55419191,4.896731554,-21.76072881,-25.34882095,-28.24620999,-29.57281205,-30.60878428,-31.14249243,-31.30474869,-31.48107891,-32.13088041,-32.98512367,-33.31453971,,,,Argentina,CO2
GCAM 5.3,NGFS2_Current Policies,ARG,Emissions|CO2|Energy and Industrial Processes,Mt CO2/yr,,,,,,,189.9902172,,,,,198.8239879,,186.1864772,,,,,189.2143296,202.4136214,221.0151885,232.0889457,241.9626102,251.1281784,262.6998438,274.3713524,286.770982,298.9775298,308.3734731,318.1489888,318.6299562,315.9395433,314.2604122,303.4789689,,,,Argentina,CO2
GCAM 5.3,NGFS2_Current Policies,ARG,Emissions|CO2|Energy|Demand,Mt CO2/yr,,,,,,,126.1640769,,,,,130.7282828,,124.5678171,,,,,125.1376158,130.3744141,133.4139827,132.3254705,133.4889272,134.7930423,137.8680028,141.2951152,147.2644681,154.4657056,160.2213196,166.4856629,170.8681618,171.5365549,171.4462579,171.5215422,,,,Argentina,CO2
GCAM 5.3,NGFS2_Current Policies,ARG,Emissions|CO2|Energy|Demand|Industry,Mt CO2/yr,,,,,,,52.52251994,,,,,53.10858603,,54.05931402,,,,,57.08399407,62.4233193,65.79728202,68.22164789,71.31715858,74.63557985,78.24952366,82.33327298,87.81349425,94.03811963,100.0975124,105.9415111,110.0791725,111.4267619,111.0165446,109.2485311,,,,Argentina,CO2
GCAM 5.3,NGFS2_Current Policies,ARG,Emissions|CO2|Energy|Demand|Residential and Commercial,Mt CO2/yr,,,,,,,25.03534109,,,,,26.22733969,,22.89688887,,,,,21.69578971,22.12930954,22.09892047,22.02985666,21.70363801,21.11587918,20.37353664,19.87265972,19.29289692,18.67751879,17.99802988,17.1425458,16.14331921,15.23303187,14.19871777,14.9825768,,,,Argentina,CO2
GCAM 5.3,NGFS2_Current Policies,ARG,Emissions|CO2|Energy|Demand|Residential and Commercial|Commercial,Mt CO2/yr,,,,,,,3.417228247,,,,,3.598865405,,2.96565979,,,,,2.731979949,2.801926991,2.813298645,2.823173429,2.790869892,2.719357591,2.619467473,2.558780908,2.487040136,2.415214282,2.33697044,2.23475697,2.111230681,2.000183975,1.868434207,2.022672072,,,,Argentina,CO2
GCAM 5.3,NGFS2_Current Policies,ARG,Emissions|CO2|Energy|Demand|Residential and Commercial|Residential,Mt CO2/yr,,,,,,,21.61811284,,,,,22.62847429,,19.93122908,,,,,18.96380976,19.32738255,19.28562182,19.20668323,18.91276811,18.39652158,17.75406917,17.31387881,16.80585679,16.26230451,15.66105944,14.90778883,14.03208853,13.2328479,12.33028357,12.95990473,,,,Argentina,CO2
GCAM 5.3,NGFS2_Current Policies,ARG,Emissions|CO2|Energy|Demand|Transportation,Mt CO2/yr,,,,,,,48.60621591,,,,,51.39235706,,47.61161419,,,,,46.35783198,45.82178522,45.51778026,42.07396599,40.46813061,39.04158323,39.24494252,39.08918252,40.15807688,41.75006716,42.12577735,43.40160603,44.64567012,44.87676114,46.23099561,47.2904343,,,,Argentina,CO2
GCAM 5.3,NGFS2_Current Policies,ARG,Emissions|CO2|Energy|Demand|Transportation|Freight,Mt CO2/yr,,,,,,,17.29993456,,,,,19.05002002,,17.96037413,,,,,18.16575964,19.22262749,20.18226253,19.36517524,19.08082052,17.31275646,17.92913901,18.03738845,17.51254756,18.9254715,19.57671855,19.425138,20.69077919,21.35264893,21.6218643,22.78592196,,,,Argentina,CO2
GCAM 5.3,NGFS2_Current Policies,ARG,Emissions|CO2|Energy|Demand|Transportation|Passenger,Mt CO2/yr,,,,,,,23.92234715,,,,,26.83383474,,24.48806227,,,,,22.96186803,20.85572839,19.10542029,16.059064,14.42967018,14.51693452,13.80259731,13.25338602,14.59643022,14.52394615,14.02866255,15.26877218,15.07023328,14.47053118,15.40564288,15.15422108,,,,Argentina,CO2
GCAM 5.3,NGFS2_Current Policies,ARG,Emissions|CO2|Energy|Supply,Mt CO2/yr,,,,,,,58.70657881,,,,,63.04115602,,56.96245136,,,,,59.13967013,66.19047986,80.80840411,92.05662597,100.1467432,107.5413123,115.4906427,123.0702923,128.8949051,133.3102393,136.4865151,139.716675,135.6997411,132.2217086,130.615643,119.7880039,,,,Argentina,CO2
GCAM 5.3,NGFS2_Current Policies,ARG,Emissions|CO2|Energy|Supply|Electricity,Mt CO2/yr,,,,,,,42.21283313,,,,,50.46959601,,45.30558323,,,,,47.39372809,53.79750385,68.1457383,79.39155621,87.4903185,94.57415307,101.9473302,109.0039815,114.0400589,117.7275455,120.1418631,121.982433,116.4718319,111.8571961,108.6741778,96.57682636,,,,Argentina,CO2
GCAM 5.3,NGFS2_Current Policies,ARG,Emissions|CO2|Industrial Processes,Mt CO2/yr,,,,,,,5.11956148,,,,,5.054549098,,4.656208801,,,,,4.937043663,5.848727488,6.792801616,7.706849171,8.326939879,8.793823874,9.341198228,10.00594482,10.61160891,11.20158488,11.66563836,11.9466509,12.06205338,12.18127976,12.19851132,12.16942288,,,,Argentina,CO2
GCAM 5.3,NGFS2_Current Policies,ARG,Emissions|N2O|AFOLU,Mt CO2e/yr,,,,,,,46.5309011076,,,,,51.037466953199996,,50.6274302079,,,,,52.8861810204,55.6133218641,57.338997452099996,58.985789717399996,61.0729549248,62.8965823122,63.6601576065,64.1845577373,64.65778259849999,64.9131295449,65.0808715284,65.1364946505,65.1209162331,64.9436638578,64.6311475446,64.2750269889,,,,Argentina,N2O
GCAM 5.3,NGFS2_Current Policies,ARG,Emissions|N2O|AFOLU|Agriculture,Mt CO2e/yr,,,,,,,41.754452539800006,,,,,45.42492312540001,,47.116730114999996,,,,,49.20150960270001,51.62999205,53.301761440199996,54.9210511122,56.92391004300001,58.7370234633,59.483877534899996,59.963208669,60.3504490953,60.5091166953,60.5598296121,60.496322004300005,60.3619380273,60.0471385605,59.5916180223,59.120594223599994,,,,Argentina,N2O
GCAM 5.3,NGFS2_Delayed Transition,ARG,Carbon Sequestration|CCS|Biomass,Mt CO2/yr,,,,,,,0.0,,,,,0.0,,0.0,,,,,0.0,0.0,1.57850601,4.209182759,3.391408864,1.960634427,11.62367326,24.43194593,33.63102374,40.26759146,43.40543678,45.43775698,46.59722371,46.13001821,47.00904,53.24744465,,,,Argentina,
GCAM 5.3,NGFS2_Delayed Transition,ARG,Carbon Sequestration|CCS|Biomass|Energy|Demand|Industry,Mt CO2/yr,,,,,,,0.0,,,,,0.0,,0.0,,,,,0.0,0.0,0.0,0.0,0.0,0.0,0.0,0.0,0.0,0.0,0.0,0.0,0.0,0.0,0.0,0.0,,,,Argentina,
GCAM 5.3,NGFS2_Delayed Transition,ARG,Carbon Sequestration|CCS|Biomass|Energy|Supply,Mt CO2/yr,,,,,,,0.0,,,,,0.0,,0.0,,,,,0.0,0.0,1.57850601,4.209182759,3.391408864,1.960634427,11.62367326,24.43194593,33.63102374,40.26759146,43.40543678,45.43775698,46.59722371,46.13001821,47.00904,53.24744465,,,,Argentina,
GCAM 5.3,NGFS2_Delayed Transition,ARG,Carbon Sequestration|CCS|Biomass|Energy|Supply|Electricity,Mt CO2/yr,,,,,,,0.0,,,,,0.0,,0.0,,,,,0.0,0.0,1.363932291,3.655092432,2.85829416,1.511671617,7.488598281,10.74228271,12.15592914,11.01425623,8.642612071,6.449094512,5.286350025,6.410797414,9.046932063,15.76565514,,,,Argentina,
GCAM 5.3,NGFS2_Delayed Transition,ARG,Carbon Sequestration|CCS|Biomass|Energy|Supply|Hydrogen,Mt CO2/yr,,,,,,,0.0,,,,,0.0,,0.0,,,,,0.0,0.0,0.21457372,0.335627631,0.176827949,0.281775659,2.987398605,12.20013778,17.39675825,18.7202417,16.8553382,14.53895799,11.91307442,7.913987386,5.338960485,4.277093722,,,,Argentina,
GCAM 5.3,NGFS2_Delayed Transition,ARG,Carbon Sequestration|CCS|Biomass|Energy|Supply|Liquids,Mt CO2/yr,,,,,,,0.0,,,,,0.0,,0.0,,,,,0.0,0.0,0.0,0.218462697,0.356286754,0.16718715,1.14767637,1.489525449,4.078336357,10.53309353,17.90748651,24.44970448,29.39779927,31.80523341,32.62314745,33.20469579,,,,Argentina,
GCAM 5.3,NGFS2_Delayed Transition,ARG,Emissions|CH4|AFOLU,Mt CO2e/yr,,,,,,,101.428516896,,,,,104.54554264000001,,101.815028616,,,,,105.66475956400001,111.94250732,114.559171524,119.26855514,124.32604464,129.35712946799998,130.274935,130.684170064,130.16276711199998,129.14474540799998,127.774022908,126.04607612799998,124.058020016,121.925498436,119.70404149199999,117.408300548,,,,Argentina,CH4
GCAM 5.3,NGFS2_Delayed Transition,ARG,Emissions|CH4|AFOLU|Agriculture,Mt CO2e/yr,,,,,,,96.25648914,,,,,97.85654886,,99.170888264,,,,,103.09653586399999,109.353256068,112.277313064,117.02728242799999,122.24543256799998,127.343303248,128.29873327599998,128.70433631999998,128.187225768,127.164809884,125.78993756,124.05781838800002,122.06598054,119.93006928,117.705470736,115.406755408,,,,Argentina,CH4
GCAM 5.3,NGFS2_Delayed Transition,ARG,Emissions|CH4|Energy|Demand|Industry,Mt CO2e/yr,,,,,,,0.084267008,,,,,0.082918836,,0.08242740800000001,,,,,0.086780456,0.09483667200000001,0.0898674,0.082028268,0.07040888399999999,0.046417336,0.029683219999999996,0.010424764,0.003991148,0.0025032,0.0019432000000000002,0.0015819999999999999,0.0012992000000000001,0.001078,0.0009044,0.0007643999999999999,,,,Argentina,CH4
GCAM 5.3,NGFS2_Delayed Transition,ARG,Emissions|CH4|Energy|Demand|Residential and Commercial,Mt CO2e/yr,,,,,,,0.16957298399999998,,,,,0.216544664,,0.216605732,,,,,0.201628532,0.177568272,0.129945732,0.08289246,0.048117188000000005,0.031880324,0.026258904,0.02208458,0.017455424,0.01355144,0.010113740000000001,0.007525784000000001,0.005831028,0.004427864,0.00345618,0.003257184,,,,Argentina,CH4
GCAM 5.3,NGFS2_Delayed Transition,ARG,Emissions|CH4|Energy|Demand|Transportation,Mt CO2e/yr,,,,,,,0.24645087599999999,,,,,0.277178048,,0.26074594,,,,,0.252144368,0.242080916,0.21814377199999999,0.17900201200000002,0.143244948,0.095991112,0.05767678,0.030292388000000003,0.013818756,0.0059801,0.0026684,0.0009604,0.00033600000000000004,0.00010248000000000001,3.948e-05,1.6352000000000002e-05,,,,Argentina,CH4
GCAM 5.3,NGFS2_Delayed Transition,ARG,Emissions|CH4|Energy|Supply,Mt CO2e/yr,,,,,,,22.143558668,,,,,19.390352604,,21.347728500000002,,,,,20.982436328000002,21.799682128,13.385362228,11.575647888,10.407512276,8.461650764,7.697102644,6.087203136,4.744316584,3.7528322439999995,3.0263013759999997,2.475301444,2.0577638759999997,1.554934864,1.234800784,1.1116680399999999,,,,Argentina,CH4
GCAM 5.3,NGFS2_Delayed Transition,ARG,Emissions|CO2|AFOLU,Mt CO2/yr,,,,,,,131.264995,,,,,228.8873238,,139.9410334,,,,,118.2059748,96.47091622,74.7358576,53.00079899,31.26574038,9.530681764,-12.20437685,-33.93943546,-55.67449408,-77.40955269,-99.1446113,-120.8796699,-142.6147285,-104.1966145,-65.7785004,-27.36038634,,,,Argentina,CO2
GCAM 5.3,NGFS2_Delayed Transition,ARG,Emissions|CO2|Energy and Industrial Processes,Mt CO2/yr,,,,,,,189.9902172,,,,,198.8239879,,186.1864772,,,,,189.2143296,202.4136214,158.3403924,125.3228878,94.68099099,65.03833969,35.69241878,0.890993569,-20.96207717,-37.14764233,-48.57808477,-57.40238459,-63.65336891,-65.87853315,-67.99077438,-74.98251142,,,,Argentina,CO2
GCAM 5.3,NGFS2_Delayed Transition,ARG,Emissions|CO2|Energy|Demand,Mt CO2/yr,,,,,,,126.1640769,,,,,130.7282828,,124.5678171,,,,,125.1376158,130.3744141,113.8760352,99.09278365,80.95282813,55.68305158,37.94397203,18.40722578,9.167145464,5.018081481,2.616347208,1.158697163,0.346563103,0.043959976,-0.014166792,-0.049486119,,,,Argentina,CO2
GCAM 5.3,NGFS2_Delayed Transition,ARG,Emissions|CO2|Energy|Demand|Industry,Mt CO2/yr,,,,,,,52.52251994,,,,,53.10858603,,54.05931402,,,,,57.08399407,62.4233193,56.931767,51.50667418,44.465783,32.20226947,21.50193894,8.191770621,3.165354903,1.604299682,0.634328776,-0.031479319,-0.417762455,-0.537078374,-0.523358969,-0.494747432,,,,Argentina,CO2
GCAM 5.3,NGFS2_Delayed Transition,ARG,Emissions|CO2|Energy|Demand|Residential and Commercial,Mt CO2/yr,,,,,,,25.03534109,,,,,26.22733969,,22.89688887,,,,,21.69578971,22.12930954,15.22986384,11.53523241,6.173871405,1.707321083,1.111895612,0.413705967,0.148759194,0.064138523,0.030462908,0.016100054,0.009584282,0.006020776,0.00412113,0.003446586,,,,Argentina,CO2
GCAM 5.3,NGFS2_Delayed Transition,ARG,Emissions|CO2|Energy|Demand|Residential and Commercial|Commercial,Mt CO2/yr,,,,,,,3.417228247,,,,,3.598865405,,2.96565979,,,,,2.731979949,2.801926991,1.660519787,1.206651098,0.596179202,0.154890456,0.100397223,0.037098405,0.013397581,0.005800827,0.002771388,0.001476534,0.000886046,0.000564779,0.000392324,0.000327853,,,,Argentina,CO2
GCAM 5.3,NGFS2_Delayed Transition,ARG,Emissions|CO2|Energy|Demand|Residential and Commercial|Residential,Mt CO2/yr,,,,,,,21.61811284,,,,,22.62847429,,19.93122908,,,,,18.96380976,19.32738255,13.56934405,10.32858132,5.577692203,1.552430626,1.01149839,0.376607562,0.135361613,0.058337696,0.02769152,0.01462352,0.008698236,0.005455998,0.003728805,0.003118733,,,,Argentina,CO2
GCAM 5.3,NGFS2_Delayed Transition,ARG,Emissions|CO2|Energy|Demand|Transportation,Mt CO2/yr,,,,,,,48.60621591,,,,,51.39235706,,47.61161419,,,,,46.35783198,45.82178522,41.71440432,36.05087705,30.31317372,21.77346103,15.33013747,9.801749195,5.853031367,3.349643276,1.951555524,1.174076429,0.754741277,0.575017573,0.505071047,0.441814727,,,,Argentina,CO2
GCAM 5.3,NGFS2_Delayed Transition,ARG,Emissions|CO2|Energy|Demand|Transportation|Freight,Mt CO2/yr,,,,,,,17.29993456,,,,,19.05002002,,17.96037413,,,,,18.16575964,19.22262749,18.27234196,16.02413348,12.97658089,8.063587376,4.242084024,1.814954605,0.510333587,0.123800731,0.072079883,0.04047285,0.022920757,0.014075256,0.009396922,0.006134104,,,,Argentina,CO2
GCAM 5.3,NGFS2_Delayed Transition,ARG,Emissions|CO2|Energy|Demand|Transportation|Passenger,Mt CO2/yr,,,,,,,23.92234715,,,,,26.83383474,,24.48806227,,,,,22.96186803,20.85572839,18.07415716,14.48496971,12.04038911,9.320525488,6.940074255,4.553083026,2.646779419,1.252933156,0.504643009,0.195940894,0.083573664,0.050165268,0.041218543,0.031085985,,,,Argentina,CO2
GCAM 5.3,NGFS2_Delayed Transition,ARG,Emissions|CO2|Energy|Supply,Mt CO2/yr,,,,,,,58.70657881,,,,,63.04115602,,56.96245136,,,,,59.13967013,66.19047986,39.72431922,21.5252162,9.57074645,6.458392422,-4.654572023,-19.07413363,-29.7078063,-37.46981126,-41.43124082,-43.98747184,-45.48215231,-45.19420205,-46.12887157,-51.97293556,,,,Argentina,CO2
GCAM 5.3,NGFS2_Delayed Transition,ARG,Emissions|CO2|Energy|Supply|Electricity,Mt CO2/yr,,,,,,,42.21283313,,,,,50.46959601,,45.30558323,,,,,47.39372809,53.79750385,29.05686714,12.54341462,2.406080698,1.289419142,-4.876490266,-8.460234563,-10.57259569,-9.985988559,-7.958073306,-5.919536546,-4.841059995,-6.031840557,-8.67788461,-14.95696921,,,,Argentina,CO2
GCAM 5.3,NGFS2_Delayed Transition,ARG,Emissions|CO2|Industrial Processes,Mt CO2/yr,,,,,,,5.11956148,,,,,5.054549098,,4.656208801,,,,,4.937043663,5.848727488,4.740038071,4.704887935,4.157416407,2.896895681,2.403018769,1.557901415,-0.42141633,-4.695912554,-9.763191161,-14.57360991,-18.5177797,-20.72829108,-21.84773602,-22.96008974,,,,Argentina,CO2
GCAM 5.3,NGFS2_Delayed Transition,ARG,Emissions|N2O|AFOLU,Mt CO2e/yr,,,,,,,46.5309011076,,,,,51.037466953199996,,50.6274302079,,,,,52.8861810204,55.6133218641,55.93587245610001,57.4348218444,59.382650363399996,60.7756791096,61.0068380649,60.8262607407,60.4723274064,60.1250806884,59.570871114300004,58.868684511000005,58.2094496802,57.5826924582,56.939675328899995,56.26052015220001,,,,Argentina,N2O
GCAM 5.3,NGFS2_Delayed Transition,ARG,Emissions|N2O|AFOLU|Agriculture,Mt CO2e/yr,,,,,,,41.754452539800006,,,,,45.42492312540001,,47.116730114999996,,,,,49.20150960270001,51.62999205,51.9381128175,53.397726755099995,55.4065417542,56.8021926108,56.952992323500006,56.7204750021,56.241265407600004,55.5708196953,54.6503847435,53.5745355327,52.5576688728,51.594279009000005,50.615783045099995,49.5862658382,,,,Argentina,N2O
GCAM 5.3,NGFS2_Divergent Net Zero Policies,ARG,Carbon Sequestration|CCS|Biomass,Mt CO2/yr,,,,,,,0.0,,,,,0.0,,0.0,,,,,0.096525559,0.636957698,3.631086067,5.950407054,4.517540756,3.977532163,7.685490376,14.00332047,19.75696392,22.74716844,24.81480709,28.59188535,33.65918783,37.82139378,42.32933254,47.42752408,,,,Argentina,
GCAM 5.3,NGFS2_Divergent Net Zero Policies,ARG,Carbon Sequestration|CCS|Biomass|Energy|Demand|Industry,Mt CO2/yr,,,,,,,0.0,,,,,0.0,,0.0,,,,,0.0,0.0,0.0,0.0,0.0,0.0,0.0,0.0,0.0,0.0,0.0,0.0,0.0,0.0,0.0,0.0,,,,Argentina,
GCAM 5.3,NGFS2_Divergent Net Zero Policies,ARG,Carbon Sequestration|CCS|Biomass|Energy|Supply,Mt CO2/yr,,,,,,,0.0,,,,,0.0,,0.0,,,,,0.096525559,0.636957698,3.631086067,5.950407054,4.517540756,3.977532163,7.685490376,14.00332047,19.75696392,22.74716844,24.81480709,28.59188535,33.65918783,37.82139378,42.32933254,47.42752408,,,,Argentina,
GCAM 5.3,NGFS2_Divergent Net Zero Policies,ARG,Carbon Sequestration|CCS|Biomass|Energy|Supply|Electricity,Mt CO2/yr,,,,,,,0.0,,,,,0.0,,0.0,,,,,0.096525559,0.636957698,3.342336407,5.552812018,4.093541032,2.413985804,4.304310841,7.593162578,10.29972288,12.12817686,13.19551049,13.55984533,15.84710011,18.20759289,21.58511093,25.01181327,,,,Argentina,
GCAM 5.3,NGFS2_Divergent Net Zero Policies,ARG,Carbon Sequestration|CCS|Biomass|Energy|Supply|Hydrogen,Mt CO2/yr,,,,,,,0.0,,,,,0.0,,0.0,,,,,0.0,0.0,0.28874966,0.397595036,0.382063035,0.757108069,1.344115789,3.172796288,4.719440429,5.300057148,5.129007133,5.739177188,5.401587158,4.954143784,5.007897122,5.816213862,,,,Argentina,
GCAM 5.3,NGFS2_Divergent Net Zero Policies,ARG,Carbon Sequestration|CCS|Biomass|Energy|Supply|Liquids,Mt CO2/yr,,,,,,,0.0,,,,,0.0,,0.0,,,,,0.0,0.0,0.0,0.0,0.041936689,0.80643829,2.037063745,3.2373616,4.737800609,5.31893443,6.490289472,9.292862831,12.41050057,14.65965711,15.73632449,16.59949694,,,,Argentina,
GCAM 5.3,NGFS2_Divergent Net Zero Policies,ARG,Emissions|CH4|AFOLU,Mt CO2e/yr,,,,,,,101.428516896,,,,,104.54554264000001,,101.815028616,,,,,93.809072532,95.99358020000001,95.59081929599999,96.46269964800001,92.66809000399999,81.888341948,82.386110156,81.725753508,79.2399608,78.11496616000001,77.069140232,71.905401148,71.749934088,72.247572292,72.937268516,71.451153088,,,,Argentina,CH4
GCAM 5.3,NGFS2_Divergent Net Zero Policies,ARG,Emissions|CH4|AFOLU|Agriculture,Mt CO2e/yr,,,,,,,96.25648914,,,,,97.85654886,,99.170888264,,,,,91.730009252,93.96985273199999,93.577869644,94.45370998,90.66777190799999,79.868608344,79.899248016,79.667433076,77.219797116,76.094238108,75.047997836,69.87939918400001,69.58482686400001,69.889102304,70.49107925999999,69.42787594400001,,,,Argentina,CH4
GCAM 5.3,NGFS2_Divergent Net Zero Policies,ARG,Emissions|CH4|Energy|Demand|Industry,Mt CO2e/yr,,,,,,,0.084267008,,,,,0.082918836,,0.08242740800000001,,,,,0.079674784,0.084773332,0.075775196,0.06357786400000001,0.050555036000000005,0.026659808,0.01833566,0.012439084,0.007630168,0.0056155120000000005,0.004649372000000001,0.003294816,0.0030608479999999997,0.003014844,0.00311304,0.00313992,,,,Argentina,CH4
GCAM 5.3,NGFS2_Divergent Net Zero Policies,ARG,Emissions|CH4|Energy|Demand|Residential and Commercial,Mt CO2e/yr,,,,,,,0.16957298399999998,,,,,0.216544664,,0.216605732,,,,,0.055199704,0.028694679999999997,0.011422907999999999,0.005915308,0.0014672,0.00019068,0.00014419999999999998,0.00011312,7.112e-05,5.516000000000001e-05,4.648e-05,2.7104000000000003e-05,2.6404e-05,2.7384e-05,2.968e-05,3.388e-05,,,,Argentina,CH4
GCAM 5.3,NGFS2_Divergent Net Zero Policies,ARG,Emissions|CH4|Energy|Demand|Transportation,Mt CO2e/yr,,,,,,,0.24645087599999999,,,,,0.277178048,,0.26074594,,,,,0.207459392,0.17549926799999999,0.136024224,0.07414621199999999,0.04562152,0.024829868,0.008773940000000001,0.0016688,0.0003612,8.82e-05,5.32e-05,3.752e-05,2.2008e-05,1.1508e-05,2.3043999999999998e-05,2.0328e-05,,,,Argentina,CH4
GCAM 5.3,NGFS2_Divergent Net Zero Policies,ARG,Emissions|CH4|Energy|Supply,Mt CO2e/yr,,,,,,,22.143558668,,,,,19.390352604,,21.347728500000002,,,,,10.150429240000001,8.792649544,6.952941408,6.211879715999999,2.8973602,0.123930492,0.084246876,0.06944660799999999,0.185900792,0.601987316,0.66252984,0.098927668,0.141691144,0.919216872,1.5267778399999998,1.88748182,,,,Argentina,CH4
GCAM 5.3,NGFS2_Divergent Net Zero Policies,ARG,Emissions|CO2|AFOLU,Mt CO2/yr,,,,,,,131.264995,,,,,228.8873238,,139.9410334,,,,,97.80265392,55.6642744,13.52589487,-28.61248465,-70.75086418,-112.8892437,-102.5774962,-92.26574871,-81.95400122,-71.64225372,-61.33050623,-51.01875874,-40.70701124,-30.39526375,-20.08351625,-9.771768759,,,,Argentina,CO2
GCAM 5.3,NGFS2_Divergent Net Zero Policies,ARG,Emissions|CO2|Energy and Industrial Processes,Mt CO2/yr,,,,,,,189.9902172,,,,,198.8239879,,186.1864772,,,,,149.8996999,130.7855016,98.3696559,72.37116159,54.129297,31.74999893,17.73675895,4.179132894,-7.714596534,-13.01204251,-16.93405164,-24.98768757,-32.62130366,-38.14013467,-42.90794502,-47.84284219,,,,Argentina,CO2
GCAM 5.3,NGFS2_Divergent Net Zero Policies,ARG,Emissions|CO2|Energy|Demand,Mt CO2/yr,,,,,,,126.1640769,,,,,130.7282828,,124.5678171,,,,,92.44145001,87.79894468,75.14091765,58.33799176,45.25015328,27.01453065,17.94394425,11.94126314,7.621337468,6.062337404,5.286898722,3.766776902,3.400297521,3.579948972,3.964764921,4.158603744,,,,Argentina,CO2
GCAM 5.3,NGFS2_Divergent Net Zero Policies,ARG,Emissions|CO2|Energy|Demand|Industry,Mt CO2/yr,,,,,,,52.52251994,,,,,53.10858603,,54.05931402,,,,,50.47958445,52.49231901,47.48465283,40.73046902,33.755019,20.70854558,14.43818989,9.652171398,5.747014998,4.249314181,3.490138067,2.2987619,2.013278068,2.195818717,2.478691441,2.672207621,,,,Argentina,CO2
GCAM 5.3,NGFS2_Divergent Net Zero Policies,ARG,Emissions|CO2|Energy|Demand|Residential and Commercial,Mt CO2/yr,,,,,,,25.03534109,,,,,26.22733969,,22.89688887,,,,,5.281539582,3.10978878,1.392638401,0.835830431,0.221404708,0.030371131,0.025623868,0.02215119,0.014959904,0.01237853,0.010884671,0.006487122,0.00640887,0.006763152,0.007501142,0.008591451,,,,Argentina,CO2
GCAM 5.3,NGFS2_Divergent Net Zero Policies,ARG,Emissions|CO2|Energy|Demand|Residential and Commercial|Commercial,Mt CO2/yr,,,,,,,3.417228247,,,,,3.598865405,,2.96565979,,,,,0.507127145,0.296658541,0.137173821,0.083116554,0.022453996,0.003096444,0.002273428,0.001997352,0.001368436,0.001151442,0.001025425,0.000613387,0.000611792,0.000653945,0.000736957,0.000841752,,,,Argentina,CO2
GCAM 5.3,NGFS2_Divergent Net Zero Policies,ARG,Emissions|CO2|Energy|Demand|Residential and Commercial|Residential,Mt CO2/yr,,,,,,,21.61811284,,,,,22.62847429,,19.93122908,,,,,4.774412437,2.813130239,1.25546458,0.752713878,0.198950713,0.027274687,0.02335044,0.020153839,0.013591468,0.011227089,0.009859245,0.005873734,0.005797077,0.006109206,0.006764184,0.007749699,,,,Argentina,CO2
GCAM 5.3,NGFS2_Divergent Net Zero Policies,ARG,Emissions|CO2|Energy|Demand|Transportation,Mt CO2/yr,,,,,,,48.60621591,,,,,51.39235706,,47.61161419,,,,,36.68032598,32.19683688,26.26362641,16.77169231,11.27372957,6.275613941,3.480130493,2.266940547,1.859362566,1.800644693,1.785875983,1.46152788,1.380610584,1.377367103,1.478572339,1.477804673,,,,Argentina,CO2
GCAM 5.3,NGFS2_Divergent Net Zero Policies,ARG,Emissions|CO2|Energy|Demand|Transportation|Freight,Mt CO2/yr,,,,,,,17.29993456,,,,,19.05002002,,17.96037413,,,,,13.39621557,12.58323097,10.60683611,5.42693794,3.327351482,1.776004293,0.55631021,0.081206525,0.06182183,0.058824084,0.056350279,0.032719323,0.03250051,0.035700082,0.042875529,0.043349895,,,,Argentina,CO2
GCAM 5.3,NGFS2_Divergent Net Zero Policies,ARG,Emissions|CO2|Energy|Demand|Transportation|Passenger,Mt CO2/yr,,,,,,,23.92234715,,,,,26.83383474,,24.48806227,,,,,19.86703791,16.15538538,12.33847453,8.041598492,5.273470649,2.834567117,1.240392737,0.485606387,0.21367339,0.148354078,0.144809094,0.114759245,0.10273245,0.108744327,0.136379389,0.131669859,,,,Argentina,CO2
GCAM 5.3,NGFS2_Divergent Net Zero Policies,ARG,Emissions|CO2|Energy|Supply,Mt CO2/yr,,,,,,,58.70657881,,,,,63.04115602,,56.96245136,,,,,54.11599478,39.40624888,19.35501598,9.887565488,5.169854465,2.25243863,-2.259811709,-9.226764353,-15.74715132,-19.09108431,-21.49167214,-25.8100662,-31.02964268,-35.30642991,-39.81992052,-44.19635205,,,,Argentina,CO2
GCAM 5.3,NGFS2_Divergent Net Zero Policies,ARG,Emissions|CO2|Energy|Supply|Electricity,Mt CO2/yr,,,,,,,42.21283313,,,,,50.46959601,,45.30558323,,,,,44.08724009,30.20321253,11.5543288,3.25763291,-0.342850136,-0.090191112,-1.977470389,-5.430995133,-8.503139415,-10.60567477,-11.91142194,-12.51581548,-14.80765391,-17.19705332,-20.58578424,-23.27059875,,,,Argentina,CO2
GCAM 5.3,NGFS2_Divergent Net Zero Policies,ARG,Emissions|CO2|Industrial Processes,Mt CO2/yr,,,,,,,5.11956148,,,,,5.054549098,,4.656208801,,,,,3.342255122,3.580308037,3.873722276,4.145604345,3.709289257,2.483029647,2.052626411,1.464634111,0.411217314,0.016704395,-0.729278222,-2.944398272,-4.991958502,-6.413653736,-7.052789419,-7.805093892,,,,Argentina,CO2
GCAM 5.3,NGFS2_Divergent Net Zero Policies,ARG,Emissions|N2O|AFOLU,Mt CO2e/yr,,,,,,,46.5309011076,,,,,51.037466953199996,,50.6274302079,,,,,48.517288474199994,49.67159684760001,49.4668696158,49.6098891834,48.1920519444,43.9998825084,45.13986624420001,45.17575810019999,44.739162795599995,44.758181586300005,44.7353465832,43.22204277299999,43.4677406436,43.965537552300006,44.4652963482,44.064319571999995,,,,Argentina,N2O
GCAM 5.3,NGFS2_Divergent Net Zero Policies,ARG,Emissions|N2O|AFOLU|Agriculture,Mt CO2e/yr,,,,,,,41.754452539800006,,,,,45.42492312540001,,47.116730114999996,,,,,45.2750072775,46.2977209149,45.9555239598,46.0894339815,44.79022992989999,40.7115258732,41.3954996091,41.4420815445,40.796692809599996,40.553240091000006,40.248373811099995,38.4799345476,38.3215067781,38.3638927308,38.4458066811,37.9314771927,,,,Argentina,N2O
GCAM 5.3,NGFS2_Nationally Determined Contributions (NDCs),ARG,Carbon Sequestration|CCS|Biomass,Mt CO2/yr,,,,,,,0.0,,,,,0.0,,0.0,,,,,0.000496672,0.186347492,3.260663648,9.149620087,22.1009425,34.67538666,44.06263694,57.60424584,67.29743899,78.91889468,90.05413005,100.7190877,109.1816074,117.4907585,125.6226486,130.5236214,,,,Argentina,
GCAM 5.3,NGFS2_Nationally Determined Contributions (NDCs),ARG,Carbon Sequestration|CCS|Biomass|Energy|Demand|Industry,Mt CO2/yr,,,,,,,0.0,,,,,0.0,,0.0,,,,,0.0,0.0,0.0,0.0,0.0,0.0,0.0,0.0,0.0,0.0,0.0,0.0,0.0,0.0,0.0,0.0,,,,Argentina,
GCAM 5.3,NGFS2_Nationally Determined Contributions (NDCs),ARG,Carbon Sequestration|CCS|Biomass|Energy|Supply,Mt CO2/yr,,,,,,,0.0,,,,,0.0,,0.0,,,,,0.000496672,0.186347492,3.260663648,9.149620087,22.1009425,34.67538666,44.06263694,57.60424584,67.29743899,78.91889468,90.05413005,100.7190877,109.1816074,117.4907585,125.6226486,130.5236214,,,,Argentina,
GCAM 5.3,NGFS2_Nationally Determined Contributions (NDCs),ARG,Carbon Sequestration|CCS|Biomass|Energy|Supply|Electricity,Mt CO2/yr,,,,,,,0.0,,,,,0.0,,0.0,,,,,0.000496672,0.186347492,2.740062934,6.847546735,12.12789811,16.03614604,18.72864314,23.70425446,28.67005966,33.2095062,37.83396327,41.63083222,43.48595855,46.37900465,48.58579332,50.2477413,,,,Argentina,
GCAM 5.3,NGFS2_Nationally Determined Contributions (NDCs),ARG,Carbon Sequestration|CCS|Biomass|Energy|Supply|Hydrogen,Mt CO2/yr,,,,,,,0.0,,,,,0.0,,0.0,,,,,0.0,0.0,0.520600714,1.868423503,5.585030508,8.990300817,9.856147563,14.89106802,17.16256823,19.79050513,21.76434531,24.01890552,26.27859906,28.62108594,31.69595288,33.6839464,,,,Argentina,
GCAM 5.3,NGFS2_Nationally Determined Contributions (NDCs),ARG,Carbon Sequestration|CCS|Biomass|Energy|Supply|Liquids,Mt CO2/yr,,,,,,,0.0,,,,,0.0,,0.0,,,,,0.0,0.0,0.0,0.433649849,4.388013882,9.648939811,15.47784624,19.00892336,21.4648111,25.91888334,30.45582147,35.06934996,39.41704981,42.49066793,45.3409024,46.59193373,,,,Argentina,
GCAM 5.3,NGFS2_Nationally Determined Contributions (NDCs),ARG,Emissions|CH4|AFOLU,Mt CO2e/yr,,,,,,,101.428516896,,,,,104.54554264000001,,101.79674876,,,,,104.121649296,109.553403176,114.597034972,119.27076652399998,124.187832692,129.123932196,129.91654606,130.46607170800002,130.675860728,130.46718504400002,129.816752044,128.755168892,127.50387425999999,126.066040044,124.58770060799999,122.83666007199999,,,,Argentina,CH4
GCAM 5.3,NGFS2_Nationally Determined Contributions (NDCs),ARG,Emissions|CH4|AFOLU|Agriculture,Mt CO2e/yr,,,,,,,96.25648914,,,,,97.85654886,,99.174639508,,,,,101.50389239200001,107.318697668,112.31832206,117.115256384,122.12517640400002,127.01622046400001,127.938183576,128.49259808,128.709301532,128.501794008,127.85121056399998,126.78835811600001,125.535632236,124.09631928399999,122.616443124,120.863185352,,,,Argentina,CH4
GCAM 5.3,NGFS2_Nationally Determined Contributions (NDCs),ARG,Emissions|CH4|Energy|Demand|Industry,Mt CO2e/yr,,,,,,,0.084267008,,,,,0.082918836,,0.08259454,,,,,0.08540394800000001,0.087647812,0.083751668,0.075788076,0.067783156,0.059776332,0.050131368,0.039631228,0.030109016000000002,0.023275728000000002,0.017757404,0.013349056,0.01022588,0.007939428,0.006282332,0.005070604,,,,Argentina,CH4
GCAM 5.3,NGFS2_Nationally Determined Contributions (NDCs),ARG,Emissions|CH4|Energy|Demand|Residential and Commercial,Mt CO2e/yr,,,,,,,0.16957298399999998,,,,,0.216544664,,0.22661368799999998,,,,,0.1929074,0.144160268,0.112919128,0.085159452,0.058314452,0.041676712,0.032630948,0.02483096,0.018500607999999998,0.0143836,0.011150384,0.008639512,0.00683074,0.0053923800000000004,0.004313316,0.004124008,,,,Argentina,CH4
GCAM 5.3,NGFS2_Nationally Determined Contributions (NDCs),ARG,Emissions|CH4|Energy|Demand|Transportation,Mt CO2e/yr,,,,,,,0.24645087599999999,,,,,0.277178048,,0.26084548,,,,,0.24899308,0.227317384,0.209623764,0.168455644,0.13781331200000002,0.10129128800000001,0.07634648000000001,0.056974764,0.045323712,0.038180996,0.031429916,0.026781496000000002,0.023055844,0.0194544,0.01741362,0.015406804,,,,Argentina,CH4
GCAM 5.3,NGFS2_Nationally Determined Contributions (NDCs),ARG,Emissions|CH4|Energy|Supply,Mt CO2e/yr,,,,,,,22.143558668,,,,,19.390352604,,22.014574736,,,,,17.710018368,15.824898796,16.297491,16.087777832,17.03409316,17.830237068,18.050339076,18.291141204000002,18.383698816,18.056835468,18.748283792000002,19.925255308,21.022059688000002,22.545765703999997,23.604074928,24.010490168,,,,Argentina,CH4
GCAM 5.3,NGFS2_Nationally Determined Contributions (NDCs),ARG,Emissions|CO2|AFOLU,Mt CO2/yr,,,,,,,131.264995,,,,,228.8873238,,138.1840334,,,,,116.1349667,94.08590004,72.03683338,49.98776672,27.93870006,5.889633405,-16.15943325,-38.20849991,-60.25756657,-82.30663323,-70.87239446,-59.4381557,-48.00391693,-36.56967817,-25.1354394,-13.70120064,,,,Argentina,CO2
GCAM 5.3,NGFS2_Nationally Determined Contributions (NDCs),ARG,Emissions|CO2|Energy and Industrial Processes,Mt CO2/yr,,,,,,,189.9902172,,,,,198.8239879,,185.6202778,,,,,182.4574898,159.3123483,133.3102164,104.7865335,70.2492667,36.35020602,15.49711288,-9.537356019,-30.66056034,-50.54875572,-69.86097627,-87.5489559,-102.731361,-116.067004,-127.1699325,-135.061216,,,,Argentina,CO2
GCAM 5.3,NGFS2_Nationally Determined Contributions (NDCs),ARG,Emissions|CO2|Energy|Demand,Mt CO2/yr,,,,,,,126.1640769,,,,,130.7282828,,125.2785571,,,,,122.0490839,112.9445919,102.9903487,88.18769028,73.73800759,56.62663463,47.98511907,39.11696697,30.2818452,25.65153847,21.88417784,19.3961628,17.06028757,15.72035036,16.05963538,14.94807315,,,,Argentina,CO2
GCAM 5.3,NGFS2_Nationally Determined Contributions (NDCs),ARG,Emissions|CO2|Energy|Demand|Industry,Mt CO2/yr,,,,,,,52.52251994,,,,,53.10858603,,54.11928991,,,,,55.00931287,54.61471427,50.67099768,44.54205644,40.16197055,31.6721495,28.12670263,23.56907927,17.56835927,15.42848711,14.08395328,13.47671406,12.73291741,12.57521359,13.79916186,13.2198725,,,,Argentina,CO2
GCAM 5.3,NGFS2_Nationally Determined Contributions (NDCs),ARG,Emissions|CO2|Energy|Demand|Residential and Commercial,Mt CO2/yr,,,,,,,25.03534109,,,,,26.22733969,,23.53036733,,,,,21.49995401,16.07768662,12.18880927,9.659228554,6.383432567,4.518258295,3.7222133,2.758335336,1.953616616,1.479637849,1.096019012,0.814509779,0.642951561,0.516108502,0.416629566,0.380553799,,,,Argentina,CO2
GCAM 5.3,NGFS2_Nationally Determined Contributions (NDCs),ARG,Emissions|CO2|Energy|Demand|Residential and Commercial|Commercial,Mt CO2/yr,,,,,,,3.417228247,,,,,3.598865405,,3.076948886,,,,,2.667838368,1.783163869,1.269046068,0.974466687,0.614937966,0.424598569,0.35092849,0.258696947,0.182066789,0.138002357,0.102240324,0.07620588,0.060526076,0.049056376,0.039993316,0.036404941,,,,Argentina,CO2
GCAM 5.3,NGFS2_Nationally Determined Contributions (NDCs),ARG,Emissions|CO2|Energy|Demand|Residential and Commercial|Residential,Mt CO2/yr,,,,,,,21.61811284,,,,,22.62847429,,20.45341844,,,,,18.83211564,14.29452275,10.9197632,8.684761867,5.768494601,4.093659726,3.37128481,2.499638388,1.771549827,1.341635492,0.993778687,0.7383039,0.582425485,0.467052126,0.37663625,0.344148858,,,,Argentina,CO2
GCAM 5.3,NGFS2_Nationally Determined Contributions (NDCs),ARG,Emissions|CO2|Energy|Demand|Transportation,Mt CO2/yr,,,,,,,48.60621591,,,,,51.39235706,,47.62889989,,,,,45.53981699,42.25219096,40.13054173,33.98640528,27.19260447,20.43622683,16.13620314,12.78955236,10.75986931,8.743413518,6.70420554,5.104938955,3.684418608,2.629028267,1.843843952,1.347646856,,,,Argentina,CO2
GCAM 5.3,NGFS2_Nationally Determined Contributions (NDCs),ARG,Emissions|CO2|Energy|Demand|Transportation|Freight,Mt CO2/yr,,,,,,,17.29993456,,,,,19.05002002,,17.96760512,,,,,17.75699624,17.44445611,17.54127006,14.91682206,11.51594686,7.063934875,4.498026749,2.741069698,1.54888443,0.975330187,0.626535878,0.356382022,0.216529544,0.146277119,0.094556979,0.066349329,,,,Argentina,CO2
GCAM 5.3,NGFS2_Nationally Determined Contributions (NDCs),ARG,Emissions|CO2|Energy|Demand|Transportation|Passenger,Mt CO2/yr,,,,,,,23.92234715,,,,,26.83383474,,24.49688685,,,,,22.73700301,19.84716957,17.46658767,13.79158843,10.79016699,8.915637215,7.37795788,6.087692483,5.589304291,4.595976925,3.434502279,2.640325795,1.85799654,1.258611234,0.864059391,0.609349513,,,,Argentina,CO2
GCAM 5.3,NGFS2_Nationally Determined Contributions (NDCs),ARG,Emissions|CO2|Energy|Supply,Mt CO2/yr,,,,,,,58.70657881,,,,,63.04115602,,55.70456967,,,,,56.04304956,42.55662569,26.22431956,12.4418854,-6.169053516,-21.271444,-31.6790748,-46.05970073,-56.79294875,-69.51486593,-82.15617845,-94.22257191,-103.6907807,-112.6872931,-121.337802,-126.0496127,,,,Argentina,CO2
GCAM 5.3,NGFS2_Nationally Determined Contributions (NDCs),ARG,Emissions|CO2|Energy|Supply|Electricity,Mt CO2/yr,,,,,,,42.21283313,,,,,50.46959601,,44.05799579,,,,,44.51255716,31.81072405,16.68830751,5.649566286,-3.585200104,-8.47464621,-11.22302658,-16.28951275,-21.81657585,-27.00107821,-32.60455636,-37.3189561,-39.78409281,-43.0984479,-45.60596195,-46.93060601,,,,Argentina,CO2
GCAM 5.3,NGFS2_Nationally Determined Contributions (NDCs),ARG,Emissions|CO2|Industrial Processes,Mt CO2/yr,,,,,,,5.11956148,,,,,5.054549098,,4.637151052,,,,,4.365356318,3.811130746,4.09554818,4.156957857,2.680312621,0.995015386,-0.808931392,-2.594622256,-4.149456791,-6.685428266,-9.588975665,-12.72254679,-16.10086788,-19.10006125,-21.8917659,-23.9596764,,,,Argentina,CO2
GCAM 5.3,NGFS2_Nationally Determined Contributions (NDCs),ARG,Emissions|N2O|AFOLU,Mt CO2e/yr,,,,,,,46.5309011076,,,,,51.037466953199996,,50.58020762340001,,,,,52.1918053839,53.92672202189999,55.4759079147,56.9115332331,58.78517981700001,60.68788001640001,61.1221948974,61.4120697918,61.642886432400005,61.6356531063,61.509382907699994,61.3530559005,61.078499937000004,60.7100758173,60.3204016233,59.70745893840001,,,,Argentina,N2O
GCAM 5.3,NGFS2_Nationally Determined Contributions (NDCs),ARG,Emissions|N2O|AFOLU|Agriculture,Mt CO2e/yr,,,,,,,41.754452539800006,,,,,45.42492312540001,,47.0863101891,,,,,48.5095132977,50.2600433517,51.60385047090001,53.0295277785,54.88971417930001,56.6673977961,57.0787380891,57.1960458888,57.2952542799,57.1348994853,56.8530074931,56.5316088519,56.05308405059999,55.4742591312,54.870570436499996,54.0305806131,,,,Argentina,N2O
GCAM 5.3,NGFS2_Net-Zero 2050,ARG,Carbon Sequestration|CCS|Biomass,Mt CO2/yr,,,,,,,0.0,,,,,0.0,,0.0,,,,,0.000663022,0.011128027,0.49632464,2.656547975,3.442710358,0.44280835,2.285191954,6.776056949,9.325243107,10.53294832,11.99031479,14.37173428,16.36779686,17.3123623,17.77235831,17.56972047,,,,Argentina,
GCAM 5.3,NGFS2_Net-Zero 2050,ARG,Carbon Sequestration|CCS|Biomass|Energy|Demand|Industry,Mt CO2/yr,,,,,,,0.0,,,,,0.0,,0.0,,,,,0.0,0.0,0.0,0.0,0.0,0.0,0.0,0.0,0.0,0.0,0.0,0.0,0.0,0.0,0.0,0.0,,,,Argentina,
GCAM 5.3,NGFS2_Net-Zero 2050,ARG,Carbon Sequestration|CCS|Biomass|Energy|Supply,Mt CO2/yr,,,,,,,0.0,,,,,0.0,,0.0,,,,,0.000663022,0.011128027,0.49632464,2.656547975,3.442710358,0.44280835,2.285191954,6.776056949,9.325243107,10.53294832,11.99031479,14.37173428,16.36779686,17.3123623,17.77235831,17.56972047,,,,Argentina,
GCAM 5.3,NGFS2_Net-Zero 2050,ARG,Carbon Sequestration|CCS|Biomass|Energy|Supply|Electricity,Mt CO2/yr,,,,,,,0.0,,,,,0.0,,0.0,,,,,0.000663022,0.011128027,0.262836969,1.743851749,2.288484357,0.339027332,1.053493608,3.32966866,4.076720996,3.507052208,2.01573266,0.922947562,0.785907439,0.802521709,0.983777683,0.681107929,,,,Argentina,
GCAM 5.3,NGFS2_Net-Zero 2050,ARG,Carbon Sequestration|CCS|Biomass|Energy|Supply|Hydrogen,Mt CO2/yr,,,,,,,0.0,,,,,0.0,,0.0,,,,,0.0,0.0,0.122659544,0.410098371,0.243731789,0.059265439,0.307605128,1.340276789,1.411963795,1.233994779,0.860332078,0.573382385,0.462069709,0.440718707,0.449999041,0.367396367,,,,Argentina,
GCAM 5.3,NGFS2_Net-Zero 2050,ARG,Carbon Sequestration|CCS|Biomass|Energy|Supply|Liquids,Mt CO2/yr,,,,,,,0.0,,,,,0.0,,0.0,,,,,0.0,0.0,0.110828127,0.502597856,0.910494213,0.044515579,0.924093218,2.106111501,3.836558316,5.791901336,9.114250053,12.87540433,15.11981971,16.06912188,16.33858159,16.52121618,,,,Argentina,
GCAM 5.3,NGFS2_Net-Zero 2050,ARG,Emissions|CH4|AFOLU,Mt CO2e/yr,,,,,,,101.428516896,,,,,104.54554264000001,,101.81738747600001,,,,,92.011023132,89.04888644399999,85.199026668,83.146528808,78.115845472,62.623607060000005,47.10789538,40.145455252,37.307694536,29.641872904000003,20.23728182,12.235489784,11.108385848,9.118551316000001,7.567476167999999,5.429842068,,,,Argentina,CH4
GCAM 5.3,NGFS2_Net-Zero 2050,ARG,Emissions|CH4|AFOLU|Agriculture,Mt CO2e/yr,,,,,,,96.25648914,,,,,97.85654886,,99.17094250000001,,,,,89.93911192,87.038509852,83.18426676,81.12853224,76.09743870400001,60.584107248,45.051300532,38.081031352,35.239806056,27.56662006,18.153454227999998,10.143717752,9.014744283999999,7.021820428,5.46781984,3.325620452,,,,Argentina,CH4
GCAM 5.3,NGFS2_Net-Zero 2050,ARG,Emissions|CH4|Energy|Demand|Industry,Mt CO2e/yr,,,,,,,0.084267008,,,,,0.082918836,,0.08244138000000001,,,,,0.083496644,0.090159104,0.08624126,0.07749042,0.06661326000000001,0.049704172,0.030741143999999998,0.018708396,0.011861555999999999,0.006876716000000001,0.0035141400000000002,0.0019208,0.001568,0.0012404,0.0009912,0.0007336,,,,Argentina,CH4
GCAM 5.3,NGFS2_Net-Zero 2050,ARG,Emissions|CH4|Energy|Demand|Residential and Commercial,Mt CO2e/yr,,,,,,,0.16957298399999998,,,,,0.216544664,,0.2185827,,,,,0.148161552,0.106265124,0.069129368,0.046929932,0.02690912,0.010834208,0.0049721,0.003411716,0.0027188,0.001694,0.000938,0.0004844,0.0004172,0.0003136,0.0002296,0.00014672,,,,Argentina,CH4
GCAM 5.3,NGFS2_Net-Zero 2050,ARG,Emissions|CH4|Energy|Demand|Transportation,Mt CO2e/yr,,,,,,,0.24645087599999999,,,,,0.277178048,,0.260735496,,,,,0.24740077600000002,0.233313108,0.21731892,0.178680768,0.148266636,0.103901308,0.064367744,0.036713516,0.022484924,0.014978516,0.010413172,0.007007616,0.004570832,0.0026964,0.0017472,0.0010612,,,,Argentina,CH4
GCAM 5.3,NGFS2_Net-Zero 2050,ARG,Emissions|CH4|Energy|Supply,Mt CO2e/yr,,,,,,,22.143558668,,,,,19.390352604,,21.340606951999998,,,,,13.306506976,9.482595584,5.084287292,3.50630182,1.6547599880000001,0.052345692,0.007594328,0.008414056,0.010050768,0.01066072,0.011445167999999999,0.012769176,0.014555464,0.015348872,0.015862448,0.015786876,,,,Argentina,CH4
GCAM 5.3,NGFS2_Net-Zero 2050,ARG,Emissions|CO2|AFOLU,Mt CO2/yr,,,,,,,131.264995,,,,,228.8873238,,140.0446135,,,,,81.74530941,23.44600531,-34.8532988,-93.1526029,-87.73378848,-82.31497406,-76.89615964,-71.47734523,-66.05853081,-60.63971639,-55.22090197,-49.80208755,-44.38327313,-38.96445871,-33.5456443,-28.12682988,,,,Argentina,CO2
GCAM 5.3,NGFS2_Net-Zero 2050,ARG,Emissions|CO2|Energy and Industrial Processes,Mt CO2/yr,,,,,,,189.9902172,,,,,198.8239879,,186.1611573,,,,,180.0192508,178.6321887,156.4290435,126.4144519,103.0909538,82.24389869,57.35111546,37.51880201,26.07115142,17.26112937,7.251339453,-3.473799618,-7.712895037,-10.71835097,-12.78624441,-15.19362085,,,,Argentina,CO2
GCAM 5.3,NGFS2_Net-Zero 2050,ARG,Emissions|CO2|Energy|Demand,Mt CO2/yr,,,,,,,126.1640769,,,,,130.7282828,,124.5590996,,,,,120.5370329,120.3051804,112.8923784,98.71612451,87.60983371,70.02888502,49.40159662,35.53608615,27.8233914,22.19796718,16.86650929,12.1479734,11.65889866,10.83724146,9.99354202,7.355826665,,,,Argentina,CO2
GCAM 5.3,NGFS2_Net-Zero 2050,ARG,Emissions|CO2|Energy|Demand|Industry,Mt CO2/yr,,,,,,,52.52251994,,,,,53.10858603,,54.06056921,,,,,54.78159926,57.554547,55.7849074,51.03049189,48.43942528,42.32646056,30.86514097,22.28629037,17.19499117,13.91430948,10.95185869,8.283209239,8.537178653,8.257664625,7.720034205,5.659305272,,,,Argentina,CO2
GCAM 5.3,NGFS2_Net-Zero 2050,ARG,Emissions|CO2|Energy|Demand|Residential and Commercial,Mt CO2/yr,,,,,,,25.03534109,,,,,26.22733969,,22.88975549,,,,,20.5809114,19.01946306,15.43877249,11.9342778,7.873915842,3.403827631,1.571531444,1.076325049,0.856542693,0.533169084,0.29250879,0.148710481,0.127291289,0.095398858,0.06971833,0.044106944,,,,Argentina,CO2
GCAM 5.3,NGFS2_Net-Zero 2050,ARG,Emissions|CO2|Energy|Demand|Residential and Commercial|Commercial,Mt CO2/yr,,,,,,,3.417228247,,,,,3.598865405,,2.963236127,,,,,2.709282238,2.565557315,2.101963096,1.613159055,0.990481568,0.403542641,0.134193478,0.09257363,0.074799741,0.046940015,0.025787038,0.013099787,0.011365369,0.008636454,0.006417843,0.004034589,,,,Argentina,CO2
GCAM 5.3,NGFS2_Net-Zero 2050,ARG,Emissions|CO2|Energy|Demand|Residential and Commercial|Residential,Mt CO2/yr,,,,,,,21.61811284,,,,,22.62847429,,19.92651936,,,,,17.87162916,16.45390574,13.3368094,10.32111874,6.883434274,3.000284991,1.437337966,0.983751418,0.781742952,0.486229068,0.266721752,0.135610693,0.11592592,0.086762403,0.063300487,0.040072355,,,,Argentina,CO2
GCAM 5.3,NGFS2_Net-Zero 2050,ARG,Emissions|CO2|Energy|Demand|Transportation,Mt CO2/yr,,,,,,,48.60621591,,,,,51.39235706,,47.60877493,,,,,45.17452223,43.73117037,41.66869846,35.75135482,31.29649259,24.29859683,16.96492421,12.17347074,9.771857534,7.750488613,5.622141816,3.716053683,2.99442872,2.484177977,2.203789485,1.652414449,,,,Argentina,CO2
GCAM 5.3,NGFS2_Net-Zero 2050,ARG,Emissions|CO2|Energy|Demand|Transportation|Freight,Mt CO2/yr,,,,,,,17.29993456,,,,,19.05002002,,17.95900999,,,,,17.57832325,18.19788136,18.31160953,15.95922479,13.64641851,8.971429681,4.861098396,2.197671276,0.850172155,0.348070232,0.232919551,0.146884825,0.127524677,0.110672892,0.099011686,0.070287915,,,,Argentina,CO2
GCAM 5.3,NGFS2_Net-Zero 2050,ARG,Emissions|CO2|Energy|Demand|Transportation|Passenger,Mt CO2/yr,,,,,,,23.92234715,,,,,26.83383474,,24.48714285,,,,,22.62618261,20.25659932,17.94365739,14.28879101,12.19186484,10.3908901,7.765360153,5.798630594,4.821076219,3.707677061,2.414784405,1.403486582,0.93059476,0.6253974,0.476731529,0.292730474,,,,Argentina,CO2
GCAM 5.3,NGFS2_Net-Zero 2050,ARG,Emissions|CO2|Energy|Supply,Mt CO2/yr,,,,,,,58.70657881,,,,,63.04115602,,56.94481169,,,,,55.18983324,53.77515721,38.89219363,23.0455081,10.9083676,7.973305368,4.229701693,-1.213494543,-4.282068412,-6.209114761,-8.629981762,-11.89132708,-14.19031436,-15.40179393,-16.03587221,-14.9077706,,,,Argentina,CO2
GCAM 5.3,NGFS2_Net-Zero 2050,ARG,Emissions|CO2|Energy|Supply|Electricity,Mt CO2/yr,,,,,,,42.21283313,,,,,50.46959601,,45.29013595,,,,,43.87351414,42.33308394,28.42195171,14.65007048,4.433017021,2.294059699,1.099520859,-1.26610425,-2.073882764,-1.794397159,-0.716258883,0.019640787,0.02361301,-0.129767957,-0.41265419,0.950908785,,,,Argentina,CO2
GCAM 5.3,NGFS2_Net-Zero 2050,ARG,Emissions|CO2|Industrial Processes,Mt CO2/yr,,,,,,,5.11956148,,,,,5.054549098,,4.657246036,,,,,4.292384706,4.551851052,4.644471479,4.652819281,4.572752447,4.241708297,3.719817143,3.196210406,2.529828429,1.27227695,-0.98518808,-3.730445944,-5.181479335,-6.153798495,-6.743914216,-7.641676919,,,,Argentina,CO2
GCAM 5.3,NGFS2_Net-Zero 2050,ARG,Emissions|N2O|AFOLU,Mt CO2e/yr,,,,,,,46.5309011076,,,,,51.037466953199996,,50.631979479900004,,,,,48.325286072699996,47.6990529561,46.545307645200005,45.92968816799999,43.3446408486,37.20782047709999,31.2361412454,28.4615718114,27.3134476524,24.47923853466,20.97236690094,17.68618452237,17.03325784251,15.91369635219,14.8951332894,13.32398242812,,,,Argentina,N2O
GCAM 5.3,NGFS2_Net-Zero 2050,ARG,Emissions|N2O|AFOLU|Agriculture,Mt CO2e/yr,,,,,,,41.754452539800006,,,,,45.42492312540001,,47.1182730837,,,,,44.986862466000005,43.9468705494,41.914737774,40.618514336400004,38.3499415572,32.516180424,26.70472330617,24.00884664087,22.89362415249,20.125845577110002,16.70225292372,13.524098780010002,12.879840292410002,11.80625487678,10.8396969408,9.40084516371,,,,Argentina,N2O
GCAM 5.3,R_BAU,ARG,Emissions|CH4|AFOLU,Mt CO2e/yr,,,,91.99554277707416,,,92.9799504644794,,,,,93.89843331983576,,96.60081116113092,,,,,103.2638120018582,109.88596512691224,115.69982598668705,119.75853792151031,124.54321045581379,128.8719830338444,132.65543616316293,135.99616039876355,138.962265627948,141.5937955939595,143.59869507098415,145.11718641340815,146.27578751236416,147.08799543712652,147.58083017339004,147.78646863161748,,,,Argentina,CH4
GCAM 5.3,R_BAU,ARG,Emissions|CO2|AFOLU,Mt CO2/yr,,,,153.327409377674,,,131.264995034735,,,,,172.144477044632,,35.0739249378287,,,,,20.1863276096097,13.0152318937812,9.33146795124649,7.47248934840413,6.68161272380195,5.87666095900106,8.401848616051,6.14529705867491,5.35007395939933,3.26282842883382,1.94423723035268,1.28174179149387,0.545341567769842,-0.482281302202967,-0.928672514969878,-1.27448504280694,,,,Argentina,CO2
GCAM 5.3,R_BAU,ARG,Emissions|CO2|Energy and Industrial Processes,Mt CO2/yr,,,,155.421852301149,,,189.989758898461,,,,,198.823361032232,,200.546700076418,,,,,222.964109584311,242.929961184334,259.979247516916,273.514418604987,285.196174541506,295.76489322907,307.701109392462,319.428679231902,329.397047745522,339.413154174001,345.122702889724,347.910396210525,349.389945800861,349.579340426594,349.143281592422,349.093213962179,,,,Argentina,CO2
GCAM 5.3,R_BAU,ARG,Emissions|CO2|Energy|Demand,Mt CO2/yr,,,,106.866269355,,,121.176980501982,,,,,125.741115388547,,126.419184770273,,,,,137.04610810075,146.433099497289,154.564401486405,161.031213356293,167.316686092441,172.949556005057,179.335688531935,186.774843479895,194.995620703441,204.492713114531,210.298441770922,213.941185059156,216.132026104946,216.680956834202,215.606154442355,214.190995314877,,,,Argentina,CO2
GCAM 5.3,R_BAU,ARG,Emissions|CO2|Energy|Demand|Industry,Mt CO2/yr,,,,46.7430461154697,,,47.5358571421497,,,,,48.1219269248479,,52.0977516989962,,,,,57.3310021752561,61.9463260073083,65.9598247927781,69.7190333296042,73.8826604911936,77.9986361581939,82.4258597976826,87.3569173140328,93.1063751162266,100.193644946515,104.036427025614,106.278767859011,107.395879254399,107.057693871272,105.440672716249,103.486105380265,,,,Argentina,CO2
GCAM 5.3,R_BAU,ARG,Emissions|CO2|Energy|Demand|Residential and Commercial,Mt CO2/yr,,,,19.6509081527955,,,25.0353412686843,,,,,26.2273485878507,,24.2335633708894,,,,,25.1643772836764,25.9027246464874,26.2913731008461,26.2457502811233,25.9171051967655,25.4642468179242,24.9333916662169,24.4146639804285,23.8204059260142,23.1585137907548,22.3485108015726,21.3508435378346,20.3058015385881,19.2413000200184,18.0858227842889,17.2070985997887,,,,Argentina,CO2
GCAM 5.3,R_BAU,ARG,Emissions|CO2|Energy|Demand|Residential and Commercial|Commercial,Mt CO2/yr,,,,2.77437328304181,,,3.41722827058413,,,,,3.59886950663336,,3.19741487448395,,,,,3.33202726637079,3.45968543009296,3.54043317324718,3.55441770563283,3.52020485405401,3.47470854061078,3.42187150096921,3.37843722449322,3.3210948715306,3.25289035738498,3.15844597404525,3.03539979278802,2.90289918424886,2.76416446311992,2.60732166476055,2.49105391027245,,,,Argentina,CO2
GCAM 5.3,R_BAU,ARG,Emissions|CO2|Energy|Demand|Residential and Commercial|Residential,Mt CO2/yr,,,,16.8765348697537,,,21.6181129981001,,,,,22.6284790812174,,21.0361484964054,,,,,21.8323500173056,22.4430392163945,22.7509399275989,22.6913325754905,22.3969003427115,21.9895382773134,21.5115201652477,21.0362267559353,20.4993110544836,19.9056234333698,19.1900648275274,18.3154437450466,17.4029023543393,16.4771355568985,15.4785011195283,14.7160446895162,,,,Argentina,CO2
GCAM 5.3,R_BAU,ARG,Emissions|CO2|Energy|Demand|Transportation,Mt CO2/yr,,,,40.4723150867346,,,48.605782091148,,,,,51.3918398758485,,50.0878697003874,,,,,54.5507286418174,58.5840488434934,62.3132035927811,65.0664297455653,67.5169204044821,69.4866730289385,71.9764370680353,75.0032621854337,78.0688396612006,81.1405543772613,83.9135039437348,86.3115736623103,88.430345311958,90.3819629429117,92.0796589418172,93.4977913348234,,,,Argentina,CO2
GCAM 5.3,R_BAU,ARG,Emissions|CO2|Energy|Supply,Mt CO2/yr,,,,39.8650682028649,,,58.706549579021,,,,,63.0410265161409,,64.208172362589,,,,,74.6595353909505,84.0429922930226,91.9595314120431,98.3079530408627,103.265408831306,107.997429683222,113.258471957047,117.10412031572,118.408385164469,118.406250833278,117.862901574201,116.85118350937,116.159438436692,115.826475124621,116.580377675651,118.131582299634,,,,Argentina,CO2
GCAM 5.3,R_BAU,ARG,Emissions|CO2|Energy|Supply|Electricity,Mt CO2/yr,,,,30.1378673520619,,,42.2128444112031,,,,,50.4695647291587,,51.9997374527691,,,,,61.3685758129639,69.7141643110969,76.6494890376306,82.1084435883864,86.1701543399901,89.6833078176388,93.5310905217762,95.9534978283021,95.894203230908,94.6177936190404,92.7334105795496,89.7626304687851,86.7314876106202,84.2015191399445,82.4287413868413,81.0516711646674,,,,Argentina,CO2
GCAM 5.3,R_BAU,ARG,Emissions|CO2|Energy|Supply|Gases,Mt CO2/yr,,,,2.685122244102,,,2.702560912354,,,,,2.73526024866,,2.80067273605253,,,,,3.19911064411255,3.58714410884446,3.94606190214719,4.30295392345128,4.65760158044472,5.08493879288436,5.5602891786481,5.95611631497878,6.24486459494908,6.46321622315731,6.65492354265303,7.18780937622393,8.03824509964151,8.91823602163848,10.211924560425,11.8831698244171,,,,Argentina,CO2
GCAM 5.3,R_BAU,ARG,Emissions|CO2|Energy|Supply|Liquids,Mt CO2/yr,,,,7.04208007336749,,,13.7911442554639,,,,,9.83622023823126,,9.32931909285485,,,,,9.86534703221107,10.3157250981082,10.7145420289889,10.9925393441912,11.2868073145831,11.7938908968154,12.5436752528729,13.3947524836156,14.3115571660696,15.159990794027,16.0982413077393,17.3013792726865,18.5668702804351,19.6682833265441,20.6770430036031,21.7396197479982,,,,Argentina,CO2
GCAM 5.3,R_BAU,ARG,Emissions|CO2|Energy|Supply|Solids,Mt CO2/yr,,,,-1.46666650416393e-06,,,0.0,,,,,-1.86999090281082e-05,,-6.23333107596974e-06,,,,,0.0,0.0,-1.94332832633753e-05,0.0,-1.06333158602217e-05,-2.56665738632127e-06,0.0,-8.06665121239853e-06,-5.86664059675425e-06,-1.09999794972517e-06,0.0,0.0,0.0,0.0,0.0,0.0,,,,Argentina,CO2
GCAM 5.3,R_BAU,ARG,Emissions|CO2|Industrial Processes,Mt CO2/yr,,,,8.69051474328464,,,10.1062288174579,,,,,10.0412191275443,,9.91934294355638,,,,,11.2584660926108,12.453869394022,13.4553146184678,14.175252207832,14.614079617759,14.8179075407907,15.1069489034807,15.5497154362867,15.9930418776117,16.5141902261918,16.9613595446018,17.1180276419987,17.0984812592233,17.0719084677714,16.9567494744155,16.7706363476673,,,,Argentina,CO2
GCAM 5.3,R_BAU,ARG,Emissions|N2O|AFOLU,Mt CO2e/yr,,,,68.63807932377013,,,71.67913016887842,,,,,72.9336404956756,,78.47268759234805,,,,,83.54482616017575,88.33559645300673,91.72271189399655,94.76474817216334,98.01444561549432,101.15569553303789,104.43843068136387,107.25914143983074,109.92547571966824,111.84270102314454,113.3651919493275,114.57478684836666,115.55875790478065,116.24297914607251,116.65827944808602,116.83439416218816,,,,Argentina,N2O
GCAM 5.3,R_MAC_30_n0,ARG,Carbon Sequestration|CCS|Biomass,Mt CO2/yr,,,,0.0,,,0.0,,,,,0.0,,0.0,,,,,15.2835550227473,147.098770958614,104.234561582535,105.062040764427,108.929995169393,121.035896314262,129.675045282506,121.390074291383,117.715869047773,119.989650591322,117.777400261622,111.321761982803,103.267973202156,94.1319838740733,90.7721510958921,89.9183867585164,,,,Argentina,
GCAM 5.3,R_MAC_30_n0,ARG,Emissions|CH4|AFOLU,Mt CO2e/yr,,,,91.99554277707416,,,92.9799504644794,,,,,93.89843331983576,,96.00489789606772,,,,,98.04186739334513,96.07064244650516,101.53208035228047,104.35916083345955,106.35976326356192,107.86851615997156,108.35484701123991,108.70665553320327,108.93368435345424,109.13751639800435,109.01820313450163,108.5404260616606,108.07284847228632,107.43860426603388,106.56066268715756,105.53733311870168,,,,Argentina,CH4
GCAM 5.3,R_MAC_30_n0,ARG,Emissions|CO2|AFOLU,Mt CO2/yr,,,,153.327409377674,,,131.264995034735,,,,,172.144477044632,,35.0739249378287,,,,,11.1556248264306,-23.0112182442125,-51.7920347904753,-39.6634858630337,-30.9087815852058,-24.6900166071397,-19.4474183921347,-16.7082574581456,-15.937272344604,-14.5975574221287,-12.7376248519685,-11.7624282315768,-11.0805956626356,-11.0619572353322,-11.7806954025199,-12.4563295107451,,,,Argentina,CO2
GCAM 5.3,R_MAC_30_n0,ARG,Emissions|CO2|Energy and Industrial Processes,Mt CO2/yr,,,,155.421852301149,,,189.989758898461,,,,,198.823361032232,,200.547011195698,,,,,132.746534082142,-126.086600979893,-34.4666461901691,-37.4777985925699,-46.5800430053945,-70.107914500814,-89.0647243698983,-75.4671161806933,-68.7636609569467,-72.3022917736883,-67.1301219723018,-57.804303288824,-49.2493513555014,-39.8798784874888,-35.7121025398168,-33.4556218373167,,,,Argentina,CO2
GCAM 5.3,R_MAC_30_n0,ARG,Emissions|CO2|Energy|Demand,Mt CO2/yr,,,,106.866269355,,,121.176980501982,,,,,125.741115388547,,126.41948605703,,,,,105.976734102115,39.3801561068838,64.7705736088005,62.6072523530455,58.5753088182965,52.6198848898983,46.5677746479793,48.2607128177268,49.568237220316,51.348392739398,55.6341781391269,58.0063265636414,59.6609319376706,61.0536932764624,62.8235432164982,65.6043774539479,,,,Argentina,CO2
GCAM 5.3,R_MAC_30_n0,ARG,Emissions|CO2|Energy|Demand|Industry,Mt CO2/yr,,,,46.7430461154697,,,47.5358571421497,,,,,48.1219269248479,,52.097760409597,,,,,40.591761509164,12.1404896186196,22.280209005927,19.566228246984,16.6685680858475,13.6997579331493,10.4538082359747,9.0839262367023,9.01746898476813,11.3333015946454,15.3431059899046,16.9892203515954,18.1050052010554,19.2301044416864,20.9093048276866,23.6805031137308,,,,Argentina,CO2
GCAM 5.3,R_MAC_30_n0,ARG,Emissions|CO2|Energy|Demand|Residential and Commercial,Mt CO2/yr,,,,19.6509081527955,,,25.0353412686843,,,,,26.2273485878507,,24.2337783275351,,,,,16.8844858700843,5.43507776052303,8.62131919718134,7.32631536906552,6.17828807477663,5.0369440412002,3.78899744760048,2.99278953524139,2.44731285969675,2.10242122056376,1.80466963466121,1.54456135303848,1.35044406060902,1.17256318616888,1.01714724900332,0.888941661984306,,,,Argentina,CO2
GCAM 5.3,R_MAC_30_n0,ARG,Emissions|CO2|Energy|Demand|Residential and Commercial|Commercial,Mt CO2/yr,,,,2.77437328304181,,,3.41722827058413,,,,,3.59886950663336,,3.19743898560769,,,,,1.9047382035801,0.48682171294648,0.838496460571247,0.698656711702099,0.577727160443991,0.465366067807907,0.344278691797029,0.275919942785098,0.228477513765513,0.196990323063283,0.170665683980823,0.147833689098071,0.131030977709464,0.115239211857026,0.101164030180915,0.089399620625318,,,,Argentina,CO2
GCAM 5.3,R_MAC_30_n0,ARG,Emissions|CO2|Energy|Demand|Residential and Commercial|Residential,Mt CO2/yr,,,,16.8765348697537,,,21.6181129981001,,,,,22.6284790812174,,21.0363393419274,,,,,14.9797476665042,4.94825604757655,7.7828227366101,6.62765865736343,5.60056091433264,4.5715779733923,3.44471875580345,2.71686959245629,2.21883534593124,1.90543089750047,1.63400395068039,1.39672766394041,1.21941308289955,1.05732397431186,0.915983218822409,0.799542041358988,,,,Argentina,CO2
GCAM 5.3,R_MAC_30_n0,ARG,Emissions|CO2|Energy|Demand|Transportation,Mt CO2/yr,,,,40.4723150867346,,,48.605782091148,,,,,51.3918398758485,,50.0879473198978,,,,,48.5004867228665,21.8045887277411,33.8690454056922,35.714708736996,35.7284526576723,33.8831829155489,32.3249689644041,36.1839970457831,38.1034553758511,37.9126699241889,38.4864025145611,39.4725448590075,40.2054826760062,40.6510256486072,40.8970911398083,41.0349326782328,,,,Argentina,CO2
GCAM 5.3,R_MAC_30_n0,ARG,Emissions|CO2|Energy|Supply,Mt CO2/yr,,,,39.8650682028649,,,58.706549579021,,,,,63.0410265161409,,64.2081777922438,,,,,23.4317144840606,-157.297987473582,-94.7484052901465,-95.0357247661233,-98.5568984461777,-113.103721734056,-123.184988765168,-112.411067600508,-107.204367689104,-111.167875352084,-109.424924425619,-102.170149997505,-94.4860160476558,-85.49572421922,-82.0575416527329,-81.756603194604,,,,Argentina,CO2
GCAM 5.3,R_MAC_30_n0,ARG,Emissions|CO2|Energy|Supply|Electricity,Mt CO2/yr,,,,30.1378673520619,,,42.2128444112031,,,,,50.4695647291587,,51.9997426019201,,,,,16.0006223542028,-45.7535175468655,-33.2914299066103,-37.2724790077428,-38.8416667903856,-41.6145134181394,-44.5176171216689,-46.6731817124087,-48.7582724856332,-54.7894876200537,-57.38005370458,-54.6833607707909,-48.2258011947199,-40.3529244351221,-38.7417223382774,-39.6416241951494,,,,Argentina,CO2
GCAM 5.3,R_MAC_30_n0,ARG,Emissions|CO2|Energy|Supply|Gases,Mt CO2/yr,,,,2.685122244102,,,2.702560912354,,,,,2.73526024866,,2.80067273605253,,,,,2.54272342720055,2.05450363400679,2.6006030575763,2.84838600014721,3.0601381843478,3.1794829076316,3.31547686522054,3.42697115683617,3.45201676651206,3.11252045143529,2.85812858916974,2.81922900023365,2.79417279687364,2.80555469110638,2.78529807647849,2.75945106476064,,,,Argentina,CO2
GCAM 5.3,R_MAC_30_n0,ARG,Emissions|CO2|Energy|Supply|Liquids,Mt CO2/yr,,,,7.04208007336749,,,13.7911442554639,,,,,9.83622023823126,,9.32931909286401,,,,,5.36751688401602,-99.1281797056133,-60.1537211405244,-57.7413333715028,-60.9189510416104,-73.1157990705093,-80.0206741462786,-64.5652018041721,-54.8126872691699,-53.2177775738376,-49.8547550208225,-46.0340434437692,-45.4138922836507,-44.5945677005951,-43.1556848147012,-42.0417268818796,,,,Argentina,CO2
GCAM 5.3,R_MAC_30_n0,ARG,Emissions|CO2|Energy|Supply|Solids,Mt CO2/yr,,,,-1.46666650416393e-06,,,0.0,,,,,-1.86999090281082e-05,,-6.23333107596974e-06,,,,,0.0,0.0,0.0,0.0,-2.93332434900482e-06,-1.39333229967269e-06,-2.93332814494666e-07,-1.97999209098406e-06,-3.66666574575846e-07,-3.6885991331973804e-17,-5.13332146074657e-07,0.0,-1.10000045604168e-07,0.0,0.0,0.0,,,,Argentina,CO2
GCAM 5.3,R_MAC_30_n0,ARG,Emissions|CO2|Industrial Processes,Mt CO2/yr,,,,8.69051474328464,,,10.1062288174579,,,,,10.0412191275443,,9.91934734642447,,,,,3.33808549596694,-8.16876961319509,-4.48881450882319,-5.04932617949209,-6.5984533775133,-9.62407765665661,-12.4475102527096,-11.3167613979125,-11.1275304881583,-12.4828091610028,-13.3393756858096,-13.6404798549604,-14.4242672455162,-15.4378475447312,-16.4781041035821,-17.3033960966606,,,,Argentina,CO2
GCAM 5.3,R_MAC_30_n0,ARG,Emissions|N2O|AFOLU,Mt CO2e/yr,,,,68.63807932377013,,,71.67913016887842,,,,,72.9336404956756,,77.47361980442858,,,,,79.08694798692241,84.58739378962427,85.76266827976467,86.12618233003921,86.91183362572319,86.72601594717578,86.38889174159708,85.82767848693183,85.62097778401031,85.73167039219965,85.67074519220108,85.16898451902205,84.50574505109591,83.55821989963593,82.37527349436648,80.93024286140047,,,,Argentina,N2O
GCAM 5.3,R_MAC_30_n8,ARG,Carbon Sequestration|CCS|Biomass,Mt CO2/yr,,,,0.0,,,0.0,,,,,0.0,,0.0,,,,,24.9337140000344,241.584459789885,193.878608846418,185.488401937917,166.537785515336,150.902027021863,174.243233977391,160.170890332128,161.790900300343,163.016317429708,160.19158625676,156.207949616869,145.311222797221,134.832130657345,128.451581649195,124.464833892867,,,,Argentina,
GCAM 5.3,R_MAC_30_n8,ARG,Emissions|CH4|AFOLU,Mt CO2e/yr,,,,91.99554277707416,,,92.9799504644794,,,,,93.89843331983576,,96.00489789606772,,,,,97.8806467710078,90.68272401643335,97.2025302968608,98.87968567091411,100.1832827718128,101.5377163015838,102.00744186471215,102.24715831900416,102.28304789830428,102.21698330359264,101.968554211314,101.53133352275283,101.09636972626632,100.51232115073464,99.74514351901372,98.88917136897905,,,,Argentina,CH4
GCAM 5.3,R_MAC_30_n8,ARG,Emissions|CO2|AFOLU,Mt CO2/yr,,,,153.327409377674,,,131.264995034735,,,,,172.144477044632,,35.0739249378287,,,,,10.7960340985136,-30.1587416654947,-64.183447511784,-44.2460431994896,-32.0497535966543,-25.5112180866784,-21.6436405040918,-17.8355480217366,-17.147148520159,-15.8615128172022,-14.3720722159409,-13.343451550458,-12.3703873289832,-11.9680758350619,-11.8878817119972,-12.2811771251552,,,,Argentina,CO2
GCAM 5.3,R_MAC_30_n8,ARG,Emissions|CO2|Energy and Industrial Processes,Mt CO2/yr,,,,155.421852301149,,,189.989758898461,,,,,198.823361032232,,200.547704290022,,,,,109.299579058445,-266.66088608635,-205.368379106786,-193.199251258862,-161.247044056683,-139.209806278506,-183.465711289499,-154.479786160856,-153.469197295568,-155.929630283601,-152.231003727262,-149.985567427724,-139.354517164532,-126.041887026966,-118.642312165441,-113.752976483724,,,,Argentina,CO2
GCAM 5.3,R_MAC_30_n8,ARG,Emissions|CO2|Energy|Demand,Mt CO2/yr,,,,106.866269355,,,121.176980501982,,,,,125.741115388547,,126.419752519518,,,,,98.9418454230754,14.8435449185446,25.3884357791027,25.3048745141735,27.6381468821987,28.1641012427543,22.40369069011,25.682479790532,27.2200128415738,27.6846183588623,27.8143835776061,27.2425492244621,27.721880536621,29.5696786969072,30.7355664022831,31.9766695636308,,,,Argentina,CO2
GCAM 5.3,R_MAC_30_n8,ARG,Emissions|CO2|Energy|Demand|Industry,Mt CO2/yr,,,,46.7430461154697,,,47.5358571421497,,,,,48.1219269248479,,52.098026872085,,,,,37.3751198941511,2.96003502250737,6.95279937315655,5.50920423365984,4.78847687677938,3.99443200797178,2.70515170121084,2.34062608299503,2.03099035678524,1.79641140507078,1.59024249325237,1.61402155317693,2.20019940406224,3.03170959761582,3.35861789606155,3.88113680354262,,,,Argentina,CO2
GCAM 5.3,R_MAC_30_n8,ARG,Emissions|CO2|Energy|Demand|Residential and Commercial,Mt CO2/yr,,,,19.6509081527955,,,25.0353412686843,,,,,26.2273485878507,,24.2337783275351,,,,,15.1079072358723,1.6542475651123,3.4205660453158,2.55896146669019,2.08397536821376,1.67512589180447,1.17515891246025,0.930629262188375,0.749382565915758,0.629486418715589,0.525744303536855,0.440772045617815,0.375747622871517,0.326325681008181,0.286003031623968,0.251948291441077,,,,Argentina,CO2
GCAM 5.3,R_MAC_30_n8,ARG,Emissions|CO2|Energy|Demand|Residential and Commercial|Commercial,Mt CO2/yr,,,,2.77437328304181,,,3.41722827058413,,,,,3.59886950663336,,3.19743898560769,,,,,1.66174411627993,0.128208580242228,0.285035446442768,0.212457946796228,0.174950861436837,0.141527947063136,0.0976449033291747,0.0799742114359411,0.0663728662332526,0.0569550350570734,0.0485022768474572,0.0411038297084199,0.0354689725592608,0.0313266766188054,0.0278939141625789,0.0249341973649975,,,,Argentina,CO2
GCAM 5.3,R_MAC_30_n8,ARG,Emissions|CO2|Energy|Demand|Residential and Commercial|Residential,Mt CO2/yr,,,,16.8765348697537,,,21.6181129981001,,,,,22.6284790812174,,21.0363393419274,,,,,13.4461631195924,1.52603898487007,3.13553059887303,2.34650351989396,1.90902450677692,1.53359794474133,1.07751400913107,0.850655050752434,0.683009699682506,0.572531383658516,0.477242026689398,0.399668215909395,0.340278650312256,0.294999004389375,0.258109117461389,0.22701409407608,,,,Argentina,CO2
GCAM 5.3,R_MAC_30_n8,ARG,Emissions|CO2|Energy|Demand|Transportation,Mt CO2/yr,,,,40.4723150867346,,,48.605782091148,,,,,51.3918398758485,,50.0879473198978,,,,,46.4588182930521,10.2292623309249,15.0150703606303,17.2367088138235,20.7656946372056,22.4945433429781,18.5233800764389,22.4112244453486,24.4396399188728,25.2587205350759,25.6983967808169,25.1877556256674,25.1459335096872,26.2116434182832,27.0909454745976,27.8435844686471,,,,Argentina,CO2
GCAM 5.3,R_MAC_30_n8,ARG,Emissions|CO2|Energy|Supply,Mt CO2/yr,,,,39.8650682028649,,,58.706549579021,,,,,63.0410265161409,,64.2085621607192,,,,,7.79075339407664,-267.802643655528,-217.918776114449,-204.720881640639,-175.308480459527,-152.923705436486,-185.562249905323,-161.35352455512,-162.278127071739,-164.874877043499,-160.612163970493,-155.534585733584,-143.21526275108,-131.327600256773,-124.464061700111,-120.348039025574,,,,Argentina,CO2
GCAM 5.3,R_MAC_30_n8,ARG,Emissions|CO2|Energy|Supply|Electricity,Mt CO2/yr,,,,30.1378673520619,,,42.2128444112031,,,,,50.4695647291587,,52.0001231974443,,,,,4.9227018770889,-55.4070800276358,-65.3921199261586,-68.7242369887924,-63.7412174435734,-61.3148607376547,-70.8406185147863,-66.1740093746052,-70.2373202274018,-76.4576667848193,-78.8033688968512,-78.3819879047702,-72.1129861478096,-68.9677207808768,-66.6927005952784,-66.8591997061502,,,,Argentina,CO2
GCAM 5.3,R_MAC_30_n8,ARG,Emissions|CO2|Energy|Supply|Gases,Mt CO2/yr,,,,2.685122244102,,,2.702560912354,,,,,2.73526024866,,2.80067273605253,,,,,2.40021100088918,1.4870061926861,2.0018329007636,2.18220726931415,2.34363280838523,2.50433053495695,2.51139599998084,2.53236630704092,2.44267802375011,2.08769226938297,1.99015120392058,1.90552068498167,1.88998125385297,1.91055482398911,1.885507559691,1.92146638871913,,,,Argentina,CO2
GCAM 5.3,R_MAC_30_n8,ARG,Emissions|CO2|Energy|Supply|Liquids,Mt CO2/yr,,,,7.04208007336749,,,13.7911442554639,,,,,9.83622023823126,,9.32932286581532,,,,,1.36657674306505,-126.051812708885,-134.750220168946,-122.13505726187,-98.4816848957634,-84.2030056436983,-109.861479244095,-80.5835249741654,-69.5598910203667,-64.1912156342773,-59.3031936389587,-59.0463079346609,-58.5130814363748,-54.4959604359702,-51.349975242838,-48.703470224583,,,,Argentina,CO2
GCAM 5.3,R_MAC_30_n8,ARG,Emissions|CO2|Energy|Supply|Solids,Mt CO2/yr,,,,-1.46666650416393e-06,,,0.0,,,,,-1.86999090281082e-05,,-6.23333107596974e-06,,,,,-2.05332738200311e-05,0.0,-5.13332533504025e-07,0.0,0.0,-3.29999618842472e-07,-2.56665899963164e-07,-2.56666265975771e-07,-2.19999622731056e-07,0.0,-4.76665110933577e-07,0.0,-1.09999839908268e-07,-2.93332803543407e-07,-1.09999884242648e-07,-2.9333269795415e-07,,,,Argentina,CO2
GCAM 5.3,R_MAC_30_n8,ARG,Emissions|CO2|Industrial Processes,Mt CO2/yr,,,,8.69051474328464,,,10.1062288174579,,,,,10.0412191275443,,9.9193896097851,,,,,2.56698024129252,-13.7017873493663,-12.8380387714393,-13.783244132397,-13.5767104793548,-14.4502020847745,-20.3071520742859,-18.8087413962679,-18.4110830654033,-18.7393715989642,-19.433223334375,-21.6935309186021,-23.8611349500733,-24.2839654671003,-24.9138168676127,-25.3816070217814,,,,Argentina,CO2
GCAM 5.3,R_MAC_30_n8,ARG,Emissions|N2O|AFOLU,Mt CO2e/yr,,,,68.63807932377013,,,71.67913016887842,,,,,72.9336404956756,,77.47361980442858,,,,,79.59718829343672,82.3354058199309,84.19268864144203,83.31131526817799,83.16732994812415,82.93173291069084,82.60114287171011,82.09671889075129,81.68490622458293,81.36201299165256,80.96874533394329,80.38286143664185,79.7125563975367,78.83367294903145,77.63811586703063,76.28946122545649,,,,Argentina,N2O
GCAM 5.3,R_MAC_35_n0,ARG,Carbon Sequestration|CCS|Biomass,Mt CO2/yr,,,,0.0,,,0.0,,,,,0.0,,0.0,,,,,7.54443220685741,27.9927172324589,129.873470221011,99.5206917737338,100.400212979357,114.036620193723,124.000134008521,120.426970718484,117.046056013458,117.996544787429,117.195291278993,111.334316866407,103.709719763965,97.8187642999695,91.7994137950365,89.664299627606,,,,Argentina,
GCAM 5.3,R_MAC_35_n0,ARG,Emissions|CH4|AFOLU,Mt CO2e/yr,,,,91.99554277707416,,,92.9799504644794,,,,,93.89843331983576,,96.00489789606772,,,,,99.52036818241392,100.94498035299355,99.95643505556325,104.49275288827816,106.47536971080883,107.95622952880164,108.440170107787,108.80247962434537,108.99688308598265,109.10235100560573,108.92634502652811,108.51573288541553,108.00113280062595,107.39527483715632,106.55092637866096,105.549995041064,,,,Argentina,CH4
GCAM 5.3,R_MAC_35_n0,ARG,Emissions|CO2|AFOLU,Mt CO2/yr,,,,153.327409377674,,,131.264995034735,,,,,172.144477044632,,35.0739249378287,,,,,12.0257861966939,-15.4947886945872,-40.4683409973396,-49.2576935548309,-38.471864332675,-28.5490993593993,-20.5230170416015,-16.442520082497,-14.8948826376377,-14.0010137142192,-12.9330217326638,-11.8473964031399,-11.2466582371966,-11.093688644879,-11.4589355236445,-12.4479361197905,,,,Argentina,CO2
GCAM 5.3,R_MAC_35_n0,ARG,Emissions|CO2|Energy and Industrial Processes,Mt CO2/yr,,,,155.421852301149,,,189.989758898461,,,,,198.823361032232,,200.546738212888,,,,,156.830092004866,106.413746572767,-89.6540751350858,-29.237180585669,-33.4350095115423,-59.2518445285842,-80.9784089300572,-77.3285877232945,-70.9582040988379,-71.5315826447791,-68.0564715492801,-58.2142942897222,-48.6541009314046,-42.5084156872888,-37.0559660785304,-33.7435894122128,,,,Argentina,CO2
GCAM 5.3,R_MAC_35_n0,ARG,Emissions|CO2|Energy|Demand,Mt CO2/yr,,,,106.866269355,,,121.176980501982,,,,,125.741115388547,,126.419213354714,,,,,113.554531865395,101.805104148249,49.4341324501962,64.6461340977919,61.2913995414845,55.238805056588,48.6592203160568,46.9702409992013,48.0775198598189,50.4560853243212,55.0195690062348,59.0667078372437,61.2207026080462,62.5348659676545,63.461926635769,65.7241500239787,,,,Argentina,CO2
GCAM 5.3,R_MAC_35_n0,ARG,Emissions|CO2|Energy|Demand|Industry,Mt CO2/yr,,,,46.7430461154697,,,47.5358571421497,,,,,48.1219269248479,,52.097760409597,,,,,44.2075499975752,37.8362659032726,14.8502128421009,20.2022905694174,17.3308609420108,14.4417142328926,11.0878799642735,8.97917455786034,8.64443118599833,11.1686197320813,15.8138766718006,18.9832119889956,20.2361955724109,21.0416168422427,22.0354091689427,24.1857097409316,,,,Argentina,CO2
GCAM 5.3,R_MAC_35_n0,ARG,Emissions|CO2|Energy|Demand|Residential and Commercial,Mt CO2/yr,,,,19.6509081527955,,,25.0353412686843,,,,,26.2273485878507,,24.2335652484942,,,,,19.0630753267391,14.8966542329329,6.03062177836711,7.40803544373778,6.28646001285697,5.17796933754346,3.93432201548236,3.04128505099342,2.45362348448537,2.07024263188215,1.75579569771106,1.51901046791494,1.32065164973434,1.156993865777,1.00692960836445,0.88425662066119,,,,Argentina,CO2
GCAM 5.3,R_MAC_35_n0,ARG,Emissions|CO2|Energy|Demand|Residential and Commercial|Commercial,Mt CO2/yr,,,,2.77437328304181,,,3.41722827058413,,,,,3.59886950663336,,3.19741528585166,,,,,2.2190315245455,1.64386559597065,0.563767169744232,0.713985341469028,0.593099491749668,0.483993751881058,0.361478562830707,0.279142167220063,0.227717124233589,0.193350492365783,0.165373216921029,0.144918150096441,0.127769274889841,0.113462690737577,0.0999833343328057,0.0888226998438382,,,,Argentina,CO2
GCAM 5.3,R_MAC_35_n0,ARG,Emissions|CO2|Energy|Demand|Residential and Commercial|Residential,Mt CO2/yr,,,,16.8765348697537,,,21.6181129981001,,,,,22.6284790812174,,21.0361499626426,,,,,16.8440438021936,13.2527886369622,5.46685460862288,6.69405010226875,5.6933605211073,4.6939755856624,3.57284345265165,2.76214288377336,2.22590636025178,1.87689213951637,1.59042248079003,1.37409231781849,1.1928823748445,1.04353117503942,0.906946274031641,0.795433920817352,,,,Argentina,CO2
GCAM 5.3,R_MAC_35_n0,ARG,Emissions|CO2|Energy|Demand|Transportation,Mt CO2/yr,,,,40.4723150867346,,,48.605782091148,,,,,51.3918398758485,,50.0878876966227,,,,,50.2839065410806,49.072184012044,28.5532978297282,37.0358080846367,37.6740785866166,35.6191214861519,33.6370183363009,34.9497813903476,36.9794651893352,37.2172229603577,37.4498966367232,38.5644853803331,39.663855385901,40.3362552596348,40.4195878584619,40.6541836623858,,,,Argentina,CO2
GCAM 5.3,R_MAC_35_n0,ARG,Emissions|CO2|Energy|Supply,Mt CO2/yr,,,,39.8650682028649,,,58.706549579021,,,,,63.0410265161409,,64.2081775117491,,,,,39.0816096134284,2.19440740064645,-131.798756727954,-89.3098903808736,-89.1708932068713,-105.881976455786,-118.070853690195,-112.089387791399,-106.931831637879,-108.810333824847,-108.682310127807,-102.563977682628,-94.8495033389319,-89.1632021770541,-83.2092045111374,-81.4709920642911,,,,Argentina,CO2
GCAM 5.3,R_MAC_35_n0,ARG,Emissions|CO2|Energy|Supply|Electricity,Mt CO2/yr,,,,30.1378673520619,,,42.2128444112031,,,,,50.4695647291587,,51.9997426019201,,,,,28.9109385796372,2.41626920649189,-39.3064107163235,-34.0204496892751,-35.5983257517001,-39.2490138645384,-42.3097654936428,-42.9536043757257,-45.377938507147,-50.5794040078156,-53.9478818150375,-52.9923351453731,-48.4419348943601,-43.9499102818837,-37.921017505093,-37.7433541272146,,,,Argentina,CO2
GCAM 5.3,R_MAC_35_n0,ARG,Emissions|CO2|Energy|Supply|Gases,Mt CO2/yr,,,,2.685122244102,,,2.702560912354,,,,,2.73526024866,,2.80067273605253,,,,,2.70135517894409,2.68947903857404,2.32862980561189,2.79027938013744,3.02317417142108,3.13167057309885,3.24927382089751,3.39312812520097,3.48693948847183,3.2115812895104,2.9774099711797,2.81710909708972,2.79086403307347,2.78762667179775,2.80762509762751,2.77977279549665,,,,Argentina,CO2
GCAM 5.3,R_MAC_35_n0,ARG,Emissions|CO2|Energy|Supply|Liquids,Mt CO2/yr,,,,7.04208007336749,,,13.7911442554639,,,,,9.83622023823126,,9.32931909286401,,,,,7.6526609372512,-1.25992246638721,-81.8954364723285,-54.0468972819539,-54.1368677741071,-68.0673221990978,-77.2359709260224,-69.2980473903187,-59.8138561473661,-55.5253865499124,-52.7915266553219,-48.4054768510028,-45.9140445816168,-45.1247979661803,-45.1629298291772,-43.6860315951017,,,,Argentina,CO2
GCAM 5.3,R_MAC_35_n0,ARG,Emissions|CO2|Energy|Supply|Solids,Mt CO2/yr,,,,-1.46666650416393e-06,,,0.0,,,,,-1.86999090281082e-05,,-6.23333107596974e-06,,,,,0.0,0.0,0.0,0.0,-2.56666117664493e-06,-1.46666585220655e-07,-4.03332916264477e-07,0.0,0.0,0.0,-3.66666225169768e-08,-4.03332963619088e-07,0.0,-2.93332611602853e-07,-4.03332989060415e-07,0.0,,,,Argentina,CO2
GCAM 5.3,R_MAC_35_n0,ARG,Emissions|CO2|Industrial Processes,Mt CO2/yr,,,,8.69051474328464,,,10.1062288174579,,,,,10.0412191275443,,9.91934734642447,,,,,4.19395052604222,2.4142350238709,-7.28945085732853,-4.57342430258731,-5.55551584615542,-8.60867312938605,-11.5667755559187,-12.2094409310963,-12.1038923207775,-13.177334144253,-14.3937304277078,-14.7170244443377,-15.0253002005189,-15.8800794778892,-17.308688203162,-17.9967473719004,,,,Argentina,CO2
GCAM 5.3,R_MAC_35_n0,ARG,Emissions|N2O|AFOLU,Mt CO2e/yr,,,,68.63807932377013,,,71.67913016887842,,,,,72.9336404956756,,77.47361980442858,,,,,80.45478567005006,82.3326718367872,85.48163615186259,85.67421327503739,86.40208988356545,86.44295247802114,86.39683052484801,86.07225948267548,85.82584143552457,85.75508790026286,85.62992513111618,85.17606939275753,84.48381859975758,83.57066643228029,82.37378226035486,80.9501532542643,,,,Argentina,N2O
GCAM 5.3,R_MAC_35_n8,ARG,Carbon Sequestration|CCS|Biomass,Mt CO2/yr,,,,0.0,,,0.0,,,,,0.0,,0.0,,,,,10.2640938564327,56.1249489222676,209.709995531398,183.719272395666,165.607925780794,153.965468625862,180.376805951295,167.175272145313,158.871274888639,160.026034586001,158.36870071622,151.518056460011,140.963139903496,132.608226316419,124.621871245183,120.330880313967,,,,Argentina,
GCAM 5.3,R_MAC_35_n8,ARG,Emissions|CH4|AFOLU,Mt CO2e/yr,,,,91.99554277707416,,,92.9799504644794,,,,,93.89843331983576,,96.00489789606772,,,,,99.03459386844575,99.6665414460856,94.77355455857295,98.85652317261057,100.12273922079211,101.43892437460629,101.91946465104684,102.20209877196984,102.26246830669912,102.13600119961896,101.90432902672148,101.61000636851483,101.14557172878928,100.55887294605796,99.80887888324528,98.94264839794832,,,,Argentina,CH4
GCAM 5.3,R_MAC_35_n8,ARG,Emissions|CO2|AFOLU,Mt CO2/yr,,,,153.327409377674,,,131.264995034735,,,,,172.144477044632,,35.0739249378287,,,,,11.6286158217893,-19.4080558682043,-54.4688483324415,-55.657033692263,-39.5364652046947,-29.198692849759,-23.0378489401399,-17.8575124141416,-16.1669200915722,-15.3541207358684,-14.2245328408465,-13.0197121114263,-12.1788239362425,-11.785935427882,-11.8408703834447,-12.1909366983113,,,,Argentina,CO2
GCAM 5.3,R_MAC_35_n8,ARG,Emissions|CO2|Energy and Industrial Processes,Mt CO2/yr,,,,155.421852301149,,,189.989758898461,,,,,198.823361032232,,200.547011195698,,,,,147.676417463745,46.686450606875,-227.985202443923,-191.158867122084,-159.630821117475,-145.802091422056,-196.736049822338,-171.569583961539,-153.479460505004,-153.171249428955,-151.542555840503,-146.936510440804,-135.326186861802,-124.752573716235,-114.410811735828,-109.25292208328,,,,Argentina,CO2
GCAM 5.3,R_MAC_35_n8,ARG,Emissions|CO2|Energy|Demand,Mt CO2/yr,,,,106.866269355,,,121.176980501982,,,,,125.741115388547,,126.41948605703,,,,,110.650575691881,83.4428209813681,19.9029319888737,24.9563482335216,27.8200020239648,27.7682303528722,21.2258473987925,23.1592968692955,25.7398861055258,27.2325401784145,27.5934712214745,26.9876147935961,28.1756649561281,29.9870927762625,31.6231322960629,32.6806624252025,,,,Argentina,CO2
GCAM 5.3,R_MAC_35_n8,ARG,Emissions|CO2|Energy|Demand|Industry,Mt CO2/yr,,,,46.7430461154697,,,47.5358571421497,,,,,48.1219269248479,,52.097760409597,,,,,42.8033339650672,30.1713949363647,4.20496765857366,5.38567103643216,4.72963126504488,3.94290602265014,2.59142017581989,2.22541248873316,1.95530270854234,1.7685044976267,1.59202588089711,2.105388094681,3.05169285537006,3.83854360028046,4.31721153328168,4.61641177976228,,,,Argentina,CO2
GCAM 5.3,R_MAC_35_n8,ARG,Emissions|CO2|Energy|Demand|Residential and Commercial,Mt CO2/yr,,,,19.6509081527955,,,25.0353412686843,,,,,26.2273485878507,,24.2337783275351,,,,,18.1972603220011,11.4910250890725,2.11785240300612,2.51184492043216,2.04894842749594,1.64281301434338,1.1433231609975,0.907305747048044,0.734027757673282,0.617683632657789,0.516874310047038,0.43717610109295,0.373881749307453,0.324551727583786,0.286480071608478,0.252929891933331,,,,Argentina,CO2
GCAM 5.3,R_MAC_35_n8,ARG,Emissions|CO2|Energy|Demand|Residential and Commercial|Commercial,Mt CO2/yr,,,,2.77437328304181,,,3.41722827058413,,,,,3.59886950663336,,3.19743898560769,,,,,2.09169868020778,1.19952355619692,0.170791865179025,0.208360792023709,0.172525024187839,0.13926076962739,0.0948424237909176,0.0772192261238426,0.0644901733472656,0.0557995775447586,0.0476453216329945,0.040533685737085,0.0351399085144219,0.0310461521843824,0.0278736287858343,0.0249828073448292,,,,Argentina,CO2
GCAM 5.3,R_MAC_35_n8,ARG,Emissions|CO2|Energy|Demand|Residential and Commercial|Residential,Mt CO2/yr,,,,16.8765348697537,,,21.6181129981001,,,,,22.6284790812174,,21.0363393419274,,,,,16.1055616417933,10.2915015328755,1.9470605378271,2.30348412840845,1.8764234033081,1.50355224471599,1.04848073720658,0.830086520924202,0.669537584326017,0.561884055113031,0.469228988414044,0.396642415355865,0.338741840793031,0.293505575399403,0.258606442822644,0.227947084588502,,,,Argentina,CO2
GCAM 5.3,R_MAC_35_n8,ARG,Emissions|CO2|Energy|Demand|Transportation,Mt CO2/yr,,,,40.4723150867346,,,48.605782091148,,,,,51.3918398758485,,50.0879473198978,,,,,49.6499814048124,41.7804009559309,13.580111927294,17.0588322766572,21.041422331424,22.1825113158786,17.4911040619752,20.0265786335143,23.0505556393101,24.84635204813,25.4845710305304,24.4450505978222,24.7500903514506,25.8239974483983,27.0194406911727,27.8113207535069,,,,Argentina,CO2
GCAM 5.3,R_MAC_35_n8,ARG,Emissions|CO2|Energy|Supply,Mt CO2/yr,,,,39.8650682028649,,,58.706549579021,,,,,63.0410265161409,,64.2081777922438,,,,,33.1757764751276,-36.4458857209714,-233.838813530832,-202.038566975298,-173.935023129999,-158.877154595073,-196.99269708947,-173.888080961207,-159.580882814009,-161.398420036388,-159.562743967381,-150.848040927013,-138.58384039148,-129.203600737101,-120.455653301228,-115.952606058036,,,,Argentina,CO2
GCAM 5.3,R_MAC_35_n8,ARG,Emissions|CO2|Energy|Supply|Electricity,Mt CO2/yr,,,,30.1378673520619,,,42.2128444112031,,,,,50.4695647291587,,51.9997426019201,,,,,23.8340255567855,-13.3979772860029,-61.5592093007241,-64.7527197107238,-60.4943082027762,-61.3292211197987,-73.1024131284923,-67.3103720854188,-67.2120746404279,-72.9848289746693,-77.7702556192562,-75.1401457566858,-69.1975719887058,-65.618821568536,-62.5702936880207,-62.0887182943705,,,,Argentina,CO2
GCAM 5.3,R_MAC_35_n8,ARG,Emissions|CO2|Energy|Supply|Gases,Mt CO2/yr,,,,2.685122244102,,,2.702560912354,,,,,2.73526024866,,2.80067273605253,,,,,2.64052669869247,2.4440918352588,1.94048547560749,2.25147916973987,2.38971921014848,2.50764183888976,2.48827787535841,2.53591210234235,2.49385754257305,2.16837386514678,1.934245622276,1.90501121406515,1.88691237513432,1.91924486819028,1.92481801647552,1.95563617575833,,,,Argentina,CO2
GCAM 5.3,R_MAC_35_n8,ARG,Emissions|CO2|Energy|Supply|Liquids,Mt CO2/yr,,,,7.04208007336749,,,13.7911442554639,,,,,9.83622023823126,,9.32931909286401,,,,,6.97855876529146,-21.7399252214275,-129.407829920716,-120.843039864588,-96.5123436102875,-88.9810197584898,-119.091786606915,-96.3401150693618,-75.5118492930414,-65.5541453840845,-60.0719730044612,-60.8776039834822,-59.3153540228639,-56.5531326886925,-52.7287501827863,-49.9681124457155,,,,Argentina,CO2
GCAM 5.3,R_MAC_35_n8,ARG,Emissions|CO2|Energy|Supply|Solids,Mt CO2/yr,,,,-1.46666650416393e-06,,,0.0,,,,,-1.86999090281082e-05,,-6.23333107596974e-06,,,,,-1.13666518907619e-05,0.0,-1.46666705977644e-07,-1.42999328117719e-06,0.0,0.0,0.0,-2.56666547700325e-07,-3.66665552831094e-07,0.0,-3.66666531318855e-08,-4.39997970379264e-07,0.0,-2.56665971162599e-07,0.0,0.0,,,,Argentina,CO2
GCAM 5.3,R_MAC_35_n8,ARG,Emissions|CO2|Industrial Processes,Mt CO2/yr,,,,8.69051474328464,,,10.1062288174579,,,,,10.0412191275443,,9.91934734642447,,,,,3.85006529673705,-0.310484653521696,-14.0493209019646,-14.0766483803069,-13.5158000114405,-14.6931671798547,-20.9692001316603,-20.8407998696275,-19.6384637965209,-19.0053695709812,-19.573283094596,-23.0760843073867,-24.9180114264503,-25.5360657553972,-25.5782907306622,-25.9809784504463,,,,Argentina,CO2
GCAM 5.3,R_MAC_35_n8,ARG,Emissions|N2O|AFOLU,Mt CO2e/yr,,,,68.63807932377013,,,71.67913016887842,,,,,72.9336404956756,,77.47361980442858,,,,,79.97828569676236,83.6766433405124,83.10512176198377,83.20493198161599,82.94517266581236,82.6619794146802,82.3988103951509,82.0997121173753,81.75604978886791,81.34856385464964,80.95330714450161,80.49662886873482,79.79016939187122,78.88038909038734,77.72304279193,76.36535756044378,,,,Argentina,N2O
GCAM 5.3,R_MAC_40_n0,ARG,Carbon Sequestration|CCS|Biomass,Mt CO2/yr,,,,0.0,,,0.0,,,,,0.0,,0.0,,,,,4.83914364992211,14.632600776903,39.9401762109248,104.81039814155,90.2329102296578,96.656455505283,104.075585056616,106.792915595883,108.154266276157,111.085244710727,111.966751841758,108.869756434219,102.272287009751,97.7499947535638,93.8550749745364,90.5632645900403,,,,Argentina,
GCAM 5.3,R_MAC_40_n0,ARG,Emissions|CH4|AFOLU,Mt CO2e/yr,,,,91.99554277707416,,,92.9799504644794,,,,,93.89843331983576,,96.00489789606772,,,,,100.086073398122,102.52063562861511,104.4722468460748,103.72614355518688,106.5875568680048,108.00403375615589,108.49020480079236,108.84757015855996,109.02199171821971,109.09903861881445,108.86863595820353,108.42073345922307,107.93123242995912,107.31772634620603,106.5202182339344,105.54831202499584,,,,Argentina,CH4
GCAM 5.3,R_MAC_40_n0,ARG,Emissions|CO2|AFOLU,Mt CO2/yr,,,,153.327409377674,,,131.264995034735,,,,,172.144477044632,,35.0739249378287,,,,,12.6346673155695,-10.8398729070874,-31.8250599756679,-51.9009154595397,-45.0147943832475,-32.6485311621459,-22.0288923973648,-16.8852338118621,-14.6640545783347,-13.4687128708786,-12.7122521128878,-11.9337874386705,-11.2798313950471,-11.1260558764132,-11.360565159914,-12.135455923668,,,,Argentina,CO2
GCAM 5.3,R_MAC_40_n0,ARG,Emissions|CO2|Energy and Industrial Processes,Mt CO2/yr,,,,155.421852301149,,,189.989758898461,,,,,198.823361032232,,200.546738212888,,,,,167.4566464049,140.162830608094,83.2938877715134,-44.4434589475918,-17.5946754530827,-32.577058972728,-50.0131203563949,-57.2694844306822,-60.0091584594593,-63.1097555726487,-61.8560917072702,-55.3665913427464,-45.5391506234595,-40.980942724253,-37.8235007819241,-34.7409384597788,,,,Argentina,CO2
GCAM 5.3,R_MAC_40_n0,ARG,Emissions|CO2|Energy|Demand,Mt CO2/yr,,,,106.866269355,,,121.176980501982,,,,,125.741115388547,,126.419213354714,,,,,117.095480443859,112.795288048979,97.3154771557704,59.6182884277154,64.7769177137078,59.2235713464859,52.9661960070075,49.8600129338758,48.6941949650505,50.6053850887275,55.0494284529539,59.4790072070694,62.798590412552,64.0670911813201,64.8436742493926,66.2458368210449,,,,Argentina,CO2
GCAM 5.3,R_MAC_40_n0,ARG,Emissions|CO2|Energy|Demand|Industry,Mt CO2/yr,,,,46.7430461154697,,,47.5358571421497,,,,,48.1219269248479,,52.097760409597,,,,,45.9421571237316,42.7888571932179,34.907300581103,17.1405395610687,18.1179658294605,15.0209319882341,11.6790115475679,9.33118296043266,8.35033906537697,10.8009597103339,15.7339682569176,19.7493155448238,21.9625666727051,22.8180226661284,23.4687799760442,24.9435078077299,,,,Argentina,CO2
GCAM 5.3,R_MAC_40_n0,ARG,Emissions|CO2|Energy|Demand|Residential and Commercial,Mt CO2/yr,,,,19.6509081527955,,,25.0353412686843,,,,,26.2273485878507,,24.2335652484942,,,,,20.1555252186715,17.6315328820558,13.1833958662864,6.34371711405637,6.3934435989411,5.26745073503425,4.05625543296866,3.15082962095164,2.50250205869617,2.07880485699543,1.73978122262358,1.49216114097207,1.30027401783648,1.13778944433906,0.999518213408007,0.879703554384643,,,,Argentina,CO2
GCAM 5.3,R_MAC_40_n0,ARG,Emissions|CO2|Energy|Demand|Residential and Commercial|Commercial,Mt CO2/yr,,,,2.77437328304181,,,3.41722827058413,,,,,3.59886950663336,,3.19741528585166,,,,,2.38518310674598,2.01967370923078,1.42742592853133,0.609486299385387,0.611521928911974,0.495913228357071,0.376097531633164,0.291987586078442,0.232836939433186,0.194213942849521,0.163827729628936,0.142153731003663,0.12565196721051,0.111447611300139,0.0991628038014684,0.0882955307814134,,,,Argentina,CO2
GCAM 5.3,R_MAC_40_n0,ARG,Emissions|CO2|Energy|Demand|Residential and Commercial|Residential,Mt CO2/yr,,,,16.8765348697537,,,21.6181129981001,,,,,22.6284790812174,,21.0361499626426,,,,,17.7703421119255,15.6118591728251,11.7559699377551,5.73423081467098,5.78192167002913,4.77153750667718,3.6801579013355,2.8588420348732,2.26966511926298,1.88459091414591,1.57595349299464,1.3500074099684,1.17462205062597,1.02634183303893,0.900355409606539,0.79140802360323,,,,Argentina,CO2
GCAM 5.3,R_MAC_40_n0,ARG,Emissions|CO2|Energy|Demand|Transportation,Mt CO2/yr,,,,40.4723150867346,,,48.605782091148,,,,,51.3918398758485,,50.0878876966227,,,,,50.9977981014562,52.3748979737048,49.224780708381,36.1340317525903,40.2655082853062,38.9351886232175,37.230929026471,37.3780003524915,37.8413538409774,37.7256205213981,37.5756789734127,38.2375305212736,39.5357497220104,40.1112790708526,40.3753760599404,40.4226254589304,,,,Argentina,CO2
GCAM 5.3,R_MAC_40_n0,ARG,Emissions|CO2|Energy|Supply,Mt CO2/yr,,,,39.8650682028649,,,58.706549579021,,,,,63.0410265161409,,64.2081775117491,,,,,45.6791453146131,23.5576476880427,-15.2987224072123,-98.5792214487527,-77.9923239718527,-85.3488204743611,-94.010971170564,-96.7201271347468,-97.2687566661214,-100.963338386181,-102.628926851069,-99.818811728996,-93.2480393914076,-88.956675188954,-85.3067092794182,-82.5559996082098,,,,Argentina,CO2
GCAM 5.3,R_MAC_40_n0,ARG,Emissions|CO2|Energy|Supply|Electricity,Mt CO2/yr,,,,30.1378673520619,,,42.2128444112031,,,,,50.4695647291587,,51.9997426019201,,,,,34.7548328524097,16.2993433702869,-5.82791210111189,-32.0581750092334,-30.4494357309786,-32.9710746025143,-35.4606569356551,-37.4786054096824,-39.8096546071419,-44.9278726120464,-48.8478136240423,-49.8106000494347,-47.5195310287731,-44.2485836439683,-40.6125577827143,-37.8322738356631,,,,Argentina,CO2
GCAM 5.3,R_MAC_40_n0,ARG,Emissions|CO2|Energy|Supply|Gases,Mt CO2/yr,,,,2.685122244102,,,2.702560912354,,,,,2.73526024866,,2.80067273605253,,,,,2.77282260732099,2.89243946493281,2.84408800287468,2.64957506715544,2.9934787645456,3.16627013806994,3.29971164860479,3.4043177836007,3.49674036182661,3.30313252356028,3.09239291684408,2.90669539157016,2.81288621015716,2.78392388897574,2.76859219447974,2.75309845713859,,,,Argentina,CO2
GCAM 5.3,R_MAC_40_n0,ARG,Emissions|CO2|Energy|Supply|Liquids,Mt CO2/yr,,,,7.04208007336749,,,13.7911442554639,,,,,9.83622023823126,,9.32931909286401,,,,,8.2453971087406,4.98629298543358,-9.50228285191149,-59.4998749672045,-46.532836795667,-53.2752794944381,-59.7995738616641,-59.5769994524662,-56.629376971341,-54.1160005670305,-52.0927812760861,-48.9777731197593,-45.3717343513726,-44.8036421129493,-44.8597765942212,-44.6662306047272,,,,Argentina,CO2
GCAM 5.3,R_MAC_40_n0,ARG,Emissions|CO2|Energy|Supply|Solids,Mt CO2/yr,,,,-1.46666650416393e-06,,,0.0,,,,,-1.86999090281082e-05,,-6.23333107596974e-06,,,,,-4.39999688802968e-06,-2.56666435153955e-06,-2.20000149308469e-06,-4.39998261204505e-06,0.0,-1.20999874373049e-06,0.0,0.0,0.0,-2.56666669389734e-07,0.0,-7.33333471028173e-08,-1.83333338176e-07,0.0,-2.19999929946342e-07,-2.1999975208128e-07,,,,Argentina,CO2
GCAM 5.3,R_MAC_40_n0,ARG,Emissions|CO2|Industrial Processes,Mt CO2/yr,,,,8.69051474328464,,,10.1062288174579,,,,,10.0412191275443,,9.91934734642447,,,,,4.68202064642736,3.80989487107305,1.27713302295529,-5.48252592655447,-4.37926919493789,-6.45180984485269,-8.96834519283839,-10.4093702298112,-11.4345967583884,-12.7518022751949,-14.2765933091552,-15.0267868208198,-15.0897016446038,-16.0913587166191,-17.3604657518985,-18.4307756726139,,,,Argentina,CO2
GCAM 5.3,R_MAC_40_n0,ARG,Emissions|N2O|AFOLU,Mt CO2e/yr,,,,68.63807932377013,,,71.67913016887842,,,,,72.9336404956756,,77.47361980442858,,,,,80.95962960530527,82.47006979388922,84.82313285806626,85.37194770027787,86.1321536046366,86.3525272354634,86.47061922664265,86.25425116851898,86.01257946351608,85.84494433279238,85.62362722324129,85.13273609551266,84.46019331304846,83.55896889273296,82.40805746257185,80.95966752676148,,,,Argentina,N2O
GCAM 5.3,R_MAC_40_n8,ARG,Carbon Sequestration|CCS|Biomass,Mt CO2/yr,,,,0.0,,,0.0,,,,,0.0,,0.0,,,,,6.45710710367635,21.4090482496103,85.8119963344232,185.927622859694,168.874850366881,150.329442510603,174.60449811342,170.792216200512,156.64536693645,157.136428621877,155.606610051503,149.516493399241,137.092752118764,129.382179127235,121.944479275439,117.201146435279,,,,Argentina,
GCAM 5.3,R_MAC_40_n8,ARG,Emissions|CH4|AFOLU,Mt CO2e/yr,,,,91.99554277707416,,,92.9799504644794,,,,,93.89843331983576,,96.00489789606772,,,,,99.7360186947992,101.37669139480288,101.87637216390955,98.11482643360188,100.07630906108668,101.30572720337355,101.7653022745226,102.0738235294428,102.196250907212,102.05783763837508,101.79707430420471,101.5440586313538,101.15628575770872,100.59229068512624,99.86047815373196,98.94152675864687,,,,Argentina,CH4
GCAM 5.3,R_MAC_40_n8,ARG,Emissions|CO2|AFOLU,Mt CO2/yr,,,,153.327409377674,,,131.264995034735,,,,,172.144477044632,,35.0739249378287,,,,,12.2399356546343,-13.7626933118947,-37.3551003192646,-65.7841910684857,-48.6773104428348,-33.6722798797294,-24.947342808164,-18.6821277244936,-15.6803497121459,-14.8417887403949,-13.8789494565496,-12.7978327185258,-11.8147605378894,-11.4820688266221,-11.5336417469069,-12.0779287315646,,,,Argentina,CO2
GCAM 5.3,R_MAC_40_n8,ARG,Emissions|CO2|Energy and Industrial Processes,Mt CO2/yr,,,,155.421852301149,,,189.989758898461,,,,,198.823361032232,,200.547011195698,,,,,160.853122263654,121.974717993724,-6.79697125944095,-194.207081580639,-163.905110151381,-139.593043674472,-188.729342064,-181.243371060429,-153.248463940819,-151.632025415903,-148.802441466727,-145.589188177697,-130.104125999326,-121.228849147977,-111.878339508,-104.486877994081,,,,Argentina,CO2
GCAM 5.3,R_MAC_40_n8,ARG,Emissions|CO2|Energy|Demand,Mt CO2/yr,,,,106.866269355,,,121.176980501982,,,,,125.741115388547,,126.41948605703,,,,,114.865950240754,106.821688538851,70.8889019563456,24.40766945391,27.7904197011824,29.0059020258804,22.191081602546,22.5429114332319,24.7765780483783,26.3798020291339,27.3028072871372,26.91489225115,29.1291038683115,31.0230112996391,32.6451696040468,34.642090642175,,,,Argentina,CO2
GCAM 5.3,R_MAC_40_n8,ARG,Emissions|CO2|Energy|Demand|Industry,Mt CO2/yr,,,,46.7430461154697,,,47.5358571421497,,,,,48.1219269248479,,52.097760409597,,,,,44.8463929461552,40.0530385117877,23.5794016184481,4.6798397965023,4.56125850053673,3.92361833838705,2.60392123504341,2.15148095093174,1.90134159633191,1.7146364623645,1.56191212648628,2.29613401263746,3.96706049812986,5.17694383168822,5.62456326313614,6.72223797204975,,,,Argentina,CO2
GCAM 5.3,R_MAC_40_n8,ARG,Emissions|CO2|Energy|Demand|Residential and Commercial,Mt CO2/yr,,,,19.6509081527955,,,25.0353412686843,,,,,26.2273485878507,,24.2337783275351,,,,,19.4639955962002,16.0720592209736,8.84834990149247,2.1773480888326,2.00533478256657,1.61887748792161,1.13149864232587,0.890207459166718,0.720646001005784,0.603088492071114,0.506332327396944,0.429699390511622,0.372489455919949,0.322751636635677,0.284432020008378,0.249829966961646,,,,Argentina,CO2
GCAM 5.3,R_MAC_40_n8,ARG,Emissions|CO2|Energy|Demand|Residential and Commercial|Commercial,Mt CO2/yr,,,,2.77437328304181,,,3.41722827058413,,,,,3.59886950663336,,3.19743898560769,,,,,2.27918867149518,1.80259063698919,0.888813079855317,0.180636806607013,0.169354797096233,0.138513024437739,0.0948478583743081,0.0759514692880247,0.0630867723073367,0.0542637098716459,0.0466372618523179,0.0397770196498039,0.0349498912426682,0.0307533138416595,0.0275670953179812,0.0246218713246499,,,,Argentina,CO2
GCAM 5.3,R_MAC_40_n8,ARG,Emissions|CO2|Energy|Demand|Residential and Commercial|Residential,Mt CO2/yr,,,,16.8765348697537,,,21.6181129981001,,,,,22.6284790812174,,21.0363393419274,,,,,17.184806924705,14.2694685839844,7.95953682163715,1.99671128222559,1.83597998547033,1.48036446348387,1.03665078395157,0.814255989878694,0.657559228698448,0.548824782199468,0.459695065544626,0.389922370861819,0.33753956467728,0.291998322794018,0.256864924690397,0.225208095636996,,,,Argentina,CO2
GCAM 5.3,R_MAC_40_n8,ARG,Emissions|CO2|Energy|Demand|Transportation,Mt CO2/yr,,,,40.4723150867346,,,48.605782091148,,,,,51.3918398758485,,50.0879473198978,,,,,50.5555616983986,50.6965908060898,38.461150436405,17.5504815685751,21.2238264180791,23.4634061995718,18.4556617251767,19.5012230231334,22.1545904510406,24.0620770746983,25.234562833254,24.1890588480009,24.7895539142617,25.5233158313152,26.7361743209023,27.6700227031636,,,,Argentina,CO2
GCAM 5.3,R_MAC_40_n8,ARG,Emissions|CO2|Energy|Supply,Mt CO2/yr,,,,39.8650682028649,,,58.706549579021,,,,,63.0410265161409,,64.2081777922438,,,,,41.6234708520933,12.0912801763861,-74.5381404123994,-204.429586414042,-178.011579183606,-154.820658350183,-190.980772348176,-182.682858613231,-157.832530292904,-158.279794950131,-156.395194390899,-149.100271554279,-134.23252537094,-125.693678254953,-117.681603470818,-112.508976304883,,,,Argentina,CO2
GCAM 5.3,R_MAC_40_n8,ARG,Emissions|CO2|Energy|Supply|Electricity,Mt CO2/yr,,,,30.1378673520619,,,42.2128444112031,,,,,50.4695647291587,,51.9997426019201,,,,,31.1445530267914,8.29049034951798,-24.5559534780999,-59.9583528585657,-56.6308678918732,-57.5376141620742,-70.4456288036322,-68.7575844049529,-64.3765611004379,-69.65505376237,-74.6575047562779,-74.0347385639105,-67.8885803024381,-63.2036033655475,-59.4300616719318,-58.3110676513359,,,,Argentina,CO2
GCAM 5.3,R_MAC_40_n8,ARG,Emissions|CO2|Energy|Supply|Gases,Mt CO2/yr,,,,2.685122244102,,,2.702560912354,,,,,2.73526024866,,2.80067273605253,,,,,2.7282752766752,2.77751852498015,2.52887207267368,2.23355425787586,2.39489199451072,2.51225686583477,2.48512031107432,2.48645626118633,2.49927341349701,2.23710555478386,2.0050856654994,1.90239323581264,1.88540180546637,1.9157396733537,1.93926109966831,1.97343787628709,,,,Argentina,CO2
GCAM 5.3,R_MAC_40_n8,ARG,Emissions|CO2|Energy|Supply|Liquids,Mt CO2/yr,,,,7.04208007336749,,,13.7911442554639,,,,,9.83622023823126,,9.32931909286401,,,,,7.89793274771826,2.1552043607893,-45.1798728794545,-118.119495786639,-97.4439325482326,-84.4257364140279,-114.274946843997,-103.911634601033,-78.8868341852266,-68.6824523058406,-60.5616803470779,-61.3197215162755,-57.8644679711818,-57.1237119823166,-54.4462694664851,-51.0506724120972,,,,Argentina,CO2
GCAM 5.3,R_MAC_40_n8,ARG,Emissions|CO2|Energy|Supply|Solids,Mt CO2/yr,,,,-1.46666650416393e-06,,,0.0,,,,,-1.86999090281082e-05,,-6.23333107596974e-06,,,,,0.0,0.0,-2.56666567712171e-06,-4.7666579700882e-07,-1.83333265691373e-07,-2.56666394659276e-07,-3.66666679984477e-08,-3.29999607230082e-07,-4.39998464208693e-07,0.0,0.0,0.0,-1.83333153421092e-07,0.0,0.0,0.0,,,,Argentina,CO2
GCAM 5.3,R_MAC_40_n8,ARG,Emissions|CO2|Industrial Processes,Mt CO2/yr,,,,8.69051474328464,,,10.1062288174579,,,,,10.0412191275443,,9.91934734642447,,,,,4.36370117080667,3.06174927848671,-3.14773280338713,-14.1851646205067,-13.6839506689568,-13.7782873501696,-19.9396513183701,-21.1034238804298,-20.1925116962938,-19.7320324949058,-19.7100543629653,-23.4038088745679,-25.0007044966974,-26.5581821926632,-26.8419056412286,-26.6199923313731,,,,Argentina,CO2
GCAM 5.3,R_MAC_40_n8,ARG,Emissions|N2O|AFOLU,Mt CO2e/yr,,,,68.63807932377013,,,71.67913016887842,,,,,72.9336404956756,,77.47361980442858,,,,,80.65176460552902,81.96439210152812,85.62109061305581,82.93464918932493,82.79016949194646,82.46400424252919,82.24240218110717,82.00600625548641,81.75597665376579,81.33566906960286,80.89761038289676,80.48213968875852,79.85934708012451,78.97750734121466,77.82836398134852,76.4014357403377,,,,Argentina,N2O
GCAM 5.3,R_MAC_45_n0,ARG,Carbon Sequestration|CCS|Biomass,Mt CO2/yr,,,,0.0,,,0.0,,,,,0.0,,0.0,,,,,3.43574034900667,10.2528554450777,22.5315768021364,45.9591739652511,92.6492670959047,85.3273276643676,91.3494712030717,95.6267177852879,98.8793009175379,102.864706008157,106.278832911077,105.543796102997,101.809447644332,97.6133254502435,94.5787710528756,92.4876416662404,,,,Argentina,
GCAM 5.3,R_MAC_45_n0,ARG,Emissions|CH4|AFOLU,Mt CO2e/yr,,,,91.99554277707416,,,92.9799504644794,,,,,93.89843331983576,,96.00489789606772,,,,,100.49648818715407,103.4883139876208,105.95346343098497,107.55041095681092,105.98392588522928,108.17966156825072,108.6302874550432,108.94978259960172,109.10093142134424,109.1586150119234,108.89132851349004,108.38016274067277,107.8439209658496,107.26964089663667,106.48292480395556,105.53823639538676,,,,Argentina,CH4
GCAM 5.3,R_MAC_45_n0,ARG,Emissions|CO2|AFOLU,Mt CO2/yr,,,,153.327409377674,,,131.264995034735,,,,,172.144477044632,,35.0739249378287,,,,,13.0813320437066,-7.89729137446514,-26.0599750643884,-40.7146308900874,-50.3125626318828,-40.0104189246761,-26.5506743564948,-18.9190805896457,-15.4606232918705,-13.5886278591639,-12.7356854964694,-12.0630053097625,-11.5580489556535,-11.2582867854065,-11.4093583560785,-12.0592873985886,,,,Argentina,CO2
GCAM 5.3,R_MAC_45_n0,ARG,Emissions|CO2|Energy and Industrial Processes,Mt CO2/yr,,,,155.421852301149,,,189.989758898461,,,,,198.823361032232,,200.546738212888,,,,,174.334366815704,154.298001562587,124.154208237878,69.9623921718335,-24.888971527547,-14.9279147231111,-30.1997046203935,-40.3888100648027,-47.2029639381468,-52.5897374068954,-55.0199708029839,-51.7114600793741,-45.2836702089637,-39.7870227618559,-37.4660479048526,-35.6374194330194,,,,Argentina,CO2
GCAM 5.3,R_MAC_45_n0,ARG,Emissions|CO2|Energy|Demand,Mt CO2/yr,,,,106.866269355,,,121.176980501982,,,,,125.741115388547,,126.419213354714,,,,,119.693512554731,117.758197662146,111.510170988415,93.9557131672492,62.4815370335541,62.7540372600491,56.605007187897,52.6791060211274,50.3529859541524,51.1440980154063,55.1426040927581,59.4419063135282,63.168211711354,65.4329254671387,66.1668518932919,67.3033830380889,,,,Argentina,CO2
GCAM 5.3,R_MAC_45_n0,ARG,Emissions|CO2|Energy|Demand|Industry,Mt CO2/yr,,,,46.7430461154697,,,47.5358571421497,,,,,48.1219269248479,,52.097760409597,,,,,47.3354271454643,45.4161189619034,41.4766398451467,32.3486498013019,16.3217221592368,15.7867071196808,12.3794620911921,9.82146049882862,8.50604501324839,10.3247944447006,15.3518590366675,19.7981396850424,22.9121916475289,24.4995763382497,25.00514867458,26.0422458966343,,,,Argentina,CO2
GCAM 5.3,R_MAC_45_n0,ARG,Emissions|CO2|Energy|Demand|Residential and Commercial,Mt CO2/yr,,,,19.6509081527955,,,25.0353412686843,,,,,26.2273485878507,,24.2335652484942,,,,,20.9108312872997,18.9164232662509,16.2739099482516,11.6084911110294,5.74472848257646,5.40200481885268,4.21566083417674,3.26987457691665,2.58435919129691,2.12196651184035,1.75259957515697,1.48180539881741,1.27724976636888,1.12457599778594,0.989590883903731,0.876430323985316,,,,Argentina,CO2
GCAM 5.3,R_MAC_45_n0,ARG,Emissions|CO2|Energy|Demand|Residential and Commercial|Commercial,Mt CO2/yr,,,,2.77437328304181,,,3.41722827058413,,,,,3.59886950663336,,3.19741528585166,,,,,2.50478396197042,2.20632500185897,1.84129326420964,1.2331652573854,0.551606496135431,0.513507862244707,0.395172690111976,0.305752766191744,0.241896241149658,0.198797147851373,0.165182388226077,0.141105058135202,0.123269217710827,0.110050998526277,0.0980925546980592,0.0879121631862147,,,,Argentina,CO2
GCAM 5.3,R_MAC_45_n0,ARG,Emissions|CO2|Energy|Demand|Residential and Commercial|Residential,Mt CO2/yr,,,,16.8765348697537,,,21.6181129981001,,,,,22.6284790812174,,21.0361499626426,,,,,18.4060473253293,16.7100982643919,14.432616684042,10.375325853644,5.19312198644103,4.88849695660797,3.82048814406476,2.9641218107249,2.34246295014725,1.92316936398898,1.58741718693089,1.34070034068221,1.15398054865805,1.01452499925966,0.891498329205672,0.788518160799101,,,,Argentina,CO2
GCAM 5.3,R_MAC_45_n0,ARG,Emissions|CO2|Energy|Demand|Transportation,Mt CO2/yr,,,,40.4723150867346,,,48.605782091148,,,,,51.3918398758485,,50.0878876966227,,,,,51.4472541219675,53.425655433992,53.7596211950169,49.9985722549179,40.4150863917408,41.5653253215155,40.0098842625281,39.5877709453822,39.2625817496071,38.6973370588653,38.0381454809337,38.1619612296684,38.9787702974562,39.8087731311031,40.1721123348081,40.3847068174692,,,,Argentina,CO2
GCAM 5.3,R_MAC_45_n0,ARG,Emissions|CO2|Energy|Supply,Mt CO2/yr,,,,39.8650682028649,,,58.706549579021,,,,,63.0410265161409,,64.2081775117491,,,,,49.5679010296336,32.1667407490671,9.4590739431033,-24.5768563771902,-82.6203927646156,-72.6703630282355,-79.6540352397338,-84.3062885837262,-87.3184966348709,-91.8945908189647,-96.3426765290574,-96.0466968364527,-92.7189669591308,-88.8049206543195,-86.0785858519334,-84.4797087902028,,,,Argentina,CO2
GCAM 5.3,R_MAC_45_n0,ARG,Emissions|CO2|Energy|Supply|Electricity,Mt CO2/yr,,,,30.1378673520619,,,42.2128444112031,,,,,50.4695647291587,,51.9997426019201,,,,,38.2625065699504,23.2446016403085,7.07080854912103,-10.2809242324801,-27.1694775610301,-27.6858237165131,-30.325605489951,-32.6744120295469,-34.9961460507923,-39.4274443659954,-43.9191787372641,-46.0003631852072,-45.7528446541074,-43.8937712730338,-41.4411019067803,-40.0288313463562,,,,Argentina,CO2
GCAM 5.3,R_MAC_45_n0,ARG,Emissions|CO2|Energy|Supply|Gases,Mt CO2/yr,,,,2.685122244102,,,2.702560912354,,,,,2.73526024866,,2.80067273605253,,,,,2.81758053934113,2.97827073554592,3.05557457890768,3.0180044051723,2.86676716315394,3.1602610261112,3.29745665972243,3.39766202083573,3.48046438895278,3.3293412516095,3.16029172389398,2.99622736082377,2.86012124478226,2.79048993111778,2.74452118166949,2.72722736123105,,,,Argentina,CO2
GCAM 5.3,R_MAC_45_n0,ARG,Emissions|CO2|Energy|Supply|Liquids,Mt CO2/yr,,,,7.04208007336749,,,13.7911442554639,,,,,9.83622023823126,,9.32931909286401,,,,,8.53406209973084,6.29298541505932,0.487140160270849,-14.1553865761573,-48.306597974999,-44.7407840582004,-50.1296112059833,-51.7664372002094,-51.7957466745572,-51.0830306217552,-51.11228538902,-49.1009355372325,-46.6082265433904,-45.0409094188559,-44.9226431069453,-44.6531487339975,,,,Argentina,CO2
GCAM 5.3,R_MAC_45_n0,ARG,Emissions|CO2|Energy|Supply|Solids,Mt CO2/yr,,,,-1.46666650416393e-06,,,0.0,,,,,-1.86999090281082e-05,,-6.23333107596974e-06,,,,,-9.1666689217868e-06,0.0,-1.68666017249773e-05,-2.19999627614504e-06,-2.93332293657759e-06,0.0,0.0,0.0,0.0,-2.20000091927647e-07,-1.1000006563811e-07,0.0,-2.56666405926695e-07,-5.13332348631875e-07,0.0,0.0,,,,Argentina,CO2
GCAM 5.3,R_MAC_45_n0,ARG,Emissions|CO2|Industrial Processes,Mt CO2/yr,,,,8.69051474328464,,,10.1062288174579,,,,,10.0412191275443,,9.91934734642447,,,,,5.07295323133902,4.37306315137318,3.18496330636001,0.583535381774573,-4.75011579648545,-5.01158895492458,-7.15067656855669,-8.76162750220394,-10.2374532574283,-11.839244603337,-13.8198983666847,-15.1066695564496,-15.7329149611869,-16.4150275746752,-17.5543139462112,-18.4610936809055,,,,Argentina,CO2
GCAM 5.3,R_MAC_45_n0,ARG,Emissions|N2O|AFOLU,Mt CO2e/yr,,,,68.63807932377013,,,71.67913016887842,,,,,72.9336404956756,,77.47361980442858,,,,,81.2611121170182,83.32213144207134,84.1712074274425,85.7730448930932,85.5590777970586,86.23158968314581,86.51762409922168,86.37744342115298,86.1860823948863,85.9796120406446,85.69074801119388,85.12168864981373,84.40623787627203,83.54034788401111,82.40932741047142,80.9948138920101,,,,Argentina,N2O
GCAM 5.3,R_MAC_45_n8,ARG,Carbon Sequestration|CCS|Biomass,Mt CO2/yr,,,,0.0,,,0.0,,,,,0.0,,0.0,,,,,4.58852681380543,13.7911033194409,35.7774792514988,91.9448376509552,175.378632781606,141.529641770337,156.612322572631,158.403669525745,153.58629060972,151.931231029481,152.147321644888,147.589780733145,138.587271829797,128.704574384566,121.959150350424,118.476936962815,,,,Argentina,
GCAM 5.3,R_MAC_45_n8,ARG,Emissions|CH4|AFOLU,Mt CO2e/yr,,,,91.99554277707416,,,92.9799504644794,,,,,93.89843331983576,,96.00489789606772,,,,,100.14051129077771,102.73535337588068,104.79561977211264,104.49404936197612,99.62423641547217,101.35893206153595,101.76988771501439,102.06023343613552,102.18052996942112,102.05146583485393,101.76435947433588,101.48990255365473,101.12258634407245,100.61947037198057,99.88038895961252,98.8199735101726,,,,Argentina,CH4
GCAM 5.3,R_MAC_45_n8,ARG,Emissions|CO2|AFOLU,Mt CO2/yr,,,,153.327409377674,,,131.264995034735,,,,,172.144477044632,,35.0739249378287,,,,,12.705227083094,-10.3303251688054,-30.8643399712131,-49.7370758924391,-59.5031608255976,-41.8531848338464,-29.2538982942091,-21.0143196523931,-16.887089304832,-14.9305297459188,-13.889798400871,-12.7673951849527,-11.8249078162129,-11.2576637489891,-11.3591002428362,-12.1363664444677,,,,Argentina,CO2
GCAM 5.3,R_MAC_45_n8,ARG,Emissions|CO2|Energy and Industrial Processes,Mt CO2/yr,,,,155.421852301149,,,189.989758898461,,,,,198.823361032232,,200.546738212888,,,,,168.567405630478,142.677975370437,92.4244358824231,-19.6036300002678,-172.239154953926,-122.396019753208,-158.525668216808,-161.140375899031,-151.776909859225,-146.174159821928,-145.55488990945,-143.605291758116,-134.105841109717,-121.400847685302,-112.702224032622,-102.561435672242,,,,Argentina,CO2
GCAM 5.3,R_MAC_45_n8,ARG,Emissions|CO2|Energy|Demand,Mt CO2/yr,,,,106.866269355,,,121.176980501982,,,,,125.741115388547,,126.419213354714,,,,,117.482572604235,113.636937217226,100.354096206711,66.5981908405104,27.041684264037,31.8603772068649,25.3734915686469,24.6776291446431,25.1507160835381,26.0437123774948,26.9117031183833,26.742464085549,28.6645186850657,31.2019663232477,33.3349250574264,37.2659022451722,,,,Argentina,CO2
GCAM 5.3,R_MAC_45_n8,ARG,Emissions|CO2|Energy|Demand|Industry,Mt CO2/yr,,,,46.7430461154697,,,47.5358571421497,,,,,48.1219269248479,,52.097760409597,,,,,46.1334137106201,43.1957652834789,36.2370521979622,20.0223743904158,4.05475330887459,4.090199207485,2.85468374153227,2.29276392765285,1.93688897268686,1.70297412882976,1.53875209852456,2.2930085006439,4.32190345611073,5.81735666246909,6.84284289362249,9.47398321012072,,,,Argentina,CO2
GCAM 5.3,R_MAC_45_n8,ARG,Emissions|CO2|Energy|Demand|Residential and Commercial,Mt CO2/yr,,,,19.6509081527955,,,25.0353412686843,,,,,26.2273485878507,,24.2335652484942,,,,,20.2769906063962,17.8606306342757,13.7992325346563,7.2530991773986,1.81171917363509,1.6566405821944,1.17844937806272,0.917507671057693,0.732836812974003,0.599641428300287,0.501321907282313,0.424672171270506,0.365155798293373,0.320344525254787,0.281632241755911,0.242131976166926,,,,Argentina,CO2
GCAM 5.3,R_MAC_45_n8,ARG,Emissions|CO2|Energy|Demand|Residential and Commercial|Commercial,Mt CO2/yr,,,,2.77437328304181,,,3.41722827058413,,,,,3.59886950663336,,3.19741528585166,,,,,2.40410509820225,2.05233656313459,1.50800006778554,0.712519340803219,0.152723251485643,0.143499306425396,0.100601116736928,0.0793411178239677,0.0645357029907555,0.0539021979487464,0.0461065760424028,0.039300358100221,0.0341283767678539,0.0304255882775383,0.0272001106135657,0.0238756389737848,,,,Argentina,CO2
GCAM 5.3,R_MAC_45_n8,ARG,Emissions|CO2|Energy|Demand|Residential and Commercial|Residential,Mt CO2/yr,,,,16.8765348697537,,,21.6181129981001,,,,,22.6284790812174,,21.0361499626426,,,,,17.8728855081939,15.8082940711411,12.2912324668707,6.54057983659539,1.65899592214945,1.513141275769,1.07784826132579,0.838166553233725,0.668301109983247,0.545739230351541,0.45521533123991,0.385371813170285,0.331027421525519,0.289918936977249,0.254432131142345,0.218256337193141,,,,Argentina,CO2
GCAM 5.3,R_MAC_45_n8,ARG,Emissions|CO2|Energy|Demand|Transportation,Mt CO2/yr,,,,40.4723150867346,,,48.605782091148,,,,,51.3918398758485,,50.0878876966227,,,,,51.0721682872191,52.5805412994716,50.317811474093,39.322717272696,21.1752117815273,26.1135374171856,21.3403584490519,21.4673575459326,22.4809902978773,23.7410968203648,24.8716291125765,24.0247834136346,23.9774594306616,25.0642651355238,26.210449922048,27.5497870588845,,,,Argentina,CO2
GCAM 5.3,R_MAC_45_n8,ARG,Emissions|CO2|Energy|Supply,Mt CO2/yr,,,,39.8650682028649,,,58.706549579021,,,,,63.0410265161409,,64.2081775117491,,,,,46.3431677439085,25.1286236833396,-9.64957873285089,-82.1289987330552,-185.079290138542,-142.128013169245,-166.392527478595,-166.668406824716,-157.174841483082,-152.373850990797,-152.436196453268,-146.866079492285,-136.325261417998,-124.994354819706,-117.794502981834,-113.63560107745,,,,Argentina,CO2
GCAM 5.3,R_MAC_45_n8,ARG,Emissions|CO2|Energy|Supply|Electricity,Mt CO2/yr,,,,30.1378673520619,,,42.2128444112031,,,,,50.4695647291587,,51.9997426019201,,,,,35.3509201279872,17.5099105688674,-3.32654611400198,-27.6919092307845,-49.9066767498595,-48.746435937919,-60.4639628382941,-62.0515593102162,-62.1459824489102,-64.6646420220393,-70.3968014086426,-71.5954919596251,-67.5829338509537,-62.0733889728935,-58.3065165741054,-59.6171075273699,,,,Argentina,CO2
GCAM 5.3,R_MAC_45_n8,ARG,Emissions|CO2|Energy|Supply|Gases,Mt CO2/yr,,,,2.685122244102,,,2.702560912354,,,,,2.73526024866,,2.80067273605253,,,,,2.78035380403499,2.90866080918317,2.88612341223405,2.71198499929228,2.3758884128066,2.55417035018631,2.54414256932298,2.52132281493355,2.49116316836771,2.27864549528602,2.07515940712902,1.96414364671477,1.89430819999556,1.91828807104996,1.91936215382924,1.93407246618153,,,,Argentina,CO2
GCAM 5.3,R_MAC_45_n8,ARG,Emissions|CO2|Energy|Supply|Liquids,Mt CO2/yr,,,,7.04208007336749,,,13.7911442554639,,,,,9.83622023823126,,9.32931909286401,,,,,8.29749538496021,5.27304626218756,-6.78485285357587,-48.9949164760412,-97.9603970611626,-72.7247303972311,-96.422356809951,-92.2864789397176,-80.9511732299538,-69.2177864987738,-62.077357172384,-61.7156961937977,-61.0026472433309,-58.4038296311833,-56.4119444414996,-50.3074549127721,,,,Argentina,CO2
GCAM 5.3,R_MAC_45_n8,ARG,Emissions|CO2|Energy|Supply|Solids,Mt CO2/yr,,,,-1.46666650416393e-06,,,0.0,,,,,-1.86999090281082e-05,,-6.23333107596974e-06,,,,,-2.016659518283e-05,-2.16332586894664e-05,0.0,0.0,0.0,0.0,0.0,-2.9333292790722e-07,0.0,0.0,-3.29999090011159e-07,-1.09999996089521e-07,0.0,0.0,0.0,0.0,,,,Argentina,CO2
GCAM 5.3,R_MAC_45_n8,ARG,Emissions|CO2|Industrial Processes,Mt CO2/yr,,,,8.69051474328464,,,10.1062288174579,,,,,10.0412191275443,,9.91934734642447,,,,,4.74166528233458,3.91241446987105,1.71991840856252,-4.07282210772295,-14.2015490794218,-12.128383790828,-17.5066323068601,-19.1495982189583,-19.7527844596805,-19.8440212086255,-20.0303965745652,-23.4816763513804,-26.4450983767855,-27.6084591888429,-28.2426461082139,-26.1917368399648,,,,Argentina,CO2
GCAM 5.3,R_MAC_45_n8,ARG,Emissions|N2O|AFOLU,Mt CO2e/yr,,,,68.63807932377013,,,71.67913016887842,,,,,72.9336404956756,,77.47361980442858,,,,,81.00953807507571,82.6383424092187,84.66875424612451,85.54032341517144,82.59334464753782,82.42934665163426,82.23081175580107,82.02033649420011,81.76548648367336,81.36462894395608,80.89459192004217,80.45931236085534,79.86638245080195,79.03957388238393,77.88583170198777,76.2792466997024,,,,Argentina,N2O
GCAM 5.3,R_MAC_50_n0,ARG,Carbon Sequestration|CCS|Biomass,Mt CO2/yr,,,,0.0,,,0.0,,,,,0.0,,0.0,,,,,2.61020072395762,7.97317303816718,16.3929833079377,28.9909254572051,52.7500266547899,84.9169354495674,82.9447575735585,87.3551338944994,91.299856390552,95.4823272380568,99.987350903429,101.638477880242,100.630211811957,98.0823243438432,95.3837262376436,93.926103823909,,,,Argentina,
GCAM 5.3,R_MAC_50_n0,ARG,Emissions|CH4|AFOLU,Mt CO2e/yr,,,,91.99554277707416,,,92.9799504644794,,,,,93.89843331983576,,96.00489789606772,,,,,100.79436583549732,103.91614776851421,107.32380977968413,109.17782886041668,109.89514582230099,107.82111416177136,108.74508407367809,109.06558869832331,109.18922693198633,109.24033949436104,108.95370259369793,108.40037862383801,107.79411505311289,107.18042482427308,106.41683440706248,105.4887301223756,,,,Argentina,CH4
GCAM 5.3,R_MAC_50_n0,ARG,Emissions|CO2|AFOLU,Mt CO2/yr,,,,153.327409377674,,,131.264995034735,,,,,172.144477044632,,35.0739249378287,,,,,13.4401266990426,-5.91460470712941,-22.4216702621623,-34.2764406274957,-42.9402229072934,-46.2223000971894,-33.7334014401094,-22.7881554262772,-17.1353694432869,-14.1790978339646,-12.8537830978515,-12.0762965130561,-11.67641259632,-11.5065372980678,-11.5834900038069,-12.1143698684021,,,,Argentina,CO2
GCAM 5.3,R_MAC_50_n0,ARG,Emissions|CO2|Energy and Industrial Processes,Mt CO2/yr,,,,155.421852301149,,,189.989758898461,,,,,198.823361032232,,200.546738212888,,,,,179.25363032389,163.007528045842,141.309911669555,108.732998633438,54.8942113712109,-15.1917971038233,-16.436504429468,-26.9891838979078,-35.5669338891973,-42.1146747432516,-46.8195460474258,-47.0943798850423,-44.0865276074016,-39.7415239339442,-36.5405224268233,-35.2157339908936,,,,Argentina,CO2
GCAM 5.3,R_MAC_50_n0,ARG,Emissions|CO2|Energy|Demand,Mt CO2/yr,,,,106.866269355,,,121.176980501982,,,,,125.741115388547,,126.419213354714,,,,,121.715213001646,120.927431777231,117.719825369958,108.169713563322,89.3027258280702,62.8114927932077,59.588693180038,55.2996827650025,52.3106337344644,52.273554010886,55.4980031574624,59.4355248849584,63.2206282663206,66.3261307322898,68.0373264117136,69.2128571908227,,,,Argentina,CO2
GCAM 5.3,R_MAC_50_n0,ARG,Emissions|CO2|Energy|Demand|Industry,Mt CO2/yr,,,,46.7430461154697,,,47.5358571421497,,,,,48.1219269248479,,52.097760409597,,,,,48.4631792926888,47.1651975997076,44.6030931262544,39.1933783151655,29.0597484475084,14.768370179812,12.8264210160362,10.2652514879058,8.74870753748966,10.1192688788465,14.7981247165336,19.4800846780229,23.2148290650489,25.7890441396653,27.0944961474066,28.085513947903,,,,Argentina,CO2
GCAM 5.3,R_MAC_50_n0,ARG,Emissions|CO2|Energy|Demand|Residential and Commercial,Mt CO2/yr,,,,19.6509081527955,,,25.0353412686843,,,,,26.2273485878507,,24.2335652484942,,,,,21.4838280288555,19.7482936599797,17.8286883753049,14.7106914291944,9.99442745281107,5.05821825691287,4.31031041254786,3.37309210255617,2.66330237688053,2.1795896528936,1.78427988814864,1.48936552713495,1.26464669683555,1.1041628377237,0.975666984906024,0.866628549857131,,,,Argentina,CO2
GCAM 5.3,R_MAC_50_n0,ARG,Emissions|CO2|Energy|Demand|Residential and Commercial|Commercial,Mt CO2/yr,,,,2.77437328304181,,,3.41722827058413,,,,,3.59886950663336,,3.19741528585166,,,,,2.59859082534317,2.33159355032772,2.06051284054653,1.63511548068242,1.03800973266937,0.485850444039478,0.408058906028237,0.317964512933741,0.250883391479747,0.205108954742033,0.168551935847401,0.141873598214719,0.121954309078262,0.107954638010254,0.0966527924534402,0.0868800054892579,,,,Argentina,CO2
GCAM 5.3,R_MAC_50_n0,ARG,Emissions|CO2|Energy|Demand|Residential and Commercial|Residential,Mt CO2/yr,,,,16.8765348697537,,,21.6181129981001,,,,,22.6284790812174,,21.0361499626426,,,,,18.8852372035124,17.416700109652,15.7681755347584,13.0755759485119,8.9564177201417,4.5723678128734,3.90225150651963,3.05512758962243,2.41241898540079,1.97448069815157,1.61572795230124,1.34749192892024,1.14269238775729,0.99620819971345,0.879014192452584,0.779748544367873,,,,Argentina,CO2
GCAM 5.3,R_MAC_50_n0,ARG,Emissions|CO2|Energy|Demand|Transportation,Mt CO2/yr,,,,40.4723150867346,,,48.605782091148,,,,,51.3918398758485,,50.0878876966227,,,,,51.7682056801019,54.0139405175441,55.2880438683986,54.2656438189617,50.2485499277507,42.9849043564829,42.4519617514539,41.6613391745405,40.8986238200942,39.9746954791458,38.9155985527801,38.4660746798005,38.7411525044362,39.4329237549008,39.967163279401,40.2607146930626,,,,Argentina,CO2
GCAM 5.3,R_MAC_50_n0,ARG,Emissions|CO2|Energy|Supply,Mt CO2/yr,,,,39.8650682028649,,,58.706549579021,,,,,63.0410265161409,,64.2081775117491,,,,,52.1307942346142,37.3247524884168,19.6515197317194,-1.88279339930291,-33.9597253712193,-73.3660066662299,-70.3483397793361,-75.0358115930637,-79.0110723694125,-83.7865778523341,-89.415655407433,-91.741396243687,-91.2771011493204,-89.2262848744945,-86.8718616514676,-85.943846464719,,,,Argentina,CO2
GCAM 5.3,R_MAC_50_n0,ARG,Emissions|CO2|Energy|Supply|Electricity,Mt CO2/yr,,,,30.1378673520619,,,42.2128444112031,,,,,50.4695647291587,,51.9997426019201,,,,,40.5930671833706,27.6422976564208,14.2141810239914,0.757290033530145,-12.373160233588,-24.7537713279776,-26.6830428432557,-29.318573260167,-31.8551098945663,-35.8565420024898,-40.0618026696361,-42.6994046012518,-43.8565990368415,-43.6340095730562,-42.2803936289081,-41.76943009897,,,,Argentina,CO2
GCAM 5.3,R_MAC_50_n0,ARG,Emissions|CO2|Energy|Supply|Gases,Mt CO2/yr,,,,2.685122244102,,,2.702560912354,,,,,2.73526024866,,2.80067273605253,,,,,2.84905425405448,3.02883210252896,3.15834560356453,3.21753524938791,3.1649063146151,3.04605801059131,3.26430327745445,3.37606152315112,3.45926860745678,3.33193812765734,3.18230115237109,3.05038004617919,2.92586995529579,2.81959581841513,2.73953603963477,2.69759286271276,,,,Argentina,CO2
GCAM 5.3,R_MAC_50_n0,ARG,Emissions|CO2|Energy|Supply|Liquids,Mt CO2/yr,,,,7.04208007336749,,,13.7911442554639,,,,,9.83622023823126,,9.32931909286401,,,,,8.70452100808051,6.87712406012029,2.92157804384374,-4.53029848896721,-21.2571783570351,-42.8169157758213,-43.0930671772866,-45.0842922560866,-46.3605497254342,-46.7396143973066,-48.4311851409598,-48.4102843113183,-47.1261830790068,-45.6756693742601,-44.8746245392524,-44.4725271781808,,,,Argentina,CO2
GCAM 5.3,R_MAC_50_n0,ARG,Emissions|CO2|Energy|Supply|Solids,Mt CO2/yr,,,,-1.46666650416393e-06,,,0.0,,,,,-1.86999090281082e-05,,-6.23333107596974e-06,,,,,-1.57666323303801e-05,-1.20999812462815e-05,0.0,-1.72332185721661e-05,0.0,0.0,0.0,0.0,0.0,0.0,0.0,0.0,-7.33333890898757e-08,0.0,-3.66665977607565e-07,0.0,,,,Argentina,CO2
GCAM 5.3,R_MAC_50_n0,ARG,Emissions|CO2|Industrial Processes,Mt CO2/yr,,,,8.69051474328464,,,10.1062288174579,,,,,10.0412191275443,,9.91934734642447,,,,,5.40762308762948,4.75534378019348,3.93856656787758,2.4460784694189,-0.448789085639954,-4.63728323080114,-5.67685783016995,-7.25305506984662,-8.86649525424919,-10.6016509018034,-12.9018937974552,-14.7885085263137,-16.0300547244019,-16.8413697917394,-17.7059871870694,-18.4847447169973,,,,Argentina,CO2
GCAM 5.3,R_MAC_50_n0,ARG,Emissions|N2O|AFOLU,Mt CO2e/yr,,,,68.63807932377013,,,71.67913016887842,,,,,72.9336404956756,,77.47361980442858,,,,,81.45347293307897,83.76670177077466,84.96832722859436,85.7516933643249,86.56056718598781,85.55716446606692,86.34205699050696,86.37937141183787,86.2695301050421,86.0983101670902,85.79910043425112,85.18244757442685,84.38105399377753,83.47638744444582,82.36583532536542,80.98349124541058,,,,Argentina,N2O
GCAM 5.3,R_MAC_50_n8,ARG,Carbon Sequestration|CCS|Biomass,Mt CO2/yr,,,,0.0,,,0.0,,,,,0.0,,0.0,,,,,3.46729077187489,10.342483713559,22.8020449515764,46.858875171894,94.5273974353957,153.564602953258,141.477237957997,146.267254386332,145.109582823354,143.39528045118,147.130786870357,143.655048310214,136.747700068043,128.29962224498,122.422321872231,122.060363063634,,,,Argentina,
GCAM 5.3,R_MAC_50_n8,ARG,Emissions|CH4|AFOLU,Mt CO2e/yr,,,,91.99554277707416,,,92.9799504644794,,,,,93.89843331983576,,96.00489789606772,,,,,100.484344627275,103.47168932834803,105.93170784946652,107.47057491270351,105.81558702283716,101.13910708133456,101.80143399025208,102.06606917297896,102.17946581159016,102.094481945764,101.78336644259616,101.50381964130771,101.12139024721944,100.60376712318885,99.83061884951876,98.74139686357212,,,,Argentina,CH4
GCAM 5.3,R_MAC_50_n8,ARG,Emissions|CO2|AFOLU,Mt CO2/yr,,,,153.327409377674,,,131.264995034735,,,,,172.144477044632,,35.0739249378287,,,,,13.0686369901007,-7.96661026445717,-26.1954108550574,-40.9255380520719,-50.5861253440646,-52.9426867989883,-35.9816759690645,-25.143623722452,-18.9651284907259,-15.7708521517863,-14.2579714579771,-12.887353275007,-11.8602580879549,-11.2780732310155,-11.401281313561,-12.3301741705064,,,,Argentina,CO2
GCAM 5.3,R_MAC_50_n8,ARG,Emissions|CO2|Energy and Industrial Processes,Mt CO2/yr,,,,155.421852301149,,,189.989758898461,,,,,198.823361032232,,200.546738212888,,,,,174.162415229025,153.978326049882,123.476160485448,68.1071785913859,-28.5860066191563,-140.357842074478,-130.01627888014,-139.065959604477,-137.714796938136,-133.491607097448,-139.166610943056,-138.948832336252,-132.124240732056,-121.441992625045,-112.560879462584,-106.701098818387,,,,Argentina,CO2
GCAM 5.3,R_MAC_50_n8,ARG,Emissions|CO2|Energy|Demand,Mt CO2/yr,,,,106.866269355,,,121.176980501982,,,,,125.741115388547,,126.419213354714,,,,,119.624912913835,117.642725353871,111.272890368604,93.3330586133041,61.3468203461043,30.4683733805449,29.3570802541654,27.4841829248623,26.9577365435419,27.1152065376485,27.0884902836386,26.7846538143465,28.8706823109553,31.6843344596816,34.5819677285672,38.6521380258118,,,,Argentina,CO2
GCAM 5.3,R_MAC_50_n8,ARG,Emissions|CO2|Energy|Demand|Industry,Mt CO2/yr,,,,46.7430461154697,,,47.5358571421497,,,,,48.1219269248479,,52.097760409597,,,,,47.2973605053106,45.3524816792534,41.3623733173262,32.0595876799171,15.8287605757957,3.73013631482188,3.13505994453592,2.47705907791163,2.04986148679312,1.77575780726428,1.55264611523999,2.4177390819044,4.68494506887043,6.63607629217182,8.47347337776219,11.7044864700304,,,,Argentina,CO2
GCAM 5.3,R_MAC_50_n8,ARG,Emissions|CO2|Energy|Demand|Residential and Commercial,Mt CO2/yr,,,,19.6509081527955,,,25.0353412686843,,,,,26.2273485878507,,24.2335652484942,,,,,20.8914576718043,18.8866982726032,16.2217039762311,11.4876619741319,5.59609977890392,1.53861611767918,1.23261490423451,0.951978811306248,0.754016272629995,0.61378994083026,0.504071326066501,0.424167771507586,0.362777642041861,0.316603069858772,0.2761055639784,0.234887997914711,,,,Argentina,CO2
GCAM 5.3,R_MAC_50_n8,ARG,Emissions|CO2|Energy|Demand|Residential and Commercial|Commercial,Mt CO2/yr,,,,2.77437328304181,,,3.41722827058413,,,,,3.59886950663336,,3.19741528585166,,,,,2.50165579762333,2.20191760159495,1.83403828081994,1.21804795542554,0.535490621316286,0.132877429979771,0.107190584753984,0.0835169942900616,0.0671007166070396,0.0554773797311773,0.0463970918178559,0.0392163167615681,0.0338579003485645,0.029997042196031,0.0266181380533619,0.0230982785543457,,,,Argentina,CO2
GCAM 5.3,R_MAC_50_n8,ARG,Emissions|CO2|Energy|Demand|Residential and Commercial|Residential,Mt CO2/yr,,,,16.8765348697537,,,21.6181129981001,,,,,22.6284790812174,,21.0361499626426,,,,,18.389801874181,16.6847806710083,14.3876656954111,10.2696140187064,5.06060915758763,1.40573868769941,1.12542431948052,0.868461817016187,0.686915556022955,0.558312561099082,0.457674234248645,0.384951454746018,0.328919741693297,0.286606027662741,0.249487425925038,0.211789719360365,,,,Argentina,CO2
GCAM 5.3,R_MAC_50_n8,ARG,Emissions|CO2|Energy|Demand|Transportation,Mt CO2/yr,,,,40.4723150867346,,,48.605782091148,,,,,51.3918398758485,,50.0878876966227,,,,,51.43609473672,53.4035454020143,53.6888130750467,49.785808959255,39.9219599914047,25.1996209480438,24.989405405395,24.0551450356444,24.1538587841188,24.7256587895539,25.0317728423321,23.9427469609345,23.8229596000431,24.731655097651,25.8323887868266,26.7127635578667,,,,Argentina,CO2
GCAM 5.3,R_MAC_50_n8,ARG,Emissions|CO2|Energy|Supply,Mt CO2/yr,,,,39.8650682028649,,,58.706549579021,,,,,63.0410265161409,,64.2081775117491,,,,,49.475263589196,31.9757232918746,9.05075889159386,-25.7186968798317,-84.9604889739127,-157.377552068502,-144.802859276592,-149.884080392051,-146.836918852862,-142.175280230966,-146.53904307974,-142.114410828411,-134.182076659729,-124.676787934334,-118.135362297248,-117.43252565957,,,,Argentina,CO2
GCAM 5.3,R_MAC_50_n8,ARG,Emissions|CO2|Energy|Supply|Electricity,Mt CO2/yr,,,,30.1378673520619,,,42.2128444112031,,,,,50.4695647291587,,51.9997426019201,,,,,38.178527922784,23.084396801718,6.82031997128245,-10.7283004396928,-27.8074690344742,-45.4386042358659,-50.4065918844759,-54.4681688022656,-57.3932466270251,-60.0458030008868,-66.4375617875327,-67.8592776130291,-65.7282460134089,-61.3100990399356,-58.1868130842945,-60.6969249221052,,,,Argentina,CO2
GCAM 5.3,R_MAC_50_n8,ARG,Emissions|CO2|Energy|Supply|Gases,Mt CO2/yr,,,,2.685122244102,,,2.702560912354,,,,,2.73526024866,,2.80067273605253,,,,,2.81648096140186,2.97639792660072,3.05133208308967,3.00977249868449,2.85476524658278,2.52859387424901,2.59246544771553,2.56298355408327,2.51296174026045,2.32454896039055,2.12988465307767,2.03625607301593,1.95251663680516,1.91894813434186,1.91309586209436,1.90246215000943,,,,Argentina,CO2
GCAM 5.3,R_MAC_50_n8,ARG,Emissions|CO2|Energy|Supply|Liquids,Mt CO2/yr,,,,7.04208007336749,,,13.7911442554639,,,,,9.83622023823126,,9.32931909286401,,,,,8.52761531590611,6.26916242630904,0.359540641247275,-14.7500014676865,-49.6120716354056,-80.9981842307379,-78.2023861861845,-78.3384197105684,-72.9405495331632,-63.6758630484498,-61.0436029948155,-61.8121424664912,-61.4740117964,-59.3914159176218,-57.0198496524543,-53.1263814335345,,,,Argentina,CO2
GCAM 5.3,R_MAC_50_n8,ARG,Emissions|CO2|Energy|Supply|Solids,Mt CO2/yr,,,,-1.46666650416393e-06,,,0.0,,,,,-1.86999090281082e-05,,-6.23333107596974e-06,,,,,-9.16665991304264e-06,0.0,0.0,0.0,-3.66667169782679e-08,0.0,-2.56666152361061e-07,0.0,0.0,0.0,-3.66666247831065e-08,0.0,0.0,0.0,0.0,-1.83332886807715e-07,,,,Argentina,CO2
GCAM 5.3,R_MAC_50_n8,ARG,Emissions|CO2|Industrial Processes,Mt CO2/yr,,,,8.69051474328464,,,10.1062288174579,,,,,10.0412191275443,,9.91934734642447,,,,,5.06223872599433,4.35987740413634,3.15251122525048,0.492816857913527,-4.97233799134794,-13.4486633865209,-14.5704998577137,-16.6660621372879,-17.8356146288159,-18.4315334041302,-19.7160581469549,-23.6190753221877,-26.812846383282,-28.4495391503928,-29.0074848939037,-27.9207111846294,,,,Argentina,CO2
GCAM 5.3,R_MAC_50_n8,ARG,Emissions|N2O|AFOLU,Mt CO2e/yr,,,,68.63807932377013,,,71.67913016887842,,,,,72.9336404956756,,77.47361980442858,,,,,81.25409443254365,83.30461524286984,84.1782823735906,85.78200473034327,85.4962831729439,82.23467310749801,82.19026014025034,82.00937846594465,81.76971588202927,81.41775478756593,80.92776483966121,80.49838203321806,79.89869921761482,79.0611577828082,77.85889626976679,76.21424782070436,,,,Argentina,N2O
GCAM 5.3,R_MAC_55_n0,ARG,Carbon Sequestration|CCS|Biomass,Mt CO2/yr,,,,0.0,,,0.0,,,,,0.0,,0.0,,,,,2.08798531981683,6.54922928871776,13.2190090183946,22.0717649065239,36.009185163562,57.7478764198065,85.204930023102,83.8142480010697,86.8462137712426,90.8568409117554,94.930804485939,97.3634476653174,98.0544695538919,97.4328326524038,95.9524244666772,94.9226894125766,,,,Argentina,
GCAM 5.3,R_MAC_55_n0,ARG,Emissions|CH4|AFOLU,Mt CO2e/yr,,,,91.99554277707416,,,92.9799504644794,,,,,93.89843331983576,,96.00489789606772,,,,,100.94826443116463,104.19840206142837,108.14344069508616,110.19115982205771,111.85282736141808,111.77095017146884,108.51001891478924,109.14455864906245,109.28748882192819,109.30881716982836,109.03470359989565,108.46054811419548,107.81222004650327,107.12574138645596,106.32637364052172,105.41743152458784,,,,Argentina,CH4
GCAM 5.3,R_MAC_55_n0,ARG,Emissions|CO2|AFOLU,Mt CO2/yr,,,,153.327409377674,,,131.264995034735,,,,,172.144477044632,,35.0739249378287,,,,,13.7184938219352,-4.46264270682596,-19.9046948989006,-30.1667776602009,-37.3101052867386,-41.3277682839934,-40.0244357721391,-29.4423700619764,-20.6200391413963,-15.7826458808762,-13.4035141965488,-12.1689979327876,-11.6700666518995,-11.6157918752307,-11.8287458410433,-12.3098945906849,,,,Argentina,CO2
GCAM 5.3,R_MAC_55_n0,ARG,Emissions|CO2|Energy and Industrial Processes,Mt CO2/yr,,,,155.421852301149,,,189.989758898461,,,,,198.823361032232,,200.546738212888,,,,,182.894580217638,169.232173188703,151.841150402122,127.751949844688,91.3089150113054,42.5740673596588,-19.8219862243958,-20.421518939099,-28.1057142143157,-35.065251720363,-39.9062309074689,-41.999056016523,-41.3086387437597,-38.9442387359931,-36.1988550044761,-34.2691657082199,,,,Argentina,CO2
GCAM 5.3,R_MAC_55_n0,ARG,Emissions|CO2|Energy|Demand,Mt CO2/yr,,,,106.866269355,,,121.176980501982,,,,,125.741115388547,,126.419213354714,,,,,123.289067776136,123.263490128751,121.766641101047,115.80199001779,103.0884166908,84.9699662059022,59.7956611183536,57.119603465632,53.8295798350609,53.3814532288978,56.0225141125349,59.3904587371348,63.1371647915593,66.6533072311072,69.2365893687722,71.2154021733478,,,,Argentina,CO2
GCAM 5.3,R_MAC_55_n0,ARG,Emissions|CO2|Energy|Demand|Industry,Mt CO2/yr,,,,46.7430461154697,,,47.5358571421497,,,,,48.1219269248479,,52.097760409597,,,,,49.3506331945545,48.4721659616301,46.8464731622264,43.1795433246066,36.0565856578304,25.9589340044973,12.2688042517357,10.4856344822364,8.93062251483646,10.2305545504998,14.5197518707179,18.9872428573387,23.0649503636907,26.3766606340388,28.6214442418856,30.2707650502836,,,,Argentina,CO2
GCAM 5.3,R_MAC_55_n0,ARG,Emissions|CO2|Energy|Demand|Residential and Commercial,Mt CO2/yr,,,,19.6509081527955,,,25.0353412686843,,,,,26.2273485878507,,24.2335652484942,,,,,21.9286929912357,20.3678535997631,18.8086420452224,16.5389316560644,12.9018127400701,8.5799446793453,4.10008497991966,3.40935182191837,2.71726395795545,2.22378897410821,1.81929237153487,1.50567292537568,1.26711014057579,1.09120062808556,0.957480619951418,0.85402304229099,,,,Argentina,CO2
GCAM 5.3,R_MAC_55_n0,ARG,Emissions|CO2|Energy|Demand|Residential and Commercial|Commercial,Mt CO2/yr,,,,2.77437328304181,,,3.41722827058413,,,,,3.59886950663336,,3.19741528585166,,,,,2.67365052686879,2.42736366913382,2.2042883344543,1.88730299083532,1.40104258019257,0.878523828347774,0.391716901925132,0.32346125239867,0.257146802383795,0.210021922752799,0.172245878435782,0.143526854392068,0.12213841159176,0.106602967347907,0.0947885842849424,0.0855838656958132,,,,Argentina,CO2
GCAM 5.3,R_MAC_55_n0,ARG,Emissions|CO2|Energy|Demand|Residential and Commercial|Residential,Mt CO2/yr,,,,16.8765348697537,,,21.6181129981001,,,,,22.6284790812174,,21.0361499626426,,,,,19.2550424643669,17.9404899306293,16.6043537107681,14.6516286652291,11.5007701598775,7.70142085099752,3.70836807799453,3.0858905695197,2.46011715557166,2.01376705135541,1.64704649309909,1.36214607098362,1.14497172898403,0.984597660737655,0.862692035666476,0.768439176595177,,,,Argentina,CO2
GCAM 5.3,R_MAC_55_n0,ARG,Emissions|CO2|Energy|Demand|Transportation,Mt CO2/yr,,,,40.4723150867346,,,48.605782091148,,,,,51.3918398758485,,50.0878876966227,,,,,52.0097415903462,54.4234705673579,56.1115258935986,56.0835150371189,54.1300182928992,50.4310875220596,43.4267718866982,43.2246171614772,42.181693362269,40.9271097042898,39.6834698702821,38.8975429544204,38.8051042872928,39.1854459689828,39.6576645069352,40.0906140807732,,,,Argentina,CO2
GCAM 5.3,R_MAC_55_n0,ARG,Emissions|CO2|Energy|Supply,Mt CO2/yr,,,,39.8650682028649,,,58.706549579021,,,,,63.0410265161409,,64.2081775117491,,,,,53.9086301814882,40.9051281486057,25.6721089767535,8.63646368184055,-13.018983855477,-40.8924613274149,-74.0745029014023,-71.2482990237164,-74.0834492800446,-78.7416604252018,-83.8838232039704,-87.0881218979571,-88.4348488128185,-88.4085740609848,-87.4031119381357,-86.9280501993661,,,,Argentina,CO2
GCAM 5.3,R_MAC_55_n0,ARG,Emissions|CO2|Energy|Supply|Electricity,Mt CO2/yr,,,,30.1378673520619,,,42.2128444112031,,,,,50.4695647291587,,51.9997426019201,,,,,42.2095995395467,30.7586343541022,18.8754187088582,7.58856747036564,-3.24552415304676,-13.4769563990407,-24.3074893849187,-26.7920157564403,-29.6716214264963,-33.6105111374421,-37.3669552854401,-39.6719235421897,-41.3794070146873,-42.4221348744035,-42.3825111580446,-42.8288340887636,,,,Argentina,CO2
GCAM 5.3,R_MAC_55_n0,ARG,Emissions|CO2|Energy|Supply|Gases,Mt CO2/yr,,,,2.685122244102,,,2.702560912354,,,,,2.73526024866,,2.80067273605253,,,,,2.87276239386701,3.06413572911423,3.21751781899352,3.32423482148402,3.3395673286017,3.29123522978822,3.15242443621685,3.32809592220229,3.42821180340549,3.32111288189795,3.18582670129945,3.06694302932919,2.97394661627496,2.86990723594074,2.75924671168208,2.68762181600845,,,,Argentina,CO2
GCAM 5.3,R_MAC_55_n0,ARG,Emissions|CO2|Energy|Supply|Liquids,Mt CO2/yr,,,,7.04208007336749,,,13.7911442554639,,,,,9.83622023823126,,9.32931909286401,,,,,8.82045254967487,7.23167202591284,3.99775972536076,-1.56711114366067,-11.5986724900883,-26.961071166056,-43.4212340916437,-41.3101321241765,-42.5006033264855,-43.7077253788878,-45.8538539053975,-47.1760967517405,-47.0651554458098,-46.1279062761095,-45.2273553129685,-44.358708024248,,,,Argentina,CO2
GCAM 5.3,R_MAC_55_n0,ARG,Emissions|CO2|Energy|Supply|Solids,Mt CO2/yr,,,,-1.46666650416393e-06,,,0.0,,,,,-1.86999090281082e-05,,-6.23333107596974e-06,,,,,-9.89999700284631e-06,-3.29999734548611e-06,0.0,0.0,0.0,0.0,-1.06333067119893e-06,0.0,-7.69999874130758e-07,0.0,0.0,0.0,-1.09999817683757e-07,0.0,0.0,-1.46666770715203e-07,,,,Argentina,CO2
GCAM 5.3,R_MAC_55_n0,ARG,Emissions|CO2|Industrial Processes,Mt CO2/yr,,,,8.69051474328464,,,10.1062288174579,,,,,10.0412191275443,,9.91934734642447,,,,,5.6968822600131,5.06355491134654,4.40240032432063,3.31349614505715,1.23948217598276,-1.50343751882855,-5.54314444134704,-6.29282338101459,-7.85184476933197,-9.70504452405896,-12.0449218160333,-14.3013928557007,-16.0109547225005,-17.1889719061154,-18.0323324351127,-18.5565176822016,,,,Argentina,CO2
GCAM 5.3,R_MAC_55_n0,ARG,Emissions|N2O|AFOLU,Mt CO2e/yr,,,,68.63807932377013,,,71.67913016887842,,,,,72.9336404956756,,77.47361980442858,,,,,81.60015210029319,84.04372074289846,85.53701649306342,85.86658239563148,87.04650340327768,86.90371695854448,85.73221542577691,86.1639623943694,86.23150261824543,86.1437222654179,85.89604664763185,85.27909967140909,84.43477499316596,83.44597986688619,82.2925711066002,80.9326620296873,,,,Argentina,N2O
GCAM 5.3,R_MAC_55_n8,ARG,Carbon Sequestration|CCS|Biomass,Mt CO2/yr,,,,0.0,,,0.0,,,,,0.0,,0.0,,,,,2.74647782967978,8.34218603838048,17.2896177507833,31.2007343848635,58.182676017567,93.1553054079357,146.177027104107,146.859211925383,143.771344202601,141.319261270018,142.162414585094,140.065375517899,133.345572914459,126.798399583303,122.2746830542,122.122621030931,,,,Argentina,
GCAM 5.3,R_MAC_55_n8,ARG,Emissions|CH4|AFOLU,Mt CO2e/yr,,,,91.99554277707416,,,92.9799504644794,,,,,93.89843331983576,,96.00489789606772,,,,,100.7542288127396,103.84515152686556,107.08357372886151,108.8971288218884,109.34435315022996,106.7336900741104,101.6694524695836,102.04056228308768,102.172364748412,102.11610483912656,101.83749590336029,101.5414084631128,101.16094575422669,100.59173800833165,99.72061374536827,98.6699280958118,,,,Argentina,CH4
GCAM 5.3,R_MAC_55_n8,ARG,Emissions|CO2|AFOLU,Mt CO2/yr,,,,153.327409377674,,,131.264995034735,,,,,172.144477044632,,35.0739249378287,,,,,13.3783527464762,-6.2636489490806,-23.0401532233302,-35.3356105897744,-44.2565634362317,-47.4255983854545,-45.7310031781832,-31.6618349966946,-22.4575917723897,-17.5257601663589,-14.9116646658941,-13.2062039476103,-11.9212201058239,-11.3221866533804,-11.5853169833529,-12.5546355415979,,,,Argentina,CO2
GCAM 5.3,R_MAC_55_n8,ARG,Emissions|CO2|Energy and Industrial Processes,Mt CO2/yr,,,,155.421852301149,,,189.989758898461,,,,,198.823361032232,,200.546738212888,,,,,178.385680964324,161.507404972279,138.627536066153,103.249362417362,43.9848813758868,-32.0697026113413,-130.972880615748,-134.806736329111,-133.210275083301,-130.03823719377,-131.903118261504,-134.607334557671,-128.256992465678,-119.443423670179,-109.600948461978,-104.14490131395,,,,Argentina,CO2
GCAM 5.3,R_MAC_55_n8,ARG,Emissions|CO2|Energy|Demand,Mt CO2/yr,,,,106.866269355,,,121.176980501982,,,,,125.741115388547,,126.419213354714,,,,,121.350535604414,120.374470835841,116.742540217732,106.063945284993,85.4699807578733,57.0499386926042,30.8807581751693,29.176608302116,28.2206579146934,27.8521117738532,27.5928965619258,26.769113781875,28.7235345899222,32.3249547604621,36.6877087155202,41.0801950576842,,,,Argentina,CO2
GCAM 5.3,R_MAC_55_n8,ARG,Emissions|CO2|Energy|Demand|Industry,Mt CO2/yr,,,,46.7430461154697,,,47.5358571421497,,,,,48.1219269248479,,52.097760409597,,,,,48.2590312874219,46.8578134743681,44.1006784232243,38.1483197177029,27.1880475874983,12.2025013758118,3.04620647872874,2.50703563475598,2.10460919253139,1.83794133599884,1.60312232844994,2.51406135867573,4.58107565758338,7.37792575494475,10.5507423150491,14.1942840596746,,,,Argentina,CO2
GCAM 5.3,R_MAC_55_n8,ARG,Emissions|CO2|Energy|Demand|Residential and Commercial,Mt CO2/yr,,,,19.6509081527955,,,25.0353412686843,,,,,26.2273485878507,,24.2335652484942,,,,,21.380368725482,19.6023264418803,17.5780594063587,14.2101091438766,9.27104160271656,4.28681705597345,1.19592672166382,0.954653990784699,0.76197118779561,0.626486546259162,0.512912824639768,0.425645699873162,0.363739483378054,0.31451528419374,0.269610169974799,0.230348162884341,,,,Argentina,CO2
GCAM 5.3,R_MAC_55_n8,ARG,Emissions|CO2|Energy|Demand|Residential and Commercial|Commercial,Mt CO2/yr,,,,2.77437328304181,,,3.41722827058413,,,,,3.59886950663336,,3.19741528585166,,,,,2.58143063673654,2.30933988617276,2.02451118500486,1.56823498793669,0.951522596291765,0.404801839252347,0.104636011734432,0.0843802425838198,0.0682821932275597,0.0569160635377341,0.0473434132159664,0.0393299338246054,0.0339113611987112,0.029765441598478,0.0260049083794852,0.0226408555873321,,,,Argentina,CO2
GCAM 5.3,R_MAC_55_n8,ARG,Emissions|CO2|Energy|Demand|Residential and Commercial|Residential,Mt CO2/yr,,,,16.8765348697537,,,21.6181129981001,,,,,22.6284790812174,,21.0361499626426,,,,,18.7989380887455,17.2929865557076,15.5535482213538,12.6418741559399,8.3195190064248,3.8820152167211,1.09129070992939,0.87027374820088,0.69368899456805,0.569570482721428,0.465569411423802,0.386315766048556,0.329828122179343,0.284749842595262,0.243605261595313,0.207707307297009,,,,Argentina,CO2
GCAM 5.3,R_MAC_55_n8,ARG,Emissions|CO2|Energy|Demand|Transportation,Mt CO2/yr,,,,40.4723150867346,,,48.605782091148,,,,,51.3918398758485,,50.0878876966227,,,,,51.7111355915099,53.9143309195922,55.0638023881491,53.7055164234139,49.0108915676584,40.560620260819,26.6386249747768,25.7149186765753,25.3540775343664,25.3876838915952,25.4768614088361,23.8294067233261,23.7787194489608,24.6325137213236,25.8673562304963,26.6555628351252,,,,Argentina,CO2
GCAM 5.3,R_MAC_55_n8,ARG,Emissions|CO2|Energy|Supply,Mt CO2/yr,,,,39.8650682028649,,,58.706549579021,,,,,63.0410265161409,,64.2081775117491,,,,,51.6910408398142,36.4468828852511,18.0647088101998,-5.00784358901,-40.5091652742543,-83.4269977896902,-147.926404085743,-148.450332669919,-144.719886483625,-140.317059685635,-140.673263863728,-137.778932520749,-130.049315389845,-122.953662626359,-117.734256826703,-117.405805102629,,,,Argentina,CO2
GCAM 5.3,R_MAC_55_n8,ARG,Emissions|CO2|Energy|Supply|Electricity,Mt CO2/yr,,,,30.1378673520619,,,42.2128444112031,,,,,50.4695647291587,,51.9997426019201,,,,,40.193191801543,26.8849556341748,13.0334132541833,-1.08411714598575,-14.7352841950247,-27.90371825048,-43.6459659770747,-48.5986330053093,-53.7853112847997,-57.5019117484589,-63.2578654397924,-64.6762027076731,-62.6709158532633,-59.8518966830206,-59.1794825058848,-61.5627474397482,,,,Argentina,CO2
GCAM 5.3,R_MAC_55_n8,ARG,Emissions|CO2|Energy|Supply|Gases,Mt CO2/yr,,,,2.685122244102,,,2.702560912354,,,,,2.73526024866,,2.80067273605253,,,,,2.84344496579657,3.0202257099964,3.1423015451472,3.18668298496303,3.11942660431697,2.97808053331227,2.58415593548569,2.57363861468773,2.52190826328452,2.34653811232378,2.16707599462663,2.08449505154558,2.02209550761765,1.96101224208902,1.90061452279706,1.88605017531508,,,,Argentina,CO2
GCAM 5.3,R_MAC_55_n8,ARG,Emissions|CO2|Energy|Supply|Liquids,Mt CO2/yr,,,,7.04208007336749,,,13.7911442554639,,,,,9.83622023823126,,9.32931909286401,,,,,8.67551786468394,6.78486711092206,2.59995162678883,-5.56163337533947,-24.7001759158373,-47.5673617481706,-73.50984629823,-72.0653749473016,-68.7862173494498,-62.1852601731972,-58.508715732828,-61.8634590083611,-61.6117294226246,-59.6883902718176,-55.3971692494848,-52.2529135080673,,,,Argentina,CO2
GCAM 5.3,R_MAC_55_n8,ARG,Emissions|CO2|Energy|Supply|Solids,Mt CO2/yr,,,,-1.46666650416393e-06,,,0.0,,,,,-1.86999090281082e-05,,-6.23333107596974e-06,,,,,-8.43333170086312e-06,0.0,0.0,0.0,-1.46666605266095e-06,-1.17333188772748e-06,-3.29999567514256e-07,-1.09999802199033e-07,0.0,0.0,0.0,0.0,-7.33333486401973e-08,-3.29998942687322e-07,0.0,0.0,,,,Argentina,CO2
GCAM 5.3,R_MAC_55_n8,ARG,Emissions|CO2|Industrial Processes,Mt CO2/yr,,,,8.69051474328464,,,10.1062288174579,,,,,10.0412191275443,,9.91934734642447,,,,,5.34410452009592,4.68605125118748,3.82028703822133,2.19326072137826,-0.975934107732164,-5.69264351425528,-13.9272347051738,-15.5330119613077,-16.711046514369,-17.5732892819885,-18.8227509597021,-23.5975158187973,-26.9312116657554,-28.8147158042824,-28.5544003507951,-27.8192912690056,,,,Argentina,CO2
GCAM 5.3,R_MAC_55_n8,ARG,Emissions|N2O|AFOLU,Mt CO2e/yr,,,,68.63807932377013,,,71.67913016887842,,,,,72.9336404956756,,77.47361980442858,,,,,81.41875841993931,83.69513104686934,84.8013483603801,85.76560636666223,86.43459462419555,85.05743929109782,81.9959983263229,81.88827631958009,81.70158529154813,81.39830913342247,80.96825090101156,80.5503032898777,79.97301730043725,79.0822672317839,77.77176014851453,76.16981944828184,,,,Argentina,N2O
GCAM 5.3,R_MAC_60_n0,ARG,Carbon Sequestration|CCS|Biomass,Mt CO2/yr,,,,0.0,,,0.0,,,,,0.0,,0.0,,,,,1.74690399880944,5.56890102293035,11.1932028175638,18.379905007567,28.2333008099968,42.0659239841746,63.1169658712388,88.4728384812846,85.7255746821917,87.7983745103264,90.7269645434484,92.9563344095184,94.4776169192902,94.9556460789567,94.9953637996834,95.3270175808631,,,,Argentina,
GCAM 5.3,R_MAC_60_n0,ARG,Emissions|CH4|AFOLU,Mt CO2e/yr,,,,91.99554277707416,,,92.9799504644794,,,,,93.89843331983576,,96.00489789606772,,,,,101.05320471471036,104.45309062364848,108.66119678164492,111.37395574345405,113.03356455792772,114.0444352071388,112.39723809882008,109.02676232817797,109.37717814762033,109.36590605012547,109.1000063387066,108.54292123421712,107.86553311065225,107.13437786912448,106.27930044449005,105.33711176788772,,,,Argentina,CH4
GCAM 5.3,R_MAC_60_n0,ARG,Emissions|CO2|AFOLU,Mt CO2/yr,,,,153.327409377674,,,131.264995034735,,,,,172.144477044632,,35.0739249378287,,,,,13.9376569438572,-3.29317877303583,-17.9052249314069,-27.4383180378949,-32.9908288459603,-37.4471094357643,-36.4328331374718,-35.4771119476309,-26.2178982450852,-19.0197884630299,-14.9623514957223,-12.8332549538288,-11.9094633271434,-11.7422152949721,-12.0048389992115,-12.5648935691334,,,,Argentina,CO2
GCAM 5.3,R_MAC_60_n0,ARG,Emissions|CO2|Energy and Industrial Processes,Mt CO2/yr,,,,155.421852301149,,,189.989758898461,,,,,198.823361032232,,200.546738212888,,,,,185.714173198196,174.058701216544,159.3951965299,139.639133865532,112.133423820652,76.1758019094649,29.0204698296064,-25.6664042992315,-24.9895847882107,-29.1395111766818,-32.7383246503018,-35.1294659905899,-36.1527755767414,-35.0658875423078,-33.7557568988475,-32.9684786853951,,,,Argentina,CO2
GCAM 5.3,R_MAC_60_n0,ARG,Emissions|CO2|Energy|Demand,Mt CO2/yr,,,,106.866269355,,,121.176980501982,,,,,125.741115388547,,126.419213354714,,,,,124.556566098689,125.132657483063,124.717582013098,120.795343118851,111.976978065305,98.122672212479,79.1063857544345,57.7635955759864,55.2047603126526,55.0766096599299,57.3827634100209,60.284494629295,63.5661182164136,67.2236968246801,70.2523497878953,72.7793108915619,,,,Argentina,CO2
GCAM 5.3,R_MAC_60_n0,ARG,Emissions|CO2|Energy|Demand|Industry,Mt CO2/yr,,,,46.7430461154697,,,47.5358571421497,,,,,48.1219269248479,,52.097760409597,,,,,50.0700567583208,49.528188280146,48.5149685143683,45.9630350315831,40.7474138040874,32.7971467418823,21.598786172602,10.3915888751945,9.02703060578319,10.7303096619678,14.7293578028829,18.9270160268315,22.86791277472,26.5541707817942,29.5062986820283,31.8936316353426,,,,Argentina,CO2
GCAM 5.3,R_MAC_60_n0,ARG,Emissions|CO2|Energy|Demand|Residential and Commercial,Mt CO2/yr,,,,19.6509081527955,,,25.0353412686843,,,,,26.2273485878507,,24.2335652484942,,,,,22.2875851520723,20.8664126400241,19.5296006553646,17.7062910762757,14.9191492946295,11.2424222606003,6.97145234986754,3.30790695318232,2.75179635242558,2.26550854711121,1.85746285847993,1.53742973326149,1.28388587546385,1.09648862533542,0.951025272675965,0.841975938577151,,,,Argentina,CO2
GCAM 5.3,R_MAC_60_n0,ARG,Emissions|CO2|Energy|Demand|Residential and Commercial|Commercial,Mt CO2/yr,,,,2.77437328304181,,,3.41722827058413,,,,,3.59886950663336,,3.19741528585166,,,,,2.73555838977227,2.50609020871267,2.31296663083318,2.05569949489108,1.66960727136414,1.19985512593669,0.702865228095923,0.316091400328413,0.261816835184553,0.214951900615234,0.176508745132018,0.146940785445317,0.123920273447927,0.107188040358028,0.0941800834099753,0.0843842659106971,,,,Argentina,CO2
GCAM 5.3,R_MAC_60_n0,ARG,Emissions|CO2|Energy|Demand|Residential and Commercial|Residential,Mt CO2/yr,,,,16.8765348697537,,,21.6181129981001,,,,,22.6284790812174,,21.0361499626426,,,,,19.5520267623,18.3603224313114,17.2166340245314,15.6505915813846,13.2495420232653,10.0425671346636,6.26858712177162,2.99181555285391,2.48997951724102,2.05055664649598,1.68095411334791,1.39048894781617,1.15996560201592,0.989300584977395,0.85684518926599,0.757591672666454,,,,Argentina,CO2
GCAM 5.3,R_MAC_60_n0,ARG,Emissions|CO2|Energy|Demand|Transportation,Mt CO2/yr,,,,40.4723150867346,,,48.605782091148,,,,,51.3918398758485,,50.0878876966227,,,,,52.1989241882963,54.7380565628924,56.6730128433652,57.1260170109925,56.3104149665883,54.0831032099964,50.5361472319649,44.0640997476096,43.4259333544438,42.0807914508509,40.7959427486581,39.820048869202,39.4143195662297,39.5730374175505,39.795025833191,40.0437033176421,,,,Argentina,CO2
GCAM 5.3,R_MAC_60_n0,ARG,Emissions|CO2|Energy|Supply,Mt CO2/yr,,,,39.8650682028649,,,58.706549579021,,,,,63.0410265161409,,64.2081775117491,,,,,55.209759219928,43.5946617446542,29.9186289072649,14.9815162743174,-2.10996324696112,-22.0308586982017,-47.5226697225339,-77.140653179369,-73.0258172504499,-75.4338990719032,-79.2354230483459,-82.2431510740758,-84.4964817311433,-85.6198088240024,-86.2481955789207,-87.3011261395049,,,,Argentina,CO2
GCAM 5.3,R_MAC_60_n0,ARG,Emissions|CO2|Energy|Supply|Electricity,Mt CO2/yr,,,,30.1378673520619,,,42.2128444112031,,,,,50.4695647291587,,51.9997426019201,,,,,43.3967276716185,33.122377887285,22.2952254955701,12.1412648096845,2.85086863104062,-6.03929801745216,-15.0891799600837,-24.9826971755125,-28.2488032918639,-32.3340561237868,-35.9573258564907,-37.9491907385474,-39.501896525811,-41.0518366774024,-42.1506477696228,-43.6959324009466,,,,Argentina,CO2
GCAM 5.3,R_MAC_60_n0,ARG,Emissions|CO2|Energy|Supply|Gases,Mt CO2/yr,,,,2.685122244102,,,2.702560912354,,,,,2.73526024866,,2.80067273605253,,,,,2.89106013258427,3.09116260870994,3.25854940147306,3.38747243220848,3.45212586795823,3.4505043175239,3.38099477177873,3.24195078594919,3.38619085521456,3.30252483523193,3.18211739872066,3.07471637265748,2.99253252417603,2.91399454323689,2.79590281485439,2.69066864448839,,,,Argentina,CO2
GCAM 5.3,R_MAC_60_n0,ARG,Emissions|CO2|Energy|Supply|Liquids,Mt CO2/yr,,,,7.04208007336749,,,13.7911442554639,,,,,9.83622023823126,,9.32931909286401,,,,,8.90027319888232,7.47967224868533,4.6543871408732,-0.102149321064451,-7.63396521084876,-17.6765087382081,-31.1634195308975,-42.2537233281704,-40.3519826036247,-40.8728282321703,-42.5101457134001,-44.2759273454794,-45.2910219173797,-44.9394743486282,-44.3442062830489,-43.7899774651114,,,,Argentina,CO2
GCAM 5.3,R_MAC_60_n0,ARG,Emissions|CO2|Energy|Supply|Solids,Mt CO2/yr,,,,-1.46666650416393e-06,,,0.0,,,,,-1.86999090281082e-05,,-6.23333107596974e-06,,,,,-2.56666917157996e-06,-1.61332931094095e-05,-6.9666581397125e-06,-1.31999788007346e-05,-1.46666856561886e-06,0.0,-1.46666496283064e-06,0.0,-6.23332298140692e-07,-7.33333862611122e-08,0.0,0.0,-4.39999120076229e-07,-3.29999781073575e-07,0.0,0.0,,,,Argentina,CO2
GCAM 5.3,R_MAC_60_n0,ARG,Emissions|CO2|Industrial Processes,Mt CO2/yr,,,,8.69051474328464,,,10.1062288174579,,,,,10.0412191275443,,9.91934734642447,,,,,5.94784787957915,5.33138198882731,4.75898560953695,3.86227447236307,2.26640900230799,0.0839883951875635,-2.56324620229421,-6.28934669584889,-7.1685278504133,-8.7822217647085,-10.8856650119768,-13.1708095458091,-15.2224120620117,-16.6697755429855,-17.7599111078221,-18.4466634374521,,,,Argentina,CO2
GCAM 5.3,R_MAC_60_n0,ARG,Emissions|N2O|AFOLU,Mt CO2e/yr,,,,68.63807932377013,,,71.67913016887842,,,,,72.9336404956756,,77.47361980442858,,,,,81.70647918669,84.24702126148009,85.8980950295114,86.7197897174435,87.43188298020648,87.57062134827662,87.48457284019199,85.78200332630291,86.11597376897177,86.12654509601714,85.93200097355628,85.367627258541,84.51598539726369,83.48300897031268,82.26598458146496,80.87665391707465,,,,Argentina,N2O
GCAM 5.3,R_MAC_60_n8,ARG,Carbon Sequestration|CCS|Biomass,Mt CO2/yr,,,,0.0,,,0.0,,,,,0.0,,0.0,,,,,2.25590543174896,7.01261705417725,14.2153711056397,24.0926955402448,40.6909733225124,66.1726183310254,97.4434732866968,153.071359884793,142.888083659186,139.198840456156,137.622566812058,134.4885318237,128.99083057217,123.61605851683,122.06309875625,122.15110971611,,,,Argentina,
GCAM 5.3,R_MAC_60_n8,ARG,Emissions|CH4|AFOLU,Mt CO2e/yr,,,,91.99554277707416,,,92.9799504644794,,,,,93.89843331983576,,96.00489789606772,,,,,100.89801736236544,104.1052191829104,107.88511109605209,109.85552033460732,111.24152890993436,110.55977308011019,106.66161128852096,101.9148665799488,102.102564394838,102.07761178606572,101.89022406659349,101.62855468775464,101.218615321572,100.61391957325101,99.61006480272036,98.588246779092,,,,Argentina,CH4
GCAM 5.3,R_MAC_60_n8,ARG,Emissions|CO2|AFOLU,Mt CO2/yr,,,,153.327409377674,,,131.264995034735,,,,,172.144477044632,,35.0739249378287,,,,,13.6237342760071,-4.97024962580519,-20.7604751725864,-31.4777459702706,-39.2710574869961,-42.9804860333824,-41.5928921161763,-40.491835384285,-28.2122815648592,-20.8700818203245,-16.5770399558176,-13.8963418361488,-12.2266118311648,-11.500162332482,-11.8705758910764,-12.844964510728,,,,Argentina,CO2
GCAM 5.3,R_MAC_60_n8,ARG,Emissions|CO2|Energy and Industrial Processes,Mt CO2/yr,,,,155.421852301149,,,189.989758898461,,,,,198.823361032232,,200.546738212888,,,,,181.649272148802,167.118789963542,148.382884035329,121.87608242771,80.3279372314962,24.9127938927877,-44.8631798732223,-132.114886932495,-122.560959984405,-121.736334484354,-124.459353348902,-126.67613608693,-121.903326450432,-114.378065879861,-105.990328575158,-100.665047012938,,,,Argentina,CO2
GCAM 5.3,R_MAC_60_n8,ARG,Emissions|CO2|Energy|Demand,Mt CO2/yr,,,,106.866269355,,,121.176980501982,,,,,125.741115388547,,126.419213354714,,,,,122.742824804913,122.462229653047,120.428801887945,113.416411397572,98.716601118916,78.1272612102066,51.3280607037449,32.2723308789475,31.3427579195936,29.8928002735209,28.4997978536518,27.4755574402405,29.3704775242346,33.2338756641755,38.969647768465,43.7553360265896,,,,Argentina,CO2
GCAM 5.3,R_MAC_60_n8,ARG,Emissions|CO2|Energy|Demand|Industry,Mt CO2/yr,,,,46.7430461154697,,,47.5358571421497,,,,,48.1219269248479,,52.097760409597,,,,,49.0419365864171,48.0221937916745,46.0975607345014,41.9171822974681,33.818668662727,22.4064097982327,8.72061224055496,2.5075952360179,2.1773470541673,1.91290344116645,1.72883135739193,2.76096709305185,4.90570778785038,7.98977837331835,12.6942790131049,16.7358797196981,,,,Argentina,CO2
GCAM 5.3,R_MAC_60_n8,ARG,Emissions|CO2|Energy|Demand|Residential and Commercial,Mt CO2/yr,,,,19.6509081527955,,,25.0353412686843,,,,,26.2273485878507,,24.2335652484942,,,,,21.7740393385273,20.1547651792633,18.4839574911778,15.9599690168201,11.9338579644277,7.3718187958231,3.05524365208329,0.948653514932397,0.770125659634478,0.635987997387728,0.521574156792496,0.43367267345811,0.36805031884181,0.31641317021372,0.264371578324052,0.227091485712335,,,,Argentina,CO2
GCAM 5.3,R_MAC_60_n8,ARG,Emissions|CO2|Energy|Demand|Residential and Commercial|Commercial,Mt CO2/yr,,,,2.77437328304181,,,3.41722827058413,,,,,3.59886950663336,,3.19741528585166,,,,,2.64735782758036,2.39417713278002,2.15615049303818,1.80603090339409,1.27724386814153,0.739822785696835,0.285052090259678,0.0847586362287666,0.0698181352788541,0.0582722890408297,0.0482834380084178,0.0401218812142045,0.0343373845191112,0.0299603659821387,0.0255440706294829,0.0223416465003316,,,,Argentina,CO2
GCAM 5.3,R_MAC_60_n8,ARG,Emissions|CO2|Energy|Demand|Residential and Commercial|Residential,Mt CO2/yr,,,,16.8765348697537,,,21.6181129981001,,,,,22.6284790812174,,21.0361499626426,,,,,19.1266815109469,17.7605880464832,16.3278069981396,14.153938113426,10.6566140962861,6.63199601012627,2.77019156182362,0.863894878703631,0.700307524355624,0.577715708346898,0.473290718784078,0.393550792243906,0.333712934322699,0.286452804231581,0.238827507694569,0.204749839212004,,,,Argentina,CO2
GCAM 5.3,R_MAC_60_n8,ARG,Emissions|CO2|Energy|Demand|Transportation,Mt CO2/yr,,,,40.4723150867346,,,48.605782091148,,,,,51.3918398758485,,50.0878876966227,,,,,51.9268488799689,54.2852706821092,55.8472836622662,55.5392600832835,52.9640744917614,48.3490326161508,39.5522048111067,28.8160821279972,28.3952852057918,27.3439088349667,26.2493923394674,24.2809176737305,24.0967194175424,24.9276841206434,26.010997177036,26.7923648211792,,,,Argentina,CO2
GCAM 5.3,R_MAC_60_n8,ARG,Emissions|CO2|Energy|Supply,Mt CO2/yr,,,,39.8650682028649,,,58.706549579021,,,,,63.0410265161409,,64.2081775117491,,,,,53.3126747429417,39.7017786791743,23.7070617198561,5.415909127273,-19.1079849831836,-50.8358495468035,-88.982066284158,-150.898094527648,-139.947512704123,-136.195085210397,-135.080996273799,-131.194808884229,-124.834173492952,-119.20759017582,-117.185447947035,-117.346904854259,,,,Argentina,CO2
GCAM 5.3,R_MAC_60_n8,ARG,Emissions|CO2|Energy|Supply|Electricity,Mt CO2/yr,,,,30.1378673520619,,,42.2128444112031,,,,,50.4695647291587,,51.9997426019201,,,,,41.6667575972698,29.7065791118765,17.3268340642193,5.39843929067452,-6.2249696897293,-17.0362862642391,-29.0320044745808,-39.8315631675365,-47.3918451508558,-53.9719706875905,-60.9717373824594,-62.094613196462,-60.0473618441526,-57.8426612088117,-60.0372026830657,-63.0638638682599,,,,Argentina,CO2
GCAM 5.3,R_MAC_60_n8,ARG,Emissions|CO2|Energy|Supply|Gases,Mt CO2/yr,,,,2.685122244102,,,2.702560912354,,,,,2.73526024866,,2.80067273605253,,,,,2.8646702764201,3.05223349393607,3.19835873257621,3.29144935627089,3.28277570364799,3.21326379378445,3.03097837924152,2.55244838374924,2.52246905718044,2.36645550192629,2.21172902502247,2.13529357923864,2.07585651479759,2.01518373114355,1.91805317426124,1.87421417600289,,,,Argentina,CO2
GCAM 5.3,R_MAC_60_n8,ARG,Emissions|CO2|Energy|Supply|Liquids,Mt CO2/yr,,,,7.04208007336749,,,13.7911442554639,,,,,9.83622023823126,,9.32931909286401,,,,,8.78266491972728,7.11626666398931,3.66794207337942,-2.39844690204929,-14.1314916090657,-31.9594035914875,-49.6368646501806,-60.859196109996,-55.9830338594405,-54.0535145856378,-54.7336788646042,-59.1955768776727,-60.0091138811961,-58.6359598312075,-53.7842116225763,-50.6821430245556,,,,Argentina,CO2
GCAM 5.3,R_MAC_60_n8,ARG,Emissions|CO2|Energy|Supply|Solids,Mt CO2/yr,,,,-1.46666650416393e-06,,,0.0,,,,,-1.86999090281082e-05,,-6.23333107596974e-06,,,,,-1.24666466385281e-05,0.0,-1.46666640432081e-06,-1.13666683418501e-05,-1.4666693558381e-06,0.0,-1.75999166602466e-06,0.0,0.0,0.0,0.0,0.0,-3.2999897591041e-07,0.0,0.0,-1.46666589039565e-07,,,,Argentina,CO2
GCAM 5.3,R_MAC_60_n8,ARG,Emissions|CO2|Industrial Processes,Mt CO2/yr,,,,8.69051474328464,,,10.1062288174579,,,,,10.0412191275443,,9.91934734642447,,,,,5.5937726009472,4.95478163132119,4.24702042752711,3.04376190286518,0.719321095763824,-2.37861777061543,-7.2091742928092,-13.4891232837942,-13.9562051998749,-15.4340495474784,-17.8781549287542,-22.9568846429415,-26.4396304817143,-28.4043513682157,-27.7745283965881,-27.0734781852684,,,,Argentina,CO2
GCAM 5.3,R_MAC_60_n8,ARG,Emissions|N2O|AFOLU,Mt CO2e/yr,,,,68.63807932377013,,,71.67913016887842,,,,,72.9336404956756,,77.47361980442858,,,,,81.55135282478157,83.95127731485796,85.35932074816883,85.76425044757015,86.87963277584791,86.55819999919039,84.75913421401143,81.74250115099613,81.60013313737984,81.32995604717146,81.00464191216297,80.64041541476712,80.04960448244651,79.13299760387277,77.68422855964545,76.13149686507211,,,,Argentina,N2O
GCAM 5.3,R_MAC_65_n0,ARG,Carbon Sequestration|CCS|Biomass,Mt CO2/yr,,,,0.0,,,0.0,,,,,0.0,,0.0,,,,,1.51065327399877,4.8488745074734,9.7183245168173,15.9099658096937,23.8696970299723,33.6393607147901,47.6451570513775,67.6943784783672,90.4418084508645,88.4471823037922,88.0248948640058,89.5558832012225,91.3245452993746,92.3711205454688,92.801328356569,93.8961063913588,,,,Argentina,
GCAM 5.3,R_MAC_65_n0,ARG,Emissions|CH4|AFOLU,Mt CO2e/yr,,,,91.99554277707416,,,92.9799504644794,,,,,93.89843331983576,,96.00489789606772,,,,,101.12403489576332,104.78525574440197,109.01360178008972,112.1040630889214,113.96610816900176,115.40473064160656,114.90175663538152,112.65114716512551,109.27785939431368,109.38939521482615,109.13936113995851,108.60620950239816,107.9401215166232,107.17218138895689,106.28292810206793,105.3062869015626,,,,Argentina,CH4
GCAM 5.3,R_MAC_65_n0,ARG,Emissions|CO2|AFOLU,Mt CO2/yr,,,,153.327409377674,,,131.264995034735,,,,,172.144477044632,,35.0739249378287,,,,,14.084279748169,-2.39044108670945,-16.1004843767805,-25.3189386125977,-29.9926426526379,-34.0891189399699,-33.6154503403237,-32.5402463580693,-31.952912452777,-23.9749750650799,-17.7985192167821,-14.3826896606995,-12.654735031165,-12.1125534376544,-12.2483855242279,-12.7700538551815,,,,Argentina,CO2
GCAM 5.3,R_MAC_65_n0,ARG,Emissions|CO2|Energy and Industrial Processes,Mt CO2/yr,,,,155.421852301149,,,189.989758898461,,,,,198.823361032232,,200.546738212888,,,,,187.964407207556,178.00529989636,165.449550966833,148.522303412707,126.413927053641,98.153822327668,62.6316726106708,19.3028403789725,-31.4181540032526,-30.2035100178039,-28.3513157802808,-30.0440148745786,-31.9050507074102,-31.8535833555134,-30.6976774569745,-30.6881622775796,,,,Argentina,CO2
GCAM 5.3,R_MAC_65_n0,ARG,Emissions|CO2|Energy|Demand,Mt CO2/yr,,,,106.866269355,,,121.176980501982,,,,,125.741115388547,,126.419213354714,,,,,125.597710565273,126.712717515377,127.133385884428,124.625463948251,118.790048263327,108.033566614369,92.8916744847488,75.3645504377761,55.8495291119676,55.551700979165,58.3796557520334,61.0098982673392,63.8794412915609,67.2953690950909,70.5506514551605,73.2250610453729,,,,Argentina,CO2
GCAM 5.3,R_MAC_65_n0,ARG,Emissions|CO2|Energy|Demand|Industry,Mt CO2/yr,,,,46.7430461154697,,,47.5358571421497,,,,,48.1219269248479,,52.097760409597,,,,,50.6640734260506,50.4295205216774,49.8982074321178,48.192360079786,44.8215854109951,38.448005338058,29.2018495553119,19.0652697022822,10.0036340732582,11.1823729320832,15.0731127436751,19.0483800012258,22.8026940289838,26.4170363620241,29.6062953609906,32.2366996111312,,,,Argentina,CO2
GCAM 5.3,R_MAC_65_n0,ARG,Emissions|CO2|Energy|Demand|Residential and Commercial,Mt CO2/yr,,,,19.6509081527955,,,25.0353412686843,,,,,26.2273485878507,,24.2335652484942,,,,,22.5816000462026,21.287278740822,20.1216148531354,18.568039075443,16.2890353848961,13.2129891395067,9.33600918704301,5.59911253249702,2.67074172271923,2.26662444311161,1.87560615597964,1.55894694135225,1.30168955452829,1.10416103782638,0.952822880697625,0.838277336390243,,,,Argentina,CO2
GCAM 5.3,R_MAC_65_n0,ARG,Emissions|CO2|Energy|Demand|Residential and Commercial|Commercial,Mt CO2/yr,,,,2.77437328304181,,,3.41722827058413,,,,,3.59886950663336,,3.19741528585166,,,,,2.78731584225985,2.57380595540281,2.4041539166176,2.18397478507142,1.86191528905325,1.4536352480994,0.975698408336606,0.557897540046319,0.254509565552059,0.215361411482643,0.178605790798098,0.149249228155711,0.125748850494905,0.107965744522153,0.094388366426549,0.0840447239418656,,,,Argentina,CO2
GCAM 5.3,R_MAC_65_n0,ARG,Emissions|CO2|Energy|Demand|Residential and Commercial|Residential,Mt CO2/yr,,,,16.8765348697537,,,21.6181129981001,,,,,22.6284790812174,,21.0361499626426,,,,,19.7942842039427,18.7134727854192,17.7174609365178,16.3840642903716,14.4271200958429,11.7593538914073,8.3603107787064,5.0412149924507,2.41623215716717,2.05126303162897,1.69700036518154,1.40969771319654,1.17594070403339,0.996195293304232,0.858434514271076,0.754232612448377,,,,Argentina,CO2
GCAM 5.3,R_MAC_65_n0,ARG,Emissions|CO2|Energy|Demand|Transportation,Mt CO2/yr,,,,40.4723150867346,,,48.605782091148,,,,,51.3918398758485,,50.0878876966227,,,,,52.3520370930198,54.9959182528772,57.1135635991745,57.8650647930217,57.6794274674359,56.3725721368038,54.3538157423938,50.7001682029968,43.1751533159902,42.1027036039702,41.4309368523786,40.4025713247612,39.7750577080488,39.7741716952404,39.9915332134722,40.1500840978514,,,,Argentina,CO2
GCAM 5.3,R_MAC_65_n0,ARG,Emissions|CO2|Energy|Supply,Mt CO2/yr,,,,39.8650682028649,,,58.706549579021,,,,,63.0410265161409,,64.2081775117491,,,,,56.1998024166603,45.7191218761881,33.2464373365888,19.6104904751148,4.67633210797541,-11.0257949968076,-29.3925987794254,-52.5422668020036,-79.2403958201749,-76.5791934139197,-76.3265204646606,-78.5299613626204,-81.0595064184362,-82.7646967957656,-83.7955100624586,-85.7216254450886,,,,Argentina,CO2
GCAM 5.3,R_MAC_65_n0,ARG,Emissions|CO2|Energy|Supply|Electricity,Mt CO2/yr,,,,30.1378673520619,,,42.2128444112031,,,,,50.4695647291587,,51.9997426019201,,,,,44.2997198412102,34.9983605717348,25.0250369791663,15.6121935769653,7.13968497662427,-0.708926389672567,-8.72765547249088,-16.9457780353683,-26.5494491111477,-30.4824150742466,-33.9288835099458,-35.8101506137196,-37.1999599263733,-38.7690874936702,-40.4771714674131,-42.9322679696477,,,,Argentina,CO2
GCAM 5.3,R_MAC_65_n0,ARG,Emissions|CO2|Energy|Supply|Gases,Mt CO2/yr,,,,2.685122244102,,,2.702560912354,,,,,2.73526024866,,2.80067273605253,,,,,2.90578273644609,3.11303542505204,3.2909258985296,3.43106520298929,3.51844689877518,3.55525267199362,3.54322426743852,3.48556294576598,3.34083508294586,3.29076010183543,3.18681579020862,3.08786650030003,3.01554370332057,2.94689453973858,2.84310587588837,2.71631115130887,,,,Argentina,CO2
GCAM 5.3,R_MAC_65_n0,ARG,Emissions|CO2|Energy|Supply|Liquids,Mt CO2/yr,,,,7.04208007336749,,,13.7911442554639,,,,,9.83622023823126,,9.32931909286401,,,,,8.96021610879423,7.66850275259074,5.13176672614416,0.863076381639619,-5.51549040882745,-12.9452665342293,-21.8204254440785,-32.7792186426602,-44.4579033965764,-42.6950557304663,-41.2641676260116,-42.7304414277494,-44.3481787487022,-44.5626016296525,-43.704905331243,-42.9707530165886,,,,Argentina,CO2
GCAM 5.3,R_MAC_65_n0,ARG,Emissions|CO2|Energy|Supply|Solids,Mt CO2/yr,,,,-1.46666650416393e-06,,,0.0,,,,,-1.86999090281082e-05,,-6.23333107596974e-06,,,,,-1.39333069583908e-05,0.0,-5.13332591945262e-06,0.0,0.0,0.0,-4.39999005647906e-06,0.0,0.0,0.0,-3.2999990704804e-07,0.0,-7.33333217572577e-08,0.0,-2.1999990463133e-07,-4.03333072707993e-07,,,,Argentina,CO2
GCAM 5.3,R_MAC_65_n0,ARG,Emissions|CO2|Industrial Processes,Mt CO2/yr,,,,8.69051474328464,,,10.1062288174579,,,,,10.0412191275443,,9.91934734642447,,,,,6.16689422562287,5.57346050479545,5.069727745817,4.28634898934121,2.94754668233814,1.14605071010703,-0.86740309465258,-3.51944325679998,-8.02728729504525,-9.17601758304928,-10.4044510676536,-12.5239517792975,-14.7249855805349,-16.3842556548387,-17.4528188496763,-18.1915978778639,,,,Argentina,CO2
GCAM 5.3,R_MAC_65_n0,ARG,Emissions|N2O|AFOLU,Mt CO2e/yr,,,,68.63807932377013,,,71.67913016887842,,,,,72.9336404956756,,77.47361980442858,,,,,81.77938296172691,84.41767326258056,86.16848066306353,87.23482191850937,87.93581432516409,88.14178129433941,88.45322156757558,87.79909887959928,85.91682657811727,86.06569757310689,85.91586512566212,85.40838228293087,84.59411523526398,83.5315743524049,82.28461604283102,80.86739261908345,,,,Argentina,N2O
GCAM 5.3,R_MAC_65_n8,ARG,Carbon Sequestration|CCS|Biomass,Mt CO2/yr,,,,0.0,,,0.0,,,,,0.0,,0.0,,,,,1.91554853414076,6.06200393442455,12.2027502393408,20.1584610692539,31.8437962682236,49.5318759395641,74.005340819091,105.607658179017,154.648858898444,144.412820576575,135.850235529753,129.770592781493,124.356686360241,120.336839156499,118.987896408139,120.15906188121,,,,Argentina,
GCAM 5.3,R_MAC_65_n8,ARG,Emissions|CH4|AFOLU,Mt CO2e/yr,,,,91.99554277707416,,,92.9799504644794,,,,,93.89843331983576,,96.00489789606772,,,,,101.00078975580972,104.30860061080676,108.40368773983784,110.80370132273065,112.45711467947908,112.94440623294584,110.45738574095344,106.52317831683024,101.91876998774688,101.95634224597696,101.88770508164583,101.68024218631972,101.26438106609692,100.56810520526757,99.53431002437384,98.52411743655348,,,,Argentina,CH4
GCAM 5.3,R_MAC_65_n8,ARG,Emissions|CO2|AFOLU,Mt CO2/yr,,,,153.327409377674,,,131.264995034735,,,,,172.144477044632,,35.0739249378287,,,,,13.8239145340156,-3.90132918084546,-18.951584098308,-28.8142092033921,-35.1754426232686,-39.4955482390008,-38.3093244644236,-37.3485631537068,-36.686579708358,-25.9396241447122,-19.3122534107055,-15.2491285954842,-12.9079801656783,-12.0664994122809,-12.3597967948485,-13.1350524996097,,,,Argentina,CO2
GCAM 5.3,R_MAC_65_n8,ARG,Emissions|CO2|Energy and Industrial Processes,Mt CO2/yr,,,,155.421852301149,,,189.989758898461,,,,,198.823361032232,,200.546738212888,,,,,184.264567952204,171.563563750592,155.535498744772,133.646935836458,101.955234608195,59.8300749555272,5.02077786951337,-57.8082432428237,-137.635624881696,-127.892810874949,-123.439753531848,-121.211330433467,-115.513433313157,-107.706277451639,-99.0248891541739,-95.7449545189187,,,,Argentina,CO2
GCAM 5.3,R_MAC_65_n8,ARG,Emissions|CO2|Energy|Demand,Mt CO2/yr,,,,106.866269355,,,121.176980501982,,,,,125.741115388547,,126.419213354714,,,,,123.899629477688,124.159007736905,123.203907637167,118.216585394367,107.519188039372,91.6359852973215,69.4656472158538,47.7499006628857,30.9233597969188,29.9619475313949,28.3005124438864,27.5861089905322,30.0176160176406,34.6870449599095,41.0658663409766,45.8679872359921,,,,Argentina,CO2
GCAM 5.3,R_MAC_65_n8,ARG,Emissions|CO2|Energy|Demand|Industry,Mt CO2/yr,,,,46.7430461154697,,,47.5358571421497,,,,,48.1219269248479,,52.097760409597,,,,,49.6966709509342,48.9770288200623,47.6562411414841,44.4770211583176,38.3410452348569,29.3756291215616,16.8287836560323,6.43662507729722,2.02336019317559,1.85571673402508,1.8647475967334,2.83324856462562,5.22307423191123,9.04829446839931,14.4306743784135,18.747710917101,,,,Argentina,CO2
GCAM 5.3,R_MAC_65_n8,ARG,Emissions|CO2|Energy|Demand|Residential and Commercial,Mt CO2/yr,,,,19.6509081527955,,,25.0353412686843,,,,,26.2273485878507,,24.2335652484942,,,,,22.101575822847,20.6064456006946,19.1592491713476,17.1257595551862,13.9151181483578,9.88750293861567,5.43419654593978,2.20219685872258,0.728420105717283,0.617527009422861,0.51298504277606,0.434671381418572,0.371504014996851,0.31505226510849,0.262682317978438,0.225560285824308,,,,Argentina,CO2
GCAM 5.3,R_MAC_65_n8,ARG,Emissions|CO2|Energy|Demand|Residential and Commercial|Commercial,Mt CO2/yr,,,,2.77437328304181,,,3.41722827058413,,,,,3.59886950663336,,3.19741528585166,,,,,2.70331680406273,2.46485064710543,2.25682321095624,1.97108623621932,1.53419269272291,1.03384446472662,0.533282542566552,0.205186332631524,0.0658417734803328,0.0565382254562839,0.0473237560420586,0.0401612540815716,0.0346809240838593,0.0299078961279076,0.0254525058966438,0.0222201812745087,,,,Argentina,CO2
GCAM 5.3,R_MAC_65_n8,ARG,Emissions|CO2|Energy|Demand|Residential and Commercial|Residential,Mt CO2/yr,,,,16.8765348697537,,,21.6181129981001,,,,,22.6284790812174,,21.0361499626426,,,,,19.3982590187843,18.1415949535892,16.9024259603913,15.1546733189669,12.3809254556349,8.85365847388905,4.90091400337323,1.99701052609106,0.66257833223695,0.560988783966577,0.465661286734001,0.394510127337,0.336823090912991,0.285144368980582,0.237229812081795,0.203340104549799,,,,Argentina,CO2
GCAM 5.3,R_MAC_65_n8,ARG,Emissions|CO2|Energy|Demand|Transportation,Mt CO2/yr,,,,40.4723150867346,,,48.605782091148,,,,,51.3918398758485,,50.0878876966227,,,,,52.1013827039072,54.5755333161485,56.3884173243355,56.6138046808631,55.263024656157,52.3728532371442,47.2026670138817,39.1110787268659,28.1715794980259,27.488703787947,25.9227798043769,24.318189044488,24.4230377707326,25.3236982264017,26.3725096445846,26.8947160330668,,,,Argentina,CO2
GCAM 5.3,R_MAC_65_n8,ARG,Emissions|CO2|Energy|Supply,Mt CO2/yr,,,,39.8650682028649,,,58.706549579021,,,,,63.0410265161409,,64.2081775117491,,,,,54.5492473665133,42.2152720017694,27.758278265418,11.842114228507,-7.32442200262644,-31.128370613252,-60.4804440274211,-97.2133191501126,-153.274174515445,-141.923877946164,-133.075488282481,-125.717576964484,-119.531011668005,-115.156919189325,-113.675332336728,-115.213634489476,,,,Argentina,CO2
GCAM 5.3,R_MAC_65_n8,ARG,Emissions|CO2|Energy|Supply|Electricity,Mt CO2/yr,,,,30.1378673520619,,,42.2128444112031,,,,,50.4695647291587,,51.9997426019201,,,,,42.7937702632412,31.9081447700175,20.5446240108705,9.85182891608941,-0.181657695106245,-9.78751029943008,-19.6339156852038,-30.4066528753291,-44.4257424678322,-51.0876860275266,-57.986078809701,-58.3313015439576,-56.6224528566019,-56.0163261149139,-58.8234252162812,-62.4800645774346,,,,Argentina,CO2
GCAM 5.3,R_MAC_65_n8,ARG,Emissions|CO2|Energy|Supply|Gases,Mt CO2/yr,,,,2.685122244102,,,2.702560912354,,,,,2.73526024866,,2.80067273605253,,,,,2.8816593622077,3.07720877959324,3.23770691612208,3.35698966538675,3.3968528965372,3.36940083474987,3.26703093719187,3.0517060330189,2.49862459825634,2.37216824311949,2.25596778889389,2.19084415144609,2.13137399613991,2.06027657057883,1.95033452747524,1.8872235318883,,,,Argentina,CO2
GCAM 5.3,R_MAC_65_n8,ARG,Emissions|CO2|Energy|Supply|Liquids,Mt CO2/yr,,,,7.04208007336749,,,13.7911442554639,,,,,9.83622023823126,,9.32931909286401,,,,,8.86020438463275,7.3540562724128,4.3285298246563,-0.80095617204998,-9.44378488214107,-22.0589276058262,-37.3651268914899,-48.2417826507161,-61.7689889279945,-56.2576843660241,-56.5427219471942,-58.9870173531832,-58.8605554678474,-56.3737972166012,-51.3674000516351,-49.177978391398,,,,Argentina,CO2
GCAM 5.3,R_MAC_65_n8,ARG,Emissions|CO2|Energy|Supply|Solids,Mt CO2/yr,,,,-1.46666650416393e-06,,,0.0,,,,,-1.86999090281082e-05,,-6.23333107596974e-06,,,,,-5.50000067358002e-06,-1.28333222439089e-05,-1.02666495480817e-05,-1.61333222135789e-05,-4.03333944599719e-06,0.0,-1.53999623457644e-06,0.0,0.0,-4.76665519213042e-07,0.0,0.0,-1.46666364430604e-07,-7.33332869358613e-08,0.0,0.0,,,,Argentina,CO2
GCAM 5.3,R_MAC_65_n8,ARG,Emissions|CO2|Industrial Processes,Mt CO2/yr,,,,8.69051474328464,,,10.1062288174579,,,,,10.0412191275443,,9.91934734642447,,,,,5.8156911080025,5.18928401191739,4.57331284218676,3.58823621358448,1.76046857144939,-0.677539728542307,-3.96442531891932,-8.34482475559685,-15.2848101631691,-15.93088046018,-18.6647776932534,-23.0798624595159,-26.0000376627934,-27.2364032222235,-26.4154231584226,-26.3993072654345,,,,Argentina,CO2
GCAM 5.3,R_MAC_65_n8,ARG,Emissions|N2O|AFOLU,Mt CO2e/yr,,,,68.63807932377013,,,71.67913016887842,,,,,72.9336404956756,,77.47361980442858,,,,,81.65238421556471,84.14159917243326,85.71826359150573,86.3232990676643,87.22776374489868,87.22926109298474,86.68423377725256,84.30819880446846,81.46149278553195,81.2255772494368,81.01657791028539,80.70864512238063,80.10537631805981,79.08108327245735,77.63301758760365,76.11353216337889,,,,Argentina,N2O
GCAM 5.3,R_MAC_70_n0,ARG,Carbon Sequestration|CCS|Biomass,Mt CO2/yr,,,,0.0,,,0.0,,,,,0.0,,0.0,,,,,1.34263056872398,4.29371586033777,8.6458537526533,14.1561267135872,21.0935087109249,28.8712448046584,38.4757289177932,53.3277968013144,71.7307801369461,92.6705575654354,87.3196157858528,87.2092749879018,88.7666839925238,90.1341851456041,90.9176905141795,92.0638768528023,,,,Argentina,
GCAM 5.3,R_MAC_70_n0,ARG,Emissions|CH4|AFOLU,Mt CO2e/yr,,,,91.99554277707416,,,92.9799504644794,,,,,93.89843331983576,,96.00489789606772,,,,,101.17653794795568,105.46132858433481,109.24525190027931,112.59059008754312,114.99541949393037,116.30246348506687,116.54070014071883,115.18609144043876,112.72553569051263,109.25294941278732,109.1288702594398,108.62989643772588,107.99510270385844,107.23557599468671,106.32006546040265,105.31390115772791,,,,Argentina,CH4
GCAM 5.3,R_MAC_70_n0,ARG,Emissions|CO2|AFOLU,Mt CO2/yr,,,,153.327409377674,,,131.264995034735,,,,,172.144477044632,,35.0739249378287,,,,,14.2027701329907,-1.97576457595404,-14.3817599466211,-23.6172367536307,-27.9735749351326,-31.5347237393617,-31.2647071155417,-30.4544422107096,-29.3302236526825,-29.1057406811815,-22.2084945664362,-16.999452161052,-14.1025562118263,-12.8143319717308,-12.6083781142871,-12.9968416990111,,,,Argentina,CO2
GCAM 5.3,R_MAC_70_n0,ARG,Emissions|CO2|Energy and Industrial Processes,Mt CO2/yr,,,,155.421852301149,,,189.989758898461,,,,,198.823361032232,,200.546738212888,,,,,189.790606642268,181.371220272451,170.235664494515,155.376002425159,136.299010381126,113.575322942416,86.125742228584,52.5381416362077,11.2471246670258,-37.7704385270694,-27.8483155488362,-26.8269086394785,-28.9047946524936,-29.8832754236369,-29.4396304874333,-29.0883040516148,,,,Argentina,CO2
GCAM 5.3,R_MAC_70_n0,ARG,Emissions|CO2|Energy|Demand,Mt CO2/yr,,,,106.866269355,,,121.176980501982,,,,,125.741115388547,,126.419213354714,,,,,126.460982770362,128.103794698001,129.05671883544,127.587315052837,123.465258567882,115.822953063778,104.089341698353,90.2342672319006,73.2531007698652,55.1344131265934,58.7007315191003,61.5192344662775,63.9864240730082,66.9392742515925,69.991539158241,72.8676810474792,,,,Argentina,CO2
GCAM 5.3,R_MAC_70_n0,ARG,Emissions|CO2|Energy|Demand|Industry,Mt CO2/yr,,,,46.7430461154697,,,47.5358571421497,,,,,48.1219269248479,,52.097760409597,,,,,51.1582887300229,51.2287446253383,51.0082617641269,49.9453722624721,47.6400982941506,43.2605225974962,36.1300363718482,27.6881044978934,18.8419358437207,11.7878557761171,15.4156831114626,19.2437364164018,22.7397827022101,26.1016415107094,29.1846037036346,31.8901606142915,,,,Argentina,CO2
GCAM 5.3,R_MAC_70_n0,ARG,Emissions|CO2|Energy|Demand|Residential and Commercial,Mt CO2/yr,,,,19.6509081527955,,,25.0353412686843,,,,,26.2273485878507,,24.2335652484942,,,,,22.8249310019368,21.6579665801321,20.5940232427501,19.2293252315562,17.239013220694,14.6423118777515,11.1894973032302,7.61323988978064,4.45466622364151,2.18863734808265,1.86238428102163,1.56295134337206,1.31208067411891,1.11261696129488,0.95460199989754,0.838187116407527,,,,Argentina,CO2
GCAM 5.3,R_MAC_70_n0,ARG,Emissions|CO2|Energy|Demand|Residential and Commercial|Commercial,Mt CO2/yr,,,,2.77437328304181,,,3.41722827058413,,,,,3.59886950663336,,3.19741528585166,,,,,2.83082214606535,2.63443939829352,2.47826528233259,2.28445191649397,1.9999541344893,1.64791644963766,1.20399166274113,0.78425945638789,0.439405874192013,0.207611293665564,0.177317006594098,0.149725037876251,0.126785704583676,0.108752497855781,0.0945054343979597,0.0840215776794684,,,,Argentina,CO2
GCAM 5.3,R_MAC_70_n0,ARG,Emissions|CO2|Energy|Demand|Residential and Commercial|Residential,Mt CO2/yr,,,,16.8765348697537,,,21.6181129981001,,,,,22.6284790812174,,21.0361499626426,,,,,19.9941088558714,19.0235271818386,18.1157579604175,16.9448733150623,15.2390590862047,12.9943954281138,9.98550564048905,6.82898043339275,4.0152603494495,1.98102605441709,1.68506727442753,1.41322630549581,1.18529496953523,1.0038644634391,0.860096565499581,0.754165538728059,,,,Argentina,CO2
GCAM 5.3,R_MAC_70_n0,ARG,Emissions|CO2|Energy|Demand|Transportation,Mt CO2/yr,,,,40.4723150867346,,,48.605782091148,,,,,51.3918398758485,,50.0878876966227,,,,,52.4777630384024,55.2170834925306,57.4544338285635,58.4126175588084,58.5861470530377,57.9201185885302,56.7698080232748,54.9329228442266,49.956498702503,41.1579200023936,41.422664126616,40.7125467065037,39.9345606966791,39.7250157795882,39.8523334547089,40.1393333167802,,,,Argentina,CO2
GCAM 5.3,R_MAC_70_n0,ARG,Emissions|CO2|Energy|Supply,Mt CO2/yr,,,,39.8650682028649,,,58.706549579021,,,,,63.0410265161409,,64.2081775117491,,,,,56.9721405055806,47.4675751605501,35.846944299545,23.1560474398789,9.40077142180184,-4.141828218115,-18.1746716769649,-36.038242936036,-57.039762686125,-82.2825066545323,-75.76458304024,-76.0056492472519,-78.3103735835952,-80.3631317127881,-81.7674192141065,-83.7380895568709,,,,Argentina,CO2
GCAM 5.3,R_MAC_70_n0,ARG,Emissions|CO2|Energy|Supply|Electricity,Mt CO2/yr,,,,30.1378673520619,,,42.2128444112031,,,,,50.4695647291587,,51.9997426019201,,,,,45.0046043096797,36.5460244955867,27.1919033638875,18.340578885384,10.3320288131903,3.17212870401488,-4.03914087052836,-11.5734372688052,-19.0677316290326,-28.5462698320495,-31.5131745891342,-33.4581848782784,-34.6997858812491,-36.0913733478787,-37.8528921669726,-40.9388940141694,,,,Argentina,CO2
GCAM 5.3,R_MAC_70_n0,ARG,Emissions|CO2|Energy|Supply|Gases,Mt CO2/yr,,,,2.685122244102,,,2.702560912354,,,,,2.73526024866,,2.80067273605253,,,,,2.91771503484937,3.13167625565236,3.31529425137584,3.46396854232186,3.56180864383041,3.62171276500507,3.64359585572159,3.62778146573441,3.57262673657087,3.26709130881305,3.19184985919033,3.09999998789031,3.03410069900368,2.97310530635066,2.86988019444043,2.75818313935821,,,,Argentina,CO2
GCAM 5.3,R_MAC_70_n0,ARG,Emissions|CO2|Energy|Supply|Liquids,Mt CO2/yr,,,,7.04208007336749,,,13.7911442554639,,,,,9.83622023823126,,9.32931909286401,,,,,9.00586820740232,7.82054004466103,5.47997467201424,1.55102197254554,-4.19205106913078,-10.3902108542729,-16.4405787097177,-24.3882694409075,-35.3340601902468,-48.4715505141401,-42.5011100147248,-42.35405844181,-44.1667573405074,-45.0084565639437,-44.4541020110454,-43.0893093435511,,,,Argentina,CO2
GCAM 5.3,R_MAC_70_n0,ARG,Emissions|CO2|Energy|Supply|Solids,Mt CO2/yr,,,,-1.46666650416393e-06,,,0.0,,,,,-1.86999090281082e-05,,-6.23333107596974e-06,,,,,0.0,0.0,0.0,-3.66666518155901e-07,0.0,-2.56666173582234e-06,-5.13331915606534e-06,-3.6666589667229e-07,0.0,0.0,0.0,0.0,0.0,-2.9333311816529e-07,-1.46666409300787e-07,-1.46666519683114e-07,,,,Argentina,CO2
GCAM 5.3,R_MAC_70_n0,ARG,Emissions|CO2|Industrial Processes,Mt CO2/yr,,,,8.69051474328464,,,10.1062288174579,,,,,10.0412191275443,,9.91934734642447,,,,,6.35748336632585,5.79985041389973,5.33200135952921,4.63263993244321,3.43298039144156,1.8941980967532,0.211072207195665,-1.65788265965695,-4.96621341671434,-10.6223449991304,-10.7844640276964,-12.3404938585041,-14.5808451419065,-16.4594179624413,-17.6637504315678,-18.2178955422231,,,,Argentina,CO2
GCAM 5.3,R_MAC_70_n0,ARG,Emissions|N2O|AFOLU,Mt CO2e/yr,,,,68.63807932377013,,,71.67913016887842,,,,,72.9336404956756,,77.47361980442858,,,,,81.83416562273534,84.57443166695714,86.35790556335533,87.56670672496547,88.71112241528874,88.5734136487948,89.10364598177296,88.83118530567782,87.98275562403164,85.90195037964813,85.84424163834436,85.3791958863207,84.63207547878584,83.59045744966754,82.32537628043902,80.89105033374318,,,,Argentina,N2O
GCAM 5.3,R_MAC_70_n8,ARG,Carbon Sequestration|CCS|Biomass,Mt CO2/yr,,,,0.0,,,0.0,,,,,0.0,,0.0,,,,,1.67116022859031,5.34289789905128,10.7327266057023,17.595700709609,26.7420161544255,39.1311800373797,58.1435314224418,81.7072044275603,112.138502442062,152.386663915861,135.305854457657,125.695799656083,119.913826238865,116.693466354158,115.969202996754,117.270234865603,,,,Argentina,
GCAM 5.3,R_MAC_70_n8,ARG,Emissions|CH4|AFOLU,Mt CO2e/yr,,,,91.99554277707416,,,92.9799504644794,,,,,93.89843331983576,,96.00489789606772,,,,,101.07631239718404,104.53469842359992,108.78342702288097,111.61236606399909,113.28452873014423,114.49894018496416,113.22619211666282,110.11046996194531,106.17254837567953,101.79368561534676,101.83121735440388,101.672982368027,101.27426845533368,100.49285304933336,99.46546716554448,98.47094745526331,,,,Argentina,CH4
GCAM 5.3,R_MAC_70_n8,ARG,Emissions|CO2|AFOLU,Mt CO2/yr,,,,153.327409377674,,,131.264995034735,,,,,172.144477044632,,35.0739249378287,,,,,13.9835712014207,-3.00481865169934,-17.3757045078803,-26.7930726773519,-32.002685357533,-36.4349844958627,-35.5991777566417,-34.5514616556494,-34.1671028451146,-33.6757948388066,-23.9250673910769,-17.8571729511439,-14.4000028666798,-13.0750536467634,-13.1360755196186,-13.5362817708188,,,,Argentina,CO2
GCAM 5.3,R_MAC_70_n8,ARG,Emissions|CO2|Energy and Industrial Processes,Mt CO2/yr,,,,155.421852301149,,,189.989758898461,,,,,198.823361032232,,200.546738212888,,,,,186.402763079277,175.253771099739,161.226263680147,142.384101459953,116.875789210925,83.3567601920785,39.6964793251364,-11.5086683209571,-71.5498912322398,-141.507970660189,-125.137824891405,-116.650800558325,-109.639031453634,-100.482608622251,-93.0932789615588,-90.0346414445694,,,,Argentina,CO2
GCAM 5.3,R_MAC_70_n8,ARG,Emissions|CO2|Energy|Demand,Mt CO2/yr,,,,106.866269355,,,121.176980501982,,,,,125.741115388547,,126.419213354714,,,,,124.872467143219,125.605569101376,125.441344279131,121.977285999244,114.244859319549,101.256177786528,83.3955579547644,62.9825172280022,43.7977130453219,28.7992421547566,27.7593193842931,27.7867932458588,30.6207227425134,36.2483994515397,42.541253245354,47.5162062300615,,,,Argentina,CO2
GCAM 5.3,R_MAC_70_n8,ARG,Emissions|CO2|Energy|Demand|Industry,Mt CO2/yr,,,,46.7430461154697,,,47.5358571421497,,,,,48.1219269248479,,52.097760409597,,,,,50.2500494236257,49.7970311682511,48.9273961496244,46.6482374106482,42.099758435417,34.5616197171999,23.8269000880464,12.7786732162466,4.98110513024491,1.72614384355141,2.00257967642181,2.99018533133885,5.52721412432981,10.1754408219161,15.6802687776479,20.1979668111197,,,,Argentina,CO2
GCAM 5.3,R_MAC_70_n8,ARG,Emissions|CO2|Energy|Demand|Residential and Commercial,Mt CO2/yr,,,,19.6509081527955,,,25.0353412686843,,,,,26.2273485878507,,24.2335652484942,,,,,22.3768506329465,20.9924707596973,19.7070016206448,17.9723464630513,15.3734599421005,11.8630606605254,7.70388131301833,3.93886187112186,1.59334142401348,0.583186138930577,0.495082502713768,0.430273407176707,0.372077327322881,0.312323775916105,0.261049634519098,0.224904309189516,,,,Argentina,CO2
GCAM 5.3,R_MAC_70_n8,ARG,Emissions|CO2|Energy|Demand|Residential and Commercial|Commercial,Mt CO2/yr,,,,2.77437328304181,,,3.41722827058413,,,,,3.59886950663336,,3.19741528585166,,,,,2.75116941320499,2.5262516344562,2.34010184093967,2.09496896924523,1.73247514436969,1.27830410986358,0.785982802739115,0.381261817501771,0.148360136714221,0.0530264686621204,0.0453968454702956,0.0396923701081277,0.0347519200876349,0.029746302899575,0.0253542000236557,0.0221958655973466,,,,Argentina,CO2
GCAM 5.3,R_MAC_70_n8,ARG,Emissions|CO2|Energy|Demand|Residential and Commercial|Residential,Mt CO2/yr,,,,16.8765348697537,,,21.6181129981001,,,,,22.6284790812174,,21.0361499626426,,,,,19.6256812197415,18.4662191252411,17.3668997797051,15.8773774938061,13.6409847977309,10.5847565506618,6.91789851027921,3.55760005362009,1.44498128729926,0.530159670268457,0.449685657243472,0.390581037068579,0.337325407235246,0.282577473016531,0.235695434495442,0.20270844359217,,,,Argentina,CO2
GCAM 5.3,R_MAC_70_n8,ARG,Emissions|CO2|Energy|Demand|Transportation,Mt CO2/yr,,,,40.4723150867346,,,48.605782091148,,,,,51.3918398758485,,50.0878876966227,,,,,52.2455670866469,54.8160671734275,56.806946508862,57.3567021255443,56.7716409420316,54.8314974088028,51.8647765536996,46.2649821406337,37.2232664910635,26.4899121722746,25.2616572051576,24.3663345073432,24.7214312908607,25.7606348537075,26.5999348331871,27.0933351097522,,,,Argentina,CO2
GCAM 5.3,R_MAC_70_n8,ARG,Emissions|CO2|Energy|Supply,Mt CO2/yr,,,,39.8650682028649,,,58.706549579021,,,,,63.0410265161409,,64.2081775117491,,,,,55.5172252731415,44.2458582257195,30.9347126826737,16.4162006717142,0.139739011801388,-18.3212374844091,-41.7061910479585,-69.1081918650413,-104.768412786359,-152.106187403067,-132.672971969039,-121.052310182555,-114.561416142995,-110.854571496181,-110.294201699662,-112.095186390262,,,,Argentina,CO2
GCAM 5.3,R_MAC_70_n8,ARG,Emissions|CO2|Energy|Supply|Electricity,Mt CO2/yr,,,,30.1378673520619,,,42.2128444112031,,,,,50.4695647291587,,51.9997426019201,,,,,43.6771140279143,33.6966774293155,23.124978742729,13.2063297839571,4.22988634735124,-4.35342272426074,-13.0948529067313,-22.4861013756346,-34.2114204848032,-48.3949684408806,-54.143945727074,-53.9600635077289,-52.7593078408011,-53.842321846928,-56.7275242908523,-60.9137487887195,,,,Argentina,CO2
GCAM 5.3,R_MAC_70_n8,ARG,Emissions|CO2|Energy|Supply|Gases,Mt CO2/yr,,,,2.685122244102,,,2.702560912354,,,,,2.73526024866,,2.80067273605253,,,,,2.8955615991401,3.09781247138813,3.26837584962763,3.40113698298657,3.47486118147279,3.48407724477038,3.43073611248688,3.31795464568179,3.04998460288044,2.38695586012375,2.30549006184389,2.24834153573627,2.1896194086633,2.09989516538692,1.98267100698229,1.91823993190517,,,,Argentina,CO2
GCAM 5.3,R_MAC_70_n8,ARG,Emissions|CO2|Energy|Supply|Liquids,Mt CO2/yr,,,,7.04208007336749,,,13.7911442554639,,,,,9.83622023823126,,9.32931909286401,,,,,8.91903885285737,7.53815120452647,4.80291672354368,0.204205170288425,-6.90097804172067,-15.9953938531572,-28.1800689133237,-39.3762461253985,-51.31432524201,-65.2762549794971,-60.8217758389692,-59.4762486272095,-58.1414448172736,-53.8001355470562,-49.748187194644,-47.5768854524174,,,,Argentina,CO2
GCAM 5.3,R_MAC_70_n8,ARG,Emissions|CO2|Energy|Supply|Solids,Mt CO2/yr,,,,-1.46666650416393e-06,,,0.0,,,,,-1.86999090281082e-05,,-6.23333107596974e-06,,,,,-1.24666580554291e-05,-1.28333021298937e-05,0.0,0.0,0.0,-1.8333341544231e-06,-1.83332911974493e-06,-1.09999986996167e-06,-7.33333511337768e-08,0.0,-2.19999545146045e-07,0.0,-2.93332509601659e-07,0.0,0.0,-9.90685540589472e-18,,,,Argentina,CO2
GCAM 5.3,R_MAC_70_n8,ARG,Emissions|CO2|Industrial Processes,Mt CO2/yr,,,,8.69051474328464,,,10.1062288174579,,,,,10.0412191275443,,9.91934734642447,,,,,6.01307066291596,5.40234377264395,4.85020671834167,3.99061478899513,2.49119087957466,0.421819889959546,-1.9928875816695,-5.38299368391793,-10.5791914912024,-18.2010254118789,-20.2241723066598,-23.3852836216282,-25.6983380531521,-25.8764365776097,-25.3403305072505,-25.4556612843684,,,,Argentina,CO2
GCAM 5.3,R_MAC_70_n8,ARG,Emissions|N2O|AFOLU,Mt CO2e/yr,,,,68.63807932377013,,,71.67913016887842,,,,,72.9336404956756,,77.47361980442858,,,,,81.72953488621631,84.29854620019943,85.98147745805927,86.88912174553118,87.52699700864383,87.73810905692632,87.79099906365134,86.44838184259694,83.94279961972113,81.13723841885626,81.0049948388114,80.72045064778422,80.11802822340981,78.98692167060375,77.56932006559008,76.09087809274743,,,,Argentina,N2O
GCAM 5.3,R_MAC_75_n0,ARG,Carbon Sequestration|CCS|Biomass,Mt CO2/yr,,,,0.0,,,0.0,,,,,0.0,,0.0,,,,,1.21907156515801,3.85907242482473,7.90102887894195,12.9641248125567,19.2027469153708,25.8289978187572,33.102922665023,43.5700726862487,59.0291060022819,76.203625208135,90.3327582226848,87.0147117647843,86.1649219261112,87.5051712641014,88.5557990493577,90.0507395756513,,,,Argentina,
GCAM 5.3,R_MAC_75_n0,ARG,Emissions|CH4|AFOLU,Mt CO2e/yr,,,,91.99554277707416,,,92.9799504644794,,,,,93.89843331983576,,96.00489789606772,,,,,101.21363506753995,106.83978059356812,109.45934091744203,112.90961560591579,115.49176401492325,117.10003238576299,117.69803292142169,116.9576435257818,115.12642181126577,112.37474336673313,109.00165082831668,108.59596978162884,108.01351695449617,107.28602562186543,106.38649587849528,105.35368478883444,,,,Argentina,CH4
GCAM 5.3,R_MAC_75_n0,ARG,Emissions|CO2|AFOLU,Mt CO2/yr,,,,153.327409377674,,,131.264995034735,,,,,172.144477044632,,35.0739249378287,,,,,14.3984652491317,-2.05984552137641,-12.76833280507,-22.3541105714476,-26.2478192865251,-29.5573440325225,-29.2056622360303,-28.6975700387678,-27.6818498374636,-27.0571268099703,-26.8602548462494,-20.9876179839482,-16.45252171459,-14.0924959898057,-13.234384525571,-13.3260381467042,,,,Argentina,CO2
GCAM 5.3,R_MAC_75_n0,ARG,Emissions|CO2|Energy and Industrial Processes,Mt CO2/yr,,,,155.421852301149,,,189.989758898461,,,,,198.823361032232,,200.546738212888,,,,,191.298423601909,184.263086001519,173.791879909492,160.394270313608,143.648843468695,124.619260778634,102.725899566367,76.322379507229,43.4376337009848,4.04118199259813,-33.5058522582189,-26.7591042215668,-25.0027932393974,-26.619724305842,-27.1914630641201,-27.6980427972433,,,,Argentina,CO2
GCAM 5.3,R_MAC_75_n0,ARG,Emissions|CO2|Energy|Demand,Mt CO2/yr,,,,106.866269355,,,121.176980501982,,,,,125.741115388547,,126.419213354714,,,,,127.185206878654,129.331785470675,130.452184881686,129.708289541988,126.919882761742,121.4964089534,112.700991377864,101.56270766495,88.7484466154845,73.5312488277793,58.3807624470934,61.9677377404734,64.6355938707821,67.0530809033476,69.63165746569,72.2447222563192,,,,Argentina,CO2
GCAM 5.3,R_MAC_75_n0,ARG,Emissions|CO2|Energy|Demand|Industry,Mt CO2/yr,,,,46.7430461154697,,,47.5358571421497,,,,,48.1219269248479,,52.097760409597,,,,,51.5739218451582,51.9384900301391,51.8130189339039,51.1984523464757,49.7337540550702,46.8027753298269,41.5461398921161,34.6688760994918,27.8322137745545,21.382402814479,15.9121573096059,19.7387081871587,22.9701543185481,25.9899924381379,28.8032197280232,31.3630539389086,,,,Argentina,CO2
GCAM 5.3,R_MAC_75_n0,ARG,Emissions|CO2|Energy|Demand|Residential and Commercial,Mt CO2/yr,,,,19.6509081527955,,,25.0353412686843,,,,,26.2273485878507,,24.2335652484942,,,,,23.0285739605496,21.9850408298023,20.9381753347247,19.7089000799013,17.9507066082317,15.6982647874747,12.6628534417427,9.26737728191371,6.14826629455194,3.56248267598447,1.8131448952877,1.55644702640437,1.3183489746818,1.12275551664386,0.962741758727602,0.840700617061961,,,,Argentina,CO2
GCAM 5.3,R_MAC_75_n0,ARG,Emissions|CO2|Energy|Demand|Residential and Commercial|Commercial,Mt CO2/yr,,,,2.77437328304181,,,3.41722827058413,,,,,3.59886950663336,,3.19741528585166,,,,,2.86771199970506,2.6887612837035,2.53305936250599,2.35866464730439,2.10590174993552,1.79676818858197,1.39545822908366,0.980438890733353,0.625787589541664,0.348863545988977,0.172445522466043,0.149214972254609,0.127518117374829,0.109796552217376,0.0953000843209783,0.0842328474751022,,,,Argentina,CO2
GCAM 5.3,R_MAC_75_n0,ARG,Emissions|CO2|Energy|Demand|Residential and Commercial|Residential,Mt CO2/yr,,,,16.8765348697537,,,21.6181129981001,,,,,22.6284790812174,,21.0361499626426,,,,,20.1608619608445,19.2962795460988,18.4051159722187,17.3502354325969,15.8448048582962,13.9014965988927,11.2673952126591,8.28693839118036,5.52247870501028,3.21361912999549,1.64069937282165,1.40723205414976,1.19083085730697,1.01295896442648,0.867441674406624,0.756467769586859,,,,Argentina,CO2
GCAM 5.3,R_MAC_75_n0,ARG,Emissions|CO2|Energy|Demand|Transportation,Mt CO2/yr,,,,40.4723150867346,,,48.605782091148,,,,,51.3918398758485,,50.0878876966227,,,,,52.5827110729459,55.4082546107336,57.7009906130572,58.8009371156111,59.2354220984398,58.9953688360982,58.4919980440052,57.6264542835447,54.7679665463781,48.5863633373158,40.6554602421997,40.6725825269103,40.3470905775523,39.9403329485658,39.8656959789392,40.0409677003486,,,,Argentina,CO2
GCAM 5.3,R_MAC_75_n0,ARG,Emissions|CO2|Energy|Supply,Mt CO2/yr,,,,39.8650682028649,,,58.706549579021,,,,,63.0410265161409,,64.2081775117491,,,,,57.5892953310297,48.9205766629389,37.8062674741823,25.7898625299219,12.9209849665928,0.674625153091053,-10.975414776361,-24.7626213674782,-42.5312769732752,-62.7389203908863,-79.7696185724435,-75.9860413353539,-75.4949162498811,-77.5250729407943,-79.2315325740278,-81.5686820797355,,,,Argentina,CO2
GCAM 5.3,R_MAC_75_n0,ARG,Emissions|CO2|Energy|Supply|Electricity,Mt CO2/yr,,,,30.1378673520619,,,42.2128444112031,,,,,50.4695647291587,,51.9997426019201,,,,,45.5680737715814,37.8335323059996,28.8507699197808,20.4188995503055,12.81405120692,6.12183706082445,-0.398696084670209,-7.56231830116816,-14.3538434987683,-22.2454484070387,-29.8037753972368,-31.5872963634068,-32.6707891625048,-33.8530905896117,-35.3932064116509,-38.3596724469623,,,,Argentina,CO2
GCAM 5.3,R_MAC_75_n0,ARG,Emissions|CO2|Energy|Supply|Gases,Mt CO2/yr,,,,2.685122244102,,,2.702560912354,,,,,2.73526024866,,2.80067273605253,,,,,2.92756336070679,3.14762099419219,3.33178461415355,3.48710772864687,3.59366137485115,3.66886947275004,3.71350745945225,3.72056847961014,3.69855225390809,3.47013234356741,3.18018471807475,3.0976228536054,3.04386872040078,2.99336399064578,2.89410241062234,2.78388758016035,,,,Argentina,CO2
GCAM 5.3,R_MAC_75_n0,ARG,Emissions|CO2|Energy|Supply|Liquids,Mt CO2/yr,,,,7.04208007336749,,,13.7911442554639,,,,,9.83622023823126,,9.32931909286401,,,,,9.04167255243959,7.94542690095039,5.72373371901286,2.02084820224935,-3.29064667224239,-8.7800117453387,-13.4949860474365,-18.6184489618264,-27.640784427639,-38.2964029883767,-47.3983227146355,-43.8324036463641,-43.3050303919579,-44.5046499592389,-44.5447281227396,-43.6510241491718,,,,Argentina,CO2
GCAM 5.3,R_MAC_75_n0,ARG,Emissions|CO2|Energy|Supply|Solids,Mt CO2/yr,,,,-1.46666650416393e-06,,,0.0,,,,,-1.86999090281082e-05,,-6.23333107596974e-06,,,,,0.0,-1.723329858973e-05,-1.42999704172039e-05,0.0,0.0,-3.66667022157029e-06,0.0,0.0,-3.29998436271083e-06,0.0,0.0,0.0,-1.83333147607013e-07,-1.83333286755028e-07,-2.19999574946836e-07,0.0,,,,Argentina,CO2
GCAM 5.3,R_MAC_75_n0,ARG,Emissions|CO2|Industrial Processes,Mt CO2/yr,,,,8.69051474328464,,,10.1062288174579,,,,,10.0412191275443,,9.91934734642447,,,,,6.52392139222513,6.01072386790565,5.53342755362375,4.89611824169834,3.80797574036072,2.44822667214362,1.00032296486384,-0.477706790242996,-2.77953594122455,-6.75114644429479,-12.1169961328688,-12.7408006266862,-14.1434708602984,-16.1477322683953,-17.5915879557823,-18.3740829738269,,,,Argentina,CO2
GCAM 5.3,R_MAC_75_n0,ARG,Emissions|N2O|AFOLU,Mt CO2e/yr,,,,68.63807932377013,,,71.67913016887842,,,,,72.9336404956756,,77.47361980442858,,,,,81.87489337170588,84.70119113170124,86.48080513479225,87.76685619758484,89.28991186446922,89.10453735495093,89.61439659415807,89.56614062640371,89.16742467208404,87.85786326020859,85.72656283720839,85.29192080993273,84.61652466449499,83.62790606156668,82.38401914420452,80.93613896717594,,,,Argentina,N2O
GCAM 5.3,R_MAC_75_n8,ARG,Carbon Sequestration|CCS|Biomass,Mt CO2/yr,,,,0.0,,,0.0,,,,,0.0,,0.0,,,,,1.48897359202789,4.77984590786474,9.57413276370896,15.675393318369,23.5004317630694,32.9783289280296,46.3472275900506,65.8177788394339,87.8450924517881,115.722400697842,137.448638899753,125.120181021804,115.509514746822,112.639212436735,112.746569240923,114.641922491449,,,,Argentina,
GCAM 5.3,R_MAC_75_n8,ARG,Emissions|CH4|AFOLU,Mt CO2e/yr,,,,91.99554277707416,,,92.9799504644794,,,,,93.89843331983576,,96.00489789606772,,,,,101.13121440724512,104.83343673413968,109.03833607930508,112.17179816919831,114.09882633802157,115.52224570075643,115.1195224963014,112.9906735574386,109.71267082402676,105.75535712556669,101.69561800393521,101.57167209856183,101.24196305074936,100.44633129248676,99.44762561983424,98.44903175181004,,,,Argentina,CH4
GCAM 5.3,R_MAC_75_n8,ARG,Emissions|CO2|AFOLU,Mt CO2/yr,,,,153.327409377674,,,131.264995034735,,,,,172.144477044632,,35.0739249378287,,,,,14.0988273802265,-2.31165110467171,-15.9097294870804,-25.0912813699229,-29.7351878754759,-33.7759307571122,-33.3554883968022,-32.2696285792641,-31.618839716453,-31.4895154349965,-30.7459151565795,-22.4771667574124,-17.0799071145231,-14.7159257732454,-14.1756530968189,-14.1306696256682,,,,Argentina,CO2
GCAM 5.3,R_MAC_75_n8,ARG,Emissions|CO2|Energy and Industrial Processes,Mt CO2/yr,,,,155.421852301149,,,189.989758898461,,,,,198.823361032232,,200.546738212888,,,,,188.189157907124,178.406827947777,166.073963421079,149.413559364793,127.674132222113,100.175826075704,65.7467589778711,23.5488835052903,-25.9347010447907,-85.1916441371197,-132.450550498904,-118.533467356289,-104.285958614156,-94.3755130391422,-88.5315087865772,-86.5449500878382,,,,Argentina,CO2
GCAM 5.3,R_MAC_75_n8,ARG,Emissions|CO2|Energy|Demand,Mt CO2/yr,,,,106.866269355,,,121.176980501982,,,,,125.741115388547,,126.419213354714,,,,,125.703546993893,126.876429628431,127.386944413492,125.01376792977,119.385974678042,109.040449020583,94.3197676742445,77.1727737219966,57.8495244880701,39.6133303344354,26.6202136379209,27.2795504684221,30.9398685188308,37.1171488865726,43.2294310380783,48.0152704072163,,,,Argentina,CO2
GCAM 5.3,R_MAC_75_n8,ARG,Emissions|CO2|Energy|Demand|Industry,Mt CO2/yr,,,,46.7430461154697,,,47.5358571421497,,,,,48.1219269248479,,52.097760409597,,,,,50.7249117430349,50.5233434645493,50.0445136684618,48.421101333927,45.1795226869541,39.064033535415,30.0761720274629,20.0442965671567,10.9507460075043,5.03477016524279,2.09133389036531,3.23513839357268,5.65753442353085,10.8024690604806,16.3556146012352,20.775573226699,,,,Argentina,CO2
GCAM 5.3,R_MAC_75_n8,ARG,Emissions|CO2|Energy|Demand|Residential and Commercial,Mt CO2/yr,,,,19.6509081527955,,,25.0353412686843,,,,,26.2273485878507,,24.2335652484942,,,,,22.6112497585998,21.3308801013532,20.1837421313118,18.6551959938646,16.409512448147,13.3973770882289,9.56634081963082,5.84875098022285,2.86019463576283,1.19656665369259,0.468217515927075,0.414046342001224,0.368613396986435,0.309969583663268,0.260040379342679,0.22376557379571,,,,Argentina,CO2
GCAM 5.3,R_MAC_75_n8,ARG,Emissions|CO2|Energy|Demand|Residential and Commercial|Commercial,Mt CO2/yr,,,,2.77437328304181,,,3.41722827058413,,,,,3.59886950663336,,3.19741528585166,,,,,2.79257654075154,2.58089232067788,2.41382621366494,2.19712334671093,1.87920892172937,1.47828420586943,1.00335443646838,0.585175059418974,0.27362531700695,0.110605980245939,0.0425654011183589,0.0380043947436888,0.0344295573072194,0.0295750432368761,0.0252794761963944,0.0220940288493175,,,,Argentina,CO2
GCAM 5.3,R_MAC_75_n8,ARG,Emissions|CO2|Energy|Demand|Residential and Commercial|Residential,Mt CO2/yr,,,,16.8765348697537,,,21.6181129981001,,,,,22.6284790812174,,21.0361499626426,,,,,19.8186732178482,18.7499877806753,17.7699159176468,16.4580726471537,14.5303035264177,11.9190928823595,8.56298638316244,5.26357592080387,2.58656931875588,1.08596067344665,0.425652114808716,0.376041947257535,0.334183839679216,0.280394540426392,0.234760903146285,0.201671544946393,,,,Argentina,CO2
GCAM 5.3,R_MAC_75_n8,ARG,Emissions|CO2|Energy|Demand|Transportation,Mt CO2/yr,,,,40.4723150867346,,,48.605782091148,,,,,51.3918398758485,,50.0878876966227,,,,,52.3673854922582,55.0222060625284,57.1586886137182,57.9374706019789,57.7969395429406,56.5790383969389,54.6772548271508,51.2797261746171,44.038583844803,33.3819935155,24.0606622316285,23.6303657328482,24.9137206983135,26.0047102424287,26.6137760575004,27.0159316067216,,,,Argentina,CO2
GCAM 5.3,R_MAC_75_n8,ARG,Emissions|CO2|Energy|Supply,Mt CO2/yr,,,,39.8650682028649,,,58.706549579021,,,,,63.0410265161409,,64.2081775117491,,,,,56.2959953455977,45.9309496379176,33.5835850582858,20.0695247306759,5.27980283816404,-10.107055118446,-27.8491246060463,-50.3587215248703,-76.1413886425162,-110.008015555101,-136.274742147714,-120.741474626891,-109.650628236846,-106.329587912833,-106.76240464059,-109.250786449827,,,,Argentina,CO2
GCAM 5.3,R_MAC_75_n8,ARG,Emissions|CO2|Energy|Supply|Electricity,Mt CO2/yr,,,,30.1378673520619,,,42.2128444112031,,,,,50.4695647291587,,51.9997426019201,,,,,44.3875151227303,35.1857938711987,25.3033380520811,15.9624691788626,7.53916285441427,-0.212551994047878,-8.13833218846552,-16.2275892019424,-25.5272012032598,-37.5987890316626,-49.8560993156055,-49.1016856071333,-47.966463135215,-50.0355230988607,-53.1648438996741,-57.7839455304227,,,,Argentina,CO2
GCAM 5.3,R_MAC_75_n8,ARG,Emissions|CO2|Energy|Supply|Gases,Mt CO2/yr,,,,2.685122244102,,,2.702560912354,,,,,2.73526024866,,2.80067273605253,,,,,2.90724102384531,3.11525587640354,3.29426004728429,3.43537025671013,3.52396554979486,3.56383336258673,3.55653511055439,3.50633507036788,3.37406462203347,2.94117417473009,2.3592361738154,2.30388066181804,2.25402470099311,2.15472672018263,2.03592955852384,1.95630005935287,,,,Argentina,CO2
GCAM 5.3,R_MAC_75_n8,ARG,Emissions|CO2|Energy|Supply|Liquids,Mt CO2/yr,,,,7.04208007336749,,,13.7911442554639,,,,,9.83622023823126,,9.32931909286401,,,,,8.96592697306727,7.68700566163221,5.17881942918135,0.954526423897766,-5.3396968154238,-12.5883061543138,-21.0355774165046,-31.7587202270609,-43.3436286346721,-58.9912572333474,-69.3622480551595,-64.184193509514,-58.1083044698817,-52.6951376699977,-49.4118563233863,-47.5578902616977,,,,Argentina,CO2
GCAM 5.3,R_MAC_75_n8,ARG,Emissions|CO2|Energy|Supply|Solids,Mt CO2/yr,,,,-1.46666650416393e-06,,,0.0,,,,,-1.86999090281082e-05,,-6.23333107596974e-06,,,,,0.0,-1.09999879162321e-05,-1.35666336541002e-05,-1.68665498615859e-05,-1.35666394970441e-05,-1.83332909611395e-06,0.0,0.0,0.0,0.0,-1.09999907629513e-07,0.0,-4.39998498158338e-07,-1.09999961320858e-07,0.0,0.0,,,,Argentina,CO2
GCAM 5.3,R_MAC_75_n8,ARG,Emissions|CO2|Industrial Processes,Mt CO2/yr,,,,8.69051474328464,,,10.1062288174579,,,,,10.0412191275443,,9.91934734642447,,,,,6.1896155676331,5.59944868142874,5.10343394930107,4.33026670434679,3.00835470590768,1.24243217356751,-0.723884090327161,-3.26516869183599,-7.64283689034464,-14.7969589164542,-22.7960219891114,-25.0715431978205,-25.5751988961413,-25.1630740128819,-24.9985351840655,-25.3094340452273,,,,Argentina,CO2
GCAM 5.3,R_MAC_75_n8,ARG,Emissions|N2O|AFOLU,Mt CO2e/yr,,,,68.63807932377013,,,71.67913016887842,,,,,72.9336404956756,,77.47361980442858,,,,,81.78633464675472,84.43482495174581,86.19487703705315,87.281259482873,88.0441373916184,88.19433480573561,88.5292108046043,87.93925950010929,86.19054176945367,83.63401595721517,80.9583882115838,80.6380477810351,80.08074629287552,78.91478651766201,77.52976475141298,76.06870398579517,,,,Argentina,N2O
GCAM 5.3,R_MAC_80_n0,ARG,Carbon Sequestration|CCS|Biomass,Mt CO2/yr,,,,0.0,,,0.0,,,,,0.0,,0.0,,,,,1.12530849530076,3.57350144286374,7.3356821775468,12.0566168577226,17.7912609567205,23.6888009905272,29.6659141625677,37.3231765036824,49.4030754685216,65.0063808780038,77.3328409272576,87.2367949147037,84.3520808327403,85.1166646025569,86.1760901747426,87.8382543921768,,,,Argentina,
GCAM 5.3,R_MAC_80_n0,ARG,Emissions|CH4|AFOLU,Mt CO2e/yr,,,,91.99554277707416,,,92.9799504644794,,,,,93.89843331983576,,96.00489789606772,,,,,101.2453172289426,106.93814247293689,109.6210335752686,113.15008617787252,115.92764560317137,118.02265461259869,118.54005546662862,118.27838109100719,116.94915074060933,114.7393107566258,111.79812888537748,108.43144321446724,107.95423174917276,107.29080054994476,106.43056085916773,105.41385326428515,,,,Argentina,CH4
GCAM 5.3,R_MAC_80_n0,ARG,Emissions|CO2|AFOLU,Mt CO2/yr,,,,153.327409377674,,,131.264995034735,,,,,172.144477044632,,35.0739249378287,,,,,14.6748270773724,-1.54659802822174,-11.9372439941872,-21.3529635506869,-25.0496125633098,-28.0069557383154,-27.5048429118454,-27.0301688232746,-26.4891807978811,-25.7264682304626,-25.3026581333805,-25.3569650438139,-20.075042197597,-16.2051609749152,-14.3251013096294,-13.8333520936182,,,,Argentina,CO2
GCAM 5.3,R_MAC_80_n0,ARG,Emissions|CO2|Energy and Industrial Processes,Mt CO2/yr,,,,155.421852301149,,,189.989758898461,,,,,198.823361032232,,200.546738212888,,,,,192.562836825799,186.347942143793,176.766732762398,164.498426769047,149.48585621159,132.963763357762,114.913638494151,93.595342487109,67.4188109659178,35.2951586651765,3.67415091151826,-26.7352846419359,-21.37208148929,-22.6740124727264,-24.0256179875577,-25.4386170118255,,,,Argentina,CO2
GCAM 5.3,R_MAC_80_n0,ARG,Emissions|CO2|Energy|Demand,Mt CO2/yr,,,,106.866269355,,,121.176980501982,,,,,125.741115388547,,126.419213354714,,,,,127.799882117491,130.197641933993,131.640785227207,131.44297577572,129.63336943305,125.75177453428,119.25368734378,110.414923162009,100.587967873633,89.2917835633798,76.3241883579528,62.8631280430031,65.8801757467311,67.8422768835985,69.8339495537475,71.9665312121469,,,,Argentina,CO2
GCAM 5.3,R_MAC_80_n0,ARG,Emissions|CO2|Energy|Demand|Industry,Mt CO2/yr,,,,46.7430461154697,,,47.5358571421497,,,,,48.1219269248479,,52.097760409597,,,,,51.927319359243,52.4353764074698,52.4996747490589,52.2244303748469,51.3806094209363,49.4645444990774,45.6919996128025,40.2567237230227,35.0377560264728,30.3961200246437,25.5371561327696,20.5577843603662,23.6757856113097,26.3243608404296,28.7497187034248,31.0146180426315,,,,Argentina,CO2
GCAM 5.3,R_MAC_80_n0,ARG,Emissions|CO2|Energy|Demand|Residential and Commercial,Mt CO2/yr,,,,19.6509081527955,,,25.0353412686843,,,,,26.2273485878507,,24.2335652484942,,,,,23.200918390219,22.2182234864437,21.2345272714713,20.1043594061377,18.5142382352396,16.5009565129107,13.8074435226357,10.6608872357567,7.6180690009423,4.94682758399215,2.86241026871361,1.51444472714129,1.30977073719657,1.12678439976545,0.970552849866599,0.847789633303421,,,,Argentina,CO2
GCAM 5.3,R_MAC_80_n0,ARG,Emissions|CO2|Energy|Demand|Residential and Commercial|Commercial,Mt CO2/yr,,,,2.77437328304181,,,3.41722827058413,,,,,3.59886950663336,,3.19741528585166,,,,,2.8992773314406,2.72793831826262,2.58078096065179,2.42069152030223,2.19132795290317,1.91302498781826,1.55053788531807,1.15362141211698,0.795368288284286,0.498859272061259,0.279732002972126,0.145218528001618,0.126855360762257,0.110309730923147,0.0961243921825595,0.0849408665901331,,,,Argentina,CO2
GCAM 5.3,R_MAC_80_n0,ARG,Emissions|CO2|Energy|Demand|Residential and Commercial|Residential,Mt CO2/yr,,,,16.8765348697537,,,21.6181129981001,,,,,22.6284790812174,,21.0361499626426,,,,,20.3016410587784,19.4902851681811,18.6537463108195,17.6836678858355,16.3229102823364,14.5879315250924,12.2569056373176,9.5072658236397,6.82270071265802,4.44796831193089,2.58267826574149,1.36922619913967,1.18291537643431,1.0164746688423,0.87442845768404,0.762848766713288,,,,Argentina,CO2
GCAM 5.3,R_MAC_80_n0,ARG,Emissions|CO2|Energy|Demand|Transportation,Mt CO2/yr,,,,40.4723150867346,,,48.605782091148,,,,,51.3918398758485,,50.0878876966227,,,,,52.6716443680289,55.5440420400798,57.9065832066773,59.114185994735,59.7385217768737,59.7862735222919,59.7542442083416,59.4973122032297,57.9321428462181,53.9488359547439,47.9246219564696,40.7908989554955,40.8946193982248,40.3911316434034,40.1136780004561,40.104123536212,,,,Argentina,CO2
GCAM 5.3,R_MAC_80_n0,ARG,Emissions|CO2|Energy|Supply,Mt CO2/yr,,,,39.8650682028649,,,58.706549579021,,,,,63.0410265161409,,64.2081775117491,,,,,58.0929199308292,49.9801152602192,39.4117982236284,27.9324606065466,15.7338948262023,4.33077830148826,-5.94150516155061,-17.1602218501603,-31.7900340162058,-49.8449542761552,-64.6584145759542,-76.5460070302297,-73.5289931037004,-74.9268883250426,-76.6494901694452,-79.1599921645872,,,,Argentina,CO2
GCAM 5.3,R_MAC_80_n0,ARG,Emissions|CO2|Energy|Supply|Electricity,Mt CO2/yr,,,,30.1378673520619,,,42.2128444112031,,,,,50.4695647291587,,51.9997426019201,,,,,46.0278483067756,38.7803245663927,30.2168768636536,22.1283155935372,14.8456330557964,8.47634554388288,2.45622803614611,-4.29678639293217,-10.9026558337369,-18.0930043740442,-25.1818224128686,-30.1047087544263,-31.2653572564665,-32.3574802784759,-33.6036930633213,-36.2316070081135,,,,Argentina,CO2
GCAM 5.3,R_MAC_80_n0,ARG,Emissions|CO2|Energy|Supply|Gases,Mt CO2/yr,,,,2.685122244102,,,2.702560912354,,,,,2.73526024866,,2.80067273605253,,,,,2.93582428066189,3.15863260279587,3.3463774891698,3.5061451499966,3.61891671179357,3.70409794927706,3.76370996470716,3.78951306568785,3.7824120587691,3.5878192866629,3.35128405511054,3.08937162365835,3.0475480671533,3.00596826323937,2.91701190957925,2.81040571911999,,,,Argentina,CO2
GCAM 5.3,R_MAC_80_n0,ARG,Emissions|CO2|Energy|Supply|Liquids,Mt CO2/yr,,,,7.04208007336749,,,13.7911442554639,,,,,9.83622023823126,,9.32931909286401,,,,,9.07056206486434,8.03011838936256,5.91587074894173,2.38732971181974,-2.60798213342078,-7.64256939166769,-11.6630125413273,-15.1911262439749,-21.6937518337632,-30.853559205143,-38.2824317696204,-45.1452070215983,-42.4345404575422,-43.3460315868257,-43.8470434749087,-43.5320896569023,,,,Argentina,CO2
GCAM 5.3,R_MAC_80_n0,ARG,Emissions|CO2|Energy|Supply|Solids,Mt CO2/yr,,,,-1.46666650416393e-06,,,0.0,,,,,-1.86999090281082e-05,,-6.23333107596974e-06,,,,,0.0,0.0,0.0,-5.49999362001271e-06,0.0,-1.10000278417201e-06,0.0,0.0,0.0,-4.03332826593504e-07,-1.1000006940686e-07,0.0,-3.66667044824412e-08,0.0,-2.56666409549907e-07,0.0,,,,Argentina,CO2
GCAM 5.3,R_MAC_80_n0,ARG,Emissions|CO2|Industrial Processes,Mt CO2/yr,,,,8.69051474328464,,,10.1062288174579,,,,,10.0412191275443,,9.91934734642447,,,,,6.67003477747918,6.17018494958019,5.71414931156182,5.12299038678049,4.11859195233787,2.88121052199362,1.60145631192158,0.340641175260142,-1.37912289150959,-4.15167062204807,-7.99162287048032,-13.0524056547093,-13.7232641323207,-15.5894010312823,-17.2100773718601,-18.2451560593852,,,,Argentina,CO2
GCAM 5.3,R_MAC_80_n0,ARG,Emissions|N2O|AFOLU,Mt CO2e/yr,,,,68.63807932377013,,,71.67913016887842,,,,,72.9336404956756,,77.47361980442858,,,,,81.90608655844387,84.76549601005968,86.58216842560604,87.91530019913085,89.62749702138468,89.92782772893791,90.0195014592652,90.16484620865168,89.9141879434415,89.1461207114751,87.52476738931654,85.14024002077721,84.51104497335017,83.60530387896304,82.41453263087607,80.99026179369734,,,,Argentina,N2O
GCAM 5.3,R_MAC_80_n8,ARG,Carbon Sequestration|CCS|Biomass,Mt CO2/yr,,,,0.0,,,0.0,,,,,0.0,,0.0,,,,,1.35099786615131,4.32299408633276,8.6959290572056,14.2375600143235,21.2263978896724,29.0923071314216,38.8887162920042,54.0377328325207,72.6321044767846,93.9449695118987,111.505576408727,123.606980274442,114.240429813333,110.396865309398,109.710363276892,112.10848009535,,,,Argentina,
GCAM 5.3,R_MAC_80_n8,ARG,Emissions|CH4|AFOLU,Mt CO2e/yr,,,,91.99554277707416,,,92.9799504644794,,,,,93.89843331983576,,96.00489789606772,,,,,101.1720350995158,105.394731936382,109.23352347685736,112.56832653115252,114.94616577208969,116.25780682970216,116.45885820835029,115.0616046364176,112.5468765226988,109.0363575752514,105.2726783523016,101.36738973044376,101.1395294749532,100.373953102171,99.42068886125405,98.45193949866632,,,,Argentina,CH4
GCAM 5.3,R_MAC_80_n8,ARG,Emissions|CO2|AFOLU,Mt CO2/yr,,,,153.327409377674,,,131.264995034735,,,,,172.144477044632,,35.0739249378287,,,,,14.1976467978736,-1.97893730021226,-14.4824702237325,-23.7010247291635,-28.0784235837519,-31.6733994530892,-31.401640390793,-30.5642776289445,-29.4656239168385,-29.2655434304209,-29.0420225053149,-28.5241681486974,-21.5272693235456,-17.3334355075638,-15.7185080765276,-14.9992856763405,,,,Argentina,CO2
GCAM 5.3,R_MAC_80_n8,ARG,Emissions|CO2|Energy and Industrial Processes,Mt CO2/yr,,,,155.421852301149,,,189.989758898461,,,,,198.823361032232,,200.546738212888,,,,,189.688634692672,181.185276213251,170.003405899443,155.042491696175,135.79706836811,112.806960453352,84.957802482479,50.8595725647018,9.08205237909079,-40.580922697332,-83.8750951567555,-117.561825848346,-105.091392341077,-92.5181800956411,-85.1930524380877,-84.2691481037956,,,,Argentina,CO2
GCAM 5.3,R_MAC_80_n8,ARG,Emissions|CO2|Energy|Demand,Mt CO2/yr,,,,106.866269355,,,121.176980501982,,,,,125.741115388547,,126.419213354714,,,,,126.410270842043,128.025760572138,128.965255162921,127.445535238337,123.227351301236,115.428456304239,103.504102433236,89.4549404365652,72.2982015595801,54.1139900349553,39.2213942067724,27.9229807783188,30.3127988964207,37.0356390919248,43.2783716280419,47.8525252736478,,,,Argentina,CO2
GCAM 5.3,R_MAC_80_n8,ARG,Emissions|CO2|Energy|Demand|Industry,Mt CO2/yr,,,,46.7430461154697,,,47.5358571421497,,,,,48.1219269248479,,52.097760409597,,,,,51.1275447978532,51.1837849690783,50.9551585906451,49.8615802924042,47.4961387816684,43.0147894138109,35.7643356350648,27.2159486529675,18.3371479567604,11.331040222451,6.98601818360671,3.83740410142646,5.57477800709304,11.0082914528303,16.5671782207628,20.910416975238,,,,Argentina,CO2
GCAM 5.3,R_MAC_80_n8,ARG,Emissions|CO2|Energy|Demand|Residential and Commercial,Mt CO2/yr,,,,19.6509081527955,,,25.0353412686843,,,,,26.2273485878507,,24.2335652484942,,,,,22.8117615240099,21.6371806322183,20.5717381193603,19.1973472527477,17.1901362881072,14.5694516457542,11.0904627681958,7.50556765573605,4.34613696886683,2.11218016231811,0.924080837094707,0.396763400754125,0.357012315574361,0.303506690862325,0.257490889313229,0.222329166648684,,,,Argentina,CO2
GCAM 5.3,R_MAC_80_n8,ARG,Emissions|CO2|Energy|Demand|Residential and Commercial|Commercial,Mt CO2/yr,,,,2.77437328304181,,,3.41722827058413,,,,,3.59886950663336,,3.19741528585166,,,,,2.82844186506581,2.63101754026155,2.47473710298291,2.27954311894642,1.99275585632344,1.63781257769593,1.19145115936537,0.771810097049505,0.427861788980874,0.2000038531183,0.0854921437444935,0.0363821072399073,0.0332412538511031,0.0289403163204491,0.0250356042241963,0.0219436640027974,,,,Argentina,CO2
GCAM 5.3,R_MAC_80_n8,ARG,Emissions|CO2|Energy|Demand|Residential and Commercial|Residential,Mt CO2/yr,,,,16.8765348697537,,,21.6181129981001,,,,,22.6284790812174,,21.0361499626426,,,,,19.9833196589441,19.0061630919567,18.0970010163773,16.9178041338013,15.1973804317838,12.9316390680582,9.89901160883043,6.73375755868654,3.91827517988596,1.91217630919981,0.838588693350213,0.360381293514217,0.323771061723258,0.274566374541876,0.232455285089032,0.200385502645887,,,,Argentina,CO2
GCAM 5.3,R_MAC_80_n8,ARG,Emissions|CO2|Energy|Demand|Transportation,Mt CO2/yr,,,,40.4723150867346,,,48.605782091148,,,,,51.3918398758485,,50.0878876966227,,,,,52.4709645201804,55.2047949708417,57.4383584529156,58.3866076931856,58.5410762314607,57.8442152446736,56.6493040299753,54.7334241278616,49.6149166339529,40.6707696501861,31.311295186071,23.6888132761383,24.3810085737533,25.7238409482322,26.4537025179658,26.7197791317611,,,,Argentina,CO2
GCAM 5.3,R_MAC_80_n8,ARG,Emissions|CO2|Energy|Supply,Mt CO2/yr,,,,39.8650682028649,,,58.706549579021,,,,,63.0410265161409,,64.2081775117491,,,,,56.931296737928,47.3726995848006,35.7188805272986,22.9814402391419,9.16190496647088,-4.47777087463861,-18.7029859901273,-36.8497141790124,-58.0940439765706,-83.8168228758624,-105.09011524971,-119.868463157036,-108.471063858357,-103.861347045667,-103.427767484529,-106.514401582205,,,,Argentina,CO2
GCAM 5.3,R_MAC_80_n8,ARG,Emissions|CO2|Energy|Supply|Electricity,Mt CO2/yr,,,,30.1378673520619,,,42.2128444112031,,,,,50.4695647291587,,51.9997426019201,,,,,44.9672803675867,36.4620686062005,27.0838568277384,18.2038843247727,10.1667204705928,2.97378891361553,-4.28437421228404,-11.8420959046284,-19.4254033986398,-29.0585948261056,-38.3148059921629,-44.3877367555985,-43.2284165362002,-45.7424013090292,-48.9594771501923,-53.8605242182401,,,,Argentina,CO2
GCAM 5.3,R_MAC_80_n8,ARG,Emissions|CO2|Energy|Supply|Gases,Mt CO2/yr,,,,2.685122244102,,,2.702560912354,,,,,2.73526024866,,2.80067273605253,,,,,2.91710466618679,3.13065140423029,3.3142187659689,3.46240348506224,3.55959810171242,3.61839977640382,3.63859845957002,3.62121824876547,3.56181981299948,3.24961259584199,2.83938751536348,2.35028953435134,2.30758746949322,2.2049308399767,2.08915872066304,1.99655663368749,,,,Argentina,CO2
GCAM 5.3,R_MAC_80_n8,ARG,Emissions|CO2|Energy|Supply|Liquids,Mt CO2/yr,,,,7.04208007336749,,,13.7911442554639,,,,,9.83622023823126,,9.32931909286401,,,,,9.00348018341635,7.81226368511704,5.46375873472375,1.51909749733492,-4.25557000229874,-10.5080569521147,-16.6737677307364,-24.8166788218271,-35.8225029915024,-49.1410919653151,-59.9317432613367,-67.1190116269099,-61.5799542007681,-54.0652575660228,-49.7969431956652,-48.3952979331225,,,,Argentina,CO2
GCAM 5.3,R_MAC_80_n8,ARG,Emissions|CO2|Energy|Supply|Solids,Mt CO2/yr,,,,-1.46666650416393e-06,,,0.0,,,,,-1.86999090281082e-05,,-6.23333107596974e-06,,,,,0.0,0.0,-5.4999956852629e-06,-1.09999893010223e-05,-1.46666517580952e-05,-1.83333567652837e-06,0.0,0.0,-7.33331881777433e-07,0.0,-2.01077083058635e-17,0.0,-4.39998272382934e-07,0.0,-1.83332887207301e-07,-2.19999368118169e-07,,,,Argentina,CO2
GCAM 5.3,R_MAC_80_n8,ARG,Emissions|CO2|Industrial Processes,Mt CO2/yr,,,,8.69051474328464,,,10.1062288174579,,,,,10.0412191275443,,9.91934734642447,,,,,6.3470671127004,5.78681605631193,5.31927020922318,4.61551621869548,3.4078121004032,1.85627502375166,0.156686039370318,-1.74565369285097,-5.12210520391876,-10.8780898564249,-18.0063741138179,-25.6163434696284,-26.9331273791408,-25.6924721418985,-25.0436565816004,-25.6072717952387,,,,Argentina,CO2
GCAM 5.3,R_MAC_80_n8,ARG,Emissions|N2O|AFOLU,Mt CO2e/yr,,,,68.63807932377013,,,71.67913016887842,,,,,72.9336404956756,,77.47361980442858,,,,,81.83172593205491,84.56609591322328,86.35003562417968,87.55234064153248,88.67583079866012,88.55075109564493,89.06917558177547,88.78115345888634,87.88116352584716,85.75427596572945,83.30037560060607,80.51203474120908,79.98636801282309,78.81228773592557,77.46982821809732,76.04841028045034,,,,Argentina,N2O
GCAM 5.3,R_MAC_85_n0,ARG,Carbon Sequestration|CCS|Biomass,Mt CO2/yr,,,,0.0,,,0.0,,,,,0.0,,0.0,,,,,1.05247512001288,3.34618630486539,6.87991339777995,11.3282006011697,16.6810379067912,22.071810017528,27.2450573101565,33.2698617345326,42.4259018732332,56.0619726662092,68.1508619795323,77.2443413861122,85.6730835406448,84.076703414866,84.6394840693065,86.1885832554187,,,,Argentina,
GCAM 5.3,R_MAC_85_n0,ARG,Emissions|CH4|AFOLU,Mt CO2e/yr,,,,91.99554277707416,,,92.9799504644794,,,,,93.89843331983576,,96.00489789606772,,,,,101.26150137929588,107.01528293456587,109.70346363865532,113.33935177910882,116.28969719163581,118.67209415078275,119.16872826264533,119.28517903100203,118.38309088601099,116.53073112382856,114.05554013636046,110.97075275482729,107.75209462836057,107.20736558735643,106.42069495978451,105.44791384331091,,,,Argentina,CH4
GCAM 5.3,R_MAC_85_n0,ARG,Emissions|CO2|AFOLU,Mt CO2/yr,,,,153.327409377674,,,131.264995034735,,,,,172.144477044632,,35.0739249378287,,,,,14.9213908880415,-1.07408673409106,-11.2711172432463,-20.4823970616117,-24.0950792735345,-26.781997304154,-26.1517218784083,-25.5317492529093,-25.1880561380765,-24.7979785535987,-24.2041806440059,-24.1041518857429,-24.3738275569515,-19.5892433251055,-16.2503677313104,-14.7908744168149,,,,Argentina,CO2
GCAM 5.3,R_MAC_85_n0,ARG,Emissions|CO2|Energy and Industrial Processes,Mt CO2/yr,,,,155.421852301149,,,189.989758898461,,,,,198.823361032232,,200.546738212888,,,,,193.640026167317,188.13030262461,179.310913733883,167.965149304207,154.293718279305,139.596850136292,124.246705721396,106.663317363004,85.4568105353876,59.1938096416281,31.7080126384301,4.83469671492923,-22.4286409637974,-19.7545432473671,-21.0400945435764,-23.0889780181456,,,,Argentina,CO2
GCAM 5.3,R_MAC_85_n0,ARG,Emissions|CO2|Energy|Demand,Mt CO2/yr,,,,106.866269355,,,121.176980501982,,,,,125.741115388547,,126.419213354714,,,,,128.333085419531,130.949662114743,132.665332849765,132.904680118741,131.840662687091,129.084545564262,124.292718330083,117.523634587483,109.816102620948,101.468855037767,91.2014351151117,79.0909785502056,66.9341171402977,69.1328603791319,70.6100228304582,72.1728743422836,,,,Argentina,CO2
GCAM 5.3,R_MAC_85_n0,ARG,Emissions|CO2|Energy|Demand|Industry,Mt CO2/yr,,,,46.7430461154697,,,47.5358571421497,,,,,48.1219269248479,,52.097760409597,,,,,52.2380589515163,52.8695645280346,53.0932204551757,53.0908001653136,52.7217595654827,51.550003662325,48.8851801341938,44.7816950697554,40.7941086675913,37.6390218070763,33.9796075293121,29.4108076064181,24.8463136051735,27.2149923203361,29.2174517612366,31.070630597916,,,,Argentina,CO2
GCAM 5.3,R_MAC_85_n0,ARG,Emissions|CO2|Energy|Demand|Residential and Commercial,Mt CO2/yr,,,,19.6509081527955,,,25.0353412686843,,,,,26.2273485878507,,24.2335652484942,,,,,23.3473732705794,22.4195642546729,21.4903846725103,20.4381609766062,18.9747419714527,17.136151627726,14.702927747538,11.8226946158932,8.89322938064637,6.20701799586619,3.9811749733524,2.32636709433923,1.26830505950525,1.11393312516321,0.970831213237211,0.852668310076779,,,,Argentina,CO2
GCAM 5.3,R_MAC_85_n0,ARG,Emissions|CO2|Energy|Demand|Residential and Commercial|Commercial,Mt CO2/yr,,,,2.77437328304181,,,3.41722827058413,,,,,3.59886950663336,,3.19741528585166,,,,,2.92640467882758,2.76208864893063,2.62238666390636,2.47363138269468,2.262154463624,2.00692786695313,1.6757342951944,1.30419375409039,0.94850775397869,0.641325218099191,0.398958968915423,0.227903364020509,0.122892413802343,0.109167598500877,0.0962322081456465,0.0854575782267334,,,,Argentina,CO2
GCAM 5.3,R_MAC_85_n0,ARG,Emissions|CO2|Energy|Demand|Residential and Commercial|Residential,Mt CO2/yr,,,,16.8765348697537,,,21.6181129981001,,,,,22.6284790812174,,21.0361499626426,,,,,20.4209685917519,19.6574756057423,18.8679980086039,17.9645295939115,16.7125875078287,15.1292237607729,13.0271934523436,10.5185008618028,7.94472162666768,5.56569277776699,3.58221600443697,2.09846373031872,1.14541264570291,1.00476552666234,0.874599005091565,0.767210731850045,,,,Argentina,CO2
GCAM 5.3,R_MAC_85_n0,ARG,Emissions|CO2|Energy|Demand|Transportation,Mt CO2/yr,,,,40.4723150867346,,,48.605782091148,,,,,51.3918398758485,,50.0878876966227,,,,,52.7476531974353,55.6605333320358,58.0817277220793,59.3757189768212,60.1441611501558,60.3983902742114,60.7046104483508,60.9192449018341,60.1287645727104,57.6228152348245,53.2406526124473,47.3538038494483,40.819498475619,40.8039349336325,40.4217398559844,40.2495754342908,,,,Argentina,CO2
GCAM 5.3,R_MAC_85_n0,ARG,Emissions|CO2|Energy|Supply,Mt CO2/yr,,,,39.8650682028649,,,58.706549579021,,,,,63.0410265161409,,64.2081775117491,,,,,58.5089748761872,50.8675635308864,40.7692182247685,29.7376719877375,18.0690366562696,7.27617280062155,-2.12169888211419,-11.8349664245662,-23.9383080929006,-39.806489697591,-54.1741368208572,-65.0855009529861,-75.1650358515991,-73.7410280726749,-74.9253602383425,-77.3084978990588,,,,Argentina,CO2
GCAM 5.3,R_MAC_85_n0,ARG,Emissions|CO2|Energy|Supply|Electricity,Mt CO2/yr,,,,30.1378673520619,,,42.2128444112031,,,,,50.4695647291587,,51.9997426019201,,,,,46.4072664193075,39.5740299846462,31.3762369481149,23.5803542278511,16.5634019744366,10.4428919348553,4.77463499018992,-1.59111837065485,-8.12004112153952,-14.8988778476192,-21.727902038674,-26.7630944474224,-30.5244693616068,-31.6004594464021,-32.6378419956873,-34.8844727474341,,,,Argentina,CO2
GCAM 5.3,R_MAC_85_n0,ARG,Emissions|CO2|Energy|Supply|Gases,Mt CO2/yr,,,,2.685122244102,,,2.702560912354,,,,,2.73526024866,,2.80067273605253,,,,,2.94279213391635,3.16802620030329,3.35885692216656,3.5221503182065,3.63955512416356,3.73189858335224,3.80141853373021,3.84103625364385,3.84492311525543,3.6703834434305,3.46198059220463,3.24358112234221,3.03318694745579,3.00606666840465,2.93108304861171,2.83510901157877,,,,Argentina,CO2
GCAM 5.3,R_MAC_85_n0,ARG,Emissions|CO2|Energy|Supply|Liquids,Mt CO2/yr,,,,7.04208007336749,,,13.7911442554639,,,,,9.83622023823126,,9.32931909286401,,,,,9.09456716306774,8.10034650517446,6.07482399531957,2.68688520844657,-2.06594197331215,-6.77967793468076,-10.379584018321,-13.1223907280034,-17.5931927977249,-24.9816182765166,-32.04863096686,-37.8894969646401,-44.133348400824,-42.6248947497744,-43.0323427201721,-43.1153620794563,,,,Argentina,CO2
GCAM 5.3,R_MAC_85_n0,ARG,Emissions|CO2|Energy|Supply|Solids,Mt CO2/yr,,,,-1.46666650416393e-06,,,0.0,,,,,-1.86999090281082e-05,,-6.23333107596974e-06,,,,,-1.61333145822548e-05,-2.93333379274717e-06,-6.59999358632603e-06,0.0,-1.28333222137689e-05,0.0,0.0,-3.66666473363568e-06,-1.83332775053748e-06,-4.39998121016826e-06,-1.83333443895915e-07,-1.09999997602452e-07,-4.39999540370781e-07,-1.83333221187505e-07,-1.46666413747322e-07,0.0,,,,Argentina,CO2
GCAM 5.3,R_MAC_85_n0,ARG,Emissions|CO2|Industrial Processes,Mt CO2/yr,,,,8.69051474328464,,,10.1062288174579,,,,,10.0412191275443,,9.91934734642447,,,,,6.79796587159837,6.31307697898077,5.87636265934898,5.32279719772842,4.38401893594378,3.23613177140825,2.07568627342751,0.974649200087767,-0.420983992659776,-2.46855569854795,-5.31928565582442,-9.17078088229033,-14.197722252496,-15.1463755538241,-16.724757135692,-17.9533544613703,,,,Argentina,CO2
GCAM 5.3,R_MAC_85_n0,ARG,Emissions|N2O|AFOLU,Mt CO2e/yr,,,,68.63807932377013,,,71.67913016887842,,,,,72.9336404956756,,77.47361980442858,,,,,81.9339706690929,84.82998105854236,86.66361534861684,88.02669955729814,89.85403297200712,90.4816929476722,90.33940941185652,90.6609781273336,90.5648387535244,89.92768206022883,88.84059360613956,86.85446950595306,84.29686683987251,83.48473336892188,82.37517340299075,81.00636431044985,,,,Argentina,N2O
GCAM 5.3,R_MAC_85_n8,ARG,Carbon Sequestration|CCS|Biomass,Mt CO2/yr,,,,0.0,,,0.0,,,,,0.0,,0.0,,,,,1.24453472313951,3.94699722215123,8.05628519572283,13.2112287910207,19.588409447431,26.4335070097125,34.1225277287144,45.4706007336906,61.6676971494871,79.3413632203172,94.1479731146095,105.633606938511,114.522899592704,111.668451320056,108.027782238493,110.548552313214,,,,Argentina,
GCAM 5.3,R_MAC_85_n8,ARG,Emissions|CH4|AFOLU,Mt CO2e/yr,,,,91.99554277707416,,,92.9799504644794,,,,,93.89843331983576,,96.00489789606772,,,,,101.20735267464192,106.55391967585147,109.41322176613836,112.84412769977256,115.40612594380549,116.82557217934483,117.46415746689904,116.59496048815133,114.62521607834697,111.73439782482235,108.25797187069591,104.56635934115559,100.89466794989204,100.2669705383682,99.36986560833137,98.45157724883991,,,,Argentina,CH4
GCAM 5.3,R_MAC_85_n8,ARG,Emissions|CO2|AFOLU,Mt CO2/yr,,,,153.327409377674,,,131.264995034735,,,,,172.144477044632,,35.0739249378287,,,,,14.3288482009045,-2.09638076496616,-13.0638918044518,-22.6147832781416,-26.6178616196511,-29.9576863920943,-29.6437606411978,-29.0909565401933,-27.9824903671839,-27.4383910570342,-27.3085762351117,-27.2473990549126,-27.1056911943422,-21.4511676933888,-18.0282405840634,-16.3317950537639,,,,Argentina,CO2
GCAM 5.3,R_MAC_85_n8,ARG,Emissions|CO2|Energy and Industrial Processes,Mt CO2/yr,,,,155.421852301149,,,189.989758898461,,,,,198.823361032232,,200.546738212888,,,,,190.974224471346,183.655785040923,173.025593140103,159.326609565228,142.112725580019,122.35089636955,99.355435715788,71.5096297462295,36.8094364102361,-4.55992939314536,-43.4587877333551,-76.8915730821036,-105.418981752587,-96.2527541385449,-83.2336465689834,-82.8670621908973,,,,Argentina,CO2
GCAM 5.3,R_MAC_85_n8,ARG,Emissions|CO2|Energy|Demand,Mt CO2/yr,,,,106.866269355,,,121.176980501982,,,,,125.741115388547,,126.419213354714,,,,,127.028709562499,129.073356555036,130.149933079858,129.257964552814,126.201908344458,120.332496020696,110.913869239787,99.2076290647561,85.5068827277797,69.3859535119086,54.1027024222963,41.3666561935173,31.2656650655635,36.3723421412973,43.2993708182773,47.6799680979956,,,,Argentina,CO2
GCAM 5.3,R_MAC_85_n8,ARG,Emissions|CO2|Energy|Demand|Industry,Mt CO2/yr,,,,46.7430461154697,,,47.5358571421497,,,,,48.1219269248479,,52.097760409597,,,,,51.4840236076242,51.7889667074268,51.6385438845688,50.9324447026529,49.2982356764661,46.0750194536992,40.4176590041452,33.1977611990639,25.9002068951338,19.1000602252329,13.7789221965894,9.8891861750525,6.5779020688661,11.1261595864527,16.6708924350146,20.9523264675542,,,,Argentina,CO2
GCAM 5.3,R_MAC_85_n8,ARG,Emissions|CO2|Energy|Demand|Residential and Commercial,Mt CO2/yr,,,,19.6509081527955,,,25.0353412686843,,,,,26.2273485878507,,24.2335652484942,,,,,22.9846391878011,21.9162193388076,20.8634591034405,19.6068364947005,17.8024410231833,15.4803255555995,12.3544118580298,8.9099124566279,5.77687617648119,3.2382161241349,1.59380281881478,0.736990072684708,0.340712926685045,0.292806722623968,0.253564441018594,0.220673182111918,,,,Argentina,CO2
GCAM 5.3,R_MAC_85_n8,ARG,Emissions|CO2|Energy|Demand|Residential and Commercial|Commercial,Mt CO2/yr,,,,2.77437328304181,,,3.41722827058413,,,,,3.59886950663336,,3.19741528585166,,,,,2.8597133130587,2.67726450088708,2.52111099817211,2.34277371825037,2.08365246761291,1.76566718904207,1.35461688690755,0.937235342107415,0.584051874090563,0.314779406225869,0.150646098862391,0.0688002790972216,0.0317223816901156,0.0278293363798488,0.0246568775604623,0.0217762406718711,,,,Argentina,CO2
GCAM 5.3,R_MAC_85_n8,ARG,Emissions|CO2|Energy|Demand|Residential and Commercial|Residential,Mt CO2/yr,,,,16.8765348697537,,,21.6181129981001,,,,,22.6284790812174,,21.0361499626426,,,,,20.1249258747424,19.2389548379205,18.3423481052684,17.2640627764501,15.7187885555703,13.7146583665575,10.9997949711223,7.97267711452049,5.19282430239063,2.92343671790903,1.44315671995239,0.668189793587487,0.308990544994929,0.264977386244119,0.228907563458132,0.198896941440047,,,,Argentina,CO2
GCAM 5.3,R_MAC_85_n8,ARG,Emissions|CO2|Energy|Demand|Transportation,Mt CO2/yr,,,,40.4723150867346,,,48.605782091148,,,,,51.3918398758485,,50.0878876966227,,,,,52.560046767074,55.3681705088014,57.6479300918488,58.7186833554605,59.1012316448086,58.7771510113971,58.1417983776118,57.0999554090644,53.8297996561647,47.0476771625408,38.7299774068922,30.7404799457801,24.3470500700123,24.9533758322207,26.3749139422441,26.5069684483295,,,,Argentina,CO2
GCAM 5.3,R_MAC_85_n8,ARG,Emissions|CO2|Energy|Supply,Mt CO2/yr,,,,39.8650682028649,,,58.706549579021,,,,,63.0410265161409,,64.2081775117491,,,,,57.4580965654842,48.6171533935047,37.3867419222646,25.2296803848208,12.1824637320288,-0.314530910974978,-12.3960447795741,-26.9907756793584,-45.4975788440308,-66.4135763487475,-84.2773342256247,-98.1758051993454,-109.386606006627,-105.220441260385,-101.474892414819,-104.760967220348,,,,Argentina,CO2
GCAM 5.3,R_MAC_85_n8,ARG,Emissions|CO2|Energy|Supply|Electricity,Mt CO2/yr,,,,30.1378673520619,,,42.2128444112031,,,,,50.4695647291587,,51.9997426019201,,,,,45.4482820140126,37.5641966582847,28.4948608691802,19.9745691261784,12.2870702114835,5.50070470433914,-1.16068796151354,-8.4125634714035,-15.2923439736742,-23.4199127225102,-31.2183695810883,-36.4850396804901,-40.9057441779361,-42.9112647451755,-46.1403366497021,-51.2174781482632,,,,Argentina,CO2
GCAM 5.3,R_MAC_85_n8,ARG,Emissions|CO2|Energy|Supply|Gases,Mt CO2/yr,,,,2.685122244102,,,2.702560912354,,,,,2.73526024866,,2.80067273605253,,,,,2.92544355576442,3.14431359425182,3.32820228668692,3.48221806312148,3.58705877089784,3.65924134286547,3.69948873138104,3.70161918251118,3.67479321939325,3.43467620350216,3.12394329564394,2.75216365207869,2.3398099286388,2.24845421955532,2.13868448304252,2.03512292387655,,,,Argentina,CO2
GCAM 5.3,R_MAC_85_n8,ARG,Emissions|CO2|Energy|Supply|Liquids,Mt CO2/yr,,,,7.04208007336749,,,13.7911442554639,,,,,9.83622023823126,,9.32931909286401,,,,,9.0341146956535,7.91974663722807,5.67216023819686,1.92268884500988,-3.47497175320519,-9.09929666552722,-14.0433213933992,-19.7133159468579,-29.2886422524612,-40.3756991540971,-49.9165856282719,-57.8033649004677,-63.9949586510823,-57.9820810609021,-50.1702037103171,-49.0004192325192,,,,Argentina,CO2
GCAM 5.3,R_MAC_85_n8,ARG,Emissions|CO2|Energy|Supply|Solids,Mt CO2/yr,,,,-1.46666650416393e-06,,,0.0,,,,,-1.86999090281082e-05,,-6.23333107596974e-06,,,,,-8.06664923492835e-06,0.0,0.0,0.0,-8.43330643283415e-06,0.0,0.0,-7.33331966017127e-07,0.0,-8.79998693992896e-07,0.0,0.0,0.0,-1.83332998786669e-07,0.0,-1.83333110128003e-07,,,,Argentina,CO2
GCAM 5.3,R_MAC_85_n8,ARG,Emissions|CO2|Industrial Processes,Mt CO2/yr,,,,8.69051474328464,,,10.1062288174579,,,,,10.0412191275443,,9.91934734642447,,,,,6.48741834336295,5.96527509238248,5.48891813798006,4.83896462759308,3.72835350353178,2.33293125982944,0.837611255575218,-0.70722363916826,-3.19986747351279,-7.53230655630648,-13.2841559300268,-20.0824240762755,-27.2980408115238,-27.4046550194576,-25.0581249724418,-25.7860630685449,,,,Argentina,CO2
GCAM 5.3,R_MAC_85_n8,ARG,Emissions|N2O|AFOLU,Mt CO2e/yr,,,,68.63807932377013,,,71.67913016887842,,,,,72.9336404956756,,77.47361980442858,,,,,81.8667431491717,84.67575948227542,86.45468671641792,87.72641174797091,89.16675853152877,88.85575995362294,89.50835839542815,89.41132696432155,88.96402296681573,87.48294540652977,85.20977101999662,82.63132739117256,79.80816706013643,78.69919821677988,77.38626288894392,76.02018870105387,,,,Argentina,N2O
GCAM 5.3,R_MAC_90_n0,ARG,Carbon Sequestration|CCS|Biomass,Mt CO2/yr,,,,0.0,,,0.0,,,,,0.0,,0.0,,,,,0.993591604993168,3.16032835930255,6.50396705660301,10.7271508408621,15.7796531391805,20.7962302922329,25.4287997167089,30.4447618890387,37.5728165067103,48.899833533439,60.8107119645794,69.9710982293417,77.7160971826991,85.4504515758155,84.2085020784843,85.2128995705545,,,,Argentina,
GCAM 5.3,R_MAC_90_n0,ARG,Emissions|CH4|AFOLU,Mt CO2e/yr,,,,91.99554277707416,,,92.9799504644794,,,,,93.89843331983576,,96.00489789606772,,,,,101.28724149614644,107.08032297387236,109.75496417262188,113.52248575524752,116.57259220664875,119.15113342396322,119.97088174833972,120.06653640550296,119.52493448622076,117.94157739508061,115.87218885418989,113.09339156910929,110.07173334806683,106.96798976995488,106.3100969597408,105.42087424012928,,,,Argentina,CH4
GCAM 5.3,R_MAC_90_n0,ARG,Emissions|CO2|AFOLU,Mt CO2/yr,,,,153.327409377674,,,131.264995034735,,,,,172.144477044632,,35.0739249378287,,,,,15.1222007513713,-0.678677592321659,-10.6814091586246,-19.7009540321004,-23.2961555476251,-25.7734198854037,-25.035878859271,-24.284487116308,-23.9602588103052,-23.998117667996,-23.4111891966105,-23.1002887275911,-23.3666682226334,-23.7440747422721,-19.4363867537831,-16.5575136593224,,,,Argentina,CO2
GCAM 5.3,R_MAC_90_n0,ARG,Emissions|CO2|Energy and Industrial Processes,Mt CO2/yr,,,,155.421852301149,,,189.989758898461,,,,,198.823361032232,,200.546738212888,,,,,194.553464587378,189.672763313617,181.520712220859,170.949648747705,158.353317675653,145.042155225071,131.641238503812,116.896552087631,99.3351701730776,77.8855604646738,53.6393042209489,29.2608422484773,4.86703432616884,-20.2750116321011,-18.6978091467636,-20.618826553163,,,,Argentina,CO2
GCAM 5.3,R_MAC_90_n0,ARG,Emissions|CO2|Energy|Demand,Mt CO2/yr,,,,106.866269355,,,121.176980501982,,,,,125.741115388547,,126.419213354714,,,,,128.780003648181,131.605162420388,133.560465990945,134.159374087209,133.683279625988,131.77570375255,128.24679698376,123.24581593127,117.3230709526,111.006686524071,103.123505869173,92.7016481555655,81.4617521324748,70.4816592273904,71.9776187267874,73.0380438539912,,,,Argentina,CO2
GCAM 5.3,R_MAC_90_n0,ARG,Emissions|CO2|Energy|Demand|Industry,Mt CO2/yr,,,,46.7430461154697,,,47.5358571421497,,,,,48.1219269248479,,52.097760409597,,,,,52.492133602795,53.2474763971113,53.6126357590607,53.8350903278263,53.8415757085657,53.2331117253769,51.3900910888263,48.4359934719438,45.5418993704996,43.4353258132556,40.9862972076229,37.1218419301272,32.7992761426836,28.6341563047833,30.3060192364112,31.7163078909731,,,,Argentina,CO2
GCAM 5.3,R_MAC_90_n0,ARG,Emissions|CO2|Energy|Demand|Residential and Commercial,Mt CO2/yr,,,,19.6509081527955,,,25.0353412686843,,,,,26.2273485878507,,24.2335652484942,,,,,23.4741649747926,22.5958230885584,21.7143959087506,20.724996556252,19.3604292898494,17.6529693142849,15.414948927859,12.7804415725136,10.0040698361274,7.33036887170739,5.05934173639562,3.21868548675881,1.89787603122692,1.07135650784369,0.955171674492778,0.850232811276114,,,,Argentina,CO2
GCAM 5.3,R_MAC_90_n0,ARG,Emissions|CO2|Energy|Demand|Residential and Commercial|Commercial,Mt CO2/yr,,,,2.77437328304181,,,3.41722827058413,,,,,3.59886950663336,,3.19741528585166,,,,,2.9500505091895,2.79222794263445,2.65913290470231,2.51956806447685,2.32219446292073,2.08458418517994,1.77768963842276,1.43268140192089,1.08702294817499,0.772912965754537,0.518417886108726,0.321913269391257,0.187068898668585,0.105059206368721,0.094771728990236,0.0852738256402455,,,,Argentina,CO2
GCAM 5.3,R_MAC_90_n0,ARG,Emissions|CO2|Energy|Demand|Residential and Commercial|Residential,Mt CO2/yr,,,,16.8765348697537,,,21.6181129981001,,,,,22.6284790812174,,21.0361499626426,,,,,20.5241144656031,19.8035951459239,19.0552630040483,18.2054284917752,17.0382348269287,15.568385129105,13.6372592894362,11.3477601705927,8.91704688795246,6.55745590595285,4.54092385028689,2.89677221736756,1.71080713255833,0.966297301474969,0.860399945502542,0.764958985635868,,,,Argentina,CO2
GCAM 5.3,R_MAC_90_n0,ARG,Emissions|CO2|Energy|Demand|Transportation,Mt CO2/yr,,,,40.4723150867346,,,48.605782091148,,,,,51.3918398758485,,50.0878876966227,,,,,52.8137050705931,55.7618629347186,58.2334343231339,59.5992872031311,60.4812746275729,60.8896227128886,61.4417569670748,62.0293808868128,61.7771017459732,60.2409918391079,57.0778669251548,52.3611207386794,46.7645999585642,40.7761464147634,40.7164278158834,40.4715031517419,,,,Argentina,CO2
GCAM 5.3,R_MAC_90_n0,ARG,Emissions|CO2|Energy|Supply,Mt CO2/yr,,,,39.8650682028649,,,58.706549579021,,,,,63.0410265161409,,64.2081775117491,,,,,58.8609435158734,51.6251684111376,41.9368163461559,31.2886709799531,20.0541009262501,9.73017451072659,0.932653613682486,-7.8341000951071,-18.2837799542683,-31.8161275247145,-45.9429900813568,-56.8566159510719,-66.0798980470614,-75.3193333528996,-74.3639796015023,-76.1465806792896,,,,Argentina,CO2
GCAM 5.3,R_MAC_90_n0,ARG,Emissions|CO2|Energy|Supply|Electricity,Mt CO2/yr,,,,30.1378673520619,,,42.2128444112031,,,,,50.4695647291587,,51.9997426019201,,,,,46.7277857672656,40.2517886978908,32.3765337608925,24.8345632687511,18.0435214358199,12.1249156856109,6.71178893046067,0.66391715271629,-5.7875571931271,-12.2584597349142,-18.9109628465151,-24.0371855386788,-28.0128395960333,-31.3488354252473,-32.322883560015,-34.3048436371574,,,,Argentina,CO2
GCAM 5.3,R_MAC_90_n0,ARG,Emissions|CO2|Energy|Supply|Gases,Mt CO2/yr,,,,2.685122244102,,,2.702560912354,,,,,2.73526024866,,2.80067273605253,,,,,2.94894672015348,3.17624619028875,3.36973312112318,3.53589188514234,3.65691925578835,3.75467355499832,3.83090704996274,3.88061889012371,3.89292917270576,3.73439908829132,3.54079550075391,3.3468438688396,3.17417751394616,2.98852709993423,2.93101434931034,2.85014760297076,,,,Argentina,CO2
GCAM 5.3,R_MAC_90_n0,ARG,Emissions|CO2|Energy|Supply|Liquids,Mt CO2/yr,,,,7.04208007336749,,,13.7911442554639,,,,,9.83622023823126,,9.32931909286401,,,,,9.11491502234318,8.15991484683319,6.20897076179759,2.93905824458966,-1.62115286828635,-6.09501899331503,-9.41116134940238,-11.7242486595681,-14.9446314480288,-20.4664245932094,-27.238943786329,-32.9268019385103,-38.1152682776715,-43.7684996380197,-42.4621613855223,-42.4555996108698,,,,Argentina,CO2
GCAM 5.3,R_MAC_90_n0,ARG,Emissions|CO2|Energy|Supply|Solids,Mt CO2/yr,,,,-1.46666650416393e-06,,,0.0,,,,,-1.86999090281082e-05,,-6.23333107596974e-06,,,,,0.0,0.0,0.0,-2.93331916775052e-06,0.0,-2.2366603026694e-05,-3.66665590364938e-06,0.0,-4.39998635032206e-06,0.0,0.0,0.0,0.0,-4.76665178816887e-07,0.0,0.0,,,,Argentina,CO2
GCAM 5.3,R_MAC_90_n0,ARG,Emissions|CO2|Industrial Processes,Mt CO2/yr,,,,8.69051474328464,,,10.1062288174579,,,,,10.0412191275443,,9.91934734642447,,,,,6.91251742332349,6.44243248209118,6.02342988375805,5.50160368054213,4.61593712341516,3.53627696179435,2.46178790636943,1.48483625146821,0.295879174745631,-1.3049985346826,-3.54121156686757,-6.58418995601625,-10.5148197592445,-15.4373375065919,-16.3114482720487,-17.5102897278646,,,,Argentina,CO2
GCAM 5.3,R_MAC_90_n0,ARG,Emissions|N2O|AFOLU,Mt CO2e/yr,,,,68.63807932377013,,,71.67913016887842,,,,,72.9336404956756,,77.47361980442858,,,,,81.95591693940243,84.87573229974083,86.72958904233077,88.12493340041554,90.0249642168098,90.8810164460865,91.01207009797758,91.06998434926857,91.11822980611616,90.54787322356421,89.74961955342965,88.17663340036087,85.91704281618794,83.25298916405617,82.22846974131781,80.94794101982733,,,,Argentina,N2O
GCAM 5.3,R_MAC_90_n8,ARG,Carbon Sequestration|CCS|Biomass,Mt CO2/yr,,,,0.0,,,0.0,,,,,0.0,,0.0,,,,,1.16015821080225,3.68035406657761,7.54803803285188,12.3969412356612,18.3169960201813,24.4728733031398,30.8931013634635,39.5026881274865,52.9379791032098,69.1688183183405,81.9495736240039,92.4782963404524,101.646681619224,111.108913328673,108.695072655087,110.06372677465,,,,Argentina,
GCAM 5.3,R_MAC_90_n8,ARG,Emissions|CH4|AFOLU,Mt CO2e/yr,,,,91.99554277707416,,,92.9799504644794,,,,,93.89843331983576,,96.00489789606772,,,,,101.23413372222501,106.89978350004016,109.56493557836428,113.06034629895936,115.75147463069148,117.69486010959041,118.22996996102377,117.78986255816892,116.26996548764185,113.86164588524854,110.74601709484908,107.25286851559953,103.77591313874848,100.08708797396456,99.27910505378684,98.40737983403348,,,,Argentina,CH4
GCAM 5.3,R_MAC_90_n8,ARG,Emissions|CO2|AFOLU,Mt CO2/yr,,,,153.327409377674,,,131.264995034735,,,,,172.144477044632,,35.0739249378287,,,,,14.5699563695389,-1.72310369340596,-12.2666536296572,-21.7422505548334,-25.4892700711356,-28.5927223317384,-28.1457525875268,-27.6845319986144,-26.9756205071241,-26.2012437413993,-25.8646164171313,-25.9760755878205,-26.0170525725052,-26.3201633598037,-21.6811199912096,-18.4966612909528,,,,Argentina,CO2
GCAM 5.3,R_MAC_90_n8,ARG,Emissions|CO2|Energy and Industrial Processes,Mt CO2/yr,,,,155.421852301149,,,189.989758898461,,,,,198.823361032232,,200.546738212888,,,,,192.079278984489,185.551876565612,175.62800874155,162.933147508345,147.277658688863,129.853789875049,110.418842683472,87.2469024715,58.590539819254,23.7340478642976,-9.9561534826376,-41.729260727195,-71.143071651529,-94.8858920536489,-84.3148398968507,-81.986504470373,,,,Argentina,CO2
GCAM 5.3,R_MAC_90_n8,ARG,Emissions|CO2|Energy|Demand,Mt CO2/yr,,,,106.866269355,,,121.176980501982,,,,,125.741115388547,,126.419213354714,,,,,127.564033173305,129.867111682993,131.184976952443,130.782117874034,128.611062634896,124.172993174717,116.82666794417,107.084188094323,96.1964092462232,83.3920742269345,69.4742492414347,55.9879790150282,44.4508642307285,36.9838982449518,43.3182166721965,47.7224392317299,,,,Argentina,CO2
GCAM 5.3,R_MAC_90_n8,ARG,Emissions|CO2|Energy|Demand|Industry,Mt CO2/yr,,,,46.7430461154697,,,47.5358571421497,,,,,48.1219269248479,,52.097760409597,,,,,51.7915959045711,52.2464290141865,52.2361955238108,51.833294206698,50.7599266670591,48.4767527815465,44.1551128679964,38.1460142735954,32.3397789507513,26.9704035213598,21.7872047089016,17.0688161565841,13.1704363456503,11.3794764465603,16.7448366421501,20.9551786561861,,,,Argentina,CO2
GCAM 5.3,R_MAC_90_n8,ARG,Emissions|CO2|Energy|Demand|Residential and Commercial,Mt CO2/yr,,,,19.6509081527955,,,25.0353412686843,,,,,26.2273485878507,,24.2335652484942,,,,,23.1349198420249,22.1286921410252,21.1207643757225,19.9536157019295,18.3015432318825,16.2021492380515,13.3809595895884,10.1285306670759,7.05181498861422,4.39873971223999,2.4255528004157,1.22571916896656,0.598298912876048,0.282825016636702,0.247774062549975,0.217706948916647,,,,Argentina,CO2
GCAM 5.3,R_MAC_90_n8,ARG,Emissions|CO2|Energy|Demand|Residential and Commercial|Commercial,Mt CO2/yr,,,,2.77437328304181,,,3.41722827058413,,,,,3.59886950663336,,3.19741528585166,,,,,2.88714303878097,2.71285270075011,2.56240314548292,2.39695669020045,2.15892660364678,1.86943111039139,1.49209979936501,1.08653188010547,0.729193471597138,0.438624151725317,0.234514855081163,0.116525224274691,0.0565743974133162,0.0269045752897369,0.0240883828296998,0.0214990576236499,,,,Argentina,CO2
GCAM 5.3,R_MAC_90_n8,ARG,Emissions|CO2|Energy|Demand|Residential and Commercial|Residential,Mt CO2/yr,,,,16.8765348697537,,,21.6181129981001,,,,,22.6284790812174,,21.0361499626426,,,,,20.247776803244,19.4158394402751,18.5583612302396,17.556659011729,16.1426166282357,14.3327181276601,11.8888597902234,9.04199878697048,6.32262151701708,3.96011556051467,2.19103794533454,1.10919394469187,0.541724515462731,0.255920441346965,0.223685679720276,0.196207891292998,,,,Argentina,CO2
GCAM 5.3,R_MAC_90_n8,ARG,Emissions|CO2|Energy|Demand|Transportation,Mt CO2/yr,,,,40.4723150867346,,,48.605782091148,,,,,51.3918398758485,,50.0878876966227,,,,,52.6375174267091,55.4919905277815,57.8280170529097,58.9952079654062,59.5495927359544,59.4940911551191,59.2905954865849,58.809643153652,56.8048153068576,52.0229309933347,45.2614917321173,37.6934436894775,30.6821289722021,25.3215967817548,26.3256059674964,26.5495536266272,,,,Argentina,CO2
GCAM 5.3,R_MAC_90_n8,ARG,Emissions|CO2|Energy|Supply,Mt CO2/yr,,,,39.8650682028649,,,58.706549579021,,,,,63.0410265161409,,64.2081775117491,,,,,57.9018061449755,49.5766274145768,38.7991753697829,27.1157313291865,14.666898270578,2.96258754718565,-7.78535431292928,-19.8758691221521,-35.7301728307688,-54.593081920851,-69.9939554287254,-82.6390495159021,-93.8453793235219,-104.747067228416,-102.048856630097,-104.086253211158,,,,Argentina,CO2
GCAM 5.3,R_MAC_90_n8,ARG,Emissions|CO2|Energy|Supply|Electricity,Mt CO2/yr,,,,30.1378673520619,,,42.2128444112031,,,,,50.4695647291587,,51.9997426019201,,,,,45.8534170170521,38.4196558429899,29.6949420664733,21.4748706957364,14.0699663003782,7.58376506279443,1.38255374473377,-5.53912693974296,-12.193699326407,-19.6179237357292,-26.8479894498284,-31.8440408236162,-35.6817199057446,-41.6099646746488,-44.90949616117,-50.1924161964056,,,,Argentina,CO2
GCAM 5.3,R_MAC_90_n8,ARG,Emissions|CO2|Energy|Supply|Gases,Mt CO2/yr,,,,2.685122244102,,,2.702560912354,,,,,2.73526024866,,2.80067273605253,,,,,2.93266254949551,3.15440362724198,3.34079117817328,3.49890098921551,3.60938568067119,3.69103200714534,3.74534533270559,3.76417628472733,3.75178944195272,3.54609582136001,3.29256103954355,3.00093984571388,2.68811025134046,2.28959783135243,2.18324552860499,2.07028284549177,,,,Argentina,CO2
GCAM 5.3,R_MAC_90_n8,ARG,Emissions|CO2|Energy|Supply|Liquids,Mt CO2/yr,,,,7.04208007336749,,,13.7911442554639,,,,,9.83622023823126,,9.32931909286401,,,,,9.05960242156666,7.9979988075318,5.84307778048212,2.24904177183247,-2.86298175558851,-8.05964714698948,-12.3141714441767,-16.352086509538,-23.85260818355,-33.6204692639909,-41.5067722440069,-48.8766139160683,-55.9486869109838,-58.2864700658151,-51.3829192621395,-48.8848079784252,,,,Argentina,CO2
GCAM 5.3,R_MAC_90_n8,ARG,Emissions|CO2|Energy|Supply|Solids,Mt CO2/yr,,,,-1.46666650416393e-06,,,0.0,,,,,-1.86999090281082e-05,,-6.23333107596974e-06,,,,,0.0,-1.61332857931989e-05,0.0,-5.13334892137137e-06,0.0,-3.66666504425108e-07,-3.66665755891062e-06,-3.66666336214157e-07,-3.66666208269117e-07,-1.64999429574472e-06,-1.09999588075676e-06,-3.66665845436765e-07,0.0,-1.0999981270024e-07,0.0,0.0,,,,Argentina,CO2
GCAM 5.3,R_MAC_90_n8,ARG,Emissions|CO2|Industrial Processes,Mt CO2/yr,,,,8.69051474328464,,,10.1062288174579,,,,,10.0412191275443,,9.91934734642447,,,,,6.6134396662082,6.10813746804215,5.64385641932397,5.03529830512528,3.9996977833895,2.71820915314675,1.37752905223183,0.0385834993287443,-1.87569659620043,-5.06494444178593,-9.43644729534688,-15.0781902263211,-21.7485565587355,-27.1227230701843,-25.58419993895,-25.6226904909445,,,,Argentina,CO2
GCAM 5.3,R_MAC_90_n8,ARG,Emissions|N2O|AFOLU,Mt CO2e/yr,,,,68.63807932377013,,,71.67913016887842,,,,,72.9336404956756,,77.47361980442858,,,,,81.89470282260649,84.74814811364129,86.54393617578373,87.86029852468214,89.51408276743022,89.636777271491,89.86539013124974,89.9367240319649,89.62921269873672,88.68726781995089,86.87156076645773,84.35525851495142,81.73503304890079,78.60438461440656,77.27706538945958,75.95149793397648,,,,Argentina,N2O
GCAM 5.3,R_MAC_95_n0,ARG,Carbon Sequestration|CCS|Biomass,Mt CO2/yr,,,,0.0,,,0.0,,,,,0.0,,0.0,,,,,0.946102268675956,3.00456051680851,6.18783194853013,10.2229798310284,15.0322503822348,19.7585445415645,24.0031421011036,28.3445722037791,34.1715843378407,43.3605970712054,54.5655511238375,64.0977413567335,71.59434967251,78.5258954829171,85.6676551632046,85.1508680695873,,,,Argentina,
GCAM 5.3,R_MAC_95_n0,ARG,Emissions|CH4|AFOLU,Mt CO2e/yr,,,,91.99554277707416,,,92.9799504644794,,,,,93.89843331983576,,96.00489789606772,,,,,101.301929712249,107.13474226671944,109.82171534165887,113.68819464031262,116.80036530793483,119.52181692278799,120.67446835112649,120.69162358792589,120.43607266496876,119.1144038699748,117.34668135054089,114.85743349574255,112.0666199929343,109.10925081384777,106.052658171789,105.29604311995833,,,,Argentina,CH4
GCAM 5.3,R_MAC_95_n0,ARG,Emissions|CO2|AFOLU,Mt CO2/yr,,,,153.327409377674,,,131.264995034735,,,,,172.144477044632,,35.0739249378287,,,,,15.2990341495802,-0.327280658040989,-10.1525966113704,-19.0227613565445,-22.5954796851469,-24.9342346116369,-24.0842617193429,-23.259788596807,-22.8423442446077,-23.2126894297034,-22.8378600042847,-22.3385332473047,-22.4641444343238,-22.8964769539852,-23.3925649090106,-19.5510584207444,,,,Argentina,CO2
GCAM 5.3,R_MAC_95_n0,ARG,Emissions|CO2|Energy and Industrial Processes,Mt CO2/yr,,,,155.421852301149,,,189.989758898461,,,,,198.823361032232,,200.546738212888,,,,,195.351109772053,191.025526851391,183.463308848006,173.556825474416,161.839142517025,149.630554552715,137.686210522903,125.129368122379,110.263032907839,92.704798055449,71.3545335507829,48.9818375363623,26.8994118632833,4.54492390418285,-19.2879077923946,-18.8412730478025,,,,Argentina,CO2
GCAM 5.3,R_MAC_95_n0,ARG,Emissions|CO2|Energy|Demand,Mt CO2/yr,,,,106.866269355,,,121.176980501982,,,,,125.741115388547,,126.419213354714,,,,,129.176556374651,132.185402427339,134.351985066284,135.254662029516,135.250540306775,134.009850193972,131.432190260922,127.879775393629,123.511164807694,118.714584240045,112.65857712924,104.042941062605,94.0057272892071,83.8126548593443,73.3170730462771,74.3458965374186,,,,Argentina,CO2
GCAM 5.3,R_MAC_95_n0,ARG,Emissions|CO2|Energy|Demand|Industry,Mt CO2/yr,,,,46.7430461154697,,,47.5358571421497,,,,,48.1219269248479,,52.097760409597,,,,,52.7209898953354,53.5826100807362,54.0722471695745,54.4855966465909,54.7943158553153,54.6301747784873,53.4060893372804,51.3959277782166,49.4773756309537,48.1863505996816,46.7064892790694,43.722550132103,39.8529370978016,35.9673718501944,31.801780903447,32.8791920574896,,,,Argentina,CO2
GCAM 5.3,R_MAC_95_n0,ARG,Emissions|CO2|Energy|Demand|Residential and Commercial,Mt CO2/yr,,,,19.6509081527955,,,25.0353412686843,,,,,26.2273485878507,,24.2335652484942,,,,,23.5841703404212,22.7513338151891,21.9126410431702,20.9756636135616,19.6894178666488,18.0844245133148,15.9945827202779,13.5715331259901,10.9568689612293,8.33113272284928,6.04993272482783,4.12186614638235,2.61199296907798,1.56735484633129,0.91447166422967,0.833532496853826,,,,Argentina,CO2
GCAM 5.3,R_MAC_95_n0,ARG,Emissions|CO2|Energy|Demand|Residential and Commercial|Commercial,Mt CO2/yr,,,,2.77437328304181,,,3.41722827058413,,,,,3.59886950663336,,3.19741528585166,,,,,2.97074036150594,2.81906073790864,2.69190723490903,2.56004944193893,2.37393346934136,2.15027068851236,1.86227177409943,1.54181090927325,1.20997906860562,0.89394023708918,0.632007831031655,0.420413286698551,0.261884963146657,0.155884765507881,0.0907746057635261,0.0836597200153664,,,,Argentina,CO2
GCAM 5.3,R_MAC_95_n0,ARG,Emissions|CO2|Energy|Demand|Residential and Commercial|Residential,Mt CO2/yr,,,,16.8765348697537,,,21.6181129981001,,,,,22.6284790812174,,21.0361499626426,,,,,20.6134299789153,19.9322730772805,19.2207338082612,18.4156141716227,17.3154843973075,15.9341538248024,14.1323109461785,12.0297222167169,9.74688989262371,7.4371924857601,5.41792489379618,3.7014528596838,2.35010800593133,1.41147008082341,0.823697058466144,0.749872776838459,,,,Argentina,CO2
GCAM 5.3,R_MAC_95_n0,ARG,Emissions|CO2|Energy|Demand|Transportation,Mt CO2/yr,,,,40.4723150867346,,,48.605782091148,,,,,51.3918398758485,,50.0878876966227,,,,,52.8713961388938,55.8514585314135,58.3670968535396,59.7934017693637,60.7668065848106,61.2952509021703,62.0315182033633,62.9123144894219,63.076920215511,62.1971009175145,59.9021551253428,56.1985247841194,51.5407972223275,46.2779281628186,40.6008204786004,40.6331719830752,,,,Argentina,CO2
GCAM 5.3,R_MAC_95_n0,ARG,Emissions|CO2|Energy|Supply,Mt CO2/yr,,,,39.8650682028649,,,58.706549579021,,,,,63.0410265161409,,64.2081775117491,,,,,59.1605000280336,52.2796825611185,42.9534362793774,32.6388209134925,21.7671782426057,11.8243337502276,3.46858434531583,-4.65606670454603,-14.11503636988,-25.5590743019276,-39.0109679578939,-50.2885475597279,-59.1786043351522,-67.4648541262943,-75.9814892536755,-75.9728918066964,,,,Argentina,CO2
GCAM 5.3,R_MAC_95_n0,ARG,Emissions|CO2|Energy|Supply|Electricity,Mt CO2/yr,,,,30.1378673520619,,,42.2128444112031,,,,,50.4695647291587,,51.9997426019201,,,,,47.000539456848,40.8361180674762,33.2486945089605,25.9314640255307,19.3343284314641,13.5890510597987,8.37160371204843,2.57303411956946,-3.81769475248929,-9.9993986606551,-16.4996042982968,-21.6904880355693,-25.8085510109515,-29.2938702926068,-32.1236667219926,-34.0843732915921,,,,Argentina,CO2
GCAM 5.3,R_MAC_95_n0,ARG,Emissions|CO2|Energy|Supply|Gases,Mt CO2/yr,,,,2.685122244102,,,2.702560912354,,,,,2.73526024866,,2.80067273605253,,,,,2.95423210268521,3.18355344598681,3.37934304911068,3.5479328738385,3.67183275268101,3.77399434624829,3.85495193446782,3.91203933340951,3.92981527418861,3.786261103997,3.60147686447369,3.42136115304956,3.27177792130365,3.11226559647914,2.91008020384097,2.84730148789418,,,,Argentina,CO2
GCAM 5.3,R_MAC_95_n0,ARG,Emissions|CO2|Energy|Supply|Liquids,Mt CO2/yr,,,,7.04208007336749,,,13.7911442554639,,,,,9.83622023823126,,9.32931909286401,,,,,9.13215713335965,8.21220913123137,6.32486698566372,3.15444244297363,-1.24842809933416,-5.53426420020013,-8.64393360514668,-10.6891182334894,-13.198842834854,-17.1617670231049,-23.271428933074,-29.0937104255575,-33.8178749256236,-38.3532959934836,-43.5931195432125,-42.1789838384888,,,,Argentina,CO2
GCAM 5.3,R_MAC_95_n0,ARG,Emissions|CO2|Energy|Supply|Solids,Mt CO2/yr,,,,-1.46666650416393e-06,,,0.0,,,,,-1.86999090281082e-05,,-6.23333107596974e-06,,,,,0.0,0.0,0.0,0.0,0.0,0.0,-3.66666029005893e-06,-2.2000043917817e-06,0.0,0.0,0.0,-1.72332631329653e-06,-1.46666600004274e-07,0.0,-4.03332372496474e-07,-2.56665940026682e-07,,,,Argentina,CO2
GCAM 5.3,R_MAC_95_n0,ARG,Emissions|CO2|Industrial Processes,Mt CO2/yr,,,,8.69051474328464,,,10.1062288174579,,,,,10.0412191275443,,9.91934734642447,,,,,7.01405336936932,6.56044186293352,6.15788750234409,5.66334253140756,4.82142396764422,3.79637060851496,2.78543591666587,1.90565943329597,0.86690447002499,-0.450711882668788,-2.29307562056327,-4.77255596651454,-7.92771109077162,-11.8028768288672,-16.6234915849962,-17.2142777785246,,,,Argentina,CO2
GCAM 5.3,R_MAC_95_n0,ARG,Emissions|N2O|AFOLU,Mt CO2e/yr,,,,68.63807932377013,,,71.67913016887842,,,,,72.9336404956756,,77.47361980442858,,,,,81.97460062109081,84.91616257429006,86.7843140437444,88.20443422151551,90.15825309947601,91.18289423338915,91.67004600605915,91.42173560957701,91.58775581913402,91.0606576685382,90.3899018592873,89.1991995447817,87.22460201159932,84.73486276673499,81.98437968274825,80.79280640045843,,,,Argentina,N2O
GCAM 5.3,R_MAC_95_n8,ARG,Carbon Sequestration|CCS|Biomass,Mt CO2/yr,,,,0.0,,,0.0,,,,,0.0,,0.0,,,,,1.09203546127594,3.47098364087727,7.13037531721588,11.7279290948419,17.2878617582903,22.948906042264,28.5416514116953,35.3979258183263,46.1343057370274,60.964176263864,73.1047162699827,82.4914194736193,91.3751172999448,99.7857670159154,111.083013833995,110.931279708481,,,,Argentina,
GCAM 5.3,R_MAC_95_n8,ARG,Emissions|CH4|AFOLU,Mt CO2e/yr,,,,91.99554277707416,,,92.9799504644794,,,,,93.89843331983576,,96.00489789606772,,,,,101.25588297498996,106.9716340235998,109.66478389640116,113.23572894930518,116.09346559341917,118.3265772760551,118.82998278424112,118.74006164800275,117.59895576662072,115.57674945683692,112.81712877165668,109.57163791851173,106.2418493537338,102.92757094342828,99.06348998940464,98.29967931058408,,,,Argentina,CH4
GCAM 5.3,R_MAC_95_n8,ARG,Emissions|CO2|AFOLU,Mt CO2/yr,,,,153.327409377674,,,131.264995034735,,,,,172.144477044632,,35.0739249378287,,,,,14.7823708090604,-1.31840445177721,-11.6488533530574,-20.9685832253515,-24.6267988518519,-27.4563379310352,-26.8857464725265,-26.3632550053211,-25.9352960615247,-25.3038684203362,-24.794141260806,-24.7893236890953,-24.9945890981436,-25.1692601257845,-25.9539262560254,-22.0892221988688,,,,Argentina,CO2
GCAM 5.3,R_MAC_95_n8,ARG,Emissions|CO2|Energy and Industrial Processes,Mt CO2/yr,,,,155.421852301149,,,189.989758898461,,,,,198.823361032232,,200.546738212888,,,,,193.038431135677,187.139864272758,177.895608013274,166.041756628913,151.641068520827,135.963340520931,119.16957619081,99.5787220280762,75.7108780131147,46.253307881448,16.5046932349498,-12.1302371527535,-41.0053030993304,-68.9001428847852,-88.1779556153222,-83.0669130524083,,,,Argentina,CO2
GCAM 5.3,R_MAC_95_n8,ARG,Emissions|CO2|Energy|Demand,Mt CO2/yr,,,,106.866269355,,,121.176980501982,,,,,125.741115388547,,126.419213354714,,,,,128.03270071168,130.531612566839,132.094287362108,132.093974008232,130.62610958002,127.265711484622,121.55386363215,113.632483817688,104.774436966703,94.8865757285447,83.0289496126135,70.1426451729205,57.7102845244881,46.7759903399636,43.1852168964854,47.7013773167348,,,,Argentina,CO2
GCAM 5.3,R_MAC_95_n8,ARG,Emissions|CO2|Energy|Demand|Industry,Mt CO2/yr,,,,46.7430461154697,,,47.5358571421497,,,,,48.1219269248479,,52.097760409597,,,,,52.0612984949733,52.6288414945156,52.7620953187051,52.6100225224674,51.9836097354475,50.4119438800479,47.1493357949396,42.3018821943411,37.635510761289,33.6981961289057,29.2961488660394,24.4914841723324,19.8737937771683,15.7014138192363,16.9023062630786,20.9791674386938,,,,Argentina,CO2
GCAM 5.3,R_MAC_95_n8,ARG,Emissions|CO2|Energy|Demand|Residential and Commercial,Mt CO2/yr,,,,19.6509081527955,,,25.0353412686843,,,,,26.2273485878507,,24.2335652484942,,,,,23.266048356451,22.3071983440878,21.3478273521658,20.2529339627345,18.7211601105736,16.7888283498073,14.2144242579452,11.1828089855055,8.18245389589174,5.50307799542009,3.33671602422863,1.84543563782493,0.960384631139963,0.492997206575732,0.234387669494262,0.210949785645694,,,,Argentina,CO2
GCAM 5.3,R_MAC_95_n8,ARG,Emissions|CO2|Energy|Demand|Residential and Commercial|Commercial,Mt CO2/yr,,,,2.77437328304181,,,3.41722827058413,,,,,3.59886950663336,,3.19741528585166,,,,,2.91129715813882,2.74299730908717,2.59916414455161,2.44418751673006,2.22303821176906,1.95536567735279,1.60701675769409,1.22054798102367,0.862420127613566,0.561073110830392,0.329681084650643,0.178593788835357,0.0921426707012426,0.0472485151085402,0.0227623627827367,0.0208417085145622,,,,Argentina,CO2
GCAM 5.3,R_MAC_95_n8,ARG,Emissions|CO2|Energy|Demand|Residential and Commercial|Residential,Mt CO2/yr,,,,16.8765348697537,,,21.6181129981001,,,,,22.6284790812174,,21.0361499626426,,,,,20.3547511983122,19.5642010350007,18.7486632076141,17.8087464460044,16.4981218988046,14.8334626724545,12.6074075002511,9.96226100448187,7.32003376827817,4.9420048845897,3.00703493957799,1.66684184898957,0.868241960438721,0.445748691467192,0.211625306711526,0.190108077131131,,,,Argentina,CO2
GCAM 5.3,R_MAC_95_n8,ARG,Emissions|CO2|Energy|Demand|Transportation,Mt CO2/yr,,,,40.4723150867346,,,48.605782091148,,,,,51.3918398758485,,50.0878876966227,,,,,52.7053538602557,55.5955727282358,57.9843646912368,59.23101752303,59.9213397339985,60.0649392547666,60.1901035792648,60.1477926378409,58.956472309522,55.6853016042189,50.3960847223454,43.8057253627631,36.8761061161799,30.5815793141516,26.0485229639125,26.5112600923953,,,,Argentina,CO2
GCAM 5.3,R_MAC_95_n8,ARG,Emissions|CO2|Energy|Supply,Mt CO2/yr,,,,39.8650682028649,,,58.706549579021,,,,,63.0410265161409,,64.2081775117491,,,,,58.2791372862618,50.3755710222242,40.0160705700428,28.7367831338985,16.7785468976138,5.65724616799699,-4.20037987709098,-14.6824418766027,-28.1327291375918,-45.2861186690796,-59.8078747957871,-71.0836741787378,-81.7672753287063,-92.0115820115206,-104.680377241999,-104.877829077387,,,,Argentina,CO2
GCAM 5.3,R_MAC_95_n8,ARG,Emissions|CO2|Energy|Supply|Electricity,Mt CO2/yr,,,,30.1378673520619,,,42.2128444112031,,,,,50.4695647291587,,51.9997426019201,,,,,46.1976677046439,39.1340899408321,30.7325981807308,22.7739043203739,15.6108117195006,9.35459966161011,3.49754509799861,-3.08212431382386,-9.65292995328108,-16.6436734953603,-23.6124540491548,-28.5653842409235,-32.2403802516477,-35.4000984466622,-43.3764043950152,-49.1181254168461,,,,Argentina,CO2
GCAM 5.3,R_MAC_95_n8,ARG,Emissions|CO2|Energy|Supply|Gases,Mt CO2/yr,,,,2.685122244102,,,2.702560912354,,,,,2.73526024866,,2.80067273605253,,,,,2.93895390454245,3.16278530502563,3.3519192877221,3.5132720831469,3.6281888151157,3.71669569203797,3.78096216949855,3.81324910675023,3.81110042767954,3.62606367715938,3.40347554396538,3.1636752357081,2.91983928216241,2.65230223798738,2.20385223970144,2.09140300875622,,,,Argentina,CO2
GCAM 5.3,R_MAC_95_n8,ARG,Emissions|CO2|Energy|Supply|Liquids,Mt CO2/yr,,,,7.04208007336749,,,13.7911442554639,,,,,9.83622023823126,,9.32931909286401,,,,,9.08129846543858,8.06135666091452,5.98691255957215,2.52190188510405,-2.36287933179329,-7.24822150735756,-11.0671243081642,-14.1958158959861,-19.7390392857414,-28.179523483927,-35.3795779833534,-41.6581557041233,-48.5342003521423,-55.3426635946616,-54.0242945470125,-49.6901302464068,,,,Argentina,CO2
GCAM 5.3,R_MAC_95_n8,ARG,Emissions|CO2|Energy|Supply|Solids,Mt CO2/yr,,,,-1.46666650416393e-06,,,0.0,,,,,-1.86999090281082e-05,,-6.23333107596974e-06,,,,,0.0,0.0,0.0,-1.50332241308866e-05,-5.86667133248038e-06,0.0,-3.66667013209334e-07,-7.33334558181976e-07,-2.19999307530786e-06,0.0,-1.28333073335298e-06,-1.10000116609703e-07,0.0,0.0,0.0,-3.66666140840137e-08,,,,Argentina,CO2
GCAM 5.3,R_MAC_95_n8,ARG,Emissions|CO2|Industrial Processes,Mt CO2/yr,,,,8.69051474328464,,,10.1062288174579,,,,,10.0412191275443,,9.91934734642447,,,,,6.72659313773558,6.2326806836945,5.78525008112394,5.21099948678305,4.23641204319304,3.04038286831256,1.81609243575128,0.628680086991402,-0.930829815996274,-3.34714917801702,-6.71638158187666,-11.1892081469361,-16.9483122951123,-23.6645512132282,-26.6827952698089,-25.8904612917565,,,,Argentina,CO2
GCAM 5.3,R_MAC_95_n8,ARG,Emissions|N2O|AFOLU,Mt CO2e/yr,,,,68.63807932377013,,,71.67913016887842,,,,,72.9336404956756,,77.47361980442858,,,,,81.91762578187299,84.80006929820789,86.61894400563988,87.96726366408762,89.73208186693432,90.18770340553073,90.16628364415881,90.38803335917682,90.20649516103325,89.50252456751532,88.1331598430515,85.93074810965217,83.35212448328438,80.63692081248614,77.10250356620585,75.82670664623363,,,,Argentina,N2O
GCAM 5.3,R_MAC_99_n0,ARG,Carbon Sequestration|CCS|Biomass,Mt CO2/yr,,,,0.0,,,0.0,,,,,0.0,,0.0,,,,,0.906830263105774,2.87390298893055,5.92120175462435,9.7955892571747,14.4016867979108,18.8954727957701,22.8454869185289,26.722478506316,31.7033075737853,39.2337237223685,49.3565126879553,58.9403792315491,66.5775368671695,73.0739184591162,79.401978318241,86.50628147265,,,,Argentina,
GCAM 5.3,R_MAC_99_n0,ARG,Emissions|CH4|AFOLU,Mt CO2e/yr,,,,91.99554277707416,,,92.9799504644794,,,,,93.89843331983576,,96.00489789606772,,,,,101.31390829551124,107.18096357784536,109.9114994550356,113.83186212354686,116.98865319488004,119.81787338203509,121.21314818272828,121.1914016045586,121.16449205020244,120.1112379892617,118.56333649794257,116.333035111426,113.76914578187395,110.98859312766176,108.032538898921,105.04909736023109,,,,Argentina,CH4
GCAM 5.3,R_MAC_99_n0,ARG,Emissions|CO2|AFOLU,Mt CO2/yr,,,,153.327409377674,,,131.264995034735,,,,,172.144477044632,,35.0739249378287,,,,,15.4528727270737,-0.0159568867901385,-9.65814252460273,-18.4345695728128,-21.9873530722248,-24.2143653597828,-23.2919432337477,-22.4383431851703,-21.8571290621826,-22.3937680988981,-22.3305192977704,-21.766601929711,-21.7166016827481,-22.1199157166866,-22.6881117034841,-23.2457763235184,,,,Argentina,CO2
GCAM 5.3,R_MAC_99_n0,ARG,Emissions|CO2|Energy and Industrial Processes,Mt CO2/yr,,,,155.421852301149,,,189.989758898461,,,,,198.823361032232,,200.546738212888,,,,,196.049027631784,192.217196237105,185.172895822944,175.852465862083,164.885984161932,153.570545072011,142.768171297857,131.84146839763,118.97556395977,104.534022269383,85.8850639550443,65.4240112844478,45.1611515547591,24.9782749227894,3.79772541308847,-19.5806967681664,,,,Argentina,CO2
GCAM 5.3,R_MAC_99_n0,ARG,Emissions|CO2|Energy|Demand,Mt CO2/yr,,,,106.866269355,,,121.176980501982,,,,,125.741115388547,,126.419213354714,,,,,129.525113020981,132.700324947396,135.051878526527,136.218587297088,136.610932099771,135.903507354848,134.069297769219,131.638957609292,128.569414416487,125.086146820099,120.450666795116,113.449289380579,104.773670645173,95.4974945427385,85.6855433353041,75.2887394160328,,,,Argentina,CO2
GCAM 5.3,R_MAC_99_n0,ARG,Emissions|CO2|Energy|Demand|Industry,Mt CO2/yr,,,,46.7430461154697,,,47.5358571421497,,,,,48.1219269248479,,52.097760409597,,,,,52.9222902162468,53.8801962701062,54.479100578395,55.058441349576,55.6209152639706,55.8138271515786,55.0730670246839,53.7948376136888,52.7002172047451,52.151441469931,51.4365776554164,49.3065315592936,46.0432793254999,42.5066569463727,38.6097830469189,33.9498945467034,,,,Argentina,CO2
GCAM 5.3,R_MAC_99_n0,ARG,Emissions|CO2|Energy|Demand|Residential and Commercial,Mt CO2/yr,,,,19.6509081527955,,,25.0353412686843,,,,,26.2273485878507,,24.2335652484942,,,,,23.680526741586,22.8894169679799,22.0881949497941,21.1967126822426,19.9767012265539,18.4518585725678,16.478949354267,14.2236100066305,11.7587206734868,9.21695078047129,6.94861735136527,4.98408551598571,3.36072523576919,2.13920675131216,1.31188271155794,0.798719317586439,,,,Argentina,CO2
GCAM 5.3,R_MAC_99_n0,ARG,Emissions|CO2|Energy|Demand|Residential and Commercial|Commercial,Mt CO2/yr,,,,2.77437328304181,,,3.41722827058413,,,,,3.59886950663336,,3.19741528585166,,,,,2.98898257077757,2.84303405609943,2.7211124293941,2.59601550157717,2.41950327531957,2.20684878307577,1.93403595864557,1.63377979344213,1.31651800854632,1.00430385941061,0.738264283219811,0.517543824616188,0.342678066920377,0.215808818257377,0.131794304616441,0.0802019677088938,,,,Argentina,CO2
GCAM 5.3,R_MAC_99_n0,ARG,Emissions|CO2|Energy|Demand|Residential and Commercial|Residential,Mt CO2/yr,,,,16.8765348697537,,,21.6181129981001,,,,,22.6284790812174,,21.0361499626426,,,,,20.6915441708084,20.0463829118805,19.3670825204,18.6006971806654,17.5571979512344,16.245009789492,14.5449133956215,12.5898302131884,10.4422026649405,8.21264692106068,6.21035306814546,4.46654169136952,3.01804716884881,1.92339793305478,1.1800884069415,0.718517349877545,,,,Argentina,CO2
GCAM 5.3,R_MAC_99_n0,ARG,Emissions|CO2|Energy|Demand|Transportation,Mt CO2/yr,,,,40.4723150867346,,,48.605782091148,,,,,51.3918398758485,,50.0878876966227,,,,,52.9222960631481,55.93071170931,58.4845829983376,59.9634332652689,61.013315609246,61.6378216307022,62.5172813902682,63.6205099889722,64.1104765382552,63.717754569697,62.0654717883347,59.1586723052994,55.3696660839041,50.8516308450537,45.7638775768273,40.540125551743,,,,Argentina,CO2
GCAM 5.3,R_MAC_99_n0,ARG,Emissions|CO2|Energy|Supply,Mt CO2/yr,,,,39.8650682028649,,,58.706549579021,,,,,63.0410265161409,,64.2081775117491,,,,,59.4189198170417,52.8490123283794,43.8406761311667,33.8234223457841,23.2688489265306,13.6413818823313,5.63491160435138,-2.0536102381738,-10.9219966814514,-20.7604028224096,-33.2062622360796,-44.5746856428369,-53.5767372428943,-61.3423925248755,-68.8797642328208,-77.4481487419702,,,,Argentina,CO2
GCAM 5.3,R_MAC_99_n0,ARG,Emissions|CO2|Energy|Supply|Electricity,Mt CO2/yr,,,,30.1378673520619,,,42.2128444112031,,,,,50.4695647291587,,51.9997426019201,,,,,47.2356156208802,41.344482889165,34.0112003317417,26.8972537877207,20.4757504537917,14.8791143733461,9.82419060687791,4.20262413664325,-2.15814333415734,-8.04628117969044,-14.39196056501,-19.6166920572392,-23.8483438055322,-27.4260201187691,-30.3490243369922,-34.0753714501524,,,,Argentina,CO2
GCAM 5.3,R_MAC_99_n0,ARG,Emissions|CO2|Energy|Supply|Gases,Mt CO2/yr,,,,2.685122244102,,,2.702560912354,,,,,2.73526024866,,2.80067273605253,,,,,2.95888004107373,3.19003560406507,3.38784180208798,3.55861576224084,3.68496305307882,3.79070902221136,3.87524878141406,3.9373020379957,3.95827637029418,3.82857751535517,3.65056781069275,3.47843229514615,3.34246982197299,3.20056039032803,3.02736534857414,2.82770483079504,,,,Argentina,CO2
GCAM 5.3,R_MAC_99_n0,ARG,Emissions|CO2|Energy|Supply|Liquids,Mt CO2/yr,,,,7.04208007336749,,,13.7911442554639,,,,,9.83622023823126,,9.32931909286401,,,,,9.14708985203858,8.25746237831241,6.42481474016619,3.34047485950886,-0.930257799435582,-5.06411747208459,-8.01445182728112,-9.87933369514143,-11.9698982662302,-14.8594168515114,-20.0833321569928,-25.8004741210069,-30.4645605714839,-34.3986636114867,-38.550244521258,-43.0728815596134,,,,Argentina,CO2
GCAM 5.3,R_MAC_99_n0,ARG,Emissions|CO2|Energy|Supply|Solids,Mt CO2/yr,,,,-1.46666650416393e-06,,,0.0,,,,,-1.86999090281082e-05,,-6.23333107596974e-06,,,,,0.0,0.0,0.0,0.0,0.0,0.0,0.0,-2.5666697957866e-06,0.0,-3.66667334388104e-07,-1.46666265210061e-06,-2.93332303092977e-06,0.0,-2.93333021133687e-07,-3.66666658563234e-08,0.0,,,,Argentina,CO2
GCAM 5.3,R_MAC_99_n0,ARG,Emissions|CO2|Industrial Processes,Mt CO2/yr,,,,8.69051474328464,,,10.1062288174579,,,,,10.0412191275443,,9.91934734642447,,,,,7.10499479376173,6.66785896132953,6.28034116525065,5.81045621921096,5.00620313563108,4.0256558348311,3.06396192428651,2.25612102651207,1.32814622473436,0.208278271692793,-1.35934060399239,-3.45059245329399,-6.03578184751977,-9.17682709507358,-13.0080536893948,-17.421287442229,,,,Argentina,CO2
GCAM 5.3,R_MAC_99_n0,ARG,Emissions|N2O|AFOLU,Mt CO2e/yr,,,,68.63807932377013,,,71.67913016887842,,,,,72.9336404956756,,77.47361980442858,,,,,81.98973872614899,84.95014460313189,86.83132995697743,88.26949156294022,90.26412566196207,91.41945879418198,92.16262144368525,91.69896301825567,91.9769175498952,91.53792405213375,90.91717832888718,89.89800209886187,88.27352560607244,86.0138871354429,83.32177279722033,80.56285348923112,,,,Argentina,N2O
GCAM 5.3,R_MAC_99_n8,ARG,Carbon Sequestration|CCS|Biomass,Mt CO2/yr,,,,0.0,,,0.0,,,,,0.0,,0.0,,,,,1.03597313484603,3.29570876694319,6.77789774217247,11.1647263816417,16.4346159100559,21.7196116958433,26.7366810036071,32.4616436717249,41.0173664338512,54.077922758841,66.1663724534576,75.1814195517072,83.4309927031417,91.6949458901857,98.9979498243252,112.590230552533,,,,Argentina,
GCAM 5.3,R_MAC_99_n8,ARG,Emissions|CH4|AFOLU,Mt CO2e/yr,,,,91.99554277707416,,,92.9799504644794,,,,,93.89843331983576,,96.00489789606772,,,,,101.27203016762749,107.03299709014921,109.71716834297743,113.38056375206597,116.36811580551695,118.80717967885397,119.3071646959276,119.50191764203112,118.69806257104742,116.89458580534644,114.55408304246453,111.5481497942952,108.37493081823771,105.17971142787977,101.94251273074484,98.0926102609754,,,,Argentina,CH4
GCAM 5.3,R_MAC_99_n8,ARG,Emissions|CO2|AFOLU,Mt CO2/yr,,,,153.327409377674,,,131.264995034735,,,,,172.144477044632,,35.0739249378287,,,,,14.9717098679841,-0.969728260851517,-11.1127642808065,-20.2686314673995,-23.8831645923673,-26.5098090609869,-25.8465873427859,-25.1902259310472,-24.8639575319905,-24.5747030234181,-23.9745380607261,-23.8321623631768,-24.1228476435977,-24.3843572854434,-24.6618789124496,-25.6213303803706,,,,Argentina,CO2
GCAM 5.3,R_MAC_99_n8,ARG,Emissions|CO2|Energy and Industrial Processes,Mt CO2/yr,,,,155.421852301149,,,189.989758898461,,,,,198.823361032232,,200.546738212888,,,,,193.879629458596,188.540453981945,179.900320688164,168.762286794773,155.390222883227,141.080181317498,126.28162773357,109.492674118476,89.3196311930079,64.3705336128596,37.758368997827,11.6290605688626,-14.8969331734467,-42.0242646360861,-68.1739575864795,-85.5458933235509,,,,Argentina,CO2
GCAM 5.3,R_MAC_99_n8,ARG,Emissions|CO2|Energy|Demand,Mt CO2/yr,,,,106.866269355,,,121.176980501982,,,,,125.741115388547,,126.419213354714,,,,,128.446465655039,131.123088514221,132.903440232275,133.239633878003,132.340657411901,129.82185732496,125.385681075677,119.09677985891,111.863554210772,104.101094188537,94.4942198346694,82.7840751323823,70.8245570720414,59.4771202789055,48.8094226722835,47.7239450021332,,,,Argentina,CO2
GCAM 5.3,R_MAC_99_n8,ARG,Emissions|CO2|Energy|Demand|Industry,Mt CO2/yr,,,,46.7430461154697,,,47.5358571421497,,,,,48.1219269248479,,52.097760409597,,,,,52.2996453907088,52.9695095571988,53.2312926112831,53.2892597539477,53.0257685215173,52.0112362285739,49.577753285015,45.7859831809335,42.0845572508026,39.2294061034578,35.8966133347183,31.4757788679267,26.9565925061946,22.6207715704467,18.019551285648,21.0717965341552,,,,Argentina,CO2
GCAM 5.3,R_MAC_99_n8,ARG,Emissions|CO2|Energy|Demand|Residential and Commercial,Mt CO2/yr,,,,19.6509081527955,,,25.0353412686843,,,,,26.2273485878507,,24.2335652484942,,,,,23.3814933092027,22.4662186188451,21.5499632419267,20.5147107530066,19.0791547046642,17.2773921369158,14.898871963174,12.0838576074348,9.19067706079516,6.50435207264557,4.26200393085164,2.5478645551138,1.41779669262616,0.764755071574786,0.409024519237869,0.199562912739054,,,,Argentina,CO2
GCAM 5.3,R_MAC_99_n8,ARG,Emissions|CO2|Energy|Demand|Residential and Commercial|Commercial,Mt CO2/yr,,,,2.77437328304181,,,3.41722827058413,,,,,3.59886950663336,,3.19741528585166,,,,,2.93273426796481,2.7700400385524,2.63213214623858,2.48584793043374,2.27834701077562,2.02804039481567,1.70357760547314,1.33883773719131,0.985108365834114,0.67572876275906,0.429650089251862,0.250934396776855,0.137980217840725,0.0741880695183148,0.0397366375244154,0.0197190168579103,,,,Argentina,CO2
GCAM 5.3,R_MAC_99_n8,ARG,Emissions|CO2|Energy|Demand|Residential and Commercial|Residential,Mt CO2/yr,,,,16.8765348697537,,,21.6181129981001,,,,,22.6284790812174,,21.0361499626426,,,,,20.4487590412379,19.6961785802927,18.9178310956881,18.0288628225729,16.8008076938885,15.2493517421001,13.1952943577008,10.7450198702435,8.20556869496105,5.82862330988651,3.83235384159978,2.29693015833694,1.27981647478544,0.690567002056472,0.369287881713454,0.179843895881144,,,,Argentina,CO2
GCAM 5.3,R_MAC_99_n8,ARG,Emissions|CO2|Energy|Demand|Transportation,Mt CO2/yr,,,,40.4723150867346,,,48.605782091148,,,,,51.3918398758485,,50.0878876966227,,,,,52.7653269551271,55.6873603381768,58.1221843790657,59.4356633710482,60.2357341857196,60.5332289594707,60.9090558274878,61.2269390705412,60.588319899174,58.3673360124338,54.3356025690994,48.7604317093418,42.4501678732207,36.091593636884,30.3808468673977,26.4525855552389,,,,Argentina,CO2
GCAM 5.3,R_MAC_99_n8,ARG,Emissions|CO2|Energy|Supply,Mt CO2/yr,,,,39.8650682028649,,,58.706549579021,,,,,63.0410265161409,,64.2081775117491,,,,,58.6044105806635,51.0704399969842,41.0818792696869,30.1526819198296,18.6036603882727,7.94127432614273,-1.28500481264526,-10.7184835273545,-22.3224579958521,-37.5955858131513,-51.9351363823509,-62.7428288209092,-72.5916361634146,-82.4985135083641,-91.5171680428348,-106.683824833874,,,,Argentina,CO2
GCAM 5.3,R_MAC_99_n8,ARG,Emissions|CO2|Energy|Supply|Electricity,Mt CO2/yr,,,,30.1378673520619,,,42.2128444112031,,,,,50.4695647291587,,51.9997426019201,,,,,46.4940840098056,39.7556174725487,31.644013704302,23.9151729304464,16.9603336650613,10.894812284051,5.29809649878967,-0.979979894926097,-7.48925306825906,-14.1849034806868,-20.9642017881819,-26.0215823144738,-29.8501370246256,-32.9801493387988,-35.5061786640119,-47.5659751555694,,,,Argentina,CO2
GCAM 5.3,R_MAC_99_n8,ARG,Emissions|CO2|Energy|Supply|Gases,Mt CO2/yr,,,,2.685122244102,,,2.702560912354,,,,,2.73526024866,,2.80067273605253,,,,,2.94449763834508,3.1702077880794,3.36175914909684,3.52581420046345,3.64425262258372,3.7381022321444,3.80955528386545,3.85207663097268,3.85831543871318,3.68801175941274,3.48429225218128,3.27334826256932,3.07441694402314,2.86068803281668,2.56877582138965,2.10637041695937,,,,Argentina,CO2
GCAM 5.3,R_MAC_99_n8,ARG,Emissions|CO2|Energy|Supply|Liquids,Mt CO2/yr,,,,7.04208007336749,,,13.7911442554639,,,,,9.83622023823126,,9.32931909286401,,,,,9.10012848428969,8.11623221506681,6.11078516347813,2.75498612399471,-1.9447838647081,-6.59090977357537,-10.1091657342049,-12.7200796565422,-16.8045226858283,-23.7094768412924,-30.7356750624561,-36.449055349183,-42.3939063512858,-48.9603112019452,-55.0193143282424,-51.4006584288307,,,,Argentina,CO2
GCAM 5.3,R_MAC_99_n8,ARG,Emissions|CO2|Energy|Supply|Solids,Mt CO2/yr,,,,-1.46666650416393e-06,,,0.0,,,,,-1.86999090281082e-05,,-6.23333107596974e-06,,,,,0.0,0.0,0.0,-2.20000701156916e-06,0.0,0.0,0.0,-4.03332257558899e-06,-2.56666116901148e-06,-3.29999684575505e-06,0.0,0.0,0.0,0.0,-7.33333467395231e-08,-3.29998604434288e-07,,,,Argentina,CO2
GCAM 5.3,R_MAC_99_n8,ARG,Emissions|CO2|Industrial Processes,Mt CO2/yr,,,,8.69051474328464,,,10.1062288174579,,,,,10.0412191275443,,9.91934734642447,,,,,6.82875322289343,6.34692547074062,5.91500118620154,5.36997099694097,4.4459050830533,3.31704966639467,2.18095147053891,1.11437778692072,-0.2214650219118,-2.13497476252631,-4.80071445449158,-8.41218574261045,-13.1298540820735,-19.0028714066275,-25.4662122159283,-26.5860134918105,,,,Argentina,CO2
GCAM 5.3,R_MAC_99_n8,ARG,Emissions|N2O|AFOLU,Mt CO2e/yr,,,,68.63807932377013,,,71.67913016887842,,,,,72.9336404956756,,77.47361980442858,,,,,81.93902851275661,84.8414424181162,86.68168570014626,88.05427837153802,89.90191019041023,90.59185089138393,90.41156461832777,90.77210853937945,90.71385325470361,90.10633099459501,89.11621794306367,87.2249891796383,84.74134782099605,82.12226907035424,79.30346305024388,75.62936627094986,,,,Argentina,N2O
GCAM 5.3,SSP1-DACCS-1p9-3pctHR,ARG,Carbon Sequestration|CCS|Biomass,Mt CO2/yr,,,,0.0,,,0.0,,,,,0.0,,0.21679300637512,,,,,3.99180406522458,7.65897634623718,12.5100402736513,19.6253127530202,29.2597400816785,43.5752284797261,63.7283116290907,78.04069832485,86.9884922056747,97.4276066613273,104.905936122186,112.75879641325,117.916612747667,119.974880806655,122.800556145929,124.48602875844,,,,Argentina,
GCAM 5.3,SSP1-DACCS-1p9-3pctHR,ARG,Carbon Sequestration|Direct Air Capture,Mt CO2/yr,,,,0.0,,,0.0,,,,,0.0,,0.0,,,,,0.0147042447367494,1.05469634045015,2.95281622490709,5.78925142121926,10.7609718889967,28.0432199252017,85.8328998863902,153.976341329635,201.606284234236,232.587031121794,244.710449643748,232.54666255432,222.861273515898,208.101937769883,195.130949710242,186.381223266413,,,,Argentina,
GCAM 5.3,SSP1-DACCS-1p9-3pctHR,ARG,Emissions|CH4|AFOLU,Mt CO2e/yr,,,,98.96332971412971,,,86.52614436537765,,,,,91.36266807868789,,89.21827879567456,,,,,85.9186188520884,84.31272742744852,82.61192200836624,81.00622576727099,79.61956165901836,78.695666171192,77.93463727333116,77.14409610021016,76.28984098439341,75.21699876635503,73.80515999388055,72.2410097890712,70.38094801548776,68.2980319555016,66.18067411219909,63.71680470177485,,,,Argentina,CH4
GCAM 5.3,SSP1-DACCS-1p9-3pctHR,ARG,Emissions|CO2|AFOLU,Mt CO2/yr,,,,153.321885346113,,,132.299103110167,,,,,170.236397981815,,33.4241200592053,,,,,-64.0390086930029,-143.07001615923,-153.196633791761,-170.600989834338,-172.383408702285,-165.781264997747,-143.49990610472,-115.21705802216,-84.9186355753158,-63.3241247463173,-46.4464908658614,-30.8589662486099,-25.8986156437214,-22.7421509027557,-24.4183937040106,-26.3209234427286,,,,Argentina,CO2
GCAM 5.3,SSP1-DACCS-1p9-3pctHR,ARG,Emissions|CO2|Energy and Industrial Processes,Mt CO2/yr,,,,155.421149065322,,,189.989010258565,,,,,203.391183587585,,210.03975827777,,,,,169.325763135203,147.920319028676,127.297411023198,102.033273113305,69.3177129323973,16.6998948340944,-82.439950886868,-179.289074503707,-246.73445368362,-296.765016609,-325.016518655123,-333.094778713671,-339.387572094532,-333.622532810477,-329.765224731924,-326.31436138069,,,,Argentina,CO2
GCAM 5.3,SSP1-DACCS-1p9-3pctHR,ARG,Emissions|CO2|Energy|Demand,Mt CO2/yr,,,,107.087752034382,,,121.360967837151,,,,,130.457427102846,,129.607380405448,,,,,114.778916011966,106.561151254897,98.7114804247904,89.6260289105709,78.8083541055027,66.5540637146701,54.6072808742797,45.9730022463104,38.7708264269974,33.0140375963337,26.7230220483106,18.6912000003217,12.5723871574108,8.66094369360222,5.56202352043353,3.76985478572641,,,,Argentina,CO2
GCAM 5.3,SSP1-DACCS-1p9-3pctHR,ARG,Emissions|CO2|Energy|Demand|Industry,Mt CO2/yr,,,,46.9642051111415,,,47.7195389961306,,,,,48.3328870507287,,46.4808937497385,,,,,39.8112806139436,38.6368606865761,37.716290230861,35.3504394204474,31.4623842744997,26.8106407804557,21.6883332615814,17.5534613734342,14.0258246121668,11.3123261613572,8.56105234988599,5.73200784062564,3.75017458319057,2.4974159394958,1.63570971516761,1.11117867230775,,,,Argentina,CO2
GCAM 5.3,SSP1-DACCS-1p9-3pctHR,ARG,Emissions|CO2|Energy|Demand|Residential and Commercial,Mt CO2/yr,,,,19.650795618337,,,25.035212038459,,,,,26.2345286531933,,24.8460342349257,,,,,19.9140296085752,18.8151558385914,18.1550928189904,17.0434909876978,15.2861631465214,12.9519192979456,10.2820974561756,8.09113579396192,6.2888346193579,4.94120866971632,3.70524322002894,2.59537658188568,1.7714534342077,1.20074797235014,0.799921232092173,0.539337570975327,,,,Argentina,CO2
GCAM 5.3,SSP1-DACCS-1p9-3pctHR,ARG,Emissions|CO2|Energy|Demand|Residential and Commercial|Commercial,Mt CO2/yr,,,,2.77426073964544,,,3.4170953782616,,,,,3.60039843431632,,3.25115931887387,,,,,2.42043472037638,2.30344701535416,2.24901113150966,2.1132666416694,1.87653034919408,1.5710874869622,1.2264564443058,0.949085510449324,0.724538618207008,0.562343905583756,0.414758704586999,0.28428216416853,0.191444434789421,0.129052662508756,0.0857455130788028,0.057828795145396,,,,Argentina,CO2
GCAM 5.3,SSP1-DACCS-1p9-3pctHR,ARG,Emissions|CO2|Energy|Demand|Residential and Commercial|Residential,Mt CO2/yr,,,,16.8765348786916,,,21.6181166601974,,,,,22.6341302188769,,21.5948749160518,,,,,17.4935948881988,16.5117088232372,15.9060816874807,14.9302243460284,13.4096327973273,11.3808318109834,9.05564101186976,7.14205028351259,5.5642960011509,4.37886476413256,3.29048451544195,2.31109441771715,1.58000899941828,1.07169530984138,0.714175719013371,0.481508775829931,,,,Argentina,CO2
GCAM 5.3,SSP1-DACCS-1p9-3pctHR,ARG,Emissions|CO2|Energy|Demand|Transportation,Mt CO2/yr,,,,40.4727513049037,,,48.6062168025609,,,,,55.8900113989235,,58.2804524207836,,,,,55.0536057894475,49.1091347297297,42.8400973749389,37.2320985024258,32.0598066844816,26.7915036362688,22.6368501565227,20.3284050789143,18.4561671954727,16.7605027652602,14.4567264783957,10.3638155778104,7.05075914001248,4.96277978175627,3.12639257317375,2.11933854244333,,,,Argentina,CO2
GCAM 5.3,SSP1-DACCS-1p9-3pctHR,ARG,Emissions|CO2|Energy|Supply,Mt CO2/yr,,,,39.865071320978,,,58.7065514656189,,,,,63.0571101221551,,71.9270264463649,,,,,49.3537426340777,37.138410348215,26.608042300734,14.4587795484504,-0.175084848254934,-19.8975768796569,-45.8157916467385,-63.7341474894923,-74.8002420997611,-86.7789945143889,-95.1226271386345,-103.938197682761,-110.558412086733,-113.44415440943,-117.110615328124,-119.55725870655,,,,Argentina,CO2
GCAM 5.3,SSP1-DACCS-1p9-3pctHR,ARG,Emissions|CO2|Energy|Supply|Electricity,Mt CO2/yr,,,,30.1378666171918,,,42.2128069413417,,,,,50.4858653247474,,59.3838660343715,,,,,37.633541051209,26.1504627458927,17.8610063566367,11.0751569019009,5.05720359432978,-2.69210478471598,-16.1630019201949,-29.0398349789871,-38.6127861537161,-46.8922516711518,-53.2585849076619,-57.4762407697084,-60.9857151506819,-64.0116669066427,-66.7566396952976,-70.4737950703204,,,,Argentina,CO2
GCAM 5.3,SSP1-DACCS-1p9-3pctHR,ARG,Emissions|CO2|Energy|Supply|Gases,Mt CO2/yr,,,,2.685125910769,,,2.702564579021,,,,,2.735161248651,,3.02193146092097,,,,,2.69569722267796,2.63014742740686,2.58450111303569,2.5269877586954,2.45665342635751,2.40018444513134,2.52746135181951,2.70988475727536,2.78093203935792,2.62593310838558,2.46385316422254,2.28698266062276,2.13267668100745,1.95798465425627,1.75776554198234,1.54073215283119,,,,Argentina,CO2
GCAM 5.3,SSP1-DACCS-1p9-3pctHR,ARG,Emissions|CO2|Energy|Supply|Liquids,Mt CO2/yr,,,,7.04208025968372,,,13.7911799452562,,,,,9.83610224869929,,9.48236938660315,,,,,9.08627772843102,8.54270519245213,6.50955369454662,1.2813114917838,-7.17462263715824,-18.6500344919516,-30.4346518527316,-34.9942948599022,-36.5358395803448,-39.7918370142285,-41.9315889854849,-46.9993727456658,-50.3020062312169,-50.1574551356421,-50.8085015234235,-49.4516572326641,,,,Argentina,CO2
GCAM 5.3,SSP1-DACCS-1p9-3pctHR,ARG,Emissions|CO2|Energy|Supply|Solids,Mt CO2/yr,,,,-1.46666650416393e-06,,,0.0,,,,,-1.86999425825113e-05,,0.0,,,,,-7.3333358207935e-06,0.0,0.0,-8.43331395448817e-06,-4.03333545560016e-06,-1.46666456333323e-06,-2.56666428497052e-06,0.0,0.0,0.0,0.0,0.0,0.0,0.0,0.0,0.0,,,,Argentina,CO2
GCAM 5.3,SSP1-DACCS-1p9-3pctHR,ARG,Emissions|CO2|Industrial Processes,Mt CO2/yr,,,,8.46832570996144,,,9.92149095579565,,,,,9.87664636258473,,8.50535142595719,,,,,5.19335647643572,4.23097199018417,2.00585755350116,-1.9983911395667,-9.22093364475325,-29.7242930393097,-90.5712192332514,-160.382899459554,-209.23209899113,-241.316273273334,-254.847064818575,-246.078903425088,-239.689129702492,-227.228718443083,-216.733754238939,-209.197251775502,,,,Argentina,CO2
GCAM 5.3,SSP1-DACCS-1p9-3pctHR,ARG,Emissions|N2O|AFOLU,Mt CO2e/yr,,,,32.18666155538379,,,29.889206879974807,,,,,31.511073280381694,,31.771272530812542,,,,,30.685527945196213,30.820664790960954,30.46502073611096,30.12650526386428,30.128212021682774,30.14016251376121,30.461970153069547,30.216601303547844,29.737209927107862,29.08998009521249,28.40175935968753,27.850964447912972,27.208007557527313,26.41089205203322,25.562719187837015,24.52490812377224,,,,Argentina,N2O
GCAM 5.3,SSP1-DACCS-2p6-3pctHR,ARG,Carbon Sequestration|CCS|Biomass,Mt CO2/yr,,,,0.0,,,0.0,,,,,0.0,,0.21679300637512,,,,,0.559217852837982,0.972908941112926,1.5635709861428,3.42302496385073,6.38592032587149,9.59928405699544,12.186032536821,14.0804553006413,16.7372500492014,21.970327300969,34.5864174267861,55.3409019649365,86.9788652611148,94.3268654562247,99.1296024472038,103.869237755713,,,,Argentina,
GCAM 5.3,SSP1-DACCS-2p6-3pctHR,ARG,Carbon Sequestration|Direct Air Capture,Mt CO2/yr,,,,0.0,,,0.0,,,,,0.0,,0.0,,,,,0.00279469692073,0.182833396287883,0.32527189957017,0.49099395463581,0.698956895179646,0.953466459973467,1.17468595220319,1.57224028926367,4.93648456507128,15.0161805281234,34.6259265103215,93.9729665570852,260.163960688359,313.304723371409,332.305589931472,333.23378797197,,,,Argentina,
GCAM 5.3,SSP1-DACCS-2p6-3pctHR,ARG,Emissions|CH4|AFOLU,Mt CO2e/yr,,,,98.96332971412971,,,86.52614436537765,,,,,91.36266807868789,,89.21819168414376,,,,,87.24199881331816,85.60758773019347,83.96355171727123,82.53690738129592,81.61528553082744,80.54816435091888,79.49363062079992,78.3007411816798,76.88192849786289,75.1510978310302,73.80860243563156,72.30515626593197,70.574000643489,68.46822095882412,66.23014337334332,63.806995021868275,,,,Argentina,CH4
GCAM 5.3,SSP1-DACCS-2p6-3pctHR,ARG,Emissions|CO2|AFOLU,Mt CO2/yr,,,,153.321885346113,,,132.299103110167,,,,,170.236397981815,,33.4244789044738,,,,,-36.3389798498247,-88.119627906816,-100.383330448406,-123.179073966225,-134.654114750504,-141.502736582959,-131.909205419604,-115.3068569791,-101.106378833481,-89.2119303003111,-78.1434772730023,-69.163035756397,-62.6514201487162,-51.3027139321786,-42.2956482720149,-34.7741434504796,,,,Argentina,CO2
GCAM 5.3,SSP1-DACCS-2p6-3pctHR,ARG,Emissions|CO2|Energy and Industrial Processes,Mt CO2/yr,,,,155.421149065322,,,189.989010258565,,,,,203.391183587585,,210.039757911021,,,,,197.276209732295,185.756966470891,175.932627788814,163.159366763184,147.695669048614,131.508225477895,116.8956070718,102.804098970758,80.6208436962255,51.3626530678374,-0.138345062623605,-102.069437204644,-321.648028949949,-389.849543030522,-420.697595275191,-432.699532995087,,,,Argentina,CO2
GCAM 5.3,SSP1-DACCS-2p6-3pctHR,ARG,Emissions|CO2|Energy|Demand,Mt CO2/yr,,,,107.087752034382,,,121.360967837151,,,,,130.457427102846,,129.607380039623,,,,,124.086741648718,116.651300978447,111.230983199439,105.429541713022,98.9936436105744,91.8723417049632,85.0556756536261,78.6863621233828,72.1131694918847,64.6401697053787,54.293372095415,42.2728821344595,30.2460595866169,24.3646090695292,19.1603756330806,14.709045264178,,,,Argentina,CO2
GCAM 5.3,SSP1-DACCS-2p6-3pctHR,ARG,Emissions|CO2|Energy|Demand|Industry,Mt CO2/yr,,,,46.9642051111415,,,47.7195389961306,,,,,48.3328870507287,,46.4808933834846,,,,,44.3935740496991,43.4159080561491,43.2532123474544,42.1373528301566,39.9820949536593,37.3301307213437,34.1509988666695,30.7260230553538,27.2236661907489,23.6573142040984,19.6625187216381,15.2943457091592,11.0455260876928,8.48505799461398,6.39791652187239,4.74270861890107,,,,Argentina,CO2
GCAM 5.3,SSP1-DACCS-2p6-3pctHR,ARG,Emissions|CO2|Energy|Demand|Residential and Commercial,Mt CO2/yr,,,,19.650795618337,,,25.035212038459,,,,,26.2345286531933,,24.8460342352592,,,,,22.7975603600535,21.9113447068982,21.7095173200647,21.2230984345072,20.2132116977248,18.6479743455359,16.6195232639529,14.5484766014589,12.6123323424038,10.7920389388958,8.91559354973376,6.99991627671265,5.23937494489073,4.00949704099606,3.00206824929101,2.22530205496903,,,,Argentina,CO2
GCAM 5.3,SSP1-DACCS-2p6-3pctHR,ARG,Emissions|CO2|Energy|Demand|Residential and Commercial|Commercial,Mt CO2/yr,,,,2.77426073964544,,,3.4170953782616,,,,,3.60039843431632,,3.2511593189112,,,,,2.91086245724252,2.81011713514304,2.82443169366334,2.78662163143285,2.6605634294124,2.45162931302157,2.17048257443578,1.88027800768853,1.60758210100488,1.35553578246769,1.10299218260754,0.849308263954088,0.621221264467251,0.465504727711827,0.343123873121767,0.251261741339572,,,,Argentina,CO2
GCAM 5.3,SSP1-DACCS-2p6-3pctHR,ARG,Emissions|CO2|Energy|Demand|Residential and Commercial|Residential,Mt CO2/yr,,,,16.8765348786916,,,21.6181166601974,,,,,22.6341302188769,,21.594874916348,,,,,19.886697902811,19.1012275717551,18.8850856264014,18.4364768030743,17.5526482683124,16.1963450325143,14.4490406895171,12.6681985937703,11.004750241399,9.43650315642812,7.81260136712622,6.15060801275856,4.61815368042348,3.54399231328423,2.65894437616924,1.97404031362946,,,,Argentina,CO2
GCAM 5.3,SSP1-DACCS-2p6-3pctHR,ARG,Emissions|CO2|Energy|Demand|Transportation,Mt CO2/yr,,,,40.4727513049037,,,48.6062168025609,,,,,55.8900113989235,,58.280452420879,,,,,56.8956072389658,51.3240482153997,46.2682535319195,42.0690904483581,38.7983369591902,35.8942366380835,34.2851535230037,33.4118624665701,32.277170958732,30.1908165623845,25.7152598240432,19.9786201485877,13.9611585540333,11.8700540339191,9.76039086191721,7.74103459030789,,,,Argentina,CO2
GCAM 5.3,SSP1-DACCS-2p6-3pctHR,ARG,Emissions|CO2|Energy|Supply,Mt CO2/yr,,,,39.865071320978,,,58.7065514656189,,,,,63.0571101221551,,71.9270264453813,,,,,65.3380186477104,61.0075210087375,56.5537682773038,50.3034397636543,42.6968731563693,35.3892099067249,29.1737536353618,22.9406531013742,12.1377643100154,2.35388612205855,-15.2241334824762,-40.5385527931887,-76.2349622456912,-84.4508802888109,-90.0130017654676,-95.5646371345117,,,,Argentina,CO2
GCAM 5.3,SSP1-DACCS-2p6-3pctHR,ARG,Emissions|CO2|Energy|Supply|Electricity,Mt CO2/yr,,,,30.1378666171918,,,42.2128069413417,,,,,50.4858653247474,,59.3838660350402,,,,,52.92273865077,49.0341648629806,45.1664744528688,41.1235495878358,37.2099905048506,33.7812941387913,30.3119282095849,25.5746888720077,16.3404340439354,9.69914334688672,1.50702052704909,-9.88272726003209,-29.7962717753904,-40.6355382190926,-47.4606604640529,-52.2964976453333,,,,Argentina,CO2
GCAM 5.3,SSP1-DACCS-2p6-3pctHR,ARG,Emissions|CO2|Energy|Supply|Gases,Mt CO2/yr,,,,2.685125910769,,,2.702564579021,,,,,2.735161248651,,3.02193145928462,,,,,3.01846525858185,3.03278102084524,3.03261729548515,2.99509984031643,2.93130750672653,2.82268162954103,2.68863423663659,2.5304059099127,2.2908325304224,2.08813970760886,1.90623384355523,1.94156266581905,2.48772311665822,2.60136127936586,2.57641215264002,2.48143391137649,,,,Argentina,CO2
GCAM 5.3,SSP1-DACCS-2p6-3pctHR,ARG,Emissions|CO2|Energy|Supply|Liquids,Mt CO2/yr,,,,7.04208025968372,,,13.7911799452562,,,,,9.83610224869929,,9.48236938658676,,,,,9.3493701754487,8.88453659423361,8.29465653749442,6.12152433628304,2.49199541479914,-1.27658031305889,-3.86147562468854,-5.14964308662356,-6.34559396142673,-9.0289426130537,-17.8174069462864,-31.079060447248,-46.3820310854334,-44.6436787906881,-43.8163422949182,-44.7323077381683,,,,Argentina,CO2
GCAM 5.3,SSP1-DACCS-2p6-3pctHR,ARG,Emissions|CO2|Energy|Supply|Solids,Mt CO2/yr,,,,-1.46666650416393e-06,,,0.0,,,,,-1.86999425825113e-05,,0.0,,,,,0.0,-7.33332702412078e-07,0.0,-1.64999641157633e-05,0.0,-1.83333961753898e-06,-4.7666612746928e-06,-1.28332755244846e-05,0.0,-7.33331644451174e-06,-1.17332853700622e-05,-7.333340557734e-07,-3.29999506160359e-06,-4.39998919913898e-06,-1.83333175665882e-06,-2.12666036803769e-06,,,,Argentina,CO2
GCAM 5.3,SSP1-DACCS-2p6-3pctHR,ARG,Emissions|CO2|Industrial Processes,Mt CO2/yr,,,,8.46832570996144,,,9.92149095579565,,,,,9.87664636258473,,8.50535142601729,,,,,7.85149723258843,8.09990967670915,8.15091969071783,7.43085035246424,6.01130634582073,4.25465699484577,2.67539027562015,1.18862307272837,-3.60622241908953,-15.5156048163381,-38.9516581225889,-103.15161652465,-273.950224929985,-327.700319348108,-347.64678834219,-349.619220732962,,,,Argentina,CO2
GCAM 5.3,SSP1-DACCS-2p6-3pctHR,ARG,Emissions|N2O|AFOLU,Mt CO2e/yr,,,,32.18666155538379,,,29.889206879974807,,,,,31.511073280381694,,31.771264801233592,,,,,31.46227131692982,31.54166670819282,31.171603719018673,30.67453208948501,30.669853591156688,30.54125090801749,30.54534608783849,30.266876766257585,29.88572217008769,29.503067832370586,29.57068923914988,29.709094457030083,29.82298487525312,28.622179433023447,27.44997628581117,26.226793323161615,,,,Argentina,N2O
GCAM 5.3,SSP1-highcostDACCS-2p6-3pctHR,ARG,Carbon Sequestration|CCS|Biomass,Mt CO2/yr,,,,0.0,,,0.0,,,,,0.0,,0.004121297,,,,,0.047384264,0.231654433,0.717663517,2.646351857,5.941810227,9.715050213,12.83364971,15.19749777,18.27047947,24.4051547,38.8450153,60.1884862,89.2401545,119.9087322,127.5479094,133.0971425,,,,Argentina,
GCAM 5.3,SSP1-highcostDACCS-2p6-3pctHR,ARG,Carbon Sequestration|Direct Air Capture,Mt CO2/yr,,,,0.0,,,0.0,,,,,0.0,,0.0,,,,,0.000172753,0.000486445,0.000868908,0.001285992,0.001775633,0.002258843,0.002582023,0.003248877,0.006547347,0.016577665,0.079577663,0.239651053,0.929306098,3.115522411,3.896112257,4.273493458,,,,Argentina,
GCAM 5.3,SSP1-highcostDACCS-2p6-3pctHR,ARG,Emissions|CH4|AFOLU,Mt CO2e/yr,,,,98.96332972399999,,,86.526144376,,,,,91.362668068,,89.222810684,,,,,86.947559384,85.370184536,83.94051503600001,82.503440908,81.556947584,80.457667304,79.41575669999999,78.18486102,76.71475994,75.147132732,73.82574892000001,72.339780968,70.63631215199999,68.766041176,66.74999368799999,64.34557581199999,,,,Argentina,CH4
GCAM 5.3,SSP1-highcostDACCS-2p6-3pctHR,ARG,Emissions|CO2|AFOLU,Mt CO2/yr,,,,153.3218853,,,132.2991031,,,,,170.236398,,35.85577368,,,,,-51.4562991,-118.2189312,-111.9873454,-116.2417182,-127.7749718,-136.128559,-128.0911191,-112.3961598,-98.82280959,-87.18285014,-75.52878869,-67.27332503,-61.1578511,-57.1677254,-44.15701352,-37.65130897,,,,Argentina,CO2
GCAM 5.3,SSP1-highcostDACCS-2p6-3pctHR,ARG,Emissions|CO2|Energy and Industrial Processes,Mt CO2/yr,,,,155.4211491,,,189.9890103,,,,,203.3911836,,210.1757465,,,,,201.0357107,187.2449539,176.1409058,162.6552282,146.2595204,128.8744137,113.1683253,98.66238917,79.33025964,58.67834273,23.34804115,-21.68210939,-76.72836677,-130.26925,-141.8529998,-150.5334814,,,,Argentina,CO2
GCAM 5.3,SSP1-highcostDACCS-2p6-3pctHR,ARG,Emissions|CO2|Energy|Demand,Mt CO2/yr,,,,107.087752,,,121.3609678,,,,,130.4574271,,129.5448822,,,,,123.5975679,115.9244973,110.4216705,104.4983704,97.82515233,90.36294657,83.25833283,76.91623163,70.24804179,62.62625302,51.38235127,38.68048733,25.37135811,14.84892334,11.61506474,9.056952651,,,,Argentina,CO2
GCAM 5.3,SSP1-highcostDACCS-2p6-3pctHR,ARG,Emissions|CO2|Energy|Demand|Industry,Mt CO2/yr,,,,46.96420511,,,47.719539,,,,,48.33288705,,46.45385816,,,,,44.17202389,43.06601735,42.87650082,41.71338579,39.46199087,36.66047069,33.35938979,29.97334477,26.43487236,22.85054828,18.58333755,14.06031276,9.479871319,5.865977212,4.510070434,3.404218026,,,,Argentina,CO2
GCAM 5.3,SSP1-highcostDACCS-2p6-3pctHR,ARG,Emissions|CO2|Energy|Demand|Residential and Commercial,Mt CO2/yr,,,,19.65079562,,,25.03521204,,,,,26.23452865,,24.83787956,,,,,22.6914139,21.75097301,21.51280842,20.98887163,19.92491599,18.29243614,16.21663192,14.1390089,12.17432138,10.34664934,8.425907438,6.513981768,4.704999402,3.184154645,2.404955133,1.767980544,,,,Argentina,CO2
GCAM 5.3,SSP1-highcostDACCS-2p6-3pctHR,ARG,Emissions|CO2|Energy|Demand|Residential and Commercial|Commercial,Mt CO2/yr,,,,2.77426074,,,3.417095378,,,,,3.600398434,,3.248832912,,,,,2.890446112,2.780133518,2.788500971,2.745303212,2.611249693,2.392418301,2.105470767,1.818199883,1.543927463,1.293569538,1.035499853,0.784182319,0.551444899,0.362822962,0.270520166,0.197172604,,,,Argentina,CO2
GCAM 5.3,SSP1-highcostDACCS-2p6-3pctHR,ARG,Emissions|CO2|Energy|Demand|Residential and Commercial|Residential,Mt CO2/yr,,,,16.87653488,,,21.61811666,,,,,22.63413022,,21.58904665,,,,,19.80096779,18.9708395,18.72430745,18.24356842,17.3136663,15.90001784,14.11116115,12.32080902,10.63039391,9.053079799,7.390407586,5.729799449,4.153554503,2.821331683,2.134434967,1.57080794,,,,Argentina,CO2
GCAM 5.3,SSP1-highcostDACCS-2p6-3pctHR,ARG,Emissions|CO2|Energy|Demand|Transportation,Mt CO2/yr,,,,40.4727513,,,48.6062168,,,,,55.8900114,,58.2531445,,,,,56.73413015,51.10750697,46.0323613,41.796113,38.43824547,35.41003974,33.68231112,32.80387796,31.63884806,29.4290554,24.37310628,18.1061928,11.18648739,5.798791483,4.700039173,3.884754081,,,,Argentina,CO2
GCAM 5.3,SSP1-highcostDACCS-2p6-3pctHR,ARG,Emissions|CO2|Energy|Supply,Mt CO2/yr,,,,39.86507132,,,58.70655147,,,,,63.05711012,,72.13135122,,,,,69.80433435,63.31831829,57.57876976,50.62770099,42.19064456,33.85344004,26.68629639,19.68143654,8.460769503,-2.485658547,-22.07429059,-48.39245642,-82.66341154,-117.9495085,-125.285446,-130.9244745,,,,Argentina,CO2
GCAM 5.3,SSP1-highcostDACCS-2p6-3pctHR,ARG,Emissions|CO2|Energy|Supply|Electricity,Mt CO2/yr,,,,30.13786662,,,42.21280694,,,,,50.48586532,,59.37570615,,,,,57.1834196,51.15227146,45.99974385,41.33992529,36.88417934,32.87114845,28.79947123,23.49869666,14.02749242,6.939324558,-1.282912076,-10.88385103,-24.43401263,-43.26688677,-53.56420452,-62.36668186,,,,Argentina,CO2
GCAM 5.3,SSP1-highcostDACCS-2p6-3pctHR,ARG,Emissions|CO2|Energy|Supply|Gases,Mt CO2/yr,,,,2.685125911,,,2.702564579,,,,,2.735161249,,3.023891723,,,,,3.003601033,3.010301249,3.004653351,2.961984751,2.893169256,2.778389621,2.638589701,2.471843715,2.22115039,1.952436144,1.675892455,1.439097554,1.249026407,1.109901943,1.032536693,0.941123987,,,,Argentina,CO2
GCAM 5.3,SSP1-highcostDACCS-2p6-3pctHR,ARG,Emissions|CO2|Energy|Supply|Liquids,Mt CO2/yr,,,,7.04208026,,,13.79117995,,,,,9.836102249,,9.69294186,,,,,9.574560331,9.109545061,8.532728062,6.289811397,2.385546484,-1.814300198,-4.739281435,-6.216810761,-7.560860102,-10.8113193,-21.35462721,-36.76319168,-55.25189944,-69.27382078,-67.27711194,-65.03782063,,,,Argentina,CO2
GCAM 5.3,SSP1-highcostDACCS-2p6-3pctHR,ARG,Emissions|CO2|Energy|Supply|Solids,Mt CO2/yr,,,,-1.47e-06,,,0.0,,,,,-1.87e-05,,0.0,,,,,-1.8e-05,-2.02e-05,0.0,-4.03e-06,0.0,-1.14e-05,0.0,-7.7e-06,0.0,0.0,-5.5e-06,0.0,-1.1e-06,-3.67e-06,-1.1e-06,-1.21e-06,,,,Argentina,CO2
GCAM 5.3,SSP1-highcostDACCS-2p6-3pctHR,ARG,Emissions|CO2|Industrial Processes,Mt CO2/yr,,,,8.46832571,,,9.921490956,,,,,9.876646363,,8.499513043,,,,,7.633812083,8.002148456,8.140483698,7.529183704,6.243760607,4.658074266,3.22374978,2.064788309,0.621583573,-1.461910053,-5.958371472,-11.96521477,-19.41726329,-27.10499106,-28.1027881,-28.5783215,,,,Argentina,CO2
GCAM 5.3,SSP1-highcostDACCS-2p6-3pctHR,ARG,Emissions|N2O|AFOLU,Mt CO2e/yr,,,,32.1866615616,,,29.8892068839,,,,,31.511073020700003,,31.795840958699998,,,,,31.137877134000004,31.1755018575,31.1558812383,30.647650378799998,30.6368085933,30.4840748394,30.472081348800003,30.163960717800002,29.762330406900002,29.478689058,29.6492187264,29.8158940989,29.932122675,29.6937363177,28.4221710045,27.118608988379997,,,,Argentina,N2O
GCAM 5.3,SSP1-lowcostDACCS-2p6-3pctHR,ARG,Carbon Sequestration|CCS|Biomass,Mt CO2/yr,,,,0.0,,,0.0,,,,,0.0,,0.004121297,,,,,0.046697956,0.157046728,0.470364483,1.761457862,3.946592371,6.326116609,8.059753463,9.466406241,11.38638245,15.32573045,24.71752686,38.88170875,49.96127896,54.72299499,58.96537337,62.36998509,,,,Argentina,
GCAM 5.3,SSP1-lowcostDACCS-2p6-3pctHR,ARG,Carbon Sequestration|Direct Air Capture,Mt CO2/yr,,,,0.0,,,0.0,,,,,0.0,,0.0,,,,,0.014995837,4.594262618,7.307297383,9.605347279,11.65180568,13.26022338,13.61759604,20.94493857,45.32759412,132.054852,275.87499,445.3945454,565.6351097,596.2194378,600.8217028,491.9807159,,,,Argentina,
GCAM 5.3,SSP1-lowcostDACCS-2p6-3pctHR,ARG,Emissions|CH4|AFOLU,Mt CO2e/yr,,,,98.96332972399999,,,86.526144376,,,,,91.362668068,,89.222816284,,,,,87.16595409199999,85.536588396,84.1165752,82.688896528,81.777796408,80.737067432,79.678848956,78.491010584,77.181352164,75.61937291999999,73.77130910800001,72.23428478,70.386722196,68.222852292,65.91901736,63.590292444,,,,Argentina,CH4
GCAM 5.3,SSP1-lowcostDACCS-2p6-3pctHR,ARG,Emissions|CO2|AFOLU,Mt CO2/yr,,,,153.3218853,,,132.2991031,,,,,170.236398,,35.85577206,,,,,-44.53695047,-104.5800789,-99.95528443,-105.36187,-117.9238332,-128.3643777,-122.5025334,-109.0230614,-97.42540694,-87.97048329,-79.17963014,-71.24478981,-64.84466867,-49.76046254,-44.22236047,-40.3402281,,,,Argentina,CO2
GCAM 5.3,SSP1-lowcostDACCS-2p6-3pctHR,ARG,Emissions|CO2|Energy and Industrial Processes,Mt CO2/yr,,,,155.4211491,,,189.9890103,,,,,203.3911836,,210.1757102,,,,,204.4703135,188.7421414,176.584373,163.169739,147.7521097,132.3392914,119.2166227,99.0664808,56.92468026,-45.79756684,-214.5447278,-415.9836243,-563.1115413,-611.1200566,-630.6419888,-535.3831264,,,,Argentina,CO2
GCAM 5.3,SSP1-lowcostDACCS-2p6-3pctHR,ARG,Emissions|CO2|Energy|Demand,Mt CO2/yr,,,,107.087752,,,121.3609678,,,,,130.4574271,,129.5448547,,,,,125.0926606,117.6577611,112.350724,106.9947762,101.1583338,94.67018113,88.10131031,82.0169876,75.59990616,68.4382036,59.36426458,49.0158272,39.88567671,32.45110894,26.23629084,20.9384749,,,,Argentina,CO2
GCAM 5.3,SSP1-lowcostDACCS-2p6-3pctHR,ARG,Emissions|CO2|Energy|Demand|Industry,Mt CO2/yr,,,,46.96420511,,,47.719539,,,,,48.33288705,,46.45385096,,,,,44.92344871,43.91470911,43.7866751,42.83714713,40.89978913,38.49090163,35.38120631,32.07527776,28.61052737,25.05467486,21.34766638,17.42046795,13.80071375,10.72024615,8.282658025,6.326740869,,,,Argentina,CO2
GCAM 5.3,SSP1-lowcostDACCS-2p6-3pctHR,ARG,Emissions|CO2|Energy|Demand|Residential and Commercial,Mt CO2/yr,,,,19.65079562,,,25.03521204,,,,,26.23452865,,24.83787797,,,,,23.15654167,22.26662341,22.07558681,21.64853221,20.71665918,19.23522406,17.27698574,15.24291958,13.34188972,11.49951984,9.63138237,7.777877472,6.152262767,4.777825865,3.636074796,2.740777524,,,,Argentina,CO2
GCAM 5.3,SSP1-lowcostDACCS-2p6-3pctHR,ARG,Emissions|CO2|Energy|Demand|Residential and Commercial|Commercial,Mt CO2/yr,,,,2.77426074,,,3.417095378,,,,,3.600398434,,3.248832566,,,,,2.976206705,2.872497496,2.888779415,2.862335017,2.749870534,2.553844791,2.277683129,1.99046134,1.718211456,1.458363223,1.203876001,0.955495165,0.74065436,0.56364749,0.422777158,0.315014586,,,,Argentina,CO2
GCAM 5.3,SSP1-lowcostDACCS-2p6-3pctHR,ARG,Emissions|CO2|Energy|Demand|Residential and Commercial|Residential,Mt CO2/yr,,,,16.87653488,,,21.61811666,,,,,22.63413022,,21.5890454,,,,,20.18033496,19.39412592,19.18680739,18.78619719,17.96678865,16.68137927,14.99930261,13.25245824,11.62367826,10.04115662,8.427506368,6.822382307,5.411608407,4.214178375,3.213297638,2.425762938,,,,Argentina,CO2
GCAM 5.3,SSP1-lowcostDACCS-2p6-3pctHR,ARG,Emissions|CO2|Energy|Demand|Transportation,Mt CO2/yr,,,,40.4727513,,,48.6062168,,,,,55.8900114,,58.25312574,,,,,57.0126702,51.4764286,46.48846206,42.50909687,39.54188548,36.94405543,35.44311826,34.69879026,33.64748908,31.8840089,28.38521582,23.81748178,19.9327002,16.95303693,14.31755802,11.8709565,,,,Argentina,CO2
GCAM 5.3,SSP1-lowcostDACCS-2p6-3pctHR,ARG,Emissions|CO2|Energy|Supply,Mt CO2/yr,,,,39.86507132,,,58.70655147,,,,,63.05711012,,72.13134676,,,,,71.20420364,66.9599517,62.49623156,57.06595082,50.45670726,44.34766693,39.25922645,33.7346967,23.8017281,16.60792212,3.80437474,-13.8250144,-28.62177773,-36.88713284,-43.8967886,-50.52079751,,,,Argentina,CO2
GCAM 5.3,SSP1-lowcostDACCS-2p6-3pctHR,ARG,Emissions|CO2|Energy|Supply|Electricity,Mt CO2/yr,,,,30.13786662,,,42.21280694,,,,,50.48586532,,59.37570111,,,,,58.49858758,54.59779445,50.65857791,47.0219361,43.45079864,40.55633076,37.76675607,33.58305971,24.89551356,19.21029903,11.23016027,0.943476653,-9.206760024,-16.23215765,-21.97791339,-26.17131386,,,,Argentina,CO2
GCAM 5.3,SSP1-lowcostDACCS-2p6-3pctHR,ARG,Emissions|CO2|Energy|Supply|Gases,Mt CO2/yr,,,,2.685125911,,,2.702564579,,,,,2.735161249,,3.023891719,,,,,3.052709468,3.119602102,3.150694361,3.138035769,3.093915116,2.99983451,2.87479106,2.77245507,2.65134714,3.006667311,3.758128846,4.585887287,5.127834873,5.173705515,5.019855173,3.909938062,,,,Argentina,CO2
GCAM 5.3,SSP1-lowcostDACCS-2p6-3pctHR,ARG,Emissions|CO2|Energy|Supply|Liquids,Mt CO2/yr,,,,7.04208026,,,13.79117995,,,,,9.836102249,,9.692942444,,,,,9.598275366,9.171677965,8.599227862,6.796279856,3.779981114,0.637707872,-1.52176196,-2.700746473,-3.732915362,-5.458890248,-10.86548712,-18.85273923,-24.02565996,-25.44773019,-26.57833512,-27.88750552,,,,Argentina,CO2
GCAM 5.3,SSP1-lowcostDACCS-2p6-3pctHR,ARG,Emissions|CO2|Energy|Supply|Solids,Mt CO2/yr,,,,-1.47e-06,,,0.0,,,,,-1.87e-05,,0.0,,,,,0.0,0.0,-1.36e-05,-7.7e-06,0.0,0.0,0.0,-1.47e-06,-1.17e-05,-8.43e-06,-1.8e-05,-3.67e-06,0.0,0.0,0.0,-2.2e-06,,,,Argentina,CO2
GCAM 5.3,SSP1-lowcostDACCS-2p6-3pctHR,ARG,Emissions|CO2|Industrial Processes,Mt CO2/yr,,,,8.46832571,,,9.921490956,,,,,9.876646363,,8.499508801,,,,,8.173707683,4.180044879,1.824414231,-0.778447841,-3.728945969,-6.530318845,-7.997166087,-16.46469182,-42.06533718,-129.502152,-274.7672188,-446.5743039,-568.5851028,-600.4828684,-606.7507529,-501.126509,,,,Argentina,CO2
GCAM 5.3,SSP1-lowcostDACCS-2p6-3pctHR,ARG,Emissions|N2O|AFOLU,Mt CO2e/yr,,,,32.1866615616,,,29.8892068839,,,,,31.5110732937,,31.7958412317,,,,,31.298510497800002,31.3252285164,31.3117890267,30.8288139705,30.78277566,30.643020954,30.6389047965,30.373821905699998,30.017075279100002,29.624686018200002,29.3305225395,29.3474249796,28.8040480728,27.757610953799997,26.75193404247,25.71210974514,,,,Argentina,N2O
GCAM 5.3,SSP1-noDACCS-1p9-3pctHR,ARG,Carbon Sequestration|CCS|Biomass,Mt CO2/yr,,,,0.0,,,0.0,,,,,0.0,,0.21679300637512,,,,,2.5057470611285,5.00504977167115,8.28929102877184,14.5204604398751,22.717865740727,32.7120091977854,45.8137227433502,62.0914952424892,92.9133347164743,144.825139876229,193.271595819285,202.887659343073,210.487125470866,215.093620500801,218.156659185244,225.459163795182,,,,Argentina,
GCAM 5.3,SSP1-noDACCS-1p9-3pctHR,ARG,Emissions|CH4|AFOLU,Mt CO2e/yr,,,,98.96332971412971,,,86.52614436537765,,,,,91.36266807868789,,89.21829839567457,,,,,85.84686043244052,84.22884365931588,82.84730750436896,81.43530657136056,80.11529365403509,78.84080385799632,78.06493635637732,77.15394152550223,76.21734311333044,75.0774055117338,73.69611906970712,72.43163326388725,70.68410982136197,68.84401488205528,66.99697351882249,64.63503098389512,,,,Argentina,CH4
GCAM 5.3,SSP1-noDACCS-1p9-3pctHR,ARG,Emissions|CO2|AFOLU,Mt CO2/yr,,,,153.321885346113,,,132.299103110167,,,,,170.236397981815,,33.4242052677943,,,,,-78.5885780660961,-168.281264223494,-154.180780585145,-150.413889592124,-154.460364870904,-152.873110503823,-135.893547263267,-113.285941853097,-92.3540276668181,-74.7430324905805,-62.3385482067799,-48.8063318431829,-39.9005013193339,-31.7920432380644,-27.6196483618733,-26.6501893410688,,,,Argentina,CO2
GCAM 5.3,SSP1-noDACCS-1p9-3pctHR,ARG,Emissions|CO2|Energy and Industrial Processes,Mt CO2/yr,,,,155.421149065322,,,189.989010258565,,,,,203.391183587585,,210.039758314355,,,,,175.855730770192,156.848130218879,140.833982090695,119.431552128875,93.7458093597598,64.9514715418212,32.2480668211173,-2.24157152645796,-60.4664964235803,-149.485754158932,-221.147092780696,-231.972782364207,-240.468919558763,-245.898691112892,-249.8031884898,-257.802884941374,,,,Argentina,CO2
GCAM 5.3,SSP1-noDACCS-1p9-3pctHR,ARG,Emissions|CO2|Energy|Demand,Mt CO2/yr,,,,107.087752034382,,,121.360967837151,,,,,130.457427102846,,129.607380406289,,,,,116.655481337359,108.361948489244,101.50170586587,92.7990806176597,82.5470652875143,71.6631631197152,60.7760755458922,51.348961221844,37.8003790304005,20.3168089524774,10.9333361771081,8.20471548442673,6.23533191050729,4.7272455880474,3.59433433936867,2.57443175169159,,,,Argentina,CO2
GCAM 5.3,SSP1-noDACCS-1p9-3pctHR,ARG,Emissions|CO2|Energy|Demand|Industry,Mt CO2/yr,,,,46.9642051111415,,,47.7195389961306,,,,,48.3328870507287,,46.4808937501513,,,,,40.6835247050311,39.4200698826116,38.8663304767453,36.6680121413406,33.0100722427328,28.8948032509964,24.135991633553,19.8603042626632,14.4551376961973,8.22046002885188,4.69527219850794,3.65268762247332,2.77029434418226,2.04238673272235,1.46943770310287,0.989922991994188,,,,Argentina,CO2
GCAM 5.3,SSP1-noDACCS-1p9-3pctHR,ARG,Emissions|CO2|Energy|Demand|Residential and Commercial,Mt CO2/yr,,,,19.650795618337,,,25.035212038459,,,,,26.2345286531933,,24.8460342352592,,,,,20.4944656952252,19.4141818478374,18.8888366055713,17.8618938778736,16.2208636169117,14.073199352235,11.4822773148985,9.15721748490634,6.77324495944313,4.52480123103225,2.82627466716265,2.2328434162418,1.63931747713408,1.15080338801205,0.777013158513478,0.478405888172853,,,,Argentina,CO2
GCAM 5.3,SSP1-noDACCS-1p9-3pctHR,ARG,Emissions|CO2|Energy|Demand|Residential and Commercial|Commercial,Mt CO2/yr,,,,2.77426073964544,,,3.4170953782616,,,,,3.60039843431632,,3.2511593189112,,,,,2.51257080866667,2.39201801978707,2.35942085716888,2.23673824618929,2.01426880956501,1.73127017860572,1.39197072134026,1.09923200183154,0.796614494013763,0.508973378188471,0.308961656757943,0.240946519685974,0.176043324897635,0.123570531658401,0.0836832951565622,0.0518094181622705,,,,Argentina,CO2
GCAM 5.3,SSP1-noDACCS-1p9-3pctHR,ARG,Emissions|CO2|Energy|Demand|Residential and Commercial|Residential,Mt CO2/yr,,,,16.8765348786916,,,21.6181166601974,,,,,22.6341302188769,,21.594874916348,,,,,17.9818948865585,17.0221638280503,16.5294157484024,15.6251556316843,14.2065948073467,12.3419291736293,10.0903065935582,8.0579854830748,5.97663046542936,4.01582785284378,2.51731301040471,1.99189689655583,1.46327415223645,1.02723285635365,0.693329863356916,0.426596470010583,,,,Argentina,CO2
GCAM 5.3,SSP1-noDACCS-1p9-3pctHR,ARG,Emissions|CO2|Energy|Demand|Transportation,Mt CO2/yr,,,,40.4727513049037,,,48.6062168025609,,,,,55.8900113989235,,58.280452420879,,,,,55.4774909371027,49.5276967587954,43.746538783553,38.2691745984455,33.3161294278698,28.6951605164838,25.1578065974407,22.3314394742744,16.5719963747601,7.57154769259331,3.41178931143752,2.31918444571161,1.82572008919095,1.534055467313,1.34788347775232,1.10610287152455,,,,Argentina,CO2
GCAM 5.3,SSP1-noDACCS-1p9-3pctHR,ARG,Emissions|CO2|Energy|Supply,Mt CO2/yr,,,,39.865071320978,,,58.7065514656189,,,,,63.0571101221551,,71.9270264820479,,,,,53.54146199072,42.7112067685328,33.7613307506574,22.228113960996,8.8878871440233,-6.24207173986508,-25.0898396684239,-46.9904229248729,-85.6625159011612,-148.182087981014,-205.053725300725,-212.409254443029,-218.518601846323,-222.103192083256,-224.646598974433,-231.336978873916,,,,Argentina,CO2
GCAM 5.3,SSP1-noDACCS-1p9-3pctHR,ARG,Emissions|CO2|Energy|Supply|Electricity,Mt CO2/yr,,,,30.1378666171918,,,42.2128069413417,,,,,50.4858653247474,,59.3838660350402,,,,,41.5275898272489,31.3933244287797,23.8709898302803,17.3359925246969,11.7279662721496,5.64522925690018,-4.05225514100794,-15.493255761302,-30.432796824102,-51.8011464328296,-82.3973359593083,-93.8994268847776,-109.235509775097,-122.72234338494,-132.661084099545,-149.197761660647,,,,Argentina,CO2
GCAM 5.3,SSP1-noDACCS-1p9-3pctHR,ARG,Emissions|CO2|Energy|Supply|Gases,Mt CO2/yr,,,,2.685125910769,,,2.702564579021,,,,,2.735161248651,,3.02193145928462,,,,,2.76730873188712,2.7114711938951,2.65704745083144,2.5830283401987,2.48924037231494,2.34031482419678,2.17028648169961,1.9838303693308,1.76074218670886,1.39837308058863,1.06412782296242,0.96305755520925,0.864281787772947,0.758404936607225,0.632279656384421,0.473920277692836,,,,Argentina,CO2
GCAM 5.3,SSP1-noDACCS-1p9-3pctHR,ARG,Emissions|CO2|Energy|Supply|Liquids,Mt CO2/yr,,,,7.04208025968372,,,13.7911799452562,,,,,9.83610224869929,,9.48236942325343,,,,,9.27354375768712,8.70860748478817,7.46271151043202,2.62712517005755,-4.96122960097772,-13.6832710562253,-22.1374756360811,-30.8418937789471,-51.7572444953103,-89.0213038243148,-111.624804385772,-107.616653928458,-99.4567822795984,-90.3280877482929,-81.7844350358354,-73.5270384202795,,,,Argentina,CO2
GCAM 5.3,SSP1-noDACCS-1p9-3pctHR,ARG,Emissions|CO2|Energy|Supply|Solids,Mt CO2/yr,,,,-1.46666650416393e-06,,,0.0,,,,,-1.86999425825113e-05,,0.0,,,,,-3.66666126227848e-05,0.0,0.0,0.0,-1.06333498873314e-05,0.0,0.0,0.0,-7.33333681390828e-07,0.0,-3.66666758059314e-07,0.0,-5.1333295772691e-07,0.0,0.0,0.0,,,,Argentina,CO2
GCAM 5.3,SSP1-noDACCS-1p9-3pctHR,ARG,Emissions|CO2|Industrial Processes,Mt CO2/yr,,,,8.46832570996144,,,9.92149095579565,,,,,9.87664636258473,,8.50535142601729,,,,,5.65878744211324,5.77497496110171,5.57094547416783,4.40435755021965,2.31085692822227,-0.469619838028892,-3.43816905635098,-6.60010982342902,-12.6043595528195,-21.6204751303952,-27.0267036570797,-27.7682434056043,-28.1856496229476,-28.522744617683,-28.7509238547362,-29.0403378191498,,,,Argentina,CO2
GCAM 5.3,SSP1-noDACCS-1p9-3pctHR,ARG,Emissions|N2O|AFOLU,Mt CO2e/yr,,,,32.18666155538379,,,29.889206879974807,,,,,31.511073280381694,,31.771282902871786,,,,,30.390868633913698,30.427553107760716,30.50544277943144,30.184308085637706,30.18426502526608,30.012502328381117,30.23888172837741,30.296698011804587,30.57555165936808,31.034591181913413,31.466883266589768,30.463746538473337,29.58629258943158,28.704652120705195,27.72720719130426,26.60099050220949,,,,Argentina,N2O
GCAM 5.3,SSP1-noDACCS-2p6-3pctHR,ARG,Carbon Sequestration|CCS|Biomass,Mt CO2/yr,,,,0.0,,,0.0,,,,,0.0,,0.21679300637512,,,,,0.584182593440837,1.03066447569676,1.6575963400239,3.63103687109423,6.76658323647721,10.1813669115787,12.9750778252191,15.070584708853,17.979809646628,23.7470440561553,37.3471367942273,57.6773654934297,85.4104399111847,121.3268240623,168.662399301997,201.322511549745,,,,Argentina,
GCAM 5.3,SSP1-noDACCS-2p6-3pctHR,ARG,Emissions|CH4|AFOLU,Mt CO2e/yr,,,,98.96332971412971,,,86.52614436537765,,,,,91.36266807868789,,89.21829279570257,,,,,86.93789135042759,85.35504813455424,83.93233783139576,82.50289078232991,81.57171980737695,80.49097153510897,79.45026308423036,78.2341200664828,76.78056445779215,75.1475306263948,73.81982481653809,72.32577670570728,70.61462415780892,68.7637857011798,67.00834084247884,64.94325600257321,,,,Argentina,CH4
GCAM 5.3,SSP1-noDACCS-2p6-3pctHR,ARG,Emissions|CO2|AFOLU,Mt CO2/yr,,,,153.321885346113,,,132.299103110167,,,,,170.236397981815,,33.4241977134226,,,,,-50.9457972660828,-117.008071186426,-110.799019315013,-115.048690338139,-126.424110401954,-134.824747904238,-126.883974215274,-111.588225998146,-98.3272241190207,-87.0168315711948,-75.9512033500336,-67.5358541478148,-61.5941307135692,-57.1389131243474,-54.9581302879851,-50.8332360092582,,,,Argentina,CO2
GCAM 5.3,SSP1-noDACCS-2p6-3pctHR,ARG,Emissions|CO2|Energy and Industrial Processes,Mt CO2/yr,,,,155.421149065322,,,189.989010258565,,,,,203.391183587585,,210.039758314355,,,,,196.536081825577,184.727266951112,174.861100261703,161.871526889211,146.161277497896,129.692594482805,114.781836813482,100.767149491775,81.5943570165106,61.5403878318044,27.5847656450827,-15.9854942204988,-68.9073097461087,-129.112382586093,-187.306168909281,-222.265202525716,,,,Argentina,CO2
GCAM 5.3,SSP1-noDACCS-2p6-3pctHR,ARG,Emissions|CO2|Energy|Demand,Mt CO2/yr,,,,107.087752034382,,,121.360967837151,,,,,130.457427102846,,129.607380406289,,,,,123.789783019482,116.224947639274,110.865092342218,104.945958439638,98.3635048519575,91.0667497310787,84.0891058880052,77.7181005888824,71.0920387900314,63.5250058475733,52.6241676759732,40.1019623285886,26.8471088871528,14.8767189892967,8.70637069034683,5.85286635395889,,,,Argentina,CO2
GCAM 5.3,SSP1-noDACCS-2p6-3pctHR,ARG,Emissions|CO2|Energy|Demand|Industry,Mt CO2/yr,,,,46.9642051111415,,,47.7195389961306,,,,,48.3328870507287,,46.4808937501513,,,,,44.2383297236287,43.1927644392286,43.0847815067362,41.9223991563915,39.7117451114455,36.9875869601725,33.7428827051965,30.3329046803161,26.8145776672955,23.241872099169,19.078577689279,14.5834669987988,9.9896519925165,5.92085647662091,3.45707712331035,2.2657145752189,,,,Argentina,CO2
GCAM 5.3,SSP1-noDACCS-2p6-3pctHR,ARG,Emissions|CO2|Energy|Demand|Residential and Commercial,Mt CO2/yr,,,,19.650795618337,,,25.035212038459,,,,,26.2345286531933,,24.8460342352592,,,,,22.7137907740751,21.807274964454,21.6046905922803,21.0962380708102,20.0604745020138,18.4652950447175,16.4082550837324,14.3309649933375,12.3824344350822,10.5612153411705,8.65631323040246,6.73494946887053,4.90694508870846,3.23348248534446,1.84559702512747,1.12432009349214,,,,Argentina,CO2
GCAM 5.3,SSP1-noDACCS-2p6-3pctHR,ARG,Emissions|CO2|Energy|Demand|Residential and Commercial|Commercial,Mt CO2/yr,,,,2.77426073964544,,,3.4170953782616,,,,,3.60039843431632,,3.2511593189112,,,,,2.89583280536546,2.79092903821287,2.80582668679635,2.76421237393272,2.63401642541019,2.42055288749194,2.13579257302472,1.84666140047623,1.57364251809833,1.32313910163069,1.06705037573299,0.81362284878643,0.57761344926428,0.369224033253883,0.207327483864483,0.125220778296602,,,,Argentina,CO2
GCAM 5.3,SSP1-noDACCS-2p6-3pctHR,ARG,Emissions|CO2|Energy|Demand|Residential and Commercial|Residential,Mt CO2/yr,,,,16.8765348786916,,,21.6181166601974,,,,,22.6341302188769,,21.594874916348,,,,,19.8179579687097,19.0163459262412,18.7988639054839,18.3320256968775,17.4264580766036,16.0447421572256,14.2724625107077,12.4843035928613,10.8087919169839,9.23807623953977,7.58926285466947,5.9213266200841,4.32933163944418,2.86425845209057,1.63826954126299,0.999099315195534,,,,Argentina,CO2
GCAM 5.3,SSP1-noDACCS-2p6-3pctHR,ARG,Emissions|CO2|Energy|Demand|Transportation,Mt CO2/yr,,,,40.4727513049037,,,48.6062168025609,,,,,55.8900113989235,,58.280452420879,,,,,56.8376625217787,51.2249082355915,46.1756202432016,41.9273212124366,38.5912852384982,35.6138677261886,33.9379680990762,33.0542309152288,31.8950266876537,29.7219184072339,24.8892767562917,18.7835458609192,11.9505118059278,5.72238002733133,3.40369654190901,2.46283168524785,,,,Argentina,CO2
GCAM 5.3,SSP1-noDACCS-2p6-3pctHR,ARG,Emissions|CO2|Energy|Supply,Mt CO2/yr,,,,39.865071320978,,,58.7065514656189,,,,,63.0571101221551,,71.9270264820479,,,,,64.9948691557279,60.3409269716684,55.6711311550385,49.1911331303129,41.3224614369217,33.7038289185474,27.1756016063027,20.6648244386967,9.59572572205069,-0.869613221133957,-19.657575624767,-45.0342718489132,-78.0452668180387,-119.663251002916,-168.657193537912,-200.229802205449,,,,Argentina,CO2
GCAM 5.3,SSP1-noDACCS-2p6-3pctHR,ARG,Emissions|CO2|Energy|Supply|Electricity,Mt CO2/yr,,,,30.1378666171918,,,42.2128069413417,,,,,50.4858653247474,,59.3838660350402,,,,,52.5920842219413,48.4039647743266,44.3181586101961,40.1296251608395,36.0996885315481,32.523609323664,28.8662691750803,23.9253419388108,14.537012839776,7.70975665999412,-0.372547588191112,-9.81815040317868,-22.7360854037334,-43.3734154816707,-80.6409484619848,-118.269901616793,,,,Argentina,CO2
GCAM 5.3,SSP1-noDACCS-2p6-3pctHR,ARG,Emissions|CO2|Energy|Supply|Gases,Mt CO2/yr,,,,2.685125910769,,,2.702564579021,,,,,2.735161248651,,3.02193145928462,,,,,3.00892529742997,3.02017875228118,3.01442323641663,2.97330692087677,2.90614778586413,2.79373029748954,2.65610026485081,2.4924863052096,2.24380480572851,1.97554405209724,1.69684667931017,1.45792762106997,1.25830109906375,1.0720297581503,0.839261891751558,0.64366360176591,,,,Argentina,CO2
GCAM 5.3,SSP1-noDACCS-2p6-3pctHR,ARG,Emissions|CO2|Energy|Supply|Liquids,Mt CO2/yr,,,,7.04208025968372,,,13.7911799452562,,,,,9.83610224869929,,9.48236942325343,,,,,9.34842426020245,8.86442729436264,8.28599888846712,6.03590393373054,2.26745429679362,-1.65734749908921,-4.3611897391454,-5.71238567161053,-6.98978473048507,-10.053479001806,-19.9747536242334,-34.699646231598,-52.6860237461842,-70.3679149664476,-78.681087020679,-74.299672418351,,,,Argentina,CO2
GCAM 5.3,SSP1-noDACCS-2p6-3pctHR,ARG,Emissions|CO2|Energy|Supply|Solids,Mt CO2/yr,,,,-1.46666650416393e-06,,,0.0,,,,,-1.86999425825113e-05,,0.0,,,,,0.0,0.0,-1.50332902783293e-05,0.0,-1.723329860986e-05,-3.66665758213742e-06,0.0,-7.33332363514147e-07,0.0,-4.39999716526637e-06,0.0,0.0,-3.29999499926565e-06,0.0,-1.0999993322646e-06,0.0,,,,Argentina,CO2
GCAM 5.3,SSP1-noDACCS-2p6-3pctHR,ARG,Emissions|CO2|Industrial Processes,Mt CO2/yr,,,,8.46832570996144,,,9.92149095579565,,,,,9.87664636258473,,8.50535142601729,,,,,7.75142965036652,8.16139234016973,8.32487676444618,7.73443531925966,6.47531120901637,4.92201583317852,3.51712931917385,2.38422446419623,0.906592504428434,-1.11500479463489,-5.38182640612351,-11.0531847001742,-17.7091518152228,-24.3258505724741,-27.3553460617157,-27.888266674226,,,,Argentina,CO2
GCAM 5.3,SSP1-noDACCS-2p6-3pctHR,ARG,Emissions|N2O|AFOLU,Mt CO2e/yr,,,,32.18666155538379,,,29.889206879974807,,,,,31.511073280381694,,31.771281810899083,,,,,31.12157106936969,31.15663466288564,31.13891188894859,30.638839050745652,30.64115143111932,30.50987618651536,30.51493381277496,30.226282131051555,29.83587365727696,29.515526466624742,29.64347220578207,29.801152335513468,29.898754812534154,29.91637636716101,29.724532112678403,28.752520797746655,,,,Argentina,N2O
GCAM 5.3,SSP2-DACCS-2p6-3pctHR,ARG,Carbon Sequestration|CCS|Biomass,Mt CO2/yr,,,,0.0,,,0.0,,,,,0.0,,0.00437899039809,,,,,0.11960579753992,0.235219122350221,0.463532132405948,12.0266401291122,23.1729743041922,36.5979312099927,51.3158243183632,69.4915600803728,100.405988466046,157.985853867713,172.448470948801,197.349995665457,226.888493328319,253.553796958252,272.686620950744,286.403980549389,,,,Argentina,
GCAM 5.3,SSP2-DACCS-2p6-3pctHR,ARG,Carbon Sequestration|Direct Air Capture,Mt CO2/yr,,,,0.0,,,0.0,,,,,0.0,,0.0,,,,,0.0011907813849195,0.053645699543548,0.070748149098316,2.9901735700493,8.19317665150084,17.347449680873,37.9470599910454,90.7818970481177,227.6078210507,489.989367922632,549.070553520959,583.344290196427,603.894958837463,610.727106718271,602.511295042969,581.638091304519,,,,Argentina,
GCAM 5.3,SSP2-DACCS-2p6-3pctHR,ARG,Emissions|CH4|AFOLU,Mt CO2e/yr,,,,98.96332971412971,,,86.52614436537765,,,,,91.36266807868789,,96.401984920787,,,,,102.61040381580912,108.325929479628,113.64110118381834,117.63091083368155,121.66390657528575,125.01443027997335,127.17994910807089,128.72315038154656,130.13155052593137,131.850666804206,134.06458628408888,135.41762354892353,136.2988798522019,136.85210517384363,137.56083663290386,137.92356237578352,,,,Argentina,CH4
GCAM 5.3,SSP2-DACCS-2p6-3pctHR,ARG,Emissions|CO2|AFOLU,Mt CO2/yr,,,,153.321885346113,,,132.299103110167,,,,,170.236397981815,,72.524549593575,,,,,41.9203558120127,28.2709175565525,24.1602644379243,2.32187109405685,-45.2400910660219,-72.7803457535939,-91.8625566318592,-110.281334957036,-114.988747758822,-96.0979017632685,-61.1579083264118,-53.512883300637,-36.6206007745308,-26.1445159772065,-22.2695548527818,-20.7932598624228,,,,Argentina,CO2
GCAM 5.3,SSP2-DACCS-2p6-3pctHR,ARG,Emissions|CO2|Energy and Industrial Processes,Mt CO2/yr,,,,155.421149065322,,,189.989010258565,,,,,203.391183587585,,216.053132071056,,,,,225.407194013767,230.650212397694,235.979140203684,165.949205460879,131.592314345332,91.0674073902155,39.0327715074319,-47.739218115356,-236.137163510211,-583.212635147912,-665.207801164474,-741.829054499409,-810.700508493804,-859.906207672898,-880.233844716245,-879.105374816169,,,,Argentina,CO2
GCAM 5.3,SSP2-DACCS-2p6-3pctHR,ARG,Emissions|CO2|Energy|Demand,Mt CO2/yr,,,,107.087752034382,,,121.360967837151,,,,,130.457427102846,,132.61984198205,,,,,137.667062733305,137.312859263926,137.184798974873,115.134911522561,107.574665014173,99.4515814059645,91.9871446688398,85.1475358585583,76.4961620943796,62.4155434839556,55.8196755184049,45.6849710075934,35.6623614817522,27.3755894906722,22.3033385694874,19.3754519477784,,,,Argentina,CO2
GCAM 5.3,SSP2-DACCS-2p6-3pctHR,ARG,Emissions|CO2|Energy|Demand|Industry,Mt CO2/yr,,,,46.9642051111415,,,47.7195389961306,,,,,48.3328870507287,,48.1897244703401,,,,,50.3860833544454,51.3850436432316,52.2177650131984,42.7998719619066,40.1312674780818,37.0103075112,33.472376969096,29.7998786242657,25.6074829511047,20.0302321715459,16.5242690770623,12.6091288984609,9.21275508982183,6.49996594305168,4.69497585328423,3.48522055595561,,,,Argentina,CO2
GCAM 5.3,SSP2-DACCS-2p6-3pctHR,ARG,Emissions|CO2|Energy|Demand|Residential and Commercial,Mt CO2/yr,,,,19.650795618337,,,25.035212038459,,,,,26.2345286531933,,25.8641118267019,,,,,26.6102922576353,26.5365664920744,26.5253161375888,20.7503442383297,19.5100234799701,17.8945855596247,15.9545488517977,13.933497846376,11.8158388876749,9.37667577909062,7.73568134516026,6.00556751961156,4.55653644463334,3.33176233482639,2.41100504092552,1.75426774829124,,,,Argentina,CO2
GCAM 5.3,SSP2-DACCS-2p6-3pctHR,ARG,Emissions|CO2|Energy|Demand|Residential and Commercial|Commercial,Mt CO2/yr,,,,2.77426073964544,,,3.4170953782616,,,,,3.60039843431632,,3.40528840342349,,,,,3.53581734045238,3.55720230720781,3.6054534121485,2.60268031608544,2.43113631390999,2.21307379114743,1.95386499801539,1.69023583837683,1.41493228429632,1.09794892070538,0.888700947751249,0.678653319654536,0.507664523693989,0.367642732696607,0.265240747477827,0.193206533006304,,,,Argentina,CO2
GCAM 5.3,SSP2-DACCS-2p6-3pctHR,ARG,Emissions|CO2|Energy|Demand|Residential and Commercial|Residential,Mt CO2/yr,,,,16.8765348786916,,,21.6181166601974,,,,,22.6341302188769,,22.4588234232784,,,,,23.074474917183,22.9793641848666,22.9198627254403,18.1476639222443,17.0788871660602,15.6815117684773,14.0006838537823,12.2432620079992,10.4009066033786,8.27872685838524,6.84698039740901,5.32691419995702,4.04887192093936,2.96411960212978,2.14576429344769,1.56106121528493,,,,Argentina,CO2
GCAM 5.3,SSP2-DACCS-2p6-3pctHR,ARG,Emissions|CO2|Energy|Demand|Transportation,Mt CO2/yr,,,,40.4727513049037,,,48.6062168025609,,,,,55.8900113989235,,58.5660056850076,,,,,60.6706871212238,59.3912491286198,58.441717824086,51.5846953223244,47.9333740561214,44.5466883351398,42.5602188479461,41.4141593879166,39.0728402556001,33.0086355333191,31.5597250961824,27.070274589521,21.893069947297,17.5438612127941,15.1973576752776,14.1359636435316,,,,Argentina,CO2
GCAM 5.3,SSP2-DACCS-2p6-3pctHR,ARG,Emissions|CO2|Energy|Supply,Mt CO2/yr,,,,39.865071320978,,,58.7065514656189,,,,,63.0571101221551,,74.8750887127152,,,,,78.0937032950219,81.8912883869071,85.5080660567318,49.3170438318094,29.8513501511281,9.23930084867094,-12.1522106884353,-36.9159881234463,-76.7701041672312,-142.137430671974,-156.715473776687,-184.516620000614,-217.511627642043,-246.46449409772,-266.294190106782,-280.555219384512,,,,Argentina,CO2
GCAM 5.3,SSP2-DACCS-2p6-3pctHR,ARG,Emissions|CO2|Energy|Supply|Electricity,Mt CO2/yr,,,,30.1378666171918,,,42.2128069413417,,,,,50.4858653247474,,61.8458126482329,,,,,64.5961867208449,68.1987116601987,71.8443539523481,43.6857557724168,33.1016660430216,23.2025221747886,11.8367019849316,-3.78991933635256,-30.5945654859278,-71.630215126294,-86.3037104577516,-99.687916887376,-115.695499729405,-132.255739221601,-149.481985513369,-166.912127289606,,,,Argentina,CO2
GCAM 5.3,SSP2-DACCS-2p6-3pctHR,ARG,Emissions|CO2|Energy|Supply|Gases,Mt CO2/yr,,,,2.685125910769,,,2.702564579021,,,,,2.735161248651,,3.1252615789746,,,,,3.38173988800095,3.66336374012464,3.94788488653273,3.24015596860919,3.25691690294328,3.26016576031278,3.31882382344235,3.56374338414814,4.25516644299546,5.66925306827977,5.95831909813335,6.06851053009081,5.94651976677659,5.8200580830983,5.6123873216008,5.32936762482195,,,,Argentina,CO2
GCAM 5.3,SSP2-DACCS-2p6-3pctHR,ARG,Emissions|CO2|Energy|Supply|Liquids,Mt CO2/yr,,,,7.04208025968372,,,13.7911799452562,,,,,9.83610224869929,,9.8632152155027,,,,,10.0242049469027,9.86669314486285,9.46049059943198,2.73862709689729,-5.99304905935355,-16.5462155815858,-26.2886793800608,-34.8834422539432,-47.482531122659,-71.8532925918507,-73.161663931315,-87.4387347140797,-103.708344733425,-115.526022446752,-118.018389500933,-115.322914693834,,,,Argentina,CO2
GCAM 5.3,SSP2-DACCS-2p6-3pctHR,ARG,Emissions|CO2|Energy|Supply|Solids,Mt CO2/yr,,,,-1.46666650416393e-06,,,0.0,,,,,-1.86999425825113e-05,,-1.17333114270112e-05,,,,,0.0,-6.96667097708033e-06,0.0,-3.66665218865999e-05,0.0,-5.86666513507981e-06,0.0,-7.6999941435594e-06,-5.86666250714291e-06,0.0,0.0,-1.46666524024226e-06,0.0,0.0,0.0,-9.166664103165e-07,,,,Argentina,CO2
GCAM 5.3,SSP2-DACCS-2p6-3pctHR,ARG,Emissions|CO2|Industrial Processes,Mt CO2/yr,,,,8.46832570996144,,,9.92149095579565,,,,,9.87664636258473,,8.55820137629101,,,,,9.64644842139801,11.4465950173378,13.2869394232484,1.52657060334067,-5.75385086226345,-17.4578969806004,-40.4487050606947,-95.1538124211889,-233.878505684111,-499.378739214386,-559.68761962939,-598.084452739789,-623.764088183207,-635.684260024442,-631.210319005913,-613.133743929465,,,,Argentina,CO2
GCAM 5.3,SSP2-DACCS-2p6-3pctHR,ARG,Emissions|N2O|AFOLU,Mt CO2e/yr,,,,32.18666155538379,,,29.889206606974803,,,,,31.511073007381697,,33.85839342942365,,,,,36.28801466287479,38.4730432363712,40.4052890074844,43.19767722808656,45.77830954306209,48.12629362609177,49.60989800697485,50.48545133102371,51.44214787831392,53.257877183425826,53.040746165537946,53.09360033791577,53.15348450672961,53.020163945192806,52.971802048084925,52.93034466919016,,,,Argentina,N2O
GCAM 5.3,SSP2-noDACCS-2p6-3pctHR,ARG,Carbon Sequestration|CCS|Biomass,Mt CO2/yr,,,,0.0,,,0.0,,,,,0.0,,0.32391636944694,,,,,0.622108547221984,0.793513551137589,1.04779278992055,20.7121807292587,36.1305952509326,54.3237161935192,74.0317598624927,96.6869777030578,126.370230560032,185.708442765082,206.888619347219,240.437365639771,273.135780321687,298.618594787497,319.979866779832,340.789111537095,,,,Argentina,
GCAM 5.3,SSP2-noDACCS-2p6-3pctHR,ARG,Emissions|CH4|AFOLU,Mt CO2e/yr,,,,98.96332971412971,,,86.52614436537765,,,,,91.36266807868789,,96.38478818744663,,,,,102.5913821195816,108.30340353316345,113.6061911560702,116.82420961814876,120.97622353655356,123.87819663300088,126.40336788490515,128.1103660843678,129.3637516407435,130.85611047674678,133.0124225105788,134.18681493034887,134.9764887085465,135.5938906106134,136.43423985055705,136.84354875939496,,,,Argentina,CH4
GCAM 5.3,SSP2-noDACCS-2p6-3pctHR,ARG,Emissions|CO2|AFOLU,Mt CO2/yr,,,,153.321885346113,,,132.299103110167,,,,,170.236397981815,,69.7230287657682,,,,,41.4608985709476,28.1703087825214,24.2910393481709,-15.4860895368013,-66.4704957577984,-77.6391951332023,-94.8489744266077,-111.500407023279,-115.108745576376,-93.4975455556372,-66.3943115778485,-55.3791370063692,-38.4335065143795,-27.683759070358,-21.8338946682252,-18.6668863442294,,,,Argentina,CO2
GCAM 5.3,SSP2-noDACCS-2p6-3pctHR,ARG,Emissions|CO2|Energy and Industrial Processes,Mt CO2/yr,,,,155.421149065322,,,189.989010258565,,,,,203.391183587585,,215.80492995057,,,,,221.969294698723,227.854683157245,233.955974134973,147.010510189437,111.018880008542,71.8412851104954,31.968341256745,-10.1741047877488,-63.3747652583658,-159.900171012818,-195.935736591798,-251.116485978867,-299.748310068383,-334.275124610999,-361.06277528231,-384.761176503544,,,,Argentina,CO2
GCAM 5.3,SSP2-noDACCS-2p6-3pctHR,ARG,Emissions|CO2|Energy|Demand,Mt CO2/yr,,,,107.087752034382,,,121.360967837151,,,,,130.457427102846,,132.687438222406,,,,,137.542458730023,137.308805333971,137.232934787544,109.996500369808,100.887184101256,91.1609571769391,82.0901249527189,73.6963684404735,63.8697702591668,46.091441680679,36.2014401209604,25.5397979215341,18.6155044660438,14.959303548924,12.9856238612839,11.5213719756072,,,,Argentina,CO2
GCAM 5.3,SSP2-noDACCS-2p6-3pctHR,ARG,Emissions|CO2|Energy|Demand|Industry,Mt CO2/yr,,,,46.9642051111415,,,47.7195389961306,,,,,48.3328870507287,,48.2207279831374,,,,,50.2808086148236,51.3251385139997,52.1954011039075,40.7264109300171,37.5401922121259,33.775883114174,29.6509097939095,25.44128912389,20.9910912045425,14.5938876766537,10.857983020447,7.38099641793714,5.08145642711103,3.56510593820052,2.61879661870854,1.8953072280088,,,,Argentina,CO2
GCAM 5.3,SSP2-noDACCS-2p6-3pctHR,ARG,Emissions|CO2|Energy|Demand|Residential and Commercial,Mt CO2/yr,,,,19.650795618337,,,25.035212038459,,,,,26.2345286531933,,25.8740939865829,,,,,26.4987609176281,26.4449376906746,26.4670414716042,19.5648459881963,18.0456671402578,16.1755573217238,14.0358488074421,11.8349461586362,9.68340659028139,7.06518620664523,5.51187325149477,3.98630387947593,2.85669378978423,1.95713849096246,1.36070982612293,0.900312681828551,,,,Argentina,CO2
GCAM 5.3,SSP2-noDACCS-2p6-3pctHR,ARG,Emissions|CO2|Energy|Demand|Residential and Commercial|Commercial,Mt CO2/yr,,,,2.77426073964544,,,3.4170953782616,,,,,3.60039843431632,,3.40816328221461,,,,,3.5179119438681,3.54341179697866,3.59704770778954,2.42276839567326,2.21562468424942,1.96497572785805,1.68348231521151,1.40286981524957,1.13285173669548,0.803548483157964,0.610959514949913,0.434423870389352,0.309040106828953,0.212515083858112,0.148953755342624,0.0995966794328556,,,,Argentina,CO2
GCAM 5.3,SSP2-noDACCS-2p6-3pctHR,ARG,Emissions|CO2|Energy|Demand|Residential and Commercial|Residential,Mt CO2/yr,,,,16.8765348786916,,,21.6181166601974,,,,,22.6341302188769,,22.4659307043683,,,,,22.9808489737599,22.901525893696,22.8699937638147,17.142077592523,15.8300424560084,14.2105815938658,12.3523664922306,10.4320763433866,8.55055485358591,6.26163772348727,4.90091373654486,3.55188000908658,2.54765368295527,1.74462340710435,1.21175607078031,0.800716002395696,,,,Argentina,CO2
GCAM 5.3,SSP2-noDACCS-2p6-3pctHR,ARG,Emissions|CO2|Energy|Demand|Transportation,Mt CO2/yr,,,,40.4727513049037,,,48.6062168025609,,,,,55.8900113989235,,58.5926162526855,,,,,60.7628891975712,59.5387291292967,58.5704922120325,49.7052434515946,45.3013247488719,41.2095167410413,38.4033663513673,36.4201331579473,33.195272464343,24.43236779738,19.8315838490186,14.172497624121,10.6773542491486,9.43705911976098,9.00611741645241,8.72575206576985,,,,Argentina,CO2
GCAM 5.3,SSP2-noDACCS-2p6-3pctHR,ARG,Emissions|CO2|Energy|Supply,Mt CO2/yr,,,,39.865071320978,,,58.7065514656189,,,,,63.0571101221551,,74.5550439475555,,,,,74.7474304418242,78.9978331744928,83.3216868272963,33.8134509934952,9.56376897432249,-16.7745145696666,-44.497876623612,-75.3195953713436,-114.815377926618,-186.077189760724,-208.332147295176,-246.977884335415,-283.910591416544,-311.3187798885,-333.506906761633,-353.538588479248,,,,Argentina,CO2
GCAM 5.3,SSP2-noDACCS-2p6-3pctHR,ARG,Emissions|CO2|Energy|Supply|Electricity,Mt CO2/yr,,,,30.1378666171918,,,42.2128069413417,,,,,50.4858653247474,,61.8478804446293,,,,,61.6976078024533,65.7981291698834,70.1894934870132,33.7012510849103,21.3418965917193,9.05607323858601,-4.88212460994476,-22.1454512943114,-41.7704591073119,-71.0235857426548,-83.9640946907199,-98.625612036348,-120.18868855478,-142.990771239557,-163.62087376092,-194.327975438504,,,,Argentina,CO2
GCAM 5.3,SSP2-noDACCS-2p6-3pctHR,ARG,Emissions|CO2|Energy|Supply|Gases,Mt CO2/yr,,,,2.685125910769,,,2.702564579021,,,,,2.735161248651,,3.12235000732433,,,,,3.38905747416575,3.67853090338087,3.96418314024614,3.08701613446381,3.02866582259941,2.94727356640633,2.845072498522,2.72515504435039,2.57107551594207,2.41695784227875,2.35930830197378,2.25884357935035,1.95767268801701,1.77063973650177,1.58958803921436,1.42080818973577,,,,Argentina,CO2
GCAM 5.3,SSP2-noDACCS-2p6-3pctHR,ARG,Emissions|CO2|Energy|Supply|Liquids,Mt CO2/yr,,,,7.04208025968372,,,13.7911799452562,,,,,9.83610224869929,,9.54397538355348,,,,,9.5693197834711,9.35865584800648,8.91249807294633,-2.3269730693376,-13.7616485370543,-27.2816665925936,-40.2199063385368,-51.9053974656261,-68.9348814302882,-106.616875586097,-117.418076941821,-138.290376410956,-149.482136605845,-150.80748131853,-148.114813279191,-141.102150776581,,,,Argentina,CO2
GCAM 5.3,SSP2-noDACCS-2p6-3pctHR,ARG,Emissions|CO2|Energy|Supply|Solids,Mt CO2/yr,,,,-1.46666650416393e-06,,,0.0,,,,,-1.86999425825113e-05,,-9.89999490595279e-06,,,,,0.0,0.0,0.0,0.0,-1.17333436108875e-05,0.0,0.0,0.0,-1.09999830800188e-06,0.0,0.0,0.0,-1.10000168161042e-06,-7.69999692795128e-07,0.0,-1.10000119198976e-07,,,,Argentina,CO2
GCAM 5.3,SSP2-noDACCS-2p6-3pctHR,ARG,Emissions|CO2|Industrial Processes,Mt CO2/yr,,,,8.46832570996144,,,9.92149095579565,,,,,9.87664636258473,,8.56244778060837,,,,,9.67940552687569,11.5480446487807,13.401352520132,3.20055882613355,0.56792693296396,-2.5451574967771,-5.62390707236198,-8.55087785687879,-12.4291575909147,-19.9144229327735,-23.8050294175823,-29.6783995649861,-34.4532231178828,-37.9156482714229,-40.541492381961,-42.7439599999032,,,,Argentina,CO2
GCAM 5.3,SSP2-noDACCS-2p6-3pctHR,ARG,Emissions|N2O|AFOLU,Mt CO2e/yr,,,,32.18666155538379,,,29.889206879974807,,,,,31.511073007381697,,33.82764569523721,,,,,36.25672189418288,38.442424420337304,40.36817770464433,43.07682350036383,46.373445884401,48.65826716455751,50.332986335110206,51.31654971446531,52.18873370351878,54.17807053903253,54.28921007182819,54.48087404934037,54.586222216169006,54.5281399172257,54.499287972257314,54.34212364845101,,,,Argentina,N2O
GCAM 5.3,SSP4-DACCS-1p9-3pctHR,ARG,Carbon Sequestration|CCS|Biomass,Mt CO2/yr,,,,0.0,,,0.0,,,,,0.0,,0.0043285003935,,,,,0.17575489931105,0.819160915135834,2.68340963927964,6.82393167935737,15.0067422892492,26.0214688255879,39.3769517723559,57.7025095443155,80.0864449224186,83.5449100584678,90.0750347482521,98.0051203723856,107.413527795879,116.520026243302,123.400788762509,126.167802468646,,,,Argentina,
GCAM 5.3,SSP4-DACCS-1p9-3pctHR,ARG,Carbon Sequestration|Direct Air Capture,Mt CO2/yr,,,,0.0,,,0.0,,,,,0.0,,0.0,,,,,0.0229805791224767,9.0702462579011,20.0558754947579,38.3613754259182,131.701489474154,250.285984125253,428.360107697725,675.738945029404,915.783551535693,960.251653764341,973.211582651005,961.989060912058,936.947280846604,899.501373149314,856.440677856338,811.432962144254,,,,Argentina,
GCAM 5.3,SSP4-DACCS-1p9-3pctHR,ARG,Emissions|CH4|AFOLU,Mt CO2e/yr,,,,98.96332971412971,,,86.52614436537765,,,,,91.36266807868789,,95.96726647087945,,,,,100.52141961766465,104.52914633248696,107.88252321345828,110.30022224698848,111.9685848319878,112.9958310658341,113.64393151999664,113.48584898139188,112.57436565343501,112.16225059250596,111.52777788319692,110.25223023508428,108.67207661187024,106.92150412598005,104.97033826650868,102.89627185625453,,,,Argentina,CH4
GCAM 5.3,SSP4-DACCS-1p9-3pctHR,ARG,Emissions|CO2|AFOLU,Mt CO2/yr,,,,153.321885346113,,,132.299103110167,,,,,170.236397981815,,63.0916069176503,,,,,2.79275616029226,-29.8492783537333,-48.7011767781973,-67.4606829139478,-84.1347113028729,-97.1812864488221,-93.2752493434587,-84.4682566143209,-74.6974284054784,-29.1030277733168,-29.9161248368324,-24.2273167059917,-21.4470661040497,-17.3075097729026,-16.0638812818025,-16.9643771753172,,,,Argentina,CO2
GCAM 5.3,SSP4-DACCS-1p9-3pctHR,ARG,Emissions|CO2|Energy and Industrial Processes,Mt CO2/yr,,,,155.421149065322,,,189.989010258565,,,,,203.391183587585,,211.79388981613,,,,,204.975940487767,185.804101381095,163.617110960098,129.286840263672,13.8275336439647,-130.173712526542,-333.955597216796,-611.315457757178,-888.410676446213,-946.689081169811,-978.793514694111,-988.611304237996,-985.049218620859,-967.189323768504,-939.598339236701,-904.448553004535,,,,Argentina,CO2
GCAM 5.3,SSP4-DACCS-1p9-3pctHR,ARG,Emissions|CO2|Energy|Demand,Mt CO2/yr,,,,107.087752034382,,,121.360967837151,,,,,130.457427102846,,129.892005430456,,,,,127.503022541958,124.018834701733,121.310880778092,116.229494474635,108.087362312138,99.6409854372001,91.784704546095,84.5569615381396,77.257042465957,70.4837978821922,62.7173630719881,54.538989233357,47.214190325152,40.9902050143977,35.8668883120461,31.675869005401,,,,Argentina,CO2
GCAM 5.3,SSP4-DACCS-1p9-3pctHR,ARG,Emissions|CO2|Energy|Demand|Industry,Mt CO2/yr,,,,46.9642051111415,,,47.7195389961306,,,,,48.3328870507287,,47.6137700582579,,,,,45.8879281791296,44.4970530941925,43.4197281253447,41.6295266201356,38.5249403878287,35.1732683628821,31.4490705629122,27.6717659995203,23.999519859336,20.1109037979542,16.2415116613431,12.7064890414346,9.74623962489105,7.31914927396847,5.51018650878537,4.20864396904499,,,,Argentina,CO2
GCAM 5.3,SSP4-DACCS-1p9-3pctHR,ARG,Emissions|CO2|Energy|Demand|Residential and Commercial,Mt CO2/yr,,,,19.650795618337,,,25.035212038459,,,,,26.2345286531933,,24.8140519784704,,,,,22.4122833862998,20.8154602661863,19.7442386035959,18.5931971403009,17.0245408882191,15.1763102757663,13.1206437833516,11.0704058458988,9.2439715477281,7.63542446086449,6.07913785293058,4.70269780228746,3.55863922665491,2.63468014030464,1.94772351615283,1.46495101588726,,,,Argentina,CO2
GCAM 5.3,SSP4-DACCS-1p9-3pctHR,ARG,Emissions|CO2|Energy|Demand|Residential and Commercial|Commercial,Mt CO2/yr,,,,2.77426073964544,,,3.4170953782616,,,,,3.60039843431632,,3.2547096238462,,,,,2.84220775581195,2.62449554710515,2.49480633157157,2.3505100617969,2.13544058729081,1.89135552989479,1.62008278514595,1.35526161543134,1.12039160963039,0.905530729790323,0.707982843572707,0.539674824276249,0.40453626152442,0.297740212069506,0.219631719597317,0.165075409892875,,,,Argentina,CO2
GCAM 5.3,SSP4-DACCS-1p9-3pctHR,ARG,Emissions|CO2|Energy|Demand|Residential and Commercial|Residential,Mt CO2/yr,,,,16.8765348786916,,,21.6181166601974,,,,,22.6341302188769,,21.5593423546242,,,,,19.5700756304879,18.1909647190812,17.2494322720244,16.242687078504,14.8891003009283,13.2849547458715,11.5005609982057,9.71514423046744,8.12357993809771,6.72989373107417,5.37115500935787,4.16302297801121,3.15410296513049,2.33693992823513,1.72809179655551,1.29987560599439,,,,Argentina,CO2
GCAM 5.3,SSP4-DACCS-1p9-3pctHR,ARG,Emissions|CO2|Energy|Demand|Transportation,Mt CO2/yr,,,,40.4727513049037,,,48.6062168025609,,,,,55.8900113989235,,57.4641833937278,,,,,59.202810976529,58.7063213413543,58.1469140491512,56.0067707141985,52.5378810360898,49.2914067985516,47.2149901998311,45.8147896927206,44.013551058893,42.7374696233735,40.3967135577144,37.1298023896349,33.909311473606,31.0363756001245,28.4089782871079,26.0022740204687,,,,Argentina,CO2
GCAM 5.3,SSP4-DACCS-1p9-3pctHR,ARG,Emissions|CO2|Energy|Supply,Mt CO2/yr,,,,39.865071320978,,,58.7065514656189,,,,,63.0571101221551,,73.3693234368828,,,,,70.2803210441734,63.6501324862059,55.5718831454215,45.6995442723449,33.6613552708848,18.9760218677359,3.18531245348481,-17.7852177901588,-45.7700951152413,-52.3426257120358,-62.5354505553979,-73.5076978484709,-85.5212292630285,-96.9289502995269,-105.486534417942,-109.711392904771,,,,Argentina,CO2
GCAM 5.3,SSP4-DACCS-1p9-3pctHR,ARG,Emissions|CO2|Energy|Supply|Electricity,Mt CO2/yr,,,,30.1378666171918,,,42.2128069413417,,,,,50.4858653247474,,60.5282600778052,,,,,57.5278535227483,51.224111996017,44.4586584031833,38.1112250305681,32.2340196917888,24.7959505551621,14.7884147628846,-1.93796443229529,-25.6320936215918,-34.6241899897341,-43.256776949385,-50.321227746284,-57.7011151382466,-65.6178868853921,-71.9427697580733,-75.288806970051,,,,Argentina,CO2
GCAM 5.3,SSP4-DACCS-1p9-3pctHR,ARG,Emissions|CO2|Energy|Supply|Gases,Mt CO2/yr,,,,2.685125910769,,,2.702564579021,,,,,2.735161248651,,3.04991300093157,,,,,3.04770328084913,3.16859066673609,3.27764199607801,3.39403518413771,4.12619328772924,5.01700666094231,6.36072649376661,8.17864942789067,9.75670876017939,10.0115908750504,9.90810041638327,9.65177865188051,9.32167897549945,8.87942759173463,8.35534578039004,7.74201207890099,,,,Argentina,CO2
GCAM 5.3,SSP4-DACCS-1p9-3pctHR,ARG,Emissions|CO2|Energy|Supply|Liquids,Mt CO2/yr,,,,7.04208025968372,,,13.7911799452562,,,,,9.83610224869929,,9.75125030011899,,,,,9.66994754038616,9.23837453657605,7.85748706405417,4.27227995205929,-2.52540646782589,-10.5144411142766,-17.4268377544394,-22.9978710657485,-28.3369741981595,-26.7233329249847,-28.349831293418,-32.0603372153239,-36.3626769002488,-39.4436647067968,-41.1506437811243,-41.4532183063021,,,,Argentina,CO2
GCAM 5.3,SSP4-DACCS-1p9-3pctHR,ARG,Emissions|CO2|Energy|Supply|Solids,Mt CO2/yr,,,,-1.46666650416393e-06,,,0.0,,,,,-1.86999425825113e-05,,-3.66666746251338e-06,,,,,0.0,0.0,0.0,0.0,0.0,0.0,-3.66666459761169e-06,-1.86999165516689e-05,0.0,-4.76665789849916e-06,-3.66665903020026e-06,-1.77529478163744e-16,-3.66666743701501e-07,-2.93332530942685e-06,-4.39999746049025e-07,-1.06332994733681e-06,,,,Argentina,CO2
GCAM 5.3,SSP4-DACCS-1p9-3pctHR,ARG,Emissions|CO2|Industrial Processes,Mt CO2/yr,,,,8.46832570996144,,,9.92149095579565,,,,,9.87664636258473,,8.53256094879152,,,,,7.19299370129174,-1.75334252856851,-13.0218447311947,-32.179918713487,-126.321458215226,-245.775907366643,-423.818691094995,-670.141392764112,-909.389618965292,-953.527530422392,-967.447347508491,-958.210834738395,-935.599010683278,-900.575690327077,-859.894152723251,-816.977703099105,,,,Argentina,CO2
GCAM 5.3,SSP4-DACCS-1p9-3pctHR,ARG,Emissions|N2O|AFOLU,Mt CO2e/yr,,,,32.18666155538379,,,29.889206879974807,,,,,31.511073280381694,,33.61877058451821,,,,,35.391264043873925,36.86883710318609,38.16195493426407,39.09372262759427,40.167199092082875,41.13609582732959,42.12277182246479,42.70418297359496,42.944746490072426,42.43226174971547,42.05350902483904,41.5702072236218,41.06764071344489,40.50716312185233,39.83888238360549,39.13324859200521,,,,Argentina,N2O
GCAM 5.3,SSP4-DACCS-2p6-3pctHR,ARG,Carbon Sequestration|CCS|Biomass,Mt CO2/yr,,,,0.0,,,0.0,,,,,0.0,,0.0043285003935,,,,,0.12319821453317,0.401208331140148,1.18908699976547,3.06389230753564,6.49141835446222,11.0134080175522,15.4452495337801,21.4183381317881,28.8882327075361,40.8200662883481,63.1863312061781,90.028419474801,95.7418563399277,100.911608006992,106.009163210339,112.460721125214,,,,Argentina,
GCAM 5.3,SSP4-DACCS-2p6-3pctHR,ARG,Carbon Sequestration|Direct Air Capture,Mt CO2/yr,,,,0.0,,,0.0,,,,,0.0,,0.0,,,,,0.0120407198946108,4.3069950248783,8.69035137043831,15.1473859500997,24.9170122901775,40.3611577071434,73.9316657639858,222.317066852446,336.121303447212,502.665563532194,729.626365638851,952.223509948829,999.650057660664,990.20965748618,975.44927731074,958.951876203685,,,,Argentina,
GCAM 5.3,SSP4-DACCS-2p6-3pctHR,ARG,Emissions|CH4|AFOLU,Mt CO2e/yr,,,,98.96332971412971,,,86.52614436537765,,,,,91.36266807868789,,95.96807384539144,,,,,100.8715745899148,105.02340497607588,108.49525544905096,110.99953686260152,113.02956463012649,114.31359309211186,115.2097477925492,115.38397977990323,114.90574658167583,113.87001720177945,112.42528249155168,110.20556029360529,108.58390006422252,106.96986296823177,105.11299865438568,103.07841979058091,,,,Argentina,CH4
GCAM 5.3,SSP4-DACCS-2p6-3pctHR,ARG,Emissions|CO2|AFOLU,Mt CO2/yr,,,,153.321885346113,,,132.299103110167,,,,,170.236397981815,,63.1030031641984,,,,,7.52932757432642,-17.142634390325,-30.5616120622018,-44.6039341917841,-59.8194253087382,-73.9442585109682,-74.3620471474639,-71.051062798156,-67.1442038907161,-64.2426110494961,-59.4649979142143,-55.6826200027951,-20.1646248886793,-24.0583086216325,-26.4885503231389,-22.2017219111086,,,,Argentina,CO2
GCAM 5.3,SSP4-DACCS-2p6-3pctHR,ARG,Emissions|CO2|Energy and Industrial Processes,Mt CO2/yr,,,,155.421149065322,,,189.989010258565,,,,,203.391183587585,,211.793985751073,,,,,212.665989716591,203.566869610744,192.713710766077,175.389530536585,149.964859812038,117.79233087265,69.7873368610305,-92.0359359955697,-227.899680500352,-418.300289111069,-685.383040267313,-954.144176369519,-1017.80985312979,-1025.48259107298,-1025.52722455228,-1023.01221883434,,,,Argentina,CO2
GCAM 5.3,SSP4-DACCS-2p6-3pctHR,ARG,Emissions|CO2|Energy|Demand,Mt CO2/yr,,,,107.087752034382,,,121.360967837151,,,,,130.457427102846,,129.892033020533,,,,,131.162583331272,128.472546499015,126.762818633732,122.744236770949,116.532162505533,109.905237063605,104.250160276191,98.7406161323172,92.8489462420935,85.4939044111136,74.8145084029356,63.5108300931485,57.3970183780845,51.0245807746036,45.7869445624514,41.6960295087076,,,,Argentina,CO2
GCAM 5.3,SSP4-DACCS-2p6-3pctHR,ARG,Emissions|CO2|Energy|Demand|Industry,Mt CO2/yr,,,,46.9642051111415,,,47.7195389961306,,,,,48.3328870507287,,47.613787602645,,,,,47.6229966405004,46.5169585618611,45.7165222820691,44.1608551750007,41.6567038028139,38.9663984616939,36.1485070016322,33.0461222602038,29.9200379234293,26.3974297326937,22.3265020369796,18.3074771340682,15.1687937637105,12.2008503984966,9.75242437769895,7.80470114404785,,,,Argentina,CO2
GCAM 5.3,SSP4-DACCS-2p6-3pctHR,ARG,Emissions|CO2|Energy|Demand|Residential and Commercial,Mt CO2/yr,,,,19.650795618337,,,25.035212038459,,,,,26.2345286531933,,24.8140512997011,,,,,23.4465553793502,21.971229774708,21.0125039201561,19.9917951466964,18.7136723701293,17.2001854066132,15.5554442895509,13.7725747181822,12.1786073332545,10.464166286831,8.72659696837508,7.1015661054792,5.80030825919487,4.59374878941744,3.58075409631402,2.78199955040429,,,,Argentina,CO2
GCAM 5.3,SSP4-DACCS-2p6-3pctHR,ARG,Emissions|CO2|Energy|Demand|Residential and Commercial|Commercial,Mt CO2/yr,,,,2.77426073964544,,,3.4170953782616,,,,,3.60039843431632,,3.25470993973915,,,,,3.03675038026555,2.83054931549093,2.71550246611825,2.58428205733817,2.40803605243132,2.20625769898633,1.98736102768155,1.74909624287157,1.5350131290967,1.30740741693018,1.07760955594044,0.865382585522664,0.695076894219601,0.543733801216885,0.420500893433425,0.325138598947891,,,,Argentina,CO2
GCAM 5.3,SSP4-DACCS-2p6-3pctHR,ARG,Emissions|CO2|Energy|Demand|Residential and Commercial|Residential,Mt CO2/yr,,,,16.8765348786916,,,21.6181166601974,,,,,22.6341302188769,,21.5593413599619,,,,,20.4098049990847,19.1406804592171,18.2970014540379,17.4075130893582,16.305636317698,14.9939277076268,13.5680832618693,12.0234784753106,10.6435942041578,9.15675886990082,7.64898741243463,6.23618351995654,5.10523136497527,4.05001498820055,3.1602532028806,2.4568609514564,,,,Argentina,CO2
GCAM 5.3,SSP4-DACCS-2p6-3pctHR,ARG,Emissions|CO2|Energy|Demand|Transportation,Mt CO2/yr,,,,40.4727513049037,,,48.6062168025609,,,,,55.8900113989235,,57.4641941181872,,,,,60.0930313114213,59.9843581624458,60.0337924315065,58.5915864492518,56.1617863325897,53.7386531952981,52.5462089850081,51.9219191539312,50.7503009854097,48.632308391589,43.7614093975809,38.101786853601,36.4279163551791,34.2299815866895,32.4537660884384,31.1093288142554,,,,Argentina,CO2
GCAM 5.3,SSP4-DACCS-2p6-3pctHR,ARG,Emissions|CO2|Energy|Supply,Mt CO2/yr,,,,39.865071320978,,,58.7065514656189,,,,,63.0571101221551,,73.3693768979183,,,,,72.948801231322,70.5219949121704,65.8297864047136,59.6019003523913,51.492085545881,43.1638376309721,36.0830947050662,29.6390397610242,15.0081065549671,0.43667203324767,-25.6914328425285,-56.8371407083375,-66.3129537321532,-75.7053313326148,-83.9828199699371,-92.8485531724152,,,,Argentina,CO2
GCAM 5.3,SSP4-DACCS-2p6-3pctHR,ARG,Emissions|CO2|Energy|Supply|Electricity,Mt CO2/yr,,,,30.1378666171918,,,42.2128069413417,,,,,50.4858653247474,,60.5283061940748,,,,,59.9435717940715,57.6512435022444,53.7178935267697,49.6211542415986,45.4762896152309,41.8512606785059,38.4992435432773,33.9150783538943,21.601407005478,10.5043984695267,-7.15731738467163,-28.0775569087158,-39.0613916466233,-47.6262125195499,-55.1014558079424,-63.2273732890179,,,,Argentina,CO2
GCAM 5.3,SSP4-DACCS-2p6-3pctHR,ARG,Emissions|CO2|Energy|Supply|Gases,Mt CO2/yr,,,,2.685125910769,,,2.702564579021,,,,,2.735161248651,,3.04991699698412,,,,,3.15201393673017,3.2824361177095,3.37494407111849,3.43417930644151,3.48834089930319,3.55675412186281,3.71282936280005,4.89885818898571,5.59985922575652,6.68919259184654,8.09890300877925,9.42876008014692,9.60001045024525,9.49587131906062,9.28335536419471,9.00544511240077,,,,Argentina,CO2
GCAM 5.3,SSP4-DACCS-2p6-3pctHR,ARG,Emissions|CO2|Energy|Supply|Liquids,Mt CO2/yr,,,,7.04208025968372,,,13.7911799452562,,,,,9.83610224869929,,9.75124978533424,,,,,9.78675498062896,9.50544984701371,8.64660928275786,6.45403763517239,2.44798684894589,-2.29752858315667,-6.11907254076185,-9.04795450655989,-11.9038046942747,-16.1695752221977,-25.6002657131342,-36.6277201458109,-35.9136798535823,-36.8602212548017,-37.4998864842462,-37.9461583729756,,,,Argentina,CO2
GCAM 5.3,SSP4-DACCS-2p6-3pctHR,ARG,Emissions|CO2|Energy|Supply|Solids,Mt CO2/yr,,,,-1.46666650416393e-06,,,0.0,,,,,-1.86999425825113e-05,,0.0,,,,,-1.28333232452023e-05,0.0,-1.0633319280342e-05,0.0,-7.69999994693993e-06,0.0,0.0,-9.16665298777201e-06,-6.96666222353621e-06,0.0,-1.20999601209263e-05,0.0,0.0,0.0,-1.48457748930995e-16,0.0,,,,Argentina,CO2
GCAM 5.3,SSP4-DACCS-2p6-3pctHR,ARG,Emissions|CO2|Industrial Processes,Mt CO2/yr,,,,8.46832570996144,,,9.92149095579565,,,,,9.87664636258473,,8.53257583262196,,,,,8.5548128841023,4.62501412243645,0.226085486592209,-6.77527312817325,-17.7635293289866,-34.8027355839528,-69.7733975332469,-217.773048129117,-331.794556809147,-498.370952125835,-726.204524039377,-950.211934203041,-997.647172355426,-989.369814064278,-975.994198498393,-960.799870725939,,,,Argentina,CO2
GCAM 5.3,SSP4-DACCS-2p6-3pctHR,ARG,Emissions|N2O|AFOLU,Mt CO2e/yr,,,,32.18666155538379,,,29.889206879974807,,,,,31.511073280381694,,33.619021786863236,,,,,35.487336135788084,36.99153875863719,38.299677700694865,39.24050035898047,40.19915131832145,40.98329555290453,41.7646376415319,42.15979262559656,42.379787882471405,42.511946749518245,42.83808362934309,42.99991457200257,42.179467819954375,41.5624601653787,40.83635059116495,39.99315599274095,,,,Argentina,N2O
GCAM 5.3,SSP4-highcostDACCS-2p6-3pctHR,ARG,Carbon Sequestration|CCS|Biomass,Mt CO2/yr,,,,0.0,,,0.0,,,,,0.0,,0.0043285,,,,,0.170415059,0.728192627,2.412649568,6.228840814,12.63050715,20.81435465,29.14679944,38.58817075,51.20966038,71.06789642,101.7237718,138.6157066,150.4058037,157.2363752,161.2901589,163.7396537,,,,Argentina,
GCAM 5.3,SSP4-highcostDACCS-2p6-3pctHR,ARG,Carbon Sequestration|Direct Air Capture,Mt CO2/yr,,,,0.0,,,0.0,,,,,0.0,,0.0,,,,,0.000189583,0.000643664,0.001495683,0.003038353,0.006016957,0.012004926,0.023013062,0.095087639,0.219508171,0.571504648,1.727036591,6.283029307,9.233679671,10.90447023,11.98309156,12.77688579,,,,Argentina,
GCAM 5.3,SSP4-highcostDACCS-2p6-3pctHR,ARG,Emissions|CH4|AFOLU,Mt CO2e/yr,,,,98.96332972399999,,,86.526144376,,,,,91.362668068,,95.967323788,,,,,100.554208832,104.57053852,107.93629061600001,110.368854008,112.064963836,113.091163108,113.780470272,113.67433996800001,112.74439517600001,111.828980676,110.59671028,109.09481646,107.737376852,106.17206846399999,104.424997712,102.431626136,,,,Argentina,CH4
GCAM 5.3,SSP4-highcostDACCS-2p6-3pctHR,ARG,Emissions|CO2|AFOLU,Mt CO2/yr,,,,153.3218853,,,132.2991031,,,,,170.236398,,63.09098578,,,,,3.168258606,-28.88609293,-47.32810545,-65.79498803,-82.74360019,-96.21813875,-93.16681026,-85.33985232,-76.29863766,-67.42141714,-57.20741639,-51.43539523,-43.93130966,-26.58148286,-23.53568073,-19.75232007,,,,Argentina,CO2
GCAM 5.3,SSP4-highcostDACCS-2p6-3pctHR,ARG,Emissions|CO2|Energy and Industrial Processes,Mt CO2/yr,,,,155.4211491,,,189.9890103,,,,,203.3911836,,211.7939235,,,,,205.6657239,195.5628506,184.3940911,168.2760665,145.9976797,121.6843674,98.57191706,74.70277293,44.21789865,4.884060095,-53.42945403,-122.6148664,-145.5935311,-159.3479977,-168.2440429,-173.6220855,,,,Argentina,CO2
GCAM 5.3,SSP4-highcostDACCS-2p6-3pctHR,ARG,Emissions|CO2|Energy|Demand,Mt CO2/yr,,,,107.087752,,,121.3609678,,,,,130.4574271,,129.8920298,,,,,127.8266977,124.4539162,121.826009,116.8502591,109.229279,101.124788,93.62082759,86.67693264,79.21188258,68.70771976,53.53789768,37.72995284,31.14524723,26.57865574,23.22353801,21.04086533,,,,Argentina,CO2
GCAM 5.3,SSP4-highcostDACCS-2p6-3pctHR,ARG,Emissions|CO2|Energy|Demand|Industry,Mt CO2/yr,,,,46.96420511,,,47.719539,,,,,48.33288705,,47.61377762,,,,,46.0438649,44.67760017,43.60402565,41.82718444,38.87827247,35.63954673,32.03996562,28.3381469,24.72930614,20.50723004,15.43374533,10.63429694,8.160276603,6.213924037,4.700289154,3.541750551,,,,Argentina,CO2
GCAM 5.3,SSP4-highcostDACCS-2p6-3pctHR,ARG,Emissions|CO2|Energy|Demand|Residential and Commercial,Mt CO2/yr,,,,19.65079562,,,25.03521204,,,,,26.23452865,,24.81404981,,,,,22.50632835,20.91627415,19.84701933,18.70693212,17.23330818,15.48666934,13.53603694,11.54701093,9.743012836,7.924420828,6.06738179,4.377836887,3.38491336,2.558008609,1.900309567,1.383108832,,,,Argentina,CO2
GCAM 5.3,SSP4-highcostDACCS-2p6-3pctHR,ARG,Emissions|CO2|Energy|Demand|Residential and Commercial|Commercial,Mt CO2/yr,,,,2.77426074,,,3.417095378,,,,,3.600398434,,3.254709917,,,,,2.85924249,2.64209012,2.512421321,2.369598275,2.169192205,1.938861983,1.680821604,1.422590958,1.191818113,0.958856402,0.719387114,0.506653159,0.38488532,0.287904437,0.213110003,0.155312126,,,,Argentina,CO2
GCAM 5.3,SSP4-highcostDACCS-2p6-3pctHR,ARG,Emissions|CO2|Energy|Demand|Residential and Commercial|Residential,Mt CO2/yr,,,,16.87653488,,,21.61811666,,,,,22.63413022,,21.55933989,,,,,19.64708586,18.27418403,17.33459801,16.33733385,15.06411598,13.54780735,11.85521533,10.12441997,8.551194722,6.965564426,5.347994676,3.871183729,3.00002804,2.270104172,1.687199563,1.227796707,,,,Argentina,CO2
GCAM 5.3,SSP4-highcostDACCS-2p6-3pctHR,ARG,Emissions|CO2|Energy|Demand|Transportation,Mt CO2/yr,,,,40.4727513,,,48.6062168,,,,,55.8900114,,57.46420239,,,,,59.27650441,58.86004189,58.37496398,56.31614258,53.1176983,49.99857189,48.04482503,46.79177481,44.7395636,40.27606889,32.03677057,22.71781901,19.60005726,17.80672309,16.62293929,16.11600594,,,,Argentina,CO2
GCAM 5.3,SSP4-highcostDACCS-2p6-3pctHR,ARG,Emissions|CO2|Energy|Supply,Mt CO2/yr,,,,39.86507132,,,58.70655147,,,,,63.05711012,,73.36932834,,,,,70.5175577,63.76926278,55.627634,45.55054371,32.71755491,18.71293117,5.135119316,-9.950333257,-30.69350937,-55.83649794,-92.46747348,-135.1060878,-146.9090771,-153.2352437,-156.6493397,-158.6169341,,,,Argentina,CO2
GCAM 5.3,SSP4-highcostDACCS-2p6-3pctHR,ARG,Emissions|CO2|Energy|Supply|Electricity,Mt CO2/yr,,,,30.13786662,,,42.21280694,,,,,50.48586532,,60.5282649,,,,,57.74338265,51.3703842,44.56738325,38.05016101,31.61803364,25.22139958,18.09631803,8.368209927,-4.987430219,-16.78937577,-31.04485725,-47.52812262,-58.06895812,-66.48322227,-72.38822388,-78.8053742,,,,Argentina,CO2
GCAM 5.3,SSP4-highcostDACCS-2p6-3pctHR,ARG,Emissions|CO2|Energy|Supply|Gases,Mt CO2/yr,,,,2.685125911,,,2.702564579,,,,,2.735161249,,3.049913001,,,,,3.056207535,3.099513487,3.114714354,3.076100457,3.012742624,2.919710927,2.824452048,2.705985052,2.509281848,2.261993109,2.006023377,1.837107771,1.767865768,1.719813811,1.660332199,1.573071519,,,,Argentina,CO2
GCAM 5.3,SSP4-highcostDACCS-2p6-3pctHR,ARG,Emissions|CO2|Energy|Supply|Liquids,Mt CO2/yr,,,,7.04208026,,,13.79117995,,,,,9.836102249,,9.751250382,,,,,9.680301773,9.274783352,7.958831078,4.494011165,-1.754630317,-9.142253435,-15.29947186,-20.02328695,-26.26048435,-37.69593074,-57.75600107,-81.2908676,-83.58556024,-82.78469617,-80.64028912,-76.19304821,,,,Argentina,CO2
GCAM 5.3,SSP4-highcostDACCS-2p6-3pctHR,ARG,Emissions|CO2|Energy|Supply|Solids,Mt CO2/yr,,,,-1.47e-06,,,0.0,,,,,-1.87e-05,,-3.67e-06,,,,,0.0,0.0,0.0,0.0,0.0,-6.23e-06,0.0,0.0,-6.6e-06,0.0,0.0,-3.3e-06,0.0,0.0,0.0,-8.43e-07,,,,Argentina,CO2
GCAM 5.3,SSP4-highcostDACCS-2p6-3pctHR,ARG,Emissions|CO2|Industrial Processes,Mt CO2/yr,,,,8.46832571,,,9.921490956,,,,,9.876646363,,8.532565313,,,,,7.321472507,7.339685095,6.940479494,5.875327327,4.050971791,1.846899309,-0.183549498,-2.021840065,-4.295897119,-7.975292239,-14.46406107,-25.10867701,-29.63815278,-32.4649253,-34.56924814,-35.78055829,,,,Argentina,CO2
GCAM 5.3,SSP4-highcostDACCS-2p6-3pctHR,ARG,Emissions|N2O|AFOLU,Mt CO2e/yr,,,,32.1866615616,,,29.8892068839,,,,,31.5110732937,,33.6188044101,,,,,35.400806204400006,36.8775189237,38.166705213,39.0910748592,40.1149923993,41.0071968852,41.87897709450001,42.3046832481,42.564808022099996,43.1736225375,44.2158731742,45.3048610833,44.9215904865,44.1928559982,43.304244219599994,42.2206515822,,,,Argentina,N2O
GCAM 5.3,SSP4-medcostDACCS-2p6-3pctHR,ARG,Carbon Sequestration|CCS|Biomass,Mt CO2/yr,,,,0.0,,,0.0,,,,,0.0,,0.004328464,,,,,0.150169997,0.562643433,1.796524648,4.695983869,9.790388057,16.40740068,22.85411104,30.0585628,40.43308934,57.24661782,88.67105131,128.7842298,135.5061701,141.2861688,146.5334628,151.7931115,,,,Argentina,
GCAM 5.3,SSP4-medcostDACCS-2p6-3pctHR,ARG,Carbon Sequestration|Direct Air Capture,Mt CO2/yr,,,,0.0,,,0.0,,,,,0.0,,0.0,,,,,0.002802048,0.213558977,0.472649217,0.917396634,1.724987639,6.272837838,11.52746104,22.05666349,44.52259772,97.80206782,224.5715332,440.4886164,507.810927,537.513949,549.0567522,546.3385638,,,,Argentina,
GCAM 5.3,SSP4-medcostDACCS-2p6-3pctHR,ARG,Emissions|CH4|AFOLU,Mt CO2e/yr,,,,98.96332972399999,,,86.526144376,,,,,91.362668068,,95.967301416,,,,,100.6852182,104.752969776,108.15955875200001,110.65179496,112.464308208,113.60214776400001,114.28740036,114.369264408,113.72393082399999,112.424874688,110.89364678,109.445995764,108.153804192,106.571874556,104.741460264,102.77307381600001,,,,Argentina,CH4
GCAM 5.3,SSP4-medcostDACCS-2p6-3pctHR,ARG,Emissions|CO2|AFOLU,Mt CO2/yr,,,,153.3218853,,,132.2991031,,,,,170.236398,,63.0863081,,,,,4.805441722,-24.40536988,-41.09008173,-58.11393124,-74.87076075,-88.5150209,-87.08027216,-81.18910263,-73.99821213,-66.47723894,-58.33154446,-53.83743611,-23.07242725,-18.18432866,-19.73543175,-16.7347459,,,,Argentina,CO2
GCAM 5.3,SSP4-medcostDACCS-2p6-3pctHR,ARG,Emissions|CO2|Energy and Industrial Processes,Mt CO2/yr,,,,155.4211491,,,189.9890103,,,,,203.3911836,,211.7940428,,,,,208.4271067,200.0836563,190.4103611,175.8358622,155.2006761,129.2341613,104.2580011,73.51121141,23.53253268,-63.44527069,-244.8886944,-522.9983299,-602.7635071,-644.6058089,-667.124745,-675.301136,,,,Argentina,CO2
GCAM 5.3,SSP4-medcostDACCS-2p6-3pctHR,ARG,Emissions|CO2|Energy|Demand,Mt CO2/yr,,,,107.087752,,,121.3609678,,,,,130.4574271,,129.8921978,,,,,129.1607511,126.048101,123.7821895,119.1971909,112.1430503,104.647362,97.94884454,91.75029007,84.8779627,75.34324891,61.80468781,48.43209423,42.48865124,37.43087058,33.38081832,29.78799571,,,,Argentina,CO2
GCAM 5.3,SSP4-medcostDACCS-2p6-3pctHR,ARG,Emissions|CO2|Energy|Demand|Industry,Mt CO2/yr,,,,46.96420511,,,47.719539,,,,,48.33288705,,47.61387398,,,,,46.68259253,45.4109016,44.438982,42.75081002,39.98634323,36.98104719,33.71575385,30.29942266,26.83174259,22.83359531,18.15151704,13.74673429,10.9311925,8.522606251,6.589999683,5.018652272,,,,Argentina,CO2
GCAM 5.3,SSP4-medcostDACCS-2p6-3pctHR,ARG,Emissions|CO2|Energy|Demand|Residential and Commercial,Mt CO2/yr,,,,19.65079562,,,25.03521204,,,,,26.23452865,,24.8141042,,,,,22.88984935,21.3401461,20.31437466,19.22618285,17.83658024,16.18629127,14.3595744,12.47082115,10.72443011,8.954328121,7.141890674,5.50681835,4.35954435,3.356946842,2.536536537,1.889606791,,,,Argentina,CO2
GCAM 5.3,SSP4-medcostDACCS-2p6-3pctHR,ARG,Emissions|CO2|Energy|Demand|Residential and Commercial|Commercial,Mt CO2/yr,,,,2.77426074,,,3.417095378,,,,,3.600398434,,3.254723056,,,,,2.92994747,2.716132063,2.591751992,2.45390767,2.263972534,2.045367942,1.803046848,1.555540889,1.327059152,1.09592371,0.860031708,0.649951182,0.504542983,0.384212449,0.288825621,0.21458351,,,,Argentina,CO2
GCAM 5.3,SSP4-medcostDACCS-2p6-3pctHR,ARG,Emissions|CO2|Energy|Demand|Residential and Commercial|Residential,Mt CO2/yr,,,,16.87653488,,,21.61811666,,,,,22.63413022,,21.55938115,,,,,19.95990188,18.62401404,17.72262267,16.77227518,15.57260771,14.14092333,12.55652755,10.91528026,9.397370955,7.858404411,6.281858966,4.856867168,3.855001368,2.972734393,2.247710917,1.675023281,,,,Argentina,CO2
GCAM 5.3,SSP4-medcostDACCS-2p6-3pctHR,ARG,Emissions|CO2|Energy|Demand|Transportation,Mt CO2/yr,,,,40.4727513,,,48.6062168,,,,,55.8900114,,57.46421963,,,,,59.5883092,59.29705329,59.02883287,57.220198,54.32012685,51.48002355,49.8735163,48.98004625,47.32179,43.55532548,36.51128009,29.17854159,27.19791439,25.55131748,24.2542821,22.87973664,,,,Argentina,CO2
GCAM 5.3,SSP4-medcostDACCS-2p6-3pctHR,ARG,Emissions|CO2|Energy|Supply,Mt CO2/yr,,,,39.86507132,,,58.70655147,,,,,63.05711012,,73.36929573,,,,,71.48594596,66.34589638,59.48217843,50.85018027,39.74258445,27.86219957,16.70610298,4.291861829,-14.50220476,-35.85942976,-72.37909001,-116.5152012,-122.3373508,-128.3101545,-134.0160969,-140.0535085,,,,Argentina,CO2
GCAM 5.3,SSP4-medcostDACCS-2p6-3pctHR,ARG,Emissions|CO2|Energy|Supply|Electricity,Mt CO2/yr,,,,30.13786662,,,42.21280694,,,,,50.48586532,,60.5282154,,,,,58.62097752,53.77122879,47.99914906,42.31531031,36.62316461,31.15392231,25.26817973,16.96134952,3.401307909,-8.511567574,-27.6217654,-54.10964527,-64.95363369,-72.55307388,-78.41272576,-84.62300724,,,,Argentina,CO2
GCAM 5.3,SSP4-medcostDACCS-2p6-3pctHR,ARG,Emissions|CO2|Energy|Supply|Gases,Mt CO2/yr,,,,2.685125911,,,2.702564579,,,,,2.735161249,,3.049905627,,,,,3.093046722,3.155090732,3.185432612,3.16416177,3.116623924,3.066697188,3.013695118,2.968829204,2.905620663,3.001504603,3.481543593,4.492508001,4.787056926,4.897162508,4.906798583,4.833268866,,,,Argentina,CO2
GCAM 5.3,SSP4-medcostDACCS-2p6-3pctHR,ARG,Emissions|CO2|Energy|Supply|Liquids,Mt CO2/yr,,,,7.04208026,,,13.79117995,,,,,9.836102249,,9.751271076,,,,,9.722785012,9.371063819,8.266717574,5.369749739,0.056821645,-6.228652214,-11.32746138,-15.10394971,-19.7706499,-28.38915633,-44.9256906,-62.32815559,-59.44040222,-58.69940741,-58.7342354,-58.6232352,,,,Argentina,CO2
GCAM 5.3,SSP4-medcostDACCS-2p6-3pctHR,ARG,Emissions|CO2|Energy|Supply|Solids,Mt CO2/yr,,,,-1.47e-06,,,0.0,,,,,-1.87e-05,,0.0,,,,,-3.67e-05,-3.3e-05,-3.67e-06,-8.07e-06,-1.69e-05,0.0,-7.33e-06,0.0,0.0,-1.98e-05,0.0,-1.47e-06,-3.67e-07,-7.33e-07,0.0,-5.5e-07,,,,Argentina,CO2
GCAM 5.3,SSP4-medcostDACCS-2p6-3pctHR,ARG,Emissions|CO2|Industrial Processes,Mt CO2/yr,,,,8.46832571,,,9.921490956,,,,,9.876646363,,8.532549262,,,,,7.7804577,7.691787602,7.150589982,5.797269192,3.331312104,-3.215279858,-10.28822079,-22.32705635,-46.43985872,-102.0759508,-232.4088867,-451.2759036,-518.6958923,-549.2366306,-561.8740266,-560.4115632,,,,Argentina,CO2
GCAM 5.3,SSP4-medcostDACCS-2p6-3pctHR,ARG,Emissions|N2O|AFOLU,Mt CO2e/yr,,,,32.1866615616,,,29.8892068839,,,,,31.5110732937,,33.6187505199,,,,,35.4385981131,36.9304514124,38.2234891857,39.1434225,40.1014102671,40.976819165100004,41.790415485,42.1974435246,42.4573197048,42.785429859900006,43.515393312300006,44.225546956500004,43.4231921487,42.7339346343,41.916784536899996,41.0098080483,,,,Argentina,N2O
GCAM 5.3,SSP4-noDACCS-1p9-3pctHR,ARG,Carbon Sequestration|CCS|Biomass,Mt CO2/yr,,,,0.0,,,0.0,,,,,0.0,,0.25196206290564,,,,,4.40368857566862,10.5958974021451,20.33227273727,33.4145429432339,51.413857449535,73.7764962221686,100.15140191822,134.641745421705,147.521822222288,153.505071139887,157.653624640028,158.802474925886,157.008811211781,154.353365354115,151.394612685213,149.795724971028,,,,Argentina,
GCAM 5.3,SSP4-noDACCS-1p9-3pctHR,ARG,Emissions|CH4|AFOLU,Mt CO2e/yr,,,,98.96332971412971,,,86.52614436537765,,,,,91.36266807868789,,95.95339072886952,,,,,99.56489016206348,103.18426871820677,106.33214974155145,108.45706760728643,109.47881897011696,110.30055840890716,111.07278432097148,111.2848192610322,111.69407361915935,111.301424087308,110.43843110975249,109.22618087728284,107.80722423965705,106.1145665722744,104.24402411379516,102.06908586112505,,,,Argentina,CH4
GCAM 5.3,SSP4-noDACCS-1p9-3pctHR,ARG,Emissions|CO2|AFOLU,Mt CO2/yr,,,,153.321885346113,,,132.299103110167,,,,,170.236397981815,,60.5036673468244,,,,,-4.53096819857659,-51.1763882668576,-75.1695733101083,-97.1049774974162,-113.926608515952,-121.712824209541,-106.419619919075,-89.5965812028777,-77.7558875677586,-48.8740681134587,-33.9856229277508,-20.0556534517801,-7.43813594574179,-10.5270156227349,-12.157075343167,-18.604727538698,,,,Argentina,CO2
GCAM 5.3,SSP4-noDACCS-1p9-3pctHR,ARG,Emissions|CO2|Energy and Industrial Processes,Mt CO2/yr,,,,155.421149065322,,,189.989010258565,,,,,203.391183587585,,211.621480801804,,,,,178.339441573924,157.369669321593,132.623526829157,101.762268777725,61.9983424137886,15.8295963620179,-33.8546875541596,-92.9256259800857,-113.967456869962,-123.358586539869,-131.735485369997,-138.398689997541,-142.75773466178,-146.178898207629,-147.763897191676,-147.753797424041,,,,Argentina,CO2
GCAM 5.3,SSP4-noDACCS-1p9-3pctHR,ARG,Emissions|CO2|Energy|Demand,Mt CO2/yr,,,,107.087752034382,,,121.360967837151,,,,,130.457427102846,,129.961057533505,,,,,119.909979205282,114.867020389692,108.911010069973,99.9941014594866,87.9554666950435,74.5891968155033,61.93981805222,49.1496264475573,43.5978767651633,40.5715868906038,36.894094648306,32.2158137541551,27.1445757923,22.7112183362703,19.1297834841516,16.5970806043871,,,,Argentina,CO2
GCAM 5.3,SSP4-noDACCS-1p9-3pctHR,ARG,Emissions|CO2|Energy|Demand|Industry,Mt CO2/yr,,,,46.9642051111415,,,47.7195389961306,,,,,48.3328870507287,,47.6446543178081,,,,,42.3199060791672,40.5174830983172,38.5396288012397,35.3771121828915,30.8562899504122,25.6972011242664,20.4889784871101,15.4121067094032,12.458408020743,10.3646377346792,8.23500424288359,6.22961262791463,4.44332199417763,3.13038214451455,2.24711628343874,1.66561516911122,,,,Argentina,CO2
GCAM 5.3,SSP4-noDACCS-1p9-3pctHR,ARG,Emissions|CO2|Energy|Demand|Residential and Commercial,Mt CO2/yr,,,,19.650795618337,,,25.035212038459,,,,,26.2345286531933,,24.8236142446539,,,,,20.2331442620394,18.4110277636114,16.9439660645219,15.2600240604669,13.2471219114728,10.9824301822357,8.64087181366714,6.43715564694389,5.02562718289984,4.01787400737215,3.08244981736378,2.29058099910017,1.62183149837668,1.12392073575017,0.774088995809586,0.528570012782364,,,,Argentina,CO2
GCAM 5.3,SSP4-noDACCS-1p9-3pctHR,ARG,Emissions|CO2|Energy|Demand|Residential and Commercial|Commercial,Mt CO2/yr,,,,2.77426073964544,,,3.4170953782616,,,,,3.60039843431632,,3.2573968280536,,,,,2.47347012610258,2.24503075144494,2.07023430398897,1.85377292951654,1.58549789708076,1.29048318314138,0.995910210644875,0.729276828192146,0.561504708911739,0.445542884327584,0.339453255198699,0.250251228573708,0.176080763436383,0.122029763162959,0.0845386859082566,0.0584182466608843,,,,Argentina,CO2
GCAM 5.3,SSP4-noDACCS-1p9-3pctHR,ARG,Emissions|CO2|Energy|Demand|Residential and Commercial|Residential,Mt CO2/yr,,,,16.8765348786916,,,21.6181166601974,,,,,22.6341302188769,,21.5662174166003,,,,,17.7596741359367,16.1659970121665,14.873731760533,13.4062511309504,11.661624014392,9.69194699909431,7.64496160302227,5.70787881875174,4.4641224739881,3.57233112304457,2.74299656216508,2.04032977052646,1.44575073494029,1.00189097258721,0.68955030990133,0.470151766121479,,,,Argentina,CO2
GCAM 5.3,SSP4-noDACCS-1p9-3pctHR,ARG,Emissions|CO2|Energy|Demand|Transportation,Mt CO2/yr,,,,40.4727513049037,,,48.6062168025609,,,,,55.8900113989235,,57.4927889710431,,,,,57.3569288640759,55.9385095277637,53.4274152042111,49.3569652161283,43.8520548331585,37.9095655090011,32.8099677514428,27.3003640912102,26.1138415615205,26.1890751485524,25.5766405880587,23.6956201271403,21.0794222997457,18.4569154560056,16.1085782049033,14.4028954224935,,,,Argentina,CO2
GCAM 5.3,SSP4-noDACCS-1p9-3pctHR,ARG,Emissions|CO2|Energy|Supply,Mt CO2/yr,,,,39.865071320978,,,58.7065514656189,,,,,63.0571101221551,,73.1243301276438,,,,,53.2531081056759,37.740576697992,20.1245748374061,0.0372102194538982,-24.718294863673,-53.9086328753027,-87.2021891954999,-129.115730625476,-143.301164075383,-149.336587784162,-153.444263460675,-154.271490329269,-151.995150327287,-149.27803131441,-146.179557407786,-144.391981619931,,,,Argentina,CO2
GCAM 5.3,SSP4-noDACCS-1p9-3pctHR,ARG,Emissions|CO2|Energy|Supply|Electricity,Mt CO2/yr,,,,30.1378666171918,,,42.2128069413417,,,,,50.4858653247474,,60.5312734098375,,,,,41.8782033307872,28.370235250121,16.5474785041741,6.0483433352627,-3.35727868552857,-14.012745807422,-28.4008267824224,-46.546772239426,-57.5638635061386,-66.4550714683998,-73.9497103801638,-79.5589847425039,-83.5623363402754,-85.9320931749553,-87.7834297356298,-92.7502562494374,,,,Argentina,CO2
GCAM 5.3,SSP4-noDACCS-1p9-3pctHR,ARG,Emissions|CO2|Energy|Supply|Gases,Mt CO2/yr,,,,2.685125910769,,,2.702564579021,,,,,2.735161248651,,3.04742479451319,,,,,2.8217192848659,2.78691745766558,2.73939982234034,2.66824457646829,2.57628421368867,2.46953165828819,2.37135529892219,2.24713507417767,2.18640260674824,1.94323683967565,1.73368685538788,1.59684000330502,1.50657227317092,1.41991180084233,1.30254610533127,1.1446569392146,,,,Argentina,CO2
GCAM 5.3,SSP4-noDACCS-1p9-3pctHR,ARG,Emissions|CO2|Energy|Supply|Liquids,Mt CO2/yr,,,,7.04208025968372,,,13.7911799452562,,,,,9.83610224869929,,9.505709116599,,,,,8.6151022790618,6.81908944013445,1.4210365823495,-7.68122536943917,-22.1717275255522,-39.4436088841206,-56.7487833412601,-77.3935247584305,-80.5483662122121,-77.5654682054067,-74.1718945794143,-70.0509888030584,-65.2437169374868,-60.8242374011676,-55.5937412492588,-47.9377311021246,,,,Argentina,CO2
GCAM 5.3,SSP4-noDACCS-1p9-3pctHR,ARG,Emissions|CO2|Energy|Supply|Solids,Mt CO2/yr,,,,-1.46666650416393e-06,,,0.0,,,,,-1.86999425825113e-05,,-1.10000001330682e-06,,,,,0.0,0.0,-2.19999835174683e-05,0.0,-3.66666460442467e-07,0.0,-3.29999668314984e-06,0.0,-5.86664473180129e-06,0.0,-2.566658224957e-06,-1.4666665005084e-07,-8.43331921702738e-07,0.0,0.0,-1.46666497038363e-07,,,,Argentina,CO2
GCAM 5.3,SSP4-noDACCS-1p9-3pctHR,ARG,Emissions|CO2|Industrial Processes,Mt CO2/yr,,,,8.46832570996144,,,9.92149095579565,,,,,9.87664636258473,,8.5360931406555,,,,,5.17635426296545,4.76207223390836,3.58794192177806,1.7309570987845,-1.23882941758192,-4.85096757818267,-8.59231641087971,-12.959521802167,-14.2641695597424,-14.5935856463105,-15.1853165576287,-16.3430134224275,-17.9071601267937,-19.6120852294896,-20.7141232680416,-19.9588964084971,,,,Argentina,CO2
GCAM 5.3,SSP4-noDACCS-1p9-3pctHR,ARG,Emissions|N2O|AFOLU,Mt CO2e/yr,,,,32.18666155538379,,,29.889206879974807,,,,,31.511073280381694,,33.59050628825646,,,,,35.109753396580594,36.608750488631415,38.25579820584632,39.659571838614,40.91305487366316,42.104644926161455,43.70959164830048,45.05393933720807,45.204390303150625,44.72354834317761,44.12914659845,43.560673768341644,43.02387950595107,42.310516733742894,41.33601655594047,40.03204029140179,,,,Argentina,N2O
GCAM 5.3,SSP4-noDACCS-2p6-3pctHR,ARG,Carbon Sequestration|CCS|Biomass,Mt CO2/yr,,,,0.0,,,0.0,,,,,0.0,,0.25195384957156,,,,,0.953018240638014,2.05007239003687,4.18362541199622,8.28638850397464,14.6900545154594,22.6154252562809,30.7606778000917,39.9687904657495,52.313587298416,71.9475247269858,102.284759930216,138.600352126566,151.032308984144,157.697998195149,161.541108096856,164.05908693873,,,,Argentina,
GCAM 5.3,SSP4-noDACCS-2p6-3pctHR,ARG,Emissions|CH4|AFOLU,Mt CO2e/yr,,,,98.96332971412971,,,86.52614436537765,,,,,91.36266807868789,,95.95464944936836,,,,,100.53356069868944,104.53959997267921,107.90957479510992,110.35026047379348,112.05834513621551,113.09387174055124,113.79183686905498,113.69003211821473,112.76300327156815,111.8351312680364,110.59739020545852,109.09139709580448,107.7186635354928,106.15696858075849,104.40871503309268,102.42020445260016,,,,Argentina,CH4
GCAM 5.3,SSP4-noDACCS-2p6-3pctHR,ARG,Emissions|CO2|AFOLU,Mt CO2/yr,,,,153.321885346113,,,132.299103110167,,,,,170.236397981815,,60.5264916217488,,,,,2.64151145889439,-28.9791572059194,-47.1859613235366,-65.4155017445269,-81.9940741122629,-95.2946083419411,-92.2542813587954,-84.6220156616765,-75.8215116808513,-67.1327683939194,-57.1749989191034,-51.5095725877239,-45.9826305796267,-27.0662226012487,-24.036094705689,-19.9104610282157,,,,Argentina,CO2
GCAM 5.3,SSP4-noDACCS-2p6-3pctHR,ARG,Emissions|CO2|Energy and Industrial Processes,Mt CO2/yr,,,,155.421149065322,,,189.989010258565,,,,,203.391183587585,,211.621463797693,,,,,200.819082733363,191.833576629838,181.295244302653,165.298412191372,143.319644954318,119.485416468299,96.6929753168374,73.3225447415704,43.3389600728868,4.7490657270407,-52.0041621761999,-116.130723429201,-137.5553192514,-149.536096811512,-156.96692723735,-161.663920924718,,,,Argentina,CO2
GCAM 5.3,SSP4-noDACCS-2p6-3pctHR,ARG,Emissions|CO2|Energy|Demand,Mt CO2/yr,,,,107.087752034382,,,121.360967837151,,,,,130.457427102846,,129.960919168172,,,,,127.901707870928,124.627459174784,121.991848799397,116.975691756144,109.32479642775,101.220275280426,93.7093943743817,86.8056892680288,79.3797159088254,68.8670255708492,53.7234541465719,37.8646602299886,30.9809741796957,26.3934983241204,23.0965234282516,20.8797226486203,,,,Argentina,CO2
GCAM 5.3,SSP4-noDACCS-2p6-3pctHR,ARG,Emissions|CO2|Energy|Demand|Industry,Mt CO2/yr,,,,46.9642051111415,,,47.7195389961306,,,,,48.3328870507287,,47.6445693942058,,,,,46.0536721568673,44.7312889360675,43.6725630964511,41.8906371720031,38.9278268521074,35.6857043011199,32.0830749937441,28.3968927789337,24.8065451956558,20.5920928317785,15.5265072899614,10.7017829444349,8.16185520309861,6.21892813397555,4.7131800914652,3.54757246786532,,,,Argentina,CO2
GCAM 5.3,SSP4-noDACCS-2p6-3pctHR,ARG,Emissions|CO2|Energy|Demand|Residential and Commercial,Mt CO2/yr,,,,19.650795618337,,,25.035212038459,,,,,26.2345286531933,,24.823562902992,,,,,22.4985784910305,20.9267224411857,19.8677213137941,18.7291169392357,17.2562364594526,15.5145528377657,13.5623213621288,11.5779608468183,9.78289373443466,7.97128022326174,6.11614019241939,4.41576796886559,3.39771688482202,2.56957019115862,1.91033080753917,1.38929613927468,,,,Argentina,CO2
GCAM 5.3,SSP4-noDACCS-2p6-3pctHR,ARG,Emissions|CO2|Energy|Demand|Residential and Commercial|Commercial,Mt CO2/yr,,,,2.77426073964544,,,3.4170953782616,,,,,3.60039843431632,,3.25738737451434,,,,,2.85873978721927,2.64480850791955,2.51665800184958,2.37379445993024,2.17270092010191,1.94240916946019,1.68398951568707,1.42638173139397,1.1967104991812,0.964510788916174,0.72524826354044,0.511086854380495,0.38637527345584,0.289214050605714,0.214266896105487,0.156005547092559,,,,Argentina,CO2
GCAM 5.3,SSP4-noDACCS-2p6-3pctHR,ARG,Emissions|CO2|Energy|Demand|Residential and Commercial|Residential,Mt CO2/yr,,,,16.8765348786916,,,21.6181166601974,,,,,22.6341302188769,,21.5661755284777,,,,,19.6398387038113,18.2819139332661,17.3510633119445,16.3553224793054,15.0835355393507,13.5721436683055,11.8783318464418,10.1515791154243,8.58618323525346,7.00676943434556,5.39089192887895,3.90468111448509,3.01134161136618,2.28035614055291,1.69606391143368,1.23329059218212,,,,Argentina,CO2
GCAM 5.3,SSP4-noDACCS-2p6-3pctHR,ARG,Emissions|CO2|Energy|Demand|Transportation,Mt CO2/yr,,,,40.4727513049037,,,48.6062168025609,,,,,55.8900113989235,,57.4927868709742,,,,,59.3494572230305,58.9694477975303,58.4515643891514,56.3559376449048,53.1407331161897,50.0200181415399,48.0639980185088,46.8308356422768,44.7902769787349,40.303652515809,32.0808066641911,22.7471093166881,19.4214020917751,17.6049999989862,16.4730125292472,15.9428540414803,,,,Argentina,CO2
GCAM 5.3,SSP4-noDACCS-2p6-3pctHR,ARG,Emissions|CO2|Energy|Supply,Mt CO2/yr,,,,39.865071320978,,,58.7065514656189,,,,,63.0571101221551,,73.1244043604717,,,,,65.5672843870839,59.8259263676024,52.3300215728314,42.422916755767,29.9104025939315,16.3665048779662,3.10815901026316,-11.6040888846139,-32.0217668183235,-56.7587582580497,-93.0161169271747,-135.081775906911,-147.791964215669,-153.986097164296,-157.128072605107,-159.161338693976,,,,Argentina,CO2
GCAM 5.3,SSP4-noDACCS-2p6-3pctHR,ARG,Emissions|CO2|Energy|Supply|Electricity,Mt CO2/yr,,,,30.1378666171918,,,42.2128069413417,,,,,50.4858653247474,,60.5314039616871,,,,,53.1649077277086,47.8677488583004,41.8635227403273,35.6616978572978,29.5305973997271,23.3880268383363,16.4241641961763,6.89307359506204,-6.26858253485368,-17.7594436809926,-31.7604441811086,-47.6598996345656,-58.0241996067568,-66.1708376826212,-71.8840368072662,-78.3704140076267,,,,Argentina,CO2
GCAM 5.3,SSP4-noDACCS-2p6-3pctHR,ARG,Emissions|CO2|Energy|Supply|Gases,Mt CO2/yr,,,,2.685125910769,,,2.702564579021,,,,,2.735161248651,,3.04743634191024,,,,,3.0565679174994,3.10276986057274,3.11727147811632,3.07742869604225,3.01462574237273,2.92282212688407,2.82851281160824,2.7103960359181,2.51256371334123,2.26018575871813,1.98817625020077,1.75953492878648,1.648730139277,1.57919320751371,1.50540784000219,1.40759667054485,,,,Argentina,CO2
GCAM 5.3,SSP4-noDACCS-2p6-3pctHR,ARG,Emissions|CO2|Energy|Supply|Liquids,Mt CO2/yr,,,,7.04208025968372,,,13.7911799452562,,,,,9.83610224869929,,9.50563974328379,,,,,9.30775281423287,8.82978851962756,7.36004318907776,3.74844443124647,-2.48573256753254,-9.67262595361956,-15.6717161595695,-20.2331137003043,-26.3603040786922,-37.7207580758851,-57.6368104226565,-81.0782377959975,-84.2152590732181,-83.5106332675257,-81.2197369278619,-76.8039138818869,,,,Argentina,CO2
GCAM 5.3,SSP4-noDACCS-2p6-3pctHR,ARG,Emissions|CO2|Energy|Supply|Solids,Mt CO2/yr,,,,-1.46666650416393e-06,,,0.0,,,,,-1.86999425825113e-05,,0.0,,,,,0.0,-1.09999741769742e-05,-1.46666568079023e-05,-1.20999275774966e-05,-1.09999511744321e-05,-2.56666914137614e-06,-1.10000096461133e-06,-1.90666008756139e-05,-1.61332727625977e-05,-5.13332294299901e-06,-1.09999919946888e-06,0.0,0.0,-2.93332599628559e-06,0.0,-1.61332881199644e-06,,,,Argentina,CO2
GCAM 5.3,SSP4-noDACCS-2p6-3pctHR,ARG,Emissions|CO2|Industrial Processes,Mt CO2/yr,,,,8.46832570996144,,,9.92149095579565,,,,,9.87664636258473,,8.53614026904897,,,,,7.35009047535056,7.38019108745186,6.97337393042521,5.89980367946174,4.08444593263686,1.89863630990765,-0.124578067807538,-1.87905564184449,-4.01898901761515,-7.35920158575877,-12.7114993955971,-18.913607752279,-20.7443292154269,-21.9434979713367,-22.9353780604944,-23.3823048793618,,,,Argentina,CO2
GCAM 5.3,SSP4-noDACCS-2p6-3pctHR,ARG,Emissions|N2O|AFOLU,Mt CO2e/yr,,,,32.18666155538379,,,29.889206879974807,,,,,31.511073007381697,,33.5909697569041,,,,,35.368224783281754,36.84676677216963,38.14705793962655,39.087295719862304,40.13986801358215,41.04600512476846,41.92911507885473,42.36020183783333,42.62001041509739,43.220721528257364,44.25047652145548,45.323638794506714,44.988283591951244,44.25488605145872,43.352807446087496,42.27067476337006,,,,Argentina,N2O
GCAM 5.3,SSP5-DACCS-1p9-3pctHR,ARG,Carbon Sequestration|CCS|Biomass,Mt CO2/yr,,,,0.0,,,0.0,,,,,0.0,,0.00411407370734,,,,,0.15856410324825,0.347433804718222,0.571879247422351,14.0145030196123,28.9991578542868,48.272214029716,65.3617544566771,79.3352152005916,85.8275797227065,94.2334594603107,103.26239803669,113.870463739759,126.430324338765,135.644847791915,141.326334179281,142.241209430618,,,,Argentina,
GCAM 5.3,SSP5-DACCS-1p9-3pctHR,ARG,Carbon Sequestration|Direct Air Capture,Mt CO2/yr,,,,0.0,,,0.0,,,,,0.0,,0.0,,,,,0.008983723696702,2.06128281738933,2.8558891929596,106.455686377407,296.679023093514,591.520031614794,901.588272105877,1122.92839405695,1174.72134405303,1192.55151520285,1195.02420310252,1195.53678702443,1196.38932036701,1197.09127042669,1197.62966319851,1197.77824951493,,,,Argentina,
GCAM 5.3,SSP5-DACCS-1p9-3pctHR,ARG,Emissions|CH4|AFOLU,Mt CO2e/yr,,,,98.96332971412971,,,86.52614436537765,,,,,91.36266807868789,,95.79444519715727,,,,,101.94801725272472,108.10565758566335,114.10385804901412,118.1077455790036,121.31118102268312,122.87590680699573,122.73205221633917,122.0788612707846,121.80196109987222,121.51868516199133,120.56503703405112,119.15473148313698,117.19647005045869,114.99038846706154,112.18821914708325,108.74387320884192,,,,Argentina,CH4
GCAM 5.3,SSP5-DACCS-1p9-3pctHR,ARG,Emissions|CO2|AFOLU,Mt CO2/yr,,,,153.321885346113,,,132.299103110167,,,,,170.236397981815,,59.07299726936,,,,,34.5077473188543,26.7938510826932,28.0255706633785,-13.9214495488917,-95.2757669773869,-139.141456495886,-156.644965438729,-160.057737779232,-148.768930181577,-126.25355024819,-98.8765131322975,-77.4220175959423,-60.5552844157903,-48.0976080746921,-39.6145379596575,-34.6515249406971,,,,Argentina,CO2
GCAM 5.3,SSP5-DACCS-1p9-3pctHR,ARG,Emissions|CO2|Energy and Industrial Processes,Mt CO2/yr,,,,155.421149065322,,,189.989010258565,,,,,203.391183587585,,217.773532323295,,,,,231.651017304326,247.665406122266,266.692117458502,96.9676070060965,-120.909164652398,-449.113472681858,-787.954128931268,-1035.01838064861,-1108.73574139835,-1147.92396717139,-1173.23840934346,-1197.42757637495,-1222.61357843067,-1242.91036654512,-1258.4193916092,-1269.04751059117,,,,Argentina,CO2
GCAM 5.3,SSP5-DACCS-1p9-3pctHR,ARG,Emissions|CO2|Energy|Demand,Mt CO2/yr,,,,107.087752034382,,,121.360967837151,,,,,130.457427102846,,132.638273406251,,,,,142.029410699836,147.928045415912,153.186027028132,131.565546008082,124.64914942517,115.679934851563,108.242792910244,102.200545790145,96.8130640241055,91.7907877061231,85.8519417110286,78.8148713973005,71.6920816479617,65.0047828557146,59.0273283128123,53.0296150013732,,,,Argentina,CO2
GCAM 5.3,SSP5-DACCS-1p9-3pctHR,ARG,Emissions|CO2|Energy|Demand|Industry,Mt CO2/yr,,,,46.9642051111415,,,47.7195389961306,,,,,48.3328870507287,,48.3385626541035,,,,,51.0978698277714,52.5202306921832,52.903103110046,43.4843034285786,40.6339142942519,37.0067609392639,33.376321534033,29.8330129285234,26.2380316993945,22.5614100516872,18.7674945096629,15.0243639703198,11.7662411925219,8.99634280933611,6.8635069992147,5.16653444606866,,,,Argentina,CO2
GCAM 5.3,SSP5-DACCS-1p9-3pctHR,ARG,Emissions|CO2|Energy|Demand|Residential and Commercial,Mt CO2/yr,,,,19.650795618337,,,25.035212038459,,,,,26.2345286531933,,26.6750062574428,,,,,28.9726379567165,30.6312034130669,31.7505546917566,25.7433144571577,24.48138769356,22.3558520172659,19.9072822493486,17.407183214208,14.9016734702668,12.198963907572,9.611176883478,7.28098722852623,5.45439150153857,4.0019136078585,2.92420604248107,2.11133666071431,,,,Argentina,CO2
GCAM 5.3,SSP5-DACCS-1p9-3pctHR,ARG,Emissions|CO2|Energy|Demand|Residential and Commercial|Commercial,Mt CO2/yr,,,,2.77426073964544,,,3.4170953782616,,,,,3.60039843431632,,3.49569119369091,,,,,3.82541790407541,4.10722798837455,4.3469275234551,3.26647507549812,3.11638860890142,2.84265064191793,2.52655588861684,2.20696046213838,1.88024919696525,1.53065770827024,1.19537278721513,0.896332255415199,0.665472251077191,0.484496417812663,0.351958912359612,0.252819086032059,,,,Argentina,CO2
GCAM 5.3,SSP5-DACCS-1p9-3pctHR,ARG,Emissions|CO2|Energy|Demand|Residential and Commercial|Residential,Mt CO2/yr,,,,16.8765348786916,,,21.6181166601974,,,,,22.6341302188769,,23.1793150637519,,,,,25.1472200526411,26.5239754246923,27.4036271683015,22.4768393816596,21.3649990846585,19.513201375348,17.3807263607318,15.2002227520696,13.0214242733015,10.6683061993018,8.41580409626287,6.38465497311104,4.78891925046138,3.51741719004583,2.57224713012146,1.85851757468226,,,,Argentina,CO2
GCAM 5.3,SSP5-DACCS-1p9-3pctHR,ARG,Emissions|CO2|Energy|Demand|Transportation,Mt CO2/yr,,,,40.4727513049037,,,48.6062168025609,,,,,55.8900113989235,,57.6247044947049,,,,,61.9589029153483,64.7766113106617,68.5323692263291,62.3379281223456,59.533847437358,56.317321895033,54.9591891268627,54.9603496474137,55.6733588544442,57.0304137468639,57.4732703178877,56.5095201984545,54.4714489539013,52.00652643852,49.2396152711165,45.7517438945902,,,,Argentina,CO2
GCAM 5.3,SSP5-DACCS-1p9-3pctHR,ARG,Emissions|CO2|Energy|Supply,Mt CO2/yr,,,,39.865071320978,,,58.7065514656189,,,,,63.0571101221551,,76.5433415665349,,,,,79.8007091511244,89.8550334417963,102.024382487337,66.9703546609492,48.1417303556605,26.0278998675746,6.53210544732352,-11.7514996123762,-27.4661141636759,-43.2312208790804,-59.4238668152457,-74.9144404776459,-90.7320679980355,-102.336467876597,-110.218737588361,-113.61212497072,,,,Argentina,CO2
GCAM 5.3,SSP5-DACCS-1p9-3pctHR,ARG,Emissions|CO2|Energy|Supply|Electricity,Mt CO2/yr,,,,30.1378666171918,,,42.2128069413417,,,,,50.4858653247474,,63.4476728644873,,,,,65.9187331067631,75.3213726581035,87.1112033827621,59.1944873051722,47.274634466312,32.9243111027032,18.2706266903727,2.7557360869647,-12.0257838195495,-26.9919687099231,-41.9504505098227,-55.0600323726221,-68.4966732207831,-79.6014800150373,-88.0580010710934,-91.9788370581718,,,,Argentina,CO2
GCAM 5.3,SSP5-DACCS-1p9-3pctHR,ARG,Emissions|CO2|Energy|Supply|Gases,Mt CO2/yr,,,,2.685125910769,,,2.702564579021,,,,,2.735161248651,,3.15953680845292,,,,,3.557723224475,4.11128408682221,4.77427701112027,5.11665074407528,6.93762988951398,9.57992340104686,12.2938806291932,14.2078330329828,14.5865739383658,14.6596646272436,14.5885229737029,14.5494171730998,14.2467643205204,13.9172907114187,13.4568769664268,13.030280054799,,,,Argentina,CO2
GCAM 5.3,SSP5-DACCS-1p9-3pctHR,ARG,Emissions|CO2|Energy|Supply|Liquids,Mt CO2/yr,,,,7.04208025968372,,,13.7911799452562,,,,,9.83610224869929,,9.8957617242441,,,,,10.2333599532853,10.2580295522335,9.87229925885284,2.86732910893053,-5.77406566916679,-16.0934873234211,-23.6265418979094,-28.1925185866441,-29.6763729569215,-30.3491116504196,-31.233532592223,-33.3298416719432,-35.3372487300447,-35.5915079244308,-34.7034192149408,-33.8773553760182,,,,Argentina,CO2
GCAM 5.3,SSP5-DACCS-1p9-3pctHR,ARG,Emissions|CO2|Energy|Supply|Solids,Mt CO2/yr,,,,-1.46666650416393e-06,,,0.0,,,,,-1.86999425825113e-05,,0.0,,,,,0.0,-1.75999567164026e-05,0.0,-1.17333345650733e-05,0.0,-1.86999601094729e-05,-3.29999445252746e-06,-2.93332850275773e-06,-1.09999929274171e-06,-7.33333274495115e-07,0.0,0.0,-1.09999860216337e-06,-3.66666568756825e-08,0.0,0.0,,,,Argentina,CO2
GCAM 5.3,SSP5-DACCS-1p9-3pctHR,ARG,Emissions|CO2|Industrial Processes,Mt CO2/yr,,,,8.46832570996144,,,9.92149095579565,,,,,9.87664636258473,,8.59191735050903,,,,,9.82105261500816,9.90772028239268,11.5161352565225,-100.249833499975,-290.012848285668,-583.476332486956,-891.53495263869,-1111.53049498314,-1163.47656627673,-1181.70052636711,-1184.83212463584,-1186.49491677049,-1188.77723675832,-1190.86582586379,-1192.63198281056,-1194.00381711054,,,,Argentina,CO2
GCAM 5.3,SSP5-DACCS-1p9-3pctHR,ARG,Emissions|N2O|AFOLU,Mt CO2e/yr,,,,32.18666155538379,,,29.889206879974807,,,,,31.511073007381697,,33.73027675861198,,,,,36.27885463243314,38.7801741345908,41.14906458127401,44.04469077890509,46.183774834749,47.52234554277401,47.87727437569085,47.721309180481484,47.014205846104765,46.75110793874075,46.315368641146605,45.91228447797237,45.52529869247533,45.09674933506989,44.46250549641974,43.41496533106523,,,,Argentina,N2O
GCAM 5.3,SSP5-DACCS-2p6-3pctHR,ARG,Carbon Sequestration|CCS|Biomass,Mt CO2/yr,,,,0.0,,,0.0,,,,,0.0,,0.00411407370734,,,,,0.14860931684327,0.341782670071149,0.574012200416256,5.60169386914485,12.5633419453219,22.0217400894095,31.8259097778309,42.8646721648214,55.4441825833464,69.8301527532618,84.4805293602798,101.562679832587,114.829420539248,126.987796502844,136.971496382403,143.836962506447,,,,Argentina,
GCAM 5.3,SSP5-DACCS-2p6-3pctHR,ARG,Carbon Sequestration|Direct Air Capture,Mt CO2/yr,,,,0.0,,,0.0,,,,,0.0,,0.0,,,,,0.0089105010167121,2.0575593537175,2.861998593515,45.0339139197181,125.395736955051,259.657877302327,451.601079895907,704.587330389836,970.424800347965,1145.94491078681,1200.43898101852,1211.23148047319,1211.2185049199,1210.36848412112,1209.5661227555,1209.03634931703,,,,Argentina,
GCAM 5.3,SSP5-DACCS-2p6-3pctHR,ARG,Emissions|CH4|AFOLU,Mt CO2e/yr,,,,98.96332971412971,,,86.52614436537765,,,,,91.36266807868789,,95.79444519715727,,,,,101.950843355648,108.10989153879012,114.10655699714711,118.68394928518799,122.20036431001421,124.27223186938505,124.94788872335083,124.48924079105277,122.90333091155729,121.73191726599707,120.20388558115812,118.16942817432901,116.5595276124328,114.55262248344322,111.91532455398847,108.55380294143055,,,,Argentina,CH4
GCAM 5.3,SSP5-DACCS-2p6-3pctHR,ARG,Emissions|CO2|AFOLU,Mt CO2/yr,,,,153.321885346113,,,132.299103110167,,,,,170.236397981815,,59.073001344134,,,,,34.7171570327626,26.9311013424009,27.9757681835584,-13.5318050168285,-77.088952551315,-118.261375089891,-139.45522084004,-149.057475492444,-149.246231510706,-136.571662499666,-113.919915953334,-92.2820607368223,-74.7417298303999,-55.9271510449125,-43.6804851362844,-36.6017311591876,,,,Argentina,CO2
GCAM 5.3,SSP5-DACCS-2p6-3pctHR,ARG,Emissions|CO2|Energy and Industrial Processes,Mt CO2/yr,,,,155.421149065322,,,189.989010258565,,,,,203.391183587585,,217.773532323295,,,,,235.194516590737,250.622016267702,268.475375231467,187.293399426841,91.0560561691693,-63.1739638640678,-273.12858865685,-545.017800289374,-837.172419839089,-1039.67909359588,-1128.19762080489,-1178.20466858415,-1206.93813827987,-1231.77555150765,-1252.14175681021,-1268.02205127767,,,,Argentina,CO2
GCAM 5.3,SSP5-DACCS-2p6-3pctHR,ARG,Emissions|CO2|Energy|Demand,Mt CO2/yr,,,,107.087752034382,,,121.360967837151,,,,,130.457427102846,,132.638273406251,,,,,142.204085411043,147.833964009264,153.089177402479,139.950523032452,135.710386812515,129.431662855864,124.068774910935,119.456899559476,114.787966027835,109.367593204884,102.340197793139,93.5298686872353,85.362616565279,77.5059084470504,70.432447261162,64.2752041965864,,,,Argentina,CO2
GCAM 5.3,SSP5-DACCS-2p6-3pctHR,ARG,Emissions|CO2|Energy|Demand|Industry,Mt CO2/yr,,,,46.9642051111415,,,47.7195389961306,,,,,48.3328870507287,,48.3385626541035,,,,,51.2095260911583,52.5088904908354,52.8968601420415,46.6701530476344,44.6132498483024,41.8939913587623,39.0245849684026,36.0419724478434,32.9252180939532,29.3792380263635,25.4958184841405,21.3908976158919,17.3760549827653,13.6466407851175,10.5102170024463,8.02664425537034,,,,Argentina,CO2
GCAM 5.3,SSP5-DACCS-2p6-3pctHR,ARG,Emissions|CO2|Energy|Demand|Residential and Commercial,Mt CO2/yr,,,,19.650795618337,,,25.035212038459,,,,,26.2345286531933,,26.6750062574428,,,,,29.092642066358,30.7118564166445,31.8154169229345,28.0669842349003,27.2872546397843,25.6878886543843,23.6094180412879,21.2406190406442,18.8084052218991,16.0623573888997,13.2975454661002,10.6528389494832,8.30496289294577,6.22966179093127,4.56085320645594,3.32450530120533,,,,Argentina,CO2
GCAM 5.3,SSP5-DACCS-2p6-3pctHR,ARG,Emissions|CO2|Energy|Demand|Residential and Commercial|Commercial,Mt CO2/yr,,,,2.77426073964544,,,3.4170953782616,,,,,3.60039843431632,,3.49569119369091,,,,,3.84509355113039,4.11682184315807,4.35541821162185,3.65959243744471,3.59163260746958,3.40004761986633,3.13685777098237,2.8292410823115,2.50445691107176,2.12887502157463,1.74686033375305,1.38258844520452,1.06163286494614,0.784629609155941,0.566993649720789,0.408712965317616,,,,Argentina,CO2
GCAM 5.3,SSP5-DACCS-2p6-3pctHR,ARG,Emissions|CO2|Energy|Demand|Residential and Commercial|Residential,Mt CO2/yr,,,,16.8765348786916,,,21.6181166601974,,,,,22.6341302188769,,23.1793150637519,,,,,25.2475485152277,26.5950345734864,27.4599987113126,24.4073917974555,23.6956220323147,22.287841034518,20.4725602703055,18.4113779583327,16.3039483108274,13.9334823673251,11.5506851323472,9.27025050427872,7.24333002799963,5.44503218177533,3.99385955673515,2.91579233588772,,,,Argentina,CO2
GCAM 5.3,SSP5-DACCS-2p6-3pctHR,ARG,Emissions|CO2|Energy|Demand|Transportation,Mt CO2/yr,,,,40.4727513049037,,,48.6062168025609,,,,,55.8900113989235,,57.6247044947049,,,,,61.9019172535264,64.6132171017841,68.3769003375027,65.2133857499172,63.8098823244287,61.8497828427176,61.4347719012447,62.1743080709887,63.0543427119825,63.9259977896205,63.546833842898,61.4861321218601,59.6815986895679,57.6296058710016,55.3613770522598,52.9240546400107,,,,Argentina,CO2
GCAM 5.3,SSP5-DACCS-2p6-3pctHR,ARG,Emissions|CO2|Energy|Supply,Mt CO2/yr,,,,39.865071320978,,,58.7065514656189,,,,,63.0571101221551,,76.5433415665349,,,,,83.1835929513749,92.9138353274091,103.923347329308,85.4251828225471,75.248792686452,63.4738263535849,52.4758901905425,39.4741991581164,18.9150520714527,-1.68186706233089,-27.3411187722981,-55.792139575476,-75.1166647915032,-91.6806318844371,-104.596903809085,-113.86289754122,,,,Argentina,CO2
GCAM 5.3,SSP5-DACCS-2p6-3pctHR,ARG,Emissions|CO2|Energy|Supply|Electricity,Mt CO2/yr,,,,30.1378666171918,,,42.2128069413417,,,,,50.4858653247474,,63.4476728644873,,,,,69.2724328988741,78.3401240585577,88.9749923904074,74.1946575022604,68.6634539249323,62.3226245673826,55.0546144140821,43.9297692769259,24.4347282083617,5.03101692984175,-16.9223436515611,-38.5457898984783,-54.9273587753894,-69.5028372463301,-81.6250734277459,-91.1719124623062,,,,Argentina,CO2
GCAM 5.3,SSP5-DACCS-2p6-3pctHR,ARG,Emissions|CO2|Energy|Supply|Gases,Mt CO2/yr,,,,2.685125910769,,,2.702564579021,,,,,2.735161248651,,3.15953680845292,,,,,3.5467540618018,4.09481499739539,4.75704903165556,4.82356755262759,5.69689201279569,6.96021915584072,8.66343521526485,10.8358392706236,13.0122347803217,14.3726289353984,14.6243964179864,14.5105373159063,14.2874307867112,14.1233941988582,13.9296815557045,13.6926207695015,,,,Argentina,CO2
GCAM 5.3,SSP5-DACCS-2p6-3pctHR,ARG,Emissions|CO2|Energy|Supply|Liquids,Mt CO2/yr,,,,7.04208025968372,,,13.7911799452562,,,,,9.83610224869929,,9.8957617242441,,,,,10.2731145871251,10.3136875371809,9.92387517491801,6.40408832576414,0.906674697757047,-5.7528228576657,-11.144533897016,-15.1007637642206,-18.2580411929978,-20.5209774835707,-24.0002529189393,-30.1700549840519,-33.1680633015671,-35.1501749755934,-35.8511867756859,-35.4684719877059,,,,Argentina,CO2
GCAM 5.3,SSP5-DACCS-2p6-3pctHR,ARG,Emissions|CO2|Energy|Supply|Solids,Mt CO2/yr,,,,-1.46666650416393e-06,,,0.0,,,,,-1.86999425825113e-05,,0.0,,,,,-8.7999813991149e-06,0.0,-2.93333021882596e-06,0.0,-1.75999130242886e-05,-1.83333633597601e-06,0.0,0.0,0.0,-2.56666855084174e-06,0.0,0.0,-1.83333043962065e-06,-3.66666645886571e-07,-3.30000032157941e-07,-1.20999758521825e-06,,,,Argentina,CO2
GCAM 5.3,SSP5-DACCS-2p6-3pctHR,ARG,Emissions|CO2|Industrial Processes,Mt CO2/yr,,,,8.46832570996144,,,9.92149095579565,,,,,9.87664636258473,,8.59191735050903,,,,,9.80699215953211,9.89959042790814,11.497382681812,-37.5246199160311,-118.345399192786,-252.853150696539,-444.061595813025,-695.195751879556,-958.801348288993,-1133.23072086078,-1188.35670988945,-1200.93922197971,-1202.16621599252,-1202.60904566859,-1203.04769101752,-1203.59822176193,,,,Argentina,CO2
GCAM 5.3,SSP5-DACCS-2p6-3pctHR,ARG,Emissions|N2O|AFOLU,Mt CO2e/yr,,,,32.18666155538379,,,29.889206879974807,,,,,31.511073007381697,,33.730276785911975,,,,,36.280686777271484,38.78148913351686,41.14713413891016,43.51481738672796,45.40124063098915,46.67342679026418,47.23627415650116,47.186687151412535,46.588446685407355,46.51374044613906,46.433853469357814,46.469585312535294,46.1844719642842,45.74418752470067,45.02018870692106,44.02329375373238,,,,Argentina,N2O
GCAM 5.3,SSP5-noDACCS-2p6-3pctHR,ARG,Carbon Sequestration|CCS|Biomass,Mt CO2/yr,,,,0.0,,,0.0,,,,,0.0,,0.29617565025839,,,,,0.664674943091656,0.953993497060007,1.21140074012733,29.6320941241598,44.7441824659859,61.4031903151077,74.5615661657302,85.8937620603964,96.4730176425869,112.463826628196,133.589718872035,150.642730120319,158.077509412821,159.131729423356,160.301802300626,157.017091301921,,,,Argentina,
GCAM 5.3,SSP5-noDACCS-2p6-3pctHR,ARG,Emissions|CH4|AFOLU,Mt CO2e/yr,,,,98.96332971412971,,,86.52614436537765,,,,,91.36266807868789,,95.77882235789392,,,,,101.9323110685754,108.0911025896926,114.09188975379384,117.23262969098967,119.55320176404753,120.92654874213648,121.11956079253885,120.48585357697924,118.83454207000348,117.74744571976484,115.98628708156197,113.63888392987535,111.89827493459607,110.486336470713,108.15540703980992,104.98663766452204,,,,Argentina,CH4
GCAM 5.3,SSP5-noDACCS-2p6-3pctHR,ARG,Emissions|CO2|AFOLU,Mt CO2/yr,,,,153.321885346113,,,132.299103110167,,,,,170.236397981815,,55.9976196295182,,,,,33.988939783399,26.6176594965916,28.0408502281294,-6.66663413784849,-116.798542046084,-160.756632769332,-171.835872425809,-167.649097249268,-157.031567045603,-135.105770757955,-105.476569387877,-80.7215327971202,-65.050948167549,-48.1870356348011,-36.2910995808106,-29.5260636406191,,,,Argentina,CO2
GCAM 5.3,SSP5-noDACCS-2p6-3pctHR,ARG,Emissions|CO2|Energy and Industrial Processes,Mt CO2/yr,,,,155.421149065322,,,189.989010258565,,,,,203.391183587585,,217.562369965255,,,,,231.269438585112,249.027858516594,268.679476502807,157.516498017833,123.533449006835,84.9190817781419,52.9118398962262,25.2973130056631,-0.662002722227088,-31.0615858217629,-71.0227474660623,-104.879267917437,-120.849699650073,-127.971698297523,-136.773005833699,-144.155134776678,,,,Argentina,CO2
GCAM 5.3,SSP5-noDACCS-2p6-3pctHR,ARG,Emissions|CO2|Energy|Demand,Mt CO2/yr,,,,107.087752034382,,,121.360967837151,,,,,130.457427102846,,132.71463779174,,,,,142.089556491374,147.965775821707,153.182158589751,120.675233658024,112.434593519312,101.83724981567,92.8122289301905,85.2887520782962,78.2455172173555,70.3818764133828,59.1999477971654,48.9024690026676,43.5449234920998,38.8814788136473,33.6317012910327,26.9125785325573,,,,Argentina,CO2
GCAM 5.3,SSP5-noDACCS-2p6-3pctHR,ARG,Emissions|CO2|Energy|Demand|Industry,Mt CO2/yr,,,,46.9642051111415,,,47.7195389961306,,,,,48.3328870507287,,48.3729876313504,,,,,51.1145859673822,52.520842176166,52.8864031535889,39.5013286495291,36.0158976374314,31.7170772512903,27.4753034367588,23.2861625024821,19.2140506401449,15.1523521599209,11.2172651828266,8.06068940714037,6.03850210669648,4.36897782722385,3.1158575643398,2.15986967802341,,,,Argentina,CO2
GCAM 5.3,SSP5-noDACCS-2p6-3pctHR,ARG,Emissions|CO2|Energy|Demand|Residential and Commercial,Mt CO2/yr,,,,19.650795618337,,,25.035212038459,,,,,26.2345286531933,,26.6863214984204,,,,,28.9756886532232,30.6275268259008,31.7430860967843,22.7291391266014,21.1060267916168,18.6913437858384,16.0612120164114,13.3357282718195,10.7118231736302,8.12775057957186,5.93398920450597,4.21797091240093,3.04839374777677,2.0984077312666,1.41639025690325,0.925734771320888,,,,Argentina,CO2
GCAM 5.3,SSP5-noDACCS-2p6-3pctHR,ARG,Emissions|CO2|Energy|Demand|Residential and Commercial|Commercial,Mt CO2/yr,,,,2.77426073964544,,,3.4170953782616,,,,,3.60039843431632,,3.4989320995039,,,,,3.82641613977119,4.10666096259091,4.34547322409167,2.80603170548812,2.59841558266345,2.28880886159614,1.95467710426472,1.61284748206019,1.28604840198721,0.969356052043656,0.701942163881276,0.495509660874663,0.35702917644511,0.245507893744582,0.165789837866348,0.108444701727436,,,,Argentina,CO2
GCAM 5.3,SSP5-noDACCS-2p6-3pctHR,ARG,Emissions|CO2|Energy|Demand|Residential and Commercial|Residential,Mt CO2/yr,,,,16.8765348786916,,,21.6181166601974,,,,,22.6341302188769,,23.1873893989165,,,,,25.149272513452,26.5208658633099,27.3976128726926,19.9231074211133,18.5076112089533,16.4025349242423,14.1065349121467,11.7228807897593,9.42577477164302,7.15839452752821,5.2320470406247,3.72246125152627,2.69136457133166,1.85289983752202,1.2506004190369,0.817290069593452,,,,Argentina,CO2
GCAM 5.3,SSP5-noDACCS-2p6-3pctHR,ARG,Emissions|CO2|Energy|Demand|Transportation,Mt CO2/yr,,,,40.4727513049037,,,48.6062168025609,,,,,55.8900113989235,,57.6553286619688,,,,,61.999281870769,64.8174068196402,68.5526693393776,58.4447658818931,55.3126690902638,51.4288287785414,49.2757134770203,48.6668613039946,48.3196434035804,47.10177367389,42.0486934098328,36.6238086831263,34.4580276376265,32.4140932551569,29.0994534697897,23.826974083213,,,,Argentina,CO2
GCAM 5.3,SSP5-noDACCS-2p6-3pctHR,ARG,Emissions|CO2|Energy|Supply,Mt CO2/yr,,,,39.865071320978,,,58.7065514656189,,,,,63.0571101221551,,76.2520533881043,,,,,79.3399327472686,89.1055547566193,101.151214078714,34.2790965980738,10.4459482469952,-15.043155931215,-35.8895732669052,-54.387926516033,-71.876301096188,-92.425331278288,-117.07658760367,-136.38979706414,-145.378589759001,-146.675198657966,-148.73362424837,-147.11189393206,,,,Argentina,CO2
GCAM 5.3,SSP5-noDACCS-2p6-3pctHR,ARG,Emissions|CO2|Energy|Supply|Electricity,Mt CO2/yr,,,,30.1378666171918,,,42.2128069413417,,,,,50.4858653247474,,63.4493774823394,,,,,65.8893324908618,75.0907631774436,86.8082532010742,37.3293277437601,23.037017227609,9.36947128147747,-2.71121630732588,-15.0057646620181,-27.635111143289,-41.5392099103978,-52.5200928684069,-60.5880832854262,-71.6925877896998,-78.6991311714353,-84.795850685008,-84.3921770874373,,,,Argentina,CO2
GCAM 5.3,SSP5-noDACCS-2p6-3pctHR,ARG,Emissions|CO2|Energy|Supply|Gases,Mt CO2/yr,,,,2.685125910769,,,2.702564579021,,,,,2.735161248651,,3.15655667854289,,,,,3.55615175925385,4.09087172113751,4.74598369517771,3.83668162753911,3.95386177673453,3.97747833184895,3.96915267829784,3.95117399706315,3.92880006503503,3.9435784949795,3.88513396286105,3.83188571475676,3.4471919348742,3.22315427781795,2.98719794475252,2.79345784542875,,,,Argentina,CO2
GCAM 5.3,SSP5-noDACCS-2p6-3pctHR,ARG,Emissions|CO2|Energy|Supply|Liquids,Mt CO2/yr,,,,7.04208025968372,,,13.7911799452562,,,,,9.83610224869929,,9.6057261812036,,,,,9.80351862523394,9.75962355678075,9.3306524247592,-6.10357398875742,-15.6143856168676,-27.3254004404919,-36.1523450253538,-42.1538484277665,-46.8325219823973,-52.610013725036,-64.8838126696322,-74.9485821835845,-72.9026698488104,-67.8554906715078,-64.0709682337641,-62.6614877288763,,,,Argentina,CO2
GCAM 5.3,SSP5-noDACCS-2p6-3pctHR,ARG,Emissions|CO2|Energy|Supply|Solids,Mt CO2/yr,,,,-1.46666650416393e-06,,,0.0,,,,,-1.86999425825113e-05,,0.0,,,,,-3.66666819573678e-06,0.0,-7.69998477496855e-06,0.0,0.0,-1.57666153578552e-05,-1.83333359581856e-06,0.0,-1.099998965875e-06,-1.46666380800937e-06,0.0,-8.43331974688583e-07,0.0,0.0,0.0,0.0,,,,Argentina,CO2
GCAM 5.3,SSP5-noDACCS-2p6-3pctHR,ARG,Emissions|CO2|Industrial Processes,Mt CO2/yr,,,,8.46832570996144,,,9.92149095579565,,,,,9.87664636258473,,8.59567878541084,,,,,9.83994934646907,11.9565279382672,14.3461038343426,2.5621677617359,0.652907240527643,-1.87501210631331,-4.01081576705914,-5.60351255660013,-7.03121884339465,-9.0181309568577,-13.1461076595574,-17.3919398559647,-19.0160333831723,-20.1779784532048,-21.6710828763617,-23.9558193771751,,,,Argentina,CO2
GCAM 5.3,SSP5-noDACCS-2p6-3pctHR,ARG,Emissions|N2O|AFOLU,Mt CO2e/yr,,,,32.18666155538379,,,29.889206879974807,,,,,31.511073007381697,,33.69623680091924,,,,,36.24253850239304,38.74168987567433,41.103997822178926,45.39495442430457,47.29387341834383,48.44286424596993,48.79988225058137,48.56252721169423,47.70715981543812,48.004490029083584,48.1959715674012,48.33086019740132,48.13386455747661,47.69268020424644,46.866359812048415,45.56332183498887,,,,Argentina,N2O
GCAM 5.3,SSP_SSP1,ARG,Carbon Sequestration|CCS|Biomass,Mt CO2/yr,,,,0.0,,,0.0,,,,,0.0,,0.319460346041847,,,,,1.580780810374,4.64637240906412,9.74172569894468,17.2712124501101,32.4465679063544,63.2771433391337,129.267387613013,201.545518404888,207.965670196421,216.06389573587,219.728304302009,223.608270799987,228.249884764321,218.842308908087,212.028305972632,207.010794978161,,,,Argentina,
GCAM 5.3,SSP_SSP1,ARG,Emissions|CH4|AFOLU,Mt CO2e/yr,,,,91.99554277707416,,,92.9799504644794,,,,,93.89843331983576,,93.17518162363068,,,,,91.07635865797812,88.86227563947104,87.14958720413597,85.72200806063552,82.95322135324615,81.52290025876192,79.59284842855136,76.58819084853693,75.74003064231016,74.66935561226849,73.47234234590039,71.99922641037728,70.19141942003156,68.2698230255888,66.14904106415725,63.97724311385764,,,,Argentina,CH4
GCAM 5.3,SSP_SSP1,ARG,Emissions|CO2|AFOLU,Mt CO2/yr,,,,153.327409377674,,,131.264995034735,,,,,172.144477044632,,22.721681106805,,,,,-0.486594375008919,-22.6727263838955,-39.4097328540406,-49.847299699629,-57.5868893081614,-63.1889791770967,-60.3635147682574,-55.9309914030385,-44.1239369392532,-36.7478335910597,-31.8460371469147,-28.7499045484571,-27.1974158696761,-25.9062224577552,-24.8288794504764,-24.2707675923706,,,,Argentina,CO2
GCAM 5.3,SSP_SSP1,ARG,Emissions|CO2|Energy and Industrial Processes,Mt CO2/yr,,,,155.421852301149,,,189.989758898461,,,,,198.823361032232,,220.103168147452,,,,,199.833742404941,181.213728086971,158.994282863193,129.746596202276,83.4567657665954,13.3218655846344,-109.383816879204,-226.244685461412,-239.483469203356,-249.244731818664,-252.696283592401,-255.736513818211,-260.047332790286,-248.461661010765,-238.574334522379,-231.029126233132,,,,Argentina,CO2
GCAM 5.3,SSP_SSP1,ARG,Emissions|CO2|Energy|Demand,Mt CO2/yr,,,,106.866269355,,,121.176980501982,,,,,125.741115388547,,136.113537887368,,,,,131.011105005119,127.441298631825,122.582637185585,112.940158704818,95.2472216104361,70.4105099680036,38.0807744758263,17.2432395687158,14.779677084193,13.8360985876857,13.8074220287343,14.307522691409,14.6119476222998,15.028335358982,16.1619334306439,16.9451200298757,,,,Argentina,CO2
GCAM 5.3,SSP_SSP1,ARG,Emissions|CO2|Energy|Demand|Industry,Mt CO2/yr,,,,46.7430461154697,,,47.5358571421497,,,,,48.1219269248479,,54.8282728188097,,,,,51.1602162873788,48.4030933573111,45.2040569370531,40.2262549142247,31.6734221528664,20.186603239148,8.23761288611625,2.00045427204237,1.60914944186042,1.37359630092168,1.25813389615278,1.25599628333384,1.14448662983659,1.70738731325941,3.04339986930085,4.0538670277327,,,,Argentina,CO2
GCAM 5.3,SSP_SSP1,ARG,Emissions|CO2|Energy|Demand|Residential and Commercial,Mt CO2/yr,,,,19.6509081527955,,,25.0353412686843,,,,,26.2273485878507,,26.5281375685572,,,,,24.0338483922778,21.9119387671707,19.755219948221,16.7201872210913,12.2563204109175,7.68937890707821,3.58112655057203,1.07779495483442,0.862966728308041,0.717182957935813,0.603838020439008,0.535641184178378,0.446536997635732,0.392698010532621,0.371439867081658,0.316388014772138,,,,Argentina,CO2
GCAM 5.3,SSP_SSP1,ARG,Emissions|CO2|Energy|Demand|Residential and Commercial|Commercial,Mt CO2/yr,,,,2.77437328304181,,,3.41722827058413,,,,,3.59886950663336,,3.61573379629474,,,,,3.05106278900865,2.71044397318539,2.40133259829552,1.9772638945999,1.38064244418124,0.820963579548345,0.352011571860767,0.0985561052962292,0.0795758599724647,0.0669206001194061,0.0571645378472637,0.0513820120799626,0.0434700339593225,0.0385728805795543,0.0366570256605612,0.0314589332634497,,,,Argentina,CO2
GCAM 5.3,SSP_SSP1,ARG,Emissions|CO2|Energy|Demand|Residential and Commercial|Residential,Mt CO2/yr,,,,16.8765348697537,,,21.6181129981001,,,,,22.6284790812174,,22.9124037722625,,,,,20.9827856032691,19.2014947939853,17.3538873499255,14.7429233264914,10.8756779667363,6.86841532752987,3.22911497871126,0.979238849538192,0.783390868335577,0.650262357816407,0.546673482591744,0.484259172098415,0.40306696367641,0.354125129953067,0.334782841421096,0.284929081508689,,,,Argentina,CO2
GCAM 5.3,SSP_SSP1,ARG,Emissions|CO2|Energy|Demand|Transportation,Mt CO2/yr,,,,40.4723150867346,,,48.605782091148,,,,,51.3918398758485,,54.7571275000015,,,,,55.8170403254629,57.1262665073431,57.6233603003104,55.9937165695023,51.3174790466521,42.5345278217773,26.262035039138,14.164990341839,12.3075609140245,11.7453193288282,11.9454501121425,12.5158852238968,13.0209239948275,12.92825003519,12.7470936942613,12.5748649873709,,,,Argentina,CO2
GCAM 5.3,SSP_SSP1,ARG,Emissions|CO2|Energy|Supply,Mt CO2/yr,,,,39.8650682028649,,,58.706549579021,,,,,63.0410265161409,,73.4797064869366,,,,,62.1240745879545,47.8776370736044,31.2928504567677,13.0406105511243,-12.4881809356592,-52.4605992859673,-132.485976226414,-219.024042821575,-227.754729609943,-235.3785725425,-238.201751941551,-241.50113540829,-245.875730259681,-234.458608216493,-225.678347651331,-218.954410618571,,,,Argentina,CO2
GCAM 5.3,SSP_SSP1,ARG,Emissions|CO2|Energy|Supply|Electricity,Mt CO2/yr,,,,30.1378673520619,,,42.2128444112031,,,,,50.4695647291587,,60.6515548820692,,,,,49.6370927852046,36.4929882508353,22.7040646517253,9.87959393060811,-2.77599795301406,-14.623424638238,-31.3966884643966,-49.9420145990953,-60.3342849513514,-65.9575447464157,-75.0389476337323,-81.3448214107433,-89.5653803012989,-98.0068193075555,-101.924135480466,-107.051039026424,,,,Argentina,CO2
GCAM 5.3,SSP_SSP1,ARG,Emissions|CO2|Energy|Supply|Gases,Mt CO2/yr,,,,2.685122244102,,,2.702560912354,,,,,2.73526024866,,3.12851367000312,,,,,3.12234989470126,3.16369911391548,3.13056987964407,3.01000011701832,2.7464075068242,2.44080016911749,2.07685142530672,1.53956275959571,1.32989306225834,1.16323457152664,1.02212946314496,0.920437557287969,0.807133223100368,0.755774098158817,0.740179833983714,0.698159656902204,,,,Argentina,CO2
GCAM 5.3,SSP_SSP1,ARG,Emissions|CO2|Energy|Supply|Liquids,Mt CO2/yr,,,,7.04208007336749,,,13.7911442554639,,,,,9.83622023823126,,9.61731804743299,,,,,9.33306195904848,8.32663911744246,5.796250941232,0.790114313583252,-10.7766266754902,-35.0007774564761,-89.2725202256445,-119.541966799072,-123.315880528048,-120.264086153877,-115.203156457981,-109.926637227989,-104.138446552571,-97.0467424893126,-91.1365443694034,-86.0803383527914,,,,Argentina,CO2
GCAM 5.3,SSP_SSP1,ARG,Emissions|CO2|Energy|Supply|Solids,Mt CO2/yr,,,,-1.46666650416393e-06,,,0.0,,,,,-1.86999090281082e-05,,0.0,,,,,0.0,-1.53999620408964e-05,0.0,0.0,0.0,-2.19999820940847e-06,0.0,-3.66666538503288e-08,0.0,0.0,0.0,0.0,0.0,0.0,0.0,-1.46666447389882e-07,,,,Argentina,CO2
GCAM 5.3,SSP_SSP1,ARG,Emissions|CO2|Industrial Processes,Mt CO2/yr,,,,8.69051474328464,,,10.1062288174579,,,,,10.0412191275443,,10.5099237731475,,,,,6.69856281186698,5.89479238154209,5.11879522084037,3.76582694633381,0.697725091818562,-4.62804509740195,-14.9786151286159,-24.4638822085533,-26.5084166776058,-27.7022578638488,-28.3019536795852,-28.5429011013298,-28.7835501529044,-29.0313881532536,-29.0579203016918,-29.0198356444366,,,,Argentina,CO2
GCAM 5.3,SSP_SSP1,ARG,Emissions|N2O|AFOLU,Mt CO2e/yr,,,,68.63807932377013,,,71.67913016887842,,,,,72.9336404956756,,77.40707733323974,,,,,81.21022650629942,82.33192720766341,81.82920518481426,80.1245839623542,79.56374532044129,78.21414852979782,77.12868210716158,74.06040861539475,72.42946231679858,70.42868073868972,68.397090422652,66.26849645695705,63.793123357869085,61.48613431390139,59.13693160725277,56.35516267572992,,,,Argentina,N2O
GCAM 5.3,SSP_SSP2,ARG,Carbon Sequestration|CCS|Biomass,Mt CO2/yr,,,,0.0,,,0.0,,,,,0.0,,0.61373541246079,,,,,3.39529448199644,8.1634072754612,15.783428984857,27.1999726693912,49.2971715215606,87.3553445084276,138.519747231615,234.639633639646,249.228451326065,253.310180845685,260.359057553864,258.709324740651,234.697232312408,229.016692394515,250.67333326998,267.633117665288,,,,Argentina,
GCAM 5.3,SSP_SSP2,ARG,Emissions|CH4|AFOLU,Mt CO2e/yr,,,,91.99554277707416,,,92.9799504644794,,,,,93.89843331983576,,99.97731045604232,,,,,105.63047835963252,109.08754589084745,112.36758379683565,114.23769132410685,115.41590575203696,114.43993997711715,110.62768174842216,105.91355926754233,106.07602857565196,105.9452215081386,105.62114258175255,105.12822009976888,104.54467541831936,103.7031299286556,102.46928021616245,101.28381229458996,,,,Argentina,CH4
GCAM 5.3,SSP_SSP2,ARG,Emissions|CO2|AFOLU,Mt CO2/yr,,,,153.327409377674,,,131.264995034735,,,,,172.144477044632,,44.4874777062945,,,,,15.0502070666222,-5.0202913632267,-21.5420495477552,-32.3529118657627,-40.3633933838762,-42.9700831039913,-40.9701146841591,-39.9336841712915,-27.7728284265236,-20.3185661246653,-16.0987759903099,-13.8210494728564,-12.2559321412748,-11.8402217266199,-12.6445608749987,-13.8035121196075,,,,Argentina,CO2
GCAM 5.3,SSP_SSP2,ARG,Emissions|CO2|Energy and Industrial Processes,Mt CO2/yr,,,,155.421852301149,,,189.989758898461,,,,,198.823361032232,,220.631452977695,,,,,201.462112081624,186.029535629059,164.73874622898,132.648913788498,78.9178698067992,1.55227054761209,-101.388909706577,-243.268212189547,-268.127773618198,-277.101278715795,-288.719671760248,-288.988097962707,-259.022095553358,-246.515731058534,-259.146041769572,-272.044002074958,,,,Argentina,CO2
GCAM 5.3,SSP_SSP2,ARG,Emissions|CO2|Energy|Demand,Mt CO2/yr,,,,106.866269355,,,121.176980501982,,,,,125.741115388547,,138.885715167451,,,,,136.174490124895,136.017610942494,133.253606326077,124.127356346285,105.535580553066,79.9422014514259,48.1000726308587,24.5355337638799,21.6885132183391,20.4439412157661,19.5603918773963,19.7645252067719,23.0356975262523,27.5551242599232,32.7695028077836,36.704749590768,,,,Argentina,CO2
GCAM 5.3,SSP_SSP2,ARG,Emissions|CO2|Energy|Demand|Industry,Mt CO2/yr,,,,46.7430461154697,,,47.5358571421497,,,,,48.1219269248479,,55.7004554341715,,,,,53.0365697742766,51.8293426242542,49.443641205524,44.2490627299628,34.7316698557123,21.8284009542293,7.69641753723879,1.7804714189153,1.39427386640635,1.19965555462346,1.0748994584121,1.58335752808008,4.12596035381816,7.70404070254146,13.0273142685174,17.1343992992132,,,,Argentina,CO2
GCAM 5.3,SSP_SSP2,ARG,Emissions|CO2|Energy|Demand|Residential and Commercial,Mt CO2/yr,,,,19.6509081527955,,,25.0353412686843,,,,,26.2273485878507,,26.9877396216571,,,,,24.2483729522747,22.4415446292678,20.4107245197298,17.2434553035205,12.4418814238633,7.43835160142389,2.95975138546013,0.844592832650229,0.652432304793166,0.534031190835582,0.434810795861321,0.372226644243063,0.324880722363853,0.2721313144938,0.205865663279571,0.150455761849811,,,,Argentina,CO2
GCAM 5.3,SSP_SSP2,ARG,Emissions|CO2|Energy|Demand|Residential and Commercial|Commercial,Mt CO2/yr,,,,2.77437328304181,,,3.41722827058413,,,,,3.59886950663336,,3.62856160408562,,,,,3.03795558063301,2.73999524367265,2.43797393913057,1.98769289776213,1.35099037102081,0.755934970880704,0.277807766750624,0.07460361480167,0.0582318803422035,0.0483595202756954,0.040041610713666,0.0348073137903677,0.0309126294657718,0.0263836779057433,0.0203674149887949,0.015233644084393,,,,Argentina,CO2
GCAM 5.3,SSP_SSP2,ARG,Emissions|CO2|Energy|Demand|Residential and Commercial|Residential,Mt CO2/yr,,,,16.8765348697537,,,21.6181129981001,,,,,22.6284790812174,,23.3591780175714,,,,,21.2104173716417,19.7015493855952,17.9727505805993,15.2557624057584,11.0908910528425,6.68241663054319,2.68194361870951,0.769989217848559,0.594200424450962,0.485671670559887,0.394769185147655,0.337419330452695,0.293968092898081,0.245747636588057,0.185498248290776,0.135222117765418,,,,Argentina,CO2
GCAM 5.3,SSP_SSP2,ARG,Emissions|CO2|Energy|Demand|Transportation,Mt CO2/yr,,,,40.4723150867346,,,48.605782091148,,,,,51.3918398758485,,56.1975201116224,,,,,58.8895473983439,61.7467236889722,63.3992406008236,62.6348383128021,58.3620292734906,50.6754488957727,37.4439037081598,21.9104695123143,19.6418070471396,18.710254470307,18.0506816231229,17.8089410344488,18.5848564500702,19.578952242888,19.5363228759867,19.419894529705,,,,Argentina,CO2
GCAM 5.3,SSP_SSP2,ARG,Emissions|CO2|Energy|Supply,Mt CO2/yr,,,,39.8650682028649,,,58.706549579021,,,,,63.0410265161409,,72.7378407937239,,,,,59.2747593031823,44.6732935820802,26.9906826513461,5.48868667276374,-26.651407773149,-73.7926780816005,-137.235286565999,-244.142602537491,-262.49665721442,-267.635790744092,-275.484389130972,-273.396058627145,-245.298813490754,-235.715940617994,-251.842853325151,-267.377812087181,,,,Argentina,CO2
GCAM 5.3,SSP_SSP2,ARG,Emissions|CO2|Energy|Supply|Electricity,Mt CO2/yr,,,,30.1378673520619,,,42.2128444112031,,,,,50.4695647291587,,60.0444639652381,,,,,47.3121241803528,34.253308603215,20.3738985350422,6.17632333397679,-8.50950022805424,-23.0209126240704,-41.1606596659591,-55.0782001951463,-68.2197214212315,-79.0259371257498,-91.3314861200002,-101.302012635878,-109.86605224512,-114.192920613568,-116.939402237167,-140.473708609559,,,,Argentina,CO2
GCAM 5.3,SSP_SSP2,ARG,Emissions|CO2|Energy|Supply|Gases,Mt CO2/yr,,,,2.685122244102,,,2.702560912354,,,,,2.73526024866,,3.12121136016563,,,,,3.24432182604661,3.43638367999691,3.55480249344402,3.59253199377385,3.50503924113804,3.35653743167112,3.06349233588021,2.40644523411441,2.21180026036431,1.98755348697,1.78188939932593,1.65447967566122,1.6132660640114,1.50484223302791,1.31792595985103,1.18004064664092,,,,Argentina,CO2
GCAM 5.3,SSP_SSP2,ARG,Emissions|CO2|Energy|Supply|Liquids,Mt CO2/yr,,,,7.04208007336749,,,13.7911442554639,,,,,9.83622023823126,,9.50286834206551,,,,,8.71579776588825,7.15368698505466,3.57492755380592,-3.24295946708737,-18.8854035449797,-47.0661015115295,-79.8926725920652,-105.969918381109,-112.433675536131,-112.531688440236,-113.174190481963,-112.380227845232,-104.537855435085,-96.3472852137861,-87.5510651588966,-84.4812470603225,,,,Argentina,CO2
GCAM 5.3,SSP_SSP2,ARG,Emissions|CO2|Energy|Supply|Solids,Mt CO2/yr,,,,-1.46666650416393e-06,,,0.0,,,,,-1.86999090281082e-05,,0.0,,,,,0.0,-1.79666152096318e-05,-1.35666800667711e-05,0.0,0.0,0.0,-1.57666081066114e-06,-2.56665967195049e-07,0.0,0.0,-2.19999889179871e-07,-1.46666882856048e-07,-2.56666117893665e-07,-4.0333181552453e-07,-2.19999621690362e-07,0.0,,,,Argentina,CO2
GCAM 5.3,SSP_SSP2,ARG,Emissions|CO2|Industrial Processes,Mt CO2/yr,,,,8.69051474328464,,,10.1062288174579,,,,,10.0412191275443,,9.00789701651983,,,,,6.01286265354668,5.33863110448449,4.49445725155653,3.03287076944893,0.0336970268819119,-4.59725282221332,-12.2536957714367,-23.6611434159361,-27.3196296221174,-29.9094291874685,-32.7956745066718,-35.3565645423341,-36.7589795888559,-38.3549147004632,-40.0726912522054,-41.3709395785447,,,,Argentina,CO2
GCAM 5.3,SSP_SSP2,ARG,Emissions|N2O|AFOLU,Mt CO2e/yr,,,,68.63807932377013,,,71.67913016887842,,,,,72.9336404956756,,78.43760604530432,,,,,82.84218297647674,85.22869445961287,86.45496894565521,87.01482765481452,87.784479085663,87.37583114557314,85.5115768622287,82.55586368108216,82.4704401973209,82.23687327728854,81.89426170465313,81.40596429397559,80.81009234650497,79.79893281153913,78.2043931567009,76.57077261590047,,,,Argentina,N2O
GCAM 5.3,SSP_SSP3,ARG,Carbon Sequestration|CCS|Biomass,Mt CO2/yr,,,,0.0,,,0.0,,,,,0.0,,1.95044039064608,,,,,9.68409742703908,18.7807243273384,30.364516647077,46.7205306639872,86.1148595269562,150.260160121347,207.144983845923,301.750492060416,327.41860512662,333.783227889017,358.545631967277,397.302486214354,403.950464319715,404.949458904686,411.14701626661,434.146686322202,,,,Argentina,
GCAM 5.3,SSP_SSP3,ARG,Emissions|CH4|AFOLU,Mt CO2e/yr,,,,91.99554277707416,,,92.9799504644794,,,,,93.89843331983576,,100.55305408974084,,,,,106.98127331871673,110.59481397015017,114.15125365787192,116.1042295215152,117.68461630411332,116.84585200365419,113.13757541096919,108.27926160339932,109.5416629149654,110.75528140501552,111.94898138501196,113.05398256689739,114.21395881537013,115.41446108689111,116.42976824994368,117.22458442711184,,,,Argentina,CH4
GCAM 5.3,SSP_SSP3,ARG,Emissions|CO2|AFOLU,Mt CO2/yr,,,,153.327409377674,,,131.264995034735,,,,,172.144477044632,,51.9769107692963,,,,,23.2820553736945,2.48419712272457,-13.7658823374522,-23.9148958671234,-30.9869166389725,-35.5674200866032,-37.8448523762561,-39.5713558556853,-26.4136940444413,-15.9261906107278,-11.3402751063638,-7.73166093357429,-3.03385080435403,0.51485906279381,1.91355120693281,2.11279870466477,,,,Argentina,CO2
GCAM 5.3,SSP_SSP3,ARG,Emissions|CO2|Energy and Industrial Processes,Mt CO2/yr,,,,155.421852301149,,,189.989758898461,,,,,198.823361032232,,217.285750343786,,,,,190.497590760383,165.778963520848,134.946434485092,92.2612059989611,10.3256681162211,-108.040511456434,-220.004601129039,-340.244568563913,-371.392276374121,-376.603455019648,-403.966967029067,-442.534751449245,-451.800678436091,-449.382981401937,-449.749305817278,-462.032713906111,,,,Argentina,CO2
GCAM 5.3,SSP_SSP3,ARG,Emissions|CO2|Energy|Demand,Mt CO2/yr,,,,106.866269355,,,121.176980501982,,,,,125.741115388547,,137.594766132819,,,,,132.763740224428,129.269683123783,123.130157094773,111.739245383112,89.6682421866041,60.349530377365,31.6238220264189,15.8483495566452,15.3233962580106,15.8977760999014,15.7669696185441,16.0620761879063,16.2838570621888,18.4837717904403,22.3867488712273,27.3629563236188,,,,Argentina,CO2
GCAM 5.3,SSP_SSP3,ARG,Emissions|CO2|Energy|Demand|Industry,Mt CO2/yr,,,,46.7430461154697,,,47.5358571421497,,,,,48.1219269248479,,55.1901267329498,,,,,52.9381322986322,51.1728978547032,48.1634047039802,42.8849842931666,33.1645224468336,19.2492683360041,6.32937597644084,1.51454870693494,1.27468579496609,1.22129678564477,1.06191647873312,0.964231126192279,1.1470442779826,3.30440364404423,6.2909944768061,10.7344712611808,,,,Argentina,CO2
GCAM 5.3,SSP_SSP3,ARG,Emissions|CO2|Energy|Demand|Residential and Commercial,Mt CO2/yr,,,,19.6509081527955,,,25.0353412686843,,,,,26.2273485878507,,27.1137529286135,,,,,24.5836901077979,22.6099564531073,20.4133487670712,17.2102397162391,12.4832235456606,7.09662291187301,2.73319029059353,0.817214303032043,0.660718941219068,0.599681142350319,0.477247346150594,0.416032688197768,0.328143156217243,0.273926110938273,0.277732780685011,0.209795454124596,,,,Argentina,CO2
GCAM 5.3,SSP_SSP3,ARG,Emissions|CO2|Energy|Demand|Residential and Commercial|Commercial,Mt CO2/yr,,,,2.77437328304181,,,3.41722827058413,,,,,3.59886950663336,,3.63645560535881,,,,,3.10649055163257,2.7673436882918,2.42424451979476,1.95671765794195,1.32140756720415,0.681729956452336,0.233876352651631,0.0647733348327188,0.0530727763369242,0.0487537862071469,0.0394531542604972,0.0348492244173473,0.0279894148799553,0.0235945239987731,0.0238327201041578,0.0184676005193558,,,,Argentina,CO2
GCAM 5.3,SSP_SSP3,ARG,Emissions|CO2|Energy|Demand|Residential and Commercial|Residential,Mt CO2/yr,,,,16.8765348697537,,,21.6181129981001,,,,,22.6284790812174,,23.4772973232547,,,,,21.4771995561653,19.8426127648155,17.9891042472765,15.2535220582971,11.1618159784564,6.41489295542067,2.4993139379419,0.752440968199325,0.607646164882144,0.550927356143172,0.437794191890097,0.38118346378042,0.300153741337288,0.2503315869395,0.253900060580853,0.19132785360524,,,,Argentina,CO2
GCAM 5.3,SSP_SSP3,ARG,Emissions|CO2|Energy|Demand|Transportation,Mt CO2/yr,,,,40.4723150867346,,,48.605782091148,,,,,51.3918398758485,,55.290886471256,,,,,55.2419178179976,55.4868288159721,54.5534036237216,51.6440213737065,44.0204961941099,34.0036391294879,22.5612557593845,13.5165865466782,13.3879915218254,14.0767981719063,14.2278057936603,14.6818123735163,14.8086696279889,14.9054420354578,15.8180216137361,16.4186896083134,,,,Argentina,CO2
GCAM 5.3,SSP_SSP3,ARG,Emissions|CO2|Energy|Supply,Mt CO2/yr,,,,39.8650682028649,,,58.706549579021,,,,,63.0410265161409,,71.0914242793157,,,,,53.1093427936442,33.4628115347537,10.4902581870406,-18.4174500567091,-73.5287743220259,-156.096796960046,-231.405396181895,-326.664597879582,-354.300102800985,-358.50285557903,-382.535665293622,-418.19350263328,-424.338006018358,-420.081094393607,-421.775188702452,-436.277757116709,,,,Argentina,CO2
GCAM 5.3,SSP_SSP3,ARG,Emissions|CO2|Energy|Supply|Electricity,Mt CO2/yr,,,,30.1378673520619,,,42.2128444112031,,,,,50.4695647291587,,59.8346306598949,,,,,47.5244331012989,33.7322472097405,18.6713699595718,1.61039109344205,-19.3768562846724,-45.8802417128346,-74.265060796456,-76.1700560725051,-89.0820996766444,-101.064828462952,-122.632901185302,-128.718800630536,-183.641662543024,-233.888606045055,-246.165025688258,-293.984859521307,,,,Argentina,CO2
GCAM 5.3,SSP_SSP3,ARG,Emissions|CO2|Energy|Supply|Gases,Mt CO2/yr,,,,2.685122244102,,,2.702560912354,,,,,2.73526024866,,3.13492339384801,,,,,3.13944841269668,3.24497727846472,3.28058676268092,3.24904571102728,3.0947372211201,2.89095728141962,2.64926961360442,2.12030091067585,1.943355253109,1.82481885916704,1.59813002732774,1.41398945910911,1.33035606652439,1.29302556923883,1.30791955427686,1.25620102939998,,,,Argentina,CO2
GCAM 5.3,SSP_SSP3,ARG,Emissions|CO2|Energy|Supply|Liquids,Mt CO2/yr,,,,7.04208007336749,,,13.7911442554639,,,,,9.83622023823126,,8.05140867259611,,,,,2.4272168758679,-3.39899450593493,-11.0787424491272,-22.3579538699243,-54.5178704924239,-105.418901592513,-136.715363058321,-133.097499609302,-132.496497602432,-125.303898182255,-122.32036779787,-117.212824777662,-116.501574500172,-111.840773345673,-107.064865650114,-97.6606613473939,,,,Argentina,CO2
GCAM 5.3,SSP_SSP3,ARG,Emissions|CO2|Energy|Supply|Solids,Mt CO2/yr,,,,-1.46666650416393e-06,,,0.0,,,,,-1.86999090281082e-05,,0.0,,,,,-1.61333155631616e-05,-1.28333427862274e-05,0.0,-6.96666388614969e-06,-3.666663630864e-06,-4.39998768612551e-06,-5.4999943140597e-07,-7.33335552075817e-08,-7.33333603842043e-08,0.0,-2.93333930468155e-07,0.0,-4.39999670276741e-07,-3.66667568964558e-08,0.0,0.0,,,,Argentina,CO2
GCAM 5.3,SSP_SSP3,ARG,Emissions|CO2|Industrial Processes,Mt CO2/yr,,,,8.69051474328464,,,10.1062288174579,,,,,10.0412191275443,,8.59955993165065,,,,,4.62450774231146,3.04646886231208,1.32601920327861,-1.060589327442,-5.81379974835709,-12.2932448737528,-20.2230269735627,-29.4283202409754,-32.4155698311467,-33.9983755405197,-37.1982713539893,-40.4033250038714,-43.7465294799218,-47.7856587987702,-50.3608659860533,-53.1179131130209,,,,Argentina,CO2
GCAM 5.3,SSP_SSP3,ARG,Emissions|N2O|AFOLU,Mt CO2e/yr,,,,68.63807932377013,,,71.67913016887842,,,,,72.93364022267559,,77.85632935515953,,,,,82.35524380758729,84.71317774357483,86.1993854834284,86.4770294474006,87.1038583242787,86.17280978130962,83.57486028386722,80.05660018418106,80.19030314452412,80.28552628117477,80.13147710530244,80.20213069704162,80.56284106174367,81.03264552646344,81.3814907145412,81.55112857772573,,,,Argentina,N2O
GCAM 5.3,SSP_SSP4,ARG,Carbon Sequestration|CCS|Biomass,Mt CO2/yr,,,,0.0,,,0.0,,,,,0.0,,0.54829185984471,,,,,2.78786991677603,7.10777938282837,14.045207924837,24.1987456478858,42.5045754707506,74.2336805218811,123.183790060281,184.521689358817,173.082068038802,173.67744169908,168.316085262557,163.223870313401,158.632403731411,150.315860025595,143.32356656385,140.785926260744,,,,Argentina,
GCAM 5.3,SSP_SSP4,ARG,Emissions|CH4|AFOLU,Mt CO2e/yr,,,,91.99554277707416,,,92.9799504644794,,,,,93.89843331983576,,99.65299913888171,,,,,104.38104115845168,106.52664154175541,108.87584705686892,109.42150395352904,109.11293643964336,107.54887276024527,103.1408101770536,97.75983108620092,96.55605523558847,95.04054731698072,93.10850976399531,90.91482993231212,88.59576753122592,86.24437023089048,83.70523197004836,80.9326393670914,,,,Argentina,CH4
GCAM 5.3,SSP_SSP4,ARG,Emissions|CO2|AFOLU,Mt CO2/yr,,,,153.327409377674,,,131.264995034735,,,,,172.144477044632,,39.9061565802907,,,,,11.4076868970248,-8.47869792909477,-24.4137677043112,-35.7057387990383,-45.3714593543292,-52.8107159163493,-53.5734674865431,-53.1982633427932,-40.9103668829188,-33.3308058202923,-28.1556748145722,-25.1195732469241,-23.4084181216451,-21.5598310273562,-19.9895551501318,-19.5512575626283,,,,Argentina,CO2
GCAM 5.3,SSP_SSP4,ARG,Emissions|CO2|Energy and Industrial Processes,Mt CO2/yr,,,,155.421852301149,,,189.989758898461,,,,,198.823361032232,,218.718007771401,,,,,199.660698453304,182.629390239486,160.515997636627,129.464018841682,79.9119737223358,11.382787020273,-87.3637790407607,-192.814813276022,-177.786869516539,-184.686807034634,-177.221078005297,-168.382520067992,-164.521236197505,-155.611977540205,-145.861508303717,-138.55448918737,,,,Argentina,CO2
GCAM 5.3,SSP_SSP4,ARG,Emissions|CO2|Energy|Demand,Mt CO2/yr,,,,106.866269355,,,121.176980501982,,,,,125.741115388547,,137.606988444946,,,,,134.035041640974,132.288771569196,128.424968171389,119.053161691391,100.567569772878,76.3625544216863,45.4182587128439,21.9494022516213,22.0369768799416,19.9430700686135,20.3675327284814,21.2254131219361,21.00786291558,22.0186439392518,24.8196926441896,28.4729908973237,,,,Argentina,CO2
GCAM 5.3,SSP_SSP4,ARG,Emissions|CO2|Energy|Demand|Industry,Mt CO2/yr,,,,46.7430461154697,,,47.5358571421497,,,,,48.1219269248479,,55.1052448663192,,,,,51.9187635660778,49.7097225003156,46.6956280055519,41.462601966157,32.1220934778611,20.2783177611745,7.86881328328335,1.94740084059393,1.75326719669338,1.49939525281082,1.38291727991296,1.32158481861707,1.40219274889456,3.08428106615328,5.72982418003262,9.29471340870852,,,,Argentina,CO2
GCAM 5.3,SSP_SSP4,ARG,Emissions|CO2|Energy|Demand|Residential and Commercial,Mt CO2/yr,,,,19.6509081527955,,,25.0353412686843,,,,,26.2273485878507,,26.1831438080568,,,,,23.0367628032468,20.64671807511,18.2803604762582,15.2438765755518,11.000254140191,6.70059689789482,2.754570580879,0.778942839333841,0.651252545246511,0.539470741561705,0.460882235105117,0.402178670190348,0.343327392659041,0.298214701076367,0.259557982664159,0.215177596743414,,,,Argentina,CO2
GCAM 5.3,SSP_SSP4,ARG,Emissions|CO2|Energy|Demand|Residential and Commercial|Commercial,Mt CO2/yr,,,,2.77437328304181,,,3.41722827058413,,,,,3.59886950663336,,3.52307561142058,,,,,2.89177968680345,2.52727523748429,2.19369439962544,1.77406092039229,1.21074396394279,0.692952350949797,0.262208514607183,0.0692436204528497,0.0591730329912359,0.0495236083402564,0.0432221646430918,0.0384590622851123,0.033258446504945,0.029122930316177,0.0256396281830347,0.0215472161528655,,,,Argentina,CO2
GCAM 5.3,SSP_SSP4,ARG,Emissions|CO2|Energy|Demand|Residential and Commercial|Residential,Mt CO2/yr,,,,16.8765348697537,,,21.6181129981001,,,,,22.6284790812174,,22.6600681966363,,,,,20.1449831164434,18.1194428376257,16.0866660766327,13.4698156551596,9.78951017624825,6.00764454694502,2.49236206627182,0.709699218880991,0.592079512255275,0.489947133221449,0.417660070462025,0.363719607905236,0.310068946154096,0.26909177076019,0.233918354481125,0.193630380590549,,,,Argentina,CO2
GCAM 5.3,SSP_SSP4,ARG,Emissions|CO2|Energy|Demand|Transportation,Mt CO2/yr,,,,40.4723150867346,,,48.605782091148,,,,,51.3918398758485,,56.3185997705697,,,,,59.0795152716492,61.9323309937703,63.4489796895789,62.3466831496819,57.4452221548259,49.383639762617,34.7948748486816,19.2230585716935,19.6324571380017,17.904204074241,18.5237332134633,19.5016496331287,19.2623427740264,18.6361481720221,18.8303104814928,18.9630998918718,,,,Argentina,CO2
GCAM 5.3,SSP_SSP4,ARG,Emissions|CO2|Energy|Supply,Mt CO2/yr,,,,39.8650682028649,,,58.706549579021,,,,,63.0410265161409,,71.921092541302,,,,,59.3926033213061,44.8783215551313,27.4716427872389,7.18727626256737,-21.0367367779414,-61.0612312253428,-121.019214901717,-192.938461402685,-177.994761018596,-180.617857287548,-173.668625014141,-166.226164214448,-161.007475193886,-151.100315036964,-143.028532388236,-139.294189961246,,,,Argentina,CO2
GCAM 5.3,SSP_SSP4,ARG,Emissions|CO2|Energy|Supply|Electricity,Mt CO2/yr,,,,30.1378673520619,,,42.2128444112031,,,,,50.4695647291587,,59.2377202220299,,,,,47.3546058202967,34.3968317183092,20.6686121149986,7.27531449516517,-5.9726008336169,-17.6844644358316,-32.1128571240248,-46.8292371917653,-50.1757422202087,-56.9701111463329,-61.3851123237382,-63.7831323001519,-67.7041893154149,-69.0964854779584,-68.2508751252379,-67.7028370449083,,,,Argentina,CO2
GCAM 5.3,SSP_SSP4,ARG,Emissions|CO2|Energy|Supply|Gases,Mt CO2/yr,,,,2.685122244102,,,2.702560912354,,,,,2.73526024866,,3.08531672339417,,,,,3.14869740334014,3.25524715959347,3.29958877898646,3.27579471062188,3.12982987941205,2.93939136344462,2.64944244656264,2.08926804271472,2.00792949625941,1.81368279414976,1.62957466344655,1.48625810321925,1.37760661349029,1.3263432119208,1.27516743503402,1.21746399284436,,,,Argentina,CO2
GCAM 5.3,SSP_SSP4,ARG,Emissions|CO2|Energy|Supply|Liquids,Mt CO2/yr,,,,7.04208007336749,,,13.7911442554639,,,,,9.83622023823126,,9.5245350584807,,,,,8.88146833713967,7.41376519122778,4.08364878501358,-2.18303315608337,-15.3001477998627,-39.3335258761024,-75.0630299422212,-100.298866627902,-88.2855717091571,-90.6036098186864,-82.5885782532893,-73.0759256483589,-69.6749710210686,-66.9535612267313,-63.7242523665743,-59.818989160673,,,,Argentina,CO2
GCAM 5.3,SSP_SSP4,ARG,Emissions|CO2|Energy|Supply|Solids,Mt CO2/yr,,,,-1.46666650416393e-06,,,0.0,,,,,-1.86999090281082e-05,,-1.79666023173007e-05,,,,,-1.57666523100852e-05,-1.75999706968539e-05,0.0,-7.33331807644507e-07,0.0,0.0,-6.96665174718519e-07,-2.56666209070906e-07,0.0,-3.66666375997016e-08,0.0,-2.19999555484388e-07,-2.56666049872387e-07,0.0,0.0,-5.49996678552975e-07,,,,Argentina,CO2
GCAM 5.3,SSP_SSP4,ARG,Emissions|CO2|Industrial Processes,Mt CO2/yr,,,,8.69051474328464,,,10.1062288174579,,,,,10.0412191275443,,9.18992678515305,,,,,6.23305349102385,5.46229711515896,4.61938667799941,3.22358088772389,0.381140727399157,-3.91853617607045,-11.7628228518879,-21.825754124959,-21.8290853778847,-24.0120198156996,-23.9199857196378,-23.3817689754807,-24.5216239191989,-26.5303064424923,-27.6526685596704,-27.7332901234472,,,,Argentina,CO2
GCAM 5.3,SSP_SSP4,ARG,Emissions|N2O|AFOLU,Mt CO2e/yr,,,,68.63807932377013,,,71.67913016887842,,,,,72.93364022267559,,77.69489132346287,,,,,81.13945072076079,82.35656790314117,82.86384552502574,82.01374197617274,81.94404429167776,80.43866442326441,77.81237574036244,73.480773767328,72.01359955729211,70.37763494416828,68.80896939772947,67.15977808290769,65.53230485563235,64.13876763115431,62.5662346715436,60.545744589112424,,,,Argentina,N2O
GCAM 5.3,SSP_SSP5,ARG,Carbon Sequestration|CCS|Biomass,Mt CO2/yr,,,,0.0,,,0.0,,,,,0.0,,0.62833021378759,,,,,4.23200629472781,10.3670264757902,20.0424351487061,33.7486717947275,57.2391522235588,82.6294996401053,113.574295967316,171.266651161875,158.400297562781,149.245262733658,142.722250349445,131.996744585237,123.136575835472,119.719468316398,118.08131186172,117.35965489254,,,,Argentina,
GCAM 5.3,SSP_SSP5,ARG,Emissions|CH4|AFOLU,Mt CO2e/yr,,,,91.99554277707416,,,92.9799504644794,,,,,93.89843331983576,,99.42405741100112,,,,,105.03219854204391,108.78959425885124,112.17563651834037,114.41422639852127,114.41319813395695,111.92324366952569,107.46283528142149,102.64217222948668,101.62085922965453,100.32624226064104,98.7543229218784,96.73914593241639,94.12023969366255,90.92790151049977,87.4550708135734,83.78400606838612,,,,Argentina,CH4
GCAM 5.3,SSP_SSP5,ARG,Emissions|CO2|AFOLU,Mt CO2/yr,,,,153.327409377674,,,131.264995034735,,,,,172.144477044632,,37.278470243527,,,,,11.6150560952636,-9.01129987388362,-26.0171585100075,-39.6382555703919,-46.5218569245042,-47.9300619259365,-44.7033832588154,-41.4427656803591,-30.2124349557798,-24.9082510598556,-22.204538052704,-20.9129667496726,-21.0854785171941,-22.4978754488584,-24.1379086351284,-25.4369637411232,,,,Argentina,CO2
GCAM 5.3,SSP_SSP5,ARG,Emissions|CO2|Energy and Industrial Processes,Mt CO2/yr,,,,155.421852301149,,,189.989758898461,,,,,198.823361032232,,223.390571314325,,,,,203.444276304935,190.682243623482,171.472922922586,138.497077805781,84.4269367495814,20.0457741254968,-56.2315288010488,-146.8486189742,-134.827862895082,-128.649395298023,-129.235891846203,-116.859987276329,-103.346707599898,-91.6411725265105,-85.0761449433694,-81.4009554021412,,,,Argentina,CO2
GCAM 5.3,SSP_SSP5,ARG,Emissions|CO2|Energy|Demand,Mt CO2/yr,,,,106.866269355,,,121.176980501982,,,,,125.741115388547,,140.734527679255,,,,,138.94551695677,142.753594192409,144.140894111596,135.687582837166,115.499682286584,86.0617966214813,54.1531542047776,35.5596983313572,34.7518627680423,33.4650623733576,32.230789995529,35.8497093455855,41.3301786942512,48.7433809956483,53.6671544228937,56.8293622004597,,,,Argentina,CO2
GCAM 5.3,SSP_SSP5,ARG,Emissions|CO2|Energy|Demand|Industry,Mt CO2/yr,,,,46.7430461154697,,,47.5358571421497,,,,,48.1219269248479,,56.6475292824884,,,,,53.75458551195,53.4547918404597,52.6536149343808,47.5881559685854,36.7475793338234,20.82142940271,6.08819442705289,1.75309676373823,1.51714934532053,1.4181997894018,2.69524099636813,6.01497460045631,10.3385947936661,16.6890578270729,21.1910338243327,24.4269201057856,,,,Argentina,CO2
GCAM 5.3,SSP_SSP5,ARG,Emissions|CO2|Energy|Demand|Residential and Commercial,Mt CO2/yr,,,,19.6509081527955,,,25.0353412686843,,,,,26.2273485878507,,27.8249871297228,,,,,25.3415799093149,24.4449659838004,22.4481342791732,18.1397190109304,12.2400160197997,6.51874709624882,2.45437933020516,0.801541147797959,0.641714923663774,0.523756345823297,0.414714426734393,0.339853458048416,0.273963406072434,0.212950607830514,0.169797950793291,0.134837550930293,,,,Argentina,CO2
GCAM 5.3,SSP_SSP5,ARG,Emissions|CO2|Energy|Demand|Residential and Commercial|Commercial,Mt CO2/yr,,,,2.77437328304181,,,3.41722827058413,,,,,3.59886950663336,,3.72010191835284,,,,,3.1507617231432,2.95325813834022,2.63679396996347,2.03766722348248,1.29412158230631,0.649499197521906,0.233712726772421,0.0753809281140213,0.0618158371154556,0.0513714561805068,0.0411593566255561,0.03429439767497,0.0281471387819375,0.0222528898316235,0.0179656278630538,0.0144022155277792,,,,Argentina,CO2
GCAM 5.3,SSP_SSP5,ARG,Emissions|CO2|Energy|Demand|Residential and Commercial|Residential,Mt CO2/yr,,,,16.8765348697537,,,21.6181129981001,,,,,22.6284790812174,,24.10488521137,,,,,22.1908181861717,21.4917078454602,19.8113403092097,16.1020517874479,10.9458944374934,5.86924789872692,2.22066660343274,0.726160219683938,0.579899086548318,0.47238488964279,0.373555070108837,0.305559060373446,0.245816267290497,0.19069771799889,0.151832322930237,0.120435335402513,,,,Argentina,CO2
GCAM 5.3,SSP_SSP5,ARG,Emissions|CO2|Energy|Demand|Transportation,Mt CO2/yr,,,,40.4723150867346,,,48.605782091148,,,,,51.3918398758485,,56.2620112670435,,,,,59.8493515355047,64.8538363681487,69.0391448980425,69.9597078576505,66.512086932961,58.7216201225225,45.6105804475196,33.005060419821,32.592998499058,31.5231062381325,29.1208345724265,29.4948812870808,30.7176204945126,31.8413725607449,32.3063226477676,32.2676045437438,,,,Argentina,CO2
GCAM 5.3,SSP_SSP5,ARG,Emissions|CO2|Energy|Supply,Mt CO2/yr,,,,39.8650682028649,,,58.706549579021,,,,,63.0410265161409,,73.7483260468116,,,,,58.7859007886534,42.8211201956725,23.0051423578104,-0.14233285910442,-31.3372236289705,-62.3176416167939,-100.575559794418,-165.758361530821,-152.117373760209,-142.486204340256,-136.33028952409,-125.078661969151,-116.467813807262,-113.300977775688,-112.319993392911,-112.160976841815,,,,Argentina,CO2
GCAM 5.3,SSP_SSP5,ARG,Emissions|CO2|Energy|Supply|Electricity,Mt CO2/yr,,,,30.1378673520619,,,42.2128444112031,,,,,50.4695647291587,,60.9580600434044,,,,,46.7593216098807,32.4003307805107,16.4281039520251,0.799234998329116,-12.2055213120641,-22.2436736171306,-33.3245397445187,-44.6862190356973,-50.9467538143751,-55.256841932601,-56.5217085464951,-52.88944830769,-50.8711432445857,-53.595675640239,-55.839101234295,-58.1244754914401,,,,Argentina,CO2
GCAM 5.3,SSP_SSP5,ARG,Emissions|CO2|Energy|Supply|Gases,Mt CO2/yr,,,,2.685122244102,,,2.702560912354,,,,,2.73526024866,,3.13801970903742,,,,,3.34249381734484,3.72327783810961,4.0781777415237,4.3358899118496,4.45095455733573,4.4751728661392,4.26145102957989,3.53589618982188,3.48838691787749,3.32384137582723,3.16807026091083,2.95700948612128,2.69497838058329,2.44161896280177,2.24764491686354,2.14203389176641,,,,Argentina,CO2
GCAM 5.3,SSP_SSP5,ARG,Emissions|CO2|Energy|Supply|Liquids,Mt CO2/yr,,,,7.04208007336749,,,13.7911442554639,,,,,9.83622023823126,,9.58528581652929,,,,,8.69807027416042,6.89286896794616,3.09286857656095,-4.01812372550161,-20.7039462729875,-39.2032699131532,-58.781799959674,-70.4075098759755,-64.7507966834165,-62.5971951678084,-68.4254022884468,-66.3926853324626,-61.7936362632922,-55.1451429887339,-51.412481952347,-49.1783398934415,,,,Argentina,CO2
GCAM 5.3,SSP_SSP5,ARG,Emissions|CO2|Energy|Supply|Solids,Mt CO2/yr,,,,-1.46666650416393e-06,,,0.0,,,,,-1.86999090281082e-05,,-3.66666371829335e-07,,,,,-5.49999856403649e-06,0.0,0.0,-1.0999993695333e-06,0.0,-7.33333333162722e-08,0.0,0.0,-1.83333118485292e-07,-3.66666375403387e-08,-2.56666113549981e-07,0.0,-1.20999749686714e-07,-1.17333181057958e-07,0.0,0.0,,,,Argentina,CO2
GCAM 5.3,SSP_SSP5,ARG,Emissions|CO2|Industrial Processes,Mt CO2/yr,,,,8.69051474328464,,,10.1062288174579,,,,,10.0412191275443,,8.90771758825878,,,,,5.71285855951238,5.10752923540059,4.32688645317916,2.95182782771952,0.264478091967797,-3.69838087919064,-9.80912321140887,-16.6499557747354,-17.4623519029157,-19.628253331124,-25.1363923176415,-27.6310346527638,-28.2090724868872,-27.0835757464712,-26.423305973352,-26.0693407607864,,,,Argentina,CO2
GCAM 5.3,SSP_SSP5,ARG,Emissions|N2O|AFOLU,Mt CO2e/yr,,,,68.63807932377013,,,71.67913016887842,,,,,72.9336404956756,,78.95928692574714,,,,,84.25115580752517,87.89189607989618,89.73089729897312,91.42473993184214,92.37373373643625,91.37438411544207,89.03240476456736,86.19584761486497,86.00598087520558,85.50932367236558,84.86553271518422,83.6336967745338,81.76405692041523,79.12546610879083,76.26281142401622,73.19338563234871,,,,Argentina,N2O
GCAM5.2_NET,GCAM_1.5C_high_os_high-cost-DAC,ARG,Carbon Sequestration|CCS|Biomass,Mt CO2/yr,,,,0.0,,,0.0,,,,,0.0,,0.0,,,,,0.142140304255178,0.761974839603767,8.88998253518016,32.2762003785331,130.768021560668,260.130804833253,236.864356545188,220.62522646247,203.211989286216,215.107476007757,217.891195489955,225.863834848041,217.729589840597,209.546778268205,204.428110683372,201.099532841674,,,,Argentina,
GCAM5.2_NET,GCAM_1.5C_high_os_high-cost-DAC,ARG,Carbon Sequestration|Direct Air Capture,Mt CO2/yr,,,,0.0,,,0.0,,,,,0.0,,0.0,,,,,0.0,0.0,0.0,0.0,3.045567e-08,1233.819,1232.125,1110.259,849.7794,905.9711,1083.867,1208.082,1138.79,1082.462,922.0934,1026.806,,,,Argentina,
GCAM5.2_NET,GCAM_1.5C_high_os_high-cost-DAC,ARG,Emissions|CH4|AFOLU,Mt CO2e/yr,,,,95.67593369104036,,,95.38699880453912,,,,,99.4314422380216,,101.15417263263984,,,,,105.72168087963469,108.17509613505925,109.9356694308096,111.94750337411509,111.33514551659977,111.98323890703125,111.61513111779912,110.9865741859826,110.35738101874443,109.50277100817851,108.36111087956392,106.92297122406733,105.47965055097764,104.01810367302005,102.59315014944437,101.21737405645908,,,,Argentina,CH4
GCAM5.2_NET,GCAM_1.5C_high_os_high-cost-DAC,ARG,Emissions|CO2|AFOLU,Mt CO2/yr,,,,155.268370709899,,,133.016683542173,,,,,9.92454836912479,,4.18403827821698,,,,,7.70497481141379,4.30678321997958,-7.73473065451093,-23.0537936900372,-39.7560239820587,-51.8470714433026,-37.6049968311897,-25.352133801507,-18.4457866884899,-16.7176522849252,-15.8267498874407,-16.8066697479221,-17.1403643751182,-17.7421043198834,-17.8724193636549,-17.8439860490219,,,,Argentina,CO2
GCAM5.2_NET,GCAM_1.5C_high_os_high-cost-DAC,ARG,Emissions|CO2|Energy and Industrial Processes,Mt CO2/yr,,,,153.148093082902,,,176.560744913189,,,,,193.270523751734,,191.151417282704,,,,,206.214032140836,205.632829569705,164.096547944294,104.794067201595,-77.9667621500435,-1462.61282903568,-1420.73954798857,-1276.75144893908,-997.871673248847,-1067.72422438316,-1244.74401206966,-1374.98304956943,-1294.11967202973,-1227.19809491167,-1065.4543514791,-1163.02639159866,,,,Argentina,CO2
GCAM5.2_NET,GCAM_1.5C_high_os_high-cost-DAC,ARG,Emissions|CO2|Energy|Demand,Mt CO2/yr,,,,105.670903559421,,,115.084106409405,,,,,122.29675176452,,118.842270169134,,,,,129.781313664525,132.972758385945,121.547720226852,105.768945293415,59.074475147511,51.8952032403971,52.7894243410693,51.0836952284436,50.4260134815493,49.8918165268653,51.9292502700485,55.2206275514904,58.1436835465375,61.4160611800111,64.9177383170565,68.9880186110397,,,,Argentina,CO2
GCAM5.2_NET,GCAM_1.5C_high_os_high-cost-DAC,ARG,Emissions|CO2|Energy|Demand|Industry,Mt CO2/yr,,,,46.0871073977974,,,43.5828859271292,,,,,45.7234692020482,,44.7786480136361,,,,,48.6720406670316,48.492694099175,41.3045224667962,33.4795164165749,16.2875910567696,12.2612632131304,11.8909016248425,10.808108871324,10.1987419119856,10.3474538922148,11.7000698434628,14.074778239379,16.6559066252687,19.2024597005339,21.8707179893335,25.0351262155106,,,,Argentina,CO2
GCAM5.2_NET,GCAM_1.5C_high_os_high-cost-DAC,ARG,Emissions|CO2|Energy|Demand|Residential and Commercial,Mt CO2/yr,,,,19.6443906006192,,,23.7963886552663,,,,,25.2300553881527,,23.7892327044843,,,,,26.4663827730578,26.6105284680697,22.0375031479885,17.4485840691931,9.10555126177921,6.98076223436466,6.86550881797414,6.46160527298313,6.01986651822127,5.64757860083679,5.1938192606331,4.64791887565277,4.19738229329456,3.83235105606778,3.68572588085717,3.62190023492495,,,,Argentina,CO2
GCAM5.2_NET,GCAM_1.5C_high_os_high-cost-DAC,ARG,Emissions|CO2|Energy|Demand|Residential and Commercial|Commercial,Mt CO2/yr,,,,2.77219536847106,,,3.14293228157896,,,,,3.28248749307353,,3.00400061363247,,,,,3.36302663912046,3.24834504804182,2.40169479284587,1.72712360195469,0.774765280242597,0.564911528453992,0.555132660179164,0.522203511869484,0.489384023714816,0.464145097437579,0.430276096371238,0.388709814957338,0.355199141867016,0.328733828095761,0.321328524899609,0.321406247925018,,,,Argentina,CO2
GCAM5.2_NET,GCAM_1.5C_high_os_high-cost-DAC,ARG,Emissions|CO2|Energy|Demand|Residential and Commercial|Residential,Mt CO2/yr,,,,16.8721952321481,,,20.6534563736873,,,,,21.9475678950792,,20.7852320908519,,,,,23.1033561339374,23.3621834200278,19.6358083551427,15.7214604672384,8.33078598153661,6.41585070591067,6.31037615779498,5.93940176111365,5.53048249450645,5.18343350339921,4.76354316426186,4.25920906069543,3.84218315142754,3.50361722797202,3.36439735595756,3.30049398699993,,,,Argentina,CO2
GCAM5.2_NET,GCAM_1.5C_high_os_high-cost-DAC,ARG,Emissions|CO2|Energy|Demand|Transportation,Mt CO2/yr,,,,39.9394055610047,,,47.7048318270093,,,,,51.343227174319,,50.2743894510131,,,,,54.6428902244355,57.8695358187004,58.2056946120677,54.8408448076471,33.6813328289622,32.653177792902,34.0330138982527,33.8139810841365,34.2074050513424,33.8967840338137,35.0353611659526,36.4979304364587,37.2903946279743,38.3812504234095,39.3612944468658,40.3309921606041,,,,Argentina,CO2
GCAM5.2_NET,GCAM_1.5C_high_os_high-cost-DAC,ARG,Emissions|CO2|Energy|Supply,Mt CO2/yr,,,,39.0266009740809,,,51.7184918822814,,,,,60.2845917519487,,61.3931999451622,,,,,65.1639050224136,63.1549276565723,37.0604301536974,-3.3376192713805,-127.789659136945,-269.838529152956,-230.47661085639,-205.381628547375,-184.878628761406,-195.702133203807,-196.09145847617,-204.961629294715,-195.550720788299,-187.886233835654,-189.617636367372,-186.046961098369,,,,Argentina,CO2
GCAM5.2_NET,GCAM_1.5C_high_os_high-cost-DAC,ARG,Emissions|CO2|Energy|Supply|Electricity,Mt CO2/yr,,,,30.748690593821,,,42.9183733704046,,,,,51.0314619841127,,52.2402366741557,,,,,55.2057394945138,53.2456965878516,30.4287159425992,4.68631113332794,-33.3324140290045,-136.766969707419,-129.652993912382,-120.68545263071,-107.720247159826,-114.270787391388,-119.988457374614,-135.123427643147,-134.025123455319,-130.711624307144,-133.203118335672,-130.510863915383,,,,Argentina,CO2
GCAM5.2_NET,GCAM_1.5C_high_os_high-cost-DAC,ARG,Emissions|CO2|Energy|Supply|Gases,Mt CO2/yr,,,,1.238031779215,,,1.253270447267,,,,,1.44465285170416,,1.46856789577058,,,,,1.64255024907057,1.75448104903794,1.7321889578879,1.69603130880523,1.49094257406399,10.8280799756576,11.0142558210623,10.2545314032811,8.4050449931343,8.92428218047094,10.2143951155968,11.0843637925361,10.4003556853193,9.83620440513665,7.90276180456649,8.54854160174387,,,,Argentina,CO2
GCAM5.2_NET,GCAM_1.5C_high_os_high-cost-DAC,ARG,Emissions|CO2|Energy|Supply|Liquids,Mt CO2/yr,,,,7.03988,,,7.546855,,,,,7.808477,,7.578246,,,,,8.105049,7.946455,5.166469,-8.056539,-83.54757,-132.0929,-106.284,-91.61734,-83.20349,-88.3468,-84.30583,-78.99448,-70.13617,-65.38734,-62.78978,-62.51283,,,,Argentina,CO2
GCAM5.2_NET,GCAM_1.5C_high_os_high-cost-DAC,ARG,Emissions|CO2|Energy|Supply|Solids,Mt CO2/yr,,,,-1.466668e-06,,,-6.599998e-06,,,,,0.0,,-5.13333e-06,,,,,0.0,0.0,0.0,0.0,-5.133315e-06,-3.66665e-06,0.0,0.0,-2.199993e-06,-1.466665e-06,0.0,0.0,0.0,-1.173332e-06,0.0,0.0,,,,Argentina,CO2
GCAM5.2_NET,GCAM_1.5C_high_os_high-cost-DAC,ARG,Emissions|CO2|Industrial Processes,Mt CO2/yr,,,,8.450589,,,9.758147,,,,,10.68918,,10.91595,,,,,11.26881,9.505144,5.488398,2.362741,-9.251578,-1244.685,-1243.071,-1122.47,-863.4323,-921.9292,-1100.609,-1225.297,-1156.789,-1100.821,-940.8384,-1046.053,,,,Argentina,CO2
GCAM5.2_NET,GCAM_1.5C_high_os_high-cost-DAC,ARG,Emissions|N2O|AFOLU,Mt CO2e/yr,,,,40.0027173,,,41.8169388,,,,,44.3408784,,46.2746739,,,,,48.7660719,50.6800749,52.658369400000005,55.7546808,58.8144102,60.027594900000004,60.1877913,60.2565873,60.1433742,59.853912300000005,59.4481797,58.9455867,58.350747000000005,57.69819510000001,56.971551000000005,56.121429000000006,,,,Argentina,N2O
GCAM5.2_NET,GCAM_1.5C_high_os_low-cost-DAC,ARG,Carbon Sequestration|CCS|Biomass,Mt CO2/yr,,,,0.0,,,0.0,,,,,0.0,,0.0,,,,,0.142140304255178,0.761974839603767,8.88998253518016,32.2762040452001,132.255824147589,159.556749857824,144.327176485651,150.009780023585,151.341253639628,152.635820891982,157.8232486049,158.820127991759,152.055829691256,152.046798708768,149.388365693759,147.818213704018,,,,Argentina,
GCAM5.2_NET,GCAM_1.5C_high_os_low-cost-DAC,ARG,Carbon Sequestration|Direct Air Capture,Mt CO2/yr,,,,0.0,,,0.0,,,,,0.0,,0.0,,,,,0.0,0.0,5.611211e-10,1.483486e-08,920.7698,1556.313,1152.415,1143.652,1050.999,1231.391,1468.009,1494.687,1326.516,1193.581,1092.003,1196.481,,,,Argentina,
GCAM5.2_NET,GCAM_1.5C_high_os_low-cost-DAC,ARG,Emissions|CH4|AFOLU,Mt CO2e/yr,,,,95.67593369104036,,,95.38699880453912,,,,,99.4314422380216,,101.15417263263984,,,,,105.72168087963469,108.17509613505925,109.9356694308096,111.94750337411509,112.7193299684718,115.00400341137905,114.73542059685832,114.19779953100903,113.57826541627693,112.71855709655297,111.49537521179091,110.02897085980184,108.5612137754942,107.06519554148124,105.6198624004706,104.23477157771104,,,,Argentina,CH4
GCAM5.2_NET,GCAM_1.5C_high_os_low-cost-DAC,ARG,Emissions|CO2|AFOLU,Mt CO2/yr,,,,155.268370709899,,,133.016683542173,,,,,9.92454836912479,,4.18403827821698,,,,,7.70497481141379,4.30678321997958,-7.7347306548776,-23.0537933233706,-37.5777104833997,-40.2045651851961,-28.9464122874736,-21.5794024969085,-17.4982820616903,-15.420407570431,-15.8236608718513,-16.7662983063705,-17.3598754370848,-17.9862913104839,-17.7014265107563,-17.4720068484876,,,,Argentina,CO2
GCAM5.2_NET,GCAM_1.5C_high_os_low-cost-DAC,ARG,Emissions|CO2|Energy and Industrial Processes,Mt CO2/yr,,,,153.148093082902,,,176.560744913189,,,,,193.270523751723,,191.151417282704,,,,,206.214032140629,205.632829569502,164.096547943678,104.794067072256,-959.629172598982,-1619.15387096206,-1202.49285668184,-1202.1635799077,-1111.88170334604,-1289.71730596707,-1527.28524052092,-1552.23424348644,-1375.21060280911,-1244.72405995891,-1140.30216710651,-1238.33299882151,,,,Argentina,CO2
GCAM5.2_NET,GCAM_1.5C_high_os_low-cost-DAC,ARG,Emissions|CO2|Energy|Demand,Mt CO2/yr,,,,105.670903559421,,,115.084106409405,,,,,122.29675176452,,118.842270169134,,,,,129.781313664525,132.972758385945,121.547720226852,105.768945369103,78.8990705993208,77.115909427097,75.2831011273943,73.22197292534,72.6266476446705,75.3048728307146,78.4085700774624,81.955170008318,85.9823192143757,90.3727801913268,95.0153839105533,99.8268849289158,,,,Argentina,CO2
GCAM5.2_NET,GCAM_1.5C_high_os_low-cost-DAC,ARG,Emissions|CO2|Energy|Demand|Industry,Mt CO2/yr,,,,46.0871073977974,,,43.5828859271292,,,,,45.7234692020482,,44.7786480136361,,,,,48.6720406670316,48.492694099175,41.3045224667962,33.4795165043833,22.9698547866138,21.229923078878,19.938055349555,18.7018383823309,18.1718015111875,19.3105076445857,21.5505824441001,24.6342660846145,28.1253174158388,31.9151869088662,36.0016477092021,40.1632750581466,,,,Argentina,CO2
GCAM5.2_NET,GCAM_1.5C_high_os_low-cost-DAC,ARG,Emissions|CO2|Energy|Demand|Residential and Commercial,Mt CO2/yr,,,,19.6443906006192,,,23.7963886552663,,,,,25.2300553881527,,23.7892327044843,,,,,26.4663827730578,26.6105284680697,22.0375031479885,17.4485840683837,12.3240387638254,11.8482572868935,11.3641493203598,10.7892611661926,10.1848126185042,9.69216549430916,8.77246866769142,7.8743243248666,7.20447197695923,6.73747538294076,6.46507924787201,6.28460620421854,,,,Argentina,CO2
GCAM5.2_NET,GCAM_1.5C_high_os_low-cost-DAC,ARG,Emissions|CO2|Energy|Demand|Residential and Commercial|Commercial,Mt CO2/yr,,,,2.77219536847106,,,3.14293228157896,,,,,3.28248749307353,,3.00400061363247,,,,,3.36302663912046,3.24834504804182,2.40169479284587,1.72712360184814,1.10847830356901,1.04997432223865,1.00092801884471,0.948626322388913,0.897436674727537,0.859667477467916,0.779328729657277,0.702047553953036,0.647759283702312,0.612708292710014,0.597006750053726,0.590281145030651,,,,Argentina,CO2
GCAM5.2_NET,GCAM_1.5C_high_os_low-cost-DAC,ARG,Emissions|CO2|Energy|Demand|Residential and Commercial|Residential,Mt CO2/yr,,,,16.8721952321481,,,20.6534563736873,,,,,21.9475678950792,,20.7852320908519,,,,,23.1033561339374,23.3621834200278,19.6358083551427,15.7214604665356,11.2155604602564,10.7982829646549,10.3632213015151,9.84063484380367,9.28737594377671,8.83249801684125,7.99313993803415,7.17227677091357,6.55671269325692,6.12476709023075,5.86807249781828,5.69432505918789,,,,Argentina,CO2
GCAM5.2_NET,GCAM_1.5C_high_os_low-cost-DAC,ARG,Emissions|CO2|Energy|Demand|Transportation,Mt CO2/yr,,,,39.9394055610047,,,47.7048318270093,,,,,51.343227174319,,50.2743894510131,,,,,54.6428902244355,57.8695358187004,58.2056946120677,54.8408447963357,43.6051770488816,44.0377290613255,43.9808964574796,43.7308733768165,44.2700335149788,46.3021996918197,48.0855189656709,49.4465795988369,50.6525298215777,51.7201178995198,52.5486569534792,53.3790036665507,,,,Argentina,CO2
GCAM5.2_NET,GCAM_1.5C_high_os_low-cost-DAC,ARG,Emissions|CO2|Energy|Supply,Mt CO2/yr,,,,39.0266009740809,,,51.7184918822814,,,,,60.2845917519378,,61.3931999451622,,,,,65.1639050222069,63.1549276563701,37.0604301536426,-3.33761955254435,-113.726927761243,-135.126774023198,-119.479286808469,-124.495604282156,-125.164070633998,-125.123188327723,-129.063421069591,-130.701516119538,-125.69549049947,-132.322278390517,-133.683609957512,-131.506520906705,,,,Argentina,CO2
GCAM5.2_NET,GCAM_1.5C_high_os_low-cost-DAC,ARG,Emissions|CO2|Energy|Supply|Electricity,Mt CO2/yr,,,,30.748690593821,,,42.9183733704046,,,,,51.0314619841127,,52.2402366741557,,,,,55.2057394945138,53.2456965878516,30.4287159425992,4.68631086915402,-55.4351080197812,-78.1540270901495,-67.4979077543937,-70.7454331087233,-71.1596021037729,-75.0255569654763,-84.3243944501555,-91.2865963928931,-89.7669969756442,-96.4468238423507,-97.2920011051866,-95.0079645166967,,,,Argentina,CO2
GCAM5.2_NET,GCAM_1.5C_high_os_low-cost-DAC,ARG,Emissions|CO2|Energy|Supply|Gases,Mt CO2/yr,,,,1.238031779215,,,1.253270447267,,,,,1.44465285170416,,1.46856789577058,,,,,1.64255024907057,1.75448104903794,1.7321889578879,1.69603130880523,6.36086367376954,9.83204342436064,7.89527629149853,7.9805872164444,7.65156497233396,8.61780146992797,9.8604993918428,9.90389969094681,8.90463574646827,7.64043871874205,6.68640131507074,7.23088117390593,,,,Argentina,CO2
GCAM5.2_NET,GCAM_1.5C_high_os_low-cost-DAC,ARG,Emissions|CO2|Energy|Supply|Liquids,Mt CO2/yr,,,,7.03988,,,7.546855,,,,,7.808477,,7.578246,,,,,8.105049,7.946455,5.166469,-8.056539,-59.50748,-64.06824,-58.15741,-60.54111,-60.78411,-57.86564,-53.66681,-48.35512,-43.92547,-42.65406,-42.20027,-42.70455,,,,Argentina,CO2
GCAM5.2_NET,GCAM_1.5C_high_os_low-cost-DAC,ARG,Emissions|CO2|Energy|Supply|Solids,Mt CO2/yr,,,,-1.466668e-06,,,-6.599998e-06,,,,,0.0,,-5.13333e-06,,,,,0.0,0.0,0.0,0.0,0.0,0.0,0.0,0.0,-3.666658e-06,-3.666669e-07,0.0,0.0,-2.199998e-06,0.0,-3.666654e-06,-2.933329e-06,,,,Argentina,CO2
GCAM5.2_NET,GCAM_1.5C_high_os_low-cost-DAC,ARG,Emissions|CO2|Industrial Processes,Mt CO2/yr,,,,8.450589,,,9.758147,,,,,10.68918,,10.91595,,,,,11.26881,9.505144,5.488398,2.362741,-924.8186,-1561.183,-1158.332,-1150.924,-1059.375,-1239.942,-1476.722,-1503.652,-1335.69,-1202.986,-1101.839,-1206.875,,,,Argentina,CO2
GCAM5.2_NET,GCAM_1.5C_high_os_low-cost-DAC,ARG,Emissions|N2O|AFOLU,Mt CO2e/yr,,,,40.0027173,,,41.8169388,,,,,44.3408784,,46.2746739,,,,,48.7660719,50.6800749,52.658369400000005,55.7546808,58.548289800000006,60.0732132,60.46256580000001,60.6944793,60.685852499999996,60.46259310000001,60.1161015,59.6494626,59.1008145,58.4682189,57.72254670000001,56.7817887,,,,Argentina,N2O
GCAM5.2_NET,GCAM_1.5C_low_os_high-cost-DAC,ARG,Carbon Sequestration|CCS|Biomass,Mt CO2/yr,,,,0.0,,,0.0,,,,,0.0,,0.0,,,,,7.56487661361266,36.2284742851407,173.794148354623,227.082105345019,223.332413879032,233.350282230647,227.094100160113,230.322303509246,206.940064265128,206.154585889158,210.205075151594,204.831730259025,195.060954286812,190.846110835312,178.611015437697,153.302906397293,,,,Argentina,
GCAM5.2_NET,GCAM_1.5C_low_os_high-cost-DAC,ARG,Carbon Sequestration|Direct Air Capture,Mt CO2/yr,,,,0.0,,,0.0,,,,,0.0,,0.0,,,,,0.0,0.0,2.036276e-08,251.6225,682.8544,845.6801,749.3567,838.8637,645.1941,632.8521,687.4377,654.1077,597.7657,580.3014,568.8541,501.0904,,,,Argentina,
GCAM5.2_NET,GCAM_1.5C_low_os_high-cost-DAC,ARG,Emissions|CH4|AFOLU,Mt CO2e/yr,,,,95.67593369104036,,,95.38699880453912,,,,,99.4314422380216,,101.15417263263984,,,,,102.55206783195192,105.43176305557981,105.19953305107232,106.54931828880416,109.02788904065716,111.43472551388183,111.35692621677735,111.02273656485396,110.5679417469578,109.7794293522276,108.68633552983752,107.35193688829372,105.96849302665527,104.58633656495276,103.17294929819528,101.67852650908652,,,,Argentina,CH4
GCAM5.2_NET,GCAM_1.5C_low_os_high-cost-DAC,ARG,Emissions|CO2|AFOLU,Mt CO2/yr,,,,155.268370709899,,,133.016683542173,,,,,9.92454836912479,,4.18403827821698,,,,,3.57531202320749,-10.1954938363541,-17.7528142822844,-55.9089183763135,-39.8118474105363,-24.6844335355468,-16.8331281771117,-14.5411162624667,-12.8434233373724,-15.0040476474136,-16.5090989621091,-16.9589570229372,-17.1354013206449,-17.244571521462,-17.5981445935932,-19.1657531337222,,,,Argentina,CO2
GCAM5.2_NET,GCAM_1.5C_low_os_high-cost-DAC,ARG,Emissions|CO2|Energy and Industrial Processes,Mt CO2/yr,,,,153.148093082902,,,176.560744913189,,,,,193.270523751734,,191.151417282704,,,,,148.242743205675,91.1211371707773,-149.909138532349,-471.496022490937,-871.449054283822,-1043.28784140268,-938.336718137447,-1029.06526493932,-802.939955186915,-786.34770567864,-843.472852803054,-800.84351130754,-733.960865583397,-715.270968101847,-693.318185101298,-599.263659520911,,,,Argentina,CO2
GCAM5.2_NET,GCAM_1.5C_low_os_high-cost-DAC,ARG,Emissions|CO2|Energy|Demand,Mt CO2/yr,,,,105.670903559421,,,115.084106409405,,,,,122.29675176452,,118.842270169134,,,,,108.034604630935,97.0412015679965,41.5479044347333,36.1552686447387,46.4673584695959,45.4317013496132,44.3911441900688,43.6184465124848,47.6448281734857,51.61509602548,54.1691196183592,56.813055406263,59.1678565720155,61.1535471550321,62.4695633372515,65.1875985761761,,,,Argentina,CO2
GCAM5.2_NET,GCAM_1.5C_low_os_high-cost-DAC,ARG,Emissions|CO2|Energy|Demand|Industry,Mt CO2/yr,,,,46.0871073977974,,,43.5828859271292,,,,,45.7234692020482,,44.7786480136361,,,,,38.096216240868,32.1357403431553,13.2395866380341,10.2399373377874,11.8628058038917,10.8287105451766,10.0283934431434,9.3111708648439,9.77516545049579,10.8781467040437,12.2396118697597,13.6849738326562,14.9484066299944,16.4536493639245,18.6167509445349,22.0334753377561,,,,Argentina,CO2
GCAM5.2_NET,GCAM_1.5C_low_os_high-cost-DAC,ARG,Emissions|CO2|Energy|Demand|Residential and Commercial,Mt CO2/yr,,,,19.6443906006192,,,23.7963886552663,,,,,25.2300553881527,,23.7892327044843,,,,,19.2792182114162,15.9383775895714,8.20551071109328,6.55439715541152,7.1629217857575,6.88813460720865,6.62325547448518,6.29860159858522,6.00163419950581,5.7661381139439,5.4264747507759,5.06611466047834,4.72867025860718,4.40808613035464,4.07237721193516,3.74976350756887,,,,Argentina,CO2
GCAM5.2_NET,GCAM_1.5C_low_os_high-cost-DAC,ARG,Emissions|CO2|Energy|Demand|Residential and Commercial|Commercial,Mt CO2/yr,,,,2.77219536847106,,,3.14293228157896,,,,,3.28248749307353,,3.00400061363247,,,,,2.09894120133332,1.57400446586403,0.683876776286938,0.517969017877826,0.569871629456734,0.547932744717224,0.528885788230108,0.50574688281946,0.488205170071058,0.476262579294072,0.453956097946263,0.429345098343916,0.406269115244731,0.384238268776765,0.359945107691634,0.335566574584479,,,,Argentina,CO2
GCAM5.2_NET,GCAM_1.5C_low_os_high-cost-DAC,ARG,Emissions|CO2|Energy|Demand|Residential and Commercial|Residential,Mt CO2/yr,,,,16.8721952321481,,,20.6534563736873,,,,,21.9475678950792,,20.7852320908519,,,,,17.1802770100828,14.3643731237074,7.52163393480634,6.0364281375337,6.59305015630077,6.34020186249142,6.09436968625507,5.79285471576576,5.51342902943475,5.28987553464982,4.97251865282963,4.63676956213442,4.32240114336245,4.02384786157788,3.71243210424353,3.41419693298439,,,,Argentina,CO2
GCAM5.2_NET,GCAM_1.5C_low_os_high-cost-DAC,ARG,Emissions|CO2|Energy|Demand|Transportation,Mt CO2/yr,,,,39.9394055610047,,,47.7048318270093,,,,,51.343227174319,,50.2743894510131,,,,,50.6591701786509,48.9670836352698,20.102807085606,19.3609341515398,27.4416308799467,27.714856197228,27.7394952724402,28.0086740490557,31.8680285234841,34.9708112074925,36.5030329978236,38.0619669131284,39.4907796834139,40.291811660753,39.7804351807814,39.4043597308511,,,,Argentina,CO2
GCAM5.2_NET,GCAM_1.5C_low_os_high-cost-DAC,ARG,Emissions|CO2|Energy|Supply,Mt CO2/yr,,,,39.0266009740809,,,51.7184918822814,,,,,60.2845917519487,,61.3931999451622,,,,,35.542231834568,-8.37091372571078,-179.915151049633,-242.68216150725,-224.52223340133,-230.360230927514,-218.796030908238,-217.512508004474,-189.472679018421,-189.313195318385,-193.757362820171,-186.734983008272,-178.233655875292,-178.171688212539,-167.159794460714,-142.389191967339,,,,Argentina,CO2
GCAM5.2_NET,GCAM_1.5C_low_os_high-cost-DAC,ARG,Emissions|CO2|Energy|Supply|Electricity,Mt CO2/yr,,,,30.748690593821,,,42.9183733704046,,,,,51.0314619841127,,52.2402366741557,,,,,27.0684187168137,-3.40097284659568,-54.597255718282,-95.6385910283071,-111.617689621276,-118.109689691239,-112.317154474187,-113.813590827968,-103.241576140536,-111.834166309961,-120.693026420761,-120.029247868048,-114.712365833467,-113.510716466889,-100.189864389242,-74.9979664629784,,,,Argentina,CO2
GCAM5.2_NET,GCAM_1.5C_low_os_high-cost-DAC,ARG,Emissions|CO2|Energy|Supply|Gases,Mt CO2/yr,,,,1.238031779215,,,1.253270447267,,,,,1.44465285170416,,1.46856789577058,,,,,1.41175718293912,1.41060187479791,1.25721783412514,3.24691792991274,6.76635497511888,8.18927477400712,7.59222030903513,8.39832639831724,7.01952743323591,6.87397273127975,7.25020778337024,6.96399741282725,6.33524292525436,5.86543416854754,5.5690124111056,5.11079681727605,,,,Argentina,CO2
GCAM5.2_NET,GCAM_1.5C_low_os_high-cost-DAC,ARG,Emissions|CO2|Energy|Supply|Liquids,Mt CO2/yr,,,,7.03988,,,7.546855,,,,,7.808477,,7.578246,,,,,7.267989,-4.286517,-116.1596,-138.8504,-114.4301,-117.3982,-111.6703,-109.5875,-90.2429,-81.25425,-77.67758,-71.4266,-67.8203,-68.37543,-69.80348,-69.66494,,,,Argentina,CO2
GCAM5.2_NET,GCAM_1.5C_low_os_high-cost-DAC,ARG,Emissions|CO2|Energy|Supply|Solids,Mt CO2/yr,,,,-1.466668e-06,,,-6.599998e-06,,,,,0.0,,-5.13333e-06,,,,,-1.649997e-05,0.0,-2.93333e-06,0.0,0.0,0.0,0.0,-1.1e-06,0.0,0.0,0.0,0.0,-1.099999e-06,-3.666651e-06,0.0,-2.2e-07,,,,Argentina,CO2
GCAM5.2_NET,GCAM_1.5C_low_os_high-cost-DAC,ARG,Emissions|CO2|Industrial Processes,Mt CO2/yr,,,,8.450589,,,9.758147,,,,,10.68918,,10.91595,,,,,4.665907,2.450849,-11.54189,-264.9705,-693.398,-858.3649,-763.9377,-855.1788,-661.1206,-648.6598,-703.8967,-670.9357,-614.9119,-598.2756,-588.6646,-522.1103,,,,Argentina,CO2
GCAM5.2_NET,GCAM_1.5C_low_os_high-cost-DAC,ARG,Emissions|N2O|AFOLU,Mt CO2e/yr,,,,40.0027173,,,41.8169388,,,,,44.3408784,,46.2746739,,,,,48.1103259,51.9485421,56.5217289,58.3133187,59.4857991,60.3942885,60.3880368,60.2590716,60.0120066,59.7246195,59.4090042,58.95669779999999,58.3878477,57.6919161,56.8336041,56.0038752,,,,Argentina,N2O
GCAM5.2_NET,GCAM_1.5C_low_os_low-cost-DAC,ARG,Carbon Sequestration|CCS|Biomass,Mt CO2/yr,,,,0.0,,,0.0,,,,,0.0,,0.0,,,,,7.56487661361266,36.2284742851407,181.540440057578,179.294724694963,195.683885363773,187.960705704498,191.677481548288,186.258185458202,176.764896405843,167.432182505294,164.220718509312,164.177239325648,157.964732603567,153.49355804592,109.460913006899,98.0394199430404,,,,Argentina,
GCAM5.2_NET,GCAM_1.5C_low_os_low-cost-DAC,ARG,Carbon Sequestration|Direct Air Capture,Mt CO2/yr,,,,0.0,,,0.0,,,,,0.0,,0.0,,,,,0.0,3.386636e-08,822.9321,913.8837,1081.568,792.5097,756.0301,829.1544,915.0351,876.5424,873.2314,836.4731,836.2787,847.2421,801.1264,622.0061,,,,Argentina,
GCAM5.2_NET,GCAM_1.5C_low_os_low-cost-DAC,ARG,Emissions|CH4|AFOLU,Mt CO2e/yr,,,,95.67593369104036,,,95.38699880453912,,,,,99.4314422380216,,101.15417263263984,,,,,102.55206783195192,105.43176305557981,106.33892654934611,109.21331432808496,111.94341651160696,114.52126660734145,114.42863446729316,114.11747145485569,113.63942540595932,112.82713471584802,111.68495760480688,110.29179119184772,108.87764027876821,107.46481088720077,106.02062486692124,104.55597613203231,,,,Argentina,CH4
GCAM5.2_NET,GCAM_1.5C_low_os_low-cost-DAC,ARG,Emissions|CO2|AFOLU,Mt CO2/yr,,,,155.268370709899,,,133.016683542173,,,,,9.92454836912479,,4.18403827821698,,,,,3.57531202320749,-10.1954938363541,-22.3992228254476,-43.5688006585769,-29.8219849528495,-20.5694763358848,-16.095801174509,-13.1172232979843,-12.3237714594516,-13.8728697394438,-15.6794257192999,-16.6139374152363,-16.8254708004657,-16.8487651139253,-17.1156503416794,-19.5406625201084,,,,Argentina,CO2
GCAM5.2_NET,GCAM_1.5C_low_os_low-cost-DAC,ARG,Emissions|CO2|Energy and Industrial Processes,Mt CO2/yr,,,,153.148093082902,,,176.560744913189,,,,,193.270523751723,,191.151417282704,,,,,148.242743205675,91.1211371365639,-933.892748497723,-1011.16202470081,-1199.08214337837,-907.375010572964,-873.679876948101,-935.721699112665,-1000.08269245991,-944.994179920019,-935.478806413691,-901.318598036389,-894.325594663023,-901.743003878635,-813.357587026357,-621.038458187114,,,,Argentina,CO2
GCAM5.2_NET,GCAM_1.5C_low_os_low-cost-DAC,ARG,Emissions|CO2|Energy|Demand,Mt CO2/yr,,,,105.670903559421,,,115.084106409405,,,,,122.29675176452,,118.842270169134,,,,,108.034604630935,97.0412015679967,66.4546483660283,69.6357970657132,66.9591339035082,64.0800321987427,63.7450771561644,67.5407021379512,74.2123352631522,80.1416045366904,83.9643580326436,87.1174977206135,89.6688547627532,91.8832038005343,93.0281937896289,96.5244290836213,,,,Argentina,CO2
GCAM5.2_NET,GCAM_1.5C_low_os_low-cost-DAC,ARG,Emissions|CO2|Energy|Demand|Industry,Mt CO2/yr,,,,46.0871073977974,,,43.5828859271292,,,,,45.7234692020482,,44.7786480136361,,,,,38.096216240868,32.1357403431554,21.2492035837708,21.1315948863204,19.5777239965627,17.7082267144368,16.9135361781095,17.1877588556064,18.4253312613851,20.3907823173014,22.4618895549078,24.7154243768914,27.2291790322806,30.3835464578617,33.8349063785336,38.0446790570954,,,,Argentina,CO2
GCAM5.2_NET,GCAM_1.5C_low_os_low-cost-DAC,ARG,Emissions|CO2|Energy|Demand|Residential and Commercial,Mt CO2/yr,,,,19.6443906006192,,,23.7963886552663,,,,,25.2300553881527,,23.7892327044843,,,,,19.2792182114162,15.9383775895714,11.6106905876732,11.9168801500361,11.7285455190036,11.1929530353487,10.8207344078826,10.5190722594802,10.1380860336487,9.76174339772453,9.17014519303222,8.63204306554324,8.03763412094616,7.39325992382181,6.71841442475358,6.30381365434727,,,,Argentina,CO2
GCAM5.2_NET,GCAM_1.5C_low_os_low-cost-DAC,ARG,Emissions|CO2|Energy|Demand|Residential and Commercial|Commercial,Mt CO2/yr,,,,2.77219536847106,,,3.14293228157896,,,,,3.28248749307353,,3.00400061363247,,,,,2.09894120133332,1.57400446586403,1.03866961587563,1.05366213842699,1.02737145941138,0.971631653975707,0.938197907277202,0.918444303484716,0.893115870692381,0.869048625925544,0.822906160234458,0.781677422827796,0.734827811784534,0.682390358321086,0.625906833799166,0.59461155836736,,,,Argentina,CO2
GCAM5.2_NET,GCAM_1.5C_low_os_low-cost-DAC,ARG,Emissions|CO2|Energy|Demand|Residential and Commercial|Residential,Mt CO2/yr,,,,16.8721952321481,,,20.6534563736873,,,,,21.9475678950792,,20.7852320908519,,,,,17.1802770100828,14.3643731237074,10.5720209717975,10.8632180116091,10.7011740595922,10.221321381373,9.88253650060539,9.60062795599544,9.24497016295633,8.89269477179898,8.34723903279776,7.85036564271544,7.30280630916163,6.71086956550072,6.09250759095441,5.70920209597991,,,,Argentina,CO2
GCAM5.2_NET,GCAM_1.5C_low_os_low-cost-DAC,ARG,Emissions|CO2|Energy|Demand|Transportation,Mt CO2/yr,,,,39.9394055610047,,,47.7048318270093,,,,,51.343227174319,,50.2743894510131,,,,,50.6591701786509,48.9670836352698,33.5947541945844,36.5873220293566,35.652864387942,35.1788524489571,36.0108065701723,39.8338710228646,45.6489179681184,49.9890788216645,52.3323232847036,53.7700302781788,54.4020416095264,54.1063974188508,52.4748729863417,52.1759363721786,,,,Argentina,CO2
GCAM5.2_NET,GCAM_1.5C_low_os_low-cost-DAC,ARG,Emissions|CO2|Energy|Supply,Mt CO2/yr,,,,39.0266009740809,,,51.7184918822814,,,,,60.2845917519378,,61.3931999451622,,,,,35.542231834568,-8.37091372605799,-172.136836303978,-161.904584600021,-177.656453117399,-169.974678486524,-171.325823190034,-164.545924198086,-151.608084470081,-142.24370860997,-140.137579058804,-145.7661709398,-140.887474779337,-138.199037098436,-94.7200670728826,-83.9050185925852,,,,Argentina,CO2
GCAM5.2_NET,GCAM_1.5C_low_os_low-cost-DAC,ARG,Emissions|CO2|Energy|Supply|Electricity,Mt CO2/yr,,,,30.748690593821,,,42.9183733704046,,,,,51.0314619841127,,52.2402366741557,,,,,27.0684187168137,-3.40097284659534,-88.7899344324648,-93.610129060484,-100.903982912178,-91.7660051794233,-94.6773740122792,-96.4618020248321,-99.943183092989,-102.881912427951,-105.528351384018,-112.550995496677,-107.601095365599,-102.120467297017,-52.8616370523226,-40.6677518232056,,,,Argentina,CO2
GCAM5.2_NET,GCAM_1.5C_low_os_low-cost-DAC,ARG,Emissions|CO2|Energy|Supply|Gases,Mt CO2/yr,,,,1.238031779215,,,1.253270447267,,,,,1.44465285170416,,1.46856789577058,,,,,1.41175718293912,1.41060187479791,5.63594155178458,6.35782503928935,7.39101533616975,6.043066466877,6.01978305945422,6.49019652901178,7.09506935042415,6.81385934419272,6.69336049053476,5.95045674025277,5.79149360764597,5.72130921527767,5.64238270482264,4.83722007080029,,,,Argentina,CO2
GCAM5.2_NET,GCAM_1.5C_low_os_low-cost-DAC,ARG,Emissions|CO2|Energy|Supply|Liquids,Mt CO2/yr,,,,7.03988,,,7.546855,,,,,7.808477,,7.578246,,,,,7.267989,-4.286517,-83.29371,-71.92858,-82.52086,-83.02673,-81.77691,-73.65304,-57.73626,-45.07595,-40.28786,-38.21832,-38.15342,-40.67334,-45.96004,-46.59183,,,,Argentina,CO2
GCAM5.2_NET,GCAM_1.5C_low_os_low-cost-DAC,ARG,Emissions|CO2|Energy|Supply|Solids,Mt CO2/yr,,,,-1.466668e-06,,,-6.599998e-06,,,,,0.0,,-5.13333e-06,,,,,-1.649997e-05,0.0,-2.933334e-06,-3.299991e-06,-2.566665e-06,0.0,-3.666668e-07,-1.1e-06,-2.199998e-06,-4.766656e-06,0.0,0.0,-1.833331e-06,-2.199997e-06,0.0,0.0,,,,Argentina,CO2
GCAM5.2_NET,GCAM_1.5C_low_os_low-cost-DAC,ARG,Emissions|CO2|Industrial Processes,Mt CO2/yr,,,,8.450589,,,9.758147,,,,,10.68918,,10.91595,,,,,4.665907,2.450849,-828.2201,-918.9051,-1088.4,-801.4934,-766.1129,-838.7344,-922.7137,-882.9241,-879.3451,-842.7211,-843.1749,-855.5329,-811.8377,-633.7999,,,,Argentina,CO2
GCAM5.2_NET,GCAM_1.5C_low_os_low-cost-DAC,ARG,Emissions|N2O|AFOLU,Mt CO2e/yr,,,,40.0027173,,,41.8169388,,,,,44.3408784,,46.2746739,,,,,48.1103259,51.9485421,55.8355434,57.7173597,59.2686822,60.4211517,60.65142720000001,60.671438099999996,60.513234600000004,60.3082662,60.0701829,59.6691186,59.1177405,58.3753989,57.5013075,56.7084336,,,,Argentina,N2O
GCAM5.2_NET,GCAM_1.5C_low_os_noDAC,ARG,Carbon Sequestration|CCS|Biomass,Mt CO2/yr,,,,0.0,,,0.0,,,,,0.0,,0.0,,,,,7.56500151752402,36.2285008857464,173.784602457359,217.565295089011,227.341063886247,215.221827951163,226.370345814985,241.486099003986,260.761910021223,269.553282408819,259.858479365186,251.783362989902,241.370812731799,228.788030998889,214.138562146424,207.658686765787,,,,Argentina,
GCAM5.2_NET,GCAM_1.5C_low_os_noDAC,ARG,Emissions|CH4|AFOLU,Mt CO2e/yr,,,,95.67593369104036,,,95.38699880453912,,,,,99.4313920950882,,101.15416151245776,,,,,102.55232131125297,105.43175498177504,105.20038833139164,105.9508670369912,106.64729879137516,108.12349548649404,106.98580991907004,106.02111026623453,104.96798446535269,103.98442085327996,102.8407129218042,101.4752324271098,100.07768282433936,98.67285608460895,97.18438826433707,95.65831207719808,,,,Argentina,CH4
GCAM5.2_NET,GCAM_1.5C_low_os_noDAC,ARG,Emissions|CO2|AFOLU,Mt CO2/yr,,,,155.268370709899,,,133.016683542173,,,,,9.92555041101046,,4.18418578713586,,,,,3.57530138870851,-10.1952632920248,-17.7658732988826,-56.5473798726138,-46.4260435391333,-32.2934601662319,-25.0840509001145,-20.9832289611449,-19.7753146215927,-19.1143424845918,-18.2715531530264,-18.274830446219,-18.3542304351559,-18.4986642389528,-18.8810041820425,-19.7472686730739,,,,Argentina,CO2
GCAM5.2_NET,GCAM_1.5C_low_os_noDAC,ARG,Emissions|CO2|Energy and Industrial Processes,Mt CO2/yr,,,,153.148093082902,,,176.560744913189,,,,,193.269108468043,,191.151540538779,,,,,148.242910909855,91.1221837504707,-149.887246780139,-223.124249573591,-237.051996505698,-217.153844028774,-234.263236601607,-250.509191143105,-275.842400108769,-293.937950616571,-283.565584642303,-270.873152500307,-256.122114027947,-241.005703493325,-226.540636508952,-219.81410183541,,,,Argentina,CO2
GCAM5.2_NET,GCAM_1.5C_low_os_noDAC,ARG,Emissions|CO2|Energy|Demand,Mt CO2/yr,,,,105.670903559421,,,115.084106409405,,,,,122.297003506208,,118.842569069855,,,,,108.035191385411,97.0422496768481,41.5548999375208,27.3773849332934,24.3529998225257,27.1665895214254,24.6391025928875,23.8956417168009,22.9458744240906,21.0704847270849,21.3086113455042,22.4710807557898,23.8806895643916,25.1959452892376,26.2690757964288,27.0869605644721,,,,Argentina,CO2
GCAM5.2_NET,GCAM_1.5C_low_os_noDAC,ARG,Emissions|CO2|Energy|Demand|Industry,Mt CO2/yr,,,,46.0871073977974,,,43.5828859271292,,,,,45.7234150749531,,44.7786936722339,,,,,38.0960042339761,32.1357443350639,13.2421079591412,7.76020899543056,5.60942523997096,5.03221700079687,3.91723128744539,3.23772122222151,2.66532789083742,2.42811781227336,2.67932332543209,3.12669095665673,3.52068531827332,3.78650457730372,3.9259623411881,4.18364360598629,,,,Argentina,CO2
GCAM5.2_NET,GCAM_1.5C_low_os_noDAC,ARG,Emissions|CO2|Energy|Demand|Residential and Commercial,Mt CO2/yr,,,,19.6443906006192,,,23.7963886552663,,,,,25.2303464931787,,23.7894356688252,,,,,19.2798166829383,15.9390553791148,8.20708483529123,5.39202965969187,3.8994480041575,3.27866887530614,2.55058144187059,2.10799205071909,1.70311418959307,1.54570433368467,1.42672166354361,1.32564201078436,1.19466396569235,1.06840143685687,0.961772838509287,0.837002946070339,,,,Argentina,CO2
GCAM5.2_NET,GCAM_1.5C_low_os_noDAC,ARG,Emissions|CO2|Energy|Demand|Residential and Commercial|Commercial,Mt CO2/yr,,,,2.77219536847106,,,3.14293228157896,,,,,3.28254726852525,,3.00402371861146,,,,,2.09900159946202,1.57406584191652,0.684030940339079,0.414778815332273,0.288545856088798,0.241495789081639,0.187087146022422,0.156107956968885,0.127966340091901,0.117810967257432,0.110655002892464,0.10464308077044,0.0962517645259516,0.0879164644680893,0.0806542077400989,0.0715826034133645,,,,Argentina,CO2
GCAM5.2_NET,GCAM_1.5C_low_os_noDAC,ARG,Emissions|CO2|Energy|Demand|Residential and Commercial|Residential,Mt CO2/yr,,,,16.8721952321481,,,20.6534563736873,,,,,21.9477992246534,,20.7854119502138,,,,,17.1808150834763,14.3649895371982,7.52305389495215,4.9772508443596,3.6109021480687,3.0371730862245,2.36349429584817,1.95188409375021,1.57514784950117,1.42789336642724,1.31606666065114,1.22099893001392,1.0984122011664,0.980484972388777,0.881118630769188,0.765420342656974,,,,Argentina,CO2
GCAM5.2_NET,GCAM_1.5C_low_os_noDAC,ARG,Emissions|CO2|Energy|Demand|Transportation,Mt CO2/yr,,,,39.9394055610047,,,47.7048318270093,,,,,51.3432419380766,,50.2744397287963,,,,,50.6593704684963,48.9674499626694,20.1057071430884,14.225146278171,14.8441265783973,18.8557036453224,18.1712898635715,18.5499284438603,18.5774323436601,17.0966625811269,17.2025663565285,18.0187477883487,19.1653402804259,20.341039275077,21.3813406167315,22.0663140124154,,,,Argentina,CO2
GCAM5.2_NET,GCAM_1.5C_low_os_noDAC,ARG,Emissions|CO2|Energy|Supply,Mt CO2/yr,,,,39.0266009740809,,,51.7184918822814,,,,,60.2829255392458,,61.3930224455866,,,,,35.541835247061,-8.37090697108788,-179.901528219492,-234.409749117928,-243.793217127371,-226.668946854458,-238.823972629785,-252.348842719712,-274.27520551442,-287.217292363538,-275.393309573022,-262.761374565068,-248.443599230519,-233.565735857922,-219.193305324237,-212.315918336321,,,,Argentina,CO2
GCAM5.2_NET,GCAM_1.5C_low_os_noDAC,ARG,Emissions|CO2|Energy|Supply|Electricity,Mt CO2/yr,,,,30.748690593821,,,42.9183733704046,,,,,51.0298416155599,,52.2400448436446,,,,,27.0680866876904,-3.40095362173314,-54.5926918147995,-76.7971286888826,-83.2201246960611,-86.0372194814749,-93.2101325704901,-97.1581651078884,-104.815794545737,-118.319163533283,-128.040809328725,-131.231767912566,-128.087627937086,-119.048640067515,-105.114331716009,-103.331920469215,,,,Argentina,CO2
GCAM5.2_NET,GCAM_1.5C_low_os_noDAC,ARG,Emissions|CO2|Energy|Supply|Gases,Mt CO2/yr,,,,1.238031779215,,,1.253270447267,,,,,1.44464177518605,,1.46856785456977,,,,,1.4117534984461,1.41060184857846,1.25726564231592,1.29272493231307,1.33596111765884,1.43396362081855,1.47835864515668,1.50998357484005,1.49569705830768,1.37040291162047,1.2825321013785,1.22762383155906,1.22744254325026,1.2479895944783,1.23356337249879,1.24759835663529,,,,Argentina,CO2
GCAM5.2_NET,GCAM_1.5C_low_os_noDAC,ARG,Emissions|CO2|Energy|Supply|Liquids,Mt CO2/yr,,,,7.03988,,,7.546855,,,,,7.808442,,7.57826,,,,,7.26791,-4.286542,-116.1511,-143.1517,-136.4988,-120.2248,-122.3559,-119.118,-120.4758,-125.403,-119.3361,-110.6586,-103.625,-99.36017,-96.739,-92.35855,,,,Argentina,CO2
GCAM5.2_NET,GCAM_1.5C_low_os_noDAC,ARG,Emissions|CO2|Energy|Supply|Solids,Mt CO2/yr,,,,-1.466668e-06,,,-6.599998e-06,,,,,0.0,,-5.133321e-06,,,,,0.0,0.0,0.0,-1.83333e-06,-1.063332e-06,0.0,0.0,-5.499995e-07,-2.200002e-07,0.0,-1.833338e-07,0.0,-3.666661e-07,-2.933331e-07,0.0,-4.033325e-07,,,,Argentina,CO2
GCAM5.2_NET,GCAM_1.5C_low_os_noDAC,ARG,Emissions|CO2|Industrial Processes,Mt CO2/yr,,,,8.450589,,,9.758147,,,,,10.68918,,10.91595,,,,,4.665884,2.450841,-11.54062,-16.09189,-17.61178,-17.65149,-20.07837,-22.05599,-24.51307,-27.79114,-29.48089,-30.58286,-31.5592,-32.63591,-33.61641,-34.58514,,,,Argentina,CO2
GCAM5.2_NET,GCAM_1.5C_low_os_noDAC,ARG,Emissions|N2O|AFOLU,Mt CO2e/yr,,,,40.0027173,,,41.8169388,,,,,44.3408784,,46.2746739,,,,,48.1103532,51.948624,56.52090990000001,58.362759,59.322954599999996,59.919978300000004,59.584051800000005,59.2234734,58.7765724,58.3685193,57.951620999999996,57.3767376,56.723121,55.998415200000004,55.1618886,54.2893533,,,,Argentina,N2O
GEM-E3_V2021,EN_INDCi2030_1000,ARG,Emissions|CO2|AFOLU,Mt CO2/yr,,,,,,,,,,,,339.310103218767,,310.860050541125,,,,,277.707220582126,259.446097367338,154.892166154094,69.0133030387256,13.4886418431366,-35.3650199526899,-76.5215101242723,-113.864700767957,-139.745615283252,-165.626529798546,-191.711173647159,-217.795817495772,-237.909165703584,-258.022513911396,-265.038867156584,-272.055220401771,,,,Argentina,CO2
GEM-E3_V2021,EN_INDCi2030_1000,ARG,Emissions|CO2|Energy and Industrial Processes,Mt CO2/yr,,,,,,,,,,,,190.743684811423,,204.336799292868,,,,,205.098221372634,203.108464357067,163.659254121276,146.041314125548,128.195527547384,97.6151842283567,74.2981495759186,58.5402004866265,50.7439768060017,29.0503145797696,43.9706881137904,33.6998384588862,31.9720986543001,25.7516088178937,12.1236762286963,9.10583566912701,,,,Argentina,CO2
GEM-E3_V2021,EN_INDCi2030_1000,ARG,Emissions|CO2|Energy|Demand,Mt CO2/yr,,,,,,,,,,,,124.918666409286,,131.77101517849,,,,,132.754784321588,135.355210544743,120.143658872764,108.416996119144,95.6844143981614,69.0158314261375,49.2274261516579,36.7459139008741,30.3151033498987,29.7513770111684,40.2132206652297,43.0539271416626,49.2740449325855,50.5807693382239,52.4791738980789,51.8178629115573,,,,Argentina,CO2
GEM-E3_V2021,EN_INDCi2030_1000,ARG,Emissions|CO2|Energy|Demand|AFOFI,Mt CO2/yr,,,,,,,,,,,,14.8692278613726,,18.2393073404573,,,,,19.7694987931586,20.7877240692628,18.9453108386744,18.198783556813,17.5237837599839,9.06129217870676,3.24719137338588,1.2760745970383,0.630995729957185,0.574910029547901,1.41597529630463,1.64678556904714,2.26841864049664,2.17169285257364,2.21147554307707,1.77971377200544,,,,Argentina,CO2
GEM-E3_V2021,EN_INDCi2030_1000,ARG,Emissions|CO2|Energy|Demand|Industry,Mt CO2/yr,,,,,,,,,,,,28.7674309412842,,31.5778347649253,,,,,30.415851399401,30.7883076268417,23.8575343014932,18.9564189378531,14.3392389085121,6.89220643064486,3.2802782550028,1.79308481406958,1.1916486691935,1.1487037130625,2.14749751040689,2.44548554753833,3.21308814337336,3.28416359520571,3.51644674516878,3.21502967575832,,,,Argentina,CO2
GEM-E3_V2021,EN_INDCi2030_1000,ARG,Emissions|CO2|Energy|Demand|Residential and Commercial,Mt CO2/yr,,,,,,,,,,,,27.3938022231078,,25.4658044778445,,,,,25.4701857937577,26.3015293467385,24.5845761026153,23.0749261440212,21.6381393157158,19.6017227074734,17.7999479758747,16.0614242447523,14.9588275900522,15.2545285734095,18.8296488730855,20.252079157519,22.5723470118572,23.739380712136,24.9703519557678,25.6585719759911,,,,Argentina,CO2
GEM-E3_V2021,EN_INDCi2030_1000,ARG,Emissions|CO2|Energy|Demand|Residential and Commercial|Commercial,Mt CO2/yr,,,,,,,,,,,,21.8078727326487,,20.1317179316509,,,,,19.8713883380517,20.3702518632947,19.8173875134322,19.3638888270166,18.8747636382091,18.0038231756804,16.7830222799553,15.36487932675,14.422819811136,14.726512597284,18.0217192793409,19.368974424307,21.5226101829779,22.6762289046862,23.8721932053594,24.6209366366224,,,,Argentina,CO2
GEM-E3_V2021,EN_INDCi2030_1000,ARG,Emissions|CO2|Energy|Demand|Residential and Commercial|Residential,Mt CO2/yr,,,,,,,,,,,,5.58592949045901,,5.33408654619358,,,,,5.59879745570602,5.93127748344384,4.7671885891831,3.71103731700455,2.76337567750673,1.59789953179297,1.01692569591934,0.696544918002315,0.536007778916183,0.528015976125492,0.807929593744614,0.883104733212021,1.04973682887926,1.06315180744984,1.09815875040838,1.03763533936865,,,,Argentina,CO2
GEM-E3_V2021,EN_INDCi2030_1000,ARG,Emissions|CO2|Energy|Demand|Transportation,Mt CO2/yr,,,,,,,,,,,,53.888205383522,,56.4880685952632,,,,,57.0992483352714,57.4776495019003,52.7562376299818,48.1868674804574,42.1832524139494,33.4606101093125,24.9000085473945,17.6153302450138,13.5336313606958,12.7732346951484,17.8200989854326,18.7095768675581,21.2201911368582,21.3855321783085,21.7808996540652,21.1645474878023,,,,Argentina,CO2
GEM-E3_V2021,EN_INDCi2030_1000,ARG,Emissions|CO2|Energy|Supply,Mt CO2/yr,,,,,,,,,,,,53.3217510396591,,55.2554495529731,,,,,54.439006385011,48.8236966434039,25.7810085929218,20.7670481424126,16.8080996616831,13.349797295501,9.95558456742015,7.28447418438467,6.20044712565413,-14.8291723254243,-11.5391839366094,-24.651782408671,-32.9263047488835,-40.4618251255695,-55.8794699682571,-58.1526189249498,,,,Argentina,CO2
GEM-E3_V2021,EN_INDCi2030_1000,ARG,Emissions|CO2|Energy|Supply|Electricity,Mt CO2/yr,,,,,,,,,,,,31.3445278453508,,32.0495737470978,,,,,30.3823416399422,24.8817422124293,6.16509435687329,3.60944724856836,1.74405370867427,1.97835011237895,1.23608060451417,0.320519463943349,0.123770796448207,-20.8523809693785,-19.1035963432925,-32.6806532980625,-41.9303067723882,-49.7545950699816,-65.5418209041295,-67.8411479516825,,,,Argentina,CO2
GEM-E3_V2021,EN_INDCi2030_1000,ARG,Emissions|CO2|Energy|Supply|Gases,Mt CO2/yr,,,,,,,,,,,,9.11828381440967,,10.0461060119045,,,,,10.4589586782712,10.2814725017072,7.56013529576087,6.27788192422525,5.41246114933639,4.30072222894552,3.6172090221673,3.06586022931953,2.76487418519957,2.76734318442061,3.46797706735783,3.72502352727195,4.21504864999589,4.43341896069379,4.67325350345348,4.77913277479946,,,,Argentina,CO2
GEM-E3_V2021,EN_INDCi2030_1000,ARG,Emissions|CO2|Energy|Supply|Liquids,Mt CO2/yr,,,,,,,,,,,,12.8545610508708,,13.151905191443,,,,,13.5906785558009,13.6539039843457,12.0542759368281,10.8785526568417,9.65065279640561,7.07009439957313,5.10188563807209,3.8978184595003,3.31158950445825,3.25565621989135,4.09611551883916,4.30349298278517,4.78852272173572,4.85890184716578,4.98862002507331,4.90892513369509,,,,Argentina,CO2
GEM-E3_V2021,EN_INDCi2030_1000,ARG,Emissions|CO2|Energy|Supply|Solids,Mt CO2/yr,,,,,,,,,,,,0.0043783290278167,,0.0078646025275999,,,,,0.0070275109965503,0.0065779449215221,0.0015030034595436,0.001166312777253,0.0009320072668185,0.0006305546033887,0.0004093026665819,0.0002760316214872,0.0002126395481022,0.0002092396422617,0.0003198204860985,0.0003543793343842,0.0004306517731241,0.0004491365525094,0.0004774073455474,0.0004711182380649,,,,Argentina,CO2
GEM-E3_V2021,EN_INDCi2030_1000,ARG,Emissions|CO2|Industrial Processes,Mt CO2/yr,,,,,,,,,,,,12.3321515029295,,17.1244494592189,,,,,17.7135470322547,18.7382274697248,17.5910343367232,16.7507560214136,15.6269600881279,15.1962732239275,15.0798933111406,14.4861200195332,14.2107114139503,14.111163141861,15.271457559393,15.2709616517605,15.5935681809365,15.6021596423128,15.4932432708202,15.4119449026926,,,,Argentina,CO2
GEM-E3_V2021,EN_INDCi2030_1000_COV,ARG,Emissions|CO2|AFOLU,Mt CO2/yr,,,,,,,,,,,,339.310103218767,,310.78538490985,,,,,301.906115018953,291.45329799032,193.939930576799,109.383201890702,46.7487642739694,-8.06198273631995,-54.7234945656474,-95.7906727413678,-127.339587318361,-158.888501895354,-186.71008827114,-214.531674646927,-234.662933934049,-254.794193221171,-261.356537154596,-267.91888108802,,,,Argentina,CO2
GEM-E3_V2021,EN_INDCi2030_1000_COV,ARG,Emissions|CO2|Energy and Industrial Processes,Mt CO2/yr,,,,,,,,,,,,190.743684811423,,170.413163590221,,,,,175.612343795199,178.10316154576,143.343176059466,129.841022760483,115.049489230239,94.5914796305429,75.6160236411642,60.7079661124565,50.4720419387964,43.8544822597108,54.3019528984101,45.558140397076,37.510055300973,32.106742159478,22.0256217729518,16.6447580026332,,,,Argentina,CO2
GEM-E3_V2021,EN_INDCi2030_1000_COV,ARG,Emissions|CO2|Energy|Demand,Mt CO2/yr,,,,,,,,,,,,124.918666409286,,110.76451337216,,,,,114.722539757603,117.432894782691,105.992861935656,97.2482263585629,86.6467950005535,68.8320636715177,52.5385894763103,40.4536070279847,31.8673832061006,26.4618555422598,34.7919982846097,37.4948065453659,43.6243976971415,44.4759643985754,46.2239908337088,45.773430007646,,,,Argentina,CO2
GEM-E3_V2021,EN_INDCi2030_1000_COV,ARG,Emissions|CO2|Energy|Demand|AFOFI,Mt CO2/yr,,,,,,,,,,,,14.8692278613726,,14.6152606381181,,,,,16.1450353456699,17.058677634257,15.8064942639729,15.3770175009841,14.859251760687,9.93628332204312,4.60887931295986,2.07533510372961,0.906856265339591,0.463196902780906,1.0500000134971,1.21973603502366,1.84798479608274,1.72933000238085,1.77188608874191,1.44934272073162,,,,Argentina,CO2
GEM-E3_V2021,EN_INDCi2030_1000_COV,ARG,Emissions|CO2|Energy|Demand|Industry,Mt CO2/yr,,,,,,,,,,,,28.7674309412842,,24.09469110429,,,,,23.7459053079732,24.4619921287051,19.3057869847738,15.7711306468816,12.0686983454823,7.09486311091194,3.89665839113748,2.24613237400278,1.3403726615965,0.9050215702855,1.60668560118611,1.84354792407903,2.57606299422052,2.59675174982491,2.79954946557398,2.58949350347728,,,,Argentina,CO2
GEM-E3_V2021,EN_INDCi2030_1000_COV,ARG,Emissions|CO2|Energy|Demand|Residential and Commercial,Mt CO2/yr,,,,,,,,,,,,27.3938022231078,,23.6371234848182,,,,,23.7505481758637,24.4654261953089,23.2534108874353,22.1106152681283,20.8723563575083,19.3906199881688,18.0349897994136,16.6392990580926,15.2121816588845,13.9995304588909,17.0614430465374,18.4225777916492,20.6675636369909,21.6111607231158,22.7124425501874,23.2947649539653,,,,Argentina,CO2
GEM-E3_V2021,EN_INDCi2030_1000_COV,ARG,Emissions|CO2|Energy|Demand|Residential and Commercial|Commercial,Mt CO2/yr,,,,,,,,,,,,21.8078727326487,,18.9712256926773,,,,,18.7356597394891,19.1184104450076,18.8246804901445,18.5802508481216,18.2192690217067,17.6900859505231,16.8931589504451,15.8263822767853,14.6249542825819,13.5447815754363,16.3889166580783,17.681262001196,19.7531668937267,20.6931285904045,21.759380871753,22.3892246607215,,,,Argentina,CO2
GEM-E3_V2021,EN_INDCi2030_1000_COV,ARG,Emissions|CO2|Energy|Demand|Residential and Commercial|Residential,Mt CO2/yr,,,,,,,,,,,,5.58592949045901,,4.6658977921409,,,,,5.01488843637453,5.34701575030132,4.42873039729073,3.53036442000668,2.65308733580161,1.70053403764564,1.14183084896844,0.812916781307312,0.587227376302622,0.454748883454579,0.672526388459109,0.741315790453166,0.914396743264212,0.918032132711268,0.953061678434454,0.905540293243774,,,,Argentina,CO2
GEM-E3_V2021,EN_INDCi2030_1000_COV,ARG,Emissions|CO2|Energy|Demand|Transportation,Mt CO2/yr,,,,,,,,,,,,53.888205383522,,48.4174381449337,,,,,51.0810509280966,51.4467988244204,47.6271697994745,43.9894629425687,38.8464885368757,32.4102972503939,25.9980619727993,19.4928404921596,14.4079726202799,11.0941066103025,15.073869623389,16.0089447946139,18.5327862698473,18.5387219232538,18.9401127292054,18.4398288294718,,,,Argentina,CO2
GEM-E3_V2021,EN_INDCi2030_1000_COV,ARG,Emissions|CO2|Energy|Supply,Mt CO2/yr,,,,,,,,,,,,53.3217510396591,,46.1483795726385,,,,,46.5229581519643,45.2531421747911,22.7644669355313,18.4720870817854,15.1361592094639,12.7931384694865,10.0736735249091,7.59958268411814,6.24161114695224,5.43114064511018,6.62883935724991,-4.98163478616734,-19.3585627650531,-25.6284586886698,-37.3995425703987,-42.2633287363561,,,,Argentina,CO2
GEM-E3_V2021,EN_INDCi2030_1000_COV,ARG,Emissions|CO2|Energy|Supply|Electricity,Mt CO2/yr,,,,,,,,,,,,31.3445278453508,,26.7995849981411,,,,,25.9082163798731,24.5442511757468,5.48680681023135,3.09100946175082,1.51395231643786,1.66287944567512,1.09314994806748,0.279697067318707,0.110863622091375,0.0398449958110818,0.0100832657519138,-12.0424677698718,-27.3724375904948,-33.8687932006929,-45.9774063134417,-50.8869807391555,,,,Argentina,CO2
GEM-E3_V2021,EN_INDCi2030_1000_COV,ARG,Emissions|CO2|Energy|Supply|Gases,Mt CO2/yr,,,,,,,,,,,,9.11828381440967,,8.50471228805806,,,,,8.99542322168023,8.9657671153589,6.78073426803947,5.77684245271109,5.05248086272715,4.26103391166018,3.7098636932813,3.22548857985217,2.82129352022652,2.53229540081654,3.11455509743925,3.36197349971933,3.83598328844816,4.02111640602373,4.23530742388505,4.33305086755947,,,,Argentina,CO2
GEM-E3_V2021,EN_INDCi2030_1000_COV,ARG,Emissions|CO2|Energy|Supply|Liquids,Mt CO2/yr,,,,,,,,,,,,12.8545610508708,,10.8373973835949,,,,,11.613214058102,11.7354976842167,10.495541617358,9.60315088561218,8.5688602527032,6.86857687141804,5.27019772159191,4.09407084253156,3.30921895474228,2.85881686089597,3.50393095115923,3.6985576710497,4.17751427797643,4.21882806275418,4.34214021440615,4.29018826898936,,,,Argentina,CO2
GEM-E3_V2021,EN_INDCi2030_1000_COV,ARG,Emissions|CO2|Energy|Supply|Solids,Mt CO2/yr,,,,,,,,,,,,0.0043783290278167,,0.0066849028443908,,,,,0.0061044923087869,0.0076261994685508,0.0013842399024745,0.0010842817113553,0.0008657775957151,0.0006482407332291,0.0004621619684618,0.0003261944156904,0.0002350498920515,0.0001833875865774,0.0002700428995115,0.0003018129354265,0.0003772590171019,0.0003900432452076,0.0004161047517605,0.0004128662506242,,,,Argentina,CO2
GEM-E3_V2021,EN_INDCi2030_1000_COV,ARG,Emissions|CO2|Industrial Processes,Mt CO2/yr,,,,,,,,,,,,12.3321515029295,,13.3460998558144,,,,,14.2040804564466,15.2530732233881,14.4594792622484,14.0246119956897,13.1975041216539,12.915128882189,12.9668575783236,12.6285965324829,12.3445060618399,11.9475641423092,12.8610370870595,13.0234480170653,13.2185985484687,13.2340646959136,13.1757054289202,13.1108028672553,,,,Argentina,CO2
GEM-E3_V2021,EN_INDCi2030_1000_COV_NDCp,ARG,Emissions|CO2|AFOLU,Mt CO2/yr,,,,,,,,,,,,339.310103218767,,310.78538490985,,,,,310.712405101277,310.502982416617,215.159662813962,130.342967133389,64.6213578660341,6.94255123490355,-44.0377643920115,-88.2938012291166,-121.488853666394,-154.683906103672,-183.315498876178,-211.947091648684,-232.45787787538,-252.968664102076,-259.848371351415,-266.728078600753,,,,Argentina,CO2
GEM-E3_V2021,EN_INDCi2030_1000_COV_NDCp,ARG,Emissions|CO2|Energy and Industrial Processes,Mt CO2/yr,,,,,,,,,,,,190.743684811423,,170.413163425536,,,,,175.734414940102,176.498319803668,144.370927617002,131.131546473333,117.609892991884,102.520788374885,79.8685641165915,64.1434771279875,52.9698867155868,47.7285940834147,52.9209933074531,51.0472472752341,41.5975026994709,35.7382073066661,26.3458524272711,22.5468012970831,,,,Argentina,CO2
GEM-E3_V2021,EN_INDCi2030_1000_COV_NDCp,ARG,Emissions|CO2|Energy|Demand,Mt CO2/yr,,,,,,,,,,,,124.918666409286,,110.764513262149,,,,,114.780462712506,117.484373610687,106.658934130379,98.2365788599683,88.4723335388336,75.6365374384618,55.9934597846247,43.3052893856247,33.8849575717757,29.5532701561963,33.6783312839328,37.2917993179549,42.9505680241151,43.6383223555838,46.1111580657667,45.6921772957915,,,,Argentina,CO2
GEM-E3_V2021,EN_INDCi2030_1000_COV_NDCp,ARG,Emissions|CO2|Energy|Demand|AFOFI,Mt CO2/yr,,,,,,,,,,,,14.8692278613726,,14.615260595953,,,,,16.1482541477427,17.0647284427288,15.8829150120845,15.474235883836,15.0296627885464,12.2848112006939,5.49952064784484,2.56002893251116,1.10035473025099,0.661430813814019,0.938695722952803,1.18319066401086,1.74205432574042,1.6123900743908,1.74642644424706,1.42592419483115,,,,Argentina,CO2
GEM-E3_V2021,EN_INDCi2030_1000_COV_NDCp,ARG,Emissions|CO2|Energy|Demand|Industry,Mt CO2/yr,,,,,,,,,,,,28.7674309412842,,24.0946910645271,,,,,23.7906974886921,24.4964883615712,19.5499453655479,16.0882721570818,12.5823842343283,8.7325572347891,4.48653483193703,2.60711775779928,1.52346134588304,1.13312696931172,1.48984633047646,1.80898578478015,2.47152080190044,2.47035669135307,2.77173637879545,2.56226334189009,,,,Argentina,CO2
GEM-E3_V2021,EN_INDCi2030_1000_COV_NDCp,ARG,Emissions|CO2|Energy|Demand|Residential and Commercial,Mt CO2/yr,,,,,,,,,,,,27.3938022231078,,23.6371234734048,,,,,23.7535784748326,24.4778013424533,23.3841685600726,22.3092365274567,21.1851437848449,20.1712227722588,18.5310221676275,17.1967487277678,15.7529514072555,15.0160333760892,16.746572942785,18.3676612316759,20.4966130044385,21.3846131996534,22.6854139175997,23.2871833428155,,,,Argentina,CO2
GEM-E3_V2021,EN_INDCi2030_1000_COV_NDCp,ARG,Emissions|CO2|Energy|Demand|Residential and Commercial|Commercial,Mt CO2/yr,,,,,,,,,,,,21.8078727326487,,18.9712256829931,,,,,18.7382174255415,19.1275250167424,18.8862809051107,18.6834004906521,18.3894586371538,18.1634609845744,17.283865440249,16.3032320811681,15.113647735735,14.4855891561496,16.1064966377385,17.634404224338,19.6046218816544,20.4934272939707,21.7370935269504,22.3861543900742,,,,Argentina,CO2
GEM-E3_V2021,EN_INDCi2030_1000_COV_NDCp,ARG,Emissions|CO2|Energy|Demand|Residential and Commercial|Residential,Mt CO2/yr,,,,,,,,,,,,5.58592949045901,,4.66589779041167,,,,,5.01536104929109,5.35027632571094,4.49788765496192,3.6258360368046,2.79568514769106,2.0077617876844,1.24715672737851,0.893516646599656,0.639303671520503,0.530444219939571,0.6400763050465,0.733257007337897,0.891991122784148,0.891185905682705,0.948320390649306,0.901028952741267,,,,Argentina,CO2
GEM-E3_V2021,EN_INDCi2030_1000_COV_NDCp,ARG,Emissions|CO2|Energy|Demand|Transportation,Mt CO2/yr,,,,,,,,,,,,53.888205383522,,48.417438128264,,,,,51.0879326012386,51.4453554639345,47.8419051926746,44.3648342915936,39.6751427311138,34.4479462307199,27.4763821372152,20.9413939675465,15.5081900883861,12.7426789969813,14.5032162877185,15.9319616374879,18.2403798920357,18.1709623901865,18.9075813251244,18.4168064162547,,,,Argentina,CO2
GEM-E3_V2021,EN_INDCi2030_1000_COV_NDCp,ARG,Emissions|CO2|Energy|Supply,Mt CO2/yr,,,,,,,,,,,,53.3217510396591,,46.1483795335342,,,,,46.5567382358558,43.5648959855135,23.0360009019851,18.6511475930412,15.6425904290225,13.7323467736984,10.7279462011353,8.03238462478057,6.54852428398128,5.88250624902444,6.47344156122553,0.68742651432337,-14.5781867065915,-21.1248844208315,-32.9846773975588,-36.3109261599179,,,,Argentina,CO2
GEM-E3_V2021,EN_INDCi2030_1000_COV_NDCp,ARG,Emissions|CO2|Energy|Supply|Electricity,Mt CO2/yr,,,,,,,,,,,,31.3445278453508,,26.7995849743511,,,,,25.9218737006423,22.7727382835583,5.62159415265175,3.09574872997073,1.73216456414794,1.66519266662249,1.2643078347163,0.305983187576641,0.123164073447666,0.0442292972703874,0.0118704089942242,-6.34630872663268,-22.4924537088061,-29.2413653682579,-41.543581832142,-44.9200488503762,,,,Argentina,CO2
GEM-E3_V2021,EN_INDCi2030_1000_COV_NDCp,ARG,Emissions|CO2|Energy|Supply|Gases,Mt CO2/yr,,,,,,,,,,,,9.11828381440967,,8.50471228159413,,,,,9.00188738122788,9.03135612611394,6.85913625390941,5.86222609112802,5.17434172768374,4.55143453298621,3.86182732874209,3.37040963397138,2.94361330710093,2.73407491047842,3.0471884689003,3.35009975272831,3.79050316313174,3.96308759287085,4.22502262156946,4.32579763687778,,,,Argentina,CO2
GEM-E3_V2021,EN_INDCi2030_1000_COV_NDCp,ARG,Emissions|CO2|Energy|Supply|Liquids,Mt CO2/yr,,,,,,,,,,,,12.8545610508708,,10.8373973747434,,,,,11.626863493424,11.7548713767391,10.5538575412032,9.69206418593941,8.73518465525261,7.51499139932491,5.60130793609716,4.35563313672541,3.48149081636864,3.10398871199424,3.41412476866117,3.6833360238988,4.12339486613432,4.15301365248074,4.33346721133186,4.28291351640177,,,,Argentina,CO2
GEM-E3_V2021,EN_INDCi2030_1000_COV_NDCp,ARG,Emissions|CO2|Energy|Supply|Solids,Mt CO2/yr,,,,,,,,,,,,0.0043783290278167,,0.0066849028454289,,,,,0.0061136605616264,0.005930199102068,0.0014129542207962,0.0011085860030445,0.0008994819382066,0.0007281747648336,0.0005031015798247,0.0003586665071285,0.0002560870640452,0.0002133292813824,0.0002579146698304,0.000299464328931,0.0003689729485345,0.0003797020748927,0.0004146016818514,0.000411537178741,,,,Argentina,CO2
GEM-E3_V2021,EN_INDCi2030_1000_COV_NDCp,ARG,Emissions|CO2|Industrial Processes,Mt CO2/yr,,,,,,,,,,,,12.3321515029295,,13.3460998404146,,,,,14.2344956567251,15.2850223213697,14.547532127079,14.1450484936218,13.4221545131989,13.0955807519714,13.107380288429,12.7771942113807,12.5162359574502,12.2765330734907,12.7500969868561,13.046713652667,13.2000751506017,13.2002781702988,13.19400717622,13.1417895966715,,,,Argentina,CO2
GEM-E3_V2021,EN_INDCi2030_1000_NDCp,ARG,Emissions|CO2|AFOLU,Mt CO2/yr,,,,,,,,,,,,339.310103218767,,310.860050541125,,,,,310.756780305298,310.571613711281,211.530976984655,128.442034049853,61.2796769545441,2.91625000350722,-46.4674626855841,-90.2816458996007,-121.759728088921,-153.237810278242,-181.878871688346,-210.519933098449,-231.723823990742,-252.927714883034,-260.907031479684,-268.886348076334,,,,Argentina,CO2
GEM-E3_V2021,EN_INDCi2030_1000_NDCp,ARG,Emissions|CO2|Energy and Industrial Processes,Mt CO2/yr,,,,,,,,,,,,190.743684811423,,204.336799292868,,,,,205.242953351947,203.143073400138,163.678414191056,146.634485571367,128.740711312435,98.9144167157028,75.027664519095,59.5898741655806,51.1695467226546,50.0079295232837,61.5259163023239,45.7351689210892,38.9399970509371,32.2786082540621,20.9399158377729,15.6547398620501,,,,Argentina,CO2
GEM-E3_V2021,EN_INDCi2030_1000_NDCp,ARG,Emissions|CO2|Energy|Demand,Mt CO2/yr,,,,,,,,,,,,124.918666409286,,131.77101517849,,,,,132.824527812285,135.472739500043,120.141280366431,108.875779417464,96.1111113738189,70.1719399845015,49.8785392737404,37.6014592421587,30.6536624207548,29.6818556090765,38.833589415848,41.9618279537976,47.3810365337213,48.8931469917581,51.2866846316059,50.5017617048648,,,,Argentina,CO2
GEM-E3_V2021,EN_INDCi2030_1000_NDCp,ARG,Emissions|CO2|Energy|Demand|AFOFI,Mt CO2/yr,,,,,,,,,,,,14.8692278613726,,18.2393073404573,,,,,19.7747060441517,20.8157508838042,18.9412677979866,18.2460966055142,17.5639055471105,9.44097348953044,3.37555841835786,1.37200085239507,0.653452880580778,0.548707739100094,1.2255747722482,1.47164951934657,1.97597827659447,1.92513696605244,2.02751058486039,1.61530346398122,,,,Argentina,CO2
GEM-E3_V2021,EN_INDCi2030_1000_NDCp,ARG,Emissions|CO2|Energy|Demand|Industry,Mt CO2/yr,,,,,,,,,,,,28.7674309412842,,31.5778347649253,,,,,30.4663636833347,30.8538568680456,23.8617377326479,19.1181501074737,14.464382445028,7.14154039785874,3.3727794740209,1.88032992180478,1.21804676271938,1.12415230920841,1.9600859036166,2.27578758991399,2.91493386852244,3.01436336874503,3.3074566684401,2.9992598928457,,,,Argentina,CO2
GEM-E3_V2021,EN_INDCi2030_1000_NDCp,ARG,Emissions|CO2|Energy|Demand|Residential and Commercial,Mt CO2/yr,,,,,,,,,,,,27.3938022231078,,25.4658044778445,,,,,25.4745211382513,26.3133085019143,24.5828337034194,23.1547313088568,21.7074191609179,19.7277688973462,17.9050493720174,16.2588550029527,15.0602552007957,15.2646042216059,18.5059494010696,20.0032046559022,22.1227641173452,23.3161524650146,24.6742039491468,25.29788040712,,,,Argentina,CO2
GEM-E3_V2021,EN_INDCi2030_1000_NDCp,ARG,Emissions|CO2|Energy|Demand|Residential and Commercial|Commercial,Mt CO2/yr,,,,,,,,,,,,21.8078727326487,,20.1317179316509,,,,,19.8750112223923,20.3787429377225,19.8164521039351,19.4041581273823,18.9144044452431,18.0921004113543,16.8702341493217,15.5397592640979,14.5160293979375,14.742272587659,17.7413725703941,19.1561631502805,21.1317766774418,22.3050360256685,23.6139963053582,24.3005928478616,,,,Argentina,CO2
GEM-E3_V2021,EN_INDCi2030_1000_NDCp,ARG,Emissions|CO2|Energy|Demand|Residential and Commercial|Residential,Mt CO2/yr,,,,,,,,,,,,5.58592949045901,,5.33408654619358,,,,,5.59950991585905,5.93456556419176,4.76638159948421,3.75057318147446,2.79301471567477,1.63566848599187,1.0348152226957,0.7190957388548,0.54422580285826,0.522331633946876,0.764576830675541,0.847041505621688,0.990987439903432,1.01111643934609,1.06020764378857,0.99728755925839,,,,Argentina,CO2
GEM-E3_V2021,EN_INDCi2030_1000_NDCp,ARG,Emissions|CO2|Energy|Demand|Transportation,Mt CO2/yr,,,,,,,,,,,,53.888205383522,,56.4880685952632,,,,,57.1089369465478,57.4898232462793,52.7554411323776,48.3568013956195,42.3754042207624,33.8616571997661,25.2251520093442,18.090273465006,13.7219075766589,12.744391339162,17.1419793389135,18.2111861886348,20.3673602712592,20.637494191946,21.2775134291586,20.5893179409178,,,,Argentina,CO2
GEM-E3_V2021,EN_INDCi2030_1000_NDCp,ARG,Emissions|CO2|Energy|Supply,Mt CO2/yr,,,,,,,,,,,,53.3217510396591,,55.2554495529731,,,,,54.47859158705,48.6896483036467,25.800713914222,20.8348823944456,16.8689500931017,13.451209236599,9.99867124740171,7.40411130028501,6.24893903267885,6.06019418889302,7.38068143286985,-11.5728993728718,-23.9828400049582,-32.1721136313436,-45.846583106509,-50.2268066825497,,,,Argentina,CO2
GEM-E3_V2021,EN_INDCi2030_1000_NDCp,ARG,Emissions|CO2|Energy|Supply|Electricity,Mt CO2/yr,,,,,,,,,,,,31.3445278453508,,32.0495737470978,,,,,30.3978654578683,24.7231280590138,6.18804213211637,3.60022917034946,1.73984078327101,1.91604893493966,1.18169895264847,0.312668852945084,0.12093902536495,0.0421752064479794,0.0103060664442531,-19.4481258382465,-32.7134430192945,-41.2148866941648,-55.3292714355248,-59.7171107782845,,,,Argentina,CO2
GEM-E3_V2021,EN_INDCi2030_1000_NDCp,ARG,Emissions|CO2|Energy|Supply|Gases,Mt CO2/yr,,,,,,,,,,,,9.11828381440967,,10.0461060119045,,,,,10.4664063894587,10.2753106228245,7.55974182635838,6.31473828646247,5.4395789210959,4.35208491993342,3.65254764678529,3.11657234937795,2.78748370558722,2.77231133937364,3.3951815616951,3.66669572749365,4.10117044272983,4.32165000023759,4.59045832598466,4.68425633762304,,,,Argentina,CO2
GEM-E3_V2021,EN_INDCi2030_1000_NDCp,ARG,Emissions|CO2|Energy|Supply|Liquids,Mt CO2/yr,,,,,,,,,,,,12.8545610508708,,13.151905191443,,,,,13.6072826312391,13.6846212436076,12.0514274577462,10.9187385735604,9.68859131447915,7.18243162760672,5.16400804225173,3.97458513529201,3.34030040046151,3.24549959274411,3.97488986515795,4.20818951001459,4.62902515418505,4.72069481636109,4.89176787310611,4.80559329806868,,,,Argentina,CO2
GEM-E3_V2021,EN_INDCi2030_1000_NDCp,ARG,Emissions|CO2|Energy|Supply|Solids,Mt CO2/yr,,,,,,,,,,,,0.0043783290278167,,0.0078646025275999,,,,,0.0070371084837691,0.0065883782007208,0.0015024980010962,0.0011763640732415,0.0009390742557034,0.0006437541192312,0.0004166057162124,0.000284962669957,0.0002159012651635,0.0002080503272951,0.0003039395725417,0.0003412278664426,0.0004074174214574,0.0004282462224614,0.0004621299250109,0.0004544600430641,,,,Argentina,CO2
GEM-E3_V2021,EN_INDCi2030_1000_NDCp,ARG,Emissions|CO2|Industrial Processes,Mt CO2/yr,,,,,,,,,,,,12.3321515029295,,17.1244494592189,,,,,17.7490132393577,18.7893977692866,17.5928604304854,16.8161366148111,15.6837642074093,15.2370524729418,15.1146273007674,14.5598569177509,14.2489562907903,14.2490973049143,15.2877351213179,15.3205162054391,15.5126098323927,15.5284547142485,15.4700468605117,15.3521703326946,,,,Argentina,CO2
GEM-E3_V2021,EN_INDCi2030_1000f,ARG,Emissions|CO2|AFOLU,Mt CO2/yr,,,,,,,,,,,,339.310103218767,,310.860050541125,,,,,277.707220582126,259.446097367338,160.806399292788,80.1125235342686,26.003522229173,-24.0609295467611,-65.9311993707981,-105.463741081047,-137.50629902369,-169.548856966333,-200.493152586702,-231.43744820707,-251.449355268032,-271.461262328994,-287.773987124715,-304.086711920436,,,,Argentina,CO2
GEM-E3_V2021,EN_INDCi2030_1000f,ARG,Emissions|CO2|Energy and Industrial Processes,Mt CO2/yr,,,,,,,,,,,,190.743684811423,,204.336799292868,,,,,205.098221372634,203.108464357067,177.035668718938,156.299399245877,146.765046215499,131.62043646202,105.800225753911,88.0050162709047,52.9116635331887,22.3997036515552,-4.37597503363307,-18.9030582823082,-36.760283496046,-47.0327790089908,-62.9711085238896,-66.8952264691268,,,,Argentina,CO2
GEM-E3_V2021,EN_INDCi2030_1000f,ARG,Emissions|CO2|Energy|Demand,Mt CO2/yr,,,,,,,,,,,,124.918666409286,,131.77101517849,,,,,132.754784321588,135.355210544743,123.799353195932,116.219937313429,108.56281581271,98.1536984177479,76.1223802920033,61.2470884116464,51.1197095586605,39.8837371294032,32.9512309533302,30.3606535934232,28.223705383568,26.9621263892508,25.4354629839308,23.8563047424304,,,,Argentina,CO2
GEM-E3_V2021,EN_INDCi2030_1000f,ARG,Emissions|CO2|Energy|Demand|AFOFI,Mt CO2/yr,,,,,,,,,,,,14.8692278613726,,18.2393073404573,,,,,19.7694987931586,20.7877240692628,19.4018998616199,19.0864320185732,18.863917536293,18.4018510273216,10.8137950295296,5.96578741899839,3.46591678906856,1.50604252903012,0.771343956421231,0.559520239473679,0.40578236966775,0.308125493548373,0.231711964879795,0.156198253969287,,,,Argentina,CO2
GEM-E3_V2021,EN_INDCi2030_1000f,ARG,Emissions|CO2|Energy|Demand|Industry,Mt CO2/yr,,,,,,,,,,,,28.7674309412842,,31.5778347649253,,,,,30.415851399401,30.7883076268417,25.3736926553734,21.6152264088682,18.2568893981502,14.4845798470846,8.45905446990504,5.36090494233319,3.6618081314966,2.11728580681256,1.41168355929644,1.17280751005243,0.989424496925042,0.868078904668229,0.759152837411782,0.632386817596881,,,,Argentina,CO2
GEM-E3_V2021,EN_INDCi2030_1000f,ARG,Emissions|CO2|Energy|Demand|Residential and Commercial,Mt CO2/yr,,,,,,,,,,,,27.3938022231078,,25.4658044778445,,,,,25.4701857937577,26.3015293467385,25.0600652143795,24.5081462384825,23.8526622885451,22.9203969835738,21.2442061357292,20.3979330637563,19.6677312892318,18.0822144047107,16.6952036744261,16.2582029378367,15.827265196018,15.6415799397665,15.1933588908589,14.6798588921459,,,,Argentina,CO2
GEM-E3_V2021,EN_INDCi2030_1000f,ARG,Emissions|CO2|Energy|Demand|Residential and Commercial|Commercial,Mt CO2/yr,,,,,,,,,,,,21.8078727326487,,20.1317179316509,,,,,19.8713883380517,20.3702518632947,20.0425505500722,20.100571854558,20.1026007999738,19.94392563181,19.4152620624212,19.0115681432263,18.5576846932956,17.2892363846193,16.0872596022647,15.7173133901802,15.3445937706471,15.1988919805274,14.7917870293699,14.3253201595595,,,,Argentina,CO2
GEM-E3_V2021,EN_INDCi2030_1000f,ARG,Emissions|CO2|Energy|Demand|Residential and Commercial|Residential,Mt CO2/yr,,,,,,,,,,,,5.58592949045901,,5.33408654619358,,,,,5.59879745570602,5.93127748344384,5.01751466430727,4.40757438392447,3.75006148857128,2.9764713517638,1.82894407330796,1.38636492052992,1.11004659593629,0.792978020091455,0.607944072161411,0.540889547656509,0.482671425370972,0.442687959239026,0.401571861489027,0.354538732586444,,,,Argentina,CO2
GEM-E3_V2021,EN_INDCi2030_1000f,ARG,Emissions|CO2|Energy|Demand|Transportation,Mt CO2/yr,,,,,,,,,,,,53.888205383522,,56.4880685952632,,,,,57.0992483352714,57.4776495019003,53.9636954645596,51.0101326475052,47.5893465897222,42.3468705597678,35.6053246568394,29.5224629865585,24.3242533488634,18.1781943888497,14.0729997631864,12.3701229060603,11.0012333209571,10.1443420512677,9.25123929078035,8.38786077871834,,,,Argentina,CO2
GEM-E3_V2021,EN_INDCi2030_1000f,ARG,Emissions|CO2|Energy|Supply,Mt CO2/yr,,,,,,,,,,,,53.3217510396591,,55.2554495529731,,,,,54.439006385011,48.8236966434039,34.747485827954,22.1685563194291,20.7969339021691,16.957781441849,13.4771697099045,10.7686134360675,-13.7871440425373,-32.430048688212,-51.5417000738636,-62.9332914926273,-78.0812215129111,-86.7521612535617,-100.633955267121,-102.5965953432,,,,Argentina,CO2
GEM-E3_V2021,EN_INDCi2030_1000f,ARG,Emissions|CO2|Energy|Supply|Electricity,Mt CO2/yr,,,,,,,,,,,,31.3445278453508,,32.0495737470978,,,,,30.3823416399422,24.8817422124293,13.8095212177084,3.61438003559083,3.65279808431866,1.44598191162997,0.942589931405268,0.276548401333834,-22.8486943042325,-39.9292934169432,-58.0892006987414,-69.103588205213,-83.9876267217373,-92.5332193727851,-106.250438826016,-108.048941668378,,,,Argentina,CO2
GEM-E3_V2021,EN_INDCi2030_1000f,ARG,Emissions|CO2|Energy|Supply|Gases,Mt CO2/yr,,,,,,,,,,,,9.11828381440967,,10.0461060119045,,,,,10.4589586782712,10.2814725017072,8.54173883667717,6.97465587795617,6.33585115390164,5.68439516279709,4.81309572115791,4.2896250499349,3.88254221890109,3.3773610551459,3.03255047710253,2.86065008537911,2.74363285393584,2.68901893291411,2.59308974358382,2.49529161901987,,,,Argentina,CO2
GEM-E3_V2021,EN_INDCi2030_1000f,ARG,Emissions|CO2|Energy|Supply|Liquids,Mt CO2/yr,,,,,,,,,,,,12.8545610508708,,13.151905191443,,,,,13.5906785558009,13.6539039843457,12.3945960264671,11.5781671787713,10.8071163923089,9.82642247129476,7.72076123108169,6.20188499105299,5.17856805942854,4.12156959658955,3.51470649758383,3.30942556045203,3.16256838950941,3.09184359790428,3.02320758872756,2.9568784901365,,,,Argentina,CO2
GEM-E3_V2021,EN_INDCi2030_1000f,ARG,Emissions|CO2|Energy|Supply|Solids,Mt CO2/yr,,,,,,,,,,,,0.0043783290278167,,0.0078646025275999,,,,,0.0070275109965503,0.0065779449215221,0.0016297471012235,0.0013532271108067,0.0011682716398708,0.0009818961272134,0.0007228262596246,0.0005549937458029,0.000439983365558,0.0003140769958347,0.000243650191492,0.0002210667544987,0.0002039653809259,0.0001955884050176,0.0001862265838278,0.0001762160218355,,,,Argentina,CO2
GEM-E3_V2021,EN_INDCi2030_1000f,ARG,Emissions|CO2|Industrial Processes,Mt CO2/yr,,,,,,,,,,,,12.3321515029295,,17.1244494592189,,,,,17.7135470322547,18.7382274697248,18.336882904722,17.7839298317515,17.3016540134446,16.4299498062184,16.1432916778327,15.94424085588,15.5432560486154,14.9206612397714,14.1955124399736,13.6531539539869,13.0829694151523,12.744500171423,12.216126912463,11.8354014914124,,,,Argentina,CO2
GEM-E3_V2021,EN_INDCi2030_1000f_COV,ARG,Emissions|CO2|AFOLU,Mt CO2/yr,,,,,,,,,,,,339.310103218767,,310.78538490985,,,,,301.906115018953,291.45329799032,201.294140787658,120.526304347329,57.2828523929016,0.179271266669048,-45.8141514118657,-88.2390856364686,-122.651582007774,-157.06407837908,-190.952949597388,-224.841820815697,-246.268383363906,-267.694945912116,-276.015843025961,-284.336740139806,,,,Argentina,CO2
GEM-E3_V2021,EN_INDCi2030_1000f_COV,ARG,Emissions|CO2|Energy and Industrial Processes,Mt CO2/yr,,,,,,,,,,,,190.743684811423,,170.413163590221,,,,,175.612343795199,178.10316154576,153.594415129953,136.390253634456,130.112769152044,117.683087095468,99.1089059473666,82.6550624230777,54.1639014748542,27.2814117686996,4.85631054403524,-10.839288483695,-22.1300785683984,-31.1720690124171,-47.5069292425016,-47.8464106408296,,,,Argentina,CO2
GEM-E3_V2021,EN_INDCi2030_1000f_COV,ARG,Emissions|CO2|Energy|Demand,Mt CO2/yr,,,,,,,,,,,,124.918666409286,,110.76451337216,,,,,114.722539757603,117.432894782691,108.010938866476,102.240783150647,97.0707095629377,88.4330423598232,72.6973239557079,58.8924541648489,49.2183897873376,38.4582830580599,30.9388480199613,29.230121846734,27.786061140297,26.490776836831,25.3488992361366,24.2123289381591,,,,Argentina,CO2
GEM-E3_V2021,EN_INDCi2030_1000f_COV,ARG,Emissions|CO2|Energy|Demand|AFOFI,Mt CO2/yr,,,,,,,,,,,,14.8692278613726,,14.6152606381181,,,,,16.1450353456699,17.058677634257,16.0506228176552,15.9071634369894,15.8580936538366,15.5109861607692,10.6767919485045,6.14170701063926,3.62096034304891,1.61046416025342,0.766261128929836,0.611154314057371,0.468217721074263,0.35489247802581,0.286489068752193,0.20190979543179,,,,Argentina,CO2
GEM-E3_V2021,EN_INDCi2030_1000f_COV,ARG,Emissions|CO2|Energy|Demand|Industry,Mt CO2/yr,,,,,,,,,,,,28.7674309412842,,24.09469110429,,,,,23.7459053079732,24.4619921287051,20.1627285460976,17.4070706645427,15.1554204172827,12.15667926953,8.00110128486694,5.12703646872036,3.50026295428497,2.02639459897976,1.27773458212335,1.12783938673106,0.986101452683181,0.8632774695732,0.789008296676955,0.675227730529612,,,,Argentina,CO2
GEM-E3_V2021,EN_INDCi2030_1000f_COV,ARG,Emissions|CO2|Energy|Demand|Residential and Commercial,Mt CO2/yr,,,,,,,,,,,,27.3938022231078,,23.6371234848182,,,,,23.7505481758637,24.4654261953089,23.4314522201007,23.0615588291218,22.7388853509935,21.958317555514,20.6121028186856,19.7256485597668,18.984262261993,17.4370124239632,15.8220993757442,15.6252984792888,15.4693740298164,15.2714048824808,14.9831170785851,14.7233695256292,,,,Argentina,CO2
GEM-E3_V2021,EN_INDCi2030_1000f_COV,ARG,Emissions|CO2|Energy|Demand|Residential and Commercial|Commercial,Mt CO2/yr,,,,,,,,,,,,21.8078727326487,,18.9712256926773,,,,,18.7356597394891,19.1184104450076,18.8874817529678,19.037453367846,19.204727044955,19.1344572286381,18.7719987621465,18.3597458345325,17.9006493346244,16.6645320685686,15.2504566849026,15.0953272091344,14.9821587306547,14.8246232263767,14.5667593501638,14.3478871273134,,,,Argentina,CO2
GEM-E3_V2021,EN_INDCi2030_1000f_COV,ARG,Emissions|CO2|Energy|Demand|Residential and Commercial|Residential,Mt CO2/yr,,,,,,,,,,,,5.58592949045901,,4.6658977921409,,,,,5.01488843637453,5.34701575030132,4.54397046713289,4.02410546127576,3.53415830603857,2.82386032687588,1.84010405653909,1.36590272523427,1.0836129273686,0.772480355394594,0.571642690841633,0.529971270154413,0.487215299161688,0.446781656104112,0.416357728421255,0.375482398315792,,,,Argentina,CO2
GEM-E3_V2021,EN_INDCi2030_1000f_COV,ARG,Emissions|CO2|Energy|Demand|Transportation,Mt CO2/yr,,,,,,,,,,,,53.888205383522,,48.4174381449337,,,,,51.0810509280966,51.4467988244204,48.3661352826223,45.8649902199933,43.3183101408246,38.8070593740099,33.4073279036508,27.8980621257224,23.1129042280107,17.3844118748635,13.0727529331638,11.8658296666567,10.8623679367232,10.0012020067511,9.29028479212242,8.61182188656853,,,,Argentina,CO2
GEM-E3_V2021,EN_INDCi2030_1000f_COV,ARG,Emissions|CO2|Energy|Supply,Mt CO2/yr,,,,,,,,,,,,53.3217510396591,,46.1483795726385,,,,,46.5229581519643,45.2531421747911,30.4940959356895,19.3853809184168,18.4408141680963,15.2868015188884,12.6914036490606,10.1893609004541,-8.35427117713486,-23.9881990739297,-38.2443407324449,-51.8766402170495,-61.4037081562528,-68.8944215020248,-83.6841328322291,-82.7121357817985,,,,Argentina,CO2
GEM-E3_V2021,EN_INDCi2030_1000f_COV,ARG,Emissions|CO2|Energy|Supply|Electricity,Mt CO2/yr,,,,,,,,,,,,31.3445278453508,,26.7995849981411,,,,,25.9082163798731,24.5442511757468,12.2720645330925,3.10010508241015,3.11529067489153,1.32511799383763,0.86736933301217,0.244045071496958,-16.9575494073677,-31.1024600493561,-44.3197427155729,-57.7185125563658,-67.0838358231874,-74.4432354561919,-89.1232051325014,-88.0565142713032,,,,Argentina,CO2
GEM-E3_V2021,EN_INDCi2030_1000f_COV,ARG,Emissions|CO2|Energy|Supply|Gases,Mt CO2/yr,,,,,,,,,,,,9.11828381440967,,8.50471228805806,,,,,8.99542322168023,8.9657671153589,7.52241793928139,6.22379316358402,5.80772335760007,5.2698936394651,4.61733294970662,4.1234237302343,3.74569833556285,3.25611928344679,2.860160973041,2.75945442586498,2.69928234846213,2.64391461971905,2.57885020691254,2.52979495946446,,,,Argentina,CO2
GEM-E3_V2021,EN_INDCi2030_1000f_COV,ARG,Emissions|CO2|Energy|Supply|Liquids,Mt CO2/yr,,,,,,,,,,,,12.8545610508708,,10.8373973835949,,,,,11.613214058102,11.7354976842167,10.6981577235897,10.0602656333143,9.51672445387033,8.690886249834,7.20599732902126,5.82134713385573,4.85714750098993,3.85783281580492,3.21501036954532,3.08220131531503,2.98064020291757,2.90470350753517,2.86003238147277,2.81440085576161,,,,Argentina,CO2
GEM-E3_V2021,EN_INDCi2030_1000f_COV,ARG,Emissions|CO2|Energy|Supply|Solids,Mt CO2/yr,,,,,,,,,,,,0.0043783290278167,,0.0066849028443908,,,,,0.0061044923087869,0.0076261994685508,0.0014557397258546,0.0012170391083205,0.0010756817343937,0.0009036357517301,0.0007040373206296,0.0005449648671913,0.0004323936800904,0.0003088761747089,0.0002306405416816,0.0002165981362458,0.0002051155549054,0.000195826912903,0.0001897118869961,0.0001826742786125,,,,Argentina,CO2
GEM-E3_V2021,EN_INDCi2030_1000f_COV,ARG,Emissions|CO2|Industrial Processes,Mt CO2/yr,,,,,,,,,,,,12.3321515029295,,13.3460998558144,,,,,14.2040804564466,15.2530732233881,14.9590274729626,14.6541874364688,14.5087731244323,13.8924621413893,13.6674463135395,13.5316600114158,13.2666877204658,12.7878227885181,12.1447922492039,11.7919024424547,11.4738334446212,11.2192906884316,10.8171625429856,10.6435875139389,,,,Argentina,CO2
GEM-E3_V2021,EN_INDCi2030_1000f_COV_NDCp,ARG,Emissions|CO2|AFOLU,Mt CO2/yr,,,,,,,,,,,,339.310103218767,,310.78538490985,,,,,310.712405101277,310.502982416617,222.052445699358,141.245315871444,73.8789833797872,13.4575957067393,-35.4058395085751,-79.4092436683577,-115.395157682812,-151.381071697267,-186.450562046934,-221.5200523966,-243.581182818315,-265.642313240029,-274.243279256284,-282.844245272539,,,,Argentina,CO2
GEM-E3_V2021,EN_INDCi2030_1000f_COV_NDCp,ARG,Emissions|CO2|Energy and Industrial Processes,Mt CO2/yr,,,,,,,,,,,,190.743684811423,,170.413163425536,,,,,175.734414940102,176.498319803668,153.593326779832,136.548724878529,130.082495944893,119.091821649074,103.962672818594,85.8271706638248,57.0233868707763,28.222833673975,9.34908828698192,-6.06489682706105,-17.487377011481,-26.7752486055907,-43.241853295502,-43.7522517478108,,,,Argentina,CO2
GEM-E3_V2021,EN_INDCi2030_1000f_COV_NDCp,ARG,Emissions|CO2|Energy|Demand,Mt CO2/yr,,,,,,,,,,,,124.918666409286,,110.764513262149,,,,,114.780462712506,117.484373610687,108.009866097563,102.240879485637,97.0633904778822,89.5321186049906,76.8169687585981,61.5791785611948,51.1855792649935,39.8535968416125,31.9466386430281,30.1634063625575,28.6611716741175,27.3208265137004,26.1488116924956,24.9795028473472,,,,Argentina,CO2
GEM-E3_V2021,EN_INDCi2030_1000f_COV_NDCp,ARG,Emissions|CO2|Energy|Demand|AFOFI,Mt CO2/yr,,,,,,,,,,,,14.8692278613726,,14.615260595953,,,,,16.1482541477427,17.0647284427288,16.0472400414713,15.9039483852378,15.8553878749992,15.6151742649968,12.1454934805625,6.91271576971664,4.04561926410382,1.80609217071812,0.842700001819076,0.669557978028418,0.512030885252811,0.388133691561163,0.313221955097213,0.220817611683388,,,,Argentina,CO2
GEM-E3_V2021,EN_INDCi2030_1000f_COV_NDCp,ARG,Emissions|CO2|Energy|Demand|Industry,Mt CO2/yr,,,,,,,,,,,,28.7674309412842,,24.0946910645271,,,,,23.7906974886921,24.4964883615712,20.1678002493075,17.4144110071044,15.1533519128097,12.4413325948014,9.03751863824072,5.65647447456121,3.81411295941249,2.19340788125938,1.36137008826972,1.1977061680301,1.04495728045224,0.913310923261046,0.833768500381039,0.713307204860167,,,,Argentina,CO2
GEM-E3_V2021,EN_INDCi2030_1000f_COV_NDCp,ARG,Emissions|CO2|Energy|Demand|Residential and Commercial,Mt CO2/yr,,,,,,,,,,,,27.3938022231078,,23.6371234734048,,,,,23.7535784748326,24.4778013424533,23.4308794609767,23.0589081569052,22.7420404337144,22.183629992403,21.1007889924637,20.1031420969767,19.3337287856744,17.7678419416722,16.1456956024028,15.957486217396,15.8119723333073,15.6243567907672,15.3471933345098,15.096813644751,,,,Argentina,CO2
GEM-E3_V2021,EN_INDCi2030_1000f_COV_NDCp,ARG,Emissions|CO2|Energy|Demand|Residential and Commercial|Commercial,Mt CO2/yr,,,,,,,,,,,,21.8078727326487,,18.9712256829931,,,,,18.7382174255415,19.1275250167424,18.8875529754793,19.0355383523032,19.2061230035909,19.2576846581177,19.0668855595273,18.647675427075,18.1905038874728,16.9554530921025,15.5488731389942,15.4050174453135,15.3045908568307,15.1593500113927,14.9141421295674,14.7065243652273,,,,Argentina,CO2
GEM-E3_V2021,EN_INDCi2030_1000f_COV_NDCp,ARG,Emissions|CO2|Energy|Demand|Residential and Commercial|Residential,Mt CO2/yr,,,,,,,,,,,,5.58592949045901,,4.66589779041167,,,,,5.01536104929109,5.35027632571094,4.54332648549744,4.02336980460192,3.53591743012349,2.92594533428531,2.03390343293644,1.45546666990173,1.14322489820155,0.812388849569743,0.596822463408625,0.552468772082494,0.507381476476635,0.465006779374531,0.433051204942451,0.390289279523775,,,,Argentina,CO2
GEM-E3_V2021,EN_INDCi2030_1000f_COV_NDCp,ARG,Emissions|CO2|Energy|Demand|Transportation,Mt CO2/yr,,,,,,,,,,,,53.888205383522,,48.417438128264,,,,,51.0879326012386,51.4453554639345,48.3639463458074,45.8636119363896,43.3126102563588,39.2919817527892,34.5331676473311,28.9068462199402,23.9921182558027,18.0862548479627,13.5968729505364,12.3386559991029,11.2922111751051,10.3950251081109,9.65462790250752,8.94856438605265,,,,Argentina,CO2
GEM-E3_V2021,EN_INDCi2030_1000f_COV_NDCp,ARG,Emissions|CO2|Energy|Supply,Mt CO2/yr,,,,,,,,,,,,53.3217510396591,,46.1483795335342,,,,,46.5567382358558,43.5648959855135,30.4922298885055,19.5391521562913,18.424366314813,15.5166490770069,13.3714867264675,10.5827694036635,-7.56700617785428,-24.5156987169492,-34.8706367418738,-48.1507218665808,-57.7507285312459,-65.4371080125517,-80.3267991791604,-79.4969714122117,,,,Argentina,CO2
GEM-E3_V2021,EN_INDCi2030_1000f_COV_NDCp,ARG,Emissions|CO2|Energy|Supply|Electricity,Mt CO2/yr,,,,,,,,,,,,31.3445278453508,,26.7995849743511,,,,,25.9218737006423,22.7727382835583,12.2745907158239,3.24510660072792,3.10361549994795,1.39586715534193,0.995840405980643,0.266314784811494,-16.4477926996422,-31.8257539391608,-41.0878387999472,-54.1285438140948,-63.5587349260108,-71.1079783760533,-85.8840275005948,-84.9540389189888,,,,Argentina,CO2
GEM-E3_V2021,EN_INDCi2030_1000f_COV_NDCp,ARG,Emissions|CO2|Energy|Supply|Gases,Mt CO2/yr,,,,,,,,,,,,9.11828381440967,,8.50471228159413,,,,,9.00188738122788,9.03135612611394,7.52077827098976,6.23376701234942,5.80533804729174,5.33706710981492,4.78306964596166,4.24147364133083,3.84252681436,3.33095372126043,2.92203743919821,2.82484252634299,2.7643688904374,2.70909399265014,2.64451080934935,2.59421292411022,,,,Argentina,CO2
GEM-E3_V2021,EN_INDCi2030_1000f_COV_NDCp,ARG,Emissions|CO2|Energy|Supply|Liquids,Mt CO2/yr,,,,,,,,,,,,12.8545610508708,,10.8373973747434,,,,,11.626863493424,11.7548713767391,10.6954056747918,10.0590617839745,9.5143370835821,8.78278928866617,7.59182268747587,6.07440307706485,5.03780343329421,3.97877670394295,3.2949236673911,3.15275352485937,3.04342391933571,2.96157271452869,2.91252040412223,2.86266498293031,,,,Argentina,CO2
GEM-E3_V2021,EN_INDCi2030_1000f_COV_NDCp,ARG,Emissions|CO2|Energy|Supply|Solids,Mt CO2/yr,,,,,,,,,,,,0.0043783290278167,,0.0066849028454289,,,,,0.0061136605616264,0.005930199102068,0.0014552268999968,0.0012167592395102,0.0010756839911863,0.0009255231838866,0.000753987049323,0.0005779004563873,0.0004562741337535,0.0003247970082574,0.0002409514840652,0.0002258963116562,0.0002135849916958,0.000203656322682,0.0001971079627765,0.0001895997365503,,,,Argentina,CO2
GEM-E3_V2021,EN_INDCi2030_1000f_COV_NDCp,ARG,Emissions|CO2|Industrial Processes,Mt CO2/yr,,,,,,,,,,,,12.3321515029295,,13.3460998404146,,,,,14.2344956567251,15.2850223213697,14.9608641847388,14.6587885634824,14.5022145798107,13.9697072445293,13.7184523918374,13.6215071164753,13.3701052705591,12.8602829146702,12.2553256097903,11.90643180601,11.5878613799547,11.3282272536776,10.9245228170216,10.754993945668,,,,Argentina,CO2
GEM-E3_V2021,EN_INDCi2030_1000f_NDCp,ARG,Emissions|CO2|AFOLU,Mt CO2/yr,,,,,,,,,,,,339.310103218767,,310.860050541125,,,,,310.756780305298,310.571613711281,217.625363464442,137.005990777755,70.6536444140137,10.973019218276,-38.6293698602695,-84.1853278313644,-120.153785091143,-156.122242350922,-189.733637557416,-223.345032763909,-244.967578188645,-266.590123613382,-283.888326784542,-301.186529955701,,,,Argentina,CO2
GEM-E3_V2021,EN_INDCi2030_1000f_NDCp,ARG,Emissions|CO2|Energy and Industrial Processes,Mt CO2/yr,,,,,,,,,,,,190.743684811423,,204.336799292868,,,,,205.242953351947,203.143073400138,177.226477843524,156.490547952574,148.262289813067,133.036471271989,109.995453120396,90.8196767941853,53.978184085512,23.5934397428764,-6.67052956474371,-20.0490719312486,-32.9656040125959,-43.4621129122945,-62.3160668592771,-65.3159655921907,,,,Argentina,CO2
GEM-E3_V2021,EN_INDCi2030_1000f_NDCp,ARG,Emissions|CO2|Energy|Demand,Mt CO2/yr,,,,,,,,,,,,124.918666409286,,131.77101517849,,,,,132.824527812285,135.472739500043,123.802930206619,116.221103548048,109.738722425731,99.282353221896,79.7764198425834,63.6291706045495,51.8198947211411,39.642897474661,31.2578247295231,29.5683616151901,28.1818486276391,26.9382746228982,25.8271931984222,24.7396872130076,,,,Argentina,CO2
GEM-E3_V2021,EN_INDCi2030_1000f_NDCp,ARG,Emissions|CO2|Energy|Demand|AFOFI,Mt CO2/yr,,,,,,,,,,,,14.8692278613726,,18.2393073404573,,,,,19.7747060441517,20.8157508838042,19.3957556811776,19.0822453819695,18.984658154622,18.5116629113182,12.1141307533601,6.6255420837637,3.6007730880793,1.46378609118548,0.648436133193995,0.514033229110235,0.395110245434638,0.300486731744977,0.243273755389215,0.174924902514921,,,,Argentina,CO2
GEM-E3_V2021,EN_INDCi2030_1000f_NDCp,ARG,Emissions|CO2|Energy|Demand|Industry,Mt CO2/yr,,,,,,,,,,,,28.7674309412842,,31.5778347649253,,,,,30.4663636833347,30.8538568680456,25.3843534358072,21.6247980667895,18.6502723572028,14.8097975443803,9.36932334416941,5.83017828612837,3.76987726200212,2.08259724116935,1.26533632831856,1.11245606236329,0.975468367865336,0.856315908196594,0.78130290324326,0.675551150988602,,,,Argentina,CO2
GEM-E3_V2021,EN_INDCi2030_1000f_NDCp,ARG,Emissions|CO2|Energy|Demand|Residential and Commercial,Mt CO2/yr,,,,,,,,,,,,27.3938022231078,,25.4658044778445,,,,,25.4745211382513,26.3133085019143,25.0549253552123,24.5033881317053,24.0659599463509,23.1130143576119,21.6215694062887,20.7166640842439,19.7953490981958,18.0308772256702,16.1464757728149,15.9646121897116,15.8316380661033,15.6541716897891,15.3775706341023,15.1244976726062,,,,Argentina,CO2
GEM-E3_V2021,EN_INDCi2030_1000f_NDCp,ARG,Emissions|CO2|Energy|Demand|Residential and Commercial|Commercial,Mt CO2/yr,,,,,,,,,,,,21.8078727326487,,20.1317179316509,,,,,19.8750112223923,20.3787429377225,20.0399676348238,20.0969394234175,20.2132087547017,20.0563981501552,19.6601447334164,19.2585942807068,18.6658802606005,17.2463105889228,15.582682695548,15.4432008380132,15.352011637198,15.2140977877454,14.9676257103118,14.7528470485804,,,,Argentina,CO2
GEM-E3_V2021,EN_INDCi2030_1000f_NDCp,ARG,Emissions|CO2|Energy|Demand|Residential and Commercial|Residential,Mt CO2/yr,,,,,,,,,,,,5.58592949045901,,5.33408654619358,,,,,5.59950991585905,5.93456556419176,5.01495772038853,4.4064487082878,3.85275119164916,3.05661620745669,1.96142467287227,1.4580698035371,1.1294688375953,0.784566636747413,0.563793077266857,0.52141135169838,0.47962642890533,0.440073902043764,0.409944923790416,0.371650624025762,,,,Argentina,CO2
GEM-E3_V2021,EN_INDCi2030_1000f_NDCp,ARG,Emissions|CO2|Energy|Demand|Transportation,Mt CO2/yr,,,,,,,,,,,,53.888205383522,,56.4880685952632,,,,,57.1089369465478,57.4898232462793,53.9678957344225,51.0106719675836,48.0378319675558,42.8478784085855,36.6713963387651,30.4567861504134,24.6538952728638,18.0656369166359,13.1975764951956,11.9772601340049,10.9796319482358,10.1273002931675,9.42504590568743,8.76471348689791,,,,Argentina,CO2
GEM-E3_V2021,EN_INDCi2030_1000f_NDCp,ARG,Emissions|CO2|Energy|Supply,Mt CO2/yr,,,,,,,,,,,,53.3217510396591,,55.2554495529731,,,,,54.47859158705,48.6896483036467,34.9247750797592,22.3515364525561,20.9592927965447,17.095418833747,13.913880062431,11.0965783628759,-13.4695330015705,-31.0139825707309,-51.9502874558977,-63.1889495892217,-74.3064142559407,-83.2121147735823,-100.428718177096,-102.040957405648,,,,Argentina,CO2
GEM-E3_V2021,EN_INDCi2030_1000f_NDCp,ARG,Emissions|CO2|Energy|Supply|Electricity,Mt CO2/yr,,,,,,,,,,,,31.3445278453508,,32.0495737470978,,,,,30.3978654578683,24.7231280590138,13.9774005342134,3.78655822817595,3.61741514185943,1.40800054196493,0.871041256161195,0.266285597740781,-22.6369458212371,-38.4858747073122,-58.2596089234733,-69.2455723060707,-80.208544110314,-88.9900100885669,-106.102543591554,-107.623625230919,,,,Argentina,CO2
GEM-E3_V2021,EN_INDCi2030_1000f_NDCp,ARG,Emissions|CO2|Energy|Supply|Gases,Mt CO2/yr,,,,,,,,,,,,9.11828381440967,,10.0461060119045,,,,,10.4664063894587,10.2753106228245,8.55327097129605,6.98645782773764,6.43177325229727,5.76281694100795,4.96864233899455,4.39819362764392,3.92301110557182,3.37093343456866,2.92825080163977,2.8057200564416,2.74552938013628,2.69090264747867,2.62527260248707,2.57138947379325,,,,Argentina,CO2
GEM-E3_V2021,EN_INDCi2030_1000f_NDCp,ARG,Emissions|CO2|Energy|Supply|Liquids,Mt CO2/yr,,,,,,,,,,,,12.8545610508708,,13.151905191443,,,,,13.6072826312391,13.6846212436076,12.3924746256655,11.5771674797249,10.9089110469145,9.92360063014024,8.07343073499274,6.43151550942026,5.24395349609701,4.10064738864173,3.38084382192895,3.25068910131258,3.15639722916325,3.08679766995929,3.04836315096168,3.01109454695107,,,,Argentina,CO2
GEM-E3_V2021,EN_INDCi2030_1000f_NDCp,ARG,Emissions|CO2|Energy|Supply|Solids,Mt CO2/yr,,,,,,,,,,,,0.0043783290278167,,0.0078646025275999,,,,,0.0070371084837691,0.0065883782007208,0.0016289485842351,0.0013529169175802,0.0011933554734684,0.0010007206339004,0.00076573228256,0.0005836280710284,0.0004482179977704,0.0003113133709227,0.0002268440068677,0.000213559094747,0.0002032450737435,0.0001949975466732,0.0001896610090201,0.0001838045270589,,,,Argentina,CO2
GEM-E3_V2021,EN_INDCi2030_1000f_NDCp,ARG,Emissions|CO2|Industrial Processes,Mt CO2/yr,,,,,,,,,,,,12.3321515029295,,17.1244494592189,,,,,17.7490132393577,18.7893977692866,18.3468654081611,17.79093928394,17.4577462944676,16.5775398194574,16.2451468219114,16.0468989635632,15.5914001957027,14.9394211474967,14.0043360756224,13.555692907427,13.144779943628,12.7990404234783,12.2739527817885,11.9751371030671,,,,Argentina,CO2
GEM-E3_V2021,EN_INDCi2030_1400,ARG,Emissions|CO2|AFOLU,Mt CO2/yr,,,,,,,,,,,,339.310103218767,,310.860050541125,,,,,277.707220582126,259.446097367338,166.251498626522,85.4537720790314,32.2009345759693,-16.9564675561499,-56.6695464561343,-92.6698328534868,-121.708727678664,-150.747622503842,-186.22078487942,-221.693947254997,-244.450726113148,-267.207504971299,-274.992150140022,-282.776795308744,,,,Argentina,CO2
GEM-E3_V2021,EN_INDCi2030_1400,ARG,Emissions|CO2|Energy and Industrial Processes,Mt CO2/yr,,,,,,,,,,,,190.743684811423,,204.336799292868,,,,,205.098221372634,203.108464357067,182.842543913564,165.200824170614,160.995417740368,152.662553906749,148.550613779404,140.106089338836,135.492716519627,116.799347813154,94.2540942109572,68.4437582984297,39.2025517353757,26.3814468313099,11.6974516980271,11.6105082316059,,,,Argentina,CO2
GEM-E3_V2021,EN_INDCi2030_1400,ARG,Emissions|CO2|Energy|Demand,Mt CO2/yr,,,,,,,,,,,,124.918666409286,,131.77101517849,,,,,132.754784321588,135.355210544743,125.452945768933,122.783471477931,119.259000083441,113.63739136866,110.820614703738,104.8927772277,101.245163643668,85.0944950654694,68.70697341053,59.3789988231012,51.3244590298019,48.5142282127246,49.0138736564802,49.6279213894538,,,,Argentina,CO2
GEM-E3_V2021,EN_INDCi2030_1400,ARG,Emissions|CO2|Energy|Demand|AFOFI,Mt CO2/yr,,,,,,,,,,,,14.8692278613726,,18.2393073404573,,,,,19.7694987931586,20.7877240692628,19.6068845440267,19.8596186131102,19.9931557312824,19.9337127009875,19.7175249042661,19.2507735394348,18.9479321698451,12.5845417014875,6.76960366400793,4.12996478418316,2.453705664678,1.82737101231695,1.72444411210546,1.50718735372785,,,,Argentina,CO2
GEM-E3_V2021,EN_INDCi2030_1400,ARG,Emissions|CO2|Energy|Demand|Industry,Mt CO2/yr,,,,,,,,,,,,28.7674309412842,,31.5778347649253,,,,,30.415851399401,30.7883076268417,26.0558148782757,23.9981396031221,21.8608362636388,19.2277221517417,18.3162566474673,16.6751770928453,15.7910772716941,11.033958235386,6.88923377534815,4.84415070370148,3.39912751303316,2.89797092538273,2.92694767580963,2.85855181707661,,,,Argentina,CO2
GEM-E3_V2021,EN_INDCi2030_1400,ARG,Emissions|CO2|Energy|Demand|Residential and Commercial,Mt CO2/yr,,,,,,,,,,,,27.3938022231078,,25.4658044778445,,,,,25.4701857937577,26.3015293467385,25.2866905929073,25.7461505055438,25.906077668642,25.7643764146396,25.9359584241894,25.8304742483342,26.1393749786854,25.4584657867873,24.5125781751719,23.9640015759364,23.099040618968,23.1603920109736,23.969634063679,24.9612168388695,,,,Argentina,CO2
GEM-E3_V2021,EN_INDCi2030_1400,ARG,Emissions|CO2|Energy|Demand|Residential and Commercial|Commercial,Mt CO2/yr,,,,,,,,,,,,21.8078727326487,,20.1317179316509,,,,,19.8713883380517,20.3702518632947,20.1520255055468,20.7247355979859,21.2134156238303,21.5620716242451,22.1109689555377,22.5055646035474,23.1240434275569,23.2627835653259,22.8809765798701,22.6253411126573,22.0111334456785,22.1740595699437,22.9848440009785,23.9945965308314,,,,Argentina,CO2
GEM-E3_V2021,EN_INDCi2030_1400,ARG,Emissions|CO2|Energy|Demand|Residential and Commercial|Residential,Mt CO2/yr,,,,,,,,,,,,5.58592949045901,,5.33408654619358,,,,,5.59879745570602,5.93127748344384,5.13466508736046,5.02141490755788,4.69266204481163,4.20230479039451,3.82498946865165,3.32490964478683,3.0153315511285,2.19568222146145,1.63160159530181,1.33866046327907,1.08790717328948,0.986332441029877,0.984790062700451,0.966620308038111,,,,Argentina,CO2
GEM-E3_V2021,EN_INDCi2030_1400,ARG,Emissions|CO2|Energy|Demand|Transportation,Mt CO2/yr,,,,,,,,,,,,53.888205383522,,56.4880685952632,,,,,57.0992483352714,57.4776495019003,54.5035557537232,53.1795627561549,51.4989304198779,48.7115801012918,46.8508747278152,43.1363523470861,40.3667792234439,36.0175293418084,30.5355577960019,26.44088175928,22.3725852331228,20.6284942640512,20.392847804886,20.3009653797798,,,,Argentina,CO2
GEM-E3_V2021,EN_INDCi2030_1400,ARG,Emissions|CO2|Energy|Supply,Mt CO2/yr,,,,,,,,,,,,53.3217510396591,,55.2554495529731,,,,,54.439006385011,48.8236966434039,38.5717391356586,23.5886407212286,22.8746912564685,20.4808947708928,19.1853396287274,17.2137372035344,16.4875296240403,14.116567129613,8.38691613117002,-7.57328924876283,-27.8964346818175,-37.6161380686664,-52.5750619471609,-53.3254636631755,,,,Argentina,CO2
GEM-E3_V2021,EN_INDCi2030_1400,ARG,Emissions|CO2|Energy|Supply|Electricity,Mt CO2/yr,,,,,,,,,,,,31.3445278453508,,32.0495737470978,,,,,30.3823416399422,24.8817422124293,17.0989573174687,3.80189232367343,3.83019810762825,2.4376824025954,1.53058643420203,0.429054652134987,0.200784668670448,0.0309427872952159,-3.43247033849664,-18.0929736889335,-37.3080399219485,-46.6988801105523,-61.7937233408297,-62.7388128708996,,,,Argentina,CO2
GEM-E3_V2021,EN_INDCi2030_1400,ARG,Emissions|CO2|Energy|Supply|Gases,Mt CO2/yr,,,,,,,,,,,,9.11828381440967,,10.0461060119045,,,,,10.4589586782712,10.2814725017072,8.92728331714796,7.64089572598712,7.32205688103525,6.897400466281,6.79632051294021,6.5159529555898,6.40725144981222,5.80569677802131,5.16562962072625,4.79001351991698,4.42738261219744,4.36210145632655,4.47721587406748,4.65082522980778,,,,Argentina,CO2
GEM-E3_V2021,EN_INDCi2030_1400,ARG,Emissions|CO2|Energy|Supply|Liquids,Mt CO2/yr,,,,,,,,,,,,12.8545610508708,,13.151905191443,,,,,13.5906785558009,13.6539039843457,12.5434454077834,12.144304713267,11.7210304266303,11.1442592028764,10.8569553803557,10.2675260196831,9.87838699250536,8.27905949667568,6.65309039956699,5.72911903514072,4.9837671395082,4.72021556008511,4.74100965346235,4.76207847945544,,,,Argentina,CO2
GEM-E3_V2021,EN_INDCi2030_1400,ARG,Emissions|CO2|Energy|Supply|Solids,Mt CO2/yr,,,,,,,,,,,,0.0043783290278167,,0.0078646025275999,,,,,0.0070275109965503,0.0065779449215221,0.0020530932585415,0.0015479583010624,0.0014058411746382,0.0015526991399839,0.0014773012294584,0.0012035761264632,0.0011065130523477,0.0008680676208678,0.0006664493734095,0.000551885112965,0.0004554884253387,0.0004250254741844,0.0004358661389602,0.0004454984608653,,,,Argentina,CO2
GEM-E3_V2021,EN_INDCi2030_1400,ARG,Emissions|CO2|Industrial Processes,Mt CO2/yr,,,,,,,,,,,,12.3321515029295,,17.1244494592189,,,,,17.7135470322547,18.7382274697248,18.6620406930477,18.6834854754563,18.7313981378778,18.432240054262,18.4464278339599,17.9172148715154,17.6877062893767,17.5278047317184,17.1122753063875,16.5985418246061,15.7426565710488,15.454917050737,15.2308835682716,15.2812426004095,,,,Argentina,CO2
GEM-E3_V2021,EN_INDCi2030_1400f,ARG,Emissions|CO2|AFOLU,Mt CO2/yr,,,,,,,,,,,,339.310103218767,,310.860050541125,,,,,277.707220582126,259.446097367338,166.251498626522,85.4537720790314,32.2009345759693,-16.9564675561499,-56.6695464561343,-92.6698328534868,-121.708727678664,-150.747622503842,-186.22078487942,-221.693947254997,-244.450726113148,-267.207504971299,-274.992150140022,-282.776795308744,,,,Argentina,CO2
GEM-E3_V2021,EN_INDCi2030_1400f,ARG,Emissions|CO2|Energy and Industrial Processes,Mt CO2/yr,,,,,,,,,,,,190.743684811423,,204.336799292868,,,,,205.098221372634,203.108464357067,182.842543913564,165.200824170614,160.995417740368,152.662553906749,148.550613779404,143.185066020471,138.578061428838,120.220174762515,97.6039544716908,71.2695764822289,41.5061495776375,26.4989852165006,2.6613687819827,-7.62031249200931,,,,Argentina,CO2
GEM-E3_V2021,EN_INDCi2030_1400f,ARG,Emissions|CO2|Energy|Demand,Mt CO2/yr,,,,,,,,,,,,124.918666409286,,131.77101517849,,,,,132.754784321588,135.355210544743,125.452945768933,122.783471477931,119.259000083441,113.63739136866,110.820614703738,107.274825004053,103.644966204834,88.0180993273133,71.4845297796968,61.5570433479831,52.9808035716724,48.6023601290409,42.9975015008859,36.8436258922951,,,,Argentina,CO2
GEM-E3_V2021,EN_INDCi2030_1400f,ARG,Emissions|CO2|Energy|Demand|AFOFI,Mt CO2/yr,,,,,,,,,,,,14.8692278613726,,18.2393073404573,,,,,19.7694987931586,20.7877240692628,19.6068845440267,19.8596186131102,19.9931557312824,19.9337127009875,19.7175249042661,19.4728882275583,19.1570599444232,13.6117883818046,7.55106138498657,4.59848513068989,2.70893315229493,1.83327330882987,1.11353764631377,0.549475821607656,,,,Argentina,CO2
GEM-E3_V2021,EN_INDCi2030_1400f,ARG,Emissions|CO2|Energy|Demand|Industry,Mt CO2/yr,,,,,,,,,,,,28.7674309412842,,31.5778347649253,,,,,30.415851399401,30.7883076268417,26.0558148782757,23.9981396031221,21.8608362636388,19.2277221517417,18.3162566474673,17.4202449676543,16.4952247081139,11.8442683847301,7.52671508682128,5.26260737353986,3.65758940187264,2.90460173987985,2.1380436196935,1.40594354590912,,,,Argentina,CO2
GEM-E3_V2021,EN_INDCi2030_1400f,ARG,Emissions|CO2|Energy|Demand|Residential and Commercial,Mt CO2/yr,,,,,,,,,,,,27.3938022231078,,25.4658044778445,,,,,25.4701857937577,26.3015293467385,25.2866905929073,25.7461505055438,25.906077668642,25.7643764146396,25.9359584241894,26.2599875237666,26.5908054709196,25.8111649450697,24.9170811377124,24.3687922220991,23.4896097937144,23.1906596234276,22.154124032476,20.5448478972246,,,,Argentina,CO2
GEM-E3_V2021,EN_INDCi2030_1400f,ARG,Emissions|CO2|Energy|Demand|Residential and Commercial|Commercial,Mt CO2/yr,,,,,,,,,,,,21.8078727326487,,20.1317179316509,,,,,19.8713883380517,20.3702518632947,20.1520255055468,20.7247355979859,21.2134156238303,21.5620716242451,22.1109689555377,22.7510882084552,23.4077973351116,23.5011563492602,23.1969160385611,22.9638026587173,22.3530045770192,22.2030310671328,21.3427036684865,19.9243521205848,,,,Argentina,CO2
GEM-E3_V2021,EN_INDCi2030_1400f,ARG,Emissions|CO2|Energy|Demand|Residential and Commercial|Residential,Mt CO2/yr,,,,,,,,,,,,5.58592949045901,,5.33408654619358,,,,,5.59879745570602,5.93127748344384,5.13466508736046,5.02141490755788,4.69266204481163,4.20230479039451,3.82498946865165,3.50889931531146,3.18300813580794,2.31000859580945,1.72016509915131,1.40498956338177,1.13660521669521,0.987628556294839,0.811420363989457,0.620495776639802,,,,Argentina,CO2
GEM-E3_V2021,EN_INDCi2030_1400f,ARG,Emissions|CO2|Energy|Demand|Transportation,Mt CO2/yr,,,,,,,,,,,,53.888205383522,,56.4880685952632,,,,,57.0992483352714,57.4776495019003,54.5035557537232,53.1795627561549,51.4989304198779,48.7115801012918,46.8508747278152,44.1217042850737,41.4018760813772,36.7508776157087,31.4896721701765,27.3271586216542,23.1246712237903,20.6738254569035,17.5917962024026,14.3433586275537,,,,Argentina,CO2
GEM-E3_V2021,EN_INDCi2030_1400f,ARG,Emissions|CO2|Energy|Supply,Mt CO2/yr,,,,,,,,,,,,53.3217510396591,,55.2554495529731,,,,,54.439006385011,48.8236966434039,38.5717391356586,23.5886407212286,22.8746912564685,20.4808947708928,19.1853396287274,17.5880299772179,16.8566551168769,14.5286945982446,8.84506324310744,-7.04384044106461,-27.3660508570967,-37.5895300911108,-55.0217002232433,-58.4018621167816,,,,Argentina,CO2
GEM-E3_V2021,EN_INDCi2030_1400f,ARG,Emissions|CO2|Energy|Supply|Electricity,Mt CO2/yr,,,,,,,,,,,,31.3445278453508,,32.0495737470978,,,,,30.3823416399422,24.8817422124293,17.0989573174687,3.80189232367343,3.83019810762825,2.4376824025954,1.53058643420203,0.423346055849237,0.19816746120676,0.0301738150486144,-3.3694131455882,-17.8757967100999,-37.0172457345754,-46.6861144594804,-63.3608545074329,-65.9270644551369,,,,Argentina,CO2
GEM-E3_V2021,EN_INDCi2030_1400f,ARG,Emissions|CO2|Energy|Supply|Gases,Mt CO2/yr,,,,,,,,,,,,9.11828381440967,,10.0461060119045,,,,,10.4589586782712,10.2814725017072,8.92728331714796,7.64089572598712,7.32205688103525,6.897400466281,6.79632051294021,6.70301932444505,6.58829699065124,5.94818835432743,5.30533746932877,4.90916035974862,4.52716204750985,4.36809730291841,4.0590397044774,3.69501542989128,,,,Argentina,CO2
GEM-E3_V2021,EN_INDCi2030_1400f,ARG,Emissions|CO2|Energy|Supply|Liquids,Mt CO2/yr,,,,,,,,,,,,12.8545610508708,,13.151905191443,,,,,13.5906785558009,13.6539039843457,12.5434454077834,12.144304713267,11.7210304266303,11.1442592028764,10.8569553803557,10.460417226514,10.0690432036477,8.54942741108993,6.90843646296298,5.92221611863224,5.12355687904655,4.7280610572088,4.27974998626149,3.82988693910618,,,,Argentina,CO2
GEM-E3_V2021,EN_INDCi2030_1400f,ARG,Emissions|CO2|Energy|Supply|Solids,Mt CO2/yr,,,,,,,,,,,,0.0043783290278167,,0.0078646025275999,,,,,0.0070275109965503,0.0065779449215221,0.0020530932585415,0.0015479583010624,0.0014058411746382,0.0015526991399839,0.0014773012294584,0.0012473704096642,0.001147461371233,0.0009050177786285,0.0007024564038798,0.0005797906544044,0.0004759509222824,0.0004260082424016,0.0003645934506609,0.0002999693578275,,,,Argentina,CO2
GEM-E3_V2021,EN_INDCi2030_1400f,ARG,Emissions|CO2|Industrial Processes,Mt CO2/yr,,,,,,,,,,,,12.3321515029295,,17.1244494592189,,,,,17.7135470322547,18.7382274697248,18.6620406930477,18.6834854754563,18.7313981378778,18.432240054262,18.4464278339599,18.235280905712,18.000096639802,17.6110908791112,17.2243744689617,16.7151487636828,15.8582032371526,15.4576807376105,14.6625228281889,13.9205539798895,,,,Argentina,CO2
GEM-E3_V2021,EN_INDCi2030_1800,ARG,Emissions|CO2|AFOLU,Mt CO2/yr,,,,,,,,,,,,339.310103218767,,310.860050541125,,,,,277.707220582126,259.446097367338,181.192441120294,93.2723812652261,44.3064819960277,-0.908416842110191,-38.4882213129563,-75.637141758974,-111.21550443212,-146.793867105266,-178.940507436508,-211.08714776775,-233.510060663669,-255.932973559588,-265.851094772805,-275.769215986023,,,,Argentina,CO2
GEM-E3_V2021,EN_INDCi2030_1800,ARG,Emissions|CO2|Energy and Industrial Processes,Mt CO2/yr,,,,,,,,,,,,190.743684811423,,204.336799292868,,,,,205.098221372634,203.108464357067,184.471795929764,170.526525764237,167.946160146243,165.142849807997,165.416740992357,163.922774773187,164.808405031683,162.091301205721,158.525630786476,153.879013322015,146.490069446227,123.187369175192,96.465143039734,62.4357960615648,,,,Argentina,CO2
GEM-E3_V2021,EN_INDCi2030_1800,ARG,Emissions|CO2|Energy|Demand,Mt CO2/yr,,,,,,,,,,,,124.918666409286,,131.77101517849,,,,,132.754784321588,135.355210544743,126.840359242278,125.68527504575,124.508918962641,123.173927747632,123.767764263345,123.119350843687,123.556939146243,121.346842241969,118.728111969378,115.381394686513,109.808983109353,89.9045734699518,68.3263446479489,52.2260333958925,,,,Argentina,CO2
GEM-E3_V2021,EN_INDCi2030_1800,ARG,Emissions|CO2|Energy|Demand|AFOFI,Mt CO2/yr,,,,,,,,,,,,14.8692278613726,,18.2393073404573,,,,,19.7694987931586,20.7877240692628,19.7945945372494,20.2088118062359,20.5663280141108,20.8765229953815,20.8892375385545,20.8117230015509,20.7609352624156,20.4285204762647,19.9880937850095,19.545452087252,18.8759183855578,11.015245262071,4.33257124330988,1.55763048961833,,,,Argentina,CO2
GEM-E3_V2021,EN_INDCi2030_1800,ARG,Emissions|CO2|Energy|Demand|Industry,Mt CO2/yr,,,,,,,,,,,,28.7674309412842,,31.5778347649253,,,,,30.415851399401,30.7883076268417,26.5756293661333,25.038304227717,23.7268833087337,22.5356311471642,22.677013880383,22.6514377574455,22.9786274675068,22.3142372737416,21.4516224561667,20.2018642993649,18.399840957834,12.0188995430949,6.12163246670774,3.00438784182422,,,,Argentina,CO2
GEM-E3_V2021,EN_INDCi2030_1800,ARG,Emissions|CO2|Energy|Demand|Residential and Commercial,Mt CO2/yr,,,,,,,,,,,,27.3938022231078,,25.4658044778445,,,,,25.4701857937577,26.3015293467385,25.5532176370022,26.3358749421517,26.9612802604811,27.6479494477645,28.5423455883284,29.4766320601264,30.6333336741029,31.2643095701937,31.9106727766597,32.4378976448394,32.4551390635632,31.2668638690642,29.0475059300377,25.9909189083821,,,,Argentina,CO2
GEM-E3_V2021,EN_INDCi2030_1800,ARG,Emissions|CO2|Energy|Demand|Residential and Commercial|Commercial,Mt CO2/yr,,,,,,,,,,,,21.8078727326487,,20.1317179316509,,,,,19.8713883380517,20.3702518632947,20.2827280823876,21.031646616692,21.7785599790651,22.5968657195371,23.6091445878139,24.6741184454762,25.8991187064133,26.8549267839057,27.7930458793226,28.6599890683655,29.1922935949323,28.983504406285,27.5345646469735,24.9892841493761,,,,Argentina,CO2
GEM-E3_V2021,EN_INDCi2030_1800,ARG,Emissions|CO2|Energy|Demand|Residential and Commercial|Residential,Mt CO2/yr,,,,,,,,,,,,5.58592949045901,,5.33408654619358,,,,,5.59879745570602,5.93127748344384,5.27048955461451,5.30422832545975,5.18272028141596,5.05108372822735,4.93320100051449,4.80251361465024,4.73421496768963,4.40938278628796,4.11762689733711,3.77790857647387,3.26284546863089,2.28335946277921,1.51294128306422,1.00163475900603,,,,Argentina,CO2
GEM-E3_V2021,EN_INDCi2030_1800,ARG,Emissions|CO2|Energy|Demand|Transportation,Mt CO2/yr,,,,,,,,,,,,53.888205383522,,56.4880685952632,,,,,57.0992483352714,57.4776495019003,54.9169177018933,54.1022840696459,53.2544273793158,52.1138241573221,51.6591672560798,50.1795580245648,49.1840427422181,47.3397749217691,45.3777229515419,43.1961806550567,40.0780847023986,35.6035647957216,28.8246350078935,21.6730961560678,,,,Argentina,CO2
GEM-E3_V2021,EN_INDCi2030_1800,ARG,Emissions|CO2|Energy|Supply,Mt CO2/yr,,,,,,,,,,,,53.3217510396591,,55.2554495529731,,,,,54.439006385011,48.8236966434039,38.6425463765512,25.6403098129857,23.8603312077966,22.0772071622326,21.3117971153072,20.2743337050089,20.3737763911062,19.9885375673242,19.4840933685407,18.8223065379825,18.0019464961162,15.2114860507448,10.8331212852522,-5.7534334587585,,,,Argentina,CO2
GEM-E3_V2021,EN_INDCi2030_1800,ARG,Emissions|CO2|Energy|Supply|Electricity,Mt CO2/yr,,,,,,,,,,,,31.3445278453508,,32.0495737470978,,,,,30.3823416399422,24.8817422124293,16.9105019531327,5.19449949160593,3.85433953593437,2.33904097206508,1.40269975367252,0.391808760276649,0.180804182711719,0.0816793201328218,0.0337380401979181,0.0143822270475722,0.0001198360586739,0.0001458115665751,-1.37677233861681,-15.6969769233657,,,,Argentina,CO2
GEM-E3_V2021,EN_INDCi2030_1800,ARG,Emissions|CO2|Energy|Supply|Gases,Mt CO2/yr,,,,,,,,,,,,9.11828381440967,,10.0461060119045,,,,,10.4589586782712,10.2814725017072,9.07016364542544,8.05983850679745,7.8574087757779,7.82743939813608,8.02529911071531,8.18162003366259,8.59333707185079,8.59463908207201,8.45291761650083,8.17780277854865,7.87683231521237,6.99341517117961,5.92246332004169,4.97362399686959,,,,Argentina,CO2
GEM-E3_V2021,EN_INDCi2030_1800,ARG,Emissions|CO2|Energy|Supply|Liquids,Mt CO2/yr,,,,,,,,,,,,12.8545610508708,,13.151905191443,,,,,13.5906785558009,13.6539039843457,12.6597504339387,12.3843183560011,12.1470285836532,11.9089426089991,11.882036687908,11.6993371949711,11.5980993918297,11.3107546064495,10.9960280353403,10.6287719022202,10.1237460692563,8.21694988992601,6.28675150951539,4.9694455955711,,,,Argentina,CO2
GEM-E3_V2021,EN_INDCi2030_1800,ARG,Emissions|CO2|Energy|Supply|Solids,Mt CO2/yr,,,,,,,,,,,,0.0043783290278167,,0.0078646025275999,,,,,0.0070275109965503,0.0065779449215221,0.0021303440542479,0.0016534585812243,0.0015543124311604,0.0017841830323131,0.0017615630113041,0.0015677160986089,0.0015357447140213,0.0014645586699347,0.0014096765016273,0.0013496301660453,0.0012482755888926,0.0009751780726341,0.0006787943119443,0.0004738721665486,,,,Argentina,CO2
GEM-E3_V2021,EN_INDCi2030_1800,ARG,Emissions|CO2|Industrial Processes,Mt CO2/yr,,,,,,,,,,,,12.3321515029295,,17.1244494592189,,,,,17.7135470322547,18.7382274697248,18.8288207105126,19.0472354175611,19.4325706057795,19.7564984273341,20.2097917668449,20.4093846687154,20.7634090853492,20.6527085909639,20.219880864916,19.5918958662403,18.6089245598091,18.0138329403862,17.2642007928387,15.9352866396372,,,,Argentina,CO2
GEM-E3_V2021,EN_INDCi2030_1800f,ARG,Emissions|CO2|AFOLU,Mt CO2/yr,,,,,,,,,,,,339.310103218767,,310.860050541125,,,,,277.707220582126,259.446097367338,181.192441120294,93.2723812652261,44.3064819960277,-0.908416842110191,-38.4882213129563,-75.637141758974,-111.21550443212,-146.793867105266,-178.940507436508,-211.08714776775,-233.510060663669,-255.932973559588,-265.851094772805,-275.769215986023,,,,Argentina,CO2
GEM-E3_V2021,EN_INDCi2030_1800f,ARG,Emissions|CO2|Energy and Industrial Processes,Mt CO2/yr,,,,,,,,,,,,190.743684811423,,204.336799292868,,,,,205.098221372634,203.108464357067,184.471795929764,170.526525764237,167.946160146243,165.142849807997,165.416740992357,163.922774773187,164.808405031683,162.091301205721,158.525630786476,153.879013322015,146.490069446227,123.187369175192,96.465143039734,62.4357960615648,,,,Argentina,CO2
GEM-E3_V2021,EN_INDCi2030_1800f,ARG,Emissions|CO2|Energy|Demand,Mt CO2/yr,,,,,,,,,,,,124.918666409286,,131.77101517849,,,,,132.754784321588,135.355210544743,126.840359242278,125.68527504575,124.508918962641,123.173927747632,123.767764263345,123.119350843687,123.556939146243,121.346842241969,118.728111969378,115.381394686513,109.808983109353,89.9045734699518,68.3263446479489,52.2260333958925,,,,Argentina,CO2
GEM-E3_V2021,EN_INDCi2030_1800f,ARG,Emissions|CO2|Energy|Demand|AFOFI,Mt CO2/yr,,,,,,,,,,,,14.8692278613726,,18.2393073404573,,,,,19.7694987931586,20.7877240692628,19.7945945372494,20.2088118062359,20.5663280141108,20.8765229953815,20.8892375385545,20.8117230015509,20.7609352624156,20.4285204762647,19.9880937850095,19.545452087252,18.8759183855578,11.015245262071,4.33257124330988,1.55763048961833,,,,Argentina,CO2
GEM-E3_V2021,EN_INDCi2030_1800f,ARG,Emissions|CO2|Energy|Demand|Industry,Mt CO2/yr,,,,,,,,,,,,28.7674309412842,,31.5778347649253,,,,,30.415851399401,30.7883076268417,26.5756293661333,25.038304227717,23.7268833087337,22.5356311471642,22.677013880383,22.6514377574455,22.9786274675068,22.3142372737416,21.4516224561667,20.2018642993649,18.399840957834,12.0188995430949,6.12163246670774,3.00438784182422,,,,Argentina,CO2
GEM-E3_V2021,EN_INDCi2030_1800f,ARG,Emissions|CO2|Energy|Demand|Residential and Commercial,Mt CO2/yr,,,,,,,,,,,,27.3938022231078,,25.4658044778445,,,,,25.4701857937577,26.3015293467385,25.5532176370022,26.3358749421517,26.9612802604811,27.6479494477645,28.5423455883284,29.4766320601264,30.6333336741029,31.2643095701937,31.9106727766597,32.4378976448394,32.4551390635632,31.2668638690642,29.0475059300377,25.9909189083821,,,,Argentina,CO2
GEM-E3_V2021,EN_INDCi2030_1800f,ARG,Emissions|CO2|Energy|Demand|Residential and Commercial|Commercial,Mt CO2/yr,,,,,,,,,,,,21.8078727326487,,20.1317179316509,,,,,19.8713883380517,20.3702518632947,20.2827280823876,21.031646616692,21.7785599790651,22.5968657195371,23.6091445878139,24.6741184454762,25.8991187064133,26.8549267839057,27.7930458793226,28.6599890683655,29.1922935949323,28.983504406285,27.5345646469735,24.9892841493761,,,,Argentina,CO2
GEM-E3_V2021,EN_INDCi2030_1800f,ARG,Emissions|CO2|Energy|Demand|Residential and Commercial|Residential,Mt CO2/yr,,,,,,,,,,,,5.58592949045901,,5.33408654619358,,,,,5.59879745570602,5.93127748344384,5.27048955461451,5.30422832545975,5.18272028141596,5.05108372822735,4.93320100051449,4.80251361465024,4.73421496768963,4.40938278628796,4.11762689733711,3.77790857647387,3.26284546863089,2.28335946277921,1.51294128306422,1.00163475900603,,,,Argentina,CO2
GEM-E3_V2021,EN_INDCi2030_1800f,ARG,Emissions|CO2|Energy|Demand|Transportation,Mt CO2/yr,,,,,,,,,,,,53.888205383522,,56.4880685952632,,,,,57.0992483352714,57.4776495019003,54.9169177018933,54.1022840696459,53.2544273793158,52.1138241573221,51.6591672560798,50.1795580245648,49.1840427422181,47.3397749217691,45.3777229515419,43.1961806550567,40.0780847023986,35.6035647957216,28.8246350078935,21.6730961560678,,,,Argentina,CO2
GEM-E3_V2021,EN_INDCi2030_1800f,ARG,Emissions|CO2|Energy|Supply,Mt CO2/yr,,,,,,,,,,,,53.3217510396591,,55.2554495529731,,,,,54.439006385011,48.8236966434039,38.6425463765512,25.6403098129857,23.8603312077966,22.0772071622326,21.3117971153072,20.2743337050089,20.3737763911062,19.9885375673242,19.4840933685407,18.8223065379825,18.0019464961162,15.2114860507448,10.8331212852522,-5.7534334587585,,,,Argentina,CO2
GEM-E3_V2021,EN_INDCi2030_1800f,ARG,Emissions|CO2|Energy|Supply|Electricity,Mt CO2/yr,,,,,,,,,,,,31.3445278453508,,32.0495737470978,,,,,30.3823416399422,24.8817422124293,16.9105019531327,5.19449949160593,3.85433953593437,2.33904097206508,1.40269975367252,0.391808760276649,0.180804182711719,0.0816793201328218,0.0337380401979181,0.0143822270475722,0.0001198360586739,0.0001458115665751,-1.37677233861681,-15.6969769233657,,,,Argentina,CO2
GEM-E3_V2021,EN_INDCi2030_1800f,ARG,Emissions|CO2|Energy|Supply|Gases,Mt CO2/yr,,,,,,,,,,,,9.11828381440967,,10.0461060119045,,,,,10.4589586782712,10.2814725017072,9.07016364542544,8.05983850679745,7.8574087757779,7.82743939813608,8.02529911071531,8.18162003366259,8.59333707185079,8.59463908207201,8.45291761650083,8.17780277854865,7.87683231521237,6.99341517117961,5.92246332004169,4.97362399686959,,,,Argentina,CO2
GEM-E3_V2021,EN_INDCi2030_1800f,ARG,Emissions|CO2|Energy|Supply|Liquids,Mt CO2/yr,,,,,,,,,,,,12.8545610508708,,13.151905191443,,,,,13.5906785558009,13.6539039843457,12.6597504339387,12.3843183560011,12.1470285836532,11.9089426089991,11.882036687908,11.6993371949711,11.5980993918297,11.3107546064495,10.9960280353403,10.6287719022202,10.1237460692563,8.21694988992601,6.28675150951539,4.9694455955711,,,,Argentina,CO2
GEM-E3_V2021,EN_INDCi2030_1800f,ARG,Emissions|CO2|Energy|Supply|Solids,Mt CO2/yr,,,,,,,,,,,,0.0043783290278167,,0.0078646025275999,,,,,0.0070275109965503,0.0065779449215221,0.0021303440542479,0.0016534585812243,0.0015543124311604,0.0017841830323131,0.0017615630113041,0.0015677160986089,0.0015357447140213,0.0014645586699347,0.0014096765016273,0.0013496301660453,0.0012482755888926,0.0009751780726341,0.0006787943119443,0.0004738721665486,,,,Argentina,CO2
GEM-E3_V2021,EN_INDCi2030_1800f,ARG,Emissions|CO2|Industrial Processes,Mt CO2/yr,,,,,,,,,,,,12.3321515029295,,17.1244494592189,,,,,17.7135470322547,18.7382274697248,18.8288207105126,19.0472354175611,19.4325706057795,19.7564984273341,20.2097917668449,20.4093846687154,20.7634090853492,20.6527085909639,20.219880864916,19.5918958662403,18.6089245598091,18.0138329403862,17.2642007928387,15.9352866396372,,,,Argentina,CO2
GEM-E3_V2021,EN_INDCi2030_600f,ARG,Emissions|CO2|AFOLU,Mt CO2/yr,,,,,,,,,,,,339.310103218767,,310.860050541125,,,,,277.707220582126,259.446097367338,155.824435411798,72.2115577058511,16.7025703584435,-32.2218595805917,-74.0875265924802,-112.559109381696,-145.343911373776,-178.128713365856,-211.297678665867,-244.466643965878,-277.071970417824,-309.677296869771,-315.379816788997,-321.082336708224,,,,Argentina,CO2
GEM-E3_V2021,EN_INDCi2030_600f,ARG,Emissions|CO2|Energy and Industrial Processes,Mt CO2/yr,,,,,,,,,,,,190.743684811423,,204.336799292868,,,,,205.098221372634,203.108464357067,149.10901979914,127.180185444682,76.5084033811012,53.2573876094711,42.2367637750384,38.511670720868,34.8490576774894,30.4560763201973,18.1800854364785,17.4470201124596,9.07193233660924,7.0027063540212,6.68138162050012,6.65409489169471,,,,Argentina,CO2
GEM-E3_V2021,EN_INDCi2030_600f,ARG,Emissions|CO2|Energy|Demand,Mt CO2/yr,,,,,,,,,,,,124.918666409286,,131.77101517849,,,,,132.754784321588,135.355210544743,111.061794294646,95.3037142154252,52.7919081064562,33.0443382740641,23.8506117657662,20.8860351436728,18.1672112722814,16.4336209877776,15.1261783883557,14.3163196026423,13.6116527079793,13.0130742186497,12.5072702063121,12.1394768323279,,,,Argentina,CO2
GEM-E3_V2021,EN_INDCi2030_600f,ARG,Emissions|CO2|Energy|Demand|AFOFI,Mt CO2/yr,,,,,,,,,,,,14.8692278613726,,18.2393073404573,,,,,19.7694987931586,20.7877240692628,17.7972214303686,16.7885329347276,4.92221837850107,1.09343735132065,0.355644727844985,0.217068362745484,0.132530164668293,0.0893441026153136,0.0643965680977649,0.050978826993953,0.0413979390311272,0.0315426952294899,0.0240750518733533,0.0197764349764051,,,,Argentina,CO2
GEM-E3_V2021,EN_INDCi2030_600f,ARG,Emissions|CO2|Energy|Demand|Industry,Mt CO2/yr,,,,,,,,,,,,28.7674309412842,,31.5778347649253,,,,,30.415851399401,30.7883076268417,20.5950695130558,14.8473637585886,4.38542675132124,1.49750622070039,0.79413731830632,0.619196359294609,0.48233081603053,0.398818947922951,0.344073199075572,0.308390844710721,0.280818319026406,0.250644994922387,0.225478655429332,0.209936437123173,,,,Argentina,CO2
GEM-E3_V2021,EN_INDCi2030_600f,ARG,Emissions|CO2|Energy|Demand|Residential and Commercial,Mt CO2/yr,,,,,,,,,,,,27.3938022231078,,25.4658044778445,,,,,25.4701857937577,26.3015293467385,22.9359899741521,20.8574651649353,16.6873194903949,14.0534189755295,11.949834020388,11.3160121828475,10.5208984325795,9.97369231740576,9.49819244080322,9.20016392615208,8.89784718918296,8.64233238550625,8.41095466860115,8.2226753314734,,,,Argentina,CO2
GEM-E3_V2021,EN_INDCi2030_600f,ARG,Emissions|CO2|Energy|Demand|Residential and Commercial|Commercial,Mt CO2/yr,,,,,,,,,,,,21.8078727326487,,20.1317179316509,,,,,19.8713883380517,20.3702518632947,18.9994219408373,18.154883890537,15.6333225743001,13.4613578845776,11.5672596384921,10.9905637866067,10.245098419145,9.72899933276916,9.27537152754025,8.99050921162828,8.69902307531117,8.45578110812419,8.23528667286654,8.05391491161357,,,,Argentina,CO2
GEM-E3_V2021,EN_INDCi2030_600f,ARG,Emissions|CO2|Energy|Demand|Residential and Commercial|Residential,Mt CO2/yr,,,,,,,,,,,,5.58592949045901,,5.33408654619358,,,,,5.59879745570602,5.93127748344384,3.93656803331484,2.70258127439825,1.05399691609479,0.592061090951869,0.382574381895945,0.325448396240858,0.275800013434493,0.244692984636596,0.22282091326297,0.209654714523796,0.19882411387179,0.186551277382062,0.175667995734602,0.168760419859822,,,,Argentina,CO2
GEM-E3_V2021,EN_INDCi2030_600f,ARG,Emissions|CO2|Energy|Demand|Transportation,Mt CO2/yr,,,,,,,,,,,,53.888205383522,,56.4880685952632,,,,,57.0992483352714,57.4776495019003,49.7335133770701,42.8103523571736,26.7969434862389,16.3999757265135,10.7509956992268,8.73375823878518,7.03145185900314,5.97176561983365,5.21951618037913,4.75678600478557,4.39158926073883,4.08855414299162,3.84676183040828,3.68708862875498,,,,Argentina,CO2
GEM-E3_V2021,EN_INDCi2030_600f,ARG,Emissions|CO2|Energy|Supply,Mt CO2/yr,,,,,,,,,,,,53.3217510396591,,55.2554495529731,,,,,54.439006385011,48.8236966434039,21.5633629969739,16.7904671014854,9.79557485894388,6.9812760842785,5.63221413581762,4.92975973465801,4.32117547089203,1.94038450354182,-8.69649354432555,-8.21042254631194,-15.3415054030368,-16.4860109601135,-16.003788387142,-15.2402685738871,,,,Argentina,CO2
GEM-E3_V2021,EN_INDCi2030_600f,ARG,Emissions|CO2|Energy|Supply|Electricity,Mt CO2/yr,,,,,,,,,,,,31.3445278453508,,32.0495737470978,,,,,30.3823416399422,24.8817422124293,3.72028645168684,1.8753349752732,0.831135133820404,0.704428711340675,0.614329086169624,0.342834762372407,0.127987430784683,-2.01516363456801,-12.4787284937928,-11.9136012796199,-18.9936733266655,-20.1103285625631,-19.6196733700384,-18.8682603825178,,,,Argentina,CO2
GEM-E3_V2021,EN_INDCi2030_600f,ARG,Emissions|CO2|Energy|Supply|Gases,Mt CO2/yr,,,,,,,,,,,,9.11828381440967,,10.0461060119045,,,,,10.4589586782712,10.2814725017072,6.61902051825246,5.25936712070888,3.45381295343054,2.67359978021044,2.21174583212879,2.03435851167278,1.83994628545215,1.70936028426672,1.60738539199164,1.54603367986918,1.49400630394823,1.45775313299381,1.42720097179925,1.39965311502473,,,,Argentina,CO2
GEM-E3_V2021,EN_INDCi2030_600f,ARG,Emissions|CO2|Energy|Supply|Liquids,Mt CO2/yr,,,,,,,,,,,,12.8545610508708,,13.151905191443,,,,,13.5906785558009,13.6539039843457,11.222827547252,9.65484683936848,5.51018815355948,3.60301229866428,2.80598646975701,2.55243786975148,2.35313320014168,2.24609064035675,2.17475964858447,2.1570582881828,2.1580767560224,2.16648089546048,2.1886008268507,2.228254532876,,,,Argentina,CO2
GEM-E3_V2021,EN_INDCi2030_600f,ARG,Emissions|CO2|Energy|Supply|Solids,Mt CO2/yr,,,,,,,,,,,,0.0043783290278167,,0.0078646025275999,,,,,0.0070275109965503,0.0065779449215221,0.0012284797825809,0.0009181661348464,0.0004386181334486,0.0002352940631004,0.0001527477621803,0.0001285908613345,0.0001085545135223,9.721348635959e-05,8.99088912120155e-05,8.67652560330585e-05,8.48636580775204e-05,8.35739952684578e-05,8.3184246466124e-05,8.41607299591121e-05,,,,Argentina,CO2
GEM-E3_V2021,EN_INDCi2030_600f,ARG,Emissions|CO2|Industrial Processes,Mt CO2/yr,,,,,,,,,,,,12.3321515029295,,17.1244494592189,,,,,17.7135470322547,18.7382274697248,16.3660647779237,15.008880823932,13.883359515734,13.2102515008002,12.7406178847131,12.685019602197,12.351902650481,12.0746393814473,11.7439350152632,11.3352870210471,10.7964709708391,10.4708582243055,10.173574554712,9.75088302699333,,,,Argentina,CO2
GEM-E3_V2021,EN_INDCi2030_600f_COV,ARG,Emissions|CO2|AFOLU,Mt CO2/yr,,,,,,,,,,,,339.310103218767,,310.78538490985,,,,,301.906115018953,291.45329799032,190.833859599514,107.070748753666,44.3445263100266,-10.1797273517978,-56.8223439253404,-99.0404228241099,-132.952726276555,-166.865029729,-201.578651067889,-236.292272406778,-270.479873280138,-304.667474153497,-311.520626232004,-318.37377831051,,,,Argentina,CO2
GEM-E3_V2021,EN_INDCi2030_600f_COV,ARG,Emissions|CO2|Energy and Industrial Processes,Mt CO2/yr,,,,,,,,,,,,190.743684811423,,170.413163590221,,,,,175.612343795199,178.10316154576,131.481215511739,115.719120138302,74.2137752670345,51.066552968686,40.3121244049611,35.4418623474995,32.2382069528439,27.449372791771,17.2662969996967,16.6005327764917,15.8903912177788,15.2900188672014,14.7595896787814,14.4432080518609,,,,Argentina,CO2
GEM-E3_V2021,EN_INDCi2030_600f_COV,ARG,Emissions|CO2|Energy|Demand,Mt CO2/yr,,,,,,,,,,,,124.918666409286,,110.76451337216,,,,,114.722539757603,117.432894782691,98.7931137765615,87.5969767832365,51.6805876880405,33.1142708831655,23.9867302336892,20.0121604208829,17.5467833019786,15.4826463970232,14.2551309665363,13.4868099689282,12.7897394400003,12.1843095668783,11.6632450488564,11.308359055948,,,,Argentina,CO2
GEM-E3_V2021,EN_INDCi2030_600f_COV,ARG,Emissions|CO2|Energy|Demand|AFOFI,Mt CO2/yr,,,,,,,,,,,,14.8692278613726,,14.6152606381181,,,,,16.1450353456699,17.058677634257,14.9562894807823,14.4114640250648,5.22385288335249,1.32218995825246,0.44423809049471,0.233753761411147,0.147521337173176,0.0928717227953872,0.0673906482201938,0.0535993616517888,0.0426473634309275,0.0322445767277758,0.0244860621402752,0.0201714435844364,,,,Argentina,CO2
GEM-E3_V2021,EN_INDCi2030_600f_COV,ARG,Emissions|CO2|Energy|Demand|Industry,Mt CO2/yr,,,,,,,,,,,,28.7674309412842,,24.09469110429,,,,,23.7459053079732,24.4619921287051,16.8280165383225,12.8318413634698,4.21434559889626,1.49867432857362,0.790310779612468,0.563522627816892,0.446609300894188,0.356176552958021,0.309178148660123,0.279037840779761,0.25308947931639,0.225797082786336,0.203198937645904,0.190417102112226,,,,Argentina,CO2
GEM-E3_V2021,EN_INDCi2030_600f_COV,ARG,Emissions|CO2|Energy|Demand|Residential and Commercial,Mt CO2/yr,,,,,,,,,,,,27.3938022231078,,23.6371234848182,,,,,23.7505481758637,24.4654261953089,21.8644063163109,20.3636309467848,16.4137641073197,13.9445554996321,11.9149499044436,10.9062164062497,10.1837361311871,9.45180785873724,8.99154054383178,8.6975088969435,8.39197435141945,8.1199489780563,7.86737758291284,7.67871488347986,,,,Argentina,CO2
GEM-E3_V2021,EN_INDCi2030_600f_COV,ARG,Emissions|CO2|Energy|Demand|Residential and Commercial|Commercial,Mt CO2/yr,,,,,,,,,,,,21.8078727326487,,18.9712256926773,,,,,18.7356597394891,19.1184104450076,18.1682248002045,17.6634784854314,15.3510889650056,13.3416778990266,11.5228408669626,10.5927363648625,9.91391957825851,9.21818762065438,8.77756434205344,8.49530022666329,8.20063154935894,7.94043975763702,7.69831794576223,7.51587101536402,,,,Argentina,CO2
GEM-E3_V2021,EN_INDCi2030_600f_COV,ARG,Emissions|CO2|Energy|Demand|Residential and Commercial|Residential,Mt CO2/yr,,,,,,,,,,,,5.58592949045901,,4.6658977921409,,,,,5.01488843637453,5.34701575030132,3.69618151610637,2.70015246135338,1.0626751423141,0.602877600605511,0.392109037480973,0.31348004138719,0.269816552928649,0.233620238082852,0.213976201778335,0.202208670280206,0.191342802060505,0.179509220419283,0.169059637150613,0.162843868115842,,,,Argentina,CO2
GEM-E3_V2021,EN_INDCi2030_600f_COV,ARG,Emissions|CO2|Energy|Demand|Transportation,Mt CO2/yr,,,,,,,,,,,,53.888205383522,,48.4174381449337,,,,,51.0810509280966,51.4467988244204,45.1444014411457,39.990040447917,25.828625098472,16.3488510967073,10.8372314591383,8.30866762540518,6.7689165327241,5.58179026253258,4.88702162582421,4.45666386955315,4.10202824583362,3.80631892930797,3.56818246615746,3.41905562677147,,,,Argentina,CO2
GEM-E3_V2021,EN_INDCi2030_600f_COV,ARG,Emissions|CO2|Energy|Supply,Mt CO2/yr,,,,,,,,,,,,53.3217510396591,,46.1483795726385,,,,,46.5229581519643,45.2531421747911,19.0437355837695,15.249170213322,10.8102460027386,6.71316073503856,5.41241576352093,4.62666246680598,4.07928958595249,1.5946603078981,-7.1364383866425,-6.74342798264471,-6.37237455836656,-6.13418866846616,-5.92315669417182,-5.56512933251739,,,,Argentina,CO2
GEM-E3_V2021,EN_INDCi2030_600f_COV,ARG,Emissions|CO2|Energy|Supply|Electricity,Mt CO2/yr,,,,,,,,,,,,31.3445278453508,,26.7995849981411,,,,,25.9082163798731,24.5442511757468,3.19034288482797,1.54296447974825,2.15953843549265,0.599842897091018,0.532333388276152,0.31250320013392,0.117337450013111,-2.07735662490987,-10.6486343737122,-10.1786070316207,-9.75279382769887,-9.48078311045955,-9.252839412129,-8.90286056058213,,,,Argentina,CO2
GEM-E3_V2021,EN_INDCi2030_600f_COV,ARG,Emissions|CO2|Energy|Supply|Gases,Mt CO2/yr,,,,,,,,,,,,9.11828381440967,,8.50471228805806,,,,,8.99542322168023,8.9657671153589,6.02710858539426,5.00905661285441,3.40896500273745,2.63871282243826,2.18930388331993,1.95101978164971,1.77656267939359,1.61445044056391,1.52038797198499,1.46059169458949,1.40915713612393,1.37041734334885,1.33598556057995,1.30857616551908,,,,Argentina,CO2
GEM-E3_V2021,EN_INDCi2030_600f_COV,ARG,Emissions|CO2|Energy|Supply|Liquids,Mt CO2/yr,,,,,,,,,,,,12.8545610508708,,10.8373973835949,,,,,11.613214058102,11.7354976842167,9.82515013056972,8.6962691101111,5.24130246464459,3.47436157301334,2.69062039947705,2.36301481182401,2.18528322064343,2.05747422575628,1.9917226687353,1.97450504042488,1.97118195383396,1.97609845101576,1.99361920337844,2.02907627113639,,,,Argentina,CO2
GEM-E3_V2021,EN_INDCi2030_600f_COV,ARG,Emissions|CO2|Energy|Supply|Solids,Mt CO2/yr,,,,,,,,,,,,0.0043783290278167,,0.0066849028443908,,,,,0.0061044923087869,0.0076261994685508,0.0011339829776211,0.0008800106082203,0.0004400998639021,0.0002434424959369,0.0001580924477939,0.0001246731983332,0.0001062359023561,9.22664877725491e-05,8.53463494243885e-05,8.23139616457085e-05,8.01793744237746e-05,7.86476287761291e-05,7.79539987696016e-05,7.87914092602132e-05,,,,Argentina,CO2
GEM-E3_V2021,EN_INDCi2030_600f_COV,ARG,Emissions|CO2|Industrial Processes,Mt CO2/yr,,,,,,,,,,,,12.3321515029295,,13.3460998558144,,,,,14.2040804564466,15.2530732233881,13.5395923439052,12.7999737991059,11.6874291340297,11.2182502727416,10.8999057466027,10.7930562514155,10.603941127401,10.3653216179492,10.1417069239313,9.85180776150235,9.46817855264701,9.23553884255259,9.01556530855489,8.69632667699641,,,,Argentina,CO2
GEM-E3_V2021,EN_INDCi2030_600f_COV_NDCp,ARG,Emissions|CO2|AFOLU,Mt CO2/yr,,,,,,,,,,,,339.310103218767,,310.78538490985,,,,,310.712405101277,310.502982416617,212.270551542938,127.786262085819,60.2141261138535,2.14284714941166,-47.405074779264,-91.2625479420481,-126.868052786978,-162.473557631908,-197.909878469348,-233.346199306788,-268.201499179186,-303.056799051585,-310.215969061953,-317.375139072322,,,,Argentina,CO2
GEM-E3_V2021,EN_INDCi2030_600f_COV_NDCp,ARG,Emissions|CO2|Energy and Industrial Processes,Mt CO2/yr,,,,,,,,,,,,190.743684811423,,170.413163425536,,,,,175.734414940102,176.498319803668,132.248394202125,116.405908851339,79.685341802048,53.4643811800713,41.8217606460495,36.1801725585632,32.6488465475074,28.2528038611944,17.8018513482033,17.0715856043661,16.3487045546603,15.7545936727069,15.2362134310458,14.8902777415758,,,,Argentina,CO2
GEM-E3_V2021,EN_INDCi2030_600f_COV_NDCp,ARG,Emissions|CO2|Energy|Demand,Mt CO2/yr,,,,,,,,,,,,124.918666409286,,110.764513262149,,,,,114.780462712506,117.484373610687,99.3792096888724,88.1320339036566,56.3884096683115,35.0961330372735,25.1949454410099,20.5642315367997,17.8521406547752,15.9413897681224,14.6405935375573,13.8262032989624,13.1203235179223,12.5175971527281,12.0046949297659,11.6287331064871,,,,Argentina,CO2
GEM-E3_V2021,EN_INDCi2030_600f_COV_NDCp,ARG,Emissions|CO2|Energy|Demand|AFOFI,Mt CO2/yr,,,,,,,,,,,,14.8692278613726,,14.615260595953,,,,,16.1482541477427,17.0647284427288,15.020724885862,14.4599718443772,6.45715791891378,1.57676394767008,0.517711073221223,0.253866176784456,0.155137546743466,0.101202314260929,0.0727802409142141,0.057511331868238,0.0457933610933535,0.0347248844793519,0.0264653795223002,0.0217173606540261,,,,Argentina,CO2
GEM-E3_V2021,EN_INDCi2030_600f_COV_NDCp,ARG,Emissions|CO2|Energy|Demand|Industry,Mt CO2/yr,,,,,,,,,,,,28.7674309412842,,24.0946910645271,,,,,23.7906974886921,24.4964883615712,17.0292072213004,12.9887500248585,5.02368744905691,1.68605992048557,0.866477573186781,0.590794882088668,0.459189359136471,0.372998951010139,0.321993839928923,0.28946783264014,0.262480377748404,0.234427081447651,0.211244703556993,0.197567669793175,,,,Argentina,CO2
GEM-E3_V2021,EN_INDCi2030_600f_COV_NDCp,ARG,Emissions|CO2|Energy|Demand|Residential and Commercial,Mt CO2/yr,,,,,,,,,,,,27.3938022231078,,23.6371234734048,,,,,23.7535784748326,24.4778013424533,21.975749575418,20.4578480151553,17.0379651600552,14.3762438514389,12.2902425999717,11.1136278921071,10.3128292227122,9.67296942830732,9.19138816269075,8.88251379903582,8.58007103819403,8.31683328743852,8.07528859457267,7.87744475831946,,,,Argentina,CO2
GEM-E3_V2021,EN_INDCi2030_600f_COV_NDCp,ARG,Emissions|CO2|Energy|Demand|Residential and Commercial|Commercial,Mt CO2/yr,,,,,,,,,,,,21.8078727326487,,18.9712256829931,,,,,18.7382174255415,19.1275250167424,18.2217196626316,17.7146309717109,15.8301660540368,13.7233208059343,11.8715609559635,10.7892954568316,10.0375448218678,9.4315432128847,8.97126315325666,8.67515217400869,8.38395747218757,8.13281435494336,7.90191984508847,7.71076438095842,,,,Argentina,CO2
GEM-E3_V2021,EN_INDCi2030_600f_COV_NDCp,ARG,Emissions|CO2|Energy|Demand|Residential and Commercial|Residential,Mt CO2/yr,,,,,,,,,,,,5.58592949045901,,4.66589779041167,,,,,5.01536104929109,5.35027632571094,3.75402991278644,2.74321704344437,1.2077991060184,0.652923045504605,0.418681644008167,0.324332435275498,0.275284400844369,0.241426215422626,0.220125009434085,0.207361625027122,0.196113566006466,0.184018932495163,0.173368749484201,0.166680377361037,,,,Argentina,CO2
GEM-E3_V2021,EN_INDCi2030_600f_COV_NDCp,ARG,Emissions|CO2|Energy|Demand|Transportation,Mt CO2/yr,,,,,,,,,,,,53.888205383522,,48.417438128264,,,,,51.0879326012386,51.4453554639345,45.3535280062919,40.2254640192655,27.8695991402856,17.4570653176788,11.5205141946301,8.60594258581948,6.92498452618312,5.79421907454401,5.05443129402346,4.59671033541825,4.23197874088653,3.93161189936262,3.69169625211399,3.53200331772047,,,,Argentina,CO2
GEM-E3_V2021,EN_INDCi2030_600f_COV_NDCp,ARG,Emissions|CO2|Energy|Supply,Mt CO2/yr,,,,,,,,,,,,53.3217510396591,,46.1483795335342,,,,,46.5567382358558,43.5648959855135,19.1471396684601,15.3338545432796,11.381369581428,6.99179112646949,5.59352759374589,4.74589341533198,4.14248071348334,1.86239943976965,-7.05468683172846,-6.67405690855557,-6.3059376165825,-6.06756505546759,-5.85557163864677,-5.50305588335302,,,,Argentina,CO2
GEM-E3_V2021,EN_INDCi2030_600f_COV_NDCp,ARG,Emissions|CO2|Energy|Supply|Electricity,Mt CO2/yr,,,,,,,,,,,,31.3445278453508,,26.7995849743511,,,,,25.9218737006423,22.7727382835583,3.17887485040127,1.53613820250201,2.07872490134393,0.600985377214917,0.538672855598791,0.348341912187433,0.131588675105059,-1.88132235167291,-10.6273188560399,-10.1609364661665,-9.73556497219474,-9.46389709686885,-9.23615567026889,-8.88859853861063,,,,Argentina,CO2
GEM-E3_V2021,EN_INDCi2030_600f_COV_NDCp,ARG,Emissions|CO2|Energy|Supply|Gases,Mt CO2/yr,,,,,,,,,,,,9.11828381440967,,8.50471228159413,,,,,9.00188738122788,9.03135612611394,6.08845634443954,5.05119170508747,3.60764054765858,2.73783392175052,2.26456231796972,1.9913706583276,1.80248729625978,1.65497800685423,1.55585669049401,1.49111966191421,1.4384958372255,1.40075230097128,1.36770307632292,1.33868036738651,,,,Argentina,CO2
GEM-E3_V2021,EN_INDCi2030_600f_COV_NDCp,ARG,Emissions|CO2|Energy|Supply|Liquids,Mt CO2/yr,,,,,,,,,,,,12.8545610508708,,10.8373973747434,,,,,11.626863493424,11.7548713767391,9.87865739477644,8.74563431687043,5.69451064818206,3.65270808516253,2.79012349566092,2.40605163419942,2.20829612438939,2.08864819479229,2.01668729117789,1.99567524425482,1.99104908421653,1.99549883140288,2.01280068366361,2.04678128894445,,,,Argentina,CO2
GEM-E3_V2021,EN_INDCi2030_600f_COV_NDCp,ARG,Emissions|CO2|Energy|Supply|Solids,Mt CO2/yr,,,,,,,,,,,,0.0043783290278167,,0.0066849028454289,,,,,0.0061136605616264,0.005930199102068,0.001151078842906,0.0008903188197197,0.0004934842434906,0.000263742341526,0.0001689245164467,0.0001292106175221,0.0001086177291039,9.55897960381628e-05,8.80426396074306e-05,8.46514419387219e-05,8.2434170205284e-05,8.0909027084203e-05,8.02716355790402e-05,8.0998926635247e-05,,,,Argentina,CO2
GEM-E3_V2021,EN_INDCi2030_600f_COV_NDCp,ARG,Emissions|CO2|Industrial Processes,Mt CO2/yr,,,,,,,,,,,,12.3321515029295,,13.3460998404146,,,,,14.2344956567251,15.2850223213697,13.6155458664159,12.8658154756974,11.8760130968757,11.3538951588884,11.019295882131,10.8596912671363,10.6458467554931,10.4420087272884,10.209844393048,9.91392945405541,9.52931908982197,9.30006116104441,9.08302076594459,8.76083201490201,,,,Argentina,CO2
GEM-E3_V2021,EN_INDCi2030_600f_NDCp,ARG,Emissions|CO2|AFOLU,Mt CO2/yr,,,,,,,,,,,,339.310103218767,,310.860050541125,,,,,310.756780305298,310.571613711281,207.165082276297,123.550435184091,57.7153183311387,0.614020599809126,-49.6375623737442,-94.9866650190057,-130.454929359924,-165.923193700842,-200.359339027916,-234.79548435499,-269.179068104877,-303.562651854764,-319.393109990584,-335.223568126405,,,,Argentina,CO2
GEM-E3_V2021,EN_INDCi2030_600f_NDCp,ARG,Emissions|CO2|Energy and Industrial Processes,Mt CO2/yr,,,,,,,,,,,,190.743684811423,,204.336799292868,,,,,205.242953351947,203.143073400138,150.095860379931,130.320369151589,80.6799097393106,55.6898861277154,44.467151405805,39.1363645899794,35.6766420453052,30.2217070675672,18.4386025770764,17.7024202498717,9.32492004733581,8.92181635308156,8.55735151431356,8.47043068819544,,,,Argentina,CO2
GEM-E3_V2021,EN_INDCi2030_600f_NDCp,ARG,Emissions|CO2|Energy|Demand,Mt CO2/yr,,,,,,,,,,,,124.918666409286,,131.77101517849,,,,,132.824527812285,135.472739500043,111.77460071969,97.7661722109847,54.7867235107603,35.0197884651042,25.5949209205572,21.3674409363144,18.7870292500104,16.6353388719968,15.3135219962459,14.4972596471737,13.7882037004261,13.1884671240902,12.6812767671151,12.3149245753427,,,,Argentina,CO2
GEM-E3_V2021,EN_INDCi2030_600f_NDCp,ARG,Emissions|CO2|Energy|Demand|AFOFI,Mt CO2/yr,,,,,,,,,,,,14.8692278613726,,18.2393073404573,,,,,19.7747060441517,20.8157508838042,17.8794113341784,17.0490944582782,5.41995035587798,1.3082533296181,0.44460165199271,0.2321581194242,0.146683644056276,0.0925769098958588,0.0666538089633312,0.0527997404786156,0.0428935662161727,0.0325808180786287,0.0248837358432379,0.0204592327455333,,,,Argentina,CO2
GEM-E3_V2021,EN_INDCi2030_600f_NDCp,ARG,Emissions|CO2|Energy|Demand|Industry,Mt CO2/yr,,,,,,,,,,,,28.7674309412842,,31.5778347649253,,,,,30.4663636833347,30.8538568680456,20.8511279211395,15.591095593862,4.72451091498111,1.67802971483525,0.903033061261317,0.642948180409827,0.509547734394771,0.406315283832638,0.35012707331412,0.313985390074801,0.285927010370055,0.254848713383429,0.229247542118689,0.213533981955231,,,,Argentina,CO2
GEM-E3_V2021,EN_INDCi2030_600f_NDCp,ARG,Emissions|CO2|Energy|Demand|Residential and Commercial,Mt CO2/yr,,,,,,,,,,,,27.3938022231078,,25.4658044778445,,,,,25.4745211382513,26.3133085019143,23.0619748269715,21.2431824145273,16.9577726716678,14.4951652024118,12.5052205150739,11.495057699075,10.7872575801193,10.0651868396651,9.59156963318673,9.29614127960911,8.9963491642847,8.74594967818558,8.51712793998321,8.33203524140972,,,,Argentina,CO2
GEM-E3_V2021,EN_INDCi2030_600f_NDCp,ARG,Emissions|CO2|Energy|Demand|Residential and Commercial|Commercial,Mt CO2/yr,,,,,,,,,,,,21.8078727326487,,20.1317179316509,,,,,19.8750112223923,20.3787429377225,19.0625116849998,18.3618488004272,15.848695020356,13.8542591934869,12.0845184037324,11.1603874864947,10.5000212934585,9.81718333394834,9.36587563404781,9.08381426178854,8.79503232143187,8.5572368419671,8.33946088065822,8.16135872841221,,,,Argentina,CO2
GEM-E3_V2021,EN_INDCi2030_600f_NDCp,ARG,Emissions|CO2|Energy|Demand|Residential and Commercial|Residential,Mt CO2/yr,,,,,,,,,,,,5.58592949045901,,5.33408654619358,,,,,5.59950991585905,5.93456556419176,3.99946314197167,2.88133361410003,1.10907765131186,0.640906008924949,0.420702111341483,0.334670212580297,0.287236286660779,0.2480035057168,0.225693999138921,0.212327017820568,0.20131684285283,0.188712836218478,0.177667059324986,0.170676512997505,,,,Argentina,CO2
GEM-E3_V2021,EN_INDCi2030_600f_NDCp,ARG,Emissions|CO2|Energy|Demand|Transportation,Mt CO2/yr,,,,,,,,,,,,53.888205383522,,56.4880685952632,,,,,57.1089369465478,57.4898232462793,49.9820866374007,43.8827997443171,27.6844895682332,17.5383402182389,11.7420656922293,8.99727693740531,7.34354029144009,6.07125983860319,5.30517148078174,4.83433323701118,4.46303395955518,4.15508791444258,3.91001754917,3.74889611923229,,,,Argentina,CO2
GEM-E3_V2021,EN_INDCi2030_600f_NDCp,ARG,Emissions|CO2|Energy|Supply,Mt CO2/yr,,,,,,,,,,,,53.3217510396591,,55.2554495529731,,,,,54.47859158705,48.6896483036467,21.7360707366979,17.1453618415895,11.8969776980028,7.27547317906779,5.90411919939028,5.00106878709081,4.41658983111176,1.46896477411264,-8.66371066654516,-8.17603982523893,-15.3046186082502,-14.7900776718401,-14.3483040958684,-13.6465838357001,,,,Argentina,CO2
GEM-E3_V2021,EN_INDCi2030_600f_NDCp,ARG,Emissions|CO2|Energy|Supply|Electricity,Mt CO2/yr,,,,,,,,,,,,31.3445278453508,,32.0495737470978,,,,,30.3978654578683,24.7231280590138,3.74995530088011,1.81902799524196,2.61320974935775,0.715599998400929,0.629774737212163,0.33528080822414,0.124963170495376,-2.51613563183443,-12.4761297557452,-11.9066915563255,-18.9835224694056,-18.4408028161577,-17.9903391361413,-17.3008978966614,,,,Argentina,CO2
GEM-E3_V2021,EN_INDCi2030_600f_NDCp,ARG,Emissions|CO2|Energy|Supply|Gases,Mt CO2/yr,,,,,,,,,,,,9.11828381440967,,10.0461060119045,,,,,10.4664063894587,10.2753106228245,6.69781503793839,5.43897161854819,3.57701482286157,2.77656593825556,2.32325529260564,2.07424282455618,1.89213779196904,1.72320445385634,1.62387172183827,1.56100986071371,1.50915872954664,1.47353587784267,1.44319084961781,1.41602072970757,,,,Argentina,CO2
GEM-E3_V2021,EN_INDCi2030_600f_NDCp,ARG,Emissions|CO2|Energy|Supply|Liquids,Mt CO2/yr,,,,,,,,,,,,12.8545610508708,,13.151905191443,,,,,13.6072826312391,13.6846212436076,11.2870538586605,9.88640097020624,5.70629269145241,3.78305245362685,2.95092135138354,2.59141267423907,2.39937562437305,2.2617972336314,2.18845611679872,2.16955383715273,2.16965904902681,2.17710451676756,2.19875984185667,2.23820797773159,,,,Argentina,CO2
GEM-E3_V2021,EN_INDCi2030_600f_NDCp,ARG,Emissions|CO2|Energy|Supply|Solids,Mt CO2/yr,,,,,,,,,,,,0.0043783290278167,,0.0078646025275999,,,,,0.0070371084837691,0.0065883782007208,0.0012465392189051,0.000961257593112,0.0004604343311474,0.0002547887844481,0.0001678181889382,0.0001324800714159,0.0001132442742835,9.87184593204529e-05,9.12505631127424e-05,8.8033220196914e-05,8.60825818517645e-05,8.47497073932947e-05,8.43487983348973e-05,8.53535221559819e-05,,,,Argentina,CO2
GEM-E3_V2021,EN_INDCi2030_600f_NDCp,ARG,Emissions|CO2|Industrial Processes,Mt CO2/yr,,,,,,,,,,,,12.3321515029295,,17.1244494592189,,,,,17.7490132393577,18.7893977692866,16.4654195345792,15.3265328671847,13.9568825491764,13.3713436494685,12.9534053469385,12.7566663046799,12.4638495569489,12.109856547849,11.782226807947,11.3752741147683,10.8359381938575,10.5185706730583,10.219988502905,9.79802483869569,,,,Argentina,CO2
GEM-E3_V2021,EN_INDCi2030_800,ARG,Emissions|CO2|AFOLU,Mt CO2/yr,,,,,,,,,,,,339.310103218767,,310.860050541125,,,,,277.707220582126,259.446097367338,149.741698643812,58.8822915256464,6.55814899746403,-37.0543103712783,-80.331362683433,-117.319790664384,-144.328689050296,-171.337587436208,-196.656359106803,-221.975130777398,-251.534927687788,-281.094724598177,-282.165530926625,-283.236337255074,,,,Argentina,CO2
GEM-E3_V2021,EN_INDCi2030_800,ARG,Emissions|CO2|Energy and Industrial Processes,Mt CO2/yr,,,,,,,,,,,,190.743684811423,,204.336799292868,,,,,205.098221372634,203.108464357067,142.421995680196,105.717913258148,47.0059098559916,35.3469028677178,30.7737356218408,39.4938798082211,42.9141664901869,47.0221876724155,56.2172869729594,61.0220262627747,67.1570830512697,69.6360644316427,70.835414674409,68.3222182030198,,,,Argentina,CO2
GEM-E3_V2021,EN_INDCi2030_800,ARG,Emissions|CO2|Energy|Demand,Mt CO2/yr,,,,,,,,,,,,124.918666409286,,131.77101517849,,,,,132.754784321588,135.355210544743,106.038911391221,77.0578891200482,26.537037781771,18.5655575553007,14.9368730238429,21.5915757394968,24.312753622145,27.4530750556195,34.6521759292151,38.5815280191916,43.7021451763254,45.6708433068872,46.6059455389908,44.7164324845074,,,,Argentina,CO2
GEM-E3_V2021,EN_INDCi2030_800,ARG,Emissions|CO2|Energy|Demand|AFOFI,Mt CO2/yr,,,,,,,,,,,,14.8692278613726,,18.2393073404573,,,,,19.7694987931586,20.7877240692628,17.1844476496502,12.023089585622,0.706103816579191,0.176156639669193,0.0835433082254754,0.249810846161754,0.343594212011291,0.459761812605794,0.879106339626926,1.13157193681089,1.52904138977816,1.51464345893031,1.37107964724023,1.02762483992192,,,,Argentina,CO2
GEM-E3_V2021,EN_INDCi2030_800,ARG,Emissions|CO2|Energy|Demand|Industry,Mt CO2/yr,,,,,,,,,,,,28.7674309412842,,31.5778347649253,,,,,30.415851399401,30.7883076268417,18.890069822579,9.92805295999858,1.17961454089973,0.525118092634309,0.365437305415526,0.670456332341412,0.819181340282743,0.999345003571353,1.56382897525652,1.9019208835146,2.43222629486018,2.55419272380007,2.53271115206762,2.19286289515065,,,,Argentina,CO2
GEM-E3_V2021,EN_INDCi2030_800,ARG,Emissions|CO2|Energy|Demand|Residential and Commercial,Mt CO2/yr,,,,,,,,,,,,27.3938022231078,,25.4658044778445,,,,,25.4701857937577,26.3015293467385,22.0523763893621,18.6740208072806,11.8462878754427,9.77392394409767,8.52799739645256,11.6581326142386,13.068734649883,14.6160482193297,17.4204530807242,19.1537834247138,21.2204291695744,22.517254977291,23.5342151755594,23.5826739469342,,,,Argentina,CO2
GEM-E3_V2021,EN_INDCi2030_800,ARG,Emissions|CO2|Energy|Demand|Residential and Commercial|Commercial,Mt CO2/yr,,,,,,,,,,,,21.8078727326487,,20.1317179316509,,,,,19.8713883380517,20.3702518632947,18.5534287494355,16.9142059963835,11.4315989948214,9.50002606034538,8.31363161055781,11.3119886361792,12.6589682021738,14.1344632534861,16.7594101409711,18.3955830372283,20.3320467975072,21.6002166807267,22.6232782357299,22.7551817734677,,,,Argentina,CO2
GEM-E3_V2021,EN_INDCi2030_800,ARG,Emissions|CO2|Energy|Demand|Residential and Commercial|Residential,Mt CO2/yr,,,,,,,,,,,,5.58592949045901,,5.33408654619358,,,,,5.59879745570602,5.93127748344384,3.49894763992665,1.75981481089704,0.414688880621337,0.27389788375229,0.214365785894749,0.346143978059387,0.409766447709243,0.481584965843583,0.66104293975306,0.758200387485547,0.888382372067254,0.917038296564232,0.91093693982952,0.827492173466439,,,,Argentina,CO2
GEM-E3_V2021,EN_INDCi2030_800,ARG,Emissions|CO2|Energy|Demand|Transportation,Mt CO2/yr,,,,,,,,,,,,53.888205383522,,56.4880685952632,,,,,57.0992483352714,57.4776495019003,47.9120175296302,36.4327257671469,12.8050315488493,8.09035887889953,5.95989501374938,9.01317594675507,10.0812434199679,11.3779200201126,14.7887875336075,16.3942517741522,18.5204483221125,19.0847521468659,19.1679395641235,17.9132708025006,,,,Argentina,CO2
GEM-E3_V2021,EN_INDCi2030_800,ARG,Emissions|CO2|Energy|Supply,Mt CO2/yr,,,,,,,,,,,,53.3217510396591,,55.2554495529731,,,,,54.439006385011,48.8236966434039,20.569302876362,14.4774705713423,8.3197286138072,5.13340892527886,4.41729707605683,5.04868009030185,5.24747822784776,5.66518357026216,6.72267025278454,7.34662648736899,8.15920881912969,8.53396399462316,8.76002527535196,8.56837460917633,,,,Argentina,CO2
GEM-E3_V2021,EN_INDCi2030_800,ARG,Emissions|CO2|Energy|Supply|Electricity,Mt CO2/yr,,,,,,,,,,,,31.3445278453508,,32.0495737470978,,,,,30.3823416399422,24.8817422124293,3.74737240866041,2.26464833219545,3.03732624857222,0.881506770005246,0.674763843191278,0.341459687721067,0.124421059704419,0.0428990500656697,0.0107504642236862,0.0033613127337827,0.0001770816020542,0.0001791088776374,0.000182204688597,0.0001846710984029,,,,Argentina,CO2
GEM-E3_V2021,EN_INDCi2030_800,ARG,Emissions|CO2|Energy|Supply|Gases,Mt CO2/yr,,,,,,,,,,,,9.11828381440967,,10.0461060119045,,,,,10.4589586782712,10.2814725017072,6.07449180549038,4.29720435481023,2.23234393198452,1.8834526661698,1.63346165655688,2.12256636715638,2.33316043487368,2.58932996796047,3.11718855470681,3.44145600105638,3.85411749331991,4.09313511558681,4.26420894312097,4.21737487323968,,,,Argentina,CO2
GEM-E3_V2021,EN_INDCi2030_800,ARG,Emissions|CO2|Energy|Supply|Liquids,Mt CO2/yr,,,,,,,,,,,,12.8545610508708,,13.151905191443,,,,,13.5906785558009,13.6539039843457,10.7463302223322,7.91492409009839,3.04988503430316,2.36834033184672,2.10898718793617,2.58452052037228,2.78973992673968,3.03276877414097,3.59447326992565,3.9015070666097,4.30455130972323,4.44026156671176,4.49523226413265,4.3504313563628,,,,Argentina,CO2
GEM-E3_V2021,EN_INDCi2030_800,ARG,Emissions|CO2|Energy|Supply|Solids,Mt CO2/yr,,,,,,,,,,,,0.0043783290278167,,0.0078646025275999,,,,,0.0070275109965503,0.0065779449215221,0.001108439879075,0.0006937942383069,0.0001733989472898,0.0001091572570944,8.43883725013214e-05,0.0001335150521154,0.0001568065299782,0.0001857780950494,0.0002579639283903,0.0003021069691217,0.0003629344844939,0.0003882034469411,0.000401863409744,0.0003837084754482,,,,Argentina,CO2
GEM-E3_V2021,EN_INDCi2030_800,ARG,Emissions|CO2|Industrial Processes,Mt CO2/yr,,,,,,,,,,,,12.3321515029295,,17.1244494592189,,,,,17.7135470322547,18.7382274697248,15.7093979176423,14.125945644077,12.1338853182838,11.6382808757357,11.4125252923298,12.8420473932247,13.3405269028371,13.8885083060694,14.8217478887191,15.0707683971332,15.269413974744,15.404673431941,15.4435253184226,15.0142664196457,,,,Argentina,CO2
GEM-E3_V2021,EN_INDCi2030_800f,ARG,Emissions|CO2|AFOLU,Mt CO2/yr,,,,,,,,,,,,339.310103218767,,310.860050541125,,,,,277.707220582126,259.446097367338,159.36637995206,74.5690527766716,20.2709769448795,-27.3582292562434,-71.4683313879595,-110.832622898313,-143.534192907967,-176.23576291762,-205.079638807463,-233.923514697307,-263.836996879961,-293.750479062615,-305.059946156159,-316.369413249703,,,,Argentina,CO2
GEM-E3_V2021,EN_INDCi2030_800f,ARG,Emissions|CO2|Energy and Industrial Processes,Mt CO2/yr,,,,,,,,,,,,190.743684811423,,204.336799292868,,,,,205.098221372634,203.108464357067,157.082504779895,141.594158800215,124.173618018218,81.6281383622186,62.3040032050155,55.256246467927,49.5566545673557,44.2271086614631,40.3355242783305,38.329499577475,36.4962419426533,35.3406848541445,34.0788250752204,32.723777750309,,,,Argentina,CO2
GEM-E3_V2021,EN_INDCi2030_800f,ARG,Emissions|CO2|Energy|Demand,Mt CO2/yr,,,,,,,,,,,,124.918666409286,,131.77101517849,,,,,132.754784321588,135.355210544743,116.980530358464,106.277864679888,92.5296083167028,55.3474084874806,39.9917252524226,34.1327413714921,29.5493887990964,25.3115077605566,22.2803563154857,20.9228216172964,19.7676440576511,18.9792527472167,18.1296649021413,17.3313221759514,,,,Argentina,CO2
GEM-E3_V2021,EN_INDCi2030_800f,ARG,Emissions|CO2|Energy|Demand|AFOFI,Mt CO2/yr,,,,,,,,,,,,14.8692278613726,,18.2393073404573,,,,,19.7694987931586,20.7877240692628,18.5336262342739,17.965345179883,17.1949781382855,5.08943346743084,1.80517427391786,1.02881549769081,0.612047580961432,0.33845527703071,0.201665400175368,0.153171141280888,0.117445570945108,0.088730780940334,0.065117508860461,0.0502308467378215,,,,Argentina,CO2
GEM-E3_V2021,EN_INDCi2030_800f,ARG,Emissions|CO2|Energy|Demand|Industry,Mt CO2/yr,,,,,,,,,,,,28.7674309412842,,31.5778347649253,,,,,30.415851399401,30.7883076268417,22.7020697020211,18.2486020909385,13.4429768261664,4.31289725338409,2.15513798425585,1.555322029791,1.15652570145466,0.833407243596529,0.638776971590741,0.554825473466778,0.488066031801627,0.430978518529782,0.376868510876061,0.338298399782058,,,,Argentina,CO2
GEM-E3_V2021,EN_INDCi2030_800f,ARG,Emissions|CO2|Energy|Demand|Residential and Commercial,Mt CO2/yr,,,,,,,,,,,,27.3938022231078,,25.4658044778445,,,,,25.4701857937577,26.3015293467385,24.0077287683612,22.7037936733713,21.1718442940763,17.9561754348674,16.0886981614002,15.4167584946336,14.7037105045201,13.7414043404389,12.8882920719523,12.542166198185,12.192106629575,11.983562170647,11.6833001227925,11.3297085240108,,,,Argentina,CO2
GEM-E3_V2021,EN_INDCi2030_800f,ARG,Emissions|CO2|Energy|Demand|Residential and Commercial|Commercial,Mt CO2/yr,,,,,,,,,,,,21.8078727326487,,20.1317179316509,,,,,19.8713883380517,20.3702518632947,19.5331949180119,19.1555727272502,18.6100595688034,16.7698727508302,15.315040553913,14.7846422879648,14.1805871193972,13.3201486642827,12.5367655722814,12.2203788479065,11.8959821862571,11.7094596423044,11.4316952098532,11.0955990693208,,,,Argentina,CO2
GEM-E3_V2021,EN_INDCi2030_800f,ARG,Emissions|CO2|Energy|Demand|Residential and Commercial|Residential,Mt CO2/yr,,,,,,,,,,,,5.58592949045901,,5.33408654619358,,,,,5.59879745570602,5.93127748344384,4.47453385034928,3.54822094612106,2.56178472527291,1.18630268403719,0.773657607487199,0.632116206668771,0.523123385122904,0.421255676156233,0.351526499670825,0.321787350278457,0.29612444331794,0.274102528342617,0.251604912939256,0.234109454690071,,,,Argentina,CO2
GEM-E3_V2021,EN_INDCi2030_800f,ARG,Emissions|CO2|Energy|Demand|Transportation,Mt CO2/yr,,,,,,,,,,,,53.888205383522,,56.4880685952632,,,,,57.0992483352714,57.4776495019003,51.7371056538079,47.3601237356955,40.7198090581743,27.9889023317982,19.9427148328487,16.1318453493767,13.0771050121602,10.3982408994904,8.55162187176735,7.67265880436373,6.97002582532933,6.47598127709958,6.00437875961233,5.61308440542071,,,,Argentina,CO2
GEM-E3_V2021,EN_INDCi2030_800f,ARG,Emissions|CO2|Energy|Supply,Mt CO2/yr,,,,,,,,,,,,53.3217510396591,,55.2554495529731,,,,,54.439006385011,48.8236966434039,22.8062400602917,18.7851794971744,16.3891890178476,11.6617818487516,8.04086259889532,6.87025319552981,6.03125615589481,5.36166340246881,4.92245996066033,4.72994938484604,4.60220615089803,4.54678023851054,4.48573956000733,4.43383484445691,,,,Argentina,CO2
GEM-E3_V2021,EN_INDCi2030_800f,ARG,Emissions|CO2|Energy|Supply|Electricity,Mt CO2/yr,,,,,,,,,,,,31.3445278453508,,32.0495737470978,,,,,30.3823416399422,24.8817422124293,3.740785174232,1.96275975947262,1.84063298332013,2.21350943271469,0.686804684032351,0.322938246809278,0.121927917064071,0.043374525868486,0.0113467378138177,0.0036188902270231,0.0001954323991201,0.0001992626712698,0.0002035280254731,0.0002050303096028,,,,Argentina,CO2
GEM-E3_V2021,EN_INDCi2030_800f,ARG,Emissions|CO2|Energy|Supply|Gases,Mt CO2/yr,,,,,,,,,,,,9.11828381440967,,10.0461060119045,,,,,10.4589586782712,10.2814725017072,7.29453178884268,6.14166451247212,5.18900406628102,3.72232670878191,3.11990188083097,2.88492385044818,2.66294996454584,2.42016871521175,2.2433528253905,2.13413163455865,2.0560777130635,2.01818628511728,1.96847973775267,1.90936434397476,,,,Argentina,CO2
GEM-E3_V2021,EN_INDCi2030_800f,ARG,Emissions|CO2|Energy|Supply|Liquids,Mt CO2/yr,,,,,,,,,,,,12.8545610508708,,13.151905191443,,,,,13.5906785558009,13.6539039843457,11.769525881993,10.6796297652952,9.35867005950594,5.72547163604994,4.23384712491579,3.66214176450506,3.24617266422455,2.897952200913,2.66761659580113,2.59206348587092,2.54580365699559,2.52826845452541,2.51693316032611,2.52414420866731,,,,Argentina,CO2
GEM-E3_V2021,EN_INDCi2030_800f,ARG,Emissions|CO2|Energy|Supply|Solids,Mt CO2/yr,,,,,,,,,,,,0.0043783290278167,,0.0078646025275999,,,,,0.0070275109965503,0.0065779449215221,0.0013972152240019,0.0011254599344484,0.0008819087405351,0.0004740712051185,0.000308909116203,0.0002493337672864,0.0002056100603418,0.0001679604755698,0.0001438016548725,0.0001353741894401,0.0001293484398182,0.0001262361965702,0.0001231339030782,0.0001212615052309,,,,Argentina,CO2
GEM-E3_V2021,EN_INDCi2030_800f,ARG,Emissions|CO2|Industrial Processes,Mt CO2/yr,,,,,,,,,,,,12.3321515029295,,17.1244494592189,,,,,17.7135470322547,18.7382274697248,17.1612821901631,16.4294267751464,15.1843762627821,14.5773050262022,14.244351079118,14.2317355681687,13.9587497412869,13.5404993794854,13.1219034951269,12.6671732137443,12.1178959066431,11.8070393349626,11.4566693199411,10.9525561383927,,,,Argentina,CO2
GEM-E3_V2021,EN_INDCi2100,ARG,Emissions|CO2|Energy and Industrial Processes,Mt CO2/yr,,,,,,,,,,,,190.743684811423,,204.336799292868,,,,,205.098221372634,203.108464357067,205.122556134438,205.785286905774,211.300024046531,216.893503374797,224.537657285322,233.141163969425,238.249408448582,243.35527295469,247.759183971843,253.35603072982,257.873319900656,261.494033642128,264.225902321854,266.822605845236,,,,Argentina,CO2
GEM-E3_V2021,EN_INDCi2100,ARG,Emissions|CO2|Energy|Demand,Mt CO2/yr,,,,,,,,,,,,124.918666409286,,131.77101517849,,,,,132.754784321588,135.355210544743,138.604838678927,142.814387054865,146.722227158747,150.262198796613,154.491405185277,157.667933945171,160.919197076603,164.176758055823,167.355690534851,170.142099891641,172.901401113604,175.660110465959,178.472470783585,181.342771465044,,,,Argentina,CO2
GEM-E3_V2021,EN_INDCi2100,ARG,Emissions|CO2|Energy|Demand|AFOFI,Mt CO2/yr,,,,,,,,,,,,14.8692278613726,,18.2393073404573,,,,,19.7694987931586,20.7877240692628,21.7999145642695,22.834832239647,23.7306173295543,24.4381515230583,24.5591582994007,24.5386858522333,24.4303217440267,24.2266486094762,23.8416644098584,23.4835856888116,23.0410381708554,22.5282780832886,21.9589132036267,21.360509270217,,,,Argentina,CO2
GEM-E3_V2021,EN_INDCi2100,ARG,Emissions|CO2|Energy|Demand|Industry,Mt CO2/yr,,,,,,,,,,,,28.7674309412842,,31.5778347649253,,,,,30.415851399401,30.7883076268417,31.0559607678228,31.6228452522309,32.2079334961798,32.8346126173844,34.344789157358,35.9618393707121,37.444038249917,38.8148017837632,40.1920855978163,41.0968766038391,42.0078701353286,42.886740163362,43.8066073224512,44.7378484478534,,,,Argentina,CO2
GEM-E3_V2021,EN_INDCi2100,ARG,Emissions|CO2|Energy|Demand|Residential and Commercial,Mt CO2/yr,,,,,,,,,,,,27.3938022231078,,25.4658044778445,,,,,25.4701857937577,26.3015293467385,27.5829487641989,29.3596821537993,31.0084385323965,32.7320238753932,34.6138278318437,36.4758819619445,38.5285696872618,40.7187833707921,42.9757351933255,45.2706833875852,47.6107609469316,50.038634546399,52.5102301855828,55.0283902961232,,,,Argentina,CO2
GEM-E3_V2021,EN_INDCi2100,ARG,Emissions|CO2|Energy|Demand|Residential and Commercial|Commercial,Mt CO2/yr,,,,,,,,,,,,5.58592949045901,,5.33408654619358,,,,,5.59879745570602,5.93127748344384,6.30534158085519,6.74709623315736,7.03836167218787,7.2998006802041,7.4957831800146,7.596230495746,7.74070613456203,7.89391326528868,8.0096774538564,8.08255238817226,8.12332470401017,8.16388957112907,8.17097234267741,8.15238622198231,,,,Argentina,CO2
GEM-E3_V2021,EN_INDCi2100,ARG,Emissions|CO2|Energy|Demand|Residential and Commercial|Residential,Mt CO2/yr,,,,,,,,,,,,21.8078727326487,,20.1317179316509,,,,,19.8713883380517,20.3702518632947,21.2776071833437,22.612585920642,23.9700768602087,25.4322231951891,27.1180446518291,28.8796514661985,30.7878635526997,32.8248701055034,34.9660577394691,37.1881309994129,39.4874362429214,41.8747449752699,44.3392578429053,46.8760040741409,,,,Argentina,CO2
GEM-E3_V2021,EN_INDCi2100,ARG,Emissions|CO2|Energy|Demand|Transportation,Mt CO2/yr,,,,,,,,,,,,53.888205383522,,56.4880685952632,,,,,57.0992483352714,57.4776495019003,58.1660145826366,58.9970274091876,59.7752378006164,60.257410780777,60.9736298966745,60.6915267602816,60.5162673953978,60.4165242917917,60.3462053338515,60.2909542114053,60.2417318604886,60.2064576729095,60.1967200719251,60.2160234508507,,,,Argentina,CO2
GEM-E3_V2021,EN_INDCi2100,ARG,Emissions|CO2|Energy|Supply,Mt CO2/yr,,,,,,,,,,,,53.3217510396591,,55.2554495529731,,,,,54.439006385011,48.8236966434039,46.0786786888633,41.3442157590746,41.7268808981845,42.6735594486409,45.1832820131018,49.6590657685651,50.7671313428925,52.0924116342436,52.8224021724473,55.3147397497114,57.0249125985085,57.7666945343232,57.5618245523265,57.2287566934138,,,,Argentina,CO2
GEM-E3_V2021,EN_INDCi2100,ARG,Emissions|CO2|Energy|Supply|Electricity,Mt CO2/yr,,,,,,,,,,,,31.3445278453508,,32.0495737470978,,,,,30.3823416399422,24.8817422124293,21.9779517414472,17.0200489279385,16.7886290810503,17.121658655489,18.6931970890427,21.9911265978402,22.3674713377103,22.976186464907,23.0639155457037,24.8636021645332,25.9467373598882,26.1418474234156,25.4536842911746,24.6366421190978,,,,Argentina,CO2
GEM-E3_V2021,EN_INDCi2100,ARG,Emissions|CO2|Energy|Supply|Gases,Mt CO2/yr,,,,,,,,,,,,9.11828381440967,,10.0461060119045,,,,,10.4589586782712,10.2814725017072,10.3956880275757,10.4797380674233,10.9528462705865,11.4920971772843,12.2546129479322,13.4311241423156,14.1737839324568,14.9165692873258,15.6014783855614,16.3775866561039,17.0982326327698,17.7429907506118,18.3242410961697,18.9017111163536,,,,Argentina,CO2
GEM-E3_V2021,EN_INDCi2100,ARG,Emissions|CO2|Energy|Supply|Liquids,Mt CO2/yr,,,,,,,,,,,,12.8545610508708,,13.151905191443,,,,,13.5906785558009,13.6539039843457,13.6984707366652,13.8378309634824,13.9788204273371,14.053241465733,14.2290339731248,14.2324677735929,14.2220284931792,14.1960525543003,14.1534881477995,14.0700507511256,13.9764514021822,13.8783070451999,13.7802966743767,13.6867540310947,,,,Argentina,CO2
GEM-E3_V2021,EN_INDCi2100,ARG,Emissions|CO2|Energy|Supply|Solids,Mt CO2/yr,,,,,,,,,,,,0.0043783290278167,,0.0078646025275999,,,,,0.0070275109965503,0.0065779449215221,0.0065681831751649,0.0065978002303023,0.0065851192105143,0.0065621501345246,0.0064380030019172,0.0043472548162152,0.003847579546045,0.003603327710312,0.0035200933826282,0.0035001779486706,0.0034912036681851,0.003549315095766,0.0036024906053486,0.0036494268675948,,,,Argentina,CO2
GEM-E3_V2021,EN_INDCi2100,ARG,Emissions|CO2|Industrial Processes,Mt CO2/yr,,,,,,,,,,,,12.3321515029295,,17.1244494592189,,,,,17.7135470322547,18.7382274697248,20.2466372882172,21.4291807324593,22.652852106,23.7605346806547,24.6671883399485,25.6221214930787,26.3734412248938,26.8982772597943,27.3958238273673,27.7172850035619,27.7689193579788,27.8926988383908,28.0210935139205,28.0848601492199,,,,Argentina,CO2
GEM-E3_V2021,EN_INDCi2100_COV,ARG,Emissions|CO2|AFOLU,Mt CO2/yr,,,,,,,,,,,,339.310103218767,,310.78538490985,,,,,301.906115018953,291.45329799032,235.292900351597,149.64934315161,92.4841211267842,36.8955875165565,-2.73995791640913,-38.5315501468023,-72.714789755618,-106.898029364433,-136.143583995924,-165.389138627415,-189.047950827865,-212.706763028315,-225.758822090571,-238.810881152828,,,,Argentina,CO2
GEM-E3_V2021,EN_INDCi2100_COV,ARG,Emissions|CO2|Energy and Industrial Processes,Mt CO2/yr,,,,,,,,,,,,190.743684811423,,170.413163590221,,,,,175.612343795199,178.10316154576,180.362729840277,181.037173211642,187.583711052134,192.603213891811,199.788935779021,206.149811360824,211.918169703425,217.113101107908,221.619620146456,226.777258370733,231.04481164519,235.681338757394,239.925323409097,243.796552711853,,,,Argentina,CO2
GEM-E3_V2021,EN_INDCi2100_COV,ARG,Emissions|CO2|Energy|Demand,Mt CO2/yr,,,,,,,,,,,,124.918666409286,,110.76451337216,,,,,114.722539757603,117.432894782691,120.269985347695,124.122101906517,127.644741646563,130.845939149296,134.666849059907,137.492209343087,140.509293208767,143.538017988863,146.480975300411,149.112985985201,151.740379271278,154.430411677519,157.172600142946,159.990207026401,,,,Argentina,CO2
GEM-E3_V2021,EN_INDCi2100_COV,ARG,Emissions|CO2|Energy|Demand|AFOFI,Mt CO2/yr,,,,,,,,,,,,14.8692278613726,,14.6152606381181,,,,,16.1450353456699,17.058677634257,17.8787593612693,18.789753853201,19.5338549701152,20.1211987594268,20.240928948835,20.2321171393499,20.1448065172827,19.9638994278383,19.6322936650176,19.3100420259557,18.9252289845835,18.4874591553322,17.9929416231584,17.4656631726683,,,,Argentina,CO2
GEM-E3_V2021,EN_INDCi2100_COV,ARG,Emissions|CO2|Energy|Demand|Industry,Mt CO2/yr,,,,,,,,,,,,28.7674309412842,,24.09469110429,,,,,23.7459053079732,24.4619921287051,24.8117832198157,25.4183361537512,26.0268568313356,26.6486186688915,28.0008836385475,29.3814268739602,30.7699168145632,32.0977004263288,33.3772662644589,34.2778518666079,35.1661730485356,36.0832052103086,37.0281555645657,38.0165316342242,,,,Argentina,CO2
GEM-E3_V2021,EN_INDCi2100_COV,ARG,Emissions|CO2|Energy|Demand|Residential and Commercial,Mt CO2/yr,,,,,,,,,,,,27.3938022231078,,23.6371234848182,,,,,23.7505481758637,24.4654261953089,25.5420194792717,27.1443064375639,28.6065495612332,30.1577549573486,31.8593391589897,33.5817377559906,35.4280825769475,37.3533806330409,39.3783119929544,41.451596523308,43.5896098279964,45.7853582142999,48.0409395543229,50.3310798064228,,,,Argentina,CO2
GEM-E3_V2021,EN_INDCi2100_COV,ARG,Emissions|CO2|Energy|Demand|Residential and Commercial|Commercial,Mt CO2/yr,,,,,,,,,,,,21.8078727326487,,18.9712256926773,,,,,18.7356597394891,19.1184104450076,19.8576070240665,21.0355594638457,22.2281602485267,23.5255123065443,25.027717239571,26.6140127380785,28.3200839331284,30.1262584152971,32.0353484185166,34.0266757493921,36.1004082890891,38.2551776668732,40.4844768263902,42.781686065455,,,,Argentina,CO2
GEM-E3_V2021,EN_INDCi2100_COV,ARG,Emissions|CO2|Energy|Demand|Residential and Commercial|Residential,Mt CO2/yr,,,,,,,,,,,,5.58592949045901,,4.6658977921409,,,,,5.01488843637453,5.34701575030132,5.68441245520518,6.10874697371812,6.37838931270652,6.63224265080434,6.83162191941867,6.96772501791209,7.10799864381907,7.22712221774375,7.34296357443787,7.42492077391597,7.48920153890727,7.5301805474267,7.55646272793272,7.54939374096775,,,,Argentina,CO2
GEM-E3_V2021,EN_INDCi2100_COV,ARG,Emissions|CO2|Energy|Demand|Transportation,Mt CO2/yr,,,,,,,,,,,,53.888205383522,,48.4174381449337,,,,,51.0810509280966,51.4467988244204,52.0374232873389,52.7697054620015,53.4774802838795,53.9183667636299,54.5656973135349,54.2969275737863,54.1664872999736,54.1230375016553,54.0931033779799,54.0734955693297,54.0593674101631,54.0743890975783,54.1105634008991,54.1769324130861,,,,Argentina,CO2
GEM-E3_V2021,EN_INDCi2100_COV,ARG,Emissions|CO2|Energy|Supply,Mt CO2/yr,,,,,,,,,,,,53.3217510396591,,46.1483795726385,,,,,46.5229581519643,45.2531421747911,43.3255321922426,39.0906893063122,40.9939897746422,41.811492590335,44.3614832763517,47.1124794824799,49.1280665586198,50.6869781615698,51.7447718560789,53.915576598645,55.4611038381882,57.1858390902199,58.4926750495138,59.378416366645,,,,Argentina,CO2
GEM-E3_V2021,EN_INDCi2100_COV,ARG,Emissions|CO2|Energy|Supply|Electricity,Mt CO2/yr,,,,,,,,,,,,31.3445278453508,,26.7995849981411,,,,,25.9082163798731,24.5442511757468,22.4256208176432,17.9480182758285,19.1538184617275,19.3970551515442,21.0609636768016,22.8413795319733,24.0875269012616,24.8190051408927,25.2058099825759,26.7030607390718,27.6342131080835,28.7321213924379,29.4354093649482,29.743542886511,,,,Argentina,CO2
GEM-E3_V2021,EN_INDCi2100_COV,ARG,Emissions|CO2|Energy|Supply|Gases,Mt CO2/yr,,,,,,,,,,,,9.11828381440967,,8.50471228805806,,,,,8.99542322168023,8.9657671153589,9.08438845871322,9.15982629146246,9.69848476311586,10.1747065389317,10.8850181413901,11.840105853065,12.5959190292011,13.4259699523597,14.1148754308034,14.8439582947546,15.5230529063474,16.2174916875029,16.8914241303658,17.5381034855975,,,,Argentina,CO2
GEM-E3_V2021,EN_INDCi2100_COV,ARG,Emissions|CO2|Energy|Supply|Liquids,Mt CO2/yr,,,,,,,,,,,,12.8545610508708,,10.8373973835949,,,,,11.613214058102,11.7354976842167,11.8078032443135,11.9750624214909,12.1338598388424,12.2318798594203,12.4077400475047,12.4251473841959,12.4392037946369,12.4378724927208,12.4202828003208,12.3648955655663,12.300226509303,12.2325632725456,12.1621262580183,12.0929756330879,,,,Argentina,CO2
GEM-E3_V2021,EN_INDCi2100_COV,ARG,Emissions|CO2|Energy|Supply|Solids,Mt CO2/yr,,,,,,,,,,,,0.0043783290278167,,0.0066849028443908,,,,,0.0061044923087869,0.0076261994685508,0.007719671572591,0.0077823175302561,0.0078267109563588,0.0078510404387316,0.0077614106552353,0.0058467132456483,0.0054168335201462,0.0041305755965194,0.0038036423787256,0.0036619992522878,0.0036113144542472,0.0036627377333335,0.0037152961813489,0.0037943614485644,,,,Argentina,CO2
GEM-E3_V2021,EN_INDCi2100_COV,ARG,Emissions|CO2|Industrial Processes,Mt CO2/yr,,,,,,,,,,,,12.3321515029295,,13.3460998558144,,,,,14.2040804564466,15.2530732233881,16.6025757313021,17.6544323149463,18.7744549487884,19.7756839064804,20.5910957491457,21.3777920668363,22.1152786337899,22.7245627973277,23.2322820358681,23.5896865145657,23.6870893782533,23.911878422305,24.109926958913,24.2813590806853,,,,Argentina,CO2
GEM-E3_V2021,EN_INDCi2100_COV_NDCp,ARG,Emissions|CO2|AFOLU,Mt CO2/yr,,,,,,,,,,,,339.310103218767,,310.78538490985,,,,,310.712405101277,310.502982416617,281.748283454887,240.163169733619,185.190801592326,120.536295974319,68.728686925455,16.4396251489399,-26.6139107791214,-69.6674467071828,-103.353817504215,-137.040188301248,-165.046236846494,-193.05228539174,-210.768641440693,-228.484997489645,,,,Argentina,CO2
GEM-E3_V2021,EN_INDCi2100_COV_NDCp,ARG,Emissions|CO2|Energy and Industrial Processes,Mt CO2/yr,,,,,,,,,,,,190.743684811423,,170.413163425536,,,,,175.734414940102,176.498319803668,178.922832422251,179.579978386258,186.158344258186,190.871334988295,198.323368587524,204.350876653206,210.641187307936,216.648118439621,221.879260740137,226.578783960583,230.591769967107,235.493722812507,240.213901481893,243.740505371326,,,,Argentina,CO2
GEM-E3_V2021,EN_INDCi2100_COV_NDCp,ARG,Emissions|CO2|Energy|Demand,Mt CO2/yr,,,,,,,,,,,,124.918666409286,,110.764513262149,,,,,114.780462712506,117.484373610687,120.410822601257,124.154378365121,127.559346431088,130.730057661877,134.58045773388,137.418126675978,140.428749377532,143.467356972378,146.445312863963,149.09955237148,151.752716790131,154.465130069488,157.248309477426,160.074898897589,,,,Argentina,CO2
GEM-E3_V2021,EN_INDCi2100_COV_NDCp,ARG,Emissions|CO2|Energy|Demand|AFOFI,Mt CO2/yr,,,,,,,,,,,,14.8692278613726,,14.615260595953,,,,,16.1482541477427,17.0647284427288,18.049992284867,19.0647091836322,19.7729555973408,20.3172627206332,20.4339835663188,20.4189868915268,20.3250290055026,20.1392332242788,19.7861149260148,19.4458519425886,19.0399067247791,18.5832927428376,18.0685968467557,17.5239358984876,,,,Argentina,CO2
GEM-E3_V2021,EN_INDCi2100_COV_NDCp,ARG,Emissions|CO2|Energy|Demand|Industry,Mt CO2/yr,,,,,,,,,,,,28.7674309412842,,24.0946910645271,,,,,23.7906974886921,24.4964883615712,24.7638378013166,25.2956827078888,25.923950298442,26.5940090098893,27.9744637988113,29.3746306845679,30.7624074103593,32.1058474200125,33.4132727266893,34.3390131432907,35.2624840952409,36.1907619877346,37.1821391802594,38.1730437746686,,,,Argentina,CO2
GEM-E3_V2021,EN_INDCi2100_COV_NDCp,ARG,Emissions|CO2|Energy|Demand|Residential and Commercial,Mt CO2/yr,,,,,,,,,,,,27.3938022231078,,23.6371234734048,,,,,23.7535784748326,24.4778013424533,25.5734355754464,27.1554558993753,28.6121261477299,30.1510670988695,31.854493664123,33.5760020566097,35.418807031636,37.3478074167786,39.3842257781924,41.4548685261971,43.5827330644902,45.7887821027191,48.0334803848783,50.3284018495514,,,,Argentina,CO2
GEM-E3_V2021,EN_INDCi2100_COV_NDCp,ARG,Emissions|CO2|Energy|Demand|Residential and Commercial|Commercial,Mt CO2/yr,,,,,,,,,,,,21.8078727326487,,18.9712256829931,,,,,18.7382174255415,19.1275250167424,19.880534972256,21.0492930515037,22.2354807593337,23.5229891270895,25.0251017162286,26.611666553654,28.3180451430754,30.1260563692619,32.0401524282041,34.0328469904806,36.1038616626548,38.2597203410094,40.4865029186,42.7825816105426,,,,Argentina,CO2
GEM-E3_V2021,EN_INDCi2100_COV_NDCp,ARG,Emissions|CO2|Energy|Demand|Residential and Commercial|Residential,Mt CO2/yr,,,,,,,,,,,,5.58592949045901,,4.66589779041167,,,,,5.01536104929109,5.35027632571094,5.69290060319047,6.10616284787161,6.3766453883962,6.62807797177992,6.82939194789435,6.96433550295574,7.10076188856054,7.22175104751674,7.34407334998828,7.42202153571651,7.47887140183548,7.52906176170964,7.54697746627824,7.54582023900885,,,,Argentina,CO2
GEM-E3_V2021,EN_INDCi2100_COV_NDCp,ARG,Emissions|CO2|Energy|Demand|Transportation,Mt CO2/yr,,,,,,,,,,,,53.888205383522,,48.417438128264,,,,,51.0879326012386,51.4453554639345,52.0235569396273,52.638530574225,53.2503143875755,53.6677188324848,54.3175167046268,54.0485070432743,53.9225059300343,53.8744689113081,53.8616994330669,53.8598187594036,53.8675929056209,53.9022932361969,53.9640930655334,54.0495173748816,,,,Argentina,CO2
GEM-E3_V2021,EN_INDCi2100_COV_NDCp,ARG,Emissions|CO2|Energy|Supply,Mt CO2/yr,,,,,,,,,,,,53.3217510396591,,46.1483795335342,,,,,46.5567382358558,43.5648959855135,41.7318221365866,37.6113927088895,39.6564621425095,40.1822657758849,42.9480977241189,45.3377420050405,47.8741558669112,50.2290179834483,51.9698523121278,53.6433875104562,54.8828773050606,56.8608965302056,58.5693258953138,59.1122188090613,,,,Argentina,CO2
GEM-E3_V2021,EN_INDCi2100_COV_NDCp,ARG,Emissions|CO2|Energy|Supply|Electricity,Mt CO2/yr,,,,,,,,,,,,31.3445278453508,,26.7995849743511,,,,,25.9218737006423,22.7727382835583,20.6561896808028,16.2369797409857,17.6090132042889,17.6349901359337,19.5035880012123,20.9550578285255,22.6871928044357,24.2771844319285,25.3342386874093,26.3986472122752,27.063064075182,28.4028374025689,29.4815480629454,29.4777355172554,,,,Argentina,CO2
GEM-E3_V2021,EN_INDCi2100_COV_NDCp,ARG,Emissions|CO2|Energy|Supply|Gases,Mt CO2/yr,,,,,,,,,,,,9.11828381440967,,8.50471228159413,,,,,9.00188738122788,9.03135612611394,9.15568596600716,9.22789965052833,9.78042051147117,10.2350475248081,10.964332604287,11.8916210571658,12.6868359977876,13.4553873485384,14.1701106352538,14.843544430018,15.4912372525667,16.203803873746,16.9091243968509,17.5295817149604,,,,Argentina,CO2
GEM-E3_V2021,EN_INDCi2100_COV_NDCp,ARG,Emissions|CO2|Energy|Supply|Liquids,Mt CO2/yr,,,,,,,,,,,,12.8545610508708,,10.8373973747434,,,,,11.626863493424,11.7548713767391,11.9139546812814,12.140448062558,12.2609213352886,12.3060931309221,12.4741196861587,12.4869117366711,12.4963983577857,12.492905451907,12.4620060041748,12.3976848000779,12.3250379143708,12.2506263720449,12.1749380013576,12.1011076266794,,,,Argentina,CO2
GEM-E3_V2021,EN_INDCi2100_COV_NDCp,ARG,Emissions|CO2|Energy|Supply|Solids,Mt CO2/yr,,,,,,,,,,,,0.0043783290278167,,0.0066849028454289,,,,,0.0061136605616264,0.005930199102068,0.0059918084951543,0.0060652548173739,0.0061070914607426,0.0061349842208736,0.0060574324607663,0.0041513826779508,0.0037287069021761,0.0035407510743735,0.0034969852897861,0.0035110680849614,0.0035380629410755,0.003628881845716,0.0037154341596792,0.0037939501660815,,,,Argentina,CO2
GEM-E3_V2021,EN_INDCi2100_COV_NDCp,ARG,Emissions|CO2|Industrial Processes,Mt CO2/yr,,,,,,,,,,,,12.3321515029295,,13.3460998404146,,,,,14.2344956567251,15.2850223213697,16.6157725512624,17.6450564634303,18.7727872883598,19.7896111630656,20.6259139543733,21.4283058131499,22.1734522446175,22.7888530903223,23.3029435566753,23.6773322946868,23.8005456919978,24.0148381185099,24.2466038935273,24.4071159529615,,,,Argentina,CO2
GEM-E3_V2021,EN_INDCi2100_NDCp,ARG,Emissions|CO2|AFOLU,Mt CO2/yr,,,,,,,,,,,,339.310103218767,,310.860050541125,,,,,310.756780305298,310.571613711281,256.274958541952,170.673534627874,109.035784113864,49.8892496349701,7.32070468463964,-30.7390143344798,-67.6471509028378,-104.555287471195,-134.792317236225,-165.029347001255,-188.532696923234,-212.036046845213,-225.147410600147,-238.258774355082,,,,Argentina,CO2
GEM-E3_V2021,EN_INDCi2100_NDCp,ARG,Emissions|CO2|Energy and Industrial Processes,Mt CO2/yr,,,,,,,,,,,,190.743684811423,,204.336799292868,,,,,205.242953351947,203.143073400138,204.576347782049,205.488960927201,211.509539790969,217.048884481373,224.758950935092,233.512802356281,238.399701778157,243.5177083609,248.338748067891,252.958200802164,258.207397469757,261.878332378687,264.680411916268,266.753110802081,,,,Argentina,CO2
GEM-E3_V2021,EN_INDCi2100_NDCp,ARG,Emissions|CO2|Energy|Demand,Mt CO2/yr,,,,,,,,,,,,124.918666409286,,131.77101517849,,,,,132.824527812285,135.472739500043,138.815898318191,142.915399116179,146.666208409671,150.19556541823,154.469310148911,157.655870667426,160.911259572453,164.181366602246,167.404740063313,170.234257596779,173.032070986519,175.828640224066,178.689850892941,181.587408873184,,,,Argentina,CO2
GEM-E3_V2021,EN_INDCi2100_NDCp,ARG,Emissions|CO2|Energy|Demand|AFOFI,Mt CO2/yr,,,,,,,,,,,,14.8692278613726,,18.2393073404573,,,,,19.7747060441517,20.8157508838042,22.0179778297801,23.1579826343683,24.0218959045599,24.686083224066,24.8068670322974,24.7842486959615,24.669591466099,24.4607174370897,24.0498999463369,23.6642284449002,23.1987408690904,22.6607929742947,22.0671980731991,21.4464226317153,,,,Argentina,CO2
GEM-E3_V2021,EN_INDCi2100_NDCp,ARG,Emissions|CO2|Energy|Demand|Industry,Mt CO2/yr,,,,,,,,,,,,28.7674309412842,,31.5778347649253,,,,,30.4663636833347,30.8538568680456,31.0246564147438,31.5613792831894,32.1230286997704,32.8121219097644,34.3582429338979,35.9745391035018,37.4560463920272,38.8396940970487,40.2429136589478,41.2031342666457,42.1394538833278,43.0480164744079,44.0072470445439,44.9586009487391,,,,Argentina,CO2
GEM-E3_V2021,EN_INDCi2100_NDCp,ARG,Emissions|CO2|Energy|Demand|Residential and Commercial,Mt CO2/yr,,,,,,,,,,,,27.3938022231078,,25.4658044778445,,,,,25.4745211382513,26.3133085019143,27.6119945239595,29.3236722157521,30.9976039809112,32.7187312243756,34.6061854285242,36.4734733882935,38.5386895105354,40.7351858091673,43.0137545398964,45.2969360609776,47.6430568699007,50.0741400273597,52.5490146408732,55.0673640760557,,,,Argentina,CO2
GEM-E3_V2021,EN_INDCi2100_NDCp,ARG,Emissions|CO2|Energy|Demand|Residential and Commercial|Commercial,Mt CO2/yr,,,,,,,,,,,,21.8078727326487,,20.1317179316509,,,,,19.8750112223923,20.3787429377225,21.2990879361487,22.603967761652,23.963906617363,25.4229983354582,27.1130956288081,28.8809357082029,30.7961714200305,32.8385450073632,34.989958272262,37.2134718108181,39.5151365453762,41.9053062918833,44.3728982719178,46.9117748705259,,,,Argentina,CO2
GEM-E3_V2021,EN_INDCi2100_NDCp,ARG,Emissions|CO2|Energy|Demand|Residential and Commercial|Residential,Mt CO2/yr,,,,,,,,,,,,5.58592949045901,,5.33408654619358,,,,,5.59950991585905,5.93456556419176,6.31290658781087,6.71970445410015,7.03369736354824,7.29573288891742,7.49308979971603,7.59253768009059,7.74251809050489,7.89664080180409,8.02379626763435,8.08346425015949,8.12792032452448,8.16883373547641,8.17611636895539,8.15558920552974,,,,Argentina,CO2
GEM-E3_V2021,EN_INDCi2100_NDCp,ARG,Emissions|CO2|Energy|Demand|Transportation,Mt CO2/yr,,,,,,,,,,,,53.888205383522,,56.4880685952632,,,,,57.1089369465478,57.4898232462793,58.1612695497081,58.8723649828699,59.5236798244302,59.9786290600244,60.6980147541918,60.4236094796692,60.2469322037912,60.145769258941,60.0981719181324,60.0699588242563,60.0508193642004,60.0456907480039,60.0663911343249,60.1150212166737,,,,Argentina,CO2
GEM-E3_V2021,EN_INDCi2100_NDCp,ARG,Emissions|CO2|Energy|Supply,Mt CO2/yr,,,,,,,,,,,,53.3217510396591,,55.2554495529731,,,,,54.47859158705,48.6896483036467,45.2873069655988,40.8693214630059,41.9659697387856,42.8545929788243,45.361061447181,49.9700224042549,50.8617145184013,52.1815179289843,53.287541197037,54.71105102669,57.1114298761466,57.8540252641473,57.653546150223,56.7596049901577,,,,Argentina,CO2
GEM-E3_V2021,EN_INDCi2100_NDCp,ARG,Emissions|CO2|Energy|Supply|Electricity,Mt CO2/yr,,,,,,,,,,,,31.3445278453508,,32.0495737470978,,,,,30.3978654578683,24.7231280590138,21.122150595211,16.402845588027,16.8718163846599,17.2045178547353,18.7774236102823,22.2038245125454,22.3838044629892,22.9879351619719,23.4307601230521,24.2508924668577,25.9742340396224,26.1731982256265,25.4890016126886,24.1566004490552,,,,Argentina,CO2
GEM-E3_V2021,EN_INDCi2100_NDCp,ARG,Emissions|CO2|Energy|Supply|Gases,Mt CO2/yr,,,,,,,,,,,,9.11828381440967,,10.0461060119045,,,,,10.4664063894587,10.2753106228245,10.3299751368293,10.4252476632198,10.9616484531368,11.502729964357,12.2695634500315,13.4571995730819,14.1848885956868,14.92986263449,15.6501725483308,16.3466541908722,17.1254383675993,17.7742935060041,18.3612358964095,18.8978268495973,,,,Argentina,CO2
GEM-E3_V2021,EN_INDCi2100_NDCp,ARG,Emissions|CO2|Energy|Supply|Liquids,Mt CO2/yr,,,,,,,,,,,,12.8545610508708,,13.151905191443,,,,,13.6072826312391,13.6846212436076,13.828602552333,14.0345887890337,14.1259001617759,14.1407676953034,14.3076184547781,14.3046369219768,14.2891613156033,14.260104408608,14.2030739647765,14.1099905900184,14.0082516100968,13.9029690405408,13.7996898149259,13.7015124172728,,,,Argentina,CO2
GEM-E3_V2021,EN_INDCi2100_NDCp,ARG,Emissions|CO2|Energy|Supply|Solids,Mt CO2/yr,,,,,,,,,,,,0.0043783290278167,,0.0078646025275999,,,,,0.0070371084837691,0.0065883782007208,0.0065786812253941,0.0066394227251898,0.0066047392129167,0.0065774644284836,0.0064559320889716,0.0043613966506616,0.0038601441218297,0.0036157239142536,0.0035345608774214,0.0035137789416204,0.0035058588279317,0.0035644919757708,0.0036188261988705,0.0036652742323392,,,,Argentina,CO2
GEM-E3_V2021,EN_INDCi2100_NDCp,ARG,Emissions|CO2|Industrial Processes,Mt CO2/yr,,,,,,,,,,,,12.3321515029295,,17.1244494592189,,,,,17.7490132393577,18.7893977692866,20.2811094310994,21.5084150226944,22.680303612757,23.8023174752453,24.7335398605136,25.6956332981428,26.4377051258395,26.9675784833123,27.4614398176546,27.8315035016162,27.8861573969344,28.0214157454659,28.166716205969,28.2400931882333,,,,Argentina,CO2
GEM-E3_V2021,EN_NPi2020_1000,ARG,Emissions|CO2|AFOLU,Mt CO2/yr,,,,,,,,,,,,339.310103218767,,310.860050541125,,,,,162.821868385379,21.7625152049754,-7.48890260470203,-41.1045325617341,-68.1418408719258,-96.4679851682971,-120.762597334165,-145.010293840399,-164.915147696842,-184.820001553285,-210.590147628903,-236.360293704522,-252.880441128987,-269.400588553453,-272.501889871424,-275.603191189394,,,,Argentina,CO2
GEM-E3_V2021,EN_NPi2020_1000,ARG,Emissions|CO2|Energy and Industrial Processes,Mt CO2/yr,,,,,,,,,,,,190.743684811423,,204.336799484622,,,,,195.354189570259,182.174257247344,170.285813683021,154.665364016918,140.313121706188,129.991507606586,103.158851835234,76.0225701486884,64.8460622345492,55.8748393134847,56.0043819810988,60.5047978285214,67.7376375635835,57.4969892639348,42.6268941779803,39.9198664898486,,,,Argentina,CO2
GEM-E3_V2021,EN_NPi2020_1000,ARG,Emissions|CO2|Energy|Demand,Mt CO2/yr,,,,,,,,,,,,124.918666409286,,131.771015292955,,,,,128.188557838591,125.792464549659,122.699440322749,115.064785952778,104.876433785573,97.5486124773766,73.8164227324504,51.345950899744,41.719300612646,34.3736269208265,34.4307826053683,38.1149346719394,43.9205863650163,43.7733041224464,47.021017657345,47.2973804950655,,,,Argentina,CO2
GEM-E3_V2021,EN_NPi2020_1000,ARG,Emissions|CO2|Energy|Demand|AFOFI,Mt CO2/yr,,,,,,,,,,,,14.8692278613726,,18.2393073865078,,,,,18.7936856509705,19.1378981061612,19.3061521314114,18.946812931497,18.4622204825516,18.3490859130765,10.080721754187,3.570669085184,1.74453933769778,0.869467101622213,0.810321985509324,1.04540809592922,1.44669092503251,1.25346054654657,1.45728887422557,1.23241222453639,,,,Argentina,CO2
GEM-E3_V2021,EN_NPi2020_1000,ARG,Emissions|CO2|Energy|Demand|Industry,Mt CO2/yr,,,,,,,,,,,,28.7674309412842,,31.5778348358645,,,,,28.7635332974638,27.0526137608766,24.8930860835796,21.2289757474253,17.0693833422176,14.3179117058146,7.91863597739197,3.63151192972282,2.29477303224008,1.49678516628757,1.48848907352272,1.80458801225846,2.36283261465216,2.24346261245767,2.6185033097106,2.48862224703582,,,,Argentina,CO2
GEM-E3_V2021,EN_NPi2020_1000,ARG,Emissions|CO2|Energy|Demand|Residential and Commercial,Mt CO2/yr,,,,,,,,,,,,27.3938022231078,,25.465804478808,,,,,24.777188636887,24.8478729253031,24.9908872485682,24.3237006439439,23.2214739055209,22.814680968191,20.9950379253967,18.9388528846489,17.8859511476249,16.6885309087715,17.2510756718906,18.920220393384,21.2811835942857,21.9704735664646,23.5318809006811,24.3968911608013,,,,Argentina,CO2
GEM-E3_V2021,EN_NPi2020_1000,ARG,Emissions|CO2|Energy|Demand|Residential and Commercial|Commercial,Mt CO2/yr,,,,,,,,,,,,21.8078727326487,,20.1317179327498,,,,,19.536732158183,19.6503134855571,19.9642924280595,20.0045522635148,19.7624732377682,19.8599201197539,19.2400416112907,17.844142230411,17.053169155865,16.0516857498805,16.6129809698125,18.1874704814669,20.4037609123872,21.1202008991946,22.6054697198126,23.5005146299052,,,,Argentina,CO2
GEM-E3_V2021,EN_NPi2020_1000,ARG,Emissions|CO2|Energy|Demand|Residential and Commercial|Residential,Mt CO2/yr,,,,,,,,,,,,5.58592949045901,,5.33408654605822,,,,,5.24045647870402,5.19755943974608,5.02659482050863,4.31914838042911,3.45900066775268,2.95476084843711,1.75499631410598,1.09471065423796,0.832781991759916,0.636845158890997,0.638094702078151,0.732749911917119,0.877422681898437,0.850272667269957,0.926411180868545,0.896376530896128,,,,Argentina,CO2
GEM-E3_V2021,EN_NPi2020_1000,ARG,Emissions|CO2|Energy|Demand|Transportation,Mt CO2/yr,,,,,,,,,,,,53.888205383522,,56.4880685917751,,,,,55.8541502532703,54.754079757318,53.5093148591901,50.5652966299125,46.1233560552836,42.0669338902943,34.8220270754747,25.2049170001882,19.7940370950832,15.3188437441451,14.8808958744456,16.3447181703677,18.8298792310459,18.3059073969776,19.4133445727277,19.1794548626919,,,,Argentina,CO2
GEM-E3_V2021,EN_NPi2020_1000,ARG,Emissions|CO2|Energy|Supply,Mt CO2/yr,,,,,,,,,,,,53.3217510396591,,55.2554496054611,,,,,49.7599914829697,38.7669638794235,29.4724902902828,21.8700876809163,18.5631329808588,16.0673564030062,13.2968934888476,9.2095728530049,7.85950650398125,6.76339854590235,6.77272350924404,7.3521037427524,8.28344293627954,-1.65643278694027,-19.7283537451976,-22.6915143869524,,,,Argentina,CO2
GEM-E3_V2021,EN_NPi2020_1000,ARG,Emissions|CO2|Energy|Supply|Electricity,Mt CO2/yr,,,,,,,,,,,,31.3445278453508,,32.0495737792156,,,,,26.5154489186047,17.0064683628135,9.11422560428644,3.52669620122023,2.00309720784656,0.656866567256037,1.12257229893216,0.0970242624328557,0.0710685018977739,0.0116313144764022,0.0001872474818699,0.0001830269591004,0.0001816457513388,-10.0144860558407,-28.6549265453207,-31.7789171918499,,,,Argentina,CO2
GEM-E3_V2021,EN_NPi2020_1000,ARG,Emissions|CO2|Energy|Supply|Gases,Mt CO2/yr,,,,,,,,,,,,9.11828381440967,,10.0461060220933,,,,,10.1289438246724,9.01214943114745,8.07101086937437,6.87173265404891,6.0845446904234,5.64286664107074,4.6818677787609,3.86239582746491,3.47956494622246,3.1136720678935,3.15680890029306,3.45493403328589,3.94241750359955,4.05204189726156,4.37347229078667,4.53178421582775,,,,Argentina,CO2
GEM-E3_V2021,EN_NPi2020_1000,ARG,Emissions|CO2|Energy|Supply|Liquids,Mt CO2/yr,,,,,,,,,,,,12.8545610508708,,13.1519052016127,,,,,13.1129572973188,12.7461122526392,12.2856360297148,11.4703319129657,10.4743951160117,9.76656975042737,7.49143760764299,5.24971595374265,4.30853082318253,3.63784122780705,3.61547072797978,3.89668867713039,4.34047907785243,4.30564600171971,4.55269221782998,4.55520496263287,,,,Argentina,CO2
GEM-E3_V2021,EN_NPi2020_1000,ARG,Emissions|CO2|Energy|Supply|Solids,Mt CO2/yr,,,,,,,,,,,,0.0043783290278167,,0.0078646025394325,,,,,0.0026414423736167,0.0022338328234174,0.0016177869071624,0.0013269126815055,0.001095966577091,0.00105344425204,0.0010158035115817,0.0004368093644802,0.0003422326784773,0.0002539357253986,0.0002566334893151,0.0002980053770266,0.0003647090762131,0.0003653699191626,0.0004082915064412,0.0004136264368504,,,,Argentina,CO2
GEM-E3_V2021,EN_NPi2020_1000,ARG,Emissions|CO2|Industrial Processes,Mt CO2/yr,,,,,,,,,,,,12.3321515029295,,17.1244494838699,,,,,17.2270736307032,17.4482330954526,17.9623397348697,17.606272401185,16.7781874949199,16.2972393141104,15.9898556601561,15.4305466638537,15.2398540574699,14.7173329947421,14.780889591532,15.0154163104504,15.5075369870812,15.3553708807945,15.307961066882,15.2889883254436,,,,Argentina,CO2
GEM-E3_V2021,EN_NPi2020_1000_COV,ARG,Emissions|CO2|AFOLU,Mt CO2/yr,,,,,,,,,,,,339.310103218767,,310.78538490985,,,,,178.246711055455,45.6333715697853,3.95333648066091,-37.6950664660906,-64.37329358645,-92.6772983597027,-115.573361901194,-138.49026178404,-158.449748418372,-178.409235052705,-205.972249173713,-233.535263294721,-249.728305527956,-265.92134776119,-270.054409409691,-274.187471058191,,,,Argentina,CO2
GEM-E3_V2021,EN_NPi2020_1000_COV,ARG,Emissions|CO2|Energy and Industrial Processes,Mt CO2/yr,,,,,,,,,,,,190.743684811423,,170.413163590221,,,,,168.573941719763,157.92512632176,151.783984998895,137.604182547978,130.129063282227,119.093322349316,105.042796441956,81.4785272603315,64.7627188642801,55.3351007400189,53.3420036330671,51.6663441789042,41.3779924916694,35.2640046459648,25.0982783265566,17.1507241906008,,,,Argentina,CO2
GEM-E3_V2021,EN_NPi2020_1000_COV,ARG,Emissions|CO2|Energy|Demand,Mt CO2/yr,,,,,,,,,,,,124.918666409286,,110.76451337216,,,,,111.834253181955,110.155803682231,108.416877822913,103.225313789471,97.575855150108,90.1416284370947,77.8851745644423,58.0581691167854,43.6473589787591,35.7066046161353,34.0400587169972,37.7688634397291,42.7898123770813,43.3997030569832,45.3180910079196,46.116109557701,,,,Argentina,CO2
GEM-E3_V2021,EN_NPi2020_1000_COV,ARG,Emissions|CO2|Energy|Demand|AFOFI,Mt CO2/yr,,,,,,,,,,,,14.8692278613726,,14.6152606381181,,,,,15.5533526856618,15.8892194990919,16.1144085261661,16.002272215378,15.894276935402,15.658479125834,12.5267259540844,5.90162168673472,2.4051728077816,1.19716471468935,0.956958575342785,1.22419382437715,1.71419699022014,1.58194207548045,1.6510839810737,1.48814062518186,,,,Argentina,CO2
GEM-E3_V2021,EN_NPi2020_1000_COV,ARG,Emissions|CO2|Energy|Demand|Industry,Mt CO2/yr,,,,,,,,,,,,28.7674309412842,,24.09469110429,,,,,22.7383937032424,21.5989723113513,20.2833017327934,17.7453205071115,15.2986846924487,12.6189873586216,9.31436034539884,4.95091778134882,2.62263781040883,1.67433067240734,1.50790572716321,1.84818049197164,2.43546170006276,2.42800385233049,2.64700179525281,2.63925477225417,,,,Argentina,CO2
GEM-E3_V2021,EN_NPi2020_1000_COV,ARG,Emissions|CO2|Energy|Demand|Residential and Commercial,Mt CO2/yr,,,,,,,,,,,,27.3938022231078,,23.6371234848182,,,,,23.2880090296125,23.4114467640248,23.6085300228767,23.2928834277906,22.871243829633,22.2845130485743,21.215940113916,19.6254453103548,17.9948051550682,16.7862860977172,16.8474276741693,18.4780180022454,20.4350915631052,21.2985754200306,22.4445715999633,23.3765859667776,,,,Argentina,CO2
GEM-E3_V2021,EN_NPi2020_1000_COV,ARG,Emissions|CO2|Energy|Demand|Residential and Commercial|Commercial,Mt CO2/yr,,,,,,,,,,,,21.8078727326487,,18.9712256926773,,,,,18.5279540598737,18.6475034565373,18.9538361889358,19.1576176409175,19.2802789923409,19.3125728660086,19.1315532512735,18.2885021691398,17.088758352483,16.098538340657,16.2028552440313,17.7346107360089,19.5505544995097,20.4160241715611,21.5210795786372,22.4611022814279,,,,Argentina,CO2
GEM-E3_V2021,EN_NPi2020_1000_COV,ARG,Emissions|CO2|Energy|Demand|Residential and Commercial|Residential,Mt CO2/yr,,,,,,,,,,,,5.58592949045901,,4.6658977921409,,,,,4.76005496973871,4.76394330748757,4.65469383394086,4.13526578687307,3.59096483729211,2.97194018256569,2.08438686264244,1.33694314121505,0.906046802585261,0.687747757060165,0.644572430137984,0.743407266236445,0.884537063595508,0.8825512484695,0.923492021326052,0.915483685349733,,,,Argentina,CO2
GEM-E3_V2021,EN_NPi2020_1000_COV,ARG,Emissions|CO2|Energy|Demand|Transportation,Mt CO2/yr,,,,,,,,,,,,53.888205383522,,48.4174381449337,,,,,50.2544977634386,49.2561651077634,48.4106375410769,46.1848376391909,43.5116496926242,39.5796489040647,34.828148151043,27.580184338347,20.6247432055004,16.0488231313214,14.7277667403219,16.2184711211349,18.2050621236931,18.0911817091416,18.5754336316298,18.6121281934873,,,,Argentina,CO2
GEM-E3_V2021,EN_NPi2020_1000_COV,ARG,Emissions|CO2|Energy|Supply,Mt CO2/yr,,,,,,,,,,,,53.3217510396591,,46.1483795726385,,,,,42.6750970643146,33.427522944559,28.3441836645822,19.5016566879292,17.9200419073458,14.8209950966278,13.360109656154,9.91356830513353,7.89278226299587,6.79039609480544,6.53018087294049,0.817042734696483,-14.5949912583211,-21.3122417769716,-33.3465943180073,-42.1132254167335,,,,Argentina,CO2
GEM-E3_V2021,EN_NPi2020_1000_COV,ARG,Emissions|CO2|Energy|Supply|Electricity,Mt CO2/yr,,,,,,,,,,,,31.3445278453508,,26.7995849981411,,,,,22.5496020284562,14.4735494805321,10.2447388149168,3.03610849514829,2.49546768112876,0.578269207243013,0.839342331596386,0.074932853504526,0.0288848938017628,0.0096570727772062,0.0001569380176696,-6.29389955962619,-22.4917904693719,-29.3957764899638,-41.7909788782095,-50.7875101769277,,,,Argentina,CO2
GEM-E3_V2021,EN_NPi2020_1000_COV,ARG,Emissions|CO2|Energy|Supply|Gases,Mt CO2/yr,,,,,,,,,,,,9.11828381440967,,8.50471228805806,,,,,8.81975701736121,7.92624756430614,7.37298044815914,6.32157509423898,5.86781762336009,5.40608354175761,4.8273990277397,4.09883445793858,3.51816532430075,3.16321989545112,3.07885146696646,3.38029369618885,3.77976677045128,3.94380513437083,4.1679559143328,4.35423713243788,,,,Argentina,CO2
GEM-E3_V2021,EN_NPi2020_1000_COV,ARG,Emissions|CO2|Energy|Supply|Liquids,Mt CO2/yr,,,,,,,,,,,,12.8545610508708,,10.8373973835949,,,,,11.303357379615,11.0256925521602,10.7246603861464,10.1427257576037,9.55566953415234,8.83562450693009,7.6923501652362,5.73926724156395,4.34536778017508,3.61724211463467,3.45091108446293,3.73034386484717,4.11666566141136,4.13935303094843,4.27602430030787,4.31963066859391,,,,Argentina,CO2
GEM-E3_V2021,EN_NPi2020_1000_COV,ARG,Emissions|CO2|Energy|Supply|Solids,Mt CO2/yr,,,,,,,,,,,,0.0043783290278167,,0.0066849028443908,,,,,0.0023806388821041,0.0020333475605114,0.0018040153598322,0.0012473409382234,0.0010870687046371,0.0010178406971193,0.0010181315817171,0.0005337521264719,0.0003642647182659,0.0002770119424412,0.0002613834934196,0.0003047332866453,0.0003667791880761,0.0003765476730346,0.0004043455615614,0.0004169591623137,,,,Argentina,CO2
GEM-E3_V2021,EN_NPi2020_1000_COV,ARG,Emissions|CO2|Industrial Processes,Mt CO2/yr,,,,,,,,,,,,12.3321515029295,,13.3460998558144,,,,,13.9102221660679,14.1967451658047,14.8897008280565,14.7642828017497,14.5392459048877,14.0562249849166,13.7411006001702,13.4659519093175,13.1943632128486,12.8170183321314,12.7525114622063,13.0588518541579,13.1583352115303,13.1522905520206,13.1020539823598,13.1237534997129,,,,Argentina,CO2
GEM-E3_V2021,EN_NPi2020_1000f,ARG,Emissions|CO2|AFOLU,Mt CO2/yr,,,,,,,,,,,,339.310103218767,,310.860050541125,,,,,178.226209276147,45.5923680111684,3.94416898229786,-37.678999917092,-65.0667554698683,-93.7600736736597,-116.739664664983,-139.646889898625,-164.917528442643,-190.188166986662,-218.171114188252,-246.154061389841,-263.717273354689,-281.280485319536,-286.056113820372,-290.831742321207,,,,Argentina,CO2
GEM-E3_V2021,EN_NPi2020_1000f,ARG,Emissions|CO2|Energy and Industrial Processes,Mt CO2/yr,,,,,,,,,,,,190.743684811423,,204.336799189868,,,,,195.739155745382,182.893319733768,176.214887493067,162.574582601866,155.547096748873,140.512377227434,132.173444298889,103.464898015984,67.9532885287859,38.0023103314855,10.0533308835736,-9.98183939788978,-26.3296889765893,-36.8014924242036,-56.8581871489978,-58.7354882042709,,,,Argentina,CO2
GEM-E3_V2021,EN_NPi2020_1000f,ARG,Emissions|CO2|Energy|Demand,Mt CO2/yr,,,,,,,,,,,,124.918666409286,,131.771015083738,,,,,128.503413919707,126.394648227395,124.84308421362,120.90426300976,115.179795667859,105.203102806205,98.7015264035261,74.4072029373242,59.0823746706966,46.5643729285459,38.41767919733,35.2277940847588,31.7365720317115,30.1763544973965,28.2667402522166,26.1653526275841,,,,Argentina,CO2
GEM-E3_V2021,EN_NPi2020_1000f,ARG,Emissions|CO2|Energy|Demand|AFOFI,Mt CO2/yr,,,,,,,,,,,,14.8692278613726,,18.2393073476029,,,,,18.8431777562279,19.2229140371738,19.576787171768,19.6334631984872,19.5464141460204,19.0949882402053,18.573372280857,9.95230663827594,5.19722085031008,2.3888983928274,1.24729794628434,0.894142089692699,0.573986787718398,0.428624335325933,0.320689326804245,0.202986257920775,,,,Argentina,CO2
GEM-E3_V2021,EN_NPi2020_1000f,ARG,Emissions|CO2|Energy|Demand|Industry,Mt CO2/yr,,,,,,,,,,,,28.7674309412842,,31.5778348078154,,,,,28.8858124979504,27.2654155885873,25.7529815264504,23.3237237301234,20.4527605177815,16.5251958056384,14.6772039074864,8.16049883100845,4.98417443631898,2.92811939302824,1.94038988565856,1.58731290289969,1.22929035212562,1.06379378815489,0.922489921705475,0.738001589502533,,,,Argentina,CO2
GEM-E3_V2021,EN_NPi2020_1000f,ARG,Emissions|CO2|Energy|Demand|Residential and Commercial,Mt CO2/yr,,,,,,,,,,,,27.3938022231078,,25.4658043340944,,,,,24.8311219461972,24.9702353454467,25.3152356518823,25.418876499197,25.1350610389182,24.1968782441527,23.7442606226137,22.0532687480179,21.0034090171839,19.6232485675789,18.2959484747215,17.8867709598471,17.1880854327404,16.9978562876999,16.4682068615772,15.823129221693,,,,Argentina,CO2
GEM-E3_V2021,EN_NPi2020_1000f,ARG,Emissions|CO2|Energy|Demand|Residential and Commercial|Commercial,Mt CO2/yr,,,,,,,,,,,,21.8078727326487,,20.1317177887168,,,,,19.5623507876338,19.7124886138885,20.1246978659351,20.5617703680309,20.8021566057678,20.6882160846791,20.8194689499012,20.2555009890161,19.66417260064,18.6476087621079,17.5451360771465,17.2230204216429,16.6247576366868,16.4854081834429,16.0073062359674,15.4265250933801,,,,Argentina,CO2
GEM-E3_V2021,EN_NPi2020_1000f,ARG,Emissions|CO2|Energy|Demand|Residential and Commercial|Residential,Mt CO2/yr,,,,,,,,,,,,5.58592949045901,,5.33408654537755,,,,,5.26877115856341,5.25774673155827,5.19053778594715,4.85710613116608,4.33290443315033,3.50866215947352,2.92479167271241,1.7977677590018,1.33923641654385,0.975639805470972,0.750812397575046,0.663750538204278,0.563327796053606,0.512448104256981,0.460900625609793,0.396604128312879,,,,Argentina,CO2
GEM-E3_V2021,EN_NPi2020_1000f,ARG,Emissions|CO2|Energy|Demand|Transportation,Mt CO2/yr,,,,,,,,,,,,53.888205383522,,56.4880685942261,,,,,55.9433017193318,54.9360832561876,54.1980798635194,52.5281995819531,50.0455599651396,45.3860405162084,41.7066895925689,34.2411287200218,27.8975703668836,21.6241065751114,16.9340428906654,14.8595681323192,12.745209459127,11.6860800862158,10.5553541421297,9.40123555846776,,,,Argentina,CO2
GEM-E3_V2021,EN_NPi2020_1000f,ARG,Emissions|CO2|Energy|Supply,Mt CO2/yr,,,,,,,,,,,,53.3217510396591,,55.2554495308794,,,,,49.7952927988116,38.8210299289517,32.8674544825387,23.1206760433803,22.0878312877879,17.9282700282717,16.5583329491589,12.5852348732539,-7.18303467940432,-24.1067319624173,-43.153003852001,-59.4426533488482,-71.6550543778316,-80.2212039406461,-97.7488743947559,-97.1383020751293,,,,Argentina,CO2
GEM-E3_V2021,EN_NPi2020_1000f,ARG,Emissions|CO2|Energy|Supply|Electricity,Mt CO2/yr,,,,,,,,,,,,31.3445278453508,,32.0495737485138,,,,,26.4858457640818,16.9439725148156,11.9199208595765,3.68849121791819,3.80827988593297,1.28894219953218,0.873971104233691,0.210633687568926,-17.4372929077037,-32.6630127159271,-50.5977734227878,-66.3437057343171,-78.0961452459622,-86.4944416761261,-103.800773975334,-102.957376453015,,,,Argentina,CO2
GEM-E3_V2021,EN_NPi2020_1000f,ARG,Emissions|CO2|Energy|Supply|Gases,Mt CO2/yr,,,,,,,,,,,,9.11828381440967,,10.0461059799126,,,,,10.1637465759125,9.07551407948066,8.46863386962232,7.45167291651817,6.90462809557795,6.20747312913549,5.84613695798727,4.90626006346258,4.32895746808933,3.84343170058926,3.4753718959875,3.2074458175154,3.01942060614863,2.95490053692692,2.83606089111939,2.71418722563277,,,,Argentina,CO2
GEM-E3_V2021,EN_NPi2020_1000f,ARG,Emissions|CO2|Energy|Supply|Liquids,Mt CO2/yr,,,,,,,,,,,,12.8545610508708,,13.1519051999239,,,,,13.1430240129434,12.7992684019175,12.4768485674037,11.979022342793,11.373416498763,10.4304708369805,9.83696835021258,7.467582647553,5.92476663834794,4.71246065426077,3.969097247811,3.69333687146805,3.4214333330587,3.31811227535187,3.21562711912881,3.10469126230056,,,,Argentina,CO2
GEM-E3_V2021,EN_NPi2020_1000f,ARG,Emissions|CO2|Energy|Supply|Solids,Mt CO2/yr,,,,,,,,,,,,0.0043783290278167,,0.0078646025290128,,,,,0.0026764458737892,0.0022749327378803,0.0020511859361551,0.001489566150859,0.0015068075140017,0.0013838626235777,0.0012565367253618,0.0007584746693863,0.0005341218621854,0.0003883986597287,0.0003004269882014,0.0002696964854792,0.0002369289232515,0.0002249232011638,0.0002115703306765,0.0001958899532988,,,,Argentina,CO2
GEM-E3_V2021,EN_NPi2020_1000f,ARG,Emissions|CO2|Industrial Processes,Mt CO2/yr,,,,,,,,,,,,12.3321515029295,,17.1244494730458,,,,,17.2608693586413,17.5090792807815,18.3474717979409,18.4094138228823,18.1594602460358,17.2877645749177,16.8387096026158,16.4172006037924,16.0114951293979,15.513705060229,14.7652687425869,14.2128630036001,13.5720894145644,13.2285133922427,12.6109428585995,12.2265581767193,,,,Argentina,CO2
GEM-E3_V2021,EN_NPi2020_1000f_COV,ARG,Emissions|CO2|AFOLU,Mt CO2/yr,,,,,,,,,,,,339.310103218767,,310.78538490985,,,,,178.226209276147,45.5923680111684,3.93650477136251,-37.6966293527867,-64.2387302145,-92.4680979625463,-115.640549721026,-138.719495097956,-159.582030463195,-180.444565828434,-210.99868443701,-241.552803045585,-260.141703263255,-278.730603480925,-284.250458071731,-289.770312662537,,,,Argentina,CO2
GEM-E3_V2021,EN_NPi2020_1000f_COV,ARG,Emissions|CO2|Energy and Industrial Processes,Mt CO2/yr,,,,,,,,,,,,190.743684811423,,170.413163590221,,,,,168.866163344672,158.461286085317,153.216116202002,142.411394688859,138.399858832432,125.927566109288,118.987242052808,99.2277263520939,75.4342831738143,43.7440103533993,16.2459498004799,8.50623914997874,-7.93245459576807,-14.6947566003451,-29.6824070430251,-32.382730386857,,,,Argentina,CO2
GEM-E3_V2021,EN_NPi2020_1000f_COV,ARG,Emissions|CO2|Energy|Demand,Mt CO2/yr,,,,,,,,,,,,124.918666409286,,110.76451337216,,,,,112.080896858714,110.616467797488,109.586399213427,106.746967026106,103.270200702036,95.042757130182,89.5761386141643,72.9484779430298,57.7595908284019,45.6973610700701,36.6385276007551,34.3885513952414,31.7688103882782,30.0964467428795,28.55940565426,26.9210832455934,,,,Argentina,CO2
GEM-E3_V2021,EN_NPi2020_1000f_COV,ARG,Emissions|CO2|Energy|Demand|AFOFI,Mt CO2/yr,,,,,,,,,,,,14.8692278613726,,14.6152606381181,,,,,15.5891131611655,15.9507407876238,16.2565707401662,16.391147543589,16.4507152993625,16.0978318213682,15.6894255641875,10.4850497721698,5.5359658561558,2.68114017782619,1.29974202858236,0.991172464033943,0.707804828789214,0.515760795586011,0.397989595924142,0.271384252597951,,,,Argentina,CO2
GEM-E3_V2021,EN_NPi2020_1000f_COV,ARG,Emissions|CO2|Energy|Demand|Industry,Mt CO2/yr,,,,,,,,,,,,28.7674309412842,,24.09469110429,,,,,22.8312120928712,21.7457934685609,20.6881070144755,18.9552359171489,17.1239796020003,14.0095882874417,12.5178945242096,8.18283665212654,4.93068245634814,2.93185864087768,1.82322919553003,1.56024789578151,1.28849694308825,1.10055388678168,0.973292814243894,0.809697600669146,,,,Argentina,CO2
GEM-E3_V2021,EN_NPi2020_1000f_COV,ARG,Emissions|CO2|Energy|Demand|Residential and Commercial,Mt CO2/yr,,,,,,,,,,,,27.3938022231078,,23.6371234848182,,,,,23.3329968927069,23.5144620052505,23.8628408124418,24.0069979528076,24.0173140988082,23.2232322267747,22.8324272745104,21.5618175797704,20.4323438601491,19.0761685968828,17.5031432585773,17.3542920132502,16.9404325200022,16.7486341203559,16.4180372504764,16.0216592793712,,,,Argentina,CO2
GEM-E3_V2021,EN_NPi2020_1000f_COV,ARG,Emissions|CO2|Energy|Demand|Residential and Commercial|Commercial,Mt CO2/yr,,,,,,,,,,,,21.8078727326487,,18.9712256926773,,,,,18.5481221118875,18.6975439107688,19.0787584893768,19.5122670214198,19.8819679021075,19.851537954806,20.0086101999266,19.6883188479328,19.0920371275166,18.0990673816183,16.7808144031631,16.6946821284005,16.3562307912848,16.2207206912119,15.9349718028538,15.594014192509,,,,Argentina,CO2
GEM-E3_V2021,EN_NPi2020_1000f_COV,ARG,Emissions|CO2|Energy|Demand|Residential and Commercial|Residential,Mt CO2/yr,,,,,,,,,,,,5.58592949045901,,4.6658977921409,,,,,4.78487478081947,4.81691809448166,4.78408232306501,4.49473093138771,4.13534619670067,3.37169427196875,2.82381707458374,1.87349873183757,1.34030673263252,0.977101215264506,0.722328855414162,0.659609884849673,0.584201728717443,0.52791342914402,0.483065447622555,0.427645086862159,,,,Argentina,CO2
GEM-E3_V2021,EN_NPi2020_1000f_COV,ARG,Emissions|CO2|Energy|Demand|Transportation,Mt CO2/yr,,,,,,,,,,,,53.888205383522,,48.4174381449337,,,,,50.3275747119707,49.4054715360536,48.7788806463438,47.393585612561,45.678191701865,41.7121047945972,38.5363912512567,32.7187739389629,26.8605986557487,21.0081936544833,16.0124131180654,14.4828390221758,12.8320760963984,11.7314979401558,10.7700859936155,9.81834211295505,,,,Argentina,CO2
GEM-E3_V2021,EN_NPi2020_1000f_COV,ARG,Emissions|CO2|Energy|Supply,Mt CO2/yr,,,,,,,,,,,,53.3217510396591,,46.1483795726385,,,,,42.6935742897482,33.4630716000967,28.4772494995025,20.3215534317439,19.751925127504,16.1366718630534,14.9808203187226,12.2235369336566,3.83727187273572,-15.2951054242787,-33.0480040426814,-38.2612936247751,-51.6055967206323,-56.4926042544269,-69.5368484334824,-70.3497916152309,,,,Argentina,CO2
GEM-E3_V2021,EN_NPi2020_1000f_COV,ARG,Emissions|CO2|Energy|Supply|Electricity,Mt CO2/yr,,,,,,,,,,,,31.3445278453508,,26.7995849981411,,,,,22.5185607025672,14.4200389401898,10.1543804194782,3.1860438503803,3.34209372951493,1.08936731425299,0.741645396305383,0.271561629452344,-6.0333396876787,-23.4957699363167,-40.0145726656166,-44.8702444174085,-57.882445250941,-62.5870547162075,-75.4659843091032,-76.1273044900886,,,,Argentina,CO2
GEM-E3_V2021,EN_NPi2020_1000f_COV,ARG,Emissions|CO2|Energy|Supply|Gases,Mt CO2/yr,,,,,,,,,,,,9.11828381440967,,8.50471228805806,,,,,8.84625079477708,7.97485530467655,7.4947243354898,6.68048373080226,6.35366919322782,5.78121577316633,5.47943592877215,4.79820837774301,4.22017818914961,3.70690564954477,3.28520857152514,3.12726885163957,3.00025033774784,2.93640042827068,2.85505997370264,2.78945693224128,,,,Argentina,CO2
GEM-E3_V2021,EN_NPi2020_1000f_COV,ARG,Emissions|CO2|Energy|Supply|Liquids,Mt CO2/yr,,,,,,,,,,,,12.8545610508708,,10.8373973835949,,,,,11.326350528614,11.0661059712657,10.8262730896827,10.4536631081441,10.0547385749151,9.26481179209174,8.75858140948911,7.15297224745264,5.64984593086781,4.49336658628962,3.68106891524962,3.48141252384485,3.27635345791632,3.15781963152963,3.07385637234645,2.98784875720006,,,,Argentina,CO2
GEM-E3_V2021,EN_NPi2020_1000f_COV,ARG,Emissions|CO2|Energy|Supply|Solids,Mt CO2/yr,,,,,,,,,,,,0.0043783290278167,,0.0066849028443908,,,,,0.0024122637899109,0.0020713839646494,0.0018716548517968,0.0013627424172221,0.0014236298461977,0.0012769835424016,0.0011575841560365,0.0007946790086153,0.0005874403969976,0.0003922762035402,0.0002911361603812,0.0002694171489949,0.0002447346444706,0.0002304019802961,0.0002195295716654,0.0002071854163402,,,,Argentina,CO2
GEM-E3_V2021,EN_NPi2020_1000f_COV,ARG,Emissions|CO2|Industrial Processes,Mt CO2/yr,,,,,,,,,,,,12.3321515029295,,13.3460998558144,,,,,13.9364785308154,14.2350567796778,15.0153996650985,15.2197447342021,15.2691560463887,14.6633863903057,14.3619745011985,14.0035658202226,13.7975300172127,13.3123900654967,12.6340102102537,12.3599006314659,11.8878331042902,11.6868116613028,11.2820163871552,11.0347094601374,,,,Argentina,CO2
GEM-E3_V2021,EN_NPi2020_1400,ARG,Emissions|CO2|AFOLU,Mt CO2/yr,,,,,,,,,,,,339.310103218767,,310.860050541125,,,,,234.454595856846,158.049086791189,69.8446677800526,-18.3598056124613,-43.8856667564858,-75.9193606983798,-102.237218151541,-127.885400849675,-152.360455699029,-176.835510548384,-207.786295151666,-238.737079754949,-257.645805902792,-276.554532050635,-282.671538088975,-288.788544127314,,,,Argentina,CO2
GEM-E3_V2021,EN_NPi2020_1400,ARG,Emissions|CO2|Energy and Industrial Processes,Mt CO2/yr,,,,,,,,,,,,190.743684811423,,204.336798798843,,,,,196.39838959024,184.177277461298,177.902340906269,166.379835555969,162.455575854649,154.925827967942,152.15756219778,145.476258325442,140.486441775051,136.991918892172,118.637923709026,91.2940779676315,56.2784663158646,31.3142130351111,13.692315501373,8.73968140274055,,,,Argentina,CO2
GEM-E3_V2021,EN_NPi2020_1400,ARG,Emissions|CO2|Energy|Demand,Mt CO2/yr,,,,,,,,,,,,124.918666409286,,131.771014843804,,,,,129.044899850993,127.459210345782,126.289113788781,123.745713242273,120.182160135984,116.285250107272,114.147683368536,109.15354794616,105.166635059168,102.344915050453,86.4812277066088,76.9826640472011,61.1736417927482,49.8069143256632,48.7218133580569,50.5961025898834,,,,Argentina,CO2
GEM-E3_V2021,EN_NPi2020_1400,ARG,Emissions|CO2|Energy|Demand|AFOFI,Mt CO2/yr,,,,,,,,,,,,14.8692278613726,,18.2393072178693,,,,,18.9283477569084,19.3795332914814,19.7643000247624,19.9700207716459,20.0865639466696,20.1815630235263,20.0067662536771,19.6242234256588,19.2823044111765,18.9718204726719,12.4061350193938,8.75948947801476,4.19602116692544,1.96304361395722,1.67989779087893,1.62394637253222,,,,Argentina,CO2
GEM-E3_V2021,EN_NPi2020_1400,ARG,Emissions|CO2|Energy|Demand|Industry,Mt CO2/yr,,,,,,,,,,,,28.7674309412842,,31.5778346646926,,,,,29.0969080557491,27.6544987742359,26.2707906694177,24.3456996190878,22.1783571900932,20.1340403915181,19.3927212054579,17.9696783994779,16.922070990797,16.2485787276187,11.4615058116216,8.78617926784802,5.10464730219853,3.05008153089473,2.86278580749603,3.00183510290461,,,,Argentina,CO2
GEM-E3_V2021,EN_NPi2020_1400,ARG,Emissions|CO2|Energy|Demand|Residential and Commercial,Mt CO2/yr,,,,,,,,,,,,27.3938022231078,,25.4658044456271,,,,,24.9238283294353,25.1768012835313,25.6254964565366,25.9827388370296,26.1217064851046,26.2813116118123,26.6004078876672,26.6500952858636,26.8914407502673,27.3791536764743,26.8188708827496,26.8012483625846,25.2797475301213,23.5504818314073,23.8816286716724,25.2043685285381,,,,Argentina,CO2
GEM-E3_V2021,EN_NPi2020_1400,ARG,Emissions|CO2|Energy|Demand|Residential and Commercial|Commercial,Mt CO2/yr,,,,,,,,,,,,21.8078727326487,,20.131717905915,,,,,19.606304262726,19.815234541753,20.2870535465691,20.8604001265118,21.3355980795588,21.8427046524585,22.4933083893772,22.9996629396529,23.6031858553375,24.3534932973447,24.5714360677161,24.8934702365364,23.8977221332847,22.5334273222253,22.9093162191965,24.2091753859751,,,,Argentina,CO2
GEM-E3_V2021,EN_NPi2020_1400,ARG,Emissions|CO2|Energy|Demand|Residential and Commercial|Residential,Mt CO2/yr,,,,,,,,,,,,5.58592949045901,,5.33408653971206,,,,,5.3175240667093,5.36156674177826,5.33844290996754,5.12233871051776,4.78610840554576,4.43860695935379,4.10709949828999,3.65043234621074,3.28825489492982,3.02566037912959,2.24743481503348,1.90777812604818,1.38202539683658,1.01705450918197,0.972312452475895,0.99519314256296,,,,Argentina,CO2
GEM-E3_V2021,EN_NPi2020_1400,ARG,Emissions|CO2|Energy|Demand|Transportation,Mt CO2/yr,,,,,,,,,,,,53.888205383522,,56.4880685156151,,,,,56.0958157089006,55.2483769965333,54.6285266380644,53.44725401451,51.7955325141165,49.6883350804157,48.1477880217337,44.9095508351603,42.0708189069276,39.7453621736885,35.7947159928436,32.6357469387537,26.5932257935029,21.2433073494039,20.2975010880095,20.7659525859084,,,,Argentina,CO2
GEM-E3_V2021,EN_NPi2020_1400,ARG,Emissions|CO2|Energy|Supply,Mt CO2/yr,,,,,,,,,,,,53.3217510396591,,55.2554494399629,,,,,49.8527123294928,38.9257108463063,32.9529277808215,23.697256643148,23.3107470447903,19.7311558878157,19.0343072599976,17.7754373534637,17.0618637139294,16.6164263123885,14.3605643303304,-3.0579101571362,-21.3070282197611,-34.0565083490986,-50.2293856086834,-57.1682780727057,,,,Argentina,CO2
GEM-E3_V2021,EN_NPi2020_1400,ARG,Emissions|CO2|Energy|Supply|Electricity,Mt CO2/yr,,,,,,,,,,,,31.3445278453508,,32.0495736839937,,,,,26.4343316746791,16.8416903278826,11.7360391144035,3.73232908124809,4.12011485732286,1.18920035779642,0.802178464956334,0.293632430351407,0.145951447364647,0.0691986527015182,0.0001378068689613,-16.1088749984436,-32.1565132518176,-43.340145291817,-59.4046307395946,-66.7122823783834,,,,Argentina,CO2
GEM-E3_V2021,EN_NPi2020_1400,ARG,Emissions|CO2|Energy|Supply|Gases,Mt CO2/yr,,,,,,,,,,,,9.11828381440967,,10.0461059902031,,,,,10.2239604354862,9.19006372683571,8.61762414809135,7.7476275931519,7.39609051966457,7.18255475223812,7.10647450996988,6.87110678149823,6.72447247730491,6.67193451366698,6.07161496342578,5.75060859336954,5.0313630832746,4.45888531297095,4.45194804792605,4.70113860449494,,,,Argentina,CO2
GEM-E3_V2021,EN_NPi2020_1400,ARG,Emissions|CO2|Energy|Supply|Liquids,Mt CO2/yr,,,,,,,,,,,,12.8545610508708,,13.1519051632529,,,,,13.1916807171222,12.8916019275892,12.5971353834336,12.2157178311626,11.7928305842316,11.357789801768,11.1241093877252,10.6094174293659,10.1902674107187,9.8741834123659,8.28791343064537,7.29957375253011,5.81754319407171,4.82431243581795,4.72286549950977,4.84240837054561,,,,Argentina,CO2
GEM-E3_V2021,EN_NPi2020_1400,ARG,Emissions|CO2|Energy|Supply|Solids,Mt CO2/yr,,,,,,,,,,,,0.0043783290278167,,0.0078646025131367,,,,,0.0027395022052585,0.002354863998716,0.0021291348929275,0.0015821375853586,0.001711083571296,0.0016109760131381,0.001544897346132,0.0012807122481242,0.0011723785411163,0.0011097336541755,0.000898129390286,0.0007824954078338,0.0005787547101618,0.0004391939295421,0.0004315834753716,0.0004573306371493,,,,Argentina,CO2
GEM-E3_V2021,EN_NPi2020_1400,ARG,Emissions|CO2|Industrial Processes,Mt CO2/yr,,,,,,,,,,,,12.3321515029295,,17.1244494132503,,,,,17.3194526566303,17.6203310145083,18.4987950624972,18.7887271217649,18.8297615450245,18.7910428135369,18.8700309049494,18.4568193158783,18.1790905109579,17.9601471770896,17.7360058717397,17.3166057761855,16.3722626108054,15.5345458138178,15.1724838892452,15.284337755008,,,,Argentina,CO2
GEM-E3_V2021,EN_NPi2020_1400f,ARG,Emissions|CO2|AFOLU,Mt CO2/yr,,,,,,,,,,,,339.310103218767,,310.860050541125,,,,,234.454595856846,158.049086791189,69.8446677800526,-18.3598056124613,-43.8856667564858,-75.9193606983798,-102.237218151541,-127.885400849675,-152.360455699029,-176.835510548384,-207.786295151666,-238.737079754949,-257.645805902792,-276.554532050635,-282.671538088975,-288.788544127314,,,,Argentina,CO2
GEM-E3_V2021,EN_NPi2020_1400f,ARG,Emissions|CO2|Energy and Industrial Processes,Mt CO2/yr,,,,,,,,,,,,190.743684811423,,204.336798798843,,,,,196.39838959024,184.177277461298,177.902340906269,166.379835555969,162.455575854649,154.925827967942,152.15756219778,147.227441924559,142.260421872934,137.869666709316,120.917715052227,92.852132626389,57.2243094245235,32.1974034672725,5.60800100793909,-13.2075604770785,,,,Argentina,CO2
GEM-E3_V2021,EN_NPi2020_1400f,ARG,Emissions|CO2|Energy|Demand,Mt CO2/yr,,,,,,,,,,,,124.918666409286,,131.771014843804,,,,,129.044899850993,127.459210345782,126.289113788781,123.745713242273,120.182160135984,116.285250107272,114.147683368536,110.500225541348,106.540479119796,103.029826321312,88.4250038284413,78.1895227922079,61.8653357172693,50.4328004463426,43.3023816112505,36.1772112328317,,,,Argentina,CO2
GEM-E3_V2021,EN_NPi2020_1400f,ARG,Emissions|CO2|Energy|Demand|AFOFI,Mt CO2/yr,,,,,,,,,,,,14.8692278613726,,18.2393072178693,,,,,18.9283477569084,19.3795332914814,19.7643000247624,19.9700207716459,20.0865639466696,20.1815630235263,20.0067662536771,19.7446182129876,19.3980584635112,19.025569785351,13.0820001295899,9.12342350799189,4.33771095597903,2.04289936273121,1.13250732142618,0.522541572361971,,,,Argentina,CO2
GEM-E3_V2021,EN_NPi2020_1400f,ARG,Emissions|CO2|Energy|Demand|Industry,Mt CO2/yr,,,,,,,,,,,,28.7674309412842,,31.5778346646926,,,,,29.0969080557491,27.6544987742359,26.2707906694177,24.3456996190878,22.1783571900932,20.1340403915181,19.3927212054579,18.4091772158062,17.3399336087742,16.4396617412419,12.0121239555047,9.08965714810086,5.23762649706235,3.14051636392497,2.15677260229756,1.35133854402913,,,,Argentina,CO2
GEM-E3_V2021,EN_NPi2020_1400f,ARG,Emissions|CO2|Energy|Demand|Residential and Commercial,Mt CO2/yr,,,,,,,,,,,,27.3938022231078,,25.4658044456271,,,,,24.9238283294353,25.1768012835313,25.6254964565366,25.9827388370296,26.1217064851046,26.2813116118123,26.6004078876672,26.9009864395708,27.1584373778362,27.5208875970059,27.0529137687729,26.9743801547086,25.4176733092461,23.7150157827646,22.2467974320961,20.2451219849445,,,,Argentina,CO2
GEM-E3_V2021,EN_NPi2020_1400f,ARG,Emissions|CO2|Energy|Demand|Residential and Commercial|Commercial,Mt CO2/yr,,,,,,,,,,,,21.8078727326487,,20.131717905915,,,,,19.606304262726,19.815234541753,20.2870535465691,20.8604001265118,21.3355980795588,21.8427046524585,22.4933083893772,23.1412886066928,23.7696102402689,24.4511175396988,24.729342093835,25.025702223107,24.0146835427968,22.679960439389,21.4302285491188,19.6408133790057,,,,Argentina,CO2
GEM-E3_V2021,EN_NPi2020_1400f,ARG,Emissions|CO2|Energy|Demand|Residential and Commercial|Residential,Mt CO2/yr,,,,,,,,,,,,5.58592949045901,,5.33408653971206,,,,,5.3175240667093,5.36156674177826,5.33844290996754,5.12233871051776,4.78610840554576,4.43860695935379,4.10709949828999,3.75969783287808,3.38882713756725,3.06977005730709,2.32357167493786,1.94867793160162,1.40298976644927,1.03505534337566,0.816568882977329,0.604308605938776,,,,Argentina,CO2
GEM-E3_V2021,EN_NPi2020_1400f,ARG,Emissions|CO2|Energy|Demand|Transportation,Mt CO2/yr,,,,,,,,,,,,53.888205383522,,56.4880685156151,,,,,56.0958157089006,55.2483769965333,54.6285266380644,53.44725401451,51.7955325141165,49.6883350804157,48.1477880217337,45.4454436729833,42.6440496696752,40.0437071977139,36.2779659745735,33.0020619814065,26.8723249549818,21.5343689369217,17.7663042554306,14.058209131496,,,,Argentina,CO2
GEM-E3_V2021,EN_NPi2020_1400f,ARG,Emissions|CO2|Energy|Supply,Mt CO2/yr,,,,,,,,,,,,53.3217510396591,,55.2554494399629,,,,,49.8527123294928,38.9257108463063,32.9529277808215,23.697256643148,23.3107470447903,19.7311558878157,19.0343072599976,17.9930305572844,17.277743666503,16.7217451522711,14.6372258236187,-2.75355651954,-21.0917074367967,-33.8487323079016,-52.3784179465216,-63.1586625249568,,,,Argentina,CO2
GEM-E3_V2021,EN_NPi2020_1400f,ARG,Emissions|CO2|Energy|Supply|Electricity,Mt CO2/yr,,,,,,,,,,,,31.3445278453508,,32.0495736839937,,,,,26.4343316746791,16.8416903278826,11.7360391144035,3.73232908124809,4.12011485732286,1.18920035779642,0.802178464956334,0.291448377381977,0.144874140915222,0.0689583012304178,0.0001356232243584,-15.9771230421712,-32.0410535320494,-43.22372689897,-60.7615213620314,-70.5746138638382,,,,Argentina,CO2
GEM-E3_V2021,EN_NPi2020_1400f,ARG,Emissions|CO2|Energy|Supply|Gases,Mt CO2/yr,,,,,,,,,,,,9.11828381440967,,10.0461059902031,,,,,10.2239604354862,9.19006372683571,8.61762414809135,7.7476275931519,7.39609051966457,7.18255475223812,7.10647450996988,6.98322430725199,6.83352851543755,6.72438297832724,6.16956601270941,5.81432710324188,5.0712624929931,4.49900597461509,4.07576425126956,3.62548043584247,,,,Argentina,CO2
GEM-E3_V2021,EN_NPi2020_1400f,ARG,Emissions|CO2|Energy|Supply|Liquids,Mt CO2/yr,,,,,,,,,,,,12.8545610508708,,13.1519051632529,,,,,13.1916807171222,12.8916019275892,12.5971353834336,12.2157178311626,11.7928305842316,11.357789801768,11.1241093877252,10.7170508866399,10.2981441784176,9.92728279414721,8.46660056671136,7.40844079008438,5.87749586813379,4.87554177545941,4.30697174599593,3.79017798362455,,,,Argentina,CO2
GEM-E3_V2021,EN_NPi2020_1400f,ARG,Emissions|CO2|Energy|Supply|Solids,Mt CO2/yr,,,,,,,,,,,,0.0043783290278167,,0.0078646025131367,,,,,0.0027395022052585,0.002354863998716,0.0021291348929275,0.0015821375853586,0.001711083571296,0.0016109760131381,0.001544897346132,0.0013069860105302,0.0011968317326908,0.0011210785662695,0.0009236209736514,0.0007986293049798,0.0005877341257898,0.0004468409938519,0.0003674182442882,0.0002929194144191,,,,Argentina,CO2
GEM-E3_V2021,EN_NPi2020_1400f,ARG,Emissions|CO2|Industrial Processes,Mt CO2/yr,,,,,,,,,,,,12.3321515029295,,17.1244494132503,,,,,17.3194526566303,17.6203310145083,18.4987950624972,18.7887271217649,18.8297615450245,18.7910428135369,18.8700309049494,18.6410000087822,18.360922669725,18.046630593171,17.7941649867417,17.3626273849312,16.4105643134463,15.5835858284834,14.6608656825237,13.7569985484289,,,,Argentina,CO2
GEM-E3_V2021,EN_NPi2020_1800,ARG,Emissions|CO2|AFOLU,Mt CO2/yr,,,,,,,,,,,,339.310103218767,,310.860050541125,,,,,234.383954447504,157.907912735261,69.9828508602194,-18.0366788732053,-43.7179709561329,-69.3345701783218,-89.7671289857481,-112.760282962964,-142.557979686173,-172.355676409381,-198.705944894298,-225.056213379215,-243.412817146454,-261.769420913692,-268.400053111019,-275.030685308347,,,,Argentina,CO2
GEM-E3_V2021,EN_NPi2020_1800,ARG,Emissions|CO2|Energy and Industrial Processes,Mt CO2/yr,,,,,,,,,,,,190.743684811423,,204.336798798843,,,,,197.066305030866,188.002251580777,179.702248975235,172.017294665694,169.512371652588,166.167754141576,168.183466429134,168.79687172215,169.72308194504,167.002168418802,163.240291126567,158.328733843827,150.655550571179,136.758504502872,105.158679613602,73.4264012794774,,,,Argentina,CO2
GEM-E3_V2021,EN_NPi2020_1800,ARG,Emissions|CO2|Energy|Demand,Mt CO2/yr,,,,,,,,,,,,124.918666409286,,131.771014843804,,,,,129.594240853024,128.592565130882,127.782119050905,126.74354095484,125.538165395277,124.861527853974,126.421079704737,126.921738808785,127.354906264804,125.036134376402,122.283732430075,118.792071984571,113.022204395051,101.417981238159,74.4170391874666,55.7731163012608,,,,Argentina,CO2
GEM-E3_V2021,EN_NPi2020_1800,ARG,Emissions|CO2|Energy|Demand|AFOFI,Mt CO2/yr,,,,,,,,,,,,14.8692278613726,,18.2393072178693,,,,,19.0176792141487,19.5581652149601,19.9620984697507,20.3314614358303,20.6754370290413,21.0350957481842,21.1303232775132,21.1220796101624,21.0449998894195,20.6856747756173,20.2240052011358,19.7685085505516,19.0944477573826,14.9571432667939,5.65684483172978,1.90345433855291,,,,Argentina,CO2
GEM-E3_V2021,EN_NPi2020_1800,ARG,Emissions|CO2|Energy|Demand|Industry,Mt CO2/yr,,,,,,,,,,,,28.7674309412842,,31.5778346646926,,,,,29.3100865061149,28.1043151207002,26.8222327565378,25.4240735498598,24.0902594806443,23.1345895010445,23.5858602804856,24.0049937155228,24.3056749222789,23.5844674683014,22.6418550749778,21.2956498061478,19.3670846129834,15.5490419475527,7.54040840982081,3.49891296270749,,,,Argentina,CO2
GEM-E3_V2021,EN_NPi2020_1800,ARG,Emissions|CO2|Energy|Demand|Residential and Commercial,Mt CO2/yr,,,,,,,,,,,,27.3938022231078,,25.4658044456271,,,,,25.016938612763,25.3489290453229,25.9225939771593,26.5959012297964,27.2049257333502,28.014196264891,29.1497113835316,30.3116836680557,31.5001318989155,32.0887721168657,32.704236401074,33.2066664969719,33.1630109765546,32.7709466916895,30.2401526670663,27.0654224671836,,,,Argentina,CO2
GEM-E3_V2021,EN_NPi2020_1800,ARG,Emissions|CO2|Energy|Demand|Residential and Commercial|Commercial,Mt CO2/yr,,,,,,,,,,,,21.8078727326487,,20.131717905915,,,,,19.6503881615233,19.8985776752953,20.4376055250998,21.1817770374506,21.9165060313106,22.7980814982494,23.9480687704585,25.162347795888,26.4293247560484,27.3818467641939,28.3133388431796,29.1778106866085,29.6873652104904,30.0210646890029,28.5394230003654,25.9688576142297,,,,Argentina,CO2
GEM-E3_V2021,EN_NPi2020_1800,ARG,Emissions|CO2|Energy|Demand|Residential and Commercial|Residential,Mt CO2/yr,,,,,,,,,,,,5.58592949045901,,5.33408653971206,,,,,5.36655045123969,5.45035137002762,5.48498845205946,5.41412419234578,5.28841970203959,5.21611476664154,5.20164261307309,5.14933587216766,5.07080714286712,4.70692535267179,4.39089755789449,4.02885581036336,3.47564576606419,2.74988200268659,1.70072966670087,1.09656485295387,,,,Argentina,CO2
GEM-E3_V2021,EN_NPi2020_1800,ARG,Emissions|CO2|Energy|Demand|Transportation,Mt CO2/yr,,,,,,,,,,,,53.888205383522,,56.4880685156151,,,,,56.2495365199979,55.5811557498992,55.0751938474578,54.3921047393541,53.5675431522415,52.6776463398549,52.5551847632064,51.4829818150447,50.5040995541906,48.6772200156177,46.7136357528879,44.5212471309,41.3976610481305,38.1408493321232,30.9796332788496,23.3053265328168,,,,Argentina,CO2
GEM-E3_V2021,EN_NPi2020_1800,ARG,Emissions|CO2|Energy|Supply,Mt CO2/yr,,,,,,,,,,,,53.3217510396591,,55.2554494399629,,,,,49.9113912642016,41.4526966376647,33.0807188717267,25.9537221544799,24.2838769962097,21.2032118989821,21.1400851988827,20.8334048345747,20.9871510498375,20.6843141329308,20.1396201014826,19.3967487015094,18.528815705635,16.9016775970812,13.128523526255,1.30133323865402,,,,Argentina,CO2
GEM-E3_V2021,EN_NPi2020_1800,ARG,Emissions|CO2|Energy|Supply|Electricity,Mt CO2/yr,,,,,,,,,,,,31.3445278453508,,32.0495736839937,,,,,26.3826199991676,19.3554832880907,11.5833861936988,5.30206854632511,4.1098103797848,1.12172315179046,0.748804950147425,0.269329428095078,0.131697602007798,0.0632323139497478,0.0271099737229287,0.0122161274470129,0.0001181917479276,0.0001338952669531,0.000167355997839,-9.20897128865404,,,,Argentina,CO2
GEM-E3_V2021,EN_NPi2020_1800,ARG,Emissions|CO2|Energy|Supply|Gases,Mt CO2/yr,,,,,,,,,,,,9.11828381440967,,10.0461059902031,,,,,10.2847497307794,9.1001241327515,8.77341703295673,8.18709936515511,7.94842522038186,8.04547237428104,8.31426150138005,8.58789577321913,8.98818353474632,9.04874329998852,8.86453280308373,8.51527146892356,8.17745339229555,7.67421281568352,6.33695077959937,5.26958002079366,,,,Argentina,CO2
GEM-E3_V2021,EN_NPi2020_1800,ARG,Emissions|CO2|Energy|Supply|Liquids,Mt CO2/yr,,,,,,,,,,,,12.8545610508708,,13.1519051632529,,,,,13.2412143586827,12.9917340685715,12.7216984700043,12.4628052528025,12.223737203757,12.0341827073143,12.075184175905,11.974519165624,11.8656476399513,11.570796339557,11.246495648805,10.8678462111851,10.3499390750012,9.22619315322418,6.79064482055715,5.24020836981703,,,,Argentina,CO2
GEM-E3_V2021,EN_NPi2020_1800,ARG,Emissions|CO2|Energy|Supply|Solids,Mt CO2/yr,,,,,,,,,,,,0.0043783290278167,,0.0078646025131367,,,,,0.0028071755718572,0.0053551482509511,0.0022171750668659,0.0017489901971988,0.0019041922860248,0.0018336655962309,0.0018345714501382,0.0016604676364834,0.0016222731320455,0.0015421794355144,0.0014816758709503,0.0014148939536908,0.0013050465904068,0.0011377329065754,0.0007605701006603,0.0005161366973732,,,,Argentina,CO2
GEM-E3_V2021,EN_NPi2020_1800,ARG,Emissions|CO2|Industrial Processes,Mt CO2/yr,,,,,,,,,,,,12.3321515029295,,17.1244494132503,,,,,17.3775931913521,17.7820059741975,18.6732913033249,19.1631244877448,19.5430246363218,19.9633391342846,20.4878928017671,20.9132096160273,21.258463864796,21.1713939927881,20.717079893243,20.0509143354814,19.0297336501243,18.3751508751355,17.5674081770389,16.3215136911033,,,,Argentina,CO2
GEM-E3_V2021,EN_NPi2020_1800f,ARG,Emissions|CO2|AFOLU,Mt CO2/yr,,,,,,,,,,,,339.310103218767,,310.860050541125,,,,,234.383954447504,157.907912735261,69.9828508602194,-18.0366788732053,-43.7179709561329,-69.3345701783218,-89.7671289857481,-112.760282962964,-142.557979686173,-172.355676409381,-198.705944894298,-225.056213379215,-243.412817146454,-261.769420913692,-268.400053111019,-275.030685308347,,,,Argentina,CO2
GEM-E3_V2021,EN_NPi2020_1800f,ARG,Emissions|CO2|Energy and Industrial Processes,Mt CO2/yr,,,,,,,,,,,,190.743684811423,,204.336798798843,,,,,197.066305030866,188.002251580777,179.702248975235,172.017294665694,169.512371652588,166.167754141576,168.183466429134,168.79687172215,169.72308194504,167.002168418802,163.240291126567,158.328733843827,150.655550571179,136.758504502872,105.158679613602,73.4264012794774,,,,Argentina,CO2
GEM-E3_V2021,EN_NPi2020_1800f,ARG,Emissions|CO2|Energy|Demand,Mt CO2/yr,,,,,,,,,,,,124.918666409286,,131.771014843804,,,,,129.594240853024,128.592565130882,127.782119050905,126.74354095484,125.538165395277,124.861527853974,126.421079704737,126.921738808785,127.354906264804,125.036134376402,122.283732430075,118.792071984571,113.022204395051,101.417981238159,74.4170391874666,55.7731163012608,,,,Argentina,CO2
GEM-E3_V2021,EN_NPi2020_1800f,ARG,Emissions|CO2|Energy|Demand|AFOFI,Mt CO2/yr,,,,,,,,,,,,14.8692278613726,,18.2393072178693,,,,,19.0176792141487,19.5581652149601,19.9620984697507,20.3314614358303,20.6754370290413,21.0350957481842,21.1303232775132,21.1220796101624,21.0449998894195,20.6856747756173,20.2240052011358,19.7685085505516,19.0944477573826,14.9571432667939,5.65684483172978,1.90345433855291,,,,Argentina,CO2
GEM-E3_V2021,EN_NPi2020_1800f,ARG,Emissions|CO2|Energy|Demand|Industry,Mt CO2/yr,,,,,,,,,,,,28.7674309412842,,31.5778346646926,,,,,29.3100865061149,28.1043151207002,26.8222327565378,25.4240735498598,24.0902594806443,23.1345895010445,23.5858602804856,24.0049937155228,24.3056749222789,23.5844674683014,22.6418550749778,21.2956498061478,19.3670846129834,15.5490419475527,7.54040840982081,3.49891296270749,,,,Argentina,CO2
GEM-E3_V2021,EN_NPi2020_1800f,ARG,Emissions|CO2|Energy|Demand|Residential and Commercial,Mt CO2/yr,,,,,,,,,,,,27.3938022231078,,25.4658044456271,,,,,25.016938612763,25.3489290453229,25.9225939771593,26.5959012297964,27.2049257333502,28.014196264891,29.1497113835316,30.3116836680557,31.5001318989155,32.0887721168657,32.704236401074,33.2066664969719,33.1630109765546,32.7709466916895,30.2401526670663,27.0654224671836,,,,Argentina,CO2
GEM-E3_V2021,EN_NPi2020_1800f,ARG,Emissions|CO2|Energy|Demand|Residential and Commercial|Commercial,Mt CO2/yr,,,,,,,,,,,,21.8078727326487,,20.131717905915,,,,,19.6503881615233,19.8985776752953,20.4376055250998,21.1817770374506,21.9165060313106,22.7980814982494,23.9480687704585,25.162347795888,26.4293247560484,27.3818467641939,28.3133388431796,29.1778106866085,29.6873652104904,30.0210646890029,28.5394230003654,25.9688576142297,,,,Argentina,CO2
GEM-E3_V2021,EN_NPi2020_1800f,ARG,Emissions|CO2|Energy|Demand|Residential and Commercial|Residential,Mt CO2/yr,,,,,,,,,,,,5.58592949045901,,5.33408653971206,,,,,5.36655045123969,5.45035137002762,5.48498845205946,5.41412419234578,5.28841970203959,5.21611476664154,5.20164261307309,5.14933587216766,5.07080714286712,4.70692535267179,4.39089755789449,4.02885581036336,3.47564576606419,2.74988200268659,1.70072966670087,1.09656485295387,,,,Argentina,CO2
GEM-E3_V2021,EN_NPi2020_1800f,ARG,Emissions|CO2|Energy|Demand|Transportation,Mt CO2/yr,,,,,,,,,,,,53.888205383522,,56.4880685156151,,,,,56.2495365199979,55.5811557498992,55.0751938474578,54.3921047393541,53.5675431522415,52.6776463398549,52.5551847632064,51.4829818150447,50.5040995541906,48.6772200156177,46.7136357528879,44.5212471309,41.3976610481305,38.1408493321232,30.9796332788496,23.3053265328168,,,,Argentina,CO2
GEM-E3_V2021,EN_NPi2020_1800f,ARG,Emissions|CO2|Energy|Supply,Mt CO2/yr,,,,,,,,,,,,53.3217510396591,,55.2554494399629,,,,,49.9113912642016,41.4526966376647,33.0807188717267,25.9537221544799,24.2838769962097,21.2032118989821,21.1400851988827,20.8334048345747,20.9871510498375,20.6843141329308,20.1396201014826,19.3967487015094,18.528815705635,16.9016775970812,13.128523526255,1.30133323865402,,,,Argentina,CO2
GEM-E3_V2021,EN_NPi2020_1800f,ARG,Emissions|CO2|Energy|Supply|Electricity,Mt CO2/yr,,,,,,,,,,,,31.3445278453508,,32.0495736839937,,,,,26.3826199991676,19.3554832880907,11.5833861936988,5.30206854632511,4.1098103797848,1.12172315179046,0.748804950147425,0.269329428095078,0.131697602007798,0.0632323139497478,0.0271099737229287,0.0122161274470129,0.0001181917479276,0.0001338952669531,0.000167355997839,-9.20897128865404,,,,Argentina,CO2
GEM-E3_V2021,EN_NPi2020_1800f,ARG,Emissions|CO2|Energy|Supply|Gases,Mt CO2/yr,,,,,,,,,,,,9.11828381440967,,10.0461059902031,,,,,10.2847497307794,9.1001241327515,8.77341703295673,8.18709936515511,7.94842522038186,8.04547237428104,8.31426150138005,8.58789577321913,8.98818353474632,9.04874329998852,8.86453280308373,8.51527146892356,8.17745339229555,7.67421281568352,6.33695077959937,5.26958002079366,,,,Argentina,CO2
GEM-E3_V2021,EN_NPi2020_1800f,ARG,Emissions|CO2|Energy|Supply|Liquids,Mt CO2/yr,,,,,,,,,,,,12.8545610508708,,13.1519051632529,,,,,13.2412143586827,12.9917340685715,12.7216984700043,12.4628052528025,12.223737203757,12.0341827073143,12.075184175905,11.974519165624,11.8656476399513,11.570796339557,11.246495648805,10.8678462111851,10.3499390750012,9.22619315322418,6.79064482055715,5.24020836981703,,,,Argentina,CO2
GEM-E3_V2021,EN_NPi2020_1800f,ARG,Emissions|CO2|Energy|Supply|Solids,Mt CO2/yr,,,,,,,,,,,,0.0043783290278167,,0.0078646025131367,,,,,0.0028071755718572,0.0053551482509511,0.0022171750668659,0.0017489901971988,0.0019041922860248,0.0018336655962309,0.0018345714501382,0.0016604676364834,0.0016222731320455,0.0015421794355144,0.0014816758709503,0.0014148939536908,0.0013050465904068,0.0011377329065754,0.0007605701006603,0.0005161366973732,,,,Argentina,CO2
GEM-E3_V2021,EN_NPi2020_1800f,ARG,Emissions|CO2|Industrial Processes,Mt CO2/yr,,,,,,,,,,,,12.3321515029295,,17.1244494132503,,,,,17.3775931913521,17.7820059741975,18.6732913033249,19.1631244877448,19.5430246363218,19.9633391342846,20.4878928017671,20.9132096160273,21.258463864796,21.1713939927881,20.717079893243,20.0509143354814,19.0297336501243,18.3751508751355,17.5674081770389,16.3215136911033,,,,Argentina,CO2
GEM-E3_V2021,EN_NPi2020_400f,ARG,Emissions|CO2|AFOLU,Mt CO2/yr,,,,,,,,,,,,339.310103218767,,310.860050541125,,,,,161.325292877237,11.7905895947258,-26.4991207606868,-64.7887767347221,-88.5842185514296,-112.379714749514,-139.404669763955,-165.062817774714,-187.772559496516,-210.482301218319,-232.314064583608,-254.145827948897,-279.828023498641,-305.510219048384,-314.229470517706,-322.948721987027,,,,Argentina,CO2
GEM-E3_V2021,EN_NPi2020_400f,ARG,Emissions|CO2|Energy and Industrial Processes,Mt CO2/yr,,,,,,,,,,,,190.743684811423,,204.336799189868,,,,,189.948546658913,164.502275536259,149.076493683413,132.093577643114,98.2054445401665,62.2050280215889,30.1394539900013,-25.1270693289391,-38.9193314419002,-56.9141070186129,-63.3013359654877,-74.8020593355113,-93.0956222144088,-101.365458022092,-106.794668557012,-112.79471395111,,,,Argentina,CO2
GEM-E3_V2021,EN_NPi2020_400f,ARG,Emissions|CO2|Energy|Demand,Mt CO2/yr,,,,,,,,,,,,124.918666409286,,131.771015083738,,,,,123.702373369019,118.547133607971,111.121642629305,99.0103630529094,69.8316001864828,40.152633105116,29.6942835790956,23.3965567734445,19.7950491868651,17.2346417316924,15.8476867041233,14.9842054018042,14.2389024634235,13.5979598097232,13.052330258104,12.6662709314234,,,,Argentina,CO2
GEM-E3_V2021,EN_NPi2020_400f,ARG,Emissions|CO2|Energy|Demand|AFOFI,Mt CO2/yr,,,,,,,,,,,,14.8692278613726,,18.2393073476029,,,,,18.1033414690316,18.1173383151341,17.8339189203635,17.1530185920166,9.67285797580203,1.91574960609646,0.71365318783221,0.351345149574256,0.198449282819544,0.123788105225283,0.0920215540983654,0.072777400712682,0.0598619286692595,0.0470671885932149,0.0367330267876234,0.0300346727838412,,,,Argentina,CO2
GEM-E3_V2021,EN_NPi2020_400f,ARG,Emissions|CO2|Energy|Demand|Industry,Mt CO2/yr,,,,,,,,,,,,28.7674309412842,,31.5778348078154,,,,,27.0669779455139,24.3469457718854,20.7725000973757,16.065309562286,7.65772795240486,2.18011311433752,1.19356291086156,0.792597557846051,0.587310238037342,0.462616395630077,0.404054622782614,0.362405044642704,0.332632028290526,0.301717853119468,0.274271858970741,0.256100864287992,,,,Argentina,CO2
GEM-E3_V2021,EN_NPi2020_400f,ARG,Emissions|CO2|Energy|Demand|Residential and Commercial,Mt CO2/yr,,,,,,,,,,,,27.3938022231078,,25.4658043340944,,,,,23.9987525973709,23.5715693756423,22.842261823691,21.3861359912194,18.6896441162332,15.5638918399363,13.6837118803873,12.1495226079679,11.1316988106217,10.2548321964005,9.76047185563276,9.45827856472297,9.14576994665347,8.86933978271243,8.61938681470307,8.43033993452825,,,,Argentina,CO2
GEM-E3_V2021,EN_NPi2020_400f,ARG,Emissions|CO2|Energy|Demand|Residential and Commercial|Commercial,Mt CO2/yr,,,,,,,,,,,,21.8078727326487,,20.1317177887168,,,,,19.1658857589999,19.0119514943606,18.8561679668443,18.4042543197186,17.1279331604537,14.7970702900228,13.168417281357,11.763548583352,10.8168063381116,9.9865829779472,9.51490403246725,9.22753340746645,8.9265442007332,8.66252850337528,8.42403349922764,8.24302249457232,,,,Argentina,CO2
GEM-E3_V2021,EN_NPi2020_400f,ARG,Emissions|CO2|Energy|Demand|Residential and Commercial|Residential,Mt CO2/yr,,,,,,,,,,,,5.58592949045901,,5.33408654537755,,,,,4.832866838371,4.55961788128164,3.98609385684671,2.9818816715008,1.56171095577951,0.76682154991356,0.515294599030225,0.385974024615841,0.314892472510038,0.26824921845333,0.245567823165509,0.230745157256522,0.219225745920272,0.206811279337152,0.19535331547543,0.187317439955931,,,,Argentina,CO2
GEM-E3_V2021,EN_NPi2020_400f,ARG,Emissions|CO2|Energy|Demand|Transportation,Mt CO2/yr,,,,,,,,,,,,53.888205383522,,56.4880685942261,,,,,54.5333013571029,52.5112801453098,49.6729617878751,44.4058989073872,33.8113701420426,20.4928785447457,14.1033556000146,10.1030914580563,7.87759085538654,6.39340503443655,5.59113867160956,5.09074439172587,4.70063855981029,4.37983498529809,4.12193855764262,3.94979545982334,,,,Argentina,CO2
GEM-E3_V2021,EN_NPi2020_400f,ARG,Emissions|CO2|Energy|Supply,Mt CO2/yr,,,,,,,,,,,,53.3217510396591,,55.2554495308794,,,,,49.3590265344669,29.3061285480356,21.4258707018369,17.4442992929225,13.7180609258579,8.07525214880105,-12.9415350008215,-61.1137200513938,-70.9228694846036,-85.9034920209747,-90.5278403794936,-100.798849595669,-117.829464731912,-125.11913746582,-129.680287107464,-134.931670719024,,,,Argentina,CO2
GEM-E3_V2021,EN_NPi2020_400f,ARG,Emissions|CO2|Energy|Supply|Electricity,Mt CO2/yr,,,,,,,,,,,,31.3445278453508,,32.0495737485138,,,,,27.0158436777601,9.5349795204142,3.6764434968611,1.94448501549668,2.33515832744887,0.738105532499127,-18.8068434827707,-66.0801782117379,-75.4214620599799,-89.9976941621332,-94.4313686266371,-104.611255442978,-121.585575473014,-128.84395186435,-133.389023892441,-138.651458254545,,,,Argentina,CO2
GEM-E3_V2021,EN_NPi2020_400f,ARG,Emissions|CO2|Energy|Supply|Gases,Mt CO2/yr,,,,,,,,,,,,9.11828381440967,,10.0461059799126,,,,,9.64560461188449,7.68999101700157,6.51330968781474,5.4947482570965,4.20027486329624,3.08435560685343,2.56683222101795,2.20075724249601,2.00824340745052,1.76964924074407,1.6556627170493,1.58801929354348,1.5328322241025,1.49305875487595,1.4571205452833,1.43061013219601,,,,Argentina,CO2
GEM-E3_V2021,EN_NPi2020_400f,ARG,Emissions|CO2|Energy|Supply|Liquids,Mt CO2/yr,,,,,,,,,,,,12.8545610508708,,13.1519051999239,,,,,12.6953357467325,12.0796335780641,11.2348599838426,10.004080293302,7.18199976752105,4.25248444028405,3.29827124861202,2.76555064381628,2.49022716808722,2.32444868860683,2.24776926267264,2.22429393040905,2.22318806643877,2.23166661118594,2.2515277649822,2.28908803197188,,,,Argentina,CO2
GEM-E3_V2021,EN_NPi2020_400f,ARG,Emissions|CO2|Energy|Supply|Solids,Mt CO2/yr,,,,,,,,,,,,0.0043783290278167,,0.0078646025290128,,,,,0.002242498089651,0.0015244325556566,0.0012575333183887,0.0009857270272334,0.0006279675918114,0.0003065691644328,0.0002050123192857,0.0001502740318647,0.0001219998385439,0.0001042118075557,9.62674214979245e-05,9.26233566226117e-05,9.04505614358433e-05,8.90324682511812e-05,8.84747113184929e-05,8.93713525338896e-05,,,,Argentina,CO2
GEM-E3_V2021,EN_NPi2020_400f,ARG,Emissions|CO2|Industrial Processes,Mt CO2/yr,,,,,,,,,,,,12.3321515029295,,17.1244494730458,,,,,16.7229627676634,16.5041598338151,16.410103133645,15.5538751219821,14.6036407880667,13.949346334664,13.368623152379,12.5771385751185,12.198387318429,11.7465394468204,11.3716248121665,11.0060890731566,10.4890029988028,10.150329640186,9.82838737711797,9.46615022228748,,,,Argentina,CO2
GEM-E3_V2021,EN_NPi2020_500,ARG,Emissions|CO2|AFOLU,Mt CO2/yr,,,,,,,,,,,,339.310103218767,,310.860050541125,,,,,148.328469948713,-14.2031106436981,-46.3429397830935,-78.4827689224889,-104.741039439324,-130.117552109272,-150.644924458182,-169.82247647426,-184.115163956981,-198.407851439702,-219.415038160044,-240.422224880386,-257.231373779473,-274.04052267856,-277.007765980501,-279.975009282442,,,,Argentina,CO2
GEM-E3_V2021,EN_NPi2020_500,ARG,Emissions|CO2|Energy and Industrial Processes,Mt CO2/yr,,,,,,,,,,,,190.743684811423,,204.336799484622,,,,,179.952009068742,139.474726737546,96.8165823890638,51.7531561414955,27.797865130076,41.3899384269002,49.0531574330252,38.4033173001811,22.5809309556911,14.5913058536526,22.9062153959575,21.5611817562375,14.7133716283438,8.86859761607284,4.29414587097969,5.32808428017275,,,,Argentina,CO2
GEM-E3_V2021,EN_NPi2020_500,ARG,Emissions|CO2|Energy|Demand,Mt CO2/yr,,,,,,,,,,,,124.918666409286,,131.771015292955,,,,,118.361254547793,104.080956416469,70.0357699061475,32.5030874699942,12.871360789367,23.4942392373042,29.373001893345,35.3841912855384,38.6464736818396,45.9418065388544,55.5356982678138,60.387393923888,63.5343475464024,64.1712697864647,68.4093582461683,71.5455807312736,,,,Argentina,CO2
GEM-E3_V2021,EN_NPi2020_500,ARG,Emissions|CO2|Energy|Demand|AFOFI,Mt CO2/yr,,,,,,,,,,,,14.8692278613726,,18.2393073865078,,,,,17.3116629939509,16.2330551156728,10.0790504322645,1.53149559929505,0.079183572347851,0.384025667786498,0.699403669844027,1.27176726830689,1.61017403109004,2.58072018000022,4.17708957296867,4.89478364135457,5.18941640717289,4.79743361751502,5.26052153933376,5.28774992154325,,,,Argentina,CO2
GEM-E3_V2021,EN_NPi2020_500,ARG,Emissions|CO2|Energy|Demand|Industry,Mt CO2/yr,,,,,,,,,,,,28.7674309412842,,31.5778348358645,,,,,25.189150085862,19.2443146122642,9.02000722995306,2.03738873397737,0.34527510155904,0.808947940272404,1.19370080412742,1.76965608080171,2.12145575936179,3.05353871926993,4.58150389378834,5.38909023353089,5.91852486120123,5.91679554306881,6.75250889905643,7.30958150940415,,,,Argentina,CO2
GEM-E3_V2021,EN_NPi2020_500,ARG,Emissions|CO2|Energy|Demand|Residential and Commercial,Mt CO2/yr,,,,,,,,,,,,27.3938022231078,,25.465804478808,,,,,22.9896528104883,21.016300200797,17.066762270607,12.6598206232511,7.14515822976339,11.5546505837695,13.7154250326161,15.7720645249826,17.1660577829188,19.4428904684975,22.1346577085104,23.9791141476718,25.5422843923374,26.6933221921005,28.5109829503886,30.2669898145604,,,,Argentina,CO2
GEM-E3_V2021,EN_NPi2020_500,ARG,Emissions|CO2|Energy|Demand|Residential and Commercial|Commercial,Mt CO2/yr,,,,,,,,,,,,21.8078727326487,,20.1317179327498,,,,,18.6715987458694,17.7234121393085,15.6231176435088,12.1469112187076,6.97474948536692,11.1735976734075,13.1953122846734,15.0828529024845,16.3800899512233,18.4452287001981,20.8504632943484,22.5534790661324,24.0327448770693,25.1922540053493,26.8967299832058,28.5939241057788,,,,Argentina,CO2
GEM-E3_V2021,EN_NPi2020_500,ARG,Emissions|CO2|Energy|Demand|Residential and Commercial|Residential,Mt CO2/yr,,,,,,,,,,,,5.58592949045901,,5.33408654605822,,,,,4.31805406461887,3.29288806148843,1.44364462709816,0.512909404543494,0.170408744396473,0.381052910362001,0.520112747942685,0.689211622498122,0.785967831695477,0.997661768299411,1.28419441416199,1.42563508153944,1.50953951526809,1.50106818675111,1.6142529671828,1.67306570878158,,,,Argentina,CO2
GEM-E3_V2021,EN_NPi2020_500,ARG,Emissions|CO2|Energy|Demand|Transportation,Mt CO2/yr,,,,,,,,,,,,53.888205383522,,56.4880685917751,,,,,52.8707886574916,47.5872864877353,33.8699499733228,16.2743825134706,5.30174388569671,10.7466150454757,13.7644723867574,16.5707034114471,17.748786108469,20.8646571710867,24.6424470925463,26.1244059013306,26.8841218856908,26.7637184337803,27.8853448573895,28.6812594857657,,,,Argentina,CO2
GEM-E3_V2021,EN_NPi2020_500,ARG,Emissions|CO2|Energy|Supply,Mt CO2/yr,,,,,,,,,,,,53.3217510396591,,55.2554496054611,,,,,45.2708478288818,20.6236316440239,13.6248523442869,6.9344766088666,4.36139384945891,5.43645189341503,6.038269997533,-11.2470919542861,-30.6702870925765,-46.5783788606648,-48.5272611432937,-54.951438887085,-64.9256083262858,-71.4284267289768,-80.3091773957543,-82.5548422153467,,,,Argentina,CO2
GEM-E3_V2021,EN_NPi2020_500,ARG,Emissions|CO2|Energy|Supply|Electricity,Mt CO2/yr,,,,,,,,,,,,31.3445278453508,,32.0495737792156,,,,,24.1957887576208,4.01679609773022,2.454621343884,0.828993074747641,0.969132533821379,0.564176040030445,0.303395055728381,-17.8630281226502,-37.7994761381818,-54.8152559752964,-58.2011965729324,-65.399152897514,-75.9161469349102,-82.6160912071637,-92.2102839297789,-95.0262056242028,,,,Argentina,CO2
GEM-E3_V2021,EN_NPi2020_500,ARG,Emissions|CO2|Energy|Supply|Gases,Mt CO2/yr,,,,,,,,,,,,9.11828381440967,,10.0461060220933,,,,,8.88099215153116,5.93602725142266,3.91263195928864,2.51869631444529,1.44767137122903,2.14084311899671,2.50985928187881,2.88333081160275,3.13377591140294,3.62166111066865,4.25548697793927,4.66521104420763,4.99953266486037,5.2055982461661,5.6269079935748,6.01151731676251,,,,Argentina,CO2
GEM-E3_V2021,EN_NPi2020_500,ARG,Emissions|CO2|Energy|Supply|Liquids,Mt CO2/yr,,,,,,,,,,,,12.8545610508708,,13.1519052016127,,,,,12.1925358115753,10.6697234224179,7.25699664249619,3.58656094981175,1.94452054640887,2.73128463130812,3.22481422432073,3.73234279303322,3.99511420624739,4.61483199107001,5.41794447393955,5.78193312538931,5.9903899248176,5.98143736171106,6.27350637183628,6.45910724881502,,,,Argentina,CO2
GEM-E3_V2021,EN_NPi2020_500,ARG,Emissions|CO2|Energy|Supply|Solids,Mt CO2/yr,,,,,,,,,,,,0.0043783290278167,,0.0078646025394325,,,,,0.0015311081544731,0.0010848724531028,0.0006023986181096,0.0002262698619181,6.93979996242636e-05,0.0001481030797508,0.0002014356050773,0.0002625637280783,0.0002989279549293,0.0003840128929339,0.0005039777598627,0.0005698408320649,0.0006160189463944,0.0006288703098168,0.0006921686135684,0.0007388432784922,,,,Argentina,CO2
GEM-E3_V2021,EN_NPi2020_500,ARG,Emissions|CO2|Industrial Processes,Mt CO2/yr,,,,,,,,,,,,12.3321515029295,,17.1244494838699,,,,,16.1736422633475,14.6668094981729,13.1075838397231,12.296558335097,10.5593713851012,12.4455366146144,13.6236502028112,14.2428759539313,14.579012765863,15.1964476956107,15.8591711195833,16.0839427232702,16.062282272274,16.0844789033738,16.1510519645981,16.2939466746512,,,,Argentina,CO2
GEM-E3_V2021,EN_NPi2020_500f,ARG,Emissions|CO2|AFOLU,Mt CO2/yr,,,,,,,,,,,,339.310103218767,,310.860050541125,,,,,161.325292877237,12.4691121535371,-25.4026471949445,-63.4654690552,-87.2833394242878,-111.158819522762,-138.049804185819,-164.424660000056,-187.810741746644,-211.196823493231,-232.797820427996,-254.398817362761,-280.060174056415,-305.721530750068,-314.008351259532,-322.295171768996,,,,Argentina,CO2
GEM-E3_V2021,EN_NPi2020_500f,ARG,Emissions|CO2|Energy and Industrial Processes,Mt CO2/yr,,,,,,,,,,,,190.743684811423,,204.336799189868,,,,,191.711569750052,171.389848412026,154.961521217554,137.007999743994,118.755702643193,81.9328078609424,55.0826403106354,16.6654818976006,-19.9269299359087,-42.2571297593675,-52.7289872142267,-66.3184043329867,-83.1073774733916,-90.1149320101942,-102.805926463371,-106.948015903934,,,,Argentina,CO2
GEM-E3_V2021,EN_NPi2020_500f,ARG,Emissions|CO2|Energy|Demand,Mt CO2/yr,,,,,,,,,,,,124.918666409286,,131.771015083738,,,,,125.141912834871,120.704946648361,115.376178911033,102.799715761576,87.7578933971109,56.8334899043108,39.2182356348112,31.170686056561,24.376019522539,21.8743440158634,19.1574019146338,17.2023538354304,16.3125599789609,15.6435616477498,15.0742373616138,14.6905243188055,,,,Argentina,CO2
GEM-E3_V2021,EN_NPi2020_500f,ARG,Emissions|CO2|Energy|Demand|AFOFI,Mt CO2/yr,,,,,,,,,,,,14.8692278613726,,18.2393073476029,,,,,18.3196537825071,18.4257843117939,18.363285745075,17.5583478338883,15.634414812281,5.43746668938198,1.64480954916333,0.81462839095086,0.368827721602807,0.251589293409041,0.156166700400341,0.104899571115737,0.0863696578737183,0.0666970851158811,0.0544213613830777,0.0444287392094899,,,,Argentina,CO2
GEM-E3_V2021,EN_NPi2020_500f,ARG,Emissions|CO2|Energy|Demand|Industry,Mt CO2/yr,,,,,,,,,,,,28.7674309412842,,31.5778348078154,,,,,27.6143755618697,25.1138862722519,22.2592901378088,17.215841355152,12.1353905046614,4.56033088867674,2.04469543992021,1.3262768723197,0.837214440626022,0.685524786207769,0.539212048442077,0.440528785085685,0.402994055323207,0.362230164948268,0.335443925470135,0.312755278454116,,,,Argentina,CO2
GEM-E3_V2021,EN_NPi2020_500f,ARG,Emissions|CO2|Energy|Demand|Residential and Commercial,Mt CO2/yr,,,,,,,,,,,,27.3938022231078,,25.4658043340944,,,,,24.2470898795492,23.9824581010256,23.629779713891,22.0437084736285,20.5706023810555,18.1364779994269,15.9604877600974,14.59144712936,12.8997845138215,12.2844005436478,11.3652332820627,10.6085471084628,10.2664080504595,10.0338336204836,9.79053148182999,9.63547690519219,,,,Argentina,CO2
GEM-E3_V2021,EN_NPi2020_500f,ARG,Emissions|CO2|Energy|Demand|Residential and Commercial|Commercial,Mt CO2/yr,,,,,,,,,,,,21.8078727326487,,20.1317177887168,,,,,19.2841184474366,19.2211734520221,19.2635189160847,18.7774139238003,18.2749394671355,16.9085876307969,15.2111076589074,14.0292103169478,12.4903768743396,11.9260758195679,11.0617997268199,10.3424777913859,10.0150053700559,9.79830653405435,9.56650956435971,9.42129335416983,,,,Argentina,CO2
GEM-E3_V2021,EN_NPi2020_500f,ARG,Emissions|CO2|Energy|Demand|Residential and Commercial|Residential,Mt CO2/yr,,,,,,,,,,,,5.58592949045901,,5.33408654537755,,,,,4.96297143211259,4.7612846490035,4.36626079780625,3.26629454982818,2.29566291391999,1.22789036862995,0.749380101189933,0.562236812412127,0.409407639481885,0.358324724079866,0.303433555242789,0.266069317076864,0.251402680403599,0.235527086429336,0.224021917470282,0.214183551022362,,,,Argentina,CO2
GEM-E3_V2021,EN_NPi2020_500f,ARG,Emissions|CO2|Energy|Demand|Transportation,Mt CO2/yr,,,,,,,,,,,,53.888205383522,,56.4880685942261,,,,,54.9607936109457,53.1828179632895,51.1238233142591,45.9818180989076,39.4174856991129,28.6992143268252,19.5682428856303,14.4383336639304,10.2701928464887,8.65282939259879,7.09678988372863,6.04837837076618,5.5567882153044,5.18080077720205,4.89384059293062,4.69786339594974,,,,Argentina,CO2
GEM-E3_V2021,EN_NPi2020_500f,ARG,Emissions|CO2|Energy|Supply,Mt CO2/yr,,,,,,,,,,,,53.3217510396591,,55.2554495308794,,,,,49.5071796917513,33.7848524119524,22.480111360628,18.0723344023598,15.8409057030157,10.3287912093555,1.48850063140037,-28.2205175301236,-57.2234660098059,-76.6885009238659,-83.9268555820188,-95.0072267936637,-110.339793480644,-116.392378665428,-128.124180573126,-131.541531975562,,,,Argentina,CO2
GEM-E3_V2021,EN_NPi2020_500f,ARG,Emissions|CO2|Energy|Supply|Electricity,Mt CO2/yr,,,,,,,,,,,,31.3445278453508,,32.0495737485138,,,,,26.8740989156895,13.2861836307687,3.92474641221898,1.95079334577519,1.97236527204473,0.654296446930315,-5.75665582555662,-34.3334567045116,-62.4070503962892,-81.4901904729069,-88.3442290714174,-99.1705414844985,-114.421030831595,-120.436478728979,-132.149443266545,-135.577341433432,,,,Argentina,CO2
GEM-E3_V2021,EN_NPi2020_500f,ARG,Emissions|CO2|Energy|Supply|Gases,Mt CO2/yr,,,,,,,,,,,,9.11828381440967,,10.0461059799126,,,,,9.800722632667,8.21544018730215,6.92588098241473,5.76319860779563,4.95699610820731,3.80606859337005,3.09191436235927,2.70376038682243,2.34148450664602,2.14361770783887,1.94595686536337,1.79429075007896,1.72633901581934,1.69005593909843,1.65238141381885,1.62926691923089,,,,Argentina,CO2
GEM-E3_V2021,EN_NPi2020_500f,ARG,Emissions|CO2|Energy|Supply|Liquids,Mt CO2/yr,,,,,,,,,,,,12.8545610508708,,13.1519051999239,,,,,12.8300051386698,12.2816158994083,11.6281061189754,10.3572867456403,8.9107164094813,5.8679356152581,4.15294237451425,3.40895825344444,2.84194024016749,2.65793164369826,2.47129606152595,2.3689154792886,2.354793120692,2.35394080373574,2.37277839828424,2.40643867951385,,,,Argentina,CO2
GEM-E3_V2021,EN_NPi2020_500f,ARG,Emissions|CO2|Energy|Supply|Solids,Mt CO2/yr,,,,,,,,,,,,0.0043783290278167,,0.0078646025290128,,,,,0.0023530047249821,0.0016126944731205,0.0013778470187933,0.0010557031486175,0.0008279132823968,0.0004905537971265,0.0002997200834642,0.0002205341210376,0.00015963966974,0.0001401975037969,0.000120562509262,0.0001084614672214,0.0001052144389824,0.0001033207172963,0.0001028813164503,0.000103859125476,,,,Argentina,CO2
GEM-E3_V2021,EN_NPi2020_500f,ARG,Emissions|CO2|Industrial Processes,Mt CO2/yr,,,,,,,,,,,,12.3321515029295,,17.1244494730458,,,,,16.8936964407898,16.7482882222491,16.9745939671557,16.042635962937,15.0903995945703,14.727570091835,14.3496303804907,13.6962239950648,12.907152487351,12.5457559518009,12.0313214385577,11.4787947691428,10.9128666664709,10.6275637217857,10.2382082903883,9.89761626652912,,,,Argentina,CO2
GEM-E3_V2021,EN_NPi2020_600,ARG,Emissions|CO2|AFOLU,Mt CO2/yr,,,,,,,,,,,,339.310103218767,,310.860050541125,,,,,159.585578230398,8.31110591967249,-28.5388574670604,-65.3887664724159,-90.9625337139694,-116.454308800517,-139.27341391124,-161.739654787135,-178.3068945358,-194.874134284466,-217.727593468372,-240.581052652279,-256.032170504794,-271.48328835731,-274.830084074524,-278.176879791739,,,,Argentina,CO2
GEM-E3_V2021,EN_NPi2020_600,ARG,Emissions|CO2|Energy and Industrial Processes,Mt CO2/yr,,,,,,,,,,,,190.743684811423,,204.336799484622,,,,,185.594480578603,155.04896079063,122.900991781409,86.4576538020858,59.1825741720781,41.420939886062,40.5705878790403,46.4498416580397,45.217215003969,29.9010393300834,44.7576320728281,36.4063268582094,31.8301440873961,27.2218168204028,13.0129945434581,8.78521340150691,,,,Argentina,CO2
GEM-E3_V2021,EN_NPi2020_600,ARG,Emissions|CO2|Energy|Demand,Mt CO2/yr,,,,,,,,,,,,124.918666409286,,131.771015292955,,,,,121.497007051868,113.326686328027,92.2588990966529,60.3589691239885,36.6410507361437,23.4681690335608,22.6391408791169,27.2707532219304,30.4570503427956,35.4837610083051,45.5915324650192,50.5463554662247,54.4335699014138,56.8258342863753,57.8997181495036,54.7519560476386,,,,Argentina,CO2
GEM-E3_V2021,EN_NPi2020_600,ARG,Emissions|CO2|Energy|Demand|AFOFI,Mt CO2/yr,,,,,,,,,,,,14.8692278613726,,18.2393073865078,,,,,17.7726575033352,17.4254307560542,15.6382749383077,7.29128053792869,1.82994720023092,0.367127369934846,0.290734901970923,0.526026059610612,0.69079595017406,1.07921361880938,2.18320459003205,2.80387022162653,3.15954140698488,3.20514245925185,3.0943709091211,2.17206721086766,,,,Argentina,CO2
GEM-E3_V2021,EN_NPi2020_600,ARG,Emissions|CO2|Energy|Demand|Industry,Mt CO2/yr,,,,,,,,,,,,28.7674309412842,,31.5778348358644,,,,,26.2931347189075,22.4586233889294,14.7043418539517,6.35317943034842,2.17279355779634,0.786913227358592,0.715321112008997,1.02739377230872,1.25061749582709,1.70571886557687,2.89479556708028,3.57628862139009,4.10243767319708,4.39540657277724,4.5096320548538,3.71353135086678,,,,Argentina,CO2
GEM-E3_V2021,EN_NPi2020_600,ARG,Emissions|CO2|Energy|Demand|Residential and Commercial,Mt CO2/yr,,,,,,,,,,,,27.3938022231078,,25.465804478808,,,,,23.5778982582985,22.6236546028869,19.6770171897328,16.7215801369556,14.0890869706949,11.5090709030791,11.6189412563064,13.5685365909367,15.0669766508547,17.0142721314763,20.1723269991956,22.0512214371108,23.7766382696884,25.2175895132953,26.2997600608654,26.4647661231047,,,,Argentina,CO2
GEM-E3_V2021,EN_NPi2020_600,ARG,Emissions|CO2|Energy|Demand|Residential and Commercial|Commercial,Mt CO2/yr,,,,,,,,,,,,21.8078727326487,,20.1317179327498,,,,,18.9599845158298,18.5335669911249,17.2122910327935,15.5143799905742,13.4421292552889,11.136441954776,11.2613587385872,13.0945214881134,14.5118289885094,16.3235124831877,19.1994257886282,20.9381408277977,22.5650799493833,23.9591952162774,25.0305050440795,25.3373129572282,,,,Argentina,CO2
GEM-E3_V2021,EN_NPi2020_600,ARG,Emissions|CO2|Energy|Demand|Residential and Commercial|Residential,Mt CO2/yr,,,,,,,,,,,,5.58592949045901,,5.33408654605822,,,,,4.6179137424687,4.09008761176202,2.46472615693929,1.20720014638139,0.646957715406019,0.372628948303054,0.357582517719237,0.474015102823286,0.555147662345381,0.69075964828857,0.972901210567446,1.1130806093131,1.21155832030505,1.25839429701789,1.26925501678587,1.12745316587649,,,,Argentina,CO2
GEM-E3_V2021,EN_NPi2020_600,ARG,Emissions|CO2|Energy|Demand|Transportation,Mt CO2/yr,,,,,,,,,,,,53.888205383522,,56.4880685917751,,,,,53.853316571327,50.8189775801566,42.2392651146606,29.9929290187557,18.5492230074214,10.8050575331883,10.0141436088306,12.1487967990743,13.4486602459397,15.6845563924425,20.3412053087112,22.1149751860972,23.3949525515435,24.0076957410509,23.9959551246632,22.4015913627994,,,,Argentina,CO2
GEM-E3_V2021,EN_NPi2020_600,ARG,Emissions|CO2|Energy|Supply,Mt CO2/yr,,,,,,,,,,,,53.3217510396591,,55.2554496054611,,,,,47.4373204522582,25.7571992353182,16.5357668325602,12.462032225069,9.46428890756471,5.62026533320754,5.15223597085733,5.63068680348501,0.579372265711966,-20.2598962869724,-16.4654197413952,-29.9151122898853,-38.4812229394426,-45.5790854696553,-60.6428783946884,-61.5151955198692,,,,Argentina,CO2
GEM-E3_V2021,EN_NPi2020_600,ARG,Emissions|CO2|Energy|Supply|Electricity,Mt CO2/yr,,,,,,,,,,,,31.3445278453508,,32.0495737792156,,,,,25.6348854071784,7.18243637460999,2.10690598143645,2.54237084222004,2.74690810614349,0.693997788106629,0.31333698681969,0.109222073517703,-5.44250114679861,-27.0555641515562,-24.7703192163309,-38.9982860487252,-48.2077995311795,-55.7483686342898,-71.0609526906631,-71.5916099026749,,,,Argentina,CO2
GEM-E3_V2021,EN_NPi2020_600,ARG,Emissions|CO2|Energy|Supply|Gases,Mt CO2/yr,,,,,,,,,,,,9.11828381440967,,10.0461060220933,,,,,9.31188450082489,6.98974384643931,5.01385415273734,3.63892175905602,2.7664379127313,2.17941089502041,2.16166275536622,2.48055312475392,2.73390885707622,3.0967227942671,3.76927562824462,4.15977517108402,4.51846621667058,4.80667558460399,5.00534267667498,4.94929297843094,,,,Argentina,CO2
GEM-E3_V2021,EN_NPi2020_600,ARG,Emissions|CO2|Energy|Supply|Liquids,Mt CO2/yr,,,,,,,,,,,,12.8545610508708,,13.1519052016127,,,,,12.4886535199935,11.5836806913111,9.41414637061957,6.28022741418806,3.95067371359401,2.74670911679317,2.67709465454126,3.04072896430374,3.28775134562123,3.69867917715362,4.5352430485608,4.92295506316175,5.20761541661328,5.36207868446574,5.41218392169428,5.12661277961964,,,,Argentina,CO2
GEM-E3_V2021,EN_NPi2020_600,ARG,Emissions|CO2|Energy|Supply|Solids,Mt CO2/yr,,,,,,,,,,,,0.0043783290278167,,0.0078646025394325,,,,,0.001897024261323,0.0013383229578123,0.0008603277669191,0.0005122096048916,0.0002691750958988,0.0001475332873272,0.0001415741301569,0.0001826409096442,0.0002132098131236,0.0002658931630269,0.0003807981302851,0.0004435245941359,0.0004949584529432,0.0005288955646832,0.0005476976053472,0.0005086247550491,,,,Argentina,CO2
GEM-E3_V2021,EN_NPi2020_600,ARG,Emissions|CO2|Industrial Processes,Mt CO2/yr,,,,,,,,,,,,12.3321515029295,,17.1244494838699,,,,,16.5034730737643,15.8357223095766,14.0334881497012,13.5945639498022,13.0535054799358,12.319099456101,12.7668183712436,13.5323473534345,14.1624901399258,14.6550478669281,15.6014679723431,15.7418966429057,15.8427322255568,15.9395380561248,15.7211859932671,15.5175851086944,,,,Argentina,CO2
GEM-E3_V2021,EN_NPi2020_600_COV,ARG,Emissions|CO2|AFOLU,Mt CO2/yr,,,,,,,,,,,,339.310103218767,,310.78538490985,,,,,159.585578230398,8.31110591967249,-28.5388574670604,-65.3887664724159,-90.9625337139694,-115.077123768582,-137.584289458226,-160.545936875548,-176.762908817902,-192.979880760257,-216.458429530552,-239.936978300848,-255.423323656803,-270.909669012759,-273.523931272183,-276.138193531607,,,,Argentina,CO2
GEM-E3_V2021,EN_NPi2020_600_COV,ARG,Emissions|CO2|Energy and Industrial Processes,Mt CO2/yr,,,,,,,,,,,,190.743684811423,,170.413163590221,,,,,162.895826217954,137.805173225253,118.471616627323,92.9055592755917,55.4069674848278,37.8885824420531,36.7526175781582,42.3300428227744,44.1550804117909,47.7401670768626,57.4253657390117,62.1761622077394,65.7763263629981,67.1116426486517,67.1601880862472,65.7433619038512,,,,Argentina,CO2
GEM-E3_V2021,EN_NPi2020_600_COV,ARG,Emissions|CO2|Energy|Demand,Mt CO2/yr,,,,,,,,,,,,124.918666409286,,110.76451337216,,,,,107.019283398612,101.077723713625,88.9908069224038,68.5163945776103,37.0015294831886,22.430467910566,21.4116765628196,25.6767570190789,27.0392303842233,29.7422211284444,37.4824209891345,41.3792875284716,44.4280033086792,45.4475606376865,45.4174063925497,44.3323043591538,,,,Argentina,CO2
GEM-E3_V2021,EN_NPi2020_600_COV,ARG,Emissions|CO2|Energy|Demand|AFOFI,Mt CO2/yr,,,,,,,,,,,,14.8692278613726,,14.6152606381181,,,,,14.8703539395642,14.7109664851754,13.9008805870005,10.1294353193518,2.19938898220779,0.399819317428538,0.319431454739364,0.534077618297115,0.592656328077839,0.729831431879184,1.38525009168184,1.73184122826731,1.9651457996859,1.83612107512752,1.56938438019912,1.26328374649383,,,,Argentina,CO2
GEM-E3_V2021,EN_NPi2020_600_COV,ARG,Emissions|CO2|Energy|Demand|Industry,Mt CO2/yr,,,,,,,,,,,,28.7674309412842,,24.09469110429,,,,,21.0198260814198,18.4020591555514,13.815974566253,7.99614838845987,2.18799054863401,0.711459593089515,0.648356871234926,0.914822259656293,1.00624052767681,1.19566520467984,1.93041911543907,2.34580650373459,2.69330366206418,2.72312516137778,2.5946735159914,2.36177540218012,,,,Argentina,CO2
GEM-E3_V2021,EN_NPi2020_600_COV,ARG,Emissions|CO2|Energy|Demand|Residential and Commercial,Mt CO2/yr,,,,,,,,,,,,27.3938022231078,,23.6371234848182,,,,,22.3860767036002,21.6960522840777,20.0103022641068,17.727334536057,14.0586931858671,11.1021926664797,11.0833184478584,12.9279972708651,13.8109902359923,15.1275055071175,17.8584087581711,19.4979645586502,20.9335584461849,21.9252430453755,22.6244805110616,22.9073214741142,,,,Argentina,CO2
GEM-E3_V2021,EN_NPi2020_600_COV,ARG,Emissions|CO2|Energy|Demand|Residential and Commercial|Commercial,Mt CO2/yr,,,,,,,,,,,,21.8078727326487,,18.9712256926773,,,,,18.1210105321837,17.8318848069613,17.1863048552665,16.1289058300948,13.3886061896631,10.7455409779508,10.7420897330805,12.4833221632709,13.3282388153568,14.5775052410724,17.1006283860414,18.6352257937392,19.9929064981594,20.9789289503135,21.7087697906327,22.0495672831876,,,,Argentina,CO2
GEM-E3_V2021,EN_NPi2020_600_COV,ARG,Emissions|CO2|Energy|Demand|Residential and Commercial|Residential,Mt CO2/yr,,,,,,,,,,,,5.58592949045901,,4.6658977921409,,,,,4.26506617141649,3.86416747711637,2.82399740884035,1.59842870596222,0.670086996204026,0.356651688528894,0.341228714777887,0.444675107594154,0.482751420635479,0.550000266045102,0.757780372129683,0.862738764910986,0.940651948025455,0.946314095062017,0.915710720428881,0.857754190926564,,,,Argentina,CO2
GEM-E3_V2021,EN_NPi2020_600_COV,ARG,Emissions|CO2|Energy|Demand|Transportation,Mt CO2/yr,,,,,,,,,,,,53.888205383522,,48.4174381449337,,,,,48.7430266740281,46.2686457888214,41.2636495050433,32.6634763337415,18.5554567664796,10.2169963335681,9.36056978898698,11.2998598702603,11.6293432924763,12.6892189847678,16.3083430238425,17.8036752378195,18.8359954007441,18.9630713558057,18.6288679852975,17.7999237363656,,,,Argentina,CO2
GEM-E3_V2021,EN_NPi2020_600_COV,ARG,Emissions|CO2|Energy|Supply,Mt CO2/yr,,,,,,,,,,,,53.3217510396591,,46.1483795726385,,,,,42.3326459888368,23.5231802404475,17.0531504264064,12.6606434045119,7.46535131342195,5.18280606573781,4.75004119835047,5.23168111641089,5.37176527015195,5.78318046447313,6.93088280711741,7.55432412407573,8.06690312511938,8.30011100638147,8.38154852918267,8.3051176357758,,,,Argentina,CO2
GEM-E3_V2021,EN_NPi2020_600_COV,ARG,Emissions|CO2|Energy|Supply|Electricity,Mt CO2/yr,,,,,,,,,,,,31.3445278453508,,26.7995849981411,,,,,23.1745391337876,6.9395534312724,3.07728174218216,1.85099039449626,0.858365233506836,0.569337725266101,0.258346053549013,0.116129749073194,0.0309065680986327,0.009764309512282,0.000152034346284,0.0001484495550003,0.0001459776195547,0.0001483458528254,0.000151717854551,0.000153599749736,,,,Argentina,CO2
GEM-E3_V2021,EN_NPi2020_600_COV,ARG,Emissions|CO2|Energy|Supply|Gases,Mt CO2/yr,,,,,,,,,,,,9.11828381440967,,8.50471228805806,,,,,8.31535557065669,6.41766832731083,5.09566061449909,3.92936457675673,2.76457400529977,2.0681167433791,2.02565380313045,2.33103864227278,2.459832664649,2.68605760990594,3.23216994865232,3.5573260837414,3.84335000296594,4.02103525338066,4.126093241171,4.13820141778443,,,,Argentina,CO2
GEM-E3_V2021,EN_NPi2020_600_COV,ARG,Emissions|CO2|Energy|Supply|Liquids,Mt CO2/yr,,,,,,,,,,,,12.8545610508708,,10.8373973835949,,,,,10.840831787481,10.1647022206666,8.87929628079383,6.87966728530566,3.84213085346976,2.54520860665643,2.46590573417083,2.78433147089971,2.88083907336765,3.08714398870164,3.69826175058155,3.99650308987251,4.22302069790794,4.27852587350362,4.2548997253314,4.16636810776799,,,,Argentina,CO2
GEM-E3_V2021,EN_NPi2020_600_COV,ARG,Emissions|CO2|Energy|Supply|Solids,Mt CO2/yr,,,,,,,,,,,,0.0043783290278167,,0.0066849028443908,,,,,0.0019194969115521,0.0012562611976013,0.0009117889313971,0.000621147953292,0.0002812211455822,0.0001429904361675,0.0001356075001696,0.0001812541652076,0.000186964036655,0.0002145563532617,0.0002990735372447,0.0003465009068115,0.0003864466259426,0.0004015336443533,0.0004038448257163,0.0003945104736348,,,,Argentina,CO2
GEM-E3_V2021,EN_NPi2020_600_COV,ARG,Emissions|CO2|Industrial Processes,Mt CO2/yr,,,,,,,,,,,,12.3321515029295,,13.3460998558144,,,,,13.4060876731323,13.0880366703447,12.3484522653033,11.6799257540972,10.9168412920142,10.2630738182893,10.5796341866114,11.407236098202,11.728930622778,12.1979340455568,12.9895662152024,13.2177278154848,13.2551397311277,13.3380738904495,13.3365928833707,13.08325425233,,,,Argentina,CO2
GEM-E3_V2021,EN_NPi2020_600f,ARG,Emissions|CO2|AFOLU,Mt CO2/yr,,,,,,,,,,,,339.310103218767,,310.860050541125,,,,,162.783529514258,14.7070628687691,-17.140805019226,-51.9512671463382,-78.9414549463495,-107.727586616423,-133.662733053135,-159.689766961722,-182.503969545869,-205.318172130016,-228.839618512332,-252.361064894648,-268.009847387302,-283.658629879956,-297.34825919506,-311.037888510165,,,,Argentina,CO2
GEM-E3_V2021,EN_NPi2020_600f,ARG,Emissions|CO2|Energy and Industrial Processes,Mt CO2/yr,,,,,,,,,,,,190.743684811423,,204.336799189868,,,,,192.412584607975,177.011085495564,161.853955181105,145.403466793783,129.918478322133,98.4867703939739,73.8964545860103,34.0043525061598,-2.24318581023061,-22.3933066493311,-39.3172746017287,-53.5074357584329,-64.4284759064588,-78.2239833644773,-92.0223615802728,-95.6374519622732,,,,Argentina,CO2
GEM-E3_V2021,EN_NPi2020_600f,ARG,Emissions|CO2|Energy|Demand,Mt CO2/yr,,,,,,,,,,,,124.918666409286,,131.771015083738,,,,,125.718926993872,121.581421173338,118.819643440883,108.06958973458,97.0556219319713,70.9802302928289,49.7393604242476,38.528331597955,30.6401127331686,25.9978223418753,22.8361068638874,20.5999752137053,19.1893800636033,17.9614090063432,17.3691860932369,16.9875651878059,,,,Argentina,CO2
GEM-E3_V2021,EN_NPi2020_600f,ARG,Emissions|CO2|Energy|Demand|AFOFI,Mt CO2/yr,,,,,,,,,,,,14.8692278613726,,18.2393073476029,,,,,18.4099121388434,18.5383544426579,18.8099601059714,18.1509876379405,17.6538747047566,9.73825797171986,3.36397818993421,1.55528561757249,0.745174524782633,0.412678298612097,0.261556716919253,0.176057415111469,0.128993888168734,0.0959160885250841,0.0792433421723228,0.0642203972317448,,,,Argentina,CO2
GEM-E3_V2021,EN_NPi2020_600f,ARG,Emissions|CO2|Energy|Demand|Industry,Mt CO2/yr,,,,,,,,,,,,28.7674309412842,,31.5778348078154,,,,,27.8212218604095,25.5048009538297,23.4963933147786,18.8862997670218,14.7494417934637,7.32255928328044,3.35954591987585,2.01753027244741,1.28457038297657,0.920590436361876,0.72350176195187,0.586918416439912,0.504291718950155,0.440760308718978,0.410441105918351,0.380829359782506,,,,Argentina,CO2
GEM-E3_V2021,EN_NPi2020_600f,ARG,Emissions|CO2|Energy|Demand|Residential and Commercial,Mt CO2/yr,,,,,,,,,,,,27.3938022231078,,25.4658043340944,,,,,24.3506274703814,24.0511747110251,24.2664998630753,23.0148723303775,21.8648080288621,19.8159157730236,17.876884612539,16.4169754836209,14.9448944464279,13.8857745125146,12.9808565587273,12.2559633993043,11.7782717657638,11.2935374116476,11.0781341584936,10.9687429979437,,,,Argentina,CO2
GEM-E3_V2021,EN_NPi2020_600f,ARG,Emissions|CO2|Energy|Demand|Residential and Commercial|Commercial,Mt CO2/yr,,,,,,,,,,,,21.8078727326487,,20.1317177887168,,,,,19.3340975453076,19.2516007341482,19.5748417883204,19.30442466933,18.9858780713922,18.1513894909754,16.845801295239,15.6679254858619,14.3887212902766,13.4403490141943,12.6045154177663,11.9279678314285,11.4811125175664,11.0221963507042,10.8199946783914,10.7229488803326,,,,Argentina,CO2
GEM-E3_V2021,EN_NPi2020_600f,ARG,Emissions|CO2|Energy|Demand|Residential and Commercial|Residential,Mt CO2/yr,,,,,,,,,,,,5.58592949045901,,5.33408654537755,,,,,5.01652992507386,4.79957397687682,4.69165807475491,3.7104476610475,2.87892995746992,1.66452628204817,1.0310833173,0.749049997758963,0.556173156151328,0.445425498320301,0.376341140960976,0.327995567875842,0.297159248197384,0.271341060943423,0.25813948010218,0.24579411761116,,,,Argentina,CO2
GEM-E3_V2021,EN_NPi2020_600f,ARG,Emissions|CO2|Energy|Demand|Transportation,Mt CO2/yr,,,,,,,,,,,,53.888205383522,,56.4880685942261,,,,,55.1371655242381,53.4870910658256,52.246790157058,48.0174299992407,42.7874974048888,34.1034972648049,25.1389517018984,18.5385402243142,13.6654733789814,10.7787790943866,8.87019182628893,7.58103598284956,6.77782269072057,6.13119519745152,5.80136748665269,5.5737724328479,,,,Argentina,CO2
GEM-E3_V2021,EN_NPi2020_600f,ARG,Emissions|CO2|Energy|Supply,Mt CO2/yr,,,,,,,,,,,,53.3217510396591,,55.2554495308794,,,,,49.5673206208786,38.3118180343642,25.4761350963285,20.5476757034187,17.0202647163641,12.2431190236131,9.05382787758597,-18.9639502891952,-46.6218054969243,-61.652175616932,-74.8389388408157,-86.2353734709363,-95.2159210837076,-107.312035126229,-120.126089502618,-123.042165505779,,,,Argentina,CO2
GEM-E3_V2021,EN_NPi2020_600f,ARG,Emissions|CO2|Energy|Supply|Electricity,Mt CO2/yr,,,,,,,,,,,,31.3445278453508,,32.0495737485138,,,,,26.8160787386488,17.3638803663994,6.09788356284381,3.45727151396996,1.75487890167891,0.579660453628619,0.273020348065247,-26.1562853110811,-52.7376508356199,-67.1897689133707,-79.8234347297585,-90.9227692446639,-99.7418923550512,-111.716392887,-124.508553613464,-127.434539650598,,,,Argentina,CO2
GEM-E3_V2021,EN_NPi2020_600f,ARG,Emissions|CO2|Energy|Supply|Gases,Mt CO2/yr,,,,,,,,,,,,9.11828381440967,,10.0461059799126,,,,,9.86324699840135,8.5751787523777,7.43445445507887,6.24880799171265,5.49671731974264,4.40805392855567,3.63201130030791,3.1299040987368,2.76305390888216,2.56686246297861,2.2505014971157,2.0906670109137,1.99206360905225,1.90690613319828,1.87108699481094,1.85294681949986,,,,Argentina,CO2
GEM-E3_V2021,EN_NPi2020_600f,ARG,Emissions|CO2|Energy|Supply|Liquids,Mt CO2/yr,,,,,,,,,,,,12.8545610508708,,13.1519051999239,,,,,12.8855932962638,12.3707825356871,11.9423097071168,10.840432058833,9.76771153766022,7.25475219376628,5.14838145530916,4.06213563199478,3.35257428964791,2.9705554833721,2.7338442695188,2.596594317156,2.53378133667049,2.49733122507916,2.51125725248255,2.53930650966189,,,,Argentina,CO2
GEM-E3_V2021,EN_NPi2020_600f,ARG,Emissions|CO2|Energy|Supply|Solids,Mt CO2/yr,,,,,,,,,,,,0.0043783290278167,,0.0078646025290128,,,,,0.0024015875646591,0.0019763798999766,0.0014873712890283,0.001164138903077,0.0009569572823511,0.0006524476625854,0.0004147739036495,0.0002952911542673,0.0002171401655196,0.0001753500879488,0.0001501223083115,0.0001344456578644,0.0001263256208106,0.0001204024926759,0.0001198635530321,0.0001208156566971,,,,Argentina,CO2
GEM-E3_V2021,EN_NPi2020_600f,ARG,Emissions|CO2|Industrial Processes,Mt CO2/yr,,,,,,,,,,,,12.3321515029295,,17.1244494730458,,,,,16.9557067783282,16.9644977327083,17.4173272900837,16.6798943196185,15.7634642280991,15.208622723381,15.0675989145899,14.4145941077485,13.7202079185409,13.2468572936424,12.6740042703538,12.1182652690282,11.5895866542635,11.1191769934345,10.7276618398681,10.4107904417727,,,,Argentina,CO2
GEM-E3_V2021,EN_NPi2020_600f_COV,ARG,Emissions|CO2|AFOLU,Mt CO2/yr,,,,,,,,,,,,339.310103218767,,310.78538490985,,,,,162.783529514258,14.7070628687691,-15.2037279892583,-45.1144644659084,-76.0517582051748,-106.989051944441,-130.448537620754,-155.972561030315,-177.413232792805,-198.853904555295,-224.523009992331,-250.192115429366,-266.487272476702,-282.782429524038,-296.57764176312,-310.372854002201,,,,Argentina,CO2
GEM-E3_V2021,EN_NPi2020_600f_COV,ARG,Emissions|CO2|Energy and Industrial Processes,Mt CO2/yr,,,,,,,,,,,,190.743684811423,,170.413163590221,,,,,165.738157039815,149.369224699357,133.807336853138,121.245281164645,115.726641456025,95.6009055520589,67.7997288841391,51.5599675386955,42.5818380521757,37.8138453514458,34.4205549971803,30.5360843888837,29.3031400441593,28.3954302405874,27.6185250240303,26.9277041372695,,,,Argentina,CO2
GEM-E3_V2021,EN_NPi2020_600f_COV,ARG,Emissions|CO2|Energy|Demand,Mt CO2/yr,,,,,,,,,,,,124.918666409286,,110.76451337216,,,,,109.430877403887,105.641238799171,100.584801520005,91.7743694037778,87.2131142252669,70.8158337013353,46.9571887573601,33.1727436278496,25.7587015421611,21.8749769083779,19.1492375733536,16.3010498360399,15.5247003910183,14.8758301145387,14.3379184560143,13.9635752049226,,,,Argentina,CO2
GEM-E3_V2021,EN_NPi2020_600f_COV,ARG,Emissions|CO2|Energy|Demand|AFOFI,Mt CO2/yr,,,,,,,,,,,,14.8692278613726,,14.6152606381181,,,,,15.2031038151519,15.2908805647705,15.1764364735606,14.8006960874118,14.9063413155957,10.70589340549,3.46742923788241,1.13580511118654,0.482244180985972,0.26372878869991,0.156697425961309,0.089580936307751,0.07190191652133,0.0549385394393805,0.0421077721564172,0.0348168966238369,,,,Argentina,CO2
GEM-E3_V2021,EN_NPi2020_600f_COV,ARG,Emissions|CO2|Energy|Demand|Industry,Mt CO2/yr,,,,,,,,,,,,28.7674309412842,,24.09469110429,,,,,21.8701618571253,19.9654202908801,17.5210760160343,14.0944230790841,12.280317958635,7.57234020500066,3.08944028688371,1.48012429104701,0.886977019218654,0.637781925698686,0.490261929847659,0.36606907208745,0.332180909073018,0.297240634423953,0.267624209786727,0.250647368981248,,,,Argentina,CO2
GEM-E3_V2021,EN_NPi2020_600f_COV,ARG,Emissions|CO2|Energy|Demand|Residential and Commercial,Mt CO2/yr,,,,,,,,,,,,27.3938022231078,,23.6371234848182,,,,,22.8403373760226,22.5823014316926,22.17627460624,21.1153822216433,20.9513255709254,19.6280547746816,17.153342343004,14.9911835848364,13.3137551681406,12.2602717190691,11.3767127993801,10.1718969068366,9.8968440836599,9.66689287152771,9.46056676177438,9.29815436333285,,,,Argentina,CO2
GEM-E3_V2021,EN_NPi2020_600f_COV,ARG,Emissions|CO2|Energy|Demand|Residential and Commercial|Commercial,Mt CO2/yr,,,,,,,,,,,,21.8078727326487,,18.9712256926773,,,,,18.3266544386521,18.2601130093982,18.2640302671314,18.0429539323833,18.2163686306152,17.8271233880567,16.1681734733413,14.3741646771616,12.8732054967478,11.9057807694316,11.0793809536916,9.92694894777317,9.66564790790241,9.45048026085144,9.2572616601339,9.1029997020105,,,,Argentina,CO2
GEM-E3_V2021,EN_NPi2020_600f_COV,ARG,Emissions|CO2|Energy|Demand|Residential and Commercial|Residential,Mt CO2/yr,,,,,,,,,,,,5.58592949045901,,4.6658977921409,,,,,4.51368293737057,4.32218842229442,3.91224433910861,3.07242828926003,2.73495694031018,1.80093138662492,0.985168869662698,0.617018907674803,0.440549671392843,0.354490949637546,0.297331845688556,0.24494795906346,0.231196175757488,0.216412610676273,0.203305101640486,0.19515466132235,,,,Argentina,CO2
GEM-E3_V2021,EN_NPi2020_600f_COV,ARG,Emissions|CO2|Energy|Demand|Transportation,Mt CO2/yr,,,,,,,,,,,,53.888205383522,,48.4174381449337,,,,,49.5172743555869,47.802636511828,45.7110144241703,41.7638680156384,39.0751293801106,32.909545316163,23.2469768895899,15.5656306407796,11.0757251738158,8.71319447491024,7.12556541816451,5.67350292080812,5.22377348176411,4.85675806914767,4.5676197122968,4.37995657598475,,,,Argentina,CO2
GEM-E3_V2021,EN_NPi2020_600f_COV,ARG,Emissions|CO2|Energy|Supply,Mt CO2/yr,,,,,,,,,,,,53.3217510396591,,46.1483795726385,,,,,42.4949162386395,29.9716527738042,19.3420527497438,16.0976344529542,15.2143266956727,11.8966851196634,8.35229691032984,6.32848144297712,5.23566595646127,4.66701019724643,4.30441942374272,3.88262240430027,3.80634041238748,3.76267512357234,3.74132685878681,3.74575277496315,,,,Argentina,CO2
GEM-E3_V2021,EN_NPi2020_600f_COV,ARG,Emissions|CO2|Energy|Supply|Electricity,Mt CO2/yr,,,,,,,,,,,,31.3445278453508,,26.7995849981411,,,,,22.854024315544,12.075774674011,3.06219643829877,1.65218567591688,1.5373595577996,0.524367188771623,0.220008182436847,0.0885122069122487,0.0312779152797578,0.0101892850555838,0.0001677104498723,0.0001688755264535,0.0001687544709427,0.0001721203756514,0.00017566447656,0.0001767764172075,,,,Argentina,CO2
GEM-E3_V2021,EN_NPi2020_600f_COV,ARG,Emissions|CO2|Energy|Supply|Gases,Mt CO2/yr,,,,,,,,,,,,9.11828381440967,,8.50471228805806,,,,,8.56510487610254,7.29153620592314,6.28095502332993,5.36056439837077,5.06421912069396,4.32844298212242,3.398444087319,2.79695686051029,2.39417608823869,2.14539262011251,1.98657700251089,1.72649346251971,1.66599551248743,1.62690090764236,1.59631949736967,1.57067666909621,,,,Argentina,CO2
GEM-E3_V2021,EN_NPi2020_600f_COV,ARG,Emissions|CO2|Energy|Supply|Liquids,Mt CO2/yr,,,,,,,,,,,,12.8545610508708,,10.8373973835949,,,,,11.0736682795012,10.6028970308934,9.99768732066236,9.08391600671355,8.61186698423935,7.04317446806695,4.7334470834501,3.44276509452753,2.81003618087805,2.51128570868053,2.31755297163211,2.15585757659988,2.14007659387402,2.1355045768708,2.14473510479475,2.17480188582032,,,,Argentina,CO2
GEM-E3_V2021,EN_NPi2020_600f_COV,ARG,Emissions|CO2|Energy|Supply|Solids,Mt CO2/yr,,,,,,,,,,,,0.0043783290278167,,0.0066849028443908,,,,,0.0021187674916194,0.001444862976639,0.0012139674527818,0.000968371953065,0.0008810329398681,0.0007004807024531,0.0003975571238895,0.0002472810270476,0.0001757720647569,0.0001425833977998,0.0001217391498494,0.0001024896542148,9.9551555079349e-05,9.7518683526839e-05,9.6592145816811e-05,9.74436294021923e-05,,,,Argentina,CO2
GEM-E3_V2021,EN_NPi2020_600f_COV,ARG,Emissions|CO2|Industrial Processes,Mt CO2/yr,,,,,,,,,,,,12.3321515029295,,13.3460998558144,,,,,13.6662902345755,13.6254767129969,13.7696028546901,13.2901417472815,13.2282246949111,12.8356084537662,12.458090044746,12.0387298969604,11.573645384548,11.2611541185895,10.9582912913186,10.3456954203103,9.96599309794867,9.75141656087122,9.53428984338024,9.21374524082405,,,,Argentina,CO2
GEM-E3_V2021,EN_NPi2020_800,ARG,Emissions|CO2|AFOLU,Mt CO2/yr,,,,,,,,,,,,339.310103218767,,310.860050541125,,,,,161.235617985778,12.3115740014209,-18.7274931772788,-51.7904609202674,-79.3920586530099,-108.161207885107,-131.813488489309,-154.99391141138,-173.291351417427,-191.588791423474,-215.805427992854,-240.022064562234,-255.684123826829,-271.346183091423,-274.00128829782,-276.656393504216,,,,Argentina,CO2
GEM-E3_V2021,EN_NPi2020_800,ARG,Emissions|CO2|Energy and Industrial Processes,Mt CO2/yr,,,,,,,,,,,,190.743684811423,,204.336799484622,,,,,192.875602546332,169.206561902904,147.836235481922,132.24187817586,114.683584119849,86.0733218514972,67.9032530381086,55.9143734107694,47.6026517731269,36.9741163028336,51.763896115811,37.4005764393243,35.6068072904971,29.2229310985538,15.9438003589145,11.3280771938076,,,,Argentina,CO2
GEM-E3_V2021,EN_NPi2020_800,ARG,Emissions|CO2|Energy|Demand,Mt CO2/yr,,,,,,,,,,,,124.918666409286,,131.771015292955,,,,,126.091846034416,121.067650947507,110.159101961722,99.1060194048304,84.1882079910973,60.4316614858586,44.7914283588202,34.8567853177802,27.957017296683,32.4279820454143,43.1195130013771,45.6741788726595,51.7475464745798,52.8712519220389,53.4037254676233,52.1130952410207,,,,Argentina,CO2
GEM-E3_V2021,EN_NPi2020_800,ARG,Emissions|CO2|Energy|Demand|AFOFI,Mt CO2/yr,,,,,,,,,,,,14.8692278613726,,18.2393073865078,,,,,18.4662234829624,18.4731004907393,17.7113460713986,17.1724353990458,14.4541606966563,6.4902140177058,2.47279464957223,1.09695029836197,0.49179050481511,0.769197624426805,1.79516452305244,2.00114547471663,2.66232462473603,2.51594044286414,2.34204027087177,1.81956104838531,,,,Argentina,CO2
GEM-E3_V2021,EN_NPi2020_800,ARG,Emissions|CO2|Energy|Demand|Industry,Mt CO2/yr,,,,,,,,,,,,28.7674309412842,,31.5778348358644,,,,,27.9785219195963,25.2421938108376,20.403250134886,16.0876235828423,11.1838830325889,5.21393400338263,2.69752467493279,1.61967363378427,1.01995986111293,1.37704606958472,2.52550096702204,2.80385872537035,3.61149266907804,3.65958541719296,3.6678131266708,3.25969842742657,,,,Argentina,CO2
GEM-E3_V2021,EN_NPi2020_800,ARG,Emissions|CO2|Energy|Demand|Residential and Commercial,Mt CO2/yr,,,,,,,,,,,,27.3938022231078,,25.465804478808,,,,,24.409217294581,24.0595407547146,22.6929815487355,21.3947631621657,20.1551270307694,18.5696539554555,17.0372306014039,15.6102612615405,14.2359727829537,16.0915881831383,19.5478362332775,20.9140252040464,23.1554817134851,24.3044703137013,25.2156625723569,25.7372752176963,,,,Argentina,CO2
GEM-E3_V2021,EN_NPi2020_800,ARG,Emissions|CO2|Energy|Demand|Residential and Commercial|Commercial,Mt CO2/yr,,,,,,,,,,,,21.8078727326487,,20.1317179327498,,,,,19.3608481505766,19.2635209571478,18.8058126125243,18.409533511059,18.0311458151284,17.2306287347022,16.1374792709445,14.9595249459258,13.7555184662704,15.4928151833992,18.6542309745301,19.953514189873,22.0305800448119,23.1719407585039,24.0904498415128,24.6911007018289,,,,Argentina,CO2
GEM-E3_V2021,EN_NPi2020_800,ARG,Emissions|CO2|Energy|Demand|Residential and Commercial|Residential,Mt CO2/yr,,,,,,,,,,,,5.58592949045901,,5.33408654605822,,,,,5.04836914400445,4.79601979756689,3.88716893621124,2.98522965110666,2.12398121564095,1.33902522075334,0.899751330459372,0.650736315614713,0.480454316683262,0.598772999739121,0.893605258747397,0.960511014173438,1.12490166867316,1.13252955519734,1.12521273084405,1.04617451586737,,,,Argentina,CO2
GEM-E3_V2021,EN_NPi2020_800,ARG,Emissions|CO2|Energy|Demand|Transportation,Mt CO2/yr,,,,,,,,,,,,53.888205383522,,56.4880685917751,,,,,55.2378833372764,53.2928158912157,49.3515242067024,44.4511972607765,38.3950372310826,30.1578595093146,22.5838784329112,16.5299001240933,12.2092941478012,14.1901501682644,19.2510112780251,19.9551494685261,22.3182474672806,22.3912557482805,22.1782094977238,21.2965605475125,,,,Argentina,CO2
GEM-E3_V2021,EN_NPi2020_800,ARG,Emissions|CO2|Energy|Supply,Mt CO2/yr,,,,,,,,,,,,53.3217510396591,,55.2554496054611,,,,,49.6081122543599,31.1975030920162,21.2796742815677,17.4799048573901,15.4197647995418,10.788382071694,8.33219298367887,6.7756780969326,5.7568040031918,-9.88668860065005,-6.82987333648198,-23.7368223790673,-31.8926134777772,-39.3997504081822,-53.0133971229254,-56.1986640246396,,,,Argentina,CO2
GEM-E3_V2021,EN_NPi2020_800,ARG,Emissions|CO2|Energy|Supply|Electricity,Mt CO2/yr,,,,,,,,,,,,31.3445278453508,,32.0495737792156,,,,,26.7830434984372,10.8274464516331,3.70627908241427,1.97031017447906,2.04770990801032,0.631726536357483,0.280332704245609,0.105777717593202,0.0374677560693004,-16.283832324671,-14.8042886602658,-32.138927399678,-41.2497986751539,-49.0210943743454,-62.8058179774885,-65.9255002315635,,,,Argentina,CO2
GEM-E3_V2021,EN_NPi2020_800,ARG,Emissions|CO2|Energy|Supply|Gases,Mt CO2/yr,,,,,,,,,,,,9.11828381440967,,10.0461060220933,,,,,9.90437447232105,8.0564029959145,6.42782856278271,5.49374234359298,4.79830132325107,3.93900505750997,3.38243846619045,2.95007474229246,2.6116268833297,2.93207284706924,3.63573248686595,3.88437791905292,4.36656063657366,4.57990734517215,4.73517191356945,4.79893939357502,,,,Argentina,CO2
GEM-E3_V2021,EN_NPi2020_800,ARG,Emissions|CO2|Energy|Supply|Liquids,Mt CO2/yr,,,,,,,,,,,,12.8545610508708,,13.1519052016127,,,,,12.9182602054289,12.3120253928624,11.1443388109952,10.0148658475832,8.57296508778087,6.21711863378941,4.66906221358407,3.71956944617564,3.1075194199569,3.46483585187561,4.33833047593589,4.51734260762778,4.99016374260829,5.04095912360769,5.05676024455409,4.92742225086586,,,,Argentina,CO2
GEM-E3_V2021,EN_NPi2020_800,ARG,Emissions|CO2|Energy|Supply|Solids,Mt CO2/yr,,,,,,,,,,,,0.0043783290278167,,0.0078646025394325,,,,,0.0024340781726339,0.0016282516060726,0.0012278253755276,0.0009864917348928,0.0007884804996097,0.000531844037194,0.0003595996587336,0.0002561908712938,0.0001899438359001,0.0002350250761663,0.0003523609820262,0.0003844939299596,0.0004608181946982,0.0004774973833771,0.0004886964396208,0.000474562482991,,,,Argentina,CO2
GEM-E3_V2021,EN_NPi2020_800,ARG,Emissions|CO2|Industrial Processes,Mt CO2/yr,,,,,,,,,,,,12.3321515029295,,17.1244494838699,,,,,17.0038254590794,16.7886229503688,16.2815667719911,15.5708219292398,15.011871014315,14.8070901585407,14.7483055609629,14.2597941851229,13.8730061352949,14.4136057618169,15.4465290791374,15.4342923220661,15.7190826670415,15.7191242950108,15.5220825689643,15.3848180393167,,,,Argentina,CO2
GEM-E3_V2021,EN_NPi2020_800f,ARG,Emissions|CO2|AFOLU,Mt CO2/yr,,,,,,,,,,,,339.310103218767,,310.860050541125,,,,,178.209731718771,45.5594672777953,3.97038436953012,-37.6186985387351,-67.8990108567127,-100.172209678589,-124.307510431221,-150.592242396324,-173.013501426805,-195.434760457286,-222.090551090553,-248.746341723821,-265.374093345662,-282.001844967504,-286.77212101936,-291.542397071216,,,,Argentina,CO2
GEM-E3_V2021,EN_NPi2020_800f,ARG,Emissions|CO2|Energy and Industrial Processes,Mt CO2/yr,,,,,,,,,,,,190.743684811423,,204.336799189868,,,,,194.76674244531,180.640357011221,165.198426991343,152.55359389149,140.853685288718,128.0991576618,98.8742744760694,69.6867458917972,31.7265198015528,5.49323024513328,-18.1697473339132,-31.6658753971293,-48.9805405317129,-58.8603617128882,-74.6787545285223,-81.1832439287616,,,,Argentina,CO2
GEM-E3_V2021,EN_NPi2020_800f,ARG,Emissions|CO2|Energy|Demand,Mt CO2/yr,,,,,,,,,,,,124.918666409286,,131.771015083738,,,,,127.70072568739,124.532278972322,120.880212425614,113.472219348617,105.314635205588,96.0832746710761,70.692323325607,52.70035865915,41.7026944176777,34.502572405696,29.5257526515341,26.2508172814459,24.4489351308731,23.4360868966984,22.3254219590168,21.2471521325386,,,,Argentina,CO2
GEM-E3_V2021,EN_NPi2020_800f,ARG,Emissions|CO2|Energy|Demand|AFOFI,Mt CO2/yr,,,,,,,,,,,,14.8692278613726,,18.2393073476029,,,,,18.7162701766145,18.9557456261865,19.0701652387479,18.7628324048811,18.510216399468,18.1846644386526,9.04555848355954,3.91127092317091,1.89728671458342,0.982086355702893,0.561820762911073,0.360258550743418,0.264260000023296,0.203695408563588,0.159846336733269,0.116480143460147,,,,Argentina,CO2
GEM-E3_V2021,EN_NPi2020_800f,ARG,Emissions|CO2|Energy|Demand|Industry,Mt CO2/yr,,,,,,,,,,,,28.7674309412842,,31.5778348078154,,,,,28.5784339009139,26.5862700331526,24.2080214716127,20.693448041313,17.2323961907983,13.9089279024156,7.20939414395196,3.86789468033344,2.37709630162206,1.58437683059406,1.1507010688384,0.892844303818006,0.760574956659435,0.676435398919197,0.608518086391219,0.530491437501628,,,,Argentina,CO2
GEM-E3_V2021,EN_NPi2020_800f,ARG,Emissions|CO2|Energy|Demand|Residential and Commercial,Mt CO2/yr,,,,,,,,,,,,27.3938022231078,,25.4658043340944,,,,,24.692527790038,24.6095671093364,24.6765898141612,24.0189479513369,23.2836621073077,22.5853969809863,20.6481661684941,19.1320862529559,17.7863971593767,16.6169540657611,15.5367137492725,14.6938767371756,14.2359017285802,14.0407742585715,13.6805757749209,13.3093022017862,,,,Argentina,CO2
GEM-E3_V2021,EN_NPi2020_800f,ARG,Emissions|CO2|Energy|Demand|Residential and Commercial|Commercial,Mt CO2/yr,,,,,,,,,,,,21.8078727326487,,20.1317177887168,,,,,19.4965716104878,19.5328405451063,19.8021705637245,19.8383365137934,19.7813456677943,19.7325661197833,18.9959983086305,17.9952696723576,16.9424407301963,15.9645837464234,15.0109280235649,14.2488076378101,13.8358681939783,13.6707445747329,13.3382357795221,12.9976576514861,,,,Argentina,CO2
GEM-E3_V2021,EN_NPi2020_800f,ARG,Emissions|CO2|Energy|Demand|Residential and Commercial|Residential,Mt CO2/yr,,,,,,,,,,,,5.58592949045901,,5.33408654537755,,,,,5.19595617955014,5.07672656423002,4.8744192504366,4.18061143754345,3.50231643951333,2.85283086120305,1.65216785986358,1.13681658059823,0.843956429180405,0.652370319337678,0.52578572570758,0.445069099365437,0.400033534601969,0.370029683838631,0.342339995398728,0.311644550300042,,,,Argentina,CO2
GEM-E3_V2021,EN_NPi2020_800f,ARG,Emissions|CO2|Energy|Demand|Transportation,Mt CO2/yr,,,,,,,,,,,,53.888205383522,,56.4880685942261,,,,,55.7134938198243,54.3806962036466,52.9254359010922,49.9969909510864,46.2883605080143,41.4042853490215,33.7892045296014,25.7891068026897,19.6419142420955,15.3191551536379,12.2765170705121,10.3038376897089,9.18819844561012,8.51518183064409,7.87648176097147,7.29087834979059,,,,Argentina,CO2
GEM-E3_V2021,EN_NPi2020_800f,ARG,Emissions|CO2|Energy|Supply,Mt CO2/yr,,,,,,,,,,,,53.3217510396591,,55.2554495308794,,,,,49.7110896974049,38.6371469028352,26.4879732902238,21.5669664474607,18.6036474863902,15.8305451567022,12.2529318479064,1.5069231078406,-24.820270737643,-43.3317585410714,-61.4068732120197,-70.9796078524618,-85.9161666502442,-94.4598030991872,-108.678023826781,-113.713743081479,,,,Argentina,CO2
GEM-E3_V2021,EN_NPi2020_800f,ARG,Emissions|CO2|Energy|Supply|Electricity,Mt CO2/yr,,,,,,,,,,,,31.3445278453508,,32.0495737485138,,,,,26.5649383386738,17.1195206273059,6.67485416108247,3.51115692081951,1.97335536670558,0.651488468610762,0.50127272683094,-7.71246842767014,-32.5186576533879,-50.0819139885557,-67.4039498497249,-76.5275842973451,-91.2443470131232,-99.6972017681767,-113.813709309477,-118.758857031485,,,,Argentina,CO2
GEM-E3_V2021,EN_NPi2020_800f,ARG,Emissions|CO2|Energy|Supply|Gases,Mt CO2/yr,,,,,,,,,,,,9.11828381440967,,10.0461059799126,,,,,10.0755942262856,8.87969253760209,7.68865735967761,6.72564063458871,6.11646746936924,5.54179894898332,4.56397710480118,3.83883647435889,3.38105897782767,3.08726694232211,2.75575783501514,2.54846042939548,2.43651845197974,2.38744667930208,2.31624562220388,2.24964953471583,,,,Argentina,CO2
GEM-E3_V2021,EN_NPi2020_800f,ARG,Emissions|CO2|Energy|Supply|Liquids,Mt CO2/yr,,,,,,,,,,,,12.8545610508708,,13.1519051999239,,,,,13.0679678714056,12.6357811885675,12.1229094383785,11.3288798700433,10.5127184885159,9.63623242310242,7.18692802245885,5.3801019092651,4.31699609630032,3.66263148567496,3.24110889638514,2.99933372827624,2.89149236451199,2.84978783213015,2.81928073109667,2.79531019382346,,,,Argentina,CO2
GEM-E3_V2021,EN_NPi2020_800f,ARG,Emissions|CO2|Energy|Supply|Solids,Mt CO2/yr,,,,,,,,,,,,0.0043783290278167,,0.0078646025290128,,,,,0.0025892610397593,0.002152549359633,0.0015523310851853,0.0012890220091194,0.0011061617994469,0.0010253160057898,0.000753993815518,0.0004531518867629,0.0003318416168746,0.0002570194872001,0.0002099063048693,0.0001822872115427,0.0001695463872372,0.0001641575572331,0.000159129395653,0.0001542214662649,,,,Argentina,CO2
GEM-E3_V2021,EN_NPi2020_800f,ARG,Emissions|CO2|Industrial Processes,Mt CO2/yr,,,,,,,,,,,,12.3321515029295,,17.1244494730458,,,,,17.1779449470048,17.3083619542928,17.6836494808327,17.3943117879844,16.8388661095391,16.1097562908936,15.8757259379275,15.4417171435483,14.8164695210507,14.3015229048454,13.6950067991275,13.0494863561173,12.474979229701,12.1528170623672,11.664381220717,11.2749840969401,,,,Argentina,CO2
GEM-E3_V2021,EN_NPi2100,ARG,Emissions|CO2|AFOLU,Mt CO2/yr,,,,,,,,,,,,339.310103218767,,310.860050541125,,,,,310.712405101277,310.502982416617,285.809921583289,261.116860749961,242.105348709826,223.093891051068,203.909881281579,184.72587151209,167.112830975131,149.499790438171,130.518432871847,111.537075305522,96.1520279142069,80.7669805228914,68.7573959659918,56.7478114090921,,,,Argentina,CO2
GEM-E3_V2021,EN_NPi2100,ARG,Emissions|CO2|Energy and Industrial Processes,Mt CO2/yr,,,,,,,,,,,,190.743684811423,,204.336799292868,,,,,204.662534583196,207.627044341012,210.377817799378,210.720675760109,218.912266594662,223.938102620037,233.399013124188,239.814554910445,246.083263520558,252.243163576393,257.488977719663,263.714586667255,269.145083465146,273.860448063925,278.819724473048,283.393519875286,,,,Argentina,CO2
GEM-E3_V2021,EN_NPi2100,ARG,Emissions|CO2|Energy|Demand,Mt CO2/yr,,,,,,,,,,,,124.918666409286,,131.77101517849,,,,,132.454970251581,135.829859372402,139.218599333249,143.535780321693,147.67044866585,151.416945365614,155.883891031843,159.221372661626,162.770352105263,166.381264072671,169.886767452427,173.039002394568,176.182816373265,179.400989122961,182.674508814352,186.05210419773,,,,Argentina,CO2
GEM-E3_V2021,EN_NPi2100,ARG,Emissions|CO2|Energy|Demand|AFOFI,Mt CO2/yr,,,,,,,,,,,,14.8692278613726,,18.2393073404573,,,,,19.649393274586,20.7656906945005,21.7514462500557,22.7732712004224,23.6589426893414,24.3503451884359,24.4751420484726,24.4503939757826,24.3468882396252,24.1424811689694,23.7715173137573,23.4296420979601,23.0171372577458,22.535454592517,21.9975352194227,21.414008556169,,,,Argentina,CO2
GEM-E3_V2021,EN_NPi2100,ARG,Emissions|CO2|Energy|Demand|Industry,Mt CO2/yr,,,,,,,,,,,,28.7674309412842,,31.5778347649253,,,,,30.3520499922457,31.1114918781743,31.4958050403683,32.0905931012008,32.803434516918,33.5530028674559,35.1592256169639,36.7870974491819,38.410066517839,40.0096554304111,41.5340485497026,42.6020221394062,43.6471727622567,44.7419089492016,45.8475436208582,47.0240554224185,,,,Argentina,CO2
GEM-E3_V2021,EN_NPi2100,ARG,Emissions|CO2|Energy|Demand|Residential and Commercial,Mt CO2/yr,,,,,,,,,,,,27.3938022231078,,25.4658044778445,,,,,25.4445854307423,26.3252410153506,27.5866034076089,29.4189905538322,31.1011850771392,32.8663285772618,34.8260031263541,36.8044329100063,38.9263873087389,41.1349617777264,43.4623764061864,45.8511539592726,48.3162731867442,50.8445469397916,53.4493291038204,56.0996200385345,,,,Argentina,CO2
GEM-E3_V2021,EN_NPi2100,ARG,Emissions|CO2|Energy|Demand|Residential and Commercial|Commercial,Mt CO2/yr,,,,,,,,,,,,21.8078727326487,,20.1317179316509,,,,,19.851502706708,20.3662418189724,21.2627904969956,22.6203269702378,24.0001062065782,25.4888112851214,27.2202653939769,29.0507105561546,31.016973572738,33.0949232687812,35.2926737754996,37.5872331081261,39.9783976416403,42.4628108057306,45.0373658590376,47.6943217208673,,,,Argentina,CO2
GEM-E3_V2021,EN_NPi2100,ARG,Emissions|CO2|Energy|Demand|Residential and Commercial|Residential,Mt CO2/yr,,,,,,,,,,,,5.58592949045901,,5.33408654619358,,,,,5.59308272403425,5.95899919637819,6.32381291061325,6.79866358359436,7.10107887056093,7.37751729214042,7.60573773237726,7.75372235385164,7.90941373600093,8.04003850894516,8.16970263068682,8.26392085114649,8.33787554510394,8.38173613406097,8.41196324478273,8.40529831766721,,,,Argentina,CO2
GEM-E3_V2021,EN_NPi2100,ARG,Emissions|CO2|Energy|Demand|Transportation,Mt CO2/yr,,,,,,,,,,,,53.888205383522,,56.4880685952632,,,,,57.0089415540071,57.6274357843766,58.384744635217,59.252925466238,60.1068863824519,60.6472687324603,61.4235202400531,61.1794483266553,61.0870100390601,61.0941656955648,61.1188251827811,61.1561841979291,61.2022331665188,61.2790786414515,61.3801008702509,61.514420180608,,,,Argentina,CO2
GEM-E3_V2021,EN_NPi2100,ARG,Emissions|CO2|Energy|Supply,Mt CO2/yr,,,,,,,,,,,,53.3217510396591,,55.2554495529731,,,,,54.3568433288738,52.7549342768294,50.5249894534116,45.393714664701,48.1705594486144,48.3030859988804,52.3958636625547,54.6056849313027,56.5246280592905,58.3979120802047,59.594185756117,62.2973720542355,64.5241325187682,65.792455919661,67.2929483916888,68.3226961353283,,,,Argentina,CO2
GEM-E3_V2021,EN_NPi2100,ARG,Emissions|CO2|Energy|Supply|Electricity,Mt CO2/yr,,,,,,,,,,,,31.3445278453508,,32.0495737470978,,,,,30.3703847497891,28.6656753818939,26.2251228885474,20.8765555539242,22.8121778926614,22.3632801030606,25.3470686667918,26.5254429346827,27.600270900482,28.5160455562226,28.945834550141,30.8586520534708,32.343904234238,32.9460326202804,33.7516059255108,34.109579675233,,,,Argentina,CO2
GEM-E3_V2021,EN_NPi2100,ARG,Emissions|CO2|Energy|Supply|Gases,Mt CO2/yr,,,,,,,,,,,,9.11828381440967,,10.0461060119045,,,,,10.4479453414111,10.4259871994706,10.5873688464427,10.6675548003128,11.3570103376043,11.8595003797827,12.7837742475479,13.8144995860069,14.65871330755,15.6294573878486,16.4272205866692,17.2860200778,18.1051031737996,18.850763301128,19.6263856766855,20.3753552236673,,,,Argentina,CO2
GEM-E3_V2021,EN_NPi2100,ARG,Emissions|CO2|Energy|Supply|Liquids,Mt CO2/yr,,,,,,,,,,,,12.8545610508708,,13.151905191443,,,,,13.5315059736093,13.6545474506386,13.7036877259323,13.8407647672599,13.9925069583637,14.0714238022472,14.2562551635089,14.259136929384,14.2595238258321,14.247736230597,14.2168162877483,14.1485385533474,14.0710150659457,13.9914860031667,13.9107168184558,13.8334249034372,,,,Argentina,CO2
GEM-E3_V2021,EN_NPi2100,ARG,Emissions|CO2|Energy|Supply|Solids,Mt CO2/yr,,,,,,,,,,,,0.0043783290278167,,0.0078646025275999,,,,,0.0070072640642427,0.008724244826261,0.0088099924891208,0.0088395432040775,0.0088642599847882,0.0088817137898215,0.0087655847059782,0.006605481229122,0.0061200254263363,0.0046729055364484,0.004314331558464,0.0041613696172962,0.0041100447847558,0.0041739950857129,0.0042399710365928,0.0043363329907214,,,,Argentina,CO2
GEM-E3_V2021,EN_NPi2100,ARG,Emissions|CO2|Industrial Processes,Mt CO2/yr,,,,,,,,,,,,12.3321515029295,,17.1244494592189,,,,,17.6596327061212,18.8493193275722,20.4405627373865,21.5914856540838,22.8706282422336,24.0180395352268,24.9198212307815,25.790834136438,26.5938485840415,27.2719769494849,27.8183402461382,28.1914854662538,28.254591080255,28.4870540197009,28.6759183624269,28.8464961333633,,,,Argentina,CO2
GEM-E3_V2021,EN_NPi2100_COV,ARG,Emissions|CO2|AFOLU,Mt CO2/yr,,,,,,,,,,,,339.310103218767,,310.78538490985,,,,,310.712405101277,310.502982416617,285.809921583289,261.116860749961,242.105348709826,223.093891051068,203.909881281579,184.72587151209,167.112830975131,149.499790438171,130.518432871847,111.537075305522,96.193641557528,80.8502078095335,68.8108205092071,56.7714332088807,,,,Argentina,CO2
GEM-E3_V2021,EN_NPi2100_COV,ARG,Emissions|CO2|Energy and Industrial Processes,Mt CO2/yr,,,,,,,,,,,,190.743684811423,,170.413163590221,,,,,175.398070250437,177.725976080349,180.045337031036,180.638708278012,187.699179359474,192.04136272696,200.221689825124,205.687081093209,211.035611980611,216.277905263679,220.692345367958,226.024998595377,230.664618279199,234.664790035693,238.881525105329,242.755030493271,,,,Argentina,CO2
GEM-E3_V2021,EN_NPi2100_COV,ARG,Emissions|CO2|Energy|Demand,Mt CO2/yr,,,,,,,,,,,,124.918666409286,,110.76451337216,,,,,114.581566763088,117.19975260211,120.004607213385,123.825011820868,127.32658586114,130.500404229819,134.30894706639,137.081152797381,140.045091179377,143.054811245432,145.956318473944,148.585898163279,151.204391073331,153.887668873705,156.625316488336,159.453870879822,,,,Argentina,CO2
GEM-E3_V2021,EN_NPi2100_COV,ARG,Emissions|CO2|Energy|Demand|AFOFI,Mt CO2/yr,,,,,,,,,,,,14.8692278613726,,14.6152606381181,,,,,16.0984858657021,17.0005512342853,17.802797594341,18.6970186568292,19.4284026543434,19.9975141456488,20.1127963658216,20.0933132221783,20.0037582218448,19.8233330675999,19.4965748958484,19.1817623164495,18.8075705165784,18.3794523806345,17.9066251076272,17.3992458963338,,,,Argentina,CO2
GEM-E3_V2021,EN_NPi2100_COV,ARG,Emissions|CO2|Energy|Demand|Industry,Mt CO2/yr,,,,,,,,,,,,28.7674309412842,,24.09469110429,,,,,23.7093054599652,24.3694410105306,24.7141512409232,25.3069490473375,25.9011866054911,26.5252590810653,27.859884986705,29.2032850303413,30.5374010293988,31.8433930974906,33.0677298271656,33.9486982063058,34.806117327394,35.7031525067094,36.614290544946,37.5879981807536,,,,Argentina,CO2
GEM-E3_V2021,EN_NPi2100_COV,ARG,Emissions|CO2|Energy|Demand|Residential and Commercial,Mt CO2/yr,,,,,,,,,,,,27.3938022231078,,23.6371234848182,,,,,23.737480559019,24.4413190277264,25.5092891556388,27.112283409981,28.5781294678376,30.1192219000386,31.8271557837154,33.5434391970407,35.3880529872737,37.3080456669935,39.3327457419441,41.4066187928857,43.5448371289618,45.7341707145429,47.9868259350204,50.2726059523435,,,,Argentina,CO2
GEM-E3_V2021,EN_NPi2100_COV,ARG,Emissions|CO2|Energy|Demand|Residential and Commercial|Commercial,Mt CO2/yr,,,,,,,,,,,,21.8078727326487,,18.9712256926773,,,,,18.7256019362635,19.0991888533974,19.8320115290277,21.0082580345739,22.2007536638852,23.4920480629588,24.994437556996,26.5778527998035,28.282350927154,30.0849280121836,31.9932414387653,33.9833852951207,36.056186582897,38.2073004462485,40.4340407953308,42.7273318831824,,,,Argentina,CO2
GEM-E3_V2021,EN_NPi2100_COV,ARG,Emissions|CO2|Energy|Demand|Residential and Commercial|Residential,Mt CO2/yr,,,,,,,,,,,,5.58592949045901,,4.6658977921409,,,,,5.01187862275556,5.342130174329,5.67727762661109,6.1040253754071,6.37737580395238,6.62717383707976,6.83271822671946,6.96558639723718,7.10570206011968,7.22311765480985,7.33950430317878,7.423233497765,7.48865054606477,7.52687026829441,7.5527851396896,7.54527406916105,,,,Argentina,CO2
GEM-E3_V2021,EN_NPi2100_COV,ARG,Emissions|CO2|Energy|Demand|Transportation,Mt CO2/yr,,,,,,,,,,,,53.888205383522,,48.4174381449337,,,,,51.0362948784022,51.3884413295681,51.9783692224818,52.7087607067208,53.4188671334678,53.8584091030664,54.5091099301487,54.2411153478213,54.1158789408599,54.080039413348,54.0592680089864,54.0488188476388,54.0458661003974,54.0708932718184,54.1175749007423,54.1940208503909,,,,Argentina,CO2
GEM-E3_V2021,EN_NPi2100_COV,ARG,Emissions|CO2|Energy|Supply,Mt CO2/yr,,,,,,,,,,,,53.3217510396591,,46.1483795726385,,,,,46.479126406255,45.1736929276514,43.3460021463183,39.0797816504774,41.5364746160182,41.7060345529205,45.2814148861834,47.2097717907538,48.8885994168018,50.5243548583629,51.5655440973423,53.929111801786,55.8732317758212,56.9764561970576,58.2784838023096,59.1634503057296,,,,Argentina,CO2
GEM-E3_V2021,EN_NPi2100_COV,ARG,Emissions|CO2|Energy|Supply|Electricity,Mt CO2/yr,,,,,,,,,,,,31.3445278453508,,26.7995849981411,,,,,25.8988264340286,24.5196280962494,22.4987602481671,17.996618869107,19.7129917043966,19.3645791371055,21.9714109943734,23.0057326644495,23.9521202302599,24.7580632671277,25.1381764467324,26.8127928978695,28.1124594488088,28.6386666564696,29.3392963574349,29.6452339816197,,,,Argentina,CO2
GEM-E3_V2021,EN_NPi2100_COV,ARG,Emissions|CO2|Energy|Supply|Gases,Mt CO2/yr,,,,,,,,,,,,9.11828381440967,,8.50471228805806,,,,,8.98902859538513,8.95151407460712,9.0763287694496,9.1490358962318,9.73178855345132,10.1538747904453,10.9460346817815,11.828273119041,12.5492971590576,13.3800550370013,14.0592085844573,14.7991668669491,15.5040676919998,16.1438706930433,16.8101180409815,17.4518684301259,,,,Argentina,CO2
GEM-E3_V2021,EN_NPi2100_COV,ARG,Emissions|CO2|Energy|Supply|Liquids,Mt CO2/yr,,,,,,,,,,,,12.8545610508708,,10.8373973835949,,,,,11.5851770546883,11.6949446467492,11.7632092120477,11.9263615195063,12.0838871306539,12.1797378294775,12.356223250013,12.3699274974027,12.3817691892131,12.3821003935528,12.3643369608371,12.3134605034259,12.2530535564,12.1902057145641,12.1252919086964,12.0624776799221,,,,Argentina,CO2
GEM-E3_V2021,EN_NPi2100_COV,ARG,Emissions|CO2|Energy|Supply|Solids,Mt CO2/yr,,,,,,,,,,,,0.0043783290278167,,0.0066849028443908,,,,,0.0060943221528847,0.0076061100455608,0.0077039166538913,0.0077653656323109,0.0078072275163228,0.0078427958921328,0.0077459600153827,0.0058385098604825,0.0054128382710957,0.0041361606809218,0.003822105315342,0.003691533541444,0.0036510786124872,0.0037131329804944,0.0037774951966732,0.0038702140618544,,,,Argentina,CO2
GEM-E3_V2021,EN_NPi2100_COV,ARG,Emissions|CO2|Industrial Processes,Mt CO2/yr,,,,,,,,,,,,12.3321515029295,,13.3460998558144,,,,,14.1745177724443,15.1883253879392,16.5299908474445,17.5637843220483,18.665266756408,19.6646342087787,20.4614354312503,21.2285832784013,21.9361901766569,22.5350338327611,23.0087421781248,23.3507797046872,23.4305243034248,23.6472870308073,23.8274477972215,23.9909842342624,,,,Argentina,CO2
ICES-XPS 1.0,CSH,ARG,Emissions|CO2|Energy|Demand,Mt CO2/yr,,,,,,,,,,,,126.53387,,145.19919,,,,,149.26518,151.11032,,,,,,,,,,,,,,,,,,Argentina,CO2
ICES-XPS 1.0,CSH,ARG,Emissions|CO2|Energy|Demand|AFOFI,Mt CO2/yr,,,,,,,,,,,,8.4544773,,6.4872041,,,,,6.8404889,7.0489702,,,,,,,,,,,,,,,,,,Argentina,CO2
ICES-XPS 1.0,CSH,ARG,Emissions|CO2|Energy|Demand|Industry,Mt CO2/yr,,,,,,,,,,,,27.03537,,20.760475,,,,,25.225302,28.076088,,,,,,,,,,,,,,,,,,Argentina,CO2
ICES-XPS 1.0,CSH,ARG,Emissions|CO2|Energy|Demand|Residential and Commercial,Mt CO2/yr,,,,,,,,,,,,31.103168,,27.425276,,,,,30.984478,32.790726,,,,,,,,,,,,,,,,,,Argentina,CO2
ICES-XPS 1.0,CSH,ARG,Emissions|CO2|Energy|Demand|Residential and Commercial|Commercial,Mt CO2/yr,,,,,,,,,,,,5.0666757,,5.117404,,,,,5.7617154,5.9911532,,,,,,,,,,,,,,,,,,Argentina,CO2
ICES-XPS 1.0,CSH,ARG,Emissions|CO2|Energy|Demand|Residential and Commercial|Residential,Mt CO2/yr,,,,,,,,,,,,26.036493,,22.307873,,,,,25.222763,26.799574,,,,,,,,,,,,,,,,,,Argentina,CO2
ICES-XPS 1.0,CSH,ARG,Emissions|CO2|Energy|Demand|Transportation,Mt CO2/yr,,,,,,,,,,,,59.940853,,90.52623,,,,,86.21492,83.194542,,,,,,,,,,,,,,,,,,Argentina,CO2
ICES-XPS 1.0,CSH,ARG,Emissions|CO2|Energy|Supply,Mt CO2/yr,,,,,,,,,,,,62.961769,,59.653542,,,,,67.684288,72.330681,,,,,,,,,,,,,,,,,,Argentina,CO2
ICES-XPS 1.0,CSH,ARG,Emissions|CO2|Energy|Supply|Electricity,Mt CO2/yr,,,,,,,,,,,,43.366341,,39.511837,,,,,46.147285,48.83374,,,,,,,,,,,,,,,,,,Argentina,CO2
ICES-XPS 1.0,CSH,ARG,Emissions|CO2|Energy|Supply|Gases,Mt CO2/yr,,,,,,,,,,,,8.4837799,,8.1606579,,,,,9.5020447,11.21339,,,,,,,,,,,,,,,,,,Argentina,CO2
ICES-XPS 1.0,CSH,ARG,Emissions|CO2|Energy|Supply|Liquids,Mt CO2/yr,,,,,,,,,,,,11.101286,,11.963181,,,,,12.017278,12.267981,,,,,,,,,,,,,,,,,,Argentina,CO2
ICES-XPS 1.0,CSH,ARG,Emissions|CO2|Energy|Supply|Solids,Mt CO2/yr,,,,,,,,,,,,0.0103613893,,0.0178655274,,,,,0.0176787432,0.0155675411,,,,,,,,,,,,,,,,,,Argentina,CO2
ICES-XPS 1.0,PCSH,ARG,Emissions|CO2|Energy|Demand,Mt CO2/yr,,,,,,,,,,,,126.53387,,137.12296,,,,,140.18219,141.82195,,,,,,,,,,,,,,,,,,Argentina,CO2
ICES-XPS 1.0,PCSH,ARG,Emissions|CO2|Energy|Demand|AFOFI,Mt CO2/yr,,,,,,,,,,,,8.4544773,,6.4131145,,,,,6.8278689,7.0489621,,,,,,,,,,,,,,,,,,Argentina,CO2
ICES-XPS 1.0,PCSH,ARG,Emissions|CO2|Energy|Demand|Industry,Mt CO2/yr,,,,,,,,,,,,27.03537,,18.927845,,,,,22.673111,25.036232,,,,,,,,,,,,,,,,,,Argentina,CO2
ICES-XPS 1.0,PCSH,ARG,Emissions|CO2|Energy|Demand|Residential and Commercial,Mt CO2/yr,,,,,,,,,,,,31.103168,,25.67235,,,,,28.797888,30.638439,,,,,,,,,,,,,,,,,,Argentina,CO2
ICES-XPS 1.0,PCSH,ARG,Emissions|CO2|Energy|Demand|Residential and Commercial|Commercial,Mt CO2/yr,,,,,,,,,,,,5.0666757,,4.6158094,,,,,5.1096125,5.3169188,,,,,,,,,,,,,,,,,,Argentina,CO2
ICES-XPS 1.0,PCSH,ARG,Emissions|CO2|Energy|Demand|Residential and Commercial|Residential,Mt CO2/yr,,,,,,,,,,,,26.036493,,21.056541,,,,,23.688276,25.32152,,,,,,,,,,,,,,,,,,Argentina,CO2
ICES-XPS 1.0,PCSH,ARG,Emissions|CO2|Energy|Demand|Transportation,Mt CO2/yr,,,,,,,,,,,,59.940853,,86.10965,,,,,81.883316,79.098312,,,,,,,,,,,,,,,,,,Argentina,CO2
ICES-XPS 1.0,PCSH,ARG,Emissions|CO2|Energy|Supply,Mt CO2/yr,,,,,,,,,,,,62.961769,,53.580151,,,,,59.13905,63.259094,,,,,,,,,,,,,,,,,,Argentina,CO2
ICES-XPS 1.0,PCSH,ARG,Emissions|CO2|Energy|Supply|Electricity,Mt CO2/yr,,,,,,,,,,,,43.366341,,34.472195,,,,,38.907082,41.373268,,,,,,,,,,,,,,,,,,Argentina,CO2
ICES-XPS 1.0,PCSH,ARG,Emissions|CO2|Energy|Supply|Gases,Mt CO2/yr,,,,,,,,,,,,8.4837799,,7.2595668,,,,,8.2959776,9.7247562,,,,,,,,,,,,,,,,,,Argentina,CO2
ICES-XPS 1.0,PCSH,ARG,Emissions|CO2|Energy|Supply|Liquids,Mt CO2/yr,,,,,,,,,,,,11.101286,,11.830455,,,,,11.918527,12.145786,,,,,,,,,,,,,,,,,,Argentina,CO2
ICES-XPS 1.0,PCSH,ARG,Emissions|CO2|Energy|Supply|Solids,Mt CO2/yr,,,,,,,,,,,,0.0103613893,,0.0179325975,,,,,0.0174633656,0.0152850738,,,,,,,,,,,,,,,,,,Argentina,CO2
ICES-XPS 1.0,PR_Baseline,ARG,Emissions|CO2|Energy|Demand,Mt CO2/yr,,,,,,,,,,,,103.12913,,89.413818,,,,,94.291168,97.177971,103.37933,107.79672,110.81911,111.604,,,,,,,,,,,,,,Argentina,CO2
ICES-XPS 1.0,PR_Baseline,ARG,Emissions|CO2|Energy|Demand|AFOFI,Mt CO2/yr,,,,,,,,,,,,9.4915123,,8.776865,,,,,8.8947716,9.0375128,9.4213295,9.6005983,9.6396427,9.5462713,,,,,,,,,,,,,,Argentina,CO2
ICES-XPS 1.0,PR_Baseline,ARG,Emissions|CO2|Energy|Demand|Industry,Mt CO2/yr,,,,,,,,,,,,27.919624,,22.907871,,,,,25.074728,26.582434,28.481026,29.660639,30.366911,30.269733,,,,,,,,,,,,,,Argentina,CO2
ICES-XPS 1.0,PR_Baseline,ARG,Emissions|CO2|Energy|Demand|Residential and Commercial,Mt CO2/yr,,,,,,,,,,,,31.149218,,26.703068,,,,,29.094589,30.441166,32.693996,34.457314,35.84845,36.688652,,,,,,,,,,,,,,Argentina,CO2
ICES-XPS 1.0,PR_Baseline,ARG,Emissions|CO2|Energy|Demand|Residential and Commercial|Commercial,Mt CO2/yr,,,,,,,,,,,,5.059813,,4.8345094,,,,,5.0722265,5.1018147,5.4284801,5.721468,5.9491978,6.0010366,,,,,,,,,,,,,,Argentina,CO2
ICES-XPS 1.0,PR_Baseline,ARG,Emissions|CO2|Energy|Demand|Residential and Commercial|Residential,Mt CO2/yr,,,,,,,,,,,,26.089405,,21.868559,,,,,24.022362,25.339352,27.265514,28.735847,29.899252,30.687616,,,,,,,,,,,,,,Argentina,CO2
ICES-XPS 1.0,PR_Baseline,ARG,Emissions|CO2|Energy|Demand|Transportation,Mt CO2/yr,,,,,,,,,,,,34.568771,,31.026018,,,,,31.227077,31.116859,32.782986,34.078171,34.964111,35.099339,,,,,,,,,,,,,,Argentina,CO2
ICES-XPS 1.0,PR_Baseline,ARG,Emissions|CO2|Energy|Supply,Mt CO2/yr,,,,,,,,,,,,61.477669,,55.404064,,,,,59.870815,62.008427,65.397057,65.790985,62.735992,55.838783,,,,,,,,,,,,,,Argentina,CO2
ICES-XPS 1.0,PR_Baseline,ARG,Emissions|CO2|Energy|Supply|Electricity,Mt CO2/yr,,,,,,,,,,,,44.3148,,40.440105,,,,,43.623581,44.221745,45.730789,44.556675,40.540428,33.419834,,,,,,,,,,,,,,Argentina,CO2
ICES-XPS 1.0,PR_Baseline,ARG,Emissions|CO2|Energy|Supply|Gases,Mt CO2/yr,,,,,,,,,,,,8.0734396,,7.3278461,,,,,8.5389223,9.8888912,11.206175,12.414822,13.334688,13.803061,,,,,,,,,,,,,,Argentina,CO2
ICES-XPS 1.0,PR_Baseline,ARG,Emissions|CO2|Energy|Supply|Liquids,Mt CO2/yr,,,,,,,,,,,,9.0824366,,7.6281953,,,,,7.7005601,7.8904505,8.4522314,8.8115091,8.8527737,8.6083851,,,,,,,,,,,,,,Argentina,CO2
ICES-XPS 1.0,PR_Baseline,ARG,Emissions|CO2|Energy|Supply|Solids,Mt CO2/yr,,,,,,,,,,,,0.00699411519,,0.00791598856,,,,,0.00775140058,0.00734210527,0.00785738975,0.00798170269,0.00810428988,0.00750107877,,,,,,,,,,,,,,Argentina,CO2
ICES-XPS 1.0,PR_CP_Intensity,ARG,Emissions|CO2|Energy|Demand,Mt CO2/yr,,,,,,,,,,,,103.12964,,84.329803,,,,,89.271126,92.899506,97.992798,102.68518,106.36974,108.03368,,,,,,,,,,,,,,Argentina,CO2
ICES-XPS 1.0,PR_CP_Intensity,ARG,Emissions|CO2|Energy|Demand|AFOFI,Mt CO2/yr,,,,,,,,,,,,9.4914932,,8.659606,,,,,8.8306961,9.0124578,9.4501905,9.682436,9.7653923,9.6912479,,,,,,,,,,,,,,Argentina,CO2
ICES-XPS 1.0,PR_CP_Intensity,ARG,Emissions|CO2|Energy|Demand|Industry,Mt CO2/yr,,,,,,,,,,,,27.920103,,21.003611,,,,,23.002024,24.640413,25.782028,26.764524,27.362204,27.168354,,,,,,,,,,,,,,Argentina,CO2
ICES-XPS 1.0,PR_CP_Intensity,ARG,Emissions|CO2|Energy|Demand|Residential and Commercial,Mt CO2/yr,,,,,,,,,,,,31.149038,,25.102757,,,,,27.493374,29.057735,30.743071,32.375988,33.749062,34.710369,,,,,,,,,,,,,,Argentina,CO2
ICES-XPS 1.0,PR_CP_Intensity,ARG,Emissions|CO2|Energy|Demand|Residential and Commercial|Commercial,Mt CO2/yr,,,,,,,,,,,,5.059855,,4.3938231,,,,,4.622972,4.7071524,4.8501954,5.0724797,5.2504296,5.2820573,,,,,,,,,,,,,,Argentina,CO2
ICES-XPS 1.0,PR_CP_Intensity,ARG,Emissions|CO2|Energy|Demand|Residential and Commercial|Residential,Mt CO2/yr,,,,,,,,,,,,26.089184,,20.708933,,,,,22.870401,24.350584,25.892876,27.303509,28.498632,29.428314,,,,,,,,,,,,,,Argentina,CO2
ICES-XPS 1.0,PR_CP_Intensity,ARG,Emissions|CO2|Energy|Demand|Transportation,Mt CO2/yr,,,,,,,,,,,,34.569,,29.563828,,,,,29.94503,30.1889,32.017506,33.862232,35.493084,36.463703,,,,,,,,,,,,,,Argentina,CO2
ICES-XPS 1.0,PR_CP_Intensity,ARG,Emissions|CO2|Energy|Supply,Mt CO2/yr,,,,,,,,,,,,61.478073,,49.421326,,,,,53.532059,56.337406,57.057213,56.548328,53.3512,47.240761,,,,,,,,,,,,,,Argentina,CO2
ICES-XPS 1.0,PR_CP_Intensity,ARG,Emissions|CO2|Energy|Supply|Electricity,Mt CO2/yr,,,,,,,,,,,,44.315144,,35.329742,,,,,38.260242,39.567142,39.363163,38.029961,34.616737,28.951468,,,,,,,,,,,,,,Argentina,CO2
ICES-XPS 1.0,PR_CP_Intensity,ARG,Emissions|CO2|Energy|Supply|Gases,Mt CO2/yr,,,,,,,,,,,,8.073494,,6.535409,,,,,7.6160192,8.9126081,9.3131838,9.8040543,9.9994822,9.8167133,,,,,,,,,,,,,,Argentina,CO2
ICES-XPS 1.0,PR_CP_Intensity,ARG,Emissions|CO2|Energy|Supply|Liquids,Mt CO2/yr,,,,,,,,,,,,9.0824413,,7.5483427,,,,,7.6481743,7.8504629,8.3736897,8.7073574,8.7282057,8.4664774,,,,,,,,,,,,,,Argentina,CO2
ICES-XPS 1.0,PR_CP_Intensity,ARG,Emissions|CO2|Energy|Supply|Solids,Mt CO2/yr,,,,,,,,,,,,0.00699413382,,0.0078301644,,,,,0.00762440171,0.00719156442,0.00717565836,0.00695600314,0.00677338196,0.00610408559,,,,,,,,,,,,,,Argentina,CO2
ICES-XPS 1.0,PR_CP_Price,ARG,Emissions|CO2|Energy|Demand,Mt CO2/yr,,,,,,,,,,,,103.12964,,84.322594,,,,,89.020424,91.860519,97.639557,101.7924,104.54626,104.9361,,,,,,,,,,,,,,Argentina,CO2
ICES-XPS 1.0,PR_CP_Price,ARG,Emissions|CO2|Energy|Demand|AFOFI,Mt CO2/yr,,,,,,,,,,,,9.4914932,,8.6577377,,,,,8.8159437,8.9793148,9.3637238,9.5479002,9.5943546,9.5010786,,,,,,,,,,,,,,Argentina,CO2
ICES-XPS 1.0,PR_CP_Price,ARG,Emissions|CO2|Energy|Demand|Industry,Mt CO2/yr,,,,,,,,,,,,27.920103,,21.002995,,,,,22.934202,24.281149,25.969805,26.970652,27.407866,26.8269,,,,,,,,,,,,,,Argentina,CO2
ICES-XPS 1.0,PR_CP_Price,ARG,Emissions|CO2|Energy|Demand|Residential and Commercial,Mt CO2/yr,,,,,,,,,,,,31.149038,,25.096643,,,,,27.401823,28.700102,30.856537,32.594864,34.02562,35.00824,,,,,,,,,,,,,,Argentina,CO2
ICES-XPS 1.0,PR_CP_Price,ARG,Emissions|CO2|Energy|Demand|Residential and Commercial|Commercial,Mt CO2/yr,,,,,,,,,,,,5.059855,,4.3921981,,,,,4.5995903,4.6177578,4.9132695,5.1809111,5.3837695,5.4129634,,,,,,,,,,,,,,Argentina,CO2
ICES-XPS 1.0,PR_CP_Price,ARG,Emissions|CO2|Energy|Demand|Residential and Commercial|Residential,Mt CO2/yr,,,,,,,,,,,,26.089184,,20.704445,,,,,22.802233,24.082344,25.943266,27.413952,28.641851,29.595274,,,,,,,,,,,,,,Argentina,CO2
ICES-XPS 1.0,PR_CP_Price,ARG,Emissions|CO2|Energy|Demand|Transportation,Mt CO2/yr,,,,,,,,,,,,34.569,,29.565216,,,,,29.868458,29.899958,31.44949,32.678982,33.518425,33.599876,,,,,,,,,,,,,,Argentina,CO2
ICES-XPS 1.0,PR_CP_Price,ARG,Emissions|CO2|Energy|Supply,Mt CO2/yr,,,,,,,,,,,,61.478073,,49.428535,,,,,53.290531,55.088593,57.861557,57.804398,54.69788,48.499683,,,,,,,,,,,,,,Argentina,CO2
ICES-XPS 1.0,PR_CP_Price,ARG,Emissions|CO2|Energy|Supply|Electricity,Mt CO2/yr,,,,,,,,,,,,44.315144,,35.335617,,,,,38.053608,38.513214,39.619267,38.217716,34.366238,28.139229,,,,,,,,,,,,,,Argentina,CO2
ICES-XPS 1.0,PR_CP_Price,ARG,Emissions|CO2|Energy|Supply|Gases,Mt CO2/yr,,,,,,,,,,,,8.073494,,6.5357652,,,,,7.5813098,8.7223463,9.834836,10.830523,11.547509,11.840085,,,,,,,,,,,,,,Argentina,CO2
ICES-XPS 1.0,PR_CP_Price,ARG,Emissions|CO2|Energy|Supply|Liquids,Mt CO2/yr,,,,,,,,,,,,9.0824413,,7.5493236,,,,,7.647994,7.8458405,8.3997526,8.7483349,8.7761908,8.5130262,,,,,,,,,,,,,,Argentina,CO2
ICES-XPS 1.0,PR_CP_Price,ARG,Emissions|CO2|Energy|Supply|Solids,Mt CO2/yr,,,,,,,,,,,,0.00699413382,,0.00783017185,,,,,0.00762037141,0.00719276443,0.00770145562,0.00782412477,0.00794119202,0.007341519,,,,,,,,,,,,,,Argentina,CO2
ICES-XPS 1.0,PR_CP_PriceOnly,ARG,Emissions|CO2|Energy|Demand,Mt CO2/yr,,,,,,,,,,,,103.12964,,84.322594,,,,,88.986244,91.828125,98.355026,103.42367,107.15865,108.88393,,,,,,,,,,,,,,Argentina,CO2
ICES-XPS 1.0,PR_CP_PriceOnly,ARG,Emissions|CO2|Energy|Demand|AFOFI,Mt CO2/yr,,,,,,,,,,,,9.4914932,,8.6577377,,,,,8.8104877,8.9684381,9.4278479,9.6516647,9.7121429,9.6262894,,,,,,,,,,,,,,Argentina,CO2
ICES-XPS 1.0,PR_CP_PriceOnly,ARG,Emissions|CO2|Energy|Demand|Industry,Mt CO2/yr,,,,,,,,,,,,27.920103,,21.002995,,,,,22.959576,24.35117,26.304693,27.757702,28.834282,29.277964,,,,,,,,,,,,,,Argentina,CO2
ICES-XPS 1.0,PR_CP_PriceOnly,ARG,Emissions|CO2|Energy|Demand|Residential and Commercial,Mt CO2/yr,,,,,,,,,,,,31.149038,,25.096643,,,,,27.38171,28.659248,30.86203,32.672752,34.124119,35.081882,,,,,,,,,,,,,,Argentina,CO2
ICES-XPS 1.0,PR_CP_PriceOnly,ARG,Emissions|CO2|Energy|Demand|Residential and Commercial|Commercial,Mt CO2/yr,,,,,,,,,,,,5.059855,,4.3921981,,,,,4.5944409,4.6116672,4.9019623,5.1968851,5.4426303,5.5485616,,,,,,,,,,,,,,Argentina,CO2
ICES-XPS 1.0,PR_CP_PriceOnly,ARG,Emissions|CO2|Energy|Demand|Residential and Commercial|Residential,Mt CO2/yr,,,,,,,,,,,,26.089184,,20.704445,,,,,22.78727,24.047583,25.960068,27.475866,28.681488,29.533319,,,,,,,,,,,,,,Argentina,CO2
ICES-XPS 1.0,PR_CP_PriceOnly,ARG,Emissions|CO2|Energy|Demand|Transportation,Mt CO2/yr,,,,,,,,,,,,34.569,,29.565216,,,,,29.834469,29.849266,31.760458,33.341549,34.488106,34.897789,,,,,,,,,,,,,,Argentina,CO2
ICES-XPS 1.0,PR_CP_PriceOnly,ARG,Emissions|CO2|Energy|Supply,Mt CO2/yr,,,,,,,,,,,,61.478073,,49.428535,,,,,53.324722,55.121017,58.085648,58.520756,55.918034,50.245522,,,,,,,,,,,,,,Argentina,CO2
ICES-XPS 1.0,PR_CP_PriceOnly,ARG,Emissions|CO2|Energy|Supply|Electricity,Mt CO2/yr,,,,,,,,,,,,44.315144,,35.335617,,,,,38.084736,38.531052,39.931831,38.99192,35.49918,29.466284,,,,,,,,,,,,,,Argentina,CO2
ICES-XPS 1.0,PR_CP_PriceOnly,ARG,Emissions|CO2|Energy|Supply|Gases,Mt CO2/yr,,,,,,,,,,,,8.073494,,6.5357652,,,,,7.5826569,8.731204,9.7342491,10.752852,11.599428,12.196393,,,,,,,,,,,,,,Argentina,CO2
ICES-XPS 1.0,PR_CP_PriceOnly,ARG,Emissions|CO2|Energy|Supply|Liquids,Mt CO2/yr,,,,,,,,,,,,9.0824413,,7.5493236,,,,,7.6496944,7.8515496,8.4122086,8.7686043,8.8119469,8.5758705,,,,,,,,,,,,,,Argentina,CO2
ICES-XPS 1.0,PR_CP_PriceOnly,ARG,Emissions|CO2|Energy|Supply|Solids,Mt CO2/yr,,,,,,,,,,,,0.00699413382,,0.00783017185,,,,,0.00763390353,0.00721249357,0.00735889561,0.00738012977,0.00748020783,0.00697558187,,,,,,,,,,,,,,Argentina,CO2
ICES-XPS 1.0,PR_CurPol_EI,ARG,Emissions|CO2|Energy|Demand,Mt CO2/yr,,,,,,,,,,,,103.12964,,84.329803,,,,,89.271126,92.899506,97.992798,102.68518,106.36974,108.03368,,,,,,,,,,,,,,Argentina,CO2
ICES-XPS 1.0,PR_CurPol_EI,ARG,Emissions|CO2|Energy|Demand|AFOFI,Mt CO2/yr,,,,,,,,,,,,9.4914932,,8.659606,,,,,8.8306961,9.0124578,9.4501905,9.682436,9.7653923,9.6912479,,,,,,,,,,,,,,Argentina,CO2
ICES-XPS 1.0,PR_CurPol_EI,ARG,Emissions|CO2|Energy|Demand|Industry,Mt CO2/yr,,,,,,,,,,,,27.920103,,21.003611,,,,,23.002024,24.640413,25.782028,26.764524,27.362204,27.168354,,,,,,,,,,,,,,Argentina,CO2
ICES-XPS 1.0,PR_CurPol_EI,ARG,Emissions|CO2|Energy|Demand|Residential and Commercial,Mt CO2/yr,,,,,,,,,,,,31.149038,,25.102757,,,,,27.493374,29.057735,30.743071,32.375988,33.749062,34.710369,,,,,,,,,,,,,,Argentina,CO2
ICES-XPS 1.0,PR_CurPol_EI,ARG,Emissions|CO2|Energy|Demand|Residential and Commercial|Commercial,Mt CO2/yr,,,,,,,,,,,,5.059855,,4.3938231,,,,,4.622972,4.7071524,4.8501954,5.0724797,5.2504296,5.2820573,,,,,,,,,,,,,,Argentina,CO2
ICES-XPS 1.0,PR_CurPol_EI,ARG,Emissions|CO2|Energy|Demand|Residential and Commercial|Residential,Mt CO2/yr,,,,,,,,,,,,26.089184,,20.708933,,,,,22.870401,24.350584,25.892876,27.303509,28.498632,29.428314,,,,,,,,,,,,,,Argentina,CO2
ICES-XPS 1.0,PR_CurPol_EI,ARG,Emissions|CO2|Energy|Demand|Transportation,Mt CO2/yr,,,,,,,,,,,,34.569,,29.563828,,,,,29.94503,30.1889,32.017506,33.862232,35.493084,36.463703,,,,,,,,,,,,,,Argentina,CO2
ICES-XPS 1.0,PR_CurPol_EI,ARG,Emissions|CO2|Energy|Supply,Mt CO2/yr,,,,,,,,,,,,61.478073,,49.421326,,,,,53.532059,56.337406,57.057213,56.548328,53.3512,47.240761,,,,,,,,,,,,,,Argentina,CO2
ICES-XPS 1.0,PR_CurPol_EI,ARG,Emissions|CO2|Energy|Supply|Electricity,Mt CO2/yr,,,,,,,,,,,,44.315144,,35.329742,,,,,38.260242,39.567142,39.363163,38.029961,34.616737,28.951468,,,,,,,,,,,,,,Argentina,CO2
ICES-XPS 1.0,PR_CurPol_EI,ARG,Emissions|CO2|Energy|Supply|Gases,Mt CO2/yr,,,,,,,,,,,,8.073494,,6.535409,,,,,7.6160192,8.9126081,9.3131838,9.8040543,9.9994822,9.8167133,,,,,,,,,,,,,,Argentina,CO2
ICES-XPS 1.0,PR_CurPol_EI,ARG,Emissions|CO2|Energy|Supply|Liquids,Mt CO2/yr,,,,,,,,,,,,9.0824413,,7.5483427,,,,,7.6481743,7.8504629,8.3736897,8.7073574,8.7282057,8.4664774,,,,,,,,,,,,,,Argentina,CO2
ICES-XPS 1.0,PR_CurPol_EI,ARG,Emissions|CO2|Energy|Supply|Solids,Mt CO2/yr,,,,,,,,,,,,0.00699413382,,0.0078301644,,,,,0.00762440171,0.00719156442,0.00717565836,0.00695600314,0.00677338196,0.00610408559,,,,,,,,,,,,,,Argentina,CO2
ICES-XPS 1.0,PR_NDC_EI,ARG,Emissions|CO2|Energy|Demand,Mt CO2/yr,,,,,,,,,,,,103.12964,,89.487801,,,,,89.020905,87.067772,86.717033,86.166641,85.06546,82.307961,,,,,,,,,,,,,,Argentina,CO2
ICES-XPS 1.0,PR_NDC_EI,ARG,Emissions|CO2|Energy|Demand|AFOFI,Mt CO2/yr,,,,,,,,,,,,9.4914932,,8.7830963,,,,,8.851532,8.9590607,9.2963572,9.4162502,9.3724012,9.1421299,,,,,,,,,,,,,,Argentina,CO2
ICES-XPS 1.0,PR_NDC_EI,ARG,Emissions|CO2|Energy|Demand|Industry,Mt CO2/yr,,,,,,,,,,,,27.920103,,22.907677,,,,,22.863749,22.31146,21.478733,20.67901,19.794636,18.47443,,,,,,,,,,,,,,Argentina,CO2
ICES-XPS 1.0,PR_NDC_EI,ARG,Emissions|CO2|Energy|Demand|Residential and Commercial,Mt CO2/yr,,,,,,,,,,,,31.149038,,26.702446,,,,,27.349033,27.052876,26.818634,26.548223,26.150974,25.423326,,,,,,,,,,,,,,Argentina,CO2
ICES-XPS 1.0,PR_NDC_EI,ARG,Emissions|CO2|Energy|Demand|Residential and Commercial|Commercial,Mt CO2/yr,,,,,,,,,,,,5.059855,,4.8323245,,,,,4.5774736,4.1847959,3.8984027,3.6985393,3.4885492,3.1953435,,,,,,,,,,,,,,Argentina,CO2
ICES-XPS 1.0,PR_NDC_EI,ARG,Emissions|CO2|Energy|Demand|Residential and Commercial|Residential,Mt CO2/yr,,,,,,,,,,,,26.089184,,21.870121,,,,,22.771561,22.86808,22.920233,22.849684,22.662424,22.227982,,,,,,,,,,,,,,Argentina,CO2
ICES-XPS 1.0,PR_NDC_EI,ARG,Emissions|CO2|Energy|Demand|Transportation,Mt CO2/yr,,,,,,,,,,,,34.569,,31.09458,,,,,29.956593,28.744377,29.12331,29.523159,29.747446,29.268072,,,,,,,,,,,,,,Argentina,CO2
ICES-XPS 1.0,PR_NDC_EI,ARG,Emissions|CO2|Energy|Supply,Mt CO2/yr,,,,,,,,,,,,61.478073,,55.415165,,,,,52.943504,48.5093,42.077888,34.971634,28.120008,22.773287,,,,,,,,,,,,,,Argentina,CO2
ICES-XPS 1.0,PR_NDC_EI,ARG,Emissions|CO2|Energy|Supply|Electricity,Mt CO2/yr,,,,,,,,,,,,44.315144,,40.46767,,,,,37.844021,33.19582,27.144997,20.536015,14.493424,10.180513,,,,,,,,,,,,,,Argentina,CO2
ICES-XPS 1.0,PR_NDC_EI,ARG,Emissions|CO2|Energy|Supply|Gases,Mt CO2/yr,,,,,,,,,,,,8.073494,,7.3145804,,,,,7.4558458,7.5398831,6.7583046,6.0732522,5.3790812,4.7293286,,,,,,,,,,,,,,Argentina,CO2
ICES-XPS 1.0,PR_NDC_EI,ARG,Emissions|CO2|Energy|Supply|Liquids,Mt CO2/yr,,,,,,,,,,,,9.0824413,,7.6250443,,,,,7.6362176,7.7667961,8.1678905,8.3559017,8.2411814,7.8577061,,,,,,,,,,,,,,Argentina,CO2
ICES-XPS 1.0,PR_NDC_EI,ARG,Emissions|CO2|Energy|Supply|Solids,Mt CO2/yr,,,,,,,,,,,,0.00699413382,,0.00786827412,,,,,0.00742138689,0.00679925969,0.00669759419,0.00646718545,0.00632057758,0.00573859643,,,,,,,,,,,,,,Argentina,CO2
ICES-XPS 1.0,PR_NDC_Intensity,ARG,Emissions|CO2|Energy|Demand,Mt CO2/yr,,,,,,,,,,,,103.12964,,89.487801,,,,,89.020905,87.067772,86.717033,86.166641,85.06546,82.307961,,,,,,,,,,,,,,Argentina,CO2
ICES-XPS 1.0,PR_NDC_Intensity,ARG,Emissions|CO2|Energy|Demand|AFOFI,Mt CO2/yr,,,,,,,,,,,,9.4914932,,8.7830963,,,,,8.851532,8.9590607,9.2963572,9.4162502,9.3724012,9.1421299,,,,,,,,,,,,,,Argentina,CO2
ICES-XPS 1.0,PR_NDC_Intensity,ARG,Emissions|CO2|Energy|Demand|Industry,Mt CO2/yr,,,,,,,,,,,,27.920103,,22.907677,,,,,22.863749,22.31146,21.478733,20.67901,19.794636,18.47443,,,,,,,,,,,,,,Argentina,CO2
ICES-XPS 1.0,PR_NDC_Intensity,ARG,Emissions|CO2|Energy|Demand|Residential and Commercial,Mt CO2/yr,,,,,,,,,,,,31.149038,,26.702446,,,,,27.349033,27.052876,26.818634,26.548223,26.150974,25.423326,,,,,,,,,,,,,,Argentina,CO2
ICES-XPS 1.0,PR_NDC_Intensity,ARG,Emissions|CO2|Energy|Demand|Residential and Commercial|Commercial,Mt CO2/yr,,,,,,,,,,,,5.059855,,4.8323245,,,,,4.5774736,4.1847959,3.8984027,3.6985393,3.4885492,3.1953435,,,,,,,,,,,,,,Argentina,CO2
ICES-XPS 1.0,PR_NDC_Intensity,ARG,Emissions|CO2|Energy|Demand|Residential and Commercial|Residential,Mt CO2/yr,,,,,,,,,,,,26.089184,,21.870121,,,,,22.771561,22.86808,22.920233,22.849684,22.662424,22.227982,,,,,,,,,,,,,,Argentina,CO2
ICES-XPS 1.0,PR_NDC_Intensity,ARG,Emissions|CO2|Energy|Demand|Transportation,Mt CO2/yr,,,,,,,,,,,,34.569,,31.09458,,,,,29.956593,28.744377,29.12331,29.523159,29.747446,29.268072,,,,,,,,,,,,,,Argentina,CO2
ICES-XPS 1.0,PR_NDC_Intensity,ARG,Emissions|CO2|Energy|Supply,Mt CO2/yr,,,,,,,,,,,,61.478073,,55.415165,,,,,52.943504,48.5093,42.077888,34.971634,28.120008,22.773287,,,,,,,,,,,,,,Argentina,CO2
ICES-XPS 1.0,PR_NDC_Intensity,ARG,Emissions|CO2|Energy|Supply|Electricity,Mt CO2/yr,,,,,,,,,,,,44.315144,,40.46767,,,,,37.844021,33.19582,27.144997,20.536015,14.493424,10.180513,,,,,,,,,,,,,,Argentina,CO2
ICES-XPS 1.0,PR_NDC_Intensity,ARG,Emissions|CO2|Energy|Supply|Gases,Mt CO2/yr,,,,,,,,,,,,8.073494,,7.3145804,,,,,7.4558458,7.5398831,6.7583046,6.0732522,5.3790812,4.7293286,,,,,,,,,,,,,,Argentina,CO2
ICES-XPS 1.0,PR_NDC_Intensity,ARG,Emissions|CO2|Energy|Supply|Liquids,Mt CO2/yr,,,,,,,,,,,,9.0824413,,7.6250443,,,,,7.6362176,7.7667961,8.1678905,8.3559017,8.2411814,7.8577061,,,,,,,,,,,,,,Argentina,CO2
ICES-XPS 1.0,PR_NDC_Intensity,ARG,Emissions|CO2|Energy|Supply|Solids,Mt CO2/yr,,,,,,,,,,,,0.00699413382,,0.00786827412,,,,,0.00742138689,0.00679925969,0.00669759419,0.00646718545,0.00632057758,0.00573859643,,,,,,,,,,,,,,Argentina,CO2
ICES-XPS 1.0,PR_NDC_Price,ARG,Emissions|CO2|Energy|Demand,Mt CO2/yr,,,,,,,,,,,,103.12964,,89.442902,,,,,88.969643,87.077133,93.83609,99.263741,103.3578,105.46196,,,,,,,,,,,,,,Argentina,CO2
ICES-XPS 1.0,PR_NDC_Price,ARG,Emissions|CO2|Energy|Demand|AFOFI,Mt CO2/yr,,,,,,,,,,,,9.4914932,,8.7810154,,,,,8.8457966,8.9543619,9.4168406,9.6508341,9.723299,9.6465683,,,,,,,,,,,,,,Argentina,CO2
ICES-XPS 1.0,PR_NDC_Price,ARG,Emissions|CO2|Energy|Demand|Industry,Mt CO2/yr,,,,,,,,,,,,27.920103,,22.891129,,,,,22.86158,22.339058,24.351391,25.866596,26.915701,27.173407,,,,,,,,,,,,,,Argentina,CO2
ICES-XPS 1.0,PR_NDC_Price,ARG,Emissions|CO2|Energy|Demand|Residential and Commercial,Mt CO2/yr,,,,,,,,,,,,31.149038,,26.682947,,,,,27.307947,26.997467,29.312834,31.308035,33.011806,34.367577,,,,,,,,,,,,,,Argentina,CO2
ICES-XPS 1.0,PR_NDC_Price,ARG,Emissions|CO2|Energy|Demand|Residential and Commercial|Commercial,Mt CO2/yr,,,,,,,,,,,,5.059855,,4.8266263,,,,,4.5658979,4.1726375,4.4920149,4.8187809,5.1012139,5.2616162,,,,,,,,,,,,,,Argentina,CO2
ICES-XPS 1.0,PR_NDC_Price,ARG,Emissions|CO2|Energy|Demand|Residential and Commercial|Residential,Mt CO2/yr,,,,,,,,,,,,26.089184,,21.856321,,,,,22.74205,22.824829,24.82082,26.489254,27.910595,29.105963,,,,,,,,,,,,,,Argentina,CO2
ICES-XPS 1.0,PR_NDC_Price,ARG,Emissions|CO2|Energy|Demand|Transportation,Mt CO2/yr,,,,,,,,,,,,34.569,,31.087811,,,,,29.954319,28.786247,30.755024,32.438278,33.706989,34.274406,,,,,,,,,,,,,,Argentina,CO2
ICES-XPS 1.0,PR_NDC_Price,ARG,Emissions|CO2|Energy|Supply,Mt CO2/yr,,,,,,,,,,,,61.478073,,55.37624,,,,,52.865505,48.376503,51.558865,52.501411,50.818192,46.616283,,,,,,,,,,,,,,Argentina,CO2
ICES-XPS 1.0,PR_NDC_Price,ARG,Emissions|CO2|Energy|Supply|Electricity,Mt CO2/yr,,,,,,,,,,,,44.315144,,40.438465,,,,,37.799576,33.131142,34.757576,34.324291,31.720652,27.089872,,,,,,,,,,,,,,Argentina,CO2
ICES-XPS 1.0,PR_NDC_Price,ARG,Emissions|CO2|Energy|Supply|Gases,Mt CO2/yr,,,,,,,,,,,,8.073494,,7.3051739,,,,,7.4223351,7.4704919,8.4638166,9.479269,10.353836,11.022108,,,,,,,,,,,,,,Argentina,CO2
ICES-XPS 1.0,PR_NDC_Price,ARG,Emissions|CO2|Energy|Supply|Liquids,Mt CO2/yr,,,,,,,,,,,,9.0824413,,7.6247401,,,,,7.6362343,7.7681575,8.3305101,8.690793,8.7364864,8.4975147,,,,,,,,,,,,,,Argentina,CO2
ICES-XPS 1.0,PR_NDC_Price,ARG,Emissions|CO2|Energy|Supply|Solids,Mt CO2/yr,,,,,,,,,,,,0.00699413382,,0.00786121469,,,,,0.00735866744,0.00671113003,0.00696156127,0.0070583676,0.00721812947,0.0067880908,,,,,,,,,,,,,,Argentina,CO2
ICES-XPS 1.0,PR_NDC_PriceOnly,ARG,Emissions|CO2|Energy|Demand,Mt CO2/yr,,,,,,,,,,,,103.12964,,89.442902,,,,,88.941292,87.07119,93.882385,99.408661,103.67719,106.03528,,,,,,,,,,,,,,Argentina,CO2
ICES-XPS 1.0,PR_NDC_PriceOnly,ARG,Emissions|CO2|Energy|Demand|AFOFI,Mt CO2/yr,,,,,,,,,,,,9.4914932,,8.7810154,,,,,8.8421803,8.9477921,9.406867,9.6359024,9.7018518,9.6203785,,,,,,,,,,,,,,Argentina,CO2
ICES-XPS 1.0,PR_NDC_PriceOnly,ARG,Emissions|CO2|Energy|Demand|Industry,Mt CO2/yr,,,,,,,,,,,,27.920103,,22.891129,,,,,22.886213,22.409903,24.499651,26.160753,27.48263,28.225992,,,,,,,,,,,,,,Argentina,CO2
ICES-XPS 1.0,PR_NDC_PriceOnly,ARG,Emissions|CO2|Energy|Demand|Residential and Commercial,Mt CO2/yr,,,,,,,,,,,,31.149038,,26.682947,,,,,27.286062,26.956728,29.241129,31.187174,32.796265,33.935776,,,,,,,,,,,,,,Argentina,CO2
ICES-XPS 1.0,PR_NDC_PriceOnly,ARG,Emissions|CO2|Energy|Demand|Residential and Commercial|Commercial,Mt CO2/yr,,,,,,,,,,,,5.059855,,4.8266263,,,,,4.5597267,4.165915,4.4849949,4.8123131,5.0950165,5.2504301,,,,,,,,,,,,,,Argentina,CO2
ICES-XPS 1.0,PR_NDC_PriceOnly,ARG,Emissions|CO2|Energy|Demand|Residential and Commercial|Residential,Mt CO2/yr,,,,,,,,,,,,26.089184,,21.856321,,,,,22.726336,22.790813,24.756134,26.374861,27.701248,28.685345,,,,,,,,,,,,,,Argentina,CO2
ICES-XPS 1.0,PR_NDC_PriceOnly,ARG,Emissions|CO2|Energy|Demand|Transportation,Mt CO2/yr,,,,,,,,,,,,34.569,,31.087811,,,,,29.926834,28.756767,30.734739,32.424828,33.696438,34.253132,,,,,,,,,,,,,,Argentina,CO2
ICES-XPS 1.0,PR_NDC_PriceOnly,ARG,Emissions|CO2|Energy|Supply,Mt CO2/yr,,,,,,,,,,,,61.478073,,55.37624,,,,,52.89386,48.382454,51.512554,52.356525,50.498825,46.042961,,,,,,,,,,,,,,Argentina,CO2
ICES-XPS 1.0,PR_NDC_PriceOnly,ARG,Emissions|CO2|Energy|Supply|Electricity,Mt CO2/yr,,,,,,,,,,,,44.315144,,40.438465,,,,,37.829571,33.133415,34.69627,34.138988,31.310869,26.330086,,,,,,,,,,,,,,Argentina,CO2
ICES-XPS 1.0,PR_NDC_PriceOnly,ARG,Emissions|CO2|Energy|Supply|Gases,Mt CO2/yr,,,,,,,,,,,,8.073494,,7.3051739,,,,,7.4195466,7.4695458,8.4687529,9.5019693,10.415277,11.162726,,,,,,,,,,,,,,Argentina,CO2
ICES-XPS 1.0,PR_NDC_PriceOnly,ARG,Emissions|CO2|Energy|Supply|Liquids,Mt CO2/yr,,,,,,,,,,,,9.0824413,,7.6247401,,,,,7.6373801,7.7727766,8.3405676,8.7085133,8.7654743,8.5433779,,,,,,,,,,,,,,Argentina,CO2
ICES-XPS 1.0,PR_NDC_PriceOnly,ARG,Emissions|CO2|Energy|Supply|Solids,Mt CO2/yr,,,,,,,,,,,,0.00699413382,,0.00786121469,,,,,0.00736356527,0.00671581505,0.00696310867,0.00705449283,0.00720663136,0.00677256612,,,,,,,,,,,,,,Argentina,CO2
ICES-XPS 1.0,R,ARG,Emissions|CO2|Energy|Demand,Mt CO2/yr,,,,,,,,,,,,131.67017,,137.22876,,,,,136.64867,136.33392,,,,,,,,,,,,,,,,,,Argentina,CO2
ICES-XPS 1.0,R,ARG,Emissions|CO2|Energy|Demand|AFOFI,Mt CO2/yr,,,,,,,,,,,,9.9533062,,8.7879591,,,,,9.1422138,9.4264517,,,,,,,,,,,,,,,,,,Argentina,CO2
ICES-XPS 1.0,R,ARG,Emissions|CO2|Energy|Demand|Industry,Mt CO2/yr,,,,,,,,,,,,30.547358,,22.694895,,,,,25.719213,27.672327,,,,,,,,,,,,,,,,,,Argentina,CO2
ICES-XPS 1.0,R,ARG,Emissions|CO2|Energy|Demand|Residential and Commercial,Mt CO2/yr,,,,,,,,,,,,31.220181,,25.366428,,,,,27.727913,29.137344,,,,,,,,,,,,,,,,,,Argentina,CO2
ICES-XPS 1.0,R,ARG,Emissions|CO2|Energy|Demand|Residential and Commercial|Commercial,Mt CO2/yr,,,,,,,,,,,,5.1836696,,4.6015239,,,,,4.8815079,4.9847555,,,,,,,,,,,,,,,,,,Argentina,CO2
ICES-XPS 1.0,R,ARG,Emissions|CO2|Energy|Demand|Residential and Commercial|Residential,Mt CO2/yr,,,,,,,,,,,,26.036512,,20.764904,,,,,22.846405,24.15259,,,,,,,,,,,,,,,,,,Argentina,CO2
ICES-XPS 1.0,R,ARG,Emissions|CO2|Energy|Demand|Transportation,Mt CO2/yr,,,,,,,,,,,,59.949329,,80.379471,,,,,74.059326,70.097794,,,,,,,,,,,,,,,,,,Argentina,CO2
ICES-XPS 1.0,R,ARG,Emissions|CO2|Energy|Supply,Mt CO2/yr,,,,,,,,,,,,66.286194,,57.486584,,,,,60.899059,62.487003,,,,,,,,,,,,,,,,,,Argentina,CO2
ICES-XPS 1.0,R,ARG,Emissions|CO2|Energy|Supply|Electricity,Mt CO2/yr,,,,,,,,,,,,44.989285,,36.196976,,,,,38.68293,38.858086,,,,,,,,,,,,,,,,,,Argentina,CO2
ICES-XPS 1.0,R,ARG,Emissions|CO2|Energy|Supply|Gases,Mt CO2/yr,,,,,,,,,,,,9.1239862,,8.0276442,,,,,9.2958879,10.829812,,,,,,,,,,,,,,,,,,Argentina,CO2
ICES-XPS 1.0,R,ARG,Emissions|CO2|Energy|Supply|Liquids,Mt CO2/yr,,,,,,,,,,,,12.160487,,13.239651,,,,,12.901011,12.782412,,,,,,,,,,,,,,,,,,Argentina,CO2
ICES-XPS 1.0,R,ARG,Emissions|CO2|Energy|Supply|Solids,Mt CO2/yr,,,,,,,,,,,,0.012432659,,0.0223149415,,,,,0.0192326587,0.0166933816,,,,,,,,,,,,,,,,,,Argentina,CO2
ICES-XPS 1.0,SH,ARG,Emissions|CO2|Energy|Demand,Mt CO2/yr,,,,,,,,,,,,131.67017,,137.22876,,,,,136.64867,136.33392,,,,,,,,,,,,,,,,,,Argentina,CO2
ICES-XPS 1.0,SH,ARG,Emissions|CO2|Energy|Demand|AFOFI,Mt CO2/yr,,,,,,,,,,,,9.9533062,,8.7879591,,,,,9.1422138,9.4264517,,,,,,,,,,,,,,,,,,Argentina,CO2
ICES-XPS 1.0,SH,ARG,Emissions|CO2|Energy|Demand|Industry,Mt CO2/yr,,,,,,,,,,,,30.547358,,22.694895,,,,,25.719213,27.672327,,,,,,,,,,,,,,,,,,Argentina,CO2
ICES-XPS 1.0,SH,ARG,Emissions|CO2|Energy|Demand|Residential and Commercial,Mt CO2/yr,,,,,,,,,,,,31.220181,,25.366428,,,,,27.727913,29.137344,,,,,,,,,,,,,,,,,,Argentina,CO2
ICES-XPS 1.0,SH,ARG,Emissions|CO2|Energy|Demand|Residential and Commercial|Commercial,Mt CO2/yr,,,,,,,,,,,,5.1836696,,4.6015239,,,,,4.8815079,4.9847555,,,,,,,,,,,,,,,,,,Argentina,CO2
ICES-XPS 1.0,SH,ARG,Emissions|CO2|Energy|Demand|Residential and Commercial|Residential,Mt CO2/yr,,,,,,,,,,,,26.036512,,20.764904,,,,,22.846405,24.15259,,,,,,,,,,,,,,,,,,Argentina,CO2
ICES-XPS 1.0,SH,ARG,Emissions|CO2|Energy|Demand|Transportation,Mt CO2/yr,,,,,,,,,,,,59.949329,,80.379471,,,,,74.059326,70.097794,,,,,,,,,,,,,,,,,,Argentina,CO2
ICES-XPS 1.0,SH,ARG,Emissions|CO2|Energy|Supply,Mt CO2/yr,,,,,,,,,,,,66.286194,,57.486584,,,,,60.899059,62.487003,,,,,,,,,,,,,,,,,,Argentina,CO2
ICES-XPS 1.0,SH,ARG,Emissions|CO2|Energy|Supply|Electricity,Mt CO2/yr,,,,,,,,,,,,44.989285,,36.196976,,,,,38.68293,38.858086,,,,,,,,,,,,,,,,,,Argentina,CO2
ICES-XPS 1.0,SH,ARG,Emissions|CO2|Energy|Supply|Gases,Mt CO2/yr,,,,,,,,,,,,9.1239862,,8.0276442,,,,,9.2958879,10.829812,,,,,,,,,,,,,,,,,,Argentina,CO2
ICES-XPS 1.0,SH,ARG,Emissions|CO2|Energy|Supply|Liquids,Mt CO2/yr,,,,,,,,,,,,12.160487,,13.239651,,,,,12.901011,12.782412,,,,,,,,,,,,,,,,,,Argentina,CO2
ICES-XPS 1.0,SH,ARG,Emissions|CO2|Energy|Supply|Solids,Mt CO2/yr,,,,,,,,,,,,0.012432659,,0.0223149415,,,,,0.0192326587,0.0166933816,,,,,,,,,,,,,,,,,,Argentina,CO2
IMACLIM-ARG 1.0,DD1,ARG,Emissions|CO2|Energy|Demand,Mt CO2/yr,,,,,,,,,176.56664,,,194.51058,,,,,,,137.29372,142.8911,128.46614,121.0263,113.36778,106.11164,,,,,,,,,,,,,,Argentina,CO2
IMACLIM-ARG 1.0,DD1,ARG,Emissions|CO2|Energy|Demand|Commercial,Mt CO2/yr,,,,,,,,,3.7803206,,,4.4698776,,,,,,,2.5061112,2.3392835,1.773482,1.2896647,0.852008,0.4610528,,,,,,,,,,,,,,Argentina,CO2
IMACLIM-ARG 1.0,DD1,ARG,Emissions|CO2|Energy|Demand|Industry,Mt CO2/yr,,,,,,,,,20.238018,,,19.343809,,,,,,,21.783739,24.176524,25.462478,27.21772,28.335948,29.048785,,,,,,,,,,,,,,Argentina,CO2
IMACLIM-ARG 1.0,DD1,ARG,Emissions|CO2|Energy|Demand|Residential,Mt CO2/yr,,,,,,,,,39.487793,,,45.553676,,,,,,,36.668072,30.536495,23.878389,17.326054,11.220735,5.692398,,,,,,,,,,,,,,Argentina,CO2
IMACLIM-ARG 1.0,DD1,ARG,Emissions|CO2|Energy|Demand|Residential and Commercial,Mt CO2/yr,,,,,,,,,43.268113,,,50.023554,,,,,,,39.174183,32.875778,25.651871,18.615719,12.072743,6.1534508,,,,,,,,,,,,,,Argentina,CO2
IMACLIM-ARG 1.0,DD1,ARG,Emissions|CO2|Energy|Demand|Transportation,Mt CO2/yr,,,,,,,,,28.878024,,,25.477804,,,,,,,12.928281,20.232876,16.61893,13.50269,9.9469269,7.0268361,,,,,,,,,,,,,,Argentina,CO2
IMACLIM-ARG 1.0,DD1,ARG,Emissions|CO2|Energy|Demand|Transportation|Road,Mt CO2/yr,,,,,,,,,26.635126,,,22.831373,,,,,,,11.513933,17.154819,13.326546,9.9779834,6.1969514,3.0864877,,,,,,,,,,,,,,Argentina,CO2
IMACLIM-ARG 1.0,DD1,ARG,Emissions|CO2|Energy|Demand|Transportation|Road|Freight,Mt CO2/yr,,,,,,,,,19.881296,,,17.877218,,,,,,,8.6167405,13.76714,10.469963,7.6198223,4.3444664,1.7117649,,,,,,,,,,,,,,Argentina,CO2
IMACLIM-ARG 1.0,DD1,ARG,Emissions|CO2|Energy|Demand|Transportation|Road|Passenger,Mt CO2/yr,,,,,,,,,6.7538306,,,4.9541554,,,,,,,2.8971925,3.3876793,2.8565832,2.3581611,1.8524851,1.3747228,,,,,,,,,,,,,,Argentina,CO2
IMACLIM-ARG 1.0,DD1,ARG,Emissions|CO2|Energy|Supply,Mt CO2/yr,,,,,,,,,72.069547,,,89.329185,,,,,,,57.624224,56.800638,52.345766,53.723695,55.802816,57.494937,,,,,,,,,,,,,,Argentina,CO2
IMACLIM-ARG 1.0,DD2,ARG,Emissions|CO2|Energy|Demand,Mt CO2/yr,,,,,,,,,176.56664,,,194.14197,,,,,,,139.81183,121.0752,108.7071,101.05006,93.063621,85.205123,,,,,,,,,,,,,,Argentina,CO2
IMACLIM-ARG 1.0,DD2,ARG,Emissions|CO2|Energy|Demand|Commercial,Mt CO2/yr,,,,,,,,,3.7803206,,,4.4698776,,,,,,,2.9287514,2.3031023,1.7387067,1.27944,0.8470036,0.4599215,,,,,,,,,,,,,,Argentina,CO2
IMACLIM-ARG 1.0,DD2,ARG,Emissions|CO2|Energy|Demand|Industry,Mt CO2/yr,,,,,,,,,20.238018,,,19.343809,,,,,,,22.27551,23.686156,24.903374,27.043915,28.299266,29.243168,,,,,,,,,,,,,,Argentina,CO2
IMACLIM-ARG 1.0,DD2,ARG,Emissions|CO2|Energy|Demand|Residential,Mt CO2/yr,,,,,,,,,39.487793,,,45.553676,,,,,,,36.668072,30.536495,23.878389,17.326054,11.220735,5.692398,,,,,,,,,,,,,,Argentina,CO2
IMACLIM-ARG 1.0,DD2,ARG,Emissions|CO2|Energy|Demand|Residential and Commercial,Mt CO2/yr,,,,,,,,,43.268113,,,50.023554,,,,,,,39.596823,32.839597,25.617096,18.605494,12.067739,6.1523196,,,,,,,,,,,,,,Argentina,CO2
IMACLIM-ARG 1.0,DD2,ARG,Emissions|CO2|Energy|Demand|Transportation,Mt CO2/yr,,,,,,,,,28.878024,,,25.477804,,,,,,,22.387731,19.882737,16.181639,13.331386,9.8444236,6.9657894,,,,,,,,,,,,,,Argentina,CO2
IMACLIM-ARG 1.0,DD2,ARG,Emissions|CO2|Energy|Demand|Transportation|Road,Mt CO2/yr,,,,,,,,,26.635126,,,22.831373,,,,,,,19.611367,16.85357,12.961148,9.8523196,6.1428477,3.0755458,,,,,,,,,,,,,,Argentina,CO2
IMACLIM-ARG 1.0,DD2,ARG,Emissions|CO2|Energy|Demand|Transportation|Road|Freight,Mt CO2/yr,,,,,,,,,19.881296,,,17.877218,,,,,,,15.646941,13.534606,10.174339,7.5137497,4.2986973,1.7005299,,,,,,,,,,,,,,Argentina,CO2
IMACLIM-ARG 1.0,DD2,ARG,Emissions|CO2|Energy|Demand|Transportation|Road|Passenger,Mt CO2/yr,,,,,,,,,6.7538306,,,4.9541554,,,,,,,3.9644265,3.318964,2.7868097,2.3385699,1.8441503,1.3750159,,,,,,,,,,,,,,Argentina,CO2
IMACLIM-ARG 1.0,DD2,ARG,Emissions|CO2|Energy|Supply,Mt CO2/yr,,,,,,,,,72.069547,,,88.960575,,,,,,,46.183313,35.975496,33.728216,34.142412,35.664929,36.451935,,,,,,,,,,,,,,Argentina,CO2
IMACLIM-ARG 1.0,NDC,ARG,Emissions|CO2|Energy|Demand,Mt CO2/yr,,,,,,,,,176.56664,,,194.13343,,,,,,,178.76107,186.00042,202.46031,224.64653,245.95574,270.48987,,,,,,,,,,,,,,Argentina,CO2
IMACLIM-ARG 1.0,NDC,ARG,Emissions|CO2|Energy|Demand|Commercial,Mt CO2/yr,,,,,,,,,3.7803206,,,4.4704371,,,,,,,5.1786708,5.6599237,6.2119964,6.8569177,7.4933311,8.2076927,,,,,,,,,,,,,,Argentina,CO2
IMACLIM-ARG 1.0,NDC,ARG,Emissions|CO2|Energy|Demand|Industry,Mt CO2/yr,,,,,,,,,20.238018,,,19.343812,,,,,,,22.925853,25.034694,27.445968,30.302541,33.079206,36.349775,,,,,,,,,,,,,,Argentina,CO2
IMACLIM-ARG 1.0,NDC,ARG,Emissions|CO2|Energy|Demand|Residential,Mt CO2/yr,,,,,,,,,39.487793,,,45.553676,,,,,,,47.083224,47.9582,49.312981,50.634154,51.828887,52.820646,,,,,,,,,,,,,,Argentina,CO2
IMACLIM-ARG 1.0,NDC,ARG,Emissions|CO2|Energy|Demand|Residential and Commercial,Mt CO2/yr,,,,,,,,,43.268113,,,50.024113,,,,,,,52.261895,53.618124,55.524978,57.491072,59.322218,61.028338,,,,,,,,,,,,,,Argentina,CO2
IMACLIM-ARG 1.0,NDC,ARG,Emissions|CO2|Energy|Demand|Transportation,Mt CO2/yr,,,,,,,,,28.878024,,,25.482138,,,,,,,25.454772,26.420865,26.756854,27.128238,26.565097,25.885269,,,,,,,,,,,,,,Argentina,CO2
IMACLIM-ARG 1.0,NDC,ARG,Emissions|CO2|Energy|Demand|Transportation|Road,Mt CO2/yr,,,,,,,,,26.635126,,,22.835677,,,,,,,22.613983,23.254833,23.294333,23.358459,22.525262,21.578422,,,,,,,,,,,,,,Argentina,CO2
IMACLIM-ARG 1.0,NDC,ARG,Emissions|CO2|Energy|Demand|Transportation|Road|Freight,Mt CO2/yr,,,,,,,,,19.881296,,,17.880594,,,,,,,17.776302,18.314167,18.269343,18.236845,17.474807,16.625862,,,,,,,,,,,,,,Argentina,CO2
IMACLIM-ARG 1.0,NDC,ARG,Emissions|CO2|Energy|Demand|Transportation|Road|Passenger,Mt CO2/yr,,,,,,,,,6.7538306,,,4.9550829,,,,,,,4.837681,4.9406653,5.0249903,5.1216142,5.0504555,4.9525599,,,,,,,,,,,,,,Argentina,CO2
IMACLIM-ARG 1.0,NDC,ARG,Emissions|CO2|Energy|Supply,Mt CO2/yr,,,,,,,,,72.069547,,,88.949218,,,,,,,65.237082,66.593281,76.563584,91.392873,107.03463,125.37129,,,,,,,,,,,,,,Argentina,CO2
