Model,Scenario,Region,Variable,Unit,1990,1995,2000,2005,2007,2008,2010,2011,2012,2013,2014,2015,2018,2020,2021,2022,2023,2024,2025,2030,2035,2040,2045,2050,2055,2060,2065,2070,2075,2080,2085,2090,2095,2100,2110,2130,2150,Country,Species
GCAM 4.2,SSP2-19,MEX,Carbon Sequestration|CCS|Biomass,Mt CO2/yr,,,,,,,0.0,,,,,,,2.299,,,,,,23.561,,156.241,,309.517,,428.636,,555.215,,704.95,,922.054,,1277.93,,,,Mexico,
GCAM 4.2,SSP2-19,MEX,Carbon Sequestration|CCS|Biomass|Energy,Mt CO2/yr,,,,,,,0.0,,,,,,,2.299,,,,,,23.561,,156.241,,309.517,,428.636,,555.215,,704.95,,922.054,,1277.93,,,,Mexico,
GCAM 4.2,SSP2-19,MEX,Carbon Sequestration|CCS|Biomass|Energy|Supply,Mt CO2/yr,,,,,,,0.0,,,,,,,2.276,,,,,,23.174,,154.523,,305.672,,423.133,,547.151999999999,,688.673,,882.068,,1206.646,,,,Mexico,
GCAM 4.2,SSP2-19,MEX,Carbon Sequestration|CCS|Biomass|Energy|Supply|Electricity,Mt CO2/yr,,,,,,,0.0,,,,,,,0.416,,,,,,8.814,,60.388,,113.081,,153.486,,193.002,,261.809,,434.719,,888.072,,,,Mexico,
GCAM 4.2,SSP5-19,MEX,Carbon Sequestration|CCS|Biomass,Mt CO2/yr,,,,,,,0.0,,,,,,,2.024,,,,,,39.428,,194.088,,282.112,,353.186,,436.597,,552.964,,609.482,,709.886,,,,Mexico,
GCAM 4.2,SSP5-19,MEX,Carbon Sequestration|CCS|Biomass|Energy,Mt CO2/yr,,,,,,,0.0,,,,,,,2.024,,,,,,39.428,,194.088,,282.112,,353.186,,436.597,,552.964,,609.482,,709.886,,,,Mexico,
GCAM 4.2,SSP5-19,MEX,Carbon Sequestration|CCS|Biomass|Energy|Supply,Mt CO2/yr,,,,,,,0.0,,,,,,,2.001,,,,,,38.892,,192.395,,278.555,,348.159,,429.154,,543.274,,594.447,,662.382,,,,Mexico,
GCAM 4.2,SSP5-19,MEX,Carbon Sequestration|CCS|Biomass|Energy|Supply|Electricity,Mt CO2/yr,,,,,,,0.0,,,,,,,0.402,,,,,,19.154,,87.807,,136.488,,167.225,,189.795,,221.824,,237.893,,364.378,,,,Mexico,
GCAM 5.2,"NGFS1_Current policies (Hot house world, Rep)",MEX,Emissions|CH4|AFOLU,Mt CO2e/yr,,,,70.781791416,,,77.690381748,,,,,80.346442568,,86.382790872,,,,,93.393436024,100.84348792,106.87592532400001,112.412526184,117.923152592,122.91363319199999,123.736531604,123.91439664800001,123.81744272799999,123.59266939599999,123.198233172,122.577060172,121.68347721599999,120.58745526799999,119.40124400399999,118.18409218,,,,Mexico,CH4
GCAM 5.2,"NGFS1_Current policies (Hot house world, Rep)",MEX,Emissions|CO2|AFOLU,Mt CO2/yr,,,,54.59076467,,,-3.943037339,,,,,-12.76997401,,-7.88892087299999,,,,,-3.007867738,1.873185397,6.754238531,11.63529167,10.38974743,9.14420319,7.898658951,6.653114713,5.407570475,4.162026236,2.916481998,1.67093776,0.425393521,-0.820150717,-2.065694955,-3.311239194,,,,Mexico,CO2
GCAM 5.2,"NGFS1_Current policies (Hot house world, Rep)",MEX,Emissions|CO2|Energy and Industrial Processes,Mt CO2/yr,,,,462.1429699,,,487.5961704,,,,,494.1263467,,514.9866175,,,,,553.639103,592.8762404,628.6615587,658.6782141,694.2295402,726.3342707,765.9904742,807.2505662,850.6532622,897.832719199999,946.1513353,991.46407,1033.269698,1069.891244,1101.645242,1131.145532,,,,Mexico,CO2
GCAM 5.2,"NGFS1_Current policies (Hot house world, Rep)",MEX,Emissions|CO2|Energy|Demand,Mt CO2/yr,,,,265.673892,,,295.3066279,,,,,296.2164579,,319.2426205,,,,,342.7946126,366.4707689,389.3156315,410.3749418,433.7478375,457.2826521,481.916399,506.7432708,532.9691429,561.3711449,591.011089499999,620.818847899999,650.0892796,676.6318196,699.927618799999,721.6154337,,,,Mexico,CO2
GCAM 5.2,"NGFS1_Current policies (Hot house world, Rep)",MEX,Emissions|CO2|Energy|Demand|Industry,Mt CO2/yr,,,,94.49642883,,,104.9326072,,,,,104.7122513,,118.1357729,,,,,127.8987325,137.2209285,145.8479469,155.0330444,164.9427937,174.8936704,184.7972146,194.5334305,205.4366217,218.8976663,233.8596133,249.2274722,264.3993904,277.0296568,286.5975982,295.0243541,,,,Mexico,CO2
GCAM 5.2,"NGFS1_Current policies (Hot house world, Rep)",MEX,Emissions|CO2|Energy|Demand|Residential and Commercial,Mt CO2/yr,,,,27.29372934,,,26.48588425,,,,,25.18164007,,27.44104233,,,,,29.33901148,30.7007197,32.14069489,33.20754508,34.09019268,35.01514042,35.7320088,35.92850872,35.74895402,35.08396783,34.20380963,33.38226975,32.80513483,31.98942121,31.07770957,30.38064504,,,,Mexico,CO2
GCAM 5.2,"NGFS1_Current policies (Hot house world, Rep)",MEX,Emissions|CO2|Energy|Demand|Transportation,Mt CO2/yr,,,,143.8837338,,,163.8881365,,,,,166.3225666,,173.6658053,,,,,185.5568687,198.5491207,211.3269896,222.1343523,234.7148512,247.3738413,261.3871757,276.2813316,291.7835672,307.3895108,322.9476666,338.2091059,352.8847544,367.6127415,382.252311,396.2104345,,,,Mexico,CO2
GCAM 5.2,"NGFS1_Current policies (Hot house world, Rep)",MEX,Emissions|CO2|Energy|Supply,Mt CO2/yr,,,,168.6974607,,,166.4680792,,,,,172.3299522,,168.0040022,,,,,180.7526516,193.7659634,204.4152573,211.4429355,221.9829126,229.1549064,242.8946234,258.2295178,274.4706126,292.3915666,310.3566704,325.3268849,337.6740149,347.6989328,356.2416706,364.255632,,,,Mexico,CO2
GCAM 5.2,"NGFS1_Current policies (Hot house world, Rep)",MEX,Emissions|CO2|Energy|Supply|Electricity,Mt CO2/yr,,,,123.4348698,,,121.9408667,,,,,124.6936849,,122.1224066,,,,,134.0572871,146.5094167,157.9454337,168.44336,184.7403061,197.7483831,212.1437998,225.9516051,239.5715957,253.0614638,265.1617163,272.9031558,277.6055607,280.7915454,283.2088916,285.2433847,,,,Mexico,CO2
GCAM 5.2,"NGFS1_Current policies (Hot house world, Rep)",MEX,Emissions|CO2|Industrial Processes,Mt CO2/yr,,,,27.77161723,,,25.82146326,,,,,25.57993654,,27.73999479,,,,,30.09183879,32.63950806,34.93067,36.86033678,38.49879006,39.89671217,41.17945171,42.27777762,43.21350666,44.07000766,44.78357539,45.31833724,45.50640366,45.56049181,45.47595259,45.27446624,,,,Mexico,CO2
GCAM 5.2,"NGFS1_Current policies (Hot house world, Rep)",MEX,Emissions|N2O|AFOLU,Mt CO2e/yr,,,,29.675656374000003,,,31.6225470015,,,,,33.6486186855,,36.302913983699995,,,,,39.17116189349999,42.1702419411,44.4299375793,46.374037464299995,48.548637746699995,50.4875178171,51.2413416606,51.6651104424,51.957074005200006,52.0888217577,52.1454623235,52.099793109,51.9753007956,51.703851107999995,51.3060302664,50.8090079406,,,,Mexico,N2O
GCAM 5.2,"NGFS1_Immediate 2C with CDR (Orderly, Rep)",MEX,Carbon Sequestration|CCS|Biomass,Mt CO2/yr,,,,0.0,,,0.0,,,,,0.0,,0.0,,,,,1.365314392,7.620114321,50.72320391,124.8823367,199.3422737,277.842206,354.7239823,425.527664,443.5155571,472.9918331,499.4624851,500.1779341,455.2858763,410.452696,375.9538467,264.6805138,,,,Mexico,
GCAM 5.2,"NGFS1_Immediate 2C with CDR (Orderly, Rep)",MEX,Emissions|CH4|AFOLU,Mt CO2e/yr,,,,70.781791416,,,77.690381748,,,,,80.346442568,,86.382790872,,,,,89.799463684,96.30744074,100.91582018,104.54863762000001,107.5918648,109.993817864,108.54678282,106.73156631200001,105.72966345200001,106.088398836,106.403011596,106.590599192,106.781940832,106.635439988,106.41009778,104.991961536,,,,Mexico,CH4
GCAM 5.2,"NGFS1_Immediate 2C with CDR (Orderly, Rep)",MEX,Emissions|CO2|AFOLU,Mt CO2/yr,,,,54.59076467,,,-3.943037339,,,,,-12.76997401,,6.416184901,,,,,25.60234381,44.78850272,63.97466163,83.16082054,75.46575988,67.77069923,60.07563857,52.38057792,44.68551726,36.99045661,29.29539595,21.6003353,13.90527464,6.210213988,-1.484846666,-9.179907321,,,,Mexico,CO2
GCAM 5.2,"NGFS1_Immediate 2C with CDR (Orderly, Rep)",MEX,Emissions|CO2|Energy and Industrial Processes,Mt CO2/yr,,,,462.1429699,,,487.5961704,,,,,494.1263467,,514.9866175,,,,,468.6314705,458.971180499999,384.600855,247.4137079,116.9759744,-15.87888978,-138.7942208,-246.0488296,-281.7731058,-340.5340206,-409.1208511,-445.5863592,-424.2085831,-367.9022847,-338.5852033,-226.5694703,,,,Mexico,CO2
GCAM 5.2,"NGFS1_Immediate 2C with CDR (Orderly, Rep)",MEX,Emissions|CO2|Energy|Demand,Mt CO2/yr,,,,265.673892,,,295.3066279,,,,,296.2164579,,319.2426205,,,,,305.1615899,313.9163076,307.5562708,283.4990583,259.9983723,233.5884808,208.4416944,186.4181122,173.1685097,153.1441033,128.3823684,110.681739,102.0741553,105.8071225,102.6407448,101.7169744,,,,Mexico,CO2
GCAM 5.2,"NGFS1_Immediate 2C with CDR (Orderly, Rep)",MEX,Emissions|CO2|Energy|Demand|Industry,Mt CO2/yr,,,,94.49642883,,,104.9326072,,,,,104.7122513,,118.1357729,,,,,107.6696833,109.4054319,101.0586292,82.68631296,67.56942078,52.5371771,39.0540734,26.9595661,18.61926058,12.38990905,8.553914297,6.208768607,4.561742568,8.614507383,13.11419033,21.53722753,,,,Mexico,CO2
GCAM 5.2,"NGFS1_Immediate 2C with CDR (Orderly, Rep)",MEX,Emissions|CO2|Energy|Demand|Residential and Commercial,Mt CO2/yr,,,,27.29372934,,,26.48588425,,,,,25.18164007,,27.44104233,,,,,21.7557577,21.22252246,19.72144067,16.2748217,13.22346092,10.2959806,7.740908006,5.497670029,3.773335863,2.195696896,0.98520083,0.387063906,0.152351912,0.117322586,0.071864314,0.044241948,,,,Mexico,CO2
GCAM 5.2,"NGFS1_Immediate 2C with CDR (Orderly, Rep)",MEX,Emissions|CO2|Energy|Demand|Transportation,Mt CO2/yr,,,,143.8837338,,,163.8881365,,,,,166.3225666,,173.6658053,,,,,175.7361489,183.2883532,186.776201,184.5379237,179.2054906,170.7553231,161.6467129,153.9608761,150.7759132,138.5584974,118.8432533,104.0859065,97.36006081,97.07529256,89.45469014,80.1355049,,,,Mexico,CO2
GCAM 5.2,"NGFS1_Immediate 2C with CDR (Orderly, Rep)",MEX,Emissions|CO2|Energy|Supply,Mt CO2/yr,,,,168.6974607,,,166.4680792,,,,,172.3299522,,168.0040022,,,,,150.237439,133.6903473,67.835332,-42.43284404,-144.7661742,-245.4405257,-336.411378,-414.9943148,-433.3232623,-463.103518899999,-490.4149688,-491.4463248,-447.863551899999,-398.3629652,-364.7305233,-255.3969555,,,,Mexico,CO2
GCAM 5.2,"NGFS1_Immediate 2C with CDR (Orderly, Rep)",MEX,Emissions|CO2|Energy|Supply|Electricity,Mt CO2/yr,,,,123.4348698,,,121.9408667,,,,,124.6936849,,122.1224066,,,,,107.4104128,95.20070791,42.06162294,-44.89946114,-110.5706349,-160.9152785,-198.1903895,-230.0341123,-256.0447857,-276.4371753,-289.2188981,-281.7176543,-247.8406589,-227.9451438,-204.4827833,-134.9714788,,,,Mexico,CO2
GCAM 5.2,"NGFS1_Immediate 2C with CDR (Orderly, Rep)",MEX,Emissions|CO2|Industrial Processes,Mt CO2/yr,,,,27.77161723,,,25.82146326,,,,,25.57993654,,27.73999479,,,,,13.23244162,11.36452557,9.209252159,6.347493584,1.743776323,-4.026844919,-10.82453712,-17.47262705,-21.61835323,-30.57460505,-47.08825069,-64.82177338,-78.41918651,-75.34644197,-76.49542475,-72.88948913,,,,Mexico,CO2
GCAM 5.2,"NGFS1_Immediate 2C with CDR (Orderly, Rep)",MEX,Emissions|N2O|AFOLU,Mt CO2e/yr,,,,29.675656374000003,,,31.6225470015,,,,,33.6486186855,,36.302913983699995,,,,,40.3249568904,44.1272746005,47.564703677400004,50.367372182400004,52.895015054699996,54.7482528957,55.3051892211,55.5400558986,55.8794218983,55.958293454700005,55.87309182,55.52135376059999,55.072769388,54.451293897,53.993424712499994,53.5503202416,,,,Mexico,N2O
GCAM 5.3,NGFS2_Below 2¬∞C,MEX,Carbon Sequestration|CCS|Biomass,Mt CO2/yr,,,,,,,0.0,,,,,0.0,,0.0,,,,,0.005196096,0.134108371,2.0293494,9.202252408,23.49002751,50.00904477,72.38158399,93.57757975,116.2102445,127.5091053,136.8258296,146.234514,156.8913299,164.9277965,170.9064096,170.9740805,,,,Mexico,
GCAM 5.3,NGFS2_Below 2¬∞C,MEX,Carbon Sequestration|CCS|Biomass|Energy|Demand|Industry,Mt CO2/yr,,,,,,,0.0,,,,,0.0,,0.0,,,,,0.0,0.0,0.0,0.0,0.0,0.0,0.0,0.0,0.0,0.0,0.0,0.0,0.0,0.0,0.0,0.0,,,,Mexico,
GCAM 5.3,NGFS2_Below 2¬∞C,MEX,Carbon Sequestration|CCS|Biomass|Energy|Supply,Mt CO2/yr,,,,,,,0.0,,,,,0.0,,0.0,,,,,0.005196096,0.134108371,2.0293494,9.202252408,23.49002751,50.00904477,72.38158399,93.57757975,116.2102445,127.5091053,136.8258296,146.234514,156.8913299,164.9277965,170.9064096,170.9740805,,,,Mexico,
GCAM 5.3,NGFS2_Below 2¬∞C,MEX,Carbon Sequestration|CCS|Biomass|Energy|Supply|Electricity,Mt CO2/yr,,,,,,,0.0,,,,,0.0,,0.0,,,,,0.005196096,0.134108371,1.632105227,8.271236597,21.66983359,46.77138004,68.64379958,88.94853779,109.4206889,120.4558814,128.249256,135.2643349,143.2459474,148.4768952,150.9167981,139.5937234,,,,Mexico,
GCAM 5.3,NGFS2_Below 2¬∞C,MEX,Carbon Sequestration|CCS|Biomass|Energy|Supply|Hydrogen,Mt CO2/yr,,,,,,,0.0,,,,,0.0,,0.0,,,,,0.0,0.0,0.206782785,0.516387714,1.028467093,2.125046193,2.16189253,3.151437953,5.476350498,4.559500415,3.825067014,3.809777013,3.395494975,3.105153616,3.52011032,4.466513739,,,,Mexico,
GCAM 5.3,NGFS2_Below 2¬∞C,MEX,Carbon Sequestration|CCS|Biomass|Energy|Supply|Liquids,Mt CO2/yr,,,,,,,0.0,,,,,0.0,,0.0,,,,,0.0,0.0,0.190461387,0.414628098,0.791726832,1.112618531,1.575891878,1.477604005,1.31320509,2.49372355,4.751506589,7.160402074,10.24988762,13.34574775,16.46950121,26.9138434,,,,Mexico,
GCAM 5.3,NGFS2_Below 2¬∞C,MEX,Emissions|CH4|AFOLU,Mt CO2e/yr,,,,,,,80.39461113600001,,,,,82.921568296,,87.45897425999999,,,,,88.218019932,86.738505476,86.16428928799999,85.769922896,83.829643324,79.637441884,71.99144315999999,63.788561116000004,54.74691544,56.591047352000004,57.512959980000005,57.511767991999996,57.014294316000004,56.147940604000006,55.091063944,52.52413558,,,,Mexico,CH4
GCAM 5.3,NGFS2_Below 2¬∞C,MEX,Emissions|CH4|AFOLU|Agriculture,Mt CO2e/yr,,,,,,,77.690384156,,,,,80.346442624,,83.386050496,,,,,81.884932696,82.088723248,81.97413055999999,82.374835844,80.658227776,76.824811924,69.620236112,61.55718814,52.424276352,53.696306216,54.780871292,54.995304952,54.666837512,53.92821126,52.929223424,50.440288976,,,,Mexico,CH4
GCAM 5.3,NGFS2_Below 2¬∞C,MEX,Emissions|CH4|Energy|Demand|Industry,Mt CO2e/yr,,,,,,,0.14738396399999998,,,,,0.15684774,,0.168684992,,,,,0.174184556,0.182467572,0.17502441600000002,0.160598508,0.147944832,0.13323399600000002,0.107515324,0.073351992,0.035089404000000005,0.0243257,0.017651396,0.013741868,0.011957876,0.01106504,0.010336284,0.009521204,,,,Mexico,CH4
GCAM 5.3,NGFS2_Below 2¬∞C,MEX,Emissions|CH4|Energy|Demand|Residential and Commercial,Mt CO2e/yr,,,,,,,2.086667212,,,,,2.0307531720000003,,2.124179736,,,,,2.222824212,2.029706868,1.766211636,1.482369252,1.246744492,0.9684690400000001,0.649090512,0.358169588,0.14757008,0.120388604,0.103113024,0.086672796,0.069262788,0.052633644,0.039996236000000004,0.035108639999999997,,,,Mexico,CH4
GCAM 5.3,NGFS2_Below 2¬∞C,MEX,Emissions|CH4|Energy|Demand|Transportation,Mt CO2e/yr,,,,,,,0.663184508,,,,,0.662326588,,0.641985904,,,,,0.60045426,0.545522096,0.502256188,0.423348996,0.3782772,0.297436384,0.233099132,0.1590309,0.100653588,0.06703099200000001,0.049946064,0.044476096,0.044751224,0.043377488000000006,0.043443344,0.040815712,,,,Mexico,CH4
GCAM 5.3,NGFS2_Below 2¬∞C,MEX,Emissions|CH4|Energy|Supply,Mt CO2e/yr,,,,,,,48.8995836,,,,,37.819771612,,49.293909504000005,,,,,44.140402683999994,35.254010652,27.878016068,22.710176271999998,20.54503752,18.025893676,16.599338504,16.43996984,14.158249812000001,13.306611668,12.931683408,12.310688152,13.440545972,15.356826212,17.453195228,16.852781064000002,,,,Mexico,CH4
GCAM 5.3,NGFS2_Below 2¬∞C,MEX,Emissions|CO2|AFOLU,Mt CO2/yr,,,,,,,-3.943037339,,,,,16.97925618,,64.76449425,,,,,39.20483455,13.64517486,-11.91448483,-37.47414452,-63.03380422,-57.49452792,-51.95525161,-46.41597531,-40.87669901,-35.33742271,-29.79814641,-24.25887011,-18.71959381,-13.1803175,-7.641041202,-2.101764901,,,,Mexico,CO2
GCAM 5.3,NGFS2_Below 2¬∞C,MEX,Emissions|CO2|Energy and Industrial Processes,Mt CO2/yr,,,,,,,486.8276593,,,,,493.3425756,,483.3859463,,,,,467.3978518,451.7674138,421.6615087,370.7568213,312.7843325,223.155902,135.405658,55.51787503,-17.24175423,-43.34867559,-61.0778851,-72.56566221,-82.54807582,-88.39330296,-90.83274187,-89.90573522,,,,Mexico,CO2
GCAM 5.3,NGFS2_Below 2¬∞C,MEX,Emissions|CO2|Energy|Demand,Mt CO2/yr,,,,,,,312.0716902,,,,,312.9666632,,317.5271211,,,,,308.6255232,302.7015969,288.6423615,259.8120317,239.3560153,209.9531536,171.7370408,123.9006856,78.10679305,62.99480982,55.08455563,53.77532023,56.40633792,61.15846373,67.47779145,66.91323676,,,,Mexico,CO2
GCAM 5.3,NGFS2_Below 2¬∞C,MEX,Emissions|CO2|Energy|Demand|Industry,Mt CO2/yr,,,,,,,121.6962391,,,,,121.4610991,,130.203029,,,,,131.1640329,135.1834523,129.4384187,118.6424994,110.6546064,101.7051198,83.48726724,59.07787272,33.01417055,24.12333379,18.90036093,17.08083025,19.58533831,25.13654343,31.18802619,34.11850823,,,,Mexico,CO2
GCAM 5.3,NGFS2_Below 2¬∞C,MEX,Emissions|CO2|Energy|Demand|Residential and Commercial,Mt CO2/yr,,,,,,,26.48588426,,,,,25.18164008,,25.86282379,,,,,23.09342207,21.82752861,20.67788048,19.50393646,17.85046906,14.6693455,10.27586734,5.887872791,2.493757617,2.764207747,3.109970774,3.234285705,3.023030324,2.668740201,2.36625621,2.264609147,,,,Mexico,CO2
GCAM 5.3,NGFS2_Below 2¬∞C,MEX,Emissions|CO2|Energy|Demand|Residential and Commercial|Commercial,Mt CO2/yr,,,,,,,5.003209121,,,,,5.381678895,,5.592141262,,,,,4.854884995,4.404453915,4.009431669,3.647235872,3.208135499,2.461481069,1.545238207,0.78265964,0.301240391,0.344336493,0.399228282,0.424529702,0.403610862,0.361943477,0.325665682,0.311918235,,,,Mexico,CO2
GCAM 5.3,NGFS2_Below 2¬∞C,MEX,Emissions|CO2|Energy|Demand|Residential and Commercial|Residential,Mt CO2/yr,,,,,,,21.48267514,,,,,19.79996119,,20.27068253,,,,,18.23853708,17.42307469,16.66844881,15.85670059,14.64233356,12.20786443,8.73062913,5.105213151,2.192517227,2.419871253,2.710742491,2.809756003,2.619419462,2.306796724,2.040590528,1.952690912,,,,Mexico,CO2
GCAM 5.3,NGFS2_Below 2¬∞C,MEX,Emissions|CO2|Energy|Demand|Transportation,Mt CO2/yr,,,,,,,163.8895669,,,,,166.323924,,161.4612682,,,,,154.3680683,145.690616,138.5260624,121.6655959,110.8509398,93.57868825,77.97390619,58.93494014,42.59886488,36.10726828,33.07422392,33.46020427,33.79796929,33.3531801,33.92350905,30.53011939,,,,Mexico,CO2
GCAM 5.3,NGFS2_Below 2¬∞C,MEX,Emissions|CO2|Energy|Demand|Transportation|Freight,Mt CO2/yr,,,,,,,73.70167523,,,,,73.84027017,,74.71840962,,,,,73.89532085,74.23391902,74.53156898,67.88702621,62.72438443,47.94815712,36.30754301,22.65354666,12.06034443,6.493788686,4.212684178,2.869103711,2.811985487,2.882807016,2.791579435,2.464035111,,,,Mexico,CO2
GCAM 5.3,NGFS2_Below 2¬∞C,MEX,Emissions|CO2|Energy|Demand|Transportation|Passenger,Mt CO2/yr,,,,,,,82.22189126,,,,,82.82314826,,77.08481533,,,,,70.97769345,61.56112611,53.65635724,42.95956448,37.04925477,34.47529476,30.5809972,25.70730207,21.10853686,19.19292748,17.5850169,18.7285109,18.82354921,18.09570954,18.54356577,16.34772289,,,,Mexico,CO2
GCAM 5.3,NGFS2_Below 2¬∞C,MEX,Emissions|CO2|Energy|Supply,Mt CO2/yr,,,,,,,166.4685089,,,,,172.3299842,,158.2605319,,,,,152.0721669,142.3567515,125.7965322,103.2634928,65.71811089,5.472064469,-43.88896087,-75.48039305,-101.725707,-112.5623817,-121.4410897,-130.4302661,-141.3143436,-149.9546058,-156.6555716,-148.0851133,,,,Mexico,CO2
GCAM 5.3,NGFS2_Below 2¬∞C,MEX,Emissions|CO2|Energy|Supply|Electricity,Mt CO2/yr,,,,,,,121.9409279,,,,,124.6933502,,113.4542511,,,,,109.1056868,101.2779972,88.18575483,71.63739011,42.93566188,-7.911509967,-51.48957049,-79.00585401,-101.0630952,-111.3648956,-118.368008,-124.7225841,-132.7233606,-138.4656183,-141.7168373,-121.3982653,,,,Mexico,CO2
GCAM 5.3,NGFS2_Below 2¬∞C,MEX,Emissions|CO2|Industrial Processes,Mt CO2/yr,,,,,,,8.287460242,,,,,8.045928179,,7.59829335,,,,,6.700161758,6.709065352,7.222614939,7.681296743,7.710206322,7.730683992,7.557578086,7.097582434,6.37715971,6.21889631,5.27864899,4.08928366,2.359929859,0.402839158,-1.654961727,-8.733858723,,,,Mexico,CO2
GCAM 5.3,NGFS2_Below 2¬∞C,MEX,Emissions|N2O|AFOLU,Mt CO2e/yr,,,,,,,34.9162529898,,,,,36.845325862799996,,39.477283509299994,,,,,41.7797738358,42.114380217,42.621212033400006,42.7730970303,42.935459494199996,42.396673683,40.6743692355,38.7049295178,36.7613008035,37.836522906000006,38.35943442239999,38.584525352099995,38.658586785,38.612420191800005,38.513997522,38.013353414399994,,,,Mexico,N2O
GCAM 5.3,NGFS2_Below 2¬∞C,MEX,Emissions|N2O|AFOLU|Agriculture,Mt CO2e/yr,,,,,,,31.622550577800002,,,,,33.6486222891,,35.052795004500005,,,,,35.82982390259999,36.8385446793,37.3430050539,37.842042420000006,38.0398782855,37.608780381900004,36.0646969683,34.1547339315,31.641318044699997,31.849797088200003,31.9401446637,31.7756853414,31.4490903636,31.002620567100003,30.4790391906,29.5182367662,,,,Mexico,N2O
GCAM 5.3,NGFS2_Current Policies,MEX,Carbon Sequestration|CCS|Biomass,Mt CO2/yr,,,,,,,0.0,,,,,0.0,,0.0,,,,,0.0,0.0,0.0,0.0,0.0,0.0,0.0,0.0,0.0,0.0,0.0,0.0,0.0,0.0,0.0,0.0,,,,Mexico,
GCAM 5.3,NGFS2_Current Policies,MEX,Carbon Sequestration|CCS|Biomass|Energy|Demand|Industry,Mt CO2/yr,,,,,,,0.0,,,,,0.0,,0.0,,,,,0.0,0.0,0.0,0.0,0.0,0.0,0.0,0.0,0.0,0.0,0.0,0.0,0.0,0.0,0.0,0.0,,,,Mexico,
GCAM 5.3,NGFS2_Current Policies,MEX,Carbon Sequestration|CCS|Biomass|Energy|Supply,Mt CO2/yr,,,,,,,0.0,,,,,0.0,,0.0,,,,,0.0,0.0,0.0,0.0,0.0,0.0,0.0,0.0,0.0,0.0,0.0,0.0,0.0,0.0,0.0,0.0,,,,Mexico,
GCAM 5.3,NGFS2_Current Policies,MEX,Carbon Sequestration|CCS|Biomass|Energy|Supply|Electricity,Mt CO2/yr,,,,,,,0.0,,,,,0.0,,0.0,,,,,0.0,0.0,0.0,0.0,0.0,0.0,0.0,0.0,0.0,0.0,0.0,0.0,0.0,0.0,0.0,0.0,,,,Mexico,
GCAM 5.3,NGFS2_Current Policies,MEX,Carbon Sequestration|CCS|Biomass|Energy|Supply|Hydrogen,Mt CO2/yr,,,,,,,0.0,,,,,0.0,,0.0,,,,,0.0,0.0,0.0,0.0,0.0,0.0,0.0,0.0,0.0,0.0,0.0,0.0,0.0,0.0,0.0,0.0,,,,Mexico,
GCAM 5.3,NGFS2_Current Policies,MEX,Carbon Sequestration|CCS|Biomass|Energy|Supply|Liquids,Mt CO2/yr,,,,,,,0.0,,,,,0.0,,0.0,,,,,0.0,0.0,0.0,0.0,0.0,0.0,0.0,0.0,0.0,0.0,0.0,0.0,0.0,0.0,0.0,0.0,,,,Mexico,
GCAM 5.3,NGFS2_Current Policies,MEX,Emissions|CH4|AFOLU,Mt CO2e/yr,,,,,,,80.39461113600001,,,,,82.921568296,,87.45923508,,,,,90.965093492,96.022782912,99.781765216,102.97028658,106.53349476,109.695662356,109.86675098,109.819283,109.639659164,109.394057808,109.01322376,108.502679992,107.782265948,106.90288047599999,105.96210340799999,104.988779028,,,,Mexico,CH4
GCAM 5.3,NGFS2_Current Policies,MEX,Emissions|CH4|AFOLU|Agriculture,Mt CO2e/yr,,,,,,,77.690384156,,,,,80.346442624,,83.386113244,,,,,87.04852029999999,91.943587008,95.99424265200001,99.616806968,103.354546008,106.737276324,107.208689672,107.337406456,107.2721328,107.132376764,106.797644912,106.347761576,105.666202348,104.802495868,103.87533346400001,102.90031570000001,,,,Mexico,CH4
GCAM 5.3,NGFS2_Current Policies,MEX,Emissions|CH4|Energy|Demand|Industry,Mt CO2e/yr,,,,,,,0.14738396399999998,,,,,0.15684774,,0.168699412,,,,,0.17953964,0.195642888,0.206190992,0.21417844,0.22279885600000002,0.23035586000000002,0.235392556,0.23712256399999998,0.237005524,0.23624638800000003,0.23472464399999998,0.232038576,0.228818492,0.22568425599999997,0.22282145200000003,0.22352453199999997,,,,Mexico,CH4
GCAM 5.3,NGFS2_Current Policies,MEX,Emissions|CH4|Energy|Demand|Residential and Commercial,Mt CO2e/yr,,,,,,,2.086667212,,,,,2.0307531720000003,,2.124769472,,,,,2.08104008,1.862694764,1.6318606359999999,1.4299051200000001,1.239622356,1.0630888520000001,0.898210236,0.752025652,0.625411248,0.518592172,0.429598512,0.358396192,0.304305932,0.260284024,0.22528273599999998,0.231225932,,,,Mexico,CH4
GCAM 5.3,NGFS2_Current Policies,MEX,Emissions|CH4|Energy|Demand|Transportation,Mt CO2e/yr,,,,,,,0.663184508,,,,,0.662326588,,0.641985736,,,,,0.613838596,0.5694633,0.53690518,0.47189685200000003,0.448141428,0.412593496,0.42894936,0.432519612,0.43753012799999996,0.476400372,0.494140136,0.510328868,0.5506357080000001,0.570680572,0.597938096,0.642137776,,,,Mexico,CH4
GCAM 5.3,NGFS2_Current Policies,MEX,Emissions|CH4|Energy|Supply,Mt CO2e/yr,,,,,,,48.8995836,,,,,37.819771612,,49.300726468,,,,,47.64741688,39.196730916,33.952186184,29.157326744,28.024019772,27.450079356,27.228539100000003,26.942910904,26.184976411999997,27.413005004000002,28.512864548000003,30.425885167999997,31.257004547999998,32.668250468,33.968039812,33.23619432,,,,Mexico,CH4
GCAM 5.3,NGFS2_Current Policies,MEX,Emissions|CO2|AFOLU,Mt CO2/yr,,,,,,,-3.943037339,,,,,16.97925618,,64.74895959,,,,,52.68667283,40.62438607,21.6998459,6.716397706,-8.267050489,-23.25049868,-25.96059067,-26.18135009,-26.00920983,-25.8515078,-25.37139613,-24.91446673,-24.45025763,-24.2081521,-23.56972562,-23.99385163,,,,Mexico,CO2
GCAM 5.3,NGFS2_Current Policies,MEX,Emissions|CO2|Energy and Industrial Processes,Mt CO2/yr,,,,,,,486.8276593,,,,,493.3425756,,483.4204532,,,,,492.7970972,513.0484698,546.5145241,565.7050431,593.068217,615.8555048,654.1025645,688.3453676,723.1373215,766.7576184,805.0132796,845.2490757,870.6090732,886.7669919,908.186406,902.0054652,,,,Mexico,CO2
GCAM 5.3,NGFS2_Current Policies,MEX,Emissions|CO2|Energy|Demand,Mt CO2/yr,,,,,,,312.0716902,,,,,312.9666632,,317.55218,,,,,323.0628184,331.7892922,338.6310433,333.47549,336.8691547,339.4438412,350.9749441,359.0234465,371.7861992,390.7292493,405.6385756,423.6573374,441.4682019,453.820921,471.5228009,493.9509056,,,,Mexico,CO2
GCAM 5.3,NGFS2_Current Policies,MEX,Emissions|CO2|Energy|Demand|Industry,Mt CO2/yr,,,,,,,121.6962391,,,,,121.4610991,,130.2176849,,,,,138.2503132,150.4590585,159.0390887,164.8096391,171.8518374,178.8588935,185.683647,192.034758,200.4279684,210.7745949,221.6988407,233.0146419,241.8610939,249.7034531,258.594345,267.3187857,,,,Mexico,CO2
GCAM 5.3,NGFS2_Current Policies,MEX,Emissions|CO2|Energy|Demand|Residential and Commercial,Mt CO2/yr,,,,,,,26.48588426,,,,,25.18164008,,25.8735016,,,,,26.27382117,28.00066188,29.7789723,31.53865259,32.53308629,32.88229904,32.74827223,32.14721567,31.15397742,30.07697306,29.04568186,28.03103379,27.26264587,26.43718113,25.51635037,28.86447935,,,,Mexico,CO2
GCAM 5.3,NGFS2_Current Policies,MEX,Emissions|CO2|Energy|Demand|Residential and Commercial|Commercial,Mt CO2/yr,,,,,,,5.003209121,,,,,5.381678895,,5.595401098,,,,,5.633554512,5.927419,6.265079471,6.64405853,6.849051764,6.916901885,6.885824546,6.765844164,6.561725895,6.356074728,6.175682884,6.012525924,5.920654581,5.816406257,5.684883286,6.751203997,,,,Mexico,CO2
GCAM 5.3,NGFS2_Current Policies,MEX,Emissions|CO2|Energy|Demand|Residential and Commercial|Residential,Mt CO2/yr,,,,,,,21.48267514,,,,,19.79996119,,20.2781005,,,,,20.64026665,22.07324288,23.51389283,24.89459406,25.68403452,25.96539716,25.86244769,25.38137151,24.59225153,23.72089833,22.86999898,22.01850787,21.34199129,20.62077487,19.83146708,22.11327536,,,,Mexico,CO2
GCAM 5.3,NGFS2_Current Policies,MEX,Emissions|CO2|Energy|Demand|Transportation,Mt CO2/yr,,,,,,,163.8895669,,,,,166.323924,,161.4609935,,,,,158.538684,153.3295717,149.8129823,137.1271984,132.484231,127.7026487,132.5430248,134.8414728,140.2042534,149.8776813,154.894053,162.6116617,172.3444622,177.6802868,187.4121055,197.7676405,,,,Mexico,CO2
GCAM 5.3,NGFS2_Current Policies,MEX,Emissions|CO2|Energy|Demand|Transportation|Freight,Mt CO2/yr,,,,,,,73.70167523,,,,,73.84027017,,74.71805689,,,,,76.53445661,78.94454389,81.33408004,77.61373263,76.99693166,71.62872837,76.4804109,78.70855702,78.63297585,86.64884711,91.43024427,93.5108252,102.0951428,107.8302613,112.8051847,122.5277295,,,,Mexico,CO2
GCAM 5.3,NGFS2_Current Policies,MEX,Emissions|CO2|Energy|Demand|Transportation|Passenger,Mt CO2/yr,,,,,,,82.22189126,,,,,82.82314826,,77.0849623,,,,,72.01519253,63.57424215,56.83032939,47.06678612,42.27960118,42.12102513,41.09111606,40.20327502,44.71241363,45.45667611,44.79487365,49.56143273,49.8551935,48.63797036,52.62008224,52.49123276,,,,Mexico,CO2
GCAM 5.3,NGFS2_Current Policies,MEX,Emissions|CO2|Energy|Supply,Mt CO2/yr,,,,,,,166.4685089,,,,,172.3299842,,158.270407,,,,,161.5565881,171.7039487,196.4011468,218.8648236,241.5278977,260.6735965,286.2417648,311.3310482,332.3263514,356.0494017,378.6360374,400.291107,407.4094226,410.8191451,414.2402527,385.4231997,,,,Mexico,CO2
GCAM 5.3,NGFS2_Current Policies,MEX,Emissions|CO2|Energy|Supply|Electricity,Mt CO2/yr,,,,,,,121.9409279,,,,,124.6933502,,113.4630376,,,,,117.2870899,127.9825352,154.3253369,181.154042,210.4153755,236.1877034,265.8196264,292.9642612,315.0910964,338.7416655,361.6378797,383.2392419,390.6552549,394.5067688,397.7852484,368.930234,,,,Mexico,CO2
GCAM 5.3,NGFS2_Current Policies,MEX,Emissions|CO2|Industrial Processes,Mt CO2/yr,,,,,,,8.287460242,,,,,8.045928179,,7.597866221,,,,,8.177690779,9.555228986,11.48233405,13.36472947,14.67116452,15.73806707,16.88585571,17.9908729,19.02477081,19.97896738,20.73866661,21.30063127,21.73144867,22.1269258,22.42335237,22.63135989,,,,Mexico,CO2
GCAM 5.3,NGFS2_Current Policies,MEX,Emissions|N2O|AFOLU,Mt CO2e/yr,,,,,,,34.9162529898,,,,,36.845325862799996,,39.477480042,,,,,41.2978726524,43.621916683799995,44.899362417000006,45.9209641527,47.250731073000004,48.3699471528,48.6362910033,48.7983658071,48.911991655799994,48.9770839194,49.020185459699995,49.009244793600004,48.9319673115,48.7686242316,48.5768892609,48.3537560961,,,,Mexico,N2O
GCAM 5.3,NGFS2_Current Policies,MEX,Emissions|N2O|AFOLU|Agriculture,Mt CO2e/yr,,,,,,,31.622550577800002,,,,,33.6486222891,,35.05287321899999,,,,,36.657338718000005,38.5292439714,39.839330212499995,40.970899788000004,42.2778883527,43.4135494884,43.7179492659,43.8250952139,43.847199122999996,43.811771203199996,43.7140866708,43.572675182400005,43.3509045606,43.015481418,42.652277167499996,42.2756437467,,,,Mexico,N2O
GCAM 5.3,NGFS2_Delayed Transition,MEX,Carbon Sequestration|CCS|Biomass,Mt CO2/yr,,,,,,,0.0,,,,,0.0,,0.0,,,,,0.0,0.0,8.676045969,28.56715454,37.93904192,26.65008016,77.25124438,110.9427056,120.2615817,125.745072,143.6071822,155.4394424,161.0387663,166.6350168,172.9555216,200.9195994,,,,Mexico,
GCAM 5.3,NGFS2_Delayed Transition,MEX,Carbon Sequestration|CCS|Biomass|Energy|Demand|Industry,Mt CO2/yr,,,,,,,0.0,,,,,0.0,,0.0,,,,,0.0,0.0,0.0,0.0,0.0,0.0,0.0,0.0,0.0,0.0,0.0,0.0,0.0,0.0,0.0,0.0,,,,Mexico,
GCAM 5.3,NGFS2_Delayed Transition,MEX,Carbon Sequestration|CCS|Biomass|Energy|Supply,Mt CO2/yr,,,,,,,0.0,,,,,0.0,,0.0,,,,,0.0,0.0,8.676045969,28.56715454,37.93904192,26.65008016,77.25124438,110.9427056,120.2615817,125.745072,143.6071822,155.4394424,161.0387663,166.6350168,172.9555216,200.9195994,,,,Mexico,
GCAM 5.3,NGFS2_Delayed Transition,MEX,Carbon Sequestration|CCS|Biomass|Energy|Supply|Electricity,Mt CO2/yr,,,,,,,0.0,,,,,0.0,,0.0,,,,,0.0,0.0,8.033088064,27.24226881,36.88156969,26.0032243,72.37645725,95.53342102,97.19494074,84.18606235,73.80897751,64.36063247,58.21284819,61.35680936,65.7439061,90.63903874,,,,Mexico,
GCAM 5.3,NGFS2_Delayed Transition,MEX,Carbon Sequestration|CCS|Biomass|Energy|Supply|Hydrogen,Mt CO2/yr,,,,,,,0.0,,,,,0.0,,0.0,,,,,0.0,0.0,0.420709705,0.651229393,0.33270823,0.484414377,4.204787049,14.86386135,22.58553205,24.94044893,23.70947549,22.41070537,18.47765501,12.17197777,8.516310774,6.424147251,,,,Mexico,
GCAM 5.3,NGFS2_Delayed Transition,MEX,Carbon Sequestration|CCS|Biomass|Energy|Supply|Liquids,Mt CO2/yr,,,,,,,0.0,,,,,0.0,,0.0,,,,,0.0,0.0,0.2222482,0.673656341,0.724764004,0.162441484,0.67000008,0.545423254,0.481108888,16.61856067,46.08872918,68.66810453,84.34826315,93.10622971,98.69530468,103.8564134,,,,Mexico,
GCAM 5.3,NGFS2_Delayed Transition,MEX,Emissions|CH4|AFOLU,Mt CO2e/yr,,,,,,,80.39461113600001,,,,,82.921568296,,87.45923508,,,,,90.965093492,96.022782912,98.593596864,100.299221988,104.146970508,107.45899880799999,106.055827948,105.625742824,104.192204396,102.5802939,100.527364952,98.28547996399999,96.05195082,93.90339246399999,91.893394824,89.91886153600001,,,,Mexico,CH4
GCAM 5.3,NGFS2_Delayed Transition,MEX,Emissions|CH4|AFOLU|Agriculture,Mt CO2e/yr,,,,,,,77.690384156,,,,,80.346442624,,83.386113244,,,,,87.04852029999999,91.943587008,93.1616462,96.56618664,100.130400272,103.24055403199999,103.00149414799999,102.434538948,101.3642021,99.690514392,97.731029788,95.715044404,93.651064276,91.609837788,89.653792592,87.674516524,,,,Mexico,CH4
GCAM 5.3,NGFS2_Delayed Transition,MEX,Emissions|CH4|Energy|Demand|Industry,Mt CO2e/yr,,,,,,,0.14738396399999998,,,,,0.15684774,,0.168699412,,,,,0.17953964,0.195642888,0.179992652,0.16034172,0.135852808,0.088350808,0.051827944,0.012703068,0.0016492,0.0004172,0.00024528,0.00019964,0.0001778,0.0001652,0.00015764000000000002,0.00015288,,,,Mexico,CH4
GCAM 5.3,NGFS2_Delayed Transition,MEX,Emissions|CH4|Energy|Demand|Residential and Commercial,Mt CO2e/yr,,,,,,,2.086667212,,,,,2.0307531720000003,,2.124769472,,,,,2.08104008,1.862694764,2.327805816,2.2772262519999997,2.322256524,2.355988628,2.23938862,2.101432396,1.787836484,1.490253016,1.271228756,1.020234768,0.797650392,0.607197136,0.45863445599999997,0.413529564,,,,Mexico,CH4
GCAM 5.3,NGFS2_Delayed Transition,MEX,Emissions|CH4|Energy|Demand|Transportation,Mt CO2e/yr,,,,,,,0.663184508,,,,,0.662326588,,0.641985736,,,,,0.613838596,0.5694633,0.499832732,0.41129774,0.336902524,0.22407403199999998,0.13468112,0.06980623999999999,0.030174676,0.011707808,0.00531888,0.0019039999999999999,0.0006720000000000001,0.00020915999999999998,8.176e-05,3.388e-05,,,,Mexico,CH4
GCAM 5.3,NGFS2_Delayed Transition,MEX,Emissions|CH4|Energy|Supply,Mt CO2e/yr,,,,,,,48.8995836,,,,,37.819771612,,49.300726468,,,,,47.64741688,39.196730916,26.120138548,20.298100816,15.987162968,11.810330868,10.053145004000001,8.050912324,6.512716364,5.260945872,4.283493676,3.549489972,2.991214912,2.416503516,1.924904352,1.613277456,,,,Mexico,CH4
GCAM 5.3,NGFS2_Delayed Transition,MEX,Emissions|CO2|AFOLU,Mt CO2/yr,,,,,,,-3.943037339,,,,,16.97925618,,64.74895959,,,,,52.68667283,40.62438607,28.56209931,16.49981255,4.437525785,-7.624760975,-19.68704774,-31.7493345,-43.81162126,-55.87390802,-67.93619478,-79.99848154,-92.0607683,-60.16340477,-28.26604123,3.631322302,,,,Mexico,CO2
GCAM 5.3,NGFS2_Delayed Transition,MEX,Emissions|CO2|Energy and Industrial Processes,Mt CO2/yr,,,,,,,486.8276593,,,,,493.3425756,,483.4204532,,,,,492.7970972,513.0484698,411.2205614,324.8198097,228.6658138,138.6824074,37.52090929,-47.09449128,-81.48546142,-111.0094724,-158.6048568,-192.8585873,-214.3499977,-229.0250035,-241.1756743,-272.3774188,,,,Mexico,CO2
GCAM 5.3,NGFS2_Delayed Transition,MEX,Emissions|CO2|Energy|Demand,Mt CO2/yr,,,,,,,312.0716902,,,,,312.9666632,,317.55218,,,,,323.0628184,331.7892922,289.9421749,251.250031,209.3924698,141.6403149,94.30789314,45.72198429,22.73311356,12.51844369,6.719692312,4.050224041,2.861018342,2.420677443,2.234778584,2.030917755,,,,Mexico,CO2
GCAM 5.3,NGFS2_Delayed Transition,MEX,Emissions|CO2|Energy|Demand|Industry,Mt CO2/yr,,,,,,,121.6962391,,,,,121.4610991,,130.2176849,,,,,138.2503132,150.4590585,134.5253377,117.5147966,98.9359081,68.76055971,44.2050208,15.52536631,5.055596577,3.453505285,2.763905417,2.360449047,2.096504597,1.922438973,1.788499191,1.658005523,,,,Mexico,CO2
GCAM 5.3,NGFS2_Delayed Transition,MEX,Emissions|CO2|Energy|Demand|Residential and Commercial,Mt CO2/yr,,,,,,,26.48588426,,,,,25.18164008,,25.8735016,,,,,26.27382117,28.00066188,18.63432104,16.54654901,11.5556178,3.879021402,2.598565741,0.948263027,0.357128308,0.142049305,0.051657814,0.018589064,0.007511912,0.004048151,0.002698498,0.002173478,,,,Mexico,CO2
GCAM 5.3,NGFS2_Delayed Transition,MEX,Emissions|CO2|Energy|Demand|Residential and Commercial|Commercial,Mt CO2/yr,,,,,,,5.003209121,,,,,5.381678895,,5.595401098,,,,,5.633554512,5.927419,3.570377977,3.03702287,1.92612642,0.526622131,0.338333455,0.116971658,0.04319884,0.017309022,0.006507193,0.002498567,0.001103855,0.000633416,0.000434804,0.000357392,,,,Mexico,CO2
GCAM 5.3,NGFS2_Delayed Transition,MEX,Emissions|CO2|Energy|Demand|Residential and Commercial|Residential,Mt CO2/yr,,,,,,,21.48267514,,,,,19.79996119,,20.2781005,,,,,20.64026665,22.07324288,15.06394306,13.50952614,9.62949138,3.35239927,2.260232286,0.831291368,0.313929469,0.124740283,0.045150621,0.016090497,0.006408057,0.003414735,0.002263694,0.001816086,,,,Mexico,CO2
GCAM 5.3,NGFS2_Delayed Transition,MEX,Emissions|CO2|Energy|Demand|Transportation,Mt CO2/yr,,,,,,,163.8895669,,,,,166.323924,,161.4609935,,,,,158.538684,153.3295717,136.7825162,117.1886854,98.90094393,69.00073377,47.5043066,29.24835495,17.32038867,8.922889101,3.904129081,1.67118593,0.757001833,0.49419032,0.443580895,0.370738755,,,,Mexico,CO2
GCAM 5.3,NGFS2_Delayed Transition,MEX,Emissions|CO2|Energy|Demand|Transportation|Freight,Mt CO2/yr,,,,,,,73.70167523,,,,,73.84027017,,74.71805689,,,,,76.53445661,78.94454389,73.24437373,64.77375884,54.18190952,34.15990234,18.82175503,8.478870151,2.630389827,0.518375895,0.243408747,0.106970984,0.047700895,0.02756194,0.020090637,0.01317303,,,,Mexico,CO2
GCAM 5.3,NGFS2_Delayed Transition,MEX,Emissions|CO2|Energy|Demand|Transportation|Passenger,Mt CO2/yr,,,,,,,82.22189126,,,,,82.82314826,,77.0849623,,,,,72.01519253,63.57424215,53.4896822,42.0871646,34.76284164,26.50550408,20.43744357,13.73329978,8.665812775,4.023246295,1.274673758,0.367572821,0.112951066,0.059857559,0.05225646,0.037902974,,,,Mexico,CO2
GCAM 5.3,NGFS2_Delayed Transition,MEX,Emissions|CO2|Energy|Supply,Mt CO2/yr,,,,,,,166.4685089,,,,,172.3299842,,158.270407,,,,,161.5565881,171.7039487,113.9214967,66.00254137,11.95023104,-9.020109776,-62.55946693,-97.87352891,-108.664952,-116.8125291,-137.2558368,-151.097281,-158.3014208,-164.6941845,-171.2900342,-196.8767301,,,,Mexico,CO2
GCAM 5.3,NGFS2_Delayed Transition,MEX,Emissions|CO2|Energy|Supply|Electricity,Mt CO2/yr,,,,,,,121.9409279,,,,,124.6933502,,113.4630376,,,,,117.2870899,127.9825352,76.7740201,35.94376584,-6.999083384,-17.15934922,-64.07362503,-87.13053956,-89.68098988,-78.38112603,-69.2345093,-60.94164473,-55.96046365,-59.77025326,-64.41651972,-86.88276995,,,,Mexico,CO2
GCAM 5.3,NGFS2_Delayed Transition,MEX,Emissions|CO2|Industrial Processes,Mt CO2/yr,,,,,,,8.287460242,,,,,8.045928179,,7.597866221,,,,,8.177690779,9.555228986,7.35688983,7.567237379,7.323112891,6.062202259,5.772483081,5.057053344,4.44637699,-6.715387024,-28.06871235,-45.81153042,-58.90959525,-66.75149635,-72.12041875,-77.53160638,,,,Mexico,CO2
GCAM 5.3,NGFS2_Delayed Transition,MEX,Emissions|N2O|AFOLU,Mt CO2e/yr,,,,,,,34.9162529898,,,,,36.845325862799996,,39.477480042,,,,,41.2978726524,43.621916683799995,45.2744436417,45.5796746496,47.3027916816,48.9415009083,48.760770376500005,49.2320776311,49.3841336625,49.9080827973,50.2809785478,50.43062671919999,50.475975841200004,50.4707210007,50.4602327229,50.471693290199994,,,,Mexico,N2O
GCAM 5.3,NGFS2_Delayed Transition,MEX,Emissions|N2O|AFOLU|Agriculture,Mt CO2e/yr,,,,,,,31.622550577800002,,,,,33.6486222891,,35.05287321899999,,,,,36.657338718000005,38.5292439714,39.0634385778,40.1580609612,41.5622889045,42.9182955474,43.027677338100005,43.1382577626,43.2337685325,43.1285995959,42.799556517899994,42.3796100637,41.894263975200005,41.3671864515,40.8292467492,40.226461739099996,,,,Mexico,N2O
GCAM 5.3,NGFS2_Divergent Net Zero Policies,MEX,Carbon Sequestration|CCS|Biomass,Mt CO2/yr,,,,,,,0.0,,,,,0.0,,0.0,,,,,0.385461302,4.416445035,30.24221548,58.64489126,70.50561161,46.33000657,67.43011602,100.2816336,122.7449806,141.8278954,161.1856846,181.9383692,201.2519543,212.9465689,226.7508935,230.6807497,,,,Mexico,
GCAM 5.3,NGFS2_Divergent Net Zero Policies,MEX,Carbon Sequestration|CCS|Biomass|Energy|Demand|Industry,Mt CO2/yr,,,,,,,0.0,,,,,0.0,,0.0,,,,,0.0,0.0,0.0,0.0,0.0,0.0,0.0,0.0,0.0,0.0,0.0,0.0,0.0,0.0,0.0,0.0,,,,Mexico,
GCAM 5.3,NGFS2_Divergent Net Zero Policies,MEX,Carbon Sequestration|CCS|Biomass|Energy|Supply,Mt CO2/yr,,,,,,,0.0,,,,,0.0,,0.0,,,,,0.385461302,4.416445035,30.24221548,58.64489126,70.50561161,46.33000657,67.43011602,100.2816336,122.7449806,141.8278954,161.1856846,181.9383692,201.2519543,212.9465689,226.7508935,230.6807497,,,,Mexico,
GCAM 5.3,NGFS2_Divergent Net Zero Policies,MEX,Carbon Sequestration|CCS|Biomass|Energy|Supply|Electricity,Mt CO2/yr,,,,,,,0.0,,,,,0.0,,0.0,,,,,0.385461302,4.416445035,29.70386077,57.92572953,69.73976067,44.9865733,65.30504676,95.43286942,114.0865583,129.1811625,142.8727129,147.9303968,156.9706743,161.66106,170.4447112,165.5488894,,,,Mexico,
GCAM 5.3,NGFS2_Divergent Net Zero Policies,MEX,Carbon Sequestration|CCS|Biomass|Energy|Supply|Hydrogen,Mt CO2/yr,,,,,,,0.0,,,,,0.0,,0.0,,,,,0.0,0.0,0.538354716,0.719161732,0.66487306,1.198446442,1.944385843,4.391897066,7.212663989,8.189464078,8.269507418,10.6176043,10.08102425,9.147197498,9.808370892,11.28482769,,,,Mexico,
GCAM 5.3,NGFS2_Divergent Net Zero Policies,MEX,Carbon Sequestration|CCS|Biomass|Energy|Supply|Liquids,Mt CO2/yr,,,,,,,0.0,,,,,0.0,,0.0,,,,,0.0,0.0,0.0,0.0,0.100977872,0.144986831,0.180683409,0.456867073,1.445758277,4.45726881,10.04346422,23.39036809,34.20025573,42.13831135,46.49781146,53.84703259,,,,Mexico,
GCAM 5.3,NGFS2_Divergent Net Zero Policies,MEX,Emissions|CH4|AFOLU,Mt CO2e/yr,,,,,,,80.39461113600001,,,,,82.921568296,,87.45923508,,,,,67.838697248,61.02563188399999,52.766752415999996,47.026411124,30.779636608000004,13.331548692,14.524541304,13.65580146,11.813748072000001,11.429726308,11.009668572,8.872475556,9.184818496,9.393106184,9.765984704,9.360809724000001,,,,Mexico,CH4
GCAM 5.3,NGFS2_Divergent Net Zero Policies,MEX,Emissions|CH4|AFOLU|Agriculture,Mt CO2e/yr,,,,,,,77.690384156,,,,,80.346442624,,83.386113244,,,,,61.477533824000005,57.24858132,48.920254488,43.9950154,28.168927472,10.924277476,10.772190128,10.461721368,9.057910287999999,8.583151275999999,8.246486444,6.488617295999999,6.519689624,6.766398688,7.166312944,6.984240676,,,,Mexico,CH4
GCAM 5.3,NGFS2_Divergent Net Zero Policies,MEX,Emissions|CH4|Energy|Demand|Industry,Mt CO2e/yr,,,,,,,0.14738396399999998,,,,,0.15684774,,0.168699412,,,,,0.165532052,0.17178722400000002,0.15032346,0.12476814,0.097201244,0.049976836,0.032890508,0.018985512,0.008247316,0.004606868,0.003323432,0.0017668,0.0015932,0.0015316000000000001,0.0015988,0.0018312,,,,Mexico,CH4
GCAM 5.3,NGFS2_Divergent Net Zero Policies,MEX,Emissions|CH4|Energy|Demand|Residential and Commercial,Mt CO2e/yr,,,,,,,2.086667212,,,,,2.0307531720000003,,2.124769472,,,,,2.6409185600000002,2.5175142999999998,2.331547596,2.15800606,1.32324346,0.348903828,0.235908708,0.15618862,0.086666804,0.058905924000000005,0.042508564000000006,0.02215276,0.016341024,0.012411644,0.009735404,0.009754024,,,,Mexico,CH4
GCAM 5.3,NGFS2_Divergent Net Zero Policies,MEX,Emissions|CH4|Energy|Demand|Transportation,Mt CO2e/yr,,,,,,,0.663184508,,,,,0.662326588,,0.641985736,,,,,0.503814388,0.415356256,0.319902072,0.169919904,0.102019848,0.055793444,0.019780796,0.003362548,0.0007364,0.00018423999999999998,0.00011032000000000001,7.812e-05,4.5640000000000003e-05,2.3912e-05,4.6760000000000006e-05,4.144e-05,,,,Mexico,CH4
GCAM 5.3,NGFS2_Divergent Net Zero Policies,MEX,Emissions|CH4|Energy|Supply,Mt CO2e/yr,,,,,,,48.8995836,,,,,37.819771612,,49.300726468,,,,,38.772808872,30.357274556,23.005893456,17.656364712,13.857202408000001,4.36879576,3.40859596,3.7091267919999997,2.718549764,2.586606512,3.550588832,2.306505516,3.580158372,4.322419276,5.005602476,5.949753628,,,,Mexico,CH4
GCAM 5.3,NGFS2_Divergent Net Zero Policies,MEX,Emissions|CO2|AFOLU,Mt CO2/yr,,,,,,,-3.943037339,,,,,16.97925618,,64.74895959,,,,,35.64870415,6.548448706,-22.55180674,-51.65206218,-80.75231762,-109.8525731,-97.81255868,-85.77254431,-73.73252993,-61.69251555,-49.65250118,-37.6124868,-25.57247242,-13.53245805,-1.492443672,10.5475707,,,,Mexico,CO2
GCAM 5.3,NGFS2_Divergent Net Zero Policies,MEX,Emissions|CO2|Energy and Industrial Processes,Mt CO2/yr,,,,,,,486.8276593,,,,,493.3425756,,483.4204532,,,,,380.9834658,349.5399075,261.2396191,164.5793328,72.55335577,35.94110073,-7.940947655,-56.5697891,-90.00810436,-114.4975232,-139.0715432,-174.3251583,-203.6976303,-221.8878397,-238.3136456,-239.1916637,,,,Mexico,CO2
GCAM 5.3,NGFS2_Divergent Net Zero Policies,MEX,Emissions|CO2|Energy|Demand,Mt CO2/yr,,,,,,,312.0716902,,,,,312.9666632,,317.55218,,,,,253.9118414,238.1930036,200.8474673,146.35505,108.1406503,64.35537766,41.70900108,25.92152119,15.85523287,12.25610935,10.87370165,8.256678999,7.879554924,8.220446137,8.93080156,9.065522237,,,,Mexico,CO2
GCAM 5.3,NGFS2_Divergent Net Zero Policies,MEX,Emissions|CO2|Energy|Demand|Industry,Mt CO2/yr,,,,,,,121.6962391,,,,,121.4610991,,130.2176849,,,,,122.3165271,124.9342629,109.8923732,90.89314104,73.3878626,45.19213817,31.86902615,20.31785778,11.25075951,7.882547086,6.584602931,4.997228324,4.830588945,5.098004924,5.40191536,5.665830112,,,,Mexico,CO2
GCAM 5.3,NGFS2_Divergent Net Zero Policies,MEX,Emissions|CO2|Energy|Demand|Residential and Commercial,Mt CO2/yr,,,,,,,26.48588426,,,,,25.18164008,,25.8735016,,,,,5.851100368,4.299756838,2.543072152,1.968986745,0.644261871,0.081465856,0.073992079,0.065664938,0.044748704,0.038658457,0.034705592,0.018117275,0.015831324,0.015148047,0.016091023,0.019369119,,,,Mexico,CO2
GCAM 5.3,NGFS2_Divergent Net Zero Policies,MEX,Emissions|CO2|Energy|Demand|Residential and Commercial|Commercial,Mt CO2/yr,,,,,,,5.003209121,,,,,5.381678895,,5.595401098,,,,,0.916982682,0.620007965,0.334146705,0.248341537,0.073136372,0.008858789,0.007935773,0.007067669,0.004927517,0.004349664,0.003984098,0.002129563,0.001925944,0.001908466,0.002088567,0.002506586,,,,Mexico,CO2
GCAM 5.3,NGFS2_Divergent Net Zero Policies,MEX,Emissions|CO2|Energy|Demand|Residential and Commercial|Residential,Mt CO2/yr,,,,,,,21.48267514,,,,,19.79996119,,20.2781005,,,,,4.934117686,3.679748872,2.208925447,1.720645208,0.571125499,0.072607067,0.066056306,0.058597269,0.039821186,0.034308794,0.030721494,0.015987712,0.01390538,0.013239582,0.014002457,0.016862533,,,,Mexico,CO2
GCAM 5.3,NGFS2_Divergent Net Zero Policies,MEX,Emissions|CO2|Energy|Demand|Transportation,Mt CO2/yr,,,,,,,163.8895669,,,,,166.323924,,161.4609935,,,,,125.7442139,108.9589838,88.4120219,53.49292221,34.10852587,19.08177363,9.765982855,5.53799847,4.559724656,4.334903802,4.254393129,3.2413334,3.033134655,3.107293166,3.512795176,3.380323007,,,,Mexico,CO2
GCAM 5.3,NGFS2_Divergent Net Zero Policies,MEX,Emissions|CO2|Energy|Demand|Transportation|Freight,Mt CO2/yr,,,,,,,73.70167523,,,,,73.84027017,,74.71805689,,,,,56.64981842,52.58356975,44.84632624,23.39913231,13.80137373,7.566676385,2.550423066,0.375444716,0.305561401,0.296448074,0.284327969,0.172892598,0.167163482,0.180435585,0.213776976,0.208362342,,,,Mexico,CO2
GCAM 5.3,NGFS2_Divergent Net Zero Policies,MEX,Emissions|CO2|Energy|Demand|Transportation|Passenger,Mt CO2/yr,,,,,,,82.22189126,,,,,82.82314826,,77.0849623,,,,,62.47881745,49.76399949,37.28813296,23.88469744,15.31344946,8.390870306,3.850837654,1.572148561,0.730113616,0.488860212,0.472560213,0.363745492,0.315971492,0.34303229,0.457491062,0.420973332,,,,Mexico,CO2
GCAM 5.3,NGFS2_Divergent Net Zero Policies,MEX,Emissions|CO2|Energy|Supply,Mt CO2/yr,,,,,,,166.4685089,,,,,172.3299842,,158.270407,,,,,121.4757319,105.5896509,53.61502807,10.70213945,-42.70892952,-34.36532918,-56.03220339,-88.86213354,-111.3611721,-129.9606045,-148.9340612,-170.8919414,-191.5286934,-203.9520728,-217.8428285,-212.6098876,,,,Mexico,CO2
GCAM 5.3,NGFS2_Divergent Net Zero Policies,MEX,Emissions|CO2|Energy|Supply|Electricity,Mt CO2/yr,,,,,,,121.9409279,,,,,124.6933502,,113.4630376,,,,,86.73385551,73.6814314,26.11737575,-10.77614534,-54.36604649,-37.7045055,-57.64797973,-87.43669204,-106.0555234,-120.6699957,-133.8135888,-139.4741766,-149.5334105,-154.8460682,-163.8019795,-149.5582096,,,,Mexico,CO2
GCAM 5.3,NGFS2_Divergent Net Zero Policies,MEX,Emissions|CO2|Industrial Processes,Mt CO2/yr,,,,,,,8.287460242,,,,,8.045928179,,7.597866221,,,,,5.595892472,5.757253064,6.777123769,7.522143361,7.121634952,5.951052261,6.382254648,6.370823251,5.497834923,3.206971975,-1.01118359,-11.6898959,-20.04849185,-26.15621305,-29.40161861,-35.64729831,,,,Mexico,CO2
GCAM 5.3,NGFS2_Divergent Net Zero Policies,MEX,Emissions|N2O|AFOLU,Mt CO2e/yr,,,,,,,34.9162529898,,,,,36.845325862799996,,39.477480042,,,,,37.3696215984,36.114361537799994,35.3557553076,34.3257813171,31.081077846,26.77740474864,28.3562932653,28.5310824162,28.33638717,28.7604687825,29.1038956299,28.6115305749,29.222717433000003,29.689165506,30.187116468600003,30.2629136355,,,,Mexico,N2O
GCAM 5.3,NGFS2_Divergent Net Zero Policies,MEX,Emissions|N2O|AFOLU|Agriculture,Mt CO2e/yr,,,,,,,31.622550577800002,,,,,33.6486222891,,35.05287321899999,,,,,31.376375148300003,31.242634577700002,29.991795288000002,29.211729456,26.16049081191,22.22241441966,22.38688089456,22.12833673596,21.48592646382,21.12799730769,20.774313637349998,19.75808916627,19.46637769167,19.267176422130003,19.11147978012,18.69234333057,,,,Mexico,N2O
GCAM 5.3,NGFS2_Nationally Determined Contributions (NDCs),MEX,Carbon Sequestration|CCS|Biomass,Mt CO2/yr,,,,,,,0.0,,,,,0.0,,0.0,,,,,0.001769555,0.347735541,0.783051274,0.41928126,0.175565239,0.041960212,0.078552495,0.086157325,0.161039736,0.140378241,0.105698119,0.075040475,0.064016764,0.051434752,0.049264738,0.006408042,,,,Mexico,
GCAM 5.3,NGFS2_Nationally Determined Contributions (NDCs),MEX,Carbon Sequestration|CCS|Biomass|Energy|Demand|Industry,Mt CO2/yr,,,,,,,0.0,,,,,0.0,,0.0,,,,,0.0,0.0,0.0,0.0,0.0,0.0,0.0,0.0,0.0,0.0,0.0,0.0,0.0,0.0,0.0,0.0,,,,Mexico,
GCAM 5.3,NGFS2_Nationally Determined Contributions (NDCs),MEX,Carbon Sequestration|CCS|Biomass|Energy|Supply,Mt CO2/yr,,,,,,,0.0,,,,,0.0,,0.0,,,,,0.001769555,0.347735541,0.783051274,0.41928126,0.175565239,0.041960212,0.078552495,0.086157325,0.161039736,0.140378241,0.105698119,0.075040475,0.064016764,0.051434752,0.049264738,0.006408042,,,,Mexico,
GCAM 5.3,NGFS2_Nationally Determined Contributions (NDCs),MEX,Carbon Sequestration|CCS|Biomass|Energy|Supply|Electricity,Mt CO2/yr,,,,,,,0.0,,,,,0.0,,0.0,,,,,0.001769555,0.347735541,0.624726206,0.367472263,0.161912582,0.038697778,0.067633793,0.077916159,0.156546763,0.136902346,0.103320915,0.072927768,0.06237393,0.050071873,0.047784989,0.005094325,,,,Mexico,
GCAM 5.3,NGFS2_Nationally Determined Contributions (NDCs),MEX,Carbon Sequestration|CCS|Biomass|Energy|Supply|Hydrogen,Mt CO2/yr,,,,,,,0.0,,,,,0.0,,0.0,,,,,0.0,0.0,0.057008605,0.019315378,0.008792997,0.003012897,0.009736101,0.007916591,0.004456137,0.003459889,0.002374299,0.002112334,0.001642758,0.00136286,0.001479742,0.001313715,,,,Mexico,
GCAM 5.3,NGFS2_Nationally Determined Contributions (NDCs),MEX,Carbon Sequestration|CCS|Biomass|Energy|Supply|Liquids,Mt CO2/yr,,,,,,,0.0,,,,,0.0,,0.0,,,,,0.0,0.0,0.101316463,0.032493619,0.00485966,0.000249537,0.001182602,0.000324575,3.68e-05,1.6e-05,2.9e-06,3.72e-07,7.55e-08,1.89e-08,6.96e-09,1.04e-09,,,,Mexico,
GCAM 5.3,NGFS2_Nationally Determined Contributions (NDCs),MEX,Emissions|CH4|AFOLU,Mt CO2e/yr,,,,,,,80.39461113600001,,,,,82.921568296,,87.426345384,,,,,91.546317856,94.482335584,98.035636832,101.24475942000001,104.924286572,108.485991152,108.095670256,108.46385185999999,108.384315704,108.101921424,107.825938388,107.274002192,106.318628276,105.27328714000001,104.26389248800001,103.20115596,,,,Mexico,CH4
GCAM 5.3,NGFS2_Nationally Determined Contributions (NDCs),MEX,Emissions|CH4|AFOLU|Agriculture,Mt CO2e/yr,,,,,,,77.690384156,,,,,80.346442624,,83.39345568399999,,,,,86.995512436,89.884635792,93.803597328,97.642231372,101.40081862400001,104.93336414400001,105.489539344,105.48283158,105.67189864,105.58293452,105.317603216,104.846514164,104.05031546,103.105754136,102.11851526800001,101.003297248,,,,Mexico,CH4
GCAM 5.3,NGFS2_Nationally Determined Contributions (NDCs),MEX,Emissions|CH4|Energy|Demand|Industry,Mt CO2e/yr,,,,,,,0.14738396399999998,,,,,0.15684774,,0.16940784,,,,,0.17821874000000001,0.17976448,0.179046196,0.17875522,0.18089901200000003,0.188793332,0.187235468,0.18192566,0.17636724,0.167742568,0.15886460800000002,0.14954492,0.140011088,0.13035738800000002,0.12024213600000001,0.10976002800000001,,,,Mexico,CH4
GCAM 5.3,NGFS2_Nationally Determined Contributions (NDCs),MEX,Emissions|CH4|Energy|Demand|Residential and Commercial,Mt CO2e/yr,,,,,,,2.086667212,,,,,2.0307531720000003,,2.149682696,,,,,2.2316516039999996,2.41110422,2.2430175599999997,1.8128681199999999,1.52520732,1.20312094,1.085034468,0.9722654480000001,0.812693028,0.6956699399999999,0.57344322,0.482557432,0.392068152,0.319867044,0.265927368,0.25508013999999996,,,,Mexico,CH4
GCAM 5.3,NGFS2_Nationally Determined Contributions (NDCs),MEX,Emissions|CH4|Energy|Demand|Transportation,Mt CO2e/yr,,,,,,,0.663184508,,,,,0.662326588,,0.642241992,,,,,0.609704256,0.5395701079999999,0.507043348,0.44570618399999995,0.422561608,0.389926712,0.407160572,0.406112056,0.401943304,0.425425196,0.427170408,0.41129351199999997,0.426190352,0.42645836800000003,0.40752392800000004,0.406163912,,,,Mexico,CH4
GCAM 5.3,NGFS2_Nationally Determined Contributions (NDCs),MEX,Emissions|CH4|Energy|Supply,Mt CO2e/yr,,,,,,,48.8995836,,,,,37.819771612,,49.741236832000006,,,,,44.964224591999994,34.683191816000004,28.800277856,24.410719928,22.833762532,22.104503624,21.423339812,21.429786252,21.471431856,20.530462484,20.47689224,21.136760092000003,21.759524388,23.018728404,24.028246228,24.384796547999997,,,,Mexico,CH4
GCAM 5.3,NGFS2_Nationally Determined Contributions (NDCs),MEX,Emissions|CO2|AFOLU,Mt CO2/yr,,,,,,,-3.943037339,,,,,16.97925618,,66.65019048,,,,,53.43397344,40.21775639,27.00153935,13.7853223,0.569105257,-12.64711179,-25.86332883,-39.07954588,-52.29576293,-65.51197997,-54.39608388,-43.28018778,-32.16429169,-21.0483956,-9.932499504,1.183396589,,,,Mexico,CO2
GCAM 5.3,NGFS2_Nationally Determined Contributions (NDCs),MEX,Emissions|CO2|Energy and Industrial Processes,Mt CO2/yr,,,,,,,486.8276593,,,,,493.3425756,,478.3636614,,,,,473.0494173,428.4455611,446.344336,462.0919656,472.6982101,489.4413993,498.2292724,498.759569,498.8259088,496.4947092,490.7817226,483.1594278,473.698216,461.7334109,447.4497027,433.2750776,,,,Mexico,CO2
GCAM 5.3,NGFS2_Nationally Determined Contributions (NDCs),MEX,Emissions|CO2|Energy|Demand,Mt CO2/yr,,,,,,,312.0716902,,,,,312.9666632,,318.8184971,,,,,318.8066464,297.2218399,296.0685609,290.8028405,296.2190478,298.4633662,309.880511,307.9264372,304.6251868,311.8493338,315.9570861,320.9199328,326.1236294,327.3599607,330.333905,326.5076552,,,,Mexico,CO2
GCAM 5.3,NGFS2_Nationally Determined Contributions (NDCs),MEX,Emissions|CO2|Energy|Demand|Industry,Mt CO2/yr,,,,,,,121.6962391,,,,,121.4610991,,130.8447486,,,,,135.8519523,133.2461999,133.1248917,134.5948942,142.3316005,144.4939281,150.1691583,148.4523517,142.7929287,146.8695252,151.8062807,158.2965798,160.6935639,162.6216424,169.1147523,165.8157108,,,,Mexico,CO2
GCAM 5.3,NGFS2_Nationally Determined Contributions (NDCs),MEX,Emissions|CO2|Energy|Demand|Residential and Commercial,Mt CO2/yr,,,,,,,26.48588426,,,,,25.18164008,,26.47554555,,,,,25.75151292,20.1513828,22.27973913,25.98338729,27.39146451,30.52944197,30.79994035,29.67331247,28.53563082,25.71007289,23.52688783,21.9309253,20.37579163,18.91291176,16.98779029,16.94444717,,,,Mexico,CO2
GCAM 5.3,NGFS2_Nationally Determined Contributions (NDCs),MEX,Emissions|CO2|Energy|Demand|Residential and Commercial|Commercial,Mt CO2/yr,,,,,,,5.003209121,,,,,5.381678895,,5.777228293,,,,,5.540540975,4.023685056,4.44694521,5.254884632,5.531498193,6.280789497,6.357819109,6.082751984,5.811899599,5.122464873,4.617502147,4.271407651,3.94521044,3.647993343,3.234624523,3.253067821,,,,Mexico,CO2
GCAM 5.3,NGFS2_Nationally Determined Contributions (NDCs),MEX,Emissions|CO2|Energy|Demand|Residential and Commercial|Residential,Mt CO2/yr,,,,,,,21.48267514,,,,,19.79996119,,20.69831726,,,,,20.21097194,16.12769774,17.83279392,20.72850266,21.85996632,24.24865248,24.44212125,23.59056049,22.72373122,20.58760801,18.90938569,17.65951765,16.43058119,15.26491842,13.75316576,13.69137935,,,,Mexico,CO2
GCAM 5.3,NGFS2_Nationally Determined Contributions (NDCs),MEX,Emissions|CO2|Energy|Demand|Transportation,Mt CO2/yr,,,,,,,163.8895669,,,,,166.323924,,161.498203,,,,,157.2031812,143.8242573,140.6639301,130.224559,126.4959828,123.4399961,128.9114123,129.8007731,133.2966273,139.2697357,140.6239176,140.6924277,145.0542739,145.8254065,144.2313624,143.7474972,,,,Mexico,CO2
GCAM 5.3,NGFS2_Nationally Determined Contributions (NDCs),MEX,Emissions|CO2|Energy|Demand|Transportation|Freight,Mt CO2/yr,,,,,,,73.70167523,,,,,73.84027017,,74.73735122,,,,,75.67099021,72.94936377,75.79239057,73.39082347,73.16969932,68.54362541,73.68736153,74.88807809,72.98387781,78.11881485,79.91362732,75.36248497,79.15187058,80.93183365,76.01575785,76.34945908,,,,Mexico,CO2
GCAM 5.3,NGFS2_Nationally Determined Contributions (NDCs),MEX,Emissions|CO2|Energy|Demand|Transportation|Passenger,Mt CO2/yr,,,,,,,82.22189126,,,,,82.82314826,,77.10016639,,,,,71.70916447,61.24649888,54.30862466,45.10380719,40.67727482,41.18596213,40.47749718,39.40174572,43.88200766,44.06932307,42.86739427,46.77935819,46.58497178,44.85373323,47.64675114,46.45672674,,,,Mexico,CO2
GCAM 5.3,NGFS2_Nationally Determined Contributions (NDCs),MEX,Emissions|CO2|Energy|Supply,Mt CO2/yr,,,,,,,166.4685089,,,,,172.3299842,,151.9702703,,,,,146.8956124,125.0242812,142.530755,161.5472649,165.5945624,178.393479,175.6107368,177.6072316,179.8065258,169.7355817,159.4140212,146.5417027,131.6047249,118.2615891,101.0875652,91.366272,,,,Mexico,CO2
GCAM 5.3,NGFS2_Nationally Determined Contributions (NDCs),MEX,Emissions|CO2|Energy|Supply|Electricity,Mt CO2/yr,,,,,,,121.9409279,,,,,124.6933502,,107.0687085,,,,,102.9619385,84.72269583,103.9214427,126.315566,136.3346286,154.802822,155.7978897,159.8373308,163.2208241,153.5824857,143.9084517,131.5325234,116.9568989,103.9951907,87.1012487,77.72540178,,,,Mexico,CO2
GCAM 5.3,NGFS2_Nationally Determined Contributions (NDCs),MEX,Emissions|CO2|Industrial Processes,Mt CO2/yr,,,,,,,8.287460242,,,,,8.045928179,,7.57489405,,,,,7.347158559,6.199439935,7.745020132,9.741860233,10.88460001,12.58455409,12.73802459,13.22590017,14.39419616,14.90979373,15.4106153,15.69779236,15.96986178,16.11186107,16.0282325,15.40115041,,,,Mexico,CO2
GCAM 5.3,NGFS2_Nationally Determined Contributions (NDCs),MEX,Emissions|N2O|AFOLU,Mt CO2e/yr,,,,,,,34.9162529898,,,,,36.845325862799996,,39.4371349008,,,,,41.6983043568,43.183563095400004,44.5737396741,45.6548738646,47.1463159986,48.7312887243,48.4427837712,48.9977930715,49.233672660900005,49.307430627,49.4431690116,49.49167090139999,49.376517808799996,49.2317545902,49.0894836432,49.0114058889,,,,Mexico,N2O
GCAM 5.3,NGFS2_Nationally Determined Contributions (NDCs),MEX,Emissions|N2O|AFOLU|Agriculture,Mt CO2e/yr,,,,,,,31.622550577800002,,,,,33.6486222891,,35.0466338859,,,,,36.7295585475,37.9265109132,39.319323689099996,40.6761826653,42.143141558699995,43.5541077972,43.749276780299994,43.812692741999996,43.9975890354,43.989654290400004,43.92901932509999,43.814936993100005,43.558817019900005,43.2282661356,42.8498413707,42.44248930740001,,,,Mexico,N2O
GCAM 5.3,NGFS2_Net-Zero 2050,MEX,Carbon Sequestration|CCS|Biomass,Mt CO2/yr,,,,,,,0.0,,,,,0.0,,0.0,,,,,0.002856645,0.066077629,2.477971094,19.45876016,32.02854472,7.649515989,23.94810967,81.10248084,89.29371519,102.7241844,99.91707842,91.91119571,90.60545649,92.76925273,94.18302537,87.8963371,,,,Mexico,
GCAM 5.3,NGFS2_Net-Zero 2050,MEX,Carbon Sequestration|CCS|Biomass|Energy|Demand|Industry,Mt CO2/yr,,,,,,,0.0,,,,,0.0,,0.0,,,,,0.0,0.0,0.0,0.0,0.0,0.0,0.0,0.0,0.0,0.0,0.0,0.0,0.0,0.0,0.0,0.0,,,,Mexico,
GCAM 5.3,NGFS2_Net-Zero 2050,MEX,Carbon Sequestration|CCS|Biomass|Energy|Supply,Mt CO2/yr,,,,,,,0.0,,,,,0.0,,0.0,,,,,0.002856645,0.066077629,2.477971094,19.45876016,32.02854472,7.649515989,23.94810967,81.10248084,89.29371519,102.7241844,99.91707842,91.91119571,90.60545649,92.76925273,94.18302537,87.8963371,,,,Mexico,
GCAM 5.3,NGFS2_Net-Zero 2050,MEX,Carbon Sequestration|CCS|Biomass|Energy|Supply|Electricity,Mt CO2/yr,,,,,,,0.0,,,,,0.0,,0.0,,,,,0.002856645,0.066077629,2.001722604,17.90018417,30.85857273,7.482569832,22.8011039,53.7216039,62.18914595,56.56610704,38.68270148,20.28355147,14.21515866,12.85479697,11.86817718,7.113977553,,,,Mexico,
GCAM 5.3,NGFS2_Net-Zero 2050,MEX,Carbon Sequestration|CCS|Biomass|Energy|Supply|Hydrogen,Mt CO2/yr,,,,,,,0.0,,,,,0.0,,0.0,,,,,0.0,0.0,0.310972228,1.055365763,0.621346056,0.132191412,0.646792725,2.743865916,3.064314279,2.476426558,1.602256479,1.125754769,0.830250742,0.743842068,0.812555407,0.608630055,,,,Mexico,
GCAM 5.3,NGFS2_Net-Zero 2050,MEX,Carbon Sequestration|CCS|Biomass|Energy|Supply|Liquids,Mt CO2/yr,,,,,,,0.0,,,,,0.0,,0.0,,,,,0.0,0.0,0.165276262,0.503210226,0.54862593,0.034754745,0.500213044,24.63701103,24.04025497,43.68165083,59.63212046,70.50188948,75.56004709,79.17061369,81.50229279,80.17372949,,,,Mexico,
GCAM 5.3,NGFS2_Net-Zero 2050,MEX,Emissions|CH4|AFOLU,Mt CO2e/yr,,,,,,,80.39461113600001,,,,,82.921568296,,87.46568446,,,,,62.222892284,42.059081876,27.942643875999998,19.845035672,11.469995236,6.166623176,4.207470568,3.6562598239999997,3.4753480999999997,3.1229632,2.8350552159999998,2.6592697320000003,2.6359927159999996,2.592396856,2.5544967840000004,2.500750812,,,,Mexico,CH4
GCAM 5.3,NGFS2_Net-Zero 2050,MEX,Emissions|CH4|AFOLU|Agriculture,Mt CO2e/yr,,,,,,,77.690384156,,,,,80.346442624,,83.38293210799999,,,,,55.78663958,37.890762784,22.452992436,15.523952192,9.317823312,4.069685592,2.101788892,1.545336268,1.360606408,1.001218288,0.7026264,0.513129092,0.48501311599999997,0.43326936800000004,0.386808156,0.318315284,,,,Mexico,CH4
GCAM 5.3,NGFS2_Net-Zero 2050,MEX,Emissions|CH4|Energy|Demand|Industry,Mt CO2e/yr,,,,,,,0.14738396399999998,,,,,0.15684774,,0.168735588,,,,,0.175294588,0.187368664,0.173909372,0.151528412,0.127718304,0.096067048,0.061630576,0.035293188,0.018646376,0.008159788,0.003293332,0.0010612,0.0007084,0.0004032,0.00024387999999999998,0.00011227999999999999,,,,Mexico,CH4
GCAM 5.3,NGFS2_Net-Zero 2050,MEX,Emissions|CH4|Energy|Demand|Residential and Commercial,Mt CO2e/yr,,,,,,,2.086667212,,,,,2.0307531720000003,,2.124889592,,,,,1.7282401079999998,1.2746798400000001,0.81393116,0.513634856,0.29383684400000004,0.087772608,0.033242776,0.020832308,0.015581244000000001,0.00946204,0.005372948,0.0026964,0.0022204,0.0016716,0.0012292000000000002,0.0008512,,,,Mexico,CH4
GCAM 5.3,NGFS2_Net-Zero 2050,MEX,Emissions|CH4|Energy|Demand|Transportation,Mt CO2e/yr,,,,,,,0.663184508,,,,,0.662326588,,0.641985568,,,,,0.603409324,0.549968832,0.500480568,0.41323816799999996,0.35237006,0.244210232,0.15124337200000001,0.0850297,0.0490105,0.030852135999999995,0.021856856,0.014863968,0.009778132,0.005887308,0.00382872,0.0023408,,,,Mexico,CH4
GCAM 5.3,NGFS2_Net-Zero 2050,MEX,Emissions|CH4|Energy|Supply,Mt CO2e/yr,,,,,,,48.8995836,,,,,37.819771612,,49.293195671999996,,,,,45.124686768,35.464375884,23.492835856,16.068636471999998,10.481393972000001,5.430272176000001,1.749650728,0.748507172,0.48530381199999995,0.22327398799999998,0.103744788,0.07781634000000001,0.08184246,0.081086348,0.08070258,0.07223482,,,,Mexico,CH4
GCAM 5.3,NGFS2_Net-Zero 2050,MEX,Emissions|CO2|AFOLU,Mt CO2/yr,,,,,,,-3.943037339,,,,,16.97925618,,64.34657859,,,,,34.05005164,3.753524692,-26.54300226,-56.8395292,-53.80677757,-50.77402594,-47.74127431,-44.70852268,-41.67577105,-38.64301941,-35.61026778,-32.57751615,-29.54476452,-26.51201289,-23.47926126,-20.44650963,,,,Mexico,CO2
GCAM 5.3,NGFS2_Net-Zero 2050,MEX,Emissions|CO2|Energy and Industrial Processes,Mt CO2/yr,,,,,,,486.8276593,,,,,493.3425756,,483.4022607,,,,,470.769144,462.4193705,413.044345,333.8998402,266.2886071,195.8563629,117.6934402,1.278174582,-27.43338187,-72.02145031,-93.1767408,-104.0788575,-109.3824196,-118.8108536,-125.644002,-116.5286917,,,,Mexico,CO2
GCAM 5.3,NGFS2_Net-Zero 2050,MEX,Emissions|CO2|Energy|Demand,Mt CO2/yr,,,,,,,312.0716902,,,,,312.9666632,,317.5537412,,,,,312.1117862,308.9128794,290.0738929,253.8471041,226.5504382,172.0427329,119.3797413,72.03442487,52.57092478,34.4217959,23.09963678,15.38319167,14.75605912,13.68107372,12.68658255,9.752553355,,,,Mexico,CO2
GCAM 5.3,NGFS2_Net-Zero 2050,MEX,Emissions|CO2|Energy|Demand|Industry,Mt CO2/yr,,,,,,,121.6962391,,,,,121.4610991,,130.2250513,,,,,132.4737714,137.941489,131.0261287,116.8587634,106.6783278,87.61606329,62.56616269,40.27584055,27.83122328,19.81753248,15.25702262,11.70369796,11.95429915,11.53721915,10.83705503,8.44792927,,,,Mexico,CO2
GCAM 5.3,NGFS2_Net-Zero 2050,MEX,Emissions|CO2|Energy|Demand|Residential and Commercial,Mt CO2/yr,,,,,,,26.48588426,,,,,25.18164008,,25.87484158,,,,,24.40092838,23.66769017,20.74430904,18.17102747,15.06230914,6.930823485,3.48860197,2.203044724,1.828640218,0.93615162,0.406978773,0.147433524,0.114228744,0.080774249,0.058394436,0.036752014,,,,Mexico,CO2
GCAM 5.3,NGFS2_Net-Zero 2050,MEX,Emissions|CO2|Energy|Demand|Residential and Commercial|Commercial,Mt CO2/yr,,,,,,,5.003209121,,,,,5.381678895,,5.595906846,,,,,5.171772773,4.832984328,3.991535557,3.337532214,2.577854902,1.048564559,0.463699634,0.26694425,0.222698094,0.115836974,0.05193438,0.020072385,0.016321216,0.012008032,0.008955901,0.00571311,,,,Mexico,CO2
GCAM 5.3,NGFS2_Net-Zero 2050,MEX,Emissions|CO2|Energy|Demand|Residential and Commercial|Residential,Mt CO2/yr,,,,,,,21.48267514,,,,,19.79996119,,20.27893474,,,,,19.2291556,18.83470584,16.75277348,14.83349525,12.48445424,5.882258926,3.024902336,1.936100474,1.605942124,0.820314647,0.355044393,0.127361139,0.097907528,0.068766217,0.049438535,0.031038904,,,,Mexico,CO2
GCAM 5.3,NGFS2_Net-Zero 2050,MEX,Emissions|CO2|Energy|Demand|Transportation,Mt CO2/yr,,,,,,,163.8895669,,,,,166.323924,,161.4538484,,,,,155.2370864,147.3037002,138.3034551,118.8173133,104.8098013,77.49584613,53.32497666,29.55553959,22.91106128,13.6681118,7.43563539,3.532060191,2.687531224,2.063080321,1.791133083,1.26787207,,,,Mexico,CO2
GCAM 5.3,NGFS2_Net-Zero 2050,MEX,Emissions|CO2|Energy|Demand|Transportation|Freight,Mt CO2/yr,,,,,,,73.70167523,,,,,73.84027017,,74.71472435,,,,,74.43579621,75.17108397,74.27837417,65.93291071,58.35357516,38.45218293,21.82151622,8.292673252,3.267351856,0.90763435,0.44721429,0.202826563,0.167379019,0.137437832,0.12238227,0.087719708,,,,Mexico,CO2
GCAM 5.3,NGFS2_Net-Zero 2050,MEX,Emissions|CO2|Energy|Demand|Transportation|Passenger,Mt CO2/yr,,,,,,,82.22189126,,,,,82.82314826,,77.08161319,,,,,71.20778351,62.07430473,53.76656844,42.41555372,36.00568684,29.65581912,22.85924134,14.23879902,12.42088482,7.598781172,3.810732453,1.630952266,1.042418863,0.663349607,0.504143725,0.296120609,,,,Mexico,CO2
GCAM 5.3,NGFS2_Net-Zero 2050,MEX,Emissions|CO2|Energy|Supply,Mt CO2/yr,,,,,,,166.4685089,,,,,172.3299842,,158.2500618,,,,,151.7506344,146.4634057,115.8438563,72.83730408,32.29120176,16.69244295,-8.517641612,-68.76742276,-76.78930076,-91.2873569,-89.45404906,-82.85198195,-82.39471572,-86.1482124,-88.51444009,-74.93649343,,,,Mexico,CO2
GCAM 5.3,NGFS2_Net-Zero 2050,MEX,Emissions|CO2|Energy|Supply|Electricity,Mt CO2/yr,,,,,,,121.9409279,,,,,124.6933502,,113.4425234,,,,,109.1398794,105.5328233,78.91360626,43.14099931,11.4529924,4.253435257,-15.18575365,-45.93763936,-53.7391486,-47.93489693,-30.02744682,-12.34625706,-7.075138441,-7.313630225,-7.34096683,4.84295562,,,,Mexico,CO2
GCAM 5.3,NGFS2_Net-Zero 2050,MEX,Emissions|CO2|Industrial Processes,Mt CO2/yr,,,,,,,8.287460242,,,,,8.045928179,,7.598457661,,,,,6.906723373,7.043085439,7.126595875,7.215431999,7.446967156,7.121187063,6.831340446,-1.988827528,-3.215005896,-15.15588931,-26.82232852,-36.61006723,-41.74376296,-46.3437149,-49.81614443,-51.34475159,,,,Mexico,CO2
GCAM 5.3,NGFS2_Net-Zero 2050,MEX,Emissions|N2O|AFOLU,Mt CO2e/yr,,,,,,,34.9162529898,,,,,36.845325862799996,,39.4865967678,,,,,36.5735569836,33.0333077529,32.5035031503,31.7095667889,28.638212775900005,25.755801025500002,23.39346684129,22.401054978119998,21.875087183039998,20.78608087374,19.319376012299998,17.66117070627,17.248190019060004,16.51460697705,15.74196997737,14.203079599799999,,,,Mexico,N2O
GCAM 5.3,NGFS2_Net-Zero 2050,MEX,Emissions|N2O|AFOLU|Agriculture,Mt CO2e/yr,,,,,,,31.622550577800002,,,,,33.6486222891,,35.052539667599994,,,,,30.267658239,26.96034370029,23.61608546115,21.91849575279,20.28928799079,17.77940383128,15.65380479117,14.590682905889999,14.1492261183,13.131943384560001,11.869740906659999,10.525440831360001,10.15349676978,9.54432922443,8.931687936990002,7.9166027768100005,,,,Mexico,N2O
GCAM 5.3,R_BAU,MEX,Emissions|CH4|AFOLU,Mt CO2e/yr,,,,51.948436579356525,,,54.182490226063365,,,,,53.84379745888416,,57.07403201080532,,,,,60.962417080775836,65.02340462683156,68.53470699918752,71.82554800814819,74.63764536582929,77.1319727089968,79.20737308898735,80.95013472477429,82.465142058446,83.90763010261604,85.18634921350008,86.19978022777772,86.94664000699348,87.51845038162072,87.96041061624881,88.17807471890872,,,,Mexico,CH4
GCAM 5.3,R_BAU,MEX,Emissions|CO2|AFOLU,Mt CO2/yr,,,,54.5907646693698,,,-3.94303733921057,,,,,-12.7699740072534,,-15.3215312317446,,,,,-10.8066933681373,1.19803355283646,9.40885655799258,7.35404637978834,10.944334948984,11.9973596192593,13.4523706021552,8.96723718040497,6.92751163070661,4.05129375050015,2.73767959335134,3.4954245272787,2.94329270663703,1.14860437512671,0.71702270603986,1.23097347832976,,,,Mexico,CO2
GCAM 5.3,R_BAU,MEX,Emissions|CO2|Energy and Industrial Processes,Mt CO2/yr,,,,462.14296993503,,,487.596170428254,,,,,494.126346673001,,524.543729953973,,,,,572.521976397588,627.057999485576,678.302188454712,724.41763312931,774.729368306322,821.323863632256,872.898688660918,925.400834425166,979.252433493251,1034.56975776678,1088.36943223481,1137.47595756801,1182.60502913758,1222.06751592731,1258.92035472326,1295.32861261032,,,,Mexico,CO2
GCAM 5.3,R_BAU,MEX,Emissions|CO2|Energy|Demand,Mt CO2/yr,,,,265.673891973897,,,295.306627927548,,,,,296.216457901656,,330.594241738359,,,,,357.180999939919,386.83818500757,415.420885052363,441.236348170634,467.848487723948,494.175209400724,520.957982335619,548.328355231472,577.164715874523,608.454855559991,640.111098621076,671.524856465051,700.988870750706,726.976500490423,749.542582133605,771.338560188874,,,,Mexico,CO2
GCAM 5.3,R_BAU,MEX,Emissions|CO2|Energy|Demand|Industry,Mt CO2/yr,,,,94.4964288322009,,,104.932607206498,,,,,104.712251253166,,123.302366197757,,,,,135.614104125497,148.529180766481,160.574628870741,171.969935281303,183.285108615164,194.606745929453,205.772590520929,216.868115196986,229.17538401251,244.336180104416,260.185252455021,276.258618499514,290.940522997979,302.644978531139,311.465318980596,319.996418966142,,,,Mexico,CO2
GCAM 5.3,R_BAU,MEX,Emissions|CO2|Energy|Demand|Residential and Commercial,Mt CO2/yr,,,,27.2937293409818,,,26.4858842520042,,,,,25.181640073916,,29.8658830528049,,,,,32.1517101368619,35.2916381080882,38.3263611239072,40.8220486758927,42.4017857437959,43.8384723550402,44.6099509061537,44.7585998287219,44.3088232851993,43.2717302080223,41.9123172518904,40.7681993930366,39.6625675683342,38.2192396134999,36.57711565696,35.3141732869143,,,,Mexico,CO2
GCAM 5.3,R_BAU,MEX,Emissions|CO2|Energy|Demand|Residential and Commercial|Commercial,Mt CO2/yr,,,,4.99772319463178,,,5.00320911984176,,,,,5.38167889297654,,6.558927949863,,,,,7.0292520750438,7.72085244063702,8.43118678769821,9.05094283828127,9.46504241783671,9.89122191738039,10.1720693202449,10.3208914407761,10.3269201836715,10.1881452190016,9.96747524614103,9.82627909344602,9.70213976106127,9.48089378716211,9.19616200190917,8.99176277014941,,,,Mexico,CO2
GCAM 5.3,R_BAU,MEX,Emissions|CO2|Energy|Demand|Residential and Commercial|Residential,Mt CO2/yr,,,,22.2960061463501,,,21.4826751321624,,,,,19.7999611809395,,23.3069551029419,,,,,25.1224580618181,27.5707856674512,29.895174336209,31.7711058376114,32.9367433259592,33.9472504376598,34.4378815859088,34.4377083879458,33.9819031015278,33.0835849890206,31.9448420057494,30.9419202995906,29.9604278072729,28.7383458263378,27.3809536550509,26.3224105167649,,,,Mexico,CO2
GCAM 5.3,R_BAU,MEX,Emissions|CO2|Energy|Demand|Transportation,Mt CO2/yr,,,,143.883733800714,,,163.888136469046,,,,,166.322566574574,,177.425992487797,,,,,189.41518567756,203.017366133,216.519895057715,228.444364213438,242.161593364989,255.729991116231,270.575440908537,286.701640205763,303.680508576814,320.846945247553,338.013528914164,354.498038572501,370.385780184394,386.112282345784,401.500147496049,416.027967935818,,,,Mexico,CO2
GCAM 5.3,R_BAU,MEX,Emissions|CO2|Energy|Supply,Mt CO2/yr,,,,168.697460730673,,,166.468079236847,,,,,172.329952234981,,166.048699411196,,,,,185.006388715335,207.32080253715,227.684974099229,246.030520162612,268.137080163867,287.10744082526,310.703311877865,334.702102954136,358.658484471831,381.676374603839,402.915981086717,419.970968078488,435.282228164173,448.556551497239,462.741517077746,477.395798218392,,,,Mexico,CO2
GCAM 5.3,R_BAU,MEX,Emissions|CO2|Energy|Supply|Electricity,Mt CO2/yr,,,,123.434869756596,,,121.940866679534,,,,,124.693684912229,,121.595209600041,,,,,138.252072897779,158.848200176701,178.218899022103,197.099512175459,220.438367412536,239.390517621295,260.598031025136,280.78839966998,300.478003020202,318.237507623892,333.580109570025,342.555851689555,348.228574630992,352.028024940254,355.559023633029,358.074272628086,,,,Mexico,CO2
GCAM 5.3,R_BAU,MEX,Emissions|CO2|Energy|Supply|Gases,Mt CO2/yr,,,,9.56225536903579e-08,,,-3.66065317664208e-07,,,,,-3.39839388396538e-07,,0.0357567490823909,,,,,0.10551636999619,0.194011768434903,0.332753748229994,0.579836182555644,0.929016657234873,1.52188579764437,2.26562238675469,2.96686586108371,3.70058566751195,4.39251750104624,5.1386120006757,6.94840550079784,9.77822977187633,12.7942827186893,17.1155605043021,22.6537699176825,,,,Mexico,CO2
GCAM 5.3,R_BAU,MEX,Emissions|CO2|Energy|Supply|Liquids,Mt CO2/yr,,,,45.2625908784544,,,44.5272143900451,,,,,47.6362676625915,,44.1960794200596,,,,,46.0368208960479,47.0829231094263,47.2558364306577,45.6736911072321,43.2831957036774,41.7772651412344,42.7415077772951,45.2209349603452,48.1902925067941,52.0145203213674,56.3959696278974,61.840091031472,67.8197156476685,73.4797300735092,78.9801919145439,84.8548209805567,,,,Mexico,CO2
GCAM 5.3,R_BAU,MEX,Emissions|CO2|Energy|Supply|Solids,Mt CO2/yr,,,,0.0,,,-1.46666737426144e-06,,,,,0.0,,-9.89998913227226e-06,,,,,-7.33333527625946e-07,-3.66666657835693e-07,0.0,-1.83332665890138e-05,0.0,-4.76665571657563e-06,-1.75999254493031e-05,-3.29999661685201e-06,0.0,-5.1333297490663e-06,-8.79999151379915e-06,0.0,0.0,-1.57665969649735e-05,-1.17332937659963e-05,0.0,,,,Mexico,CO2
GCAM 5.3,R_BAU,MEX,Emissions|CO2|Industrial Processes,Mt CO2/yr,,,,27.7716172304601,,,25.8214632638587,,,,,25.5799365363642,,27.9007888044186,,,,,30.3345877423351,32.8990119408556,35.19632930312,37.1507647960635,38.7438004185065,40.0412134062723,41.2373944474337,42.3703762395591,43.429233146897,44.438527602946,45.3423525270139,45.9801330244686,46.3339302227033,46.5344639396474,46.6362555119069,46.5942542030521,,,,Mexico,CO2
GCAM 5.3,R_BAU,MEX,Emissions|N2O|AFOLU,Mt CO2e/yr,,,,23.974382628675,,,25.199776825791474,,,,,26.067733764864816,,28.283549843818538,,,,,30.61399070660822,33.07345228360746,35.12252531260091,36.893836367108996,38.56587468399065,40.112718588683286,41.453755266719796,42.52420251332826,43.430957816406064,44.15631133672258,44.76355930885375,45.28967050902786,45.68970687695287,45.96897559935408,46.147725808060144,46.187116721165786,,,,Mexico,N2O
GCAM 5.3,R_MAC_30_n0,MEX,Carbon Sequestration|CCS|Biomass,Mt CO2/yr,,,,0.0,,,0.0,,,,,0.0,,0.0,,,,,79.1620626965505,492.725073926518,420.824828365726,425.784092796568,444.45584898733,484.289071895164,493.553387413809,466.928228045106,455.767641244643,459.929072396447,449.56954436571,431.791596873457,400.376828862163,368.441608104063,360.989966839691,353.648461707632,,,,Mexico,
GCAM 5.3,R_MAC_30_n0,MEX,Emissions|CH4|AFOLU,Mt CO2e/yr,,,,51.948436579356525,,,54.182490226063365,,,,,53.84379745888416,,56.832503544549596,,,,,58.37837527805836,49.47745931566256,54.0715032138204,55.04335600003044,55.5669084430768,55.906784491961204,55.78274298673524,56.07801277036364,56.30865140243,56.46920989471467,56.571594335412804,56.55780086588856,56.646881434815285,56.6817543350884,56.50046546909268,56.30370004555155,,,,Mexico,CH4
GCAM 5.3,R_MAC_30_n0,MEX,Emissions|CO2|AFOLU,Mt CO2/yr,,,,54.5907646693698,,,-3.94303733921057,,,,,-12.7699740072534,,-15.3215312317446,,,,,81.3147486609582,240.786978819244,-43.867178735792,-35.1239890730547,-28.663601290121,-23.8988435739746,-18.5775026216059,-14.5821750937811,-14.1755180742876,-13.8783925888135,-12.0903303274058,-10.7465207960678,-9.3430056836009,-8.51771228767723,-7.73764988285514,-6.32648610829639,,,,Mexico,CO2
GCAM 5.3,R_MAC_30_n0,MEX,Emissions|CO2|Energy and Industrial Processes,Mt CO2/yr,,,,462.14296993503,,,487.596170428254,,,,,494.126346673001,,524.543729953973,,,,,310.165196852326,-454.674311651655,-269.284051476205,-263.098579941162,-286.647669982472,-355.801885876671,-374.786064855519,-315.531766022998,-287.179870444017,-295.076396616644,-281.787176708715,-257.551073732595,-227.313579007782,-204.949526476007,-200.325471398026,-194.474258348367,,,,Mexico,CO2
GCAM 5.3,R_MAC_30_n0,MEX,Emissions|CO2|Energy|Demand,Mt CO2/yr,,,,265.673891973897,,,295.306627927548,,,,,296.216457901656,,330.594241738359,,,,,273.66277251358,74.2338325990045,142.110756746778,153.865480451578,154.771800445578,142.993601839658,141.599691740413,161.608110926938,172.843262800526,175.349811880912,184.419150293131,192.195259016428,197.73947063861,199.48555709738,204.261134431293,210.907730533105,,,,Mexico,CO2
GCAM 5.3,R_MAC_30_n0,MEX,Emissions|CO2|Energy|Demand|Industry,Mt CO2/yr,,,,94.4964288322009,,,104.932607206498,,,,,104.712251253166,,123.302366197757,,,,,88.5949323285065,23.1679338626995,43.4884551922328,40.2947473083843,36.2868800919941,30.2113541360132,24.5873117020516,21.6414763890486,20.1731815378895,21.4905466706168,25.1545798422671,26.4480852664533,27.0506674270599,27.522723802354,28.8947256080133,31.7915790183893,,,,Mexico,CO2
GCAM 5.3,R_MAC_30_n0,MEX,Emissions|CO2|Energy|Demand|Residential and Commercial,Mt CO2/yr,,,,27.2937293409818,,,26.4858842520042,,,,,25.181640073916,,29.8658830528049,,,,,19.5088975449294,2.90050339350545,6.83114488721235,6.76177613923672,6.05894758432514,4.63805473193934,3.9065443161027,4.38845989101799,4.26779604398597,3.54642233719273,3.06433508077951,2.71182253029168,2.32236477885625,1.84365040038554,1.50026265642135,1.26884568458011,,,,Mexico,CO2
GCAM 5.3,R_MAC_30_n0,MEX,Emissions|CO2|Energy|Demand|Residential and Commercial|Commercial,Mt CO2/yr,,,,4.99772319463178,,,5.00320911984176,,,,,5.38167889297654,,6.558927949863,,,,,3.88508542377413,0.499565344941002,1.21829045485662,1.16435824973396,1.02166180514965,0.774889290399327,0.635108968397145,0.685251988565997,0.652597658874028,0.539109499625411,0.463809708650473,0.409706509171802,0.352243242082859,0.282922653653496,0.232823122682606,0.198379707912608,,,,Mexico,CO2
GCAM 5.3,R_MAC_30_n0,MEX,Emissions|CO2|Energy|Demand|Residential and Commercial|Residential,Mt CO2/yr,,,,22.2960061463501,,,21.4826751321624,,,,,19.7999611809395,,23.3069551029419,,,,,15.6238121211553,2.40093804856445,5.61285443235574,5.59741788950276,5.03728577917549,3.86316544154002,3.27143534770556,3.70320790245199,3.61519838511194,3.00731283756732,2.60052537212903,2.30211602111988,1.97012153677339,1.56072774673204,1.26743953373875,1.0704659766675,,,,Mexico,CO2
GCAM 5.3,R_MAC_30_n0,MEX,Emissions|CO2|Energy|Demand|Transportation,Mt CO2/yr,,,,143.883733800714,,,163.888136469046,,,,,166.322566574574,,177.425992487797,,,,,165.558942640144,48.1653953427995,91.7911566673331,106.808957003957,112.425972769259,108.144192971706,113.105835722258,135.578174646872,148.40228521865,150.312842873103,156.200235370085,163.035351219683,168.366438432694,170.119182894641,173.866146166859,177.847305830136,,,,Mexico,CO2
GCAM 5.3,R_MAC_30_n0,MEX,Emissions|CO2|Energy|Supply,Mt CO2/yr,,,,168.697460730673,,,166.468079236847,,,,,172.329952234981,,166.048699411196,,,,,28.3359478967887,-514.659899009306,-400.910613082665,-405.368998280115,-425.911914435983,-474.927946273735,-487.667119182349,-452.919295911339,-436.874300276957,-441.301636390316,-432.628412542884,-412.439704822649,-381.790177200099,-351.233436357435,-343.36512575175,-337.269795967893,,,,Mexico,CO2
GCAM 5.3,R_MAC_30_n0,MEX,Emissions|CO2|Energy|Supply|Electricity,Mt CO2/yr,,,,123.434869756596,,,121.940866679534,,,,,124.693684912229,,121.595209600041,,,,,1.98312348625324,-204.587834257132,-192.90793235153,-219.520774645465,-233.920494350854,-243.122183571684,-249.267227089436,-264.103717360448,-273.473690139588,-278.563857544713,-275.03402478645,-260.05822767954,-224.943862090463,-180.872581018786,-169.879879708674,-160.747663317227,,,,Mexico,CO2
GCAM 5.3,R_MAC_30_n0,MEX,Emissions|CO2|Energy|Supply|Gases,Mt CO2/yr,,,,9.56225536903579e-08,,,-3.66065317664208e-07,,,,,-3.39839388396538e-07,,0.0357567490823909,,,,,0.004647233881298,4.01098744467723e-05,0.000821996868076,0.0008804858319526,0.0009056758569985,0.0009035196577067,0.000605174703067,0.000404723750039,0.0003541606801384,0.0003370270997752,0.0003058578175168,0.0002877848241592,0.0002693471945688,0.0002556173272862,0.0002266074565075,0.0002463013384997,,,,Mexico,CO2
GCAM 5.3,R_MAC_30_n0,MEX,Emissions|CO2|Energy|Supply|Liquids,Mt CO2/yr,,,,45.2625908784544,,,44.5272143900451,,,,,47.6362676625915,,44.1960794200596,,,,,27.9110716534584,-286.988513245368,-197.730635593625,-177.528074039797,-186.551093388101,-227.66264546184,-233.342785684695,-176.074945818451,-143.41583146689,-146.028118760385,-143.961500876612,-140.257905747012,-145.694913566537,-159.536602503481,-163.988948109783,-167.360711862312,,,,Mexico,CO2
GCAM 5.3,R_MAC_30_n0,MEX,Emissions|CO2|Energy|Supply|Solids,Mt CO2/yr,,,,0.0,,,-1.46666737426144e-06,,,,,0.0,,-9.89998913227226e-06,,,,,0.0,0.0,0.0,0.0,-3.66665044450073e-06,-7.33330530151996e-07,-7.33334502186879e-08,0.0,-1.0266665131896e-06,0.0,-2.05332149665532e-06,0.0,0.0,-1.57666101809133e-06,0.0,-9.89996180126055e-07,,,,Mexico,CO2
GCAM 5.3,R_MAC_30_n0,MEX,Emissions|CO2|Industrial Processes,Mt CO2/yr,,,,27.7716172304601,,,25.8214632638587,,,,,25.5799365363642,,27.9007888044186,,,,,8.16647644195699,-14.2482452413534,-10.4841951403186,-11.5950621126255,-15.5075559920681,-23.8675414425938,-28.7186374135822,-24.2205810385974,-23.148832967586,-29.1245721072398,-33.5779144589624,-37.3066279263745,-43.2628724462934,-53.2016472159525,-61.2214800775703,-68.1121929135786,,,,Mexico,CO2
GCAM 5.3,R_MAC_30_n0,MEX,Emissions|N2O|AFOLU,Mt CO2e/yr,,,,23.974382628675,,,25.199776825791474,,,,,26.067733764864816,,28.052364262861577,,,,,32.553842654837055,38.24378972455723,39.66795314196023,40.654695903968054,41.51348201846582,42.314718418232175,42.78706822413578,43.271927204413906,43.73596606464294,44.17608703558514,44.38911339809993,44.656113537996056,44.90753253336633,45.153995767085476,45.37398538455728,45.542895290488595,,,,Mexico,N2O
GCAM 5.3,R_MAC_30_n8,MEX,Carbon Sequestration|CCS|Biomass,Mt CO2/yr,,,,0.0,,,0.0,,,,,0.0,,0.0,,,,,138.957621165843,587.418101256547,556.244531334387,557.000797505782,548.734514703562,542.63179484749,547.87242642874,546.944082214831,546.840813370307,546.317823611064,539.477101228868,527.001232303474,496.463219595545,466.914348453963,451.625337004312,440.504612020024,,,,Mexico,
GCAM 5.3,R_MAC_30_n8,MEX,Emissions|CH4|AFOLU,Mt CO2e/yr,,,,51.948436579356525,,,54.182490226063365,,,,,53.84379745888416,,56.832503544549596,,,,,57.267269365933764,42.342018648205354,47.63140647199676,48.28414177708492,48.81450643617156,49.54391668126992,49.551350122778004,49.70261575972,49.85401755567436,50.03865943164984,50.22349677108792,50.35634157966888,50.52979513388212,50.628212095118556,50.648097301735916,50.62635334413944,,,,Mexico,CH4
GCAM 5.3,R_MAC_30_n8,MEX,Emissions|CO2|AFOLU,Mt CO2/yr,,,,54.5907646693698,,,-3.94303733921057,,,,,-12.7699740072534,,-15.3215312317446,,,,,121.085493458258,240.936400875471,-46.1238468708679,-38.9091906933017,-31.7318606020673,-26.5057244740013,-22.6997268194448,-19.5602215214006,-17.874190553225,-16.4242344509852,-14.6971535451262,-13.2542299970294,-11.6682002572293,-10.3310503990562,-9.06001237064294,-7.72729657940641,,,,Mexico,CO2
GCAM 5.3,R_MAC_30_n8,MEX,Emissions|CO2|Energy and Industrial Processes,Mt CO2/yr,,,,462.14296993503,,,487.596170428254,,,,,494.126346673001,,524.543729953973,,,,,194.20141994572,-629.06615001371,-543.394608662508,-531.342254600577,-503.699028262306,-491.917679549404,-507.282192720167,-491.815738794784,-480.000114904585,-476.261069136171,-467.336170443558,-458.707427964001,-438.430678494907,-410.400725972597,-396.303818639243,-387.226432080962,,,,Mexico,CO2
GCAM 5.3,R_MAC_30_n8,MEX,Emissions|CO2|Energy|Demand,Mt CO2/yr,,,,265.673891973897,,,295.306627927548,,,,,296.216457901656,,330.594241738359,,,,,242.308098996517,24.4415514413008,62.7293080343974,72.6523160274335,83.1165437699371,87.6883264329207,85.4633001016099,96.9729389681068,105.962167558969,111.82916181218,116.478181391282,118.303409009243,119.571074149124,124.532300814243,129.800500010064,135.341521709523,,,,Mexico,CO2
GCAM 5.3,R_MAC_30_n8,MEX,Emissions|CO2|Energy|Demand|Industry,Mt CO2/yr,,,,94.4964288322009,,,104.932607206498,,,,,104.712251253166,,123.302366197757,,,,,75.9915432580925,6.84922986649319,16.0350886056659,13.1146726849693,11.4222796610857,9.64399165398384,7.43663477247404,6.25454322765828,5.40552413206288,4.91517673052074,4.39221126309759,4.1468018810563,4.36663291883599,4.92165353143852,5.07062516681017,5.4245397833497,,,,Mexico,CO2
GCAM 5.3,R_MAC_30_n8,MEX,Emissions|CO2|Energy|Demand|Residential and Commercial,Mt CO2/yr,,,,27.2937293409818,,,26.4858842520042,,,,,25.181640073916,,29.8658830528049,,,,,16.1569075555082,0.436839142619645,1.79536342542018,1.71153231813016,1.69338890085362,1.38054873164824,0.871563771670294,0.987824034774573,1.05434921621153,1.02797426212736,0.939199626842378,0.759375531035632,0.535426253347361,0.408392997473621,0.333104182765997,0.269597115058154,,,,Mexico,CO2
GCAM 5.3,R_MAC_30_n8,MEX,Emissions|CO2|Energy|Demand|Residential and Commercial|Commercial,Mt CO2/yr,,,,4.99772319463178,,,5.00320911984176,,,,,5.38167889297654,,6.558927949863,,,,,3.13020262437504,0.0722383170816407,0.29549752889874,0.266056607888936,0.252739320400602,0.203010051456374,0.129433548048424,0.141329150994657,0.14814109579477,0.144600528632404,0.13212413763597,0.10818101414312,0.0784634576965158,0.0614374246550209,0.0513066879713163,0.0425296355333411,,,,Mexico,CO2
GCAM 5.3,R_MAC_30_n8,MEX,Emissions|CO2|Energy|Demand|Residential and Commercial|Residential,Mt CO2/yr,,,,22.2960061463501,,,21.4826751321624,,,,,19.7999611809395,,23.3069551029419,,,,,13.0267049311332,0.364600825538004,1.49986589652144,1.44547571024122,1.44064958045302,1.17753868019187,0.74213022362187,0.846494883779917,0.906208120416757,0.883373733494951,0.807075489206407,0.651194516892513,0.456962795650845,0.3469555728186,0.281797494794681,0.227067479524813,,,,Mexico,CO2
GCAM 5.3,R_MAC_30_n8,MEX,Emissions|CO2|Energy|Demand|Transportation,Mt CO2/yr,,,,143.883733800714,,,163.888136469046,,,,,166.322566574574,,177.425992487797,,,,,150.159648182917,17.155482432188,44.8988560033113,57.8261110243341,70.0008752079978,76.6637860472886,77.1551015574656,89.730571705674,99.5022942106946,105.886010819532,111.146770501342,113.397231597151,114.669014976941,119.202254285331,124.396770660488,129.647384811116,,,,Mexico,CO2
GCAM 5.3,R_MAC_30_n8,MEX,Emissions|CO2|Energy|Supply,Mt CO2/yr,,,,168.697460730673,,,166.468079236847,,,,,172.329952234981,,166.048699411196,,,,,-53.9132931065621,-633.74459026412,-586.125808762442,-581.169741282732,-561.55381438085,-549.006568790661,-553.442425460406,-548.495418362319,-545.439920481126,-545.774855180394,-538.481405638063,-524.203562073417,-493.469787641283,-461.554089415898,-444.96344671592,-433.840267177475,,,,Mexico,CO2
GCAM 5.3,R_MAC_30_n8,MEX,Emissions|CO2|Energy|Supply|Electricity,Mt CO2/yr,,,,123.434869756596,,,121.940866679534,,,,,124.693684912229,,121.595209600041,,,,,-51.5215829535716,-222.573701816614,-251.450084751911,-279.664966686405,-290.455103640991,-299.957559406193,-301.002297509499,-309.829643465554,-318.605210442065,-327.604790468921,-330.378669891751,-319.1376342014,-283.971825827543,-257.692560656187,-243.86438117002,-235.325785917395,,,,Mexico,CO2
GCAM 5.3,R_MAC_30_n8,MEX,Emissions|CO2|Energy|Supply|Gases,Mt CO2/yr,,,,9.56225536903579e-08,,,-3.66065317664208e-07,,,,,-3.39839388396538e-07,,0.0357567490823909,,,,,0.002465917384808,8.07408119405762e-07,4.8107560232393e-05,3.61087041952584e-05,3.07765824103748e-05,2.9595637639609e-05,2.19843692133557e-05,1.47510451417813e-05,1.07715594285583e-05,8.22239017741231e-06,6.96886133834211e-06,6.66750918355541e-06,6.56310426535941e-06,6.30279405972285e-06,5.24126431945355e-06,4.44261642924249e-06,,,,Mexico,CO2
GCAM 5.3,R_MAC_30_n8,MEX,Emissions|CO2|Energy|Supply|Liquids,Mt CO2/yr,,,,45.2625908784544,,,44.5272143900451,,,,,47.6362676625915,,44.1960794200596,,,,,0.280535699425119,-317.538960932911,-303.155866517611,-271.7851879858,-238.747126280528,-226.562678448584,-233.648920238952,-200.999210597461,-173.259301079026,-161.640882402399,-155.186790554654,-160.237426266144,-174.622647921521,-177.448601480931,-177.613948054734,-178.904096451033,,,,Mexico,CO2
GCAM 5.3,R_MAC_30_n8,MEX,Emissions|CO2|Energy|Supply|Solids,Mt CO2/yr,,,,0.0,,,-1.46666737426144e-06,,,,,0.0,,-9.89998913227226e-06,,,,,-2.19999830252655e-06,-1.90665458705361e-06,0.0,0.0,0.0,-1.06333119731735e-06,-7.69996525539773e-07,-7.33332994042943e-08,-1.46666413707233e-07,0.0,-1.83333346443306e-07,-2.93333457062679e-07,0.0,0.0,0.0,0.0,,,,Mexico,CO2
GCAM 5.3,R_MAC_30_n8,MEX,Emissions|CO2|Industrial Processes,Mt CO2/yr,,,,27.7716172304601,,,25.8214632638587,,,,,25.5799365363642,,27.9007888044186,,,,,5.80661405576489,-19.7631111908906,-19.9981079344633,-22.8248293452789,-25.2617576513928,-30.599437191664,-39.3030673613707,-40.293259400572,-40.5223619824286,-42.3153757679573,-45.3329461967773,-52.8072748998257,-64.5319650027475,-73.3789373709427,-81.1408719333873,-88.7276866130111,,,,Mexico,CO2
GCAM 5.3,R_MAC_30_n8,MEX,Emissions|N2O|AFOLU,Mt CO2e/yr,,,,23.974382628675,,,25.199776825791474,,,,,26.067733764864816,,28.052364262861577,,,,,33.580023891506,37.587883041360016,39.05560037396254,39.82061904935915,40.578543858066396,41.40838859395138,41.852880625510224,42.282686049895204,42.708831543026655,43.117105023966786,43.35709718407213,43.62744786838756,43.91022041088966,44.19529124232277,44.42219410580051,44.609217863440776,,,,Mexico,N2O
GCAM 5.3,R_MAC_35_n0,MEX,Carbon Sequestration|CCS|Biomass,Mt CO2/yr,,,,0.0,,,0.0,,,,,0.0,,0.0,,,,,33.8461758747248,173.173579637518,484.031710140679,425.083281212494,428.555843009215,463.891524150713,497.084143682057,481.481028972331,463.956102191273,465.031984692779,455.122278954906,436.89754666977,407.810439413035,380.987530438098,358.771140680129,350.340630477646,,,,Mexico,
GCAM 5.3,R_MAC_35_n0,MEX,Emissions|CH4|AFOLU,Mt CO2e/yr,,,,51.948436579356525,,,54.182490226063365,,,,,53.84379745888416,,56.832503544549596,,,,,59.767807304242524,59.66539986942249,51.264226331016445,55.3557529274442,55.928587932651006,56.19336522358637,55.82420343172568,55.967881525677804,56.22242281354328,56.37927243130896,56.429263428980406,56.48638777135703,56.53423204987152,56.58106783089264,56.49332037141603,56.311658905586846,,,,Mexico,CH4
GCAM 5.3,R_MAC_35_n0,MEX,Emissions|CO2|AFOLU,Mt CO2/yr,,,,54.5907646693698,,,-3.94303733921057,,,,,-12.7699740072534,,-15.3215312317446,,,,,41.0958343380559,106.868374084908,136.874943957333,-39.259531944888,-31.381986355657,-26.2609045269153,-20.5589565931271,-15.8051126722361,-13.7232016289174,-13.505916083076,-12.2461187701873,-10.7719215871339,-9.45690597454732,-8.57151787593955,-7.62254547427182,-6.52473487137323,,,,Mexico,CO2
GCAM 5.3,R_MAC_35_n0,MEX,Emissions|CO2|Energy and Industrial Processes,Mt CO2/yr,,,,462.14296993503,,,487.596170428254,,,,,494.126346673001,,524.543729953973,,,,,410.650573380846,149.817624112866,-407.767500131543,-265.948230129729,-260.440425036689,-319.430678130822,-383.135620556305,-350.182486880995,-308.530168148188,-306.998260921912,-294.851326804933,-267.915382693812,-234.469368905692,-210.913682447489,-198.137901223149,-192.648478840452,,,,Mexico,CO2
GCAM 5.3,R_MAC_35_n0,MEX,Emissions|CO2|Energy|Demand,Mt CO2/yr,,,,265.673891973897,,,295.306627927548,,,,,296.216457901656,,330.594241738359,,,,,300.355113796327,242.384572822223,103.13940475165,153.871718893602,161.931160902688,152.969540407139,139.720867781929,151.833035773961,166.142012004877,171.209119856831,179.792077259397,191.110793275183,198.973814609478,203.632423647889,205.422060235592,210.713224410219,,,,Mexico,CO2
GCAM 5.3,R_MAC_35_n0,MEX,Emissions|CO2|Energy|Demand|Industry,Mt CO2/yr,,,,94.4964288322009,,,104.932607206498,,,,,104.712251253166,,123.302366197757,,,,,102.556923581781,77.1304219147638,28.118037268287,40.1612048085212,37.12376445842,31.5727428097905,24.7163870664393,21.2071748848385,19.5490068454679,21.0146200366399,25.3505808876189,28.6759786727641,29.5602998262994,29.83137345899,30.3137888012282,32.4493471851638,,,,Mexico,CO2
GCAM 5.3,R_MAC_35_n0,MEX,Emissions|CO2|Energy|Demand|Residential and Commercial,Mt CO2/yr,,,,27.2937293409818,,,26.4858842520042,,,,,25.181640073916,,29.8658830528049,,,,,23.0108260841664,16.2626049075926,4.32888171773587,6.9137807970235,6.58195565575237,5.32458065992287,3.82375905481621,3.87777179800037,3.86061920927961,3.2865760265189,2.77032098464853,2.50017653567622,2.19735557703939,1.83988990171036,1.46745742101268,1.23536643865219,,,,Mexico,CO2
GCAM 5.3,R_MAC_35_n0,MEX,Emissions|CO2|Energy|Demand|Residential and Commercial|Commercial,Mt CO2/yr,,,,4.99772319463178,,,5.00320911984176,,,,,5.38167889297654,,6.558927949863,,,,,4.73845678547474,3.14488373670563,0.74580215156337,1.19442000680833,1.10587972532985,0.884437088746181,0.624396574173135,0.612422409475694,0.592626158788718,0.500185293612386,0.420180617680033,0.378811130596129,0.333442392311623,0.28158147236306,0.228095657983061,0.19376921336195,,,,Mexico,CO2
GCAM 5.3,R_MAC_35_n0,MEX,Emissions|CO2|Energy|Demand|Residential and Commercial|Residential,Mt CO2/yr,,,,22.2960061463501,,,21.4826751321624,,,,,19.7999611809395,,23.3069551029419,,,,,18.2723692986917,13.117721170887,3.5830795661725,5.71936079021517,5.47607593042252,4.44014357117669,3.19936248064307,3.26534938852468,3.2679930504909,2.78639073290651,2.3501403669685,2.12136540508009,1.86391318472777,1.5583084293473,1.23936176302961,1.04159722529024,,,,Mexico,CO2
GCAM 5.3,R_MAC_35_n0,MEX,Emissions|CO2|Energy|Demand|Transportation,Mt CO2/yr,,,,143.883733800714,,,163.888136469046,,,,,166.322566574574,,177.425992487797,,,,,174.787364130379,148.991545999866,70.6924857656276,106.796733288057,118.225440788516,116.072216937425,111.180721660674,126.748089091122,142.73238595013,146.907923793672,151.67117538713,159.934638066743,167.216159206139,171.961160287189,173.640814013351,177.028510786403,,,,Mexico,CO2
GCAM 5.3,R_MAC_35_n0,MEX,Emissions|CO2|Energy|Supply,Mt CO2/yr,,,,168.697460730673,,,166.468079236847,,,,,172.329952234981,,166.048699411196,,,,,100.236568203757,-96.1170406120868,-495.901103366913,-408.215780725724,-408.935801189978,-451.779583444891,-493.320403581731,-472.951574952591,-447.693100319401,-446.518729062631,-437.536069339803,-418.663180193738,-388.773342305871,-362.657081880917,-341.412016199985,-333.828794105779,,,,Mexico,CO2
GCAM 5.3,R_MAC_35_n0,MEX,Emissions|CO2|Energy|Supply|Electricity,Mt CO2/yr,,,,123.434869756596,,,121.940866679534,,,,,124.693684912229,,121.595209600041,,,,,60.8860814208149,-63.4202963706274,-212.081608627957,-216.776696104365,-231.870399566625,-244.31652015751,-251.160931655102,-258.789756370536,-269.272926370384,-275.445025370479,-270.192646938131,-260.248504129157,-232.441528934695,-199.85615671251,-165.278515871094,-153.670543456828,,,,Mexico,CO2
GCAM 5.3,R_MAC_35_n0,MEX,Emissions|CO2|Energy|Supply|Gases,Mt CO2/yr,,,,9.56225536903579e-08,,,-3.66065317664208e-07,,,,,-3.39839388396538e-07,,0.0357567490823909,,,,,0.0094937072162539,0.0039053417177252,0.0002142880594988,0.0008155853969654,0.0008395425301704,0.0008715865050772,0.0006205284656644,0.0003966404844504,0.0003321001429485,0.0003384318280996,0.0003217767107563,0.0002852115932739,0.0002641953428202,0.0002487456911747,0.0002295753040307,0.0002652863314047,,,,Mexico,CO2
GCAM 5.3,R_MAC_35_n0,MEX,Emissions|CO2|Energy|Supply|Liquids,Mt CO2/yr,,,,45.2625908784544,,,44.5272143900451,,,,,47.6362676625915,,44.1960794200596,,,,,39.9880670151529,-27.4425567946093,-258.928365430278,-180.144823298163,-169.528568842593,-202.514356426893,-237.568612890892,-205.664367573741,-163.942497325282,-155.432893308446,-154.247970140538,-147.163167904522,-146.21888783806,-153.361014396342,-166.333831572703,-170.750772324405,,,,Mexico,CO2
GCAM 5.3,R_MAC_35_n0,MEX,Emissions|CO2|Energy|Supply|Solids,Mt CO2/yr,,,,0.0,,,-1.46666737426144e-06,,,,,0.0,,-9.89998913227226e-06,,,,,0.0,-1.28332932824463e-05,-1.1000003165401e-06,0.0,0.0,-2.56666480083431e-06,-1.13666546238423e-06,-1.53999752027692e-06,0.0,0.0,-6.59997530414809e-07,-7.69997235359402e-07,-1.06332826483809e-06,0.0,0.0,0.0,,,,Mexico,CO2
GCAM 5.3,R_MAC_35_n0,MEX,Emissions|CO2|Industrial Processes,Mt CO2/yr,,,,27.7716172304601,,,25.8214632638587,,,,,25.5799365363642,,27.9007888044186,,,,,10.0588913807618,3.55009190272961,-15.0058015162806,-11.6041682976074,-13.4357847493991,-20.620635093069,-29.5360847565034,-29.0639477023649,-26.9790798336645,-31.6886517161116,-37.1073347245273,-40.3629957752573,-44.6698412092985,-51.8890242144613,-62.1479452587559,-69.5329091448916,,,,Mexico,CO2
GCAM 5.3,R_MAC_35_n0,MEX,Emissions|N2O|AFOLU,Mt CO2e/yr,,,,23.974382628675,,,25.199776825791474,,,,,26.067733764864816,,28.052364262861577,,,,,31.904637731503993,36.81923806722006,39.34009254605048,40.6233839031556,41.50563202096065,42.32615315524596,42.78660865550308,43.26503003107795,43.738259730028766,44.17086275281353,44.44214071728768,44.65423027894674,44.90959364692328,45.136742162594075,45.37378001649156,45.54500120666796,,,,Mexico,N2O
GCAM 5.3,R_MAC_35_n8,MEX,Carbon Sequestration|CCS|Biomass,Mt CO2/yr,,,,0.0,,,0.0,,,,,0.0,,0.0,,,,,49.4777658006052,311.620704731779,582.235883933127,554.646917208276,546.905291111542,535.053405953261,536.818850985341,547.54659204728,544.304564305547,546.693590177674,541.823473654975,524.393434235964,496.548265068767,470.147367955432,445.94785230232,433.142640977864,,,,Mexico,
GCAM 5.3,R_MAC_35_n8,MEX,Emissions|CH4|AFOLU,Mt CO2e/yr,,,,51.948436579356525,,,54.182490226063365,,,,,53.84379745888416,,56.832503544549596,,,,,59.32496433681831,56.09778321324324,45.03969108978164,48.32826504777404,48.851235711903236,49.58340467818724,49.59321889980388,49.634143375276324,49.795662595124604,49.95562449840228,50.15608715451236,50.37856953661084,50.518495394162876,50.62566299815052,50.66743893032052,50.64585503715108,,,,Mexico,CH4
GCAM 5.3,R_MAC_35_n8,MEX,Emissions|CO2|AFOLU,Mt CO2/yr,,,,54.5907646693698,,,-3.94303733921057,,,,,-12.7699740072534,,-15.3215312317446,,,,,55.1878371052207,176.29863490786,89.4558868784227,-41.063669655813,-34.4372956851427,-28.3698701295309,-23.8808471305595,-20.6751190322766,-17.8957613632092,-16.3924513528689,-14.6974651450365,-13.1709768897585,-11.586769925052,-10.1823861311194,-8.94149758711661,-7.7375723868424,,,,Mexico,CO2
GCAM 5.3,R_MAC_35_n8,MEX,Emissions|CO2|Energy and Industrial Processes,Mt CO2/yr,,,,462.14296993503,,,487.596170428254,,,,,494.126346673001,,524.543729953973,,,,,374.327512440044,-115.783346050496,-600.832918402083,-529.412546507522,-500.114095020304,-477.327403024973,-484.656216745937,-499.336224920543,-481.552463498188,-476.326548453394,-470.218844146847,-462.526069223266,-441.249326626708,-416.25142032327,-392.548304690862,-381.326809069877,,,,Mexico,CO2
GCAM 5.3,R_MAC_35_n8,MEX,Emissions|CO2|Energy|Demand,Mt CO2/yr,,,,265.673891973897,,,295.306627927548,,,,,296.216457901656,,330.594241738359,,,,,290.757269598784,165.719154545874,43.5216685108562,72.6797746722214,84.982313491887,92.1921425566809,91.7498247441674,92.9637240759745,103.89960670046,111.088611537819,116.194714994575,116.416989817899,119.198180953607,124.627011668878,130.450695334576,135.848345837786,,,,Mexico,CO2
GCAM 5.3,R_MAC_35_n8,MEX,Emissions|CO2|Energy|Demand|Industry,Mt CO2/yr,,,,94.4964288322009,,,104.932607206498,,,,,104.712251253166,,123.302366197757,,,,,97.1461603273676,54.0035095486361,9.61156317777163,12.9205595358485,11.3226879081018,9.75545783775137,7.74434357534996,6.09411209935285,5.32532716958887,4.82574734116465,4.35904545185878,4.59743156153204,5.20145046258521,5.73277033389606,6.05424325694302,6.19107458386811,,,,Mexico,CO2
GCAM 5.3,R_MAC_35_n8,MEX,Emissions|CO2|Energy|Demand|Residential and Commercial,Mt CO2/yr,,,,27.2937293409818,,,26.4858842520042,,,,,25.181640073916,,29.8658830528049,,,,,21.6691835671691,9.46560446851884,0.878648693198981,1.73891615164668,1.8082955074743,1.61446833524461,1.16475702849087,0.857713125139764,0.970867644086345,0.997435012925881,0.921913165667666,0.6674789020302,0.471921000176994,0.36371233365644,0.298846777659434,0.24497864685424,,,,Mexico,CO2
GCAM 5.3,R_MAC_35_n8,MEX,Emissions|CO2|Energy|Demand|Residential and Commercial|Commercial,Mt CO2/yr,,,,4.99772319463178,,,5.00320911984176,,,,,5.38167889297654,,6.558927949863,,,,,4.40393556063227,1.76200760430503,0.140334347523101,0.2697997823329,0.268310471954276,0.234136783198407,0.168070339827165,0.124190036700525,0.137122524027706,0.140292866998911,0.129635891219158,0.096230862046705,0.0702050675962892,0.0556349486315501,0.0469014828192835,0.0393959667089449,,,,Mexico,CO2
GCAM 5.3,R_MAC_35_n8,MEX,Emissions|CO2|Energy|Demand|Residential and Commercial|Residential,Mt CO2/yr,,,,22.2960061463501,,,21.4826751321624,,,,,19.7999611809395,,23.3069551029419,,,,,17.2652480065369,7.7035968642138,0.738314345675879,1.46911636931378,1.53998503552003,1.38033155204621,0.996686688663701,0.733523088439239,0.833745120058638,0.857142145926969,0.792277274448507,0.571248039983495,0.401715932580705,0.30807738502489,0.251945294840151,0.205582680145295,,,,Mexico,CO2
GCAM 5.3,R_MAC_35_n8,MEX,Emissions|CO2|Energy|Demand|Transportation,Mt CO2/yr,,,,143.883733800714,,,163.888136469046,,,,,166.322566574574,,177.425992487797,,,,,171.941925704247,102.250040528719,33.0314566398856,58.0202989847262,71.8513300763109,80.8222163836849,82.8407241403266,86.0118988514819,97.6034118867845,105.265429183729,110.913756377048,111.152079354337,113.524809490845,118.530529001325,124.097605299974,129.412292607064,,,,Mexico,CO2
GCAM 5.3,R_MAC_35_n8,MEX,Emissions|CO2|Energy|Supply,Mt CO2/yr,,,,168.697460730673,,,166.468079236847,,,,,172.329952234981,,166.048699411196,,,,,74.2328719433471,-276.79151439783,-621.916644939822,-579.307841291799,-560.633129384308,-541.335765195087,-541.094121554492,-549.818686361787,-543.261606038595,-544.640487653161,-540.957839926936,-522.184443822036,-492.703440764113,-464.494051594861,-439.043341056315,-425.864855898548,,,,Mexico,CO2
GCAM 5.3,R_MAC_35_n8,MEX,Emissions|CO2|Energy|Supply|Electricity,Mt CO2/yr,,,,123.434869756596,,,121.940866679534,,,,,124.693684912229,,121.595209600041,,,,,38.297581018056,-129.515191875165,-253.84879788424,-275.407929443813,-287.395764727923,-300.503052103486,-306.252272425395,-307.146418494708,-317.534131450377,-326.528213795798,-333.615034608124,-317.183000059848,-286.082575284656,-258.826653342076,-235.138121574238,-224.418419511691,,,,Mexico,CO2
GCAM 5.3,R_MAC_35_n8,MEX,Emissions|CO2|Energy|Supply|Gases,Mt CO2/yr,,,,9.56225536903579e-08,,,-3.66065317664208e-07,,,,,-3.39839388396538e-07,,0.0357567490823909,,,,,0.0072146928857031,0.0011317743211666,9.57361705810534e-06,3.7413823943928e-05,2.99661939090211e-05,2.98121986173717e-05,2.2263398129763e-05,1.48004316837788e-05,1.11167028422456e-05,9.13936515852697e-06,7.61375818967713e-06,7.49554684152551e-06,7.09608243473554e-06,6.48778700621278e-06,5.76103846369091e-06,4.97200723681683e-06,,,,Mexico,CO2
GCAM 5.3,R_MAC_35_n8,MEX,Emissions|CO2|Energy|Supply|Liquids,Mt CO2/yr,,,,45.2625908784544,,,44.5272143900451,,,,,47.6362676625915,,44.1960794200596,,,,,36.8835331037626,-137.867422214406,-313.263856003165,-270.208861011121,-232.821732308011,-212.501821011732,-212.297979757921,-211.078767411253,-180.891035146771,-161.931389494278,-154.547498205042,-166.656261546603,-177.426892167518,-181.688561878269,-182.948842918247,-183.339983338429,,,,Mexico,CO2
GCAM 5.3,R_MAC_35_n8,MEX,Emissions|CO2|Energy|Supply|Solids,Mt CO2/yr,,,,0.0,,,-1.46666737426144e-06,,,,,0.0,,-9.89998913227226e-06,,,,,-8.7999846237652e-06,0.0,0.0,-5.1333316984878e-07,0.0,0.0,0.0,-1.46666758120689e-07,-2.5666631451305e-07,-2.56666466104245e-07,0.0,-1.09999755884252e-07,-7.33334445932901e-08,0.0,0.0,-3.66667376268601e-08,,,,Mexico,CO2
GCAM 5.3,R_MAC_35_n8,MEX,Emissions|CO2|Industrial Processes,Mt CO2/yr,,,,27.7716172304601,,,25.8214632638587,,,,,25.5799365363642,,27.9007888044186,,,,,9.3373708979134,-4.71098619854012,-22.4379419731167,-22.7844798879443,-24.4632791278825,-28.183780386567,-35.3119199356128,-42.4812626347303,-42.1904641600533,-42.7746723380523,-45.4557192144858,-56.7586152191288,-67.7440668162021,-76.3843803972866,-83.9556589691234,-91.3102990091158,,,,Mexico,CO2
GCAM 5.3,R_MAC_35_n8,MEX,Emissions|N2O|AFOLU,Mt CO2e/yr,,,,23.974382628675,,,25.199776825791474,,,,,26.067733764864816,,28.052364262861577,,,,,32.1737865658542,37.98987898152228,38.686185604866616,39.80597600736448,40.56105521081087,41.396542695964634,41.85218744257305,42.27134524754559,42.70491768206337,43.10350407242826,43.40208950249418,43.639541618440134,43.92241986231454,44.19266569093822,44.42794244180892,44.61567076753933,,,,Mexico,N2O
GCAM 5.3,R_MAC_40_n0,MEX,Carbon Sequestration|CCS|Biomass,Mt CO2/yr,,,,0.0,,,0.0,,,,,0.0,,0.0,,,,,17.9606677261212,81.913080042954,242.035929999575,452.245928080466,414.354221078949,435.344724186999,470.022205289538,471.074994167299,463.442108649602,464.428650257138,460.750366630446,447.522791001165,423.877570177084,398.040821958014,376.427755057318,351.28152872009,,,,Mexico,
GCAM 5.3,R_MAC_40_n0,MEX,Emissions|CH4|AFOLU,Mt CO2e/yr,,,,51.948436579356525,,,54.182490226063365,,,,,53.84379745888416,,56.832503544549596,,,,,60.2201831651252,62.22484901489219,59.83145779524341,54.33033347079912,56.29879238127508,56.46966188797305,56.031405892495314,56.00887415535412,56.15105292971944,56.3183853449308,56.32748072897148,56.35807548770084,56.426382044224084,56.433156912182675,56.3879930158916,56.30171955343768,,,,Mexico,CH4
GCAM 5.3,R_MAC_40_n0,MEX,Emissions|CO2|AFOLU,Mt CO2/yr,,,,54.5907646693698,,,-3.94303733921057,,,,,-12.7699740072534,,-15.3215312317446,,,,,26.2006772196882,57.7075241665008,99.8453716741311,47.181194441489,-32.5655548700634,-23.6395597209673,-18.8133305755704,-14.9174039617411,-12.3652242196784,-11.6310900433197,-10.9177909039897,-9.74709111369457,-8.60625587093075,-7.84192577151032,-7.05741809563788,-6.25978823292854,,,,Mexico,CO2
GCAM 5.3,R_MAC_40_n0,MEX,Emissions|CO2|Energy and Industrial Processes,Mt CO2/yr,,,,462.14296993503,,,487.596170428254,,,,,494.126346673001,,524.543729953973,,,,,450.404122160384,333.176115517847,36.4327006280326,-333.368171974001,-241.752220284714,-274.508295292505,-337.688999454729,-336.364976247701,-314.709676419457,-309.609802319263,-303.64954129065,-282.95109598472,-252.703240562037,-227.114293353939,-210.382351895359,-192.991647881055,,,,Mexico,CO2
GCAM 5.3,R_MAC_40_n0,MEX,Emissions|CO2|Energy|Demand,Mt CO2/yr,,,,265.673891973897,,,295.306627927548,,,,,296.216457901656,,330.594241738359,,,,,311.593129378641,295.051607615577,223.623494256363,134.188849452444,166.232261453511,162.560360487024,150.00416247638,154.089802791007,162.774361827013,168.978437730093,177.231176029614,188.722118631155,199.020181516826,205.027180372106,208.941250613438,211.943694717408,,,,Mexico,CO2
GCAM 5.3,R_MAC_40_n0,MEX,Emissions|CO2|Energy|Demand|Industry,Mt CO2/yr,,,,94.4964288322009,,,104.932607206498,,,,,104.712251253166,,123.302366197757,,,,,109.403435305657,97.2404529501389,68.9785304951557,32.1270118016461,37.2734222803708,32.4301975657439,25.8052301116793,21.4362541246492,19.0034382955347,20.374517649618,24.9757302346215,29.2962889793522,31.5040509770014,31.9275758477882,32.1411261828335,33.4376865523152,,,,Mexico,CO2
GCAM 5.3,R_MAC_40_n0,MEX,Emissions|CO2|Energy|Demand|Residential and Commercial,Mt CO2/yr,,,,27.2937293409818,,,26.4858842520042,,,,,25.181640073916,,29.8658830528049,,,,,24.6941800345367,21.8230672188447,14.0736940597672,5.73648048471799,6.98466946527387,5.9665245588251,4.49050593368678,4.05869931396282,3.73675267230292,3.1479673571161,2.61889886228395,2.31318281966665,2.05874111663705,1.75604699297329,1.4683206569844,1.22411590275708,,,,Mexico,CO2
GCAM 5.3,R_MAC_40_n0,MEX,Emissions|CO2|Energy|Demand|Residential and Commercial|Commercial,Mt CO2/yr,,,,4.99772319463178,,,5.00320911984176,,,,,5.38167889297654,,6.558927949863,,,,,5.16990687380906,4.37406592924082,2.66988187588173,0.977849459434367,1.17372096521167,0.983850679902247,0.727270436386145,0.641037045659549,0.575585357165552,0.479168374189544,0.397418781541558,0.35094927300121,0.312819676825089,0.268867675904777,0.227654478009826,0.192107179629872,,,,Mexico,CO2
GCAM 5.3,R_MAC_40_n0,MEX,Emissions|CO2|Energy|Demand|Residential and Commercial|Residential,Mt CO2/yr,,,,22.2960061463501,,,21.4826751321624,,,,,19.7999611809395,,23.3069551029419,,,,,19.5242731607276,17.4490012896039,11.4038121838855,4.75863102528362,5.8109485000622,4.98267387892285,3.76323549730063,3.41766226830327,3.16116731513737,2.66879898292655,2.22148008074239,1.96223354666544,1.74592143981196,1.48717931706851,1.24066617897457,1.03200872312721,,,,Mexico,CO2
GCAM 5.3,R_MAC_40_n0,MEX,Emissions|CO2|Energy|Demand|Transportation,Mt CO2/yr,,,,143.883733800714,,,163.888136469046,,,,,166.322566574574,,177.425992487797,,,,,177.495514038447,175.988087446593,140.57126970144,96.3253571660798,121.974169707867,124.163638362455,119.708426431014,128.594849352395,140.034170859175,145.455952723359,149.636546932709,157.112646832136,165.457389423187,171.343557531344,175.33180377362,177.281892262335,,,,Mexico,CO2
GCAM 5.3,R_MAC_40_n0,MEX,Emissions|CO2|Energy|Supply,Mt CO2/yr,,,,168.697460730673,,,166.468079236847,,,,,172.329952234981,,166.048699411196,,,,,127.707360198409,29.6091058864789,-186.168126511266,-453.115630746715,-395.759858006231,-419.793634027833,-462.218021315409,-462.478896291566,-448.874063413312,-445.761371124619,-442.16930664738,-428.875639567827,-405.143135056968,-379.387626130226,-358.47143157174,-335.06786948722,,,,Mexico,CO2
GCAM 5.3,R_MAC_40_n0,MEX,Emissions|CO2|Energy|Supply|Electricity,Mt CO2/yr,,,,123.434869756596,,,121.940866679534,,,,,124.693684912229,,121.595209600041,,,,,85.8581181152293,7.55842756676626,-103.94833778933,-213.918863837777,-220.877648624185,-235.469476239567,-247.063458570412,-255.031754246406,-263.457205534197,-270.510548766115,-270.993983749591,-265.43186150608,-247.367280700865,-218.468067066223,-189.096181847467,-154.053205208796,,,,Mexico,CO2
GCAM 5.3,R_MAC_40_n0,MEX,Emissions|CO2|Energy|Supply|Gases,Mt CO2/yr,,,,9.56225536903579e-08,,,-3.66065317664208e-07,,,,,-3.39839388396538e-07,,0.0357567490823909,,,,,0.0133553820076345,0.0100244311415312,0.0036837314938995,0.0004346733226371,0.0007764084492929,0.0008204459583557,0.0006035493103942,0.0004296851703791,0.0003524766501713,0.0003364155452263,0.000328217803713,0.0002904902887068,0.0002610974593475,0.0002490990512666,0.0002256151205223,0.0002715900627918,,,,Mexico,CO2
GCAM 5.3,R_MAC_40_n0,MEX,Emissions|CO2|Energy|Supply|Liquids,Mt CO2/yr,,,,45.2625908784544,,,44.5272143900451,,,,,47.6362676625915,,44.1960794200596,,,,,42.1814517601252,24.211105296354,-73.0630034141313,-216.781657945113,-162.431838586982,-177.234837348871,-209.418544789786,-199.072918426809,-173.396955233962,-161.191240476288,-158.575419050053,-152.673883610857,-148.479853052848,-152.425156914722,-160.8317154339,-171.403860630825,,,,Mexico,CO2
GCAM 5.3,R_MAC_40_n0,MEX,Emissions|CO2|Energy|Supply|Solids,Mt CO2/yr,,,,0.0,,,-1.46666737426144e-06,,,,,0.0,,-9.89998913227226e-06,,,,,0.0,-1.13666570276524e-05,0.0,-1.46666497071371e-06,0.0,0.0,0.0,0.0,0.0,-1.46666195077403e-06,0.0,-2.93332976404231e-07,0.0,0.0,0.0,0.0,,,,Mexico,CO2
GCAM 5.3,R_MAC_40_n0,MEX,Emissions|CO2|Industrial Processes,Mt CO2/yr,,,,27.7716172304601,,,25.8214632638587,,,,,25.5799365363642,,27.9007888044186,,,,,11.1036325833343,8.51540201579143,-1.02266711706394,-14.4413906797294,-12.2246237319947,-17.2750217516959,-25.475140615701,-27.9758827471423,-28.6099748331574,-32.8268689247368,-38.7114106728844,-42.7975750480475,-46.5802870218951,-52.7538475958188,-60.8521709370562,-69.8674731112429,,,,Mexico,CO2
GCAM 5.3,R_MAC_40_n0,MEX,Emissions|N2O|AFOLU,Mt CO2e/yr,,,,23.974382628675,,,25.199776825791474,,,,,26.067733764864816,,28.052364262861577,,,,,31.600300408825515,35.71185536905296,39.306797116024626,40.42849228200619,41.50336393854351,42.35387320157012,42.82338894023982,43.29130344092845,43.75016678338433,44.17624005263687,44.51754847404774,44.66693504806615,44.918427954521114,45.13122103855064,45.35593519271068,45.54411396803814,,,,Mexico,N2O
GCAM 5.3,R_MAC_40_n8,MEX,Carbon Sequestration|CCS|Biomass,Mt CO2/yr,,,,0.0,,,0.0,,,,,0.0,,0.0,,,,,27.2991553040745,128.540572541172,403.132682304089,562.513671803441,548.125797010681,531.748797394812,529.418005806777,541.567782763934,542.236930757312,543.729463836247,540.11058026932,524.339071774683,496.786208253896,470.697357025051,447.176123037286,427.94077641077,,,,Mexico,
GCAM 5.3,R_MAC_40_n8,MEX,Emissions|CH4|AFOLU,Mt CO2e/yr,,,,51.948436579356525,,,54.182490226063365,,,,,53.84379745888416,,56.832503544549596,,,,,59.94924333683517,60.76432363156989,54.63072518767388,47.51748517969292,48.863917673704556,49.53232175792236,49.53418505004368,49.57041319248508,49.704065815637804,49.86953055411992,50.06366682795016,50.3051309833156,50.4852005317688,50.5974584690316,50.64371072040924,50.62389046019004,,,,Mexico,CH4
GCAM 5.3,R_MAC_40_n8,MEX,Emissions|CO2|AFOLU,Mt CO2/yr,,,,54.5907646693698,,,-3.94303733921057,,,,,-12.7699740072534,,-15.3215312317446,,,,,35.233515292073,82.9215531250039,135.719494741422,10.2618304158277,-34.2665456225679,-26.9419219221262,-22.1883651767845,-19.1397694837336,-16.6465875656079,-15.0495121968516,-13.6851164718432,-12.5019982867188,-10.993982198931,-9.71883997267028,-8.52221342151395,-7.42425882553706,,,,Mexico,CO2
GCAM 5.3,R_MAC_40_n8,MEX,Emissions|CO2|Energy and Industrial Processes,Mt CO2/yr,,,,462.14296993503,,,487.596170428254,,,,,494.126346673001,,524.543729953973,,,,,426.405482698579,237.056991587857,-259.593617274064,-551.884097585047,-502.844530258071,-472.1299032197,-472.261724732763,-489.260146382563,-485.283373173449,-476.403784563508,-468.957138511787,-465.772858362251,-445.05182621583,-419.617539799595,-396.763752062913,-375.087737679926,,,,Mexico,CO2
GCAM 5.3,R_MAC_40_n8,MEX,Emissions|CO2|Energy|Demand,Mt CO2/yr,,,,265.673891973897,,,295.306627927548,,,,,296.216457901656,,330.594241738359,,,,,304.617687742335,267.562069488411,143.436544712132,65.8638686381478,85.6728941317453,94.8570873040013,95.3536309112643,95.5146692177726,101.031111042259,109.457538235243,115.344760516863,115.256270909607,118.661442166836,124.831076975274,131.066695598701,137.714361134376,,,,Mexico,CO2
GCAM 5.3,R_MAC_40_n8,MEX,Emissions|CO2|Energy|Demand|Industry,Mt CO2/yr,,,,94.4964288322009,,,104.932607206498,,,,,104.712251253166,,123.302366197757,,,,,105.114427007536,85.9192253291294,42.3681494533721,10.8559193272355,11.0251833172258,9.5666418564276,7.76956099856796,6.15622246162766,5.20595167466497,4.7279236684218,4.26161813312547,4.72451089274345,6.0847380632419,7.12127057801908,7.46901993598116,8.34770717717977,,,,Mexico,CO2
GCAM 5.3,R_MAC_40_n8,MEX,Emissions|CO2|Energy|Demand|Residential and Commercial,Mt CO2/yr,,,,27.2937293409818,,,26.4858842520042,,,,,25.181640073916,,29.8658830528049,,,,,23.6378416689016,18.7823995210613,7.26947529105268,1.43581722814412,1.88759652707159,1.77924137724016,1.37523166685877,1.01480663363547,0.903576859787135,0.949240879947514,0.897834604964224,0.623625818731865,0.41434149078291,0.306959887719006,0.246198259000494,0.216948983198604,,,,Mexico,CO2
GCAM 5.3,R_MAC_40_n8,MEX,Emissions|CO2|Energy|Demand|Residential and Commercial|Commercial,Mt CO2/yr,,,,4.99772319463178,,,5.00320911984176,,,,,5.38167889297654,,6.558927949863,,,,,4.89809959278471,3.68695920960099,1.30844697468301,0.220092095134815,0.279050726787615,0.255576769300099,0.195330633428555,0.144491450301403,0.128131338614364,0.13371443601402,0.126170222043182,0.090306162122627,0.0626541057656743,0.0482496449422411,0.0400658772004861,0.0357097975669726,,,,Mexico,CO2
GCAM 5.3,R_MAC_40_n8,MEX,Emissions|CO2|Energy|Demand|Residential and Commercial|Residential,Mt CO2/yr,,,,22.2960061463501,,,21.4826751321624,,,,,19.7999611809395,,23.3069551029419,,,,,18.7397420761169,15.0954403114603,5.96102831636967,1.21572513300931,1.60854580028398,1.52366460794006,1.17990103343021,0.87031518333407,0.775445521172771,0.815526443933494,0.771664382921042,0.533319656609238,0.351687385017236,0.258710242776765,0.206132381800008,0.181239185631631,,,,Mexico,CO2
GCAM 5.3,R_MAC_40_n8,MEX,Emissions|CO2|Energy|Demand|Transportation,Mt CO2/yr,,,,143.883733800714,,,163.888136469046,,,,,166.322566574574,,177.425992487797,,,,,175.865419065898,162.86044463822,93.7989199677075,53.5721320827682,72.7601142874479,83.5112040703336,86.2088382458376,88.3436401225095,94.9215825078064,103.780373686874,110.185307778773,109.908134198132,112.162362612811,117.402846509536,123.351477403719,129.149704973998,,,,Mexico,CO2
GCAM 5.3,R_MAC_40_n8,MEX,Emissions|CO2|Energy|Supply,Mt CO2/yr,,,,168.697460730673,,,166.468079236847,,,,,172.329952234981,,166.048699411196,,,,,111.373969398257,-36.528580742001,-392.525471879972,-593.853892247416,-564.444478816946,-540.501365219112,-535.259639093035,-545.176538676575,-542.777477237078,-542.136970317691,-538.573059339434,-522.777168781049,-493.076080637667,-464.449128543522,-439.767510911166,-419.226908851054,,,,Mexico,CO2
GCAM 5.3,R_MAC_40_n8,MEX,Emissions|CO2|Energy|Supply|Electricity,Mt CO2/yr,,,,123.434869756596,,,121.940866679534,,,,,124.693684912229,,121.595209600041,,,,,70.930435508977,-33.4180986362467,-176.873724295212,-265.742934239531,-274.854536416927,-292.459587414563,-303.27313133531,-306.729466683413,-311.710783559418,-321.680537887802,-328.682609705905,-316.376874184164,-286.673211278474,-258.989890282871,-234.164402674981,-216.781668492202,,,,Mexico,CO2
GCAM 5.3,R_MAC_40_n8,MEX,Emissions|CO2|Energy|Supply|Gases,Mt CO2/yr,,,,9.56225536903579e-08,,,-3.66065317664208e-07,,,,,-3.39839388396538e-07,,0.0357567490823909,,,,,0.0107639253516977,0.0059124887916429,0.0007211937844843,2.45204786166478e-05,2.74312566891333e-05,2.61117845280216e-05,2.03080486207073e-05,1.51819938502455e-05,1.15556087460932e-05,8.98147230270077e-06,7.70720533864497e-06,7.65703400109965e-06,7.48948031109683e-06,7.11495789678963e-06,6.10845904921102e-06,5.12534581799287e-06,,,,Mexico,CO2
GCAM 5.3,R_MAC_40_n8,MEX,Emissions|CO2|Energy|Supply|Liquids,Mt CO2/yr,,,,45.2625908784544,,,44.5272143900451,,,,,47.6362676625915,,44.1960794200596,,,,,40.9595786294166,0.706588035933074,-198.373766197687,-283.512943921085,-235.456354924216,-208.394305786206,-202.708894387916,-202.059913093001,-189.351430913461,-167.218091872672,-155.435649155293,-169.535913225433,-180.929203069797,-185.653613464075,-188.443612517992,-185.617633635525,,,,Mexico,CO2
GCAM 5.3,R_MAC_40_n8,MEX,Emissions|CO2|Energy|Supply|Solids,Mt CO2/yr,,,,0.0,,,-1.46666737426144e-06,,,,,0.0,,-9.89998913227226e-06,,,,,0.0,0.0,0.0,0.0,0.0,0.0,-4.03333624296914e-07,0.0,-3.6454354684204704e-17,-3.41276295079142e-17,-4.03332166861348e-07,0.0,-7.33334894882916e-08,-2.19999595605026e-07,-3.30000157771754e-07,0.0,,,,Mexico,CO2
GCAM 5.3,R_MAC_40_n8,MEX,Emissions|CO2|Industrial Processes,Mt CO2/yr,,,,27.7716172304601,,,25.8214632638587,,,,,25.5799365363642,,27.9007888044186,,,,,10.413825557986,6.02350284144739,-10.5046901062243,-23.8940739757789,-24.0729455728711,-26.4856253045888,-32.3557165509929,-39.5982769237609,-43.5370069786298,-43.7243524810606,-45.7288396892159,-58.2519604908095,-70.6371877449987,-79.9994882313473,-88.0629367504484,-93.5751899632487,,,,Mexico,CO2
GCAM 5.3,R_MAC_40_n8,MEX,Emissions|N2O|AFOLU,Mt CO2e/yr,,,,23.974382628675,,,25.199776825791474,,,,,26.067733764864816,,28.052364262861577,,,,,31.78751034650018,36.25382078791009,39.62563919287701,39.67753566162149,40.55051651159063,41.38130030193759,41.83967877177843,42.261690577004806,42.68824962124004,43.08898605383873,43.37303510710798,43.62513873386077,43.922249356080734,44.18617975489209,44.42553261270497,44.61422966947374,,,,Mexico,N2O
GCAM 5.3,R_MAC_45_n0,MEX,Carbon Sequestration|CCS|Biomass,Mt CO2/yr,,,,0.0,,,0.0,,,,,0.0,,0.0,,,,,10.7096145769346,52.6862354416573,129.90792106181,260.120039832608,425.713118380929,403.751200573391,432.100254922642,445.650090386917,450.211718717144,454.755969538271,456.825068315446,448.372170367771,430.382828262069,406.943753594376,384.936788089922,367.072980158065,,,,Mexico,
GCAM 5.3,R_MAC_45_n0,MEX,Emissions|CH4|AFOLU,Mt CO2e/yr,,,,51.948436579356525,,,54.182490226063365,,,,,53.84379745888416,,56.832503544549596,,,,,60.453530119909914,63.197784393761076,63.09954426256656,60.6395682956364,55.7127682126372,56.954683747553474,56.416654254377754,56.223957462968116,56.21918941784291,56.34344457970563,56.323253219526165,56.29479577351981,56.31057231003008,56.3424626832368,56.30698681907712,56.22336938843716,,,,Mexico,CH4
GCAM 5.3,R_MAC_45_n0,MEX,Emissions|CO2|AFOLU,Mt CO2/yr,,,,54.5907646693698,,,-3.94303733921057,,,,,-12.7699740072534,,-15.3215312317446,,,,,18.8701764038807,43.8079473142042,57.662236103819,50.2304892826053,25.4022087275564,-26.5179052350582,-19.1279339242032,-15.6555070110767,-12.4675607507241,-10.8151382363253,-10.0146604530992,-8.90614451604777,-7.96129916939426,-7.13781519599515,-6.51659481332037,-5.88283472301348,,,,Mexico,CO2
GCAM 5.3,R_MAC_45_n0,MEX,Emissions|CO2|Energy and Industrial Processes,Mt CO2/yr,,,,462.14296993503,,,487.596170428254,,,,,494.126346673001,,524.543729953973,,,,,471.682450565168,397.660943170736,258.503583238854,14.6692725207011,-280.051133403236,-229.786930060626,-280.764872834181,-301.110382712962,-303.120936388688,-303.951856505465,-304.504240203101,-290.368948777413,-265.838877867759,-239.326946150122,-219.171048236265,-204.309992608167,,,,Mexico,CO2
GCAM 5.3,R_MAC_45_n0,MEX,Emissions|CO2|Energy|Demand,Mt CO2/yr,,,,265.673891973897,,,295.306627927548,,,,,296.216457901656,,330.594241738359,,,,,318.801764258418,313.015433643666,289.49443500169,229.380724839991,154.023131968028,171.342131004825,160.939381151119,159.676016741462,162.440998392845,166.45815933792,174.164462613528,184.81977241865,195.930704310352,204.623353437434,209.881912159802,214.724763868894,,,,Mexico,CO2
GCAM 5.3,R_MAC_45_n0,MEX,Emissions|CO2|Energy|Demand|Industry,Mt CO2/yr,,,,94.4964288322009,,,104.932607206498,,,,,104.712251253166,,123.302366197757,,,,,113.966719188707,106.592339774414,92.0026531189779,65.3674389951516,31.7952641734426,33.4421426593976,27.1295336221538,22.088883702745,19.0285622999119,19.6476265544404,24.2808014223785,29.0569655831867,32.4241209607009,33.9435720121446,34.081471998674,34.9268030831241,,,,Mexico,CO2
GCAM 5.3,R_MAC_45_n0,MEX,Emissions|CO2|Energy|Demand|Residential and Commercial,Mt CO2/yr,,,,27.2937293409818,,,26.4858842520042,,,,,25.181640073916,,29.8658830528049,,,,,25.8011853896756,24.0818890658893,20.6188753893032,13.6736943680585,6.33035409721236,6.58522050868905,5.19725443835978,4.41297635556691,3.79723877378655,3.06736997987997,2.48143960509341,2.13049914894453,1.86923309268649,1.63571450685385,1.40547495601564,1.22583663744843,,,,Mexico,CO2
GCAM 5.3,R_MAC_45_n0,MEX,Emissions|CO2|Energy|Demand|Residential and Commercial|Commercial,Mt CO2/yr,,,,4.99772319463178,,,5.00320911984176,,,,,5.38167889297654,,6.558927949863,,,,,5.45751933710946,4.91777104043773,4.05831269759002,2.54045938753434,1.05508829605301,1.08436548863663,0.838081393885352,0.69597013245501,0.586646262361271,0.468049562874217,0.377545962848369,0.324525736354646,0.285324632292618,0.251463690166729,0.218441458460767,0.192004722530413,,,,Mexico,CO2
GCAM 5.3,R_MAC_45_n0,MEX,Emissions|CO2|Energy|Demand|Residential and Commercial|Residential,Mt CO2/yr,,,,22.2960061463501,,,21.4826751321624,,,,,19.7999611809395,,23.3069551029419,,,,,20.3436660525662,19.1641180254516,16.5605626917131,11.1332349805241,5.27526580115935,5.50085502005242,4.35917304447443,3.7170062231119,3.21059251142528,2.59932041700575,2.10389364224504,1.80597341258988,1.58390846039387,1.38425081668712,1.18703349755487,1.03383191491802,,,,Mexico,CO2
GCAM 5.3,R_MAC_45_n0,MEX,Emissions|CO2|Energy|Demand|Transportation,Mt CO2/yr,,,,143.883733800714,,,163.888136469046,,,,,166.322566574574,,177.425992487797,,,,,179.033859680035,182.341204803362,176.872906493409,150.339591476781,115.897513697373,131.314767836738,128.612593090605,133.174156683151,139.615197319147,143.743162803599,147.402221586056,153.632307686519,161.637350256965,169.044066918436,174.394965205113,178.572124148321,,,,Mexico,CO2
GCAM 5.3,R_MAC_45_n0,MEX,Emissions|CO2|Energy|Supply,Mt CO2/yr,,,,168.697460730673,,,166.468079236847,,,,,172.329952234981,,166.048699411196,,,,,140.864889323583,74.6304467011134,-37.4754277859401,-212.628909143221,-419.89501118987,-386.487931364694,-420.271970802439,-435.233157159429,-436.775510069407,-436.399989994565,-438.059957717661,-429.334398027834,-411.582816069372,-388.622115848757,-366.933475405805,-350.258937931372,,,,Mexico,CO2
GCAM 5.3,R_MAC_45_n0,MEX,Emissions|CO2|Energy|Supply|Electricity,Mt CO2/yr,,,,123.434869756596,,,121.940866679534,,,,,124.693684912229,,121.595209600041,,,,,97.9829645957878,42.4706319546034,-37.169233456994,-126.346371510029,-204.647694057576,-214.845313892701,-228.990485607145,-240.192843225337,-249.040018655928,-255.019207460347,-259.128948692101,-256.887395567137,-245.293223844164,-223.416724356761,-196.708950012164,-173.979024897311,,,,Mexico,CO2
GCAM 5.3,R_MAC_45_n0,MEX,Emissions|CO2|Energy|Supply|Gases,Mt CO2/yr,,,,9.56225536903579e-08,,,-3.66065317664208e-07,,,,,-3.39839388396538e-07,,0.0357567490823909,,,,,0.0168786979190628,0.0148914865129865,0.0107799746072906,0.0039368771588803,0.0004815488678017,0.0008008762261368,0.0006032950156536,0.0004513186494081,0.0003871740980079,0.0003617070695189,0.000335365919682,0.000298840524997,0.000264973499823,0.0002449525461827,0.0002289403702766,0.0002754513817459,,,,Mexico,CO2
GCAM 5.3,R_MAC_45_n0,MEX,Emissions|CO2|Energy|Supply|Liquids,Mt CO2/yr,,,,45.2625908784544,,,44.5272143900451,,,,,47.6362676625915,,44.1960794200596,,,,,43.0464832874727,33.375085334999,3.97971509763454,-75.1157486672966,-187.136051855976,-160.090908108354,-183.347951838031,-185.09890823193,-175.967310072267,-168.084827361279,-166.849141637676,-161.67261357672,-157.014691634377,-156.969862073041,-162.164884634302,-167.733146225188,,,,Mexico,CO2
GCAM 5.3,R_MAC_45_n0,MEX,Emissions|CO2|Energy|Supply|Solids,Mt CO2/yr,,,,0.0,,,-1.46666737426144e-06,,,,,0.0,,-9.89998913227226e-06,,,,,0.0,-1.50333138919214e-05,-1.35666456440646e-05,0.0,-2.93332756058712e-06,-7.33333833167822e-07,0.0,0.0,-1.31999481491322e-06,-9.53332001655699e-07,-1.90666616529077e-06,-7.70000143574803e-07,-3.66666551467135e-07,0.0,0.0,-1.17332938561814e-06,,,,Mexico,CO2
GCAM 5.3,R_MAC_45_n0,MEX,Emissions|CO2|Industrial Processes,Mt CO2/yr,,,,27.7716172304601,,,25.8214632638587,,,,,25.5799365363642,,27.9007888044186,,,,,12.015796983167,10.0150628259569,6.48457602310405,-2.08254317606899,-14.1792541813932,-14.6411297007564,-21.4322831828603,-25.5532422949952,-28.786424712126,-34.0100258488197,-40.6087450989681,-45.8543231682289,-50.1867661087391,-55.3281837387993,-62.1194849902627,-68.775818545689,,,,Mexico,CO2
GCAM 5.3,R_MAC_45_n0,MEX,Emissions|N2O|AFOLU,Mt CO2e/yr,,,,23.974382628675,,,25.199776825791474,,,,,26.067733764864816,,28.052364262861577,,,,,31.415485718895095,35.34136926530929,38.33076444970636,40.71271458798426,41.419133455303964,42.39074633904419,42.87594717599302,43.331212398914076,43.7733395530704,44.19493061721683,44.53714655922987,44.66362072364528,44.90777882638101,45.14021240477767,45.34118915961508,45.53027057290585,,,,Mexico,N2O
GCAM 5.3,R_MAC_45_n8,MEX,Carbon Sequestration|CCS|Biomass,Mt CO2/yr,,,,0.0,,,0.0,,,,,0.0,,0.0,,,,,16.5957943487084,76.63556929668,217.519967504351,422.290144460629,553.984475427374,526.326606336674,517.018449421013,529.816120163143,536.325950717452,539.425974812987,537.188806486829,524.043386007146,498.66801897635,470.304727973328,448.436782415791,436.088132117372,,,,Mexico,
GCAM 5.3,R_MAC_45_n8,MEX,Emissions|CH4|AFOLU,Mt CO2e/yr,,,,51.948436579356525,,,54.182490226063365,,,,,53.84379745888416,,56.832503544549596,,,,,60.259560027317555,62.429925614753195,60.55239493346064,55.4535053235058,48.387802726619164,49.63186935427504,49.6049255979046,49.61416253448256,49.70165339673716,49.845251060283005,50.02682573195916,50.254108506313045,50.45686172339708,50.58567717912492,50.62213023748832,50.541643754835796,,,,Mexico,CH4
GCAM 5.3,R_MAC_45_n8,MEX,Emissions|CO2|AFOLU,Mt CO2/yr,,,,54.5907646693698,,,-3.94303733921057,,,,,-12.7699740072534,,-15.3215312317446,,,,,24.7596314962842,55.0046591892892,91.13812269853,51.3413596865896,1.09519310762535,-27.9091485373356,-21.9896893037834,-18.5734960007525,-16.0579439549666,-14.2377087811449,-12.8255238527202,-11.8253843142836,-10.4670354912222,-9.23731658416594,-8.17364865283144,-7.18174535157055,,,,Mexico,CO2
GCAM 5.3,R_MAC_45_n8,MEX,Emissions|CO2|Energy and Industrial Processes,Mt CO2/yr,,,,462.14296993503,,,487.596170428254,,,,,494.126346673001,,524.543729953973,,,,,454.145103407325,344.6958660556,83.9693853832046,-280.761783044495,-519.757147930487,-466.516332601924,-454.603831741981,-469.62929982586,-479.219692579716,-475.85480790395,-468.004674509441,-467.395999654478,-449.971750628326,-422.431073276171,-399.089003530394,-375.395397028139,,,,Mexico,CO2
GCAM 5.3,R_MAC_45_n8,MEX,Emissions|CO2|Energy|Demand,Mt CO2/yr,,,,265.673891973897,,,295.306627927548,,,,,296.216457901656,,330.594241738359,,,,,312.760307589796,298.308253177567,237.521212456641,148.490238851409,80.2938224747794,96.4881424344016,99.0065556161191,99.582126990048,101.28721945203,107.459873419039,114.134928105431,114.109065380994,117.825511618006,124.49919119558,131.824077903359,141.148985020248,,,,Mexico,CO2
GCAM 5.3,R_MAC_45_n8,MEX,Emissions|CO2|Energy|Demand|Industry,Mt CO2/yr,,,,94.4964288322009,,,104.932607206498,,,,,104.712251253166,,123.302366197757,,,,,110.129606207457,98.7170937258871,73.40428882683,37.3603562129608,9.69073002422002,9.47376697886775,7.87929177697831,6.34025999863055,5.22527588592036,4.66889616784848,4.19649358518814,4.66229652228691,6.4305978808523,7.83896736532433,8.65717402257007,11.3384193832397,,,,Mexico,CO2
GCAM 5.3,R_MAC_45_n8,MEX,Emissions|CO2|Energy|Demand|Residential and Commercial,Mt CO2/yr,,,,27.2937293409818,,,26.4858842520042,,,,,25.181640073916,,29.8658830528049,,,,,24.8745486409435,22.2100679501298,15.3866187486221,6.84260926984754,1.652848899542,1.88976735244167,1.56851069438811,1.21831315934244,0.960442326710156,0.910190841882512,0.869379166648898,0.596853803394599,0.379901660757942,0.268363329421802,0.220310745683339,0.231692530740815,,,,Mexico,CO2
GCAM 5.3,R_MAC_45_n8,MEX,Emissions|CO2|Energy|Demand|Residential and Commercial|Commercial,Mt CO2/yr,,,,4.99772319463178,,,5.00320911984176,,,,,5.38167889297654,,6.558927949863,,,,,5.21658655542922,4.46416150121945,2.94035837155357,1.18934366110842,0.242830759408298,0.270847634958706,0.22091981433034,0.171132423975065,0.135584487344884,0.128546691665731,0.1223214688163,0.0866490889327916,0.0580594605849326,0.0432289939757155,0.0366927473112433,0.0373809385940394,,,,Mexico,CO2
GCAM 5.3,R_MAC_45_n8,MEX,Emissions|CO2|Energy|Demand|Residential and Commercial|Residential,Mt CO2/yr,,,,22.2960061463501,,,21.4826751321624,,,,,19.7999611809395,,23.3069551029419,,,,,19.6579620855143,17.7459064489103,12.4462603770685,5.65326560873912,1.4100181401337,1.61891971748296,1.34759088005777,1.04718073536737,0.824857839365272,0.781644150216781,0.747057697832598,0.510204714461807,0.321842200173009,0.225134335446087,0.183617998372096,0.194311592146776,,,,Mexico,CO2
GCAM 5.3,R_MAC_45_n8,MEX,Emissions|CO2|Energy|Demand|Transportation,Mt CO2/yr,,,,143.883733800714,,,163.888136469046,,,,,166.322566574574,,177.425992487797,,,,,177.756152741396,177.38109150155,148.730304881189,104.2872733686,68.9502435510174,85.1246081030921,89.5587531447527,92.023553832075,95.1015012393998,101.880786409308,109.069055353594,108.849915055313,111.015012076396,116.391860500834,122.946593135106,129.578873106267,,,,Mexico,CO2
GCAM 5.3,R_MAC_45_n8,MEX,Emissions|CO2|Energy|Supply,Mt CO2/yr,,,,168.697460730673,,,166.468079236847,,,,,172.329952234981,,166.048699411196,,,,,130.147477966046,37.576365703267,-154.204076944513,-416.572666720665,-574.634946522563,-537.201735847278,-523.650311342095,-533.148231800317,-538.132402880633,-538.474350555349,-535.599137167501,-522.3052820047,-495.391446728632,-464.342298347724,-440.869226806037,-425.684012666546,,,,Mexico,CO2
GCAM 5.3,R_MAC_45_n8,MEX,Emissions|CO2|Energy|Supply|Electricity,Mt CO2/yr,,,,123.434869756596,,,121.940866679534,,,,,124.693684912229,,121.595209600041,,,,,88.1035166528943,13.1284050401968,-91.5429336542196,-196.872842260312,-250.045981102851,-270.553324827851,-285.999612829814,-295.850602527656,-304.642640293827,-312.553754824724,-321.704057367125,-312.594601445694,-287.016819257687,-257.130620637009,-234.730460195525,-227.450554693793,,,,Mexico,CO2
GCAM 5.3,R_MAC_45_n8,MEX,Emissions|CO2|Energy|Supply|Gases,Mt CO2/yr,,,,9.56225536903579e-08,,,-3.66065317664208e-07,,,,,-3.39839388396538e-07,,0.0357567490823909,,,,,0.013868592027608,0.0107835100618141,0.0045868503417425,0.0006601386502904,2.08070988779967e-05,2.51590678910179e-05,1.95263273258788e-05,1.54298071912714e-05,1.27889644884164e-05,9.80125400798516e-06,7.87008887568256e-06,7.92604253603916e-06,7.77864200716476e-06,7.40980731133212e-06,6.44033046838582e-06,4.85350688477878e-06,,,,Mexico,CO2
GCAM 5.3,R_MAC_45_n8,MEX,Emissions|CO2|Energy|Supply|Liquids,Mt CO2/yr,,,,45.2625908784544,,,44.5272143900451,,,,,47.6362676625915,,44.1960794200596,,,,,42.347205767688,26.4067531540654,-54.4788139170284,-199.001219881037,-248.429610143036,-210.98493644199,-196.542005272392,-190.80040732228,-189.237752077629,-173.980938657056,-159.619466866654,-172.242029662599,-183.907010286683,-189.161040261426,-190.70608421082,-179.419388991169,,,,Mexico,CO2
GCAM 5.3,R_MAC_45_n8,MEX,Emissions|CO2|Energy|Supply|Solids,Mt CO2/yr,,,,0.0,,,-1.46666737426144e-06,,,,,0.0,,-9.89998913227226e-06,,,,,0.0,0.0,-1.42999511738754e-05,0.0,-7.33332194146564e-07,0.0,-6.59999147588525e-07,-3.30000333222051e-07,-3.66665339568012e-07,-5.86666504768681e-07,0.0,0.0,-1.83333503446489e-07,0.0,-7.33332259198064e-08,0.0,,,,Mexico,CO2
GCAM 5.3,R_MAC_45_n8,MEX,Emissions|CO2|Industrial Processes,Mt CO2/yr,,,,27.7716172304601,,,25.8214632638587,,,,,25.5799365363642,,27.9007888044186,,,,,11.2373178514833,8.81124717476621,0.65224987107642,-12.6793551752387,-25.4160238827037,-25.8027391890471,-29.9600760160049,-36.0631950155911,-42.3745091511142,-44.8403307676401,-46.5404654473708,-59.1997830307723,-72.4058155177007,-82.5879661240267,-90.0438546277162,-90.8603693818409,,,,Mexico,CO2
GCAM 5.3,R_MAC_45_n8,MEX,Emissions|N2O|AFOLU,Mt CO2e/yr,,,,23.974382628675,,,25.199776825791474,,,,,26.067733764864816,,28.052364262861577,,,,,31.569130314802354,35.65388496154867,39.15509243204095,40.57211358148985,40.48086905081064,41.39389616380391,41.85398011660375,42.276049922506495,42.69414937590676,43.08765656910078,43.42559373740269,43.62223810863828,43.92689582845528,44.18296388316119,44.42220345568415,44.59672318381781,,,,Mexico,N2O
GCAM 5.3,R_MAC_50_n0,MEX,Carbon Sequestration|CCS|Biomass,Mt CO2/yr,,,,0.0,,,0.0,,,,,0.0,,0.0,,,,,7.0592781417525,38.3873718497608,88.6939730016044,158.581058254276,278.615465268367,405.824209679854,402.244697246641,421.842070802419,434.813386949337,445.177608390989,453.493709608857,450.840281804719,440.112251142681,422.128915991443,401.54949328971,381.473473739304,,,,Mexico,
GCAM 5.3,R_MAC_50_n0,MEX,Emissions|CH4|AFOLU,Mt CO2e/yr,,,,51.948436579356525,,,54.182490226063365,,,,,53.84379745888416,,56.832503544549596,,,,,60.58014841791808,63.640900697679754,64.67330212331603,63.971282085529,61.398347579625565,56.843989662786754,56.83871919693381,56.515442698710515,56.38174806458797,56.4279766730876,56.37902334021104,56.27772558740976,56.22454555034212,56.238896741270594,56.19622199706004,56.12661835388496,,,,Mexico,CH4
GCAM 5.3,R_MAC_50_n0,MEX,Emissions|CO2|AFOLU,Mt CO2/yr,,,,54.5907646693698,,,-3.94303733921057,,,,,-12.7699740072534,,-15.3215312317446,,,,,15.224014624423,35.92770658981,42.6253250376091,32.1455109680521,30.1502133577677,9.94715315537214,-20.4656279420202,-16.0500042453522,-12.5751393168251,-10.2969494570794,-9.20030925411651,-7.97358135668834,-7.1411704676466,-6.3725804467602,-5.86623388257411,-5.40005893797924,,,,Mexico,CO2
GCAM 5.3,R_MAC_50_n0,MEX,Emissions|CO2|Energy and Industrial Processes,Mt CO2/yr,,,,462.14296993503,,,487.596170428254,,,,,494.126346673001,,524.543729953973,,,,,484.622941204598,432.434076959199,343.564481831974,213.169944131777,-8.53207177333806,-239.934184321931,-232.319539280818,-262.586328939613,-279.828403846695,-291.545868785676,-300.66411267793,-294.67589500768,-278.887515223214,-256.542452542925,-233.9068746503,-214.462502813385,,,,Mexico,CO2
GCAM 5.3,R_MAC_50_n0,MEX,Emissions|CO2|Energy|Demand,Mt CO2/yr,,,,265.673891973897,,,295.306627927548,,,,,296.216457901656,,330.594241738359,,,,,323.94758312389,323.046603837291,313.943336428473,288.024554461831,232.940292265091,169.587469401623,172.231839559472,167.840412447576,166.8985418734,167.876511487257,173.855222614232,183.35277225812,194.059501158948,204.310861829626,212.065627379423,217.948974661069,,,,Mexico,CO2
GCAM 5.3,R_MAC_50_n0,MEX,Emissions|CO2|Energy|Demand|Industry,Mt CO2/yr,,,,94.4964288322009,,,104.932607206498,,,,,104.712251253166,,123.302366197757,,,,,117.265409873124,112.391209881029,103.393375480907,87.2354948708218,60.4255567453339,30.104590438173,28.0342808091311,22.9211823012649,19.4443828314941,19.4981054478171,23.6279387774714,28.5718049605604,32.6497546567836,35.4830840210985,36.7726477685887,37.6452779852958,,,,Mexico,CO2
GCAM 5.3,R_MAC_50_n0,MEX,Emissions|CO2|Energy|Demand|Residential and Commercial,Mt CO2/yr,,,,27.2937293409818,,,26.4858842520042,,,,,25.181640073916,,29.8658830528049,,,,,26.6018383428944,25.4568371311659,23.4749934698005,19.5213539930685,12.8552259705492,6.62410700469606,5.93518606410849,4.91073940255966,4.07880915252426,3.20113483330261,2.49554105715071,2.05885385742783,1.75690850145231,1.53951253933387,1.36570671027025,1.22101076934878,,,,Mexico,CO2
GCAM 5.3,R_MAC_50_n0,MEX,Emissions|CO2|Energy|Demand|Residential and Commercial|Commercial,Mt CO2/yr,,,,4.99772319463178,,,5.00320911984176,,,,,5.38167889297654,,6.558927949863,,,,,5.66664105681052,5.26033862187968,4.71708605003631,3.77576345055276,2.33290523553337,1.08374251268541,0.953082559966488,0.772260820352653,0.629358849955153,0.488506310791887,0.37973712008193,0.314149141827197,0.268956242786348,0.237202191959478,0.21228794138695,0.190853815558575,,,,Mexico,CO2
GCAM 5.3,R_MAC_50_n0,MEX,Emissions|CO2|Energy|Demand|Residential and Commercial|Residential,Mt CO2/yr,,,,22.2960061463501,,,21.4826751321624,,,,,19.7999611809395,,23.3069551029419,,,,,20.9351972860839,20.1964985092862,18.7579074197641,15.7455905425157,10.5223207350159,5.54036449201065,4.98210350414201,4.13847858220701,3.4494503025691,2.71262852251072,2.11580393706878,1.74470471560063,1.48795225866596,1.30231034737439,1.1534187688833,1.0301569537902,,,,Mexico,CO2
GCAM 5.3,R_MAC_50_n0,MEX,Emissions|CO2|Energy|Demand|Transportation,Mt CO2/yr,,,,143.883733800714,,,163.888136469046,,,,,166.322566574574,,177.425992487797,,,,,180.080334907871,185.198556825096,187.074967477766,181.267705597941,159.659509549208,132.858771958754,138.262372686232,140.008490743751,143.375349889381,145.177271206137,147.73174277961,152.722113440132,159.652838000712,167.288265269193,173.927272900564,179.082685906424,,,,Mexico,CO2
GCAM 5.3,R_MAC_50_n0,MEX,Emissions|CO2|Energy|Supply,Mt CO2/yr,,,,168.697460730673,,,166.468079236847,,,,,172.329952234981,,166.048699411196,,,,,147.825591636475,98.47807831401,20.8487002169437,-79.9699104858403,-238.001803649252,-395.360218384057,-387.358873727875,-408.456937478688,-420.271041491177,-426.557896841237,-434.085464450444,-431.149732692592,-420.736523786705,-403.682744220429,-383.441299990018,-364.392406629061,,,,Mexico,CO2
GCAM 5.3,R_MAC_50_n0,MEX,Emissions|CO2|Energy|Supply|Electricity,Mt CO2/yr,,,,123.434869756596,,,121.940866679534,,,,,124.693684912229,,121.595209600041,,,,,104.415762074104,62.6946836868351,1.943123668648,-66.7230473373257,-140.434339647576,-202.353593471332,-215.226413663067,-229.644285256475,-241.430828447877,-248.384006153033,-254.994418679949,-255.522537890928,-250.198542763758,-235.84667817143,-214.67622564396,-191.959773573665,,,,Mexico,CO2
GCAM 5.3,R_MAC_50_n0,MEX,Emissions|CO2|Energy|Supply|Gases,Mt CO2/yr,,,,9.56225536903579e-08,,,-3.66065317664208e-07,,,,,-3.39839388396538e-07,,0.0357567490823909,,,,,0.0201491524985207,0.0188921472714191,0.017538359089088,0.012104360423488,0.003603562351071,0.0005566515901979,0.0005849885767547,0.000459321122579,0.0004066150538218,0.0004013914248731,0.0003614925591978,0.0003077512634126,0.0002691683537979,0.0002435683931589,0.0002338385473423,0.0002884736472122,,,,Mexico,CO2
GCAM 5.3,R_MAC_50_n0,MEX,Emissions|CO2|Energy|Supply|Liquids,Mt CO2/yr,,,,45.2625908784544,,,44.5272143900451,,,,,47.6362676625915,,44.1960794200596,,,,,43.4676524597103,36.580475121663,21.3326653156093,-7.82582973812273,-84.2051029834611,-163.883025840617,-158.482363757577,-165.263271403705,-165.207040733081,-164.623976216516,-167.590304930808,-165.46294617212,-161.479446360374,-159.736078825865,-161.031844616087,-164.44637025468,,,,Mexico,CO2
GCAM 5.3,R_MAC_50_n0,MEX,Emissions|CO2|Energy|Supply|Solids,Mt CO2/yr,,,,0.0,,,-1.46666737426144e-06,,,,,0.0,,-9.89998913227226e-06,,,,,-1.0999982737505e-05,0.0,0.0,0.0,0.0,0.0,0.0,0.0,0.0,0.0,0.0,0.0,0.0,-7.69999084264254e-07,0.0,0.0,,,,Mexico,CO2
GCAM 5.3,R_MAC_50_n0,MEX,Emissions|CO2|Industrial Processes,Mt CO2/yr,,,,27.7716172304601,,,25.8214632638587,,,,,25.5799365363642,,27.9007888044186,,,,,12.8497664442337,10.9093948078984,8.77244518655652,5.11530015578627,-3.47056038917799,-14.1614353394972,-17.1925051124149,-21.9698039085008,-26.4559042289174,-32.8644834316958,-40.4338708417189,-46.8789345732088,-52.2104925954568,-57.170570152122,-62.5312020397045,-68.0190708453927,,,,Mexico,CO2
GCAM 5.3,R_MAC_50_n0,MEX,Emissions|N2O|AFOLU,Mt CO2e/yr,,,,23.974382628675,,,25.199776825791474,,,,,26.067733764864816,,28.052364262861577,,,,,31.29311866901848,35.07264387993285,38.02859353379268,40.25956556028144,41.938714538780516,42.346193507977084,42.91817002040622,43.37423970348187,43.80894786170503,44.22517858854595,44.58723623118956,44.69348814832001,44.90722914798748,45.145002171306224,45.32176431068095,45.51356408924625,,,,Mexico,N2O
GCAM 5.3,R_MAC_50_n8,MEX,Carbon Sequestration|CCS|Biomass,Mt CO2/yr,,,,0.0,,,0.0,,,,,0.0,,0.0,,,,,10.8600031806063,53.2499823762404,131.876149224073,264.938216453957,430.120108474146,537.468294504632,515.956208968685,524.540806935663,531.936094534264,536.495931818941,538.154591158439,525.138778181403,501.37657806728,473.952237939552,453.458974188925,443.688796673844,,,,Mexico,
GCAM 5.3,R_MAC_50_n8,MEX,Emissions|CH4|AFOLU,Mt CO2e/yr,,,,51.948436579356525,,,54.182490226063365,,,,,53.84379745888416,,56.832503544549596,,,,,60.447496263100234,63.18000148684448,63.04692806078912,60.49059265682244,55.493994130095636,49.431713269574715,49.67476688091764,49.67150406340724,49.734790863455316,49.866017300281555,50.02075172592036,50.24913454290296,50.43372609556316,50.54181883194528,50.56730217428288,50.46873328244356,,,,Mexico,CH4
GCAM 5.3,R_MAC_50_n8,MEX,Emissions|CO2|AFOLU,Mt CO2/yr,,,,54.5907646693698,,,-3.94303733921057,,,,,-12.7699740072534,,-15.3215312317446,,,,,19.0005844280821,44.1083802194822,58.3735788584286,50.8332473581293,24.8340500109914,-8.88904309818904,-22.4477477747484,-17.8290362067552,-15.1218167440743,-13.2650377472049,-11.9159250022504,-10.9310302088122,-9.7988692843914,-8.65016498913235,-7.71979850587246,-6.94220882444468,,,,Mexico,CO2
GCAM 5.3,R_MAC_50_n8,MEX,Emissions|CO2|Energy and Industrial Processes,Mt CO2/yr,,,,462.14296993503,,,487.596170428254,,,,,494.126346673001,,524.543729953973,,,,,471.196335077117,396.341792466248,254.578277710083,5.65484489787607,-288.413248880643,-485.076880249435,-451.072042924727,-456.296691143397,-469.204310401957,-473.74288332867,-470.749972460213,-468.920155673788,-454.167208470107,-428.079902347797,-402.436630502557,-379.293141727775,,,,Mexico,CO2
GCAM 5.3,R_MAC_50_n8,MEX,Emissions|CO2|Energy|Demand,Mt CO2/yr,,,,265.673891973897,,,295.306627927548,,,,,296.216457901656,,330.594241738359,,,,,318.620693156605,312.642108614087,288.357400381308,226.844843650189,151.438570077459,93.3625822181943,101.352266208767,103.657329284087,103.822156057923,106.775228270866,112.903771025449,113.45052982585,117.354332142857,124.62683242631,133.348197431466,143.618366646479,,,,Mexico,CO2
GCAM 5.3,R_MAC_50_n8,MEX,Emissions|CO2|Energy|Demand|Industry,Mt CO2/yr,,,,94.4964288322009,,,104.932607206498,,,,,104.712251253166,,123.302366197757,,,,,113.850571354624,106.381612907304,91.5245729988478,64.5117499078927,30.87832685308,8.71023765144166,7.84549142196955,6.45773533924889,5.33160554741349,4.68448092535881,4.17057992926301,4.76145716844043,6.79786875389415,8.57229411143515,10.4257676648691,13.8307622184226,,,,Mexico,CO2
GCAM 5.3,R_MAC_50_n8,MEX,Emissions|CO2|Energy|Demand|Residential and Commercial,Mt CO2/yr,,,,27.2937293409818,,,26.4858842520042,,,,,25.181640073916,,29.8658830528049,,,,,25.7733366510344,24.0322903009921,20.4943445542086,13.4383546783397,6.13798777806164,1.74883352012612,1.68247560371393,1.39332902874145,1.08211568173796,0.914460180126156,0.846307115652052,0.570734755850482,0.346415634566754,0.239124206506787,0.207601248954462,0.229805581833636,,,,Mexico,CO2
GCAM 5.3,R_MAC_50_n8,MEX,Emissions|CO2|Energy|Demand|Residential and Commercial|Commercial,Mt CO2/yr,,,,4.99772319463178,,,5.00320911984176,,,,,5.38167889297654,,6.558927949863,,,,,5.45026657615947,4.90555026147918,4.03047696419016,2.49260690887901,1.01922494702162,0.250063973553422,0.236102378448573,0.194020648216771,0.151458458509559,0.129176452946352,0.119303493646815,0.0832062764923757,0.0536404986853875,0.0393633631407219,0.0349232646891372,0.0369843460908332,,,,Mexico,CO2
GCAM 5.3,R_MAC_50_n8,MEX,Emissions|CO2|Energy|Demand|Residential and Commercial|Residential,Mt CO2/yr,,,,22.2960061463501,,,21.4826751321624,,,,,19.7999611809395,,23.3069551029419,,,,,20.323070074875,19.1267400395129,16.4638675900184,10.9457477694607,5.11876283104002,1.49876954657269,1.44637322526536,1.19930838052468,0.930657223228402,0.785283727179804,0.727003622005236,0.487528479358106,0.292775135881367,0.199760843366065,0.172677984265324,0.192821235742802,,,,Mexico,CO2
GCAM 5.3,R_MAC_50_n8,MEX,Emissions|CO2|Energy|Demand|Transportation,Mt CO2/yr,,,,143.883733800714,,,163.888136469046,,,,,166.322566574574,,177.425992487797,,,,,178.996785150947,182.228205405791,176.338482828251,148.894739063957,114.422255446318,82.9035110466265,91.8242991830831,95.806264916097,97.4084348287711,101.176287165381,107.886883980534,108.118337901559,110.210047754396,115.815414108368,122.714828517642,129.557798846223,,,,Mexico,CO2
GCAM 5.3,R_MAC_50_n8,MEX,Emissions|CO2|Energy|Supply,Mt CO2/yr,,,,168.697460730673,,,166.468079236847,,,,,172.329952234981,,166.048699411196,,,,,140.58581372055,73.7157111156672,-40.1502660330403,-218.768842736877,-425.324756285131,-551.394241607962,-523.653725423038,-526.910355576198,-533.414593595346,-535.673822553464,-536.251489179377,-522.157412923003,-497.394679342587,-468.285305913461,-445.111934354168,-432.690691218716,,,,Mexico,CO2
GCAM 5.3,R_MAC_50_n8,MEX,Emissions|CO2|Energy|Supply|Electricity,Mt CO2/yr,,,,123.434869756596,,,121.940866679534,,,,,124.693684912229,,121.595209600041,,,,,97.7252735376495,41.7110442617389,-38.7608989727602,-128.693938403389,-206.642575916596,-251.877195614936,-269.290594756138,-282.728787550595,-299.096254003707,-307.5291624371,-320.12354378817,-312.589981232659,-288.681069781841,-261.009691774942,-240.886645109619,-236.801988173429,,,,Mexico,CO2
GCAM 5.3,R_MAC_50_n8,MEX,Emissions|CO2|Energy|Supply|Gases,Mt CO2/yr,,,,9.56225536903579e-08,,,-3.66065317664208e-07,,,,,-3.39839388396538e-07,,0.0357567490823909,,,,,0.0167767017027877,0.0147637302801001,0.0105608666833093,0.0037603844376797,0.0004433062811919,2.18194004275385e-05,1.88844667457395e-05,1.5323527206713e-05,1.33676831821388e-05,1.13153074272443e-05,8.77028416404494e-06,8.24346674603518e-06,8.15749601542502e-06,7.66389522666016e-06,6.64059924124007e-06,5.00891429250924e-06,,,,Mexico,CO2
GCAM 5.3,R_MAC_50_n8,MEX,Emissions|CO2|Energy|Supply|Liquids,Mt CO2/yr,,,,45.2625908784544,,,44.5272143900451,,,,,47.6362676625915,,44.1960794200596,,,,,43.029059696724,33.2365122311232,2.98325733190922,-78.6835946938084,-189.835906610768,-222.914082590526,-196.61146819416,-181.194949906548,-181.897619765809,-176.279494746952,-164.201899772435,-174.311880300905,-185.952998524989,-190.630317973488,-189.089325445717,-177.065683527402,,,,Mexico,CO2
GCAM 5.3,R_MAC_50_n8,MEX,Emissions|CO2|Energy|Supply|Solids,Mt CO2/yr,,,,0.0,,,-1.46666737426144e-06,,,,,0.0,,-9.89998913227226e-06,,,,,-1.09999889626622e-05,0.0,0.0,-3.66666598464936e-07,0.0,-1.64999023920113e-06,-1.50332404358854e-06,-3.66666622728441e-08,0.0,0.0,0.0,-3.66666902733452e-08,0.0,0.0,-2.20000194010012e-07,0.0,,,,Mexico,CO2
GCAM 5.3,R_MAC_50_n8,MEX,Emissions|CO2|Industrial Processes,Mt CO2/yr,,,,27.7716172304601,,,25.8214632638587,,,,,25.5799365363642,,27.9007888044186,,,,,11.9898281999625,9.98397273649392,6.37114336181592,-2.42115601543582,-14.5270626729713,-27.0452208596674,-28.770583710455,-33.0436648512865,-39.6118728645332,-44.8442890460715,-47.4022543062848,-60.2132725766354,-74.1268612703762,-84.4214288606468,-90.6728935798548,-90.2208171555378,,,,Mexico,CO2
GCAM 5.3,R_MAC_50_n8,MEX,Emissions|N2O|AFOLU,Mt CO2e/yr,,,,23.974382628675,,,25.199776825791474,,,,,26.067733764864816,,28.052364262861577,,,,,31.41951519827948,35.35070423177011,38.354142798754424,40.72073117193054,41.40231337975005,41.35566147424147,41.86093719939986,42.290619808066275,42.70754926373536,43.10588883924414,43.46152390391475,43.644227135416635,43.928909738055346,44.19434365820483,44.41048652177701,44.58158559638921,,,,Mexico,N2O
GCAM 5.3,R_MAC_55_n0,MEX,Carbon Sequestration|CCS|Biomass,Mt CO2/yr,,,,0.0,,,0.0,,,,,0.0,,0.0,,,,,5.0910629961572,29.6828290951054,67.2757993893145,114.240732303187,184.153849974591,292.116721987049,402.457343461629,404.312574744099,418.808982274517,432.708767647422,442.410672886951,442.95913631904,436.18183446839,424.400321417798,409.388623293612,392.946755635648,,,,Mexico,
GCAM 5.3,R_MAC_55_n0,MEX,Emissions|CH4|AFOLU,Mt CO2e/yr,,,,51.948436579356525,,,54.182490226063365,,,,,53.84379745888416,,56.832503544549596,,,,,60.61704981910199,63.908997110302124,65.51552853505576,65.63374822012764,64.50015171036807,62.03084001628556,56.87158305327436,56.83032618388636,56.61223819685392,56.545931335331204,56.46661142001823,56.314370809646604,56.222045840413884,56.17870652012472,56.095191387719396,56.031943962507796,,,,Mexico,CH4
GCAM 5.3,R_MAC_55_n0,MEX,Emissions|CO2|AFOLU,Mt CO2/yr,,,,54.5907646693698,,,-3.94303733921057,,,,,-12.7699740072534,,-15.3215312317446,,,,,12.8107238409631,30.2040427497275,35.7436059361907,23.4469279440456,24.5221100395237,11.2077368685557,5.23194187915952,-17.1192429186156,-13.1835617516479,-10.3490794271737,-8.68360710203321,-7.27952180349534,-6.40033527481926,-5.73514033406347,-5.32845700652617,-4.94800833656785,,,,Mexico,CO2
GCAM 5.3,R_MAC_55_n0,MEX,Emissions|CO2|Energy and Industrial Processes,Mt CO2/yr,,,,462.14296993503,,,487.596170428254,,,,,494.126346673001,,524.543729953973,,,,,493.098582915271,455.371137543652,390.934452769874,302.221456524831,166.332455984237,-30.7723880702305,-237.486318827,-235.324824118261,-256.457519674072,-276.438147697272,-288.902363178595,-288.817712867074,-278.235145087173,-261.75476676725,-242.681147662672,-223.526962671173,,,,Mexico,CO2
GCAM 5.3,R_MAC_55_n0,MEX,Emissions|CO2|Energy|Demand,Mt CO2/yr,,,,265.673891973897,,,295.306627927548,,,,,296.216457901656,,330.594241738359,,,,,327.701351228297,330.080971324646,327.604355028497,314.502690816321,283.108369976091,233.718353258051,172.159854534436,174.070390088724,171.088542243742,169.533344174339,173.85346672837,181.75665284656,192.129623352902,203.036193629498,212.4511883563,220.347124478605,,,,Mexico,CO2
GCAM 5.3,R_MAC_55_n0,MEX,Emissions|CO2|Energy|Demand|Industry,Mt CO2/yr,,,,94.4964288322009,,,104.932607206498,,,,,104.712251253166,,123.302366197757,,,,,119.656803511393,116.574776884192,110.880404069414,100.250121890184,80.8932495103858,55.0921763518164,25.9774374328267,23.2014964128531,19.7929687753717,19.7460986352611,23.3926296306886,27.9725499412478,32.4068140465622,36.1746375189514,38.741344668601,40.5922839239845,,,,Mexico,CO2
GCAM 5.3,R_MAC_55_n0,MEX,Emissions|CO2|Energy|Demand|Residential and Commercial,Mt CO2/yr,,,,27.2937293409818,,,26.4858842520042,,,,,25.181640073916,,29.8658830528049,,,,,27.1979048770395,26.4637310373459,25.2424279968717,22.6589206811696,17.7980549122189,11.9569623007475,6.04782204287597,5.30835986979334,4.33755182910476,3.35356784071357,2.54863149838283,2.01533845764685,1.66815020722481,1.45109329889352,1.30701630272644,1.19830052263856,,,,Mexico,CO2
GCAM 5.3,R_MAC_55_n0,MEX,Emissions|CO2|Energy|Demand|Residential and Commercial|Commercial,Mt CO2/yr,,,,4.99772319463178,,,5.00320911984176,,,,,5.38167889297654,,6.558927949863,,,,,5.82259821365668,5.51504183211579,5.14531870745182,4.49855249787531,3.38105607469369,2.1334187616999,0.968114762131009,0.833265668701894,0.668237582157054,0.511879540921484,0.387999523773846,0.308243718353466,0.256430489438144,0.224403923296268,0.203497794432558,0.187177309005756,,,,Mexico,CO2
GCAM 5.3,R_MAC_55_n0,MEX,Emissions|CO2|Energy|Demand|Residential and Commercial|Residential,Mt CO2/yr,,,,22.2960061463501,,,21.4826751321624,,,,,19.7999611809395,,23.3069551029419,,,,,21.3753066633828,20.9486892052301,20.0971092894199,18.1603681832943,14.4169988375252,9.82354353904756,5.07970728074497,4.47509420109144,3.66931424694771,2.84168829979209,2.16063197460898,1.70709473929339,1.41171971778666,1.22668937559725,1.10351850829389,1.01112321363281,,,,Mexico,CO2
GCAM 5.3,R_MAC_55_n0,MEX,Emissions|CO2|Energy|Demand|Transportation,Mt CO2/yr,,,,143.883733800714,,,163.888136469046,,,,,166.322566574574,,177.425992487797,,,,,180.846642839865,187.042463403109,191.481522962212,191.593648244968,184.417065553486,166.669214605487,140.134595058733,145.560533806077,146.958021639266,146.433677698364,147.912205599299,151.768764447666,158.054659099115,165.410462811653,172.402827384972,178.556540031982,,,,Mexico,CO2
GCAM 5.3,R_MAC_55_n0,MEX,Emissions|CO2|Energy|Supply,Mt CO2/yr,,,,168.697460730673,,,166.468079236847,,,,,172.329952234981,,166.048699411196,,,,,151.799162926582,113.651954100418,53.3798784073505,-19.809801009203,-119.366610741341,-258.747394887228,-393.023255863652,-390.1530955808,-403.309111902367,-414.301249474234,-422.768334762603,-422.844750562199,-416.285875096284,-405.543983532815,-391.254274108976,-375.723347168289,,,,Mexico,CO2
GCAM 5.3,R_MAC_55_n0,MEX,Emissions|CO2|Energy|Supply|Electricity,Mt CO2/yr,,,,123.434869756596,,,121.940866679534,,,,,124.693684912229,,121.595209600041,,,,,108.082791886259,75.8659244564046,27.5570886615011,-25.9526793944264,-84.3628074956991,-145.93235220394,-196.910577130091,-213.263310785939,-228.499165207979,-237.045968608745,-243.475412604788,-243.525091950055,-240.626840435957,-233.471592297509,-220.342233219101,-204.261220799387,,,,Mexico,CO2
GCAM 5.3,R_MAC_55_n0,MEX,Emissions|CO2|Energy|Supply|Gases,Mt CO2/yr,,,,9.56225536903579e-08,,,-3.66065317664208e-07,,,,,-3.39839388396538e-07,,0.0357567490823909,,,,,0.0231194570731624,0.0222928570147656,0.0230567104816004,0.0215843781134332,0.0111125437134341,0.003480646003139,0.0004527332806125,0.000443507323774,0.0004169395174301,0.0004260765727929,0.0003990580377087,0.0003336936235271,0.0002793758110089,0.0002469247984684,0.0002421937545464,0.0002973199963409,,,,Mexico,CO2
GCAM 5.3,R_MAC_55_n0,MEX,Emissions|CO2|Energy|Supply|Liquids,Mt CO2/yr,,,,45.2625908784544,,,44.5272143900451,,,,,47.6362676625915,,44.1960794200596,,,,,43.7005936592109,38.3271527306209,27.4048447055336,9.15850614480748,-28.4604696767337,-97.7544426752855,-162.341399561909,-153.169141172907,-156.154873215702,-162.042012873155,-167.80072534577,-169.720546471638,-167.051740297344,-163.949599073202,-162.980811129286,-163.533931654488,,,,Mexico,CO2
GCAM 5.3,R_MAC_55_n0,MEX,Emissions|CO2|Energy|Supply|Solids,Mt CO2/yr,,,,0.0,,,-1.46666737426144e-06,,,,,0.0,,-9.89998913227226e-06,,,,,0.0,-2.12666129226516e-05,0.0,-5.8666649781098e-06,-4.76665725518244e-06,0.0,0.0,0.0,-3.30000098054264e-07,-1.42999586926715e-06,-2.93333940454085e-07,0.0,0.0,-1.4666669387443e-07,0.0,0.0,,,,Mexico,CO2
GCAM 5.3,R_MAC_55_n0,MEX,Emissions|CO2|Industrial Processes,Mt CO2/yr,,,,27.7716172304601,,,25.8214632638587,,,,,25.5799365363642,,27.9007888044186,,,,,13.5980687603925,11.6382121185874,9.95021933402602,7.52856671771351,2.59069674948727,-5.74334644105325,-16.6229174977837,-19.2421186261846,-24.2369500154475,-31.6702423973771,-39.9874951443622,-47.7296151514354,-54.0788933437912,-59.2469768639321,-63.8780619099959,-68.1507399814887,,,,Mexico,CO2
GCAM 5.3,R_MAC_55_n0,MEX,Emissions|N2O|AFOLU,Mt CO2e/yr,,,,23.974382628675,,,25.199776825791474,,,,,26.067733764864816,,28.052364262861577,,,,,31.20904516647672,34.867545120866914,37.809197961539,39.902231198988794,41.83487978646576,42.929390750303696,42.890340930987186,43.40374799106719,43.84113261789725,44.24717712757606,44.61397965133255,44.73104608291055,44.92169033151154,45.1414417005137,45.316666611691566,45.49669070719309,,,,Mexico,N2O
GCAM 5.3,R_MAC_55_n8,MEX,Carbon Sequestration|CCS|Biomass,Mt CO2/yr,,,,0.0,,,0.0,,,,,0.0,,0.0,,,,,7.61751139916764,40.6817882850107,94.4817867125859,171.966567423323,305.94295885645,429.244934997206,533.390914124914,533.676957101903,531.552171076432,534.749916532431,537.039959570397,525.324599909466,499.85312812291,475.384317321711,462.030101160204,451.934679229916,,,,Mexico,
GCAM 5.3,R_MAC_55_n8,MEX,Emissions|CH4|AFOLU,Mt CO2e/yr,,,,51.948436579356525,,,54.182490226063365,,,,,53.84379745888416,,56.832503544549596,,,,,60.566981078897996,63.5698151587366,64.42912780727612,63.477212972244686,60.522422322117,55.557319085247,49.55761010973724,49.69490285650996,49.79019637464012,49.90731355434524,50.07232585377708,50.25859195557116,50.43055924641588,50.514117451931,50.47113200363556,50.3865422078494,,,,Mexico,CH4
GCAM 5.3,R_MAC_55_n8,MEX,Emissions|CO2|AFOLU,Mt CO2/yr,,,,54.5907646693698,,,-3.94303733921057,,,,,-12.7699740072534,,-15.3215312317446,,,,,15.8417946404847,37.2865507777854,44.6623317236895,34.9744513417877,30.9255668114777,7.72206202671237,-11.8934471574348,-17.9561519873122,-14.1618073021653,-12.2873703562063,-10.9975266643164,-10.0723280958823,-9.01457829450416,-8.03211374717971,-7.3003984823209,-6.65869456863129,,,,Mexico,CO2
GCAM 5.3,R_MAC_55_n8,MEX,Emissions|CO2|Energy and Industrial Processes,Mt CO2/yr,,,,462.14296993503,,,487.596170428254,,,,,494.126346673001,,524.543729953973,,,,,482.471155012868,426.647933824265,331.104298672507,186.539054612575,-58.3987040536091,-284.843191650762,-476.454505599395,-460.413790956444,-461.43318039326,-469.09276340468,-470.687272448684,-471.229274335044,-454.499041373926,-430.5761101332,-408.88769959031,-387.25713509265,,,,Mexico,CO2
GCAM 5.3,R_MAC_55_n8,MEX,Emissions|CO2|Energy|Demand,Mt CO2/yr,,,,265.673891973897,,,295.306627927548,,,,,296.216457901656,,330.594241738359,,,,,323.046022457398,321.336910825627,310.357326796371,280.032540896713,218.901298805374,154.933030878234,98.6309651982485,106.801848098328,107.627490090851,107.990417699132,112.109842187912,111.966092289896,116.25648132573,124.865551272216,135.087678314259,145.445418025663,,,,Mexico,CO2
GCAM 5.3,R_MAC_55_n8,MEX,Emissions|CO2|Energy|Demand|Industry,Mt CO2/yr,,,,94.4964288322009,,,104.932607206498,,,,,104.712251253166,,123.302366197757,,,,,116.688326211192,111.385526928545,101.574387703827,83.858662659982,55.3560151306316,24.9954000130886,7.25854969313125,6.36081356636437,5.4098616426232,4.74650619274623,4.19137000095222,4.8241457495772,6.77616844758122,9.36761731679528,12.6931397317865,16.6283878104665,,,,Mexico,CO2
GCAM 5.3,R_MAC_55_n8,MEX,Emissions|CO2|Energy|Demand|Residential and Commercial,Mt CO2/yr,,,,27.2937293409818,,,26.4858842520042,,,,,25.181640073916,,29.8658830528049,,,,,26.460210434706,25.2172378158457,23.0306280542484,18.658559665628,11.5903365740211,5.52604832352686,1.56616143374294,1.50414504810299,1.22719469342751,0.983177350242759,0.844200351100802,0.534768209440906,0.306566501825669,0.211259539399475,0.194999988140536,0.2067679119601,,,,Mexico,CO2
GCAM 5.3,R_MAC_55_n8,MEX,Emissions|CO2|Energy|Demand|Residential and Commercial|Commercial,Mt CO2/yr,,,,4.99772319463178,,,5.00320911984176,,,,,5.38167889297654,,6.558927949863,,,,,5.6296152830822,5.20016879593443,4.61186459529557,3.58595949833499,2.07749253879098,0.882094271392404,0.21974644866564,0.208363511321593,0.170353977549187,0.138236042746709,0.119097097735187,0.0785212893195406,0.048466621830164,0.0356796539032333,0.0330670726749823,0.0338430230460896,,,,Mexico,CO2
GCAM 5.3,R_MAC_55_n8,MEX,Emissions|CO2|Energy|Demand|Residential and Commercial|Residential,Mt CO2/yr,,,,22.2960061463501,,,21.4826751321624,,,,,19.7999611809395,,23.3069551029419,,,,,20.8305951516238,20.0170690199113,18.4187634589529,15.072600167293,9.51284403523011,4.64395405213445,1.3464149850773,1.2957815367814,1.05684071587832,0.844941307496049,0.725103253365615,0.456246920121366,0.258099879995505,0.175579885496241,0.161932915465554,0.172924888914011,,,,Mexico,CO2
GCAM 5.3,R_MAC_55_n8,MEX,Emissions|CO2|Energy|Demand|Transportation,Mt CO2/yr,,,,143.883733800714,,,163.888136469046,,,,,166.322566574574,,177.425992487797,,,,,179.8974858115,184.734146081236,185.752311038296,177.515318571103,151.954947100722,124.411582541618,89.8062540713743,98.9368894838604,100.9904337548,102.260734156143,107.074271835858,106.607178330878,109.173746376323,115.286674416022,122.199538594332,128.610262303236,,,,Mexico,CO2
GCAM 5.3,R_MAC_55_n8,MEX,Emissions|CO2|Energy|Supply,Mt CO2/yr,,,,168.697460730673,,,166.468079236847,,,,,172.329952234981,,166.048699411196,,,,,146.736324374732,94.5637166297492,12.2941615908017,-97.7455839326419,-271.896388891929,-423.546951584093,-544.717216229642,-535.969492977765,-532.757345528536,-534.087877972997,-535.092176816445,-521.406711384328,-494.495910826255,-469.187289430451,-452.929998890328,-440.747486023926,,,,Mexico,CO2
GCAM 5.3,R_MAC_55_n8,MEX,Emissions|CO2|Energy|Supply|Electricity,Mt CO2/yr,,,,123.434869756596,,,121.940866679534,,,,,124.693684912229,,121.595209600041,,,,,103.409087268033,59.3270805217089,-4.32982686479341,-76.551472066879,-152.968124113798,-213.307052797082,-249.213673549579,-262.544765939837,-286.841913764642,-299.932091181563,-315.631855929003,-309.301799974531,-284.724116917738,-261.755440902261,-251.030437456436,-244.465135301275,,,,Mexico,CO2
GCAM 5.3,R_MAC_55_n8,MEX,Emissions|CO2|Energy|Supply|Gases,Mt CO2/yr,,,,9.56225536903579e-08,,,-3.66065317664208e-07,,,,,-3.39839388396538e-07,,0.0357567490823909,,,,,0.0195141836503292,0.0181415622896862,0.016280563442271,0.0102177673933407,0.0026539413470077,0.0003359486332685,1.68270372767958e-05,1.44341727839941e-05,1.29077704657322e-05,1.18198780045239e-05,1.01029028320426e-05,9.49364822057747e-06,8.90419089771789e-06,8.04446852838027e-06,6.59985526634267e-06,5.16299409775639e-06,,,,Mexico,CO2
GCAM 5.3,R_MAC_55_n8,MEX,Emissions|CO2|Energy|Supply|Liquids,Mt CO2/yr,,,,45.2625908784544,,,44.5272143900451,,,,,47.6362676625915,,44.1960794200596,,,,,43.403277321132,36.1005911991523,19.3073724591426,-14.9486596608458,-103.630156207764,-176.208556626863,-210.789494241897,-177.539739768113,-173.354116262597,-173.910826661597,-167.446963845819,-179.427349491511,-189.493083586694,-192.045430691132,-186.43452249843,-178.192502520386,,,,Mexico,CO2
GCAM 5.3,R_MAC_55_n8,MEX,Emissions|CO2|Energy|Supply|Solids,Mt CO2/yr,,,,0.0,,,-1.46666737426144e-06,,,,,0.0,,-9.89998913227226e-06,,,,,0.0,0.0,0.0,0.0,0.0,-4.39996941996385e-06,0.0,0.0,0.0,0.0,-1.09999821368314e-07,0.0,-1.10000141384411e-07,0.0,0.0,0.0,,,,Mexico,CO2
GCAM 5.3,R_MAC_55_n8,MEX,Emissions|CO2|Industrial Processes,Mt CO2/yr,,,,27.7716172304601,,,25.8214632638587,,,,,25.5799365363642,,27.9007888044186,,,,,12.6888081807381,10.7473063688893,8.45281028533392,4.2520976485038,-5.40361396705434,-16.2292709449034,-30.3682545680022,-31.2461460770066,-36.3033249555751,-42.9953031308154,-47.7049378201502,-61.7886552406117,-76.2596118734007,-86.2543719749657,-91.0453790142411,-91.9550670943861,,,,Mexico,CO2
GCAM 5.3,R_MAC_55_n8,MEX,Emissions|N2O|AFOLU,Mt CO2e/yr,,,,23.974382628675,,,25.199776825791474,,,,,26.067733764864816,,28.052364262861577,,,,,31.314471995961064,35.12059869043798,38.07213702987922,40.35545456956541,41.90906803412538,42.217380525302346,41.826963994001545,42.28732597069017,42.718719254849006,43.12088464823712,43.49601541378684,43.67193003513959,43.94092974340442,44.20062914681805,44.38953993381262,44.564286655069814,,,,Mexico,N2O
GCAM 5.3,R_MAC_60_n0,MEX,Carbon Sequestration|CCS|Biomass,Mt CO2/yr,,,,0.0,,,0.0,,,,,0.0,,0.0,,,,,3.94422753189944,23.8569286688115,53.8556139559645,90.0732804518126,137.834791003768,206.979789488009,313.806705135113,412.067872961583,410.441019874713,420.713421412535,428.576910313735,430.463650209793,427.322103421407,418.938797082026,409.786980202929,399.319467899014,,,,Mexico,
GCAM 5.3,R_MAC_60_n0,MEX,Emissions|CH4|AFOLU,Mt CO2e/yr,,,,51.948436579356525,,,54.182490226063365,,,,,53.84379745888416,,56.832503544549596,,,,,60.63078975624525,64.09963613099816,66.03174034357292,66.81381255238928,66.26452770786744,65.26624671234697,61.563092539984,56.88039887486825,56.8513062746986,56.691007052565475,56.58405885237869,56.41138712442884,56.27553713466272,56.18308505327672,56.04750918743508,55.9463262176434,,,,Mexico,CH4
GCAM 5.3,R_MAC_60_n0,MEX,Emissions|CO2|AFOLU,Mt CO2/yr,,,,54.5907646693698,,,-3.94303733921057,,,,,-12.7699740072534,,-15.3215312317446,,,,,10.9666632176002,26.0189605895727,32.0178253386884,19.25549469714,19.9477893276543,8.47138467226006,6.47468909605202,1.07805818884225,-13.938672337329,-10.6084146180148,-8.44930505717109,-6.89207450314275,-5.90889686852005,-5.22149960840756,-4.85661203761298,-4.5133048660129,,,,Mexico,CO2
GCAM 5.3,R_MAC_60_n0,MEX,Emissions|CO2|Energy and Industrial Processes,Mt CO2/yr,,,,462.14296993503,,,487.596170428254,,,,,494.126346673001,,524.543729953973,,,,,499.15056319551,471.874031848353,422.740198459893,354.376311531385,258.873377229393,122.848423206196,-70.7072159236631,-247.320962048114,-243.786533438458,-259.704596053926,-269.340073356734,-272.166841630424,-267.878740781562,-255.310383330882,-242.29452272835,-229.014391459657,,,,Mexico,CO2
GCAM 5.3,R_MAC_60_n0,MEX,Emissions|CO2|Energy|Demand,Mt CO2/yr,,,,265.673891973897,,,295.306627927548,,,,,296.216457901656,,330.594241738359,,,,,330.583996723751,335.488386026437,337.03781226054,330.38681780243,312.069133441173,278.186958252836,226.56010891899,174.056236990282,174.742405932112,173.051029990439,176.927198169746,183.455783791398,192.338678920654,203.24896511067,213.074641025658,221.674741771901,,,,Mexico,CO2
GCAM 5.3,R_MAC_60_n0,MEX,Emissions|CO2|Energy|Demand|Industry,Mt CO2/yr,,,,94.4964288322009,,,104.932607206498,,,,,104.712251253166,,123.302366197757,,,,,121.46825532749,119.818179709264,116.305348988837,108.96658634101,95.035606152321,74.0747144745264,46.7010331522299,22.1116983468037,19.9482468699799,20.4855027429749,23.8749515837495,28.0931574430508,32.254900215836,36.4505076543916,39.9424158453541,42.8207846329181,,,,Mexico,CO2
GCAM 5.3,R_MAC_60_n0,MEX,Emissions|CO2|Energy|Demand|Residential and Commercial,Mt CO2/yr,,,,27.2937293409818,,,26.4858842520042,,,,,25.181640073916,,29.8658830528049,,,,,27.6642418355346,27.2609116732875,26.5373343470788,24.7220785035712,21.1051676150243,16.2386166330549,10.4463208255888,5.34475082674342,4.58771909161567,3.59828058727829,2.75063519822993,2.13199347251852,1.69553166388841,1.44359425387685,1.28902172358434,1.1749225127345,,,,Mexico,CO2
GCAM 5.3,R_MAC_60_n0,MEX,Emissions|CO2|Energy|Demand|Residential and Commercial|Commercial,Mt CO2/yr,,,,4.99772319463178,,,5.00320911984176,,,,,5.38167889297654,,6.558927949863,,,,,5.94456285874099,5.71848174230189,5.46620511562051,4.99373853062457,4.12898745544503,3.03586604728695,1.81928162656586,0.8385543928118,0.707029266055705,0.549201793513322,0.417788240965938,0.325312182687617,0.260462581777313,0.223267647936313,0.200644363658305,0.183422009133102,,,,Mexico,CO2
GCAM 5.3,R_MAC_60_n0,MEX,Emissions|CO2|Energy|Demand|Residential and Commercial|Residential,Mt CO2/yr,,,,22.2960061463501,,,21.4826751321624,,,,,19.7999611809395,,23.3069551029419,,,,,21.7196789767936,21.5424299309856,21.0711292314583,19.7283399729466,16.9761801595793,13.202750585768,8.62703919902297,4.50619643393162,3.88068982555997,3.04907879376497,2.332846957264,1.8066812898309,1.43506908211109,1.22032660594054,1.08837735992604,0.991500503601401,,,,Mexico,CO2
GCAM 5.3,R_MAC_60_n0,MEX,Emissions|CO2|Energy|Demand|Transportation,Mt CO2/yr,,,,143.883733800714,,,163.888136469046,,,,,166.322566574574,,177.425992487797,,,,,181.451499560726,188.409294643885,194.195128924625,196.698152957848,195.928359673827,187.873627145255,169.412754941171,146.599787816734,150.206439970516,148.967246660186,150.301611387767,153.230632875828,158.388247040929,165.354863202402,171.843203456719,177.679034626248,,,,Mexico,CO2
GCAM 5.3,R_MAC_60_n0,MEX,Emissions|CO2|Energy|Supply,Mt CO2/yr,,,,168.697460730673,,,166.468079236847,,,,,172.329952234981,,166.048699411196,,,,,154.298103799282,124.097761868841,74.8782128355529,15.1364114104123,-58.5366712781966,-154.973709369315,-287.9588526369,-402.048386907232,-395.840740857951,-403.017683019244,-408.688689202078,-409.726180595796,-406.729552022287,-399.301345179503,-391.222064907274,-382.179819883858,,,,Mexico,CO2
GCAM 5.3,R_MAC_60_n0,MEX,Emissions|CO2|Energy|Supply|Electricity,Mt CO2/yr,,,,123.434869756596,,,121.940866679534,,,,,124.693684912229,,121.595209600041,,,,,110.378309904735,85.0014711950571,45.375339394794,1.10103213414372,-45.4216218734606,-97.097204384141,-151.57020499551,-195.616446958953,-214.742969170061,-225.618814636477,-233.33046112075,-233.371236877312,-230.890689482814,-226.757381809329,-220.104224179513,-210.659031763798,,,,Mexico,CO2
GCAM 5.3,R_MAC_60_n0,MEX,Emissions|CO2|Energy|Supply|Gases,Mt CO2/yr,,,,9.56225536903579e-08,,,-3.66065317664208e-07,,,,,-3.39839388396538e-07,,0.0357567490823909,,,,,0.0258208095112744,0.0252161547597968,0.0274552438588116,0.0298418153201068,0.0212215259659764,0.0107861520029568,0.0026987974800725,0.0003836230733421,0.0004184190751948,0.0004395682282323,0.0004226948860779,0.0003684400476366,0.0003035051916991,0.0002571281685067,0.0002571546014076,0.0003105280884615,,,,Mexico,CO2
GCAM 5.3,R_MAC_60_n0,MEX,Emissions|CO2|Energy|Supply|Liquids,Mt CO2/yr,,,,45.2625908784544,,,44.5272143900451,,,,,47.6362676625915,,44.1960794200596,,,,,43.8509107622524,39.4598190389794,30.5936806725473,15.9510898139284,-9.6086787495058,-50.0533063049893,-117.413753279983,-159.167497632784,-152.810080360794,-158.520034321297,-162.62752731216,-166.674153618522,-167.533947165113,-164.625516387852,-163.039075582437,-163.377606923498,,,,Mexico,CO2
GCAM 5.3,R_MAC_60_n0,MEX,Emissions|CO2|Energy|Supply|Solids,Mt CO2/yr,,,,0.0,,,-1.46666737426144e-06,,,,,0.0,,-9.89998913227226e-06,,,,,0.0,0.0,-6.96666090932942e-06,-1.68666177156421e-05,0.0,-2.56666476763485e-06,-2.20000338337653e-06,0.0,-1.94332795259063e-06,0.0,-1.1000005046632e-07,-1.13666088602287e-06,-1.57666242302037e-06,0.0,0.0,0.0,,,,Mexico,CO2
GCAM 5.3,R_MAC_60_n0,MEX,Emissions|CO2|Industrial Processes,Mt CO2/yr,,,,27.7716172304601,,,25.8214632638587,,,,,25.5799365363642,,27.9007888044186,,,,,14.2684626724771,12.2878839530752,10.8241733638002,8.85308231854258,5.34091506641678,-0.364825677325022,-9.30847220575323,-19.328812131163,-22.6881985126194,-29.7379430251211,-37.5785823244023,-45.8964448260255,-53.4878676799292,-59.2580032620497,-64.1470988467336,-68.5093133476998,,,,Mexico,CO2
GCAM 5.3,R_MAC_60_n0,MEX,Emissions|N2O|AFOLU,Mt CO2e/yr,,,,23.974382628675,,,25.199776825791474,,,,,26.067733764864816,,28.052364262861577,,,,,31.14209110221109,34.6982079440137,37.61776301006888,39.84739294804987,41.61254825861625,43.070589783091144,43.437115031011885,43.38839099652548,43.86692453390602,44.26933021229001,44.63680051524112,44.79112223272951,44.949776235970795,45.1466906523461,45.323171075415054,45.4822698031237,,,,Mexico,N2O
GCAM 5.3,R_MAC_60_n8,MEX,Carbon Sequestration|CCS|Biomass,Mt CO2/yr,,,,0.0,,,0.0,,,,,0.0,,0.0,,,,,5.6975902179627,32.4907023670333,73.9506979584568,127.269840714318,211.506611500342,333.157424085899,437.998851548517,553.191060347371,541.014391445211,535.069711748929,529.899964270023,516.626382000183,493.140544982409,469.905663479542,465.675029721628,458.355426968503,,,,Mexico,
GCAM 5.3,R_MAC_60_n8,MEX,Emissions|CH4|AFOLU,Mt CO2e/yr,,,,51.948436579356525,,,54.182490226063365,,,,,53.84379745888416,,56.832503544549596,,,,,60.60681754130584,63.82310349884925,65.25280522997153,65.12668367695,63.54957067828516,60.35423761449964,54.809831019816876,49.59139873156392,49.763636291121486,49.91683192838412,50.13310624161252,50.319503997077,50.459938067779795,50.53128044362496,50.39106129588888,50.30192486733064,,,,Mexico,CH4
GCAM 5.3,R_MAC_60_n8,MEX,Emissions|CO2|AFOLU,Mt CO2/yr,,,,54.5907646693698,,,-3.94303733921057,,,,,-12.7699740072534,,-15.3215312317446,,,,,13.6369013132323,32.0984686954725,37.8236838199921,25.9315577996693,26.6490286252276,11.8548611524387,1.4220805627027,-13.4204650528577,-14.2043569257191,-11.3695629063455,-10.0116274170437,-9.20973561653133,-8.27102928622635,-7.42291183087707,-6.86974566754966,-6.3810694386658,,,,Mexico,CO2
GCAM 5.3,R_MAC_60_n8,MEX,Emissions|CO2|Energy and Industrial Processes,Mt CO2/yr,,,,462.14296993503,,,487.596170428254,,,,,494.126346673001,,524.543729953973,,,,,490.291239105203,447.779620667464,375.767205894246,275.495651776292,114.503651228983,-104.438815221556,-304.263680864746,-478.730862969176,-465.785703661539,-464.825656054705,-463.375663327273,-464.331655332803,-448.217211781585,-424.487991134223,-408.613895099918,-392.92294069802,,,,Mexico,CO2
GCAM 5.3,R_MAC_60_n8,MEX,Emissions|CO2|Energy|Demand,Mt CO2/yr,,,,265.673891973897,,,295.306627927548,,,,,296.216457901656,,330.594241738359,,,,,326.420929355954,327.7004539435,323.192736622964,306.524636066394,267.774502988016,212.1485791736,150.286465519964,108.13583010343,110.802045896533,110.401976400375,111.979630405563,110.892124535652,115.660943114275,125.332430961254,137.169251105501,147.472368451387,,,,Mexico,CO2
GCAM 5.3,R_MAC_60_n8,MEX,Emissions|CO2|Energy|Demand|Industry,Mt CO2/yr,,,,94.4964288322009,,,104.932607206498,,,,,104.712251253166,,123.302366197757,,,,,118.844637418868,115.15216292108,108.40190273224,96.1050993200387,74.1252162883137,46.4363452492317,18.7918219154965,5.99756476171777,5.29913934414433,4.7687213922316,4.29142149372791,5.05940151974699,6.96665577007026,10.0490925406457,15.081285469839,19.5363267191997,,,,Mexico,CO2
GCAM 5.3,R_MAC_60_n8,MEX,Emissions|CO2|Energy|Demand|Residential and Commercial,Mt CO2/yr,,,,27.2937293409818,,,26.4858842520042,,,,,25.181640073916,,29.8658830528049,,,,,26.9930822805106,26.1193263421931,24.6582546325947,21.6683303773292,16.1984839285931,10.0735724702859,4.4783328064025,1.5028763778914,1.31090514450264,1.07503641909797,0.855526001053279,0.510730086128751,0.287597646254306,0.196469728119336,0.192378932257625,0.190040175647515,,,,Mexico,CO2
GCAM 5.3,R_MAC_60_n8,MEX,Emissions|CO2|Energy|Demand|Residential and Commercial|Commercial,Mt CO2/yr,,,,4.99772319463178,,,5.00320911984176,,,,,5.38167889297654,,6.558927949863,,,,,5.76901142639387,5.42760747579866,5.00239614587302,4.26570564429801,3.03184837292115,1.75199329865323,0.687616495237722,0.207502731264061,0.180956498839866,0.15016999360781,0.120625772370543,0.0755059526590531,0.0460566155477435,0.0337663568324042,0.0325148384702533,0.0315231420719226,,,,Mexico,CO2
GCAM 5.3,R_MAC_60_n8,MEX,Emissions|CO2|Energy|Demand|Residential and Commercial|Residential,Mt CO2/yr,,,,22.2960061463501,,,21.4826751321624,,,,,19.7999611809395,,23.3069551029419,,,,,21.2240708541168,20.6917188663945,19.6558584867217,17.4026247330312,13.1666355556719,8.32157917163264,3.79071631116478,1.29537364662734,1.12994864566277,0.924866425490158,0.734900228682736,0.435224133469698,0.241541030706563,0.162703371286931,0.159864093787372,0.158517033575592,,,,Mexico,CO2
GCAM 5.3,R_MAC_60_n8,MEX,Emissions|CO2|Energy|Demand|Transportation,Mt CO2/yr,,,,143.883733800714,,,163.888136469046,,,,,166.322566574574,,177.425992487797,,,,,180.583209656576,186.428964680227,190.132579258129,188.751206369026,177.450802771109,155.638661454082,127.016310798065,100.63538896382,104.192001407886,104.558218589045,106.832682910781,105.321992929776,108.406689697951,115.086868692489,121.895586703405,127.74600155654,,,,Mexico,CO2
GCAM 5.3,R_MAC_60_n8,MEX,Emissions|CO2|Energy|Supply,Mt CO2/yr,,,,168.697460730673,,,166.468079236847,,,,,172.329952234981,,166.048699411196,,,,,150.542247811094,108.700264436509,43.0096141615211,-37.8750587195027,-154.190900541776,-308.05353779858,-434.729716393593,-555.687536732292,-542.386480217244,-534.877156513917,-527.946443930971,-512.166037254094,-486.570417893013,-462.555941273458,-455.308515542995,-447.337087674666,,,,Mexico,CO2
GCAM 5.3,R_MAC_60_n8,MEX,Emissions|CO2|Energy|Supply|Electricity,Mt CO2/yr,,,,123.434869756596,,,121.940866679534,,,,,124.693684912229,,121.595209600041,,,,,106.924181516108,71.5507343991103,19.1878198537767,-39.1019530304047,-103.473299722697,-166.276054214409,-214.148930439473,-234.579419803089,-265.651799798814,-284.536094645663,-303.659369212711,-297.804174794253,-275.669087978459,-255.112770753408,-255.443416006817,-250.753814561852,,,,Mexico,CO2
GCAM 5.3,R_MAC_60_n8,MEX,Emissions|CO2|Energy|Supply|Gases,Mt CO2/yr,,,,9.56225536903579e-08,,,-3.66065317664208e-07,,,,,-3.39839388396538e-07,,0.0357567490823909,,,,,0.0220405240860443,0.0210893329869156,0.0211346901925687,0.0181192479863993,0.0077923333897663,0.0019508653100293,0.0001876032785497,1.29211026287468e-05,1.22162222641209e-05,1.18898753134464e-05,1.13921182666052e-05,1.15819838897842e-05,1.03039283616831e-05,8.61751827071092e-06,6.48248835682561e-06,5.15385362176372e-06,,,,Mexico,CO2
GCAM 5.3,R_MAC_60_n8,MEX,Emissions|CO2|Energy|Supply|Liquids,Mt CO2/yr,,,,45.2625908784544,,,44.5272143900451,,,,,47.6362676625915,,44.1960794200596,,,,,43.6267397055418,37.7739970422875,25.6598860342941,4.9080225450179,-42.1781948651692,-122.623063281974,-176.474700614622,-180.944459011245,-170.379793949712,-169.543769676217,-168.561124659318,-183.448917480254,-192.154159296094,-193.168280486161,-183.479365483209,-178.831191315323,,,,Mexico,CO2
GCAM 5.3,R_MAC_60_n8,MEX,Emissions|CO2|Energy|Supply|Solids,Mt CO2/yr,,,,0.0,,,-1.46666737426144e-06,,,,,0.0,,-9.89998913227226e-06,,,,,0.0,-1.0999956607186e-05,0.0,-2.93332923496254e-06,0.0,-3.66666214410548e-06,0.0,-7.33333565142177e-08,0.0,-3.66667471383786e-08,0.0,0.0,-3.29999425030736e-07,-3.6666712337769e-07,-3.66666686917395e-08,-3.29999605534992e-07,,,,Mexico,CO2
GCAM 5.3,R_MAC_60_n8,MEX,Emissions|CO2|Industrial Processes,Mt CO2/yr,,,,27.7716172304601,,,25.8214632638587,,,,,25.5799365363642,,27.9007888044186,,,,,13.3280619381545,11.3789022874551,9.56485510976115,6.84607442940055,0.920048782742432,-8.53385659657553,-19.8204299911164,-31.1791563403132,-34.2012693408278,-40.3504759411632,-47.4088498018647,-63.0577426143607,-77.307737002847,-87.2644808220193,-90.474630662425,-93.0582214747411,,,,Mexico,CO2
GCAM 5.3,R_MAC_60_n8,MEX,Emissions|N2O|AFOLU,Mt CO2e/yr,,,,23.974382628675,,,25.199776825791474,,,,,26.067733764864816,,28.052364262861577,,,,,31.238325013890815,34.93798671070781,37.88781200174716,40.010293895504475,41.90479842183044,42.74888383103493,42.632004365569166,42.25678155212787,42.7067495881755,43.12009426149324,43.51537414505026,43.708383321622655,43.95496303741589,44.210173012346246,44.37485499265264,44.54766649646286,,,,Mexico,N2O
GCAM 5.3,R_MAC_65_n0,MEX,Carbon Sequestration|CCS|Biomass,Mt CO2/yr,,,,0.0,,,0.0,,,,,0.0,,0.0,,,,,3.22876389019063,19.7222873062684,44.3358660038662,74.0218452425914,111.2514435571,158.92314306089,234.547215841472,338.065116321053,418.838644698761,418.628358973897,417.932213788337,417.956615807939,416.994367017955,411.386154331738,403.985354903405,397.577382850797,,,,Mexico,
GCAM 5.3,R_MAC_65_n0,MEX,Emissions|CH4|AFOLU,Mt CO2e/yr,,,,51.948436579356525,,,54.182490226063365,,,,,53.84379745888416,,56.832503544549596,,,,,60.63242449696908,64.2483918559868,66.36639671736677,67.53398515960208,67.42492560137433,67.13270741816268,64.83354690322048,61.039069474257005,56.808631529887165,56.76175712282572,56.6758300544254,56.50541550293052,56.356202057737406,56.21395392153183,56.054924759947674,55.92100863034924,,,,Mexico,CH4
GCAM 5.3,R_MAC_65_n0,MEX,Emissions|CO2|AFOLU,Mt CO2/yr,,,,54.5907646693698,,,-3.94303733921057,,,,,-12.7699740072534,,-15.3215312317446,,,,,9.51559658602965,22.8031718318058,29.9287720580662,16.9342661585404,17.2046568132244,6.66583078199173,3.39086241499086,4.22616907642691,-0.738966619994985,-11.2509822327427,-8.38280122368798,-6.77315614983351,-5.71905253858888,-4.98236650431128,-4.55730956328558,-4.25146252787782,,,,Mexico,CO2
GCAM 5.3,R_MAC_65_n0,MEX,Emissions|CO2|Energy and Industrial Processes,Mt CO2/yr,,,,462.14296993503,,,487.596170428254,,,,,494.126346673001,,524.543729953973,,,,,503.710653566246,484.414708397437,446.603600831216,391.448831719558,317.2580130715,218.296438819767,72.5708691397782,-109.988914193236,-264.365685597034,-264.674691221126,-258.481042045118,-257.706509509352,-257.383216420467,-248.605094836321,-236.2808391939,-227.176697745791,,,,Mexico,CO2
GCAM 5.3,R_MAC_65_n0,MEX,Emissions|CO2|Energy|Demand,Mt CO2/yr,,,,265.673891973897,,,295.306627927548,,,,,296.216457901656,,330.594241738359,,,,,332.854087669191,339.869955317773,344.441096774819,342.032052070672,331.844398213904,309.043200695827,269.540130531843,220.073386930444,170.712627709217,170.79398026058,177.582928363036,184.304093718842,192.053560560481,202.459224432176,212.980836827368,221.789086917716,,,,Mexico,CO2
GCAM 5.3,R_MAC_65_n0,MEX,Emissions|CO2|Energy|Demand|Industry,Mt CO2/yr,,,,94.4964288322009,,,104.932607206498,,,,,104.712251253166,,123.302366197757,,,,,122.872881250723,122.447401012343,120.632784971895,115.594535662311,105.821987276474,89.1609914675245,65.1489833234517,40.1234494534935,20.1345727412233,20.791073030648,24.3518961375638,28.4191195675819,32.3596589118853,36.4928097159331,40.3637749542913,43.5716547706672,,,,Mexico,CO2
GCAM 5.3,R_MAC_65_n0,MEX,Emissions|CO2|Energy|Demand|Residential and Commercial,Mt CO2/yr,,,,27.2937293409818,,,26.4858842520042,,,,,25.181640073916,,29.8658830528049,,,,,28.0368447105276,27.9235189945535,27.5976247513457,26.3144935986284,23.4890342080016,19.4973137144601,14.1547034864447,8.81226994906976,4.32133253700168,3.52059589226248,2.82339828205248,2.20688469034261,1.70885379241627,1.42251878655301,1.27580397953005,1.16354642876319,,,,Mexico,CO2
GCAM 5.3,R_MAC_65_n0,MEX,Emissions|CO2|Energy|Demand|Residential and Commercial|Commercial,Mt CO2/yr,,,,4.99772319463178,,,5.00320911984176,,,,,5.38167889297654,,6.558927949863,,,,,6.04188222274027,5.88861651548714,5.73252749838462,5.38110936484995,4.68778139446373,3.75991748663611,2.57981296632453,1.49298764319538,0.667047467706581,0.5393265976396,0.429190992901648,0.336548364457021,0.262755053685174,0.220471323675377,0.198759079045757,0.181626709254122,,,,Mexico,CO2
GCAM 5.3,R_MAC_65_n0,MEX,Emissions|CO2|Energy|Demand|Residential and Commercial|Residential,Mt CO2/yr,,,,22.2960061463501,,,21.4826751321624,,,,,19.7999611809395,,23.3069551029419,,,,,21.9949624877873,22.0349024790664,21.8650972529611,20.9333842337785,18.8012528135379,15.737396227824,11.5748905201202,7.31928230587439,3.6542850692951,2.98126929462288,2.39420728915083,1.87033632588558,1.44609873873109,1.20204746287764,1.07704490048429,0.981919719509071,,,,Mexico,CO2
GCAM 5.3,R_MAC_65_n0,MEX,Emissions|CO2|Energy|Demand|Transportation,Mt CO2/yr,,,,143.883733800714,,,163.888136469046,,,,,166.322566574574,,177.425992487797,,,,,181.94436170794,189.499035310876,196.210687051578,200.123022809733,202.533376729428,200.384895513842,190.236443721946,171.137667527881,146.256722430992,146.48231133767,150.40763394342,153.678089460918,157.98504785618,164.54389592969,171.341257893547,177.053885718285,,,,Mexico,CO2
GCAM 5.3,R_MAC_65_n0,MEX,Emissions|CO2|Energy|Supply,Mt CO2/yr,,,,168.697460730673,,,166.468079236847,,,,,172.329952234981,,166.048699411196,,,,,155.992459126243,131.65628875041,90.5732019674546,39.5530889574147,-21.6011938537585,-93.5342950724538,-193.209737075902,-316.480785302203,-409.496884759961,-403.882046084138,-398.756247449261,-396.955243428498,-395.921079353636,-391.118676000716,-384.699628976651,-380.14221206454,,,,Mexico,CO2
GCAM 5.3,R_MAC_65_n0,MEX,Emissions|CO2|Energy|Supply|Electricity,Mt CO2/yr,,,,123.434869756596,,,121.940866679534,,,,,124.693684912229,,121.595209600041,,,,,111.923535741219,91.6222402767962,58.6403140754449,20.8730024088239,-18.7797310436233,-61.0898913138669,-111.190313158938,-159.603523692578,-199.071425235488,-210.634136291961,-219.12380997578,-219.854088846392,-217.638792856507,-214.997533616315,-212.07662772964,-208.259107089941,,,,Mexico,CO2
GCAM 5.3,R_MAC_65_n0,MEX,Emissions|CO2|Energy|Supply|Gases,Mt CO2/yr,,,,9.56225536903579e-08,,,-3.66065317664208e-07,,,,,-3.39839388396538e-07,,0.0357567490823909,,,,,0.0282496890484763,0.0276759094257873,0.0307327073084269,0.0361448514721436,0.031238012059682,0.0223772721055229,0.0086128614109917,0.0021342652770388,0.0003908284421184,0.0004450676307936,0.000436550699278,0.0003958752251939,0.0003388439317591,0.0002806796305555,0.0002787812178004,0.0003307891449738,,,,Mexico,CO2
GCAM 5.3,R_MAC_65_n0,MEX,Emissions|CO2|Energy|Supply|Liquids,Mt CO2/yr,,,,45.2625908784544,,,44.5272143900451,,,,,47.6362676625915,,44.1960794200596,,,,,43.9597587877979,40.2652579495828,32.6893053152675,19.9719774503845,-0.649962674973323,-28.1373526382941,-71.3297477713745,-131.801180447215,-171.071289047884,-170.494758841073,-165.08845494796,-166.846282897072,-170.058211615112,-168.373401630126,-164.517562100254,-163.460148133302,,,,Mexico,CO2
GCAM 5.3,R_MAC_65_n0,MEX,Emissions|CO2|Energy|Supply|Solids,Mt CO2/yr,,,,0.0,,,-1.46666737426144e-06,,,,,0.0,,-9.89998913227226e-06,,,,,0.0,0.0,-5.86666500744313e-06,0.0,0.0,0.0,-1.83333265955035e-06,0.0,0.0,-1.24666689334452e-06,0.0,-5.49999534901787e-07,-7.33333631393721e-08,0.0,-1.83333646526388e-07,-7.33335456527817e-08,,,,Mexico,CO2
GCAM 5.3,R_MAC_65_n0,MEX,Emissions|CO2|Industrial Processes,Mt CO2/yr,,,,27.7716172304601,,,25.8214632638587,,,,,25.5799365363642,,27.9007888044186,,,,,14.8641067708122,12.8884643292545,11.5893020889427,9.86369069147181,7.01480871135417,2.78753319639346,-3.75952431616242,-13.5815158214777,-25.5814285462904,-31.5866253975676,-37.3077229588932,-45.0553597996961,-53.5156976273127,-59.9456432677805,-64.5620470446176,-68.8235725989669,,,,Mexico,CO2
GCAM 5.3,R_MAC_65_n0,MEX,Emissions|N2O|AFOLU,Mt CO2e/yr,,,,23.974382628675,,,25.199776825791474,,,,,26.067733764864816,,28.052364262861577,,,,,31.087626555399144,34.559808099119394,37.44791173956515,39.72233666783901,41.48791521458957,42.984843319543394,43.788678926347444,43.81446043866255,43.848408569318266,44.275053031207364,44.650603991793616,44.84742667461201,44.97604741641184,45.1581192357709,45.33453530892413,45.47881587844222,,,,Mexico,N2O
GCAM 5.3,R_MAC_65_n8,MEX,Carbon Sequestration|CCS|Biomass,Mt CO2/yr,,,,0.0,,,0.0,,,,,0.0,,0.0,,,,,4.49669928212414,26.7657621499175,60.5095033775301,101.759561650868,159.437233974293,248.09339603061,361.813951148881,459.220991633794,553.621253801762,539.628420270956,523.476231671737,505.433861587273,483.382024455049,466.910068232238,463.14810829962,459.039870615879,,,,Mexico,
GCAM 5.3,R_MAC_65_n8,MEX,Emissions|CH4|AFOLU,Mt CO2e/yr,,,,51.948436579356525,,,54.182490226063365,,,,,53.84379745888416,,56.832503544549596,,,,,60.62538626786572,64.00033430621713,65.77854683368275,66.2519963726362,65.41486862571416,63.70663886845496,59.163839256667316,54.2311117113794,49.609321373418524,49.8262995656048,50.11852469033256,50.3517973492324,50.496831196919516,50.51815202175588,50.34964946630444,50.24391720748176,,,,Mexico,CH4
GCAM 5.3,R_MAC_65_n8,MEX,Emissions|CO2|AFOLU,Mt CO2/yr,,,,54.5907646693698,,,-3.94303733921057,,,,,-12.7699740072534,,-15.3215312317446,,,,,11.9096989275425,28.1606545526715,33.6822415384972,21.2127533832076,22.222148786788,9.87135551481389,7.2166300748442,-4.30106545687776,-13.2775632691142,-11.2203381368762,-8.98083488146138,-8.11367466803278,-7.40677512854402,-6.86110777640846,-6.4633754243029,-6.09862647347892,,,,Mexico,CO2
GCAM 5.3,R_MAC_65_n8,MEX,Emissions|CO2|Energy and Industrial Processes,Mt CO2/yr,,,,462.14296993503,,,487.596170428254,,,,,494.126346673001,,524.543729953973,,,,,496.087842543256,463.491505072121,406.731237673158,328.581307648412,214.7406565997,47.9643703112013,-159.771907096785,-329.827828199356,-481.810263534183,-473.006617627736,-464.262976911857,-456.694387428268,-437.837175702219,-416.786028660904,-401.406057701164,-392.106464507544,,,,Mexico,CO2
GCAM 5.3,R_MAC_65_n8,MEX,Emissions|CO2|Energy|Demand,Mt CO2/yr,,,,265.673891973897,,,295.306627927548,,,,,296.216457901656,,330.594241738359,,,,,329.105070224874,332.697751668392,332.248515356702,322.409792965396,297.97014317123,256.340264562511,198.207988223112,148.174284666769,109.695069824851,109.357783219014,109.00610016501,109.156593795573,115.759267385332,126.46108729969,139.010233356231,149.081778246777,,,,Mexico,CO2
GCAM 5.3,R_MAC_65_n8,MEX,Emissions|CO2|Energy|Demand|Industry,Mt CO2/yr,,,,94.4964288322009,,,104.932607206498,,,,,104.712251253166,,123.302366197757,,,,,120.542230102883,118.1428566279,113.533710508415,104.499670832068,87.9044866978125,64.375570494469,35.5668779832644,14.131570821677,4.95759113474012,4.58660519305211,4.34515001285788,5.16432438422754,7.31817210375984,11.223885101641,17.0680351454059,21.8920748290699,,,,Mexico,CO2
GCAM 5.3,R_MAC_65_n8,MEX,Emissions|CO2|Energy|Demand|Residential and Commercial,Mt CO2/yr,,,,27.2937293409818,,,26.4858842520042,,,,,25.181640073916,,29.8658830528049,,,,,27.4240719794016,26.8469668811356,25.872319315603,23.6775077514918,19.4556722587115,14.0754245801426,8.07529871826081,3.60131516755577,1.2274662573826,1.03155276086991,0.769713975381453,0.460355851359389,0.276435905016287,0.205089405220566,0.198961415136428,0.181906363496952,,,,Mexico,CO2
GCAM 5.3,R_MAC_65_n8,MEX,Emissions|CO2|Energy|Demand|Residential and Commercial|Commercial,Mt CO2/yr,,,,4.99772319463178,,,5.00320911984176,,,,,5.38167889297654,,6.558927949863,,,,,5.88175988593134,5.61265581888166,5.30076470307521,4.74166092124802,3.75218836141721,2.57380281578789,1.3512121747287,0.535741863832908,0.169365641346209,0.144096704043466,0.10932624304261,0.0689803287343805,0.0446511742037968,0.0347669169231995,0.0332208440692356,0.0303461341962682,,,,Mexico,CO2
GCAM 5.3,R_MAC_65_n8,MEX,Emissions|CO2|Energy|Demand|Residential and Commercial|Residential,Mt CO2/yr,,,,22.2960061463501,,,21.4826751321624,,,,,19.7999611809395,,23.3069551029419,,,,,21.5423120934703,21.234311062254,20.5715546125278,18.9358468302438,15.7034838972943,11.5016217643547,6.72408654353211,3.06557330372286,1.05810061603639,0.887456056826447,0.660387732338843,0.391375522625008,0.231784730812491,0.170322488297367,0.165740571067192,0.151560229300684,,,,Mexico,CO2
GCAM 5.3,R_MAC_65_n8,MEX,Emissions|CO2|Energy|Demand|Transportation,Mt CO2/yr,,,,143.883733800714,,,163.888136469046,,,,,166.322566574574,,177.425992487797,,,,,181.13876814259,187.707928159356,192.842485532684,194.232614381836,190.609984214706,177.889269487899,154.565811521587,130.441398677537,103.510012432728,103.739625265092,103.891236176771,103.531913559986,108.164659376556,115.032112792828,121.743236795689,127.007797054211,,,,Mexico,CO2
GCAM 5.3,R_MAC_65_n8,MEX,Emissions|CO2|Energy|Supply,Mt CO2/yr,,,,168.697460730673,,,166.468079236847,,,,,172.329952234981,,166.048699411196,,,,,153.069583609115,118.852567950877,64.113114793772,-2.02233481134994,-87.2899534998171,-205.499304517051,-344.912017867328,-454.919624109542,-555.796563344422,-540.983164594046,-522.683164157091,-500.409190273705,-475.614711651921,-457.032007057442,-451.223815992971,-447.741240519721,,,,Mexico,CO2
GCAM 5.3,R_MAC_65_n8,MEX,Emissions|CO2|Energy|Supply|Electricity,Mt CO2/yr,,,,123.434869756596,,,121.940866679534,,,,,124.693684912229,,121.595209600041,,,,,109.251729691955,80.4100841461863,36.3867285430392,-12.4033153387121,-64.6802855270448,-122.314511562654,-175.931858972914,-214.007043540496,-242.952874709138,-265.602690729089,-286.964066092373,-280.749195843503,-263.204173660028,-251.577217545314,-253.754562418256,-251.590401133789,,,,Mexico,CO2
GCAM 5.3,R_MAC_65_n8,MEX,Emissions|CO2|Energy|Supply|Gases,Mt CO2/yr,,,,9.56225536903579e-08,,,-3.66065317664208e-07,,,,,-3.39839388396538e-07,,0.0357567490823909,,,,,0.0243838169869646,0.0236785673229328,0.0251934933300406,0.0255714777478745,0.0156758917997405,0.0061788206925284,0.0011206302685132,0.0001171035876013,1.17736876737713e-05,1.20254557200498e-05,1.28686496472193e-05,1.37432736328695e-05,1.22715023656577e-05,9.39683485403431e-06,6.53020961560109e-06,5.23016535086827e-06,,,,Mexico,CO2
GCAM 5.3,R_MAC_65_n8,MEX,Emissions|CO2|Energy|Supply|Liquids,Mt CO2/yr,,,,45.2625908784544,,,44.5272143900451,,,,,47.6362676625915,,44.1960794200596,,,,,43.7759141993745,38.8956497582102,29.0571221667774,12.8026098295792,-17.7700192830112,-71.919712714411,-143.249527587471,-169.730032021913,-180.392962573032,-178.139844967453,-180.764103580433,-190.835068548582,-194.383732752747,-190.314831485787,-179.951907234655,-178.311297142016,,,,Mexico,CO2
GCAM 5.3,R_MAC_65_n8,MEX,Emissions|CO2|Energy|Supply|Solids,Mt CO2/yr,,,,0.0,,,-1.46666737426144e-06,,,,,0.0,,-9.89998913227226e-06,,,,,0.0,0.0,-1.83333413835267e-06,-5.86666598574656e-06,-1.24666218961892e-05,-1.09999980262573e-06,0.0,0.0,0.0,-1.10000033498611e-07,-1.09999819442934e-07,-2.19999599813029e-07,0.0,0.0,-2.93332732172084e-07,-2.93332742835122e-07,,,,Mexico,CO2
GCAM 5.3,R_MAC_65_n8,MEX,Emissions|CO2|Industrial Processes,Mt CO2/yr,,,,27.7716172304601,,,25.8214632638587,,,,,25.5799365363642,,27.9007888044186,,,,,13.9131887092668,11.9411854528521,10.3696075226841,8.19384949436571,4.06046692828745,-2.87658973425875,-13.0678774525687,-23.0824887565833,-35.7087700146119,-41.3812362527047,-50.5859129197761,-65.4417909501353,-77.9817314356296,-86.2151089031523,-89.192475064424,-93.4470022346005,,,,Mexico,CO2
GCAM 5.3,R_MAC_65_n8,MEX,Emissions|N2O|AFOLU,Mt CO2e/yr,,,,23.974382628675,,,25.199776825791474,,,,,26.067733764864816,,28.052364262861577,,,,,31.176618585303824,34.78796143443921,37.71850386876663,39.8933879626606,41.72808344626686,43.03630746236012,43.11112870425379,43.00021767909859,42.67122334527398,43.09795395054568,43.51404879978729,43.74969481226554,43.97064555839947,44.20846619512104,44.37533085250574,44.537544923725584,,,,Mexico,N2O
GCAM 5.3,R_MAC_70_n0,MEX,Carbon Sequestration|CCS|Biomass,Mt CO2/yr,,,,0.0,,,0.0,,,,,0.0,,0.0,,,,,2.75479412376914,16.6109719667549,37.5446605998173,62.8011923991988,94.2303862730646,130.787366023093,182.500871207653,267.759551431409,357.655442647395,423.656615610221,414.587573386139,408.76806996485,407.505278155143,403.849953890822,398.25054831329,392.709044129475,,,,Mexico,
GCAM 5.3,R_MAC_70_n0,MEX,Emissions|CH4|AFOLU,Mt CO2e/yr,,,,51.948436579356525,,,54.182490226063365,,,,,53.84379745888416,,56.832503544549596,,,,,60.628105574801516,64.33240084456948,66.598908303823,68.02034807664516,68.38643677462044,68.32627617504585,66.99553233741311,64.19108928639233,60.5174132547138,56.65469373939145,56.69676465977804,56.56888259820252,56.4254641899718,56.26624198307896,56.088634506050155,55.92745433840124,,,,Mexico,CH4
GCAM 5.3,R_MAC_70_n0,MEX,Emissions|CO2|AFOLU,Mt CO2/yr,,,,54.5907646693698,,,-3.94303733921057,,,,,-12.7699740072534,,-15.3215312317446,,,,,8.34294122612209,20.3901513313558,28.3365576928706,15.694084234574,15.573143932373,5.69789693477076,1.03586365067119,1.73471200587023,4.55046783547502,-1.87761846274504,-9.08736911342473,-6.87657100861234,-5.76762114841661,-4.94796548530031,-4.39959809459147,-4.09907804468711,,,,Mexico,CO2
GCAM 5.3,R_MAC_70_n0,MEX,Emissions|CO2|Energy and Industrial Processes,Mt CO2/yr,,,,462.14296993503,,,487.596170428254,,,,,494.126346673001,,524.543729953973,,,,,507.290519299992,494.454684763459,464.631243498457,418.980751354327,357.205547704009,280.766711909414,174.342736962876,21.6928477856428,-143.777840665928,-283.361067785871,-262.289537456487,-249.492045189772,-248.660821538045,-243.651253027282,-233.333928171757,-223.656773610205,,,,Mexico,CO2
GCAM 5.3,R_MAC_70_n0,MEX,Emissions|CO2|Energy|Demand,Mt CO2/yr,,,,265.673891973897,,,295.306627927548,,,,,296.216457901656,,330.594241738359,,,,,334.680734218965,343.584003132339,350.182224990336,350.815131238566,345.364331109815,331.347481077343,302.908059888512,263.344297125344,214.2342096699,165.613943395009,174.753045591098,183.999486282826,191.427428806722,200.904487527349,211.356966014822,220.984554180412,,,,Mexico,CO2
GCAM 5.3,R_MAC_70_n0,MEX,Emissions|CO2|Energy|Demand|Industry,Mt CO2/yr,,,,94.4964288322009,,,104.932607206498,,,,,104.712251253166,,123.302366197757,,,,,123.986368472948,124.662685431766,124.000905595684,120.679940948382,113.412348775992,101.202251082477,81.4129929882816,58.4460329577293,36.860191567007,21.1622963237298,24.6106428620807,28.7656225672686,32.4887283394788,36.3948403134582,40.2579715720943,43.6015203487683,,,,Mexico,CO2
GCAM 5.3,R_MAC_70_n0,MEX,Emissions|CO2|Energy|Demand|Residential and Commercial,Mt CO2/yr,,,,27.2937293409818,,,26.4858842520042,,,,,25.181640073916,,29.8658830528049,,,,,28.3399149378463,28.4990369639293,28.4376949628903,27.5409671442849,25.1991706826174,21.9915730409068,17.2096176606808,12.1949415384645,7.13232633023413,3.22727105371178,2.71449247021877,2.22565650228596,1.70996071880701,1.38445848693799,1.23373749269474,1.13931792783695,,,,Mexico,CO2
GCAM 5.3,R_MAC_70_n0,MEX,Emissions|CO2|Energy|Demand|Residential and Commercial|Commercial,Mt CO2/yr,,,,4.99772319463178,,,5.00320911984176,,,,,5.38167889297654,,6.558927949863,,,,,6.12092304831637,6.03702519976812,5.94522779022919,5.68296758868806,5.09720241528015,4.3366298767368,3.23836045781198,2.16713957297976,1.17748780251703,0.495948250871653,0.414108715243359,0.339728259690198,0.263289787283647,0.215486183344102,0.193070296777673,0.178257717826538,,,,Mexico,CO2
GCAM 5.3,R_MAC_70_n0,MEX,Emissions|CO2|Energy|Demand|Residential and Commercial|Residential,Mt CO2/yr,,,,22.2960061463501,,,21.4826751321624,,,,,19.7999611809395,,23.3069551029419,,,,,22.2189918895299,22.4620117641611,22.4924671726611,21.8579995555968,20.1019682673372,17.65494316417,13.9712572028688,10.0278019654848,5.95483852771711,2.73132280284013,2.30038375497541,1.88592824259576,1.44667093152336,1.16897230359389,1.04066719591707,0.96106021001041,,,,Mexico,CO2
GCAM 5.3,R_MAC_70_n0,MEX,Emissions|CO2|Energy|Demand|Transportation,Mt CO2/yr,,,,143.883733800714,,,163.888136469046,,,,,166.322566574574,,177.425992487797,,,,,182.35445080817,190.422280736644,197.743624431762,202.594223145899,206.752811651206,208.153656953959,204.28544923955,192.70332262915,170.241691772659,141.224376017567,147.427910258798,153.008207213271,157.228739748437,163.125188726952,169.865256950033,176.243715903807,,,,Mexico,CO2
GCAM 5.3,R_MAC_70_n0,MEX,Emissions|CO2|Energy|Supply,Mt CO2/yr,,,,168.697460730673,,,166.468079236847,,,,,172.329952234981,,166.048699411196,,,,,157.21817533984,137.406490632126,102.196277946643,57.4699560245724,3.64963177055237,-55.376443624505,-128.571618928568,-234.220307283707,-338.627318479575,-413.723810048075,-397.462011248017,-388.136597380116,-386.19663741325,-383.238871843754,-378.493703020383,-374.843108318279,,,,Mexico,CO2
GCAM 5.3,R_MAC_70_n0,MEX,Emissions|CO2|Energy|Supply|Electricity,Mt CO2/yr,,,,123.434869756596,,,121.940866679534,,,,,124.693684912229,,121.595209600041,,,,,113.032393068421,96.6466771389973,68.5814274686137,35.7115133766503,0.53703109839956,-35.6149470414854,-78.6512921730231,-127.755640207873,-167.914765379923,-195.767623294941,-204.390981571669,-206.188097392317,-204.393695322299,-201.751014533634,-200.416102587461,-200.296790348769,,,,Mexico,CO2
GCAM 5.3,R_MAC_70_n0,MEX,Emissions|CO2|Energy|Supply|Gases,Mt CO2/yr,,,,9.56225536903579e-08,,,-3.66065317664208e-07,,,,,-3.39839388396538e-07,,0.0357567490823909,,,,,0.0304219686392832,0.029682383333467,0.0336370702432843,0.0414805157555407,0.041412187637256,0.0359960901430266,0.0185818178230045,0.0065095120249347,0.0018871156578394,0.0004258021712505,0.0004353485671308,0.0004083777729219,0.0003638235122176,0.0003130062973294,0.0003233106472097,0.0003541660289334,,,,Mexico,CO2
GCAM 5.3,R_MAC_70_n0,MEX,Emissions|CO2|Energy|Supply|Liquids,Mt CO2/yr,,,,45.2625908784544,,,44.5272143900451,,,,,47.6362676625915,,44.1960794200596,,,,,44.0448542351441,40.8847727807137,34.1408976956408,22.6506365631724,4.57528488604362,-17.1176466810597,-43.6039396982083,-90.1979016247691,-147.22026400837,-190.528821570704,-176.528605843728,-170.561024033448,-173.36950444131,-173.92639655947,-170.132838071622,-166.080784851076,,,,Mexico,CO2
GCAM 5.3,R_MAC_70_n0,MEX,Emissions|CO2|Energy|Supply|Solids,Mt CO2/yr,,,,0.0,,,-1.46666737426144e-06,,,,,0.0,,-9.89998913227226e-06,,,,,0.0,0.0,0.0,-8.79999109730245e-06,-1.5399953884249e-05,-1.5766605262421e-05,0.0,0.0,0.0,-8.43332422648456e-07,0.0,-1.79666450339914e-06,0.0,-6.6000063901655e-07,0.0,-8.79999349681992e-07,,,,Mexico,CO2
GCAM 5.3,R_MAC_70_n0,MEX,Emissions|CO2|Industrial Processes,Mt CO2/yr,,,,27.7716172304601,,,25.8214632638587,,,,,25.5799365363642,,27.9007888044186,,,,,15.3916097411865,13.4641909989938,12.2527405614777,10.6956640911885,8.19158482364156,4.79567445657542,0.0062960029310312,-7.43114205599431,-19.3847318562527,-35.251201132804,-39.580571799567,-45.3549340924818,-53.8916129315175,-61.3168687108767,-66.1971911661962,-69.7982194723384,,,,Mexico,CO2
GCAM 5.3,R_MAC_70_n0,MEX,Emissions|N2O|AFOLU,Mt CO2e/yr,,,,23.974382628675,,,25.199776825791474,,,,,26.067733764864816,,28.052364262861577,,,,,31.04248782676287,34.44488757148011,37.30364461126294,39.58847689618349,41.51432361971403,42.878979494276834,43.87312762867289,44.29919249607852,44.303431821280086,44.25131411127472,44.648809968738064,44.88604007199367,44.99404528627309,45.17355772945115,45.345551578951806,45.479918835939316,,,,Mexico,N2O
GCAM 5.3,R_MAC_70_n8,MEX,Carbon Sequestration|CCS|Biomass,Mt CO2/yr,,,,0.0,,,0.0,,,,,0.0,,0.0,,,,,3.7082671704485,22.5451724628943,50.855546063231,84.9502371894148,128.780734217338,190.404318686149,289.250570828637,390.247302780761,472.468332494291,544.628495499515,519.769360201096,496.750855586133,475.00412545564,464.440973805377,461.429371667202,457.40903321275,,,,Mexico,
GCAM 5.3,R_MAC_70_n8,MEX,Emissions|CH4|AFOLU,Mt CO2e/yr,,,,51.948436579356525,,,54.182490226063365,,,,,53.84379745888416,,56.832503544549596,,,,,60.63216211950268,64.14622871997956,66.14321281555092,67.0487524264488,66.62750277514016,65.90202440138184,62.63474852635812,58.11655767414196,53.6884542654082,49.68650291785656,50.04177642572444,50.33691956843284,50.5137183234348,50.4979380947426,50.3191666884886,50.20866710299524,,,,Mexico,CH4
GCAM 5.3,R_MAC_70_n8,MEX,Emissions|CO2|AFOLU,Mt CO2/yr,,,,54.5907646693698,,,-3.94303733921057,,,,,-12.7699740072534,,-15.3215312317446,,,,,10.521729165038,25.0295291919195,31.3566147591496,18.4340884867937,18.9473465949033,7.8655251956274,5.60872315520319,2.92461180930323,-6.95014897157907,-12.0715856406878,-8.85756217174296,-7.12045003582204,-6.51767407640516,-6.2365636511662,-6.08171397667073,-5.77177226200864,,,,Mexico,CO2
GCAM 5.3,R_MAC_70_n8,MEX,Emissions|CO2|Energy and Industrial Processes,Mt CO2/yr,,,,462.14296993503,,,487.596170428254,,,,,494.126346673001,,524.543729953973,,,,,500.567274888653,475.764209407732,430.130498677746,365.993075692491,278.327944452037,154.696858716569,-26.3021886602311,-206.948566584641,-355.861185340303,-483.820101043907,-471.819377978602,-452.611211970968,-429.367736413703,-408.496346413696,-395.285592311545,-387.417333292329,,,,Mexico,CO2
GCAM 5.3,R_MAC_70_n8,MEX,Emissions|CO2|Energy|Demand,Mt CO2/yr,,,,265.673891973897,,,295.306627927548,,,,,296.216457901656,,330.594241738359,,,,,331.281124333537,336.819095590413,339.289004026011,334.008185686338,318.654608109505,288.166434843986,240.033705356301,187.607335449951,142.378320322722,107.190343675963,104.441391790325,107.065823439694,115.698589364093,127.925106063018,140.275412983635,150.452945283134,,,,Mexico,CO2
GCAM 5.3,R_MAC_70_n8,MEX,Emissions|CO2|Energy|Demand|Industry,Mt CO2/yr,,,,94.4964288322009,,,104.932607206498,,,,,104.712251253166,,123.302366197757,,,,,121.90188825875,120.617210341499,117.616810280709,111.01725204714,98.5769225890715,78.7947291512902,52.188742429276,26.9474217033279,10.9786548048328,4.34601164641318,4.36602014453391,5.2010591495229,7.64914428886623,12.4882189319795,18.5453392705513,23.6582200144201,,,,Mexico,CO2
GCAM 5.3,R_MAC_70_n8,MEX,Emissions|CO2|Energy|Demand|Residential and Commercial,Mt CO2/yr,,,,27.2937293409818,,,26.4858842520042,,,,,25.181640073916,,29.8658830528049,,,,,27.7781816965588,27.4604645399866,26.8555420718798,25.2096112411411,21.8851884791104,17.2606107071213,11.6107307015548,6.33204150861024,2.68938881170661,0.941757085658431,0.639569320841297,0.404669437212463,0.266626396478198,0.225592285476748,0.213922854561819,0.187901534031146,,,,Mexico,CO2
GCAM 5.3,R_MAC_70_n8,MEX,Emissions|CO2|Energy|Demand|Residential and Commercial|Commercial,Mt CO2/yr,,,,4.99772319463178,,,5.00320911984176,,,,,5.38167889297654,,6.558927949863,,,,,5.97433249752309,5.76962361260161,5.54581750373806,5.1117077552564,4.31022634616328,3.25926822364377,2.05405999412166,1.01821097093921,0.392935158272412,0.131869975113565,0.0921254115730954,0.0616494272907827,0.0433610346957622,0.037272601319724,0.035030606135731,0.0310265318179162,,,,Mexico,CO2
GCAM 5.3,R_MAC_70_n8,MEX,Emissions|CO2|Energy|Demand|Residential and Commercial|Residential,Mt CO2/yr,,,,22.2960061463501,,,21.4826751321624,,,,,19.7999611809395,,23.3069551029419,,,,,21.8038491990357,21.690840927385,21.3097245681417,20.0979034858847,17.5749621329471,14.0013424834775,9.5566707074331,5.31383053767103,2.2964536534342,0.809887110544866,0.547443909268201,0.34302000992168,0.223265361782436,0.188319684157024,0.178892248426088,0.15687500221323,,,,Mexico,CO2
GCAM 5.3,R_MAC_70_n8,MEX,Emissions|CO2|Energy|Demand|Transportation,Mt CO2/yr,,,,143.883733800714,,,163.888136469046,,,,,166.322566574574,,177.425992487797,,,,,181.601054378228,188.741420708927,194.816651673421,197.781322398057,198.192497041324,192.111094985575,176.234232225471,154.327872238013,128.710276706182,101.902574943891,99.4358023249497,101.460094852958,107.782818678749,115.211294845561,121.516150858522,126.606823734683,,,,Mexico,CO2
GCAM 5.3,R_MAC_70_n8,MEX,Emissions|CO2|Energy|Supply,Mt CO2/yr,,,,168.697460730673,,,166.468079236847,,,,,172.329952234981,,166.048699411196,,,,,154.841438978502,126.482542969407,79.7936091094183,22.8259003466583,-46.2252650753661,-134.170747422702,-258.828221984367,-377.046688533074,-469.14286730594,-547.30472075981,-520.9199165195,-491.681080182093,-466.471031598984,-452.145917785891,-448.162161296628,-445.415251493144,,,,Mexico,CO2
GCAM 5.3,R_MAC_70_n8,MEX,Emissions|CO2|Energy|Supply|Electricity,Mt CO2/yr,,,,123.434869756596,,,121.940866679534,,,,,124.693684912229,,121.595209600041,,,,,110.875061047596,87.0905179874711,49.5135492071771,7.26958468275179,-36.7905643953599,-85.6279887311242,-139.581753791261,-185.621545016464,-223.103948358608,-246.252153354902,-269.447898921622,-263.779393995251,-250.872473565579,-248.553317802184,-251.583414111334,-250.507808503856,,,,Mexico,CO2
GCAM 5.3,R_MAC_70_n8,MEX,Emissions|CO2|Energy|Supply|Gases,Mt CO2/yr,,,,9.56225536903579e-08,,,-3.66065317664208e-07,,,,,-3.39839388396538e-07,,0.0357567490823909,,,,,0.0265367335402401,0.0259624778605708,0.0285064598653942,0.0318449341631162,0.0237884083953164,0.0136890114396791,0.0039332024102161,0.0006567985996246,9.07886755458678e-05,1.177411153649e-05,1.37618569891648e-05,1.51416185262173e-05,1.39289269703684e-05,1.05746910079521e-05,7.21576039590763e-06,5.48794007495935e-06,,,,Mexico,CO2
GCAM 5.3,R_MAC_70_n8,MEX,Emissions|CO2|Energy|Supply|Liquids,Mt CO2/yr,,,,45.2625908784544,,,44.5272143900451,,,,,47.6362676625915,,44.1960794200596,,,,,43.8850002598174,39.7143139018416,31.2646120936936,17.2642144840279,-6.41770619838241,-41.986367910878,-102.995852866281,-152.129199663278,-176.771979601103,-191.715289012388,-199.605838447313,-200.146196272205,-197.648548726024,-186.311784160666,-177.313373907478,-176.325300616478,,,,Mexico,CO2
GCAM 5.3,R_MAC_70_n8,MEX,Emissions|CO2|Energy|Supply|Solids,Mt CO2/yr,,,,0.0,,,-1.46666737426144e-06,,,,,0.0,,-9.89998913227226e-06,,,,,0.0,-9.89996393779664e-06,-1.94333163859183e-05,0.0,-9.16665302407202e-06,0.0,0.0,0.0,-1.24666582392278e-06,-1.46666563511903e-07,0.0,0.0,0.0,-2.93333091841468e-07,0.0,0.0,,,,Mexico,CO2
GCAM 5.3,R_MAC_70_n8,MEX,Emissions|CO2|Industrial Processes,Mt CO2/yr,,,,27.7716172304601,,,25.8214632638587,,,,,25.5799365363642,,27.9007888044186,,,,,14.4447115766147,12.4625708479121,11.0478855423172,9.15898965949432,5.8986014178974,0.701171295285501,-7.50767203216521,-17.5092135015186,-29.0966383570842,-43.7057239600605,-55.340853249427,-67.9959552285686,-78.5952941788122,-84.2755346908218,-87.3988439985517,-92.4550270823193,,,,Mexico,CO2
GCAM 5.3,R_MAC_70_n8,MEX,Emissions|N2O|AFOLU,Mt CO2e/yr,,,,23.974382628675,,,25.199776825791474,,,,,26.067733764864816,,28.052364262861577,,,,,31.125551786854434,34.656020760582585,37.56808385173198,39.81498873218085,41.5538103907189,43.05827941091504,43.57924863283119,43.53652536178491,43.35633978882161,43.06795655294223,43.49931233537744,43.775546047908946,43.98414366751969,44.20436408331844,44.375408810328956,44.531459379745066,,,,Mexico,N2O
GCAM 5.3,R_MAC_75_n0,MEX,Carbon Sequestration|CCS|Biomass,Mt CO2/yr,,,,0.0,,,0.0,,,,,0.0,,0.0,,,,,2.42473473043041,14.2518083889522,32.8831466160434,55.2393554884258,82.6013460725459,112.63006818243,151.046855721531,212.155324535179,298.713512587671,373.759179911538,418.233038959939,404.687808550964,400.249750042218,397.375128019485,392.986710028005,388.624592860642,,,,Mexico,
GCAM 5.3,R_MAC_75_n0,MEX,Emissions|CH4|AFOLU,Mt CO2e/yr,,,,51.948436579356525,,,54.182490226063365,,,,,53.84379745888416,,56.832503544549596,,,,,60.622190873310075,64.38639978227268,66.7887697740564,68.35152605140888,68.9639430887778,69.21219146586668,68.46606251413124,66.45698078166197,63.44167857903232,59.926429156570755,56.58243004188572,56.57197701774753,56.473196106622126,56.31437484617084,56.150237348443284,55.95104604777044,,,,Mexico,CH4
GCAM 5.3,R_MAC_75_n0,MEX,Emissions|CO2|AFOLU,Mt CO2/yr,,,,54.5907646693698,,,-3.94303733921057,,,,,-12.7699740072534,,-15.3215312317446,,,,,7.36627316710491,18.5749125768149,27.1906794671256,15.0303440235104,14.4220803226807,5.09685189016707,-0.201283865897118,-1.43306011462992,4.38778314365593,3.56606253203484,-3.92483756937268,-7.25339489294804,-5.72784574819422,-4.84780002335788,-4.17437313221233,-3.83425627331378,,,,Mexico,CO2
GCAM 5.3,R_MAC_75_n0,MEX,Emissions|CO2|Energy and Industrial Processes,Mt CO2/yr,,,,462.14296993503,,,487.596170428254,,,,,494.126346673001,,524.543729953973,,,,,510.186276939678,502.576259621832,477.89970441605,438.892483077221,386.454427372865,324.475266630428,243.03487805542,127.709080771979,-25.0672950743334,-172.700357123852,-276.544018975955,-248.422105268027,-240.970046721064,-238.182245852493,-230.501937087009,-222.102464240392,,,,Mexico,CO2
GCAM 5.3,R_MAC_75_n0,MEX,Emissions|CO2|Energy|Demand,Mt CO2/yr,,,,265.673891973897,,,295.306627927548,,,,,296.216457901656,,330.594241738359,,,,,336.175835715755,346.736248697398,354.340901741586,357.105149425153,355.328669815417,347.423489739173,327.774714462237,298.24493161509,257.592602504238,209.915710384178,170.439774030424,183.028514372391,191.608713795164,200.159484466125,209.964884252606,219.638566320571,,,,Mexico,CO2
GCAM 5.3,R_MAC_75_n0,MEX,Emissions|CO2|Energy|Demand|Industry,Mt CO2/yr,,,,94.4964288322009,,,104.932607206498,,,,,104.712251253166,,123.302366197757,,,,,124.884648825674,126.526707965123,126.442072537736,124.346075903842,119.109355145326,110.221589131395,94.5280227746271,74.2552701709868,54.5538920340606,37.4731489548377,24.8880121593109,29.3367330813831,32.9272574008575,36.4870967883014,40.1458783193691,43.4887782215292,,,,Mexico,CO2
GCAM 5.3,R_MAC_75_n0,MEX,Emissions|CO2|Energy|Demand|Residential and Commercial,Mt CO2/yr,,,,27.2937293409818,,,26.4858842520042,,,,,25.181640073916,,29.8658830528049,,,,,28.5902515089394,28.9991565144703,29.0417415168329,28.4288064491762,26.5069503546364,23.8918648350587,19.7279909424556,15.0730865104048,10.1889948622568,5.56102712086921,2.51083233301807,2.19833621601316,1.73403784165603,1.37431801813952,1.20165433906831,1.10370911932217,,,,Mexico,CO2
GCAM 5.3,R_MAC_75_n0,MEX,Emissions|CO2|Energy|Demand|Residential and Commercial|Commercial,Mt CO2/yr,,,,4.99772319463178,,,5.00320911984176,,,,,5.38167889297654,,6.558927949863,,,,,6.18609976840058,6.16644377708997,6.0986083328071,5.90294638549631,5.41489557601099,4.78751021036377,3.80712135928178,2.76599294681362,1.76580721046403,0.900813051226543,0.384248537937337,0.336021209798214,0.266859900324327,0.214319871503402,0.18890337099994,0.173486950850761,,,,Mexico,CO2
GCAM 5.3,R_MAC_75_n0,MEX,Emissions|CO2|Energy|Demand|Residential and Commercial|Residential,Mt CO2/yr,,,,22.2960061463501,,,21.4826751321624,,,,,19.7999611809395,,23.3069551029419,,,,,22.4041517405389,22.8327127373803,22.9431331840258,22.5258600636799,21.0920547786254,19.1043546246949,15.9208695831738,12.3070935635912,8.42318765179278,4.66021406964267,2.12658379508073,1.86231500621495,1.4671779413317,1.15999814663612,1.01275096806837,0.930222168471405,,,,Mexico,CO2
GCAM 5.3,R_MAC_75_n0,MEX,Emissions|CO2|Energy|Demand|Transportation,Mt CO2/yr,,,,143.883733800714,,,163.888136469046,,,,,166.322566574574,,177.425992487797,,,,,182.700935381142,191.210384217805,198.857087687017,204.330267072135,209.712364315455,213.31003577272,213.518700745154,208.916574933699,192.849715607921,166.881534308471,143.040929538095,151.493445074995,156.94741855265,162.298069659684,168.617351594168,175.04607897972,,,,Mexico,CO2
GCAM 5.3,R_MAC_75_n0,MEX,Emissions|CO2|Energy|Supply,Mt CO2/yr,,,,168.697460730673,,,166.468079236847,,,,,172.329952234981,,166.048699411196,,,,,158.151955673651,141.830229869474,110.778169277149,70.4389661296093,22.0235424816183,-29.1589788641609,-87.1660344339249,-167.878938841908,-270.264002218594,-355.703921809206,-404.281036949529,-385.071025233092,-378.868701615195,-376.475819993698,-372.864850143766,-370.375257033036,,,,Mexico,CO2
GCAM 5.3,R_MAC_75_n0,MEX,Emissions|CO2|Energy|Supply|Electricity,Mt CO2/yr,,,,123.434869756596,,,121.940866679534,,,,,124.693684912229,,121.595209600041,,,,,113.870669759087,100.50096066708,76.0143509070787,46.6437585272645,15.0327808630961,-16.8818388967348,-53.642061190062,-100.35075506008,-141.883904647767,-171.214099018329,-192.973517287054,-195.420459224706,-194.754443591562,-191.825146763826,-190.176275129999,-191.242810429616,,,,Mexico,CO2
GCAM 5.3,R_MAC_75_n0,MEX,Emissions|CO2|Energy|Supply|Gases,Mt CO2/yr,,,,9.56225536903579e-08,,,-3.66065317664208e-07,,,,,-3.39839388396538e-07,,0.0357567490823909,,,,,0.0323565174430834,0.0312492618683144,0.0370897215786948,0.047387011172288,0.0507168704607773,0.0499978618128557,0.0320057089112455,0.0140355181281165,0.0054567819841445,0.001646964838486,0.0004194800704748,0.0004045006019606,0.000375827162433,0.0003407367015055,0.0003809500639871,0.0004030890452025,,,,Mexico,CO2
GCAM 5.3,R_MAC_75_n0,MEX,Emissions|CO2|Energy|Supply|Liquids,Mt CO2/yr,,,,45.2625908784544,,,44.5272143900451,,,,,47.6362676625915,,44.1960794200596,,,,,44.1146086091445,41.367831184041,35.1373611531753,24.4283826483174,8.00386888945111,-10.5553903920529,-29.6273954934487,-56.7250523261327,-110.551421960174,-164.129188422544,-192.634862045904,-176.783977542006,-175.096341579008,-177.110485325027,-175.019777595818,-170.903103253862,,,,Mexico,CO2
GCAM 5.3,R_MAC_75_n0,MEX,Emissions|CO2|Energy|Supply|Solids,Mt CO2/yr,,,,0.0,,,-1.46666737426144e-06,,,,,0.0,,-9.89998913227226e-06,,,,,0.0,-4.03332034394545e-06,-8.7999905821724e-06,-9.90000202031344e-06,-1.3566642332881e-05,0.0,-4.39999414866276e-06,-2.56666364948123e-06,-5.13333664544359e-06,0.0,0.0,0.0,0.0,-1.31999868954941e-06,0.0,-6.96666109348747e-07,,,,Mexico,CO2
GCAM 5.3,R_MAC_75_n0,MEX,Emissions|CO2|Industrial Processes,Mt CO2/yr,,,,27.7716172304601,,,25.8214632638587,,,,,25.5799365363642,,27.9007888044186,,,,,15.8584855502716,14.0097810549607,12.7806333973143,11.3483675224592,9.10221507582994,6.21075575541518,2.42619802710877,-2.65691200120351,-12.3958953599782,-26.9121456988244,-42.7027560568496,-46.3795944073257,-53.7100589010337,-61.8659103249197,-67.6019711958477,-71.3657735279269,,,,Mexico,CO2
GCAM 5.3,R_MAC_75_n0,MEX,Emissions|N2O|AFOLU,Mt CO2e/yr,,,,23.974382628675,,,25.199776825791474,,,,,26.067733764864816,,28.052364262861577,,,,,31.00438339447613,34.34644584734973,37.1805420908234,39.46779352504034,41.469148185698415,42.841897859584826,43.85720567801937,44.503279778402444,44.70568264212332,44.70437851255112,44.62489254765578,44.904834852223985,45.00729786034946,45.18772093003978,45.362754850818135,45.482242199879394,,,,Mexico,N2O
GCAM 5.3,R_MAC_75_n8,MEX,Carbon Sequestration|CCS|Biomass,Mt CO2/yr,,,,0.0,,,0.0,,,,,0.0,,0.0,,,,,3.16589686780878,19.3328474141981,43.4206790840008,72.5048106846792,108.989597098144,155.032893120565,227.307964567692,330.022191255195,411.514232653001,475.342396273658,514.465974410122,489.524133997036,467.124081948552,458.912750424417,456.963311990081,455.758920960223,,,,Mexico,
GCAM 5.3,R_MAC_75_n8,MEX,Emissions|CH4|AFOLU,Mt CO2e/yr,,,,51.948436579356525,,,54.182490226063365,,,,,53.84379745888416,,56.832503544549596,,,,,60.63228553872168,64.26205577829856,66.39266919722976,67.60284065043292,67.5464772780126,67.29080837902696,65.12528774722068,61.449242639668526,57.25949816784904,53.258903714327914,49.92060544432752,50.262750256289756,50.50597859609848,50.49627010566376,50.3336495672066,50.204115121550316,,,,Mexico,CH4
GCAM 5.3,R_MAC_75_n8,MEX,Emissions|CO2|AFOLU,Mt CO2/yr,,,,54.5907646693698,,,-3.94303733921057,,,,,-12.7699740072534,,-15.3215312317446,,,,,9.37064973337501,22.4855262772362,29.707059952686,16.6922201314054,17.082881210719,6.5171337906221,3.03718967388458,4.14428021051824,0.0922451991115627,-7.92352305716336,-10.8650900275724,-7.09285920290287,-5.90274565917995,-5.64230190073925,-5.66285081783634,-5.42166245971744,,,,Mexico,CO2
GCAM 5.3,R_MAC_75_n8,MEX,Emissions|CO2|Energy and Industrial Processes,Mt CO2/yr,,,,462.14296993503,,,487.596170428254,,,,,494.126346673001,,524.543729953973,,,,,504.155562396124,485.641094382044,448.964996482748,395.065602401161,322.393531198852,226.635127037294,86.1976482690264,-94.9255720950267,-250.560029637436,-383.855793089681,-475.082470834145,-449.981015856455,-423.35961890161,-400.400550064474,-388.550416390618,-384.644870966748,,,,Mexico,CO2
GCAM 5.3,R_MAC_75_n8,MEX,Emissions|CO2|Energy|Demand,Mt CO2/yr,,,,265.673891973897,,,295.306627927548,,,,,296.216457901656,,330.594241738359,,,,,333.079836169344,340.313047538838,345.199119865836,343.190675255335,333.570485876491,311.964075891686,273.83985610569,225.084948983839,175.483089940279,130.787731000155,100.650370331491,105.057551069534,114.616905040107,128.262921023935,140.66770813088,150.500158720816,,,,Mexico,CO2
GCAM 5.3,R_MAC_75_n8,MEX,Emissions|CO2|Energy|Demand|Industry,Mt CO2/yr,,,,94.4964288322009,,,104.932607206498,,,,,104.712251253166,,123.302366197757,,,,,123.011683200569,122.712676023251,121.077758004417,116.260907754492,106.779727739663,90.6967739201278,67.1606515219717,42.2249363337929,21.8646800710553,9.98841810275709,4.35156968337333,5.50611512976944,7.78055299839721,13.2279705946006,19.4379994145647,24.4984911565449,,,,Mexico,CO2
GCAM 5.3,R_MAC_75_n8,MEX,Emissions|CO2|Energy|Demand|Residential and Commercial,Mt CO2/yr,,,,27.2937293409818,,,26.4858842520042,,,,,25.181640073916,,29.8658830528049,,,,,28.0739559049228,27.991544738608,27.7085857882952,26.4767439381582,23.7031058967159,19.8171308253015,14.5310658568414,9.19932684896839,4.61194383300404,1.75106617114833,0.533999478472972,0.356554973953353,0.248302215024861,0.234727605460633,0.222480133100287,0.191083767718789,,,,Mexico,CO2
GCAM 5.3,R_MAC_75_n8,MEX,Emissions|CO2|Energy|Demand|Residential and Commercial|Commercial,Mt CO2/yr,,,,4.99772319463178,,,5.00320911984176,,,,,5.38167889297654,,6.558927949863,,,,,6.05158366659048,5.90613306172677,5.76056541642163,5.42092359996901,4.73862108120075,3.8328682622343,2.65912206988951,1.56895473204198,0.717822709337189,0.256361246006848,0.0780265273917263,0.0551499547749618,0.0408807188351276,0.0383510182384219,0.0360870748780369,0.0313686922700446,,,,Mexico,CO2
GCAM 5.3,R_MAC_75_n8,MEX,Emissions|CO2|Energy|Demand|Residential and Commercial|Residential,Mt CO2/yr,,,,22.2960061463501,,,21.4826751321624,,,,,19.7999611809395,,23.3069551029419,,,,,22.0223722383323,22.0854116768812,21.9480203718736,21.0558203381892,18.9644848155152,15.9842625630672,11.8719437869519,7.63037211692641,3.89412112366685,1.49470492514148,0.455972951081246,0.301405019178392,0.207421496189734,0.196376587222211,0.18639305822225,0.159715075448745,,,,Mexico,CO2
GCAM 5.3,R_MAC_75_n8,MEX,Emissions|CO2|Energy|Demand|Transportation,Mt CO2/yr,,,,143.883733800714,,,163.888136469046,,,,,166.322566574574,,177.425992487797,,,,,181.994197063851,189.60882677698,196.412776073124,200.453023562685,203.087652240112,201.450171146256,192.148138726877,173.660685801078,149.00646603622,119.04824672625,95.7648011696449,99.1948809658112,106.588049826685,114.800222823874,121.007228583215,125.810583796553,,,,Mexico,CO2
GCAM 5.3,R_MAC_75_n8,MEX,Emissions|CO2|Energy|Supply,Mt CO2/yr,,,,168.697460730673,,,166.468079236847,,,,,172.329952234981,,166.048699411196,,,,,156.149100212116,132.374393717689,92.0929668892468,41.9064347159001,-18.3398643439435,-88.3867723717744,-184.401955108731,-307.089943064496,-401.105278078249,-473.318375864719,-516.574445488495,-484.88164463635,-458.250428146672,-445.205225088553,-442.619468766211,-443.08467107561,,,,Mexico,CO2
GCAM 5.3,R_MAC_75_n8,MEX,Emissions|CO2|Energy|Supply|Electricity,Mt CO2/yr,,,,123.434869756596,,,121.940866679534,,,,,124.693684912229,,121.595209600041,,,,,112.06565618165,92.250939710063,59.9308862035293,22.8056471009909,-16.3250768288431,-57.7835404580264,-107.156879741918,-155.756770656888,-195.314301747136,-223.141961781183,-247.833324416489,-245.160653711877,-236.002415265636,-239.269259631513,-244.056785073447,-246.640006637101,,,,Mexico,CO2
GCAM 5.3,R_MAC_75_n8,MEX,Emissions|CO2|Energy|Supply|Gases,Mt CO2/yr,,,,9.56225536903579e-08,,,-3.66065317664208e-07,,,,,-3.39839388396538e-07,,0.0357567490823909,,,,,0.0285064007336989,0.0279262506515255,0.0310237596249651,0.0366976615482166,0.0323982986033121,0.0238345257620991,0.0095299123006768,0.0024892428828341,0.0004791563126394,8.29046452422193e-05,1.40420766276708e-05,1.55126749732494e-05,1.50486170547435e-05,1.15408299897794e-05,8.23397621705937e-06,6.10762638315798e-06,,,,Mexico,CO2
GCAM 5.3,R_MAC_75_n8,MEX,Emissions|CO2|Energy|Supply|Liquids,Mt CO2/yr,,,,45.2625908784544,,,44.5272143900451,,,,,47.6362676625915,,44.1960794200596,,,,,43.9703630487869,40.3417841034677,32.8866055898594,20.3380761278144,0.0594939311974323,-26.5419308215142,-67.1774467916406,-127.6920441785,-169.140880459335,-202.430917484595,-217.029481400832,-211.059005708905,-203.765936140435,-186.459820974354,-177.067373886609,-176.35265792393,,,,Mexico,CO2
GCAM 5.3,R_MAC_75_n8,MEX,Emissions|CO2|Energy|Supply|Solids,Mt CO2/yr,,,,0.0,,,-1.46666737426144e-06,,,,,0.0,,-9.89998913227226e-06,,,,,-9.53332352644236e-06,0.0,0.0,0.0,-1.50332962862732e-05,0.0,0.0,0.0,0.0,-6.2333103914562e-07,-2.9333309697061e-07,-7.33333592988352e-08,-3.29999472935241e-07,0.0,-4.03332143402885e-07,0.0,,,,Mexico,CO2
GCAM 5.3,R_MAC_75_n8,MEX,Emissions|CO2|Industrial Processes,Mt CO2/yr,,,,27.7716172304601,,,25.8214632638587,,,,,25.5799365363642,,27.9007888044186,,,,,14.9266260146637,12.9536531255169,11.6729097276653,9.96849242992601,7.16290966630408,3.0578235173832,-3.24025272793278,-12.9205780143699,-24.9378414994658,-41.3251482251173,-59.1583956771406,-70.1569222896383,-79.7260957950461,-83.4582459998552,-86.5986557552863,-92.0603586119552,,,,Mexico,CO2
GCAM 5.3,R_MAC_75_n8,MEX,Emissions|N2O|AFOLU,Mt CO2e/yr,,,,23.974382628675,,,25.199776825791474,,,,,26.067733764864816,,28.052364262861577,,,,,31.082096910538947,34.54570456835589,37.429114743422225,39.705572893450466,41.495361815198386,42.97039374911775,43.80679253347979,43.891441971558365,43.91300449624861,43.70116824651041,43.47629876253491,43.78692869140536,43.99552133866262,44.20194375916956,44.38183182085899,44.52957248382962,,,,Mexico,N2O
GCAM 5.3,R_MAC_80_n0,MEX,Carbon Sequestration|CCS|Biomass,Mt CO2/yr,,,,0.0,,,0.0,,,,,0.0,,0.0,,,,,2.18523739199126,12.7336824842741,29.5173341533938,49.6173053939971,74.0258323029538,99.8911059176755,130.69288441117,175.479956082722,245.238011210796,326.239073591828,377.447421836832,408.669123035915,396.767539575003,392.38650441463,388.425208423876,384.584378402506,,,,Mexico,
GCAM 5.3,R_MAC_80_n0,MEX,Emissions|CH4|AFOLU,Mt CO2e/yr,,,,51.948436579356525,,,54.182490226063365,,,,,53.84379745888416,,56.832503544549596,,,,,60.611852066679766,64.43425578072615,66.93021327811671,68.60042230109852,69.41754698256756,69.99673315481532,69.5098864556124,68.10496502451795,65.73381737834605,62.619804002428126,59.46579211754636,56.42553108040576,56.456194758868804,56.338961669916515,56.19416834547181,55.99230286008016,,,,Mexico,CH4
GCAM 5.3,R_MAC_80_n0,MEX,Emissions|CO2|AFOLU,Mt CO2/yr,,,,54.5907646693698,,,-3.94303733921057,,,,,-12.7699740072534,,-15.3215312317446,,,,,6.52283459245443,17.3467233768251,26.0851177450623,14.5772933085004,13.6880980991714,4.79854447702708,-0.80796990839812,-3.34718224812566,1.72499350283693,5.48271531007701,0.616570093530682,-4.87259880878091,-5.94348993792161,-4.71528272954481,-3.91889245030809,-3.47207609795887,,,,Mexico,CO2
GCAM 5.3,R_MAC_80_n0,MEX,Emissions|CO2|Energy and Industrial Processes,Mt CO2/yr,,,,462.14296993503,,,487.596170428254,,,,,494.126346673001,,524.543729953973,,,,,512.584932707339,508.469570440516,488.284538154771,454.617204282045,409.258485602923,357.079116377589,291.683741743991,202.623624610922,79.3857566702862,-67.4819160410195,-175.999123412773,-260.004150891586,-237.26885583279,-232.178778453352,-226.651782959556,-219.721023104526,,,,Mexico,CO2
GCAM 5.3,R_MAC_80_n0,MEX,Emissions|CO2|Energy|Demand,Mt CO2/yr,,,,265.673891973897,,,295.306627927548,,,,,296.216457901656,,330.594241738359,,,,,337.417749864941,348.981710878544,357.746023592714,362.176636634304,363.122757379424,359.466627549455,346.401347841194,324.530697196675,294.126616677656,252.528123472459,214.407980706531,180.161446910936,191.955522215915,200.453673872146,209.389089451632,218.674029683226,,,,Mexico,CO2
GCAM 5.3,R_MAC_80_n0,MEX,Emissions|CO2|Energy|Demand|Industry,Mt CO2/yr,,,,94.4964288322009,,,104.932607206498,,,,,104.712251253166,,123.302366197757,,,,,125.620702293681,127.864116896213,128.448813807315,127.317177816436,123.609158368301,117.108438657092,104.809094958309,87.4347872668852,70.2432714445097,54.5872427740636,41.0911334681519,30.3337079091365,33.886649915123,37.1221627997857,40.378851093663,43.4857722414013,,,,Mexico,CO2
GCAM 5.3,R_MAC_80_n0,MEX,Emissions|CO2|Energy|Demand|Residential and Commercial,Mt CO2/yr,,,,27.2937293409818,,,26.4858842520042,,,,,25.181640073916,,29.8658830528049,,,,,28.7996950576052,29.3456339282236,29.5490680181526,29.1566512377926,27.5533000916505,25.3713864723474,21.7599670924939,17.4201614149874,12.9479978057037,8.17970717987664,4.43485503245683,2.0693583079529,1.75544406703599,1.39955196329586,1.19449063534572,1.0818405647373,,,,Mexico,CO2
GCAM 5.3,R_MAC_80_n0,MEX,Emissions|CO2|Energy|Demand|Residential and Commercial|Commercial,Mt CO2/yr,,,,4.99772319463178,,,5.00320911984176,,,,,5.38167889297654,,6.558927949863,,,,,6.24053597788411,6.25603693447815,6.22645084962932,6.08435389744741,5.67154332362767,5.14448475123673,4.28143277003511,3.27907046640356,2.32263888673196,1.38639844548438,0.704958948222544,0.316880736510969,0.269656730151736,0.217852199446775,0.188078313672295,0.170708924642045,,,,Mexico,CO2
GCAM 5.3,R_MAC_80_n0,MEX,Emissions|CO2|Energy|Demand|Residential and Commercial|Residential,Mt CO2/yr,,,,22.2960061463501,,,21.4826751321624,,,,,19.7999611809395,,23.3069551029419,,,,,22.5591590797211,23.0895969937454,23.3226171685232,23.0722973403452,21.8817567680228,20.2269017211107,17.4785343224588,14.1410909485838,10.6253589189717,6.79330873439225,3.72989608423429,1.75247757144193,1.48578733688426,1.18169976384909,1.00641232167342,0.911131640095253,,,,Mexico,CO2
GCAM 5.3,R_MAC_80_n0,MEX,Emissions|CO2|Energy|Demand|Transportation,Mt CO2/yr,,,,143.883733800714,,,163.888136469046,,,,,166.322566574574,,177.425992487797,,,,,182.997352513655,191.771960054108,199.748141767246,205.702807580075,211.960298919472,216.986802420016,219.832285790392,219.675748514802,210.935347427442,189.761173518518,168.881992205923,147.758380693847,156.313428233756,161.931959109064,167.815747722623,174.106416877087,,,,Mexico,CO2
GCAM 5.3,R_MAC_80_n0,MEX,Emissions|CO2|Energy|Supply,Mt CO2/yr,,,,168.697460730673,,,166.468079236847,,,,,172.329952234981,,166.048699411196,,,,,158.894518416923,145.055386413174,117.294900450131,80.5236892072786,36.2768969701619,-9.68303220302494,-58.8167135169582,-122.232934682446,-208.097641974785,-300.859364943435,-357.75683440316,-391.417384666417,-375.72690189896,-371.273202898352,-367.982815982103,-365.932393675289,,,,Mexico,CO2
GCAM 5.3,R_MAC_80_n0,MEX,Emissions|CO2|Energy|Supply|Electricity,Mt CO2/yr,,,,123.434869756596,,,121.940866679534,,,,,124.693684912229,,121.595209600041,,,,,114.532828056473,103.343014185699,81.6783896762772,55.199420589927,26.480103926472,-2.37472137750651,-34.7122506416223,-77.0669450222516,-118.797371952664,-150.341089224879,-174.831186121981,-186.945454498905,-187.740166338911,-185.177610206861,-182.58906222958,-183.325600394653,,,,Mexico,CO2
GCAM 5.3,R_MAC_80_n0,MEX,Emissions|CO2|Energy|Supply|Gases,Mt CO2/yr,,,,9.56225536903579e-08,,,-3.66065317664208e-07,,,,,-3.39839388396538e-07,,0.0357567490823909,,,,,0.0340801305300712,0.033463722521536,0.0403233761846209,0.0528086097395275,0.0592835759258452,0.0634296145838342,0.0471502427630697,0.0249055421968835,0.0116865712536201,0.0044129712178482,0.0013630594391596,0.0003757248138405,0.0003676175647664,0.0003601307217401,0.0004229586765859,0.0004644245772799,,,,Mexico,CO2
GCAM 5.3,R_MAC_80_n0,MEX,Emissions|CO2|Energy|Supply|Liquids,Mt CO2/yr,,,,45.2625908784544,,,44.5272143900451,,,,,47.6362676625915,,44.1960794200596,,,,,44.1736373616714,41.6909009334841,35.8711214420474,25.7615645348781,10.4960882374864,-6.15510678394481,-21.5548969711851,-38.0688601174654,-75.6942758016035,-132.693078645361,-166.545860074049,-189.704945248543,-177.769165717157,-178.13133575484,-177.804800242875,-174.673094714162,,,,Mexico,CO2
GCAM 5.3,R_MAC_80_n0,MEX,Emissions|CO2|Energy|Supply|Solids,Mt CO2/yr,,,,0.0,,,-1.46666737426144e-06,,,,,0.0,,-9.89998913227226e-06,,,,,-1.09999910937072e-06,0.0,0.0,-2.08999119246852e-05,-7.69998334966175e-06,-1.46666241992427e-05,-2.56666268835988e-06,0.0,-1.46666520895557e-06,0.0,-8.79999516983038e-07,-1.31999479426564e-06,0.0,0.0,-1.35666455297374e-06,0.0,,,,Mexico,CO2
GCAM 5.3,R_MAC_80_n0,MEX,Emissions|CO2|Industrial Processes,Mt CO2/yr,,,,27.7716172304601,,,25.8214632638587,,,,,25.5799365363642,,27.9007888044186,,,,,16.2726644254754,14.4324731487981,13.2436141119261,11.9168784404623,9.85883125333735,7.29552103115947,4.09910741975501,0.325862096693306,-6.64321803258416,-19.1506745700428,-32.6502697161441,-48.7482131361051,-53.4974761497447,-61.3592494271459,-68.0580564290861,-72.4626591124629,,,,Mexico,CO2
GCAM 5.3,R_MAC_80_n0,MEX,Emissions|N2O|AFOLU,Mt CO2e/yr,,,,23.974382628675,,,25.199776825791474,,,,,26.067733764864816,,28.052364262861577,,,,,30.969981012632573,34.271795157318266,37.07381465586244,39.360354393016294,41.40435489907599,42.922133231055895,43.82375968796225,44.57678431834855,45.009656187117805,44.9839840066273,45.05968500403161,44.88973925314733,45.00660230621045,45.1989093603755,45.37460321106094,45.48953269917338,,,,Mexico,N2O
GCAM 5.3,R_MAC_80_n8,MEX,Carbon Sequestration|CCS|Biomass,Mt CO2/yr,,,,0.0,,,0.0,,,,,0.0,,0.0,,,,,2.77802608921447,16.7727105181251,37.8616272786325,63.3216548798469,95.0484079840969,132.103170339378,184.890745944915,271.626488950082,361.133620708026,426.852040966477,465.612389218825,485.754910555022,461.302259208489,453.934580358078,452.13410815813,452.402207357925,,,,Mexico,
GCAM 5.3,R_MAC_80_n8,MEX,Emissions|CH4|AFOLU,Mt CO2e/yr,,,,51.948436579356525,,,54.182490226063365,,,,,53.84379745888416,,56.832503544549596,,,,,60.62991032949871,64.32823168435272,66.58690118493476,67.99725096371397,68.3395193058746,68.26804392874004,66.88960754334964,64.03261075607088,60.31669374911235,56.438946956524724,53.0324439849848,50.10288543526476,50.440998910973164,50.47039234880552,50.34827159763828,50.22816586380012,,,,Mexico,CH4
GCAM 5.3,R_MAC_80_n8,MEX,Emissions|CO2|AFOLU,Mt CO2/yr,,,,54.5907646693698,,,-3.94303733921057,,,,,-12.7699740072534,,-15.3215312317446,,,,,8.41023140223943,20.5078566807563,28.409938942248,15.74427236494,15.6618547638974,5.74608288274937,1.13553103015689,1.94296803350667,4.38615271829086,-2.27769456014808,-8.6962852317265,-9.16553642780069,-6.00795102820974,-5.23820331419683,-5.28182229612902,-5.0825036913634,,,,Mexico,CO2
GCAM 5.3,R_MAC_80_n8,MEX,Emissions|CO2|Energy and Industrial Processes,Mt CO2/yr,,,,462.14296993503,,,487.596170428254,,,,,494.126346673001,,524.543729953973,,,,,507.094502154966,493.916876725724,463.749477436637,417.643141117127,355.198980468,277.704465169372,169.390997574043,14.412825278783,-150.753903661131,-289.927788881482,-385.007305073134,-451.899922579829,-421.267368273786,-395.506646937416,-382.928021206812,-380.905164586848,,,,Mexico,CO2
GCAM 5.3,R_MAC_80_n8,MEX,Emissions|CO2|Energy|Demand,Mt CO2/yr,,,,265.673891973897,,,295.306627927548,,,,,296.216457901656,,330.594241738359,,,,,334.577201706915,343.379626287573,349.908166043468,350.393197385909,344.677184083437,330.227683433394,301.192047407891,260.962951544947,211.685285566465,163.198050968306,127.731935767334,102.752685858754,112.47506314055,127.413408301344,140.213896802291,149.950227129951,,,,Mexico,CO2
GCAM 5.3,R_MAC_80_n8,MEX,Emissions|CO2|Energy|Demand|Industry,Mt CO2/yr,,,,94.4964288322009,,,104.932607206498,,,,,104.712251253166,,123.302366197757,,,,,123.922288474925,124.541439631933,123.839380514984,120.433918287109,113.021357284381,100.582667810951,80.5385073619403,57.413629314962,35.8407018733222,20.3386872459215,11.3273800699565,5.93067998695835,7.69219872381544,13.5298079427159,19.8512363619855,24.910731791848,,,,Mexico,CO2
GCAM 5.3,R_MAC_80_n8,MEX,Emissions|CO2|Energy|Demand|Residential and Commercial,Mt CO2/yr,,,,27.2937293409818,,,26.4858842520042,,,,,25.181640073916,,29.8658830528049,,,,,28.323076887856,28.4669881249176,28.3983182745713,27.4819207517698,25.1101610729585,21.8624336656744,17.0440476029248,12.0051199173441,6.95791336076094,3.11235915552954,1.12298487123916,0.313627065652302,0.224352036030184,0.232853326098211,0.226281230774236,0.19386017139445,,,,Mexico,CO2
GCAM 5.3,R_MAC_80_n8,MEX,Emissions|CO2|Energy|Demand|Residential and Commercial|Commercial,Mt CO2/yr,,,,4.99772319463178,,,5.00320911984176,,,,,5.38167889297654,,6.558927949863,,,,,6.11653434516272,6.02874417272124,5.93525081932285,5.66838147091397,5.07570454125246,4.30633693318205,3.20177491992498,2.12858527187028,1.14466524592397,0.476679111246597,0.166695038700501,0.0491549520152718,0.0375562776317943,0.0379537447792006,0.0365093074918537,0.0316996020068912,,,,Mexico,CO2
GCAM 5.3,R_MAC_80_n8,MEX,Emissions|CO2|Energy|Demand|Residential and Commercial|Residential,Mt CO2/yr,,,,22.2960061463501,,,21.4826751321624,,,,,19.7999611809395,,23.3069551029419,,,,,22.2065425426933,22.4382439521963,22.4630674552484,21.8135392808558,20.0344565317061,17.5560967324923,13.8422726829998,9.87653464547378,5.81324811483697,2.63568004428294,0.956289832538662,0.26447211363703,0.186795758398389,0.19489958131901,0.189771923282382,0.162160569387558,,,,Mexico,CO2
GCAM 5.3,R_MAC_80_n8,MEX,Emissions|CO2|Energy|Demand|Transportation,Mt CO2/yr,,,,143.883733800714,,,163.888136469046,,,,,166.322566574574,,177.425992487797,,,,,182.331836344134,190.371198530723,197.670467253913,202.477358347031,206.545665726098,207.782581956768,203.609492443026,191.544202312641,168.886670332382,139.747004566855,115.281570826138,96.5083788061434,104.558512380705,113.65074703253,120.136379209531,124.845635166709,,,,Mexico,CO2
GCAM 5.3,R_MAC_80_n8,MEX,Emissions|CO2|Energy|Supply,Mt CO2/yr,,,,168.697460730673,,,166.468079236847,,,,,172.329952234981,,166.048699411196,,,,,157.154915758344,137.106559401712,101.621648736797,56.596179945745,2.39102850565127,-57.2205106393213,-131.629037189209,-238.773857997382,-342.6793481215,-417.456156349829,-459.684406533401,-482.656616677983,-452.620629848038,-439.399782857118,-436.861980435635,-439.013775984217,,,,Mexico,CO2
GCAM 5.3,R_MAC_80_n8,MEX,Emissions|CO2|Energy|Supply|Electricity,Mt CO2/yr,,,,123.434869756596,,,121.940866679534,,,,,124.693684912229,,121.595209600041,,,,,112.975809671658,96.3852370508983,68.0845454164748,34.978464745464,-0.442462345342844,-36.8939452331735,-80.3595189294821,-129.499558687545,-169.629963947637,-197.504388235527,-219.048286646928,-227.259114376964,-220.801138125345,-227.779240916372,-234.042990439002,-239.593020852296,,,,Mexico,CO2
GCAM 5.3,R_MAC_80_n8,MEX,Emissions|CO2|Energy|Supply|Gases,Mt CO2/yr,,,,9.56225536903579e-08,,,-3.66065317664208e-07,,,,,-3.39839388396538e-07,,0.0357567490823909,,,,,0.030301249671607,0.0295769458994785,0.0334210744533077,0.0411122069141292,0.0408296335827076,0.0351645117289681,0.0178781834438161,0.0061695667329474,0.0017426288358857,0.0003864481552843,7.84254165388522e-05,1.49104024764543e-05,1.53648017470852e-05,1.20459112846702e-05,8.97862785456609e-06,7.2993945401881e-06,,,,Mexico,CO2
GCAM 5.3,R_MAC_80_n8,MEX,Emissions|CO2|Energy|Supply|Liquids,Mt CO2/yr,,,,45.2625908784544,,,44.5272143900451,,,,,47.6362676625915,,44.1960794200596,,,,,44.0398550974291,40.851998956348,34.0734958436802,22.5282412122082,4.32969541865988,-17.6104541070358,-44.7570057682277,-92.6227635358446,-148.954423396982,-191.630652393946,-212.541868221418,-224.143611642562,-212.348060133809,-189.668115115618,-178.605916161768,-177.360843493006,,,,Mexico,CO2
GCAM 5.3,R_MAC_80_n8,MEX,Emissions|CO2|Energy|Supply|Solids,Mt CO2/yr,,,,0.0,,,-1.46666737426144e-06,,,,,0.0,,-9.89998913227226e-06,,,,,0.0,0.0,0.0,-6.59998850729557e-06,0.0,-1.20999588199562e-05,0.0,0.0,-1.83332664258696e-06,-1.42999510191689e-06,0.0,-7.33333540556562e-08,0.0,0.0,0.0,-4.0333293838332e-07,,,,Mexico,CO2
GCAM 5.3,R_MAC_80_n8,MEX,Emissions|CO2|Industrial Processes,Mt CO2/yr,,,,27.7716172304601,,,25.8214632638587,,,,,25.5799365363642,,27.9007888044186,,,,,15.3623846897075,13.430691036439,12.219662656372,10.653763785473,8.1307678789111,4.69729237529893,-0.172012644639632,-7.77626826878272,-19.7598411060962,-35.6696834999597,-53.054834307067,-71.9959917605994,-81.1218015662991,-83.5202723816417,-86.2799375734681,-91.8416157325817,,,,Mexico,CO2
GCAM 5.3,R_MAC_80_n8,MEX,Emissions|N2O|AFOLU,Mt CO2e/yr,,,,23.974382628675,,,25.199776825791474,,,,,26.067733764864816,,28.052364262861577,,,,,31.04547043945292,34.45119999489414,37.31111982200121,39.59582937319928,41.51513983483066,42.88510691970687,43.871804260706604,44.2805368488595,44.28328286775994,44.21662879105208,44.0436202449759,43.77460911035476,43.989625367220356,44.20047284371774,44.38476208232321,44.53161589711025,,,,Mexico,N2O
GCAM 5.3,R_MAC_85_n0,MEX,Carbon Sequestration|CCS|Biomass,Mt CO2/yr,,,,0.0,,,0.0,,,,,0.0,,0.0,,,,,2.00512322895058,11.5522989868756,26.914161220075,45.2202776342673,67.3892133962916,90.3365392590786,116.364511138591,151.55071359067,204.339681422333,279.795342655671,338.495040874607,375.320523796411,401.879974560883,391.587843190165,386.101233462036,382.204137571365,,,,Mexico,
GCAM 5.3,R_MAC_85_n0,MEX,Emissions|CH4|AFOLU,Mt CO2e/yr,,,,51.948436579356525,,,54.182490226063365,,,,,53.84379745888416,,56.832503544549596,,,,,60.60613508887924,64.4712769175384,67.02351994239804,68.79673282115199,69.77879667290196,70.56709652416563,70.2732507108996,69.31486118146016,67.50444718394635,64.82167857100572,61.9357501958916,58.99951192601591,56.28802726187425,56.29797155275132,56.2006032696178,56.014760754917155,,,,Mexico,CH4
GCAM 5.3,R_MAC_85_n0,MEX,Emissions|CO2|AFOLU,Mt CO2/yr,,,,54.5907646693698,,,-3.94303733921057,,,,,-12.7699740072534,,-15.3215312317446,,,,,5.84330774325432,16.2661666432538,25.148179260353,14.242943945613,13.2203912997691,4.65762945237377,-0.983659438986117,-4.19896687589408,-0.922014158398007,4.63882793383559,3.5423972750746,-1.52704954995804,-4.46669551403011,-5.04281446102789,-3.85763506227953,-3.20388470167753,,,,Mexico,CO2
GCAM 5.3,R_MAC_85_n0,MEX,Emissions|CO2|Energy and Industrial Processes,Mt CO2/yr,,,,462.14296993503,,,487.596170428254,,,,,494.126346673001,,524.543729953973,,,,,514.610820229837,513.355181724515,496.751815010768,467.573239674844,427.710954911276,382.768026828461,328.263994952607,256.395617158683,160.492053371257,29.07669797632,-83.038767839656,-171.097505549752,-247.858940384688,-230.607575844712,-223.687575561501,-218.084434154654,,,,Mexico,CO2
GCAM 5.3,R_MAC_85_n0,MEX,Emissions|CO2|Energy|Demand,Mt CO2/yr,,,,265.673891973897,,,295.306627927548,,,,,296.216457901656,,330.594241738359,,,,,338.47284667613,350.88980625876,360.588523643559,366.422921945507,369.415439937006,368.899191647752,360.675518344559,344.902392515584,322.717039155223,289.164197318235,254.943873413889,220.945480144843,189.937742019192,200.879886947667,209.514711861597,218.159881878142,,,,Mexico,CO2
GCAM 5.3,R_MAC_85_n0,MEX,Emissions|CO2|Energy|Demand|Industry,Mt CO2/yr,,,,94.4964288322009,,,104.932607206498,,,,,104.712251253166,,123.302366197757,,,,,126.242033771864,128.999416076548,130.118283938223,129.817615317574,127.259055623355,122.566378067393,112.889124477846,98.4086637208626,83.5435534945871,69.8653127677436,57.2031877374448,45.3537740240866,35.2478679894863,38.4192575914859,41.2542166546847,43.9229200056578,,,,Mexico,CO2
GCAM 5.3,R_MAC_85_n0,MEX,Emissions|CO2|Energy|Demand|Residential and Commercial,Mt CO2/yr,,,,27.2937293409818,,,26.4858842520042,,,,,25.181640073916,,29.8658830528049,,,,,28.9779788657418,29.6405022822281,29.9754815666093,29.7725503154294,28.4099783042965,26.5611555615807,23.396303205471,19.4028533475474,15.2357802449064,10.6684681317929,6.59880603065791,3.60535723328589,1.67552378690052,1.41890286555253,1.20572981383901,1.06997394105751,,,,Mexico,CO2
GCAM 5.3,R_MAC_85_n0,MEX,Emissions|CO2|Energy|Demand|Residential and Commercial|Commercial,Mt CO2/yr,,,,4.99772319463178,,,5.00320911984176,,,,,5.38167889297654,,6.558927949863,,,,,6.28683238369247,6.33237815702493,6.33385485499669,6.23862457998505,5.88306765031654,5.43492929505653,4.67196373038857,3.73092866509469,2.80539702529053,1.87339110029606,1.09137869274814,0.567104856089932,0.257423993024437,0.220123415546315,0.189542323734725,0.169178004089214,,,,Mexico,CO2
GCAM 5.3,R_MAC_85_n0,MEX,Emissions|CO2|Energy|Demand|Residential and Commercial|Residential,Mt CO2/yr,,,,22.2960061463501,,,21.4826751321624,,,,,19.7999611809395,,23.3069551029419,,,,,22.6911464820493,23.3081241252032,23.6416267116126,23.5339257354443,22.52691065398,21.1262262665242,18.7243394750825,15.6719246824527,12.4303832196159,8.79507703149688,5.50742733790977,3.03825237719596,1.41809979387609,1.19877945000622,1.01618749010428,0.900795936968299,,,,Mexico,CO2
GCAM 5.3,R_MAC_85_n0,MEX,Emissions|CO2|Energy|Demand|Transportation,Mt CO2/yr,,,,143.883733800714,,,163.888136469046,,,,,166.322566574574,,177.425992487797,,,,,183.252834038525,192.249887899984,200.494758138727,206.832756312504,213.746406009355,219.771658018779,224.390090661242,227.090875447174,223.937705415729,208.630416418699,191.141879645786,171.986348887471,153.014350242805,161.041726490628,167.054765393073,173.166987931427,,,,Mexico,CO2
GCAM 5.3,R_MAC_85_n0,MEX,Emissions|CO2|Energy|Supply,Mt CO2/yr,,,,168.697460730673,,,166.468079236847,,,,,172.329952234981,,166.048699411196,,,,,159.499453343972,147.650220012571,122.511610136244,88.7267716929899,47.7857166453258,5.68918903332697,-37.7670340641926,-90.7895635371389,-159.562979008528,-247.34845195307,-313.543822742002,-353.77432618507,-382.550345230204,-370.592761487295,-365.432432958254,-363.191597078111,,,,Mexico,CO2
GCAM 5.3,R_MAC_85_n0,MEX,Emissions|CO2|Energy|Supply|Electricity,Mt CO2/yr,,,,123.434869756596,,,121.940866679534,,,,,124.693684912229,,121.595209600041,,,,,115.068932567432,105.626848204154,86.2180441021316,62.1938979808922,35.8396178481127,9.4072857475544,-19.8111443971351,-57.9601278952134,-98.1793704399039,-131.228235908237,-158.288056454777,-173.657168237499,-182.511891893319,-181.160465964356,-177.918262085674,-177.66859875934,,,,Mexico,CO2
GCAM 5.3,R_MAC_85_n0,MEX,Emissions|CO2|Energy|Supply|Gases,Mt CO2/yr,,,,9.56225536903579e-08,,,-3.66065317664208e-07,,,,,-3.39839388396538e-07,,0.0357567490823909,,,,,0.0356015907197846,0.0355564006081548,0.043339958886,0.0578499673147393,0.0671965577411512,0.0761277015653431,0.0627741523866236,0.0384539379766813,0.0209485806177189,0.0091705515911515,0.0034596871996333,0.0011234963028366,0.0003337938028357,0.0003572800570114,0.0004440939724376,0.0005107885997399,,,,Mexico,CO2
GCAM 5.3,R_MAC_85_n0,MEX,Emissions|CO2|Energy|Supply|Liquids,Mt CO2/yr,,,,45.2625908784544,,,44.5272143900451,,,,,47.6362676625915,,44.1960794200596,,,,,44.2244341887996,41.9523678042158,36.4547166166685,26.8165348907035,12.4124311410668,-2.95321828297311,-16.2266065372111,-28.0420222532796,-51.4441388186848,-100.565515036897,-140.067498793215,-166.591030740922,-187.950523557232,-180.416627592786,-179.574380058303,-177.705442057531,,,,Mexico,CO2
GCAM 5.3,R_MAC_85_n0,MEX,Emissions|CO2|Energy|Supply|Solids,Mt CO2/yr,,,,0.0,,,-1.46666737426144e-06,,,,,0.0,,-9.89998913227226e-06,,,,,-2.93333268795775e-06,-1.57666787024243e-05,-6.23332432666246e-06,0.0,0.0,-1.64999431700014e-05,0.0,-3.66666621251912e-07,0.0,-1.09999615765298e-06,-2.56666969385488e-06,0.0,0.0,-5.13332614388132e-07,0.0,-6.96665682952645e-07,,,,Mexico,CO2
GCAM 5.3,R_MAC_85_n0,MEX,Emissions|CO2|Industrial Processes,Mt CO2/yr,,,,27.7716172304601,,,25.8214632638587,,,,,25.5799365363642,,27.9007888044186,,,,,16.638520209734,14.8151554531837,13.651681230965,12.4235460363476,10.5097983289443,8.17964614738145,5.35551067224048,2.28278818023783,-2.66200677543787,-12.7390473888451,-24.4388185115428,-38.2686595095246,-55.2463371736763,-60.8947013050832,-67.7698544648432,-73.0527189546853,,,,Mexico,CO2
GCAM 5.3,R_MAC_85_n0,MEX,Emissions|N2O|AFOLU,Mt CO2e/yr,,,,23.974382628675,,,25.199776825791474,,,,,26.067733764864816,,28.052364262861577,,,,,30.94314278737309,34.20642392616485,36.977068813164756,39.26324980249499,41.33488015956664,42.93598497270591,43.783274824894875,44.586975033894106,45.16814331047819,45.36625661083207,45.35261303789798,45.305239095500475,44.97415549314761,45.20403416384774,45.37807168103992,45.50095963574452,,,,Mexico,N2O
GCAM 5.3,R_MAC_85_n8,MEX,Carbon Sequestration|CCS|Biomass,Mt CO2/yr,,,,0.0,,,0.0,,,,,0.0,,0.0,,,,,2.49155929650537,14.7229507151166,33.8448478468041,56.7976373000878,84.9693374811512,116.242684257516,157.064480005254,223.237889328018,312.279556305081,384.881418490117,427.873224745949,451.749841295681,462.337272580418,452.832064069237,449.84776491972,449.936661779405,,,,Mexico,
GCAM 5.3,R_MAC_85_n8,MEX,Emissions|CH4|AFOLU,Mt CO2e/yr,,,,51.948436579356525,,,54.182490226063365,,,,,53.84379745888416,,56.832503544549596,,,,,60.622518380451446,64.37579486499784,66.74878879116167,68.28332823410784,68.85485271848457,68.98256483220143,68.1729572352864,65.99514408650212,62.82278494761976,59.22848630686093,55.85095444593,52.805861385826915,50.25465518632272,50.39369516525204,50.338287964378125,50.2459386091754,,,,Mexico,CH4
GCAM 5.3,R_MAC_85_n8,MEX,Emissions|CO2|AFOLU,Mt CO2/yr,,,,54.5907646693698,,,-3.94303733921057,,,,,-12.7699740072534,,-15.3215312317446,,,,,7.57408015699171,18.9419452261121,27.4625642060426,15.1574751020677,14.6410706501377,5.20533326126774,0.0186112450548644,-0.787860616373421,4.77532753350391,2.61841020584282,-5.14129719122206,-8.0421735350581,-7.83293143556509,-5.31513328120663,-4.89973574440666,-4.71823146600062,,,,Mexico,CO2
GCAM 5.3,R_MAC_85_n8,MEX,Emissions|CO2|Energy and Industrial Processes,Mt CO2/yr,,,,462.14296993503,,,487.596170428254,,,,,494.126346673001,,524.543729953973,,,,,509.566674394581,500.891205325739,475.091497773932,434.700377103268,380.372252295872,315.543724520221,229.334637979629,106.198922379093,-51.9044461320441,-198.002732150875,-299.815898914065,-373.917506461979,-425.949489046963,-397.750723600944,-381.223310060563,-378.291179354544,,,,Mexico,CO2
GCAM 5.3,R_MAC_85_n8,MEX,Emissions|CO2|Energy|Demand,Mt CO2/yr,,,,265.673891973897,,,295.306627927548,,,,,296.216457901656,,330.594241738359,,,,,335.854860367232,346.07833898391,353.448129008487,355.774655412744,353.260304781164,344.12843476606,322.664464492899,291.053021343299,248.007288839209,199.461979803097,160.669620318859,131.028325761745,110.962903559593,125.491702116147,139.317155429716,149.329067773675,,,,Mexico,CO2
GCAM 5.3,R_MAC_85_n8,MEX,Emissions|CO2|Energy|Demand|Industry,Mt CO2/yr,,,,94.4964288322009,,,104.932607206498,,,,,104.712251253166,,123.302366197757,,,,,124.692753664587,126.13818242911,125.917422175961,123.570324083597,117.922178146315,108.355018292363,91.7688353011085,70.854887062901,50.5715327524111,33.434118369866,21.5866990522098,14.0322067758083,8.65878384648425,13.7274955363706,20.1097163976802,25.2165147771821,,,,Mexico,CO2
GCAM 5.3,R_MAC_85_n8,MEX,Emissions|CO2|Energy|Demand|Residential and Commercial,Mt CO2/yr,,,,27.2937293409818,,,26.4858842520042,,,,,25.181640073916,,29.8658830528049,,,,,28.5363202243838,28.8947842676628,28.9112123125935,28.2396625466016,26.232937942088,23.4952489047978,19.1921035965212,14.4627450070016,9.49271614994818,4.97390020518814,2.14584604064138,0.767221679861864,0.2085468184512,0.212545381634808,0.222796690893634,0.195517269396666,,,,Mexico,CO2
GCAM 5.3,R_MAC_85_n8,MEX,Emissions|CO2|Energy|Demand|Residential and Commercial|Commercial,Mt CO2/yr,,,,4.99772319463178,,,5.00320911984176,,,,,5.38167889297654,,6.558927949863,,,,,6.17207950567512,6.13942306129016,6.06545696520134,5.85597715632072,5.34805654873641,4.69265862211682,3.68422391276324,2.63642785151922,1.62915499918441,0.796429219336864,0.32583852137896,0.11675065732137,0.0350715770423149,0.0351107661676138,0.0359480490352406,0.031881815973526,,,,Mexico,CO2
GCAM 5.3,R_MAC_85_n8,MEX,Emissions|CO2|Energy|Demand|Residential and Commercial|Residential,Mt CO2/yr,,,,22.2960061463501,,,21.4826751321624,,,,,19.7999611809395,,23.3069551029419,,,,,22.3642407187087,22.7553612063726,22.8457553473921,22.3836853902809,20.8848813933516,18.802590282681,15.507879683758,11.8263171554824,7.86356115076377,4.17747098585128,1.82000751926242,0.650471022540493,0.173475241408885,0.177434615467194,0.186848641858393,0.16363545342314,,,,Mexico,CO2
GCAM 5.3,R_MAC_85_n8,MEX,Emissions|CO2|Energy|Demand|Transportation,Mt CO2/yr,,,,143.883733800714,,,163.888136469046,,,,,166.322566574574,,177.425992487797,,,,,182.625786478262,191.045372287137,198.619494519932,203.964668782545,209.105188692762,212.278167568899,211.703525595269,205.735389273397,187.94303993685,161.053961228043,136.937075226008,116.228897306075,102.095572894657,111.551661198141,118.984642341143,123.917035727096,,,,Mexico,CO2
GCAM 5.3,R_MAC_85_n8,MEX,Emissions|CO2|Energy|Supply,Mt CO2/yr,,,,168.697460730673,,,166.468079236847,,,,,172.329952234981,,166.048699411196,,,,,157.956101905422,140.921606384204,108.979800716001,67.7199631858641,18.203566269699,-34.5039492522908,-95.2811021586633,-181.280725941918,-285.956915741904,-368.576961667939,-415.433165517701,-441.656266317501,-455.037642326484,-438.258518553718,-433.931151799002,-435.916503933011,,,,Mexico,CO2
GCAM 5.3,R_MAC_85_n8,MEX,Emissions|CO2|Energy|Supply|Electricity,Mt CO2/yr,,,,123.434869756596,,,121.940866679534,,,,,124.693684912229,,121.595209600041,,,,,113.695572132475,99.7082726713355,74.4551290392253,44.3448798895907,11.9920317200751,-20.7808924297915,-58.8087926312229,-106.333070863704,-147.586299489091,-176.372504841227,-197.770424369677,-206.755718565141,-211.000079942446,-217.566842224997,-225.380169097666,-233.158911572745,,,,Mexico,CO2
GCAM 5.3,R_MAC_85_n8,MEX,Emissions|CO2|Energy|Supply|Gases,Mt CO2/yr,,,,9.56225536903579e-08,,,-3.66065317664208e-07,,,,,-3.39839388396538e-07,,0.0357567490823909,,,,,0.0319297981858781,0.0308703764799398,0.0363122574768505,0.0460676836514533,0.0486448086526796,0.0467888211533166,0.0286891354978438,0.0119875442038965,0.0044162750529025,0.0012516931229859,0.0003039435594487,6.67970370256834e-05,1.44615191627501e-05,1.22093426248474e-05,9.41481210773065e-06,8.75853224262013e-06,,,,Mexico,CO2
GCAM 5.3,R_MAC_85_n8,MEX,Emissions|CO2|Energy|Supply|Liquids,Mt CO2/yr,,,,45.2625908784544,,,44.5272143900451,,,,,47.6362676625915,,44.1960794200596,,,,,44.0993673232076,41.2697363962533,34.9302920364607,24.0611316556792,7.31279271247597,-11.8289224919691,-32.1414767354717,-63.0442874642674,-119.492741429975,-171.002302352405,-197.813469407381,-214.660442887392,-222.276340464268,-197.315844532168,-182.009053073534,-178.998589480179,,,,Mexico,CO2
GCAM 5.3,R_MAC_85_n8,MEX,Emissions|CO2|Energy|Supply|Solids,Mt CO2/yr,,,,0.0,,,-1.46666737426144e-06,,,,,0.0,,-9.89998913227226e-06,,,,,-7.33332103976215e-06,0.0,-1.83332551291027e-05,0.0,0.0,0.0,0.0,-3.66666220354248e-06,-3.66666593818571e-06,0.0,0.0,-1.10000262848158e-07,-2.93332454622107e-07,-2.1999933954504e-07,0.0,-3.66667658572351e-08,,,,Mexico,CO2
GCAM 5.3,R_MAC_85_n8,MEX,Emissions|CO2|Industrial Processes,Mt CO2/yr,,,,27.7716172304601,,,25.8214632638587,,,,,25.5799365363642,,27.9007888044186,,,,,15.7557121219262,13.8912599576241,12.6635680494443,11.2057585046595,8.90838124500879,5.91923900645224,1.95127564539292,-3.57337302228871,-13.9548192293494,-28.8877502860332,-45.0523537152226,-63.2895659062238,-81.8747502800724,-84.983907163372,-86.6093136912768,-91.7037431952079,,,,Mexico,CO2
GCAM 5.3,R_MAC_85_n8,MEX,Emissions|N2O|AFOLU,Mt CO2e/yr,,,,23.974382628675,,,25.199776825791474,,,,,26.067733764864816,,28.052364262861577,,,,,31.0122291581021,34.36703418038409,37.20766308778783,39.49456265754827,41.48307681022241,42.80586230005968,43.865820289203555,44.47119774686862,44.60287399253732,44.6191114089559,44.49965888080112,44.2853182997245,43.957214369067096,44.19047013045155,44.382156096403676,44.532476260824005,,,,Mexico,N2O
GCAM 5.3,R_MAC_90_n0,MEX,Carbon Sequestration|CCS|Biomass,Mt CO2/yr,,,,0.0,,,0.0,,,,,0.0,,0.0,,,,,1.86523342956666,10.606270410873,24.7935146239557,41.6368565151684,62.0516145643887,82.8365010505903,105.646107744191,134.785585813234,175.785611775842,238.99460185768,301.053743828353,344.284269996234,375.01793769427,397.503486441004,387.191150185912,381.770853872365,,,,Mexico,
GCAM 5.3,R_MAC_90_n0,MEX,Emissions|CH4|AFOLU,Mt CO2e/yr,,,,51.948436579356525,,,54.182490226063365,,,,,53.84379745888416,,56.832503544549596,,,,,60.59828629142231,64.49957649082612,67.0919038205416,68.96318281118113,70.06422051589463,70.99462857377353,70.98878156649523,70.22611167826044,68.8721366762534,66.61355706761252,64.0211407644438,61.239712380147566,58.5920429076752,56.11510143115129,56.13078335412464,55.99881128531088,,,,Mexico,CH4
GCAM 5.3,R_MAC_90_n0,MEX,Emissions|CO2|AFOLU,Mt CO2/yr,,,,54.5907646693698,,,-3.94303733921057,,,,,-12.7699740072534,,-15.3215312317446,,,,,5.22526017083258,15.3819746072225,24.325169516115,14.0559171061644,12.834633433968,4.62956426444641,-0.998133063580115,-4.71265255962509,-2.76177983597274,2.5967557272095,4.81816596872241,1.42958899900348,-2.48927272541084,-4.08480240496372,-4.22213781297635,-3.08548320355964,,,,Mexico,CO2
GCAM 5.3,R_MAC_90_n0,MEX,Emissions|CO2|Energy and Industrial Processes,Mt CO2/yr,,,,462.14296993503,,,487.596170428254,,,,,494.126346673001,,524.543729953973,,,,,516.328803072996,517.480750721064,503.929474568842,478.525537226084,443.096686951799,403.734218214766,357.012087578365,297.189663089189,220.768572174106,112.111324645025,1.00466903925076,-90.73342644382,-169.575140069934,-239.94072977225,-223.898321378976,-216.927337426894,,,,Mexico,CO2
GCAM 5.3,R_MAC_90_n0,MEX,Emissions|CO2|Energy|Demand,Mt CO2/yr,,,,265.673891973897,,,295.306627927548,,,,,296.216457901656,,330.594241738359,,,,,339.349765342197,352.527875009669,363.042443651298,370.05107131771,374.643148404754,376.521854437308,371.88382446471,361.087169207613,345.134782499024,319.64548155166,290.066065404798,258.364633991643,227.423104330043,199.740122497952,209.934190468726,218.365142712295,,,,Mexico,CO2
GCAM 5.3,R_MAC_90_n0,MEX,Emissions|CO2|Energy|Demand|Industry,Mt CO2/yr,,,,94.4964288322009,,,104.932607206498,,,,,104.712251253166,,123.302366197757,,,,,126.746060140173,129.969481292157,131.558647188966,131.955717407898,130.298004152478,127.008110149625,119.327701283736,107.484103059861,94.8947262296102,83.0859875454508,71.9182815510737,60.2764722016753,49.3225326582441,40.2617286760467,42.9026965437897,45.110483344662,,,,Mexico,CO2
GCAM 5.3,R_MAC_90_n0,MEX,Emissions|CO2|Energy|Demand|Residential and Commercial,Mt CO2/yr,,,,27.2937293409818,,,26.4858842520042,,,,,25.181640073916,,29.8658830528049,,,,,29.1285966525632,29.8954075697249,30.346172391209,30.3031487775776,29.1289671732474,27.5407634838215,24.7250837275005,21.0873996793865,17.1563417885962,12.8741249067038,8.72285876077379,5.33852390353872,2.87456221158981,1.37436257307503,1.21961561895713,1.07594064872737,,,,Mexico,CO2
GCAM 5.3,R_MAC_90_n0,MEX,Emissions|CO2|Energy|Demand|Residential and Commercial|Commercial,Mt CO2/yr,,,,4.99772319463178,,,5.00320911984176,,,,,5.38167889297654,,6.558927949863,,,,,6.32582938957458,6.39843267255535,6.42738298377455,6.3719900000316,6.06148323639199,5.67605428681047,4.9939712021313,4.12655446838543,3.22865409651501,2.32325938121032,1.49387949303945,0.867801139999392,0.449159621959129,0.212729280201649,0.19090785682087,0.16981849671867,,,,Mexico,CO2
GCAM 5.3,R_MAC_90_n0,MEX,Emissions|CO2|Energy|Demand|Residential and Commercial|Residential,Mt CO2/yr,,,,22.2960061463501,,,21.4826751321624,,,,,19.7999611809395,,23.3069551029419,,,,,22.8027672629886,23.4969748971696,23.9187894074344,23.931158777546,23.0674839368554,21.8647091970111,19.7311125253692,16.9608452110011,13.9276876920812,10.5508655254934,7.22897926773434,4.47072276353933,2.42540258963069,1.16163329287338,1.02870776213626,0.906122152008703,,,,Mexico,CO2
GCAM 5.3,R_MAC_90_n0,MEX,Emissions|CO2|Energy|Demand|Transportation,Mt CO2/yr,,,,143.883733800714,,,163.888136469046,,,,,166.322566574574,,177.425992487797,,,,,183.475108549461,192.662986147787,201.137624071123,207.792205132234,215.216177079029,221.972980803862,227.831039453473,232.515666468366,233.083714480817,223.685369099505,209.42492509295,192.749637886428,175.226009460209,158.10403124883,165.811878305979,172.178718718905,,,,Mexico,CO2
GCAM 5.3,R_MAC_90_n0,MEX,Emissions|CO2|Energy|Supply,Mt CO2/yr,,,,168.697460730673,,,166.468079236847,,,,,172.329952234981,,166.048699411196,,,,,160.011829449192,149.788608794333,126.861797315588,95.5915050255242,57.3697936721916,18.2841193313832,-21.2264592146512,-67.5986155182417,-124.323128721786,-199.84899765321,-271.105945279528,-319.041646234494,-352.354102678204,-377.753468801189,-366.593409964287,-362.49157772182,,,,Mexico,CO2
GCAM 5.3,R_MAC_90_n0,MEX,Emissions|CO2|Energy|Supply|Electricity,Mt CO2/yr,,,,123.434869756596,,,121.940866679534,,,,,124.693684912229,,121.595209600041,,,,,115.52229351467,107.507014265781,90.005684630232,68.0620575107506,43.7037535080332,19.2542120883699,-7.64254043339696,-42.4268552818068,-80.0823992181097,-113.642626002345,-142.837517546363,-161.035306350029,-172.919206872487,-178.589844646661,-175.57043028891,-174.581872791059,,,,Mexico,CO2
GCAM 5.3,R_MAC_90_n0,MEX,Emissions|CO2|Energy|Supply|Gases,Mt CO2/yr,,,,9.56225536903579e-08,,,-3.66065317664208e-07,,,,,-3.39839388396538e-07,,0.0357567490823909,,,,,0.0369680720984563,0.0375061445188991,0.0461687329011884,0.0625492624789208,0.0745630125422634,0.0880644796495623,0.0781007487885661,0.0536361725986041,0.0331825404973887,0.0162124501609133,0.0071223737284606,0.0027195461084452,0.0009210941776102,0.0003243903529691,0.0004334895965608,0.0005305494758468,,,,Mexico,CO2
GCAM 5.3,R_MAC_90_n0,MEX,Emissions|CO2|Energy|Supply|Liquids,Mt CO2/yr,,,,45.2625908784544,,,44.5272143900451,,,,,47.6362676625915,,44.1960794200596,,,,,44.2678703527094,42.1685786850056,36.9388606140007,27.6877513656528,13.9510504954133,-0.48927819947743,-12.3970921772701,-21.8268817848807,-37.1085089598706,-73.1793717435657,-114.180832398534,-145.097718635831,-167.999619810469,-188.214441057631,-181.978866079107,-179.725281324409,,,,Mexico,CO2
GCAM 5.3,R_MAC_90_n0,MEX,Emissions|CO2|Energy|Supply|Solids,Mt CO2/yr,,,,0.0,,,-1.46666737426144e-06,,,,,0.0,,-9.89998913227226e-06,,,,,-1.20999773751978e-05,0.0,0.0,-1.17333258636692e-05,0.0,0.0,0.0,-3.66666156399135e-06,0.0,-3.66665404545138e-07,0.0,-2.93332672164003e-06,-1.17333178341293e-06,-2.19999315202405e-07,0.0,0.0,,,,Mexico,CO2
GCAM 5.3,R_MAC_90_n0,MEX,Emissions|CO2|Industrial Processes,Mt CO2/yr,,,,27.7716172304601,,,25.8214632638587,,,,,25.5799365363642,,27.9007888044186,,,,,16.9672082816068,15.1642669170613,14.025233601956,12.8829608828494,11.0837448748536,8.92824444607517,6.35472232830638,3.70110939981781,-0.0430816031317733,-7.68515925342512,-17.9554510860197,-30.0564142009685,-44.644141721773,-61.9273834690139,-67.239101883415,-72.8009024173682,,,,Mexico,CO2
GCAM 5.3,R_MAC_90_n0,MEX,Emissions|N2O|AFOLU,Mt CO2e/yr,,,,23.974382628675,,,25.199776825791474,,,,,26.067733764864816,,28.052364262861577,,,,,30.918340933653266,34.14904666237646,36.8899466996353,39.17286854767678,41.265155940577564,42.91782390653175,43.86456029913403,44.57186951604032,45.24227770000302,45.59632458580836,45.64765010427913,45.60309282881188,45.349666739634074,45.19232616385223,45.366949136725125,45.50643403063048,,,,Mexico,N2O
GCAM 5.3,R_MAC_90_n8,MEX,Carbon Sequestration|CCS|Biomass,Mt CO2/yr,,,,0.0,,,0.0,,,,,0.0,,0.0,,,,,2.27320791998858,13.2972765555099,30.7404684112545,51.6940256494564,77.1916691107572,104.536139149951,137.955617581419,188.290140970617,265.442000212422,345.37161028455,393.643949809977,422.622541226357,439.308313903427,455.08562746512,451.071264978282,449.824999952863,,,,Mexico,
GCAM 5.3,R_MAC_90_n8,MEX,Emissions|CH4|AFOLU,Mt CO2e/yr,,,,51.948436579356525,,,54.182490226063365,,,,,53.84379745888416,,56.832503544549596,,,,,60.615559033559045,64.41661853892413,66.87924942736632,68.50776278732764,69.24303378105093,69.71694872677976,69.12706420053084,67.50309939873752,64.88041595049391,61.59762357460936,58.358690666108,55.28900704325795,52.62867860218332,50.23126501882328,50.280863486469,50.2263166026202,,,,Mexico,CH4
GCAM 5.3,R_MAC_90_n8,MEX,Emissions|CO2|AFOLU,Mt CO2/yr,,,,54.5907646693698,,,-3.94303733921057,,,,,-12.7699740072534,,-15.3215312317446,,,,,6.84440688764404,17.8071818634415,26.4990960120466,14.7460265617968,13.94766579652,4.88723641389539,-0.66237590736213,-2.68848117217809,2.88133024826157,5.11194835719579,-1.08527779046302,-6.10896057159753,-6.81686242791578,-6.93862922121792,-4.93723694597781,-4.46753615767595,,,,Mexico,CO2
GCAM 5.3,R_MAC_90_n8,MEX,Emissions|CO2|Energy and Industrial Processes,Mt CO2/yr,,,,462.14296993503,,,487.596170428254,,,,,494.126346673001,,524.543729953973,,,,,511.669559573348,506.236092465798,484.42414237616,448.699223001672,400.695218450145,344.979129525818,273.893160907047,175.612853007619,39.96314119452,-109.055718795117,-215.708394184291,-297.019931620752,-360.640511058665,-405.742938911784,-385.253918621438,-378.603668946414,,,,Mexico,CO2
GCAM 5.3,R_MAC_90_n8,MEX,Emissions|CO2|Energy|Demand,Mt CO2/yr,,,,265.673891973897,,,295.306627927548,,,,,296.216457901656,,330.594241738359,,,,,336.943565483291,348.126515510206,356.469693712808,360.255693237162,360.192511055103,355.000113803144,339.517603269384,314.785189253631,280.40020362715,235.979132341493,196.971694762614,163.779564867177,138.230272597676,122.902393698897,137.831600474395,148.534693818259,,,,Mexico,CO2
GCAM 5.3,R_MAC_90_n8,MEX,Emissions|CO2|Energy|Demand|Industry,Mt CO2/yr,,,,94.4964288322009,,,104.932607206498,,,,,104.712251253166,,123.302366197757,,,,,125.340675636964,127.355846906728,127.699605424192,126.19028396114,121.913223537556,114.542608368201,100.970753138273,82.4093817867533,64.2259959419849,47.8483979053769,34.4958189814282,24.7422848527068,17.5689668559855,14.0021134357008,20.3118944916243,25.4481428513844,,,,Mexico,CO2
GCAM 5.3,R_MAC_90_n8,MEX,Emissions|CO2|Energy|Demand|Residential and Commercial,Mt CO2/yr,,,,27.2937293409818,,,26.4858842520042,,,,,25.181640073916,,29.8658830528049,,,,,28.7195635078526,29.2132967409636,29.3584299124603,28.8799679901979,27.1575931964109,24.8173508863633,20.9948876863128,16.5251291341813,11.8925010657362,7.12261443899541,3.61457520928285,1.56394939754756,0.543689820049891,0.182216021870845,0.207146879657795,0.193118370111557,,,,Mexico,CO2
GCAM 5.3,R_MAC_90_n8,MEX,Emissions|CO2|Energy|Demand|Residential and Commercial|Commercial,Mt CO2/yr,,,,4.99772319463178,,,5.00320911984176,,,,,5.38167889297654,,6.558927949863,,,,,6.21972473876616,6.2218178747093,6.17851610900491,6.01529637114701,5.57424879102769,5.01024309586409,4.10136816003433,3.08055291106751,2.10666082396591,1.18672866122319,0.565452037852022,0.237814807508908,0.0851182783553958,0.0308615057023217,0.033743968834102,0.031471098001192,,,,Mexico,CO2
GCAM 5.3,R_MAC_90_n8,MEX,Emissions|CO2|Energy|Demand|Residential and Commercial|Residential,Mt CO2/yr,,,,22.2960061463501,,,21.4826751321624,,,,,19.7999611809395,,23.3069551029419,,,,,22.4998387690864,22.9914788662543,23.1799138034554,22.8646716190509,21.5833444053832,19.8071077904992,16.8935195262785,13.4445762231138,9.78584024177029,5.93588577777222,3.04912317143083,1.32613459003866,0.458571541694496,0.151354516168524,0.173402910823693,0.161647272110365,,,,Mexico,CO2
GCAM 5.3,R_MAC_90_n8,MEX,Emissions|CO2|Energy|Demand|Transportation,Mt CO2/yr,,,,143.883733800714,,,163.888136469046,,,,,166.322566574574,,177.425992487797,,,,,182.883326338474,191.557371862515,199.411658376156,205.185441285824,211.121694321136,215.64015454858,217.551962444799,215.850678332697,204.281706619429,181.008119997121,158.861300571903,137.473330616922,120.117615921641,108.718064241326,117.312559103113,122.893432596763,,,,Mexico,CO2
GCAM 5.3,R_MAC_90_n8,MEX,Emissions|CO2|Energy|Supply,Mt CO2/yr,,,,168.697460730673,,,166.468079236847,,,,,172.329952234981,,166.048699411196,,,,,158.614176558295,143.842094839,114.886239406216,76.7469636414421,30.9336864553573,-16.9097496259425,-69.1134550768316,-138.459642527803,-231.686358498337,-322.911193297807,-376.193758713901,-407.43900532696,-426.421507594481,-441.485300495639,-434.991646025086,-435.231502336608,,,,Mexico,CO2
GCAM 5.3,R_MAC_90_n8,MEX,Emissions|CO2|Energy|Supply|Electricity,Mt CO2/yr,,,,123.434869756596,,,121.940866679534,,,,,124.693684912229,,121.595209600041,,,,,114.283460353703,102.273595864255,79.5834168822432,51.9901239707384,22.1689730485549,-7.81362919626621,-41.7433459369447,-85.9306370688788,-127.793721981018,-158.506684412028,-181.89273099007,-192.916734538129,-197.463209047008,-208.854514403449,-218.002918215669,-227.899325638589,,,,Mexico,CO2
GCAM 5.3,R_MAC_90_n8,MEX,Emissions|CO2|Energy|Supply|Gases,Mt CO2/yr,,,,9.56225536903579e-08,,,-3.66065317664208e-07,,,,,-3.39839388396538e-07,,0.0357567490823909,,,,,0.0334101755259649,0.0325779071554554,0.0390487390211136,0.0506763540834974,0.0559140877071725,0.0581147093135964,0.0409315626475765,0.0201508782895734,0.0088264576485078,0.0030759322505371,0.0008726747110986,0.0002251397620441,5.54983982564213e-05,1.19143164149206e-05,9.63328550910648e-06,1.00372488690181e-05,,,,Mexico,CO2
GCAM 5.3,R_MAC_90_n8,MEX,Emissions|CO2|Energy|Supply|Liquids,Mt CO2/yr,,,,45.2625908784544,,,44.5272143900451,,,,,47.6362676625915,,44.1960794200596,,,,,44.1508223646113,41.5697599035206,35.6004962016079,25.2669390055129,9.57847193336834,-7.74249486168706,-24.3627792423246,-44.1352293573492,-88.6357866620623,-145.675531121335,-177.217167844288,-198.545385562123,-213.355122613218,-208.521598951944,-188.554079245512,-181.701022523605,,,,Mexico,CO2
GCAM 5.3,R_MAC_90_n8,MEX,Emissions|CO2|Energy|Supply|Solids,Mt CO2/yr,,,,0.0,,,-1.46666737426144e-06,,,,,0.0,,-9.89998913227226e-06,,,,,0.0,0.0,0.0,-1.20999628165499e-05,-1.06333025860438e-05,-3.30000093405136e-06,0.0,0.0,-1.83333687784134e-06,0.0,-7.70000151383049e-07,-1.06333302467541e-06,0.0,-2.9333351129372e-07,-1.46666415285426e-07,0.0,,,,Mexico,CO2
GCAM 5.3,R_MAC_90_n8,MEX,Emissions|CO2|Industrial Processes,Mt CO2/yr,,,,27.7716172304601,,,25.8214632638587,,,,,25.5799365363642,,27.9007888044186,,,,,16.1118175317623,14.2674821165922,13.0682092571349,11.6965661230678,9.56902093968509,6.88876534861638,3.48901271449433,-0.712693718209521,-8.75070393429351,-22.1236578388034,-36.4863302330036,-53.360491160969,-72.4492760618596,-87.1600321150422,-88.0938730707472,-91.9068604280644,,,,Mexico,CO2
GCAM 5.3,R_MAC_90_n8,MEX,Emissions|N2O|AFOLU,Mt CO2e/yr,,,,23.974382628675,,,25.199776825791474,,,,,26.067733764864816,,28.052364262861577,,,,,30.98303888148269,34.30069125090999,37.11510479900468,39.4022538184993,41.43101059684504,42.90163982608195,43.834583524655464,44.55753706223083,44.91005260575643,44.882572599120714,44.90414197372986,44.70114078600916,44.39252636316143,44.16614593385358,44.37036158305651,44.52674153190108,,,,Mexico,N2O
GCAM 5.3,R_MAC_95_n0,MEX,Carbon Sequestration|CCS|Biomass,Mt CO2/yr,,,,0.0,,,0.0,,,,,0.0,,0.0,,,,,1.7542357928093,9.83147720043724,23.0351949707751,38.6755838292952,57.6731216596772,76.7761921429865,97.2715697495358,122.300599344902,155.771888481413,206.551174815711,266.37411730386,314.459192539463,348.820979391329,374.614844287825,393.064325053421,383.643945302502,,,,Mexico,
GCAM 5.3,R_MAC_95_n0,MEX,Emissions|CH4|AFOLU,Mt CO2e/yr,,,,51.948436579356525,,,54.182490226063365,,,,,53.84379745888416,,56.832503544549596,,,,,60.59296271018481,64.52002411079876,67.15721497310813,69.1061487203122,70.295458069361,71.33010811623843,71.56235149000895,70.94372723438111,69.93094869171544,68.07093341290228,65.7690054884296,63.18814467751211,60.65425035055819,58.219029608675314,55.92622845213656,55.9127330486242,,,,Mexico,CH4
GCAM 5.3,R_MAC_95_n0,MEX,Emissions|CO2|AFOLU,Mt CO2/yr,,,,54.5907646693698,,,-3.94303733921057,,,,,-12.7699740072534,,-15.3215312317446,,,,,4.69180863681912,14.6775430933045,23.5290576471413,13.8936499032006,12.5922505972024,4.65461800341672,-0.894571884444789,-5.03052181461409,-3.79298172191774,0.412567042658731,4.82890558462263,3.20976408810744,-0.357435662679123,-2.94823078556997,-3.44930836111243,-3.41420896158723,,,,Mexico,CO2
GCAM 5.3,R_MAC_95_n0,MEX,Emissions|CO2|Energy and Industrial Processes,Mt CO2/yr,,,,462.14296993503,,,487.596170428254,,,,,494.126346673001,,524.543729953973,,,,,517.824217669955,521.021194464825,510.101704032452,487.895999685667,456.171704952842,421.274900393571,380.402536817731,329.512482863987,266.458279300249,179.153751358705,75.2418387938593,-17.7952617671113,-97.1650315259618,-168.646583728596,-232.65010183852,-218.040985001795,,,,Mexico,CO2
GCAM 5.3,R_MAC_95_n0,MEX,Emissions|CO2|Energy|Demand,Mt CO2/yr,,,,265.673891973897,,,295.306627927548,,,,,296.216457901656,,330.594241738359,,,,,340.11444867042,353.955698269277,365.18838826488,373.18557548231,379.082883188942,382.845649727671,380.927376329188,374.181904727965,363.118846027573,344.385233029846,319.70861745735,291.513316594403,262.333581003854,234.56667706282,208.937593345234,218.709159247063,,,,Mexico,CO2
GCAM 5.3,R_MAC_95_n0,MEX,Emissions|CO2|Energy|Demand|Industry,Mt CO2/yr,,,,94.4964288322009,,,104.932607206498,,,,,104.712251253166,,123.302366197757,,,,,127.18382964334,130.81129681037,132.815919964552,133.802453969953,132.887256971471,130.713099134167,124.573360002834,114.989327376758,104.557675140529,94.4589204532131,84.8432086939628,74.2418543055571,63.2298296759204,53.6149707097044,44.9701992765677,46.9438122579413,,,,Mexico,CO2
GCAM 5.3,R_MAC_95_n0,MEX,Emissions|CO2|Energy|Demand|Residential and Commercial,Mt CO2/yr,,,,27.2937293409818,,,26.4858842520042,,,,,25.181640073916,,29.8658830528049,,,,,29.2599420101639,30.1184684080132,30.6718726682928,30.7636156785969,29.7449560454001,28.3641689720876,25.8235400757399,22.5178996071906,18.8121485414701,14.7555468596614,10.6655627702096,7.10898105150397,4.26784447574804,2.3424770898567,1.18329407726363,1.08225601345886,,,,Mexico,CO2
GCAM 5.3,R_MAC_95_n0,MEX,Emissions|CO2|Energy|Demand|Residential and Commercial|Commercial,Mt CO2/yr,,,,4.99772319463178,,,5.00320911984176,,,,,5.38167889297654,,6.558927949863,,,,,6.35980698549763,6.45626330246808,6.50967940034542,6.48798775218135,6.21499197993643,5.8800379141268,5.26311441238691,4.46976205098604,3.60716028175571,2.72160597312161,1.87981215661863,1.19337536064309,0.684434624796209,0.365729675350677,0.184640757187623,0.170068321108573,,,,Mexico,CO2
GCAM 5.3,R_MAC_95_n0,MEX,Emissions|CO2|Energy|Demand|Residential and Commercial|Residential,Mt CO2/yr,,,,22.2960061463501,,,21.4826751321624,,,,,19.7999611809395,,23.3069551029419,,,,,22.9001350246663,23.6622051055451,24.1621932679474,24.2756279264156,23.5299640654637,22.4841310579608,20.560425663353,18.0481375562046,15.2049882597144,12.0339408865398,8.78575061359098,5.91560569086088,3.58340985095183,1.97674741450603,0.998653320076006,0.912187692350287,,,,Mexico,CO2
GCAM 5.3,R_MAC_95_n0,MEX,Emissions|CO2|Energy|Demand|Transportation,Mt CO2/yr,,,,143.883733800714,,,163.888136469046,,,,,166.322566574574,,177.425992487797,,,,,183.670677016916,193.025933050895,201.700595632036,208.619505833761,216.450670172071,223.768381621416,230.530476250615,236.674677744016,239.749022345574,235.170765716971,224.199845993178,210.162481237342,194.835906852185,178.609229263258,162.784099991403,170.683090975663,,,,Mexico,CO2
GCAM 5.3,R_MAC_95_n0,MEX,Emissions|CO2|Energy|Supply,Mt CO2/yr,,,,168.697460730673,,,166.468079236847,,,,,172.329952234981,,166.048699411196,,,,,160.449329444608,151.580902603676,130.543754103923,101.407438551011,65.4924829706116,28.850655521548,-7.7077202427643,-49.4810935068068,-98.4256692750586,-161.257692638796,-231.606999705042,-285.730107578935,-323.325333021817,-352.133067541323,-373.512583065941,-364.39439324869,,,,Mexico,CO2
GCAM 5.3,R_MAC_95_n0,MEX,Emissions|CO2|Energy|Supply|Electricity,Mt CO2/yr,,,,123.434869756596,,,121.940866679534,,,,,124.693684912229,,121.595209600041,,,,,115.907589131132,109.079396744117,93.209453940439,73.0411886001,50.4151684388019,27.6345912031158,2.57536283152287,-29.5986575570519,-64.6575285877575,-97.6740470087088,-128.33520692583,-148.792376338955,-162.872234679373,-171.105184753668,-173.402488414109,-172.714210879631,,,,Mexico,CO2
GCAM 5.3,R_MAC_95_n0,MEX,Emissions|CO2|Energy|Supply|Gases,Mt CO2/yr,,,,9.56225536903579e-08,,,-3.66065317664208e-07,,,,,-3.39839388396538e-07,,0.0357567490823909,,,,,0.038182856827761,0.0393284034071656,0.0488443822726222,0.066979294071574,0.0814711632916971,0.0993109397679393,0.0928209460799374,0.0695762002732293,0.047702929997538,0.0256487352893714,0.0126003949174871,0.0055363233476243,0.002156010655822,0.0008917556289125,0.00038846170507,0.0005131042816874,,,,Mexico,CO2
GCAM 5.3,R_MAC_95_n0,MEX,Emissions|CO2|Energy|Supply|Liquids,Mt CO2/yr,,,,45.2625908784544,,,44.5272143900451,,,,,47.6362676625915,,44.1960794200596,,,,,44.3065875773604,42.3519639513139,37.3501719558823,28.4201723349923,15.2160792584939,1.4774360814745,-9.48190593623049,-17.485121718832,-28.5853715368488,-53.0840603500064,-90.576606024281,-124.622084914128,-149.436204020445,-170.392192786455,-189.126231073998,-182.43061787684,,,,Mexico,CO2
GCAM 5.3,R_MAC_95_n0,MEX,Emissions|CO2|Energy|Supply|Solids,Mt CO2/yr,,,,0.0,,,-1.46666737426144e-06,,,,,0.0,,-9.89998913227226e-06,,,,,0.0,0.0,0.0,0.0,-1.46666257504262e-05,-1.46666825138556e-06,0.0,-1.13666380514773e-05,-7.33333082653044e-07,-7.3333323315649e-07,-2.200002693832e-06,-1.09999923333977e-06,0.0,-1.86999471349442e-06,0.0,-8.43329319046993e-07,,,,Mexico,CO2
GCAM 5.3,R_MAC_95_n0,MEX,Emissions|CO2|Industrial Processes,Mt CO2/yr,,,,27.7716172304601,,,25.8214632638587,,,,,25.5799365363642,,27.9007888044186,,,,,17.2604395549265,15.484593591871,14.3695616636485,13.3029856523462,11.5963387932886,9.57859514435143,7.18288073130683,4.81167164282893,1.76510254773465,-3.97378903234468,-12.859778958449,-23.5784707825793,-36.1732795079985,-51.0801932500922,-68.0751121178128,-72.3557510001672,,,,Mexico,CO2
GCAM 5.3,R_MAC_95_n0,MEX,Emissions|N2O|AFOLU,Mt CO2e/yr,,,,23.974382628675,,,25.199776825791474,,,,,26.067733764864816,,28.052364262861577,,,,,30.897165818060728,34.100055300326375,36.81363165799765,39.08885094377964,41.19802335260212,42.88488164697363,43.94061458208814,44.563814095205494,45.26853942823103,45.731561009315186,45.93825361290902,45.814471647952374,45.63667145146392,45.541498681555424,45.34122773707855,45.499144199569514,,,,Mexico,N2O
GCAM 5.3,R_MAC_95_n8,MEX,Carbon Sequestration|CCS|Biomass,Mt CO2/yr,,,,0.0,,,0.0,,,,,0.0,,0.0,,,,,2.10268506115317,12.1972488088407,28.3404064264003,47.6243298694841,71.0081976286234,95.5137815430703,124.036781129403,164.133706217911,226.168211795078,306.067961375958,360.683680254589,394.237520185348,417.10786209274,429.223046437326,455.045894309574,451.838964794585,,,,Mexico,
GCAM 5.3,R_MAC_95_n8,MEX,Emissions|CH4|AFOLU,Mt CO2e/yr,,,,51.948436579356525,,,54.182490226063365,,,,,53.84379745888416,,56.832503544549596,,,,,60.607634538543394,64.45122934034065,66.97496674380147,68.6889372332772,69.58267618538713,70.26320198873752,69.8635876173354,68.66481295950108,66.54385880195088,63.62063143692732,60.56475753635021,57.55951202533561,54.852646554403606,52.4424964701792,50.122787353163,50.1608200097088,,,,Mexico,CH4
GCAM 5.3,R_MAC_95_n8,MEX,Emissions|CO2|AFOLU,Mt CO2/yr,,,,54.5907646693698,,,-3.94303733921057,,,,,-12.7699740072534,,-15.3215312317446,,,,,6.21575546965232,16.8731929736479,25.6696890965813,14.4299268208057,13.449820852132,4.71992592823809,-0.895380335403129,-3.76913700523746,0.517049850280631,5.35068255859123,2.0955300914831,-3.48461710956093,-5.49675441540088,-5.98061321206225,-6.14196595544981,-4.63197601381612,,,,Mexico,CO2
GCAM 5.3,R_MAC_95_n8,MEX,Emissions|CO2|Energy and Industrial Processes,Mt CO2/yr,,,,462.14296993503,,,487.596170428254,,,,,494.126346673001,,524.543729953973,,,,,513.482254584304,510.655285837848,492.069409634744,460.420508348949,417.561379072027,368.713790634128,308.418172797342,227.52722356691,116.812542246971,-24.9324255195938,-135.429520016354,-221.36427592428,-293.822944445372,-350.732180447932,-394.63889068455,-382.557275242798,,,,Mexico,CO2
GCAM 5.3,R_MAC_95_n8,MEX,Emissions|CO2|Energy|Demand,Mt CO2/yr,,,,265.673891973897,,,295.306627927548,,,,,296.216457901656,,330.594241738359,,,,,337.882111747882,349.831197234054,359.009374174431,364.073338117899,365.957845595575,363.750437287385,352.918248806441,333.809526262592,307.199957026928,268.949730171214,232.218531654734,197.715933669458,168.373154982989,146.0065622008,135.508937370188,147.287606965196,,,,Mexico,CO2
GCAM 5.3,R_MAC_95_n8,MEX,Emissions|CO2|Energy|Demand|Industry,Mt CO2/yr,,,,94.4964288322009,,,104.932607206498,,,,,104.712251253166,,123.302366197757,,,,,125.893401756606,128.370731654163,129.190720167964,128.433448989926,125.252138471835,119.581125518086,108.478379280804,92.3605901860572,76.1754689510543,61.3750475130024,48.0468487890241,36.6091165590245,27.6786149325974,20.7026335019997,20.5280792095626,25.6129409200661,,,,Mexico,CO2
GCAM 5.3,R_MAC_95_n8,MEX,Emissions|CO2|Energy|Demand|Residential and Commercial,Mt CO2/yr,,,,27.2937293409818,,,26.4858842520042,,,,,25.181640073916,,29.8658830528049,,,,,28.8784111431811,29.4764862144008,29.7382785228964,29.431204560718,27.9380332315134,25.9085227055323,22.498857667547,18.3040516378979,13.9769373273609,9.27186716553854,5.34360422274773,2.68409979890115,1.12522384209814,0.392351069499345,0.178565711018578,0.183542203194388,,,,Mexico,CO2
GCAM 5.3,R_MAC_95_n8,MEX,Emissions|CO2|Energy|Demand|Residential and Commercial|Commercial,Mt CO2/yr,,,,4.99772319463178,,,5.00320911984176,,,,,5.38167889297654,,6.558927949863,,,,,6.26097674777051,6.28991029715644,6.27408176353562,6.15306176095524,5.76639938941536,5.27525517597245,4.45687962615408,3.47852298552152,2.53709005369981,1.59734929982905,0.864116575011957,0.415150193344016,0.172692980133275,0.0637450825734392,0.0296745595519034,0.0300233936614529,,,,Mexico,CO2
GCAM 5.3,R_MAC_95_n8,MEX,Emissions|CO2|Energy|Demand|Residential and Commercial|Residential,Mt CO2/yr,,,,22.2960061463501,,,21.4826751321624,,,,,19.7999611809395,,23.3069551029419,,,,,22.6174343954106,23.1865759172443,23.4641967593608,23.2781427997627,22.171633842098,20.6332675295598,18.0419780413929,14.8255286523763,11.4398472736611,7.67451786570949,4.47948764773577,2.26894960555714,0.952530861964864,0.328605986925906,0.148891151466674,0.153518809532935,,,,Mexico,CO2
GCAM 5.3,R_MAC_95_n8,MEX,Emissions|CO2|Energy|Demand|Transportation,Mt CO2/yr,,,,143.883733800714,,,163.888136469046,,,,,166.322566574574,,177.425992487797,,,,,183.110298848094,191.98397936549,200.080375483571,206.208684567256,212.767673892227,218.260789063767,221.94101185809,223.144884438637,217.047550748512,198.302815492673,178.828078642963,158.422717311532,139.569316208293,124.911577629301,114.802292449607,121.491123841936,,,,Mexico,CO2
GCAM 5.3,R_MAC_95_n8,MEX,Emissions|CO2|Energy|Supply,Mt CO2/yr,,,,168.697460730673,,,166.468079236847,,,,,172.329952234981,,166.048699411196,,,,,159.166262450376,146.224560487222,119.638125760611,84.2079750735349,41.4563960172078,-2.72879501684699,-49.1731254332411,-107.530907729126,-185.64618282368,-277.635130019444,-338.715281217698,-375.059987161792,-400.061549853505,-415.280600025752,-439.504887944233,-436.967997395223,,,,Mexico,CO2
GCAM 5.3,R_MAC_95_n8,MEX,Emissions|CO2|Energy|Supply|Electricity,Mt CO2/yr,,,,123.434869756596,,,121.940866679534,,,,,124.693684912229,,121.595209600041,,,,,114.774137585708,104.372369010247,83.717300701687,58.3374698512192,30.6800551302598,2.9207713838998,-27.9718279968998,-68.4395959264892,-109.719793719575,-141.998412388799,-167.641903398118,-181.179114149202,-187.992713776923,-189.361721228084,-208.40453845815,-221.299469508234,,,,Mexico,CO2
GCAM 5.3,R_MAC_95_n8,MEX,Emissions|CO2|Energy|Supply|Gases,Mt CO2/yr,,,,9.56225536903579e-08,,,-3.66065317664208e-07,,,,,-3.39839388396538e-07,,0.0357567490823909,,,,,0.034749139556779,0.0343720809399273,0.0416311764457622,0.0549958409306082,0.0627297583399899,0.068932801422048,0.0537906700318193,0.0304089537257634,0.0152486524828105,0.0061853977976024,0.0020851711354769,0.0006151050596595,0.0001701476733032,4.61492633791845e-05,9.93686562505118e-06,1.09555514143545e-05,,,,Mexico,CO2
GCAM 5.3,R_MAC_95_n8,MEX,Emissions|CO2|Energy|Supply|Liquids,Mt CO2/yr,,,,45.2625908784544,,,44.5272143900451,,,,,47.6362676625915,,44.1960794200596,,,,,44.19602619695,41.8086022523006,36.1334963776867,26.2380766761624,11.3685926199465,-4.67822881705889,-19.0461683080167,-33.1164452506418,-63.9697425196211,-118.752294049782,-155.257335351342,-179.788282681741,-199.165205041705,-212.877344950427,-198.394586784335,-186.652994467484,,,,Mexico,CO2
GCAM 5.3,R_MAC_95_n8,MEX,Emissions|CO2|Energy|Supply|Solids,Mt CO2/yr,,,,0.0,,,-1.46666737426144e-06,,,,,0.0,,-9.89998913227226e-06,,,,,0.0,-1.39333219213255e-05,-7.33333511983677e-06,-1.46666363512738e-05,0.0,0.0,0.0,-2.56666456515311e-06,0.0,-2.19999264189287e-06,0.0,0.0,0.0,0.0,-2.19999355276154e-07,0.0,,,,Mexico,CO2
GCAM 5.3,R_MAC_95_n8,MEX,Emissions|CO2|Industrial Processes,Mt CO2/yr,,,,27.7716172304601,,,25.8214632638587,,,,,25.5799365363642,,27.9007888044186,,,,,16.4338803860461,14.5995281165721,13.4219096997015,12.1391951575153,10.147137459244,7.69214836358978,4.67304942414202,1.24860503344378,-4.74123195627632,-16.2470256713642,-28.9327704533907,-44.0202224319458,-62.1345495748557,-81.4581426229806,-90.6429401105053,-92.8768848127722,,,,Mexico,CO2
GCAM 5.3,R_MAC_95_n8,MEX,Emissions|N2O|AFOLU,Mt CO2e/yr,,,,23.974382628675,,,25.199776825791474,,,,,26.067733764864816,,28.052364262861577,,,,,30.957467397994137,34.24299861834306,37.03159363940727,39.318040632683086,41.374994503194266,42.93397995017367,43.80839018026735,44.58640544486419,45.09076408964755,45.172013550244586,45.19931101372023,45.082429962557164,44.759153820343876,44.58122483569728,44.338766549372835,44.51181694927804,,,,Mexico,N2O
GCAM 5.3,R_MAC_99_n0,MEX,Carbon Sequestration|CCS|Biomass,Mt CO2/yr,,,,0.0,,,0.0,,,,,0.0,,0.0,,,,,1.66415597795356,9.19247232901256,21.5693016175121,36.1981153140708,54.0168575072896,71.770471187921,90.5060360378207,112.675407913218,141.211496914074,182.448190593198,236.677256696579,286.328671344677,324.200732452425,351.97506183383,372.759381262427,389.11417765311,,,,Mexico,
GCAM 5.3,R_MAC_99_n0,MEX,Emissions|CH4|AFOLU,Mt CO2e/yr,,,,51.948436579356525,,,54.182490226063365,,,,,53.84379745888416,,56.832503544549596,,,,,60.58744092568524,64.53585733398916,67.22519938794828,69.22670651323867,70.48967011290512,71.6009314449492,72.00856065353972,71.50960365630787,70.7569878701826,69.2533923508854,67.23438874418056,64.8718063642488,62.47239446879004,60.13419291206935,57.850171281141684,55.7156754138432,,,,Mexico,CH4
GCAM 5.3,R_MAC_99_n0,MEX,Emissions|CO2|AFOLU,Mt CO2/yr,,,,54.5907646693698,,,-3.94303733921057,,,,,-12.7699740072534,,-15.3215312317446,,,,,4.2183058682423,14.0640569981925,22.85769240298,13.7520226026313,12.3979754534107,4.74165752884304,-0.763978445857455,-5.23339564392609,-4.39621643137608,-1.32824081757961,4.05157515749551,4.07575531456432,1.38588345732672,-1.82919894410993,-2.53084825046465,-3.12461697050019,,,,Mexico,CO2
GCAM 5.3,R_MAC_99_n0,MEX,Emissions|CO2|Energy and Industrial Processes,Mt CO2/yr,,,,462.14296993503,,,487.596170428254,,,,,494.126346673001,,524.543729953973,,,,,519.132917069392,524.083180899278,515.429651735041,495.99462696175,467.462111785647,436.222295246406,399.98466043203,355.681000991584,302.057624640595,231.367545385004,138.315157916803,47.2846671056526,-31.9530278637486,-101.980916203746,-166.141596373606,-225.420675178875,,,,Mexico,CO2
GCAM 5.3,R_MAC_99_n0,MEX,Emissions|CO2|Energy|Demand,Mt CO2/yr,,,,265.673891973897,,,295.306627927548,,,,,296.216457901656,,330.594241738359,,,,,340.778562679994,355.205985483777,367.067155133716,375.921316673994,382.92341089099,388.199904008743,388.425607816056,384.829980363858,377.659887710388,364.330655571047,344.508735745224,320.046892340547,293.724513306664,267.461071400459,241.709032570584,218.072767295722,,,,Mexico,CO2
GCAM 5.3,R_MAC_99_n0,MEX,Emissions|CO2|Energy|Demand|Industry,Mt CO2/yr,,,,94.4964288322009,,,104.932607206498,,,,,104.712251253166,,123.302366197757,,,,,127.560274052912,131.545890186878,133.916106711227,135.414059443183,135.134185797654,133.862207907319,128.953142559954,121.171407451421,112.656269319539,104.240102955847,96.1076098714312,86.8444803415791,76.4608160648045,66.8102383980637,57.7457122823885,49.1376162997452,,,,Mexico,CO2
GCAM 5.3,R_MAC_99_n0,MEX,Emissions|CO2|Energy|Demand|Residential and Commercial,Mt CO2/yr,,,,27.2937293409818,,,26.4858842520042,,,,,25.181640073916,,29.8658830528049,,,,,29.374589415107,30.3147765363902,30.9580455108429,31.1672709298263,30.2820817099242,29.0690072648109,26.7514141241938,23.7211402796984,20.2341144590332,16.3541689656194,12.3904244971855,8.78334895121535,5.73414161934039,3.49382466823004,1.99193974359351,1.05614943212903,,,,Mexico,CO2
GCAM 5.3,R_MAC_99_n0,MEX,Emissions|CO2|Energy|Demand|Residential and Commercial|Commercial,Mt CO2/yr,,,,4.99772319463178,,,5.00320911984176,,,,,5.38167889297654,,6.558927949863,,,,,6.38943333267572,6.50709567913781,6.58206985111203,6.58990519778631,6.34936505954146,6.05555388093795,5.49240333410229,4.76291691717699,3.94142492640427,3.07240838879046,2.23608016613762,1.51715252933019,0.945891022949121,0.556564883354623,0.311681987494718,0.165303610080914,,,,Mexico,CO2
GCAM 5.3,R_MAC_99_n0,MEX,Emissions|CO2|Energy|Demand|Residential and Commercial|Residential,Mt CO2/yr,,,,22.2960061463501,,,21.4826751321624,,,,,19.7999611809395,,23.3069551029419,,,,,22.9851560824313,23.8076808572524,24.3759756597309,24.57736573204,23.9327166503827,23.0134533838729,21.2590107900915,18.9582233625215,16.2926895326289,13.2817605768289,10.1543443310479,7.26619642188516,4.78825059639127,2.93725978487542,1.68025775609879,0.890845822048121,,,,Mexico,CO2
GCAM 5.3,R_MAC_99_n0,MEX,Emissions|CO2|Energy|Demand|Transportation,Mt CO2/yr,,,,143.883733800714,,,163.888136469046,,,,,166.322566574574,,177.425992487797,,,,,183.843699211975,193.345318760509,202.193002911645,209.339986300984,217.507143383411,225.268688836613,232.721051131909,239.937432632739,244.769503931816,243.73638364958,236.010701376607,224.419063047753,211.529555622519,197.157008334165,181.971380544602,167.879001563848,,,,Mexico,CO2
GCAM 5.3,R_MAC_99_n0,MEX,Emissions|CO2|Energy|Supply,Mt CO2/yr,,,,168.697460730673,,,166.468079236847,,,,,172.329952234981,,166.048699411196,,,,,160.830237830112,153.099370606673,133.677105831015,106.384742458686,72.4785200121511,37.8681779360769,3.66734353703542,-34.8633070164016,-78.6926940392808,-131.6070510214,-197.284919270382,-254.238557097109,-296.1721281569,-327.177596577526,-350.842940120953,-370.661507494793,,,,Mexico,CO2
GCAM 5.3,R_MAC_99_n0,MEX,Emissions|CO2|Energy|Supply|Electricity,Mt CO2/yr,,,,123.434869756596,,,121.940866679534,,,,,124.693684912229,,121.595209600041,,,,,116.242266106082,110.410186184636,95.9356044635531,77.3068094756581,56.2189070140172,34.8619817262092,11.3447658119745,-18.8680951573978,-51.7763959274399,-83.4400888878072,-114.831588582123,-137.11263835498,-152.975074888528,-162.956139894285,-167.079690890741,-171.265185205361,,,,Mexico,CO2
GCAM 5.3,R_MAC_99_n0,MEX,Emissions|CO2|Energy|Supply|Gases,Mt CO2/yr,,,,9.56225536903579e-08,,,-3.66065317664208e-07,,,,,-3.39839388396538e-07,,0.0357567490823909,,,,,0.0392712855649956,0.0410206408284838,0.0513609051590861,0.0711711958812349,0.0880045947975429,0.109890424450335,0.1068851404269,0.0854652794012825,0.0634373621196506,0.0372923241980971,0.0200168995512797,0.0098293448439481,0.0043606956535369,0.0020966199717725,0.0009964343564802,0.0004631369294903,,,,Mexico,CO2
GCAM 5.3,R_MAC_99_n0,MEX,Emissions|CO2|Energy|Supply|Liquids,Mt CO2/yr,,,,45.2625908784544,,,44.5272143900451,,,,,47.6362676625915,,44.1960794200596,,,,,44.3410068812802,42.507960021378,37.6998453149751,29.0429483115879,16.2766670029455,3.09132835451119,-7.16707475284522,-14.2418698634998,-23.0461644131875,-39.865399178244,-71.3688444258927,-105.553264149204,-132.480722303948,-153.796886595402,-172.864059156435,-188.487668785472,,,,Mexico,CO2
GCAM 5.3,R_MAC_99_n0,MEX,Emissions|CO2|Energy|Supply|Solids,Mt CO2/yr,,,,0.0,,,-1.46666737426144e-06,,,,,0.0,,-9.89998913227226e-06,,,,,-8.79998887607225e-06,-1.28333050984273e-05,0.0,0.0,0.0,0.0,0.0,-6.96666027429936e-06,0.0,0.0,-2.93332992908295e-06,-2.20000298074303e-06,0.0,-6.23330945101375e-07,0.0,0.0,,,,Mexico,CO2
GCAM 5.3,R_MAC_99_n0,MEX,Emissions|CO2|Industrial Processes,Mt CO2/yr,,,,27.7716172304601,,,25.8214632638587,,,,,25.5799365363642,,27.9007888044186,,,,,17.5241165592853,15.777824808829,14.6853907703106,13.6885678290702,12.0601808825064,10.1542133015859,7.89170907893779,5.71432764412723,3.09043096948786,-1.35605916464261,-8.90865855803894,-18.523668137785,-29.505413013512,-42.2643910266792,-57.0076888232373,-72.8319349798047,,,,Mexico,CO2
GCAM 5.3,R_MAC_99_n0,MEX,Emissions|N2O|AFOLU,Mt CO2e/yr,,,,23.974382628675,,,25.199776825791474,,,,,26.067733764864816,,28.052364262861577,,,,,30.878164124500056,34.05611535323088,36.74838258883155,39.013047800010376,41.13422002983602,42.84513219812662,43.97561768149314,44.543094416949764,45.26807491821614,45.811079858463465,46.1296890206435,46.12298753702613,45.84983477729027,45.82840626287578,45.64706112936306,45.471856396749786,,,,Mexico,N2O
GCAM 5.3,R_MAC_99_n8,MEX,Carbon Sequestration|CCS|Biomass,Mt CO2/yr,,,,0.0,,,0.0,,,,,0.0,,0.0,,,,,1.96624159874922,11.2934329933423,26.3360839241892,44.2390593950656,65.9241003830995,88.263157797256,113.361093598886,146.761036945245,196.042870608078,268.712808809502,328.857506381034,367.323825669905,395.089069676495,413.230536051983,421.138793017957,455.184681891316,,,,Mexico,
GCAM 5.3,R_MAC_99_n8,MEX,Emissions|CH4|AFOLU,Mt CO2e/yr,,,,51.948436579356525,,,54.182490226063365,,,,,53.84379745888416,,56.832503544549596,,,,,60.6022535151656,64.479099003774,67.04230505297193,68.83849887729305,69.85765372222728,70.68663410382112,70.43824185457808,69.56965544944715,67.88615533930916,65.30880828298736,62.4992985880046,59.593248376607406,56.896100144637884,54.42897925661756,52.24917723754764,50.02213191125836,,,,Mexico,CH4
GCAM 5.3,R_MAC_99_n8,MEX,Emissions|CO2|AFOLU,Mt CO2/yr,,,,54.5907646693698,,,-3.94303733921057,,,,,-12.7699740072534,,-15.3215312317446,,,,,5.67057087325155,16.0393315551588,24.9255023029636,14.2081174406103,13.084614253826,4.65477710343838,-1.00268746696112,-4.35738461415676,-1.4735914916324,4.2153217712187,3.99269167269983,-0.68080600398018,-3.99942509904092,-4.96204094034345,-5.2214949258667,-5.45790124069307,,,,Mexico,CO2
GCAM 5.3,R_MAC_99_n8,MEX,Emissions|CO2|Energy and Industrial Processes,Mt CO2/yr,,,,462.14296993503,,,487.596170428254,,,,,494.126346673001,,524.543729953973,,,,,515.06435362504,514.461909055004,498.682013935,470.530043880801,431.882178637266,388.489677762052,336.192204638857,267.764147369651,177.537953576229,51.6356114740435,-60.859976534998,-150.013164033558,-227.570835292549,-293.663427816301,-343.003899625517,-388.807394278681,,,,Mexico,CO2
GCAM 5.3,R_MAC_99_n8,MEX,Emissions|CO2|Energy|Demand,Mt CO2/yr,,,,265.673891973897,,,295.306627927548,,,,,296.216457901656,,330.594241738359,,,,,338.699316347055,351.325706681842,361.243608736533,367.399650172907,370.835512580662,370.987839078211,363.772617927169,349.360249359401,328.914626201986,297.480225984687,264.403907636094,230.799213990124,199.624837155692,173.432849524353,153.222649277603,146.009238763879,,,,Mexico,CO2
GCAM 5.3,R_MAC_99_n8,MEX,Emissions|CO2|Energy|Demand|Industry,Mt CO2/yr,,,,94.4964288322009,,,104.932607206498,,,,,104.712251253166,,123.302366197757,,,,,126.369979093719,129.257847142841,130.502858225916,130.393439601221,128.084096846405,123.780894644498,114.660441049987,100.882064579918,86.597165857128,73.410093928539,61.105955298107,49.1980991332426,38.8137026911536,30.4348156343934,23.3106890891092,25.7819242607709,,,,Mexico,CO2
GCAM 5.3,R_MAC_99_n8,MEX,Emissions|CO2|Energy|Demand|Residential and Commercial,Mt CO2/yr,,,,27.2937293409818,,,26.4858842520042,,,,,25.181640073916,,29.8658830528049,,,,,29.0174639571382,29.708227716652,30.0743169843695,29.9152937805198,28.6045283987276,26.8279933748726,23.7596986687098,19.8571669348588,15.753127483205,11.2584360908326,7.15017949389739,4.03259932669815,1.95504514597914,0.816274349366446,0.307676902963847,0.16742074766761,,,,Mexico,CO2
GCAM 5.3,R_MAC_99_n8,MEX,Emissions|CO2|Energy|Demand|Residential and Commercial|Commercial,Mt CO2/yr,,,,4.99772319463178,,,5.00320911984176,,,,,5.38167889297654,,6.558927949863,,,,,6.29703900214779,6.34992940539687,6.3587797753676,6.27447797576794,5.93127026094002,5.50043075833417,4.75960368851877,3.83664049793931,2.91772245438368,1.99202198666296,1.19379178397255,0.639488375144459,0.30121582152617,0.127533231852265,0.0515986281344579,0.0275880056159494,,,,Mexico,CO2
GCAM 5.3,R_MAC_99_n8,MEX,Emissions|CO2|Energy|Demand|Residential and Commercial|Residential,Mt CO2/yr,,,,22.2960061463501,,,21.4826751321624,,,,,19.7999611809395,,23.3069551029419,,,,,22.7204249549904,23.3582983112551,23.7155372090019,23.6408158047519,22.6732581377876,21.3275626165385,19.000094980191,16.0205264369194,12.8354050288214,9.26641410416966,5.95638770992484,3.39311095155369,1.65382932445297,0.688741117514181,0.256078274829389,0.13983274205166,,,,Mexico,CO2
GCAM 5.3,R_MAC_99_n8,MEX,Emissions|CO2|Energy|Demand|Transportation,Mt CO2/yr,,,,143.883733800714,,,163.888136469046,,,,,166.322566574574,,177.425992487797,,,,,183.311873296198,192.359631822349,200.666433526248,207.090916791166,214.14688733553,220.37895105884,225.352478208472,228.621017844624,226.564332861653,212.811695965315,196.14777284409,177.568515530183,158.85608931856,142.181759540593,129.60428328553,120.059893755441,,,,Mexico,CO2
GCAM 5.3,R_MAC_99_n8,MEX,Emissions|CO2|Energy|Supply,Mt CO2/yr,,,,168.697460730673,,,166.468079236847,,,,,172.329952234981,,166.048699411196,,,,,159.638708155295,148.229964203465,123.688919969237,90.5861389864351,50.3841630240795,9.12057530456,-33.21004011869,-84.2780360230779,-149.484306331381,-234.521356614392,-302.619765697502,-344.810233812163,-374.85123413012,-395.900109850497,-406.858871847693,-440.439146852625,,,,Mexico,CO2
GCAM 5.3,R_MAC_99_n8,MEX,Emissions|CO2|Energy|Supply|Electricity,Mt CO2/yr,,,,123.434869756596,,,121.940866679534,,,,,124.693684912229,,121.595209600041,,,,,115.192955031535,106.13719473465,87.2434196144179,63.7819426961583,37.9654955726368,12.0733138998816,-16.4977834369656,-53.7104701936014,-93.3316379328395,-126.612541842375,-154.267152787756,-170.419231335638,-180.150693909674,-183.217413382081,-182.365028452088,-213.312562963783,,,,Mexico,CO2
GCAM 5.3,R_MAC_99_n8,MEX,Emissions|CO2|Energy|Supply|Gases,Mt CO2/yr,,,,9.56225536903579e-08,,,-3.66065317664208e-07,,,,,-3.39839388396538e-07,,0.0357567490823909,,,,,0.0359659976444138,0.03606100886899,0.0440726493151519,0.0590679382949559,0.0691179123576247,0.0792336764261549,0.0667158057807781,0.0421953971755909,0.0237940318950724,0.0107322627768191,0.0042296376159031,0.0014320552363821,0.0004397801402493,0.0001352772150367,4.96564765192165e-05,1.14338044976559e-05,,,,Mexico,CO2
GCAM 5.3,R_MAC_99_n8,MEX,Emissions|CO2|Energy|Supply|Liquids,Mt CO2/yr,,,,45.2625908784544,,,44.5272143900451,,,,,47.6362676625915,,44.1960794200596,,,,,44.2354555262934,42.0105149876582,36.5855026364329,27.0535656726487,12.8348136659912,-2.26804309115742,-15.140710796741,-26.2102690613125,-47.0150713759443,-92.9785421724387,-133.426011033909,-161.041124022083,-182.816713018486,-201.282366964902,-212.107863515716,-193.019596697253,,,,Mexico,CO2
GCAM 5.3,R_MAC_99_n8,MEX,Emissions|CO2|Energy|Supply|Solids,Mt CO2/yr,,,,0.0,,,-1.46666737426144e-06,,,,,0.0,,-9.89998913227226e-06,,,,,-1.35666383886106e-05,0.0,0.0,0.0,-4.39999804361645e-06,-7.33333780578718e-07,0.0,0.0,0.0,-2.19999940611706e-06,-2.20000271199766e-06,0.0,0.0,-1.57666051711693e-06,-2.19999810788852e-07,0.0,,,,Mexico,CO2
GCAM 5.3,R_MAC_99_n8,MEX,Emissions|CO2|Industrial Processes,Mt CO2/yr,,,,27.7716172304601,,,25.8214632638587,,,,,25.5799365363642,,27.9007888044186,,,,,16.7263291226903,14.9062381696976,13.7494852292296,12.5442547214592,10.6625030325238,8.38126337928092,5.6296268303781,2.6819340333283,-1.89236629437593,-11.3232578962516,-22.6441184735906,-36.0021442115189,-52.3444383181205,-71.1961674901573,-89.3676770554273,-94.3774861899354,,,,Mexico,CO2
GCAM 5.3,R_MAC_99_n8,MEX,Emissions|N2O|AFOLU,Mt CO2e/yr,,,,23.974382628675,,,25.199776825791474,,,,,26.067733764864816,,28.052364262861577,,,,,30.93586358736428,34.191284311074895,36.954022671095984,39.24115559726489,41.31699673026962,42.93324777649498,43.77241900875807,44.58389593062405,45.193222469904605,45.43574370486306,45.40874099387699,45.38981421368121,45.07859448763453,44.92180447249595,44.74075396158295,44.488816174448644,,,,Mexico,N2O
GCAM 5.3,SSP1-DACCS-1p9-3pctHR,MEX,Carbon Sequestration|CCS|Biomass,Mt CO2/yr,,,,0.0,,,0.0,,,,,0.0,,0.8026667729697,,,,,16.4501431924674,30.2372538735077,42.6731446680431,69.9190358479421,115.287117362113,166.436579399003,232.815474254665,278.61464727436,304.585889232612,321.243515326012,340.597168982283,353.580487119697,335.938013254349,303.9360251325,276.254410372977,239.430892950948,,,,Mexico,
GCAM 5.3,SSP1-DACCS-1p9-3pctHR,MEX,Carbon Sequestration|Direct Air Capture,Mt CO2/yr,,,,0.0,,,0.0,,,,,0.0,,0.0,,,,,0.0054115420486249,0.200125192526531,0.26795716435974,0.74373903762462,3.34008111503505,10.1630831205832,30.1473060770244,50.7496681814141,63.0645995253376,69.7735659349048,71.0675221042264,43.8250100460035,25.8003879493635,20.3982578962218,0.804898909702277,0.614352018646714,,,,Mexico,
GCAM 5.3,SSP1-DACCS-1p9-3pctHR,MEX,Emissions|CH4|AFOLU,Mt CO2e/yr,,,,60.731975142540804,,,63.68232626270675,,,,,64.37062275503524,,64.40853086140956,,,,,71.16650399851777,71.40331169052145,74.35860198870012,77.60507717745385,80.87637530432208,84.6216500670954,85.52892401468408,84.71464365551739,82.84182830465865,80.86790254587352,78.74281190325704,76.22788789804385,74.14939700317436,72.27510024557172,70.68435329933712,68.5265338540174,,,,Mexico,CH4
GCAM 5.3,SSP1-DACCS-1p9-3pctHR,MEX,Emissions|CO2|AFOLU,Mt CO2/yr,,,,54.5163158156467,,,-2.722333809602,,,,,-11.1221721224973,,-15.2489785713316,,,,,-13.0048007921517,-52.8309435339172,-35.8288581848157,-38.4007292709151,-14.6289068208759,-18.0256466715747,3.94605923571086,-72.4727361030288,-67.2707232122202,-72.4140754695801,-73.4131616815797,-71.573238676512,-67.732034225446,-64.4970047195694,-64.2995811797234,-62.6183838909496,,,,Mexico,CO2
GCAM 5.3,SSP1-DACCS-1p9-3pctHR,MEX,Emissions|CO2|Energy and Industrial Processes,Mt CO2/yr,,,,462.109325634398,,,487.562494007003,,,,,493.851528208793,,502.583434685928,,,,,428.49208486181,385.290267057171,348.049974852182,280.938623171616,180.719201331782,64.1727808858994,-83.1451112878329,-191.537167061797,-260.192525962443,-303.393776213455,-346.539187090204,-359.104867319724,-345.027986117625,-323.177362906663,-289.095187955645,-261.008851567133,,,,Mexico,CO2
GCAM 5.3,SSP1-DACCS-1p9-3pctHR,MEX,Emissions|CO2|Energy|Demand,Mt CO2/yr,,,,265.748675447926,,,295.435387169552,,,,,296.258968987926,,318.255859326678,,,,,284.833211815746,263.074626375561,245.334401606338,222.44531795597,193.620179628406,163.017193235243,132.87068586874,112.865659987577,96.4517823544383,84.0940066501221,68.2891659253267,50.3573379650078,36.7490032307779,27.2639822002176,19.9592356960954,15.003277204643,,,,Mexico,CO2
GCAM 5.3,SSP1-DACCS-1p9-3pctHR,MEX,Emissions|CO2|Energy|Demand|Industry,Mt CO2/yr,,,,94.5729057784884,,,105.063328933002,,,,,104.944780463022,,112.91456214757,,,,,98.3182712153166,97.3439621019405,97.9262987463809,92.8039683223414,82.514208543317,70.5870474620071,57.0536956814,46.1344958908778,36.8104819095255,29.6134236118112,22.2983705138094,15.8094692955729,11.1224764536858,7.83342956427104,5.47629863310157,3.84395168909335,,,,Mexico,CO2
GCAM 5.3,SSP1-DACCS-1p9-3pctHR,MEX,Emissions|CO2|Energy|Demand|Residential and Commercial,Mt CO2/yr,,,,27.2903117374769,,,26.4824913351724,,,,,25.1782349594724,,30.1598627243173,,,,,24.9459778506466,25.7841121798899,26.9087245908783,25.5370488309862,22.2047941745846,18.5331140384538,14.5395144585998,11.6194144329243,9.21762698909584,7.55679773090727,5.55012997355053,3.55479728869183,2.24821816136016,1.45637648583461,0.923023781200186,0.598160030660134,,,,Mexico,CO2
GCAM 5.3,SSP1-DACCS-1p9-3pctHR,MEX,Emissions|CO2|Energy|Demand|Residential and Commercial|Commercial,Mt CO2/yr,,,,4.99430559334533,,,4.99981619057109,,,,,5.3782743034011,,6.60498803233898,,,,,5.16900286192368,5.31533147118991,5.58537375942046,5.33545975689074,4.67670669839589,3.94817691564669,3.11577431097906,2.46087432183507,1.90486883585799,1.52469312210635,1.08214614334175,0.676157911183314,0.422646619874555,0.272816092747398,0.173887208680552,0.113194556733156,,,,Mexico,CO2
GCAM 5.3,SSP1-DACCS-1p9-3pctHR,MEX,Emissions|CO2|Energy|Demand|Residential and Commercial|Residential,Mt CO2/yr,,,,22.2960061441316,,,21.4826751446013,,,,,19.7999606560713,,23.5548746919783,,,,,19.7769749887229,20.4687807087,21.3233508314579,20.2015890740955,17.5280874761887,14.5849371228071,11.4237401476207,9.15854011108922,7.31275815323785,6.03210460880092,4.46798383020878,2.87863937750852,1.82557154148561,1.18356039308721,0.749136572519634,0.484965473926978,,,,Mexico,CO2
GCAM 5.3,SSP1-DACCS-1p9-3pctHR,MEX,Emissions|CO2|Energy|Demand|Transportation,Mt CO2/yr,,,,143.885457931961,,,163.889566901378,,,,,166.135953565431,,175.18143445479,,,,,161.568962749783,139.94655209373,120.499378269079,104.104300802642,88.9011769105048,73.8970317347823,61.2774757287399,55.1117496637753,50.4236734558169,46.9237853074036,40.4406654379668,30.9930713807431,23.3783086157319,17.9741761501119,13.5599132817937,10.5611654848895,,,,Mexico,CO2
GCAM 5.3,SSP1-DACCS-1p9-3pctHR,MEX,Emissions|CO2|Energy|Supply,Mt CO2/yr,,,,168.695256876567,,,166.465683284048,,,,,172.273870141111,,163.349109504504,,,,,131.183807655542,108.95486845628,88.9939421307191,48.3159595038054,-14.5206633442902,-86.3012547372894,-175.232758209822,-238.19918296803,-274.775484376848,-297.082462511469,-319.778712613305,-334.705747030251,-318.642645873815,-287.835356800621,-261.217641111731,-225.575909907284,,,,Mexico,CO2
GCAM 5.3,SSP1-DACCS-1p9-3pctHR,MEX,Emissions|CO2|Energy|Supply|Electricity,Mt CO2/yr,,,,123.432299200192,,,121.9384707158,,,,,124.639069637117,,119.088970003188,,,,,89.2033715710373,70.1702661659715,53.2949097065021,26.6072629045132,-8.63303030695349,-49.3021499118869,-107.146041422645,-161.040320675762,-199.049950866698,-223.77420540103,-243.466794823171,-251.482868408527,-232.7514339551,-202.904715862304,-176.257401209112,-142.654510056216,,,,Mexico,CO2
GCAM 5.3,SSP1-DACCS-1p9-3pctHR,MEX,Emissions|CO2|Energy|Supply|Gases,Mt CO2/yr,,,,1.32867531149642e-07,,,-3.59100763335393e-07,,,,,-8.9825105909323e-08,,0.0136499865057499,,,,,0.0083859395894677,0.0090892055768674,0.0084413814774794,0.0073744069974829,0.0053837434188149,0.0036312112940552,0.0022916467640313,0.001362622508742,0.0007988509642102,0.0004382211793087,0.0002323525379578,0.0001077548815015,4.94289591961797e-05,2.30038057285784e-05,1.0024003092255e-05,4.10049312385174e-06,,,,Mexico,CO2
GCAM 5.3,SSP1-DACCS-1p9-3pctHR,MEX,Emissions|CO2|Energy|Supply|Liquids,Mt CO2/yr,,,,45.2629575435067,,,44.5272143940155,,,,,47.6348005938189,,44.1629725494006,,,,,42.0663087420783,38.9549252692948,35.9970227203722,22.5344779597381,-4.21954275668276,-34.0164967961994,-63.0367611216129,-71.2076507359686,-70.7591179571428,-68.6961009863006,-72.8805280906587,-81.0606239880037,-84.5660997467873,-83.9675598645212,-84.1131182974161,-82.2307938932681,,,,Mexico,CO2
GCAM 5.3,SSP1-DACCS-1p9-3pctHR,MEX,Emissions|CO2|Energy|Supply|Solids,Mt CO2/yr,,,,0.0,,,-1.46666647658503e-06,,,,,0.0,,0.0,,,,,-4.76664432493426e-05,-2.19999322043337e-05,-2.1999983161985e-05,-2.19999696779637e-05,0.0,-5.49999205009257e-06,-8.80001193735435e-06,0.0,-2.56666364639694e-06,-1.46666344145583e-06,-1.46667104495543e-06,-3.29999878067117e-06,-4.03330003882361e-06,-1.65000005072376e-06,0.0,-9.53330973085198e-07,,,,Mexico,CO2
GCAM 5.3,SSP1-DACCS-1p9-3pctHR,MEX,Emissions|CO2|Industrial Processes,Mt CO2/yr,,,,27.6653933099054,,,25.6614235534025,,,,,25.3186890797558,,20.9784658547457,,,,,12.4751542302179,13.2626432824119,13.7239667020173,10.1836666236762,1.64834027720897,-12.4583396066887,-40.5433476373158,-65.8027869144141,-81.3681445429915,-89.8494621592352,-94.4781756082402,-74.5386827186723,-63.1267770352709,-62.6019886382931,-47.8336597269239,-50.4339936713185,,,,Mexico,CO2
GCAM 5.3,SSP1-DACCS-1p9-3pctHR,MEX,Emissions|N2O|AFOLU,Mt CO2e/yr,,,,31.12356369062577,,,31.40532530083549,,,,,34.18922917197279,,35.39977257603231,,,,,40.876433942983,42.87137230156026,46.420286165946415,50.21387620038536,54.61966707291358,59.06368545945777,61.84624569630726,61.69610947319519,60.02115823081451,57.88835805056277,55.93688434568188,54.31489520965708,53.05820194545807,51.7076120833676,50.521768392515234,48.73613410817015,,,,Mexico,N2O
GCAM 5.3,SSP1-DACCS-2p6-3pctHR,MEX,Carbon Sequestration|CCS|Biomass,Mt CO2/yr,,,,0.0,,,0.0,,,,,0.0,,0.8026667729697,,,,,2.58476318497845,4.79894242293412,6.96648528665012,10.6049775807555,16.9389441099039,24.7158983968997,34.0819302450237,44.3648544898349,58.5406349858754,85.3860330345326,132.287863793705,189.391809953992,256.171263405112,268.011441391332,271.984458141113,276.291865844918,,,,Mexico,
GCAM 5.3,SSP1-DACCS-2p6-3pctHR,MEX,Carbon Sequestration|Direct Air Capture,Mt CO2/yr,,,,0.0,,,0.0,,,,,0.0,,0.0,,,,,0.0015674516324955,0.07659671029667,0.105584576598597,0.123700030912123,0.135062822945104,0.20008609485631,0.35805017921668,0.702209903872702,1.99940513782432,6.0967843626793,14.0463276846884,35.50979626036,96.3527256564266,113.947786373168,114.684240297606,113.437325866002,,,,Mexico,
GCAM 5.3,SSP1-DACCS-2p6-3pctHR,MEX,Emissions|CH4|AFOLU,Mt CO2e/yr,,,,60.731975142540804,,,63.68232626270675,,,,,64.37062275503524,,64.40853053744397,,,,,68.66681121025265,68.68468984035148,70.00757837866408,71.504490748432,73.43842135332416,75.49162277951672,75.75523496473184,76.04447574793608,76.23235108310416,76.19492074471732,76.19406281127955,75.46818118315448,74.54069462819811,71.31832541444297,68.49710032792733,65.54959440718808,,,,Mexico,CH4
GCAM 5.3,SSP1-DACCS-2p6-3pctHR,MEX,Emissions|CO2|AFOLU,Mt CO2/yr,,,,54.5163158156467,,,-2.722333809602,,,,,-11.1221721224973,,-15.2489787936233,,,,,-23.083941158652,-43.2486898356429,-32.4114319249233,-40.9689825615033,-33.6754470746482,-35.7623085373254,-44.6182394838368,-50.4120261332053,-45.7643916056996,-28.0168158826057,9.52826865575922,18.256572411182,45.971980464927,-45.4429508796951,-57.546617748223,-67.2977459112451,,,,Mexico,CO2
GCAM 5.3,SSP1-DACCS-2p6-3pctHR,MEX,Emissions|CO2|Energy and Industrial Processes,Mt CO2/yr,,,,462.109325634398,,,487.562494007003,,,,,493.851528208793,,502.583432848121,,,,,492.291214214175,476.914374821157,461.753919842168,442.426407467563,411.058491791035,371.57172150779,329.745262801058,285.661806032779,233.247559611506,153.596572043568,34.1475338158577,-113.530609387588,-306.563960451568,-356.09226692579,-376.106474452294,-391.620519874335,,,,Mexico,CO2
GCAM 5.3,SSP1-DACCS-2p6-3pctHR,MEX,Emissions|CO2|Energy|Demand,Mt CO2/yr,,,,265.748675447926,,,295.435387169552,,,,,296.258968987926,,318.255849725204,,,,,303.405742202764,283.825677489293,269.435686076412,258.617438972384,243.615366956111,227.102662787544,210.376058190441,195.563160827964,180.081861871511,159.397130199268,129.814720820724,96.8549638881041,65.2420674729223,54.7856445038332,45.679691927223,37.3889671127501,,,,Mexico,CO2
GCAM 5.3,SSP1-DACCS-2p6-3pctHR,MEX,Emissions|CO2|Energy|Demand|Industry,Mt CO2/yr,,,,94.5729057784884,,,105.063328933002,,,,,104.944780463022,,112.914555233597,,,,,108.001573837481,108.1158739121,110.432023537156,110.397115624589,105.481593709949,99.1854696061616,90.4471665976022,81.0553526737979,71.3203625469956,61.4974309111063,50.1899006719321,38.5631941094991,27.8416817667106,22.1949976708667,17.345720755472,13.2569228974209,,,,Mexico,CO2
GCAM 5.3,SSP1-DACCS-2p6-3pctHR,MEX,Emissions|CO2|Energy|Demand|Residential and Commercial,Mt CO2/yr,,,,27.2903117374769,,,26.4824913351724,,,,,25.1782349594724,,30.1598623555436,,,,,28.6254422544788,29.5488455655949,30.9501571717429,31.2556981301317,29.2726049167503,27.0650502422869,24.3318296346676,21.5152845760728,18.583268084285,15.2802356084141,11.2761948850689,7.28105503453894,3.90772366560464,2.85214531211841,2.11120017481928,1.56829346847049,,,,Mexico,CO2
GCAM 5.3,SSP1-DACCS-2p6-3pctHR,MEX,Emissions|CO2|Energy|Demand|Residential and Commercial|Commercial,Mt CO2/yr,,,,4.99430559334533,,,4.99981619057109,,,,,5.3782743034011,,6.60498795232449,,,,,6.08236017179434,6.26193983609793,6.62762917604675,6.79115953850302,6.4131945758528,6.01078067465244,5.45751940245057,4.84720314945759,4.18359976753484,3.45402160893404,2.57079260749961,1.67612324071704,0.916487656620401,0.654760367593644,0.477000116422796,0.349395244227921,,,,Mexico,CO2
GCAM 5.3,SSP1-DACCS-2p6-3pctHR,MEX,Emissions|CO2|Energy|Demand|Residential and Commercial|Residential,Mt CO2/yr,,,,22.2960061441316,,,21.4826751446013,,,,,19.7999606560713,,23.5548744032191,,,,,22.5430820826844,23.2869057294969,24.3225279956962,24.4645385916286,22.8594103408975,21.0542695676344,18.874310232217,16.6680814266152,14.3996683167502,11.8262139994801,8.70540227756929,5.6049317938219,2.99123600898424,2.19738494452477,1.63420005839649,1.21889822424257,,,,Mexico,CO2
GCAM 5.3,SSP1-DACCS-2p6-3pctHR,MEX,Emissions|CO2|Energy|Demand|Transportation,Mt CO2/yr,,,,143.885457931961,,,163.889566901378,,,,,166.135953565431,,175.181432136063,,,,,166.778726110804,146.160958011598,128.053505367513,116.964625217664,108.861168329412,100.852142939095,95.5970619581712,92.9925235780933,90.1782312402308,82.619463679748,68.3486252637233,51.0107147440661,33.492662040607,29.7385015208481,26.2227709969317,22.5637507468587,,,,Mexico,CO2
GCAM 5.3,SSP1-DACCS-2p6-3pctHR,MEX,Emissions|CO2|Energy|Supply,Mt CO2/yr,,,,168.695256876567,,,166.465683284048,,,,,172.273870141111,,163.349121217067,,,,,169.895458334078,173.213159751292,171.643915324935,163.132700923068,148.2565036703,128.7948336918,108.643444981902,84.2315390186914,53.4036260602814,6.39711882152408,-62.834237481009,-140.879862557825,-225.938045935135,-244.775781344948,-253.091965882056,-260.463445051464,,,,Mexico,CO2
GCAM 5.3,SSP1-DACCS-2p6-3pctHR,MEX,Emissions|CO2|Energy|Supply|Electricity,Mt CO2/yr,,,,123.432299200192,,,121.9384707158,,,,,124.639069637117,,119.088983803255,,,,,125.985299661824,132.016648524416,133.00580360439,130.128509696479,127.281641861278,121.062810371435,111.580833636784,93.5715521969419,68.8648812224313,35.4430222202256,-6.26246219143636,-49.2795827268397,-97.5932368084187,-127.12177340699,-144.964623103842,-157.741558123042,,,,Mexico,CO2
GCAM 5.3,SSP1-DACCS-2p6-3pctHR,MEX,Emissions|CO2|Energy|Supply|Gases,Mt CO2/yr,,,,1.32867531149642e-07,,,-3.59100763335393e-07,,,,,-8.9825105909323e-08,,0.0136496727850747,,,,,0.0207523703321336,0.0273028756299657,0.0325817102807218,0.0362879226871185,0.0345525898957211,0.0312922004597921,0.0265652997210075,0.0197847904299416,0.0140536212519431,0.0091687058861178,0.0054986014225007,0.0032976384743538,0.0020440302884466,0.0011704027696036,0.0006447701307817,0.0003362189426762,,,,Mexico,CO2
GCAM 5.3,SSP1-DACCS-2p6-3pctHR,MEX,Emissions|CO2|Energy|Supply|Liquids,Mt CO2/yr,,,,45.2629575435067,,,44.5272143940155,,,,,47.6348005938189,,44.1629708050404,,,,,43.7665153356845,40.9866763168847,38.3495451551331,32.6192079607669,20.4781272340801,7.22318513847801,-3.22614717149097,-9.29605344425086,-14.9479832681476,-27.7164295047738,-54.0357617361674,-87.1794452301429,-121.144070732979,-113.342758323351,-105.251923519218,-100.690949036382,,,,Mexico,CO2
GCAM 5.3,SSP1-DACCS-2p6-3pctHR,MEX,Emissions|CO2|Energy|Supply|Solids,Mt CO2/yr,,,,0.0,,,-1.46666647658503e-06,,,,,0.0,,0.0,,,,,0.0,-1.75999543122424e-05,-7.33330855927102e-06,-2.19999513584521e-05,0.0,0.0,-1.35666591278659e-05,0.0,0.0,-1.50333087615943e-05,-1.86999593234495e-05,-2.93332435439704e-06,0.0,-4.0333366897636e-06,0.0,-5.13333104394975e-06,,,,Mexico,CO2
GCAM 5.3,SSP1-DACCS-2p6-3pctHR,MEX,Emissions|CO2|Industrial Processes,Mt CO2/yr,,,,27.6653933099054,,,25.6614235534025,,,,,25.3186890797558,,20.9784619058501,,,,,18.9900397198486,19.8762727674179,20.6752947027714,20.6773613594135,19.1877555392517,15.6758452170471,10.7285849935498,5.8725094544579,-0.226798721095588,-12.1505331507075,-32.7271694445687,-69.2474987854341,-145.209083855362,-165.308289649317,-167.853327385851,-167.700754574613,,,,Mexico,CO2
GCAM 5.3,SSP1-DACCS-2p6-3pctHR,MEX,Emissions|N2O|AFOLU,Mt CO2e/yr,,,,31.12356369062577,,,31.40532530083549,,,,,34.18922917197279,,35.399772023644125,,,,,39.14562644359185,40.6380708304479,42.84720961215103,45.04972031763075,48.008048945470065,51.02473294307434,52.6906809010349,53.77460304190856,54.68654449676364,55.81946971684929,57.90540940315732,59.8498306245122,61.85195668941608,58.2557441336609,55.14276039029258,52.05397053420728,,,,Mexico,N2O
GCAM 5.3,SSP1-highcostDACCS-2p6-3pctHR,MEX,Carbon Sequestration|CCS|Biomass,Mt CO2/yr,,,,0.0,,,0.0,,,,,0.0,,0.008477517,,,,,0.055707672,1.105994155,3.096268893,7.280412438,15.2649322,24.25792076,35.1194656,47.25085988,64.12648017,95.86076838,150.9430244,211.8727095,285.3206902,346.0656168,350.7517306,360.4050753,,,,Mexico,
GCAM 5.3,SSP1-highcostDACCS-2p6-3pctHR,MEX,Carbon Sequestration|Direct Air Capture,Mt CO2/yr,,,,0.0,,,0.0,,,,,0.0,,0.0,,,,,0.00010545,0.00023151,0.00032273,0.00036011,0.000354148,0.000371548,0.000678782,0.001375441,0.002997903,0.007011299,0.018361402,0.080907128,0.249135745,0.632878274,0.728343798,0.747247756,,,,Mexico,
GCAM 5.3,SSP1-highcostDACCS-2p6-3pctHR,MEX,Emissions|CH4|AFOLU,Mt CO2e/yr,,,,60.731975135999996,,,63.682326259999996,,,,,64.37062276399999,,64.40961506000001,,,,,70.092532916,70.290623732,70.22833423200001,71.835719676,73.881506972,76.055524776,76.39644227599999,76.72452283999999,76.918901472,76.991253332,76.848987824,75.999655116,74.965127888,73.237981824,70.384281828,67.546568936,,,,Mexico,CH4
GCAM 5.3,SSP1-highcostDACCS-2p6-3pctHR,MEX,Emissions|CO2|AFOLU,Mt CO2/yr,,,,54.51631582,,,-2.72233381,,,,,-11.12217212,,-15.33449175,,,,,-21.58873825,-57.97811407,-36.81912127,-40.37205054,-31.40749219,-33.68408601,-43.56986992,-49.88993137,-44.43102869,-23.80342848,21.88155024,21.78677876,52.51158831,7.4106867,-41.42294743,-56.93532314,,,,Mexico,CO2
GCAM 5.3,SSP1-highcostDACCS-2p6-3pctHR,MEX,Emissions|CO2|Energy and Industrial Processes,Mt CO2/yr,,,,462.1093256,,,487.562494,,,,,493.8515282,,504.0402459,,,,,499.0239218,481.6903091,463.2962039,440.9625177,405.2231659,363.529124,318.4690819,271.3892065,216.3847247,133.5866375,8.620437503,-122.6478018,-261.5850588,-361.2098646,-371.0913395,-386.8327588,,,,Mexico,CO2
GCAM 5.3,SSP1-highcostDACCS-2p6-3pctHR,MEX,Emissions|CO2|Energy|Demand,Mt CO2/yr,,,,265.7486754,,,295.4353872,,,,,296.258969,,319.099545,,,,,303.2058301,283.3569478,268.456416,256.9408022,241.1322442,224.0068341,206.6616261,191.3694177,175.5799272,153.740814,120.8373908,86.94632202,55.5685202,37.79166211,32.64479964,27.29877532,,,,Mexico,CO2
GCAM 5.3,SSP1-highcostDACCS-2p6-3pctHR,MEX,Emissions|CO2|Energy|Demand|Industry,Mt CO2/yr,,,,94.57290578,,,105.0633289,,,,,104.9447805,,113.1146167,,,,,107.8639879,107.8183131,109.841526,109.4611629,104.2188335,97.63048538,88.62817337,79.0342224,69.18661248,59.07234252,46.96744425,35.30803296,24.61990596,17.48806459,14.28645186,11.10461047,,,,Mexico,CO2
GCAM 5.3,SSP1-highcostDACCS-2p6-3pctHR,MEX,Emissions|CO2|Energy|Demand|Residential and Commercial,Mt CO2/yr,,,,27.29031174,,,26.48249134,,,,,25.17823496,,30.3414084,,,,,28.49856849,29.40299523,30.74032903,30.94724379,28.91077636,26.66581038,23.8841274,21.03618671,18.12262923,14.72421273,10.34151955,6.332423836,3.080839388,1.551467392,1.229603919,0.951755415,,,,Mexico,CO2
GCAM 5.3,SSP1-highcostDACCS-2p6-3pctHR,MEX,Emissions|CO2|Energy|Demand|Residential and Commercial|Commercial,Mt CO2/yr,,,,4.994305593,,,4.999816191,,,,,5.378274303,,6.650815519,,,,,6.048639944,6.222065469,6.569103053,6.705966796,6.319153712,5.910335148,5.347099531,4.729591381,4.074114328,3.326974928,2.354192846,1.459123666,0.728804844,0.381846933,0.2994296,0.228907189,,,,Mexico,CO2
GCAM 5.3,SSP1-highcostDACCS-2p6-3pctHR,MEX,Emissions|CO2|Energy|Demand|Residential and Commercial|Residential,Mt CO2/yr,,,,22.29600614,,,21.48267514,,,,,19.79996066,,23.69059288,,,,,22.44992855,23.18092976,24.17122598,24.24127699,22.59162265,20.75547523,18.53702787,16.30659532,14.0485149,11.39723781,7.987326702,4.87330017,2.352034544,1.169620459,0.930174319,0.722848226,,,,Mexico,CO2
GCAM 5.3,SSP1-highcostDACCS-2p6-3pctHR,MEX,Emissions|CO2|Energy|Demand|Transportation,Mt CO2/yr,,,,143.8854579,,,163.8895669,,,,,166.1359536,,175.6435199,,,,,166.8432737,146.1356394,127.874561,116.5323956,108.0026343,99.71053834,94.14932538,91.29900855,88.27068548,79.94425871,63.52842704,45.30586522,27.86777485,18.75213013,17.12874386,15.24240944,,,,Mexico,CO2
GCAM 5.3,SSP1-highcostDACCS-2p6-3pctHR,MEX,Emissions|CO2|Energy|Supply,Mt CO2/yr,,,,168.6952569,,,166.4656833,,,,,172.2738701,,163.9381391,,,,,177.5684496,179.4589866,175.393805,164.729325,146.4299257,124.800085,102.0959725,74.94286597,40.61653238,-11.99751845,-89.95564051,-171.3357413,-263.0245136,-335.6944177,-339.7308809,-349.9900514,,,,Mexico,CO2
GCAM 5.3,SSP1-highcostDACCS-2p6-3pctHR,MEX,Emissions|CO2|Energy|Supply|Electricity,Mt CO2/yr,,,,123.4322992,,,121.9384707,,,,,124.6390696,,118.9940508,,,,,132.9669926,137.4476467,136.0106741,131.1445931,125.7363598,118.1176755,106.931804,86.73220256,59.21307715,22.5304217,-22.86123298,-65.2871274,-116.8525192,-171.0898594,-194.3281257,-212.4449206,,,,Mexico,CO2
GCAM 5.3,SSP1-highcostDACCS-2p6-3pctHR,MEX,Emissions|CO2|Energy|Supply|Gases,Mt CO2/yr,,,,1.33e-07,,,-3.59e-07,,,,,-8.98e-08,,0.013618776,,,,,0.019810728,0.025574246,0.030130768,0.033180869,0.031078544,0.027659066,0.022933381,0.016583821,0.011493806,0.007265952,0.004199054,0.002355508,0.001248052,0.000630122,0.000346266,0.000177569,,,,Mexico,CO2
GCAM 5.3,SSP1-highcostDACCS-2p6-3pctHR,MEX,Emissions|CO2|Energy|Supply|Liquids,Mt CO2/yr,,,,45.26295754,,,44.52721439,,,,,47.63480059,,44.84748486,,,,,44.47483309,41.84529653,39.17764954,33.31982309,20.33838023,6.264196136,-5.010771182,-11.58022972,-17.80877828,-32.67858088,-63.73846983,-100.0543837,-135.7256075,-149.8581469,-136.4374496,-132.0631143,,,,Mexico,CO2
GCAM 5.3,SSP1-highcostDACCS-2p6-3pctHR,MEX,Emissions|CO2|Energy|Supply|Solids,Mt CO2/yr,,,,0.0,,,-1.47e-06,,,,,0.0,,-5.5e-06,,,,,0.0,-1.32e-05,0.0,-3.67e-05,-2.93e-05,0.0,-2.2e-06,0.0,-1.03e-05,0.0,0.0,-5.5e-06,0.0,-7.33e-07,-3.67e-07,-3.67e-07,,,,Mexico,CO2
GCAM 5.3,SSP1-highcostDACCS-2p6-3pctHR,MEX,Emissions|CO2|Industrial Processes,Mt CO2/yr,,,,27.66539331,,,25.66142355,,,,,25.31868908,,21.00256184,,,,,18.2496442,18.87437942,19.4459894,19.29239766,17.66100313,14.72221237,9.711496768,5.076950291,0.188324539,-8.156519263,-22.26094664,-38.25675088,-54.12402648,-63.29421506,-63.99025252,-64.12585147,,,,Mexico,CO2
GCAM 5.3,SSP1-highcostDACCS-2p6-3pctHR,MEX,Emissions|N2O|AFOLU,Mt CO2e/yr,,,,31.1235636894,,,31.4053252968,,,,,34.1892291741,,35.4133264758,,,,,40.04502170760001,41.6946767055,43.055019270900004,45.33782799,48.3859325586,51.4658638767,53.1298755897,54.193598277,55.093950993899995,56.4161645229,58.694932814699996,60.6414863691,62.5747411107,62.919906121800004,59.1798265149,55.837447575,,,,Mexico,N2O
GCAM 5.3,SSP1-lowcostDACCS-2p6-3pctHR,MEX,Carbon Sequestration|CCS|Biomass,Mt CO2/yr,,,,0.0,,,0.0,,,,,0.0,,0.008477517,,,,,0.039693137,0.67798277,1.838806169,4.736696527,10.55917881,16.95533563,24.14897862,31.20710302,40.40609785,57.40513209,89.81996871,130.8005691,160.5835619,171.8093068,178.933688,186.009853,,,,Mexico,
GCAM 5.3,SSP1-lowcostDACCS-2p6-3pctHR,MEX,Carbon Sequestration|Direct Air Capture,Mt CO2/yr,,,,0.0,,,0.0,,,,,0.0,,0.0,,,,,0.009478837,2.441986509,3.40127181,3.938963961,4.162332549,4.021257535,6.248657678,11.06170058,20.69827859,46.6347285,147.4053623,246.4711075,317.3605668,325.7167214,191.8410423,120.8710076,,,,Mexico,
GCAM 5.3,SSP1-lowcostDACCS-2p6-3pctHR,MEX,Emissions|CH4|AFOLU,Mt CO2e/yr,,,,60.731975135999996,,,63.682326259999996,,,,,64.37062276399999,,64.409618084,,,,,69.457358068,69.54907078,69.42935299999999,70.69824622,72.34887701999999,74.10982168800001,74.24119808,74.40028086400001,74.542384084,74.6192755,74.41561094800001,74.10341321599999,72.22607915600001,69.417741932,67.10569082,65.08210595599999,,,,Mexico,CH4
GCAM 5.3,SSP1-lowcostDACCS-2p6-3pctHR,MEX,Emissions|CO2|AFOLU,Mt CO2/yr,,,,54.51631582,,,-2.72233381,,,,,-11.12217212,,-15.33449177,,,,,-23.23003337,-52.89296834,-33.08980275,-36.5624318,-30.83008449,-33.79289897,-42.25699727,-48.34806643,-46.45777435,-35.5901951,-10.77215559,6.012411189,-45.92312323,-46.42144691,-55.30416606,-59.95690396,,,,Mexico,CO2
GCAM 5.3,SSP1-lowcostDACCS-2p6-3pctHR,MEX,Emissions|CO2|Energy and Industrial Processes,Mt CO2/yr,,,,462.1093256,,,487.562494,,,,,493.8515282,,504.0402467,,,,,506.5819933,491.8869636,476.9803626,458.3417766,427.9296695,392.6918457,353.7009355,310.4700857,256.722315,171.5618651,-15.63371231,-216.9422324,-367.1111503,-418.9943196,-320.0997162,-279.536466,,,,Mexico,CO2
GCAM 5.3,SSP1-lowcostDACCS-2p6-3pctHR,MEX,Emissions|CO2|Energy|Demand,Mt CO2/yr,,,,265.7486754,,,295.4353872,,,,,296.258969,,319.0995456,,,,,306.2192052,286.8839034,272.5552034,261.8427882,247.4282606,231.8308221,216.2015416,202.4077804,187.666314,170.5743827,146.6143371,117.7928636,94.12486755,78.91354673,65.03803407,52.50354306,,,,Mexico,CO2
GCAM 5.3,SSP1-lowcostDACCS-2p6-3pctHR,MEX,Emissions|CO2|Energy|Demand|Industry,Mt CO2/yr,,,,94.57290578,,,105.0633289,,,,,104.9447805,,113.1146173,,,,,109.3999012,109.6003229,111.8800303,111.9400392,107.2816003,101.3480958,93.06800415,84.0630237,74.51850433,65.54288164,55.54833766,44.93824365,35.55426999,28.28282302,22.46596599,17.14114337,,,,Mexico,CO2
GCAM 5.3,SSP1-lowcostDACCS-2p6-3pctHR,MEX,Emissions|CO2|Energy|Demand|Residential and Commercial,Mt CO2/yr,,,,27.29031174,,,26.48249134,,,,,25.17823496,,30.3414084,,,,,29.11225241,30.0720801,31.47055751,31.74568926,29.81902489,27.71175024,25.07614046,22.31930231,19.34109901,16.3732264,12.96453686,9.289055009,6.45718387,4.756159306,3.470131146,2.519681579,,,,Mexico,CO2
GCAM 5.3,SSP1-lowcostDACCS-2p6-3pctHR,MEX,Emissions|CO2|Energy|Demand|Residential and Commercial|Commercial,Mt CO2/yr,,,,4.994305593,,,4.999816191,,,,,5.378274303,,6.650815519,,,,,6.203422122,6.393779828,6.76205112,6.919728886,6.555589659,6.178262274,5.649953485,5.054867181,4.370949735,3.706311027,2.954935222,2.129756163,1.466956449,1.056700623,0.764388225,0.548903695,,,,Mexico,CO2
GCAM 5.3,SSP1-lowcostDACCS-2p6-3pctHR,MEX,Emissions|CO2|Energy|Demand|Residential and Commercial|Residential,Mt CO2/yr,,,,22.29600614,,,21.48267514,,,,,19.79996066,,23.69059288,,,,,22.90883029,23.67830027,24.70850639,24.82596038,23.26343523,21.53348797,19.42618698,17.26443512,14.97014928,12.66691537,10.00960163,7.159298846,4.990227422,3.699458683,2.705742922,1.970777884,,,,Mexico,CO2
GCAM 5.3,SSP1-lowcostDACCS-2p6-3pctHR,MEX,Emissions|CO2|Energy|Demand|Transportation,Mt CO2/yr,,,,143.8854579,,,163.8895669,,,,,166.1359536,,175.6435199,,,,,167.7070516,147.2115004,129.2046156,118.1570597,110.3276353,102.7709761,98.05739703,96.02545434,93.80671065,88.65827464,78.10146255,63.56556496,52.11341369,45.87456441,39.10193694,32.84271811,,,,Mexico,CO2
GCAM 5.3,SSP1-lowcostDACCS-2p6-3pctHR,MEX,Emissions|CO2|Energy|Supply,Mt CO2/yr,,,,168.6952569,,,166.4656833,,,,,172.2738701,,163.9381389,,,,,180.6440498,186.7918275,186.3260258,178.8481937,164.3631746,146.7350231,129.8647213,109.4966201,84.70315233,48.94626589,-3.535182537,-64.07396228,-110.1207272,-134.2027522,-150.4770557,-164.7917192,,,,Mexico,CO2
GCAM 5.3,SSP1-lowcostDACCS-2p6-3pctHR,MEX,Emissions|CO2|Energy|Supply|Electricity,Mt CO2/yr,,,,123.4322992,,,121.9384707,,,,,124.6390696,,118.9940511,,,,,135.6937281,144.3320575,146.4062622,144.5652579,141.7803842,136.6930161,129.7452747,115.0875738,95.18768063,67.5986515,32.97451445,-2.974723409,-35.14879737,-59.90563327,-75.3408011,-89.58719278,,,,Mexico,CO2
GCAM 5.3,SSP1-lowcostDACCS-2p6-3pctHR,MEX,Emissions|CO2|Energy|Supply|Gases,Mt CO2/yr,,,,1.33e-07,,,-3.59e-07,,,,,-8.98e-08,,0.013618776,,,,,0.023209878,0.031564792,0.038532431,0.044161409,0.043256933,0.040444378,0.036052347,0.028493329,0.021639691,0.015458795,0.012368315,0.009570781,0.006702287,0.003896191,0.001154097,0.000578686,,,,Mexico,CO2
GCAM 5.3,SSP1-lowcostDACCS-2p6-3pctHR,MEX,Emissions|CO2|Energy|Supply|Liquids,Mt CO2/yr,,,,45.26295754,,,44.52721439,,,,,47.63480059,,44.84748443,,,,,44.79484548,42.23328812,39.60896116,33.86736189,22.04741937,9.375376386,-0.38485943,-5.841619713,-10.41469223,-18.10010238,-35.38334956,-59.33050657,-73.23349696,-73.1072725,-73.97325998,-74.00828162,,,,Mexico,CO2
GCAM 5.3,SSP1-lowcostDACCS-2p6-3pctHR,MEX,Emissions|CO2|Energy|Supply|Solids,Mt CO2/yr,,,,0.0,,,-1.47e-06,,,,,0.0,,-5.5e-06,,,,,0.0,0.0,0.0,-1.47e-05,0.0,-9.9e-06,0.0,-2.57e-06,0.0,0.0,-1.06e-05,-1.21e-05,0.0,0.0,-1.83e-06,0.0,,,,Mexico,CO2
GCAM 5.3,SSP1-lowcostDACCS-2p6-3pctHR,MEX,Emissions|CO2|Industrial Processes,Mt CO2/yr,,,,27.66539331,,,25.66142355,,,,,25.31868908,,21.00256219,,,,,19.71889693,18.24026574,18.13889127,17.69598365,16.18509987,14.17004641,7.702062745,-1.316648368,-15.4306663,-47.54779311,-157.1504732,-268.0968341,-347.7759144,-360.2325547,-233.0672463,-166.6954546,,,,Mexico,CO2
GCAM 5.3,SSP1-lowcostDACCS-2p6-3pctHR,MEX,Emissions|N2O|AFOLU,Mt CO2e/yr,,,,31.1235636894,,,31.4053252968,,,,,34.1892291741,,35.4133296426,,,,,39.6185534745,41.1568829763,42.4061237964,44.4463568367,47.1598236837,49.9155840456,51.4648103151,52.5017227371,53.352988279499996,54.3394142382,55.725293605800005,57.5921660769,56.8997415168,54.239352394499996,52.335439965899994,50.5141839111,,,,Mexico,N2O
GCAM 5.3,SSP1-noDACCS-1p9-3pctHR,MEX,Carbon Sequestration|CCS|Biomass,Mt CO2/yr,,,,0.0,,,0.0,,,,,0.0,,0.8026667729697,,,,,11.3145982052664,21.8654956744388,29.8952447977493,46.3811743448033,78.9921127581005,118.179299692172,170.030474012539,234.689503984359,318.249158980413,422.199225308859,536.975131966093,543.684021806768,531.225441950814,521.297752899292,502.02203557771,461.083642878376,,,,Mexico,
GCAM 5.3,SSP1-noDACCS-1p9-3pctHR,MEX,Emissions|CH4|AFOLU,Mt CO2e/yr,,,,60.731975142540804,,,63.68232626270675,,,,,64.37062275503524,,64.4085308176674,,,,,72.80878657356641,73.19990579823515,73.42036786673204,76.63425335494908,79.72429815796852,83.08351694090084,84.03080210278291,84.68879951124768,84.56900882727136,82.89732335286809,81.31708063708152,79.21703758647672,77.2915237608444,74.89384775355616,73.0620771250034,71.16300735626488,,,,Mexico,CH4
GCAM 5.3,SSP1-noDACCS-1p9-3pctHR,MEX,Emissions|CO2|AFOLU,Mt CO2/yr,,,,54.5163158156467,,,-2.722333809602,,,,,-11.1221721224973,,-15.2489846642588,,,,,-13.2282952803869,-73.9492521049042,-40.2857936103077,-42.1900787902477,-19.9420685637184,-22.4973481765963,-10.6667221849918,-16.642839884367,7.98773770592766,33.6639475010645,88.0123132332086,-47.3378573594108,-61.5308584730072,-67.9340474935189,-73.0086504239158,-77.3322431493302,,,,Mexico,CO2
GCAM 5.3,SSP1-noDACCS-1p9-3pctHR,MEX,Emissions|CO2|Energy and Industrial Processes,Mt CO2/yr,,,,462.109325634398,,,487.562494007003,,,,,493.851528208793,,502.583434689651,,,,,444.291959374087,406.189710924438,375.406748372905,327.399017414957,248.519334396477,156.109969822529,48.367101891215,-70.0636331372129,-212.250804245988,-394.402807276284,-570.948216209422,-570.19029948548,-557.884464691767,-555.136855197593,-542.019819155429,-504.819031697241,,,,Mexico,CO2
GCAM 5.3,SSP1-noDACCS-1p9-3pctHR,MEX,Emissions|CO2|Energy|Demand,Mt CO2/yr,,,,265.748675447926,,,295.435387169552,,,,,296.258968987926,,318.255858710094,,,,,288.75726875018,267.137949326306,250.011947001746,231.571174588085,206.341972812052,178.92332066546,151.263659403239,127.6811641587,100.803795793077,60.8509185987918,30.3720117640771,28.8184139952435,24.2764342357013,17.9839188419126,13.4108966060036,10.2954472316581,,,,Mexico,CO2
GCAM 5.3,SSP1-noDACCS-1p9-3pctHR,MEX,Emissions|CO2|Energy|Demand|Industry,Mt CO2/yr,,,,94.5729057784884,,,105.063328933002,,,,,104.944780463022,,112.914562049362,,,,,100.52253653212,99.6160964928573,100.502050560014,97.030364180583,88.1846001910848,77.4873954865746,64.5707235198709,52.2311361695763,39.7128255704647,25.9860660016345,15.6854148459386,13.8723588323299,11.0698917880161,8.15844764193951,5.92233281331517,4.32375462454001,,,,Mexico,CO2
GCAM 5.3,SSP1-noDACCS-1p9-3pctHR,MEX,Emissions|CO2|Energy|Demand|Residential and Commercial,Mt CO2/yr,,,,27.2903117374769,,,26.4824913351724,,,,,25.1782349594724,,30.1598626528857,,,,,25.6674633108326,26.4502266758023,27.6329502838476,26.8259292495925,23.9201632570169,20.6443986660757,16.8908320087538,13.5762420347502,9.89192835611021,4.86304634362519,1.53335118564755,1.46802098287445,1.13480644174013,0.715879562745018,0.472175075781464,0.337931269253986,,,,Mexico,CO2
GCAM 5.3,SSP1-noDACCS-1p9-3pctHR,MEX,Emissions|CO2|Energy|Demand|Residential and Commercial|Commercial,Mt CO2/yr,,,,4.99430559334533,,,4.99981619057109,,,,,5.3782743034011,,6.60498801686752,,,,,5.34645412333177,5.48030398298794,5.76876016603173,5.64212542418037,5.07679609190935,4.44152652018656,3.66042085779212,2.95694535940009,2.16102699921882,1.07185464566817,0.353983597604945,0.328768538363831,0.249696070622323,0.160908247816685,0.108305707321723,0.0775150075157002,,,,Mexico,CO2
GCAM 5.3,SSP1-noDACCS-1p9-3pctHR,MEX,Emissions|CO2|Energy|Demand|Residential and Commercial|Residential,Mt CO2/yr,,,,22.2960061441316,,,21.4826751446013,,,,,19.7999606560713,,23.5548746360182,,,,,20.3210091875008,20.9699226928144,21.8641901178159,21.1838038254122,18.8433671651075,16.2028721458891,13.2304111509617,10.6192966753501,7.73090135689139,3.79119169795702,1.1793675880426,1.13925244451062,0.88511037111781,0.554971314928333,0.363869368459741,0.260416261738286,,,,Mexico,CO2
GCAM 5.3,SSP1-noDACCS-1p9-3pctHR,MEX,Emissions|CO2|Energy|Demand|Transportation,Mt CO2/yr,,,,143.885457931961,,,163.889566901378,,,,,166.135953565431,,175.181434007847,,,,,162.567268907228,141.071626157647,121.876946157884,107.71488115791,94.2372093639506,80.7915265128098,69.8021038746139,61.8737859543735,51.1990418665023,30.0018062535321,13.1532457324909,13.4780341800392,12.071736005945,9.10959163722805,7.01638871690694,5.63376133786406,,,,Mexico,CO2
GCAM 5.3,SSP1-noDACCS-1p9-3pctHR,MEX,Emissions|CO2|Energy|Supply,Mt CO2/yr,,,,168.695256876567,,,166.465683284048,,,,,172.273870141111,,163.349110183634,,,,,142.103891926534,124.735914229131,110.077670811187,82.7252109602076,34.4361120782438,-23.8821241644463,-96.648176843105,-184.519461947847,-290.20109106133,-414.536381254062,-544.645453137152,-541.963073063012,-523.689869799657,-511.542400430916,-491.662744730452,-450.798418397972,,,,Mexico,CO2
GCAM 5.3,SSP1-noDACCS-1p9-3pctHR,MEX,Emissions|CO2|Energy|Supply|Electricity,Mt CO2/yr,,,,123.432299200192,,,121.9384707158,,,,,124.639069637117,,119.088969963652,,,,,99.7056480778042,85.4359126407588,73.7427973164145,55.7445368862837,30.5709418924615,-0.850126358703305,-47.7259594552931,-112.067916626176,-184.870550097472,-248.777771417807,-326.043852406911,-344.039377520807,-354.040618480462,-356.904873458158,-352.112776045787,-328.292274358781,,,,Mexico,CO2
GCAM 5.3,SSP1-noDACCS-1p9-3pctHR,MEX,Emissions|CO2|Energy|Supply|Gases,Mt CO2/yr,,,,1.32867531149642e-07,,,-3.59100763335393e-07,,,,,-8.9825105909323e-08,,0.0136499865057499,,,,,0.0101031230497856,0.0112438275875197,0.0108852370102846,0.0100379992744758,0.0076752167001868,0.0054351055167624,0.0034638911659026,0.0019184710059554,0.0010172879036695,0.0005131969702978,0.0002436615829652,0.0001367389347075,6.82092209415993e-05,3.04030270053257e-05,1.25787198018529e-05,4.83072954763286e-06,,,,Mexico,CO2
GCAM 5.3,SSP1-noDACCS-1p9-3pctHR,MEX,Emissions|CO2|Energy|Supply|Liquids,Mt CO2/yr,,,,45.2629575435067,,,44.5272143940155,,,,,47.6348005938189,,44.1629732680661,,,,,42.4190452030524,39.3756742141339,36.4309582695596,27.36666838788,4.77841819639805,-21.2461520032215,-45.6270763357784,-65.2844290029031,-92.8755038485686,-147.101387938096,-194.612739166177,-181.714553303095,-163.158093090725,-151.727016353164,-137.722860236603,-121.274747893233,,,,Mexico,CO2
GCAM 5.3,SSP1-noDACCS-1p9-3pctHR,MEX,Emissions|CO2|Energy|Supply|Solids,Mt CO2/yr,,,,0.0,,,-1.46666647658503e-06,,,,,0.0,,0.0,,,,,0.0,0.0,-2.56665749193748e-05,0.0,-4.39997564834408e-05,0.0,0.0,-6.59997453450763e-06,0.0,-2.19999326924905e-06,0.0,0.0,0.0,0.0,0.0,0.0,,,,Mexico,CO2
GCAM 5.3,SSP1-noDACCS-1p9-3pctHR,MEX,Emissions|CO2|Industrial Processes,Mt CO2/yr,,,,27.6653933099054,,,25.6614235534025,,,,,25.3186890797558,,20.9784657959234,,,,,13.4307986973726,14.3158473690011,15.3171305599723,13.1026318666638,7.74124950618074,1.0687733215149,-6.24838066891865,-13.225335348066,-22.8535089777347,-40.7173446210139,-56.6747748363471,-57.0456404177115,-58.4710291278114,-61.5783736085897,-63.7679710309799,-64.316060530927,,,,Mexico,CO2
GCAM 5.3,SSP1-noDACCS-1p9-3pctHR,MEX,Emissions|N2O|AFOLU,Mt CO2e/yr,,,,31.12356369062577,,,31.40532530083549,,,,,34.18922917197279,,35.39977526390269,,,,,41.74533659598884,43.79945296702576,45.66286193257561,49.179396009577744,53.36812189973983,57.35136612486072,59.87104622597935,61.944198568848414,64.07283980398446,65.94234262543965,68.05919870699395,64.71447342492843,62.36956232472201,60.26225064634921,58.316591829410186,56.35195366403066,,,,Mexico,N2O
GCAM 5.3,SSP1-noDACCS-2p6-3pctHR,MEX,Carbon Sequestration|CCS|Biomass,Mt CO2/yr,,,,0.0,,,0.0,,,,,0.0,,0.8026667729697,,,,,2.72129490405709,5.10203755048822,7.42124435799185,11.239291355087,17.8399556584807,26.2630658442179,36.4276262282687,47.831564681657,63.6429971097265,93.5344663496325,145.271921269432,203.909822208625,274.44917511469,349.011719286974,439.589257642182,494.561759926318,,,,Mexico,
GCAM 5.3,SSP1-noDACCS-2p6-3pctHR,MEX,Emissions|CH4|AFOLU,Mt CO2e/yr,,,,60.731975142540804,,,63.68232626270675,,,,,64.37062275503524,,64.40853082130796,,,,,70.04852742521592,70.23031854465536,70.15873952221848,71.72119484003571,73.73241888673024,75.86199636493296,76.16976841733252,76.48031217772008,76.66913503221224,76.69670547851425,76.60707647812184,75.78916612399189,74.8224352701924,73.36821100277004,72.18978866896076,69.96584412618333,,,,Mexico,CH4
GCAM 5.3,SSP1-noDACCS-2p6-3pctHR,MEX,Emissions|CO2|AFOLU,Mt CO2/yr,,,,54.5163158156467,,,-2.722333809602,,,,,-11.1221721224973,,-15.2489784561015,,,,,-21.8011695039123,-57.8578798944517,-36.9666423082953,-40.1492549602393,-31.2355701773261,-32.9490523128177,-42.3490241670829,-48.6588279737343,-43.7479565612296,-24.3333304390297,16.7940549761565,21.1195346636693,49.5795447342169,50.0272038518909,27.5204760791735,-38.4002002225865,,,,Mexico,CO2
GCAM 5.3,SSP1-noDACCS-2p6-3pctHR,MEX,Emissions|CO2|Energy and Industrial Processes,Mt CO2/yr,,,,462.109325634398,,,487.562494007003,,,,,493.851528208793,,502.583434685991,,,,,490.932192216091,474.841479121358,458.603439999861,438.59800044234,406.512723477445,365.394138055145,322.077435646574,276.519046159899,223.064300393853,142.837929331279,23.1446877331272,-105.650066854183,-243.130130725971,-364.470492536018,-477.346435275801,-535.266058893276,,,,Mexico,CO2
GCAM 5.3,SSP1-noDACCS-2p6-3pctHR,MEX,Emissions|CO2|Energy|Demand,Mt CO2/yr,,,,265.748675447926,,,295.435387169552,,,,,296.258968987926,,318.255856668873,,,,,302.932520652473,283.290943563701,268.663111052822,257.659807030329,242.453977481197,225.58731328968,208.501147613572,193.395943741579,177.683227167028,156.159935807254,124.579493149621,90.9117089894954,58.7828977830871,37.8917785193549,26.0633672369525,21.4209000180733,,,,Mexico,CO2
GCAM 5.3,SSP1-noDACCS-2p6-3pctHR,MEX,Emissions|CO2|Energy|Demand|Industry,Mt CO2/yr,,,,94.5729057784884,,,105.063328933002,,,,,104.944780463022,,112.91456000197,,,,,107.786169830352,107.867890117899,110.044168785907,109.91119909653,104.90595752812,98.4612784459249,89.5722766388653,80.063353348874,70.261339095154,60.2356294539861,48.4173765686599,36.720596311796,25.7828465352197,17.6373568504639,11.5659180249948,8.92485125440257,,,,Mexico,CO2
GCAM 5.3,SSP1-noDACCS-2p6-3pctHR,MEX,Emissions|CO2|Energy|Demand|Residential and Commercial,Mt CO2/yr,,,,27.2903117374769,,,26.4824913351724,,,,,25.1782349594724,,30.1598626577808,,,,,28.5234667182492,29.4450562602411,30.811933314139,31.0948299460727,29.1046363680784,26.8611255595551,24.0970994043607,21.2653687128448,18.3423305828546,14.9678521652578,10.7369586315158,6.71544565351014,3.35010169449223,1.53652125230409,0.787391223794012,0.613990111869174,,,,Mexico,CO2
GCAM 5.3,SSP1-noDACCS-2p6-3pctHR,MEX,Emissions|CO2|Energy|Demand|Residential and Commercial|Commercial,Mt CO2/yr,,,,4.99430559334533,,,4.99981619057109,,,,,5.3782743034011,,6.60498801788324,,,,,6.05688351376088,6.23552035434115,6.59118064184307,6.74806095009624,6.36920114474448,5.95841235896523,5.39791284433907,4.78416223990237,4.12533686308257,3.38292093191195,2.44640049656593,1.54764813881968,0.790957260823659,0.381126782857414,0.205623307213145,0.159070914156408,,,,Mexico,CO2
GCAM 5.3,SSP1-noDACCS-2p6-3pctHR,MEX,Emissions|CO2|Energy|Demand|Residential and Commercial|Residential,Mt CO2/yr,,,,22.2960061441316,,,21.4826751446013,,,,,19.7999606560713,,23.5548746398976,,,,,22.4665832044883,23.2095359059,24.2207526722959,24.3467689959764,22.7354352233339,20.9027132005899,18.6991865600217,16.4812064729424,14.216993719772,11.5849312333458,8.29055813494985,5.16779751469046,2.55914443366857,1.15539446944667,0.581767916580867,0.454919197712766,,,,Mexico,CO2
GCAM 5.3,SSP1-noDACCS-2p6-3pctHR,MEX,Emissions|CO2|Energy|Demand|Transportation,Mt CO2/yr,,,,143.885457931961,,,163.889566901378,,,,,166.135953565431,,175.181434009121,,,,,166.622884103873,145.977997185562,127.807008952776,116.653777987726,108.443383584999,100.2649092842,94.8317715703463,92.0672216798603,89.0795574890197,80.9564541880098,65.4251579494449,47.4756670241893,29.6499495533751,18.7179004165869,13.7100579881636,11.8820586518015,,,,Mexico,CO2
GCAM 5.3,SSP1-noDACCS-2p6-3pctHR,MEX,Emissions|CO2|Energy|Supply,Mt CO2/yr,,,,168.695256876567,,,166.465683284048,,,,,172.273870141111,,163.349113385623,,,,,169.273857807633,171.885887772667,169.476557124324,160.469782436076,145.104500279004,124.603883954436,103.271194653014,77.3889912040053,44.5111610765202,-5.97409031398225,-80.5651911067846,-159.977792756619,-249.354255554895,-339.212111871474,-434.896188537853,-487.997100441625,,,,Mexico,CO2
GCAM 5.3,SSP1-noDACCS-2p6-3pctHR,MEX,Emissions|CO2|Energy|Supply|Electricity,Mt CO2/yr,,,,123.432299200192,,,121.9384707158,,,,,124.639069637117,,119.088975021061,,,,,125.40007016716,130.73161415042,130.93051393445,127.578767055005,124.401327127455,117.485937684449,107.158794245739,87.949376300445,61.6306804367508,26.3329487724945,-17.6651226184137,-59.336159779528,-108.35240587481,-169.894414889783,-254.542234487372,-308.70926700374,,,,Mexico,CO2
GCAM 5.3,SSP1-noDACCS-2p6-3pctHR,MEX,Emissions|CO2|Energy|Supply|Gases,Mt CO2/yr,,,,1.32867531149642e-07,,,-3.59100763335393e-07,,,,,-8.9825105909323e-08,,0.0136498868462051,,,,,0.0201715156711856,0.0262897810868232,0.0311100917404656,0.0343967164303213,0.032455851442096,0.0291038972358482,0.0243939674994931,0.0178867355424896,0.0125065653224405,0.0079653878384735,0.0046348961028689,0.0026216500610324,0.0014010835816177,0.0006851697269354,0.0003106753963986,0.0001502590752682,,,,Mexico,CO2
GCAM 5.3,SSP1-noDACCS-2p6-3pctHR,MEX,Emissions|CO2|Energy|Supply|Liquids,Mt CO2/yr,,,,45.2629575435067,,,44.5272143940155,,,,,47.6348005938189,,44.1629715216712,,,,,43.7350479283894,40.9533213355478,38.2724428935568,32.5253865951466,20.2281872625637,6.66230827998064,-4.10971764573342,-10.4209624116501,-16.4500275863594,-30.6833045862948,-59.8781351345176,-95.2292401115653,-131.418765026344,-152.774189457521,-154.715080510084,-157.603757051073,,,,Mexico,CO2
GCAM 5.3,SSP1-noDACCS-2p6-3pctHR,MEX,Emissions|CO2|Energy|Supply|Solids,Mt CO2/yr,,,,0.0,,,-1.46666647658503e-06,,,,,0.0,,0.0,,,,,0.0,-8.80002187288525e-06,0.0,0.0,-5.13330058139398e-05,-1.86999818276549e-05,0.0,0.0,0.0,-1.42999717271206e-05,-9.16665056073179e-06,-9.16667418583727e-06,-4.03332143910555e-06,-1.46667014256624e-06,-1.83332747546943e-06,-1.47680795657318e-16,,,,Mexico,CO2
GCAM 5.3,SSP1-noDACCS-2p6-3pctHR,MEX,Emissions|CO2|Industrial Processes,Mt CO2/yr,,,,27.6653933099054,,,25.6614235534025,,,,,25.3186890797558,,20.9784646314958,,,,,18.7258137559846,19.6646477849898,20.4637718227149,20.4684109759353,18.9542457172439,15.2029408110293,10.3050933799871,5.73411121431496,0.869912150304886,-7.3479161619929,-20.8696143097087,-36.5839830870593,-52.5587729541631,-63.1501591838989,-68.5136139748995,-68.6898584697243,,,,Mexico,CO2
GCAM 5.3,SSP1-noDACCS-2p6-3pctHR,MEX,Emissions|N2O|AFOLU,Mt CO2e/yr,,,,31.12356369062577,,,31.40532530083549,,,,,34.18922917197279,,35.39977557572629,,,,,39.99510533521394,41.62452746168535,42.96571451667086,45.215791618246705,48.23885752043277,51.31921916656653,53.001973357347644,54.0926484332213,55.00981663853076,56.270826899422865,58.465705855056044,60.41357320543245,62.360962459464396,63.74348851473111,64.53412534338096,62.33611404090716,,,,Mexico,N2O
GCAM 5.3,SSP2-DACCS-2p6-3pctHR,MEX,Carbon Sequestration|CCS|Biomass,Mt CO2/yr,,,,0.0,,,0.0,,,,,0.0,,0.0091751008341,,,,,0.16131164133136,0.406028300578327,0.848624260147653,36.8236279210156,81.7850877147673,139.868268054277,206.14686634187,280.468383610278,368.942174331777,493.737476022134,522.882374966679,555.110041155682,595.362910934974,640.285777710468,671.385045782153,671.605882469693,,,,Mexico,
GCAM 5.3,SSP2-DACCS-2p6-3pctHR,MEX,Carbon Sequestration|Direct Air Capture,Mt CO2/yr,,,,0.0,,,0.0,,,,,0.0,,0.0,,,,,0.0008867889542838,0.035101813524407,0.042945180904107,1.25923187626508,3.34335984863662,8.24733590075774,18.9351515334521,44.9520010011909,111.976677037835,241.464246267322,264.147578401184,265.028958540631,260.692233153703,249.191740859589,230.306556324887,205.205843914841,,,,Mexico,
GCAM 5.3,SSP2-DACCS-2p6-3pctHR,MEX,Emissions|CH4|AFOLU,Mt CO2e/yr,,,,60.731975142540804,,,63.68232626270675,,,,,64.37062275503524,,69.17696685613925,,,,,74.60701335431679,79.78667693753876,84.58588523458752,92.35630526042787,99.42288998276628,106.21600343068596,112.58438751255387,118.33536162692607,121.1579321997069,121.0257086171266,123.10176761967644,124.98890270113156,126.5298199644937,128.04028670331584,129.43963451831553,129.8923094514136,,,,Mexico,CH4
GCAM 5.3,SSP2-DACCS-2p6-3pctHR,MEX,Emissions|CO2|AFOLU,Mt CO2/yr,,,,54.5163158156467,,,-2.722333809602,,,,,-11.1221721224973,,28.0597759957405,,,,,20.9979609615192,25.957662629974,37.9241675624145,135.736425253612,138.072920929419,156.760391947103,130.419369086709,74.1248014785992,59.6888361443429,128.409101478243,-39.5601120870951,-50.4540641966198,-48.5866296849049,-44.5030504533207,-42.0289755773118,-37.6229270758883,,,,Mexico,CO2
GCAM 5.3,SSP2-DACCS-2p6-3pctHR,MEX,Emissions|CO2|Energy and Industrial Processes,Mt CO2/yr,,,,462.109325634398,,,487.562494007003,,,,,493.851528208793,,514.334001781331,,,,,550.893364457553,575.531713303566,598.912461223208,443.193100595498,352.510871075919,238.294585742218,111.259290151906,-37.5557320826971,-248.77155521669,-580.618882893037,-644.151290528354,-695.921828861965,-755.055411053196,-815.652968454537,-848.223715631402,-840.332288792986,,,,Mexico,CO2
GCAM 5.3,SSP2-DACCS-2p6-3pctHR,MEX,Emissions|CO2|Energy|Demand,Mt CO2/yr,,,,265.748675447926,,,295.435387169552,,,,,296.258968987926,,325.481502510379,,,,,338.132234481283,339.133217026115,341.099520665993,290.711923970252,272.116820165116,251.014132904999,230.818722135425,213.201320087886,191.594954065555,155.09646365822,152.253044067924,145.550770494507,134.679125821528,121.532907978144,112.051095460044,105.139878779263,,,,Mexico,CO2
GCAM 5.3,SSP2-DACCS-2p6-3pctHR,MEX,Emissions|CO2|Energy|Demand|Industry,Mt CO2/yr,,,,94.5729057784884,,,105.063328933002,,,,,104.944780463022,,116.948562188135,,,,,123.70924541093,129.910230869177,136.199295434917,112.09932673173,107.077062865962,99.4771825685823,89.3924037329219,78.3888048609512,66.0052021443648,51.948005182574,45.3599817946218,38.2391496514396,30.6383469524578,23.6495643665306,18.2330352633054,14.0536507317696,,,,Mexico,CO2
GCAM 5.3,SSP2-DACCS-2p6-3pctHR,MEX,Emissions|CO2|Energy|Demand|Residential and Commercial,Mt CO2/yr,,,,27.2903117374769,,,26.4824913351724,,,,,25.1782349594724,,31.0129938212774,,,,,32.567553500824,34.0337593261387,35.2467586904259,27.8617422496448,25.4034016471333,22.6351029843491,19.567229215585,16.7735495583257,13.7227442628358,9.51643366467605,8.06284929679928,6.6275043874919,5.06484984129398,3.6089315514373,2.56925723199902,1.84607065782818,,,,Mexico,CO2
GCAM 5.3,SSP2-DACCS-2p6-3pctHR,MEX,Emissions|CO2|Energy|Demand|Residential and Commercial|Commercial,Mt CO2/yr,,,,4.99430559334533,,,4.99981619057109,,,,,5.3782743034011,,6.81822802725286,,,,,7.08021723877551,7.3635722443644,7.6415956014763,5.83201367975888,5.33901172450973,4.79999296784478,4.16814625263789,3.58118418695276,2.93092635786937,2.0341855910654,1.6799839306547,1.36258387617568,1.02993676106732,0.731092312567656,0.519312143744026,0.37286598472417,,,,Mexico,CO2
GCAM 5.3,SSP2-DACCS-2p6-3pctHR,MEX,Emissions|CO2|Energy|Demand|Residential and Commercial|Residential,Mt CO2/yr,,,,22.2960061441316,,,21.4826751446013,,,,,19.7999606560713,,24.1947657940246,,,,,25.4873362620485,26.6701870817743,27.6051630889496,22.0297285698859,20.0643899226236,17.8351100165043,15.3990829629471,13.1923653713729,10.7918179049664,7.48224807361066,6.38286536614458,5.26492051131622,4.03491308022666,2.87783923886964,2.049945088255,1.47320467310401,,,,Mexico,CO2
GCAM 5.3,SSP2-DACCS-2p6-3pctHR,MEX,Emissions|CO2|Energy|Demand|Transportation,Mt CO2/yr,,,,143.885457931961,,,163.889566901378,,,,,166.135953565431,,177.519946500967,,,,,181.855435569529,175.189226830798,169.65346654065,150.750854988877,139.636355652021,128.901847352067,121.859089186918,118.038965668609,111.867007658354,93.6320248109697,98.8302129765031,100.684116455575,98.9759290277764,94.2744120601759,91.2488029647398,89.240157389665,,,,Mexico,CO2
GCAM 5.3,SSP2-DACCS-2p6-3pctHR,MEX,Emissions|CO2|Energy|Supply,Mt CO2/yr,,,,168.695256876567,,,166.465683284048,,,,,172.273870141111,,167.775214589365,,,,,188.82918883034,208.351802433684,225.42943125038,142.844441711061,78.1520521825299,-2.43261047703685,-90.6430180462135,-188.364913191154,-302.043749112103,-453.055338645772,-487.811437069146,-526.175762681459,-570.43619956618,-618.622044537735,-650.926933778445,-652.56956630409,,,,Mexico,CO2
GCAM 5.3,SSP2-DACCS-2p6-3pctHR,MEX,Emissions|CO2|Energy|Supply|Electricity,Mt CO2/yr,,,,123.432299200192,,,121.9384707158,,,,,124.639069637117,,122.563985127311,,,,,142.298083115731,162.471638081084,181.637221976947,119.835521084229,83.7607706478133,39.5955337884516,-14.7467153223049,-83.1575781388224,-162.183673095554,-253.188720906661,-301.310972241004,-332.95276371034,-360.640960690405,-386.060041655451,-404.994007262023,-402.133702184725,,,,Mexico,CO2
GCAM 5.3,SSP2-DACCS-2p6-3pctHR,MEX,Emissions|CO2|Energy|Supply|Gases,Mt CO2/yr,,,,1.32867531149642e-07,,,-3.59100763335393e-07,,,,,-8.9825105909323e-08,,0.0152163814023053,,,,,0.0451076623096181,0.0978890998245315,0.197666145906915,0.038703904712519,0.0363116494242109,0.0338451673887784,0.030940856436798,0.0251039795761762,0.0189006577012572,0.0143339548547106,0.0103168975973329,0.0073091086957967,0.0048178294345524,0.0029083634986183,0.001651181497818,0.0009415506865508,,,,Mexico,CO2
GCAM 5.3,SSP2-DACCS-2p6-3pctHR,MEX,Emissions|CO2|Energy|Supply|Liquids,Mt CO2/yr,,,,45.2629575435067,,,44.5272143940155,,,,,47.6348005938189,,45.1113022007845,,,,,46.2804501764034,45.3932627494664,42.9484430460209,23.8738730323722,-4.30121519260785,-39.6333429260714,-72.1661216360611,-98.4619326064515,-129.159484459898,-184.686653636281,-178.116677200917,-186.707256641895,-204.199309934816,-227.101197436861,-241.000254444976,-246.325593808268,,,,Mexico,CO2
GCAM 5.3,SSP2-DACCS-2p6-3pctHR,MEX,Emissions|CO2|Energy|Supply|Solids,Mt CO2/yr,,,,0.0,,,-1.46666647658503e-06,,,,,0.0,,-1.72332920156528e-05,,,,,0.0,0.0,-1.57666865766283e-05,-1.83332829147753e-05,0.0,0.0,0.0,0.0,0.0,0.0,-1.83333351921183e-06,-3.66665990830665e-07,0.0,0.0,-1.83332745513839e-06,0.0,,,,Mexico,CO2
GCAM 5.3,SSP2-DACCS-2p6-3pctHR,MEX,Emissions|CO2|Industrial Processes,Mt CO2/yr,,,,27.6653933099054,,,25.6614235534025,,,,,25.3186890797558,,21.0772846815865,,,,,23.9319559463809,28.0470354463727,32.3839110655894,9.6490321280835,2.27437201448561,-10.207568094055,-28.737016516263,-61.975747134475,-137.326820052669,-280.595831622154,-306.288071382096,-312.921151202772,-316.93653825015,-316.281003908245,-307.211608884002,-290.976760180479,,,,Mexico,CO2
GCAM 5.3,SSP2-DACCS-2p6-3pctHR,MEX,Emissions|N2O|AFOLU,Mt CO2e/yr,,,,31.12356369062577,,,31.40532530083549,,,,,34.18922917197279,,37.09463938020886,,,,,40.13356636109593,43.00378551533692,45.50371364723075,52.250100705584416,58.84033130399205,65.66519394956785,71.9030277597753,77.25498612358254,80.9153786848811,83.82322941531659,82.12433297629961,81.8702128557697,81.88731365292469,81.94322574734123,82.24968356967508,82.26107387364922,,,,Mexico,N2O
GCAM 5.3,SSP2-noDACCS-2p6-3pctHR,MEX,Carbon Sequestration|CCS|Biomass,Mt CO2/yr,,,,0.0,,,0.0,,,,,0.0,,0.8656216120262,,,,,1.71492828656922,2.19151882522897,2.62012931019355,63.9417695448876,131.760815423588,211.697744729914,298.274935640901,393.839609847264,502.962704523211,674.213616190908,718.842507010979,782.440876058449,838.667743591654,877.079750868131,891.68780783085,868.030920866746,,,,Mexico,
GCAM 5.3,SSP2-noDACCS-2p6-3pctHR,MEX,Emissions|CH4|AFOLU,Mt CO2e/yr,,,,60.731975142540804,,,63.68232626270675,,,,,64.37062275503524,,69.17537952923611,,,,,74.6108974631566,79.79187795132036,84.58971394334496,95.16596467868447,99.88984903439163,106.60171099661972,113.26981618670341,118.09389362373793,120.26205408988848,120.11100399648532,122.15689082183272,123.72011268797964,124.9556693647657,126.03102233970472,125.19992401404235,126.51431399488281,,,,Mexico,CH4
GCAM 5.3,SSP2-noDACCS-2p6-3pctHR,MEX,Emissions|CO2|AFOLU,Mt CO2/yr,,,,54.5163158156467,,,-2.722333809602,,,,,-11.1221721224973,,28.1426437277645,,,,,21.1002954231138,25.788960217238,37.1808975407844,164.696975260415,209.117614455937,179.578168596019,144.064185914498,73.0528851086243,58.4757699527454,181.627211349728,-38.2960871888733,-40.6641167286426,-36.731865852352,-33.5336991927085,-32.5185026898324,-33.9146897946448,,,,Mexico,CO2
GCAM 5.3,SSP2-noDACCS-2p6-3pctHR,MEX,Emissions|CO2|Energy and Industrial Processes,Mt CO2/yr,,,,462.109325634398,,,487.562494007003,,,,,493.851528208793,,512.736166886997,,,,,544.585741165536,569.794241196676,594.562340615132,384.933404696525,261.516407725823,122.476725237841,-21.6946973118528,-173.8148931536,-346.495331746814,-615.465617367049,-675.60999410212,-770.43823485849,-848.609346919972,-898.308791819089,-919.269485323211,-900.81881742703,,,,Mexico,CO2
GCAM 5.3,SSP2-noDACCS-2p6-3pctHR,MEX,Emissions|CO2|Energy|Demand,Mt CO2/yr,,,,265.748675447926,,,295.435387169552,,,,,296.258968987926,,324.578818567428,,,,,337.321720450636,338.511862585826,340.84179169342,277.225957640887,253.312861664703,228.440881476231,204.62882770255,182.864333228783,156.031553829829,107.133558535448,97.4826935728198,82.0589506148495,71.6711854578695,67.568546140863,65.9208189857727,66.3339597406168,,,,Mexico,CO2
GCAM 5.3,SSP2-noDACCS-2p6-3pctHR,MEX,Emissions|CO2|Energy|Demand|Industry,Mt CO2/yr,,,,94.5729057784884,,,105.063328933002,,,,,104.944780463022,,116.738070809951,,,,,123.280139325902,129.553133301056,136.037688846095,105.672266319477,98.287626338749,88.6855439795288,77.2544303227727,64.7742297090736,51.4908929521196,35.8982676271827,31.0395934178695,24.3490968549731,18.6835622283301,14.3492270615047,11.2359240609062,8.91895449290234,,,,Mexico,CO2
GCAM 5.3,SSP2-noDACCS-2p6-3pctHR,MEX,Emissions|CO2|Energy|Demand|Residential and Commercial,Mt CO2/yr,,,,27.2903117374769,,,26.4824913351724,,,,,25.1782349594724,,30.8215857404072,,,,,32.5037925984677,33.9937711239523,35.2903558360574,26.2124814601279,23.3520554235531,20.2251663531381,16.878093717516,13.8179595505426,10.4842151605229,5.61902629031015,4.17152054184287,2.63758994175077,1.6349702327159,1.1208787018268,0.81829853181047,0.632979337709356,,,,Mexico,CO2
GCAM 5.3,SSP2-noDACCS-2p6-3pctHR,MEX,Emissions|CO2|Energy|Demand|Residential and Commercial|Commercial,Mt CO2/yr,,,,4.99430559334533,,,4.99981619057109,,,,,5.3782743034011,,6.77010296956266,,,,,7.06540250468514,7.35533333476413,7.65599840307468,5.45668560129722,4.88448642164234,4.26093148032525,3.56460749715822,2.91564621735519,2.20790021428203,1.18977812331602,0.871490601691,0.556412325226883,0.352757634141066,0.247019419483015,0.183996922967376,0.143595027029279,,,,Mexico,CO2
GCAM 5.3,SSP2-noDACCS-2p6-3pctHR,MEX,Emissions|CO2|Energy|Demand|Residential and Commercial|Residential,Mt CO2/yr,,,,22.2960061441316,,,21.4826751446013,,,,,19.7999606560713,,24.0514827708445,,,,,25.4383900937825,26.6384377891882,27.6343574329828,20.7557958588307,18.4675690019108,15.9642348728129,13.3134862203578,10.9023133331874,8.27631494624084,4.42924816699413,3.30002994015187,2.08117761652389,1.28221259857483,0.873859282343785,0.634301608843094,0.489384310680077,,,,Mexico,CO2
GCAM 5.3,SSP2-noDACCS-2p6-3pctHR,MEX,Emissions|CO2|Energy|Demand|Transportation,Mt CO2/yr,,,,143.885457931961,,,163.889566901378,,,,,166.135953565431,,177.01916201707,,,,,181.537788526267,174.964958160818,169.513747011267,145.341209861282,131.673179902401,119.530171143564,110.496303662261,104.272143969167,94.056445717187,65.6162646179548,62.2715796131075,55.0722638181256,51.3526529968234,52.0984403775315,53.8665963930561,56.7820259100051,,,,Mexico,CO2
GCAM 5.3,SSP2-noDACCS-2p6-3pctHR,MEX,Emissions|CO2|Energy|Supply,Mt CO2/yr,,,,168.695256876567,,,166.465683284048,,,,,172.273870141111,,167.126588332677,,,,,183.302034734111,203.135886591015,221.236071530971,99.2380707745961,6.32209408030926,-99.7304643240329,-211.401134447536,-333.328191417273,-468.344381778229,-668.172798103535,-710.895156957463,-778.769089110637,-836.02004463066,-873.227299600497,-885.722645089224,-861.393662259845,,,,Mexico,CO2
GCAM 5.3,SSP2-noDACCS-2p6-3pctHR,MEX,Emissions|CO2|Energy|Supply|Electricity,Mt CO2/yr,,,,123.432299200192,,,121.9384707158,,,,,124.639069637117,,122.657439359921,,,,,137.940603385929,158.46628892959,178.652394609903,87.2203558236518,31.4302816152216,-31.6464805793958,-101.857286334061,-185.451622867617,-271.901888290455,-373.005522895445,-411.105513395356,-446.588107787373,-484.61440048394,-520.487440421021,-543.658571456051,-537.163603107042,,,,Mexico,CO2
GCAM 5.3,SSP2-noDACCS-2p6-3pctHR,MEX,Emissions|CO2|Energy|Supply|Gases,Mt CO2/yr,,,,1.32867531149642e-07,,,-3.59100763335393e-07,,,,,-8.9825105909323e-08,,0.0152509952173849,,,,,0.0453152865626644,0.0988063414537196,0.199378359357711,0.0267216576802808,0.0232821392938882,0.0199219601968631,0.0161793503457513,0.0113556585573964,0.0068867037214426,0.0037985079988985,0.0025812041682136,0.0017048903163667,0.0010292587672057,0.0005656419254265,0.0002765279852973,0.0001393626745146,,,,Mexico,CO2
GCAM 5.3,SSP2-noDACCS-2p6-3pctHR,MEX,Emissions|CO2|Energy|Supply|Liquids,Mt CO2/yr,,,,45.2629575435067,,,44.5272143940155,,,,,47.6348005938189,,44.3688319417744,,,,,45.1094241203473,44.1786215254771,41.7338941894038,13.5513990797823,-22.1434338383608,-62.7956524035239,-101.489907274501,-133.819049945292,-175.018096553655,-263.088959295396,-279.370300079822,-313.750229651565,-335.19351252063,-338.42724368008,-329.339982438294,-314.520165021142,,,,Mexico,CO2
GCAM 5.3,SSP2-noDACCS-2p6-3pctHR,MEX,Emissions|CO2|Energy|Supply|Solids,Mt CO2/yr,,,,0.0,,,-1.46666647658503e-06,,,,,0.0,,0.0,,,,,0.0,-2.93334527134177e-06,-1.68666087121046e-05,0.0,-2.56665951879766e-05,-1.063333438965e-05,-9.53334162148068e-06,0.0,0.0,-1.83333110363148e-06,0.0,-7.33334055034954e-07,0.0,-7.33332274449353e-07,-4.03332169815558e-06,-5.49999088971268e-07,,,,Mexico,CO2
GCAM 5.3,SSP2-noDACCS-2p6-3pctHR,MEX,Emissions|CO2|Industrial Processes,Mt CO2/yr,,,,27.6653933099054,,,25.6614235534025,,,,,25.3186890797558,,21.0307599868926,,,,,23.961985980789,28.1464920198345,32.4844773907415,8.46937628104172,1.88145198081062,-6.2336919143575,-14.9223905668663,-23.3510349651104,-34.1825037984139,-54.4263777989619,-62.1975307174769,-73.728096362703,-84.2604877471816,-92.650038359455,-99.4676592197601,-105.759114907802,,,,Mexico,CO2
GCAM 5.3,SSP2-noDACCS-2p6-3pctHR,MEX,Emissions|N2O|AFOLU,Mt CO2e/yr,,,,31.12356369062577,,,31.40532530083549,,,,,34.18922917197279,,37.08126562246361,,,,,40.122769266087964,42.990340987776,45.47968606370062,54.97031553296965,60.78697591459611,67.96297063542632,74.76213290483602,79.81836637361633,83.39335264351345,87.19178067437701,86.25488326885878,86.31781985740122,86.35631819138086,86.46311901969351,85.70607899216563,85.70278489441415,,,,Mexico,N2O
GCAM 5.3,SSP4-DACCS-1p9-3pctHR,MEX,Carbon Sequestration|CCS|Biomass,Mt CO2/yr,,,,0.0,,,0.0,,,,,0.0,,0.00922962417239,,,,,0.19541912443204,2.96846538486046,11.114357032396,27.9898906758686,59.329758971214,100.672968080754,149.872185206751,212.808846404311,282.211745828613,301.754938674573,321.500940018093,338.126908689122,354.582587623761,367.091547479572,372.142220674294,369.834137126625,,,,Mexico,
GCAM 5.3,SSP4-DACCS-1p9-3pctHR,MEX,Carbon Sequestration|Direct Air Capture,Mt CO2/yr,,,,0.0,,,0.0,,,,,0.0,,0.0,,,,,0.0162250109350009,5.5543731382763,11.2378849438774,20.9120245777878,70.2202186073717,149.208795476169,265.192744600947,435.934565838477,607.478433887036,647.078176199924,656.954844240702,648.257809359047,627.345018314407,595.158993228946,555.993774901596,514.141533415355,,,,Mexico,
GCAM 5.3,SSP4-DACCS-1p9-3pctHR,MEX,Emissions|CH4|AFOLU,Mt CO2e/yr,,,,60.731975142540804,,,63.68232626270675,,,,,64.37062275503524,,68.65952107998032,,,,,75.08237702778652,80.84543785385704,86.23921751977645,91.27881650616484,95.94433604485884,100.13699039722336,102.49796825993843,104.19872005867633,104.67585063040644,103.01301153547377,102.10286315861605,100.80237757717903,99.6639916119414,98.48326468285899,97.1480089626242,95.6524933533274,,,,Mexico,CH4
GCAM 5.3,SSP4-DACCS-1p9-3pctHR,MEX,Emissions|CO2|AFOLU,Mt CO2/yr,,,,54.5163158156467,,,-2.722333809602,,,,,-11.1221721224973,,19.6838324196418,,,,,-4.53551935858631,-3.23395488082041,12.203535013208,17.4946027673707,45.4414536815346,63.1147322915831,75.7194909728122,61.4936639480786,44.8494366407111,-23.5171209338691,-36.8952824495507,-39.9725334716073,-39.3143175443619,-36.191651926325,-34.7412919943296,-34.6245653875699,,,,Mexico,CO2
GCAM 5.3,SSP4-DACCS-1p9-3pctHR,MEX,Emissions|CO2|Energy and Industrial Processes,Mt CO2/yr,,,,462.109325634398,,,487.562494007003,,,,,493.851528208793,,506.396246531637,,,,,507.457259508001,497.538342152792,475.22859335174,425.382128347647,308.205470028074,145.946164761672,-60.921496682781,-336.944538826788,-621.7890069849,-709.175967764975,-770.741989968032,-806.084734210531,-824.759752889222,-823.240768297017,-803.325234975484,-772.136424796333,,,,Mexico,CO2
GCAM 5.3,SSP4-DACCS-1p9-3pctHR,MEX,Emissions|CO2|Energy|Demand,Mt CO2/yr,,,,265.748675447926,,,295.435387169552,,,,,296.258968987926,,319.115678019191,,,,,316.136955228812,312.361902349129,309.790064505469,300.040996890322,282.667752825481,263.219132579636,244.170391823552,226.827177698154,209.234486986465,196.678965349722,182.796480556789,169.814066962581,157.917397058797,147.768079782611,139.039538322437,130.602519726885,,,,Mexico,CO2
GCAM 5.3,SSP4-DACCS-1p9-3pctHR,MEX,Emissions|CO2|Energy|Demand|Industry,Mt CO2/yr,,,,94.5729057784884,,,105.063328933002,,,,,104.944780463022,,115.08883951172,,,,,112.208649521291,112.468207629717,113.281666328285,111.338385943423,105.027757867531,96.8660184730773,86.3649519264928,74.9447677469397,63.627662754618,53.9535375589523,44.2600586181549,35.6983546617413,28.1575120324655,21.7175724663348,16.6391435660195,12.7503778123911,,,,Mexico,CO2
GCAM 5.3,SSP4-DACCS-1p9-3pctHR,MEX,Emissions|CO2|Energy|Demand|Residential and Commercial,Mt CO2/yr,,,,27.2903117374769,,,26.4824913351724,,,,,25.1782349594724,,29.9824387157784,,,,,27.1652902991688,26.752792547061,26.1580365525645,24.627922531008,22.0504581018163,19.4503948022619,16.7372883512912,14.2336721907986,11.8290079104927,9.39008855183567,7.39207931088646,5.76538740760638,4.44310943177857,3.37353946455393,2.55010041829365,1.93428365442371,,,,Mexico,CO2
GCAM 5.3,SSP4-DACCS-1p9-3pctHR,MEX,Emissions|CO2|Energy|Demand|Residential and Commercial|Commercial,Mt CO2/yr,,,,4.99430559334533,,,4.99981619057109,,,,,5.3782743034011,,6.59810798542236,,,,,5.79641716957106,5.67101276986202,5.55137419587802,5.25426867526324,4.74058187484448,4.23834763325945,3.68777756868341,3.16543994660268,2.64144173326175,2.0609541980331,1.60428186862802,1.24105162087365,0.948734055674184,0.713196734801536,0.534017960916979,0.401114167330168,,,,Mexico,CO2
GCAM 5.3,SSP4-DACCS-1p9-3pctHR,MEX,Emissions|CO2|Energy|Demand|Residential and Commercial|Residential,Mt CO2/yr,,,,22.2960061441316,,,21.4826751446013,,,,,19.7999606560713,,23.384330730356,,,,,21.3688731295978,21.081779777199,20.6066623566865,19.3736538557447,17.3098762269718,15.2120471690024,13.0495107826078,11.0682322441959,9.18756617723091,7.32913435380257,5.78779744225843,4.52433578673272,3.49437537610438,2.6603427297524,2.01608245737667,1.53316948709355,,,,Mexico,CO2
GCAM 5.3,SSP4-DACCS-1p9-3pctHR,MEX,Emissions|CO2|Energy|Demand|Transportation,Mt CO2/yr,,,,143.885457931961,,,163.889566901378,,,,,166.135953565431,,174.044399791693,,,,,176.763015408352,173.140902172351,170.350361624619,164.074688415891,155.589536856134,146.902719304297,141.068151545768,137.648737760416,133.777816321354,133.335339238934,131.144342627748,128.350324893234,125.316775594553,122.676967851722,119.850294338124,115.917858260071,,,,Mexico,CO2
GCAM 5.3,SSP4-DACCS-1p9-3pctHR,MEX,Emissions|CO2|Energy|Supply,Mt CO2/yr,,,,168.695256876567,,,166.465683284048,,,,,172.273870141111,,166.328338684161,,,,,174.401600914519,174.310324549553,161.459364704477,133.739569709534,88.2784485246454,30.7079017548444,-34.7606075014154,-116.962283829084,-206.99884748517,-239.510413935605,-273.371202380993,-300.023633793535,-323.274350396773,-340.159623462823,-347.700687754254,-347.361677743145,,,,Mexico,CO2
GCAM 5.3,SSP4-DACCS-1p9-3pctHR,MEX,Emissions|CO2|Energy|Supply|Electricity,Mt CO2/yr,,,,123.432299200192,,,121.9384707158,,,,,124.639069637117,,121.380748680056,,,,,129.073167592709,130.500307595528,122.717820208054,107.908867191994,86.0565882310459,56.5184886937341,15.960982793505,-45.9050811138748,-117.370780828599,-154.568033613642,-186.092841637099,-208.630706535266,-227.162818062743,-241.342146219813,-248.08367044082,-248.683833560952,,,,Mexico,CO2
GCAM 5.3,SSP4-DACCS-1p9-3pctHR,MEX,Emissions|CO2|Energy|Supply|Gases,Mt CO2/yr,,,,1.32867531149642e-07,,,-3.59100763335393e-07,,,,,-8.9825105909323e-08,,0.0152165169573929,,,,,0.0243244230593597,0.0323645442260997,0.0423413756291637,0.0512857787364227,0.0589914938722637,0.0654931253496532,0.071340303387404,0.0760820658401923,0.0751316831343052,0.0616396776407529,0.0459889350802084,0.0328129957508512,0.0222508929891755,0.0142900184702389,0.0084241834685239,0.0045808384014828,,,,Mexico,CO2
GCAM 5.3,SSP4-DACCS-1p9-3pctHR,MEX,Emissions|CO2|Energy|Supply|Liquids,Mt CO2/yr,,,,45.2629575435067,,,44.5272143940155,,,,,47.6348005938189,,44.8494793726417,,,,,45.2255962919295,43.7349292139408,38.771982450477,26.0457986794069,2.80642140439713,-24.6439426369342,-48.6982788735777,-67.0373420041296,-83.5169291165573,-81.5794695758634,-84.6787527739103,-89.072110382177,-93.8137718974976,-96.6346180294604,-97.4743108352662,-96.7038606996463,,,,Mexico,CO2
GCAM 5.3,SSP4-DACCS-1p9-3pctHR,MEX,Emissions|CO2|Energy|Supply|Solids,Mt CO2/yr,,,,0.0,,,-1.46666647658503e-06,,,,,0.0,,-5.8666573268391e-06,,,,,0.0,0.0,0.0,-3.66666163247251e-05,-1.83332911827793e-05,0.0,0.0,-7.70002358836208e-06,-6.96665610900232e-06,0.0,0.0,-7.33330770169509e-07,-1.83333569019705e-06,-5.86663147863342e-06,0.0,0.0,,,,Mexico,CO2
GCAM 5.3,SSP4-DACCS-1p9-3pctHR,MEX,Emissions|CO2|Industrial Processes,Mt CO2/yr,,,,27.6653933099054,,,25.6614235534025,,,,,25.3186890797558,,20.9522298282851,,,,,16.9189735541812,10.9325791743093,4.11189720977398,-8.15360764192263,-61.8859932356494,-146.233452983343,-267.259295776244,-441.846124522985,-617.149795878153,-658.714167580539,-672.284291227402,-668.014126851067,-651.747285450975,-623.562701624267,-587.864284460013,-549.126859350572,,,,Mexico,CO2
GCAM 5.3,SSP4-DACCS-1p9-3pctHR,MEX,Emissions|N2O|AFOLU,Mt CO2e/yr,,,,31.12356369062577,,,31.40532530083549,,,,,34.18922917197279,,36.75086838608722,,,,,40.37009439475604,43.82294703857343,47.21534308514669,50.79502402412092,55.03188469724673,59.39991978679122,62.617042444960454,65.28282467482448,66.94974459671589,64.49610577222258,63.152390601726424,62.1059983905008,61.42995565813743,60.70233641185869,59.808456225342546,58.80854130945339,,,,Mexico,N2O
GCAM 5.3,SSP4-DACCS-2p6-3pctHR,MEX,Carbon Sequestration|CCS|Biomass,Mt CO2/yr,,,,0.0,,,0.0,,,,,0.0,,0.00922962417239,,,,,0.17920831295833,1.11467184266713,3.81388514305013,10.1020324256998,22.4993261490598,39.5694100818854,58.3175106172581,81.191858575744,110.50105916115,152.960362971099,214.958018704083,279.432970695932,291.043793282086,305.493878821929,313.21941761268,317.864082706574,,,,Mexico,
GCAM 5.3,SSP4-DACCS-2p6-3pctHR,MEX,Carbon Sequestration|Direct Air Capture,Mt CO2/yr,,,,0.0,,,0.0,,,,,0.0,,0.0,,,,,0.0089647875249806,2.79295444723826,5.18095098308113,8.42115223235528,13.5495503799778,23.0939477283857,35.0342563070002,129.960482948642,201.464583119602,311.29952532164,466.914810906998,628.214837421577,656.795969326598,662.798521459338,652.900843456282,633.567209010543,,,,Mexico,
GCAM 5.3,SSP4-DACCS-2p6-3pctHR,MEX,Emissions|CH4|AFOLU,Mt CO2e/yr,,,,60.731975142540804,,,63.68232626270675,,,,,64.37062275503524,,68.66072933450221,,,,,74.56528594474624,79.8828783983118,84.82368856414405,89.24027805779016,93.4934799824116,97.1643573457802,99.53450070125409,101.34565470281085,102.71017221097921,103.54571705265788,104.1816072891608,102.80761219556268,100.00620329273028,98.08730467908651,96.43136067835871,94.95974729006304,,,,Mexico,CH4
GCAM 5.3,SSP4-DACCS-2p6-3pctHR,MEX,Emissions|CO2|AFOLU,Mt CO2/yr,,,,54.5163158156467,,,-2.722333809602,,,,,-11.1221721224973,,19.6896447049316,,,,,-6.345270718512,-3.68086435492698,11.7305275752639,12.2196134286233,22.6807704766299,27.3868893232601,33.0849207191894,16.8903510074695,19.6794230426447,35.3264958569739,71.196245927574,55.5506176496719,-19.8157283800942,-29.769714019993,-33.4985807295848,-36.3240379243761,,,,Mexico,CO2
GCAM 5.3,SSP4-DACCS-2p6-3pctHR,MEX,Emissions|CO2|Energy and Industrial Processes,Mt CO2/yr,,,,462.109325634398,,,487.562494007003,,,,,493.851528208793,,506.396474535395,,,,,524.42637078992,529.532973255525,525.885667415786,505.519382056285,465.961936956499,410.729397637065,353.645641926785,209.03481238059,72.4011065917841,-125.438327222805,-403.540701569419,-691.381284378441,-757.345661277606,-806.056253168997,-823.890541313231,-821.728799573477,,,,Mexico,CO2
GCAM 5.3,SSP4-DACCS-2p6-3pctHR,MEX,Emissions|CO2|Energy|Demand,Mt CO2/yr,,,,265.748675447926,,,295.435387169552,,,,,296.258968987926,,319.115721586309,,,,,323.890637898006,322.438661931381,322.292942920027,317.325263221858,306.735754958609,294.160444401668,282.334833165363,271.318515077097,257.617678545218,239.67333091531,213.298185382637,184.107558857748,173.970180770816,162.508545617452,154.435076794946,149.468909945574,,,,Mexico,CO2
GCAM 5.3,SSP4-DACCS-2p6-3pctHR,MEX,Emissions|CO2|Energy|Demand|Industry,Mt CO2/yr,,,,94.5729057784884,,,105.063328933002,,,,,104.944780463022,,115.08897445249,,,,,115.87341435356,117.109577781822,118.587017137969,118.339919632712,114.569527255083,109.41786274464,102.144006923864,93.4927288343187,83.8330993129771,73.5224823222196,62.152923945721,51.0399401042007,43.0168020105704,35.1075354105615,28.3929942532287,22.9316554410463,,,,Mexico,CO2
GCAM 5.3,SSP4-DACCS-2p6-3pctHR,MEX,Emissions|CO2|Energy|Demand|Residential and Commercial,Mt CO2/yr,,,,27.2903117374769,,,26.4824913351724,,,,,25.1782349594724,,29.9823955672544,,,,,28.5828267488063,28.2115022942655,27.5897783994028,26.3590558582832,24.2660740411553,22.1901718932602,19.9944547029063,17.7647731351505,15.3970958680945,13.0580480082509,10.376397882437,7.74622581843572,6.10032380961752,4.7111185870782,3.69690288233083,2.99759157691332,,,,Mexico,CO2
GCAM 5.3,SSP4-DACCS-2p6-3pctHR,MEX,Emissions|CO2|Energy|Demand|Residential and Commercial|Commercial,Mt CO2/yr,,,,4.99430559334533,,,4.99981619057109,,,,,5.3782743034011,,6.59810098222601,,,,,6.1568027590568,6.04583294098664,5.91369021495351,5.67534192279615,5.25978360448944,4.87623702151115,4.45352950398437,3.99852775237052,3.49309785433288,2.99587165940056,2.40645388944259,1.8089924474451,1.40092999395078,1.07186298765147,0.834445384331404,0.669056761230107,,,,Mexico,CO2
GCAM 5.3,SSP4-DACCS-2p6-3pctHR,MEX,Emissions|CO2|Energy|Demand|Residential and Commercial|Residential,Mt CO2/yr,,,,22.2960061441316,,,21.4826751446013,,,,,19.7999606560713,,23.3842945850284,,,,,22.4260239897495,22.1656693532789,21.6760881844492,20.6837139354871,19.0062904366659,17.3139348717491,15.540925198922,13.76624538278,11.9039980137616,10.0621763488503,7.96994399299442,5.93723337099062,4.69939381566674,3.63925559942674,2.86245749799943,2.32853481568321,,,,Mexico,CO2
GCAM 5.3,SSP4-DACCS-2p6-3pctHR,MEX,Emissions|CO2|Energy|Demand|Transportation,Mt CO2/yr,,,,143.885457931961,,,163.889566901378,,,,,166.135953565431,,174.044351566565,,,,,179.434396795639,177.117581855294,176.116147382655,172.626287730862,167.90015366237,162.552409763768,160.196371538592,160.061013107627,158.387483364147,153.092800584839,140.768863554479,125.321392935112,124.853054950628,122.689891619812,122.345179659387,123.539662927614,,,,Mexico,CO2
GCAM 5.3,SSP4-DACCS-2p6-3pctHR,MEX,Emissions|CO2|Energy|Supply,Mt CO2/yr,,,,168.695256876567,,,166.465683284048,,,,,172.273870141111,,166.328488820584,,,,,180.016575260192,189.182316497285,188.58997389125,178.102198274285,157.796147737364,129.862346305765,102.075228073041,68.5196730736447,22.8092265636913,-40.1397567933478,-126.31044082106,-212.705538087423,-237.141853412406,-264.032029612851,-280.351176706854,-290.919939172097,,,,Mexico,CO2
GCAM 5.3,SSP4-DACCS-2p6-3pctHR,MEX,Emissions|CO2|Energy|Supply|Electricity,Mt CO2/yr,,,,123.432299200192,,,121.9384707158,,,,,124.639069637117,,121.380894617441,,,,,134.222837206549,144.444846844745,147.354895866507,145.456980946869,140.862788218382,132.012155953888,120.397133633993,98.463888875683,65.2541382439351,19.5825361689213,-38.3157544409632,-93.5126119492435,-123.821363943794,-150.334480924138,-168.519934262416,-182.996098368286,,,,Mexico,CO2
GCAM 5.3,SSP4-DACCS-2p6-3pctHR,MEX,Emissions|CO2|Energy|Supply|Gases,Mt CO2/yr,,,,1.32867531149642e-07,,,-3.59100763335393e-07,,,,,-8.9825105909323e-08,,0.0152164622132073,,,,,0.0329883722904798,0.0522269833228451,0.0742479166937439,0.0975612450313274,0.113827597370594,0.125408443676161,0.131723670811056,0.144774080401524,0.142601960775627,0.137244684747624,0.130503408630468,0.117324217998506,0.0904423171116418,0.0649818270566501,0.0439818344997357,0.0279088535072302,,,,Mexico,CO2
GCAM 5.3,SSP4-DACCS-2p6-3pctHR,MEX,Emissions|CO2|Energy|Supply|Liquids,Mt CO2/yr,,,,45.2629575435067,,,44.5272143940155,,,,,47.6348005938189,,44.8494774560731,,,,,45.6121254416267,44.48206278585,40.9201168190626,32.2859830607314,16.5911659698215,-2.39604969845658,-18.3504496343566,-29.5609025140094,-41.4425641081331,-57.5661878590032,-84.0374574660987,-113.254494057712,-110.122918051347,-111.355460716539,-109.702714908076,-105.793737289314,,,,Mexico,CO2
GCAM 5.3,SSP4-DACCS-2p6-3pctHR,MEX,Emissions|CO2|Energy|Supply|Solids,Mt CO2/yr,,,,0.0,,,-1.46666647658503e-06,,,,,0.0,,0.0,,,,,0.0,0.0,0.0,0.0,0.0,-4.39998326822444e-05,0.0,-6.96665783871581e-06,0.0,0.0,-2.5666695329804e-06,0.0,-9.16664334073447e-06,0.0,0.0,-2.56666419983323e-06,,,,Mexico,CO2
GCAM 5.3,SSP4-DACCS-2p6-3pctHR,MEX,Emissions|CO2|Industrial Processes,Mt CO2/yr,,,,27.6653933099054,,,25.6614235534025,,,,,25.3186890797558,,20.9522641285014,,,,,20.5193074965332,17.9453518066129,15.0639340717595,10.1906046451955,1.5879829276565,-13.0254021007956,-30.3614478680892,-129.294629904813,-205.713027013248,-321.44296751907,-485.287514658786,-655.801613211367,-686.502195320826,-696.662206448645,-690.150751292025,-672.648230828682,,,,Mexico,CO2
GCAM 5.3,SSP4-DACCS-2p6-3pctHR,MEX,Emissions|N2O|AFOLU,Mt CO2e/yr,,,,31.12356369062577,,,31.40532530083549,,,,,34.18922917197279,,36.751324838264125,,,,,40.00746291853474,43.04753913574405,45.926871338779435,48.81133900229496,52.1279636286389,55.38024220819299,57.78111733440583,59.7241104042765,61.58346244120598,63.49005147215667,65.93546024136873,67.30847506363234,64.45553672821072,62.96678440363802,61.69949595867358,60.495724507450596,,,,Mexico,N2O
GCAM 5.3,SSP4-highcostDACCS-2p6-3pctHR,MEX,Carbon Sequestration|CCS|Biomass,Mt CO2/yr,,,,0.0,,,0.0,,,,,0.0,,0.009229624,,,,,0.195532974,2.689186213,10.16381131,25.58133171,52.97773956,88.02089729,128.7760474,178.500821,247.1190043,341.9593999,461.0854038,583.9118313,615.3025814,635.4475552,642.0250293,640.635523,,,,Mexico,
GCAM 5.3,SSP4-highcostDACCS-2p6-3pctHR,MEX,Carbon Sequestration|Direct Air Capture,Mt CO2/yr,,,,0.0,,,0.0,,,,,0.0,,0.0,,,,,0.00013606,0.000392036,0.000806555,0.001464764,0.002953822,0.006352919,0.012689528,0.051878381,0.123245663,0.329431024,1.019084729,3.714116855,5.225259387,5.945533385,6.323407211,6.523428094,,,,Mexico,
GCAM 5.3,SSP4-highcostDACCS-2p6-3pctHR,MEX,Emissions|CH4|AFOLU,Mt CO2e/yr,,,,60.731975135999996,,,63.682326259999996,,,,,64.37062276399999,,68.65951763999999,,,,,75.04381273199999,80.770784444,86.132565988,91.13340927600001,95.773714932,99.93961692399999,102.346181056,104.132408688,105.105585676,105.658880824,104.331847732,102.513154408,100.92873462,99.26382452,97.572198164,96.0156372,,,,Mexico,CH4
GCAM 5.3,SSP4-highcostDACCS-2p6-3pctHR,MEX,Emissions|CO2|AFOLU,Mt CO2/yr,,,,54.51631582,,,-2.72233381,,,,,-11.12217212,,19.68368431,,,,,-4.726700552,-3.54551529,11.36892698,16.38944997,39.97605567,52.55427651,60.78139893,41.49669844,58.59015324,80.7628199,128.3561744,178.7353201,-25.15552513,-24.80963356,-30.60939839,-40.80639202,,,,Mexico,CO2
GCAM 5.3,SSP4-highcostDACCS-2p6-3pctHR,MEX,Emissions|CO2|Energy and Industrial Processes,Mt CO2/yr,,,,462.1093256,,,487.562494,,,,,493.8515282,,506.3962466,,,,,508.8922885,505.2465719,489.7426197,451.7382772,387.7725172,310.5494326,228.0036756,135.7342445,16.85998429,-146.9466075,-351.9707389,-554.8204455,-599.2109791,-624.0120695,-629.9649865,-623.6568777,,,,Mexico,CO2
GCAM 5.3,SSP4-highcostDACCS-2p6-3pctHR,MEX,Emissions|CO2|Energy|Demand,Mt CO2/yr,,,,265.7486754,,,295.4353872,,,,,296.258969,,319.11567,,,,,316.7985438,313.2301929,310.9083908,301.6610375,285.1991069,266.6594476,248.2363118,231.3270391,210.5874741,177.4407289,132.0626403,88.69271142,80.23838105,77.84068793,78.8145481,82.27272594,,,,Mexico,CO2
GCAM 5.3,SSP4-highcostDACCS-2p6-3pctHR,MEX,Emissions|CO2|Energy|Demand|Industry,Mt CO2/yr,,,,94.57290578,,,105.0633289,,,,,104.9447805,,115.0888318,,,,,112.5345125,112.8591612,113.7450814,112.0013087,106.06112,98.35290293,88.22723941,77.10710075,64.91131267,51.20447747,36.55969026,24.40704585,20.52135558,16.80862974,13.36459358,10.36446285,,,,Mexico,CO2
GCAM 5.3,SSP4-highcostDACCS-2p6-3pctHR,MEX,Emissions|CO2|Energy|Demand|Residential and Commercial,Mt CO2/yr,,,,27.29031174,,,26.48249134,,,,,25.17823496,,29.98243867,,,,,27.28233416,26.87596433,26.28634547,24.79499964,22.31253582,19.82147375,17.15957349,14.68151073,12.13694663,8.952681209,5.356853037,2.552829678,1.844704964,1.398868463,1.10650757,0.944252012,,,,Mexico,CO2
GCAM 5.3,SSP4-highcostDACCS-2p6-3pctHR,MEX,Emissions|CO2|Energy|Demand|Residential and Commercial|Commercial,Mt CO2/yr,,,,4.994305593,,,4.999816191,,,,,5.378274303,,6.598107976,,,,,5.826642477,5.702377731,5.583241359,5.294259459,4.802235167,4.327698109,3.791937958,3.279610974,2.734041057,2.032372973,1.219919764,0.587984421,0.425470712,0.322805766,0.254554927,0.212959196,,,,Mexico,CO2
GCAM 5.3,SSP4-highcostDACCS-2p6-3pctHR,MEX,Emissions|CO2|Energy|Demand|Residential and Commercial|Residential,Mt CO2/yr,,,,22.29600614,,,21.48267514,,,,,19.79996066,,23.3843307,,,,,21.45569168,21.1735866,20.70310411,19.50074018,17.51030065,15.49377564,13.36763553,11.40189976,9.402905573,6.920308236,4.136933272,1.964845257,1.419234252,1.076062697,0.851952643,0.731292816,,,,Mexico,CO2
GCAM 5.3,SSP4-highcostDACCS-2p6-3pctHR,MEX,Emissions|CO2|Energy|Demand|Transportation,Mt CO2/yr,,,,143.8854579,,,163.8895669,,,,,166.1359536,,174.0443995,,,,,176.9816971,173.4950673,170.8769639,164.8647292,156.8254511,148.4850709,142.8494989,139.5384277,133.5392148,117.2835702,90.14609702,61.73283589,57.87232051,59.63318973,64.34344695,70.96401108,,,,Mexico,CO2
GCAM 5.3,SSP4-highcostDACCS-2p6-3pctHR,MEX,Emissions|CO2|Energy|Supply,Mt CO2/yr,,,,168.6952569,,,166.4656833,,,,,172.2738701,,166.3283426,,,,,174.879896,175.2970168,163.3234312,137.1671307,94.55746151,42.10912314,-15.55457194,-84.93990566,-175.9122412,-295.1317874,-438.1477526,-578.1324322,-607.7154494,-626.1892094,-630.8067163,-628.1249408,,,,Mexico,CO2
GCAM 5.3,SSP4-highcostDACCS-2p6-3pctHR,MEX,Emissions|CO2|Energy|Supply|Electricity,Mt CO2/yr,,,,123.4322992,,,121.9384707,,,,,124.6390696,,121.380753,,,,,129.5151739,131.3966228,124.3247687,110.6386467,90.73863294,65.5002287,32.33095777,-16.55823815,-81.02246883,-155.0891652,-235.5829597,-310.2764288,-339.93022,-365.4755138,-380.9584781,-396.8551666,,,,Mexico,CO2
GCAM 5.3,SSP4-highcostDACCS-2p6-3pctHR,MEX,Emissions|CO2|Energy|Supply|Gases,Mt CO2/yr,,,,1.33e-07,,,-3.59e-07,,,,,-8.98e-08,,0.015216575,,,,,0.024978662,0.033169867,0.043114313,0.051540957,0.053870755,0.051684786,0.045888134,0.036524324,0.026779158,0.018010802,0.011306661,0.006965567,0.004642665,0.00300158,0.001869581,0.001109741,,,,Mexico,CO2
GCAM 5.3,SSP4-highcostDACCS-2p6-3pctHR,MEX,Emissions|CO2|Energy|Supply|Liquids,Mt CO2/yr,,,,45.26295754,,,44.52721439,,,,,47.63480059,,44.84947891,,,,,45.25472531,43.81000188,39.00268289,26.69217359,4.311820912,-22.34436979,-45.97075191,-64.3114625,-86.98950829,-126.1155263,-182.6370295,-241.6843066,-243.8430528,-241.932483,-233.7599121,-216.9988024,,,,Mexico,CO2
GCAM 5.3,SSP4-highcostDACCS-2p6-3pctHR,MEX,Emissions|CO2|Energy|Supply|Solids,Mt CO2/yr,,,,0.0,,,-1.47e-06,,,,,0.0,,-5.87e-06,,,,,0.0,-1.83e-05,0.0,-1.47e-05,0.0,-4.03e-05,-1.39e-05,-3.3e-06,-1.14e-05,-2.02e-05,-1.54e-05,-1.1e-06,-1.1e-06,-3.67e-06,0.0,0.0,,,,Mexico,CO2
GCAM 5.3,SSP4-highcostDACCS-2p6-3pctHR,MEX,Emissions|CO2|Industrial Processes,Mt CO2/yr,,,,27.66539331,,,25.66142355,,,,,25.31868908,,20.95223395,,,,,17.21385154,16.71937005,15.51081377,12.91013796,8.016007519,1.780988434,-4.67781158,-10.65185586,-17.81279443,-29.24896187,-45.86509678,-65.30541337,-71.62623258,-75.54013262,-77.84117505,-77.668696,,,,Mexico,CO2
GCAM 5.3,SSP4-highcostDACCS-2p6-3pctHR,MEX,Emissions|N2O|AFOLU,Mt CO2e/yr,,,,31.1235636894,,,31.4053252968,,,,,34.1892291741,,36.7508644776,,,,,40.3420018911,43.7544621969,47.097259891499995,50.60784729,54.7209449787,58.8945884163,61.893205810800005,64.2853946007,66.58149538949999,69.3273517755,72.27384203129999,75.3117193374,74.1765623781,72.31446153750001,70.23428477520001,68.1243686487,,,,Mexico,N2O
GCAM 5.3,SSP4-medcostDACCS-2p6-3pctHR,MEX,Carbon Sequestration|CCS|Biomass,Mt CO2/yr,,,,0.0,,,0.0,,,,,0.0,,0.009229551,,,,,0.192697211,1.864617818,6.876167303,17.85057059,38.18427403,64.98793321,95.88643653,132.8917175,182.8666241,258.2691841,359.6757758,457.8838359,461.6238129,467.5072623,475.2493229,479.2880243,,,,Mexico,
GCAM 5.3,SSP4-medcostDACCS-2p6-3pctHR,MEX,Carbon Sequestration|Direct Air Capture,Mt CO2/yr,,,,0.0,,,0.0,,,,,0.0,,0.0,,,,,0.002027109,0.130578889,0.261014327,0.463707537,0.849434414,1.676946553,6.082712927,11.75968756,24.17653039,54.14774117,130.2737978,264.2849583,301.8611888,315.9721434,318.5105954,312.0417083,,,,Mexico,
GCAM 5.3,SSP4-medcostDACCS-2p6-3pctHR,MEX,Emissions|CH4|AFOLU,Mt CO2e/yr,,,,60.731975135999996,,,63.682326259999996,,,,,64.37062276399999,,68.659542588,,,,,74.871225296,80.44730806,85.652006328,90.477734844,94.96588136,98.983206252,101.363527412,103.241534172,104.520918292,105.218032556,104.29672755600001,102.751197136,100.62417562399999,98.766710308,97.112077888,95.565428896,,,,Mexico,CH4
GCAM 5.3,SSP4-medcostDACCS-2p6-3pctHR,MEX,Emissions|CO2|AFOLU,Mt CO2/yr,,,,54.51631582,,,-2.72233381,,,,,-11.12217212,,19.68337263,,,,,-5.50514021,-3.763867841,10.50172366,14.12436921,30.61093611,40.84133035,49.50389094,27.64312152,39.96101179,81.69766792,93.37156362,104.4942522,-22.88717189,-33.21046911,-38.61127443,-42.58966313,,,,Mexico,CO2
GCAM 5.3,SSP4-medcostDACCS-2p6-3pctHR,MEX,Emissions|CO2|Energy and Industrial Processes,Mt CO2/yr,,,,462.1093256,,,487.562494,,,,,493.8515282,,506.3978263,,,,,514.8244037,515.7905992,506.2250184,476.9530039,425.1405115,360.1711259,288.9227902,208.6056624,101.1742775,-67.33217954,-323.3855271,-621.9489601,-668.2757766,-696.9056469,-716.5488618,-719.8822794,,,,Mexico,CO2
GCAM 5.3,SSP4-medcostDACCS-2p6-3pctHR,MEX,Emissions|CO2|Energy|Demand,Mt CO2/yr,,,,265.7486754,,,295.4353872,,,,,296.258969,,319.1177893,,,,,319.5404497,316.7920638,315.3528167,307.8859369,293.8448469,277.6783376,261.9712434,247.741981,229.8087925,200.2084367,160.8595309,125.6354005,122.8297591,119.6748141,115.6713754,113.4191803,,,,Mexico,CO2
GCAM 5.3,SSP4-medcostDACCS-2p6-3pctHR,MEX,Emissions|CO2|Energy|Demand|Industry,Mt CO2/yr,,,,94.57290578,,,105.0633289,,,,,104.9447805,,115.0895274,,,,,113.848929,114.5108468,115.6393821,114.5449073,109.5597676,102.9511643,94.02375904,83.90263303,72.77008527,59.91318967,46.03811432,34.71728914,29.80534766,24.07104139,18.82363395,14.64297061,,,,Mexico,CO2
GCAM 5.3,SSP4-medcostDACCS-2p6-3pctHR,MEX,Emissions|CO2|Energy|Demand|Residential and Commercial,Mt CO2/yr,,,,27.29031174,,,26.48249134,,,,,25.17823496,,29.98307162,,,,,27.77600393,27.38850087,26.78196899,25.40022482,23.09107382,20.76955565,18.30100913,15.9593377,13.49010598,10.41995012,7.062637023,4.40117811,3.536265102,2.747044276,2.072190193,1.616731586,,,,Mexico,CO2
GCAM 5.3,SSP4-medcostDACCS-2p6-3pctHR,MEX,Emissions|CO2|Energy|Demand|Residential and Commercial|Commercial,Mt CO2/yr,,,,4.994305593,,,4.999816191,,,,,5.378274303,,6.598283416,,,,,5.954364269,5.834090149,5.707474456,5.439366516,4.98260247,4.546117285,4.057570815,3.578309782,3.051183555,2.378808306,1.623350346,1.016093364,0.802291024,0.615949478,0.461717898,0.356841754,,,,Mexico,CO2
GCAM 5.3,SSP4-medcostDACCS-2p6-3pctHR,MEX,Emissions|CO2|Energy|Demand|Residential and Commercial|Residential,Mt CO2/yr,,,,22.29600614,,,21.48267514,,,,,19.79996066,,23.3847882,,,,,21.82163967,21.55441072,21.07449453,19.96085831,18.10847135,16.22343837,14.24343831,12.38102792,10.43892243,8.041141811,5.439286677,3.385084746,2.733974078,2.131094799,1.610472294,1.259889832,,,,Mexico,CO2
GCAM 5.3,SSP4-medcostDACCS-2p6-3pctHR,MEX,Emissions|CO2|Energy|Demand|Transportation,Mt CO2/yr,,,,143.8854579,,,163.8895669,,,,,166.1359536,,174.0451903,,,,,177.9155168,174.8927161,172.9314655,167.9408048,161.1940054,153.9576177,149.6464753,147.8800103,143.5486012,129.8752969,107.7587796,86.5169333,89.48814633,92.85672843,94.77555124,97.15947808,,,,Mexico,CO2
GCAM 5.3,SSP4-medcostDACCS-2p6-3pctHR,MEX,Emissions|CO2|Energy|Supply,Mt CO2/yr,,,,168.6952569,,,166.4656833,,,,,172.2738701,,166.3277354,,,,,176.8493959,180.9728211,173.9705289,154.6673243,121.6905572,79.62394414,34.60437831,-20.28057723,-90.82854625,-189.4514105,-316.1199351,-432.1185274,-436.5384562,-445.5119401,-455.3830212,-461.0532802,,,,Mexico,CO2
GCAM 5.3,SSP4-medcostDACCS-2p6-3pctHR,MEX,Emissions|CO2|Energy|Supply|Electricity,Mt CO2/yr,,,,123.4322992,,,121.9384707,,,,,124.6390696,,121.3800175,,,,,131.3259443,136.7251657,133.9518695,125.3882965,112.1543737,93.9969868,69.9539448,31.2345935,-18.98109297,-81.79842292,-157.553892,-227.2824609,-253.257619,-274.4343056,-288.0022644,-298.2355199,,,,Mexico,CO2
GCAM 5.3,SSP4-medcostDACCS-2p6-3pctHR,MEX,Emissions|CO2|Energy|Supply|Gases,Mt CO2/yr,,,,1.33e-07,,,-3.59e-07,,,,,-8.98e-08,,0.015215394,,,,,0.027708297,0.039341518,0.052805947,0.065354556,0.071043617,0.071400353,0.067834508,0.057603101,0.045970064,0.03481292,0.026010405,0.02078902,0.015297493,0.010492395,0.006833214,0.004253607,,,,Mexico,CO2
GCAM 5.3,SSP4-medcostDACCS-2p6-3pctHR,MEX,Emissions|CO2|Energy|Supply|Liquids,Mt CO2/yr,,,,45.26295754,,,44.52721439,,,,,47.63480059,,44.84961999,,,,,45.38485924,44.08958667,39.88768689,29.21807986,9.650973644,-13.93596018,-34.406295,-49.40396414,-67.66369994,-99.80385852,-145.7300061,-187.5031143,-173.3826278,-164.709389,-162.1678043,-158.3315482,,,,Mexico,CO2
GCAM 5.3,SSP4-medcostDACCS-2p6-3pctHR,MEX,Emissions|CO2|Energy|Supply|Solids,Mt CO2/yr,,,,0.0,,,-1.47e-06,,,,,0.0,,-1.69e-05,,,,,-6.97e-06,0.0,0.0,0.0,-5.13e-05,-2.57e-05,-2.09e-05,-1.94e-05,0.0,0.0,-4.4e-06,0.0,0.0,0.0,0.0,0.0,,,,Mexico,CO2
GCAM 5.3,SSP4-medcostDACCS-2p6-3pctHR,MEX,Emissions|CO2|Industrial Processes,Mt CO2/yr,,,,27.66539331,,,25.66142355,,,,,25.31868908,,20.95230162,,,,,18.43459173,18.02701411,16.90422639,14.40421917,9.613220074,2.884715444,-7.594530837,-18.74502977,-37.58364025,-77.60582631,-167.0036311,-313.2426372,-351.9654091,-368.3108267,-374.0286138,-369.4674196,,,,Mexico,CO2
GCAM 5.3,SSP4-medcostDACCS-2p6-3pctHR,MEX,Emissions|N2O|AFOLU,Mt CO2e/yr,,,,31.1235636894,,,31.4053252968,,,,,34.1892291741,,36.7508504454,,,,,40.219475641799995,43.4888952498,46.644993213,49.914669714,53.6961971091,57.516047316,60.3238938393,62.519994673499994,64.6841307567,67.2494555187,69.81763755329999,71.78944947720001,69.0139772595,67.08863875349999,65.43745326300001,63.85004384850001,,,,Mexico,N2O
GCAM 5.3,SSP4-noDACCS-1p9-3pctHR,MEX,Carbon Sequestration|CCS|Biomass,Mt CO2/yr,,,,0.0,,,0.0,,,,,0.0,,0.80391959975026,,,,,18.8996374416154,54.157693844285,110.50291144471,180.31829972823,266.226307811382,361.445702083989,475.073572986028,607.468299800611,657.298753861785,684.988839713643,710.897600865381,723.170317754936,715.684659048125,694.063692674694,654.748217257293,610.595483747149,,,,Mexico,
GCAM 5.3,SSP4-noDACCS-1p9-3pctHR,MEX,Emissions|CH4|AFOLU,Mt CO2e/yr,,,,60.731975142540804,,,63.68232626270675,,,,,64.37062275503524,,68.65762194737012,,,,,75.8080441750842,82.12501003510496,88.071328689701,93.70708558854385,98.59630620216636,103.19944087118371,105.19900607475644,104.80447426322385,104.96995048627417,103.74767520116048,103.08187410302097,102.12261822449736,100.77101807742703,99.40603761114237,98.29244402070631,97.38058297870671,,,,Mexico,CH4
GCAM 5.3,SSP4-noDACCS-1p9-3pctHR,MEX,Emissions|CO2|AFOLU,Mt CO2/yr,,,,54.5163158156467,,,-2.722333809602,,,,,-11.1221721224973,,19.6987217464261,,,,,5.01586339438802,11.82402997336,72.60744327045,88.2144845357953,117.469221718822,126.798045864167,164.044476292384,97.0035953058074,-37.7497920254893,-35.3313307309545,-38.2045401710682,-39.9072389431117,-38.7475632511645,-39.7273247484023,-44.4404518879235,-54.0004044852906,,,,Mexico,CO2
GCAM 5.3,SSP4-noDACCS-1p9-3pctHR,MEX,Emissions|CO2|Energy and Industrial Processes,Mt CO2/yr,,,,462.109325634398,,,487.562494007003,,,,,493.851528208793,,504.863233268271,,,,,445.560265578208,387.817656920047,295.028369910646,177.38183731827,33.3048115909563,-126.48631216357,-304.119828937444,-500.11874864005,-560.827806231746,-590.751723856034,-626.139966767285,-650.855327068313,-663.354669238202,-661.902644407292,-636.985081908752,-599.285901943007,,,,Mexico,CO2
GCAM 5.3,SSP4-noDACCS-1p9-3pctHR,MEX,Emissions|CO2|Energy|Demand,Mt CO2/yr,,,,265.748675447926,,,295.435387169552,,,,,296.258968987926,,318.227019607556,,,,,299.532618242908,289.418866207818,273.928225914714,251.402401985426,222.418325160544,190.019344475051,158.465594481262,126.345298584126,119.991768914213,117.981030949046,111.375096209583,102.69730566007,90.2026067574923,78.711684143367,69.5004156230796,61.9359219875968,,,,Mexico,CO2
GCAM 5.3,SSP4-noDACCS-1p9-3pctHR,MEX,Emissions|CO2|Energy|Demand|Industry,Mt CO2/yr,,,,94.5729057784884,,,105.063328933002,,,,,104.944780463022,,114.880248418431,,,,,103.71483005143,101.548024861127,97.2678919425688,89.4475872916857,78.2214310785269,65.0454777243092,51.267136470349,36.941925558852,31.1224504946074,26.6126835034324,21.0537887530559,16.2492191090895,11.7729912512384,8.35561276960796,6.07943204911427,4.50577914445412,,,,Mexico,CO2
GCAM 5.3,SSP4-noDACCS-1p9-3pctHR,MEX,Emissions|CO2|Energy|Demand|Residential and Commercial,Mt CO2/yr,,,,27.2903117374769,,,26.4824913351724,,,,,25.1782349594724,,29.7987436302474,,,,,24.4455706873724,23.7356836893499,22.4022109198273,19.9668176024749,16.588669887361,13.0187953315706,9.65009026015407,6.5904565696312,5.42641329389914,4.59974093671976,3.54367996805055,2.55128840949622,1.60513041372011,0.972469942157611,0.637919668136771,0.508626888350093,,,,Mexico,CO2
GCAM 5.3,SSP4-noDACCS-1p9-3pctHR,MEX,Emissions|CO2|Energy|Demand|Residential and Commercial|Commercial,Mt CO2/yr,,,,4.99430559334533,,,4.99981619057109,,,,,5.3782743034011,,6.55181869373487,,,,,5.10475317000069,4.92182295049872,4.66321580325621,4.18030299027864,3.49544067069152,2.76403435175758,2.05975095325498,1.40744230706597,1.14707185716435,0.962575295738567,0.731190018898144,0.521287004395314,0.327203955878126,0.200225758150553,0.132897302440115,0.104404465425819,,,,Mexico,CO2
GCAM 5.3,SSP4-noDACCS-1p9-3pctHR,MEX,Emissions|CO2|Energy|Demand|Residential and Commercial|Residential,Mt CO2/yr,,,,22.2960061441316,,,21.4826751446013,,,,,19.7999606560713,,23.2469249365126,,,,,19.3408175173717,18.8138607388512,17.7389951165711,15.7865146121963,13.0932292166694,10.254760979813,7.59033930689908,5.18301426256523,4.27934143673479,3.63716564098119,2.8124899491524,2.0300014051009,1.27792645784198,0.772244184007058,0.505022365696656,0.404222422924274,,,,Mexico,CO2
GCAM 5.3,SSP4-noDACCS-1p9-3pctHR,MEX,Emissions|CO2|Energy|Demand|Transportation,Mt CO2/yr,,,,143.885457931961,,,163.889566901378,,,,,166.135953565431,,173.548027558878,,,,,171.372217504105,164.135157657341,154.258123052318,141.987997091265,127.608224194656,111.955071419171,97.5483677507585,82.8129164556425,83.4429051257065,86.7686065088936,86.7776274884766,83.8967981414842,76.8244850925338,69.3836014316014,62.7830639058285,56.9215159547926,,,,Mexico,CO2
GCAM 5.3,SSP4-noDACCS-1p9-3pctHR,MEX,Emissions|CO2|Energy|Supply,Mt CO2/yr,,,,168.695256876567,,,166.465683284048,,,,,172.273870141111,,165.734738511273,,,,,134.03504547014,87.3519997815077,12.7642178210287,-78.055610947055,-186.371348487413,-305.225888850911,-441.825815536453,-595.323217649711,-646.326740433331,-672.533118955552,-698.037063831881,-709.438270629169,-702.11697198748,-681.440954549508,-642.073854180209,-597.593283654598,,,,Mexico,CO2
GCAM 5.3,SSP4-noDACCS-1p9-3pctHR,MEX,Emissions|CO2|Energy|Supply|Electricity,Mt CO2/yr,,,,123.432299200192,,,121.9384707158,,,,,124.639069637117,,121.46834431519,,,,,90.6983342725889,50.1296305513618,-5.99864818316232,-68.1283768933425,-133.160473523403,-201.716964526965,-287.505713979927,-389.212840479344,-434.429979403679,-461.070245263548,-490.970173461869,-509.92905098668,-511.357969121145,-498.924046515538,-471.403768649554,-447.364454832579,,,,Mexico,CO2
GCAM 5.3,SSP4-noDACCS-1p9-3pctHR,MEX,Emissions|CO2|Energy|Supply|Gases,Mt CO2/yr,,,,1.32867531149642e-07,,,-3.59100763335393e-07,,,,,-8.9825105909323e-08,,0.0152503996181701,,,,,0.0123239089680461,0.0151734674990399,0.0158639066196941,0.0151905805051539,0.0124526782299706,0.0091294016959791,0.0061961519645865,0.0038323471745016,0.0025806961064917,0.0016927726656438,0.0010738712423378,0.0006568377097965,0.0003897636130194,0.0002195110834586,0.0001171580119013,5.88406646707646e-05,,,,Mexico,CO2
GCAM 5.3,SSP4-noDACCS-1p9-3pctHR,MEX,Emissions|CO2|Energy|Supply|Liquids,Mt CO2/yr,,,,45.2629575435067,,,44.5272143940155,,,,,47.6348005938189,,44.1680093656245,,,,,43.4834039014986,37.8290186879226,20.4838943976257,-6.56045246844477,-46.8276890659369,-92.6288636963164,-138.202663921859,-182.652177572373,-188.263494719119,-189.116104303005,-187.798452287875,-184.201582680007,-180.401823137841,-174.499973648506,-162.744967182889,-141.216844230691,,,,Mexico,CO2
GCAM 5.3,SSP4-noDACCS-1p9-3pctHR,MEX,Emissions|CO2|Energy|Supply|Solids,Mt CO2/yr,,,,0.0,,,-1.46666647658503e-06,,,,,0.0,,-7.33332138094552e-06,,,,,-3.66665893808894e-06,0.0,0.0,0.0,0.0,0.0,-1.7966616625882e-05,0.0,-2.19999690183747e-06,0.0,-3.66666452902537e-07,0.0,0.0,0.0,0.0,-1.61332562110865e-06,,,,Mexico,CO2
GCAM 5.3,SSP4-noDACCS-1p9-3pctHR,MEX,Emissions|CO2|Industrial Processes,Mt CO2/yr,,,,27.6653933099054,,,25.6614235534025,,,,,25.3186890797558,,20.901475149441,,,,,11.9926018651605,11.0467909307219,8.33592617490365,4.03504627989963,-2.74216508217491,-11.2797677877103,-20.7596078822527,-31.140829574464,-34.4928347126284,-36.199635849528,-39.4779991449868,-44.1143620992142,-51.4403040082145,-59.1733740011507,-64.4116433516231,-63.6285402760062,,,,Mexico,CO2
GCAM 5.3,SSP4-noDACCS-1p9-3pctHR,MEX,Emissions|N2O|AFOLU,Mt CO2e/yr,,,,31.12356369062577,,,31.40532530083549,,,,,34.18922917197279,,36.73720579928327,,,,,41.03477362604802,45.463587326507536,50.4053519679517,55.79683327716662,61.53641411910638,67.21010465604735,71.72594048876338,74.59759283733692,74.28442911634454,72.44962519045033,71.09482248275398,69.79003153373023,68.60867871381178,67.40239899577303,66.00901576845602,64.36702147944051,,,,Mexico,N2O
GCAM 5.3,SSP4-noDACCS-2p6-3pctHR,MEX,Carbon Sequestration|CCS|Biomass,Mt CO2/yr,,,,0.0,,,0.0,,,,,0.0,,0.8039735730885,,,,,3.73296774602734,9.57578936385956,19.4065857595682,36.2853047723304,64.013108687373,98.0494870632889,137.833549786913,186.578305671677,253.718924155548,346.841931903482,464.359484442447,585.638883298059,618.097855757602,636.374281124874,641.95114709675,640.1965090787,,,,Mexico,
GCAM 5.3,SSP4-noDACCS-2p6-3pctHR,MEX,Emissions|CH4|AFOLU,Mt CO2e/yr,,,,60.731975142540804,,,63.68232626270675,,,,,64.37062275503524,,68.65970859301204,,,,,75.04935027425527,80.7834547109576,86.14082712317207,91.13235213665352,95.7675228689942,99.91234031794848,102.30433876605039,104.08020832972755,105.05095963224605,105.57377014596636,104.27908075620505,102.47889412900496,100.92156488685069,99.27210346860296,97.59083369001651,96.03191626560225,,,,Mexico,CH4
GCAM 5.3,SSP4-noDACCS-2p6-3pctHR,MEX,Emissions|CO2|AFOLU,Mt CO2/yr,,,,54.5163158156467,,,-2.722333809602,,,,,-11.1221721224973,,19.709571009623,,,,,-4.57290320361599,-3.32424769968976,12.241957346707,16.886008092558,41.3622034677273,53.1202666450822,61.3149712679936,42.0560967241312,58.6357765143043,79.0271403098188,129.033932626487,177.226538479924,-24.3239514280019,-23.5782823131455,-29.8052050158454,-40.4506762889852,,,,Mexico,CO2
GCAM 5.3,SSP4-noDACCS-2p6-3pctHR,MEX,Emissions|CO2|Energy and Industrial Processes,Mt CO2/yr,,,,462.109325634398,,,487.562494007003,,,,,493.851528208793,,504.861427456888,,,,,499.437050571789,493.797084900788,477.626844988061,438.874012085546,375.294440329976,299.934680030564,219.059859415853,128.254583433565,11.1284685302092,-150.612629420738,-353.149853071719,-551.959283803156,-597.735595717032,-620.034606075462,-624.386791897457,-617.541187110919,,,,Mexico,CO2
GCAM 5.3,SSP4-noDACCS-2p6-3pctHR,MEX,Emissions|CO2|Energy|Demand,Mt CO2/yr,,,,265.748675447926,,,295.435387169552,,,,,296.258968987926,,318.224545724047,,,,,316.197227020479,312.832594861162,310.692119294502,301.471317495829,285.131407800036,266.880162355261,248.711379719833,231.92425280587,211.239949337095,177.96325392209,132.686591679348,89.1996155789759,79.8278914157745,77.3052710348192,78.2760705871225,81.6854216012259,,,,Mexico,CO2
GCAM 5.3,SSP4-noDACCS-2p6-3pctHR,MEX,Emissions|CO2|Energy|Demand|Industry,Mt CO2/yr,,,,94.5729057784884,,,105.063328933002,,,,,104.944780463022,,114.879384722346,,,,,112.412733339267,112.813432946145,113.788306531421,112.059384625748,106.167041127104,98.5530813344644,88.5087178050887,77.4353277837255,65.2710592534138,51.5457781609726,36.8846083734801,24.6418256143964,20.5162977648783,16.8383795901962,13.4114703972021,10.4092613438674,,,,Mexico,CO2
GCAM 5.3,SSP4-noDACCS-2p6-3pctHR,MEX,Emissions|CO2|Energy|Demand|Residential and Commercial,Mt CO2/yr,,,,27.2903117374769,,,26.4824913351724,,,,,25.1782349594724,,29.7980152314365,,,,,27.2393859661524,26.8570331543277,26.2958461752412,24.7896591894635,22.3015295309814,19.8201579126579,17.1810531721796,14.7150319802621,12.1737482776692,8.98020073177454,5.38905879054246,2.57186655346966,1.82815779243653,1.38865902351723,1.10436207554656,0.942686985978133,,,,Mexico,CO2
GCAM 5.3,SSP4-noDACCS-2p6-3pctHR,MEX,Emissions|CO2|Energy|Demand|Residential and Commercial|Commercial,Mt CO2/yr,,,,4.99430559334533,,,4.99981619057109,,,,,5.3782743034011,,6.55162435880199,,,,,5.81872693127347,5.70025491030719,5.58855469545193,5.29538411218602,4.80065350931598,4.3265194518848,3.79556266799421,3.28623779998813,2.74215196829117,2.03886314583509,1.22773903027026,0.592663553983095,0.422299004686878,0.321079724499748,0.254534507958422,0.213018795558769,,,,Mexico,CO2
GCAM 5.3,SSP4-noDACCS-2p6-3pctHR,MEX,Emissions|CO2|Energy|Demand|Residential and Commercial|Residential,Mt CO2/yr,,,,22.2960061441316,,,21.4826751446013,,,,,19.7999606560713,,23.2463908726345,,,,,21.4206590348789,21.1567782440205,20.7072914797892,19.4942750772775,17.5008760216654,15.4936384607731,13.3854905041854,11.428794180274,9.43159630937806,6.94133758593945,4.1613197602722,1.97920299948656,1.40585878774965,1.06757929901748,0.849827567588136,0.729668190419364,,,,Mexico,CO2
GCAM 5.3,SSP4-noDACCS-2p6-3pctHR,MEX,Emissions|CO2|Energy|Demand|Transportation,Mt CO2/yr,,,,143.885457931961,,,163.889566901378,,,,,166.135953565431,,173.547145770265,,,,,176.54510771506,173.162128760689,170.60796658784,164.622273680617,156.66283714195,148.506923108138,143.021608742564,139.773893041883,133.795141806012,117.437275029343,90.4129245153254,61.9859234111098,57.4834358584598,59.0782324211058,63.7602381143738,70.3334732713803,,,,Mexico,CO2
GCAM 5.3,SSP4-noDACCS-2p6-3pctHR,MEX,Emissions|CO2|Energy|Supply,Mt CO2/yr,,,,168.695256876567,,,166.465683284048,,,,,172.273870141111,,165.735465245079,,,,,166.041665489329,164.219311467629,151.366523546675,124.498390650363,82.1716553131189,31.2220069914295,-25.094162454836,-93.2044771311586,-182.564415530131,-299.746007920537,-441.091343166827,-579.584197356305,-610.808555288948,-627.367683461616,-630.822397949188,-627.724446196254,,,,Mexico,CO2
GCAM 5.3,SSP4-noDACCS-2p6-3pctHR,MEX,Emissions|CO2|Energy|Supply|Electricity,Mt CO2/yr,,,,123.432299200192,,,121.9384707158,,,,,124.639069637117,,121.469295361109,,,,,121.751876318489,121.488070461671,113.778614598245,99.6994986737645,80.1124248498193,55.788883248298,23.4749544475707,-24.463247715158,-87.6459134479798,-159.933135503496,-239.198500080723,-312.476778358547,-341.704951840616,-364.776810381507,-378.798048350545,-394.27650120905,,,,Mexico,CO2
GCAM 5.3,SSP4-noDACCS-2p6-3pctHR,MEX,Emissions|CO2|Energy|Supply|Gases,Mt CO2/yr,,,,1.32867531149642e-07,,,-3.59100763335393e-07,,,,,-8.9825105909323e-08,,0.0152503872594794,,,,,0.0250576072588118,0.033376305467462,0.0433692784644023,0.0518601199204128,0.0542606172017769,0.0521517371924412,0.0464287700847626,0.0370290311045036,0.0271975260570701,0.0182954516848301,0.0114565499226227,0.0069780459991811,0.0046025125203595,0.002965669279645,0.001843420877631,0.0010930344208922,,,,Mexico,CO2
GCAM 5.3,SSP4-noDACCS-2p6-3pctHR,MEX,Emissions|CO2|Energy|Supply|Liquids,Mt CO2/yr,,,,45.2629575435067,,,44.5272143940155,,,,,47.6348005938189,,44.1677765982618,,,,,44.1780664912771,42.6348191641312,37.5757191698567,24.9431535377774,2.53051644650081,-23.5547876054782,-46.7091616085351,-64.7854743200508,-87.2248297643691,-126.16852792349,-182.161966456907,-240.992036669218,-244.789559980752,-243.264814053691,-235.215976199,-218.617615587233,,,,Mexico,CO2
GCAM 5.3,SSP4-noDACCS-2p6-3pctHR,MEX,Emissions|CO2|Energy|Supply|Solids,Mt CO2/yr,,,,0.0,,,-1.46666647658503e-06,,,,,0.0,,0.0,,,,,-5.13332905657957e-06,0.0,-4.39998803206821e-05,0.0,0.0,0.0,-1.79666321605967e-05,-2.09000191995916e-05,0.0,-1.35666497076117e-05,0.0,-2.56666342330192e-06,-2.93333270998601e-06,-7.33334291086681e-07,0.0,0.0,,,,Mexico,CO2
GCAM 5.3,SSP4-noDACCS-2p6-3pctHR,MEX,Emissions|CO2|Industrial Processes,Mt CO2/yr,,,,27.6653933099054,,,25.6614235534025,,,,,25.3186890797558,,20.9014164877612,,,,,17.1981580619817,16.7451785719965,15.5682021468834,12.9043039393538,7.99137721682114,1.83251068387361,-4.55735784914374,-10.4651922411465,-17.547065276755,-28.8298754222914,-44.7451015842395,-61.5747020258265,-66.7549318438584,-69.9721936486656,-71.8404645353909,-71.5021625158908,,,,Mexico,CO2
GCAM 5.3,SSP4-noDACCS-2p6-3pctHR,MEX,Emissions|N2O|AFOLU,Mt CO2e/yr,,,,31.12356369062577,,,31.40532530083549,,,,,34.18922917197279,,36.73797574133942,,,,,40.33299568062765,43.74986840063767,47.09839445159312,50.61470001168426,54.748835500000276,58.9315463111021,61.941288036846856,64.34291547966173,66.64331137823677,69.36476271982502,72.31637477263234,75.3373189333977,74.36742419208292,72.49484436236925,70.39192084706801,68.27417033606524,,,,Mexico,N2O
GCAM 5.3,SSP5-DACCS-1p9-3pctHR,MEX,Carbon Sequestration|CCS|Biomass,Mt CO2/yr,,,,0.0,,,0.0,,,,,0.0,,0.00869993745757,,,,,0.321288711208062,0.813506016288419,1.45531723363489,47.1608657324844,109.569813952451,179.340344755016,242.307678813485,295.202950381349,318.124016189331,345.825414080569,376.217556413417,402.630034495045,424.644578377773,440.409692556521,447.39062791853,426.403338189243,,,,Mexico,
GCAM 5.3,SSP5-DACCS-1p9-3pctHR,MEX,Carbon Sequestration|Direct Air Capture,Mt CO2/yr,,,,0.0,,,0.0,,,,,0.0,,0.0,,,,,0.0067885411304733,1.39771303706481,1.8131910315022,63.6879265000114,182.640997513178,381.537118530198,605.390604905893,770.029422137422,810.77095475485,826.827189550435,831.483231557531,832.563655919264,832.554355790086,831.140276713632,829.965284683405,828.67435901388,,,,Mexico,
GCAM 5.3,SSP5-DACCS-1p9-3pctHR,MEX,Emissions|CH4|AFOLU,Mt CO2e/yr,,,,60.731975142540804,,,63.68232626270675,,,,,64.37062275503524,,68.49970179755499,,,,,73.56830877985064,78.92113640187671,84.18549478933215,94.6053836754222,103.91746294154149,111.89024371332808,118.50819201218536,122.66604098080751,122.60467383841431,123.37456840615171,124.08830729613865,124.07975927835236,123.11760904184867,121.68784450193951,119.7809774911106,117.12476223609364,,,,Mexico,CH4
GCAM 5.3,SSP5-DACCS-1p9-3pctHR,MEX,Emissions|CO2|AFOLU,Mt CO2/yr,,,,54.5163158156467,,,-2.722333809602,,,,,-11.1221721224973,,9.4112816577802,,,,,7.57775608045683,23.0792461228046,45.1729839895712,146.016902847511,136.16279936737,126.371762854374,82.2752900491304,20.5279896401539,-65.7890457144375,-71.617716964403,-65.732824376558,-56.2185972882137,-36.4655710005348,-25.624073442179,-17.5305505642385,-27.9532154710713,,,,Mexico,CO2
GCAM 5.3,SSP5-DACCS-1p9-3pctHR,MEX,Emissions|CO2|Energy and Industrial Processes,Mt CO2/yr,,,,462.109325634398,,,487.562494007003,,,,,493.851528208793,,511.494329449642,,,,,557.406373260347,613.243598245131,679.813003089231,461.890547145476,245.045114923305,-69.2277466461999,-399.627753737516,-660.117149969185,-758.689849349448,-835.672703414634,-904.990151523536,-961.007438282972,-1004.60595562845,-1038.24813924628,-1061.81257390934,-1060.58719585513,,,,Mexico,CO2
GCAM 5.3,SSP5-DACCS-1p9-3pctHR,MEX,Emissions|CO2|Energy|Demand,Mt CO2/yr,,,,265.748675447926,,,295.435387169552,,,,,296.258968987926,,321.585593769515,,,,,342.216652769586,359.281826724693,377.592041937629,331.855237408993,315.353204850328,295.22310462967,278.552748714746,265.536135273304,257.620138906876,251.660168412712,244.709799553517,236.507166041536,225.524681714644,214.059805942036,202.482274202974,188.372501250681,,,,Mexico,CO2
GCAM 5.3,SSP5-DACCS-1p9-3pctHR,MEX,Emissions|CO2|Energy|Demand|Industry,Mt CO2/yr,,,,94.5729057784884,,,105.063328933002,,,,,104.944780463022,,116.242194369518,,,,,123.912270104931,132.559712050932,139.667232238994,116.570202075873,110.018553972962,100.613912755396,89.9543910080421,78.6752066557339,68.5065396376156,58.3997204847139,48.1970236700875,39.0606935552077,30.3724342624117,23.0588314846118,17.4529516540196,12.9488404592359,,,,Mexico,CO2
GCAM 5.3,SSP5-DACCS-1p9-3pctHR,MEX,Emissions|CO2|Energy|Demand|Residential and Commercial,Mt CO2/yr,,,,27.2903117374769,,,26.4824913351724,,,,,25.1782349594724,,31.6333300932776,,,,,34.6735936656148,37.6133313227896,38.8559636729108,32.1356024774174,29.6701920698566,26.4294989085497,23.0893262977945,19.9298250390552,17.2213921584,14.6988279959519,12.1850094847377,9.82926186532833,7.56064313266696,5.61402748079074,4.10291567025168,2.9323923181417,,,,Mexico,CO2
GCAM 5.3,SSP5-DACCS-1p9-3pctHR,MEX,Emissions|CO2|Energy|Demand|Residential and Commercial|Commercial,Mt CO2/yr,,,,4.99430559334533,,,4.99981619057109,,,,,5.3782743034011,,6.96407789227998,,,,,7.58223574476852,8.23135949242758,8.53749630782114,6.88484244453214,6.44014370052383,5.8167057599576,5.13239748997794,4.45293978704602,3.83642438673853,3.24687300646739,2.64636568886354,2.09047861006628,1.56570456680663,1.13115691156411,0.807157681623628,0.564184273213768,,,,Mexico,CO2
GCAM 5.3,SSP5-DACCS-1p9-3pctHR,MEX,Emissions|CO2|Energy|Demand|Residential and Commercial|Residential,Mt CO2/yr,,,,22.2960061441316,,,21.4826751446013,,,,,19.7999606560713,,24.6692522009976,,,,,27.0913579208462,29.381971830362,30.3184673650897,25.2507600328852,23.2300483693327,20.6127931485921,17.9569288078165,15.4768852520091,13.3849677716614,11.4519549894845,9.53864379587412,7.73878325526205,5.99493856586033,4.48287056922662,3.29575798862805,2.36820804492793,,,,Mexico,CO2
GCAM 5.3,SSP5-DACCS-1p9-3pctHR,MEX,Emissions|CO2|Energy|Demand|Transportation,Mt CO2/yr,,,,143.885457931961,,,163.889566901378,,,,,166.135953565431,,173.710069306719,,,,,183.63078899904,189.108783350972,199.068846025724,183.149432855703,175.66445880751,168.179692965724,165.50903140891,166.931103578515,171.892207110861,178.561619932046,184.327766398692,187.617210621,187.591604319565,185.386946976634,180.926406878703,172.491268473304,,,,Mexico,CO2
GCAM 5.3,SSP5-DACCS-1p9-3pctHR,MEX,Emissions|CO2|Energy|Supply,Mt CO2/yr,,,,168.695256876567,,,166.465683284048,,,,,172.273870141111,,168.897050057443,,,,,191.269844541693,227.099965007094,270.940608529785,183.705546408375,107.499748261822,18.3461912618597,-66.0005048783111,-144.416545763782,-191.735684410783,-244.997547846551,-301.42048335256,-346.517585695793,-376.9627185029,-398.176283516007,-408.902364525583,-392.102851887419,,,,Mexico,CO2
GCAM 5.3,SSP5-DACCS-1p9-3pctHR,MEX,Emissions|CO2|Energy|Supply|Electricity,Mt CO2/yr,,,,123.432299200192,,,121.9384707158,,,,,124.639069637117,,123.713756767321,,,,,144.269313057181,180.106005010404,225.722925010573,160.79348063916,113.118233784702,54.8762209813923,-5.98242434612432,-69.5809651824476,-112.920992453504,-164.861158652862,-220.522145231547,-263.445989813428,-292.589685158008,-314.782369622103,-328.14547907361,-313.820778019132,,,,Mexico,CO2
GCAM 5.3,SSP5-DACCS-1p9-3pctHR,MEX,Emissions|CO2|Energy|Supply|Gases,Mt CO2/yr,,,,1.32867531149642e-07,,,-3.59100763335393e-07,,,,,-8.9825105909323e-08,,0.0133242154541806,,,,,0.035508204395016,0.0776007848670379,0.158285415772551,0.0263435323388194,0.0268730773557046,0.0287112029983686,0.0279657696630729,0.0211074233376715,0.0118550521552425,0.0056599272663455,0.0026035023392958,0.0011447598656239,0.0005472070865229,0.000224256066504,8.06845718110006e-05,2.76999861873174e-05,,,,Mexico,CO2
GCAM 5.3,SSP5-DACCS-1p9-3pctHR,MEX,Emissions|CO2|Energy|Supply|Liquids,Mt CO2/yr,,,,45.2629575435067,,,44.5272143940155,,,,,47.6348005938189,,45.0866145335218,,,,,46.7629023557427,46.5211689938314,44.3796860744891,23.5901551900646,-4.55504606205717,-35.0459989840947,-58.3047038172458,-72.5414708457405,-77.3701520368998,-78.0370198695783,-77.9890167361411,-79.5015032804461,-80.7188724569936,-80.1495816249971,-78.0546584848383,-76.0422521969978,,,,Mexico,CO2
GCAM 5.3,SSP5-DACCS-1p9-3pctHR,MEX,Emissions|CO2|Energy|Supply|Solids,Mt CO2/yr,,,,0.0,,,-1.46666647658503e-06,,,,,0.0,,0.0,,,,,-8.79999687948964e-06,0.0,0.0,0.0,-3.66666834143992e-07,0.0,0.0,0.0,0.0,0.0,0.0,0.0,-2.19999839166591e-06,0.0,0.0,0.0,,,,Mexico,CO2
GCAM 5.3,SSP5-DACCS-1p9-3pctHR,MEX,Emissions|CO2|Industrial Processes,Mt CO2/yr,,,,27.6653933099054,,,25.6614235534025,,,,,25.3186890797558,,21.0116856226839,,,,,23.919991041607,26.8788187173788,31.3021256067241,-52.8801696165648,-175.52110863588,-378.002793388161,-604.552103890445,-771.504285341359,-814.259290759793,-831.784554784643,-837.648983779961,-840.371209528539,-842.614992602487,-843.66771298049,-845.033662791549,-846.618309087193,,,,Mexico,CO2
GCAM 5.3,SSP5-DACCS-1p9-3pctHR,MEX,Emissions|N2O|AFOLU,Mt CO2e/yr,,,,31.12356369062577,,,31.40532530083549,,,,,34.18922917197279,,36.811906090964,,,,,39.76503065870217,42.886988371776,45.76159439566643,54.82899004376485,63.335359624338984,71.18441102823742,77.49449747243105,81.44842952731294,80.51480009996403,80.56363296134055,80.63947593615868,80.70634769479793,80.54342878072954,80.1569690045468,79.77124988507246,78.56657413492523,,,,Mexico,N2O
GCAM 5.3,SSP5-DACCS-2p6-3pctHR,MEX,Carbon Sequestration|CCS|Biomass,Mt CO2/yr,,,,0.0,,,0.0,,,,,0.0,,0.00869993745757,,,,,0.19856002805091,0.647327347514602,1.32191323284059,17.2976248678445,45.7730283958507,80.3889425244183,116.280447092282,156.311177916972,198.24814641138,239.655109024935,295.347777107569,353.994198356366,388.026174505203,415.739982752225,434.539378465962,437.864675009657,,,,Mexico,
GCAM 5.3,SSP5-DACCS-2p6-3pctHR,MEX,Carbon Sequestration|Direct Air Capture,Mt CO2/yr,,,,0.0,,,0.0,,,,,0.0,,0.0,,,,,0.00678366494003,1.40695996790544,1.8335051000156,25.6586222522671,72.6295845121162,157.377187569481,281.421449263478,454.88729899703,647.163501618145,781.374259666784,837.408205783985,849.751847135433,849.680460371249,848.321836928632,846.755949043181,845.415110150952,,,,Mexico,
GCAM 5.3,SSP5-DACCS-2p6-3pctHR,MEX,Emissions|CH4|AFOLU,Mt CO2e/yr,,,,60.731975142540804,,,63.68232626270675,,,,,64.37062275503524,,68.499701794755,,,,,73.56865720033004,78.92224906990032,84.18716368964327,93.60586368317296,102.08206826644847,109.8482387689596,117.01265081662325,122.62124602778093,125.57492476287472,123.9184969045313,124.43473078321293,123.87564043484056,122.52154732175175,120.89092808937144,119.05741141444864,116.68138005824244,,,,Mexico,CH4
GCAM 5.3,SSP5-DACCS-2p6-3pctHR,MEX,Emissions|CO2|AFOLU,Mt CO2/yr,,,,54.5163158156467,,,-2.722333809602,,,,,-11.1221721224973,,9.41128171153537,,,,,7.15693469565066,22.751202760946,44.9748935401286,77.0977338617675,73.3058191381933,74.7110281958364,51.0782130773848,26.1429583418175,1.03251760900804,-19.2380274022552,3.68816382997788,48.8463392718211,-30.0886960915677,-24.4881652122311,-26.3776602548597,-24.8141935141201,,,,Mexico,CO2
GCAM 5.3,SSP5-DACCS-2p6-3pctHR,MEX,Emissions|CO2|Energy and Industrial Processes,Mt CO2/yr,,,,462.109325634398,,,487.562494007003,,,,,493.851528208793,,511.494329449642,,,,,562.706724291165,618.311965125283,683.130925371909,579.153139974484,491.066034528895,350.182050752836,165.461010615532,-79.8037977116932,-354.445636367327,-575.072144802303,-742.76140809361,-876.167676084544,-949.498591613721,-1007.71867076793,-1047.48917457568,-1067.03768059404,,,,Mexico,CO2
GCAM 5.3,SSP5-DACCS-2p6-3pctHR,MEX,Emissions|CO2|Energy|Demand,Mt CO2/yr,,,,265.748675447926,,,295.435387169552,,,,,296.258968987926,,321.585593769515,,,,,342.514531797065,359.13459639568,377.447279062302,352.262142458118,346.731868168853,338.317372225103,329.477004453618,320.944259106348,311.127321368178,301.09651309885,285.781408125282,264.984837756092,248.45344397591,234.240154516624,222.454096276454,212.042287006351,,,,Mexico,CO2
GCAM 5.3,SSP5-DACCS-2p6-3pctHR,MEX,Emissions|CO2|Energy|Demand|Industry,Mt CO2/yr,,,,94.5729057784884,,,105.063328933002,,,,,104.944780463022,,116.242194369518,,,,,124.238397361425,132.725888553327,139.798364554918,125.691834307667,122.651413051045,117.408435394231,109.299512338146,99.2096393346601,87.9465460706322,76.6280942776615,64.7865470179123,53.5201687988766,42.9900476585009,33.757023157098,26.1232253886272,19.9024798779992,,,,Mexico,CO2
GCAM 5.3,SSP5-DACCS-2p6-3pctHR,MEX,Emissions|CO2|Energy|Demand|Residential and Commercial,Mt CO2/yr,,,,27.2903117374769,,,26.4824913351724,,,,,25.1782349594724,,31.6333300932776,,,,,34.7150050962032,37.5321576805873,38.8060181694992,34.8555369430587,33.8367368174387,32.1832356622719,29.5771398073861,26.4916021106263,23.122692818755,19.904559155931,16.4011033358611,12.9288809070686,9.89928741745886,7.47979067566681,5.58317118873761,4.14979912331271,,,,Mexico,CO2
GCAM 5.3,SSP5-DACCS-2p6-3pctHR,MEX,Emissions|CO2|Energy|Demand|Residential and Commercial|Commercial,Mt CO2/yr,,,,4.99430559334533,,,4.99981619057109,,,,,5.3782743034011,,6.96407789227998,,,,,7.59449943458902,8.21005823454076,8.52386110142202,7.54982984438413,7.46476539083995,7.2590152588201,6.78325894900829,6.14376957001928,5.38409550745738,4.63404663448871,3.79608308485028,2.96845916178222,2.2176930998273,1.63367003928079,1.18746213290883,0.857580888256678,,,,Mexico,CO2
GCAM 5.3,SSP5-DACCS-2p6-3pctHR,MEX,Emissions|CO2|Energy|Demand|Residential and Commercial|Residential,Mt CO2/yr,,,,22.2960061441316,,,21.4826751446013,,,,,19.7999606560713,,24.6692522009976,,,,,27.1205056616141,29.3220994460465,30.2821570680772,27.3057070986746,26.3719714265988,24.9242204034518,22.7938808583778,20.347832540607,17.7385973112976,15.2705125214423,12.6050202510109,9.96042174528636,7.68159431763156,5.84612063638602,4.39570905582879,3.29221823505603,,,,Mexico,CO2
GCAM 5.3,SSP5-DACCS-2p6-3pctHR,MEX,Emissions|CO2|Energy|Demand|Transportation,Mt CO2/yr,,,,143.885457931961,,,163.889566901378,,,,,166.135953565431,,173.710069306719,,,,,183.561129339437,188.876550161765,198.842896337885,191.714771207392,190.243718300369,188.7257011686,190.600352308086,195.243017661062,200.058082478791,204.563859665257,204.593757771508,198.535788050147,195.56410889995,193.003340683859,190.74769969909,187.99000800504,,,,Mexico,CO2
GCAM 5.3,SSP5-DACCS-2p6-3pctHR,MEX,Emissions|CO2|Energy|Supply,Mt CO2/yr,,,,168.695256876567,,,166.465683284048,,,,,172.273870141111,,168.897050057443,,,,,196.30356831758,232.376360687838,274.469528253156,238.173663279812,206.633280075337,163.774892426521,116.484288879737,56.954166754759,-12.3496329641713,-85.9724672460172,-178.179882425293,-272.096773860188,-324.858074404514,-366.653710576176,-393.399009534274,-402.006759594421,,,,Mexico,CO2
GCAM 5.3,SSP5-DACCS-2p6-3pctHR,MEX,Emissions|CO2|Energy|Supply|Electricity,Mt CO2/yr,,,,123.432299200192,,,121.9384707158,,,,,124.639069637117,,123.713756767321,,,,,149.217682489375,185.247178223142,229.119248371019,205.100457993875,192.92941613582,171.608041852969,141.406097564029,93.4768041767471,33.0625132244838,-34.1957141801509,-113.265311270515,-185.189773732361,-231.935790166077,-268.719292453306,-293.209638884314,-303.670991493845,,,,Mexico,CO2
GCAM 5.3,SSP5-DACCS-2p6-3pctHR,MEX,Emissions|CO2|Energy|Supply|Gases,Mt CO2/yr,,,,1.32867531149642e-07,,,-3.59100763335393e-07,,,,,-8.9825105909323e-08,,0.0133242154541806,,,,,0.0353524435515009,0.0770529500477532,0.157279810433723,0.0426105457202892,0.0413528907466626,0.0402846741432822,0.0386043637919809,0.0340450164168605,0.0262470746165686,0.0150859187973765,0.0074680499260467,0.0032957508423539,0.0015864455439311,0.0007184306583731,0.0003032172257832,0.0001175163346183,,,,Mexico,CO2
GCAM 5.3,SSP5-DACCS-2p6-3pctHR,MEX,Emissions|CO2|Energy|Supply|Liquids,Mt CO2/yr,,,,45.2629575435067,,,44.5272143940155,,,,,47.6348005938189,,45.0866145335218,,,,,46.8482192582806,46.6566227736117,44.513178308424,33.0375261997016,13.7761194632469,-7.59497665952419,-24.4898501426285,-35.6762837725458,-44.1223116785873,-49.3393157319338,-60.474344626595,-79.9202864870776,-87.6516955487003,-93.5610381388755,-96.4027232889267,-95.2053323201654,,,,Mexico,CO2
GCAM 5.3,SSP5-DACCS-2p6-3pctHR,MEX,Emissions|CO2|Energy|Supply|Solids,Mt CO2/yr,,,,0.0,,,-1.46666647658503e-06,,,,,0.0,,0.0,,,,,0.0,-1.68665913674497e-05,0.0,-2.19999253663297e-05,0.0,-1.83333299667307e-06,-1.94332624091701e-05,0.0,-9.16664991136507e-06,0.0,-1.46666853379116e-06,-1.10000039387577e-06,-2.19999716438829e-06,-4.40000210778682e-06,0.0,-2.19999039115778e-06,,,,Mexico,CO2
GCAM 5.3,SSP5-DACCS-2p6-3pctHR,MEX,Emissions|CO2|Industrial Processes,Mt CO2/yr,,,,27.6653933099054,,,25.6614235534025,,,,,25.3186890797558,,21.0116856226839,,,,,23.8887392054588,26.8181481065432,31.2361539944006,-10.9645467590149,-61.3665982687732,-149.932460570661,-276.953212131994,-451.960587201894,-645.046667724471,-780.308692404571,-839.763840213628,-858.307089329566,-862.341701651014,-864.589726433665,-865.891309961412,-866.504737095788,,,,Mexico,CO2
GCAM 5.3,SSP5-DACCS-2p6-3pctHR,MEX,Emissions|N2O|AFOLU,Mt CO2e/yr,,,,31.12356369062577,,,31.40532530083549,,,,,34.18922917197279,,36.811906088234,,,,,39.76036361017402,42.87935296587661,45.75135875451905,52.7588296495301,59.54772251414914,66.26274033290565,72.28330162529221,76.99667904609734,79.72487671652021,79.87524471378188,81.88095644746318,84.1141150255437,83.60688373361114,82.8945261703063,81.91195352797193,80.55152615674191,,,,Mexico,N2O
GCAM 5.3,SSP5-noDACCS-2p6-3pctHR,MEX,Carbon Sequestration|CCS|Biomass,Mt CO2/yr,,,,0.0,,,0.0,,,,,0.0,,0.75350428516705,,,,,1.70387280156418,2.52423663280937,3.216774325434,123.490939593115,214.358791990494,295.459552099957,361.509399155281,415.093991555607,474.052911025281,567.385424319408,673.848177349767,746.282194052126,767.912579303354,762.041522116131,757.44668865529,700.147234736653,,,,Mexico,
GCAM 5.3,SSP5-noDACCS-2p6-3pctHR,MEX,Emissions|CH4|AFOLU,Mt CO2e/yr,,,,60.731975142540804,,,63.68232626270675,,,,,64.37062275503524,,68.4998609121498,,,,,73.57173207564321,78.92582042148861,84.1907545839794,95.4974919301676,104.96849691558832,113.29204515804898,119.16682888157712,120.70798743276363,121.86054318871497,121.27297003332896,119.33541259857756,116.30929608563525,114.10613764973556,109.90279377685161,108.3326760225094,107.05771253425611,,,,Mexico,CH4
GCAM 5.3,SSP5-noDACCS-2p6-3pctHR,MEX,Emissions|CO2|AFOLU,Mt CO2/yr,,,,54.5163158156467,,,-2.722333809602,,,,,-11.1221721224973,,9.41761233440976,,,,,7.15207790317608,22.3196459791653,44.0401745454642,335.176830258688,180.208833407657,140.947143677413,61.4797689980969,1.15196501021026,-31.2704995431926,42.4324942174335,66.3368147983474,79.2085418664354,-1.2898601899025,-30.5792276769516,-27.7665377749145,-29.5632421350206,,,,Mexico,CO2
GCAM 5.3,SSP5-noDACCS-2p6-3pctHR,MEX,Emissions|CO2|Energy and Industrial Processes,Mt CO2/yr,,,,462.109325634398,,,487.562494007003,,,,,493.851528208793,,510.096589158408,,,,,555.972483225944,612.994613587497,679.958940186637,363.686550759051,217.734691900988,77.6857517105344,-40.9956115544776,-144.247427235124,-247.991674096628,-397.433254004493,-571.998367517724,-689.066196635442,-720.460646018664,-715.644197540918,-716.996217981814,-674.504935317004,,,,Mexico,CO2
GCAM 5.3,SSP5-noDACCS-2p6-3pctHR,MEX,Emissions|CO2|Energy|Demand,Mt CO2/yr,,,,265.748675447926,,,295.435387169552,,,,,296.258968987926,,320.775462179402,,,,,341.851330560467,358.909590463486,377.205550316353,295.366582399989,272.910662910817,248.239834273913,226.620812014432,208.173232857943,191.89715575465,167.382074526975,131.032481945794,106.089099693727,99.0730687039214,97.2615168505918,94.3528648100186,85.6805032925269,,,,Mexico,CO2
GCAM 5.3,SSP5-noDACCS-2p6-3pctHR,MEX,Emissions|CO2|Energy|Demand|Industry,Mt CO2/yr,,,,94.5729057784884,,,105.063328933002,,,,,104.944780463022,,116.052916692571,,,,,123.830965606097,132.446436456249,139.54198613156,101.044218869734,92.1068839546644,80.8025782985813,69.1728210915396,57.0662060653673,45.8881986609058,34.735310628439,23.7846361638833,16.6280747179296,12.4350951804223,9.33061860743205,7.02745050458339,5.13038661616971,,,,Mexico,CO2
GCAM 5.3,SSP5-noDACCS-2p6-3pctHR,MEX,Emissions|CO2|Energy|Demand|Residential and Commercial,Mt CO2/yr,,,,27.2903117374769,,,26.4824913351724,,,,,25.1782349594724,,31.4551588250862,,,,,34.6627146329033,37.584013159706,38.8085177614143,27.6846400772646,24.4868407763415,20.7510121119309,17.0419685453592,13.6589920069209,10.6855267243359,7.55299239700579,4.21767347229244,2.31930424728411,1.55680210428694,1.09174094372907,0.742235720673391,0.476600454593421,,,,Mexico,CO2
GCAM 5.3,SSP5-noDACCS-2p6-3pctHR,MEX,Emissions|CO2|Energy|Demand|Residential and Commercial|Commercial,Mt CO2/yr,,,,4.99430559334533,,,4.99981619057109,,,,,5.3782743034011,,6.91897823298284,,,,,7.58208054290705,8.22614307793614,8.52714360523379,5.85627595628843,5.2198815332064,4.453028459745,3.66407931930125,2.92800809281786,2.27664996396052,1.6097851830743,0.909845905519792,0.515927579001915,0.349610883747993,0.246361935943887,0.169593360981099,0.110882286902144,,,,Mexico,CO2
GCAM 5.3,SSP5-noDACCS-2p6-3pctHR,MEX,Emissions|CO2|Energy|Demand|Residential and Commercial|Residential,Mt CO2/yr,,,,22.2960061441316,,,21.4826751446013,,,,,19.7999606560713,,24.5361805921034,,,,,27.0806340899963,29.3578700817698,30.2813741561805,21.8283641209761,19.2669592431351,16.2979836521859,13.3778892260579,10.7309839141031,8.40887676037536,5.94320721393149,3.30782756677265,1.8033766682822,1.20719122053895,0.845379007785181,0.572642359692292,0.365718167691276,,,,Mexico,CO2
GCAM 5.3,SSP5-noDACCS-2p6-3pctHR,MEX,Emissions|CO2|Energy|Demand|Transportation,Mt CO2/yr,,,,143.885457931961,,,163.889566901378,,,,,166.135953565431,,173.267386661744,,,,,183.357650321466,188.87914084753,198.855046423378,166.637723452991,156.316938179811,146.686243863401,140.406022377533,137.448034785655,135.323430369408,125.09377150153,103.030172309618,87.1417207285137,85.0811714192121,86.8391572994306,86.5831785847618,80.0735162217638,,,,Mexico,CO2
GCAM 5.3,SSP5-noDACCS-2p6-3pctHR,MEX,Emissions|CO2|Energy|Supply,Mt CO2/yr,,,,168.695256876567,,,166.465683284048,,,,,172.273870141111,,168.353915002506,,,,,190.231698333874,225.868135326709,269.709974639504,63.7196151627173,-54.002917110317,-162.711284698265,-253.091711626233,-331.930992006835,-413.589796933345,-529.133914911902,-653.046611312929,-734.333007031618,-754.313872534438,-745.611067919853,-741.18895219264,-687.000944033587,,,,Mexico,CO2
GCAM 5.3,SSP5-noDACCS-2p6-3pctHR,MEX,Emissions|CO2|Energy|Supply|Electricity,Mt CO2/yr,,,,123.432299200192,,,121.9384707158,,,,,124.639069637117,,123.812301303072,,,,,144.224919129259,179.921840062533,225.593920995171,72.3791113730581,-10.1573360983159,-84.16274139218,-146.447983182728,-203.27816839867,-260.950725254751,-326.549272739982,-382.686665349168,-416.995491276579,-450.237611791036,-472.803262165263,-494.885289557749,-464.161199436451,,,,Mexico,CO2
GCAM 5.3,SSP5-noDACCS-2p6-3pctHR,MEX,Emissions|CO2|Energy|Supply|Gases,Mt CO2/yr,,,,1.32867531149642e-07,,,-3.59100763335393e-07,,,,,-8.9825105909323e-08,,0.0133559426693589,,,,,0.0355513670196629,0.0775060980767406,0.158074313815362,0.0116205496506507,0.0085887210855926,0.0059305205433281,0.0037799551168007,0.0020611429989854,0.0009855517897916,0.0004208297628317,0.0001776274754088,7.38848284733187e-05,2.69039475420009e-05,7.86030659536731e-06,2.01742716765991e-06,4.72114519697982e-07,,,,Mexico,CO2
GCAM 5.3,SSP5-noDACCS-2p6-3pctHR,MEX,Emissions|CO2|Energy|Supply|Liquids,Mt CO2/yr,,,,45.2629575435067,,,44.5272143940155,,,,,47.6348005938189,,44.4446745129463,,,,,45.7690941286623,45.4737319295014,43.27861083303,-6.08409510487177,-40.1769640692839,-73.8675665799658,-101.7225751826,-122.218066834142,-144.453132177142,-187.953237762795,-248.018238568498,-286.973173261817,-277.409216798627,-252.864672784044,-229.857091894318,-207.68890831747,,,,Mexico,CO2
GCAM 5.3,SSP5-noDACCS-2p6-3pctHR,MEX,Emissions|CO2|Energy|Supply|Solids,Mt CO2/yr,,,,0.0,,,-1.46666647658503e-06,,,,,0.0,,-1.13666573129191e-05,,,,,-9.53331872472193e-06,-1.46667206117014e-06,0.0,0.0,0.0,-5.86668150997463e-06,0.0,-7.33334054599931e-07,0.0,-1.09999833980649e-06,-2.93332431321037e-06,0.0,0.0,-7.69999536262794e-07,-2.19999597990756e-07,-3.6666697235305e-08,,,,Mexico,CO2
GCAM 5.3,SSP5-noDACCS-2p6-3pctHR,MEX,Emissions|CO2|Industrial Processes,Mt CO2/yr,,,,27.6653933099054,,,25.6614235534025,,,,,25.3186890797558,,20.9672119764997,,,,,23.8894543316025,28.216887797302,33.0434152307799,4.60035319634436,-1.17305389951258,-7.84279786511298,-14.5247119426768,-20.4896680862313,-26.2990329179334,-35.6814136195664,-49.9842381505888,-60.8222892975507,-65.2198421881474,-67.2946464716566,-70.1601305991921,-73.1844945759435,,,,Mexico,CO2
GCAM 5.3,SSP5-noDACCS-2p6-3pctHR,MEX,Emissions|N2O|AFOLU,Mt CO2e/yr,,,,31.12356369062577,,,31.40532530083549,,,,,34.18922917197279,,36.7966525740581,,,,,39.74292494679398,42.85290666694729,45.71108750536856,58.59275072827613,68.10074635785793,76.40234286523184,82.37486567137847,84.96971583822486,87.09508245345206,89.29710192381616,90.9469132806709,92.09385788564816,91.88330550826437,90.00796250035673,89.14911126531528,87.94595603837534,,,,Mexico,N2O
GCAM 5.3,SSP_SSP1,MEX,Carbon Sequestration|CCS|Biomass,Mt CO2/yr,,,,0.0,,,0.0,,,,,0.0,,0.44796642405755,,,,,3.8471678497425,17.6790093638492,34.5977946519204,71.6467824833433,157.65410290219,287.975157324504,460.764056752135,584.2319884517,579.310783036504,564.221862698574,542.157934509627,520.534967492097,500.022531443826,472.302643541909,443.146865702624,413.695136479413,,,,Mexico,
GCAM 5.3,SSP_SSP1,MEX,Emissions|CH4|AFOLU,Mt CO2e/yr,,,,51.948436579356525,,,54.182490226063365,,,,,53.84379745888416,,54.47070931001644,,,,,54.965435899198724,54.9355961348236,54.217364961878445,53.19289020959816,51.44529619390924,48.86374213116172,45.06554472321664,39.636090313466916,38.9835071034388,38.12955524199584,37.45067217276924,36.87240804357544,36.252113348967036,35.69903701097832,34.948826766364,34.235735237786876,,,,Mexico,CH4
GCAM 5.3,SSP_SSP1,MEX,Emissions|CO2|AFOLU,Mt CO2/yr,,,,54.5907646693698,,,-3.94303733921057,,,,,-12.7699740072534,,-31.2348295505372,,,,,-5.5068412113271,4.95750036850585,19.1158146957603,12.7306373642597,30.737548918851,27.3558598459743,20.1517877730432,11.8263901563436,-19.685658104581,-16.3306746666361,-14.2854720500874,-13.0010401291711,-11.9151504049529,-10.9909256936486,-10.3961014007091,-9.19565309847805,,,,Mexico,CO2
GCAM 5.3,SSP_SSP1,MEX,Emissions|CO2|Energy and Industrial Processes,Mt CO2/yr,,,,462.14296993503,,,487.596170428254,,,,,494.126346673001,,527.497977902152,,,,,500.705049552693,468.259889314411,426.488844502267,333.735407654969,147.016497192864,-109.060559579701,-412.331984240057,-622.689761926938,-620.84717366629,-601.541767766422,-569.39639299842,-537.588647277629,-510.098227059036,-478.108245301289,-444.528915870275,-412.66617633171,,,,Mexico,CO2
GCAM 5.3,SSP_SSP1,MEX,Emissions|CO2|Energy|Demand,Mt CO2/yr,,,,265.673891973897,,,295.306627927548,,,,,296.216457901656,,331.73119192555,,,,,328.130232097111,325.470893091551,321.2881170537,298.613412525242,246.935482340355,177.750707765658,102.110520958278,53.4494053313268,52.9277185540545,54.1030719231844,57.1556692766412,61.0291085889208,64.461741414537,66.6969169901271,69.8659297882058,71.976619198775,,,,Mexico,CO2
GCAM 5.3,SSP_SSP1,MEX,Emissions|CO2|Energy|Demand|Industry,Mt CO2/yr,,,,94.4964288322009,,,104.932607206498,,,,,104.712251253166,,123.932719665593,,,,,120.46014026237,115.986782780308,110.886903144087,97.3435520840715,73.3899684826189,45.3604063592101,20.428917333346,6.00930673008618,5.33624356235913,4.84458979612677,4.53944877172763,4.37914777582481,4.087283371656,4.48857650659382,5.82268854194649,6.65333693667331,,,,Mexico,CO2
GCAM 5.3,SSP_SSP1,MEX,Emissions|CO2|Energy|Demand|Residential and Commercial,Mt CO2/yr,,,,27.2937293409818,,,26.4858842520042,,,,,25.181640073916,,30.6426136142994,,,,,28.9000730376287,28.4503740381968,27.9474604033962,24.8565943499103,18.243673123272,10.7109537531494,3.64830568418498,0.381238329469737,0.296872267395072,0.271601239950272,0.278329999578372,0.294073901983358,0.305125135179321,0.238680400660479,0.185254369116577,0.163198191517068,,,,Mexico,CO2
GCAM 5.3,SSP_SSP1,MEX,Emissions|CO2|Energy|Demand|Residential and Commercial|Commercial,Mt CO2/yr,,,,4.99772319463178,,,5.00320911984176,,,,,5.38167889297654,,6.72279955928026,,,,,6.20927616616764,5.98485205102038,5.8114943505628,5.07012211096287,3.6069545244186,2.03193074973096,0.649997739535895,0.0733239256804504,0.0600897079275218,0.055403681426616,0.0555578789876678,0.0572499729473584,0.0579879171668606,0.048788821394819,0.041303106626242,0.0376595573522102,,,,Mexico,CO2
GCAM 5.3,SSP_SSP1,MEX,Emissions|CO2|Energy|Demand|Residential and Commercial|Residential,Mt CO2/yr,,,,22.2960061463501,,,21.4826751321624,,,,,19.7999611809395,,23.9198140550191,,,,,22.6907968714611,22.4655219871765,22.1359660528334,19.7864722389475,14.6367185988534,8.67902300341847,2.99830794464908,0.307914403789286,0.23678255946755,0.216197558523656,0.222772120590704,0.236823929035999,0.24713721801246,0.18989157926566,0.143951262490335,0.125538634164857,,,,Mexico,CO2
GCAM 5.3,SSP_SSP1,MEX,Emissions|CO2|Energy|Demand|Transportation,Mt CO2/yr,,,,143.883733800714,,,163.888136469046,,,,,166.322566574574,,177.155858645658,,,,,178.770018797113,181.033736273046,182.453753506216,176.41326609126,155.301840734465,121.679347653299,78.0332979407468,47.0588602717709,47.2946027243003,48.9868808871073,52.3378905053352,56.3558869111127,60.0693329077016,61.9696600828728,63.8579868771427,65.1600840705846,,,,Mexico,CO2
GCAM 5.3,SSP_SSP1,MEX,Emissions|CO2|Energy|Supply,Mt CO2/yr,,,,168.697460730673,,,166.468079236847,,,,,172.329952234981,,169.649167163722,,,,,157.39478808231,129.377764201871,92.6597074810489,26.8429184420355,-99.2178042767601,-272.82049942266,-482.270643131435,-628.077171629441,-621.667168529427,-600.397244261516,-568.835076611609,-538.804906896782,-513.133714586813,-480.655222276832,-448.225331468801,-417.664691408205,,,,Mexico,CO2
GCAM 5.3,SSP_SSP1,MEX,Emissions|CO2|Energy|Supply|Electricity,Mt CO2/yr,,,,123.434869756596,,,121.940866679534,,,,,124.693684912229,,125.468229467347,,,,,113.937987195398,90.2785297804378,61.6234776878944,16.5352090975412,-49.0117493322325,-118.546201481277,-175.751394730526,-216.653558809225,-238.676442975296,-251.647815048401,-262.139070959036,-264.99956756352,-265.532112747905,-255.509196856925,-239.175466300707,-218.799622138022,,,,Mexico,CO2
GCAM 5.3,SSP_SSP1,MEX,Emissions|CO2|Energy|Supply|Gases,Mt CO2/yr,,,,9.56225536903579e-08,,,-3.66065317664208e-07,,,,,-3.39839388396538e-07,,0.0353832836123991,,,,,0.0224381908637661,0.0183899417747167,0.0158561642368324,0.0120603123169877,0.0052611822150434,0.0017211717018131,0.0003474125138303,1.53669273652931e-05,2.78031467165487e-05,2.40514798720637e-05,2.10215807813968e-05,1.82485742861272e-05,1.38503038575426e-05,1.23729744710241e-05,1.25959745877879e-05,1.22882516986564e-05,,,,Mexico,CO2
GCAM 5.3,SSP_SSP1,MEX,Emissions|CO2|Energy|Supply|Liquids,Mt CO2/yr,,,,45.2625908784544,,,44.5272143900451,,,,,47.6362676625915,,43.9506812911276,,,,,43.3476405064952,39.2645851130953,31.3792392296953,11.9929973372943,-44.0757202920099,-138.104717713909,-274.87703743221,-319.839108348766,-315.374620258514,-299.780427543466,-276.377536628756,-252.720715441293,-231.129257455463,-214.547578235997,-202.256299065049,-193.574910295259,,,,Mexico,CO2
GCAM 5.3,SSP_SSP1,MEX,Emissions|CO2|Energy|Supply|Solids,Mt CO2/yr,,,,0.0,,,-1.46666737426144e-06,,,,,0.0,,-1.90665709123811e-05,,,,,-4.03331527351699e-05,0.0,0.0,0.0,0.0,-1.83332804081602e-06,0.0,0.0,0.0,0.0,0.0,0.0,0.0,0.0,0.0,-1.83333044367795e-07,,,,Mexico,CO2
GCAM 5.3,SSP_SSP1,MEX,Emissions|CO2|Industrial Processes,Mt CO2/yr,,,,27.7716172304601,,,25.8214632638587,,,,,25.5799365363642,,26.1176188128803,,,,,15.1800293732725,13.411232020989,12.5410199675181,8.27907668769178,-0.701180870731275,-13.9907679226996,-32.1718620668998,-48.0619956288236,-52.1077236909173,-55.2475954280907,-57.7169856634526,-59.8128489697683,-61.4262538867601,-64.1499400145845,-66.1695141896795,-66.9781041222802,,,,Mexico,CO2
GCAM 5.3,SSP_SSP1,MEX,Emissions|N2O|AFOLU,Mt CO2e/yr,,,,23.974382628675,,,25.199776825791474,,,,,26.067733764864816,,27.57793301011449,,,,,29.93238982098456,32.66190500312649,34.994841342204474,36.912681380959015,39.21948134695691,40.8847646483711,41.83852991831932,42.30959369095504,42.66320153239544,42.92747830524699,43.131790882755666,43.265442186683806,43.1924462908362,42.933186391214846,42.59240083210449,42.25443545351656,,,,Mexico,N2O
GCAM 5.3,SSP_SSP2,MEX,Carbon Sequestration|CCS|Biomass,Mt CO2/yr,,,,0.0,,,0.0,,,,,0.0,,0.89127878435867,,,,,9.58472635133868,33.1157904405261,74.0032273008988,136.686269716023,240.862366689243,379.93006085376,491.64958454883,626.485631526063,636.827784642274,630.822290024604,636.454985065687,639.379717929353,607.667717024971,588.911752920305,605.297808588888,607.335820953956,,,,Mexico,
GCAM 5.3,SSP_SSP2,MEX,Emissions|CH4|AFOLU,Mt CO2e/yr,,,,51.948436579356525,,,54.182490226063365,,,,,53.84379745888416,,57.556065375363524,,,,,61.888575268588326,65.05326245233788,66.13522072077676,65.73904538041539,63.916568654076045,60.4569893213902,55.12002362938064,49.90598698773688,50.08218653691008,50.228932698665005,50.388637381231796,50.49945218193288,50.62141238883232,50.58757837051688,50.35933038511284,50.20881477550512,,,,Mexico,CH4
GCAM 5.3,SSP_SSP2,MEX,Emissions|CO2|AFOLU,Mt CO2/yr,,,,54.5907646693698,,,-3.94303733921057,,,,,-12.7699740072534,,-3.42906361794756,,,,,17.9080554042779,31.4767263839561,33.69992571366,23.2235415061777,24.6855594400117,9.88478539550374,-0.0414969223077789,-12.2653465039749,-13.6526515954591,-10.7971016210853,-9.75918626192452,-9.15119143945425,-8.19500098911882,-7.69298394952032,-7.41357975180884,-6.88373283502526,,,,Mexico,CO2
GCAM 5.3,SSP_SSP2,MEX,Emissions|CO2|Energy and Industrial Processes,Mt CO2/yr,,,,462.14296993503,,,487.596170428254,,,,,494.126346673001,,522.296567631409,,,,,502.458528065649,466.115571269869,392.577272410174,272.386076848797,73.5016391103006,-173.18314465613,-385.733283104648,-597.334797795145,-615.651198552166,-611.930261615236,-624.059753943133,-640.331520223898,-603.670489087841,-577.241120175975,-584.436415774144,-583.149242096064,,,,Mexico,CO2
GCAM 5.3,SSP_SSP2,MEX,Emissions|CO2|Energy|Demand,Mt CO2/yr,,,,265.673891973897,,,295.306627927548,,,,,296.216457901656,,337.265479717032,,,,,341.328926850981,344.553699942934,338.204541821187,314.463535233941,264.70583387106,203.13300656539,139.552379250635,90.7420905732043,91.4880572261109,93.5104355823049,94.68927516037,93.8204956500451,102.163135949183,113.318669442353,122.731503337226,130.425847005988,,,,Mexico,CO2
GCAM 5.3,SSP_SSP2,MEX,Emissions|CO2|Energy|Demand|Industry,Mt CO2/yr,,,,94.4964288322009,,,104.932607206498,,,,,104.712251253166,,125.663608474739,,,,,124.468892650861,121.701755609743,113.956799402279,98.3933305618817,73.2004855872106,44.5146093086341,17.7044229092481,5.29723191947294,4.55112543066061,4.10761775704122,3.62471041778225,3.74238894776947,6.21507930161958,9.7799445074855,15.4732557058726,20.0155273336532,,,,Mexico,CO2
GCAM 5.3,SSP_SSP2,MEX,Emissions|CO2|Energy|Demand|Residential and Commercial,Mt CO2/yr,,,,27.2937293409818,,,26.4858842520042,,,,,25.181640073916,,30.0828359780612,,,,,28.3464979856629,27.61109215631,25.8114397351384,21.9980355810674,15.6339728460708,9.2994207879621,3.89998673264172,0.978806558546454,0.785278218517736,0.645671132378619,0.465788016055418,0.222912597521588,0.13581464945579,0.113193070195141,0.0962520352996887,0.0845171463636279,,,,Mexico,CO2
GCAM 5.3,SSP_SSP2,MEX,Emissions|CO2|Energy|Demand|Residential and Commercial|Commercial,Mt CO2/yr,,,,4.99772319463178,,,5.00320911984176,,,,,5.38167889297654,,6.60346083711048,,,,,6.05565105949229,5.75968741385488,5.25963636970687,4.3394528738842,2.93076630112572,1.62449118456517,0.604681879436505,0.139664754063975,0.113184270963557,0.0944963985127182,0.0701558178586606,0.0380995893699993,0.026479038575227,0.0231378016827877,0.0200413392242601,0.0178010143601559,,,,Mexico,CO2
GCAM 5.3,SSP_SSP2,MEX,Emissions|CO2|Energy|Demand|Residential and Commercial|Residential,Mt CO2/yr,,,,22.2960061463501,,,21.4826751321624,,,,,19.7999611809395,,23.4793751409507,,,,,22.2908469261707,21.8514047424551,20.5518033654316,17.6585827071832,12.703206544945,7.67492960339693,3.29530485320521,0.839141804482479,0.672093947554179,0.551174733865901,0.395632198196757,0.184813008151589,0.109335610880563,0.0900552685123531,0.0762106960754286,0.066716132003472,,,,Mexico,CO2
GCAM 5.3,SSP_SSP2,MEX,Emissions|CO2|Energy|Demand|Transportation,Mt CO2/yr,,,,143.883733800714,,,163.888136469046,,,,,166.322566574574,,181.519035264232,,,,,188.513536214457,195.24085217688,198.436302683769,194.072169090992,175.871375437779,149.318976468794,117.947969608745,84.4660520951849,86.1516535769325,88.757146692885,90.5987767265324,89.8551941047541,95.8122419981081,103.425531864673,107.161995596054,110.325802525971,,,,Mexico,CO2
GCAM 5.3,SSP_SSP2,MEX,Emissions|CO2|Energy|Supply,Mt CO2/yr,,,,168.697460730673,,,166.468079236847,,,,,172.329952234981,,163.147119468854,,,,,147.697618114499,109.824073521436,44.8571170544887,-47.9205739081402,-189.125192418652,-362.958510082515,-498.865219325228,-644.401896489693,-656.85761629913,-648.717347445167,-652.958946723134,-654.283317267185,-616.482013047824,-594.202645882559,-604.615843444042,-604.952852377369,,,,Mexico,CO2
GCAM 5.3,SSP_SSP2,MEX,Emissions|CO2|Energy|Supply|Electricity,Mt CO2/yr,,,,123.434869756596,,,121.940866679534,,,,,124.693684912229,,119.325705566323,,,,,105.200961700353,73.203267186603,22.4503120754519,-41.7752856537992,-114.02921515853,-181.021313247587,-233.701562635149,-261.560531523091,-296.141850157712,-318.603232143754,-343.519835532949,-352.874137066253,-340.891671228476,-332.648835723095,-342.718857359451,-341.938317787847,,,,Mexico,CO2
GCAM 5.3,SSP_SSP2,MEX,Emissions|CO2|Energy|Supply|Gases,Mt CO2/yr,,,,9.56225536903579e-08,,,-3.66065317664208e-07,,,,,-3.39839388396538e-07,,0.0253345157416278,,,,,0.023356387603587,0.0232204025917332,0.0229982326599595,0.0184846203353695,0.0076522607790379,0.0021728285510861,0.0002368789923098,1.34606371485954e-05,1.58169532578081e-05,1.52239142160396e-05,1.39427512754826e-05,1.31689664707691e-05,1.17858850594216e-05,9.76149124050294e-06,7.56209799441089e-06,6.40513222129242e-06,,,,Mexico,CO2
GCAM 5.3,SSP_SSP2,MEX,Emissions|CO2|Energy|Supply|Liquids,Mt CO2/yr,,,,45.2625908784544,,,44.5272143900451,,,,,47.6362676625915,,43.6297674468527,,,,,42.4886471215827,37.0952235408191,24.0526047898812,-2.18717694038606,-65.3617558784207,-161.566858397864,-222.249102800734,-247.002624588979,-246.669763496509,-241.353809811346,-242.664625310792,-254.285844110202,-246.950966060153,-237.867044338736,-229.549437281412,-229.190554841603,,,,Mexico,CO2
GCAM 5.3,SSP_SSP2,MEX,Emissions|CO2|Energy|Supply|Solids,Mt CO2/yr,,,,0.0,,,-1.46666737426144e-06,,,,,0.0,,-2.2000004411037e-06,,,,,-7.33336271509928e-06,0.0,-2.56666344949026e-06,0.0,0.0,-3.29998591079061e-06,-1.28332988435469e-06,0.0,-2.20000159472326e-07,-2.93333235987802e-07,0.0,0.0,-1.46666547189261e-07,0.0,-5.1333297320747e-07,0.0,,,,Mexico,CO2
GCAM 5.3,SSP_SSP2,MEX,Emissions|CO2|Industrial Processes,Mt CO2/yr,,,,27.7716172304601,,,25.8214632638587,,,,,25.5799365363642,,21.8839684455233,,,,,13.4319831001684,11.7377978054992,9.51561353449854,5.84311552299594,-2.07900234210743,-13.3576411390047,-26.4204430300555,-43.674991878656,-50.2816394791465,-56.7233497523745,-65.7900823803694,-79.8686986067585,-89.3516119892004,-96.3571437357689,-102.552075667328,-108.622236724682,,,,Mexico,CO2
GCAM 5.3,SSP_SSP2,MEX,Emissions|N2O|AFOLU,Mt CO2e/yr,,,,23.974382628675,,,25.199776825791474,,,,,26.067733764864816,,28.53555379638382,,,,,32.0884274356969,35.76520650050002,38.52591255869128,40.57322187162344,42.32515607930774,42.97254700446462,42.90361540743096,42.52844901098566,42.98936579874628,43.41354129650729,43.77633582217896,43.94378382537207,44.21174345957487,44.46075129755122,44.60416566697483,44.75692903333415,,,,Mexico,N2O
GCAM 5.3,SSP_SSP3,MEX,Carbon Sequestration|CCS|Biomass,Mt CO2/yr,,,,0.0,,,0.0,,,,,0.0,,6.30235498294131,,,,,28.8366848181832,62.7875044379544,109.996839249712,158.045473257769,237.940572904293,314.176412438156,358.132139387508,427.672224597432,466.551966637443,472.613113305221,501.464275669145,538.481207862417,551.90874422643,550.291978781156,539.991178972941,539.416873256162,,,,Mexico,
GCAM 5.3,SSP_SSP3,MEX,Emissions|CH4|AFOLU,Mt CO2e/yr,,,,51.948436579356525,,,54.182490226063365,,,,,53.84379743088416,,57.84723125540437,,,,,62.09427583279984,64.74370563521056,65.32291199824823,64.65522624938495,62.90412027819976,59.27799079293813,54.07471146223048,48.84755035158908,48.95840871488224,49.1725833605552,49.25846380861028,49.2059056079024,49.28473470398436,49.30579189575144,49.411410306795034,49.488555056276844,,,,Mexico,CH4
GCAM 5.3,SSP_SSP3,MEX,Emissions|CO2|AFOLU,Mt CO2/yr,,,,54.5907646693698,,,-3.94303733921057,,,,,-12.7699740072534,,12.2493790052152,,,,,39.6243077049887,39.1104911054695,34.0275836726161,11.9672874353063,11.6401553119037,1.50570156313908,-9.00503695859211,-15.5409761579907,-13.2456830536445,-10.9029038849306,-11.5251540647903,-11.1115839505528,-10.0992824856416,-9.6842520035163,-9.2924591574725,-9.54808009051016,,,,Mexico,CO2
GCAM 5.3,SSP_SSP3,MEX,Emissions|CO2|Energy and Industrial Processes,Mt CO2/yr,,,,462.14296993503,,,487.596170428254,,,,,494.126346673001,,505.826479530863,,,,,454.830067339023,392.482308933548,298.895339904635,198.452655264264,51.7515214881712,-101.041163296115,-223.052843242483,-355.513439643556,-407.56601607906,-414.965681287008,-453.667457434629,-503.493607259041,-529.558290370742,-549.58159577012,-545.949851272139,-535.511636354456,,,,Mexico,CO2
GCAM 5.3,SSP_SSP3,MEX,Emissions|CO2|Energy|Demand,Mt CO2/yr,,,,265.673891973897,,,295.306627927548,,,,,296.216457901656,,326.769255375997,,,,,320.075535868058,312.366151062387,297.077988051848,277.562327549339,246.313465836755,203.537406937238,149.888958429744,105.403967331836,100.253087613601,100.133737524612,97.834136991727,96.1532314841551,94.9639168739849,93.7772526770051,99.1519574344046,108.648474952507,,,,Mexico,CO2
GCAM 5.3,SSP_SSP3,MEX,Emissions|CO2|Energy|Demand|Industry,Mt CO2/yr,,,,94.4964288322009,,,104.932607206498,,,,,104.712251253166,,124.258332893911,,,,,123.998121576811,120.194167366365,110.770790725246,97.2981572938575,76.979627659917,49.8383215608622,22.111043502469,7.60240551614997,6.52432595429029,6.15363824668933,5.35379142380003,4.82919489666096,4.50481910182515,6.13284365231577,8.89184910243377,13.5861464148647,,,,Mexico,CO2
GCAM 5.3,SSP_SSP3,MEX,Emissions|CO2|Energy|Demand|Residential and Commercial,Mt CO2/yr,,,,27.2937293409818,,,26.4858842520042,,,,,25.181640073916,,28.1261920937545,,,,,26.7509372233032,25.0973286582617,22.4389699462727,19.0078245317471,14.4482592362356,9.54253115118999,4.60916164850211,1.62355863148646,1.36345665278479,1.27001757805598,1.03177342602803,0.848960962355877,0.611639684585234,0.288420064791845,0.185659583203242,0.218561838648956,,,,Mexico,CO2
GCAM 5.3,SSP_SSP3,MEX,Emissions|CO2|Energy|Demand|Residential and Commercial|Commercial,Mt CO2/yr,,,,4.99772319463178,,,5.00320911984176,,,,,5.38167889297654,,6.15318410842297,,,,,5.82005419235071,5.36320330072281,4.6787878373239,3.82057758761568,2.74390793844652,1.66337936125948,0.705225961154661,0.221248620623137,0.184998296479353,0.171960351209911,0.13983831337349,0.11595081989919,0.0849558765090694,0.0431710358988253,0.0297020149237758,0.0333865080532043,,,,Mexico,CO2
GCAM 5.3,SSP_SSP3,MEX,Emissions|CO2|Energy|Demand|Residential and Commercial|Residential,Mt CO2/yr,,,,22.2960061463501,,,21.4826751321624,,,,,19.7999611809395,,21.9730079853316,,,,,20.9308830309524,19.7341253575389,17.7601821089488,15.1872469441314,11.704351297789,7.87915178993051,3.90393568734745,1.40231001086333,1.17845835630544,1.09805722684607,0.891935112654535,0.733010142456687,0.526683808076164,0.24524902889302,0.155957568279466,0.185175330595752,,,,Mexico,CO2
GCAM 5.3,SSP_SSP3,MEX,Emissions|CO2|Energy|Demand|Transportation,Mt CO2/yr,,,,143.883733800714,,,163.888136469046,,,,,166.322566574574,,174.384730388332,,,,,169.326477067943,167.074655037761,163.868227380329,161.256345723734,154.885578940603,144.156554225186,123.168753278773,96.1780031841995,92.3653050065262,92.7100816998668,91.4485721418989,90.4750756251383,89.8474580875745,87.3559889598975,90.0744487487676,94.8437666989935,,,,Mexico,CO2
GCAM 5.3,SSP_SSP3,MEX,Emissions|CO2|Energy|Supply,Mt CO2/yr,,,,168.697460730673,,,166.468079236847,,,,,172.329952234981,,158.320638134853,,,,,123.951642246679,73.0432096300135,-0.88884360080596,-77.7777756935502,-188.48686910655,-293.339586710523,-354.696895013719,-432.468995533754,-472.762567641542,-476.049661395764,-504.476303624911,-542.746908553382,-554.238255699373,-550.126760118914,-537.537518896575,-532.820907405971,,,,Mexico,CO2
GCAM 5.3,SSP_SSP3,MEX,Emissions|CO2|Energy|Supply|Electricity,Mt CO2/yr,,,,123.434869756596,,,121.940866679534,,,,,124.693684912229,,119.738267524941,,,,,105.314332854591,75.3517194528183,27.3066616315689,-26.8714668528937,-82.1958395405868,-136.615455533936,-178.417768427459,-211.06372200035,-238.141215167732,-255.264547517329,-285.005566274807,-309.805174102115,-331.65108871091,-326.129692864132,-313.45372437882,-317.976436320752,,,,Mexico,CO2
GCAM 5.3,SSP_SSP3,MEX,Emissions|CO2|Energy|Supply|Gases,Mt CO2/yr,,,,9.56225536903579e-08,,,-3.66065317664208e-07,,,,,-3.39839388396538e-07,,0.0256293491510631,,,,,0.0249555126604958,0.0243760650760102,0.0246740544106262,0.0213483583473289,0.0098073901247023,0.002539070078194,0.0002586860437868,1.31515041521847e-05,1.73432421763874e-05,1.67318402967063e-05,1.45604474645082e-05,1.25066339450832e-05,1.03367025060659e-05,9.14232903693767e-06,8.52668758077871e-06,7.32959829054039e-06,,,,Mexico,CO2
GCAM 5.3,SSP_SSP3,MEX,Emissions|CO2|Energy|Supply|Liquids,Mt CO2/yr,,,,45.2625908784544,,,44.5272143900451,,,,,47.6362676625915,,38.3824933837351,,,,,18.5177757922271,-2.23501604187051,-27.578705248071,-49.5141341520575,-103.343520730457,-150.626549262757,-162.731517616179,-165.013732016265,-165.853439758304,-157.020685939703,-159.594774817827,-168.736234396168,-178.36369521776,-200.204725526296,-206.625706959222,-196.074771663639,,,,Mexico,CO2
GCAM 5.3,SSP_SSP3,MEX,Emissions|CO2|Energy|Supply|Solids,Mt CO2/yr,,,,0.0,,,-1.46666737426144e-06,,,,,0.0,,0.0,,,,,0.0,0.0,0.0,-1.3933290655766e-05,-1.46666691493719e-06,-2.93332849833522e-06,0.0,0.0,0.0,0.0,-4.39998561544533e-07,-5.13332753419844e-07,-2.19999861690432e-07,0.0,0.0,-1.83333157006745e-07,,,,Mexico,CO2
GCAM 5.3,SSP_SSP3,MEX,Emissions|CO2|Industrial Processes,Mt CO2/yr,,,,27.7716172304601,,,25.8214632638587,,,,,25.5799365363642,,20.7365860200129,,,,,10.8028892242866,7.0729482411466,2.7061954535929,-1.33189659152499,-6.07507524203374,-11.2389835228299,-18.2449066585084,-28.4484114416379,-35.0565360511198,-39.0497574158563,-47.0252908014459,-56.8999301898144,-70.2839515453537,-93.2320883282105,-107.564289809968,-111.339203900991,,,,Mexico,CO2
GCAM 5.3,SSP_SSP3,MEX,Emissions|N2O|AFOLU,Mt CO2e/yr,,,,23.974382628675,,,25.199776825791474,,,,,26.067733764864816,,28.79169325913353,,,,,32.80231327557175,36.38970941803606,38.844344517870255,40.23319802454115,41.37746269846425,41.479438997713075,40.85118777665126,40.04586861264253,40.284323319210785,40.51049320211603,40.705663189012185,40.85486983893779,40.971932358543455,41.12576995105597,41.28272799018978,41.43820248892397,,,,Mexico,N2O
GCAM 5.3,SSP_SSP4,MEX,Carbon Sequestration|CCS|Biomass,Mt CO2/yr,,,,0.0,,,0.0,,,,,0.0,,0.80825756014462,,,,,8.07275876055376,33.2744504582831,75.3730622140959,130.789195418592,216.721990466779,327.136186841099,418.655263751744,489.067254545944,485.983932055521,486.152978561594,485.834427489202,486.022120698859,481.197570036821,466.722182657832,447.887518370199,434.793872992249,,,,Mexico,
GCAM 5.3,SSP_SSP4,MEX,Emissions|CH4|AFOLU,Mt CO2e/yr,,,,51.948436579356525,,,54.182490226063365,,,,,53.84379745888416,,57.2085389678698,,,,,61.11407335114844,63.92099096926424,65.03201289273753,64.71374208187616,62.519767958384236,59.56274804295201,54.18712764413452,48.94769211938592,48.79378614308044,48.52986435339868,48.0911720255036,47.498820236498965,46.82121465855064,46.021838474625156,45.13417142073952,44.11100538153652,,,,Mexico,CH4
GCAM 5.3,SSP_SSP4,MEX,Emissions|CO2|AFOLU,Mt CO2/yr,,,,54.5907646693698,,,-3.94303733921057,,,,,-12.7699740072534,,-7.93937660428053,,,,,8.35778327977306,19.2431324394014,28.6490250288426,21.7706582566603,33.3084652019511,14.189235127463,2.91802817948719,-13.5087802124174,-18.1234685546454,-15.3863170922943,-14.2158626302706,-13.58004900874,-12.8758315865146,-12.1097645018723,-11.0659746935528,-10.59436867613,,,,Mexico,CO2
GCAM 5.3,SSP_SSP4,MEX,Emissions|CO2|Energy and Industrial Processes,Mt CO2/yr,,,,462.14296993503,,,487.596170428254,,,,,494.126346673001,,520.687718639081,,,,,501.025207456289,459.576904896743,383.065267080436,273.348767972284,99.9521506412885,-106.28559205171,-288.775720120048,-426.877570956993,-422.469517346722,-423.606185982673,-423.477393670816,-425.668112630269,-425.519668754485,-424.118774575175,-410.265828416887,-393.491505269237,,,,Mexico,CO2
GCAM 5.3,SSP_SSP4,MEX,Emissions|CO2|Energy|Demand,Mt CO2/yr,,,,265.673891973897,,,295.306627927548,,,,,296.216457901656,,335.258470134366,,,,,337.519654985345,338.060610474894,330.818218497058,309.5284600356,263.571372962156,208.245650795373,148.478446752188,100.928489134368,102.592394567918,103.432802624741,105.424467703783,106.963924791598,107.760487291475,106.564633458731,110.001721636323,115.080560211413,,,,Mexico,CO2
GCAM 5.3,SSP_SSP4,MEX,Emissions|CO2|Energy|Demand|Industry,Mt CO2/yr,,,,94.4964288322009,,,104.932607206498,,,,,104.712251253166,,124.429739239676,,,,,121.908874614283,117.095187352756,108.994723167803,95.0301961611344,71.336658511298,44.9189332934536,19.9477197130099,6.56377524790215,5.76760722220443,5.18296608151082,4.62071622283904,4.19712565306936,3.9183043248989,5.2467761877506,7.76983490487391,11.3579122604286,,,,Mexico,CO2
GCAM 5.3,SSP_SSP4,MEX,Emissions|CO2|Energy|Demand|Residential and Commercial,Mt CO2/yr,,,,27.2937293409818,,,26.4858842520042,,,,,25.181640073916,,29.3745854914161,,,,,27.211584786216,25.8451527092352,23.7385625964346,20.2110162473139,14.4816782763918,8.93698192312877,3.99822889115608,1.18863998528456,1.03338581947655,0.886286991509085,0.753088866576502,0.628433259366011,0.474914736527967,0.258950496661767,0.153058473453426,0.121573470918733,,,,Mexico,CO2
GCAM 5.3,SSP_SSP4,MEX,Emissions|CO2|Energy|Demand|Residential and Commercial|Commercial,Mt CO2/yr,,,,4.99772319463178,,,5.00320911984176,,,,,5.38167889297654,,6.46940076998016,,,,,5.84154585113775,5.43231383049211,4.9049216399404,4.08576794706656,2.81178341686434,1.63865185438076,0.662424033031915,0.180112062210161,0.158073565611401,0.137819865568501,0.119120281988484,0.101510727982537,0.0789519390318459,0.0465682370944044,0.0303691932345276,0.0248877856200932,,,,Mexico,CO2
GCAM 5.3,SSP_SSP4,MEX,Emissions|CO2|Energy|Demand|Residential and Commercial|Residential,Mt CO2/yr,,,,22.2960061463501,,,21.4826751321624,,,,,19.7999611809395,,22.9051847214359,,,,,21.3700389350783,20.4128388787431,18.8336409564942,16.1252483002474,11.6698948595274,7.29833006874801,3.33580485812416,1.0085279230744,0.875312253865145,0.748467125940584,0.633968584588018,0.526922531383474,0.395962797496122,0.212382259567363,0.122689280218899,0.0966856852986401,,,,Mexico,CO2
GCAM 5.3,SSP_SSP4,MEX,Emissions|CO2|Energy|Demand|Transportation,Mt CO2/yr,,,,143.883733800714,,,163.888136469046,,,,,166.322566574574,,181.454145403273,,,,,188.399195584846,195.120270412902,198.084932732821,194.287247627151,177.753036174466,154.38973557879,124.532498148022,93.1760739011809,95.7914015262369,97.3635495517211,100.050662614367,102.138365879162,103.367268230048,101.058906774318,102.078828257996,103.601074480065,,,,Mexico,CO2
GCAM 5.3,SSP_SSP4,MEX,Emissions|CO2|Energy|Supply,Mt CO2/yr,,,,168.697460730673,,,166.468079236847,,,,,172.329952234981,,163.083092476912,,,,,149.736273617101,110.056133336483,43.2434034032485,-41.6515081629226,-162.167818070771,-303.949339686964,-415.882989742925,-494.148305257702,-488.368630821261,-486.730869730004,-485.226696832199,-484.858548801491,-479.522655631981,-464.847292014056,-446.02246442979,-431.34292909053,,,,Mexico,CO2
GCAM 5.3,SSP_SSP4,MEX,Emissions|CO2|Energy|Supply|Electricity,Mt CO2/yr,,,,123.434869756596,,,121.940866679534,,,,,124.693684912229,,119.234393817973,,,,,106.916581651718,74.2234173109774,23.4722883339958,-34.6648960680631,-98.6884478341578,-154.224596551744,-195.202692614215,-220.275877602505,-235.741698226358,-246.269197758358,-260.272970686055,-269.383718656547,-274.60563530261,-262.72215197871,-243.039995578268,-227.552775442193,,,,Mexico,CO2
GCAM 5.3,SSP_SSP4,MEX,Emissions|CO2|Energy|Supply|Gases,Mt CO2/yr,,,,9.56225536903579e-08,,,-3.66065317664208e-07,,,,,-3.39839388396538e-07,,0.0271471849901804,,,,,0.0267323948111075,0.0272792482577889,0.0289581155764799,0.0255315785332187,0.0113874981529282,0.0035811452272683,0.0004776266031023,3.92807662293469e-05,4.04037802022999e-05,4.05481485255227e-05,4.06534914123729e-05,3.82860420197486e-05,3.60747878666329e-05,3.76338407451646e-05,3.76177821361899e-05,3.30269322450216e-05,,,,Mexico,CO2
GCAM 5.3,SSP_SSP4,MEX,Emissions|CO2|Energy|Supply|Liquids,Mt CO2/yr,,,,45.2625908784544,,,44.5272143900451,,,,,47.6362676625915,,43.6451606606207,,,,,42.8002610728878,36.479724898165,21.8373354574876,-2.55048803869515,-53.5044632704859,-130.63035850276,-187.391291253652,-199.982547045629,-185.169052796177,-176.822485362462,-168.880290279528,-164.210588674564,-163.571755586044,-175.852272517443,-181.730057690342,-177.651608027085,,,,Mexico,CO2
GCAM 5.3,SSP_SSP4,MEX,Emissions|CO2|Energy|Supply|Solids,Mt CO2/yr,,,,0.0,,,-1.46666737426144e-06,,,,,0.0,,0.0,,,,,0.0,-1.09999864509953e-05,-8.06665391399877e-06,-5.8666558748023e-06,0.0,0.0,0.0,-4.76665898106086e-07,-3.66666776938555e-08,-1.83333286031374e-07,-2.56667005467575e-07,-3.29999395019835e-07,0.0,-4.03333336125207e-07,0.0,-7.33332390023245e-08,,,,Mexico,CO2
GCAM 5.3,SSP_SSP4,MEX,Emissions|CO2|Industrial Processes,Mt CO2/yr,,,,27.7716172304601,,,25.8214632638587,,,,,25.5799365363642,,22.346156027803,,,,,13.7692788538432,11.4601610853661,9.00364518012887,5.47181609960712,-1.45140425009669,-10.5819031601186,-21.3711771293114,-33.6577548336579,-36.6932810933786,-40.3081188774097,-43.6751645423995,-47.7734886203761,-53.7575004139788,-65.83611601985,-74.2450856234196,-77.2291363901196,,,,Mexico,CO2
GCAM 5.3,SSP_SSP4,MEX,Emissions|N2O|AFOLU,Mt CO2e/yr,,,,23.974382628675,,,25.199776825791474,,,,,26.067733764864816,,28.27958282264197,,,,,31.20675501437348,34.31610836332415,36.90440148109178,38.812626626077396,40.572186771992975,41.464213885347164,41.19967459047585,40.62843659795002,40.72825299352282,40.7826910753929,40.77860303922514,40.714490700883815,40.62781225076847,40.478521568553155,40.30945290624689,40.072664776622474,,,,Mexico,N2O
GCAM 5.3,SSP_SSP5,MEX,Carbon Sequestration|CCS|Biomass,Mt CO2/yr,,,,0.0,,,0.0,,,,,0.0,,0.7937780388283,,,,,13.1284898268323,48.5915903174169,110.702161103165,193.72435723257,317.303111711735,418.157468777179,494.437092028463,591.820445141936,575.4237569165,561.167562944133,535.905951850691,504.427036552966,481.797931912815,480.502835891292,478.434780208445,467.391846834805,,,,Mexico,
GCAM 5.3,SSP_SSP5,MEX,Emissions|CH4|AFOLU,Mt CO2e/yr,,,,51.948436579356525,,,54.182490226063365,,,,,53.84379745888416,,57.02440927370068,,,,,61.10893390964124,64.06642275438972,64.60492637569544,63.80825357178132,61.36481409945432,57.5966890297582,52.571024825665354,47.98759700845264,47.64918598816516,47.215245789333444,46.72945182571568,46.15040566045532,45.3439066727234,44.325182635904795,43.206201912373636,41.93768309909332,,,,Mexico,CH4
GCAM 5.3,SSP_SSP5,MEX,Emissions|CO2|AFOLU,Mt CO2/yr,,,,54.5907646693698,,,-3.94303733921057,,,,,-12.7699740072534,,-12.2365632061869,,,,,19.6824214689,43.4850362023967,52.2169049627195,28.7946229067583,16.786167384541,-0.321212030615267,-12.2258399088031,-17.4153019276124,-13.038034815059,-11.64199085926,-11.17559416915,-10.8931471529605,-10.8126145586359,-10.9554938723359,-10.3238806511711,-9.68113555747478,,,,Mexico,CO2
GCAM 5.3,SSP_SSP5,MEX,Emissions|CO2|Energy and Industrial Processes,Mt CO2/yr,,,,462.14296993503,,,487.596170428254,,,,,494.126346673001,,522.047757351068,,,,,498.173036174853,455.736384530097,367.482714992403,227.982776188161,4.71354626214256,-189.817989609747,-354.35944286353,-505.847834787293,-489.88769376166,-486.799925907725,-474.083314965462,-437.344811780126,-406.611510239011,-394.87104214199,-387.73141373462,-375.630633656467,,,,Mexico,CO2
GCAM 5.3,SSP_SSP5,MEX,Emissions|CO2|Energy|Demand,Mt CO2/yr,,,,265.673891973897,,,295.306627927548,,,,,296.216457901656,,337.524232308447,,,,,342.463417472914,353.482145689551,354.703577365945,331.943606466195,276.843142265793,215.864065927616,154.553390808326,116.798840647498,120.097907223619,118.133415272669,118.316869300758,128.421759459692,139.771193185223,150.76784944912,158.585108075055,163.086453090101,,,,Mexico,CO2
GCAM 5.3,SSP_SSP5,MEX,Emissions|CO2|Energy|Demand|Industry,Mt CO2/yr,,,,94.4964288322009,,,104.932607206498,,,,,104.712251253166,,125.887062953906,,,,,123.681102789878,121.526117865203,113.556663981772,95.6306368445437,67.7503889209173,36.715543899403,12.2997709894943,4.03910117453339,3.45498288330173,3.05581626033215,4.08688998554792,7.4169590700945,11.6717703277907,18.09183684893,22.6976212708064,25.956249243243,,,,Mexico,CO2
GCAM 5.3,SSP_SSP5,MEX,Emissions|CO2|Energy|Demand|Residential and Commercial,Mt CO2/yr,,,,27.2937293409818,,,26.4858842520042,,,,,25.181640073916,,30.8743815466114,,,,,29.534405349503,29.6759508003958,27.6131498282575,22.605058228186,15.0669753297977,8.41414173486861,3.38584064329439,1.09648933266948,0.860466930614498,0.535589571814367,0.217485098462955,0.132117713727319,0.0993938136735066,0.0777369944232832,0.0640804499069215,0.0482051081612254,,,,Mexico,CO2
GCAM 5.3,SSP_SSP5,MEX,Emissions|CO2|Energy|Demand|Residential and Commercial|Commercial,Mt CO2/yr,,,,4.99772319463178,,,5.00320911984176,,,,,5.38167889297654,,6.80077340997305,,,,,6.32354989595314,6.17568561262571,5.55574013971871,4.34117757948002,2.70712897353047,1.37262441209879,0.493883655596625,0.150748467788721,0.119582537875922,0.0783152613610028,0.0378254096059409,0.0265980887653746,0.0213010313918617,0.0169942110281889,0.0142236723165702,0.0110162389005582,,,,Mexico,CO2
GCAM 5.3,SSP_SSP5,MEX,Emissions|CO2|Energy|Demand|Residential and Commercial|Residential,Mt CO2/yr,,,,22.2960061463501,,,21.4826751321624,,,,,19.7999611809395,,24.0736081366384,,,,,23.2108554535498,23.5002651877701,22.0574096885388,18.263880648706,12.3598463562672,7.04151732276981,2.89195698769776,0.945740864880759,0.740884392738577,0.457274310453364,0.179659688857014,0.105519624961945,0.0780927822816448,0.0607427833950943,0.0498567775903513,0.0371888692606672,,,,Mexico,CO2
GCAM 5.3,SSP_SSP5,MEX,Emissions|CO2|Energy|Demand|Transportation,Mt CO2/yr,,,,143.883733800714,,,163.888136469046,,,,,166.322566574574,,180.76278780793,,,,,189.247909333533,202.280077023953,213.533763555916,213.707911393465,194.025778015078,170.734380293344,138.867779175537,111.663250140295,115.782457409702,114.542009440523,114.012494216747,120.87268267587,128.000029043758,132.598275605766,135.823406354341,137.081998738697,,,,Mexico,CO2
GCAM 5.3,SSP_SSP5,MEX,Emissions|CO2|Energy|Supply,Mt CO2/yr,,,,168.697460730673,,,166.468079236847,,,,,172.329952234981,,163.00755166275,,,,,143.227483685582,91.4700637673221,4.11616578763793,-108.926005909034,-268.486497635779,-392.586383664695,-484.534339540328,-586.986584828766,-570.166422107769,-555.390669226419,-529.379836081063,-496.037906344711,-472.529924195037,-469.117622764106,-467.72026335883,-457.783056164114,,,,Mexico,CO2
GCAM 5.3,SSP_SSP5,MEX,Emissions|CO2|Energy|Supply|Electricity,Mt CO2/yr,,,,123.434869756596,,,121.940866679534,,,,,124.693684912229,,118.887433570068,,,,,100.408917610827,54.8630457283972,-16.0498469422228,-94.4202393563045,-166.643030274976,-218.420322064381,-253.909258786995,-267.623133785204,-289.635812928014,-296.893133615565,-288.855119452794,-272.859144379787,-263.402574048976,-268.007076450761,-266.854086493082,-255.511741806982,,,,Mexico,CO2
GCAM 5.3,SSP_SSP5,MEX,Emissions|CO2|Energy|Supply|Gases,Mt CO2/yr,,,,9.56225536903579e-08,,,-3.66065317664208e-07,,,,,-3.39839388396538e-07,,0.0216803361145849,,,,,0.0150990731561526,0.01349108464456,0.0111911341617437,0.0066329515108591,0.0020712969318419,0.0003947636282458,3.32344508736839e-05,2.53594128224672e-06,1.90645694053628e-06,1.42033577890976e-06,1.14034464700281e-06,8.47569735093966e-07,5.55602082180166e-07,3.2042482284176e-07,2.07883344291284e-07,1.43334479152023e-07,,,,Mexico,CO2
GCAM 5.3,SSP_SSP5,MEX,Emissions|CO2|Energy|Supply|Liquids,Mt CO2/yr,,,,45.2625908784544,,,44.5272143900451,,,,,47.6362676625915,,43.9400592469473,,,,,42.8813964757406,37.3241243883479,22.5507936988943,-9.40249580865715,-91.329256807776,-156.639478754525,-194.014508052485,-193.856329279106,-183.388557617579,-190.14026300254,-202.271763371275,-195.274997740988,-184.669085766321,-172.534794945497,-167.924108284069,-166.332821636778,,,,Mexico,CO2
GCAM 5.3,SSP_SSP5,MEX,Emissions|CO2|Energy|Supply|Solids,Mt CO2/yr,,,,0.0,,,-1.46666737426144e-06,,,,,0.0,,0.0,,,,,-1.72333137783114e-05,0.0,0.0,-9.16664534878465e-06,0.0,-7.33334523784204e-07,-1.57666076347885e-06,0.0,-2.56666708402567e-07,-3.29999994158696e-07,-2.56666431627931e-07,-3.66667167459575e-08,0.0,-2.56666038394876e-07,-1.46666721710181e-07,0.0,,,,Mexico,CO2
GCAM 5.3,SSP_SSP5,MEX,Emissions|CO2|Industrial Processes,Mt CO2/yr,,,,27.7716172304601,,,25.8214632638587,,,,,25.5799365363642,,21.5159733798708,,,,,12.4821350163568,10.7841750732235,8.66297183882009,4.96517563100032,-3.64309836787145,-13.0956718726671,-24.3784941315278,-35.6600906060246,-39.8191788775099,-49.5426719539746,-63.0203481851571,-69.7286648951065,-73.8527792291969,-76.5212688270037,-78.5962584508441,-80.9340305824542,,,,Mexico,CO2
GCAM 5.3,SSP_SSP5,MEX,Emissions|N2O|AFOLU,Mt CO2e/yr,,,,23.974382628675,,,25.199776825791474,,,,,26.067733764864816,,28.3785275850056,,,,,32.19613628792461,36.56248704834507,39.811732224086825,42.23490156530544,43.82649055731083,44.57949839385943,44.800325026880245,44.8170469606213,45.332078784765585,45.67412055153839,45.66805876260646,45.876427101931604,46.02406260894651,45.97725044661649,45.9097457109676,45.74758059222924,,,,Mexico,N2O
GCAM5.2_NET,GCAM_1.5C_high_os_high-cost-DAC,MEX,Carbon Sequestration|CCS|Biomass,Mt CO2/yr,,,,0.0,,,0.0,,,,,0.0,,0.0,,,,,0.184779168131438,1.00792337429606,14.5761015011,74.464821850616,317.770827655675,380.660871319951,374.867332619399,401.01080171246,385.916871122846,390.484759146232,403.385065404637,415.484045576525,420.980883790286,429.570023975383,422.222470236324,413.888445291186,,,,Mexico,
GCAM5.2_NET,GCAM_1.5C_high_os_high-cost-DAC,MEX,Carbon Sequestration|Direct Air Capture,Mt CO2/yr,,,,0.0,,,0.0,,,,,0.0,,0.0,,,,,0.0,0.0,0.0,0.0,4.420387e-09,4.59756,168.8896,645.4727,280.4348,327.0418,430.1294,469.4544,420.266,435.9887,381.0657,414.271,,,,Mexico,
GCAM5.2_NET,GCAM_1.5C_high_os_high-cost-DAC,MEX,Emissions|CH4|AFOLU,Mt CO2e/yr,,,,70.781779197752,,,77.62046039254948,,,,,85.006238519986,,93.29835996766292,,,,,101.58595006962165,106.97287974725772,110.15903890318543,113.06055665727789,112.45986674133849,113.96334169554797,113.6122365145628,112.74926889221464,112.02240085146263,111.293954914422,110.34437707709219,109.11653636373559,107.77714728898684,106.3464512022598,105.01356375778128,103.81418815392968,,,,Mexico,CH4
GCAM5.2_NET,GCAM_1.5C_high_os_high-cost-DAC,MEX,Emissions|CO2|AFOLU,Mt CO2/yr,,,,54.8685306966429,,,-4.1161242123837,,,,,0.405287294474951,,19.2544479893372,,,,,20.7496031506602,35.485613181223,65.6448166607032,84.6328915522676,95.4476779942366,-10.539247099343,-22.235230901058,-17.3843678696938,-14.2094282089912,-12.5497796411718,-11.5829569641744,-10.8568595064626,-10.1007433836226,-9.28673542386327,-8.42111837743057,-7.85498667221842,,,,Mexico,CO2
GCAM5.2_NET,GCAM_1.5C_high_os_high-cost-DAC,MEX,Emissions|CO2|Energy and Industrial Processes,Mt CO2/yr,,,,434.964652587823,,,457.500847672493,,,,,507.210069561568,,562.457436209668,,,,,605.697591730979,618.7341945381,546.182482003135,379.40170612067,-100.943759488075,-210.874788885904,-358.573668447981,-862.992120528529,-475.824301090187,-519.972794814113,-636.957119057614,-691.852030565395,-644.072835477053,-659.437808907584,-585.941889573733,-603.62901847763,,,,Mexico,CO2
GCAM5.2_NET,GCAM_1.5C_high_os_high-cost-DAC,MEX,Emissions|CO2|Energy|Demand,Mt CO2/yr,,,,232.994781814535,,,264.548278500513,,,,,286.587095168152,,313.50973243203,,,,,341.307604243098,360.08548065958,348.148950072071,313.539395983922,202.760216376646,186.119215999607,193.469146707305,194.81415174444,195.780058413771,204.060303826404,208.27672744373,212.137042029361,221.073871922379,232.50566349139,244.175978702823,257.262225213401,,,,Mexico,CO2
GCAM5.2_NET,GCAM_1.5C_high_os_high-cost-DAC,MEX,Emissions|CO2|Energy|Demand|Industry,Mt CO2/yr,,,,64.8211802531282,,,76.3076448547871,,,,,81.4213194096812,,89.868360757423,,,,,99.2720284782641,104.696209755564,94.4015566108036,74.4496543374858,38.3834664050133,28.2040572593091,28.3736895953403,26.9866534279227,25.4910360777605,25.2798761212628,25.5555406221218,26.9236772776217,29.0301291723777,31.3506565692349,34.1983919331316,38.1489770352112,,,,Mexico,CO2
GCAM5.2_NET,GCAM_1.5C_high_os_high-cost-DAC,MEX,Emissions|CO2|Energy|Demand|Residential and Commercial,Mt CO2/yr,,,,27.3043948953866,,,26.4436624418561,,,,,28.3346035952123,,30.9351198552989,,,,,33.7145497861708,34.09233891715,28.5235015239159,21.3464864501773,10.0229057706131,7.35406273448068,6.98282203036093,6.11090708477569,5.16553707428722,4.62830139257864,3.98489695457961,3.44375951174702,3.14005984133628,2.94594885275677,2.78944111672809,2.72514846633793,,,,Mexico,CO2
GCAM5.2_NET,GCAM_1.5C_high_os_high-cost-DAC,MEX,Emissions|CO2|Energy|Demand|Residential and Commercial|Commercial,Mt CO2/yr,,,,4.99986374537334,,,5.02915865028452,,,,,5.34807826634352,,5.85806847263739,,,,,6.44678756750947,6.50621928210619,5.21431159246986,3.68748934095681,1.59816671946885,1.12069285540979,1.0667417773963,0.939972006619975,0.804379468290965,0.729844444324548,0.639732229506514,0.563648525199824,0.521100945180813,0.494292626597645,0.476006581151511,0.473541267056047,,,,Mexico,CO2
GCAM5.2_NET,GCAM_1.5C_high_os_high-cost-DAC,MEX,Emissions|CO2|Energy|Demand|Residential and Commercial|Residential,Mt CO2/yr,,,,22.3045311500133,,,21.4145037915716,,,,,22.9865253288688,,25.0770513826615,,,,,27.2677622186614,27.5861196350438,23.3091899314461,17.6589971092205,8.4247390511442,6.23336987907088,5.91608025296463,5.17093507815572,4.36115760599625,3.89845694825409,3.34516472507309,2.8801109865472,2.61895889615546,2.45165622615912,2.31343453557658,2.25160719928188,,,,Mexico,CO2
GCAM5.2_NET,GCAM_1.5C_high_os_high-cost-DAC,MEX,Emissions|CO2|Energy|Demand|Transportation,Mt CO2/yr,,,,140.86920666602,,,161.796971203869,,,,,176.831172163259,,192.706251819308,,,,,208.321025978663,221.296931986866,225.223891937351,217.743255196259,154.35384420102,150.561096005817,158.112635081603,161.716591231742,165.123485261723,174.152126312563,178.736289867029,181.769605239992,188.903682908665,198.209058069399,207.188145652964,216.388099711852,,,,Mexico,CO2
GCAM5.2_NET,GCAM_1.5C_high_os_high-cost-DAC,MEX,Emissions|CO2|Energy|Supply,Mt CO2/yr,,,,171.155991172381,,,162.618528244995,,,,,186.577298146446,,211.318606775987,,,,,226.484459657488,227.247153295457,179.147159749169,53.5648169870064,-293.575416605898,-376.338643301114,-366.068142747617,-391.913631228995,-365.809800075787,-368.433341565789,-380.825420386804,-394.061118646888,-400.864065036496,-409.851030776282,-400.258572184045,-394.871799224624,,,,Mexico,CO2
GCAM5.2_NET,GCAM_1.5C_high_os_high-cost-DAC,MEX,Emissions|CO2|Energy|Supply|Electricity,Mt CO2/yr,,,,119.00019814495,,,117.760930372215,,,,,142.417435555938,,165.770070573873,,,,,179.915677537834,182.25299468197,144.151590709626,57.9562039009784,-72.5943605023162,-114.203616308937,-130.746739793039,-155.855189259079,-142.680802720944,-149.072216317579,-158.032346208275,-167.650005872833,-177.750820117331,-192.951375761187,-187.305144388379,-178.881671495247,,,,Mexico,CO2
GCAM5.2_NET,GCAM_1.5C_high_os_high-cost-DAC,MEX,Emissions|CO2|Energy|Supply|Gases,Mt CO2/yr,,,,-1.10216436342739e-07,,,-1.63668732061668e-08,,,,,0.0131409321152084,,0.0396965140620624,,,,,0.0893321632956279,0.0692169206414435,0.0298833539199804,0.0149412756992344,0.0017279291228001,0.0015788181317067,0.0038019264592145,0.0082082913608847,0.0072651556386118,0.0092062870225929,0.0153831612622227,0.028796491807834,0.039870740584949,0.0526501909092041,0.0538989416264983,0.0472831455424434,,,,Mexico,CO2
GCAM5.2_NET,GCAM_1.5C_high_os_high-cost-DAC,MEX,Emissions|CO2|Energy|Supply|Liquids,Mt CO2/yr,,,,52.15581,,,44.8576,,,,,44.14672,,45.17811,,,,,45.8088,44.2295,36.04882,2.512157,-178.5655,-215.1416,-212.5925,-222.948,-213.2327,-210.3353,-213.7592,-217.5041,-214.6923,-209.1915,-205.4879,-208.0328,,,,Mexico,CO2
GCAM5.2_NET,GCAM_1.5C_high_os_high-cost-DAC,MEX,Emissions|CO2|Energy|Supply|Solids,Mt CO2/yr,,,,-1.686662e-05,,,0.0,,,,,-2.566661e-06,,0.0,,,,,-1.466669e-06,0.0,0.0,0.0,-1.833331e-06,-2.933327e-06,0.0,-3.666652e-06,0.0,-1.833329e-06,0.0,-3.666663e-06,-4.03332e-06,0.0,0.0,-3.666658e-07,,,,Mexico,CO2
GCAM5.2_NET,GCAM_1.5C_high_os_high-cost-DAC,MEX,Emissions|CO2|Industrial Processes,Mt CO2/yr,,,,30.81388,,,30.33404,,,,,34.04568,,37.6291,,,,,37.90553,31.40156,18.88637,12.29749,-10.12856,-20.65636,-186.0103,-665.9995,-305.8345,-355.6414,-464.4735,-510.0291,-464.3832,-482.1911,-429.9219,-466.0558,,,,Mexico,CO2
GCAM5.2_NET,GCAM_1.5C_high_os_high-cost-DAC,MEX,Emissions|N2O|AFOLU,Mt CO2e/yr,,,,29.675646,,,31.6257942,,,,,34.3855239,,37.5751467,,,,,40.763786700000004,43.6867977,47.306477400000006,52.0333086,55.6841922,57.0529323,57.439609499999996,57.6748263,57.8531226,57.9459153,57.991479,57.9627867,57.8883396,57.7820061,57.665926500000005,57.509961600000004,,,,Mexico,N2O
GCAM5.2_NET,GCAM_1.5C_high_os_low-cost-DAC,MEX,Carbon Sequestration|CCS|Biomass,Mt CO2/yr,,,,0.0,,,0.0,,,,,0.0,,0.0,,,,,0.184779168131438,1.00792337429606,14.5761015011,74.464821850616,202.053423187603,228.113173981271,264.654040871422,266.070497433851,269.313079152834,274.867370233466,281.527124884911,291.708051408969,302.298434356235,310.830726031481,315.270275715094,313.324753461341,,,,Mexico,
GCAM5.2_NET,GCAM_1.5C_high_os_low-cost-DAC,MEX,Carbon Sequestration|Direct Air Capture,Mt CO2/yr,,,,0.0,,,0.0,,,,,0.0,,0.0,,,,,0.0,0.0,0.0,2.162072e-09,0.9855781,231.821,897.9594,542.9087,450.3547,592.0714,671.5537,695.7537,566.9401,546.964,492.0264,481.4077,,,,Mexico,
GCAM5.2_NET,GCAM_1.5C_high_os_low-cost-DAC,MEX,Emissions|CH4|AFOLU,Mt CO2e/yr,,,,70.781779197752,,,77.62046039254948,,,,,85.006238519986,,93.29835996766292,,,,,101.58595006962165,106.97287974725772,110.15903890318543,113.06055665724988,114.37843855062884,117.8367366959034,117.57098054605848,116.85398837778904,116.14137573036936,115.39575245716533,114.36127200402855,113.108619444912,111.74326819037115,110.283711973029,108.9382492145192,107.75720166593143,,,,Mexico,CH4
GCAM5.2_NET,GCAM_1.5C_high_os_low-cost-DAC,MEX,Emissions|CO2|AFOLU,Mt CO2/yr,,,,54.8685306966429,,,-4.1161242123837,,,,,0.405287294474951,,19.2544479893372,,,,,20.7496031506602,35.485613181223,65.6448166607032,84.6328948522309,61.9577009228431,-13.768598186492,-15.5673945619688,-14.1736272710186,-12.7758067504589,-11.1021948240893,-10.3768894855294,-9.66979015221537,-9.16172792904782,-8.39987874825015,-7.69090525911156,-7.05971582609701,,,,Mexico,CO2
GCAM5.2_NET,GCAM_1.5C_high_os_low-cost-DAC,MEX,Emissions|CO2|Energy and Industrial Processes,Mt CO2/yr,,,,434.964652587823,,,457.500847672493,,,,,507.210069561568,,562.457436209668,,,,,605.697591730979,618.7341945381,546.182482003135,379.401706675643,113.248547477695,-149.529899450236,-850.84781796327,-503.184284169449,-411.306812109086,-550.783922682097,-632.763219419032,-665.076397877824,-542.515341789696,-524.387966751067,-465.35731537833,-446.089975730674,,,,Mexico,CO2
GCAM5.2_NET,GCAM_1.5C_high_os_low-cost-DAC,MEX,Emissions|CO2|Energy|Demand,Mt CO2/yr,,,,232.994781814535,,,264.548278500513,,,,,286.587095168152,,313.50973243203,,,,,341.307604243098,360.08548065958,348.148950072071,313.539396335533,252.542206456545,255.386169238817,260.487825742994,263.925729822309,271.924077599413,282.233542558612,290.088931440089,297.739107781105,307.555391221723,318.692784780437,331.906022155967,346.403095389307,,,,Mexico,CO2
GCAM5.2_NET,GCAM_1.5C_high_os_low-cost-DAC,MEX,Emissions|CO2|Energy|Demand|Industry,Mt CO2/yr,,,,64.8211802531282,,,76.3076448547871,,,,,81.4213194096812,,89.868360757423,,,,,99.2720284782641,104.696209755564,94.4015566108036,74.4496548158848,51.5300362628822,49.511743908954,48.7507104674951,46.9894906828492,45.8152993704654,45.818592438297,46.377948277389,48.3517794217218,51.2905881277958,55.1641503667094,60.1931533113417,66.4878945793095,,,,Mexico,CO2
GCAM5.2_NET,GCAM_1.5C_high_os_low-cost-DAC,MEX,Emissions|CO2|Energy|Demand|Residential and Commercial,Mt CO2/yr,,,,27.3043948953866,,,26.4436624418561,,,,,28.3346035952123,,30.9351198552989,,,,,33.7145497861708,34.09233891715,28.5235015239159,21.3464867910294,14.0970744333337,12.8631616801737,12.214116007404,11.2690923551401,10.4499453072797,9.62855396053045,8.89459969174167,8.24916158921796,7.64485215737617,7.15794157561798,6.78974209932092,6.61964683386598,,,,Mexico,CO2
GCAM5.2_NET,GCAM_1.5C_high_os_low-cost-DAC,MEX,Emissions|CO2|Energy|Demand|Residential and Commercial|Commercial,Mt CO2/yr,,,,4.99986374537334,,,5.02915865028452,,,,,5.34807826634352,,5.85806847263739,,,,,6.44678756750947,6.50621928210619,5.21431159246986,3.6874893986833,2.31928012980638,2.10668246671555,2.01443970929535,1.86809517454701,1.73629311379175,1.60415487533671,1.49056152811428,1.39554640655063,1.30571730304684,1.23765069087222,1.19242163685405,1.18465456649313,,,,Mexico,CO2
GCAM5.2_NET,GCAM_1.5C_high_os_low-cost-DAC,MEX,Emissions|CO2|Energy|Demand|Residential and Commercial|Residential,Mt CO2/yr,,,,22.3045311500133,,,21.4145037915716,,,,,22.9865253288688,,25.0770513826615,,,,,27.2677622186614,27.5861196350438,23.3091899314461,17.6589973923461,11.7777943035274,10.7564792134582,10.1996762981087,9.40099718059306,8.71365219348796,8.02439908519373,7.40403816362739,6.85361518266733,6.33913485432933,5.92029088474576,5.59732046246687,5.43499226737284,,,,Mexico,CO2
GCAM5.2_NET,GCAM_1.5C_high_os_low-cost-DAC,MEX,Emissions|CO2|Energy|Demand|Transportation,Mt CO2/yr,,,,140.86920666602,,,161.796971203869,,,,,176.831172163259,,192.706251819308,,,,,208.321025978663,221.296931986866,225.223891937351,217.743254728619,186.915095760329,193.011263649689,199.522999268095,205.66714678432,215.658832921668,226.786396159785,234.816383470958,241.138166770165,248.619950936551,256.37069283811,264.923126745305,273.295553976132,,,,Mexico,CO2
GCAM5.2_NET,GCAM_1.5C_high_os_low-cost-DAC,MEX,Emissions|CO2|Energy|Supply,Mt CO2/yr,,,,171.155991172381,,,162.618528244995,,,,,186.577298146446,,211.318606775987,,,,,226.484459657488,227.247153295457,179.147159749169,53.5648163918921,-138.335324693784,-171.18745452413,-209.685995231444,-218.077084034524,-225.402071180157,-232.546108341015,-240.6927042351,-253.482296436516,-267.063904757737,-277.516430826949,-284.067271226994,-286.844136124329,,,,Mexico,CO2
GCAM5.2_NET,GCAM_1.5C_high_os_low-cost-DAC,MEX,Emissions|CO2|Energy|Supply|Electricity,Mt CO2/yr,,,,119.00019814495,,,117.760930372215,,,,,142.417435555938,,165.770070573873,,,,,179.915677537834,182.25299468197,144.151590709626,57.9562053733004,-26.2187816391302,-52.3920414346723,-78.6093805533691,-85.1850749468526,-94.3374060093381,-106.341692058691,-116.882106288874,-128.971419099642,-142.10459058761,-151.388514167814,-154.259840544485,-150.264580687643,,,,Mexico,CO2
GCAM5.2_NET,GCAM_1.5C_high_os_low-cost-DAC,MEX,Emissions|CO2|Energy|Supply|Gases,Mt CO2/yr,,,,-1.10216436342739e-07,,,-1.63668732061668e-08,,,,,0.0131409321152084,,0.0396965140620624,,,,,0.0893321632956279,0.0692169206414435,0.0298833539199804,0.0149412751902139,0.0056837516179209,0.0170577926343489,0.0403314311896987,0.0385462164530843,0.0420022432448976,0.0550847388355729,0.101402380121953,0.174992519500753,0.214257359057683,0.255002165681345,0.249731039444713,0.205628340330855,,,,Mexico,CO2
GCAM5.2_NET,GCAM_1.5C_high_os_low-cost-DAC,MEX,Emissions|CO2|Energy|Supply|Liquids,Mt CO2/yr,,,,52.15581,,,44.8576,,,,,44.14672,,45.17811,,,,,45.8088,44.2295,36.04882,2.512155,-88.83829,-105.7373,-123.1057,-127.0305,-126.5596,-121.6796,-118.6831,-119.1857,-119.9506,-121.3812,-124.9627,-130.701,,,,Mexico,CO2
GCAM5.2_NET,GCAM_1.5C_high_os_low-cost-DAC,MEX,Emissions|CO2|Energy|Supply|Solids,Mt CO2/yr,,,,-1.686662e-05,,,0.0,,,,,-2.566661e-06,,0.0,,,,,-1.466669e-06,0.0,0.0,0.0,0.0,-2.163313e-05,0.0,0.0,0.0,-3.666657e-07,-2.199992e-06,0.0,0.0,0.0,-2.933326e-06,0.0,,,,Mexico,CO2
GCAM5.2_NET,GCAM_1.5C_high_os_low-cost-DAC,MEX,Emissions|CO2|Industrial Processes,Mt CO2/yr,,,,30.81388,,,30.33404,,,,,34.04568,,37.6291,,,,,37.90553,31.40156,18.88637,12.29749,-0.958774,-233.8435,-902.0538,-549.2283,-457.9629,-600.6389,-682.4379,-709.7303,-583.3308,-565.8444,-513.3775,-505.7504,,,,Mexico,CO2
GCAM5.2_NET,GCAM_1.5C_high_os_low-cost-DAC,MEX,Emissions|N2O|AFOLU,Mt CO2e/yr,,,,29.675646,,,31.6257942,,,,,34.3855239,,37.5751467,,,,,40.763786700000004,43.6867977,47.306477400000006,52.0333086,55.3950579,57.039882899999995,57.544578,57.843076200000006,58.0099065,58.1095788,58.1580636,58.108732499999995,58.0298082,57.896420400000004,57.7453968,57.523284,,,,Mexico,N2O
GCAM5.2_NET,GCAM_1.5C_low_os_high-cost-DAC,MEX,Carbon Sequestration|CCS|Biomass,Mt CO2/yr,,,,0.0,,,0.0,,,,,0.0,,0.0,,,,,9.18646310375695,79.6006274217107,379.499287931889,429.92611727948,390.231772632903,423.564165512115,421.644195971224,407.598440104428,391.087883633045,395.500069500476,409.114340370415,406.008731658262,404.455186934383,404.054492580123,399.76302529929,397.219916765565,,,,Mexico,
GCAM5.2_NET,GCAM_1.5C_low_os_high-cost-DAC,MEX,Carbon Sequestration|Direct Air Capture,Mt CO2/yr,,,,0.0,,,0.0,,,,,0.0,,0.0,,,,,0.0,0.0,2.771032e-09,0.006619801,0.04021894,0.2325001,4.146744,127.2564,133.8627,90.14171,162.199,104.3992,104.9917,120.3954,90.34887,25.09383,,,,Mexico,
GCAM5.2_NET,GCAM_1.5C_low_os_high-cost-DAC,MEX,Emissions|CH4|AFOLU,Mt CO2e/yr,,,,70.781779197752,,,77.62046039254948,,,,,85.006238519986,,93.29835996766292,,,,,97.59768315385368,102.51519691773863,102.8192144109634,105.44387827465745,109.38092351117037,113.06989756233978,113.15941470170175,112.79292293094532,112.34986930852271,111.67376082379636,110.7860794194658,109.68359073268351,108.4230968008678,107.11015976083472,105.808723775657,104.4277248559874,,,,Mexico,CH4
GCAM5.2_NET,GCAM_1.5C_low_os_high-cost-DAC,MEX,Emissions|CO2|AFOLU,Mt CO2/yr,,,,54.8685306966429,,,-4.1161242123837,,,,,0.405287294474951,,19.2544479893372,,,,,62.8340149124036,119.283276843152,163.857872070972,-11.5735805274652,-23.1697692688329,-19.1731187396086,-16.2304566644848,-14.3222950703478,-13.9988866830496,-14.7938039204102,-14.4008697732326,-13.1307054349112,-11.8115596918539,-10.5367184366689,-9.6130618139811,-8.98010461356241,,,,Mexico,CO2
GCAM5.2_NET,GCAM_1.5C_low_os_high-cost-DAC,MEX,Emissions|CO2|Energy and Industrial Processes,Mt CO2/yr,,,,434.964652587823,,,457.500847672493,,,,,507.210069561568,,562.457436209668,,,,,485.514936425921,323.097322807953,-241.061966571133,-316.130628795217,-236.648607602922,-284.934067305588,-273.825087214314,-359.337583404256,-324.611908501927,-282.748685290647,-365.883383561353,-293.219017656696,-286.276128891923,-306.341005033089,-285.797634358856,-220.644082958847,,,,Mexico,CO2
GCAM5.2_NET,GCAM_1.5C_low_os_high-cost-DAC,MEX,Emissions|CO2|Energy|Demand,Mt CO2/yr,,,,232.994781814535,,,264.548278500513,,,,,286.587095168152,,313.50973243203,,,,,301.470035624464,272.351607368039,143.725666112461,137.448519445116,160.167216225442,161.617880899764,173.713078960212,188.145990303055,203.92748150681,210.555690874641,218.431369701108,230.075956373018,238.608380348372,242.309708871719,241.122926918777,245.540328581926,,,,Mexico,CO2
GCAM5.2_NET,GCAM_1.5C_low_os_high-cost-DAC,MEX,Emissions|CO2|Energy|Demand|Industry,Mt CO2/yr,,,,64.8211802531282,,,76.3076448547871,,,,,81.4213194096812,,89.868360757423,,,,,82.8199409389365,67.1320919084233,34.3805991942782,27.1490348031732,28.541616827642,27.2915210900236,27.153650514945,26.4175931376262,26.1180093481059,26.3454101199544,27.0013278058832,28.2002148374512,28.7544830023845,29.4277120015061,31.0029900076091,34.5606912533692,,,,Mexico,CO2
GCAM5.2_NET,GCAM_1.5C_low_os_high-cost-DAC,MEX,Emissions|CO2|Energy|Demand|Residential and Commercial,Mt CO2/yr,,,,27.3043948953866,,,26.4436624418561,,,,,28.3346035952123,,30.9351198552989,,,,,25.2952936438622,19.4481307387537,7.48720986211091,5.79109685686708,6.24508061627515,5.54326199577245,5.59843949951639,5.45555784911123,5.45674101800009,5.04905299982523,4.53201528226598,4.29217434785097,3.9378136170321,3.43963873610615,2.87160929826271,2.53279556820234,,,,Mexico,CO2
GCAM5.2_NET,GCAM_1.5C_low_os_high-cost-DAC,MEX,Emissions|CO2|Energy|Demand|Residential and Commercial|Commercial,Mt CO2/yr,,,,4.99986374537334,,,5.02915865028452,,,,,5.34807826634352,,5.85806847263739,,,,,4.5463238525361,3.29136810596245,1.18901498875511,0.873976208909097,0.934568637256229,0.846943417279253,0.864590021710926,0.844253949454088,0.848519155169733,0.799842120961522,0.728974382789003,0.699848289123391,0.651426733079099,0.582041374363379,0.502049512775926,0.452923814079227,,,,Mexico,CO2
GCAM5.2_NET,GCAM_1.5C_low_os_high-cost-DAC,MEX,Emissions|CO2|Energy|Demand|Residential and Commercial|Residential,Mt CO2/yr,,,,22.3045311500133,,,21.4145037915716,,,,,22.9865253288688,,25.0770513826615,,,,,20.7489697913261,16.1567626327913,6.2981948733558,4.91712064795798,5.31051197901892,4.6963185784932,4.73384947780546,4.61130389965714,4.60822186283035,4.24921087886371,3.80304089947697,3.59232605872758,3.28638688395301,2.85759736174278,2.36955978548678,2.07987175412311,,,,Mexico,CO2
GCAM5.2_NET,GCAM_1.5C_low_os_high-cost-DAC,MEX,Emissions|CO2|Energy|Demand|Transportation,Mt CO2/yr,,,,140.86920666602,,,161.796971203869,,,,,176.831172163259,,192.706251819308,,,,,193.354801041666,185.771384720862,101.857857056072,104.508387785076,125.380518781525,128.783097813968,140.960988945751,156.272839316318,172.352731140704,179.161227754862,186.898026612959,197.583567187716,205.916083728956,209.442358134107,207.248327612905,208.446841760354,,,,Mexico,CO2
GCAM5.2_NET,GCAM_1.5C_low_os_high-cost-DAC,MEX,Emissions|CO2|Energy|Supply,Mt CO2/yr,,,,171.155991172381,,,162.618528244995,,,,,186.577298146446,,211.318606775987,,,,,168.840993623518,40.4945930953981,-370.692173715851,-435.751369092394,-380.733163021448,-423.685357469573,-419.065538930559,-396.283940361503,-371.139306819688,-375.269419976262,-390.296678536488,-384.993080259476,-382.831399048078,-384.76787882608,-383.333836832124,-381.926302138029,,,,Mexico,CO2
GCAM5.2_NET,GCAM_1.5C_low_os_high-cost-DAC,MEX,Emissions|CO2|Energy|Supply|Electricity,Mt CO2/yr,,,,119.00019814495,,,117.760930372215,,,,,142.417435555938,,165.770070573873,,,,,127.325704783097,38.3198566501283,-99.7809295629927,-137.186944595573,-136.962035598473,-150.078519583396,-151.916145654039,-154.567927297853,-158.39474444899,-162.986018392566,-177.511184805081,-180.548039202606,-178.673979341714,-167.408220632829,-141.669693910517,-132.054520392779,,,,Mexico,CO2
GCAM5.2_NET,GCAM_1.5C_low_os_high-cost-DAC,MEX,Emissions|CO2|Energy|Supply|Gases,Mt CO2/yr,,,,-1.10216436342739e-07,,,-1.63668732061668e-08,,,,,0.0131409321152084,,0.0396965140620624,,,,,0.0091858479189899,0.0041113233484162,0.0006699176458153,0.0004547400661306,0.0009168275374316,0.0016300391967265,0.002238303791131,0.0034361533224585,0.0047730150344539,0.0056662739719849,0.0072963455471746,0.0090244091502781,0.013123570579685,0.0189127316582335,0.0259816848473821,0.0336690011390442,,,,Mexico,CO2
GCAM5.2_NET,GCAM_1.5C_low_os_high-cost-DAC,MEX,Emissions|CO2|Energy|Supply|Liquids,Mt CO2/yr,,,,52.15581,,,44.8576,,,,,44.14672,,45.17811,,,,,42.31946,10.58004,-236.8587,-266.4602,-227.2644,-264.2469,-259.034,-231.939,-200.1093,-198.8306,-201.1226,-193.9212,-194.4394,-207.1156,-228.9058,-236.9443,,,,Mexico,CO2
GCAM5.2_NET,GCAM_1.5C_low_os_high-cost-DAC,MEX,Emissions|CO2|Energy|Supply|Solids,Mt CO2/yr,,,,-1.686662e-05,,,0.0,,,,,-2.566661e-06,,0.0,,,,,0.0,0.0,0.0,0.0,-1.466663e-06,-1.466668e-06,-7.333335e-07,-5.133325e-06,0.0,0.0,0.0,-2.566655e-06,-1.466664e-06,-2.566655e-06,0.0,-3.666666e-06,,,,Mexico,CO2
GCAM5.2_NET,GCAM_1.5C_low_os_high-cost-DAC,MEX,Emissions|CO2|Industrial Processes,Mt CO2/yr,,,,30.81388,,,30.33404,,,,,34.04568,,37.6291,,,,,15.20391,10.25112,-14.09546,-17.82778,-16.08267,-22.86661,-28.47305,-151.2124,-157.4163,-118.0458,-194.0351,-138.3126,-142.0639,-163.8954,-143.5971,-84.26054,,,,Mexico,CO2
GCAM5.2_NET,GCAM_1.5C_low_os_high-cost-DAC,MEX,Emissions|N2O|AFOLU,Mt CO2e/yr,,,,29.675646,,,31.6257942,,,,,34.3855239,,37.5751467,,,,,41.2214712,47.48766749999999,52.6162728,54.3503688,55.847883,57.17351639999999,57.4891863,57.6806958,57.796365900000005,57.8737068,57.929890199999996,57.9525219,57.8905236,57.815121,57.676000200000004,57.5073954,,,,Mexico,N2O
GCAM5.2_NET,GCAM_1.5C_low_os_low-cost-DAC,MEX,Carbon Sequestration|CCS|Biomass,Mt CO2/yr,,,,0.0,,,0.0,,,,,0.0,,0.0,,,,,9.18646310375695,79.6006274217107,257.021135407513,250.030611598678,280.117169755819,304.029391055321,294.916447670179,286.798400831178,270.333951389411,263.67312393354,276.899807340922,293.518367958951,298.34943818934,299.805672808392,302.406762095855,296.568659881785,,,,Mexico,
GCAM5.2_NET,GCAM_1.5C_low_os_low-cost-DAC,MEX,Carbon Sequestration|Direct Air Capture,Mt CO2/yr,,,,0.0,,,0.0,,,,,0.0,,0.0,,,,,0.0,4.18605e-09,0.542894,8.819141,233.5718,733.3334,265.7567,294.4275,372.5847,323.7612,327.1774,316.0898,256.6,281.083,218.0857,91.59847,,,,Mexico,
GCAM5.2_NET,GCAM_1.5C_low_os_low-cost-DAC,MEX,Emissions|CH4|AFOLU,Mt CO2e/yr,,,,70.781779197752,,,77.62046039254948,,,,,85.006238519986,,93.29835996766292,,,,,97.59768315385368,102.51519691773863,104.49404192653188,109.00822317971489,113.18082469440122,117.07580634087184,117.12879245488345,116.76122996399904,116.29495744121668,115.6007954914288,114.64006134387799,113.46212080653017,112.16982116945417,110.83740167927812,109.48700114292193,108.16485687707616,,,,Mexico,CH4
GCAM5.2_NET,GCAM_1.5C_low_os_low-cost-DAC,MEX,Emissions|CO2|AFOLU,Mt CO2/yr,,,,54.8685306966429,,,-4.1161242123837,,,,,0.405287294474951,,19.2544479893372,,,,,62.8340149124036,119.283276806485,119.253014381381,-15.7393206860419,-14.6131188716259,-14.2095940670993,-13.4641950518501,-12.5840346331257,-12.069077353853,-12.8393389795448,-12.815849730685,-11.7610923874821,-10.3847430293274,-9.17117789782672,-8.63344674378341,-8.21421398920192,,,,Mexico,CO2
GCAM5.2_NET,GCAM_1.5C_low_os_low-cost-DAC,MEX,Emissions|CO2|Energy and Industrial Processes,Mt CO2/yr,,,,434.964652587823,,,457.500847672493,,,,,507.210069561568,,562.457436209668,,,,,485.514936425921,323.097322803767,-13.6296442171254,13.7433260060424,-240.058401148368,-754.855705796832,-273.487260089296,-281.362942391949,-319.397079453273,-248.217080127772,-262.715438481514,-268.745292801182,-215.009638853176,-246.927245310805,-195.963931882605,-54.6976710803485,,,,Mexico,CO2
GCAM5.2_NET,GCAM_1.5C_low_os_low-cost-DAC,MEX,Emissions|CO2|Energy|Demand,Mt CO2/yr,,,,232.994781814535,,,264.548278500513,,,,,286.587095168152,,313.50973243203,,,,,301.470035624464,272.351607368039,196.858185719499,218.649868469703,228.555245283054,242.707559910555,248.861525885456,265.136202269772,285.19690083482,300.079006841372,307.921969328261,313.225805270686,318.327863523694,322.237051305425,324.568547357878,336.247129119269,,,,Mexico,CO2
GCAM5.2_NET,GCAM_1.5C_low_os_low-cost-DAC,MEX,Emissions|CO2|Energy|Demand|Industry,Mt CO2/yr,,,,64.8211802531282,,,76.3076448547871,,,,,81.4213194096812,,89.868360757423,,,,,82.8199409389365,67.1320919084233,46.5165027090012,48.571418248065,48.9511611987067,48.4140839391383,47.3726783878279,46.7973758154569,46.7452616589161,47.6134353111084,48.40852756949,49.3881710307966,51.071021961121,53.8172498042024,57.5803368112148,63.613328529783,,,,Mexico,CO2
GCAM5.2_NET,GCAM_1.5C_low_os_low-cost-DAC,MEX,Emissions|CO2|Energy|Demand|Residential and Commercial,Mt CO2/yr,,,,27.3043948953866,,,26.4436624418561,,,,,28.3346035952123,,30.9351198552989,,,,,25.2952936438622,19.4481307387537,11.748366613339,12.1540399894856,12.0497313772417,11.8755392980572,11.1929482045982,11.1569009244309,11.2028282620444,10.879474370692,10.0471112870999,9.16829386807706,8.33281134129771,7.51443414959944,6.741494543594,6.33029261037895,,,,Mexico,CO2
GCAM5.2_NET,GCAM_1.5C_low_os_low-cost-DAC,MEX,Emissions|CO2|Energy|Demand|Residential and Commercial|Commercial,Mt CO2/yr,,,,4.99986374537334,,,5.02915865028452,,,,,5.34807826634352,,5.85806847263739,,,,,4.5463238525361,3.29136810596245,1.91417203017842,1.96373026223815,1.96393814568829,1.94498653115392,1.84427483254913,1.84271864302005,1.84851506728416,1.80814601468493,1.68590940685462,1.55735659649405,1.43526416885477,1.31662608464956,1.20489566405755,1.14743419891693,,,,Mexico,CO2
GCAM5.2_NET,GCAM_1.5C_low_os_low-cost-DAC,MEX,Emissions|CO2|Energy|Demand|Residential and Commercial|Residential,Mt CO2/yr,,,,22.3045311500133,,,21.4145037915716,,,,,22.9865253288688,,25.0770513826615,,,,,20.7489697913261,16.1567626327913,9.83419458316055,10.1903097272474,10.0857932315534,9.9305527669033,9.34867337204908,9.31418228141084,9.3543131947602,9.0713283560071,8.36120188024525,7.61093727158302,6.89754717244294,6.19780806494988,5.53659887953645,5.18285841146202,,,,Mexico,CO2
GCAM5.2_NET,GCAM_1.5C_low_os_low-cost-DAC,MEX,Emissions|CO2|Energy|Demand|Transportation,Mt CO2/yr,,,,140.86920666602,,,161.796971203869,,,,,176.831172163259,,192.706251819308,,,,,193.354801041666,185.771384720862,138.593316397158,157.924410232152,167.554352707105,182.417936673359,190.29589929303,207.181925529884,227.248810913859,241.586097159572,249.466330471671,254.669340371813,258.924030221275,260.905367351623,260.246716003069,266.303507979107,,,,Mexico,CO2
GCAM5.2_NET,GCAM_1.5C_low_os_low-cost-DAC,MEX,Emissions|CO2|Energy|Supply,Mt CO2/yr,,,,171.155991172381,,,162.618528244995,,,,,186.577298146446,,211.318606775987,,,,,168.840993623518,40.4945930953981,-205.660904746057,-193.554704081604,-230.84118141735,-259.215879400262,-249.642683567535,-246.375094448623,-229.2051075226,-222.236504828867,-238.699042527166,-257.363930078485,-263.783159389335,-269.208129843369,-276.41799888425,-269.999511133894,,,,Mexico,CO2
GCAM5.2_NET,GCAM_1.5C_low_os_low-cost-DAC,MEX,Emissions|CO2|Energy|Supply|Electricity,Mt CO2/yr,,,,119.00019814495,,,117.760930372215,,,,,142.417435555938,,165.770070573873,,,,,127.325704783097,38.3198566501283,-54.2666267170226,-67.8345437815892,-85.1261165676334,-105.089004396118,-99.7146388412375,-111.760069356435,-122.856041504562,-128.97984379294,-142.023366556865,-152.721780484667,-149.360851500695,-138.518360252966,-126.66095782435,-115.087984578092,,,,Mexico,CO2
GCAM5.2_NET,GCAM_1.5C_low_os_low-cost-DAC,MEX,Emissions|CO2|Energy|Supply|Gases,Mt CO2/yr,,,,-1.10216436342739e-07,,,-1.63668732061668e-08,,,,,0.0131409321152084,,0.0396965140620624,,,,,0.0091858479189899,0.0041113233484162,0.0019170613008154,0.0042143196362544,0.009604340324406,0.0211127275372615,0.0200368587547816,0.025787638428821,0.0353432990342339,0.0426973129023289,0.0554783323604545,0.0788295514981266,0.108547656947413,0.154609325155765,0.194658309735235,0.194230691369537,,,,Mexico,CO2
GCAM5.2_NET,GCAM_1.5C_low_os_low-cost-DAC,MEX,Emissions|CO2|Energy|Supply|Liquids,Mt CO2/yr,,,,52.15581,,,44.8576,,,,,44.14672,,45.17811,,,,,42.31946,10.58004,-128.0274,-113.951,-138.4948,-148.659,-145.614,-129.8853,-100.671,-86.87258,-90.76456,-99.24673,-109.1801,-124.4004,-141.7185,-147.0264,,,,Mexico,CO2
GCAM5.2_NET,GCAM_1.5C_low_os_low-cost-DAC,MEX,Emissions|CO2|Energy|Supply|Solids,Mt CO2/yr,,,,-1.686662e-05,,,0.0,,,,,-2.566661e-06,,0.0,,,,,0.0,0.0,0.0,0.0,-1.100004e-06,0.0,0.0,0.0,0.0,0.0,-1.833325e-06,-2.200006e-06,0.0,0.0,-2.199993e-06,-4.399997e-06,,,,Mexico,CO2
GCAM5.2_NET,GCAM_1.5C_low_os_low-cost-DAC,MEX,Emissions|CO2|Industrial Processes,Mt CO2/yr,,,,30.81388,,,30.33404,,,,,34.04568,,37.6291,,,,,15.20391,10.25112,-4.827155,-11.35514,-237.8447,-738.5632,-272.7781,-300.2028,-375.5025,-326.161,-332.0388,-324.709,-269.6376,-300.0583,-244.2031,-120.9681,,,,Mexico,CO2
GCAM5.2_NET,GCAM_1.5C_low_os_low-cost-DAC,MEX,Emissions|N2O|AFOLU,Mt CO2e/yr,,,,29.675646,,,31.6257942,,,,,34.3855239,,37.5751467,,,,,41.2214712,47.48766749999999,52.1158911,54.1006011,55.8247326,57.2662272,57.660548399999996,57.8408922,57.9140289,57.9923253,58.0401003,58.0829886,58.003409100000006,57.877911,57.7046925,57.5051295,,,,Mexico,N2O
GCAM5.2_NET,GCAM_1.5C_low_os_noDAC,MEX,Carbon Sequestration|CCS|Biomass,Mt CO2/yr,,,,0.0,,,0.0,,,,,0.0,,0.0,,,,,9.18655832710096,79.6006045783773,379.570971895075,464.680141165271,478.583480528107,480.602799637957,497.998693438008,512.446695160299,536.720620689587,557.891219996328,555.878537705485,545.018345687788,529.31853319336,515.169987511094,500.491159140524,495.715346082999,,,,Mexico,
GCAM5.2_NET,GCAM_1.5C_low_os_noDAC,MEX,Emissions|CH4|AFOLU,Mt CO2e/yr,,,,70.781779197752,,,77.62046039254948,,,,,85.00620671176787,,93.29835274794944,,,,,97.59761642985927,102.51515201434303,102.8204888549048,104.65353716719356,106.33960423927988,108.86584521268708,107.60329105748404,106.41489406081688,105.18471404135408,104.22002233062503,103.23106917324321,102.06009051408324,100.7665681084272,99.40253070576976,97.96625804807437,96.52139015181879,,,,Mexico,CH4
GCAM5.2_NET,GCAM_1.5C_low_os_noDAC,MEX,Emissions|CO2|AFOLU,Mt CO2/yr,,,,54.8685306966429,,,-4.1161242123837,,,,,0.405715523278994,,19.2544560739779,,,,,62.8343389184085,119.282698962401,163.826790436395,-2.76018808206189,-20.6005489356413,-20.4010196276154,-17.3515352482895,-15.1241942877038,-14.0089116975173,-13.2025531897462,-11.9623107361599,-11.1486958320057,-10.4489774874181,-10.1141073776689,-9.69600917454145,-9.3062870897915,,,,Mexico,CO2
GCAM5.2_NET,GCAM_1.5C_low_os_noDAC,MEX,Emissions|CO2|Energy and Industrial Processes,Mt CO2/yr,,,,434.964652587823,,,457.500847672493,,,,,507.210044490427,,562.457411685429,,,,,485.514366317581,323.09738107767,-241.173439332309,-381.335640396628,-402.166594085681,-408.15054197555,-436.873022744739,-446.445023100648,-473.182239813434,-524.296708636245,-525.821536091923,-504.300967349847,-472.681610322423,-451.509266217194,-438.118270904318,-432.131438055827,,,,Mexico,CO2
GCAM5.2_NET,GCAM_1.5C_low_os_noDAC,MEX,Emissions|CO2|Energy|Demand,Mt CO2/yr,,,,232.994781814535,,,264.548278500513,,,,,286.586995216204,,313.509683174499,,,,,301.469809873885,272.351629979914,143.703814125741,122.607835012185,119.477643530919,121.821924165891,117.940008386068,122.381253171679,125.784563169626,115.456477279258,116.848962586187,125.088507967632,135.551785037511,144.434290941327,150.339455746359,156.097243754176,,,,Mexico,CO2
GCAM5.2_NET,GCAM_1.5C_low_os_noDAC,MEX,Emissions|CO2|Energy|Demand|Industry,Mt CO2/yr,,,,64.8211802531282,,,76.3076448547871,,,,,81.4212863596514,,89.8683593324134,,,,,82.819819960108,67.132098644051,34.380885935305,23.3871848206558,16.6971228076818,13.7827236462804,11.024972066711,9.33726241681732,7.91333365520964,7.04610934831338,6.80169435020749,7.01956082221855,7.12772676331802,7.10500071541915,6.98626710062325,6.99401222651985,,,,Mexico,CO2
GCAM5.2_NET,GCAM_1.5C_low_os_noDAC,MEX,Emissions|CO2|Energy|Demand|Residential and Commercial,Mt CO2/yr,,,,27.3043948953866,,,26.4436624418561,,,,,28.3345893768985,,30.935076463249,,,,,25.2952417801156,19.4481290982492,7.48615863943649,4.79776358736454,3.54296922624037,2.7845039369311,2.09418538207778,1.81345506517955,1.56517675830456,0.864762279791376,0.539583844110781,0.456818726599872,0.433395205864508,0.385135152504881,0.326388763397032,0.287726127743807,,,,Mexico,CO2
GCAM5.2_NET,GCAM_1.5C_low_os_noDAC,MEX,Emissions|CO2|Energy|Demand|Residential and Commercial|Commercial,Mt CO2/yr,,,,4.99986374537334,,,5.02915865028452,,,,,5.34806395039887,,5.8580611833174,,,,,4.54631253820694,3.2913677161417,1.18889276571289,0.713762579108818,0.497270593516431,0.386610675376395,0.290255848806088,0.252948544404983,0.220998718670148,0.133208454029247,0.0918321217599564,0.0818135881935656,0.0788236035492022,0.0724277642585861,0.0645428877129121,0.0588048115987941,,,,Mexico,CO2
GCAM5.2_NET,GCAM_1.5C_low_os_noDAC,MEX,Emissions|CO2|Energy|Demand|Residential and Commercial|Residential,Mt CO2/yr,,,,22.3045311500133,,,21.4145037915716,,,,,22.9865254264996,,25.0770152799316,,,,,20.7489292419086,16.1567613821075,6.29726587372359,4.08400100825572,3.04569863272394,2.39789326155471,1.80392953327169,1.56050652077457,1.34417803963441,0.731553825762129,0.447751722350825,0.375005138406306,0.354571602315306,0.312707388246295,0.26184587568412,0.228921316145013,,,,Mexico,CO2
GCAM5.2_NET,GCAM_1.5C_low_os_noDAC,MEX,Emissions|CO2|Energy|Demand|Transportation,Mt CO2/yr,,,,140.86920666602,,,161.796971203869,,,,,176.831119479654,,192.706247378837,,,,,193.354748133662,185.771402237614,101.836769550999,94.4228866041649,99.2375514969971,105.25469658268,104.820850937279,111.230535689682,116.306052756112,107.545605651154,109.507684391869,117.612128418813,127.990663068329,136.944155073403,143.026799882338,148.815505399912,,,,Mexico,CO2
GCAM5.2_NET,GCAM_1.5C_low_os_noDAC,MEX,Emissions|CO2|Energy|Supply,Mt CO2/yr,,,,171.155991172381,,,162.618528244995,,,,,186.577333851292,,211.318631117076,,,,,168.840641507321,40.4946381560511,-370.775778085335,-482.974131754629,-497.309239485902,-500.451191956518,-518.930206565844,-528.988107303806,-554.370589417983,-580.918209784338,-574.734943787916,-556.503203302095,-532.016064841168,-514.87775846013,-501.193059355718,-496.055639796844,,,,Mexico,CO2
GCAM5.2_NET,GCAM_1.5C_low_os_noDAC,MEX,Emissions|CO2|Energy|Supply|Electricity,Mt CO2/yr,,,,119.00019814495,,,117.760930372215,,,,,142.417479909725,,165.77010077971,,,,,127.325384463951,38.31990920065,-99.7974137427096,-149.52968388981,-166.282956449957,-181.67014697043,-193.414166210953,-200.997768491916,-217.362738686217,-232.019043337927,-241.885698764427,-242.731165488362,-238.196174021697,-228.110181898527,-211.376083086128,-211.758845972065,,,,Mexico,CO2
GCAM5.2_NET,GCAM_1.5C_low_os_noDAC,MEX,Emissions|CO2|Energy|Supply|Gases,Mt CO2/yr,,,,-1.10216436342739e-07,,,-1.63668732061668e-08,,,,,0.0131408014313335,,0.0396966459721043,,,,,0.0091846658211662,0.0041173790605285,0.0006705581210031,0.000271703056956,0.0001268689443702,0.0001274611450469,9.11603514724054e-05,7.49754532114233e-05,6.56499827531795e-05,7.39280083981317e-05,8.33747902977732e-05,8.71624019291339e-05,8.25454558211989e-05,8.01912641556022e-05,7.58597301401528e-05,7.25270567557259e-05,,,,Mexico,CO2
GCAM5.2_NET,GCAM_1.5C_low_os_noDAC,MEX,Emissions|CO2|Energy|Supply|Liquids,Mt CO2/yr,,,,52.15581,,,44.8576,,,,,44.14672,,45.1781,,,,,42.31943,10.58002,-236.9203,-294.1631,-280.0459,-279.9509,-285.1683,-271.4015,-265.7529,-296.1401,-295.9061,-282.7995,-265.8627,-260.1262,-260.6408,-255.2267,,,,Mexico,CO2
GCAM5.2_NET,GCAM_1.5C_low_os_noDAC,MEX,Emissions|CO2|Energy|Supply|Solids,Mt CO2/yr,,,,-1.686662e-05,,,0.0,,,,,-2.566661e-06,,0.0,,,,,0.0,0.0,-3.666658e-06,0.0,-1.466666e-06,0.0,0.0,-5.133341e-07,0.0,0.0,0.0,0.0,0.0,0.0,-1.979995e-06,-1.429995e-06,,,,Mexico,CO2
GCAM5.2_NET,GCAM_1.5C_low_os_noDAC,MEX,Emissions|CO2|Industrial Processes,Mt CO2/yr,,,,30.81388,,,30.33404,,,,,34.04572,,37.6291,,,,,15.20391,10.25111,-14.10148,-20.96934,-24.335,-29.52127,-35.88282,-39.83817,-44.59621,-58.83498,-67.93555,-72.88627,-76.21733,-81.0658,-87.26467,-92.17304,,,,Mexico,CO2
GCAM5.2_NET,GCAM_1.5C_low_os_noDAC,MEX,Emissions|N2O|AFOLU,Mt CO2e/yr,,,,29.675646,,,31.6257942,,,,,34.3855512,,37.575174,,,,,41.2214712,47.48766749999999,52.615863299999994,54.302157,55.573381499999996,56.7779121,56.9227659,57.001581,57.0401832,57.1158315,57.203055,57.223884899999995,57.192571799999996,57.1231752,56.9926539,56.829672900000006,,,,Mexico,N2O
GEM-E3_V2021,EN_INDCi2030_1000,MEX,Emissions|CO2|AFOLU,Mt CO2/yr,,,,,,,,,,,,745.604904943388,,683.088349671024,,,,,610.237843907432,570.110588899222,340.362275470879,151.65082549529,29.640135745628,-77.7116038986486,-168.149467820435,-250.207932469854,-307.079026563337,-363.95012065682,-421.268892519879,-478.587664382937,-522.785025252295,-566.982386121653,-582.400221738101,-597.818057354549,,,,Mexico,CO2
GEM-E3_V2021,EN_INDCi2030_1000,MEX,Emissions|CO2|Energy and Industrial Processes,Mt CO2/yr,,,,,,,,,,,,505.779585667611,,555.719291632961,,,,,499.638027871053,459.92711057585,432.738668753343,348.492247955458,270.911393091951,202.805459267112,162.810254400208,127.652561191452,105.584728223333,98.1409993918235,121.582435116455,125.197352753608,136.663212635194,139.673755061013,135.001597365639,131.476243865536,,,,Mexico,CO2
GEM-E3_V2021,EN_INDCi2030_1000,MEX,Emissions|CO2|Energy|Demand,Mt CO2/yr,,,,,,,,,,,,266.334594743702,,274.607992028877,,,,,247.250034772571,229.056371536735,233.047878685048,197.781048960697,158.9946070277,116.843241206203,90.5277518266514,67.7584132067428,54.256902973454,50.0919085147633,61.6402006025511,63.5394348865038,70.4435299747177,72.2151066052871,74.9456729560519,75.5698090267681,,,,Mexico,CO2
GEM-E3_V2021,EN_INDCi2030_1000,MEX,Emissions|CO2|Energy|Demand|AFOFI,Mt CO2/yr,,,,,,,,,,,,9.69970730042637,,9.746401912757,,,,,8.64548264146141,7.3874663801917,7.49441998718659,5.95422584036699,4.4993642266878,1.66058601144399,0.485870881607202,0.156643597548345,0.0719555314328204,0.0585611971954029,0.147119739667928,0.157253138341216,0.220109841558223,0.208656220721052,0.205953803777618,0.171528349587926,,,,Mexico,CO2
GEM-E3_V2021,EN_INDCi2030_1000,MEX,Emissions|CO2|Energy|Demand|Industry,Mt CO2/yr,,,,,,,,,,,,62.724238776357,,65.9231104049341,,,,,49.8986076915168,40.7620261890171,40.9256823954845,28.8920166339575,19.9549047658788,7.10152244868799,3.28485990179374,1.88409961815345,1.34354006935334,1.25965427711122,2.04398315258037,2.15922560555408,2.65606470292114,2.64515915472148,2.69824341698686,2.49475874272456,,,,Mexico,CO2
GEM-E3_V2021,EN_INDCi2030_1000,MEX,Emissions|CO2|Energy|Demand|Residential and Commercial,Mt CO2/yr,,,,,,,,,,,,17.6486234035499,,17.0455007535378,,,,,15.7278922921163,14.5624032628224,14.9283820597026,13.1528027685793,11.6704314300188,9.62916891777411,8.47229418210521,7.53581307943639,6.97409111049439,7.06783121431659,8.59115165835129,9.16892322201471,10.1416723347544,10.6343040491036,11.1851497257843,11.5215925192493,,,,Mexico,CO2
GEM-E3_V2021,EN_INDCi2030_1000,MEX,Emissions|CO2|Energy|Demand|Residential and Commercial|Commercial,Mt CO2/yr,,,,,,,,,,,,10.1962120682454,,9.82679148501708,,,,,9.68921632399537,9.31860843173866,9.47752756443951,9.22706500727697,8.92749500574661,8.43420715637849,7.80134297933155,7.09932658851351,6.63587761176263,6.74159354730967,8.10776997245111,8.65337411389927,9.52823153191213,10.0134402339469,10.5478237222269,10.9113333062594,,,,Mexico,CO2
GEM-E3_V2021,EN_INDCi2030_1000,MEX,Emissions|CO2|Energy|Demand|Residential and Commercial|Residential,Mt CO2/yr,,,,,,,,,,,,7.45241133530444,,7.2187092685208,,,,,6.03867596812101,5.24379483108379,5.4508544952631,3.92573776130241,2.7429364242722,1.19496176139562,0.670951202773654,0.436486490922872,0.338213498731758,0.326237667006925,0.483381685900176,0.515549108115434,0.613440802842298,0.620863815156737,0.637326003557419,0.610259212989879,,,,Mexico,CO2
GEM-E3_V2021,EN_INDCi2030_1000,MEX,Emissions|CO2|Energy|Demand|Transportation,Mt CO2/yr,,,,,,,,,,,,176.262025263368,,181.892978957648,,,,,172.978052147476,166.344475704703,169.699394242674,149.782003717793,122.869906605114,98.4519638282974,78.2847268611453,58.1818569116046,45.8673162621735,41.70586182614,50.8579460519515,52.0540329205938,57.4256830954839,58.7269871807409,60.8563260095031,61.3819294152063,,,,Mexico,CO2
GEM-E3_V2021,EN_INDCi2030_1000,MEX,Emissions|CO2|Energy|Supply,Mt CO2/yr,,,,,,,,,,,,171.736077676511,,196.591848108293,,,,,166.977097535612,142.421965549301,101.976667947586,57.533680651237,24.3566899278391,1.12128797440542,-9.90893094801381,-18.7606710110784,-25.1739992937438,-29.5388054633642,-26.4004265860548,-26.7937525819971,-25.6364031399919,-25.3010220258843,-33.6837270973261,-37.2866795685053,,,,Mexico,CO2
GEM-E3_V2021,EN_INDCi2030_1000,MEX,Emissions|CO2|Energy|Supply|Electricity,Mt CO2/yr,,,,,,,,,,,,110.521955797242,,138.636611231942,,,,,111.030708266054,93.0456069018653,56.5091697546403,19.3894541878682,-7.47514741187742,-24.1028824410813,-31.6364413852735,-38.4382644809441,-43.4550050994566,-47.7302673282832,-48.4261147378989,-49.7971671084646,-51.5557586495603,-53.4181860048521,-63.4757628488213,-68.792103323462,,,,Mexico,CO2
GEM-E3_V2021,EN_INDCi2030_1000,MEX,Emissions|CO2|Energy|Supply|Gases,Mt CO2/yr,,,,,,,,,,,,23.0044497361221,,26.8498083788914,,,,,27.4693519096364,21.90306185624,17.5161979662822,13.5858971394902,11.1044039073308,8.78987031903517,8.34148174314532,9.00804793541851,9.14372698627066,9.28464205544157,10.7580880426,10.957296378454,12.1417440787754,13.5866217337972,14.3388577025707,15.5818664519556,,,,Mexico,CO2
GEM-E3_V2021,EN_INDCi2030_1000,MEX,Emissions|CO2|Energy|Supply|Liquids,Mt CO2/yr,,,,,,,,,,,,38.2079698514077,,31.1026946947248,,,,,28.4765038201192,27.4729483744633,27.9510027819262,24.5581213653232,20.72727918705,16.4341896230584,13.3859438050659,10.6694818334041,9.13722699681152,8.90677036392784,11.2675350361815,12.0460487161915,13.7775310178638,14.5304574274091,15.4530875109104,15.9234641790544,,,,Mexico,CO2
GEM-E3_V2021,EN_INDCi2030_1000,MEX,Emissions|CO2|Energy|Supply|Solids,Mt CO2/yr,,,,,,,,,,,,0.0017022917389299,,0.0027338027343259,,,,,0.0005335398017233,0.0003484167325908,0.000297444738017,0.0002079585552661,0.000154245335709,0.000110473393132,8.48890484126234e-05,6.37010429787727e-05,5.18226306770322e-05,4.94455495289773e-05,6.50730625316143e-05,6.9431822021997e-05,8.04129291618974e-05,8.48177613743667e-05,9.05380139225782e-05,9.31239465081016e-05,,,,Mexico,CO2
GEM-E3_V2021,EN_INDCi2030_1000,MEX,Emissions|CO2|Industrial Processes,Mt CO2/yr,,,,,,,,,,,,67.4538104708083,,84.2721533861266,,,,,85.204813132213,88.2730929157119,97.5398598508202,93.0547610131006,87.4784717892751,84.787429861852,82.1589542459761,78.6357825780419,76.4889747214738,77.5761021399614,86.3226211989637,88.4303185518574,91.8301795122356,92.7338398315389,93.7135312891571,93.1687280112583,,,,Mexico,CO2
GEM-E3_V2021,EN_INDCi2030_1000_COV,MEX,Emissions|CO2|AFOLU,Mt CO2/yr,,,,,,,,,,,,745.604904943388,,682.924278338102,,,,,663.412842868995,640.443672269321,426.166395078458,240.360222328947,102.726407531227,-17.715516911365,-120.250194664798,-210.491803121294,-279.817842137232,-349.143881153169,-410.279435527505,-471.414989901841,-515.651708834692,-559.888427767544,-574.30861678718,-588.728805806817,,,,Mexico,CO2
GEM-E3_V2021,EN_INDCi2030_1000_COV,MEX,Emissions|CO2|Energy and Industrial Processes,Mt CO2/yr,,,,,,,,,,,,505.779585667611,,484.755914852159,,,,,463.34457048943,442.441604500957,389.612511334229,318.030665109301,249.82832921552,198.575380819705,163.983135700543,131.850740179967,107.13689252094,89.1302066891359,107.827814826338,112.150067886493,123.504576269929,125.627889935859,129.612759841613,119.847412869145,,,,Mexico,CO2
GEM-E3_V2021,EN_INDCi2030_1000_COV,MEX,Emissions|CO2|Energy|Demand,Mt CO2/yr,,,,,,,,,,,,266.334594743702,,241.577164799673,,,,,230.769867260622,221.035016260805,212.824955412921,183.591301737455,149.069121959222,115.419923401626,93.2977020128223,71.9042400610874,56.0394675213462,45.2561283786205,54.6042619882758,56.7021511643165,63.5449243694184,64.7854056815868,67.3496000355001,68.0890648554827,,,,Mexico,CO2
GEM-E3_V2021,EN_INDCi2030_1000_COV,MEX,Emissions|CO2|Energy|Demand|AFOFI,Mt CO2/yr,,,,,,,,,,,,9.69970730042637,,8.64148991203125,,,,,8.08818487725159,7.27127845831073,6.79384048713196,5.48146198254291,4.15555445710945,2.04771758586081,0.767934272467204,0.275588897915522,0.106965478653139,0.049890871456877,0.1137710999269,0.125596889587683,0.184027856858619,0.17065899289372,0.166031883394948,0.14347343318701,,,,Mexico,CO2
GEM-E3_V2021,EN_INDCi2030_1000_COV,MEX,Emissions|CO2|Energy|Demand|Industry,Mt CO2/yr,,,,,,,,,,,,62.724238776357,,55.9318426764024,,,,,46.4572567385939,40.958206219458,36.2311477173525,26.168412452061,18.1440482274662,8.19187470673946,4.06117908826378,2.30908115503777,1.46365704296918,1.04067201606703,1.6232898369202,1.74879064860049,2.21557813519163,2.18178230182766,2.2155875442759,2.08760852984796,,,,Mexico,CO2
GEM-E3_V2021,EN_INDCi2030_1000_COV,MEX,Emissions|CO2|Energy|Demand|Residential and Commercial,Mt CO2/yr,,,,,,,,,,,,17.6486234035499,,15.716634046106,,,,,15.3085735867962,14.6991775622375,14.2500428512189,12.6648421059139,11.2552479480627,9.61666314280407,8.61054677171291,7.78651717484595,7.06685126814077,6.49672394089812,7.81828589466798,8.38354809171814,9.34513135005996,9.75582559002126,10.2638383994348,10.5704483371536,,,,Mexico,CO2
GEM-E3_V2021,EN_INDCi2030_1000_COV,MEX,Emissions|CO2|Energy|Demand|Residential and Commercial|Commercial,Mt CO2/yr,,,,,,,,,,,,10.1962120682454,,9.318442106388,,,,,9.35531939925791,9.1424956968035,9.10859389397142,8.86775895617024,8.58805659985058,8.24920700061034,7.81382267703297,7.26625681446999,6.69690071410414,6.20756715387336,7.40535510715183,7.9358643527357,8.80033194224112,9.20815568323134,9.70161799324288,10.0244773105131,,,,Mexico,CO2
GEM-E3_V2021,EN_INDCi2030_1000_COV,MEX,Emissions|CO2|Energy|Demand|Residential and Commercial|Residential,Mt CO2/yr,,,,,,,,,,,,7.45241133530444,,6.398191939718,,,,,5.95325418753832,5.55668186543404,5.14144895724748,3.79708314974367,2.66719134821217,1.36745614219373,0.796724094679946,0.520260360375959,0.369950554036628,0.289156787024758,0.412930787516153,0.447683738982436,0.544799407818838,0.547669906789918,0.562220406191966,0.54597102664049,,,,Mexico,CO2
GEM-E3_V2021,EN_INDCi2030_1000_COV,MEX,Emissions|CO2|Energy|Demand|Transportation,Mt CO2/yr,,,,,,,,,,,,176.262025263368,,161.287198165134,,,,,160.91585205798,158.106354020798,155.549924357217,139.276585196937,115.514271326583,95.5636679662225,79.8580418803784,61.5330528332881,47.401993731583,37.6688415501985,45.0489151567607,46.4442155344101,51.8001870273082,52.6771387968442,54.7041422083944,55.2875345552941,,,,Mexico,CO2
GEM-E3_V2021,EN_INDCi2030_1000_COV,MEX,Emissions|CO2|Energy|Supply,Mt CO2/yr,,,,,,,,,,,,171.736077676511,,171.230892930129,,,,,157.407990430504,140.827803468396,91.8459493644378,52.5710827825837,23.3811378777036,7.57484822440331,-4.00814239180882,-12.757262833472,-19.1889756686945,-24.2022929661689,-21.817559392602,-21.6990138592045,-20.3594173323942,-20.0705183042647,-19.6648323458815,-29.4899929717829,,,,Mexico,CO2
GEM-E3_V2021,EN_INDCi2030_1000_COV,MEX,Emissions|CO2|Energy|Supply|Electricity,Mt CO2/yr,,,,,,,,,,,,110.521955797242,,120.767614481249,,,,,104.602763033019,91.9114352310247,50.4029052284772,16.9183691561973,-6.27730273539909,-16.5061155660009,-25.4494621667171,-32.3405469221833,-36.8715408688191,-40.8495368898969,-41.5183434988527,-42.0291582589022,-43.3621348193316,-44.9162752380373,-46.2671556418805,-57.400427970339,,,,Mexico,CO2
GEM-E3_V2021,EN_INDCi2030_1000_COV,MEX,Emissions|CO2|Energy|Supply|Gases,Mt CO2/yr,,,,,,,,,,,,23.0044497361221,,23.1474106465239,,,,,26.1974150138963,22.5694140902894,15.9202698047769,12.9166468567881,10.3515812336023,8.06791642754366,7.80608387649328,8.43468084052077,8.43198604824364,8.652638928003,9.8336069541367,9.71640925849374,10.7507394211908,11.9928784824402,12.9084416408425,13.7598701725585,,,,Mexico,CO2
GEM-E3_V2021,EN_INDCi2030_1000_COV,MEX,Emissions|CO2|Energy|Supply|Liquids,Mt CO2/yr,,,,,,,,,,,,38.2079698514077,,27.3134886019407,,,,,26.6071844316661,26.3465078578427,25.522488912376,22.7358705836057,19.3067138691643,16.0129376638535,13.6351474771182,11.1485348520254,9.25052545322695,7.99456097624046,9.86712058178473,10.6136743296079,12.2519068078068,12.8528037648528,13.6938019039947,14.1504824912632,,,,Mexico,CO2
GEM-E3_V2021,EN_INDCi2030_1000_COV,MEX,Emissions|CO2|Energy|Supply|Solids,Mt CO2/yr,,,,,,,,,,,,0.0017022917389299,,0.0023792004154423,,,,,0.0006279519223229,0.0004462892397286,0.0002854188075964,0.0001961859924676,0.0001455103361271,0.0001096990070157,8.84212968165407e-05,6.83961650050324e-05,5.36986539959311e-05,4.40194845195914e-05,5.65703292815244e-05,6.08115960555842e-05,7.1257939701179e-05,7.46864795520356e-05,7.97511616825396e-05,8.23347342519926e-05,,,,Mexico,CO2
GEM-E3_V2021,EN_INDCi2030_1000_COV,MEX,Emissions|CO2|Industrial Processes,Mt CO2/yr,,,,,,,,,,,,67.4538104708083,,71.7286504693292,,,,,74.9691009598575,80.3988974607762,84.7815232950839,81.7525674720304,77.3007234252596,75.5265627533927,74.6569188527856,72.6806129112183,70.2718359109191,68.0666210635106,75.0251618654848,77.1295496801691,80.2973260428654,80.8915416395838,81.9062505167536,81.2278312200274,,,,Mexico,CO2
GEM-E3_V2021,EN_INDCi2030_1000_COV_NDCp,MEX,Emissions|CO2|AFOLU,Mt CO2/yr,,,,,,,,,,,,745.604904943388,,682.924278338102,,,,,682.76391145625,682.303723034485,472.794940139532,286.417512174317,141.999901953854,15.2556620167228,-96.7692173676748,-194.018069748076,-266.961355793201,-339.904641838326,-402.820115928287,-465.735590018247,-510.806286911142,-555.876983804036,-570.994551542283,-586.11211928053,,,,Mexico,CO2
GEM-E3_V2021,EN_INDCi2030_1000_COV_NDCp,MEX,Emissions|CO2|Energy and Industrial Processes,Mt CO2/yr,,,,,,,,,,,,505.779585667611,,484.755914818785,,,,,463.824298946844,443.154075399495,396.054760154409,322.40122201417,273.532505617057,212.929644559296,171.143543713617,138.175961435207,112.571858577962,98.7856257416838,105.580961969327,112.138531256045,122.424377516983,124.07137478755,129.565844076929,123.08754701498,,,,Mexico,CO2
GEM-E3_V2021,EN_INDCi2030_1000_COV_NDCp,MEX,Emissions|CO2|Energy|Demand,Mt CO2/yr,,,,,,,,,,,,266.334594743702,,241.577164668923,,,,,230.915576026859,221.295581301723,214.826400121004,186.632764037911,154.569939747606,125.09603244292,98.245514242939,76.1000908456794,59.243977960326,50.0615000349784,53.5003530741737,56.7968040942986,63.0115915483676,63.9635752414449,67.354454093282,68.092071664051,,,,Mexico,CO2
GEM-E3_V2021,EN_INDCi2030_1000_COV_NDCp,MEX,Emissions|CO2|Energy|Demand|AFOFI,Mt CO2/yr,,,,,,,,,,,,9.69970730042637,,8.6414898873513,,,,,8.09249731394746,7.28066057380358,6.87114168774506,5.58659246470472,4.33341525367246,2.75042096201223,0.95473030923242,0.348019791263901,0.132128075584991,0.0723390387557567,0.10065472669066,0.123441841974509,0.174330511534742,0.159629210550306,0.165309876514121,0.141599929212195,,,,Mexico,CO2
GEM-E3_V2021,EN_INDCi2030_1000_COV_NDCp,MEX,Emissions|CO2|Energy|Demand|Industry,Mt CO2/yr,,,,,,,,,,,,62.724238776357,,55.9318426490753,,,,,46.5577620515842,41.1205251440219,37.003301528762,26.952955580086,19.2162418081817,11.0301657382285,4.72617608417406,2.63912544027552,1.63097645223929,1.24874621729537,1.52328859195022,1.73367854695836,2.14900867651923,2.10045280343482,2.2099373639264,2.07406370045203,,,,Mexico,CO2
GEM-E3_V2021,EN_INDCi2030_1000_COV_NDCp,MEX,Emissions|CO2|Energy|Demand|Residential and Commercial,Mt CO2/yr,,,,,,,,,,,,17.6486234035499,,15.7166339731149,,,,,15.3117522202005,14.7057397132305,14.3935197675137,12.8461610859118,11.5045742131386,10.225769149158,8.8861362023848,8.0514802256995,7.30956443166657,6.94293736261585,7.67813034372252,8.3606764433938,9.2732016090793,9.66076060448406,10.2540971827696,10.5673562306847,,,,Mexico,CO2
GEM-E3_V2021,EN_INDCi2030_1000_COV_NDCp,MEX,Emissions|CO2|Energy|Demand|Residential and Commercial|Commercial,Mt CO2/yr,,,,,,,,,,,,10.1962120682454,,9.31844203130768,,,,,9.35690231169872,9.1459037424009,9.14276656980727,8.92373073412663,8.67159371362906,8.47102030216197,7.99361631802512,7.47550125141451,6.90736523196513,6.61088095053987,7.284790521796,7.91604975834663,8.7405738014379,9.12813179927192,9.69286010933793,10.023465799709,,,,Mexico,CO2
GEM-E3_V2021,EN_INDCi2030_1000_COV_NDCp,MEX,Emissions|CO2|Energy|Demand|Residential and Commercial|Residential,Mt CO2/yr,,,,,,,,,,,,7.45241133530444,,6.39819194180725,,,,,5.95484990850181,5.55983597082962,5.25075319770646,3.92243035178525,2.83298049950954,1.75474884699608,0.892519884359672,0.575978974284993,0.402199199701437,0.332056412075986,0.393339821926515,0.444626685047166,0.532627807641403,0.532628805212143,0.561237073431675,0.543890430975632,,,,Mexico,CO2
GEM-E3_V2021,EN_INDCi2030_1000_COV_NDCp,MEX,Emissions|CO2|Energy|Demand|Transportation,Mt CO2/yr,,,,,,,,,,,,176.262025263368,,161.287198159382,,,,,160.953564441127,158.188655870667,156.558437136983,141.247054907208,119.515708472613,101.089676593521,83.6784716471477,65.0614653884405,50.1713090008351,41.7974774163114,44.1982794118103,46.5790072619719,51.4150507512343,52.0427326229757,54.7251096700719,55.309051803702,,,,Mexico,CO2
GEM-E3_V2021,EN_INDCi2030_1000_COV_NDCp,MEX,Emissions|CO2|Energy|Supply,Mt CO2/yr,,,,,,,,,,,,171.736077676511,,171.230893078303,,,,,157.546076608009,140.904763590292,95.8116638953439,53.2084048271951,40.0239030914816,11.0812807235795,-2.80413952513176,-11.8574998297612,-18.1609238660201,-21.6068558713296,-22.2143169888044,-21.7332184636291,-20.592738289588,-20.3993250205588,-19.7094616763504,-26.3437448638813,,,,Mexico,CO2
GEM-E3_V2021,EN_INDCi2030_1000_COV_NDCp,MEX,Emissions|CO2|Energy|Supply|Electricity,Mt CO2/yr,,,,,,,,,,,,110.521955797242,,120.767614622772,,,,,104.72167001059,92.0419143253535,53.6053830131544,16.932012420612,8.96289872107543,-14.4908862577961,-25.1005287823441,-31.9921290712363,-36.4392559501449,-39.2024833912463,-41.6351927378368,-42.039374553826,-43.4222531394357,-45.0027171491785,-46.2777433536685,-54.3323474776955,,,,Mexico,CO2
GEM-E3_V2021,EN_INDCi2030_1000_COV_NDCp,MEX,Emissions|CO2|Energy|Supply|Gases,Mt CO2/yr,,,,,,,,,,,,23.0044497361221,,23.1474106539277,,,,,26.2259864675688,22.5979258785016,16.4822246896548,13.2087722746991,11.1271918597005,8.3941884427735,7.98821116305192,8.38313055324469,8.56277437834274,8.8870255334089,9.77713320527594,9.71098320256376,10.7146609221395,11.9429664257909,12.9044313610666,13.8677938584443,,,,Mexico,CO2
GEM-E3_V2021,EN_INDCi2030_1000_COV_NDCp,MEX,Emissions|CO2|Energy|Supply|Liquids,Mt CO2/yr,,,,,,,,,,,,38.2079698514077,,27.3134886011853,,,,,26.5977910833419,26.2644759614681,25.7237435546514,23.0674184218411,19.9336602857392,17.1778584162367,14.3080843434728,11.7514257798633,9.71550061299644,8.70855285998137,9.64368739848314,10.5951120567574,12.1147834536176,12.6603521539524,13.6637705978403,14.1207265039968,,,,Mexico,CO2
GEM-E3_V2021,EN_INDCi2030_1000_COV_NDCp,MEX,Emissions|CO2|Energy|Supply|Solids,Mt CO2/yr,,,,,,,,,,,,0.0017022917389299,,0.0023792004177067,,,,,0.0006290465076079,0.0004474249692764,0.0003126378832443,0.0002017100427512,0.000152224966438,0.0001201223654661,9.37506876004735e-05,7.29083670293799e-05,5.70927856619795e-05,4.91265264389285e-05,5.51452733266796e-05,6.08308757598073e-05,7.04740904576937e-05,7.35488762019165e-05,7.9718411008246e-05,8.22513729869113e-05,,,,Mexico,CO2
GEM-E3_V2021,EN_INDCi2030_1000_COV_NDCp,MEX,Emissions|CO2|Industrial Processes,Mt CO2/yr,,,,,,,,,,,,67.4538104708083,,71.7286504184731,,,,,75.1650053271154,80.7737780753056,85.2533827114749,82.4404526292295,78.8561018887933,76.6915560221726,75.6618142617999,73.9073978858656,71.4724721614603,70.3188868136415,74.2799772131739,77.0577100987663,79.9843523537546,80.4863662771797,81.8991531035696,81.3187723923136,,,,Mexico,CO2
GEM-E3_V2021,EN_INDCi2030_1000_NDCp,MEX,Emissions|CO2|AFOLU,Mt CO2/yr,,,,,,,,,,,,745.604904943388,,683.088349671024,,,,,682.861422168315,682.45453442928,464.821213665832,282.24037445396,134.656844217797,6.40820973507604,-102.10827137177,-198.386188240625,-267.556579148309,-336.726970055993,-399.663250666505,-462.599531277017,-509.193266338848,-555.787001400679,-573.320866546812,-590.854731692945,,,,Mexico,CO2
GEM-E3_V2021,EN_INDCi2030_1000_NDCp,MEX,Emissions|CO2|Energy and Industrial Processes,Mt CO2/yr,,,,,,,,,,,,505.779585667611,,555.719291632961,,,,,500.71625464297,455.440935087724,432.686113121648,350.699150297325,274.251867801376,205.231229406437,166.125520994633,130.616073974657,106.724062709155,100.056177546124,120.457020330094,125.199546972201,134.907206949517,138.309990908614,143.571931500623,131.578971508654,,,,Mexico,CO2
GEM-E3_V2021,EN_INDCi2030_1000_NDCp,MEX,Emissions|CO2|Energy|Demand,Mt CO2/yr,,,,,,,,,,,,266.334594743702,,274.607992028877,,,,,247.412353569166,229.257316684967,233.052580439402,199.124208043755,160.213385179945,118.369072962362,91.5022013932811,69.0637192109646,54.839360142484,50.1836584777588,60.127579896883,62.4003432656875,68.2634423698466,70.1961195467,73.4351872608553,73.8543234528105,,,,Mexico,CO2
GEM-E3_V2021,EN_INDCi2030_1000_NDCp,MEX,Emissions|CO2|Energy|Demand|AFOFI,Mt CO2/yr,,,,,,,,,,,,9.69970730042637,,9.746401912757,,,,,8.65206580939911,7.38879763094184,7.49333191455884,6.00505778194244,4.54188193146434,1.75307279874642,0.509304079583974,0.169067288115107,0.0745182185221879,0.0587862430582628,0.131723443247631,0.144493370276405,0.191014550868248,0.184354364377207,0.184718903511753,0.155438387268577,,,,Mexico,CO2
GEM-E3_V2021,EN_INDCi2030_1000_NDCp,MEX,Emissions|CO2|Energy|Demand|Industry,Mt CO2/yr,,,,,,,,,,,,62.724238776357,,65.9231104049341,,,,,49.9981127465819,40.8677672468345,40.9326120571031,29.2530281730661,20.1962932104266,7.42103668054824,3.37718088199283,1.95941441761001,1.36681394618955,1.26186596751386,1.93125389366042,2.06734289370889,2.45676241455902,2.46921283060613,2.54380550365521,2.3602679155301,,,,Mexico,CO2
GEM-E3_V2021,EN_INDCi2030_1000_NDCp,MEX,Emissions|CO2|Energy|Demand|Residential and Commercial,Mt CO2/yr,,,,,,,,,,,,17.6486234035499,,17.0455007535378,,,,,15.733508370892,14.557260937852,14.925427937363,13.2301546470423,11.7312509390153,9.71448293238572,8.52721412579439,7.62654507140553,7.01912138627896,7.06844281555123,8.45046302162407,9.06288677854059,9.95113125882186,10.4555540636133,11.058176634481,11.3687943205745,,,,Mexico,CO2
GEM-E3_V2021,EN_INDCi2030_1000_NDCp,MEX,Emissions|CO2|Energy|Demand|Residential and Commercial|Commercial,Mt CO2/yr,,,,,,,,,,,,10.1962120682454,,9.82679148501708,,,,,9.69186147077151,9.31878071555739,9.47500770448295,9.24809104004438,8.95067049640936,8.47832104925252,7.84200007494015,7.17624737586937,6.67633448606032,6.74188415444875,7.98798742941469,8.56406178222824,9.37195153963502,9.86509384274264,10.4462309992518,10.7821015243901,,,,Mexico,CO2
GEM-E3_V2021,EN_INDCi2030_1000_NDCp,MEX,Emissions|CO2|Energy|Demand|Residential and Commercial|Residential,Mt CO2/yr,,,,,,,,,,,,7.45241133530444,,7.2187092685208,,,,,6.04164690012054,5.23848022229468,5.45042023288013,3.98206360699794,2.780580442606,1.2361618831332,0.685214050854241,0.450297695536156,0.342786900218636,0.326558661102477,0.462475592209384,0.498824996312346,0.579179719186841,0.590460220870668,0.611945635229227,0.586692796184461,,,,Mexico,CO2
GEM-E3_V2021,EN_INDCi2030_1000_NDCp,MEX,Emissions|CO2|Energy|Demand|Transportation,Mt CO2/yr,,,,,,,,,,,,176.262025263368,,181.892978957648,,,,,173.028666642293,166.443490869339,169.701208530377,150.635967441704,123.743959099038,99.480480550682,79.08850230591,59.308692433834,46.3789065914932,41.7945634516355,49.6141395383509,51.1256202231616,55.6645341455975,57.0869982881033,59.6484862192072,59.9698228294373,,,,Mexico,CO2
GEM-E3_V2021,EN_INDCi2030_1000_NDCp,MEX,Emissions|CO2|Energy|Supply,Mt CO2/yr,,,,,,,,,,,,171.736077676511,,196.591848108293,,,,,167.695847553421,137.319076847908,101.917024549855,58.1288589546492,26.2009923822737,1.76869074872524,-7.80886991005112,-17.6204704794799,-24.8662367636635,-27.6916443198364,-25.1955630794003,-25.1414729093883,-24.2751904246319,-23.8246603066352,-23.3098823740419,-34.8068276596066,,,,Mexico,CO2
GEM-E3_V2021,EN_INDCi2030_1000_NDCp,MEX,Emissions|CO2|Energy|Supply|Electricity,Mt CO2/yr,,,,,,,,,,,,110.521955797242,,138.636611231942,,,,,111.679519844377,88.4831102019272,56.5027536238613,19.2544466568979,-6.33454826089079,-23.6826596685107,-29.6925929493658,-37.5859962227788,-43.2671734349171,-46.352168324579,-47.2879253059747,-47.9500816283423,-49.7113129478633,-51.4926827545748,-53.0819241664755,-65.962143682291,,,,Mexico,CO2
GEM-E3_V2021,EN_INDCi2030_1000_NDCp,MEX,Emissions|CO2|Energy|Supply|Gases,Mt CO2/yr,,,,,,,,,,,,23.0044497361221,,26.8498083788914,,,,,27.544632245291,21.4600135088292,17.5091975549606,14.1899224642892,11.6882627631314,8.83902378631168,8.37779993205816,9.12109523898457,9.1946411234596,9.75784137316111,11.1156502956046,10.9961697941107,12.102012372186,13.5568126003049,14.6413324209477,15.6033554943169,,,,Mexico,CO2
GEM-E3_V2021,EN_INDCi2030_1000_NDCp,MEX,Emissions|CO2|Energy|Supply|Liquids,Mt CO2/yr,,,,,,,,,,,,38.2079698514077,,31.1026946947248,,,,,28.4711554935367,27.3756280001641,27.9047759875454,24.6842794459038,20.8471220941615,16.6122145470211,13.5058371775564,10.844365434798,9.20624310805136,8.90263310876953,10.9766486688417,11.8123709178969,13.3340326031221,14.1111277131896,15.130620986082,15.551869787697,,,,Mexico,CO2
GEM-E3_V2021,EN_INDCi2030_1000_NDCp,MEX,Emissions|CO2|Energy|Supply|Solids,Mt CO2/yr,,,,,,,,,,,,0.0017022917389299,,0.0027338027343259,,,,,0.0005399702160606,0.0003251369874263,0.0002973834880949,0.000210387558163,0.0001557858715665,0.0001120839030997,8.59297001827096e-05,6.50695162540693e-05,5.24397425964474e-05,4.95228119358811e-05,6.32621280662411e-05,6.80069463685038e-05,7.75479232008367e-05,8.21344449705772e-05,8.83854039390842e-05,9.07406704164998e-05,,,,Mexico,CO2
GEM-E3_V2021,EN_INDCi2030_1000_NDCp,MEX,Emissions|CO2|Industrial Processes,Mt CO2/yr,,,,,,,,,,,,67.4538104708083,,84.2721533861266,,,,,85.4018977501028,88.689104957216,97.5422401116385,93.3215157979161,87.7546467898607,85.0387931517718,82.398998975512,79.1529882306973,76.7378206954109,77.5523539491059,85.5060853161535,87.9201808467044,90.8947299835667,91.9141717114508,93.4216206675269,92.5081933529317,,,,Mexico,CO2
GEM-E3_V2021,EN_INDCi2030_1000f,MEX,Emissions|CO2|AFOLU,Mt CO2/yr,,,,,,,,,,,,745.604904943388,,683.088349671024,,,,,610.237843907432,570.110588899222,353.358296501075,176.040412377675,57.140514048812,-52.8718329262238,-144.87816653067,-231.747542727927,-302.158320781193,-372.569098834458,-440.566539452044,-508.563980069629,-552.538432702725,-596.51288533582,-632.358701612146,-668.204517888472,,,,Mexico,CO2
GEM-E3_V2021,EN_INDCi2030_1000f,MEX,Emissions|CO2|Energy and Industrial Processes,Mt CO2/yr,,,,,,,,,,,,505.779585667611,,555.719291632961,,,,,499.638027871053,459.92711057585,461.479949959324,384.856597247371,351.838757379699,275.521888725941,218.353052492759,181.73932843847,152.296880121781,117.530785077097,94.1503389193047,81.8159444944453,58.4234252860844,42.1270524988776,18.7826473981211,-23.8340617853437,,,,Mexico,CO2
GEM-E3_V2021,EN_INDCi2030_1000f,MEX,Emissions|CO2|Energy|Demand,Mt CO2/yr,,,,,,,,,,,,266.334594743702,,274.607992028877,,,,,247.250034772571,229.056371536735,242.34214702819,220.213178803476,196.165716207053,163.386295543107,127.287194176174,102.681716099686,84.4810763671038,66.2568713219826,54.0818327300424,48.4419084410285,44.0388845211783,41.3203924922419,38.5395143046966,35.9556014497363,,,,Mexico,CO2
GEM-E3_V2021,EN_INDCi2030_1000f,MEX,Emissions|CO2|Energy|Demand|AFOFI,Mt CO2/yr,,,,,,,,,,,,9.69970730042637,,9.746401912757,,,,,8.64548264146141,7.3874663801917,7.85527957622811,6.74500158425379,5.73478691451238,4.55372307996117,2.09827707154553,0.940235986389249,0.440159118047819,0.161159954986112,0.0714750665446537,0.0463965499097749,0.0328213290891024,0.0252516540340421,0.0190459228225839,0.0149487475317923,,,,Mexico,CO2
GEM-E3_V2021,EN_INDCi2030_1000f,MEX,Emissions|CO2|Energy|Demand|Industry,Mt CO2/yr,,,,,,,,,,,,62.724238776357,,65.9231104049341,,,,,49.8986076915168,40.7620261890171,44.532576200312,35.0122162183001,27.6995547775126,20.5344950057542,9.21541207734474,5.28563181887402,3.43799872488075,2.05894159285383,1.4151241893488,1.1691304854284,0.99986157324944,0.890032829875011,0.780926373075109,0.691156975321372,,,,Mexico,CO2
GEM-E3_V2021,EN_INDCi2030_1000f,MEX,Emissions|CO2|Energy|Demand|Residential and Commercial,Mt CO2/yr,,,,,,,,,,,,17.6486234035499,,17.0455007535378,,,,,15.7278922921163,14.5624032628224,15.5719021824538,14.4719924426736,13.5125101879079,12.3911069112741,10.5015590971065,9.6745366680447,9.12382059879581,8.31286724252806,7.67489591033553,7.48435163164239,7.31158727241116,7.25359649553306,7.10432533301779,6.89886706704406,,,,Mexico,CO2
GEM-E3_V2021,EN_INDCi2030_1000f,MEX,Emissions|CO2|Energy|Demand|Residential and Commercial|Commercial,Mt CO2/yr,,,,,,,,,,,,10.1962120682454,,9.82679148501708,,,,,9.68921632399537,9.31860843173866,9.63400037773911,9.61966907953899,9.55823172256472,9.40196837665148,9.04235703688394,8.71945843634302,8.42482200610596,7.8346851386153,7.31222616591106,7.16431273202791,7.02191419508348,6.98272102615068,6.8532080260483,6.6639998829331,,,,Mexico,CO2
GEM-E3_V2021,EN_INDCi2030_1000f,MEX,Emissions|CO2|Energy|Demand|Residential and Commercial|Residential,Mt CO2/yr,,,,,,,,,,,,7.45241133530444,,7.2187092685208,,,,,6.03867596812101,5.24379483108379,5.93790180471473,4.85232336313463,3.95427846534317,2.9891385346227,1.45920206022265,0.955078231701684,0.698998592689845,0.478182103912757,0.36266974442447,0.32003889961448,0.289673077327689,0.270875469382382,0.25111730696949,0.234867184110962,,,,Mexico,CO2
GEM-E3_V2021,EN_INDCi2030_1000f,MEX,Emissions|CO2|Energy|Demand|Transportation,Mt CO2/yr,,,,,,,,,,,,176.262025263368,,181.892978957648,,,,,172.978052147476,166.344475704703,174.382389069196,163.983968558248,149.21886432712,125.906970546118,105.471945930177,86.7813116263784,71.4790979253794,55.7239025316146,44.9203375638134,39.7420297740479,35.6946143464285,33.1515115127997,30.6352166757811,28.3506286598391,,,,Mexico,CO2
GEM-E3_V2021,EN_INDCi2030_1000f,MEX,Emissions|CO2|Energy|Supply,Mt CO2/yr,,,,,,,,,,,,171.736077676511,,196.591848108293,,,,,166.977097535612,142.421965549301,119.142494185801,66.2180176940062,59.034381640774,20.1168732393668,1.26140381344583,-10.0499120139291,-20.1038952319282,-32.914158530255,-40.7999699995513,-45.7301377438789,-62.105678175289,-74.0460067885733,-92.2720208757172,-129.264695475254,,,,Mexico,CO2
GEM-E3_V2021,EN_INDCi2030_1000f,MEX,Emissions|CO2|Energy|Supply|Electricity,Mt CO2/yr,,,,,,,,,,,,110.521955797242,,138.636611231942,,,,,111.030708266054,93.0456069018653,70.007199427536,22.8562874418354,19.7188138472161,-12.8006620988625,-26.9334193046193,-36.1263476252173,-43.9614643446435,-53.8672810139786,-59.9930072037855,-64.4110086476809,-80.9408405325954,-93.1854396200004,-111.94517068414,-148.554660661719,,,,Mexico,CO2
GEM-E3_V2021,EN_INDCi2030_1000f,MEX,Emissions|CO2|Energy|Supply|Gases,Mt CO2/yr,,,,,,,,,,,,23.0044497361221,,26.8498083788914,,,,,27.4693519096364,21.90306185624,20.0608328610774,16.1006043123514,14.1363221301534,10.8361713048963,9.69172484807732,10.180935780234,10.0259547941673,9.51205127999688,9.32737018846681,9.37656595596012,9.91436528406191,10.3541827913252,11.0475883739435,10.7923368889126,,,,Mexico,CO2
GEM-E3_V2021,EN_INDCi2030_1000f,MEX,Emissions|CO2|Energy|Supply|Liquids,Mt CO2/yr,,,,,,,,,,,,38.2079698514077,,31.1026946947248,,,,,28.4765038201192,27.4729483744633,29.0740481509516,27.2608746167472,25.1790412530337,22.0812020495421,18.5029734744548,15.8953977383047,13.8315291033516,11.4410041563488,9.86561172307014,9.30425425099719,8.92074939575259,8.78520390716057,8.62551695920897,8.49758531084214,,,,Mexico,CO2
GEM-E3_V2021,EN_INDCi2030_1000f,MEX,Emissions|CO2|Energy|Supply|Solids,Mt CO2/yr,,,,,,,,,,,,0.0017022917389299,,0.0027338027343259,,,,,0.0005335398017233,0.0003484167325908,0.0004137462359222,0.0002513230720695,0.0002044103707409,0.0001619837909373,0.0001247955330085,0.0001020927493916,8.52151963821088e-05,6.7047377844553e-05,5.52926972215076e-05,5.06968447090816e-05,4.76774919253155e-05,4.61329412591282e-05,4.44752703545174e-05,4.29867099517023e-05,,,,Mexico,CO2
GEM-E3_V2021,EN_INDCi2030_1000f,MEX,Emissions|CO2|Industrial Processes,Mt CO2/yr,,,,,,,,,,,,67.4538104708083,,84.2721533861266,,,,,85.204813132213,88.2730929157119,99.8064180855988,98.2734073606322,96.5184607917807,91.9316875661739,89.7442624607139,89.0633124421033,87.8874158845208,84.167794576394,80.8550000100429,79.0933349846275,76.4813040897447,74.8449595984039,72.5086555877657,69.4695475007258,,,,Mexico,CO2
GEM-E3_V2021,EN_INDCi2030_1000f_COV,MEX,Emissions|CO2|AFOLU,Mt CO2/yr,,,,,,,,,,,,745.604904943388,,682.924278338102,,,,,663.412842868995,640.443672269321,442.326642454488,264.846236064267,125.874164394563,0.39393326186246,-100.672675774945,-193.897836917199,-269.516351787207,-345.134866657214,-419.60276007881,-494.070653500406,-541.15369046415,-588.236727427894,-606.521186519323,-624.805645610752,,,,Mexico,CO2
GEM-E3_V2021,EN_INDCi2030_1000f_COV,MEX,Emissions|CO2|Energy and Industrial Processes,Mt CO2/yr,,,,,,,,,,,,505.779585667611,,484.755914852159,,,,,463.34457048943,442.441604500957,414.633153819355,343.443542787733,319.243450826422,253.272629249763,205.040575183334,170.444808611677,143.244956291626,115.788636453492,94.3659109147896,87.6403794347099,72.4052642384424,53.4307140279401,26.6457588799398,21.4325937881228,,,,Mexico,CO2
GEM-E3_V2021,EN_INDCi2030_1000f_COV,MEX,Emissions|CO2|Energy|Demand,Mt CO2/yr,,,,,,,,,,,,266.334594743702,,241.577164799673,,,,,230.769867260622,221.035016260805,218.297689508136,198.992641741978,181.034200484175,151.982846253552,121.77671818127,98.2039487814305,80.8700401269499,63.4674659517478,50.754737995175,46.538193578065,43.3726419253231,40.8461325083948,38.7905543929553,37.088495629124,,,,Mexico,CO2
GEM-E3_V2021,EN_INDCi2030_1000f_COV,MEX,Emissions|CO2|Energy|Demand|AFOFI,Mt CO2/yr,,,,,,,,,,,,9.69970730042637,,8.64148991203125,,,,,8.08818487725159,7.27127845831073,7.01641749260949,6.02876127923376,5.22051867057682,4.14850297590167,2.24103946014078,1.03089726531202,0.48986072347641,0.177860367836009,0.0715202997082791,0.0508212011311412,0.0383130893035376,0.0299471943466416,0.0242852872556661,0.0183057356413185,,,,Mexico,CO2
GEM-E3_V2021,EN_INDCi2030_1000f_COV,MEX,Emissions|CO2|Energy|Demand|Industry,Mt CO2/yr,,,,,,,,,,,,62.724238776357,,55.9318426764024,,,,,46.4572567385939,40.958206219458,38.3335672602054,30.3628832398731,24.8492999780048,18.5004661099851,9.57183777046525,5.34970100813789,3.408061999239,1.97853892525812,1.27669983810562,1.09773731925658,0.967652692037174,0.863906058776231,0.782169965479303,0.690992250876976,,,,Mexico,CO2
GEM-E3_V2021,EN_INDCi2030_1000f_COV,MEX,Emissions|CO2|Energy|Demand|Residential and Commercial,Mt CO2/yr,,,,,,,,,,,,17.6486234035499,,15.716634046106,,,,,15.3085735867962,14.6991775622375,14.6559973338778,13.6109992613178,12.8975692637561,11.8571139782127,10.2523891322042,9.37226681191657,8.81212716852096,8.01380507563642,7.2793079544905,7.1967646974891,7.14212655399561,7.08182917805516,7.00816765499142,6.93655706003885,,,,Mexico,CO2
GEM-E3_V2021,EN_INDCi2030_1000f_COV,MEX,Emissions|CO2|Energy|Demand|Residential and Commercial|Commercial,Mt CO2/yr,,,,,,,,,,,,10.1962120682454,,9.318442106388,,,,,9.35531939925791,9.1424956968035,9.2067673504855,9.1403499362643,9.11841847305749,8.98701286161562,8.71095552384616,8.39881449561112,8.11099026119253,7.54172569440096,6.93582994461358,6.8832093227398,6.85084976634795,6.80863725114039,6.74954486188758,6.69487926998396,,,,Mexico,CO2
GEM-E3_V2021,EN_INDCi2030_1000f_COV,MEX,Emissions|CO2|Energy|Demand|Residential and Commercial|Residential,Mt CO2/yr,,,,,,,,,,,,7.45241133530444,,6.398191939718,,,,,5.95325418753832,5.55668186543404,5.4492299833923,4.47064932505355,3.77915079069861,2.87010111659713,1.5414336083581,0.973452316305443,0.701136907328425,0.472079381235466,0.343478009876924,0.313555374749298,0.291276787647659,0.273191926914776,0.258622793103834,0.24167779005489,,,,Mexico,CO2
GEM-E3_V2021,EN_INDCi2030_1000f_COV,MEX,Emissions|CO2|Energy|Demand|Transportation,Mt CO2/yr,,,,,,,,,,,,176.262025263368,,161.287198165134,,,,,160.91585205798,158.106354020798,158.291707421443,148.989997961553,138.066812571837,117.476763189452,99.7114518184605,82.451083696064,68.1599902357135,53.2972615830172,42.1272099028706,38.1928703601881,35.2245495899868,32.8704500772167,30.9759314852289,29.4426405825668,,,,Mexico,CO2
GEM-E3_V2021,EN_INDCi2030_1000f_COV,MEX,Emissions|CO2|Energy|Supply,Mt CO2/yr,,,,,,,,,,,,171.736077676511,,171.230892930129,,,,,157.407990430504,140.827803468396,110.167455584073,59.1425515400315,53.3613830457676,20.0621736786653,3.72357726375648,-6.94234494608725,-15.983878577166,-23.1776074979112,-28.6760254538234,-30.3516625794209,-40.8026871349959,-55.7510654981978,-78.7369650403865,-80.7251146680378,,,,Mexico,CO2
GEM-E3_V2021,EN_INDCi2030_1000f_COV,MEX,Emissions|CO2|Energy|Supply|Electricity,Mt CO2/yr,,,,,,,,,,,,110.521955797242,,120.767614481249,,,,,104.602763033019,91.9114352310247,65.8367845549666,20.2131956144716,17.3452751058674,-10.268502297671,-22.6637758322777,-31.2156266488679,-38.1411342838472,-42.7633507179343,-46.43224012538,-48.1769785413514,-58.7371458616487,-73.9160117680051,-97.1133911093493,-99.9044916386424,,,,Mexico,CO2
GEM-E3_V2021,EN_INDCi2030_1000f_COV,MEX,Emissions|CO2|Energy|Supply|Gases,Mt CO2/yr,,,,,,,,,,,,23.0044497361221,,23.1474106465239,,,,,26.1974150138963,22.5694140902894,18.1443376330035,14.3314384422642,12.875490782317,9.93161286880696,8.90177326554154,9.24192110786451,9.06777735663382,8.75720276888604,8.5998839232363,9.0133569657437,9.32477844398145,9.67435589809566,9.93765573179274,10.7531192718738,,,,Mexico,CO2
GEM-E3_V2021,EN_INDCi2030_1000f_COV,MEX,Emissions|CO2|Energy|Supply|Liquids,Mt CO2/yr,,,,,,,,,,,,38.2079698514077,,27.3134886019407,,,,,26.6071844316661,26.3465078578427,26.1859337691225,24.5976901572295,23.140426835286,20.3989120234172,17.4854604228415,15.0312630888448,13.0893970094201,10.8284765819361,9.15627925781128,8.81191064269639,8.60963382082729,8.49054528071229,8.43872610105079,8.42621423907344,,,,Mexico,CO2
GEM-E3_V2021,EN_INDCi2030_1000f_COV,MEX,Emissions|CO2|Energy|Supply|Solids,Mt CO2/yr,,,,,,,,,,,,0.0017022917389299,,0.0023792004154423,,,,,0.0006279519223229,0.0004462892397286,0.0003996269803023,0.0002273260661069,0.000190322297186,0.0001510841121334,0.0001194076511248,9.75060713312691e-05,8.13406272713564e-05,6.38692008944192e-05,5.14905090685498e-05,4.83534904182407e-05,4.64618439866538e-05,4.50909993311434e-05,4.4236119266393e-05,4.34596573166326e-05,,,,Mexico,CO2
GEM-E3_V2021,EN_INDCi2030_1000f_COV,MEX,Emissions|CO2|Industrial Processes,Mt CO2/yr,,,,,,,,,,,,67.4538104708083,,71.7286504693292,,,,,74.9691009598575,80.3988974607762,85.998912863473,85.1720365282982,84.7362462519255,81.1464602419846,79.4827880716585,79.1407912482207,78.3277253115224,75.4792433136477,72.2748438221186,71.4433736157228,69.826270969581,68.3277888018059,66.5852843992122,65.0632844530393,,,,Mexico,CO2
GEM-E3_V2021,EN_INDCi2030_1000f_COV_NDCp,MEX,Emissions|CO2|AFOLU,Mt CO2/yr,,,,,,,,,,,,745.604904943388,,682.924278338102,,,,,682.76391145625,682.303723034485,487.941240468668,310.374490222966,162.342741514788,29.5719145186213,-77.8013013783195,-174.495015077103,-253.570980524408,-332.646945971712,-409.709148866736,-486.77135176176,-535.248797304903,-583.726242848047,-602.626129377026,-621.526015906005,,,,Mexico,CO2
GEM-E3_V2021,EN_INDCi2030_1000f_COV_NDCp,MEX,Emissions|CO2|Energy and Industrial Processes,Mt CO2/yr,,,,,,,,,,,,505.779585667611,,484.755914818785,,,,,463.824298946844,443.154075399495,414.599885614201,343.417202280699,319.226155030358,259.107568851127,213.362488733417,176.270078252507,148.042065504835,119.090761726227,97.1109305436719,90.2382757065627,74.9530871018125,57.9147439954593,47.4944174680902,24.1018776620364,,,,Mexico,CO2
GEM-E3_V2021,EN_INDCi2030_1000f_COV_NDCp,MEX,Emissions|CO2|Energy|Demand,Mt CO2/yr,,,,,,,,,,,,266.334594743702,,241.577164668923,,,,,230.915576026859,221.295581301723,218.297167188217,198.987264196134,181.022230538841,155.280498370266,127.369857764032,101.820761079903,83.5882683689039,65.4574853656245,52.3326780334195,48.005314846098,44.7652633055662,42.1840627571577,40.0818078966027,38.3545119868721,,,,Mexico,CO2
GEM-E3_V2021,EN_INDCi2030_1000f_COV_NDCp,MEX,Emissions|CO2|Energy|Demand|AFOFI,Mt CO2/yr,,,,,,,,,,,,9.69970730042637,,8.6414898873513,,,,,8.09249731394746,7.28066057380358,7.01495817659847,6.02742581100392,5.2193949061773,4.25841782721572,2.64116645478337,1.19669878137924,0.561225120465693,0.200938628208364,0.0798551518669102,0.0565682500868288,0.0425102534235357,0.0329098755440989,0.0251434112101125,0.0202180312626176,,,,Mexico,CO2
GEM-E3_V2021,EN_INDCi2030_1000f_COV_NDCp,MEX,Emissions|CO2|Energy|Demand|Industry,Mt CO2/yr,,,,,,,,,,,,62.724238776357,,55.9318426490753,,,,,46.5577620515842,41.1205251440219,38.3418533196278,30.3702301972867,24.8530275215968,19.1465698194551,11.3374692062685,5.9904342980665,3.71880596794481,2.11504702568618,1.34950226669927,1.1572340693627,1.0182508311909,0.90561407217476,0.803501965324625,0.725475155181945,,,,Mexico,CO2
GEM-E3_V2021,EN_INDCi2030_1000f_COV_NDCp,MEX,Emissions|CO2|Energy|Demand|Residential and Commercial,Mt CO2/yr,,,,,,,,,,,,17.6486234035499,,15.7166339731149,,,,,15.3117522202005,14.7057397132305,14.6549961564547,13.6100552371649,12.8961173274822,12.0149662934899,10.6121158275656,9.58369932937217,8.98308853184263,8.16193493049211,7.41911365370692,7.33810421721633,7.28724898371561,7.23226039815943,7.17149157679289,7.09676681662508,,,,Mexico,CO2
GEM-E3_V2021,EN_INDCi2030_1000f_COV_NDCp,MEX,Emissions|CO2|Energy|Demand|Residential and Commercial|Commercial,Mt CO2/yr,,,,,,,,,,,,10.1962120682454,,9.31844203130768,,,,,9.35690231169872,9.1459037424009,9.20624153392548,9.13961434612979,9.11739249153803,9.03472605523609,8.83827050719604,8.52473761094251,8.23562459454708,7.6653455122427,7.06077125704968,7.01176110728194,6.98469051197753,6.94941469308711,6.9073659139729,6.84689902888408,,,,Mexico,CO2
GEM-E3_V2021,EN_INDCi2030_1000f_COV_NDCp,MEX,Emissions|CO2|Energy|Demand|Residential and Commercial|Residential,Mt CO2/yr,,,,,,,,,,,,7.45241133530444,,6.39819194180725,,,,,5.95484990850181,5.55983597082962,5.44875462252929,4.47044089103516,3.77872483594423,2.98024023825384,1.77384532036955,1.05896171842966,0.747463937295558,0.496589418249415,0.35834239665724,0.326343109934386,0.302558471738085,0.282845705072322,0.264125662819989,0.249867787740995,,,,Mexico,CO2
GEM-E3_V2021,EN_INDCi2030_1000f_COV_NDCp,MEX,Emissions|CO2|Energy|Demand|Transportation,Mt CO2/yr,,,,,,,,,,,,176.262025263368,,161.287198159382,,,,,160.953564441127,158.188655870667,158.285359535536,148.979552950678,138.053690783585,119.860544430105,102.779106275414,85.0499286710857,70.3251487486508,54.9795647812378,43.4842069611464,39.4534083094321,36.4172532372362,34.0132784112794,32.0816709432751,30.5120519838024,,,,Mexico,CO2
GEM-E3_V2021,EN_INDCi2030_1000f_COV_NDCp,MEX,Emissions|CO2|Energy|Supply,Mt CO2/yr,,,,,,,,,,,,171.736077676511,,171.230893078303,,,,,157.546076608009,140.904763590292,110.133631317034,59.1120416827958,53.3475391707914,21.7913427063284,5.73500816773145,-5.41600326342429,-14.6356200797744,-22.5619957780703,-28.1863126354431,-29.9034144093688,-40.3213351237312,-53.3142637384879,-60.2396979451992,-80.0212245373603,,,,Mexico,CO2
GEM-E3_V2021,EN_INDCi2030_1000f_COV_NDCp,MEX,Emissions|CO2|Energy|Supply|Electricity,Mt CO2/yr,,,,,,,,,,,,110.521955797242,,120.767614622772,,,,,104.72167001059,92.0419143253535,65.8533806350967,20.2154112467369,17.3491631393362,-9.19138752285441,-21.6043227672864,-30.3635020238523,-37.3362542401067,-42.5314012732105,-46.2414092979058,-48.0092641083874,-58.5232392107417,-71.7985141357323,-79.4260508451474,-99.6902628918977,,,,Mexico,CO2
GEM-E3_V2021,EN_INDCi2030_1000f_COV_NDCp,MEX,Emissions|CO2|Energy|Supply|Gases,Mt CO2/yr,,,,,,,,,,,,23.0044497361221,,23.1474106539277,,,,,26.2259864675688,22.5979258785016,18.1397933350412,14.335116269422,12.88926243862,10.1986073572551,9.16428966850827,9.41379131522872,9.20677825428233,8.83975403674732,8.66350824136888,9.0724184416224,9.38080693387787,9.79041142503009,10.5603421408047,11.0478729340659,,,,Mexico,CO2
GEM-E3_V2021,EN_INDCi2030_1000f_COV_NDCp,MEX,Emissions|CO2|Energy|Supply|Liquids,Mt CO2/yr,,,,,,,,,,,,38.2079698514077,,27.3134886011853,,,,,26.5977910833419,26.2644759614681,26.1400576937591,24.5612868837728,23.1089233177609,20.783967578337,18.1749156668059,15.5336058917269,13.4937714800967,11.1295853539759,9.39153519651318,9.03338126994687,8.8210491202323,8.69379237759352,8.62596519050625,8.62112050467362,,,,Mexico,CO2
GEM-E3_V2021,EN_INDCi2030_1000f_COV_NDCp,MEX,Emissions|CO2|Energy|Supply|Solids,Mt CO2/yr,,,,,,,,,,,,0.0017022917389299,,0.0023792004177067,,,,,0.0006290465076079,0.0004474249692764,0.0003996531370644,0.0002272828640336,0.0001902750742306,0.0001552935906993,0.0001255997036943,0.0001015534723592,8.44259532652791e-05,6.61044168759437e-05,5.32245806051452e-05,4.99874493527906e-05,4.80329002774783e-05,4.65946208369555e-05,4.55686372189575e-05,4.49157978304316e-05,,,,Mexico,CO2
GEM-E3_V2021,EN_INDCi2030_1000f_COV_NDCp,MEX,Emissions|CO2|Industrial Processes,Mt CO2/yr,,,,,,,,,,,,67.4538104708083,,71.7286504184731,,,,,75.1650053271154,80.7737780753056,85.9999885926523,85.1815858362783,84.7447740103238,81.9512613957344,80.1963705657202,79.8201327269048,79.0563310893138,76.1744775581715,72.9514186991902,72.1252301122616,70.4995429787087,69.0365986119247,67.6450905010368,65.762279828218,,,,Mexico,CO2
GEM-E3_V2021,EN_INDCi2030_1000f_NDCp,MEX,Emissions|CO2|AFOLU,Mt CO2/yr,,,,,,,,,,,,745.604904943388,,683.088349671024,,,,,682.861422168315,682.45453442928,478.213106240925,301.058936239988,155.255335244909,24.1122703791396,-84.8847333735867,-184.990051165268,-264.027656888571,-343.065262611873,-416.923426251033,-490.781589890194,-538.295282447855,-585.808975005516,-623.8202956493,-661.831616293083,,,,Mexico,CO2
GEM-E3_V2021,EN_INDCi2030_1000f_NDCp,MEX,Emissions|CO2|Energy and Industrial Processes,Mt CO2/yr,,,,,,,,,,,,505.779585667611,,555.719291632961,,,,,500.71625464297,455.440935087724,461.490789208122,384.882263596075,356.753912138148,281.099378521814,225.539803722958,186.511667424982,153.957949848398,122.24556839784,89.9500760256355,82.2838270008424,72.4732300631966,50.5768754209717,19.9611925355519,-8.06566765277597,,,,Mexico,CO2
GEM-E3_V2021,EN_INDCi2030_1000f_NDCp,MEX,Emissions|CO2|Energy|Demand,Mt CO2/yr,,,,,,,,,,,,266.334594743702,,274.607992028877,,,,,247.412353569166,229.257316684967,242.353552003604,220.214731813301,199.600574313887,166.549863669468,132.007445393267,105.850913241078,85.575290454102,66.1145013910706,51.8192870698956,47.3438331917379,43.9618367846159,41.2533653421699,39.0443418454389,37.2167164859176,,,,Mexico,CO2
GEM-E3_V2021,EN_INDCi2030_1000f_NDCp,MEX,Emissions|CO2|Energy|Demand|AFOFI,Mt CO2/yr,,,,,,,,,,,,9.69970730042637,,9.746401912757,,,,,8.65206580939911,7.38879763094184,7.85411709110067,6.74380056287081,5.84929361795945,4.65491875468097,2.41960980799974,1.06931130498569,0.461190801764878,0.155464384526154,0.059437053576251,0.0420975490427032,0.0313736177898527,0.0245767597416831,0.0200076956589149,0.0161249402308652,,,,Mexico,CO2
GEM-E3_V2021,EN_INDCi2030_1000f_NDCp,MEX,Emissions|CO2|Energy|Demand|Industry,Mt CO2/yr,,,,,,,,,,,,62.724238776357,,65.9231104049341,,,,,49.9981127465819,40.8677672468345,44.5394611873023,35.0219490728622,28.5345348771492,21.1363397985008,10.5122527928816,5.78759561024836,3.53630289659149,2.02651217047063,1.29565541361891,1.11849153785014,0.986133206513329,0.882483596049028,0.799379227509567,0.721346216401449,,,,Mexico,CO2
GEM-E3_V2021,EN_INDCi2030_1000f_NDCp,MEX,Emissions|CO2|Energy|Demand|Residential and Commercial,Mt CO2/yr,,,,,,,,,,,,17.6486234035499,,17.0455007535378,,,,,15.733508370892,14.557260937852,15.5696918404966,14.4700474692543,13.6934441256071,12.5437988364471,10.7775940367813,9.8523254621486,9.1869487661897,8.28940738263774,7.43905198319514,7.361309069692,7.31293922906353,7.25599933549571,7.1832076204549,7.10031424903473,,,,Mexico,CO2
GEM-E3_V2021,EN_INDCi2030_1000f_NDCp,MEX,Emissions|CO2|Energy|Demand|Residential and Commercial|Commercial,Mt CO2/yr,,,,,,,,,,,,10.1962120682454,,9.82679148501708,,,,,9.69186147077151,9.31878071555739,9.63181123829741,9.61798444250355,9.60939399774356,9.45847161387973,9.15951279039313,8.83206565187678,8.47341130639196,7.8170177225422,7.10038977514798,7.05186445798353,7.02590894661879,6.98656213472128,6.92795286292731,6.85849653616763,,,,Mexico,CO2
GEM-E3_V2021,EN_INDCi2030_1000f_NDCp,MEX,Emissions|CO2|Energy|Demand|Residential and Commercial|Residential,Mt CO2/yr,,,,,,,,,,,,7.45241133530444,,7.2187092685208,,,,,6.04164690012054,5.23848022229468,5.93788060219919,4.85206302675076,4.08405012786362,3.08532722256739,1.61808124638818,1.02025981027182,0.713537459797736,0.472389660095545,0.338662208047158,0.309444611708467,0.287030282444739,0.26943720077443,0.255254757527588,0.241817712867105,,,,Mexico,CO2
GEM-E3_V2021,EN_INDCi2030_1000f_NDCp,MEX,Emissions|CO2|Energy|Demand|Transportation,Mt CO2/yr,,,,,,,,,,,,176.262025263368,,181.892978957648,,,,,173.028666642293,166.443490869339,174.390281884704,163.978934708314,151.523301693171,128.214806279839,108.297988755605,89.1416808636961,72.390847989556,55.6431174534361,43.0251426195053,38.8219350351531,35.6313907312491,33.0903056508835,31.0417473018155,29.3789310802505,,,,Mexico,CO2
GEM-E3_V2021,EN_INDCi2030_1000f_NDCp,MEX,Emissions|CO2|Energy|Supply,Mt CO2/yr,,,,,,,,,,,,171.736077676511,,196.591848108293,,,,,167.695847553421,137.319076847908,119.140835048053,66.2227923516567,59.6627226645402,21.7225251204238,3.00674451902103,-9.1806886931402,-19.8488925930425,-28.0956430892666,-41.4324624229778,-43.5869605721193,-48.2775083467238,-65.6830670256641,-91.9970075822132,-115.909734916121,,,,Mexico,CO2
GEM-E3_V2021,EN_INDCi2030_1000f_NDCp,MEX,Emissions|CO2|Energy|Supply|Electricity,Mt CO2/yr,,,,,,,,,,,,110.521955797242,,138.636611231942,,,,,111.679519844377,88.4831102019272,70.0574190489265,22.8526250786046,19.6456910743413,-11.8055074708087,-26.0033593127407,-35.8326252661337,-43.8933280280068,-49.1848644003702,-60.1690964616267,-62.1058402653876,-67.5230635119418,-85.0576000349838,-111.77000834418,-135.828789141683,,,,Mexico,CO2
GEM-E3_V2021,EN_INDCi2030_1000f_NDCp,MEX,Emissions|CO2|Energy|Supply|Gases,Mt CO2/yr,,,,,,,,,,,,23.0044497361221,,26.8498083788914,,,,,27.544632245291,21.4600135088292,20.0590149371686,16.1486542279851,14.4525559423346,11.0816657822005,9.91008182956844,10.3101619631339,10.0650579417163,9.69917504364906,9.26285757521388,9.41533205700858,10.3608920214223,10.6220275170848,11.0804012016228,11.2340750654338,,,,Mexico,CO2
GEM-E3_V2021,EN_INDCi2030_1000f_NDCp,MEX,Emissions|CO2|Energy|Supply|Liquids,Mt CO2/yr,,,,,,,,,,,,38.2079698514077,,31.1026946947248,,,,,28.4711554935367,27.3756280001641,29.023987120019,27.2212617646541,25.56426581126,22.4462009499025,19.0998920341281,16.3416689563226,13.9792910797169,11.3899795076162,9.47372376678002,9.10349821535687,8.88461567174778,8.7524595016717,8.69255448497706,8.68493475917049,,,,Mexico,CO2
GEM-E3_V2021,EN_INDCi2030_1000f_NDCp,MEX,Emissions|CO2|Energy|Supply|Solids,Mt CO2/yr,,,,,,,,,,,,0.0017022917389299,,0.0027338027343259,,,,,0.0005399702160606,0.0003251369874263,0.0004139419395077,0.0002512804128148,0.000209836604179,0.0001658591295849,0.0001299680651277,0.0001056535370056,8.64135311155176e-05,6.67598382562018e-05,5.26966550114171e-05,4.94209028526589e-05,4.7472047909817e-05,4.59905631307758e-05,4.50753678064717e-05,4.44009571505744e-05,,,,Mexico,CO2
GEM-E3_V2021,EN_INDCi2030_1000f_NDCp,MEX,Emissions|CO2|Industrial Processes,Mt CO2/yr,,,,,,,,,,,,67.4538104708083,,84.2721533861266,,,,,85.4018977501028,88.689104957216,99.8074956162089,98.2927470667652,97.3663695969138,92.7369354469948,90.462088253844,89.7947774405292,88.1985588269007,84.2067006556743,79.5510999840292,78.5166812283826,76.7800763584479,74.9989164580784,72.9071547125984,70.6215021096248,,,,Mexico,CO2
GEM-E3_V2021,EN_INDCi2030_1400,MEX,Emissions|CO2|AFOLU,Mt CO2/yr,,,,,,,,,,,,745.604904943388,,683.088349671024,,,,,610.237843907432,570.110588899222,365.323436155401,187.777348813455,70.7587971470574,-37.2603858843174,-124.526477101003,-203.634024629367,-267.444510112696,-331.254995596024,-409.20423321136,-487.153470826696,-537.159544257435,-587.165617688173,-604.271709036421,-621.377800384669,,,,Mexico,CO2
GEM-E3_V2021,EN_INDCi2030_1400,MEX,Emissions|CO2|Energy and Industrial Processes,Mt CO2/yr,,,,,,,,,,,,505.779585667611,,555.719291632961,,,,,499.638027871053,459.92711057585,474.434635557334,443.45281916114,400.700933832446,361.290922231481,347.785711610626,297.948428441068,265.42151502493,223.220634605457,189.396529098408,169.078246422442,150.033656351413,142.870587682274,142.840020417168,132.907143132511,,,,Mexico,CO2
GEM-E3_V2021,EN_INDCi2030_1400,MEX,Emissions|CO2|Energy|Demand,Mt CO2/yr,,,,,,,,,,,,266.334594743702,,274.607992028877,,,,,247.250034772571,229.056371536735,246.672343605578,238.690416267651,227.114867690388,208.101589501577,196.405565695184,171.52224986866,153.848393119814,126.030238748286,103.343695611706,89.9421736187168,78.4119698378965,74.0600709520248,74.0334648709943,75.2349694144679,,,,Mexico,CO2
GEM-E3_V2021,EN_INDCi2030_1400,MEX,Emissions|CO2|Energy|Demand|AFOFI,Mt CO2/yr,,,,,,,,,,,,9.69970730042637,,9.746401912757,,,,,8.64548264146141,7.3874663801917,8.02166260925855,7.3957463942383,6.73996808216922,5.92973173882224,5.38655425320629,4.63709164780203,4.08259774142316,2.25752903164473,0.979882447726344,0.500916443365084,0.246392814279277,0.17408891539385,0.15312683059584,0.144225046528464,,,,Mexico,CO2
GEM-E3_V2021,EN_INDCi2030_1400,MEX,Emissions|CO2|Energy|Demand|Industry,Mt CO2/yr,,,,,,,,,,,,62.724238776357,,65.9231104049341,,,,,49.8986076915168,40.7620261890171,46.3061766755331,41.1106078895014,35.7463997348183,29.9110118235267,27.7082229691532,24.3819487260331,22.3469313475757,12.0575523981007,6.4114737239049,4.21004004692181,2.83684609584377,2.40176171939386,2.29895175048108,2.27783159908439,,,,Mexico,CO2
GEM-E3_V2021,EN_INDCi2030_1400,MEX,Emissions|CO2|Energy|Demand|Residential and Commercial,Mt CO2/yr,,,,,,,,,,,,17.6486234035499,,17.0455007535378,,,,,15.7278922921163,14.5624032628224,15.8782653243073,15.6528705388094,15.3166734024001,14.6742308569167,14.3331398572227,13.7087302907146,13.43157847767,12.1562545480657,11.2808050340565,10.8634515377634,10.4145373119506,10.4302319373148,10.8017992554992,11.2643943192628,,,,Mexico,CO2
GEM-E3_V2021,EN_INDCi2030_1400,MEX,Emissions|CO2|Energy|Demand|Residential and Commercial|Commercial,Mt CO2/yr,,,,,,,,,,,,10.1962120682454,,9.82679148501708,,,,,9.68921632399537,9.31860843173866,9.70625665733129,9.93625346546919,10.1196637750435,10.1965586958263,10.3260468074627,10.3474335439854,10.4709103302935,10.4132711689353,10.1724989646769,10.0233895090771,9.77119544639629,9.85317294439915,10.2348258471212,10.6947871194997,,,,Mexico,CO2
GEM-E3_V2021,EN_INDCi2030_1400,MEX,Emissions|CO2|Energy|Demand|Residential and Commercial|Residential,Mt CO2/yr,,,,,,,,,,,,7.45241133530444,,7.2187092685208,,,,,6.03867596812101,5.24379483108379,6.17200866697602,5.71661707334022,5.19700962735655,4.47767216109036,4.00709304976005,3.36129674672914,2.96066814737658,1.74298337913033,1.10830606937961,0.840062028686349,0.643341865554386,0.577058992915681,0.566973408378074,0.569607199763144,,,,Mexico,CO2
GEM-E3_V2021,EN_INDCi2030_1400,MEX,Emissions|CO2|Energy|Demand|Transportation,Mt CO2/yr,,,,,,,,,,,,176.262025263368,,181.892978957648,,,,,172.978052147476,166.344475704703,176.466238996479,174.531191445102,169.311826471,157.586615082311,148.977648615601,128.794479204111,113.987285553145,99.5589027704753,84.6715344060183,74.3677655906664,64.9141936158228,61.0539883799222,60.7795870344181,61.5485184495921,,,,Mexico,CO2
GEM-E3_V2021,EN_INDCi2030_1400,MEX,Emissions|CO2|Energy|Supply,Mt CO2/yr,,,,,,,,,,,,171.736077676511,,196.591848108293,,,,,166.977097535612,142.421965549301,126.709403048892,101.634688738798,69.5650067488419,49.7707350045858,47.5619507654618,24.8696155809934,10.6722558726717,-3.34502671926303,-12.8682318068513,-17.7523937852328,-21.6400620566608,-23.3156247083754,-23.7913063537723,-34.9719804954958,,,,Mexico,CO2
GEM-E3_V2021,EN_INDCi2030_1400,MEX,Emissions|CO2|Energy|Supply|Electricity,Mt CO2/yr,,,,,,,,,,,,110.521955797242,,138.636611231942,,,,,111.030708266054,93.0456069018653,75.8477867715841,55.0067647679353,23.5850997905253,6.9182497169806,4.9761679502819,-14.9003047245625,-26.7071737666802,-37.3776689719223,-43.9586228964272,-46.7198155649473,-49.0262495608265,-51.5581059423535,-53.4323030776375,-66.32096456036,,,,Mexico,CO2
GEM-E3_V2021,EN_INDCi2030_1400,MEX,Emissions|CO2|Energy|Supply|Gases,Mt CO2/yr,,,,,,,,,,,,23.0044497361221,,26.8498083788914,,,,,27.4693519096364,21.90306185624,21.2726771325482,17.1067126717476,16.9910059191982,15.1727342662152,15.3279326727438,14.6333725778155,13.589840568734,13.0066529899773,12.8744517609919,12.4228978878849,12.4152093385534,13.6092207816671,14.5655731962163,15.629583667216,,,,Mexico,CO2
GEM-E3_V2021,EN_INDCi2030_1400,MEX,Emissions|CO2|Energy|Supply|Liquids,Mt CO2/yr,,,,,,,,,,,,38.2079698514077,,31.1026946947248,,,,,28.4765038201192,27.4729483744633,29.5884689900763,29.5208300800998,28.9886412830533,27.6795215431473,27.2575941759114,25.1363361983784,23.7894080685316,21.025851026782,18.2158249308255,16.5444232261474,14.970889609074,14.6331749092755,15.075335670309,15.7193087046917,,,,Mexico,CO2
GEM-E3_V2021,EN_INDCi2030_1400,MEX,Emissions|CO2|Energy|Supply|Solids,Mt CO2/yr,,,,,,,,,,,,0.0017022917389299,,0.0027338027343259,,,,,0.0005335398017233,0.0003484167325908,0.000470154683341,0.0003812190159382,0.0002597560648885,0.0002294782426932,0.000255966524596,0.0002115293620554,0.0001810020864134,0.000138235899994,0.0001143977584053,0.0001006656820754,8.8556538214595e-05,8.55430353434696e-05,8.78573398212783e-05,9.16929563103388e-05,,,,Mexico,CO2
GEM-E3_V2021,EN_INDCi2030_1400,MEX,Emissions|CO2|Industrial Processes,Mt CO2/yr,,,,,,,,,,,,67.4538104708083,,84.2721533861266,,,,,85.204813132213,88.2730929157119,100.857160138939,102.949454488638,103.862566267441,103.2853930812,103.702169250222,101.462917203593,100.821289121475,100.471046694265,98.8730695454429,96.8513332491842,93.2341870108635,92.1023468572159,92.5749907994785,92.6216574486378,,,,Mexico,CO2
GEM-E3_V2021,EN_INDCi2030_1400f,MEX,Emissions|CO2|AFOLU,Mt CO2/yr,,,,,,,,,,,,745.604904943388,,683.088349671024,,,,,610.237843907432,570.110588899222,365.323436155401,187.777348813455,70.7587971470574,-37.2603858843174,-124.526477101003,-203.634024629367,-267.444510112696,-331.254995596024,-409.20423321136,-487.153470826696,-537.159544257435,-587.165617688173,-604.271709036421,-621.377800384669,,,,Mexico,CO2
GEM-E3_V2021,EN_INDCi2030_1400f,MEX,Emissions|CO2|Energy and Industrial Processes,Mt CO2/yr,,,,,,,,,,,,505.779585667611,,555.719291632961,,,,,499.638027871053,459.92711057585,474.434635557334,443.45281916114,400.700933832446,361.290922231481,347.785711610626,307.765300582413,275.015188432458,228.677001809611,194.733586710065,173.622962145008,153.826173760446,143.326748476186,128.895637497337,100.470577364486,,,,Mexico,CO2
GEM-E3_V2021,EN_INDCi2030_1400f,MEX,Emissions|CO2|Energy|Demand,Mt CO2/yr,,,,,,,,,,,,266.334594743702,,274.607992028877,,,,,247.250034772571,229.056371536735,246.672343605578,238.690416267651,227.114867690388,208.101589501577,196.405565695184,178.227191297993,160.302686017419,129.928725192077,106.865795372154,92.7873140337633,80.6793519105912,74.4097156426356,66.6088214475948,58.2880727692728,,,,Mexico,CO2
GEM-E3_V2021,EN_INDCi2030_1400f,MEX,Emissions|CO2|Energy|Demand|AFOFI,Mt CO2/yr,,,,,,,,,,,,9.69970730042637,,9.746401912757,,,,,8.64548264146141,7.3874663801917,8.02166260925855,7.3957463942383,6.73996808216922,5.92973173882224,5.38655425320629,4.85020526445498,4.28289963326664,2.50212343397409,1.12354984366976,0.570446974907817,0.276565417443303,0.174739365899536,0.0939971734495877,0.0483609401835728,,,,Mexico,CO2
GEM-E3_V2021,EN_INDCi2030_1400f,MEX,Emissions|CO2|Energy|Demand|Industry,Mt CO2/yr,,,,,,,,,,,,62.724238776357,,65.9231104049341,,,,,49.8986076915168,40.7620261890171,46.3061766755331,41.1106078895014,35.7463997348183,29.9110118235267,27.7082229691532,25.8481401351497,23.6787192184963,13.3498024966027,7.0956148132303,4.57721503284696,3.03201458805434,2.40658644489371,1.7685258541285,1.2788022387105,,,,Mexico,CO2
GEM-E3_V2021,EN_INDCi2030_1400f,MEX,Emissions|CO2|Energy|Demand|Residential and Commercial,Mt CO2/yr,,,,,,,,,,,,17.6486234035499,,17.0455007535378,,,,,15.7278922921163,14.5624032628224,15.8782653243073,15.6528705388094,15.3166734024001,14.6742308569167,14.3331398572227,14.0451284850323,13.7664635985207,12.4154046581279,11.5007798770936,11.0562270932855,10.5870888834035,10.4449983793895,10.0453762771631,9.41999404259642,,,,Mexico,CO2
GEM-E3_V2021,EN_INDCi2030_1400f,MEX,Emissions|CO2|Energy|Demand|Residential and Commercial|Commercial,Mt CO2/yr,,,,,,,,,,,,10.1962120682454,,9.82679148501708,,,,,9.68921632399537,9.31860843173866,9.70625665733129,9.93625346546919,10.1196637750435,10.1965586958263,10.3260468074627,10.4556935873348,10.6038650647089,10.5294559661505,10.3114256237205,10.1656547393787,9.91180761141085,9.8670787959321,9.58003095686581,9.05164118676816,,,,Mexico,CO2
GEM-E3_V2021,EN_INDCi2030_1400f,MEX,Emissions|CO2|Energy|Demand|Residential and Commercial|Residential,Mt CO2/yr,,,,,,,,,,,,7.45241133530444,,7.2187092685208,,,,,6.03867596812101,5.24379483108379,6.17200866697602,5.71661707334022,5.19700962735655,4.47767216109036,4.00709304976005,3.58943489769743,3.16259853381187,1.88594869197741,1.18935425337315,0.890572353906749,0.675281271992706,0.577919583457391,0.465345320297357,0.368352855828262,,,,Mexico,CO2
GEM-E3_V2021,EN_INDCi2030_1400f,MEX,Emissions|CO2|Energy|Demand|Transportation,Mt CO2/yr,,,,,,,,,,,,176.262025263368,,181.892978957648,,,,,172.978052147476,166.344475704703,176.466238996479,174.531191445102,169.311826471,157.586615082311,148.977648615601,133.483717413356,118.574603567135,101.661394603372,87.145850838161,76.5834249327229,66.78368302169,61.3833914524528,54.7009221428535,47.5409155477823,,,,Mexico,CO2
GEM-E3_V2021,EN_INDCi2030_1400f,MEX,Emissions|CO2|Energy|Supply,Mt CO2/yr,,,,,,,,,,,,171.736077676511,,196.591848108293,,,,,166.977097535612,142.421965549301,126.709403048892,101.634688738798,69.5650067488419,49.7707350045858,47.5619507654618,26.3099137559127,12.1499861484203,-2.31624887298205,-11.8674863447753,-16.9135191473515,-20.9530171449292,-23.2458154932297,-26.3833840608235,-41.218167150878,,,,Mexico,CO2
GEM-E3_V2021,EN_INDCi2030_1400f,MEX,Emissions|CO2|Energy|Supply|Electricity,Mt CO2/yr,,,,,,,,,,,,110.521955797242,,138.636611231942,,,,,111.030708266054,93.0456069018653,75.8477867715841,55.0067647679353,23.5850997905253,6.9182497169806,4.9761679502819,-14.7781907250311,-26.5010271857955,-37.0657816798696,-43.6886560239577,-46.510234081639,-48.8594006076594,-51.550856867032,-54.1367106322701,-68.3052625667564,,,,Mexico,CO2
GEM-E3_V2021,EN_INDCi2030_1400f,MEX,Emissions|CO2|Energy|Supply|Gases,Mt CO2/yr,,,,,,,,,,,,23.0044497361221,,26.8498083788914,,,,,27.4693519096364,21.90306185624,21.2726771325482,17.1067126717476,16.9910059191982,15.1727342662152,15.3279326727438,15.0476426871579,13.9611831883093,13.1661263231109,13.0243063090934,12.549937144589,12.5190525824505,13.6177568749328,14.1592562178776,14.7156207038578,,,,Mexico,CO2
GEM-E3_V2021,EN_INDCi2030_1400f,MEX,Emissions|CO2|Energy|Supply|Liquids,Mt CO2/yr,,,,,,,,,,,,38.2079698514077,,31.1026946947248,,,,,28.4765038201192,27.4729483744633,29.5884689900763,29.5208300800998,28.9886412830533,27.6795215431473,27.2575941759114,26.0402407958686,24.6896405186681,21.5832635691166,18.7967446068199,17.0466735448159,15.3872394630324,14.6871985978577,13.5939925184966,12.371405725383,,,,Mexico,CO2
GEM-E3_V2021,EN_INDCi2030_1400f,MEX,Emissions|CO2|Energy|Supply|Solids,Mt CO2/yr,,,,,,,,,,,,0.0017022917389299,,0.0027338027343259,,,,,0.0005335398017233,0.0003484167325908,0.000470154683341,0.0003812190159382,0.0002597560648885,0.0002294782426932,0.000255966524596,0.000220997917229,0.0001896272384386,0.0001429146600299,0.0001187632689014,0.000104244882511,9.14172471711202e-05,8.59010116427492e-05,7.7835072307142e-05,6.89866374591045e-05,,,,Mexico,CO2
GEM-E3_V2021,EN_INDCi2030_1400f,MEX,Emissions|CO2|Industrial Processes,Mt CO2/yr,,,,,,,,,,,,67.4538104708083,,84.2721533861266,,,,,85.204813132213,88.2730929157119,100.857160138939,102.949454488638,103.862566267441,103.2853930812,103.702169250222,103.12785249088,102.477095242723,100.997757191208,99.6846153079546,97.7098876258977,94.0707219284305,92.1390040545792,88.6524507332664,83.3882547598173,,,,Mexico,CO2
GEM-E3_V2021,EN_INDCi2030_1800,MEX,Emissions|CO2|AFOLU,Mt CO2/yr,,,,,,,,,,,,745.604904943388,,683.088349671024,,,,,610.237843907432,570.110588899222,398.154878255582,204.958073182584,97.3597012987412,-1.99616824487494,-84.5745715239866,-166.206144044667,-244.386550308164,-322.566956571661,-393.206446763827,-463.845936955993,-513.118368515559,-562.390800075124,-584.185022393432,-605.97924471174,,,,Mexico,CO2
GEM-E3_V2021,EN_INDCi2030_1800,MEX,Emissions|CO2|Energy and Industrial Processes,Mt CO2/yr,,,,,,,,,,,,505.779585667611,,555.719291632961,,,,,499.638027871053,459.92711057585,484.355847288315,462.107088753723,447.487437057017,411.156245622303,408.942860384718,397.406013391594,391.923737601491,369.910589179469,341.833381449798,312.013180277535,276.097988915744,236.342769019015,198.870674647548,164.316111386763,,,,Mexico,CO2
GEM-E3_V2021,EN_INDCi2030_1800,MEX,Emissions|CO2|Energy|Demand,Mt CO2/yr,,,,,,,,,,,,266.334594743702,,274.607992028877,,,,,247.250034772571,229.056371536735,250.621417038258,246.816344322803,242.101125519616,235.823857228769,234.688084198558,224.931413743841,217.779063848611,203.570863217025,189.655123136164,175.199654841221,156.47740322244,128.029655594997,103.446290646491,83.2977890235016,,,,Mexico,CO2
GEM-E3_V2021,EN_INDCi2030_1800,MEX,Emissions|CO2|Energy|Demand|AFOFI,Mt CO2/yr,,,,,,,,,,,,9.69970730042637,,9.746401912757,,,,,8.64548264146141,7.3874663801917,8.17201385225942,7.68161501420456,7.22188464837632,6.77917181098155,6.49017035611478,6.13373428467821,5.83637931549218,5.32138357816209,4.78072504367122,4.2538026775653,3.57785478334815,1.68555797321276,0.547798365272284,0.163794093496887,,,,Mexico,CO2
GEM-E3_V2021,EN_INDCi2030_1800,MEX,Emissions|CO2|Energy|Demand|Industry,Mt CO2/yr,,,,,,,,,,,,62.724238776357,,65.9231104049341,,,,,49.8986076915168,40.7620261890171,48.0206044484601,44.0830515659753,40.4612873777322,37.3885011448543,37.2205077223226,36.9159031252417,36.9830043620414,34.6397962517464,32.0878879763387,29.0091519444542,24.8990402604923,11.5375692298286,5.04640818928918,2.47240878118474,,,,Mexico,CO2
GEM-E3_V2021,EN_INDCi2030_1800,MEX,Emissions|CO2|Energy|Demand|Residential and Commercial,Mt CO2/yr,,,,,,,,,,,,17.6486234035499,,17.0455007535378,,,,,15.7278922921163,14.5624032628224,16.1586030900829,16.2156954562595,16.2794763200344,16.3561701389873,16.5443749216073,16.6127544841935,16.8591566321849,16.7022730036389,16.5686299253553,16.3842653927532,15.9270902101318,14.3502670719929,13.0647067971852,11.7319288639909,,,,Mexico,CO2
GEM-E3_V2021,EN_INDCi2030_1800,MEX,Emissions|CO2|Energy|Demand|Residential and Commercial|Commercial,Mt CO2/yr,,,,,,,,,,,,10.1962120682454,,9.82679148501708,,,,,9.68921632399537,9.31860843173866,9.76967043855348,10.0886046597416,10.4010068187774,10.7170584944657,11.0720308901137,11.3854377059367,11.7680875761827,12.0593526299816,12.3448575566651,12.6151353627807,12.7793089120069,12.6562587046074,12.0844096993828,11.1262052639655,,,,Mexico,CO2
GEM-E3_V2021,EN_INDCi2030_1800,MEX,Emissions|CO2|Energy|Demand|Residential and Commercial|Residential,Mt CO2/yr,,,,,,,,,,,,7.45241133530444,,7.2187092685208,,,,,6.03867596812101,5.24379483108379,6.38893265152951,6.1270907965179,5.87846950125698,5.63911164452165,5.4723440314936,5.22731677825677,5.09106905600215,4.6429203736573,4.22377236869017,3.76913002997254,3.14778129812494,1.69400836738547,0.980297097802351,0.605723600025344,,,,Mexico,CO2
GEM-E3_V2021,EN_INDCi2030_1800,MEX,Emissions|CO2|Energy|Demand|Transportation,Mt CO2/yr,,,,,,,,,,,,176.262025263368,,181.892978957648,,,,,172.978052147476,166.344475704703,178.270195647455,178.835982286363,178.138477173473,175.300014133945,174.433031198514,165.269021849727,158.100523538893,146.907410383477,136.217880190798,125.552434826448,112.073417968468,100.456261319962,84.7873772947451,68.929657284829,,,,Mexico,CO2
GEM-E3_V2021,EN_INDCi2030_1800,MEX,Emissions|CO2|Energy|Supply,Mt CO2/yr,,,,,,,,,,,,171.736077676511,,196.591848108293,,,,,166.977097535612,142.421965549301,131.715905010132,110.195971384733,97.6325630806536,65.4266520796376,61.4339103473898,57.3702165337031,56.4097401775786,48.4353740076875,34.8875602911074,21.5296346864609,8.99474864234313,0.261554934555448,-7.32491309040072,-14.054812576185,,,,Mexico,CO2
GEM-E3_V2021,EN_INDCi2030_1800,MEX,Emissions|CO2|Energy|Supply|Electricity,Mt CO2/yr,,,,,,,,,,,,110.521955797242,,138.636611231942,,,,,111.030708266054,93.0456069018653,79.4900072677267,60.9779155928316,49.5645195830489,16.3032763747552,10.7345145153418,5.11420820405624,3.25074050205454,-2.85521087844445,-14.987423462299,-26.3883883026587,-36.0966757136628,-40.9218680024031,-44.603383535218,-47.798707197656,,,,Mexico,CO2
GEM-E3_V2021,EN_INDCi2030_1800,MEX,Emissions|CO2|Energy|Supply|Gases,Mt CO2/yr,,,,,,,,,,,,23.0044497361221,,26.8498083788914,,,,,27.4693519096364,21.90306185624,22.1701776418573,18.7104844668037,17.2161881358965,17.9015367451939,18.4256569859874,19.9480247192022,20.5212340779177,19.3877718729634,18.8311867472639,17.8940936182469,16.9693124283527,16.5853594436311,16.5574143211212,16.585410529065,,,,Mexico,CO2
GEM-E3_V2021,EN_INDCi2030_1800,MEX,Emissions|CO2|Energy|Supply|Liquids,Mt CO2/yr,,,,,,,,,,,,38.2079698514077,,31.1026946947248,,,,,28.4765038201192,27.4729483744633,30.055187441964,30.5071222766586,30.8514488215182,31.2213715938719,32.2733196015782,32.3076882938268,32.6374886827788,31.9025606138454,31.0435646436637,30.0237133312846,28.1219199789267,24.5979060543098,20.7209296445176,17.1583833740296,,,,Mexico,CO2
GEM-E3_V2021,EN_INDCi2030_1800,MEX,Emissions|CO2|Energy|Supply|Solids,Mt CO2/yr,,,,,,,,,,,,0.0017022917389299,,0.0027338027343259,,,,,0.0005335398017233,0.0003484167325908,0.0005326585844204,0.0004490484397041,0.0004065401899974,0.0004673658165976,0.0004192444822492,0.0002953166177094,0.0002769148274085,0.0002523993231369,0.0002323624788471,0.0002160395881056,0.0001919487264585,0.0001574390176488,0.0001264791784036,0.0001007183762179,,,,Mexico,CO2
GEM-E3_V2021,EN_INDCi2030_1800,MEX,Emissions|CO2|Industrial Processes,Mt CO2/yr,,,,,,,,,,,,67.4538104708083,,84.2721533861266,,,,,85.204813132213,88.2730929157119,101.816557842466,104.904476999785,107.575029581463,109.737890878809,112.66140458804,114.956203189277,117.594278793652,117.779024025806,117.179327077858,115.186857895202,110.547043326075,107.989490554252,102.707824292994,95.0486324400411,,,,Mexico,CO2
GEM-E3_V2021,EN_INDCi2030_1800f,MEX,Emissions|CO2|AFOLU,Mt CO2/yr,,,,,,,,,,,,745.604904943388,,683.088349671024,,,,,610.237843907432,570.110588899222,398.154878255582,204.958073182584,97.3597012987412,-1.99616824487494,-84.5745715239866,-166.206144044667,-244.386550308164,-322.566956571661,-393.206446763827,-463.845936955993,-513.118368515559,-562.390800075124,-584.185022393432,-605.97924471174,,,,Mexico,CO2
GEM-E3_V2021,EN_INDCi2030_1800f,MEX,Emissions|CO2|Energy and Industrial Processes,Mt CO2/yr,,,,,,,,,,,,505.779585667611,,555.719291632961,,,,,499.638027871053,459.92711057585,484.355847288315,462.107088753723,447.487437057017,411.156245622303,408.942860384718,397.406013391594,391.923737601491,369.910589179469,341.833381449798,312.013180277535,276.097988915744,236.342769019015,198.870674647548,164.316111386763,,,,Mexico,CO2
GEM-E3_V2021,EN_INDCi2030_1800f,MEX,Emissions|CO2|Energy|Demand,Mt CO2/yr,,,,,,,,,,,,266.334594743702,,274.607992028877,,,,,247.250034772571,229.056371536735,250.621417038258,246.816344322803,242.101125519616,235.823857228769,234.688084198558,224.931413743841,217.779063848611,203.570863217025,189.655123136164,175.199654841221,156.47740322244,128.029655594997,103.446290646491,83.2977890235016,,,,Mexico,CO2
GEM-E3_V2021,EN_INDCi2030_1800f,MEX,Emissions|CO2|Energy|Demand|AFOFI,Mt CO2/yr,,,,,,,,,,,,9.69970730042637,,9.746401912757,,,,,8.64548264146141,7.3874663801917,8.17201385225942,7.68161501420456,7.22188464837632,6.77917181098155,6.49017035611478,6.13373428467821,5.83637931549218,5.32138357816209,4.78072504367122,4.2538026775653,3.57785478334815,1.68555797321276,0.547798365272284,0.163794093496887,,,,Mexico,CO2
GEM-E3_V2021,EN_INDCi2030_1800f,MEX,Emissions|CO2|Energy|Demand|Industry,Mt CO2/yr,,,,,,,,,,,,62.724238776357,,65.9231104049341,,,,,49.8986076915168,40.7620261890171,48.0206044484601,44.0830515659753,40.4612873777322,37.3885011448543,37.2205077223226,36.9159031252417,36.9830043620414,34.6397962517464,32.0878879763387,29.0091519444542,24.8990402604923,11.5375692298286,5.04640818928918,2.47240878118474,,,,Mexico,CO2
GEM-E3_V2021,EN_INDCi2030_1800f,MEX,Emissions|CO2|Energy|Demand|Residential and Commercial,Mt CO2/yr,,,,,,,,,,,,17.6486234035499,,17.0455007535378,,,,,15.7278922921163,14.5624032628224,16.1586030900829,16.2156954562595,16.2794763200344,16.3561701389873,16.5443749216073,16.6127544841935,16.8591566321849,16.7022730036389,16.5686299253553,16.3842653927532,15.9270902101318,14.3502670719929,13.0647067971852,11.7319288639909,,,,Mexico,CO2
GEM-E3_V2021,EN_INDCi2030_1800f,MEX,Emissions|CO2|Energy|Demand|Residential and Commercial|Commercial,Mt CO2/yr,,,,,,,,,,,,10.1962120682454,,9.82679148501708,,,,,9.68921632399537,9.31860843173866,9.76967043855348,10.0886046597416,10.4010068187774,10.7170584944657,11.0720308901137,11.3854377059367,11.7680875761827,12.0593526299816,12.3448575566651,12.6151353627807,12.7793089120069,12.6562587046074,12.0844096993828,11.1262052639655,,,,Mexico,CO2
GEM-E3_V2021,EN_INDCi2030_1800f,MEX,Emissions|CO2|Energy|Demand|Residential and Commercial|Residential,Mt CO2/yr,,,,,,,,,,,,7.45241133530444,,7.2187092685208,,,,,6.03867596812101,5.24379483108379,6.38893265152951,6.1270907965179,5.87846950125698,5.63911164452165,5.4723440314936,5.22731677825677,5.09106905600215,4.6429203736573,4.22377236869017,3.76913002997254,3.14778129812494,1.69400836738547,0.980297097802351,0.605723600025344,,,,Mexico,CO2
GEM-E3_V2021,EN_INDCi2030_1800f,MEX,Emissions|CO2|Energy|Demand|Transportation,Mt CO2/yr,,,,,,,,,,,,176.262025263368,,181.892978957648,,,,,172.978052147476,166.344475704703,178.270195647455,178.835982286363,178.138477173473,175.300014133945,174.433031198514,165.269021849727,158.100523538893,146.907410383477,136.217880190798,125.552434826448,112.073417968468,100.456261319962,84.7873772947451,68.929657284829,,,,Mexico,CO2
GEM-E3_V2021,EN_INDCi2030_1800f,MEX,Emissions|CO2|Energy|Supply,Mt CO2/yr,,,,,,,,,,,,171.736077676511,,196.591848108293,,,,,166.977097535612,142.421965549301,131.715905010132,110.195971384733,97.6325630806536,65.4266520796376,61.4339103473898,57.3702165337031,56.4097401775786,48.4353740076875,34.8875602911074,21.5296346864609,8.99474864234313,0.261554934555448,-7.32491309040072,-14.054812576185,,,,Mexico,CO2
GEM-E3_V2021,EN_INDCi2030_1800f,MEX,Emissions|CO2|Energy|Supply|Electricity,Mt CO2/yr,,,,,,,,,,,,110.521955797242,,138.636611231942,,,,,111.030708266054,93.0456069018653,79.4900072677267,60.9779155928316,49.5645195830489,16.3032763747552,10.7345145153418,5.11420820405624,3.25074050205454,-2.85521087844445,-14.987423462299,-26.3883883026587,-36.0966757136628,-40.9218680024031,-44.603383535218,-47.798707197656,,,,Mexico,CO2
GEM-E3_V2021,EN_INDCi2030_1800f,MEX,Emissions|CO2|Energy|Supply|Gases,Mt CO2/yr,,,,,,,,,,,,23.0044497361221,,26.8498083788914,,,,,27.4693519096364,21.90306185624,22.1701776418573,18.7104844668037,17.2161881358965,17.9015367451939,18.4256569859874,19.9480247192022,20.5212340779177,19.3877718729634,18.8311867472639,17.8940936182469,16.9693124283527,16.5853594436311,16.5574143211212,16.585410529065,,,,Mexico,CO2
GEM-E3_V2021,EN_INDCi2030_1800f,MEX,Emissions|CO2|Energy|Supply|Liquids,Mt CO2/yr,,,,,,,,,,,,38.2079698514077,,31.1026946947248,,,,,28.4765038201192,27.4729483744633,30.055187441964,30.5071222766586,30.8514488215182,31.2213715938719,32.2733196015782,32.3076882938268,32.6374886827788,31.9025606138454,31.0435646436637,30.0237133312846,28.1219199789267,24.5979060543098,20.7209296445176,17.1583833740296,,,,Mexico,CO2
GEM-E3_V2021,EN_INDCi2030_1800f,MEX,Emissions|CO2|Energy|Supply|Solids,Mt CO2/yr,,,,,,,,,,,,0.0017022917389299,,0.0027338027343259,,,,,0.0005335398017233,0.0003484167325908,0.0005326585844204,0.0004490484397041,0.0004065401899974,0.0004673658165976,0.0004192444822492,0.0002953166177094,0.0002769148274085,0.0002523993231369,0.0002323624788471,0.0002160395881056,0.0001919487264585,0.0001574390176488,0.0001264791784036,0.0001007183762179,,,,Mexico,CO2
GEM-E3_V2021,EN_INDCi2030_1800f,MEX,Emissions|CO2|Industrial Processes,Mt CO2/yr,,,,,,,,,,,,67.4538104708083,,84.2721533861266,,,,,85.204813132213,88.2730929157119,101.816557842466,104.904476999785,107.575029581463,109.737890878809,112.66140458804,114.956203189277,117.594278793652,117.779024025806,117.179327077858,115.186857895202,110.547043326075,107.989490554252,102.707824292994,95.0486324400411,,,,Mexico,CO2
GEM-E3_V2021,EN_INDCi2030_600f,MEX,Emissions|CO2|AFOLU,Mt CO2/yr,,,,,,,,,,,,745.604904943388,,683.088349671024,,,,,610.237843907432,570.110588899222,342.410857357121,158.67871633746,36.7024685274057,-70.8047780534154,-162.800997372192,-247.339007164613,-319.380802976193,-391.422598787773,-464.308560581961,-537.194522376149,-608.841936052416,-680.489349728683,-693.020149082957,-705.550948437232,,,,Mexico,CO2
GEM-E3_V2021,EN_INDCi2030_600f,MEX,Emissions|CO2|Energy and Industrial Processes,Mt CO2/yr,,,,,,,,,,,,505.779585667611,,555.719291632961,,,,,499.638027871053,459.92711057585,363.42583429465,269.749343062893,174.069313184372,120.660381478146,88.2755492939928,71.7685211168334,51.0534198102852,37.0914015325017,25.1570440619407,15.1033925128958,6.94170484286147,-5.29465535425552,-28.584117260125,-32.1822669020798,,,,Mexico,CO2
GEM-E3_V2021,EN_INDCi2030_600f,MEX,Emissions|CO2|Energy|Demand,Mt CO2/yr,,,,,,,,,,,,266.334594743702,,274.607992028877,,,,,247.250034772571,229.056371536735,208.033516219894,160.054390892946,94.1471343796151,65.6556857654124,48.5719272933323,39.7398972461658,32.1859765396452,27.2092188324922,23.6133886530512,21.3053183357566,19.5413513976246,18.1866488505122,17.1557292538058,16.5228157215134,,,,Mexico,CO2
GEM-E3_V2021,EN_INDCi2030_600f,MEX,Emissions|CO2|Energy|Demand|AFOFI,Mt CO2/yr,,,,,,,,,,,,9.69970730042637,,9.746401912757,,,,,8.64548264146141,7.3874663801917,6.55078953479174,4.64559734347564,0.829017830955121,0.13453500404138,0.0413810529444338,0.0245871975067665,0.014190553313679,0.0092705352772831,0.0064380102818556,0.0048145053847445,0.0036568498552219,0.0029248189316274,0.0024271519994274,0.0019654816959432,,,,Mexico,CO2
GEM-E3_V2021,EN_INDCi2030_600f,MEX,Emissions|CO2|Energy|Demand|Industry,Mt CO2/yr,,,,,,,,,,,,62.724238776357,,65.9231104049341,,,,,49.8986076915168,40.7620261890171,32.715450616728,20.5997957632633,4.18934445644206,1.57725112142574,0.948781278351243,0.782371741416569,0.630653608441447,0.534371431981435,0.462061421985739,0.40956616349084,0.365044588929028,0.330269275057709,0.302348515127368,0.276509365818618,,,,Mexico,CO2
GEM-E3_V2021,EN_INDCi2030_600f,MEX,Emissions|CO2|Energy|Demand|Residential and Commercial,Mt CO2/yr,,,,,,,,,,,,17.6486234035499,,17.0455007535378,,,,,15.7278922921163,14.5624032628224,13.3816910212688,11.2798161303981,8.0800217808751,6.71343221974409,5.72050233320689,5.39533391179025,5.00926688071588,4.74496484892265,4.52451094634233,4.39508272778613,4.2755359788985,4.16149726658329,4.05652009337185,4.0014704899701,,,,Mexico,CO2
GEM-E3_V2021,EN_INDCi2030_600f,MEX,Emissions|CO2|Energy|Demand|Residential and Commercial|Commercial,Mt CO2/yr,,,,,,,,,,,,10.1962120682454,,9.82679148501708,,,,,9.68921632399537,9.31860843173866,9.081470365962,8.60206360038391,7.36329750868772,6.34218593658136,5.46691158632319,5.17192290472495,4.81234147790046,4.56383981778363,4.35441105308988,4.23236420994704,4.11914393719414,4.00973620084776,3.90818733203384,3.85661667041375,,,,Mexico,CO2
GEM-E3_V2021,EN_INDCi2030_600f,MEX,Emissions|CO2|Energy|Demand|Residential and Commercial|Residential,Mt CO2/yr,,,,,,,,,,,,7.45241133530444,,7.2187092685208,,,,,6.03867596812101,5.24379483108379,4.30022065530681,2.6777525300142,0.716724272187377,0.371246283162726,0.253590746883694,0.223411007065306,0.196925402815423,0.18112503113902,0.170099893252445,0.162718517839094,0.156392041704359,0.151761065735534,0.148332761338008,0.144853819556348,,,,Mexico,CO2
GEM-E3_V2021,EN_INDCi2030_600f,MEX,Emissions|CO2|Energy|Demand|Transportation,Mt CO2/yr,,,,,,,,,,,,176.262025263368,,181.892978957648,,,,,172.978052147476,166.344475704703,155.385585047106,123.529181655809,81.0487503113428,57.2304674202012,41.8612626288297,33.5376043954522,26.5318654971742,21.9206120163109,18.6203782744413,16.4958549390948,14.8971139799418,13.6919574899396,12.7944334933072,12.2428703840287,,,,Mexico,CO2
GEM-E3_V2021,EN_INDCi2030_600f,MEX,Emissions|CO2|Energy|Supply,Mt CO2/yr,,,,,,,,,,,,171.736077676511,,196.591848108293,,,,,166.977097535612,142.421965549301,64.1510054571862,25.696963575293,3.26732037363994,-16.5166241013728,-27.8852881255495,-34.9330389712877,-46.6475919843756,-54.5551462393841,-61.7593864601626,-68.1752893931478,-72.7198887844231,-81.904747601089,-102.405679167896,-103.791931839751,,,,Mexico,CO2
GEM-E3_V2021,EN_INDCi2030_600f,MEX,Emissions|CO2|Energy|Supply|Electricity,Mt CO2/yr,,,,,,,,,,,,110.521955797242,,138.636611231942,,,,,111.030708266054,93.0456069018653,22.208684335152,-5.65735074688767,-18.1026291807546,-31.8115865985946,-41.3860552578305,-47.9999336769159,-58.9727422910576,-66.782415638804,-74.3884055112452,-80.819211077234,-85.8174172431406,-95.9789353980736,-116.694763100876,-118.890528083549,,,,Mexico,CO2
GEM-E3_V2021,EN_INDCi2030_600f,MEX,Emissions|CO2|Energy|Supply|Gases,Mt CO2/yr,,,,,,,,,,,,23.0044497361221,,26.8498083788914,,,,,27.4693519096364,21.90306185624,16.9747707873707,11.1712023768097,8.37258250583464,5.76250495351333,5.8484915852499,6.25881279314382,6.25741644888084,6.61094885951704,7.30879856777285,7.4615642891348,7.98372083266488,8.96272194057595,9.12668899122344,9.82877816420219,,,,Mexico,CO2
GEM-E3_V2021,EN_INDCi2030_600f,MEX,Emissions|CO2|Energy|Supply|Liquids,Mt CO2/yr,,,,,,,,,,,,38.2079698514077,,31.1026946947248,,,,,28.4765038201192,27.4729483744633,24.9673189840684,20.1829574338194,12.9972822797053,9.53240001393362,7.65223291340078,6.80804606392958,6.0677039060554,5.61629428941324,5.32019678372537,5.18233513546952,5.11378636856544,5.11144519848899,5.16237439882605,5.26979738700839,,,,Mexico,CO2
GEM-E3_V2021,EN_INDCi2030_600f,MEX,Emissions|CO2|Energy|Supply|Solids,Mt CO2/yr,,,,,,,,,,,,0.0017022917389299,,0.0027338027343259,,,,,0.0005335398017233,0.0003484167325908,0.0002313505950772,0.0001545115516384,8.47688545901134e-05,5.75297748159536e-05,4.2633630327277e-05,3.58485547295675e-05,2.9951745711983e-05,2.6250489612506e-05,2.36995844449464e-05,2.22594819321735e-05,2.12574871551936e-05,2.06579195987929e-05,2.054293000088e-05,2.06925872892179e-05,,,,Mexico,CO2
GEM-E3_V2021,EN_INDCi2030_600f,MEX,Emissions|CO2|Industrial Processes,Mt CO2/yr,,,,,,,,,,,,67.4538104708083,,84.2721533861266,,,,,85.204813132213,88.2730929157119,91.10310043109,83.9159052708358,76.620615373194,71.5048965957995,67.5802774753231,66.9551801526703,65.5103065880102,64.4336212528767,63.3000338516861,61.9708028974565,60.1180402650928,58.4215131939841,56.6641135272527,55.0853051090018,,,,Mexico,CO2
GEM-E3_V2021,EN_INDCi2030_600f_COV,MEX,Emissions|CO2|AFOLU,Mt CO2/yr,,,,,,,,,,,,745.604904943388,,682.924278338102,,,,,663.412842868995,640.443672269321,419.341070003263,235.278804519485,97.4433004219434,-22.3690794128615,-124.862236459249,-217.63285073098,-292.152234481158,-366.671618231335,-442.951829439593,-519.23204064785,-594.356366913458,-669.480693179065,-684.539908202683,-699.599123226301,,,,Mexico,CO2
GEM-E3_V2021,EN_INDCi2030_600f_COV,MEX,Emissions|CO2|Energy and Industrial Processes,Mt CO2/yr,,,,,,,,,,,,505.779585667611,,484.755914852159,,,,,463.34457048943,442.441604500957,328.930646109195,255.753490411615,165.396406805723,115.776054538168,85.9188976289575,67.9563589719434,54.1902091606168,42.6765935340781,25.9270936199189,17.213341402472,10.0433950884943,5.7081365397735,-21.0994743810421,-23.9927632209392,,,,Mexico,CO2
GEM-E3_V2021,EN_INDCi2030_600f_COV,MEX,Emissions|CO2|Energy|Demand,Mt CO2/yr,,,,,,,,,,,,266.334594743702,,241.577164799673,,,,,230.769867260622,221.035016260805,191.379480629767,154.025135952379,90.9126443084525,64.1786254160991,47.9362462470956,37.8405729603266,31.0122185789326,25.7188430266837,22.4076706938699,20.276928212837,18.6031948028464,17.3034895244255,16.2916476979604,15.7059951417491,,,,Mexico,CO2
GEM-E3_V2021,EN_INDCi2030_600f_COV,MEX,Emissions|CO2|Energy|Demand|AFOFI,Mt CO2/yr,,,,,,,,,,,,9.69970730042637,,8.64148991203125,,,,,8.08818487725159,7.27127845831073,5.97417064264523,4.45752667623913,0.936748708755807,0.167000592764877,0.0522884480811672,0.0266343102923708,0.0156611133917727,0.0094850978962274,0.0067990976779585,0.0051216778777541,0.0038856234378056,0.0030302042860861,0.0025649151997308,0.0020855028409598,,,,Mexico,CO2
GEM-E3_V2021,EN_INDCi2030_600f_COV,MEX,Emissions|CO2|Energy|Demand|Industry,Mt CO2/yr,,,,,,,,,,,,62.724238776357,,55.9318426764024,,,,,46.4572567385939,40.958206219458,29.1517129605125,19.5405154749491,4.27647515145998,1.57642314461846,0.935218139763552,0.714733883999086,0.581248753883232,0.475974755450863,0.415273553601688,0.369271626486941,0.3290002592122,0.295718959265772,0.272072334547656,0.249361268811377,,,,Mexico,CO2
GEM-E3_V2021,EN_INDCi2030_600f_COV,MEX,Emissions|CO2|Energy|Demand|Residential and Commercial,Mt CO2/yr,,,,,,,,,,,,17.6486234035499,,15.716634046106,,,,,15.3085735867962,14.6991775622375,12.849559923958,11.1005412770714,7.94381493245876,6.62939445570877,5.67333013996493,5.1866256028895,4.8405908968513,4.49902644082261,4.28814124801451,4.16292565761702,4.03945312539854,3.92312493106979,3.80807340497478,3.75226050373865,,,,Mexico,CO2
GEM-E3_V2021,EN_INDCi2030_600f_COV,MEX,Emissions|CO2|Energy|Demand|Residential and Commercial|Commercial,Mt CO2/yr,,,,,,,,,,,,10.1962120682454,,9.318442106388,,,,,9.35531939925791,9.1424956968035,8.75982832015049,8.3627858493213,7.20198755591823,6.24998977110716,5.41665684834506,4.97253816945716,4.6506998533816,4.32774170628059,4.12612117535924,4.00749802435188,3.88989281846633,3.77833024008501,3.66598558088278,3.61321810388329,,,,Mexico,CO2
GEM-E3_V2021,EN_INDCi2030_600f_COV,MEX,Emissions|CO2|Energy|Demand|Residential and Commercial|Residential,Mt CO2/yr,,,,,,,,,,,,7.45241133530444,,6.398191939718,,,,,5.95325418753832,5.55668186543404,4.08973160380759,2.73775542775015,0.741827376540538,0.379404684601616,0.256673291619865,0.214087433432344,0.1898910434697,0.171284734542018,0.162020072655269,0.155427633265138,0.149560306932202,0.144794690984782,0.142087824091998,0.139042399855358,,,,Mexico,CO2
GEM-E3_V2021,EN_INDCi2030_600f_COV,MEX,Emissions|CO2|Energy|Demand|Transportation,Mt CO2/yr,,,,,,,,,,,,176.262025263368,,161.287198165134,,,,,160.91585205798,158.106354020798,143.404037102651,118.926552524119,77.7556055157779,55.805807223007,41.275409519286,31.9125791631456,25.5747178148063,20.734356732514,17.6974567945758,15.7396092508553,14.2308557947979,13.0816154298039,12.2089370432382,11.7022878663581,,,,Mexico,CO2
GEM-E3_V2021,EN_INDCi2030_600f_COV,MEX,Emissions|CO2|Energy|Supply,Mt CO2/yr,,,,,,,,,,,,171.736077676511,,171.230892930129,,,,,157.407990430504,140.827803468396,57.8731245567032,26.7280907867852,6.37575558476504,-12.732974612582,-23.2928241628416,-30.0321508019936,-36.2017662004597,-41.3369013060008,-53.8636061035652,-59.4864128762942,-63.4537184559456,-65.2065984372248,-89.4289383759024,-90.4746215102297,,,,Mexico,CO2
GEM-E3_V2021,EN_INDCi2030_600f_COV,MEX,Emissions|CO2|Energy|Supply|Electricity,Mt CO2/yr,,,,,,,,,,,,110.521955797242,,120.767614481249,,,,,104.602763033019,91.9114352310247,19.5844850684326,-3.51922171320843,-14.2703375452484,-27.2999103785029,-36.0615768579077,-42.0907420725581,-47.7521604874752,-52.7339794791214,-65.3988838508752,-71.0278789066857,-75.3842461043684,-78.1756323924568,-102.395472424053,-104.208657565393,,,,Mexico,CO2
GEM-E3_V2021,EN_INDCi2030_600f_COV,MEX,Emissions|CO2|Energy|Supply|Gases,Mt CO2/yr,,,,,,,,,,,,23.0044497361221,,23.1474106465239,,,,,26.1974150138963,22.5694140902894,15.3371783448515,10.9640887635704,8.21737184240142,5.35259036611192,5.34085596343747,5.64595165299462,5.79759543476339,6.14673641529204,6.54960913766137,6.6794615070177,7.1330223419352,8.17942743252728,8.13099165032529,8.79479790879203,,,,Mexico,CO2
GEM-E3_V2021,EN_INDCi2030_600f_COV,MEX,Emissions|CO2|Energy|Supply|Liquids,Mt CO2/yr,,,,,,,,,,,,38.2079698514077,,27.3134886019407,,,,,26.6071844316661,26.3465078578427,22.9512452249088,19.2830722503732,12.4286392123551,9.21428908236406,7.42785469317211,6.41260568338846,5.75277021359808,5.25031719247719,4.98564634303426,4.86198357522786,4.79748531720252,4.78958715163375,4.83552315801615,4.93921877650219,,,,Mexico,CO2
GEM-E3_V2021,EN_INDCi2030_600f_COV,MEX,Emissions|CO2|Energy|Supply|Solids,Mt CO2/yr,,,,,,,,,,,,0.0017022917389299,,0.0023792004154423,,,,,0.0006279519223229,0.0004462892397286,0.0002159185102239,0.00015148605003,8.20752569285892e-05,5.63174448409744e-05,4.20384564566475e-05,3.39341813865338e-05,2.86386539904185e-05,2.45653513642081e-05,2.22666143267614e-05,2.09481459745218e-05,1.99892851230183e-05,1.93710709817131e-05,1.92398094034168e-05,1.93698694388576e-05,,,,Mexico,CO2
GEM-E3_V2021,EN_INDCi2030_600f_COV,MEX,Emissions|CO2|Industrial Processes,Mt CO2/yr,,,,,,,,,,,,67.4538104708083,,71.7286504693292,,,,,74.9691009598575,80.3988974607762,79.549829122396,74.9180360348583,68.0742412038533,64.3136258130785,61.2665074802729,60.1417904008423,59.3751920636944,58.2912297234303,57.3802180671419,56.4204197640626,54.8918474379079,53.6094398947658,52.0362005727699,50.774405877985,,,,Mexico,CO2
GEM-E3_V2021,EN_INDCi2030_600f_COV_NDCp,MEX,Emissions|CO2|AFOLU,Mt CO2/yr,,,,,,,,,,,,745.604904943388,,682.924278338102,,,,,682.76391145625,682.303723034485,466.446365445858,280.799371700815,132.315387462608,4.70872317089591,-104.168593682689,-200.541636508094,-278.781685370562,-357.02173423303,-434.890015722155,-512.75829721128,-589.349834868433,-665.941372525587,-681.673035757592,-697.404698989597,,,,Mexico,CO2
GEM-E3_V2021,EN_INDCi2030_600f_COV_NDCp,MEX,Emissions|CO2|Energy and Industrial Processes,Mt CO2/yr,,,,,,,,,,,,505.779585667611,,484.755914818785,,,,,463.824298946844,443.154075399495,331.33369506481,262.74252830691,175.647398862376,120.746857840828,89.5491518103417,69.8300385429335,55.2887479220559,44.2466804162306,30.6456936160292,18.3757862900721,11.1616143007432,6.82694527075992,-19.9449537866906,-22.9139742297935,,,,Mexico,CO2
GEM-E3_V2021,EN_INDCi2030_600f_COV_NDCp,MEX,Emissions|CO2|Energy|Demand,Mt CO2/yr,,,,,,,,,,,,266.334594743702,,241.577164668923,,,,,230.915576026859,221.295581301723,193.132074657145,155.68055300488,97.49204185349,67.3189434878982,50.1825785942722,38.9768712987499,31.6802566796143,26.5788318317717,23.1072570819705,20.8712968287692,19.1591467697631,17.8456884731679,16.833603925715,16.2112356476026,,,,Mexico,CO2
GEM-E3_V2021,EN_INDCi2030_600f_COV_NDCp,MEX,Emissions|CO2|Energy|Demand|AFOFI,Mt CO2/yr,,,,,,,,,,,,9.69970730042637,,8.6414898873513,,,,,8.09249731394746,7.28066057380358,6.03971788471831,4.51758592724041,1.23076554344189,0.2034642967251,0.0614184040186455,0.0289782808590648,0.0164799369262445,0.0103438468427643,0.0072556646703513,0.0054936188480032,0.0041697705286294,0.003260722019591,0.0027702764241875,0.0022439090034454,,,,Mexico,CO2
GEM-E3_V2021,EN_INDCi2030_600f_COV_NDCp,MEX,Emissions|CO2|Energy|Demand|Industry,Mt CO2/yr,,,,,,,,,,,,62.724238776357,,55.9318426490753,,,,,46.5577620515842,41.1205251440219,29.678143104515,19.8862923152017,5.25104842310273,1.74798997145834,1.00957886605349,0.743294053859278,0.595024819449724,0.49507692267463,0.428729131330625,0.381138418294825,0.339569564609927,0.305556531296909,0.28156718790724,0.257620146835872,,,,Mexico,CO2
GEM-E3_V2021,EN_INDCi2030_600f_COV_NDCp,MEX,Emissions|CO2|Energy|Demand|Residential and Commercial,Mt CO2/yr,,,,,,,,,,,,17.6486234035499,,15.7166339731149,,,,,15.3117522202005,14.7057397132305,12.9572536453287,11.187143605868,8.29932492297125,6.83297750986076,5.84291425282479,5.27910544507661,4.89803725691173,4.59776549269906,4.37817357177064,4.24549124311796,4.12398764825586,4.01232384520679,3.90295449255392,3.84384895414244,,,,Mexico,CO2
GEM-E3_V2021,EN_INDCi2030_600f_COV_NDCp,MEX,Emissions|CO2|Energy|Demand|Residential and Commercial|Commercial,Mt CO2/yr,,,,,,,,,,,,10.1962120682454,,9.31844203130768,,,,,9.35690231169872,9.1459037424009,8.78761972108163,8.3935664514659,7.42456627280068,6.42130978984986,5.57108687506608,5.05916413697312,4.70532678447206,4.42259451023701,4.21345792971021,4.0876111619685,3.97220296798787,3.86542578491178,3.75880753033841,3.70298416225516,,,,Mexico,CO2
GEM-E3_V2021,EN_INDCi2030_600f_COV_NDCp,MEX,Emissions|CO2|Energy|Demand|Residential and Commercial|Residential,Mt CO2/yr,,,,,,,,,,,,7.45241133530444,,6.39819194180725,,,,,5.95484990850181,5.55983597082962,4.16963392424707,2.7935771544021,0.874758650170576,0.411667720010906,0.271827377758704,0.219941308103496,0.192710472439673,0.175170982462045,0.164715642060434,0.157880081149465,0.151784680267994,0.146898060295006,0.144146962215507,0.140864791887279,,,,Mexico,CO2
GEM-E3_V2021,EN_INDCi2030_600f_COV_NDCp,MEX,Emissions|CO2|Energy|Demand|Transportation,Mt CO2/yr,,,,,,,,,,,,176.262025263368,,161.287198159382,,,,,160.953564441127,158.188655870667,144.456960022583,120.089531156569,82.7109029639741,58.534511709854,43.2686670713752,32.9254935189549,26.1707146663265,21.4756455695553,18.2930987141989,16.2391735485084,14.6914197863686,13.5245473746446,12.6463119688296,12.1075226376209,,,,Mexico,CO2
GEM-E3_V2021,EN_INDCi2030_600f_COV_NDCp,MEX,Emissions|CO2|Energy|Supply,Mt CO2/yr,,,,,,,,,,,,171.736077676511,,171.230893078303,,,,,157.546076608009,140.904763590292,58.1074550102667,31.7208480208643,8.77692490058773,-11.845959221125,-22.7169914638107,-29.7241785590119,-36.0416388877309,-41.1097718170931,-50.3430207044982,-59.3195595185434,-63.2935196990244,-65.0513386750167,-89.2499404846434,-90.3149864092383,,,,Mexico,CO2
GEM-E3_V2021,EN_INDCi2030_600f_COV_NDCp,MEX,Emissions|CO2|Energy|Supply|Electricity,Mt CO2/yr,,,,,,,,,,,,110.521955797242,,120.767614622772,,,,,104.72167001059,92.0419143253535,19.5721973372186,1.38691968403471,-12.9274182099429,-26.9283424041025,-35.8219054051901,-41.9488386282911,-47.689610481199,-52.6402630300571,-62.0960677218126,-70.9585948017941,-75.3175913592224,-78.1153267437937,-102.313398322507,-104.141359339179,,,,Mexico,CO2
GEM-E3_V2021,EN_INDCi2030_600f_COV_NDCp,MEX,Emissions|CO2|Energy|Supply|Gases,Mt CO2/yr,,,,,,,,,,,,23.0044497361221,,23.1474106539277,,,,,26.2259864675688,22.5979258785016,15.4114862755312,10.8829965228685,8.45777199745988,5.46676796976851,5.40134554595743,5.6765747199379,5.81727517612839,6.17552573326697,6.68326380882661,6.70297196254984,7.15585886777038,8.2037381725471,8.15553005771311,8.81871151844602,,,,Mexico,CO2
GEM-E3_V2021,EN_INDCi2030_600f_COV_NDCp,MEX,Emissions|CO2|Energy|Supply|Liquids,Mt CO2/yr,,,,,,,,,,,,38.2079698514077,,27.3134886011853,,,,,26.5977910833419,26.2644759614681,23.1235514464498,19.4507780296214,13.2464822288881,9.61555579601382,7.70352423471395,6.54805036872535,5.83066716694038,5.35494010616766,5.06976028851808,4.93604179417195,4.86819225002734,4.86022996977923,4.90790797237731,5.00764150057877,,,,Mexico,CO2
GEM-E3_V2021,EN_INDCi2030_600f_COV_NDCp,MEX,Emissions|CO2|Energy|Supply|Solids,Mt CO2/yr,,,,,,,,,,,,0.0017022917389299,,0.0023792004177067,,,,,0.0006290465076079,0.0004474249692764,0.0002199510669416,0.0001537843396299,8.88841826957765e-05,5.94171951492921e-05,4.41607079542823e-05,3.49806159646419e-05,2.92503992800314e-05,2.53735293977724e-05,2.29199697142437e-05,2.15265289376911e-05,2.05424002587761e-05,1.99264506217495e-05,1.98077739823205e-05,1.99109162336599e-05,,,,Mexico,CO2
GEM-E3_V2021,EN_INDCi2030_600f_COV_NDCp,MEX,Emissions|CO2|Industrial Processes,Mt CO2/yr,,,,,,,,,,,,67.4538104708083,,71.7286504184731,,,,,75.1650053271154,80.7737780753056,79.9634573003748,75.2571026740042,69.3397242766048,65.2552447874383,62.0737047298405,60.570867061639,59.6454126333135,58.7740010413618,57.878510172953,56.8215302027858,55.2938187487202,54.0307023595322,52.469685302322,51.1882498413097,,,,Mexico,CO2
GEM-E3_V2021,EN_INDCi2030_600f_NDCp,MEX,Emissions|CO2|AFOLU,Mt CO2/yr,,,,,,,,,,,,745.604904943388,,683.088349671024,,,,,682.861422168315,682.45453442928,455.2275337897,271.491504695206,126.824471272289,1.34925770441557,-109.07429405789,-208.725064979049,-286.663539582522,-364.602014185994,-440.272495611816,-515.942977037638,-591.497958897163,-667.052940756688,-701.83901733266,-736.625093908632,,,,Mexico,CO2
GEM-E3_V2021,EN_INDCi2030_600f_NDCp,MEX,Emissions|CO2|Energy and Industrial Processes,Mt CO2/yr,,,,,,,,,,,,505.779585667611,,555.719291632961,,,,,500.71625464297,455.440935087724,366.556225113377,280.202051356663,178.890281290713,126.134592176969,93.7882844790011,73.6131027645478,55.4147155055935,38.5677512123934,25.9334089820751,15.8165888760191,7.60151854324961,-4.69555190139251,-27.9767081773428,-31.5212175743377,,,,Mexico,CO2
GEM-E3_V2021,EN_INDCi2030_600f_NDCp,MEX,Emissions|CO2|Energy|Demand,Mt CO2/yr,,,,,,,,,,,,266.334594743702,,274.607992028877,,,,,247.412353569166,229.257316684967,210.02618927958,167.086735798181,96.8989550295719,68.8706233302107,51.8168559695821,40.8089541083666,33.4097021860857,27.6888702546098,24.0214192645987,21.6655531049095,19.8664521965568,18.4885176027217,17.4407737321067,16.8002796569949,,,,Mexico,CO2
GEM-E3_V2021,EN_INDCi2030_600f_NDCp,MEX,Emissions|CO2|Energy|Demand|AFOFI,Mt CO2/yr,,,,,,,,,,,,9.69970730042637,,9.746401912757,,,,,8.65206580939911,7.38879763094184,6.62470163035833,4.90210315232228,0.923649107897926,0.163442385018092,0.0521518552953702,0.0263527456450107,0.0156137412156291,0.0095727765189996,0.0066625803644858,0.0049844616669373,0.0037875648861467,0.0030311736168789,0.0025167631462253,0.0020405089443685,,,,Mexico,CO2
GEM-E3_V2021,EN_INDCi2030_600f_NDCp,MEX,Emissions|CO2|Energy|Demand|Industry,Mt CO2/yr,,,,,,,,,,,,62.724238776357,,65.9231104049341,,,,,49.9981127465819,40.8677672468345,33.3106197431759,22.0359401652153,4.51801065582431,1.73650076203592,1.05518201713681,0.807445042050862,0.65946421184606,0.54246942989659,0.46920243153543,0.416036755975372,0.370864059414309,0.33561967379252,0.307282816712909,0.281159090405664,,,,Mexico,CO2
GEM-E3_V2021,EN_INDCi2030_600f_NDCp,MEX,Emissions|CO2|Energy|Demand|Residential and Commercial,Mt CO2/yr,,,,,,,,,,,,17.6486234035499,,17.0455007535378,,,,,15.733508370892,14.557260937852,13.4969688152005,11.6039097681336,8.23265428605897,6.92194749119438,5.97263945121289,5.47444759564507,5.12826632090044,4.78532287759443,4.56607962531762,4.43813141300934,4.3199533941139,4.20754318912272,4.10388473132509,4.05061802434808,,,,Mexico,CO2
GEM-E3_V2021,EN_INDCi2030_600f_NDCp,MEX,Emissions|CO2|Energy|Demand|Residential and Commercial|Commercial,Mt CO2/yr,,,,,,,,,,,,10.1962120682454,,9.82679148501708,,,,,9.69186147077151,9.31878071555739,9.11089093916167,8.70841396826366,7.47213819287104,6.52077748253116,5.69800902847474,5.24612435423039,4.92578208873651,4.60266051319784,4.394591728129,4.27415450025002,4.16241479945023,4.05471157324259,3.95455086047687,3.90480527439317,,,,Mexico,CO2
GEM-E3_V2021,EN_INDCi2030_600f_NDCp,MEX,Emissions|CO2|Energy|Demand|Residential and Commercial|Residential,Mt CO2/yr,,,,,,,,,,,,7.45241133530444,,7.2187092685208,,,,,6.04164690012054,5.23848022229468,4.38607787603889,2.89549579987003,0.760516093187928,0.401170008663217,0.274630422738151,0.228323241414677,0.202484232163925,0.182662364396589,0.171487897188616,0.163976912759316,0.157538594663665,0.152831615880129,0.149333870848226,0.145812749954911,,,,Mexico,CO2
GEM-E3_V2021,EN_INDCi2030_600f_NDCp,MEX,Emissions|CO2|Energy|Demand|Transportation,Mt CO2/yr,,,,,,,,,,,,176.262025263368,,181.892978957648,,,,,173.028666642293,166.443490869339,156.593899090845,128.54478271251,83.2246409797906,60.0487326919623,44.7368826459371,34.5007087250256,27.6063579121235,22.3515051705998,18.9794746273811,16.8064004742579,15.1718471781424,13.9423235661896,13.0270894209225,12.4664620332968,,,,Mexico,CO2
GEM-E3_V2021,EN_INDCi2030_600f_NDCp,MEX,Emissions|CO2|Energy|Supply,Mt CO2/yr,,,,,,,,,,,,171.736077676511,,196.591848108293,,,,,167.695847553421,137.319076847908,64.8002021366266,27.4846091824121,4.72494399260077,-15.3558066707044,-26.9769909554999,-34.5809910037386,-44.2263375068271,-53.8086957825705,-61.6380713009041,-68.0747138685011,-72.6361401697301,-81.8563279730856,-102.331361928353,-103.664331506356,,,,Mexico,CO2
GEM-E3_V2021,EN_INDCi2030_600f_NDCp,MEX,Emissions|CO2|Energy|Supply|Electricity,Mt CO2/yr,,,,,,,,,,,,110.521955797242,,138.636611231942,,,,,111.679519844377,88.4831102019272,22.4350206306018,-5.23183024734352,-17.3022082228618,-31.2090485347948,-40.9698174993076,-47.8060196087551,-56.8170553613856,-66.1304501257873,-74.331784593145,-80.7765434332693,-85.7868051804919,-95.9804770667392,-116.669024749589,-118.870612751984,,,,Mexico,CO2
GEM-E3_V2021,EN_INDCi2030_600f_NDCp,MEX,Emissions|CO2|Energy|Supply|Gases,Mt CO2/yr,,,,,,,,,,,,23.0044497361221,,26.8498083788914,,,,,27.544632245291,21.4600135088292,17.2043704223777,11.7570399228797,8.69468840816508,5.91249703367931,5.9391658384193,6.28990345139943,6.3741366536066,6.65054730059206,7.3263970151707,7.47785995163717,7.99923675105317,8.97724491037672,9.14197949999244,9.90382580511416,,,,Mexico,CO2
GEM-E3_V2021,EN_INDCi2030_600f_NDCp,MEX,Emissions|CO2|Energy|Supply|Liquids,Mt CO2/yr,,,,,,,,,,,,38.2079698514077,,31.1026946947248,,,,,28.4711554935367,27.3756280001641,25.1605754519846,20.9592358811476,13.3323762512732,9.94068416582109,8.05361500694676,6.93508832603879,6.21655011374797,5.67118035339621,5.36729219213549,5.22394700567252,5.15140668020562,5.14688321737984,5.19566247977982,5.30243444910415,,,,Mexico,CO2
GEM-E3_V2021,EN_INDCi2030_600f_NDCp,MEX,Emissions|CO2|Energy|Supply|Solids,Mt CO2/yr,,,,,,,,,,,,0.0017022917389299,,0.0027338027343259,,,,,0.0005399702160606,0.0003251369874263,0.0002356316622388,0.0001636257282567,8.75560242893238e-05,6.06645899382934e-05,4.56984416034795e-05,3.68275782089893e-05,3.10872039990048e-05,2.66892285599979e-05,2.4084934647255e-05,2.26074584330211e-05,2.15795029415764e-05,2.09658970712197e-05,2.08414641555086e-05,2.09914095573918e-05,,,,Mexico,CO2
GEM-E3_V2021,EN_INDCi2030_600f_NDCp,MEX,Emissions|CO2|Industrial Processes,Mt CO2/yr,,,,,,,,,,,,67.4538104708083,,84.2721533861266,,,,,85.4018977501028,88.689104957216,91.5888514468314,85.5414887210344,77.2302137696839,72.6015320330432,68.9385140844639,67.378368772579,66.2263109004049,64.6837866811755,63.5469842280543,62.2231298526284,60.3689533342314,58.6702827692448,56.9121202329487,55.3412529827253,,,,Mexico,CO2
GEM-E3_V2021,EN_INDCi2030_800,MEX,Emissions|CO2|AFOLU,Mt CO2/yr,,,,,,,,,,,,745.604904943388,,683.088349671024,,,,,610.237843907432,570.110588899222,329.044564026428,129.388794967659,14.4109710069732,-81.423674980603,-176.521292674084,-257.800196741853,-317.149938829166,-376.499680916478,-432.135514231369,-487.771347546259,-552.72647076965,-617.681593993041,-620.034599232679,-622.387604472316,,,,Mexico,CO2
GEM-E3_V2021,EN_INDCi2030_800,MEX,Emissions|CO2|Energy and Industrial Processes,Mt CO2/yr,,,,,,,,,,,,505.779585667611,,555.719291632961,,,,,499.638027871053,459.92711057585,334.332294231245,223.553235718241,113.148718350628,82.2469862670519,64.7744030793339,79.3374485606933,81.8112832112119,87.2175257076041,104.114481353154,113.199801134192,123.236210958526,130.252062191757,133.744213406756,132.863204070816,,,,Mexico,CO2
GEM-E3_V2021,EN_INDCi2030_800,MEX,Emissions|CO2|Energy|Demand,Mt CO2/yr,,,,,,,,,,,,266.334594743702,,274.607992028877,,,,,247.250034772571,229.056371536735,193.82762384117,126.486297630222,54.9329475679454,39.4090986106389,30.276965390331,38.7720862211048,40.1073617903093,42.4974426929753,50.5882809795649,54.8218959317807,60.9825191380989,64.0773763946854,66.3337030788229,65.1641967142487,,,,Mexico,CO2
GEM-E3_V2021,EN_INDCi2030_800,MEX,Emissions|CO2|Energy|Demand|AFOFI,Mt CO2/yr,,,,,,,,,,,,9.69970730042637,,9.746401912757,,,,,8.64548264146141,7.3874663801917,6.01527339891151,2.7550006995996,0.092069531336296,0.0201551253771699,0.0096047935000353,0.0275670313927529,0.0357480525849065,0.0466310607941988,0.0898371692316182,0.110413508882473,0.145834969574806,0.145622023837646,0.134203432204369,0.0958925482017035,,,,Mexico,CO2
GEM-E3_V2021,EN_INDCi2030_800,MEX,Emissions|CO2|Energy|Demand|Industry,Mt CO2/yr,,,,,,,,,,,,62.724238776357,,65.9231104049341,,,,,49.8986076915168,40.7620261890171,28.7843264025696,11.1199693751008,1.20447259538081,0.662721754832189,0.495811339104666,0.830809673959691,0.967233997702657,1.12642179777507,1.5852121391217,1.79085508156624,2.11367157351427,2.16367233451615,2.12173086535141,1.81652517524798,,,,Mexico,CO2
GEM-E3_V2021,EN_INDCi2030_800,MEX,Emissions|CO2|Energy|Demand|Residential and Commercial,Mt CO2/yr,,,,,,,,,,,,17.6486234035499,,17.0455007535378,,,,,15.7278922921163,14.5624032628224,12.589819464213,9.45660031450765,5.70793847943567,4.75456100082775,4.1704981921536,5.56694551541816,6.14345513343248,6.77990019055136,7.96249949176272,8.67866750258129,9.54594869621921,10.0946875556232,10.5456444221033,10.6257880207019,,,,Mexico,CO2
GEM-E3_V2021,EN_INDCi2030_800,MEX,Emissions|CO2|Energy|Demand|Residential and Commercial|Commercial,Mt CO2/yr,,,,,,,,,,,,10.1962120682454,,9.82679148501708,,,,,9.68921632399537,9.31860843173866,8.86429281482753,7.99724286110627,5.4383606536068,4.56117309001503,4.00463609460334,5.33380551657395,5.87922294323161,6.47922410434483,7.56419397654091,8.23110884631503,9.02791679522294,9.55834909049556,10.0089525976903,10.1408662821044,,,,Mexico,CO2
GEM-E3_V2021,EN_INDCi2030_800,MEX,Emissions|CO2|Energy|Demand|Residential and Commercial|Residential,Mt CO2/yr,,,,,,,,,,,,7.45241133530444,,7.2187092685208,,,,,6.03867596812101,5.24379483108379,3.72552664938552,1.45935745340138,0.269577825828873,0.193387910812722,0.165862097550256,0.233139998844216,0.264232190200871,0.300676086206527,0.398305515221814,0.447558656266256,0.518031900996274,0.536338465127671,0.536691824412996,0.484921738597505,,,,Mexico,CO2
GEM-E3_V2021,EN_INDCi2030_800,MEX,Emissions|CO2|Energy|Demand|Transportation,Mt CO2/yr,,,,,,,,,,,,176.262025263368,,181.892978957648,,,,,172.978052147476,166.344475704703,146.438204575476,103.154727241014,47.9284669617926,33.9716607296018,25.6010510655727,32.3467640003342,32.9609246065893,34.5444896438546,40.9507321794489,44.2419598387507,49.1770638987906,51.6733944807084,53.5321243591638,52.625990970097,,,,Mexico,CO2
GEM-E3_V2021,EN_INDCi2030_800,MEX,Emissions|CO2|Energy|Supply,Mt CO2/yr,,,,,,,,,,,,171.736077676511,,196.591848108293,,,,,166.977097535612,142.421965549301,52.7694451314839,18.1950435453179,-6.51041098224805,-18.2482883640377,-24.9055386224657,-27.3540730508253,-29.9396779050165,-30.8585160747797,-28.7379308699174,-27.0097540874078,-26.1192304493808,-23.5818770856293,-22.973097791141,-21.1376898241273,,,,Mexico,CO2
GEM-E3_V2021,EN_INDCi2030_800,MEX,Emissions|CO2|Energy|Supply|Electricity,Mt CO2/yr,,,,,,,,,,,,110.521955797242,,138.636611231942,,,,,111.030708266054,93.0456069018653,14.6117035104999,-7.71091311398586,-21.975839201454,-30.6892811091508,-37.2074156448131,-41.2250846077431,-44.8185264496585,-47.099522341571,-48.0255782520713,-48.3134304063865,-50.0372872220964,-49.2136558463228,-50.3641504456091,-49.6535040332024,,,,Mexico,CO2
GEM-E3_V2021,EN_INDCi2030_800,MEX,Emissions|CO2|Energy|Supply|Gases,Mt CO2/yr,,,,,,,,,,,,23.0044497361221,,26.8498083788914,,,,,27.4693519096364,21.90306185624,14.859986130491,9.40705059700243,7.45908795818021,6.15524986176915,6.8432665867499,7.18441294085326,7.70757881051659,8.38433708418597,9.7431582429658,10.6550586219613,11.7608915637221,12.5427939419527,13.5422731487016,14.6180306210033,,,,Mexico,CO2
GEM-E3_V2021,EN_INDCi2030_800,MEX,Emissions|CO2|Energy|Supply|Liquids,Mt CO2/yr,,,,,,,,,,,,38.2079698514077,,31.1026946947248,,,,,28.4765038201192,27.4729483744633,23.2975516459234,16.4987896589751,8.00629415385319,6.28570982420046,5.45858427318593,6.68656340616378,7.1712316807138,7.85662705188297,9.5444361493736,10.6485580663506,12.1570961205105,13.0889100948795,13.8487002809557,13.8977045424734,,,,Mexico,CO2
GEM-E3_V2021,EN_INDCi2030_800,MEX,Emissions|CO2|Energy|Supply|Solids,Mt CO2/yr,,,,,,,,,,,,0.0017022917389299,,0.0027338027343259,,,,,0.0005335398017233,0.0003484167325908,0.0002038445695227,0.0001164033262644,4.61071725817592e-05,3.30591435289463e-05,2.61624115828254e-05,3.52099007008819e-05,3.80534115922732e-05,4.21307223235947e-05,5.298981449057e-05,5.96306667367586e-05,6.90884828535606e-05,7.47238612796695e-05,7.92248107792654e-05,7.90455983403677e-05,,,,Mexico,CO2
GEM-E3_V2021,EN_INDCi2030_800,MEX,Emissions|CO2|Industrial Processes,Mt CO2/yr,,,,,,,,,,,,67.4538104708083,,84.2721533861266,,,,,85.204813132213,88.2730929157119,87.6157128556544,78.8156309065575,64.7158129349988,61.0807460896438,59.3995003257369,67.9124239571921,71.6351064759548,75.5683252655974,82.2487743368239,85.3699586081857,88.3518771236465,89.7349314661965,90.3623193138447,88.8183219424549,,,,Mexico,CO2
GEM-E3_V2021,EN_INDCi2030_800f,MEX,Emissions|CO2|AFOLU,Mt CO2/yr,,,,,,,,,,,,745.604904943388,,683.088349671024,,,,,610.237843907432,570.110588899222,350.193977273695,163.859109940565,44.5437365251449,-60.1173667701522,-157.045540128304,-243.545200914467,-315.404101569798,-387.263002225128,-450.644950292791,-514.026898360455,-579.759214692172,-645.491531023889,-670.343116807074,-695.194702590258,,,,Mexico,CO2
GEM-E3_V2021,EN_INDCi2030_800f,MEX,Emissions|CO2|Energy and Industrial Processes,Mt CO2/yr,,,,,,,,,,,,505.779585667611,,555.719291632961,,,,,499.638027871053,459.92711057585,390.396298614487,329.561136314861,258.42235873906,176.206250492221,138.186148405407,115.464675186734,97.0821015442096,80.3322791315846,68.4457740224713,61.9736375219633,56.7401684523354,40.3014647240208,36.9976358453254,26.008623906666,,,,Mexico,CO2
GEM-E3_V2021,EN_INDCi2030_800f,MEX,Emissions|CO2|Energy|Demand,Mt CO2/yr,,,,,,,,,,,,266.334594743702,,274.607992028877,,,,,247.250034772571,229.056371536735,224.373840233069,191.740668508561,150.337341034135,98.6784490026961,76.2732364198125,62.987250466007,52.2322474115794,42.9984110661374,36.3200562222009,32.714923135645,29.8977977498355,27.9878232003373,26.2681649004152,24.8662748828788,,,,Mexico,CO2
GEM-E3_V2021,EN_INDCi2030_800f,MEX,Emissions|CO2|Energy|Demand|AFOFI,Mt CO2/yr,,,,,,,,,,,,9.69970730042637,,9.746401912757,,,,,8.64548264146141,7.3874663801917,7.16896665893281,5.76423741751221,4.20932528401494,0.789799901584728,0.236491090049284,0.123101252009833,0.0666848761326511,0.0342669935179265,0.0196611400455585,0.0138545265477856,0.0099455197795669,0.0079256679113772,0.0059504434442085,0.0046002534816485,,,,Mexico,CO2
GEM-E3_V2021,EN_INDCi2030_800f,MEX,Emissions|CO2|Energy|Demand|Industry,Mt CO2/yr,,,,,,,,,,,,62.724238776357,,65.9231104049341,,,,,49.8986076915168,40.7620261890171,37.8651842503082,27.4759516000659,18.388151075949,4.17407099718367,2.19958522430541,1.6656980626329,1.2895100798663,0.976646726906508,0.775568963251493,0.670177105636544,0.583336140404607,0.526089006772697,0.465270262965707,0.414646688652747,,,,Mexico,CO2
GEM-E3_V2021,EN_INDCi2030_800f,MEX,Emissions|CO2|Energy|Demand|Residential and Commercial,Mt CO2/yr,,,,,,,,,,,,17.6486234035499,,17.0455007535378,,,,,15.7278922921163,14.5624032628224,14.3827300133886,12.8402756822369,11.2890540963202,8.65408337715708,7.6276952704353,7.23609627059276,6.86011736915894,6.40139732983354,6.01202315584861,5.86546046240514,5.72999288116802,5.645813950317,5.53366258929154,5.41982191076621,,,,Mexico,CO2
GEM-E3_V2021,EN_INDCi2030_800f,MEX,Emissions|CO2|Energy|Demand|Residential and Commercial|Commercial,Mt CO2/yr,,,,,,,,,,,,10.1962120682454,,9.82679148501708,,,,,9.68921632399537,9.31860843173866,9.34305059255552,9.11733623433232,8.78662208187902,7.85647614031495,7.13770474810108,6.84008332600026,6.53228947174663,6.13195267984742,5.77943531176544,5.6503244509452,5.52932048385536,5.45384505946139,5.3517772852732,5.24612007665638,,,,Mexico,CO2
GEM-E3_V2021,EN_INDCi2030_800f,MEX,Emissions|CO2|Energy|Demand|Residential and Commercial|Residential,Mt CO2/yr,,,,,,,,,,,,7.45241133530444,,7.2187092685208,,,,,6.03867596812101,5.24379483108379,5.03967942083309,3.72293944790462,2.50243201444123,0.797607236842135,0.489990522334219,0.396012944592498,0.327827897412314,0.26944464998612,0.232587844083169,0.21513601145994,0.200672397312652,0.191968890855604,0.181885304018343,0.173701834109828,,,,Mexico,CO2
GEM-E3_V2021,EN_INDCi2030_800f,MEX,Emissions|CO2|Energy|Demand|Transportation,Mt CO2/yr,,,,,,,,,,,,176.262025263368,,181.892978957648,,,,,172.978052147476,166.344475704703,164.956959310439,145.660203808746,116.45081057785,85.0604947267706,66.2094648350225,53.9623548807715,44.0159350864215,35.5861000158794,29.5128029630553,26.1654310410556,23.5745232084833,21.8079945753362,20.2632816047137,19.0272060299782,,,,Mexico,CO2
GEM-E3_V2021,EN_INDCi2030_800f,MEX,Emissions|CO2|Energy|Supply,Mt CO2/yr,,,,,,,,,,,,171.736077676511,,196.591848108293,,,,,166.977097535612,142.421965549301,70.7093477245087,46.3302641426554,22.7561864127199,-3.49269362060351,-15.8713110323408,-24.6275649435098,-30.950465516573,-36.383869643115,-39.5666645874652,-41.0640339096201,-41.4670409607629,-54.2657110285988,-54.0719806649871,-61.5275330527324,,,,Mexico,CO2
GEM-E3_V2021,EN_INDCi2030_800f,MEX,Emissions|CO2|Energy|Supply|Electricity,Mt CO2/yr,,,,,,,,,,,,110.521955797242,,138.636611231942,,,,,111.030708266054,93.0456069018653,25.5290358440634,8.28772962619718,-8.47020983754543,-25.3760419811702,-35.1717242226204,-41.8953655322452,-47.5938171227786,-51.8973565768527,-55.1333170230162,-56.9042244467194,-57.7416829337541,-71.0619692338598,-71.6901148984263,-79.610397179798,,,,Mexico,CO2
GEM-E3_V2021,EN_INDCi2030_800f,MEX,Emissions|CO2|Energy|Supply|Gases,Mt CO2/yr,,,,,,,,,,,,23.0044497361221,,26.8498083788914,,,,,27.4693519096364,21.90306185624,18.2719151836906,14.1899156600635,11.5138958475479,7.89296172061798,7.92623741421763,7.27172397183014,7.78995737105673,7.68463921708621,8.44421292244887,8.99648385716625,9.61143002719801,10.1763753147384,11.0293465176599,11.4713684467698,,,,Mexico,CO2
GEM-E3_V2021,EN_INDCi2030_800f,MEX,Emissions|CO2|Energy|Supply|Liquids,Mt CO2/yr,,,,,,,,,,,,38.2079698514077,,31.1026946947248,,,,,28.4765038201192,27.4729483744633,26.9081251602238,23.8524198491057,19.7123562389756,13.9902954751331,11.3741057041722,9.99601776995364,8.85334441287858,7.82880586781352,7.12240322016923,6.84367293608601,6.66317997973041,6.61985174249097,6.58875740612064,6.61146582809204,,,,Mexico,CO2
GEM-E3_V2021,EN_INDCi2030_800f,MEX,Emissions|CO2|Energy|Supply|Solids,Mt CO2/yr,,,,,,,,,,,,0.0017022917389299,,0.0027338027343259,,,,,0.0005335398017233,0.0003484167325908,0.0002715365307971,0.0001990072889393,0.0001441637418304,9.11648155736391e-05,7.00718897518569e-05,5.88469515779347e-05,4.98222703648967e-05,4.1848837915504e-05,3.6292932848469e-05,3.37438470478316e-05,3.19660627827239e-05,3.114803157473e-05,3.03096585117073e-05,2.98522037353032e-05,,,,Mexico,CO2
GEM-E3_V2021,EN_INDCi2030_800f,MEX,Emissions|CO2|Industrial Processes,Mt CO2/yr,,,,,,,,,,,,67.4538104708083,,84.2721533861266,,,,,85.204813132213,88.2730929157119,95.1515156833627,91.3740392298885,85.2549512151483,80.9814120763077,77.7615362645764,77.08833720028,75.7881024121554,73.7091555373943,71.6860722968311,70.3175230222187,68.3050450177871,66.5755403919555,64.798194287946,62.6670717535901,,,,Mexico,CO2
GEM-E3_V2021,EN_INDCi2100,MEX,Emissions|CO2|Energy and Industrial Processes,Mt CO2/yr,,,,,,,,,,,,505.779585667611,,555.719291632961,,,,,499.638027871053,459.92711057585,439.884752820705,407.541943676798,390.678262541899,379.875513755148,376.219918337542,363.884824825704,352.690952490182,334.410276843274,312.756524813897,300.02302635311,284.108807187993,257.073450728095,234.13939012644,218.10128798005,,,,Mexico,CO2
GEM-E3_V2021,EN_INDCi2100,MEX,Emissions|CO2|Energy|Demand,Mt CO2/yr,,,,,,,,,,,,266.334594743702,,274.607992028877,,,,,247.250034772571,229.056371536735,226.503044407948,224.837307842414,222.171614081606,217.321986488164,215.139677115025,205.09501069464,194.556997098024,184.108899986027,173.800693816405,163.524206509009,153.778560396849,131.911297504324,115.938685338192,104.581675553381,,,,Mexico,CO2
GEM-E3_V2021,EN_INDCi2100,MEX,Emissions|CO2|Energy|Demand|AFOFI,Mt CO2/yr,,,,,,,,,,,,9.69970730042637,,9.746401912757,,,,,8.64548264146141,7.3874663801917,7.04235028090034,6.7308979852098,6.4257789604855,6.07806180892927,5.81892946233774,5.50626845880677,5.15590146083154,4.7889009735083,4.37305909726527,3.95467658262432,3.53369922474749,2.00072335992243,0.967988162462177,0.482701636630629,,,,Mexico,CO2
GEM-E3_V2021,EN_INDCi2100,MEX,Emissions|CO2|Energy|Demand|Industry,Mt CO2/yr,,,,,,,,,,,,62.724238776357,,65.9231104049341,,,,,49.8986076915168,40.7620261890171,38.3157765568245,36.2982991207864,34.1035584142629,31.8736903623911,31.5101203886723,31.0876149706915,30.1610539571483,28.9121174126881,27.2936185969605,25.2251315557304,23.1716745497906,12.7013335609646,7.16094451323134,4.55445789899963,,,,Mexico,CO2
GEM-E3_V2021,EN_INDCi2100,MEX,Emissions|CO2|Energy|Demand|Residential and Commercial,Mt CO2/yr,,,,,,,,,,,,17.6486234035499,,17.0455007535379,,,,,15.7278922921163,14.5624032628224,14.6176170186587,14.8162983588255,15.0743474868285,15.2693645843129,15.4505644621106,15.5368452308645,15.6060944670408,15.684053524841,15.763741148237,15.7969503255925,15.8370830460688,14.723802287531,14.07854007797,13.6644042044428,,,,Mexico,CO2
GEM-E3_V2021,EN_INDCi2100,MEX,Emissions|CO2|Energy|Demand|Residential and Commercial|Commercial,Mt CO2/yr,,,,,,,,,,,,7.45241133530444,,7.2187092685208,,,,,6.03867596812101,5.24379483108379,5.24100710929075,5.18523747329654,5.11781920719768,4.97813419855311,4.81767709722165,4.59969746314878,4.35135354997329,4.09273474986231,3.81864207474673,3.49699395924361,3.17635482735838,1.92468689708517,1.30020775760175,0.9722756806562,,,,Mexico,CO2
GEM-E3_V2021,EN_INDCi2100,MEX,Emissions|CO2|Energy|Demand|Residential and Commercial|Residential,Mt CO2/yr,,,,,,,,,,,,10.1962120682454,,9.82679148501708,,,,,9.68921632399537,9.31860843173866,9.37660990936797,9.63106088552899,9.95652827963083,10.2912303857597,10.632887364889,10.9371477677157,11.2547409170675,11.5913187749787,11.9450990734903,12.2999563663489,12.6607282187104,12.7991153904458,12.7783323203683,12.6921285237866,,,,Mexico,CO2
GEM-E3_V2021,EN_INDCi2100,MEX,Emissions|CO2|Energy|Demand|Transportation,Mt CO2/yr,,,,,,,,,,,,176.262025263368,,181.892978957648,,,,,172.978052147476,166.344475704703,166.527300551565,166.991812377593,166.567929220029,164.100869732531,162.360062801905,152.964282034277,143.633947213003,134.72382807499,126.370274973943,118.547448045062,111.236103576242,102.485438295906,93.7312125845284,85.8801118133085,,,,Mexico,CO2
GEM-E3_V2021,EN_INDCi2100,MEX,Emissions|CO2|Energy|Supply,Mt CO2/yr,,,,,,,,,,,,171.736077676511,,196.591848108293,,,,,166.977097535612,142.421965549301,120.796478675554,86.6916182270902,69.8632449903036,61.7544294016754,58.272209821622,54.4946741895056,52.7033761581975,44.5535765565563,33.4277183205414,31.9956375237596,28.2773999859874,24.637578092973,19.756734014288,17.9152305123153,,,,Mexico,CO2
GEM-E3_V2021,EN_INDCi2100,MEX,Emissions|CO2|Energy|Supply|Electricity,Mt CO2/yr,,,,,,,,,,,,110.521955797242,,138.636611231942,,,,,111.030708266054,93.0456069018653,74.2538201820583,40.8132569705738,22.5479230190636,16.1649908851919,10.4535606399075,4.99924879381666,3.16446179582301,-5.14465336834072,-16.3045790726082,-17.1359526971951,-21.5775159303936,-24.591422866757,-29.5753244062213,-31.9229500504675,,,,Mexico,CO2
GEM-E3_V2021,EN_INDCi2100,MEX,Emissions|CO2|Energy|Supply|Gases,Mt CO2/yr,,,,,,,,,,,,23.0044497361221,,26.8498083788914,,,,,27.4693519096364,21.90306185624,18.5152873323439,17.048468694419,17.8182169166672,15.4285318091568,16.5343173788865,17.9312474177036,17.735620082166,17.6432598698329,17.5812875269824,16.8481347602049,17.4151654648794,17.50888786575,18.0325091846588,18.6535523592338,,,,Mexico,CO2
GEM-E3_V2021,EN_INDCi2100,MEX,Emissions|CO2|Energy|Supply|Liquids,Mt CO2/yr,,,,,,,,,,,,38.2079698514077,,31.1026946947248,,,,,28.4765038201192,27.4729483744633,28.0269873000633,28.8296238462881,29.4968489360189,30.1604815463951,31.2839480556102,31.563911447558,31.8030498939064,32.054740513718,32.1507946682759,32.2832464094742,32.4395499381855,31.7199319891189,31.2993809864865,31.1844682905238,,,,Mexico,CO2
GEM-E3_V2021,EN_INDCi2100,MEX,Emissions|CO2|Energy|Supply|Solids,Mt CO2/yr,,,,,,,,,,,,0.0017022917389299,,0.0027338027343259,,,,,0.0005335398017233,0.0003484167325908,0.0003838610889968,0.0002687158091944,0.0002561185537967,0.000425160931518,0.0003837472177289,0.0002665304273269,0.000244386302022,0.0002295413460261,0.0002151978912936,0.0002090512755998,0.0002005133161102,0.0001811048610654,0.0001682493639988,0.0001599130252531,,,,Mexico,CO2
GEM-E3_V2021,EN_INDCi2100,MEX,Emissions|CO2|Industrial Processes,Mt CO2/yr,,,,,,,,,,,,67.4538104708083,,84.2721533861266,,,,,85.204813132213,88.2730929157119,92.4165043312342,95.8502525086962,98.4869189004467,100.650569872373,102.667534400577,104.164869220073,105.310650456388,105.637790152679,105.427939677403,104.413606165812,101.973416509801,100.458764109725,98.3916997736342,95.5637210715216,,,,Mexico,CO2
GEM-E3_V2021,EN_INDCi2100_COV,MEX,Emissions|CO2|AFOLU,Mt CO2/yr,,,,,,,,,,,,745.604904943388,,682.924278338102,,,,,663.412842868995,640.443672269321,517.036006108536,328.841620738469,203.225939007921,81.0748950949334,-6.020822965286,-84.6697829271679,-159.784525687289,-234.899268447411,-299.163871163854,-363.428473880298,-415.41668836154,-467.404902842783,-496.085685301403,-524.766467760023,,,,Mexico,CO2
GEM-E3_V2021,EN_INDCi2100_COV,MEX,Emissions|CO2|Energy and Industrial Processes,Mt CO2/yr,,,,,,,,,,,,505.779585667611,,484.755914852159,,,,,463.34457048943,442.441604500957,421.028073614855,410.082539000071,405.764983678706,382.593747396194,389.648603785136,381.777335934846,376.938630002431,372.305838210433,367.603176031012,360.926919401687,354.286191455835,348.210682228651,339.605084887739,329.120502306027,,,,Mexico,CO2
GEM-E3_V2021,EN_INDCi2100_COV,MEX,Emissions|CO2|Energy|Demand,Mt CO2/yr,,,,,,,,,,,,266.334594743702,,241.577164799673,,,,,230.769867260622,221.035016260805,221.4924017481,223.508058396406,224.936081848358,224.637983915561,226.497774808913,220.976635645257,214.905647199421,208.679232420191,202.274886225277,195.551048971895,189.01359075316,182.603642727179,176.356553649205,170.305345941314,,,,Mexico,CO2
GEM-E3_V2021,EN_INDCi2100_COV,MEX,Emissions|CO2|Energy|Demand|AFOFI,Mt CO2/yr,,,,,,,,,,,,9.69970730042637,,8.64148991203125,,,,,8.08818487725159,7.27127845831073,6.9902032513319,6.76454386153518,6.52893059854717,6.25997186361683,6.05464759839132,5.8006532886549,5.51398972204765,5.19951756728373,4.83087582215931,4.48378754376956,4.13078062840105,3.77480780596618,3.42237571152424,3.07712175856968,,,,Mexico,CO2
GEM-E3_V2021,EN_INDCi2100_COV,MEX,Emissions|CO2|Energy|Demand|Industry,Mt CO2/yr,,,,,,,,,,,,62.724238776357,,55.9318426764024,,,,,46.4572567385939,40.958206219458,39.4948893166331,38.5517662986013,37.2939816082154,35.9371634869849,36.3193266618804,36.6291439876366,36.4308020351875,35.7978057837532,34.7116849346534,33.0686807162105,31.3754642772956,29.5968118124502,27.7688495520657,25.9041166854701,,,,Mexico,CO2
GEM-E3_V2021,EN_INDCi2100_COV,MEX,Emissions|CO2|Energy|Demand|Residential and Commercial,Mt CO2/yr,,,,,,,,,,,,17.6486234035499,,15.716634046106,,,,,15.3085735867962,14.6991775622375,14.9529306624955,15.3460422393005,15.7890383104314,16.1910915052211,16.5316720490698,16.7792078723126,17.0145896175902,17.2297172143794,17.4365333791074,17.610313927979,17.777544791537,17.9462526550257,18.1248807008001,18.3158746016912,,,,Mexico,CO2
GEM-E3_V2021,EN_INDCi2100_COV,MEX,Emissions|CO2|Energy|Demand|Residential and Commercial|Commercial,Mt CO2/yr,,,,,,,,,,,,10.1962120682454,,9.318442106388,,,,,9.35531939925791,9.1424956968035,9.25935139195898,9.55954389176265,9.93065037043608,10.3217636353529,10.7163059953574,11.0785798958777,11.4585133179751,11.8573261790278,12.274514063853,12.7023719626958,13.1431957338299,13.6008673401632,14.077457831336,14.5756187801302,,,,Mexico,CO2
GEM-E3_V2021,EN_INDCi2100_COV,MEX,Emissions|CO2|Energy|Demand|Residential and Commercial|Residential,Mt CO2/yr,,,,,,,,,,,,7.45241133530444,,6.398191939718,,,,,5.95325418753832,5.55668186543404,5.69357927053657,5.78649834753787,5.8583879399954,5.86932786986819,5.81536605371231,5.70062797643488,5.55607629961506,5.37239103535156,5.1620193152544,4.90794196528319,4.63434905770707,4.34538531486249,4.04742286946411,3.74025582156103,,,,Mexico,CO2
GEM-E3_V2021,EN_INDCi2100_COV,MEX,Emissions|CO2|Energy|Demand|Transportation,Mt CO2/yr,,,,,,,,,,,,176.262025263368,,161.287198165134,,,,,160.91585205798,158.106354020798,160.05437851764,162.845705996969,165.324131331164,166.249757059738,167.592128499571,161.767630496653,155.946265824595,150.452191854774,145.295792089357,140.388266783936,135.729801055926,131.285770453737,127.040447684815,123.008232895583,,,,Mexico,CO2
GEM-E3_V2021,EN_INDCi2100_COV,MEX,Emissions|CO2|Energy|Supply,Mt CO2/yr,,,,,,,,,,,,171.736077676511,,171.230892930129,,,,,157.407990430504,140.827803468396,114.467998944296,97.5451010190618,88.379307240804,62.6893063820489,64.9975765362942,60.4061424539971,59.6787387899841,59.7941229678119,60.3442746577765,60.2856839755989,61.3135032122029,62.5746767359729,61.5577919726007,58.9754024015752,,,,Mexico,CO2
GEM-E3_V2021,EN_INDCi2100_COV,MEX,Emissions|CO2|Energy|Supply|Electricity,Mt CO2/yr,,,,,,,,,,,,110.521955797242,,120.767614481249,,,,,104.602763033019,91.9114352310247,68.4817065450263,52.1076501411323,41.8953622906188,15.2671779361714,16.0467502270149,9.45879185461375,7.67039914625997,6.77121597068173,6.46981008009883,6.48285708014909,6.38815401413209,6.57927628943428,4.44605879569002,0.914101025967406,,,,Mexico,CO2
GEM-E3_V2021,EN_INDCi2100_COV,MEX,Emissions|CO2|Energy|Supply|Gases,Mt CO2/yr,,,,,,,,,,,,23.0044497361221,,23.1474106465239,,,,,26.1974150138963,22.5694140902894,18.9290163976832,17.3254081112197,17.396867257807,17.3028713043727,17.3877017938547,18.7218153021931,19.1509466781012,19.5331560592236,19.9222688990092,19.3586610489342,19.9693210916793,20.5330705649119,21.1555303904009,21.6002602358485,,,,Mexico,CO2
GEM-E3_V2021,EN_INDCi2100_COV,MEX,Emissions|CO2|Energy|Supply|Liquids,Mt CO2/yr,,,,,,,,,,,,38.2079698514077,,27.3134886019407,,,,,26.6071844316661,26.3465078578427,27.0568191175716,28.1116282861568,29.0866841082997,30.1188255449334,31.5627171963447,32.2252130520102,32.8570886784986,33.4894673880689,33.9519237728661,34.4439031767566,34.9557739499353,35.4620809648879,35.9559587402105,36.4608017323188,,,,Mexico,CO2
GEM-E3_V2021,EN_INDCi2100_COV,MEX,Emissions|CO2|Energy|Supply|Solids,Mt CO2/yr,,,,,,,,,,,,0.0017022917389299,,0.0023792004154423,,,,,0.0006279519223229,0.0004462892397286,0.0004568840153329,0.0004144805529103,0.0003935840783214,0.0004315965712757,0.0004073190798056,0.0003222451800447,0.0003042871243784,0.0002835498376043,0.0002719058023566,0.0002626697590093,0.0002541564562607,0.0002489167387338,0.0002440462992855,0.0002394074405303,,,,Mexico,CO2
GEM-E3_V2021,EN_INDCi2100_COV,MEX,Emissions|CO2|Industrial Processes,Mt CO2/yr,,,,,,,,,,,,67.4538104708083,,71.7286504693292,,,,,74.9691009598575,80.3988974607762,84.8911738950704,88.8544420728178,92.277115281277,95.0977629812362,97.9896340393268,100.238644145552,102.206187101688,103.692631145415,104.852572791438,104.967816057358,103.845849561954,102.928261572169,101.595678065209,99.7536665380091,,,,Mexico,CO2
GEM-E3_V2021,EN_INDCi2100_COV_NDCp,MEX,Emissions|CO2|AFOLU,Mt CO2/yr,,,,,,,,,,,,745.604904943388,,682.924278338102,,,,,682.76391145625,682.303723034485,619.117733632297,527.738006152698,406.940933110416,264.868191809237,151.02540595114,36.1246689391309,-58.4817906345828,-153.088250208296,-227.111166289329,-301.134082370363,-362.674976571072,-424.215870771781,-463.146046568244,-502.076222364706,,,,Mexico,CO2
GEM-E3_V2021,EN_INDCi2100_COV_NDCp,MEX,Emissions|CO2|Energy and Industrial Processes,Mt CO2/yr,,,,,,,,,,,,505.779585667611,,484.755914818785,,,,,463.824298946844,443.154075399495,422.108822761218,410.070711368257,405.752379020306,381.781122597614,388.666971414137,381.217444986043,376.645935554478,371.792154765023,367.180058784005,360.744071458005,353.965505774235,347.956760394026,339.421193767323,328.975383200822,,,,Mexico,CO2
GEM-E3_V2021,EN_INDCi2100_COV_NDCp,MEX,Emissions|CO2|Energy|Demand,Mt CO2/yr,,,,,,,,,,,,266.334594743702,,241.577164668923,,,,,230.915576026859,221.295581301723,221.943133667119,223.766964591679,224.992908380692,224.509774036321,226.412273520247,220.915464190676,214.816519815814,208.592119018757,202.211258179154,195.50848991279,188.984189676506,182.593499026046,176.36757744662,170.327698986853,,,,Mexico,CO2
GEM-E3_V2021,EN_INDCi2100_COV_NDCp,MEX,Emissions|CO2|Energy|Demand|AFOFI,Mt CO2/yr,,,,,,,,,,,,9.69970730042637,,8.6414898873513,,,,,8.09249731394746,7.28066057380358,7.02590937829926,6.80193006123739,6.57234460611853,6.29829905830999,6.10144219852633,5.8474686507319,5.55513453714669,5.23597438362072,4.86368842526351,4.51190148000963,4.15325317227164,3.7924260082354,3.4357004828143,3.08677255815129,,,,Mexico,CO2
GEM-E3_V2021,EN_INDCi2100_COV_NDCp,MEX,Emissions|CO2|Energy|Demand|Industry,Mt CO2/yr,,,,,,,,,,,,62.724238776357,,55.9318426490753,,,,,46.5577620515842,41.1205251440219,39.7626486301607,38.8541299456122,37.5861866948831,36.1535669711135,36.5710162671855,36.8892465068153,36.6490534623314,36.0074746835192,34.909286683076,33.2506880924892,31.5372812913567,29.7453031988608,27.9061213177689,26.0252681418081,,,,Mexico,CO2
GEM-E3_V2021,EN_INDCi2100_COV_NDCp,MEX,Emissions|CO2|Energy|Demand|Residential and Commercial,Mt CO2/yr,,,,,,,,,,,,17.6486234035499,,15.7166339731149,,,,,15.3117522202005,14.7057397132305,14.9612679363149,15.3342575696212,15.7791029296796,16.1639103748108,16.5197509981144,16.7728797895021,17.0033903624154,17.2180660450885,17.4256103337696,17.6010940627413,17.7691614513419,17.938866811193,18.1188464176242,18.3108191563376,,,,Mexico,CO2
GEM-E3_V2021,EN_INDCi2100_COV_NDCp,MEX,Emissions|CO2|Energy|Demand|Residential and Commercial|Commercial,Mt CO2/yr,,,,,,,,,,,,10.1962120682454,,9.31844203130768,,,,,9.35690231169872,9.1459037424009,9.26373602878534,9.55476868445104,9.92220196363315,10.3068289112165,10.7036862282878,11.0687052349028,11.4490534134403,11.8477950533766,12.2654623183716,12.6942062258809,13.1360680245105,13.5945349137747,14.0722062880484,14.5711919616598,,,,Mexico,CO2
GEM-E3_V2021,EN_INDCi2100_COV_NDCp,MEX,Emissions|CO2|Energy|Demand|Residential and Commercial|Residential,Mt CO2/yr,,,,,,,,,,,,7.45241133530444,,6.39819194180725,,,,,5.95484990850181,5.55983597082962,5.69753190752963,5.77948888517024,5.85690096604645,5.85708146359427,5.81606476982651,5.70417455459931,5.55433694897508,5.37027099171192,5.16014801539804,4.90688783686039,4.63309342683134,4.34433189741832,4.04664012957583,3.73962719467772,,,,Mexico,CO2
GEM-E3_V2021,EN_INDCi2100_COV_NDCp,MEX,Emissions|CO2|Energy|Demand|Transportation,Mt CO2/yr,,,,,,,,,,,,176.262025263368,,161.287198159382,,,,,160.953564441127,158.188655870667,160.193307722344,162.776647015209,165.05527415001,165.893997632087,167.22006405642,161.405869243627,155.60894145392,150.130603906528,145.012672737045,140.14480627755,135.524493761535,131.116903007757,126.906909228413,122.904839130556,,,,Mexico,CO2
GEM-E3_V2021,EN_INDCi2100_COV_NDCp,MEX,Emissions|CO2|Energy|Supply,Mt CO2/yr,,,,,,,,,,,,171.736077676511,,171.230893078303,,,,,157.546076608009,140.904763590292,114.426312975979,96.4447649297458,87.5846434020032,61.3361196650149,63.4767591319262,59.281188768368,58.8504069144619,58.7380733312353,59.3562285838175,59.547251775395,60.460938802386,61.796369881466,60.8529943562244,58.3405859780365,,,,Mexico,CO2
GEM-E3_V2021,EN_INDCi2100_COV_NDCp,MEX,Emissions|CO2|Energy|Supply|Electricity,Mt CO2/yr,,,,,,,,,,,,110.521955797242,,120.767614622772,,,,,104.72167001059,92.0419143253535,68.6504404800869,52.2774823779593,42.0298728455661,15.5202714544206,15.2186486398998,8.82214583156198,7.64052072096069,6.78567182676992,6.48268508644249,6.44684554590989,6.3986284754472,6.58928870393392,4.45244296709766,0.915262676507094,,,,Mexico,CO2
GEM-E3_V2021,EN_INDCi2100_COV_NDCp,MEX,Emissions|CO2|Energy|Supply|Gases,Mt CO2/yr,,,,,,,,,,,,23.0044497361221,,23.1474106539277,,,,,26.2259864675688,22.5979258785016,18.958748010056,16.751518914031,17.3500357115178,16.6202099530121,17.584243680536,19.1400540893976,19.3011313002066,19.4582699298415,19.8544260780637,19.5256636439889,19.9123689620016,20.4838168826881,21.1145953268129,21.5653104582369,,,,Mexico,CO2
GEM-E3_V2021,EN_INDCi2100_COV_NDCp,MEX,Emissions|CO2|Energy|Supply|Liquids,Mt CO2/yr,,,,,,,,,,,,38.2079698514077,,27.3134886011853,,,,,26.5977910833419,26.2644759614681,26.8166657974517,27.4153480587343,28.2043407182135,29.1952070313343,30.6734434704175,31.3186519780917,31.9084506267634,32.4938481597737,33.0188456562853,33.5744800194497,34.1496873223324,34.7230154574583,35.2857120463793,35.8597734427196,,,,Mexico,CO2
GEM-E3_V2021,EN_INDCi2100_COV_NDCp,MEX,Emissions|CO2|Energy|Supply|Solids,Mt CO2/yr,,,,,,,,,,,,0.0017022917389299,,0.0023792004177067,,,,,0.0006290465076079,0.0004474249692764,0.0004586883849995,0.000415579021109,0.000394126705646,0.0004312262477554,0.0004233410728295,0.0003368693166804,0.0003042665312218,0.0002834148500937,0.0002717630259437,0.0002625660464479,0.0002540426048112,0.0002488373856143,0.000244015934528,0.0002394005728933,,,,Mexico,CO2
GEM-E3_V2021,EN_INDCi2100_COV_NDCp,MEX,Emissions|CO2|Industrial Processes,Mt CO2/yr,,,,,,,,,,,,67.4538104708083,,71.7286504184731,,,,,75.1650053271154,80.7737780753056,85.5627905276369,89.6842556183066,93.0024123392081,95.7669369858355,98.6143568678359,100.864838921532,102.831062372009,104.322229565591,105.48124011803,105.566039245875,104.407211097778,103.462859263729,102.105616844423,100.22105745072,,,,Mexico,CO2
GEM-E3_V2021,EN_INDCi2100_NDCp,MEX,Emissions|CO2|AFOLU,Mt CO2/yr,,,,,,,,,,,,745.604904943388,,683.088349671024,,,,,682.861422168315,682.45453442928,563.142282798005,375.040481716872,239.596801505287,109.627355268569,16.0866218504261,-67.546352565094,-148.64882312709,-229.751293689087,-296.194578135557,-362.637862582026,-414.284462014786,-465.931061447546,-494.742160891506,-523.553260335466,,,,Mexico,CO2
GEM-E3_V2021,EN_INDCi2100_NDCp,MEX,Emissions|CO2|Energy and Industrial Processes,Mt CO2/yr,,,,,,,,,,,,505.779585667611,,555.719291632961,,,,,500.71625464297,455.440935087724,436.390561552413,407.937517416434,390.098318028442,379.356391249544,375.789021147035,363.278167388119,352.110067654452,333.628807417831,313.609280269827,299.488396783999,283.614445309368,256.526805320493,233.681183103267,217.717273064548,,,,Mexico,CO2
GEM-E3_V2021,EN_INDCi2100_NDCp,MEX,Emissions|CO2|Energy|Demand,Mt CO2/yr,,,,,,,,,,,,266.334594743702,,274.607992028877,,,,,247.412353569166,229.257316684967,226.899793126595,225.083443684476,222.137559361585,217.177087243556,214.9956649352,204.957420812409,194.423546574103,183.973968802985,173.692306818468,163.441876246087,153.714172422725,131.757476186179,115.810547805098,104.490469812977,,,,Mexico,CO2
GEM-E3_V2021,EN_INDCi2100_NDCp,MEX,Emissions|CO2|Energy|Demand|AFOFI,Mt CO2/yr,,,,,,,,,,,,9.69970730042637,,9.746401912757,,,,,8.65206580939911,7.38879763094184,7.07014669856969,6.77017577208463,6.45951395953195,6.11691418354299,5.85875966477747,5.54624172988628,5.19320331471034,4.82217379144258,4.4006302367918,3.97911766473817,3.55310381215555,2.00167199919009,0.964992846532628,0.48041305835661,,,,Mexico,CO2
GEM-E3_V2021,EN_INDCi2100_NDCp,MEX,Emissions|CO2|Energy|Demand|Industry,Mt CO2/yr,,,,,,,,,,,,62.724238776357,,65.9231104049341,,,,,49.9981127465819,40.8677672468345,38.5206104463883,36.5714024982101,34.3123336197116,32.0617819772939,31.6972666529839,31.2506991601729,30.3106347694061,29.0477806321692,27.4169324394743,25.3368030547332,23.2675686009539,12.6931088036905,7.14350557089578,4.54102797232648,,,,Mexico,CO2
GEM-E3_V2021,EN_INDCi2100_NDCp,MEX,Emissions|CO2|Energy|Demand|Residential and Commercial,Mt CO2/yr,,,,,,,,,,,,17.6486234035499,,17.0455007535378,,,,,15.733508370892,14.557260937852,14.6144078141432,14.8130961015205,15.0554839334137,15.252862824199,15.4357284690065,15.5244717009355,15.5947747717386,15.6723811636569,15.7502359185976,15.7875642501632,15.8287928321062,14.713676325127,14.0747025676475,13.6656503687189,,,,Mexico,CO2
GEM-E3_V2021,EN_INDCi2100_NDCp,MEX,Emissions|CO2|Energy|Demand|Residential and Commercial|Commercial,Mt CO2/yr,,,,,,,,,,,,10.1962120682454,,9.82679148501708,,,,,9.69186147077151,9.31878071555739,9.37684605714206,9.62728119887307,9.94651106749912,10.2781281468567,10.6208967348231,10.9270477150111,11.2451832099247,11.5816595178657,11.9357419392438,12.2918437689642,12.6535374149505,12.794811605275,12.7781223778605,12.6955742762274,,,,Mexico,CO2
GEM-E3_V2021,EN_INDCi2100_NDCp,MEX,Emissions|CO2|Energy|Demand|Residential and Commercial|Residential,Mt CO2/yr,,,,,,,,,,,,7.45241133530444,,7.2187092685208,,,,,6.04164690012054,5.23848022229468,5.23756175700114,5.18581490264747,5.10897286591465,4.97473467734225,4.81483173418347,4.59742398592445,4.34959156181399,4.09072164579116,3.8144939793538,3.49572048119896,3.17525541715569,1.91886471985202,1.29658018978702,0.970076092491535,,,,Mexico,CO2
GEM-E3_V2021,EN_INDCi2100_NDCp,MEX,Emissions|CO2|Energy|Demand|Transportation,Mt CO2/yr,,,,,,,,,,,,176.262025263368,,181.892978957648,,,,,173.028666642293,166.443490869339,166.694628167493,166.92876931266,166.310227848928,163.74552825852,162.003910148432,152.636008221414,143.324933718248,134.431633215716,126.124508223604,118.338391276452,111.064707177509,102.349019058171,93.6273468200229,85.8033784135756,,,,Mexico,CO2
GEM-E3_V2021,EN_INDCi2100_NDCp,MEX,Emissions|CO2|Energy|Supply,Mt CO2/yr,,,,,,,,,,,,171.736077676511,,196.591848108293,,,,,167.695847553421,137.319076847908,116.190980051268,86.0852608326415,68.5724708718724,60.796471152715,57.3686233335924,53.4407064619946,51.6991964951554,43.3704450020193,33.8064184309008,31.0393735215632,27.3907748798027,23.8093939162369,19.0053628234637,17.2473399276686,,,,Mexico,CO2
GEM-E3_V2021,EN_INDCi2100_NDCp,MEX,Emissions|CO2|Energy|Supply|Electricity,Mt CO2/yr,,,,,,,,,,,,110.521955797242,,138.636611231942,,,,,111.679519844377,88.4831102019272,70.2707784994276,40.9428564112718,22.8549264951766,16.2084180000169,10.4773592940682,4.8999690701643,3.06788759080234,-5.25907908164776,-14.9900879440531,-17.1655881117855,-21.6097880851466,-24.629377884177,-29.6158197504757,-31.9588826409901,,,,Mexico,CO2
GEM-E3_V2021,EN_INDCi2100_NDCp,MEX,Emissions|CO2|Energy|Supply|Gases,Mt CO2/yr,,,,,,,,,,,,23.0044497361221,,26.8498083788914,,,,,27.544632245291,21.4600135088292,18.1482642962908,17.0227396596109,17.1319847399144,15.3565791599208,16.507481810258,17.8957383670249,17.780350856471,17.5705868681667,17.5733390544383,16.7841728738186,17.3574399104399,17.4523197102204,17.9840997696269,18.6123309905476,,,,Mexico,CO2
GEM-E3_V2021,EN_INDCi2100_NDCp,MEX,Emissions|CO2|Energy|Supply|Liquids,Mt CO2/yr,,,,,,,,,,,,38.2079698514077,,31.1026946947248,,,,,28.4711554935367,27.3756280001641,27.7715750200256,28.1193956185084,28.5853039772468,29.2310487333759,30.3833983691448,30.6447327240508,30.8507139618188,31.0587080537537,31.2229515232475,31.4205800185038,31.642922802079,30.9862713183488,30.6369148272294,30.5937318625018,,,,Mexico,CO2
GEM-E3_V2021,EN_INDCi2100_NDCp,MEX,Emissions|CO2|Energy|Supply|Solids,Mt CO2/yr,,,,,,,,,,,,0.0017022917389299,,0.0027338027343259,,,,,0.0005399702160606,0.0003251369874263,0.0003622355240617,0.0002691432502778,0.0002556595345098,0.0004252594013516,0.0003838601212671,0.0002663007545916,0.0002440860632929,0.0002291617467225,0.0002157972681136,0.0002087410262414,0.0002002524304866,0.0001807718446991,0.0001679770830317,0.0001597156093693,,,,Mexico,CO2
GEM-E3_V2021,EN_INDCi2100_NDCp,MEX,Emissions|CO2|Industrial Processes,Mt CO2/yr,,,,,,,,,,,,67.4538104708083,,84.2721533861266,,,,,85.4018977501028,88.689104957216,93.1312346029912,96.6060117434157,99.2321010054551,101.234424097571,103.284356319223,104.749881695064,105.867487837057,106.174479316653,106.010527664725,104.917639095248,102.430125685023,100.894182989888,98.8130571571911,95.9388512496984,,,,Mexico,CO2
GEM-E3_V2021,EN_NPi2020_1000,MEX,Emissions|CO2|AFOLU,Mt CO2/yr,,,,,,,,,,,,745.604904943388,,683.088349671024,,,,,357.787117296396,47.8212641675248,-16.456222381062,-90.3236915220125,-149.735861985879,-211.980139197664,-265.365469674811,-318.64770700616,-362.38691938669,-406.126131767219,-462.753821696925,-519.38151162663,-555.683121373063,-591.984731119496,-598.799575276658,-605.614419433819,,,,Mexico,CO2
GEM-E3_V2021,EN_NPi2020_1000,MEX,Emissions|CO2|Energy and Industrial Processes,Mt CO2/yr,,,,,,,,,,,,505.779585667611,,555.71929212707,,,,,529.923851672466,510.685971719438,462.017915116058,382.512850910926,332.143644143536,273.495093038166,215.279934857666,164.797103491984,138.74822405106,117.596045880669,115.867903473638,120.803126879781,134.434304120548,133.236282382101,140.109106502345,140.746964003875,,,,Mexico,CO2
GEM-E3_V2021,EN_NPi2020_1000,MEX,Emissions|CO2|Energy|Demand,Mt CO2/yr,,,,,,,,,,,,266.334594743702,,274.607992236751,,,,,259.985019642288,252.726109493706,242.366717986164,218.375555556177,186.557205099228,162.479486983761,124.360400013547,89.9693469660881,72.4934022357908,58.6774287486415,56.0014262736029,58.914964009204,65.3478914551707,64.8371303370219,68.8188171909274,70.1074603624138,,,,Mexico,CO2
GEM-E3_V2021,EN_NPi2020_1000,MEX,Emissions|CO2|Energy|Demand|AFOFI,Mt CO2/yr,,,,,,,,,,,,9.69970730042637,,9.74640192476827,,,,,9.22139932665226,8.57074934977573,7.83215760108445,6.67538085775135,5.4113748458514,4.54365904396376,1.90701640850417,0.501814793535358,0.216398655193071,0.0953500687471772,0.0834431997340129,0.102372702442404,0.147795822067744,0.124265951761335,0.135627510505099,0.119268548909582,,,,Mexico,CO2
GEM-E3_V2021,EN_NPi2020_1000,MEX,Emissions|CO2|Energy|Demand|Industry,Mt CO2/yr,,,,,,,,,,,,62.724238776357,,65.9231105116853,,,,,56.2646418986952,50.7113524055241,44.1368548484628,34.3286848492803,25.4370745029942,20.404704797174,8.47836075773129,3.55288491167522,2.32899998746504,1.59554281492587,1.54293259611402,1.73874988960761,2.14702930495314,2.00215419128674,2.15006416835741,2.05382299921961,,,,Mexico,CO2
GEM-E3_V2021,EN_NPi2020_1000,MEX,Emissions|CO2|Energy|Demand|Residential and Commercial,Mt CO2/yr,,,,,,,,,,,,17.6486234035499,,17.045500750287,,,,,16.6099293732963,16.122855734168,15.6253362195992,14.3676694724339,13.0066178616609,12.3259945672541,10.3316950183729,8.92762453299154,8.30895977095913,7.70697076496771,7.91855817196536,8.61668832335898,9.60876036850396,9.90234400275771,10.5989158988949,11.0079016914195,,,,Mexico,CO2
GEM-E3_V2021,EN_NPi2020_1000,MEX,Emissions|CO2|Energy|Demand|Residential and Commercial|Commercial,Mt CO2/yr,,,,,,,,,,,,10.1962120682454,,9.82679148085153,,,,,9.90631967661895,9.75357837468806,9.73905725290541,9.62211003107197,9.4150705015875,9.35929330840912,8.96452075407053,8.2152800704263,7.7881764089143,7.3147137595819,7.53054924302997,8.18100313392826,9.0859536039344,9.39800567046114,10.0582990738466,10.4775492148193,,,,Mexico,CO2
GEM-E3_V2021,EN_NPi2020_1000,MEX,Emissions|CO2|Energy|Demand|Residential and Commercial|Residential,Mt CO2/yr,,,,,,,,,,,,7.45241133530444,,7.21870926943548,,,,,6.70360969667736,6.36927735947999,5.88627896669387,4.74555944136202,3.5915473600734,2.96670125884505,1.36717426430237,0.71234446256524,0.520783362044831,0.392257005385807,0.388008928935394,0.435685189430725,0.522806764569562,0.504338332296568,0.540616825048375,0.530352476600198,,,,Mexico,CO2
GEM-E3_V2021,EN_NPi2020_1000,MEX,Emissions|CO2|Energy|Demand|Transportation,Mt CO2/yr,,,,,,,,,,,,176.262025263368,,181.89297905001,,,,,177.889049043645,177.321152004238,174.772369317018,163.003820376711,142.702137888721,125.205128575369,103.643327828939,76.987022727886,61.6390438221736,49.2795651000007,46.4564923057895,48.457153093795,53.4443059596458,52.8083661912161,55.9342096131699,56.926467122865,,,,Mexico,CO2
GEM-E3_V2021,EN_NPi2020_1000,MEX,Emissions|CO2|Energy|Supply,Mt CO2/yr,,,,,,,,,,,,171.736077676511,,196.591848299148,,,,,180.746045682926,160.879862352662,119.797994870738,66.1317369868029,51.1403962548944,19.1344497094181,1.40016034066351,-11.0847200586081,-17.7048636214377,-22.2532435560741,-22.8009144321591,-23.9023422269171,-20.417107840699,-21.0677631601233,-20.2459667258732,-20.8362198798417,,,,Mexico,CO2
GEM-E3_V2021,EN_NPi2020_1000,MEX,Emissions|CO2|Energy|Supply|Electricity,Mt CO2/yr,,,,,,,,,,,,110.521955797242,,138.636611405558,,,,,120.366084449866,104.695458274348,70.7400239173628,23.2569078207024,13.3327073230831,-13.5676349788476,-26.431920098006,-35.0831723403768,-39.6711196195406,-42.724475264872,-44.0749952391035,-46.2874913750943,-45.6364437947953,-47.5761155978383,-49.052238176291,-51.6377061634184,,,,Mexico,CO2
GEM-E3_V2021,EN_NPi2020_1000,MEX,Emissions|CO2|Energy|Supply|Gases,Mt CO2/yr,,,,,,,,,,,,23.0044497361221,,26.8498084002666,,,,,30.6792010939692,26.668015644719,20.0206823788258,15.8471807773742,13.8024928622223,10.728508098127,9.71746749797892,10.0381880350067,10.0610975154821,10.2604019646139,11.0688134320937,11.2454436799472,12.462983019016,13.447936115169,14.5809085206461,15.974797976542,,,,Mexico,CO2
GEM-E3_V2021,EN_NPi2020_1000,MEX,Emissions|CO2|Energy|Supply|Liquids,Mt CO2/yr,,,,,,,,,,,,38.2079698514077,,31.1026946905855,,,,,29.7000213460136,29.5158663806797,29.0368740583822,27.0274019658571,24.0050064443941,21.9734157291302,18.1144915050321,13.9601768119899,11.9050871992779,10.2107713786514,10.2052096420734,11.139642220213,12.7562796067685,13.060341630524,14.2252810605321,14.8266030496284,,,,Mexico,CO2
GEM-E3_V2021,EN_NPi2020_1000,MEX,Emissions|CO2|Energy|Supply|Solids,Mt CO2/yr,,,,,,,,,,,,0.0017022917389299,,0.0027338027381632,,,,,0.0007387930771312,0.0005220529152502,0.0004145161671738,0.0002464228692144,0.0001896251946709,0.0001608610085573,0.0001214356584219,8.74347719513772e-05,7.1283342827795e-05,5.83655324595584e-05,5.77327771526045e-05,6.32480168761919e-05,7.33283117495668e-05,7.46920217742766e-05,8.1869239511407e-05,8.52574062729854e-05,,,,Mexico,CO2
GEM-E3_V2021,EN_NPi2020_1000,MEX,Emissions|CO2|Industrial Processes,Mt CO2/yr,,,,,,,,,,,,67.4538104708083,,84.2721534813554,,,,,88.9675658699743,96.8706508952852,99.6653318782563,97.8566658073499,94.3371405672055,91.7948431830496,89.4613211527746,85.8786748715833,83.9364604691305,81.1562765297238,82.6524576408832,85.7733233666601,89.4821103445268,89.4468393483954,91.5147121484126,91.4550657443867,,,,Mexico,CO2
GEM-E3_V2021,EN_NPi2020_1000_COV,MEX,Emissions|CO2|AFOLU,Mt CO2/yr,,,,,,,,,,,,745.604904943388,,682.924278338102,,,,,391.681888609391,100.275427547759,8.68711848810452,-82.8316816465772,-141.454801935185,-203.650429440187,-253.962569039004,-304.320494714237,-348.179757947302,-392.039021180368,-452.606385160088,-513.173749139808,-548.75657323058,-584.339397321352,-593.421446480284,-602.503495639216,,,,Mexico,CO2
GEM-E3_V2021,EN_NPi2020_1000_COV,MEX,Emissions|CO2|Energy and Industrial Processes,Mt CO2/yr,,,,,,,,,,,,505.779585667611,,484.755914852159,,,,,474.998829705353,455.497330007758,419.067990314258,348.924886600507,322.462748770788,263.788468169757,215.36588803116,170.270914510397,136.617556767374,114.291426151457,108.088558198165,114.761104855861,123.40404972876,124.620359728745,128.704162797488,121.408492271626,,,,Mexico,CO2
GEM-E3_V2021,EN_NPi2020_1000_COV,MEX,Emissions|CO2|Energy|Demand,Mt CO2/yr,,,,,,,,,,,,266.334594743702,,241.577164799673,,,,,235.066567531551,228.583939772096,221.084719783514,202.744486316814,183.265758800284,157.640595669591,129.347446235532,97.5231459331141,74.3911590703173,60.227115889693,55.3989832409812,58.6247074927571,63.8316346190394,64.4479368952696,66.981928443307,69.0149211008513,,,,Mexico,CO2
GEM-E3_V2021,EN_NPi2020_1000_COV,MEX,Emissions|CO2|Energy|Demand|AFOFI,Mt CO2/yr,,,,,,,,,,,,9.69970730042637,,8.64148991203125,,,,,8.28078286196066,7.72878878191356,7.12209905972999,6.16428721363052,5.29569518138645,4.33640753183313,2.77536966889276,0.97791187723541,0.323362609891584,0.13986799765094,0.1031464297059,0.128505491100351,0.171478423585061,0.156347878046573,0.155138053670673,0.148018070627557,,,,Mexico,CO2
GEM-E3_V2021,EN_NPi2020_1000_COV,MEX,Emissions|CO2|Energy|Demand|Industry,Mt CO2/yr,,,,,,,,,,,,62.724238776357,,55.9318426764024,,,,,48.6802643009805,44.3535400876974,39.3279969656499,31.4360020967898,25.3242560421545,19.561896873912,11.9430161994259,5.14679046409752,2.66153418421643,1.74561219608525,1.54388868304482,1.77318218438436,2.13053646694968,2.07718807141814,2.13002276397947,2.13155663113071,,,,Mexico,CO2
GEM-E3_V2021,EN_NPi2020_1000_COV,MEX,Emissions|CO2|Energy|Demand|Residential and Commercial,Mt CO2/yr,,,,,,,,,,,,17.6486234035499,,15.716634046106,,,,,15.6154213742269,15.1997781500494,14.8706925656931,13.859251899063,13.0303012849333,12.132788247995,10.7415595040537,9.32446298352622,8.35857373506199,7.7380415901476,7.73224901119415,8.42236244972475,9.26158173976087,9.63933481267082,10.1675105245291,10.6240647891553,,,,Mexico,CO2
GEM-E3_V2021,EN_NPi2020_1000_COV,MEX,Emissions|CO2|Energy|Demand|Residential and Commercial|Commercial,Mt CO2/yr,,,,,,,,,,,,10.1962120682454,,9.318442106388,,,,,9.42832821754088,9.27955106180936,9.28377886220015,9.22202245553554,9.17288741860957,9.08270731377321,8.88670542937351,8.37857146934433,7.77476279233463,7.30890357989575,7.33536376494374,7.97062346139414,8.73273844245582,9.1113947601959,9.62117058634011,10.0707770550468,,,,Mexico,CO2
GEM-E3_V2021,EN_NPi2020_1000_COV,MEX,Emissions|CO2|Energy|Demand|Residential and Commercial|Residential,Mt CO2/yr,,,,,,,,,,,,7.45241133530444,,6.398191939718,,,,,6.18709315668608,5.92022708824011,5.58691370349302,4.63722944352751,3.85741386632374,3.05008093422186,1.85485407468018,0.945891514181893,0.583810942727357,0.429138010251853,0.396885246250409,0.451738988330612,0.528843297305053,0.52794005247492,0.546339938189038,0.553287734108537,,,,Mexico,CO2
GEM-E3_V2021,EN_NPi2020_1000_COV,MEX,Emissions|CO2|Energy|Demand|Transportation,Mt CO2/yr,,,,,,,,,,,,176.262025263368,,161.287198165134,,,,,162.490098994383,161.301832752436,159.763931192441,151.284945107331,139.61550629181,121.60950301585,103.88750086316,82.0739806082549,63.0476885411473,50.6035941058092,46.0196991170364,48.3006573675477,52.2680379887438,52.575066133134,54.5292571011277,56.1112816099377,,,,Mexico,CO2
GEM-E3_V2021,EN_NPi2020_1000_COV,MEX,Emissions|CO2|Energy|Supply,Mt CO2/yr,,,,,,,,,,,,171.736077676511,,171.230892930129,,,,,163.390364575629,143.061791583327,111.194577599018,60.0176240157988,53.8674838698979,23.5483643995635,5.54922111342849,-6.28406935229109,-14.2560436145671,-20.1693872278963,-21.9273951314484,-21.4037410012809,-20.5322583517865,-20.40621481868,-19.9718223574809,-29.345691030592,,,,Mexico,CO2
GEM-E3_V2021,EN_NPi2020_1000_COV,MEX,Emissions|CO2|Energy|Supply|Electricity,Mt CO2/yr,,,,,,,,,,,,110.521955797242,,120.767614481249,,,,,109.031082691383,92.4888357463911,66.1432564539238,20.2372654759647,17.3995730708124,-7.94789094402026,-22.1144925080731,-30.5426543194193,-35.3983919078669,-39.6798600183659,-41.6836788670615,-42.0592148192218,-43.505337657655,-45.1032107702888,-46.4425613887363,-57.4814689674533,,,,Mexico,CO2
GEM-E3_V2021,EN_NPi2020_1000_COV,MEX,Emissions|CO2|Energy|Supply|Gases,Mt CO2/yr,,,,,,,,,,,,23.0044497361221,,23.1474106465239,,,,,27.3940077753347,23.7987846474479,18.5476936367674,14.7294975533014,13.0628893409711,10.4007316369495,9.22280171197728,9.34201312482961,9.10258447314744,9.21749049016905,9.83350597218881,9.77101553209037,10.7353109502501,11.9595704670977,12.8850774272415,13.8227258169843,,,,Mexico,CO2
GEM-E3_V2021,EN_NPi2020_1000_COV,MEX,Emissions|CO2|Energy|Supply|Liquids,Mt CO2/yr,,,,,,,,,,,,38.2079698514077,,27.3134886019407,,,,,26.9645562293037,26.7736800050139,26.5032125091287,25.0506252516604,23.4048278512657,21.0953655440257,18.4407841835825,14.9164753654857,12.0396902390152,10.2929222228021,9.92272093488496,10.8843956965535,12.2376972595022,12.7373516416987,13.5855826700956,14.3129687619064,,,,Mexico,CO2
GEM-E3_V2021,EN_NPi2020_1000_COV,MEX,Emissions|CO2|Energy|Supply|Solids,Mt CO2/yr,,,,,,,,,,,,0.0017022917389299,,0.0023792004154423,,,,,0.0007178796078367,0.0004911844747438,0.0004149991982893,0.0002357348721928,0.0001936068486022,0.0001581626084798,0.0001277259418458,9.64768128905696e-05,7.35811371210393e-05,6.00774984525758e-05,5.68285393383185e-05,6.25892970168587e-05,7.10961160470241e-05,7.3842812366248e-05,7.89339181404763e-05,8.3357970554389e-05,,,,Mexico,CO2
GEM-E3_V2021,EN_NPi2020_1000_COV,MEX,Emissions|CO2|Industrial Processes,Mt CO2/yr,,,,,,,,,,,,67.4538104708083,,71.7286504693292,,,,,76.3379257177403,83.6617271095656,86.6155039628071,86.0213733293973,85.2154307151703,82.5128733566153,80.4067803549732,78.9902899158277,76.456691679992,74.2163719154635,74.6017934395286,77.5225111432119,80.0836514526066,80.5580793359084,81.6730280784887,81.7184046929562,,,,Mexico,CO2
GEM-E3_V2021,EN_NPi2020_1000f,MEX,Emissions|CO2|AFOLU,Mt CO2/yr,,,,,,,,,,,,745.604904943388,,683.088349671024,,,,,391.63683770443,100.185325737836,8.66697369524187,-82.7963767805411,-142.978625059704,-206.029735500865,-256.525419520262,-306.862085982075,-362.392150871783,-417.922215761491,-479.412346737123,-540.902477712754,-579.496132494403,-618.089787276052,-628.583822085604,-639.077856895156,,,,Mexico,CO2
GEM-E3_V2021,EN_NPi2020_1000f,MEX,Emissions|CO2|Energy and Industrial Processes,Mt CO2/yr,,,,,,,,,,,,505.779585667611,,555.719291520877,,,,,531.37634173736,518.078266197356,476.684262050277,406.926757687023,385.288557843203,315.906547514205,270.16227696657,209.176467460211,171.497669042866,139.62221140428,116.771746497329,105.824197869076,83.4802510412209,61.2722193150453,28.4323597485136,19.4012755821106,,,,Mexico,CO2
GEM-E3_V2021,EN_NPi2020_1000f,MEX,Emissions|CO2|Energy|Demand,Mt CO2/yr,,,,,,,,,,,,266.334594743702,,274.607991997919,,,,,260.912818180613,254.50423871947,248.084186307442,234.859453127143,216.600538825379,184.528013457613,162.435656616862,120.811542304285,96.2269879072163,76.4643547159948,62.6090640132832,56.091785545724,49.9014686181635,46.7440001874921,43.3748644023222,40.0672298614996,,,,Mexico,CO2
GEM-E3_V2021,EN_NPi2020_1000f,MEX,Emissions|CO2|Energy|Demand|AFOFI,Mt CO2/yr,,,,,,,,,,,,9.69970730042637,,9.74640189604994,,,,,9.25790278009501,8.64396286077156,8.04943943957203,7.25379438514828,6.39633838681841,5.21105018484828,4.36647769807362,1.79498827222128,0.733506356585189,0.277332099394763,0.119144095327443,0.0752178520226806,0.0465671129840911,0.0357621714074038,0.0267152494060271,0.0180179556412291,,,,Mexico,CO2
GEM-E3_V2021,EN_NPi2020_1000f,MEX,Emissions|CO2|Energy|Demand|Industry,Mt CO2/yr,,,,,,,,,,,,62.724238776357,,65.9231103888483,,,,,56.7596374613159,51.5216905293733,46.4553694929352,39.5513482323086,32.6803383737452,24.5751428008338,20.7816703176801,8.63562365365002,4.72826966034353,2.76006750181177,1.83299403156154,1.48548979971874,1.19105933786234,1.05641316027093,0.919575010796481,0.770880396047013,,,,Mexico,CO2
GEM-E3_V2021,EN_NPi2020_1000f,MEX,Emissions|CO2|Energy|Demand|Residential and Commercial,Mt CO2/yr,,,,,,,,,,,,17.6486234035499,,17.0455007749966,,,,,16.6773239243194,16.2554442305941,16.0318038238874,15.4175968107719,14.6749863059022,13.4326630165816,12.6651314587173,10.688088426947,9.81383246141433,9.02572004753728,8.38324523063324,8.19093782855019,7.89806593579411,7.83704159874971,7.6596264709386,7.41965641133181,,,,Mexico,CO2
GEM-E3_V2021,EN_NPi2020_1000f,MEX,Emissions|CO2|Energy|Demand|Residential and Commercial|Commercial,Mt CO2/yr,,,,,,,,,,,,10.1962120682454,,9.82679150636568,,,,,9.92125877711457,9.78744325258886,9.84359669561808,9.91694323908815,9.94960072650864,9.80186122538885,9.73373340507697,9.3173919128269,8.93112523516707,8.42716559518114,7.94001642431803,7.80623286000468,7.56734843833505,7.52979718245654,7.37794620639074,7.16670743810372,,,,Mexico,CO2
GEM-E3_V2021,EN_NPi2020_1000f,MEX,Emissions|CO2|Energy|Demand|Residential and Commercial|Residential,Mt CO2/yr,,,,,,,,,,,,7.45241133530444,,7.21870926863092,,,,,6.75606514720487,6.4680009780053,6.18820712826934,5.50065357168376,4.72538557939359,3.63080179119275,2.93139805364041,1.37069651412012,0.882707226247263,0.598554452356139,0.443228806315211,0.384704968545505,0.33071749745906,0.307244416293168,0.281680264547856,0.252948973228091,,,,Mexico,CO2
GEM-E3_V2021,EN_NPi2020_1000f,MEX,Emissions|CO2|Energy|Demand|Transportation,Mt CO2/yr,,,,,,,,,,,,176.262025263368,,181.892978938024,,,,,178.217954014882,178.083141098731,177.547573551047,172.636713698915,162.848875758913,141.309157455349,124.622377142391,99.6928419514667,80.9513794288732,64.401235067251,52.2736806557609,46.3401400654324,40.7657762315229,37.8147832570641,34.7689476711811,31.8586750984795,,,,Mexico,CO2
GEM-E3_V2021,EN_NPi2020_1000f,MEX,Emissions|CO2|Energy|Supply,Mt CO2/yr,,,,,,,,,,,,171.736077676511,,196.591848052354,,,,,181.081179576827,166.09297191677,127.331398881041,70.0036330276136,67.1411717141964,33.9306789994493,12.7993410910856,-4.39687717365789,-15.9379589475589,-25.0967591154281,-30.9835200772121,-33.6613650653746,-46.447993844528,-63.6602121615239,-90.423501647126,-93.3964150530813,,,,Mexico,CO2
GEM-E3_V2021,EN_NPi2020_1000f,MEX,Emissions|CO2|Energy|Supply|Electricity,Mt CO2/yr,,,,,,,,,,,,110.521955797242,,138.636611189663,,,,,120.3938281869,109.015722698236,76.223751405765,23.0811085225113,23.7500667168168,-3.46528241827776,-21.5195136954813,-33.9034675355049,-42.1678075077121,-48.3344237317292,-52.41854559313,-54.6281018950327,-66.9736253040745,-84.3903405134834,-111.162324539273,-114.746232845412,,,,Mexico,CO2
GEM-E3_V2021,EN_NPi2020_1000f,MEX,Emissions|CO2|Energy|Supply|Gases,Mt CO2/yr,,,,,,,,,,,,23.0044497361221,,26.8498083771539,,,,,30.8802600467403,27.3491252567242,21.3890340613244,17.8826018723598,15.7176444920691,12.6935869460975,11.4603990307713,11.0043212089558,10.5783465368892,10.1392366545929,10.1723309910708,10.3908554820746,10.6343696433482,11.0310826210128,11.2915060212013,12.1675837475649,,,,Mexico,CO2
GEM-E3_V2021,EN_NPi2020_1000f,MEX,Emissions|CO2|Energy|Supply|Liquids,Mt CO2/yr,,,,,,,,,,,,38.2079698514077,,31.1026946828023,,,,,29.806341438681,29.7275455262838,29.7181366224451,29.0396356917558,27.6732226072465,24.7021861256721,22.858291638978,18.5021469461028,15.6514036868054,13.0983495199003,11.2626296875533,10.5758220956017,9.89120776420561,9.69899353322969,9.44726690221139,9.18218660621982,,,,Mexico,CO2
GEM-E3_V2021,EN_NPi2020_1000f,MEX,Emissions|CO2|Energy|Supply|Solids,Mt CO2/yr,,,,,,,,,,,,0.0017022917389299,,0.0027338027339468,,,,,0.0007499045049315,0.0005784355266719,0.0004767915069666,0.0002869409866594,0.000237898063946,0.0001883459574719,0.0001641168174922,0.0001222067883577,9.83364584908127e-05,7.84418077947598e-05,6.48372936384479e-05,5.92519816437849e-05,5.40519926065875e-05,5.21977169787532e-05,4.99687349145838e-05,4.74385466528733e-05,,,,Mexico,CO2
GEM-E3_V2021,EN_NPi2020_1000f,MEX,Emissions|CO2|Industrial Processes,Mt CO2/yr,,,,,,,,,,,,67.4538104708083,,84.2721533609833,,,,,89.1556368320523,97.2688213861886,101.071912759905,101.891580939272,101.402501314254,97.3405775803932,94.8440714206137,92.7042917848274,91.1679821126507,88.2278631179749,85.128235358581,83.3793684390337,80.015614209993,78.1788102225959,75.4729697432365,72.7240169418986,,,,Mexico,CO2
GEM-E3_V2021,EN_NPi2020_1000f_COV,MEX,Emissions|CO2|AFOLU,Mt CO2/yr,,,,,,,,,,,,745.604904943388,,682.924278338102,,,,,391.63683770443,100.185325737836,8.65013224781159,-82.8351159562998,-141.159110444716,-203.190729476183,-254.110208521423,-304.824215297889,-350.667850811,-396.511486324111,-463.651546359658,-530.791606395206,-571.639123307669,-612.486640220131,-624.616048152395,-636.745456084659,,,,Mexico,CO2
GEM-E3_V2021,EN_NPi2020_1000f_COV,MEX,Emissions|CO2|Energy and Industrial Processes,Mt CO2/yr,,,,,,,,,,,,505.779585667611,,484.755914852159,,,,,476.236109432496,461.08406824495,427.932474519908,379.134897007712,351.115061125635,297.357327516387,251.523363663427,200.382770945743,164.124906062597,134.296737373061,111.196581673415,103.349183514791,93.9551566740351,78.6047543772581,58.7960063065491,32.0713702863463,,,,Mexico,CO2
GEM-E3_V2021,EN_NPi2020_1000f_COV,MEX,Emissions|CO2|Energy|Demand,Mt CO2/yr,,,,,,,,,,,,266.334594743702,,241.577164799673,,,,,235.872997909397,230.101143018864,224.692604574494,213.376333544783,200.872176004511,172.652749637062,152.920964045059,118.222647970673,93.7185717291877,74.3658147084679,59.5690007192833,54.6214767936406,49.7822930497348,46.7898181636935,44.1843771497421,41.8041197579499,,,,Mexico,CO2
GEM-E3_V2021,EN_NPi2020_1000f_COV,MEX,Emissions|CO2|Energy|Demand|AFOFI,Mt CO2/yr,,,,,,,,,,,,9.69970730042637,,8.64148991203125,,,,,8.3128002222206,7.79221903524532,7.2583100787381,6.53852502353253,5.87025511951962,4.78138314518389,4.02027419541247,2.08930371992701,0.868532065332187,0.329020412698477,0.128071242228543,0.0885079232728377,0.0578329360534932,0.0435260064670878,0.033154597022389,0.0255697442118283,,,,Mexico,CO2
GEM-E3_V2021,EN_NPi2020_1000f_COV,MEX,Emissions|CO2|Energy|Demand|Industry,Mt CO2/yr,,,,,,,,,,,,62.724238776357,,55.9318426764024,,,,,49.1072969486069,45.0331848531038,40.8098629759072,34.8828489044934,29.8077386977679,22.4844171831937,19.0572060750111,9.64856566579531,5.00916833492087,2.80669147301792,1.72556696984587,1.45367086649033,1.19413882746346,1.04956203100163,0.924491159617078,0.816300001427481,,,,Mexico,CO2
GEM-E3_V2021,EN_NPi2020_1000f_COV,MEX,Emissions|CO2|Energy|Demand|Residential and Commercial,Mt CO2/yr,,,,,,,,,,,,17.6486234035499,,15.716634046106,,,,,15.6765928061619,15.3197071251707,15.140719834369,14.5670949640107,14.0965579217862,12.9084898589295,12.1940456139162,10.5546550718761,9.58231654853714,8.77880151339752,8.02181618005695,7.94243350162423,7.77628908230297,7.71706450520647,7.62849289741727,7.4972553743314,,,,Mexico,CO2
GEM-E3_V2021,EN_NPi2020_1000f_COV,MEX,Emissions|CO2|Energy|Demand|Residential and Commercial|Commercial,Mt CO2/yr,,,,,,,,,,,,10.1962120682454,,9.318442106388,,,,,9.44128853363074,9.30890414457015,9.35179742279436,9.41238808533316,9.49900753132802,9.37340614909017,9.32077028586254,9.0286962198561,8.65364398182231,8.16526865850388,7.5900516256264,7.55442194046321,7.43493687372601,7.40166933650519,7.33635933770651,7.22590093469192,,,,Mexico,CO2
GEM-E3_V2021,EN_NPi2020_1000f_COV,MEX,Emissions|CO2|Energy|Demand|Residential and Commercial|Residential,Mt CO2/yr,,,,,,,,,,,,7.45241133530444,,6.398191939718,,,,,6.23530427253119,6.01080298060064,5.7889224115747,5.15470687867763,4.59755039045823,3.53508370983941,2.87327532805373,1.52595885202008,0.928672566714835,0.613532854893634,0.431764554430552,0.388011561161021,0.341352208576957,0.315395168701274,0.292133559710758,0.271354439639479,,,,Mexico,CO2
GEM-E3_V2021,EN_NPi2020_1000f_COV,MEX,Emissions|CO2|Energy|Demand|Transportation,Mt CO2/yr,,,,,,,,,,,,176.262025263368,,161.287198165134,,,,,162.776307932408,161.956032005344,161.48371168548,157.387864652746,151.097624265437,132.478459449755,117.649438160719,95.9301235130747,78.2585547803975,62.451301309354,49.693546327152,45.1368645022532,40.7540322039149,37.9796656210184,35.5982384956854,33.4649946379792,,,,Mexico,CO2
GEM-E3_V2021,EN_NPi2020_1000f_COV,MEX,Emissions|CO2|Energy|Supply,Mt CO2/yr,,,,,,,,,,,,171.736077676511,,171.230892930129,,,,,163.657885984354,146.850470154227,115.592489172784,76.9883243224216,60.9700987222247,38.3167765429302,14.3207981472209,-0.368056216767101,-11.0237657756208,-19.1774799963891,-24.3721054333955,-26.451713841068,-28.9544925162886,-39.861447124269,-55.2776733242685,-77.3373601700697,,,,Mexico,CO2
GEM-E3_V2021,EN_NPi2020_1000f_COV,MEX,Emissions|CO2|Energy|Supply|Electricity,Mt CO2/yr,,,,,,,,,,,,110.521955797242,,120.767614481249,,,,,109.035661225607,95.5577881021507,69.32406975668,35.4588031524566,20.8894619430906,3.35133234866536,-17.6131227015281,-28.3437265201533,-35.7385858235049,-40.9892759604647,-44.4568591100966,-46.0042271717153,-48.5549020960802,-59.742375263598,-75.4920663246748,-97.8434805870124,,,,Mexico,CO2
GEM-E3_V2021,EN_NPi2020_1000f_COV,MEX,Emissions|CO2|Energy|Supply|Gases,Mt CO2/yr,,,,,,,,,,,,23.0044497361221,,23.1474106465239,,,,,27.5650039056455,24.3315615659524,19.3336220769118,15.1797616579997,14.5079461963224,12.006975176199,10.5994564649957,10.1436803837664,9.6672670667848,9.23661623154325,9.50428111029046,9.40813603293063,9.9292080257174,10.3954958747513,10.8724594574926,11.2737989125846,,,,Mexico,CO2
GEM-E3_V2021,EN_NPi2020_1000f_COV,MEX,Emissions|CO2|Energy|Supply|Liquids,Mt CO2/yr,,,,,,,,,,,,38.2079698514077,,27.3134886019407,,,,,27.0564926029548,26.9605853185956,26.9343285239711,26.3494949209063,25.5724651356356,22.9582865978841,21.334309167864,17.8318700599152,15.0474571982641,12.5751035833496,10.5804112820209,10.1443198613715,9.6711479792784,9.48538051691003,9.34188329314485,9.23227260134862,,,,Mexico,CO2
GEM-E3_V2021,EN_NPi2020_1000f_COV,MEX,Emissions|CO2|Energy|Supply|Solids,Mt CO2/yr,,,,,,,,,,,,0.0017022917389299,,0.0023792004154423,,,,,0.0007282501466253,0.0005351675287107,0.000468815221105,0.0002645910588441,0.0002254471760108,0.0001824201816672,0.0001552158892729,0.000119859704495,9.57828351100182e-05,7.61491827247618e-05,6.12843896778437e-05,5.74363451275763e-05,5.35747958370949e-05,5.17476675378702e-05,5.02497687643371e-05,4.89030093830539e-05,,,,Mexico,CO2
GEM-E3_V2021,EN_NPi2020_1000f_COV,MEX,Emissions|CO2|Industrial Processes,Mt CO2/yr,,,,,,,,,,,,67.4538104708083,,71.7286504693292,,,,,76.4999237166903,83.9400390096265,87.468466039411,88.6135324615667,89.1365412929059,86.2863792651639,84.2023912580206,82.471483431199,81.3898496827109,79.0818245890846,75.9826707521353,75.165046622021,73.1156933473979,71.6663511056022,69.8807083768163,67.597284964124,,,,Mexico,CO2
GEM-E3_V2021,EN_NPi2020_1400,MEX,Emissions|CO2|AFOLU,Mt CO2/yr,,,,,,,,,,,,745.604904943388,,683.088349671024,,,,,515.193903744966,347.299338320486,153.477678344793,-40.3441011293211,-96.4349958340322,-166.826296004461,-224.657534799099,-281.017220647544,-334.799058474729,-388.580896301914,-456.592595903959,-524.604295506004,-566.154602521099,-607.704909536193,-621.146506654843,-634.588103773493,,,,Mexico,CO2
GEM-E3_V2021,EN_NPi2020_1400,MEX,Emissions|CO2|Energy and Industrial Processes,Mt CO2/yr,,,,,,,,,,,,505.779585667611,,555.71929199405,,,,,538.901097538909,523.636533181167,486.161977182169,453.402246716128,406.820117685279,374.450531394971,363.686663057213,322.10714674917,285.19697060788,262.266872213003,226.791587719988,204.597155596514,172.625119833925,148.02327215286,143.851542071655,136.396940249031,,,,Mexico,CO2
GEM-E3_V2021,EN_NPi2020_1400,MEX,Emissions|CO2|Energy|Demand,Mt CO2/yr,,,,,,,,,,,,266.334594743702,,274.607992202014,,,,,262.580548754298,257.576953808223,252.214455305158,242.909408065786,230.963385299317,216.900173193975,207.218613031699,184.591799930692,165.353796783725,150.935770766468,125.451227671292,111.494321912132,91.5742973589131,76.9926952840605,74.8140366860957,77.3098503373494,,,,Mexico,CO2
GEM-E3_V2021,EN_NPi2020_1400,MEX,Emissions|CO2|Energy|Demand|AFOFI,Mt CO2/yr,,,,,,,,,,,,9.69970730042637,,9.74640194936053,,,,,9.32712324915599,8.763473997683,8.19857854781303,7.53250887148265,6.85783838960119,6.19981579383544,5.70374540782235,5.02014291845902,4.42156275902648,3.92780677720752,2.13368095607427,1.27034626438703,0.473640373689181,0.19137515497637,0.149817122235006,0.155095529884856,,,,Mexico,CO2
GEM-E3_V2021,EN_NPi2020_1400,MEX,Emissions|CO2|Energy|Demand|Industry,Mt CO2/yr,,,,,,,,,,,,62.724238776357,,65.9231104618922,,,,,57.669788597214,52.979031817958,48.198574951456,42.3723914801022,36.7408497473402,32.0345870177083,30.1083042099491,27.0782188484575,24.6112345354455,22.8502027941013,12.207502324212,8.13033327580826,4.21136669269934,2.53243941078259,2.27256493283247,2.37500800431824,,,,Mexico,CO2
GEM-E3_V2021,EN_NPi2020_1400,MEX,Emissions|CO2|Energy|Demand|Residential and Commercial,Mt CO2/yr,,,,,,,,,,,,17.6486234035499,,17.0455007575089,,,,,16.802355918873,16.4812098740713,16.3324629846186,15.952937057048,15.5568297945047,15.1683304097307,14.9141244958642,14.3705837065957,14.0166235180023,13.8759649334175,12.6680333859842,12.302034000587,11.4112643062982,10.623854761913,10.7911636739782,11.3945133894199,,,,Mexico,CO2
GEM-E3_V2021,EN_NPi2020_1400,MEX,Emissions|CO2|Energy|Demand|Residential and Commercial|Commercial,Mt CO2/yr,,,,,,,,,,,,10.1962120682454,,9.82679148847718,,,,,9.94933265599467,9.84372719955635,9.92607421220982,10.0689105070017,10.2189390147497,10.3622140047953,10.5372727432389,10.6041984798949,10.7211011481742,10.9209596330416,10.9148078094603,10.9814267629221,10.5605556947464,10.0245173017334,10.229571038956,10.807732586651,,,,Mexico,CO2
GEM-E3_V2021,EN_NPi2020_1400,MEX,Emissions|CO2|Energy|Demand|Residential and Commercial|Residential,Mt CO2/yr,,,,,,,,,,,,7.45241133530444,,7.21870926903176,,,,,6.85302326287837,6.63748267451503,6.40638877240884,5.88402655004635,5.33789077975498,4.80611640493546,4.37685175262532,3.7663852267008,3.29552236982806,2.95500530037588,1.75322557652389,1.3206072376649,0.850708611551808,0.599337460179655,0.561592635022189,0.586780802768949,,,,Mexico,CO2
GEM-E3_V2021,EN_NPi2020_1400,MEX,Emissions|CO2|Energy|Demand|Transportation,Mt CO2/yr,,,,,,,,,,,,176.262025263368,,181.892979033253,,,,,178.781280989054,179.353238118511,179.48483882127,177.051570657153,171.807867367871,163.497439972701,156.492438918063,138.12285445718,122.304375971251,110.281796261742,98.4420110050215,89.79160837135,75.4780259862264,63.6450259563884,61.60049095705,63.3852334137263,,,,Mexico,CO2
GEM-E3_V2021,EN_NPi2020_1400,MEX,Emissions|CO2|Energy|Supply,Mt CO2/yr,,,,,,,,,,,,171.736077676511,,196.591848223619,,,,,186.609804078725,167.868650973005,131.640740556739,106.303566318223,70.8268559165577,51.9247857538939,49.9521735051668,32.5125312259964,15.8633931840479,7.67711745073777,-2.29430448944511,-9.80085917352288,-17.0079975862529,-22.0121291796296,-23.6140379202386,-34.4002493774389,,,,Mexico,CO2
GEM-E3_V2021,EN_NPi2020_1400,MEX,Emissions|CO2|Energy|Supply|Electricity,Mt CO2/yr,,,,,,,,,,,,110.521955797242,,138.636611332569,,,,,124.97668669869,109.786986516257,79.1874026669096,58.4216539935425,23.9942706923404,7.20265850940009,5.12155200086354,-10.150160979699,-23.885808509939,-30.9846126174354,-38.0781376103936,-43.5785034111009,-47.4476214700274,-50.8751577174853,-53.3778894187879,-66.2437413348007,,,,Mexico,CO2
GEM-E3_V2021,EN_NPi2020_1400,MEX,Emissions|CO2|Energy|Supply|Gases,Mt CO2/yr,,,,,,,,,,,,23.0044497361221,,26.8498083911632,,,,,31.6379818187813,27.9929343228341,22.2476575767157,17.8680074024907,17.3777982810985,15.9291229602504,16.1650960660191,15.7798050364961,14.3671966609892,14.2760300588094,14.0221418946582,13.461338252603,13.0399325895668,13.7240474338937,14.5856887617619,15.7373353872561,,,,Mexico,CO2
GEM-E3_V2021,EN_NPi2020_1400,MEX,Emissions|CO2|Energy|Supply|Liquids,Mt CO2/yr,,,,,,,,,,,,38.2079698514077,,31.1026946971508,,,,,29.9943140362551,30.0881189702905,30.205147353726,30.013489052353,29.4545198770403,28.7927530830656,28.6652492417398,26.8826577248763,25.3818090672982,24.385524500895,21.7615492212177,20.3161778016892,17.3995860289746,15.1388923080674,15.1780743747054,16.1060624447991,,,,Mexico,CO2
GEM-E3_V2021,EN_NPi2020_1400,MEX,Emissions|CO2|Energy|Supply|Solids,Mt CO2/yr,,,,,,,,,,,,0.0017022917389299,,0.0027338027365521,,,,,0.0008215249984829,0.0006111636228082,0.0005329593877004,0.0004158698372441,0.0002670660783501,0.0002512011778046,0.0002761965443129,0.0002294443229496,0.0001959656995159,0.0001755084687349,0.0001420050725674,0.0001281832857031,0.0001052652330564,8.87958945064506e-05,8.83620819955818e-05,9.41253065223512e-05,,,,Mexico,CO2
GEM-E3_V2021,EN_NPi2020_1400,MEX,Emissions|CO2|Industrial Processes,Mt CO2/yr,,,,,,,,,,,,67.4538104708083,,84.2721534586513,,,,,89.4812569547962,97.9738418916116,102.103689722927,104.005678073237,104.866904589823,105.482287234231,106.388602211779,104.897044285731,103.89036779229,103.576258132966,103.570410664289,102.849565342588,98.0216916155808,93.0177703043636,92.6289158416071,93.4639911661459,,,,Mexico,CO2
GEM-E3_V2021,EN_NPi2020_1400f,MEX,Emissions|CO2|AFOLU,Mt CO2/yr,,,,,,,,,,,,745.604904943388,,683.088349671024,,,,,515.193903744966,347.299338320486,153.477678344793,-40.3441011293211,-96.4349958340322,-166.826296004461,-224.657534799099,-281.017220647544,-334.799058474729,-388.580896301914,-456.592595903959,-524.604295506004,-566.154602521099,-607.704909536193,-621.146506654843,-634.588103773493,,,,Mexico,CO2
GEM-E3_V2021,EN_NPi2020_1400f,MEX,Emissions|CO2|Energy and Industrial Processes,Mt CO2/yr,,,,,,,,,,,,505.779585667611,,555.71929199405,,,,,538.901097538909,523.636533181167,486.161977182169,453.402246716128,406.820117685279,374.450531394971,363.686663057213,327.793003643243,290.84950994563,265.026119606532,230.418061053429,206.918081967199,174.139999536559,149.55245483743,131.091247230178,99.5938437652804,,,,Mexico,CO2
GEM-E3_V2021,EN_NPi2020_1400f,MEX,Emissions|CO2|Energy|Demand,Mt CO2/yr,,,,,,,,,,,,266.334594743702,,274.607992202014,,,,,262.580548754298,257.576953808223,252.214455305158,242.909408065786,230.963385299317,216.900173193975,207.218613031699,188.488289911804,169.174072055401,152.795865703803,128.00656938107,113.051979606337,92.5269737341925,77.8907715867805,67.9823839758411,58.0402244367358,,,,Mexico,CO2
GEM-E3_V2021,EN_NPi2020_1400f,MEX,Emissions|CO2|Energy|Demand|AFOFI,Mt CO2/yr,,,,,,,,,,,,9.69970730042637,,9.74640194936053,,,,,9.32712324915599,8.763473997683,8.19857854781303,7.53250887148265,6.85783838960119,6.19981579383544,5.70374540782235,5.14111785394786,4.53651045519987,3.97923977320768,2.28901148209013,1.33995869296282,0.493238433146749,0.200285090873094,0.0965165969116076,0.0453498928712187,,,,Mexico,CO2
GEM-E3_V2021,EN_NPi2020_1400f,MEX,Emissions|CO2|Energy|Demand|Industry,Mt CO2/yr,,,,,,,,,,,,62.724238776357,,65.9231104618922,,,,,57.669788597214,52.979031817958,48.198574951456,42.3723914801022,36.7408497473402,32.0345870177083,30.1083042099491,27.9723446816813,25.4253592834471,23.2063790635847,13.0681003667201,8.48634562934981,4.32248283497809,2.59813289655569,1.79406699534631,1.23911357996091,,,,Mexico,CO2
GEM-E3_V2021,EN_NPi2020_1400f,MEX,Emissions|CO2|Energy|Demand|Residential and Commercial,Mt CO2/yr,,,,,,,,,,,,17.6486234035499,,17.0455007575089,,,,,16.802355918873,16.4812098740713,16.3324629846186,15.952937057048,15.5568297945047,15.1683304097307,14.9141244958642,14.5723399649551,14.2185170290396,13.9788897587593,12.8335293125934,12.3995639916353,11.4759136807329,10.6954448847338,10.1074300662626,9.31814395582154,,,,Mexico,CO2
GEM-E3_V2021,EN_NPi2020_1400f,MEX,Emissions|CO2|Energy|Demand|Residential and Commercial|Commercial,Mt CO2/yr,,,,,,,,,,,,10.1962120682454,,9.82679148847718,,,,,9.94933265599467,9.84372719955635,9.92607421220982,10.0689105070017,10.2189390147497,10.3622140047953,10.5372727432389,10.6674189411775,10.7994545417838,10.9712553276856,10.9872735997522,11.0392268690469,10.609767656568,10.0847061558792,9.63744025648708,8.95886664387464,,,,Mexico,CO2
GEM-E3_V2021,EN_NPi2020_1400f,MEX,Emissions|CO2|Energy|Demand|Residential and Commercial|Residential,Mt CO2/yr,,,,,,,,,,,,7.45241133530444,,7.21870926903176,,,,,6.85302326287837,6.63748267451503,6.40638877240884,5.88402655004635,5.33789077975498,4.80611640493546,4.37685175262532,3.90492102377756,3.41906248725579,3.0076344310737,1.84625571284115,1.3603371225884,0.866146024164869,0.610738728854595,0.469989809775591,0.359277311946897,,,,Mexico,CO2
GEM-E3_V2021,EN_NPi2020_1400f,MEX,Emissions|CO2|Energy|Demand|Transportation,Mt CO2/yr,,,,,,,,,,,,176.262025263368,,181.892979033253,,,,,178.781280989054,179.353238118511,179.48483882127,177.051570657153,171.807867367871,163.497439972701,156.492438918063,140.80248741122,124.993685287714,111.631357108251,99.8159282196665,90.8261112923892,76.2353387853346,64.3969087146178,55.9843703173205,47.4376170080821,,,,Mexico,CO2
GEM-E3_V2021,EN_NPi2020_1400f,MEX,Emissions|CO2|Energy|Supply,Mt CO2/yr,,,,,,,,,,,,171.736077676511,,196.591848223619,,,,,186.609804078725,167.868650973005,131.640740556739,106.303566318223,70.8268559165577,51.9247857538939,49.9521735051668,33.3466365111514,16.7345213123824,8.11165505822999,-1.60185047227196,-9.35812485042645,-16.7293806344326,-21.7360832485471,-25.9790825719059,-41.4814186142918,,,,Mexico,CO2
GEM-E3_V2021,EN_NPi2020_1400f,MEX,Emissions|CO2|Energy|Supply|Electricity,Mt CO2/yr,,,,,,,,,,,,110.521955797242,,138.636611332569,,,,,124.97668669869,109.786986516257,79.1874026669096,58.4216539935425,23.9942706923404,7.20265850940009,5.12155200086354,-10.1019670902222,-23.7780742973358,-30.9198215720138,-37.8790817293256,-43.4638598539321,-47.3837752889242,-50.8106196679406,-54.0210686901575,-68.4997554719979,,,,Mexico,CO2
GEM-E3_V2021,EN_NPi2020_1400f,MEX,Emissions|CO2|Energy|Supply|Gases,Mt CO2/yr,,,,,,,,,,,,23.0044497361221,,26.8498083911632,,,,,31.6379818187813,27.9929343228341,22.2476575767157,17.8680074024907,17.3777982810985,15.9291229602504,16.1650960660191,16.0404712992945,14.599776521836,14.3799000938689,14.1331416484743,13.5309593847876,13.0828630191782,13.766503132518,14.218314876586,14.7070457249941,,,,Mexico,CO2
GEM-E3_V2021,EN_NPi2020_1400f,MEX,Emissions|CO2|Energy|Supply|Liquids,Mt CO2/yr,,,,,,,,,,,,38.2079698514077,,31.1026946971508,,,,,29.9943140362551,30.0881189702905,30.205147353726,30.013489052353,29.4545198770403,28.7927530830656,28.6652492417398,27.4078970385696,25.9126178382816,24.651398589221,22.143944425182,20.5746454599675,17.5714251618398,15.3079433460192,13.823592049684,12.3112227662723,,,,Mexico,CO2
GEM-E3_V2021,EN_NPi2020_1400f,MEX,Emissions|CO2|Energy|Supply|Solids,Mt CO2/yr,,,,,,,,,,,,0.0017022917389299,,0.0027338027365521,,,,,0.0008215249984829,0.0006111636228082,0.0005329593877004,0.0004158698372441,0.0002670660783501,0.0002512011778046,0.0002761965443129,0.0002352635095448,0.0002012496006011,0.0001779471538231,0.0001451833972827,0.0001301587504757,0.0001064734735342,8.99408562577351e-05,7.91919815428802e-05,6.8366439554608e-05,,,,Mexico,CO2
GEM-E3_V2021,EN_NPi2020_1400f,MEX,Emissions|CO2|Industrial Processes,Mt CO2/yr,,,,,,,,,,,,67.4538104708083,,84.2721534586513,,,,,89.4812569547962,97.9738418916116,102.103689722927,104.005678073237,104.866904589823,105.482287234231,106.388602211779,105.848258516505,104.847934276413,104.039359762598,103.947490358313,103.169007179918,98.3046159240069,93.3722644470438,89.0699445164244,83.0230791282075,,,,Mexico,CO2
GEM-E3_V2021,EN_NPi2020_1800,MEX,Emissions|CO2|AFOLU,Mt CO2/yr,,,,,,,,,,,,745.604904943388,,683.088349671024,,,,,515.038675295246,346.989120417889,153.7813238342,-39.6340577812976,-96.0664986684734,-152.356782532253,-197.255581368016,-247.781068887844,-313.258956584325,-378.736844280805,-436.639303543158,-494.541762805511,-534.878828154051,-575.21589350259,-589.786140136288,-604.356386769985,,,,Mexico,CO2
GEM-E3_V2021,EN_NPi2020_1800,MEX,Emissions|CO2|Energy and Industrial Processes,Mt CO2/yr,,,,,,,,,,,,505.779585667611,,555.71929199405,,,,,541.986423616538,549.646237404904,492.323026651884,467.949985756616,453.733745319845,420.499127662699,426.138135926039,416.374551447945,410.578469200726,393.397699531483,366.359191267918,332.489657463272,293.321070033723,261.97427191978,215.602262851367,177.72484177203,,,,Mexico,CO2
GEM-E3_V2021,EN_NPi2020_1800,MEX,Emissions|CO2|Energy|Demand,Mt CO2/yr,,,,,,,,,,,,266.334594743702,,274.607992202014,,,,,264.24097629193,260.783516417473,256.463769954022,251.29700927752,246.313217184803,241.877118233478,243.662135086073,237.198009616038,230.014500877976,215.256854585463,200.668826327909,185.39231080744,165.471092587665,143.189699206457,111.514463311307,88.8365036356642,,,,Mexico,CO2
GEM-E3_V2021,EN_NPi2020_1800,MEX,Emissions|CO2|Energy|Demand|AFOFI,Mt CO2/yr,,,,,,,,,,,,9.69970730042637,,9.74640194936053,,,,,9.39224934483435,8.88572628068292,8.34765140275356,7.81946583287101,7.35254624523982,6.95700007927396,6.74541522856237,6.46745223765345,6.15150140448481,5.60669903629367,5.0413728469024,4.49645093364994,3.80182370352265,2.5298437094009,0.754494084358235,0.211922941158205,,,,Mexico,CO2
GEM-E3_V2021,EN_NPi2020_1800,MEX,Emissions|CO2|Energy|Demand|Industry,Mt CO2/yr,,,,,,,,,,,,62.724238776357,,65.9231104618922,,,,,58.583258133185,54.5321867344044,50.056670325206,45.514066792341,41.7103108028531,39.1091807632019,39.7667883869216,40.3720763979299,40.3136590536287,37.5769929857449,34.6893825837254,31.291431096487,26.7855055182642,17.3094358050026,6.34287348496962,2.87589723481316,,,,Mexico,CO2
GEM-E3_V2021,EN_NPi2020_1800,MEX,Emissions|CO2|Energy|Demand|Residential and Commercial,Mt CO2/yr,,,,,,,,,,,,17.6486234035499,,17.0455007575089,,,,,16.9228601645512,16.7143042225752,16.6417742978704,16.5418765720639,16.5645018230193,16.7338360187817,17.0952792556784,17.3580187350234,17.6039015924069,17.3790774325361,17.1879672870741,16.9544694925805,16.4311992119121,15.4065666039367,13.6593368755071,12.2141357435304,,,,Mexico,CO2
GEM-E3_V2021,EN_NPi2020_1800,MEX,Emissions|CO2|Energy|Demand|Residential and Commercial|Commercial,Mt CO2/yr,,,,,,,,,,,,10.1962120682454,,9.82679148847718,,,,,9.97547577418398,9.89974614466393,10.0090156629405,10.2325079615141,10.5132137721992,10.8483504034395,11.2565101008749,11.6419384646224,12.047563765051,12.33604738605,12.6121497289753,12.8731758788259,13.0229041458134,13.1157690435304,12.5209006413707,11.5394018184908,,,,Mexico,CO2
GEM-E3_V2021,EN_NPi2020_1800,MEX,Emissions|CO2|Energy|Demand|Residential and Commercial|Residential,Mt CO2/yr,,,,,,,,,,,,7.45241133530444,,7.21870926903176,,,,,6.94738439036724,6.81455807791133,6.63275863492989,6.30936861054974,6.05128805082006,5.88548561534213,5.83876915480349,5.71608027040095,5.55633782735584,5.04303004648615,4.57581755809872,4.08129361375458,3.40829506609873,2.2907975604063,1.13843623413638,0.674733925039675,,,,Mexico,CO2
GEM-E3_V2021,EN_NPi2020_1800,MEX,Emissions|CO2|Energy|Demand|Transportation,Mt CO2/yr,,,,,,,,,,,,176.262025263368,,181.892979033253,,,,,179.34260864936,180.65129917981,181.417673928192,181.421600080244,180.68585831369,179.07710137222,180.05465221491,173.000462245431,165.945438827456,154.694085130888,143.750103610207,132.649959284722,118.452564153966,107.943853088117,90.7577588664721,73.5345477161624,,,,Mexico,CO2
GEM-E3_V2021,EN_NPi2020_1800,MEX,Emissions|CO2|Energy|Supply,Mt CO2/yr,,,,,,,,,,,,171.736077676511,,196.591848223619,,,,,187.697069639497,189.905444561133,132.485316045727,110.436128270624,98.6227941311741,67.165658809592,67.4195709289521,61.0115401773714,59.7918401449027,57.0718664979003,45.2324555474529,28.7908810236315,14.4936049678054,8.10179496388902,-1.22052569950095,-8.61364744225763,,,,Mexico,CO2
GEM-E3_V2021,EN_NPi2020_1800,MEX,Emissions|CO2|Energy|Supply|Electricity,Mt CO2/yr,,,,,,,,,,,,110.521955797242,,138.636611332569,,,,,125.471608229286,134.356183925632,78.8805036406097,60.2546403203383,48.8553570759444,16.5665910716695,14.5593519966289,5.61086535958814,3.74517756167381,2.83306792279178,-7.45419853638405,-21.6578283564558,-33.0282443548707,-36.4531403251156,-40.565618371617,-43.8282258685343,,,,Mexico,CO2
GEM-E3_V2021,EN_NPi2020_1800,MEX,Emissions|CO2|Energy|Supply|Gases,Mt CO2/yr,,,,,,,,,,,,23.0044497361221,,26.8498083911632,,,,,32.0444984971453,25.0979720603892,22.9048841160908,19.1498356285499,18.4114877504469,18.6156313847854,19.4144394688986,21.4529331652873,21.7342970393272,20.6900239099696,20.0462432721399,18.8894882704951,17.9781230604062,17.4771111438002,17.082368727844,16.9545578625017,,,,Mexico,CO2
GEM-E3_V2021,EN_NPi2020_1800,MEX,Emissions|CO2|Energy|Supply|Liquids,Mt CO2/yr,,,,,,,,,,,,38.2079698514077,,31.1026946971508,,,,,30.1801138814296,30.4492169130948,30.6993701422755,31.0311875364316,31.355531422587,31.9829526381854,33.4453159691274,33.9474218868437,34.3120658544632,33.5485027938727,32.6401601852837,31.5589916139136,29.5435215308887,27.0776461423221,22.262586568808,18.2599125847454,,,,Mexico,CO2
GEM-E3_V2021,EN_NPi2020_1800,MEX,Emissions|CO2|Energy|Supply|Solids,Mt CO2/yr,,,,,,,,,,,,0.0017022917389299,,0.0027338027365521,,,,,0.0008490316363784,0.002071662016368,0.0005581467517043,0.0004647853040397,0.0004178821956852,0.0004837149515796,0.0004634942970442,0.0003197656521979,0.0002996894383788,0.0002718712661909,0.0002506264133061,0.0002294956786015,0.000204731381259,0.0001780028823196,0.0001373754640065,0.0001079790295425,,,,Mexico,CO2
GEM-E3_V2021,EN_NPi2020_1800,MEX,Emissions|CO2|Industrial Processes,Mt CO2/yr,,,,,,,,,,,,67.4538104708083,,84.2721534586513,,,,,89.8162592900047,98.735209650791,103.164438068222,106.020898343654,108.613674503415,111.281141597394,114.886270154315,118.002907817654,120.618455169056,120.932472085325,120.336768670965,118.200860757885,113.270481898856,110.611850982398,105.261026832536,97.4741382403812,,,,Mexico,CO2
GEM-E3_V2021,EN_NPi2020_1800f,MEX,Emissions|CO2|AFOLU,Mt CO2/yr,,,,,,,,,,,,745.604904943388,,683.088349671024,,,,,515.038675295246,346.989120417889,153.7813238342,-39.6340577812976,-96.0664986684734,-152.356782532253,-197.255581368016,-247.781068887844,-313.258956584325,-378.736844280805,-436.639303543158,-494.541762805511,-534.878828154051,-575.21589350259,-589.786140136288,-604.356386769985,,,,Mexico,CO2
GEM-E3_V2021,EN_NPi2020_1800f,MEX,Emissions|CO2|Energy and Industrial Processes,Mt CO2/yr,,,,,,,,,,,,505.779585667611,,555.71929199405,,,,,541.986423616538,549.646237404904,492.323026651884,467.949985756616,453.733745319845,420.499127662699,426.138135926039,416.374551447945,410.578469200726,393.397699531483,366.359191267918,332.489657463272,293.321070033723,261.97427191978,215.602262851367,177.72484177203,,,,Mexico,CO2
GEM-E3_V2021,EN_NPi2020_1800f,MEX,Emissions|CO2|Energy|Demand,Mt CO2/yr,,,,,,,,,,,,266.334594743702,,274.607992202014,,,,,264.24097629193,260.783516417473,256.463769954022,251.29700927752,246.313217184803,241.877118233478,243.662135086073,237.198009616038,230.014500877976,215.256854585463,200.668826327909,185.39231080744,165.471092587665,143.189699206457,111.514463311307,88.8365036356642,,,,Mexico,CO2
GEM-E3_V2021,EN_NPi2020_1800f,MEX,Emissions|CO2|Energy|Demand|AFOFI,Mt CO2/yr,,,,,,,,,,,,9.69970730042637,,9.74640194936053,,,,,9.39224934483435,8.88572628068292,8.34765140275356,7.81946583287101,7.35254624523982,6.95700007927396,6.74541522856237,6.46745223765345,6.15150140448481,5.60669903629367,5.0413728469024,4.49645093364994,3.80182370352265,2.5298437094009,0.754494084358235,0.211922941158205,,,,Mexico,CO2
GEM-E3_V2021,EN_NPi2020_1800f,MEX,Emissions|CO2|Energy|Demand|Industry,Mt CO2/yr,,,,,,,,,,,,62.724238776357,,65.9231104618922,,,,,58.583258133185,54.5321867344044,50.056670325206,45.514066792341,41.7103108028531,39.1091807632019,39.7667883869216,40.3720763979299,40.3136590536287,37.5769929857449,34.6893825837254,31.291431096487,26.7855055182642,17.3094358050026,6.34287348496962,2.87589723481316,,,,Mexico,CO2
GEM-E3_V2021,EN_NPi2020_1800f,MEX,Emissions|CO2|Energy|Demand|Residential and Commercial,Mt CO2/yr,,,,,,,,,,,,17.6486234035499,,17.0455007575089,,,,,16.9228601645512,16.7143042225752,16.6417742978704,16.5418765720639,16.5645018230193,16.7338360187817,17.0952792556784,17.3580187350234,17.6039015924069,17.3790774325361,17.1879672870741,16.9544694925805,16.4311992119121,15.4065666039367,13.6593368755071,12.2141357435304,,,,Mexico,CO2
GEM-E3_V2021,EN_NPi2020_1800f,MEX,Emissions|CO2|Energy|Demand|Residential and Commercial|Commercial,Mt CO2/yr,,,,,,,,,,,,10.1962120682454,,9.82679148847718,,,,,9.97547577418398,9.89974614466393,10.0090156629405,10.2325079615141,10.5132137721992,10.8483504034395,11.2565101008749,11.6419384646224,12.047563765051,12.33604738605,12.6121497289753,12.8731758788259,13.0229041458134,13.1157690435304,12.5209006413707,11.5394018184908,,,,Mexico,CO2
GEM-E3_V2021,EN_NPi2020_1800f,MEX,Emissions|CO2|Energy|Demand|Residential and Commercial|Residential,Mt CO2/yr,,,,,,,,,,,,7.45241133530444,,7.21870926903176,,,,,6.94738439036724,6.81455807791133,6.63275863492989,6.30936861054974,6.05128805082006,5.88548561534213,5.83876915480349,5.71608027040095,5.55633782735584,5.04303004648615,4.57581755809872,4.08129361375458,3.40829506609873,2.2907975604063,1.13843623413638,0.674733925039675,,,,Mexico,CO2
GEM-E3_V2021,EN_NPi2020_1800f,MEX,Emissions|CO2|Energy|Demand|Transportation,Mt CO2/yr,,,,,,,,,,,,176.262025263368,,181.892979033253,,,,,179.34260864936,180.65129917981,181.417673928192,181.421600080244,180.68585831369,179.07710137222,180.05465221491,173.000462245431,165.945438827456,154.694085130888,143.750103610207,132.649959284722,118.452564153966,107.943853088117,90.7577588664721,73.5345477161624,,,,Mexico,CO2
GEM-E3_V2021,EN_NPi2020_1800f,MEX,Emissions|CO2|Energy|Supply,Mt CO2/yr,,,,,,,,,,,,171.736077676511,,196.591848223619,,,,,187.697069639497,189.905444561133,132.485316045727,110.436128270624,98.6227941311741,67.165658809592,67.4195709289521,61.0115401773714,59.7918401449027,57.0718664979003,45.2324555474529,28.7908810236315,14.4936049678054,8.10179496388902,-1.22052569950095,-8.61364744225763,,,,Mexico,CO2
GEM-E3_V2021,EN_NPi2020_1800f,MEX,Emissions|CO2|Energy|Supply|Electricity,Mt CO2/yr,,,,,,,,,,,,110.521955797242,,138.636611332569,,,,,125.471608229286,134.356183925632,78.8805036406097,60.2546403203383,48.8553570759444,16.5665910716695,14.5593519966289,5.61086535958814,3.74517756167381,2.83306792279178,-7.45419853638405,-21.6578283564558,-33.0282443548707,-36.4531403251156,-40.565618371617,-43.8282258685343,,,,Mexico,CO2
GEM-E3_V2021,EN_NPi2020_1800f,MEX,Emissions|CO2|Energy|Supply|Gases,Mt CO2/yr,,,,,,,,,,,,23.0044497361221,,26.8498083911632,,,,,32.0444984971453,25.0979720603892,22.9048841160908,19.1498356285499,18.4114877504469,18.6156313847854,19.4144394688986,21.4529331652873,21.7342970393272,20.6900239099696,20.0462432721399,18.8894882704951,17.9781230604062,17.4771111438002,17.082368727844,16.9545578625017,,,,Mexico,CO2
GEM-E3_V2021,EN_NPi2020_1800f,MEX,Emissions|CO2|Energy|Supply|Liquids,Mt CO2/yr,,,,,,,,,,,,38.2079698514077,,31.1026946971508,,,,,30.1801138814296,30.4492169130948,30.6993701422755,31.0311875364316,31.355531422587,31.9829526381854,33.4453159691274,33.9474218868437,34.3120658544632,33.5485027938727,32.6401601852837,31.5589916139136,29.5435215308887,27.0776461423221,22.262586568808,18.2599125847454,,,,Mexico,CO2
GEM-E3_V2021,EN_NPi2020_1800f,MEX,Emissions|CO2|Energy|Supply|Solids,Mt CO2/yr,,,,,,,,,,,,0.0017022917389299,,0.0027338027365521,,,,,0.0008490316363784,0.002071662016368,0.0005581467517043,0.0004647853040397,0.0004178821956852,0.0004837149515796,0.0004634942970442,0.0003197656521979,0.0002996894383788,0.0002718712661909,0.0002506264133061,0.0002294956786015,0.000204731381259,0.0001780028823196,0.0001373754640065,0.0001079790295425,,,,Mexico,CO2
GEM-E3_V2021,EN_NPi2020_1800f,MEX,Emissions|CO2|Industrial Processes,Mt CO2/yr,,,,,,,,,,,,67.4538104708083,,84.2721534586513,,,,,89.8162592900047,98.735209650791,103.164438068222,106.020898343654,108.613674503415,111.281141597394,114.886270154315,118.002907817654,120.618455169056,120.932472085325,120.336768670965,118.200860757885,113.270481898856,110.611850982398,105.261026832536,97.4741382403812,,,,Mexico,CO2
GEM-E3_V2021,EN_NPi2020_400f,MEX,Emissions|CO2|AFOLU,Mt CO2/yr,,,,,,,,,,,,745.604904943388,,683.088349671024,,,,,354.498520732652,25.9088112927014,-58.229549395753,-142.367790585785,-194.65623695248,-246.944802817596,-306.329827971563,-362.711411741412,-412.614125091673,-462.516838441933,-510.49026951371,-558.463700585486,-614.898126763649,-671.332552941811,-690.492361627995,-709.652170314179,,,,Mexico,CO2
GEM-E3_V2021,EN_NPi2020_400f,MEX,Emissions|CO2|Energy and Industrial Processes,Mt CO2/yr,,,,,,,,,,,,505.779585667611,,555.719291520877,,,,,500.04091674854,457.354851124301,366.251713559874,293.602338454088,209.985926019815,138.786506819175,102.454773392387,68.4964660349144,42.2313850692689,17.0005448535919,-5.84748594113215,-27.282355472306,-46.5461971217028,-62.4056455642654,-73.976665111025,-81.5800221501897,,,,Mexico,CO2
GEM-E3_V2021,EN_NPi2020_400f,MEX,Emissions|CO2|Energy|Demand,Mt CO2/yr,,,,,,,,,,,,266.334594743702,,274.607991997919,,,,,247.042558888644,233.20262463267,210.432105708657,171.919519300068,117.657736203522,77.5251431120584,59.3772793479597,44.6583551951763,35.475560277142,28.9782465364442,25.1261865371085,22.6414731829141,20.7433670842812,19.2979052307044,18.2098764267632,17.5374461624368,,,,Mexico,CO2
GEM-E3_V2021,EN_NPi2020_400f,MEX,Emissions|CO2|Energy|Demand|AFOFI,Mt CO2/yr,,,,,,,,,,,,9.69970730042637,,9.74640189604994,,,,,8.67809460069407,7.77118130435225,6.62045668537142,5.07744758358616,1.95892678689696,0.271461321406541,0.0868773792190955,0.0363120914846338,0.0193751583365356,0.0114193084722821,0.0081611706746141,0.0063571059912483,0.005043750912478,0.0040349414030105,0.0032483605016612,0.0026618119377745,,,,Mexico,CO2
GEM-E3_V2021,EN_NPi2020_400f,MEX,Emissions|CO2|Energy|Demand|Industry,Mt CO2/yr,,,,,,,,,,,,62.724238776357,,65.9231103888483,,,,,49.8649645565197,42.501631054217,33.3414939805613,23.039953756508,8.06457948427592,2.25153310610344,1.33767037141508,0.926687650947164,0.718031942542409,0.578425068379246,0.503406025557518,0.450745428668409,0.406534036233624,0.36813297346401,0.334752661312997,0.307519158718993,,,,Mexico,CO2
GEM-E3_V2021,EN_NPi2020_400f,MEX,Emissions|CO2|Energy|Demand|Residential and Commercial,Mt CO2/yr,,,,,,,,,,,,17.6486234035499,,17.0455007749966,,,,,15.6641385133828,14.7220482592469,13.5018978215168,11.8209641661757,9.30109555291762,7.45655079653738,6.52198523530595,5.78394983199598,5.29917365965512,4.8953541523788,4.6737493871342,4.54078742630489,4.41522592503587,4.3009586476149,4.20146960073221,4.14631526915667,,,,Mexico,CO2
GEM-E3_V2021,EN_NPi2020_400f,MEX,Emissions|CO2|Energy|Demand|Residential and Commercial|Commercial,Mt CO2/yr,,,,,,,,,,,,10.1962120682454,,9.82679150636568,,,,,9.68556889331138,9.37683494561694,9.11854555667895,8.77492102517728,8.09063771555746,6.96342917695919,6.19213202131927,5.53240309771866,5.08535683026381,4.70570220485832,4.49543965947043,4.3695800381574,4.25000797256727,4.14096720241096,4.04604696804665,3.99450599206747,,,,Mexico,CO2
GEM-E3_V2021,EN_NPi2020_400f,MEX,Emissions|CO2|Energy|Demand|Residential and Commercial|Residential,Mt CO2/yr,,,,,,,,,,,,7.45241133530444,,7.21870926863092,,,,,5.97856962007145,5.34521331363,4.38335226483793,3.0460431409985,1.21045783736016,0.493121619578192,0.329853213986682,0.251546734277325,0.213816829391305,0.189651947520481,0.178309727663762,0.171207388147483,0.165217952468597,0.159991445203941,0.155422632685563,0.151809277089202,,,,Mexico,CO2
GEM-E3_V2021,EN_NPi2020_400f,MEX,Emissions|CO2|Energy|Demand|Transportation,Mt CO2/yr,,,,,,,,,,,,176.262025263368,,181.892978938024,,,,,172.835361218047,168.207764014853,156.968257221208,131.981153793798,98.3331343794321,67.5455978880111,51.4307463620195,37.9114056207485,29.4389795166079,23.4930480072139,19.9408699537422,17.6435832219496,15.9165633720992,14.6247786682225,13.6704058042163,13.0809499226233,,,,Mexico,CO2
GEM-E3_V2021,EN_NPi2020_400f,MEX,Emissions|CO2|Energy|Supply,Mt CO2/yr,,,,,,,,,,,,171.736077676511,,196.591848052354,,,,,166.514616021436,131.823906239121,63.8629942661226,34.8445819337731,10.8281361798278,-14.2924833224015,-28.9407349119332,-45.078046510794,-60.2090754269062,-77.0773343693923,-94.7581960811123,-112.211770763279,-127.595383917369,-140.414627237429,-149.299162007484,-154.711365688089,,,,Mexico,CO2
GEM-E3_V2021,EN_NPi2020_400f,MEX,Emissions|CO2|Energy|Supply|Electricity,Mt CO2/yr,,,,,,,,,,,,110.521955797242,,138.636611189663,,,,,111.018220013368,83.3504407547383,23.0500700500009,2.31651775120987,-13.4809111640724,-31.67359212462,-43.7145586104909,-58.9039929170146,-73.0170810276292,-89.0613311286389,-106.650194189194,-124.096172694419,-140.078547555238,-153.347768050333,-163.031792658102,-169.211518107484,,,,Mexico,CO2
GEM-E3_V2021,EN_NPi2020_400f,MEX,Emissions|CO2|Energy|Supply|Gases,Mt CO2/yr,,,,,,,,,,,,23.0044497361221,,26.8498083771539,,,,,27.3135092474982,21.3078088548726,15.6214397374973,11.0112136832926,8.35811670908636,6.27648410130732,5.72708171569814,6.37767490248489,6.29967004833558,6.11763374287608,6.34712821514277,6.48989545884808,7.16222424540491,7.62386405700125,8.38309565816243,9.04259361257089,,,,Mexico,CO2
GEM-E3_V2021,EN_NPi2020_400f,MEX,Emissions|CO2|Energy|Supply|Liquids,Mt CO2/yr,,,,,,,,,,,,38.2079698514077,,31.1026946828023,,,,,28.1823706524889,27.1653439861746,25.1912485414826,21.5166805619799,15.9508216841644,11.1045553845425,9.04668900767612,7.44823094564564,6.50830241461209,5.866335002629,5.54484461229984,5.39448273442403,5.32091669735605,5.30925468681439,5.34951309901549,5.45753680290683,,,,Mexico,CO2
GEM-E3_V2021,EN_NPi2020_400f,MEX,Emissions|CO2|Energy|Supply|Solids,Mt CO2/yr,,,,,,,,,,,,0.0017022917389299,,0.0027338027339468,,,,,0.0005161080805058,0.0003126433354794,0.0002359371417339,0.0001699372907298,0.0001089506494767,6.93163686328527e-05,5.29751833799067e-05,4.05580901158497e-05,3.31377753448716e-05,2.8013741495717e-05,2.52806394467322e-05,2.37378673344126e-05,2.26951071010209e-05,2.20690877834721e-05,2.18934406589536e-05,2.20039168934087e-05,,,,Mexico,CO2
GEM-E3_V2021,EN_NPi2020_400f,MEX,Emissions|CO2|Industrial Processes,Mt CO2/yr,,,,,,,,,,,,67.4538104708083,,84.2721533609833,,,,,86.2799805281347,92.1503192367647,91.8156975725904,86.7440957358217,81.4481067730162,75.5301986017421,72.004977760766,68.9080739822741,66.9592811541781,65.0955267454656,63.7811688709685,62.2850574245655,60.3033119320976,58.708877358214,57.1106756663377,55.5921449068505,,,,Mexico,CO2
GEM-E3_V2021,EN_NPi2020_500,MEX,Emissions|CO2|AFOLU,Mt CO2/yr,,,,,,,,,,,,745.604904943388,,683.088349671024,,,,,325.939114949383,-31.210119772258,-101.834642953418,-172.459166134578,-230.159467737621,-285.922181955631,-331.029325432224,-373.170354279737,-404.57731148746,-435.984268695183,-482.145763178151,-528.307257661119,-565.243923407858,-602.180589154597,-608.700852297664,-615.221115440731,,,,Mexico,CO2
GEM-E3_V2021,EN_NPi2020_500,MEX,Emissions|CO2|Energy and Industrial Processes,Mt CO2/yr,,,,,,,,,,,,505.779585667611,,555.71929212707,,,,,463.618974494089,362.603289668881,209.763775362891,125.332832800803,65.0569374373717,92.3997597170682,102.805677443187,109.781570809146,111.17748239701,115.866055106114,129.122453567387,133.392390191927,122.902927303247,117.066218510755,83.2092685534802,88.1577235758574,,,,Mexico,CO2
GEM-E3_V2021,EN_NPi2020_500,MEX,Emissions|CO2|Energy|Demand,Mt CO2/yr,,,,,,,,,,,,266.334594743702,,274.607992236751,,,,,232.240958155726,193.246284993,116.176551401692,63.0415125242679,27.7665235522418,45.9737276883105,53.7313143649262,58.5173753502011,59.8571124196268,66.792645271025,76.9199380250727,82.1711184331654,86.230518185411,88.0940686145069,94.5165566956209,100.202895200386,,,,Mexico,CO2
GEM-E3_V2021,EN_NPi2020_500,MEX,Emissions|CO2|Energy|Demand|AFOFI,Mt CO2/yr,,,,,,,,,,,,9.69970730042637,,9.74640192476827,,,,,8.06609926034913,6.11815436174574,2.3516023608969,0.235123422031359,0.0106639288699389,0.0455696538700554,0.0878132740656974,0.14974760571351,0.176900519986191,0.283038687136717,0.479272860987584,0.555694365698245,0.597509340938838,0.54864768908463,0.661913732466972,0.682485495785841,,,,Mexico,CO2
GEM-E3_V2021,EN_NPi2020_500,MEX,Emissions|CO2|Energy|Demand|Industry,Mt CO2/yr,,,,,,,,,,,,62.724238776357,,65.9231105116853,,,,,43.6349908518174,29.5881191081378,9.61798501454521,1.85624326902386,0.430984722069816,0.957679850060158,1.35244564816253,1.8315942848945,2.07295303829524,2.7679886750651,3.93157979095696,4.45554213426549,4.83212496469737,4.74181719108545,5.58816115375736,5.99839320906147,,,,Mexico,CO2
GEM-E3_V2021,EN_NPi2020_500,MEX,Emissions|CO2|Energy|Demand|Residential and Commercial,Mt CO2/yr,,,,,,,,,,,,17.6486234035499,,17.045500750287,,,,,14.6587326725189,12.220010193136,8.59186570267902,6.06905703100872,3.52229467259309,5.5907485900473,6.53355715192664,7.39430392062822,7.94364959238535,8.89352966123875,10.0383270999967,10.7995395198339,11.4558752207562,11.9383019027295,12.7713833112863,13.5693746212179,,,,Mexico,CO2
GEM-E3_V2021,EN_NPi2020_500,MEX,Emissions|CO2|Energy|Demand|Residential and Commercial|Commercial,Mt CO2/yr,,,,,,,,,,,,10.1962120682454,,9.82679148085153,,,,,9.43812610053639,8.6652426281583,7.43191773662017,5.73509728542898,3.38211329150888,5.33957404956938,6.19945180509234,6.96662499777171,7.46705318123151,8.29262878150405,9.25169933183355,9.9263078168543,10.5221841787986,11.0086960559343,11.7264546772065,12.4677413966635,,,,Mexico,CO2
GEM-E3_V2021,EN_NPi2020_500,MEX,Emissions|CO2|Energy|Demand|Residential and Commercial|Residential,Mt CO2/yr,,,,,,,,,,,,7.45241133530444,,7.21870926943548,,,,,5.2206065719826,3.55476756497777,1.15994796605884,0.333959745579739,0.140181381084207,0.251174540477915,0.334105346834294,0.427678922856514,0.476596411153838,0.600900879734701,0.786627768163209,0.873231702979674,0.933691041957637,0.929605846795224,1.04492863407982,1.10163322455443,,,,Mexico,CO2
GEM-E3_V2021,EN_NPi2020_500,MEX,Emissions|CO2|Energy|Demand|Transportation,Mt CO2/yr,,,,,,,,,,,,176.262025263368,,181.89297905001,,,,,165.88113537104,145.32000132998,95.6150983235716,54.881088802204,23.8025802287089,39.379729594333,45.7574982907714,49.1417295389648,49.66360926896,54.8480882475844,62.4707582731314,66.3603424133676,69.3450086590185,70.8653018316073,75.4950984981102,79.9526418743208,,,,Mexico,CO2
GEM-E3_V2021,EN_NPi2020_500,MEX,Emissions|CO2|Energy|Supply,Mt CO2/yr,,,,,,,,,,,,171.736077676511,,196.591848299148,,,,,148.44184218243,86.3662473299932,19.907132086421,-3.23346134063641,-16.6429156640504,-19.3917717247962,-23.0621566368442,-26.522889699063,-30.0557311268168,-37.7135666333048,-40.294958180822,-44.0753660491755,-59.4561617760668,-67.8383236389895,-108.927712574206,-111.118298188773,,,,Mexico,CO2
GEM-E3_V2021,EN_NPi2020_500,MEX,Emissions|CO2|Energy|Supply|Electricity,Mt CO2/yr,,,,,,,,,,,,110.521955797242,,138.636611405558,,,,,98.478033338916,50.8697652784842,-2.54678968243518,-17.5823263059167,-26.5765232956125,-31.8295587200094,-37.4474407727762,-43.6928356673449,-48.8339559766304,-58.599997939436,-64.5341511487709,-70.2110925956056,-87.6397006764342,-97.5227184139924,-140.42481283158,-145.266036637196,,,,Mexico,CO2
GEM-E3_V2021,EN_NPi2020_500,MEX,Emissions|CO2|Energy|Supply|Gases,Mt CO2/yr,,,,,,,,,,,,23.0044497361221,,26.8498084002666,,,,,23.5246849246689,13.057564228814,7.69108132541998,5.50950942771595,4.9653501120558,5.39898594972744,6.00742281822945,7.63832210393271,8.56363040095485,9.03379213192182,10.1531090440525,10.6242622587845,11.4538016574346,12.1485011792374,12.3053909892636,13.4155207972309,,,,Mexico,CO2
GEM-E3_V2021,EN_NPi2020_500,MEX,Emissions|CO2|Energy|Supply|Liquids,Mt CO2/yr,,,,,,,,,,,,38.2079698514077,,31.1026946905855,,,,,26.4387585645812,22.4387127193746,14.7627372227654,8.83930266376451,4.96823483978324,7.0387615812666,8.37781276977959,9.53156794163588,10.2145347361278,11.8525689921551,14.0859988891819,15.511370223018,16.7296351878092,17.5357864993971,19.1915900202126,20.7320879064906,,,,Mexico,CO2
GEM-E3_V2021,EN_NPi2020_500,MEX,Emissions|CO2|Energy|Supply|Solids,Mt CO2/yr,,,,,,,,,,,,0.0017022917389299,,0.0027338027381632,,,,,0.0003653542646015,0.0002051033203306,0.0001032206708018,5.28737999009389e-05,2.26797230224436e-05,3.94642191050712e-05,4.85479229126697e-05,5.59227133297333e-05,5.97127308949237e-05,7.01820541797846e-05,8.50347145199568e-05,9.4064627563364e-05,0.0001020551234214,0.000107096368298,0.0001192478980972,0.0001297447014085,,,,Mexico,CO2
GEM-E3_V2021,EN_NPi2020_500,MEX,Emissions|CO2|Industrial Processes,Mt CO2/yr,,,,,,,,,,,,67.4538104708083,,84.2721534813554,,,,,82.7561790002056,82.8719336703393,73.6334849611436,65.5105350205286,53.9306901581971,65.808926531825,72.1231817871892,77.7689124568576,81.3557323284904,86.7606374514454,92.4629436089662,95.2588929516253,96.0890933781869,96.7717436261085,97.5785553459093,99.0298150987299,,,,Mexico,CO2
GEM-E3_V2021,EN_NPi2020_500f,MEX,Emissions|CO2|AFOLU,Mt CO2/yr,,,,,,,,,,,,745.604904943388,,683.088349671024,,,,,354.498520732652,27.3998065302886,-55.8201425994244,-139.45993524272,-191.797666433258,-244.261990072402,-303.352626847829,-361.309114661547,-412.698027317709,-464.086939973871,-511.553281569494,-559.019623165116,-615.408257740945,-671.796892316775,-690.006470987228,-708.216049657681,,,,Mexico,CO2
GEM-E3_V2021,EN_NPi2020_500f,MEX,Emissions|CO2|Energy and Industrial Processes,Mt CO2/yr,,,,,,,,,,,,505.779585667611,,555.719291520877,,,,,507.864323931128,471.990755993601,409.293182956766,311.747202877436,246.322397750884,178.083800607287,134.226831822269,93.5392068003252,59.5717058352062,35.1460504584062,8.16743767310497,-17.5477530908999,-37.7202611022139,-54.1153138671518,-65.794581817514,-73.827680045375,,,,Mexico,CO2
GEM-E3_V2021,EN_NPi2020_500f,MEX,Emissions|CO2|Energy|Demand,Mt CO2/yr,,,,,,,,,,,,266.334594743702,,274.607991997919,,,,,251.073197926633,238.882330922538,222.347091078834,182.969204067226,143.093125686828,100.925500829377,75.4852830576232,58.3597737664866,43.980701906897,37.2661879106658,31.0855574588882,26.7109167776409,24.3934627238428,22.7468561661999,21.5223689168996,20.7815140067927,,,,Mexico,CO2
GEM-E3_V2021,EN_NPi2020_500f,MEX,Emissions|CO2|Energy|Demand|AFOFI,Mt CO2/yr,,,,,,,,,,,,9.69970730042637,,9.74640189604994,,,,,8.84828409715193,8.00384279555237,7.07092481269051,5.45353145512989,3.70383714323539,0.882700553772962,0.226047830094785,0.0942723301470824,0.0373365736613476,0.0238182108055227,0.0143282104539674,0.0093764684200851,0.0073471982408065,0.0059076642944223,0.0047964240773835,0.0039487977179208,,,,Mexico,CO2
GEM-E3_V2021,EN_NPi2020_500f,MEX,Emissions|CO2|Energy|Demand|Industry,Mt CO2/yr,,,,,,,,,,,,62.724238776357,,65.9231103888483,,,,,51.7733437557625,44.7304940918801,37.0338121434787,25.358295830733,15.4548871430229,4.48928909990415,2.15026083117064,1.45182942110462,0.970383792738293,0.808585097666513,0.650441528337537,0.538437728705179,0.482524793522502,0.437872049226446,0.399372429810603,0.367530227804115,,,,Mexico,CO2
GEM-E3_V2021,EN_NPi2020_500f,MEX,Emissions|CO2|Energy|Demand|Residential and Commercial,Mt CO2/yr,,,,,,,,,,,,17.6486234035499,,17.0455007749966,,,,,15.9539603042702,15.1218848046691,14.2414118884756,12.3815953647274,10.7755027166175,8.76966287207308,7.5826963129817,6.87832240584796,6.08124824070663,5.79073312028952,5.37765495606679,5.04616274390257,4.914264665766,4.81673542509921,4.73410530491039,4.69801434145229,,,,Mexico,CO2
GEM-E3_V2021,EN_NPi2020_500f,MEX,Emissions|CO2|Energy|Demand|Residential and Commercial|Commercial,Mt CO2/yr,,,,,,,,,,,,10.1962120682454,,9.82679150636568,,,,,9.75450324173733,9.48839792101905,9.33466276587739,8.98226967099598,8.64591069086243,7.92748663217935,7.1015912054523,6.52419305160383,5.81764157642659,5.55583166551469,5.17054482594745,4.85767262906785,4.73388822082664,4.64267337037222,4.56548253706337,4.53375524981301,,,,Mexico,CO2
GEM-E3_V2021,EN_NPi2020_500f,MEX,Emissions|CO2|Energy|Demand|Residential and Commercial|Residential,Mt CO2/yr,,,,,,,,,,,,7.45241133530444,,7.21870926863092,,,,,6.19945706253287,5.63348688365006,4.90674912259824,3.39932569373144,2.12959202575514,0.842176239893736,0.481105107529401,0.354129354244132,0.263606664280045,0.234901454774829,0.207110130119337,0.188490114834714,0.180376444939353,0.174062054726989,0.168622767847018,0.164259091639283,,,,Mexico,CO2
GEM-E3_V2021,EN_NPi2020_500f,MEX,Emissions|CO2|Energy|Demand|Transportation,Mt CO2/yr,,,,,,,,,,,,176.262025263368,,181.892978938024,,,,,174.497609769449,171.026109230436,164.000942234189,139.775781416636,113.158898683952,86.7838483036269,65.5262780833761,49.9353496093869,36.8917332997908,30.6430514819042,25.0431327640299,21.1169398366131,18.9893260663135,17.4863410275798,16.3840947581012,15.7120206398184,,,,Mexico,CO2
GEM-E3_V2021,EN_NPi2020_500f,MEX,Emissions|CO2|Energy|Supply,Mt CO2/yr,,,,,,,,,,,,171.736077676511,,196.591848052354,,,,,169.41105123452,139.377582993025,91.9774640793882,39.3791932879249,18.3888144766104,-4.7836991765725,-18.9873272453349,-39.7339171832254,-55.5761237242677,-72.0539312409597,-90.4720905668529,-109.274029696408,-125.071473395733,-138.244586944291,-147.163202912073,-152.990994710587,,,,Mexico,CO2
GEM-E3_V2021,EN_NPi2020_500f,MEX,Emissions|CO2|Energy|Supply|Electricity,Mt CO2/yr,,,,,,,,,,,,110.521955797242,,138.636611189663,,,,,112.540694278412,88.779519513085,49.9380000836901,4.54794339189316,-10.4352761218848,-26.5782591511969,-37.2803906248968,-55.994145545623,-70.2977729211692,-85.9396392786897,-103.843433582944,-121.979545339091,-138.29489308194,-151.892908428038,-161.865978753172,-168.31846524693,,,,Mexico,CO2
GEM-E3_V2021,EN_NPi2020_500f,MEX,Emissions|CO2|Energy|Supply|Gases,Mt CO2/yr,,,,,,,,,,,,23.0044497361221,,26.8498083771539,,,,,28.2105895488483,22.7350481432036,15.4143057354299,12.0339163049258,9.90335616950974,7.4890581062753,7.03488606271427,6.92806654103916,7.05350376887351,6.87067089132602,6.98320054241515,6.71497054525312,7.35002031127957,7.80021959944842,8.81914597478268,9.33559834988321,,,,Mexico,CO2
GEM-E3_V2021,EN_NPi2020_500f,MEX,Emissions|CO2|Energy|Supply|Liquids,Mt CO2/yr,,,,,,,,,,,,38.2079698514077,,31.1026946828023,,,,,28.6592037975773,27.8626606230407,26.6248936965357,22.7971484234716,18.9205985034363,14.3054083347199,11.2581081322439,9.33210765165232,7.66810400176683,7.01500095728419,6.38811128765765,5.99051728001703,5.87337292566192,5.84807612552098,5.88360435078644,5.99184654247742,,,,Mexico,CO2
GEM-E3_V2021,EN_NPi2020_500f,MEX,Emissions|CO2|Energy|Supply|Solids,Mt CO2/yr,,,,,,,,,,,,0.0017022917389299,,0.0027338027339468,,,,,0.0005636096828382,0.0003547136961002,0.0002645637323829,0.0001851676342998,0.0001359255492152,9.35336291616151e-05,6.91846037298922e-05,5.41697061073057e-05,4.14262611478242e-05,3.61891198171549e-05,3.11860192529496e-05,2.78174127964159e-05,2.64492654676941e-05,2.57587776701692e-05,2.55155294973072e-05,2.56439828406485e-05,,,,Mexico,CO2
GEM-E3_V2021,EN_NPi2020_500f,MEX,Emissions|CO2|Industrial Processes,Mt CO2/yr,,,,,,,,,,,,67.4538104708083,,84.2721533609833,,,,,87.1696250368539,93.5437771836212,94.8109846904284,89.2930608842051,84.770933175931,81.900927518473,77.7066727606175,74.8992325536221,71.1586932735859,69.9272576185831,67.5491494540235,65.0116355170557,62.9545399332066,61.3795954742485,59.8437494126789,58.3795415760226,,,,Mexico,CO2
GEM-E3_V2021,EN_NPi2020_600,MEX,Emissions|CO2|AFOLU,Mt CO2/yr,,,,,,,,,,,,745.604904943388,,683.088349671024,,,,,350.67564672572,18.262943780417,-62.7116961949147,-143.686216671824,-199.88238092482,-255.898374436188,-306.04140447147,-355.409045557911,-391.814136655401,-428.219227752891,-478.437747923091,-528.656268093291,-562.608776870391,-596.561285647491,-603.91558273127,-611.26987981505,,,,Mexico,CO2
GEM-E3_V2021,EN_NPi2020_600,MEX,Emissions|CO2|Energy and Industrial Processes,Mt CO2/yr,,,,,,,,,,,,505.779585667611,,555.71929212707,,,,,481.889906454362,410.257289651284,271.550451289229,187.186137594005,136.16361224355,98.271909975748,90.3598711665559,97.1325474708486,100.190926470682,108.314777033831,128.730654868808,136.739227050089,145.524670103419,145.079250825697,143.207274849986,123.070031645549,,,,Mexico,CO2
GEM-E3_V2021,EN_NPi2020_600,MEX,Emissions|CO2|Energy|Demand,Mt CO2/yr,,,,,,,,,,,,266.334594743702,,274.607992236751,,,,,240.861446668259,218.88844932623,155.99534753831,102.768776724697,70.0971936281439,48.4265832248629,45.0201965629833,48.6345984333924,50.1638426195917,54.4393748352834,65.5141158461029,70.5762234493067,75.276390972253,78.8710807250948,80.9861762790223,79.3065729986925,,,,Mexico,CO2
GEM-E3_V2021,EN_NPi2020_600,MEX,Emissions|CO2|Energy|Demand|AFOFI,Mt CO2/yr,,,,,,,,,,,,9.69970730042637,,9.74640192476827,,,,,8.43537030295434,7.16761420581347,4.5673196346775,1.442726646514,0.258246345246782,0.0434725161805237,0.035430308300659,0.0603873016178847,0.0781274846041879,0.112863026906991,0.235063260881887,0.28632558250896,0.318668687602065,0.326814453089912,0.298106533974194,0.220374339317193,,,,Mexico,CO2
GEM-E3_V2021,EN_NPi2020_600,MEX,Emissions|CO2|Energy|Demand|Industry,Mt CO2/yr,,,,,,,,,,,,62.724238776357,,65.9231105116853,,,,,47.1535919442739,37.3284126982848,20.1729500383086,6.21308570723447,2.07413064122059,0.936980314723337,0.89130048001222,1.18768291877252,1.39128234139089,1.72250783547237,2.61359388054376,2.99231497895078,3.28258865190502,3.43660530461008,3.35510086246815,2.86861006063858,,,,Mexico,CO2
GEM-E3_V2021,EN_NPi2020_600,MEX,Emissions|CO2|Energy|Demand|Residential and Commercial,Mt CO2/yr,,,,,,,,,,,,17.6486234035499,,17.045500750287,,,,,15.2653205165739,13.7468558621585,10.6972613368176,8.18686157848468,6.74160411783513,5.53981020679714,5.57601625577248,6.41385703598387,7.0236419741288,7.83219919400005,9.1690900507091,9.94147806776093,10.6554981556508,11.2666034939874,11.7468878485163,11.8621079412426,,,,Mexico,CO2
GEM-E3_V2021,EN_NPi2020_600,MEX,Emissions|CO2|Energy|Demand|Residential and Commercial|Commercial,Mt CO2/yr,,,,,,,,,,,,10.1962120682454,,9.82679148085153,,,,,9.59237470662506,9.1094364723959,8.24862541360631,7.30734036001855,6.32926777917943,5.29306593705026,5.33362811912459,6.10996433637207,6.67548443713544,7.41496203171293,8.58498633607367,9.28329145473192,9.94039988011894,10.5191027034371,11.0036690494186,11.1895126564109,,,,Mexico,CO2
GEM-E3_V2021,EN_NPi2020_600,MEX,Emissions|CO2|Energy|Demand|Residential and Commercial|Residential,Mt CO2/yr,,,,,,,,,,,,7.45241133530444,,7.21870926943548,,,,,5.67294580994891,4.63741938976264,2.44863592321131,0.879521218466133,0.412336338655694,0.246744269746876,0.242388136647885,0.303892699611803,0.348157536993358,0.417237162287116,0.584103714635429,0.658186613029007,0.715098275531864,0.747500790550336,0.743218799097659,0.672595284831725,,,,Mexico,CO2
GEM-E3_V2021,EN_NPi2020_600,MEX,Emissions|CO2|Energy|Demand|Transportation,Mt CO2/yr,,,,,,,,,,,,176.262025263368,,181.89297905001,,,,,170.007163904457,160.645566559973,120.557816528507,86.9261027924643,61.0232125238414,41.9063201871619,38.517449518898,40.9726711770182,41.6707908194678,44.771804778904,53.4963686539682,57.356104820086,61.0196354770951,63.8410574734073,65.5860810340636,64.3554806574941,,,,Mexico,CO2
GEM-E3_V2021,EN_NPi2020_600,MEX,Emissions|CO2|Energy|Supply,Mt CO2/yr,,,,,,,,,,,,171.736077676511,,196.591848299148,,,,,156.220613564065,102.354051245703,36.2757261781186,9.05614512768035,-4.76777968177311,-15.4558023649125,-21.5361501798206,-24.0299688373846,-26.5703077197528,-27.696550547225,-25.7607633616785,-25.9366242529354,-23.7464670037054,-29.1570845145919,-33.6765121345744,-50.1803547903929,,,,Mexico,CO2
GEM-E3_V2021,EN_NPi2020_600,MEX,Emissions|CO2|Energy|Supply|Electricity,Mt CO2/yr,,,,,,,,,,,,110.521955797242,,138.636611405558,,,,,103.369482666517,60.2647470346926,6.72785498139765,-12.5275856870829,-21.639030157855,-29.3817925671813,-35.6404338939819,-40.1906816920217,-44.2058966367696,-46.9515116200304,-48.2612716371196,-50.6463717347718,-50.8843596707875,-58.4054647494011,-64.8512555653111,-82.0241000941131,,,,Mexico,CO2
GEM-E3_V2021,EN_NPi2020_600,MEX,Emissions|CO2|Energy|Supply|Gases,Mt CO2/yr,,,,,,,,,,,,23.0044497361221,,26.8498084002666,,,,,25.4084163359786,16.6532143970977,10.5558662100133,7.87764623096354,6.98634053236324,6.60136524560017,6.9209991949103,8.14869903540368,9.00025744946238,9.52348830811468,10.4195201533659,11.2765259754423,12.3977248970405,13.4030718610635,14.5361891611535,15.2112062156773,,,,Mexico,CO2
GEM-E3_V2021,EN_NPi2020_600,MEX,Emissions|CO2|Energy|Supply|Liquids,Mt CO2/yr,,,,,,,,,,,,38.2079698514077,,31.1026946905855,,,,,27.4422758453318,25.4358251670759,18.9918572980883,13.7059927896366,9.88484927553584,7.3245837712229,7.18324507246922,8.01196889459839,8.63528286881894,9.73141751888154,12.0809174257879,13.4331424374237,14.7400805611462,15.8452142581378,16.6384552880783,16.6324405838122,,,,Mexico,CO2
GEM-E3_V2021,EN_NPi2020_600,MEX,Emissions|CO2|Energy|Supply|Solids,Mt CO2/yr,,,,,,,,,,,,0.0017022917389299,,0.0027338027381632,,,,,0.0004387162376956,0.0002646468369143,0.0001476886193215,9.17941631693685e-05,6.06681828701178e-05,4.11854456570198e-05,3.94467818329721e-05,4.4924635062843e-05,4.85987354669588e-05,5.52458092626042e-05,7.06962871254524e-05,7.90689702484849e-05,8.72088952686127e-05,9.41156077703058e-05,9.89815047683559e-05,9.8504230646874e-05,,,,Mexico,CO2
GEM-E3_V2021,EN_NPi2020_600,MEX,Emissions|CO2|Industrial Processes,Mt CO2/yr,,,,,,,,,,,,67.4538104708083,,84.2721534813554,,,,,84.6135039895396,88.8596775665454,79.2024244804108,75.3217841872086,70.8153738475449,65.2924310141671,66.8678814486091,72.5167806058516,76.5841100191228,81.5551660667244,88.952114383743,92.0712085520794,93.9640372600954,95.3335947169452,95.8666563175406,93.9166768403322,,,,Mexico,CO2
GEM-E3_V2021,EN_NPi2020_600_COV,MEX,Emissions|CO2|AFOLU,Mt CO2/yr,,,,,,,,,,,,745.604904943388,,682.924278338102,,,,,350.67564672572,18.262943780417,-62.7116961949147,-143.686216671824,-199.88238092482,-252.872128223402,-302.32969808466,-352.78595263626,-388.421360214303,-424.056767792346,-475.648868817402,-527.240969842458,-561.270888042693,-595.300806242927,-601.045423762254,-606.79004128158,,,,Mexico,CO2
GEM-E3_V2021,EN_NPi2020_600_COV,MEX,Emissions|CO2|Energy and Industrial Processes,Mt CO2/yr,,,,,,,,,,,,505.779585667611,,484.755914852159,,,,,433.571761041948,376.057499048032,279.129539510448,199.138586980688,130.646038754243,89.7766660608253,82.5715157732425,88.3155875658401,87.7451502487382,91.580874140073,108.721674133763,117.74060251216,123.256525956452,127.824527342002,128.920424534311,129.758462283828,,,,Mexico,CO2
GEM-E3_V2021,EN_NPi2020_600_COV,MEX,Emissions|CO2|Energy|Demand,Mt CO2/yr,,,,,,,,,,,,266.334594743702,,241.577164799673,,,,,219.74532077947,201.650273291953,162.550520493878,114.167122924459,69.1325488899682,45.7243358377701,42.1539143173481,45.6443197975835,44.8165744922268,46.5415747090038,55.2762157969926,59.4992094757207,63.2134890342708,65.1785995745409,66.2240950777147,65.9723947258892,,,,Mexico,CO2
GEM-E3_V2021,EN_NPi2020_600_COV,MEX,Emissions|CO2|Energy|Demand|AFOFI,Mt CO2/yr,,,,,,,,,,,,9.69970730042637,,8.64148991203125,,,,,7.64431710273162,6.59784189928292,4.89266944009889,2.43390545458561,0.325398026531141,0.0457165305646755,0.0367753799817557,0.0604425321060894,0.0638076422783634,0.0766764914950298,0.150325491480612,0.182744661870482,0.200644658394872,0.187127531980583,0.160807543738845,0.123710559967247,,,,Mexico,CO2
GEM-E3_V2021,EN_NPi2020_600_COV,MEX,Emissions|CO2|Energy|Demand|Industry,Mt CO2/yr,,,,,,,,,,,,62.724238776357,,55.9318426764024,,,,,41.3825046642889,33.6195075603805,21.8510699307202,9.54126249015986,2.14924876111886,0.842168732703634,0.795545239007148,1.05693307317836,1.127055475595,1.27863711308252,1.87065784817798,2.13393231985798,2.31646733600016,2.29433920756916,2.16663286772304,1.92124631407442,,,,Mexico,CO2
GEM-E3_V2021,EN_NPi2020_600_COV,MEX,Emissions|CO2|Energy|Demand|Residential and Commercial,Mt CO2/yr,,,,,,,,,,,,17.6486234035499,,15.716634046106,,,,,14.4854263666735,13.2090857571928,11.1646540091262,8.88820395462912,6.70047457953993,5.31893486136276,5.30345277786542,6.09596999071828,6.4419406506392,6.98415770592877,8.15014670663162,8.83723592933892,9.44725093138428,9.88056027077618,10.2106568080997,10.3945977842432,,,,Mexico,CO2
GEM-E3_V2021,EN_NPi2020_600_COV,MEX,Emissions|CO2|Energy|Demand|Residential and Commercial|Commercial,Mt CO2/yr,,,,,,,,,,,,10.1962120682454,,9.318442106388,,,,,9.17707416772998,8.758791512931,8.21985617322021,7.56419983662788,6.26924723597824,5.08558847745015,5.07536501809439,5.81103420165033,6.13835371412683,6.64472859971365,7.688049750232,8.31619547044382,8.88361301034436,9.31143899632624,9.65618887422167,9.87847373842011,,,,Mexico,CO2
GEM-E3_V2021,EN_NPi2020_600_COV,MEX,Emissions|CO2|Energy|Demand|Residential and Commercial|Residential,Mt CO2/yr,,,,,,,,,,,,7.45241133530444,,6.398191939718,,,,,5.30835219894352,4.45029424426183,2.94479783590608,1.32400411800124,0.431227343561692,0.233346383912615,0.228087759771029,0.284935789067951,0.303586936512373,0.339429106215115,0.462096956399622,0.521040458895098,0.56363792103992,0.569121274449941,0.554467933878095,0.51612404582311,,,,Mexico,CO2
GEM-E3_V2021,EN_NPi2020_600_COV,MEX,Emissions|CO2|Energy|Demand|Transportation,Mt CO2/yr,,,,,,,,,,,,176.262025263368,,161.287198165134,,,,,156.233072645775,148.223838075097,124.642127113933,93.3037510250846,59.9574275227782,39.517515713139,36.0181409204937,38.4309742015808,37.1837707237142,38.2021033984974,45.1050857507024,48.3452965646533,51.2491261084915,52.8165725642149,53.685997858153,53.5328400676043,,,,Mexico,CO2
GEM-E3_V2021,EN_NPi2020_600_COV,MEX,Emissions|CO2|Energy|Supply,Mt CO2/yr,,,,,,,,,,,,171.736077676511,,171.230892930129,,,,,140.562958917516,96.5828670452082,43.3654950820877,16.2343436728138,-1.67115013036127,-14.0206520769206,-19.0388756837982,-21.8551585124834,-24.0562345620936,-25.2633171247596,-22.7424600829164,-20.594798623254,-20.2420017351796,-18.4487331869573,-18.5108401795676,-16.6451657445201,,,,Mexico,CO2
GEM-E3_V2021,EN_NPi2020_600_COV,MEX,Emissions|CO2|Energy|Supply|Electricity,Mt CO2/yr,,,,,,,,,,,,110.521955797242,,120.767614481249,,,,,92.479087153982,57.2801916461673,12.0652236541932,-6.92363077839442,-18.4053564976641,-26.581362052505,-32.1890533831132,-35.6600202038371,-38.8350594329872,-40.8875697032398,-41.4717220175425,-41.5995652194787,-43.1690398735294,-42.7353134894239,-44.1435073321393,-43.506051499214,,,,Mexico,CO2
GEM-E3_V2021,EN_NPi2020_600_COV,MEX,Emissions|CO2|Energy|Supply|Gases,Mt CO2/yr,,,,,,,,,,,,23.0044497361221,,23.1474106465239,,,,,22.9465547756542,15.7950696313753,11.7352887600907,8.32585367120162,7.09921500373999,5.69673593044793,6.46352330614493,6.36687203105905,7.11859255567592,7.35822285818503,8.65137560205319,9.81517868043803,10.696466390214,11.3478927764157,12.1795024645958,13.1663511408148,,,,Mexico,CO2
GEM-E3_V2021,EN_NPi2020_600_COV,MEX,Emissions|CO2|Energy|Supply|Liquids,Mt CO2/yr,,,,,,,,,,,,38.2079698514077,,27.3134886019407,,,,,25.1368964283095,23.5073537689486,19.564819191137,14.8320160528137,9.63493120809478,6.86393532435949,6.6866176522224,7.43794790644302,7.6601896951097,8.26598359949109,10.0778283797489,11.1895231253517,12.2305005485878,12.9386121676602,13.4530864953191,13.6944553765687,,,,Mexico,CO2
GEM-E3_V2021,EN_NPi2020_600_COV,MEX,Emissions|CO2|Energy|Supply|Solids,Mt CO2/yr,,,,,,,,,,,,0.0017022917389299,,0.0023792004154423,,,,,0.000420559570962,0.0002519987168969,0.0001634766667612,0.0001047271929454,6.0155468049204e-05,3.87207769279985e-05,3.67409476700164e-05,4.17538515674935e-05,4.26201079926802e-05,4.61208041072637e-05,5.79528238983516e-05,6.47904348517295e-05,7.11995477183707e-05,7.53583906735916e-05,7.81926566894426e-05,7.92373102854914e-05,,,,Mexico,CO2
GEM-E3_V2021,EN_NPi2020_600_COV,MEX,Emissions|CO2|Industrial Processes,Mt CO2/yr,,,,,,,,,,,,67.4538104708083,,71.7286504693292,,,,,73.0851202869754,77.6788899889171,73.1219879374203,68.6874317217265,63.1652015167894,58.0649091215306,59.4492069717054,64.5163002532596,66.9740302637164,70.2902168548598,76.1695218940895,78.8152670784805,80.262469495714,81.0722165367512,81.1857901692419,80.41198366476,,,,Mexico,CO2
GEM-E3_V2021,EN_NPi2020_600f,MEX,Emissions|CO2|AFOLU,Mt CO2/yr,,,,,,,,,,,,745.604904943388,,683.088349671024,,,,,357.702870909134,32.3175116456672,-37.665451679089,-114.158462229342,-173.467089405872,-236.722149493826,-293.712413592063,-350.904592543654,-401.036849696471,-451.169106849287,-502.855471704478,-554.541836559669,-588.928696462253,-623.315556364837,-653.397344874441,-683.479133384046,,,,Mexico,CO2
GEM-E3_V2021,EN_NPi2020_600f,MEX,Emissions|CO2|Energy and Industrial Processes,Mt CO2/yr,,,,,,,,,,,,505.779585667611,,555.719291520877,,,,,513.253572138603,480.945287386825,430.729368251255,349.634606411867,281.193603670084,209.384512820793,162.269075086562,123.247940215013,88.2089800964174,63.4527875047943,42.025053424135,22.9921035842305,-24.6209387656277,-44.8457732905442,-56.9105705982795,-65.229725479999,,,,Mexico,CO2
GEM-E3_V2021,EN_NPi2020_600f,MEX,Emissions|CO2|Energy|Demand,Mt CO2/yr,,,,,,,,,,,,266.334594743702,,274.607991997919,,,,,252.763056779669,240.879232833699,231.836492803598,198.297703234645,163.870874006612,119.854733915609,91.6012178901098,70.3075811485174,54.5047245565726,44.5171394935274,37.4801767210618,32.5229839396921,29.2764013356013,26.683302793297,25.3225065915029,24.5127460512348,,,,Mexico,CO2
GEM-E3_V2021,EN_NPi2020_600f,MEX,Emissions|CO2|Energy|Demand|AFOFI,Mt CO2/yr,,,,,,,,,,,,9.69970730042637,,9.74640189604994,,,,,8.92252932712174,8.09003592136796,7.4342460205522,5.97909308377348,4.67496330729194,1.84401551608977,0.516260776362973,0.191073965119203,0.0769562636381365,0.0395364320662608,0.0230605146887079,0.0147116552462107,0.0116750909729041,0.0087053321321541,0.0070987212648813,0.005866656496967,,,,Mexico,CO2
GEM-E3_V2021,EN_NPi2020_600f,MEX,Emissions|CO2|Energy|Demand|Industry,Mt CO2/yr,,,,,,,,,,,,62.724238776357,,65.9231103888483,,,,,52.5770808067166,45.5415107135049,40.3100487793382,28.9946338141106,20.9021161248755,7.73333187577046,3.39849440020562,2.0715820408205,1.3719819243976,1.03173051900463,0.82052520613825,0.673735559952701,0.598109346187464,0.523545827347273,0.478487657818093,0.440945121790069,,,,Mexico,CO2
GEM-E3_V2021,EN_NPi2020_600f,MEX,Emissions|CO2|Energy|Demand|Residential and Commercial,Mt CO2/yr,,,,,,,,,,,,17.6486234035499,,17.0455007749966,,,,,16.0807672272301,15.2710783076278,14.866008667981,13.1867112798425,11.89240090931,9.800340259256,8.53254917889709,7.7129795800995,6.98403891437937,6.48539324536689,6.08400346686715,5.77326749052041,5.56332581847138,5.36706365054483,5.3050059958885,5.29066954731802,,,,Mexico,CO2
GEM-E3_V2021,EN_NPi2020_600f,MEX,Emissions|CO2|Energy|Demand|Residential and Commercial|Commercial,Mt CO2/yr,,,,,,,,,,,,10.1962120682454,,9.82679150636568,,,,,9.7851438197968,9.53145072772752,9.50332385152923,9.2451285572578,9.00308807977932,8.52442468947103,7.84544264075213,7.24427295709625,6.6412567941048,6.20569736321528,5.84274140460088,5.55752073930072,5.35934195238421,5.1753133865516,5.11987792610068,5.11084867273545,,,,Mexico,CO2
GEM-E3_V2021,EN_NPi2020_600f,MEX,Emissions|CO2|Energy|Demand|Residential and Commercial|Residential,Mt CO2/yr,,,,,,,,,,,,7.45241133530444,,7.21870926863092,,,,,6.29562340743337,5.73962757990035,5.3626848164518,3.94158272258476,2.88931282953075,1.27591556978497,0.687106538144952,0.468706623003248,0.342782120274567,0.279695882151611,0.241262062266272,0.215746751219691,0.203983866087168,0.191750263993224,0.185128069787819,0.179820874582574,,,,Mexico,CO2
GEM-E3_V2021,EN_NPi2020_600f,MEX,Emissions|CO2|Energy|Demand|Transportation,Mt CO2/yr,,,,,,,,,,,,176.262025263368,,181.892978938024,,,,,175.182679418601,171.976607891198,169.226189335727,150.137265056918,126.401393665135,100.477046264493,79.1539135346441,60.3319455624782,46.0717474541574,36.9604792970896,30.5525875333677,26.0612692339728,23.1032910799696,20.7839879832728,19.5319142165314,18.7752647256298,,,,Mexico,CO2
GEM-E3_V2021,EN_NPi2020_600f,MEX,Emissions|CO2|Energy|Supply,Mt CO2/yr,,,,,,,,,,,,171.736077676511,,196.591848052354,,,,,172.786578464072,145.890018442764,101.533789608023,58.0958827663699,28.5402892794971,4.18050088915464,-11.8318383354799,-26.6827600177572,-42.70705619958,-55.0762847865255,-67.2710545459449,-78.9229366995867,-120.277976231573,-135.748625972212,-145.019032506205,-151.094032897569,,,,Mexico,CO2
GEM-E3_V2021,EN_NPi2020_600f,MEX,Emissions|CO2|Energy|Supply|Electricity,Mt CO2/yr,,,,,,,,,,,,110.521955797242,,138.636611189663,,,,,115.159661298951,94.1958900817797,56.4521374190207,19.3704471172118,-4.74513509595752,-21.4116717500614,-33.4713449647079,-45.9805641256771,-59.7268495712059,-70.7993980801042,-82.5096884357925,-93.5869070610558,-134.550503578274,-150.206770404349,-160.521742742442,-167.217279965701,,,,Mexico,CO2
GEM-E3_V2021,EN_NPi2020_600f,MEX,Emissions|CO2|Energy|Supply|Gases,Mt CO2/yr,,,,,,,,,,,,23.0044497361221,,26.8498083771539,,,,,28.7606133141531,23.5856508361617,17.3082261187836,14.1198619069502,11.988680864233,8.78047296813403,8.10102316083427,8.23732350871441,7.84161124737561,7.66584690472302,7.93299599800525,7.831838106757,7.66120034327755,7.99655535944817,9.01097401638051,9.52036526628711,,,,Mexico,CO2
GEM-E3_V2021,EN_NPi2020_600f,MEX,Emissions|CO2|Energy|Supply|Liquids,Mt CO2/yr,,,,,,,,,,,,38.2079698514077,,31.1026946828023,,,,,28.8656977950734,28.1080841912758,27.773133916437,24.6053649435177,21.2965832959066,16.8115860561991,13.5383973986559,11.0604140399095,9.17812998900638,8.05722291768822,7.30560029778257,6.83209859290095,6.61129541732132,6.46155905060357,6.49170650018319,6.60285193784824,,,,Mexico,CO2
GEM-E3_V2021,EN_NPi2020_600f,MEX,Emissions|CO2|Energy|Supply|Solids,Mt CO2/yr,,,,,,,,,,,,0.0017022917389299,,0.0027338027339468,,,,,0.0006060558941327,0.0003933335472885,0.0002921537825532,0.0002087986900616,0.0001602153149352,0.0001136148829477,8.60697377645248e-05,6.6559295910699e-05,5.21352439005286e-05,4.34711673970176e-05,3.75940597534491e-05,3.36618111133008e-05,3.15861019113715e-05,3.00220849282988e-05,2.9719673834991e-05,2.98639966886531e-05,,,,Mexico,CO2
GEM-E3_V2021,EN_NPi2020_600f,MEX,Emissions|CO2|Industrial Processes,Mt CO2/yr,,,,,,,,,,,,67.4538104708083,,84.2721533609833,,,,,87.4906123703525,93.9856482980333,97.1872403424396,93.1176721261856,88.6961028263613,85.2935067037592,82.4664593619586,79.6023464947852,76.3982830056838,74.0028530151702,71.8092407870419,69.3868925123791,66.376282451028,64.2159115992825,62.7827210561176,61.3486371013834,,,,Mexico,CO2
GEM-E3_V2021,EN_NPi2020_600f_COV,MEX,Emissions|CO2|AFOLU,Mt CO2/yr,,,,,,,,,,,,745.604904943388,,682.924278338102,,,,,357.702870909134,32.3175116456672,-33.4088907305755,-99.1351736083967,-167.117228191661,-235.099282774926,-286.649494282865,-342.736350723413,-389.850391477711,-436.964432232008,-493.370094008082,-549.775755784157,-585.582968437306,-621.390181090456,-651.703979036998,-682.017776983541,,,,Mexico,CO2
GEM-E3_V2021,EN_NPi2020_600f_COV,MEX,Emissions|CO2|Energy and Industrial Processes,Mt CO2/yr,,,,,,,,,,,,505.779585667611,,484.755914852159,,,,,452.36002378799,418.660031396959,339.821883483954,288.366081387042,267.321651025464,202.806390902084,148.677288030112,108.845647943373,84.2785396076093,69.6032789913841,51.9219017647478,39.272191691052,33.9299848995878,30.7500926841755,12.0450767209989,10.2703928424331,,,,Mexico,CO2
GEM-E3_V2021,EN_NPi2020_600f_COV,MEX,Emissions|CO2|Energy|Demand,Mt CO2/yr,,,,,,,,,,,,266.334594743702,,241.577164799673,,,,,227.257691374665,215.004513759022,197.920794542538,167.647966449825,151.260961343289,117.714378461466,84.8593854964708,61.0856723295848,46.3196869680309,37.6780723740275,31.5511196183744,25.8016205481019,23.6729718222106,22.0617260349312,20.854360592766,20.1273822981408,,,,Mexico,CO2
GEM-E3_V2021,EN_NPi2020_600f_COV,MEX,Emissions|CO2|Energy|Demand|AFOFI,Mt CO2/yr,,,,,,,,,,,,9.69970730042637,,8.64148991203125,,,,,7.9489630178398,7.16499944614728,6.23544174929172,4.9439713321119,4.26893282572724,2.25869796529063,0.5184909719071,0.140620563625012,0.0522714891886576,0.0269128434716051,0.0158906546455112,0.0084821259528829,0.0064321636476377,0.0049950153532367,0.0041581512934104,0.0033729404938625,,,,Mexico,CO2
GEM-E3_V2021,EN_NPi2020_600f_COV,MEX,Emissions|CO2|Energy|Demand|Industry,Mt CO2/yr,,,,,,,,,,,,62.724238776357,,55.9318426764024,,,,,44.7698810633276,38.5355426266799,31.2162270674519,22.4712988630128,18.7725692692232,8.98439731557531,3.14277670139817,1.59970095943878,1.0229671149767,0.772610694130418,0.616914800687703,0.468303605753487,0.417265559692025,0.374980221529523,0.343906010050702,0.314731666872863,,,,Mexico,CO2
GEM-E3_V2021,EN_NPi2020_600f_COV,MEX,Emissions|CO2|Energy|Demand|Residential and Commercial,Mt CO2/yr,,,,,,,,,,,,17.6486234035499,,15.716634046106,,,,,15.0097189738176,14.1761213865458,13.2363576773333,11.7751599741575,11.3161666633684,9.77335689184742,8.13869926342615,7.02507638586125,6.22813167486671,5.74177110415298,5.34318139886574,4.8190713257679,4.71733714213524,4.62817753538075,4.54507707494487,4.51213344821188,,,,Mexico,CO2
GEM-E3_V2021,EN_NPi2020_600f_COV,MEX,Emissions|CO2|Energy|Demand|Residential and Commercial|Commercial,Mt CO2/yr,,,,,,,,,,,,10.1962120682454,,9.318442106388,,,,,9.29272335145987,9.01921535957612,8.83174813435011,8.5689256385908,8.55027515062075,8.29746453273086,7.48395438403022,6.63400570270797,5.94695070430742,5.50890993465141,5.13931222367633,4.64312031948181,4.54924584347357,4.46653378086368,4.38759421371901,4.35882397943764,,,,Mexico,CO2
GEM-E3_V2021,EN_NPi2020_600f_COV,MEX,Emissions|CO2|Energy|Demand|Residential and Commercial|Residential,Mt CO2/yr,,,,,,,,,,,,7.45241133530444,,6.398191939718,,,,,5.71699562235782,5.15690602696976,4.40460954298321,3.2062343355667,2.76589151274774,1.47589235911655,0.654744879395931,0.391070683153283,0.28118097055929,0.232861169501575,0.203869175189402,0.175951006286087,0.168091298661666,0.161643754517078,0.157482861225858,0.153309468774243,,,,Mexico,CO2
GEM-E3_V2021,EN_NPi2020_600f_COV,MEX,Emissions|CO2|Energy|Demand|Transportation,Mt CO2/yr,,,,,,,,,,,,176.262025263368,,161.287198165134,,,,,159.52912831968,155.127850299649,147.232768048461,128.457536280543,116.90329258497,96.6979262887526,73.0594185597394,52.3202744206597,39.0163166889988,31.1367777322725,25.5751327641755,20.5057634906276,18.5319369567356,17.0535732626677,15.961219356477,15.2971442425622,,,,Mexico,CO2
GEM-E3_V2021,EN_NPi2020_600f_COV,MEX,Emissions|CO2|Energy|Supply,Mt CO2/yr,,,,,,,,,,,,171.736077676511,,171.230892930129,,,,,150.036357931855,122.908663859585,60.6474663595788,42.5433915307773,37.8962073522276,9.29566324649143,-8.804761481745,-21.2382209924762,-28.2011734206612,-32.489460543765,-42.2825838532442,-46.3352551094712,-48.1592729202999,-48.56928005465901,-64.5914403759965,-64.3977158960819,,,,Mexico,CO2
GEM-E3_V2021,EN_NPi2020_600f_COV,MEX,Emissions|CO2|Energy|Supply|Electricity,Mt CO2/yr,,,,,,,,,,,,110.521955797242,,120.767614481249,,,,,99.0200910100089,77.7097053076944,21.2441151738584,9.57037074243681,6.90508222500339,-15.0372007141073,-28.9177594250623,-37.2948463101262,-42.470218639488,-46.1263207668131,-55.7126267039373,-59.5233822106946,-61.7485361229531,-62.9304863478319,-79.2725234189908,-79.76972028869,,,,Mexico,CO2
GEM-E3_V2021,EN_NPi2020_600f_COV,MEX,Emissions|CO2|Energy|Supply|Gases,Mt CO2/yr,,,,,,,,,,,,23.0044497361221,,23.1474106465239,,,,,24.9723464663774,20.055489926234,15.6880594226412,12.1266275014143,11.4208670177037,8.04252246595892,7.67119476057495,6.4971108588738,6.44943560134133,6.75439187632344,7.17778717151504,7.53689372285065,8.04694116125082,8.85521458578184,9.14547425397619,9.74001372054617,,,,Mexico,CO2
GEM-E3_V2021,EN_NPi2020_600f_COV,MEX,Emissions|CO2|Energy|Supply|Liquids,Mt CO2/yr,,,,,,,,,,,,38.2079698514077,,27.3134886019407,,,,,26.043398902129,25.1431485843041,23.715058958536,20.8462224694702,19.5701094288745,16.2902292047671,12.4417237260614,9.55945764031439,7.81956618210508,6.8824322395694,6.25222454302943,5.65120706889721,5.54229701781531,5.50596735927949,5.53558480605199,5.63196658394081,,,,Mexico,CO2
GEM-E3_V2021,EN_NPi2020_600f_COV,MEX,Emissions|CO2|Energy|Supply|Solids,Mt CO2/yr,,,,,,,,,,,,0.0017022917389299,,0.0023792004154423,,,,,0.0005215533399105,0.0003200413528053,0.0002328045430951,0.000170817455857,0.0001486806460063,0.0001122898727099,7.94566809721934e-05,5.68184618265612e-05,4.34353804652864e-05,3.61071553214749e-05,3.11361485839536e-05,2.6309475516682e-05,2.50235870401355e-05,2.43481115030413e-05,2.39829660937158e-05,2.40881210544277e-05,,,,Mexico,CO2
GEM-E3_V2021,EN_NPi2020_600f_COV,MEX,Emissions|CO2|Industrial Processes,Mt CO2/yr,,,,,,,,,,,,67.4538104708083,,71.7286504693292,,,,,74.8754547806552,80.5794019210189,81.1157207429412,78.077633885929,78.0842446473601,75.7402805782152,72.5922839360015,68.9819928264999,66.1503970543294,64.4079810116172,62.6484411843799,59.8024302050464,58.4133593082778,57.2550927506959,55.779875020664,54.5386723954595,,,,Mexico,CO2
GEM-E3_V2021,EN_NPi2020_800,MEX,Emissions|CO2|AFOLU,Mt CO2/yr,,,,,,,,,,,,745.604904943388,,683.088349671024,,,,,354.301467835354,27.0536299271775,-41.1520630768552,-113.805104313482,-174.457252477011,-237.674995111306,-289.648856968938,-340.585851963792,-380.792910011869,-420.999968059947,-474.213953838966,-527.427939617986,-561.843974090342,-596.260008562698,-602.094374961607,-607.928741360515,,,,Mexico,CO2
GEM-E3_V2021,EN_NPi2020_800,MEX,Emissions|CO2|Energy and Industrial Processes,Mt CO2/yr,,,,,,,,,,,,505.779585667611,,555.71929212707,,,,,511.986199203779,469.610231503911,362.316784601632,295.061322651137,239.049807217487,186.01896401821,152.35792684355,122.37165911784,98.728823842113,105.99163916519,128.942228253409,130.9174785728,142.000263967561,144.841800616486,140.602760978963,132.626638222433,,,,Mexico,CO2
GEM-E3_V2021,EN_NPi2020_800,MEX,Emissions|CO2|Energy|Demand,Mt CO2/yr,,,,,,,,,,,,266.334594743702,,274.607992236751,,,,,253.757679191004,239.994663157046,207.648297870599,172.159573696145,137.406269805101,105.131442174589,83.478042251393,64.2612381980084,50.1421091196444,53.379042386951,64.9404536716786,66.6437733917344,73.4611370290995,75.1509291575104,76.3646180792149,76.2800326966,,,,Mexico,CO2
GEM-E3_V2021,EN_NPi2020_800,MEX,Emissions|CO2|Energy|Demand|AFOFI,Mt CO2/yr,,,,,,,,,,,,9.69970730042637,,9.74640192476827,,,,,8.95927709564033,8.04281237754211,6.50430036794053,5.08435552826542,3.33006162756668,1.09191376122921,0.354218197694354,0.132652283547211,0.0553905337084707,0.0802281386399646,0.190022835071961,0.196508048153189,0.265719300154696,0.247840469518695,0.219532263430428,0.176781361229447,,,,Mexico,CO2
GEM-E3_V2021,EN_NPi2020_800,MEX,Emissions|CO2|Energy|Demand|Industry,Mt CO2/yr,,,,,,,,,,,,62.724238776357,,65.9231105116853,,,,,53.0946805317113,45.1536630828197,32.4289873923807,23.069810281793,13.6029800403289,5.18411531408161,2.74505235412329,1.73388843737634,1.18683915175839,1.46473517000965,2.33919153304377,2.43254327120219,2.95695016901288,2.92115919008421,2.80300329666194,2.53681305276451,,,,Mexico,CO2
GEM-E3_V2021,EN_NPi2020_800,MEX,Emissions|CO2|Energy|Demand|Residential and Commercial,Mt CO2/yr,,,,,,,,,,,,17.6486234035499,,17.045500750287,,,,,16.1464470603913,15.1990698232914,13.3577971503844,11.827712029328,10.4048881594866,9.00439475440506,8.09484094299108,7.33511075945295,6.66025366992113,7.44343503867935,8.91425197577658,9.4649421678588,10.4064157534779,10.8903832501344,11.3033427947269,11.5704363870496,,,,Mexico,CO2
GEM-E3_V2021,EN_NPi2020_800,MEX,Emissions|CO2|Energy|Demand|Residential and Commercial|Commercial,Mt CO2/yr,,,,,,,,,,,,10.1962120682454,,9.82679148085153,,,,,9.79902610475182,9.5145524729236,9.10791126179814,8.77857082107949,8.50914999134014,8.06384900898561,7.5106489376375,6.92649174528309,6.35308130203744,7.07676257933564,8.37839736253909,8.90098697000607,9.74339959598513,10.223815441725,10.6484931989764,10.9530662888076,,,,Mexico,CO2
GEM-E3_V2021,EN_NPi2020_800,MEX,Emissions|CO2|Energy|Demand|Residential and Commercial|Residential,Mt CO2/yr,,,,,,,,,,,,7.45241133530444,,7.21870926943548,,,,,6.34742095563953,5.68451735036782,4.24988588858634,3.04914120824859,1.89573816814653,0.940545745419452,0.584192005353581,0.408619014169862,0.307172367883692,0.366672459343709,0.535854613237487,0.563955197852727,0.663016157492823,0.666567808409489,0.654849595750497,0.617370098241964,,,,Mexico,CO2
GEM-E3_V2021,EN_NPi2020_800,MEX,Emissions|CO2|Energy|Demand|Transportation,Mt CO2/yr,,,,,,,,,,,,176.262025263368,,181.89297905001,,,,,175.557274503261,171.599117873393,155.357212959893,132.177695856759,110.068339977719,89.8510183448735,72.2839307565843,55.0595867176319,42.2396257642564,44.390644039622,53.4969873277862,54.5497799045202,59.8320518064539,61.091546247773,62.0387397243955,61.9960018955565,,,,Mexico,CO2
GEM-E3_V2021,EN_NPi2020_800,MEX,Emissions|CO2|Energy|Supply,Mt CO2/yr,,,,,,,,,,,,171.736077676511,,196.591848299148,,,,,170.256099834875,135.581006651721,63.4150792846034,35.9534597483199,17.3620791824197,-1.85732712565551,-11.5547603960675,-19.490702387097,-26.1517671807833,-27.1999858767839,-24.1125118599979,-25.7270274653247,-24.6198155798986,-24.3037322317761,-30.0981168102558,-37.0263700573728,,,,Mexico,CO2
GEM-E3_V2021,EN_NPi2020_800,MEX,Emissions|CO2|Energy|Supply|Electricity,Mt CO2/yr,,,,,,,,,,,,110.521955797242,,138.636611405558,,,,,112.540023449264,85.0620040322736,23.1655330151097,3.21112938973023,-10.61145600656,-25.1298994600292,-32.0956146475642,-38.5738001458684,-43.697053928641,-46.1334709494859,-46.9505050961156,-49.4878520470643,-51.2627032157903,-53.1317345119193,-60.3201533666613,-68.6731104833954,,,,Mexico,CO2
GEM-E3_V2021,EN_NPi2020_800,MEX,Emissions|CO2|Energy|Supply|Gases,Mt CO2/yr,,,,,,,,,,,,23.0044497361221,,26.8498084002666,,,,,28.7427553566946,22.5268266352532,15.3803562746788,11.1901377601859,9.68036296581774,8.39242825797172,8.14907463482642,8.91304107122175,9.01090973184102,9.48925248095012,10.9750891119905,11.1421621940816,12.297474575434,13.7376993862,14.5102143060603,15.6049754707513,,,,Mexico,CO2
GEM-E3_V2021,EN_NPi2020_800,MEX,Emissions|CO2|Energy|Supply|Liquids,Mt CO2/yr,,,,,,,,,,,,38.2079698514077,,31.1026946905855,,,,,28.9727339569141,27.9918359146084,24.8689607000418,21.5520224910318,18.2930423117551,14.880045967406,12.391702098889,10.1699965546258,8.53432946996529,9.44417941341903,11.862835011249,12.6185890795424,14.3453287820204,15.090214263236,15.7117300024068,16.0416710235941,,,,Mexico,CO2
GEM-E3_V2021,EN_NPi2020_800,MEX,Emissions|CO2|Energy|Supply|Solids,Mt CO2/yr,,,,,,,,,,,,0.0017022917389299,,0.0027338027381632,,,,,0.0005870720024736,0.0003400695861435,0.0002292947730368,0.0001701073718586,0.0001299114069668,9.81089959602425e-05,7.75177812113829e-05,6.01329236963709e-05,4.75460513818259e-05,5.31783328233645e-05,6.91128780890071e-05,7.33081153604435e-05,8.4278437123228e-05,8.86307070761787e-05,9.22479383720347e-05,9.39316771481848e-05,,,,Mexico,CO2
GEM-E3_V2021,EN_NPi2020_800,MEX,Emissions|CO2|Industrial Processes,Mt CO2/yr,,,,,,,,,,,,67.4538104708083,,84.2721534813554,,,,,87.7575700979673,93.8459228181656,91.1166789608053,86.8540293542628,84.2153119530559,82.6999204940011,80.4067075228098,77.5837253413909,74.7274385846344,79.7985216766931,88.0914830600096,89.9768936124313,93.1306315712634,93.9665796696808,94.3092762142296,93.3482515141507,,,,Mexico,CO2
GEM-E3_V2021,EN_NPi2020_800f,MEX,Emissions|CO2|AFOLU,Mt CO2/yr,,,,,,,,,,,,745.604904943388,,683.088349671024,,,,,391.600629682671,100.113029192739,8.72457976449811,-82.6638696637435,-149.202263815082,-220.119855456289,-273.155112740816,-330.913561111175,-380.18235844302,-429.451155774865,-488.02497380378,-546.598791832695,-583.136852591328,-619.674913349961,-630.157186611081,-640.6394598722,,,,Mexico,CO2
GEM-E3_V2021,EN_NPi2020_800f,MEX,Emissions|CO2|Energy and Industrial Processes,Mt CO2/yr,,,,,,,,,,,,505.779585667611,,555.719291520877,,,,,524.349742481928,500.066222312812,445.350039179048,375.935649172847,333.873816867245,267.485229243013,207.770556451801,162.847572888723,126.730804182723,97.638247384735,75.5699788121967,58.8152206660182,44.3510657067301,16.4395636235899,-38.5482253144574,-49.0959505579657,,,,Mexico,CO2
GEM-E3_V2021,EN_NPi2020_800f,MEX,Emissions|CO2|Energy|Demand,Mt CO2/yr,,,,,,,,,,,,266.334594743702,,274.607991997919,,,,,258.507399210357,249.122865744945,237.49877994393,213.843967895505,187.813797493385,158.426836985843,120.276380422941,91.4281823254628,71.71493814175,58.3006542195616,48.6593506281976,42.0719905130602,38.1054659539002,35.7080133940934,33.4866568199215,31.6083148408107,,,,Mexico,CO2
GEM-E3_V2021,EN_NPi2020_800f,MEX,Emissions|CO2|Energy|Demand|AFOFI,Mt CO2/yr,,,,,,,,,,,,9.69970730042637,,9.74640189604994,,,,,9.15921211428583,8.42531680592853,7.64278832680838,6.52096573252559,5.46408951819553,4.40621216814513,1.67416611592806,0.561292522673006,0.218381801872462,0.0996293517446008,0.0510196324729576,0.029871343464826,0.0209525508284787,0.0170386320531992,0.0147666597610796,0.0111562040947372,,,,Mexico,CO2
GEM-E3_V2021,EN_NPi2020_800f,MEX,Emissions|CO2|Energy|Demand|Industry,Mt CO2/yr,,,,,,,,,,,,62.724238776357,,65.9231103888483,,,,,55.4844707709563,49.0643422757326,42.2671754222632,33.0771148930073,25.7848211556383,19.6532626698098,7.59811600508551,3.7865348061166,2.32240995769079,1.6123462902163,1.19981633836888,0.945466333502395,0.809146666146011,0.734069448258463,0.675268216118916,0.59603598337746,,,,Mexico,CO2
GEM-E3_V2021,EN_NPi2020_800f,MEX,Emissions|CO2|Energy|Demand|Residential and Commercial,Mt CO2/yr,,,,,,,,,,,,17.6486234035499,,17.0455007749966,,,,,16.4988787543815,15.8641194543139,15.2752712205104,14.0828462601899,13.0570989466341,12.1406985014152,10.1063803731423,9.0236657946227,8.26105017606947,7.67917448665945,7.1877636915723,6.8260105943341,6.64546035193075,6.57663477343277,6.44130441918458,6.31299786731671,,,,Mexico,CO2
GEM-E3_V2021,EN_NPi2020_800f,MEX,Emissions|CO2|Energy|Demand|Residential and Commercial|Commercial,Mt CO2/yr,,,,,,,,,,,,10.1962120682454,,9.82679150636568,,,,,9.88106462680056,9.68944160904034,9.64002073045832,9.52437483566983,9.41004655119801,9.29639717214377,8.84827972203456,8.27753708545786,7.74322656709769,7.28491875315202,6.86912326438477,6.55353247072462,6.39701306928326,6.34014807406927,6.21395108090447,6.09943131160542,,,,Mexico,CO2
GEM-E3_V2021,EN_NPi2020_800f,MEX,Emissions|CO2|Energy|Demand|Residential and Commercial|Residential,Mt CO2/yr,,,,,,,,,,,,7.45241133530444,,7.21870926863092,,,,,6.61781412758096,6.17467784527357,5.63525049005211,4.55847142452009,3.64705239543609,2.84430132927143,1.25810065110773,0.746128709164838,0.517823608971785,0.394255733507429,0.318640427187536,0.272478123609482,0.248447282647491,0.236486699363508,0.227353338280115,0.213566555711286,,,,Mexico,CO2
GEM-E3_V2021,EN_NPi2020_800f,MEX,Emissions|CO2|Energy|Demand|Transportation,Mt CO2/yr,,,,,,,,,,,,176.262025263368,,181.892978938024,,,,,177.364837570733,175.76908720897,172.313544974348,160.163041009782,143.507787872917,122.226663646472,100.897717928785,78.0566892020505,60.9130962061173,48.9095040909413,40.2207509657834,34.2706422417589,30.6299063849949,28.3802705403489,26.3553175248569,24.6881247860218,,,,Mexico,CO2
GEM-E3_V2021,EN_NPi2020_800f,MEX,Emissions|CO2|Energy|Supply,Mt CO2/yr,,,,,,,,,,,,171.736077676511,,196.591848052354,,,,,176.925620890117,154.748737905377,109.173475795159,65.1411807727443,51.2828934646208,18.1759624839522,-1.21402208326194,-14.8562708275862,-28.4703152383369,-41.4395682810686,-51.2444108296913,-58.6814620850806,-66.7521592472252,-90.4616926092028,-140.581781057459,-147.166305137366,,,,Mexico,CO2
GEM-E3_V2021,EN_NPi2020_800f,MEX,Emissions|CO2|Energy|Supply|Electricity,Mt CO2/yr,,,,,,,,,,,,110.521955797242,,138.636611189663,,,,,117.289885740729,100.100034802751,62.1847786637589,23.2473436582573,13.22963312442,-13.7768749991759,-28.1261313560431,-38.4573789646389,-49.5847463385132,-60.5699116213283,-69.0615349783196,-75.7376908759053,-84.3053913460896,-108.018567679572,-157.816107144246,-165.071604023751,,,,Mexico,CO2
GEM-E3_V2021,EN_NPi2020_800f,MEX,Emissions|CO2|Energy|Supply|Gases,Mt CO2/yr,,,,,,,,,,,,23.0044497361221,,26.8498083771539,,,,,30.1055313282753,25.5491971078916,18.5346580991433,15.4141386720579,13.892260717704,10.4849774098448,9.34809139290804,9.39406996724904,9.30848099186451,8.96147016337759,8.80877734689331,8.7673976949641,9.59145350694594,9.68163611188437,9.41663399666922,10.1231649795352,,,,Mexico,CO2
GEM-E3_V2021,EN_NPi2020_800f,MEX,Emissions|CO2|Energy|Supply|Liquids,Mt CO2/yr,,,,,,,,,,,,38.2079698514077,,31.1026946828023,,,,,29.5295161423692,29.0990333980094,28.4536931264437,26.4794611371241,24.160807932546,21.4677041604173,17.5639008171689,14.2069488029436,11.8058794784986,10.1688150518606,9.00829746958609,8.28878743600492,7.96173773946234,7.87519918017493,7.81765321163144,7.78209592844918,,,,Mexico,CO2
GEM-E3_V2021,EN_NPi2020_800f,MEX,Emissions|CO2|Energy|Supply|Solids,Mt CO2/yr,,,,,,,,,,,,0.0017022917389299,,0.0027338027339468,,,,,0.0006876787434895,0.0004725967250445,0.0003459058136062,0.0002373053048293,0.0001916899507666,0.0001559128660118,0.0001170627042236,8.93668599401957e-05,7.06298131215837e-05,5.81250214677954e-05,4.93321488834377e-05,4.36598555660046e-05,4.08524561157634e-05,3.97783105729566e-05,3.88784862347327e-05,3.79784014803917e-05,,,,Mexico,CO2
GEM-E3_V2021,EN_NPi2020_800f,MEX,Emissions|CO2|Industrial Processes,Mt CO2/yr,,,,,,,,,,,,67.4538104708083,,84.2721533609833,,,,,88.6939852201728,95.9910170826492,98.4975297961287,96.8075267242721,94.6665555545949,90.7999513373767,88.6531076699716,86.2403815102337,83.4632561808041,80.7615822027144,78.1440547397162,75.4164764994202,72.9910205157377,71.1873295069153,68.5416878399513,66.4575962935565,,,,Mexico,CO2
GEM-E3_V2021,EN_NPi2100,MEX,Emissions|CO2|AFOLU,Mt CO2/yr,,,,,,,,,,,,745.604904943388,,683.088349671024,,,,,682.76391145625,682.303723034485,628.042835720074,573.781948405662,532.005778191315,490.22972747539,448.074508267576,405.919289059763,367.216140256508,328.512991453253,286.803083113709,245.093174774166,211.285850179544,177.478525584923,151.088491610062,124.698457635202,,,,Mexico,CO2
GEM-E3_V2021,EN_NPi2100,MEX,Emissions|CO2|Energy and Industrial Processes,Mt CO2/yr,,,,,,,,,,,,505.779585667611,,555.719291632961,,,,,575.067135883005,590.32585951007,576.859627281247,588.33443152448,610.919776919502,614.889173744114,643.471176617391,647.678036061195,654.443804440682,665.42849057155,678.040765536796,686.043290951545,698.334284379626,711.806087472757,730.163154750398,749.090221519674,,,,Mexico,CO2
GEM-E3_V2021,EN_NPi2100,MEX,Emissions|CO2|Energy|Demand,Mt CO2/yr,,,,,,,,,,,,266.334594743702,,274.607992028877,,,,,272.80620697075,282.136225926195,290.643875470394,301.942543702238,313.362238029201,323.713716909044,336.039494037837,339.81362895205,343.059157731798,346.435871727848,349.668133866957,352.313715261633,355.421068183533,359.015102923129,363.152780337933,367.890511727167,,,,Mexico,CO2
GEM-E3_V2021,EN_NPi2100,MEX,Emissions|CO2|Energy|Demand|AFOFI,Mt CO2/yr,,,,,,,,,,,,9.69970730042637,,9.746401912757,,,,,9.73749979041768,9.67378053682592,9.53946257561938,9.43011057249444,9.31728340279786,9.15469174563708,9.04287456375914,8.84603045761404,8.60500766514703,8.33660067724381,7.97791610060076,7.67242118783746,7.35015971018471,7.01590923300375,6.68130142983849,6.35164643309452,,,,Mexico,CO2
GEM-E3_V2021,EN_NPi2100,MEX,Emissions|CO2|Energy|Demand|Industry,Mt CO2/yr,,,,,,,,,,,,62.724238776357,,65.9231104049341,,,,,63.4939925926559,66.5578143205347,68.4139187438211,71.4002790590538,74.138513378239,77.0493451746302,81.9353892916952,86.8716011239384,91.0675065015839,94.714362407943,97.576641068376,99.2311757063452,100.730343001102,102.090286437777,103.343115836824,104.527768932152,,,,Mexico,CO2
GEM-E3_V2021,EN_NPi2100,MEX,Emissions|CO2|Energy|Demand|Residential and Commercial,Mt CO2/yr,,,,,,,,,,,,17.6486234035499,,17.0455007535378,,,,,17.5115145941742,18.1996586770461,19.1660373631716,20.2740822072798,21.4609455563244,22.6501552746801,23.7448891730679,24.6840267007901,25.6570660112862,26.662348912139,27.7157337058476,28.7661908205863,29.8238075152309,30.9084097689855,32.0240588880147,33.1853602280437,,,,Mexico,CO2
GEM-E3_V2021,EN_NPi2100,MEX,Emissions|CO2|Energy|Demand|Residential and Commercial|Commercial,Mt CO2/yr,,,,,,,,,,,,10.1962120682454,,9.82679148501708,,,,,10.0951610880952,10.2129896147582,10.5821795042425,11.138659467228,11.7748237934789,12.4463005018195,13.1448363342566,13.8131915035418,14.5180428546271,15.2694794315831,16.0719595801917,16.9200074140676,17.814194746432,18.7596103252543,19.7611075134544,20.8255422050226,,,,Mexico,CO2
GEM-E3_V2021,EN_NPi2100,MEX,Emissions|CO2|Energy|Demand|Residential and Commercial|Residential,Mt CO2/yr,,,,,,,,,,,,7.45241133530444,,7.2187092685208,,,,,7.41635350607899,7.98666906228785,8.58385785892912,9.13542274005171,9.68612176284548,10.2038547728606,10.6000528388112,10.8708351972482,11.139023156659,11.3928694805558,11.6437741256559,11.8461834065187,12.0096127687988,12.1487994437311,12.2629513745603,12.359818023021,,,,Mexico,CO2
GEM-E3_V2021,EN_NPi2100,MEX,Emissions|CO2|Energy|Demand|Transportation,Mt CO2/yr,,,,,,,,,,,,176.262025263368,,181.892978957648,,,,,182.063199993502,187.704972391788,193.524456787782,200.83807186341,208.44549569184,214.859524714097,221.316341009315,219.411970669708,217.729577553781,216.722559730522,216.397842992132,216.643927546864,217.516757957015,219.000497483362,221.104304183255,223.825736133876,,,,Mexico,CO2
GEM-E3_V2021,EN_NPi2100,MEX,Emissions|CO2|Energy|Supply,Mt CO2/yr,,,,,,,,,,,,171.736077676511,,196.591848108293,,,,,210.437697955778,204.219788324912,175.492504692728,168.99156044775,173.759886247373,161.67612679913,172.422503172894,167.934713832728,166.749692284256,170.100006373181,175.341211212191,177.766139219792,185.557374049484,193.240255624837,205.365738579626,217.821660134492,,,,Mexico,CO2
GEM-E3_V2021,EN_NPi2100,MEX,Emissions|CO2|Energy|Supply|Electricity,Mt CO2/yr,,,,,,,,,,,,110.521955797242,,138.636611231942,,,,,149.053874133124,141.382728227077,112.812249553332,103.812808173793,104.921679721584,90.7178971483856,95.9214493787894,86.2838858672801,81.6176165315963,81.2422721530648,82.986535944732,82.4557083563762,86.6003019382106,90.703723295716,98.6729067128435,106.88599942867,,,,Mexico,CO2
GEM-E3_V2021,EN_NPi2100,MEX,Emissions|CO2|Energy|Supply|Gases,Mt CO2/yr,,,,,,,,,,,,23.0044497361221,,26.8498083788914,,,,,30.3130266137084,30.2142999918345,28.5329652353274,29.0595019435565,30.7498569008918,30.733268542664,33.5755979688281,37.016013065704,38.7820305832571,40.7241449413114,42.6037415955277,43.8408819841382,45.7032387340205,47.4487912987377,49.7248151600195,52.0250607808441,,,,Mexico,CO2
GEM-E3_V2021,EN_NPi2100,MEX,Emissions|CO2|Energy|Supply|Liquids,Mt CO2/yr,,,,,,,,,,,,38.2079698514077,,31.1026946947248,,,,,31.0682233654411,32.6201744518223,34.1450653272887,36.1171550329164,38.0863175566667,40.2230478842753,42.9235630978327,44.6335827465917,46.3489652931702,48.1325825326142,49.7499563494968,51.4685815687442,53.2528755706007,55.0867735940252,56.9670409769834,58.9096169869809,,,,Mexico,CO2
GEM-E3_V2021,EN_NPi2100,MEX,Emissions|CO2|Energy|Supply|Solids,Mt CO2/yr,,,,,,,,,,,,0.0017022917389299,,0.0027338027343259,,,,,0.0025738435047186,0.0025856541781704,0.0022245767795221,0.0020952974841105,0.0020320682306139,0.0019132238051007,0.0018927274441405,0.0012321531527733,0.0010798762329226,0.0010067461912244,0.0009773224348842,0.0009673105341009,0.00095780665248,0.0009674363587711,0.0009757297803457,0.0009829379972111,,,,Mexico,CO2
GEM-E3_V2021,EN_NPi2100,MEX,Emissions|CO2|Industrial Processes,Mt CO2/yr,,,,,,,,,,,,67.4538104708083,,84.2721533861266,,,,,91.578658348403,103.717452746328,110.464600026914,117.133992570931,123.524818825364,129.221382435092,134.72780605839,139.650657735382,144.358027012346,148.61764540945,152.758328243568,155.69319775402,157.089127215494,159.28789609177,161.386017860368,163.123816861857,,,,Mexico,CO2
GEM-E3_V2021,EN_NPi2100_COV,MEX,Emissions|CO2|AFOLU,Mt CO2/yr,,,,,,,,,,,,745.604904943388,,682.924278338102,,,,,682.76391145625,682.303723034485,628.042835720074,573.781948405662,532.005778191315,490.22972747539,448.074508267576,405.919289059763,367.216140256508,328.512991453253,286.803083113709,245.093174774166,211.377292598377,177.661410422588,151.205887470332,124.750364518076,,,,Mexico,CO2
GEM-E3_V2021,EN_NPi2100_COV,MEX,Emissions|CO2|Energy and Industrial Processes,Mt CO2/yr,,,,,,,,,,,,505.779585667611,,484.755914852159,,,,,506.392951789161,518.620284277817,506.464839534,516.594197938634,536.342315283182,539.867999570218,564.870107683721,568.365065904485,574.104660869421,583.523477812033,594.252007697733,601.104894697531,611.648881046564,623.164186839366,638.884544481415,655.076344925243,,,,Mexico,CO2
GEM-E3_V2021,EN_NPi2100_COV,MEX,Emissions|CO2|Energy|Demand,Mt CO2/yr,,,,,,,,,,,,266.334594743702,,241.577164799673,,,,,244.060488366501,251.168347109682,258.343657777404,268.215817432555,278.227820616121,287.322675978867,298.153742690652,301.378096243743,304.163034147958,307.097828781283,309.909663761118,312.274289508718,315.042495973053,318.244314012787,321.937412022987,326.181470407493,,,,Mexico,CO2
GEM-E3_V2021,EN_NPi2100_COV,MEX,Emissions|CO2|Energy|Demand|AFOFI,Mt CO2/yr,,,,,,,,,,,,9.69970730042637,,8.64148991203125,,,,,8.64956671889507,8.59258997273724,8.46109231328631,8.35439164535274,8.23370182339543,8.06545792492145,7.9458972261991,7.74812451979095,7.51052200753097,7.24736622343861,6.90431379039461,6.60764309793034,6.29735490793501,5.97827465619389,5.66025212693755,5.34895627126607,,,,Mexico,CO2
GEM-E3_V2021,EN_NPi2100_COV,MEX,Emissions|CO2|Energy|Demand|Industry,Mt CO2/yr,,,,,,,,,,,,62.724238776357,,55.9318426764024,,,,,53.6317697711429,56.3556265923005,57.9293020615816,60.5398850846327,62.8758783352568,65.3572529669198,69.5432028123734,73.7321332413379,77.2713472728736,80.3134745644728,82.6384416625593,83.9607483824602,85.132857573485,86.1739625528274,87.1158204910401,87.9941104058847,,,,Mexico,CO2
GEM-E3_V2021,EN_NPi2100_COV,MEX,Emissions|CO2|Energy|Demand|Residential and Commercial,Mt CO2/yr,,,,,,,,,,,,17.6486234035499,,15.716634046106,,,,,16.2741766238291,16.8683314418829,17.7471066095179,18.7437703871434,19.8241749417752,20.9121109411246,21.9063142131725,22.7606917335058,23.6484573629871,24.5675750336768,25.532560104074,26.4955891827696,27.464941166487,28.4598137451489,29.483503040325,30.5507369839498,,,,Mexico,CO2
GEM-E3_V2021,EN_NPi2100_COV,MEX,Emissions|CO2|Energy|Demand|Residential and Commercial|Commercial,Mt CO2/yr,,,,,,,,,,,,10.1962120682454,,9.318442106388,,,,,9.55916302026393,9.62835861948994,9.93732557588636,10.4205350703597,10.9805471207831,11.5767420361691,12.1969839271683,12.7908684256048,13.4202451793198,14.0941981054997,14.8164856704998,15.5810925359422,16.3883146090033,17.2431227452435,18.1502167710343,19.1164641542079,,,,Mexico,CO2
GEM-E3_V2021,EN_NPi2100_COV,MEX,Emissions|CO2|Energy|Demand|Residential and Commercial|Residential,Mt CO2/yr,,,,,,,,,,,,7.45241133530444,,6.398191939718,,,,,6.71501360356522,7.23997282239295,7.80978103363155,8.32323531678369,8.84362782099213,9.33536890495554,9.70933028600425,9.969823307901,10.2282121836673,10.473376928177,10.7160744335742,10.9144966468274,11.0766265574836,11.2166909999054,11.3332862692906,11.4342728297419,,,,Mexico,CO2
GEM-E3_V2021,EN_NPi2100_COV,MEX,Emissions|CO2|Energy|Demand|Transportation,Mt CO2/yr,,,,,,,,,,,,176.262025263368,,161.287198165134,,,,,165.504975252633,169.351799102762,174.206156793018,180.577770315426,187.294065515694,192.987854145901,198.758328438907,197.137146749109,195.732707504566,194.969412959695,194.83434820409,195.210308845558,196.147342325146,197.632263058617,199.677836364684,202.287666746392,,,,Mexico,CO2
GEM-E3_V2021,EN_NPi2100_COV,MEX,Emissions|CO2|Energy|Supply,Mt CO2/yr,,,,,,,,,,,,171.736077676511,,171.230892930129,,,,,184.023563346048,178.554009498638,153.398525905537,147.766053204566,151.902627303368,141.315290061886,150.644697897427,146.637232117901,145.534096082985,148.387956674198,152.864146809311,154.915321275041,161.607988196826,168.181741637716,178.578439450527,189.231162464295,,,,Mexico,CO2
GEM-E3_V2021,EN_NPi2100_COV,MEX,Emissions|CO2|Energy|Supply|Electricity,Mt CO2/yr,,,,,,,,,,,,110.521955797242,,120.767614481249,,,,,129.873247033723,123.250924880841,98.3202323960204,90.5400949128527,91.5317406618107,79.1199379090937,83.6308704568719,75.1612812225529,71.0298098913315,70.634780106095,72.0715063728112,71.5257194074168,75.0247181547784,78.4637501529938,85.2298471467199,92.1764048447576,,,,Mexico,CO2
GEM-E3_V2021,EN_NPi2100_COV,MEX,Emissions|CO2|Energy|Supply|Gases,Mt CO2/yr,,,,,,,,,,,,23.0044497361221,,23.1474106465239,,,,,26.213874728493,26.109753335656,24.6203303845295,25.0642922705057,26.5003224718896,26.452586168494,28.890719381103,31.8336041460518,33.3295011447967,34.9770021582195,36.5639318461476,37.6081638063919,39.1878600533269,40.6630165592808,42.5911729298646,44.5360354132051,,,,Mexico,CO2
GEM-E3_V2021,EN_NPi2100_COV,MEX,Emissions|CO2|Energy|Supply|Liquids,Mt CO2/yr,,,,,,,,,,,,38.2079698514077,,27.3134886019407,,,,,27.9341900145046,29.191069332412,30.4560172994759,32.1598317876533,33.8687841315259,35.741089132727,38.1214489084173,39.6412681154784,41.1738401404922,42.7752937095101,44.2278538934214,45.7805920406033,47.3945722975447,49.0541288526041,50.7565661523909,52.5178626269062,,,,Mexico,CO2
GEM-E3_V2021,EN_NPi2100_COV,MEX,Emissions|CO2|Energy|Supply|Solids,Mt CO2/yr,,,,,,,,,,,,0.0017022917389299,,0.0023792004154423,,,,,0.0022515693271959,0.0022619497286797,0.0019458255119877,0.0018342335549824,0.0017800381417312,0.0016768515717239,0.0016591510351215,0.0010786338183306,0.0009449063645451,0.0008807003732798,0.0008546969311336,0.0008460206292944,0.0008376911760201,0.000846072838037,0.0008532215523476,0.000859579426831,,,,Mexico,CO2
GEM-E3_V2021,EN_NPi2100_COV,MEX,Emissions|CO2|Industrial Processes,Mt CO2/yr,,,,,,,,,,,,67.4538104708083,,71.7286504693292,,,,,78.090956067832,88.6739378764341,94.4932749033106,100.376109473303,105.969905688452,110.983502834721,115.822049892993,120.102170380039,124.161796407618,127.793654996198,131.235779727786,133.675360946564,134.761582253149,136.504744249612,138.139039123884,139.43793935931,,,,Mexico,CO2
GENeSYS-MOD-MEX 2.1,100% Renewable 1.0,MEX,Emissions|CO2|Energy|Demand,Mt CO2/yr,,,,,,,,,,,,90.9944530887598,,82.6398748760193,,,,,67.0681316293244,52.5085672162484,36.2124087805682,23.585951592192,12.323790278785,0.0,,,,,,,,,,,,,,Mexico,CO2
GENeSYS-MOD-MEX 2.1,100% Renewable 1.0,MEX,Emissions|CO2|Energy|Demand|Transportation,Mt CO2/yr,,,,,,,,,,,,90.9944530887598,,82.6398748760193,,,,,67.0681316293244,52.5085672162484,36.2124087805682,23.585951592192,12.323790278785,0.0,,,,,,,,,,,,,,Mexico,CO2
GENeSYS-MOD-MEX 2.1,100% Renewable 1.0,MEX,Emissions|CO2|Energy|Demand|Transportation|Aviation,Mt CO2/yr,,,,,,,,,,,,6.0875858711952,,2.95839566237986,,,,,2.00311905345074,1.30298467912484,0.998882633275049,0.680414118810668,0.347474634051833,0.0,,,,,,,,,,,,,,Mexico,CO2
GENeSYS-MOD-MEX 2.1,100% Renewable 1.0,MEX,Emissions|CO2|Energy|Demand|Transportation|Aviation|Passenger,Mt CO2/yr,,,,,,,,,,,,6.0875858711952,,2.95839566237986,,,,,2.00311905345074,1.30298467912484,0.998882633275049,0.680414118810668,0.347474634051833,0.0,,,,,,,,,,,,,,Mexico,CO2
GENeSYS-MOD-MEX 2.1,100% Renewable 1.0,MEX,Emissions|CO2|Energy|Demand|Transportation|Maritime,Mt CO2/yr,,,,,,,,,,,,0.446837687648886,,0.46440361788396,,,,,0.457596398729309,0.450789179574658,0.443981960420007,0.370611483311886,0.208089050065439,0.0,,,,,,,,,,,,,,Mexico,CO2
GENeSYS-MOD-MEX 2.1,100% Renewable 1.0,MEX,Emissions|CO2|Energy|Demand|Transportation|Maritime|Freight,Mt CO2/yr,,,,,,,,,,,,0.446837687648886,,0.46440361788396,,,,,0.457596398729309,0.450789179574658,0.443981960420007,0.370611483311886,0.208089050065439,0.0,,,,,,,,,,,,,,Mexico,CO2
GENeSYS-MOD-MEX 2.1,100% Renewable 1.0,MEX,Emissions|CO2|Energy|Demand|Transportation|Rail,Mt CO2/yr,,,,,,,,,,,,1.02034038154797,,1.04811363164364,,,,,0.991322411687486,0.959410621383332,0.956231859525266,0.984229124870576,0.0672689296548108,0.0,,,,,,,,,,,,,,Mexico,CO2
GENeSYS-MOD-MEX 2.1,100% Renewable 1.0,MEX,Emissions|CO2|Energy|Demand|Transportation|Rail|Freight,Mt CO2/yr,,,,,,,,,,,,0.920920933105284,,0.98116999065784,,,,,0.968644416309017,0.956118841960193,0.94359326761137,0.920643635796391,0.0672689296548108,0.0,,,,,,,,,,,,,,Mexico,CO2
GENeSYS-MOD-MEX 2.1,100% Renewable 1.0,MEX,Emissions|CO2|Energy|Demand|Transportation|Rail|Passenger,Mt CO2/yr,,,,,,,,,,,,0.099419448442691,,0.0669436409858068,,,,,0.0226779953784694,0.0032917794231391,0.0126385919138964,0.0635854890741847,,0.0,,,,,,,,,,,,,,Mexico,CO2
GENeSYS-MOD-MEX 2.1,100% Renewable 1.0,MEX,Emissions|CO2|Energy|Demand|Transportation|Road,Mt CO2/yr,,,,,,,,,,,,83.4396891483677,,78.1689619641119,,,,,63.6160937654569,49.7953827361655,33.8133123273479,21.5506968651989,11.7009576650129,0.0,,,,,,,,,,,,,,Mexico,CO2
GENeSYS-MOD-MEX 2.1,100% Renewable 1.0,MEX,Emissions|CO2|Energy|Demand|Transportation|Road|Freight,Mt CO2/yr,,,,,,,,,,,,25.119148061369,,25.0668435796567,,,,,23.9311920158769,22.2501907852155,18.9714003942659,14.7182654997633,8.15520637454178,0.0,,,,,,,,,,,,,,Mexico,CO2
GENeSYS-MOD-MEX 2.1,100% Renewable 1.0,MEX,Emissions|CO2|Energy|Demand|Transportation|Road|Passenger,Mt CO2/yr,,,,,,,,,,,,58.3205410869987,,53.1021183844551,,,,,39.6849017495799,27.54519195095,14.8419119330819,6.83243136543552,3.54575129047115,0.0,,,,,,,,,,,,,,Mexico,CO2
GENeSYS-MOD-MEX 2.1,100% Renewable 1.0,MEX,Emissions|CO2|Energy|Supply,Mt CO2/yr,,,,,,,,,,,,106.409420159001,,124.198503191784,,,,,115.349520068484,90.1178681303783,44.2469292787624,13.6229625233175,0.722945514278804,0.0,,,,,,,,,,,,,,Mexico,CO2
GENeSYS-MOD-MEX 2.1,100% Renewable 1.0,MEX,Emissions|CO2|Energy|Supply|Electricity,Mt CO2/yr,,,,,,,,,,,,106.409420159001,,124.198503191784,,,,,115.349520068484,90.1178681303783,44.2469292787624,13.6229625233175,0.722945514278804,0.0,,,,,,,,,,,,,,Mexico,CO2
GENeSYS-MOD-MEX 2.1,BAU 1.0,MEX,Emissions|CO2|Energy|Demand,Mt CO2/yr,,,,,,,,,,,,91.2487486976702,,83.1261565361391,,,,,73.3266914128988,69.2347148661885,61.8247030588113,51.296356302895,53.0135926781591,54.6802008810026,,,,,,,,,,,,,,Mexico,CO2
GENeSYS-MOD-MEX 2.1,BAU 1.0,MEX,Emissions|CO2|Energy|Demand|Transportation,Mt CO2/yr,,,,,,,,,,,,91.2487486976702,,83.1261565361391,,,,,73.3266914128988,69.2347148661885,61.8247030588113,51.296356302895,53.0135926781591,54.6802008810026,,,,,,,,,,,,,,Mexico,CO2
GENeSYS-MOD-MEX 2.1,BAU 1.0,MEX,Emissions|CO2|Energy|Demand|Transportation|Aviation,Mt CO2/yr,,,,,,,,,,,,6.0875858711952,,5.79292001917194,,,,,5.86172790642601,5.92858029001806,5.99329579965029,6.05568565741495,6.11555355931226,6.03079452007028,,,,,,,,,,,,,,Mexico,CO2
GENeSYS-MOD-MEX 2.1,BAU 1.0,MEX,Emissions|CO2|Energy|Demand|Transportation|Aviation|Passenger,Mt CO2/yr,,,,,,,,,,,,6.0875858711952,,5.79292001917194,,,,,5.86172790642601,5.92858029001806,5.99329579965029,6.05568565741495,6.11555355931226,6.03079452007028,,,,,,,,,,,,,,Mexico,CO2
GENeSYS-MOD-MEX 2.1,BAU 1.0,MEX,Emissions|CO2|Energy|Demand|Transportation|Maritime,Mt CO2/yr,,,,,,,,,,,,0.446837687648886,,0.493361047066692,,,,,0.54461123656992,0.536509581811028,0.530553012783011,0.522418469145793,0.54461075043617,0.578237550677208,,,,,,,,,,,,,,Mexico,CO2
GENeSYS-MOD-MEX 2.1,BAU 1.0,MEX,Emissions|CO2|Energy|Demand|Transportation|Maritime|Freight,Mt CO2/yr,,,,,,,,,,,,0.446837687648886,,0.493361047066692,,,,,0.54461123656992,0.536509581811028,0.530553012783011,0.522418469145793,0.54461075043617,0.578237550677208,,,,,,,,,,,,,,Mexico,CO2
GENeSYS-MOD-MEX 2.1,BAU 1.0,MEX,Emissions|CO2|Energy|Demand|Transportation|Rail,Mt CO2/yr,,,,,,,,,,,,1.27463599045834,,1.39988358217981,,,,,1.35503273515691,1.32743516475587,1.3663187257053,1.35455679888233,1.37311460429165,1.45177348653709,,,,,,,,,,,,,,Mexico,CO2
GENeSYS-MOD-MEX 2.1,BAU 1.0,MEX,Emissions|CO2|Energy|Demand|Transportation|Rail|Freight,Mt CO2/yr,,,,,,,,,,,,1.1511511663816,,1.27438642551201,,,,,1.25811766263313,1.24184889975425,1.22558013687538,1.2093113739965,1.26222957506343,1.33667596174932,,,,,,,,,,,,,,Mexico,CO2
GENeSYS-MOD-MEX 2.1,BAU 1.0,MEX,Emissions|CO2|Energy|Demand|Transportation|Rail|Passenger,Mt CO2/yr,,,,,,,,,,,,0.123484824076734,,0.125497156667801,,,,,0.0969150725237752,0.085586265001617,0.140738588829924,0.145245424885827,0.110885029228219,0.115097524787774,,,,,,,,,,,,,,Mexico,CO2
GENeSYS-MOD-MEX 2.1,BAU 1.0,MEX,Emissions|CO2|Energy|Demand|Transportation|Road,Mt CO2/yr,,,,,,,,,,,,83.4396891483677,,75.4399918877207,,,,,65.5653195347459,61.4421898296035,53.9345355206726,43.363695377452,44.9803137641191,46.619395323718,,,,,,,,,,,,,,Mexico,CO2
GENeSYS-MOD-MEX 2.1,BAU 1.0,MEX,Emissions|CO2|Energy|Demand|Transportation|Road|Freight,Mt CO2/yr,,,,,,,,,,,,25.119148061369,,25.0668435796567,,,,,24.7031659518729,24.8175204912019,26.5599605519723,26.2826169638631,27.9607075698575,29.6907430337283,,,,,,,,,,,,,,Mexico,CO2
GENeSYS-MOD-MEX 2.1,BAU 1.0,MEX,Emissions|CO2|Energy|Demand|Transportation|Road|Passenger,Mt CO2/yr,,,,,,,,,,,,58.3205410869987,,50.3731483080639,,,,,40.8621535828729,36.6246693384015,27.3745749687002,17.0810784135888,17.0196061942615,16.9286522899896,,,,,,,,,,,,,,Mexico,CO2
GENeSYS-MOD-MEX 2.1,BAU 1.0,MEX,Emissions|CO2|Energy|Supply,Mt CO2/yr,,,,,,,,,,,,104.737449955153,,107.986587906236,,,,,114.448992057455,113.612738997879,108.650074753237,102.646531300111,89.8387351515335,91.9361720836488,,,,,,,,,,,,,,Mexico,CO2
GENeSYS-MOD-MEX 2.1,BAU 1.0,MEX,Emissions|CO2|Energy|Supply|Electricity,Mt CO2/yr,,,,,,,,,,,,104.737449955153,,107.986587906236,,,,,114.448992057455,113.612738997879,108.650074753237,102.646531300111,89.8387351515335,91.9361720836488,,,,,,,,,,,,,,Mexico,CO2
GENeSYS-MOD-MEX 2.1,Climate Goals 1.0,MEX,Emissions|CO2|Energy|Demand,Mt CO2/yr,,,,,,,,,,,,91.2474164466477,,85.7826965621499,,,,,76.0048094720601,68.7353603355989,55.2696536549256,41.4849247489011,31.6607242634174,21.1930518559135,,,,,,,,,,,,,,Mexico,CO2
GENeSYS-MOD-MEX 2.1,Climate Goals 1.0,MEX,Emissions|CO2|Energy|Demand|Transportation,Mt CO2/yr,,,,,,,,,,,,91.2474164466477,,85.7826965621499,,,,,76.0048094720601,68.7353603355989,55.2696536549256,41.4849247489011,31.6607242634174,21.1930518559135,,,,,,,,,,,,,,Mexico,CO2
GENeSYS-MOD-MEX 2.1,Climate Goals 1.0,MEX,Emissions|CO2|Energy|Demand|Transportation|Aviation,Mt CO2/yr,,,,,,,,,,,,6.0875858711952,,5.91749894431542,,,,,5.73429903889501,5.53768488628059,5.32737404413359,5.10310589108001,4.86464487672566,4.61178404475962,,,,,,,,,,,,,,Mexico,CO2
GENeSYS-MOD-MEX 2.1,Climate Goals 1.0,MEX,Emissions|CO2|Energy|Demand|Transportation|Aviation|Passenger,Mt CO2/yr,,,,,,,,,,,,6.0875858711952,,5.91749894431542,,,,,5.73429903889501,5.53768488628059,5.32737404413359,5.10310589108001,4.86464487672566,4.61178404475962,,,,,,,,,,,,,,Mexico,CO2
GENeSYS-MOD-MEX 2.1,Climate Goals 1.0,MEX,Emissions|CO2|Energy|Demand|Transportation|Maritime,Mt CO2/yr,,,,,,,,,,,,0.446837687648886,,0.493361047066692,,,,,0.486129370481024,0.478897693895356,0.471666017309688,0.46443434072402,0.457202664138351,0.311358681133881,,,,,,,,,,,,,,Mexico,CO2
GENeSYS-MOD-MEX 2.1,Climate Goals 1.0,MEX,Emissions|CO2|Energy|Demand|Transportation|Maritime|Freight,Mt CO2/yr,,,,,,,,,,,,0.446837687648886,,0.493361047066692,,,,,0.486129370481024,0.478897693895356,0.471666017309688,0.46443434072402,0.457202664138351,0.311358681133881,,,,,,,,,,,,,,Mexico,CO2
GENeSYS-MOD-MEX 2.1,Climate Goals 1.0,MEX,Emissions|CO2|Energy|Demand|Transportation|Rail,Mt CO2/yr,,,,,,,,,,,,1.27330373943587,,1.30298373916781,,,,,1.20762649328967,1.16284835532127,1.22724140589997,1.22642821513549,0.100360360150647,0.0544672782919866,,,,,,,,,,,,,,Mexico,CO2
GENeSYS-MOD-MEX 2.1,Climate Goals 1.0,MEX,Emissions|CO2|Energy|Demand|Transportation|Rail|Freight,Mt CO2/yr,,,,,,,,,,,,1.1511511663816,,1.18579649149168,,,,,1.17065866394072,1.15552083638976,1.14038300883881,1.12524518128785,0.0460180402749063,,,,,,,,,,,,,,,Mexico,CO2
GENeSYS-MOD-MEX 2.1,Climate Goals 1.0,MEX,Emissions|CO2|Energy|Demand|Transportation|Rail|Passenger,Mt CO2/yr,,,,,,,,,,,,0.122152573054273,,0.117187247676132,,,,,0.0369678293489503,0.0073275189315031,0.0868583970611649,0.101183033847643,0.0543423198757408,0.0544672782919866,,,,,,,,,,,,,,Mexico,CO2
GENeSYS-MOD-MEX 2.1,Climate Goals 1.0,MEX,Emissions|CO2|Energy|Demand|Transportation|Road,Mt CO2/yr,,,,,,,,,,,,83.4396891483677,,78.0688528316,,,,,68.5767545693944,61.5559294001016,48.2433721875824,34.6909563019616,26.2385163624028,16.215441851728,,,,,,,,,,,,,,Mexico,CO2
GENeSYS-MOD-MEX 2.1,Climate Goals 1.0,MEX,Emissions|CO2|Energy|Demand|Transportation|Road|Freight,Mt CO2/yr,,,,,,,,,,,,25.119148061369,,25.0668435796567,,,,,24.7031659518729,23.9617439225398,22.7656804731191,21.0260935710905,16.3104127490835,10.3272149682533,,,,,,,,,,,,,,Mexico,CO2
GENeSYS-MOD-MEX 2.1,Climate Goals 1.0,MEX,Emissions|CO2|Energy|Demand|Transportation|Road|Passenger,Mt CO2/yr,,,,,,,,,,,,58.3205410869987,,53.0020092519432,,,,,43.8735886175214,37.5941854775618,25.4776917144632,13.664862730871,9.92810361331924,5.88822688347468,,,,,,,,,,,,,,Mexico,CO2
GENeSYS-MOD-MEX 2.1,Climate Goals 1.0,MEX,Emissions|CO2|Energy|Supply,Mt CO2/yr,,,,,,,,,,,,105.305450862339,,109.031001602176,,,,,111.28695958599,103.997383721901,95.8983183322479,82.2966996363632,58.9539415000914,31.927626967898,,,,,,,,,,,,,,Mexico,CO2
GENeSYS-MOD-MEX 2.1,Climate Goals 1.0,MEX,Emissions|CO2|Energy|Supply|Electricity,Mt CO2/yr,,,,,,,,,,,,105.305450862339,,109.031001602176,,,,,111.28695958599,103.997383721901,95.8983183322479,82.2966996363632,58.9539415000914,31.927626967898,,,,,,,,,,,,,,Mexico,CO2
GENeSYS-MOD-MEX 2.1,National Targets 1.0,MEX,Emissions|CO2|Energy|Demand,Mt CO2/yr,,,,,,,,,,,,91.2405340910846,,85.7583251362409,,,,,76.2364758998718,68.9359094720751,57.0399055069964,41.4849243861875,31.6607239092888,21.2838359628558,,,,,,,,,,,,,,Mexico,CO2
GENeSYS-MOD-MEX 2.1,National Targets 1.0,MEX,Emissions|CO2|Energy|Demand|Transportation,Mt CO2/yr,,,,,,,,,,,,91.2405340910846,,85.7583251362409,,,,,76.2364758998718,68.9359094720751,57.0399055069964,41.4849243861875,31.6607239092888,21.2838359628558,,,,,,,,,,,,,,Mexico,CO2
GENeSYS-MOD-MEX 2.1,National Targets 1.0,MEX,Emissions|CO2|Energy|Demand|Transportation|Aviation,Mt CO2/yr,,,,,,,,,,,,6.0875858711952,,5.91749894431542,,,,,5.73429903889501,5.53768488628059,5.32737404413359,5.10310589108001,4.86464487672566,4.61178404475962,,,,,,,,,,,,,,Mexico,CO2
GENeSYS-MOD-MEX 2.1,National Targets 1.0,MEX,Emissions|CO2|Energy|Demand|Transportation|Aviation|Passenger,Mt CO2/yr,,,,,,,,,,,,6.0875858711952,,5.91749894431542,,,,,5.73429903889501,5.53768488628059,5.32737404413359,5.10310589108001,4.86464487672566,4.61178404475962,,,,,,,,,,,,,,Mexico,CO2
GENeSYS-MOD-MEX 2.1,National Targets 1.0,MEX,Emissions|CO2|Energy|Demand|Transportation|Maritime,Mt CO2/yr,,,,,,,,,,,,0.446837687648886,,0.493361047066692,,,,,0.486129370481024,0.478897693895356,0.471666017309688,0.46443434072402,0.457202664138351,0.311358681133881,,,,,,,,,,,,,,Mexico,CO2
GENeSYS-MOD-MEX 2.1,National Targets 1.0,MEX,Emissions|CO2|Energy|Demand|Transportation|Maritime|Freight,Mt CO2/yr,,,,,,,,,,,,0.446837687648886,,0.493361047066692,,,,,0.486129370481024,0.478897693895356,0.471666017309688,0.46443434072402,0.457202664138351,0.311358681133881,,,,,,,,,,,,,,Mexico,CO2
GENeSYS-MOD-MEX 2.1,National Targets 1.0,MEX,Emissions|CO2|Energy|Demand|Transportation|Rail,Mt CO2/yr,,,,,,,,,,,,1.26642138387276,,1.29881025292166,,,,,1.20179374792107,1.15900881649557,1.2477014174809,1.22642785242188,0.100360006021975,0.058707145762608,,,,,,,,,,,,,,Mexico,CO2
GENeSYS-MOD-MEX 2.1,National Targets 1.0,MEX,Emissions|CO2|Energy|Demand|Transportation|Rail|Freight,Mt CO2/yr,,,,,,,,,,,,1.1511511663816,,1.18579649149168,,,,,1.17065866394072,1.15552083638977,1.14038300883881,1.12524518128785,0.0460180402749084,,,,,,,,,,,,,,,Mexico,CO2
GENeSYS-MOD-MEX 2.1,National Targets 1.0,MEX,Emissions|CO2|Energy|Demand|Transportation|Rail|Passenger,Mt CO2/yr,,,,,,,,,,,,0.115270217491163,,0.113013761429982,,,,,0.0311350839803467,0.0034879801058037,0.10731840864209,0.101182671134032,0.0543419657470669,0.058707145762608,,,,,,,,,,,,,,Mexico,CO2
GENeSYS-MOD-MEX 2.1,National Targets 1.0,MEX,Emissions|CO2|Energy|Demand|Transportation|Road,Mt CO2/yr,,,,,,,,,,,,83.4396891483677,,78.0486548919371,,,,,68.8142537425747,61.7603180754036,49.9931640280722,34.6909563019616,26.2385163624028,16.3019860911997,,,,,,,,,,,,,,Mexico,CO2
GENeSYS-MOD-MEX 2.1,National Targets 1.0,MEX,Emissions|CO2|Energy|Demand|Transportation|Road|Freight,Mt CO2/yr,,,,,,,,,,,,25.119148061369,,25.0668435796567,,,,,24.7031659518729,23.9617439225398,22.7656804731191,21.0260935710905,16.3104127490835,10.3272149682533,,,,,,,,,,,,,,Mexico,CO2
GENeSYS-MOD-MEX 2.1,National Targets 1.0,MEX,Emissions|CO2|Energy|Demand|Transportation|Road|Passenger,Mt CO2/yr,,,,,,,,,,,,58.3205410869987,,52.9818113122803,,,,,44.1110877907017,37.7985741528638,27.227483554953,13.664862730871,9.92810361331924,5.97477112294634,,,,,,,,,,,,,,Mexico,CO2
GENeSYS-MOD-MEX 2.1,National Targets 1.0,MEX,Emissions|CO2|Energy|Supply,Mt CO2/yr,,,,,,,,,,,,104.976116599301,,107.461549919304,,,,,113.592164681595,110.459129732406,105.76414790068,98.7839001949778,86.5650683318331,85.357219888485,,,,,,,,,,,,,,Mexico,CO2
GENeSYS-MOD-MEX 2.1,National Targets 1.0,MEX,Emissions|CO2|Energy|Supply|Electricity,Mt CO2/yr,,,,,,,,,,,,104.976116599301,,107.461549919304,,,,,113.592164681595,110.459129732406,105.76414790068,98.7839001949778,86.5650683318331,85.357219888485,,,,,,,,,,,,,,Mexico,CO2
Global Transportation Roadmap 2019.05,ICE Policy Potential,MEX,Emissions|CO2|Energy|Demand|Transportation|Rail,Mt CO2/yr,,,,,,,3.85,,,,,4.26,,4.82,,,,,5.49,6.16,6.88,7.59,,8.88,,,,,,,,,,,,,,Mexico,CO2
Global Transportation Roadmap 2019.05,ICE Policy Potential,MEX,Emissions|CO2|Energy|Demand|Transportation|Rail|Freight,Mt CO2/yr,,,,,,,3.63,,,,,4.0,,4.45,,,,,5.05,5.7,6.35,6.95,,8.06,,,,,,,,,,,,,,Mexico,CO2
Global Transportation Roadmap 2019.05,ICE Policy Potential,MEX,Emissions|CO2|Energy|Demand|Transportation|Rail|Passenger,Mt CO2/yr,,,,,,,0.22,,,,,0.26,,0.37,,,,,0.43,0.46,0.54,0.64,,0.82,,,,,,,,,,,,,,Mexico,CO2
Global Transportation Roadmap 2019.05,ICE Policy Potential,MEX,Emissions|CO2|Energy|Demand|Transportation|Road,Mt CO2/yr,,,,,,,146.19,,,,,183.72,,191.42,,,,,197.59,195.08,194.9,180.58,,157.37,,,,,,,,,,,,,,Mexico,CO2
Global Transportation Roadmap 2019.05,ICE Policy Potential,MEX,Emissions|CO2|Energy|Demand|Transportation|Road|Freight,Mt CO2/yr,,,,,,,72.76,,,,,90.2,,96.4,,,,,98.06,98.65,94.56,88.12,,77.61,,,,,,,,,,,,,,Mexico,CO2
Global Transportation Roadmap 2019.05,ICE Policy Potential,MEX,Emissions|CO2|Energy|Demand|Transportation|Road|Passenger,Mt CO2/yr,,,,,,,73.43,,,,,93.52,,95.02,,,,,99.53,96.43,100.34,92.46,,79.76,,,,,,,,,,,,,,Mexico,CO2
Global Transportation Roadmap 2019.05,ICE Policy Potential,MEX,Emissions|CO2|Energy|Demand|Transportation|Road|Passenger|2W&3W,Mt CO2/yr,,,,,,,0.65,,,,,1.17,,1.49,,,,,1.68,1.92,1.88,1.84,,1.71,,,,,,,,,,,,,,Mexico,CO2
Global Transportation Roadmap 2019.05,ICE Policy Potential,MEX,Emissions|CO2|Energy|Demand|Transportation|Road|Passenger|Bus,Mt CO2/yr,,,,,,,3.73,,,,,4.87,,6.11,,,,,6.03,5.71,5.73,5.21,,4.82,,,,,,,,,,,,,,Mexico,CO2
Global Transportation Roadmap 2019.05,ICE Policy Potential,MEX,Emissions|CO2|Energy|Demand|Transportation|Road|Passenger|LDV,Mt CO2/yr,,,,,,,69.05,,,,,87.48,,87.42,,,,,91.81,88.8,92.72,85.41,,73.24,,,,,,,,,,,,,,Mexico,CO2
Global Transportation Roadmap 2019.05,With Currently Adopted Policies,MEX,Emissions|CO2|Energy|Demand|Transportation|Rail,Mt CO2/yr,,,,,,,3.85,,,,,4.26,,4.82,,,,,5.49,6.16,6.88,7.59,,8.88,,,,,,,,,,,,,,Mexico,CO2
Global Transportation Roadmap 2019.05,With Currently Adopted Policies,MEX,Emissions|CO2|Energy|Demand|Transportation|Rail|Freight,Mt CO2/yr,,,,,,,3.63,,,,,4.0,,4.45,,,,,5.05,5.7,6.35,6.95,,8.06,,,,,,,,,,,,,,Mexico,CO2
Global Transportation Roadmap 2019.05,With Currently Adopted Policies,MEX,Emissions|CO2|Energy|Demand|Transportation|Rail|Passenger,Mt CO2/yr,,,,,,,0.22,,,,,0.26,,0.37,,,,,0.43,0.46,0.54,0.64,,0.82,,,,,,,,,,,,,,Mexico,CO2
Global Transportation Roadmap 2019.05,With Currently Adopted Policies,MEX,Emissions|CO2|Energy|Demand|Transportation|Road,Mt CO2/yr,,,,,,,146.19,,,,,183.72,,191.42,,,,,202.96,217.31,244.15,255.54,,274.79,,,,,,,,,,,,,,Mexico,CO2
Global Transportation Roadmap 2019.05,With Currently Adopted Policies,MEX,Emissions|CO2|Energy|Demand|Transportation|Road|Freight,Mt CO2/yr,,,,,,,72.76,,,,,90.2,,96.4,,,,,99.67,107.64,116.39,123.3,,135.41,,,,,,,,,,,,,,Mexico,CO2
Global Transportation Roadmap 2019.05,With Currently Adopted Policies,MEX,Emissions|CO2|Energy|Demand|Transportation|Road|Passenger,Mt CO2/yr,,,,,,,73.43,,,,,93.52,,95.02,,,,,103.28,109.66,127.76,132.24,,139.38,,,,,,,,,,,,,,Mexico,CO2
Global Transportation Roadmap 2019.05,With Currently Adopted Policies,MEX,Emissions|CO2|Energy|Demand|Transportation|Road|Passenger|2W&3W,Mt CO2/yr,,,,,,,0.65,,,,,1.17,,1.49,,,,,1.7,2.02,2.13,2.23,,2.34,,,,,,,,,,,,,,Mexico,CO2
Global Transportation Roadmap 2019.05,With Currently Adopted Policies,MEX,Emissions|CO2|Energy|Demand|Transportation|Road|Passenger|Bus,Mt CO2/yr,,,,,,,3.73,,,,,4.87,,6.11,,,,,6.11,6.11,6.72,6.72,,7.33,,,,,,,,,,,,,,Mexico,CO2
Global Transportation Roadmap 2019.05,With Currently Adopted Policies,MEX,Emissions|CO2|Energy|Demand|Transportation|Road|Passenger|LDV,Mt CO2/yr,,,,,,,69.05,,,,,87.48,,87.42,,,,,95.47,101.54,118.91,123.29,,129.7,,,,,,,,,,,,,,Mexico,CO2
ICES-XPS 1.0,CSH,MEX,Emissions|CO2|Energy|Demand,Mt CO2/yr,,,,,,,,,,,,238.25998,,305.97375,,,,,306.36868,307.71011,,,,,,,,,,,,,,,,,,Mexico,CO2
ICES-XPS 1.0,CSH,MEX,Emissions|CO2|Energy|Demand|AFOFI,Mt CO2/yr,,,,,,,,,,,,7.3853989,,7.2084317,,,,,7.1449299,7.0939393,,,,,,,,,,,,,,,,,,Mexico,CO2
ICES-XPS 1.0,CSH,MEX,Emissions|CO2|Energy|Demand|Industry,Mt CO2/yr,,,,,,,,,,,,43.948647,,37.244465,,,,,41.143467,44.458672,,,,,,,,,,,,,,,,,,Mexico,CO2
ICES-XPS 1.0,CSH,MEX,Emissions|CO2|Energy|Demand|Residential and Commercial,Mt CO2/yr,,,,,,,,,,,,42.231884,,22.403372,,,,,22.935263,23.454037,,,,,,,,,,,,,,,,,,Mexico,CO2
ICES-XPS 1.0,CSH,MEX,Emissions|CO2|Energy|Demand|Residential and Commercial|Commercial,Mt CO2/yr,,,,,,,,,,,,6.9910045,,7.7810826,,,,,7.7677989,7.7021604,,,,,,,,,,,,,,,,,,Mexico,CO2
ICES-XPS 1.0,CSH,MEX,Emissions|CO2|Energy|Demand|Residential and Commercial|Residential,Mt CO2/yr,,,,,,,,,,,,35.240883,,14.62229,,,,,15.167464,15.751876,,,,,,,,,,,,,,,,,,Mexico,CO2
ICES-XPS 1.0,CSH,MEX,Emissions|CO2|Energy|Demand|Transportation,Mt CO2/yr,,,,,,,,,,,,144.69405,,239.11749,,,,,235.14502,232.70348,,,,,,,,,,,,,,,,,,Mexico,CO2
ICES-XPS 1.0,CSH,MEX,Emissions|CO2|Energy|Supply,Mt CO2/yr,,,,,,,,,,,,177.85522,,178.7296,,,,,191.45625,195.91203,,,,,,,,,,,,,,,,,,Mexico,CO2
ICES-XPS 1.0,CSH,MEX,Emissions|CO2|Energy|Supply|Electricity,Mt CO2/yr,,,,,,,,,,,,118.52532,,109.30376,,,,,119.61504,122.86514,,,,,,,,,,,,,,,,,,Mexico,CO2
ICES-XPS 1.0,CSH,MEX,Emissions|CO2|Energy|Supply|Gases,Mt CO2/yr,,,,,,,,,,,,19.472769,,19.972601,,,,,22.442726,24.868668,,,,,,,,,,,,,,,,,,Mexico,CO2
ICES-XPS 1.0,CSH,MEX,Emissions|CO2|Energy|Supply|Liquids,Mt CO2/yr,,,,,,,,,,,,39.855354,,49.451157,,,,,49.396214,48.175999,,,,,,,,,,,,,,,,,,Mexico,CO2
ICES-XPS 1.0,CSH,MEX,Emissions|CO2|Energy|Supply|Solids,Mt CO2/yr,,,,,,,,,,,,0.00178115652,,0.00206964067,,,,,0.00228408654,0.00223207986,,,,,,,,,,,,,,,,,,Mexico,CO2
ICES-XPS 1.0,PCSH,MEX,Emissions|CO2|Energy|Demand,Mt CO2/yr,,,,,,,,,,,,238.25998,,302.13242,,,,,300.86243,300.37503,,,,,,,,,,,,,,,,,,Mexico,CO2
ICES-XPS 1.0,PCSH,MEX,Emissions|CO2|Energy|Demand|AFOFI,Mt CO2/yr,,,,,,,,,,,,7.3853989,,7.1279669,,,,,7.1164417,7.0913596,,,,,,,,,,,,,,,,,,Mexico,CO2
ICES-XPS 1.0,PCSH,MEX,Emissions|CO2|Energy|Demand|Industry,Mt CO2/yr,,,,,,,,,,,,43.948647,,36.748432,,,,,40.445267,43.111103,,,,,,,,,,,,,,,,,,Mexico,CO2
ICES-XPS 1.0,PCSH,MEX,Emissions|CO2|Energy|Demand|Residential and Commercial,Mt CO2/yr,,,,,,,,,,,,42.231884,,22.138077,,,,,22.67452,23.136555,,,,,,,,,,,,,,,,,,Mexico,CO2
ICES-XPS 1.0,PCSH,MEX,Emissions|CO2|Energy|Demand|Residential and Commercial|Commercial,Mt CO2/yr,,,,,,,,,,,,6.9910045,,7.6648583,,,,,7.6642637,7.5786629,,,,,,,,,,,,,,,,,,Mexico,CO2
ICES-XPS 1.0,PCSH,MEX,Emissions|CO2|Energy|Demand|Residential and Commercial|Residential,Mt CO2/yr,,,,,,,,,,,,35.240883,,14.473218,,,,,15.010257,15.557893,,,,,,,,,,,,,,,,,,Mexico,CO2
ICES-XPS 1.0,PCSH,MEX,Emissions|CO2|Energy|Demand|Transportation,Mt CO2/yr,,,,,,,,,,,,144.69405,,236.11794,,,,,230.62621,227.03603,,,,,,,,,,,,,,,,,,Mexico,CO2
ICES-XPS 1.0,PCSH,MEX,Emissions|CO2|Energy|Supply,Mt CO2/yr,,,,,,,,,,,,177.85522,,174.80524,,,,,187.21683,191.14072,,,,,,,,,,,,,,,,,,Mexico,CO2
ICES-XPS 1.0,PCSH,MEX,Emissions|CO2|Energy|Supply|Electricity,Mt CO2/yr,,,,,,,,,,,,118.52532,,106.18037,,,,,116.30352,119.41365,,,,,,,,,,,,,,,,,,Mexico,CO2
ICES-XPS 1.0,PCSH,MEX,Emissions|CO2|Energy|Supply|Gases,Mt CO2/yr,,,,,,,,,,,,19.472769,,19.664171,,,,,22.018208,24.160568,,,,,,,,,,,,,,,,,,Mexico,CO2
ICES-XPS 1.0,PCSH,MEX,Emissions|CO2|Energy|Supply|Liquids,Mt CO2/yr,,,,,,,,,,,,39.855354,,48.958694,,,,,48.892895,47.564323,,,,,,,,,,,,,,,,,,Mexico,CO2
ICES-XPS 1.0,PCSH,MEX,Emissions|CO2|Energy|Supply|Solids,Mt CO2/yr,,,,,,,,,,,,0.00178115652,,0.00200253795,,,,,0.00221185479,0.00217058719,,,,,,,,,,,,,,,,,,Mexico,CO2
ICES-XPS 1.0,PR_Baseline,MEX,Emissions|CO2|Energy|Demand,Mt CO2/yr,,,,,,,,,,,,191.94928,,170.66464,,,,,168.30992,169.65788,180.16577,189.71716,197.68593,202.7697,,,,,,,,,,,,,,Mexico,CO2
ICES-XPS 1.0,PR_Baseline,MEX,Emissions|CO2|Energy|Demand|AFOFI,Mt CO2/yr,,,,,,,,,,,,7.9144807,,8.4228954,,,,,8.0342665,7.8946857,8.0199203,7.9588661,7.7838697,7.4915047,,,,,,,,,,,,,,Mexico,CO2
ICES-XPS 1.0,PR_Baseline,MEX,Emissions|CO2|Energy|Demand|Industry,Mt CO2/yr,,,,,,,,,,,,45.718506,,42.613571,,,,,44.166592,46.33017,49.656143,51.791004,53.13303,53.311401,,,,,,,,,,,,,,Mexico,CO2
ICES-XPS 1.0,PR_Baseline,MEX,Emissions|CO2|Energy|Demand|Residential and Commercial,Mt CO2/yr,,,,,,,,,,,,42.938538,,22.957397,,,,,22.59656,22.852604,24.242847,25.418398,26.402493,27.056641,,,,,,,,,,,,,,Mexico,CO2
ICES-XPS 1.0,PR_Baseline,MEX,Emissions|CO2|Energy|Demand|Residential and Commercial|Commercial,Mt CO2/yr,,,,,,,,,,,,7.0696077,,7.7974873,,,,,7.3666782,7.1817794,7.5268755,7.7990851,7.9843006,8.0157375,,,,,,,,,,,,,,Mexico,CO2
ICES-XPS 1.0,PR_Baseline,MEX,Emissions|CO2|Energy|Demand|Residential and Commercial|Residential,Mt CO2/yr,,,,,,,,,,,,35.868931,,15.159911,,,,,15.229881,15.670824,16.715971,17.619312,18.418192,19.040903,,,,,,,,,,,,,,Mexico,CO2
ICES-XPS 1.0,PR_Baseline,MEX,Emissions|CO2|Energy|Demand|Transportation,Mt CO2/yr,,,,,,,,,,,,95.377754,,96.670776,,,,,93.512497,92.580421,98.246857,104.5489,110.36654,114.91016,,,,,,,,,,,,,,Mexico,CO2
ICES-XPS 1.0,PR_Baseline,MEX,Emissions|CO2|Energy|Supply,Mt CO2/yr,,,,,,,,,,,,170.72739,,158.43674,,,,,160.54164,161.67503,168.43887,167.25343,159.20172,146.17593,,,,,,,,,,,,,,Mexico,CO2
ICES-XPS 1.0,PR_Baseline,MEX,Emissions|CO2|Energy|Supply|Electricity,Mt CO2/yr,,,,,,,,,,,,122.50638,,116.39114,,,,,117.13544,116.6351,119.50214,115.56512,106.61527,94.491585,,,,,,,,,,,,,,Mexico,CO2
ICES-XPS 1.0,PR_Baseline,MEX,Emissions|CO2|Energy|Supply|Gases,Mt CO2/yr,,,,,,,,,,,,17.935925,,16.19264,,,,,18.192045,20.221857,22.424223,23.912142,24.643576,24.596262,,,,,,,,,,,,,,Mexico,CO2
ICES-XPS 1.0,PR_Baseline,MEX,Emissions|CO2|Energy|Supply|Liquids,Mt CO2/yr,,,,,,,,,,,,30.283581,,25.851608,,,,,25.212603,24.816544,26.510895,27.774469,27.94124,27.086626,,,,,,,,,,,,,,Mexico,CO2
ICES-XPS 1.0,PR_Baseline,MEX,Emissions|CO2|Energy|Supply|Solids,Mt CO2/yr,,,,,,,,,,,,0.00150964095,,0.00134585518,,,,,0.00155587518,0.00152827054,0.00162159745,0.00170382403,0.00163147668,0.00145708304,,,,,,,,,,,,,,Mexico,CO2
ICES-XPS 1.0,PR_CP_Intensity,MEX,Emissions|CO2|Energy|Demand,Mt CO2/yr,,,,,,,,,,,,191.94991,,168.84103,,,,,167.17192,169.14584,176.81084,185.3804,193.71996,199.40103,,,,,,,,,,,,,,Mexico,CO2
ICES-XPS 1.0,PR_CP_Intensity,MEX,Emissions|CO2|Energy|Demand|AFOFI,Mt CO2/yr,,,,,,,,,,,,7.9145451,,8.3378096,,,,,7.9986596,7.8972983,7.9106278,7.8130832,7.649157,7.3836946,,,,,,,,,,,,,,Mexico,CO2
ICES-XPS 1.0,PR_CP_Intensity,MEX,Emissions|CO2|Energy|Demand|Industry,Mt CO2/yr,,,,,,,,,,,,45.718922,,42.087543,,,,,43.70261,45.906734,47.981888,49.422073,50.355923,50.011238,,,,,,,,,,,,,,Mexico,CO2
ICES-XPS 1.0,PR_CP_Intensity,MEX,Emissions|CO2|Energy|Demand|Residential and Commercial,Mt CO2/yr,,,,,,,,,,,,42.938229,,22.720549,,,,,22.450569,22.799562,23.852175,24.923191,25.982643,26.777142,,,,,,,,,,,,,,Mexico,CO2
ICES-XPS 1.0,PR_CP_Intensity,MEX,Emissions|CO2|Energy|Demand|Residential and Commercial|Commercial,Mt CO2/yr,,,,,,,,,,,,7.0696402,,7.6964145,,,,,7.3079467,7.1623516,7.3681836,7.5904813,7.7914352,7.8554182,,,,,,,,,,,,,,Mexico,CO2
ICES-XPS 1.0,PR_CP_Intensity,MEX,Emissions|CO2|Energy|Demand|Residential and Commercial|Residential,Mt CO2/yr,,,,,,,,,,,,35.868587,,15.024135,,,,,15.142622,15.637212,16.48399,17.33271,18.191208,18.921724,,,,,,,,,,,,,,Mexico,CO2
ICES-XPS 1.0,PR_CP_Intensity,MEX,Emissions|CO2|Energy|Demand|Transportation,Mt CO2/yr,,,,,,,,,,,,95.378204,,95.695137,,,,,93.020081,92.542244,97.066139,103.22206,109.73224,115.22896,,,,,,,,,,,,,,Mexico,CO2
ICES-XPS 1.0,PR_CP_Intensity,MEX,Emissions|CO2|Energy|Supply,Mt CO2/yr,,,,,,,,,,,,170.72777,,154.12624,,,,,157.14278,159.39784,155.9422,150.09744,141.45027,129.30269,,,,,,,,,,,,,,Mexico,CO2
ICES-XPS 1.0,PR_CP_Intensity,MEX,Emissions|CO2|Energy|Supply|Electricity,Mt CO2/yr,,,,,,,,,,,,122.50674,,112.64171,,,,,114.19804,114.72359,109.12267,101.50891,92.470413,81.668434,,,,,,,,,,,,,,Mexico,CO2
ICES-XPS 1.0,PR_CP_Intensity,MEX,Emissions|CO2|Energy|Supply|Gases,Mt CO2/yr,,,,,,,,,,,,17.935968,,15.904696,,,,,17.889198,19.912565,20.766508,21.392262,21.59186,21.127396,,,,,,,,,,,,,,Mexico,CO2
ICES-XPS 1.0,PR_CP_Intensity,MEX,Emissions|CO2|Energy|Supply|Liquids,Mt CO2/yr,,,,,,,,,,,,30.28355,,25.578526,,,,,25.054031,24.760189,26.051567,27.194849,27.386694,26.50573,,,,,,,,,,,,,,Mexico,CO2
ICES-XPS 1.0,PR_CP_Intensity,MEX,Emissions|CO2|Energy|Supply|Solids,Mt CO2/yr,,,,,,,,,,,,0.0015096413,,0.0013037005,,,,,0.00151716825,0.00149607914,0.00144781487,0.00142423168,0.00130369968,0.00112393743,,,,,,,,,,,,,,Mexico,CO2
ICES-XPS 1.0,PR_CP_Price,MEX,Emissions|CO2|Energy|Demand,Mt CO2/yr,,,,,,,,,,,,191.94991,,168.83871,,,,,166.70695,168.29126,178.33319,187.29874,194.39326,198.16095,,,,,,,,,,,,,,Mexico,CO2
ICES-XPS 1.0,PR_CP_Price,MEX,Emissions|CO2|Energy|Demand|AFOFI,Mt CO2/yr,,,,,,,,,,,,7.9145451,,8.3354416,,,,,7.9663296,7.8400531,7.9598007,7.8970466,7.724884,7.4450278,,,,,,,,,,,,,,Mexico,CO2
ICES-XPS 1.0,PR_CP_Price,MEX,Emissions|CO2|Energy|Demand|Industry,Mt CO2/yr,,,,,,,,,,,,45.718922,,42.088642,,,,,43.5896,45.684124,48.797794,50.629498,51.462196,50.781673,,,,,,,,,,,,,,Mexico,CO2
ICES-XPS 1.0,PR_CP_Price,MEX,Emissions|CO2|Energy|Demand|Residential and Commercial,Mt CO2/yr,,,,,,,,,,,,42.938229,,22.718479,,,,,22.385765,22.674335,24.025646,25.164412,26.111715,26.744831,,,,,,,,,,,,,,Mexico,CO2
ICES-XPS 1.0,PR_CP_Price,MEX,Emissions|CO2|Energy|Demand|Residential and Commercial|Commercial,Mt CO2/yr,,,,,,,,,,,,7.0696402,,7.6954813,,,,,7.2807465,7.1116786,7.4413533,7.6982594,7.8673067,7.8858309,,,,,,,,,,,,,,Mexico,CO2
ICES-XPS 1.0,PR_CP_Price,MEX,Emissions|CO2|Energy|Demand|Residential and Commercial|Residential,Mt CO2/yr,,,,,,,,,,,,35.868587,,15.022997,,,,,15.10502,15.562656,16.584291,17.466152,18.24441,18.859001,,,,,,,,,,,,,,Mexico,CO2
ICES-XPS 1.0,PR_CP_Price,MEX,Emissions|CO2|Energy|Demand|Transportation,Mt CO2/yr,,,,,,,,,,,,95.378204,,95.696159,,,,,92.765266,92.092751,97.549957,103.60778,109.09447,113.18942,,,,,,,,,,,,,,Mexico,CO2
ICES-XPS 1.0,PR_CP_Price,MEX,Emissions|CO2|Energy|Supply,Mt CO2/yr,,,,,,,,,,,,170.72777,,154.12859,,,,,156.01535,156.86623,162.99046,161.39752,153.25148,140.51669,,,,,,,,,,,,,,Mexico,CO2
ICES-XPS 1.0,PR_CP_Price,MEX,Emissions|CO2|Energy|Supply|Electricity,Mt CO2/yr,,,,,,,,,,,,122.50674,,112.64157,,,,,113.21892,112.5094,114.89182,110.7149,101.87391,90.286652,,,,,,,,,,,,,,Mexico,CO2
ICES-XPS 1.0,PR_CP_Price,MEX,Emissions|CO2|Energy|Supply|Gases,Mt CO2/yr,,,,,,,,,,,,17.935968,,15.905292,,,,,17.801813,19.701273,21.769705,23.112062,23.661501,23.386911,,,,,,,,,,,,,,Mexico,CO2
ICES-XPS 1.0,PR_CP_Price,MEX,Emissions|CO2|Energy|Supply|Liquids,Mt CO2/yr,,,,,,,,,,,,30.28355,,25.580416,,,,,24.993113,24.654068,26.327375,27.568911,27.714485,26.841719,,,,,,,,,,,,,,Mexico,CO2
ICES-XPS 1.0,PR_CP_Price,MEX,Emissions|CO2|Energy|Supply|Solids,Mt CO2/yr,,,,,,,,,,,,0.0015096413,,0.00130360993,,,,,0.00150654872,0.00148046017,0.00157136156,0.0016483115,0.00157751772,0.00140807941,,,,,,,,,,,,,,Mexico,CO2
ICES-XPS 1.0,PR_CP_PriceOnly,MEX,Emissions|CO2|Energy|Demand,Mt CO2/yr,,,,,,,,,,,,191.94991,,168.83871,,,,,166.75458,168.45683,181.66039,193.33733,203.07034,209.72926,,,,,,,,,,,,,,Mexico,CO2
ICES-XPS 1.0,PR_CP_PriceOnly,MEX,Emissions|CO2|Energy|Demand|AFOFI,Mt CO2/yr,,,,,,,,,,,,7.9145451,,8.3354416,,,,,7.9599533,7.8263164,8.0500088,8.0372753,7.8800702,7.5927477,,,,,,,,,,,,,,Mexico,CO2
ICES-XPS 1.0,PR_CP_PriceOnly,MEX,Emissions|CO2|Energy|Demand|Industry,Mt CO2/yr,,,,,,,,,,,,45.718922,,42.088642,,,,,43.640865,45.821926,49.89101,52.644623,54.547478,55.292053,,,,,,,,,,,,,,Mexico,CO2
ICES-XPS 1.0,PR_CP_PriceOnly,MEX,Emissions|CO2|Energy|Demand|Residential and Commercial,Mt CO2/yr,,,,,,,,,,,,42.938229,,22.718479,,,,,22.387699,22.674873,24.428028,25.860683,27.026184,27.812586,,,,,,,,,,,,,,Mexico,CO2
ICES-XPS 1.0,PR_CP_PriceOnly,MEX,Emissions|CO2|Energy|Demand|Residential and Commercial|Commercial,Mt CO2/yr,,,,,,,,,,,,7.0696402,,7.6954813,,,,,7.2809067,7.1109457,7.5935183,7.9588318,8.2046213,8.2758484,,,,,,,,,,,,,,Mexico,CO2
ICES-XPS 1.0,PR_CP_PriceOnly,MEX,Emissions|CO2|Energy|Demand|Residential and Commercial|Residential,Mt CO2/yr,,,,,,,,,,,,35.868587,,15.022997,,,,,15.106791,15.563929,16.834511,17.901852,18.821564,19.536737,,,,,,,,,,,,,,Mexico,CO2
ICES-XPS 1.0,PR_CP_PriceOnly,MEX,Emissions|CO2|Energy|Demand|Transportation,Mt CO2/yr,,,,,,,,,,,,95.378204,,95.696159,,,,,92.766068,92.13372,99.291344,106.79474,113.61661,119.03188,,,,,,,,,,,,,,Mexico,CO2
ICES-XPS 1.0,PR_CP_PriceOnly,MEX,Emissions|CO2|Energy|Supply,Mt CO2/yr,,,,,,,,,,,,170.72777,,154.12859,,,,,155.96773,156.70064,165.74522,165.99261,159.05048,146.75555,,,,,,,,,,,,,,Mexico,CO2
ICES-XPS 1.0,PR_CP_PriceOnly,MEX,Emissions|CO2|Energy|Supply|Electricity,Mt CO2/yr,,,,,,,,,,,,122.50674,,112.64157,,,,,113.17525,112.32211,117.32464,114.67861,106.73413,95.242836,,,,,,,,,,,,,,Mexico,CO2
ICES-XPS 1.0,PR_CP_PriceOnly,MEX,Emissions|CO2|Energy|Supply|Gases,Mt CO2/yr,,,,,,,,,,,,17.935968,,15.905292,,,,,17.803335,19.719151,21.905287,23.442862,24.276129,24.383839,,,,,,,,,,,,,,Mexico,CO2
ICES-XPS 1.0,PR_CP_PriceOnly,MEX,Emissions|CO2|Energy|Supply|Liquids,Mt CO2/yr,,,,,,,,,,,,30.28355,,25.580416,,,,,24.987642,24.657888,26.513784,27.869562,28.03871,27.127529,,,,,,,,,,,,,,Mexico,CO2
ICES-XPS 1.0,PR_CP_PriceOnly,MEX,Emissions|CO2|Energy|Supply|Solids,Mt CO2/yr,,,,,,,,,,,,0.0015096413,,0.00130360993,,,,,0.00150576199,0.00147954526,0.00151999306,0.0015749801,0.00150414358,0.00134840689,,,,,,,,,,,,,,Mexico,CO2
ICES-XPS 1.0,PR_CurPol_EI,MEX,Emissions|CO2|Energy|Demand,Mt CO2/yr,,,,,,,,,,,,191.94991,,168.84103,,,,,167.17192,169.14584,176.81084,185.3804,193.71996,199.40103,,,,,,,,,,,,,,Mexico,CO2
ICES-XPS 1.0,PR_CurPol_EI,MEX,Emissions|CO2|Energy|Demand|AFOFI,Mt CO2/yr,,,,,,,,,,,,7.9145451,,8.3378096,,,,,7.9986596,7.8972983,7.9106278,7.8130832,7.649157,7.3836946,,,,,,,,,,,,,,Mexico,CO2
ICES-XPS 1.0,PR_CurPol_EI,MEX,Emissions|CO2|Energy|Demand|Industry,Mt CO2/yr,,,,,,,,,,,,45.718922,,42.087543,,,,,43.70261,45.906734,47.981888,49.422073,50.355923,50.011238,,,,,,,,,,,,,,Mexico,CO2
ICES-XPS 1.0,PR_CurPol_EI,MEX,Emissions|CO2|Energy|Demand|Residential and Commercial,Mt CO2/yr,,,,,,,,,,,,42.938229,,22.720549,,,,,22.450569,22.799562,23.852175,24.923191,25.982643,26.777142,,,,,,,,,,,,,,Mexico,CO2
ICES-XPS 1.0,PR_CurPol_EI,MEX,Emissions|CO2|Energy|Demand|Residential and Commercial|Commercial,Mt CO2/yr,,,,,,,,,,,,7.0696402,,7.6964145,,,,,7.3079467,7.1623516,7.3681836,7.5904813,7.7914352,7.8554182,,,,,,,,,,,,,,Mexico,CO2
ICES-XPS 1.0,PR_CurPol_EI,MEX,Emissions|CO2|Energy|Demand|Residential and Commercial|Residential,Mt CO2/yr,,,,,,,,,,,,35.868587,,15.024135,,,,,15.142622,15.637212,16.48399,17.33271,18.191208,18.921724,,,,,,,,,,,,,,Mexico,CO2
ICES-XPS 1.0,PR_CurPol_EI,MEX,Emissions|CO2|Energy|Demand|Transportation,Mt CO2/yr,,,,,,,,,,,,95.378204,,95.695137,,,,,93.020081,92.542244,97.066139,103.22206,109.73224,115.22896,,,,,,,,,,,,,,Mexico,CO2
ICES-XPS 1.0,PR_CurPol_EI,MEX,Emissions|CO2|Energy|Supply,Mt CO2/yr,,,,,,,,,,,,170.72777,,154.12624,,,,,157.14278,159.39784,155.9422,150.09744,141.45027,129.30269,,,,,,,,,,,,,,Mexico,CO2
ICES-XPS 1.0,PR_CurPol_EI,MEX,Emissions|CO2|Energy|Supply|Electricity,Mt CO2/yr,,,,,,,,,,,,122.50674,,112.64171,,,,,114.19804,114.72359,109.12267,101.50891,92.470413,81.668434,,,,,,,,,,,,,,Mexico,CO2
ICES-XPS 1.0,PR_CurPol_EI,MEX,Emissions|CO2|Energy|Supply|Gases,Mt CO2/yr,,,,,,,,,,,,17.935968,,15.904696,,,,,17.889198,19.912565,20.766508,21.392262,21.59186,21.127396,,,,,,,,,,,,,,Mexico,CO2
ICES-XPS 1.0,PR_CurPol_EI,MEX,Emissions|CO2|Energy|Supply|Liquids,Mt CO2/yr,,,,,,,,,,,,30.28355,,25.578526,,,,,25.054031,24.760189,26.051567,27.194849,27.386694,26.50573,,,,,,,,,,,,,,Mexico,CO2
ICES-XPS 1.0,PR_CurPol_EI,MEX,Emissions|CO2|Energy|Supply|Solids,Mt CO2/yr,,,,,,,,,,,,0.0015096413,,0.0013037005,,,,,0.00151716825,0.00149607914,0.00144781487,0.00142423168,0.00130369968,0.00112393743,,,,,,,,,,,,,,Mexico,CO2
ICES-XPS 1.0,PR_NDC_EI,MEX,Emissions|CO2|Energy|Demand,Mt CO2/yr,,,,,,,,,,,,191.94991,,170.2074,,,,,157.52531,147.13004,141.06706,132.95947,121.20129,106.83127,,,,,,,,,,,,,,Mexico,CO2
ICES-XPS 1.0,PR_NDC_EI,MEX,Emissions|CO2|Energy|Demand|AFOFI,Mt CO2/yr,,,,,,,,,,,,7.9145451,,8.3994865,,,,,7.5824699,6.9891562,6.4881344,5.8281751,5.0605907,4.283669,,,,,,,,,,,,,,Mexico,CO2
ICES-XPS 1.0,PR_NDC_EI,MEX,Emissions|CO2|Energy|Demand|Industry,Mt CO2/yr,,,,,,,,,,,,45.718922,,42.467236,,,,,40.808823,38.990349,36.718517,33.163979,28.519852,23.433588,,,,,,,,,,,,,,Mexico,CO2
ICES-XPS 1.0,PR_NDC_EI,MEX,Emissions|CO2|Energy|Demand|Residential and Commercial,Mt CO2/yr,,,,,,,,,,,,42.938229,,22.895027,,,,,21.244068,20.052637,19.383892,18.3827,16.953426,15.261921,,,,,,,,,,,,,,Mexico,CO2
ICES-XPS 1.0,PR_NDC_EI,MEX,Emissions|CO2|Energy|Demand|Residential and Commercial|Commercial,Mt CO2/yr,,,,,,,,,,,,7.0696402,,7.7713552,,,,,6.8061571,6.0472021,5.5534863,4.9395895,4.1879287,3.4034822,,,,,,,,,,,,,,Mexico,CO2
ICES-XPS 1.0,PR_NDC_EI,MEX,Emissions|CO2|Energy|Demand|Residential and Commercial|Residential,Mt CO2/yr,,,,,,,,,,,,35.868587,,15.123672,,,,,14.437911,14.005435,13.830405,13.44311,12.765497,11.858438,,,,,,,,,,,,,,Mexico,CO2
ICES-XPS 1.0,PR_NDC_EI,MEX,Emissions|CO2|Energy|Demand|Transportation,Mt CO2/yr,,,,,,,,,,,,95.378204,,96.445656,,,,,87.889954,81.097893,78.476517,75.584618,70.667427,63.852093,,,,,,,,,,,,,,Mexico,CO2
ICES-XPS 1.0,PR_NDC_EI,MEX,Emissions|CO2|Energy|Supply,Mt CO2/yr,,,,,,,,,,,,170.72777,,156.89247,,,,,135.66444,112.14967,89.697227,71.047913,57.145557,46.706799,,,,,,,,,,,,,,Mexico,CO2
ICES-XPS 1.0,PR_NDC_EI,MEX,Emissions|CO2|Energy|Supply|Electricity,Mt CO2/yr,,,,,,,,,,,,122.50674,,115.05904,,,,,96.035835,75.510765,55.636467,39.756805,29.533876,23.471243,,,,,,,,,,,,,,Mexico,CO2
ICES-XPS 1.0,PR_NDC_EI,MEX,Emissions|CO2|Energy|Supply|Gases,Mt CO2/yr,,,,,,,,,,,,17.935968,,16.086475,,,,,15.93483,14.844633,12.91989,11.132727,9.4306917,7.8117495,,,,,,,,,,,,,,Mexico,CO2
ICES-XPS 1.0,PR_NDC_EI,MEX,Emissions|CO2|Energy|Supply|Liquids,Mt CO2/yr,,,,,,,,,,,,30.28355,,25.745638,,,,,23.692497,21.793211,21.140083,20.157791,18.180519,15.423412,,,,,,,,,,,,,,Mexico,CO2
ICES-XPS 1.0,PR_NDC_EI,MEX,Emissions|CO2|Energy|Supply|Solids,Mt CO2/yr,,,,,,,,,,,,0.0015096413,,0.00132931175,,,,,0.00128719711,0.00106584886,0.000787960365,0.000590049138,0.000469379826,0.00039291376,,,,,,,,,,,,,,Mexico,CO2
ICES-XPS 1.0,PR_NDC_Intensity,MEX,Emissions|CO2|Energy|Demand,Mt CO2/yr,,,,,,,,,,,,191.94991,,170.2074,,,,,157.52531,147.13004,141.06706,132.95947,121.20129,106.83127,,,,,,,,,,,,,,Mexico,CO2
ICES-XPS 1.0,PR_NDC_Intensity,MEX,Emissions|CO2|Energy|Demand|AFOFI,Mt CO2/yr,,,,,,,,,,,,7.9145451,,8.3994865,,,,,7.5824699,6.9891562,6.4881344,5.8281751,5.0605907,4.283669,,,,,,,,,,,,,,Mexico,CO2
ICES-XPS 1.0,PR_NDC_Intensity,MEX,Emissions|CO2|Energy|Demand|Industry,Mt CO2/yr,,,,,,,,,,,,45.718922,,42.467236,,,,,40.808823,38.990349,36.718517,33.163979,28.519852,23.433588,,,,,,,,,,,,,,Mexico,CO2
ICES-XPS 1.0,PR_NDC_Intensity,MEX,Emissions|CO2|Energy|Demand|Residential and Commercial,Mt CO2/yr,,,,,,,,,,,,42.938229,,22.895027,,,,,21.244068,20.052637,19.383892,18.3827,16.953426,15.261921,,,,,,,,,,,,,,Mexico,CO2
ICES-XPS 1.0,PR_NDC_Intensity,MEX,Emissions|CO2|Energy|Demand|Residential and Commercial|Commercial,Mt CO2/yr,,,,,,,,,,,,7.0696402,,7.7713552,,,,,6.8061571,6.0472021,5.5534863,4.9395895,4.1879287,3.4034822,,,,,,,,,,,,,,Mexico,CO2
ICES-XPS 1.0,PR_NDC_Intensity,MEX,Emissions|CO2|Energy|Demand|Residential and Commercial|Residential,Mt CO2/yr,,,,,,,,,,,,35.868587,,15.123672,,,,,14.437911,14.005435,13.830405,13.44311,12.765497,11.858438,,,,,,,,,,,,,,Mexico,CO2
ICES-XPS 1.0,PR_NDC_Intensity,MEX,Emissions|CO2|Energy|Demand|Transportation,Mt CO2/yr,,,,,,,,,,,,95.378204,,96.445656,,,,,87.889954,81.097893,78.476517,75.584618,70.667427,63.852093,,,,,,,,,,,,,,Mexico,CO2
ICES-XPS 1.0,PR_NDC_Intensity,MEX,Emissions|CO2|Energy|Supply,Mt CO2/yr,,,,,,,,,,,,170.72777,,156.89247,,,,,135.66444,112.14967,89.697227,71.047913,57.145557,46.706799,,,,,,,,,,,,,,Mexico,CO2
ICES-XPS 1.0,PR_NDC_Intensity,MEX,Emissions|CO2|Energy|Supply|Electricity,Mt CO2/yr,,,,,,,,,,,,122.50674,,115.05904,,,,,96.035835,75.510765,55.636467,39.756805,29.533876,23.471243,,,,,,,,,,,,,,Mexico,CO2
ICES-XPS 1.0,PR_NDC_Intensity,MEX,Emissions|CO2|Energy|Supply|Gases,Mt CO2/yr,,,,,,,,,,,,17.935968,,16.086475,,,,,15.93483,14.844633,12.91989,11.132727,9.4306917,7.8117495,,,,,,,,,,,,,,Mexico,CO2
ICES-XPS 1.0,PR_NDC_Intensity,MEX,Emissions|CO2|Energy|Supply|Liquids,Mt CO2/yr,,,,,,,,,,,,30.28355,,25.745638,,,,,23.692497,21.793211,21.140083,20.157791,18.180519,15.423412,,,,,,,,,,,,,,Mexico,CO2
ICES-XPS 1.0,PR_NDC_Intensity,MEX,Emissions|CO2|Energy|Supply|Solids,Mt CO2/yr,,,,,,,,,,,,0.0015096413,,0.00132931175,,,,,0.00128719711,0.00106584886,0.000787960365,0.000590049138,0.000469379826,0.00039291376,,,,,,,,,,,,,,Mexico,CO2
ICES-XPS 1.0,PR_NDC_Price,MEX,Emissions|CO2|Energy|Demand,Mt CO2/yr,,,,,,,,,,,,191.94991,,170.21661,,,,,157.61415,147.36343,160.81226,173.77719,185.33223,193.85471,,,,,,,,,,,,,,Mexico,CO2
ICES-XPS 1.0,PR_NDC_Price,MEX,Emissions|CO2|Energy|Demand|AFOFI,Mt CO2/yr,,,,,,,,,,,,7.9145451,,8.397563,,,,,7.5738053,6.9766517,7.2847853,7.4020562,7.3927884,7.2547255,,,,,,,,,,,,,,Mexico,CO2
ICES-XPS 1.0,PR_NDC_Price,MEX,Emissions|CO2|Energy|Demand|Industry,Mt CO2/yr,,,,,,,,,,,,45.718922,,42.470726,,,,,40.85342,39.086857,43.096275,46.120522,48.329727,49.231243,,,,,,,,,,,,,,Mexico,CO2
ICES-XPS 1.0,PR_NDC_Price,MEX,Emissions|CO2|Energy|Demand|Residential and Commercial,Mt CO2/yr,,,,,,,,,,,,42.938229,,22.89423,,,,,21.248751,20.064388,21.873039,23.51708,24.988972,26.141539,,,,,,,,,,,,,,Mexico,CO2
ICES-XPS 1.0,PR_NDC_Price,MEX,Emissions|CO2|Energy|Demand|Residential and Commercial|Commercial,Mt CO2/yr,,,,,,,,,,,,7.0696402,,7.7710104,,,,,6.8075142,6.0504937,6.5634742,7.013556,7.3821774,7.6016645,,,,,,,,,,,,,,Mexico,CO2
ICES-XPS 1.0,PR_NDC_Price,MEX,Emissions|CO2|Energy|Demand|Residential and Commercial|Residential,Mt CO2/yr,,,,,,,,,,,,35.868587,,15.123219,,,,,14.441236,14.013895,15.309566,16.503525,17.606794,18.539875,,,,,,,,,,,,,,Mexico,CO2
ICES-XPS 1.0,PR_NDC_Price,MEX,Emissions|CO2|Energy|Demand|Transportation,Mt CO2/yr,,,,,,,,,,,,95.378204,,96.454094,,,,,87.938179,81.235542,88.558151,96.737526,104.62074,111.2272,,,,,,,,,,,,,,Mexico,CO2
ICES-XPS 1.0,PR_NDC_Price,MEX,Emissions|CO2|Energy|Supply,Mt CO2/yr,,,,,,,,,,,,170.72777,,156.88329,,,,,135.57564,111.91637,121.13211,125.51861,125.62508,121.72628,,,,,,,,,,,,,,Mexico,CO2
ICES-XPS 1.0,PR_NDC_Price,MEX,Emissions|CO2|Energy|Supply|Electricity,Mt CO2/yr,,,,,,,,,,,,122.50674,,115.05074,,,,,95.971581,75.312141,80.453117,81.315865,79.36216,75.093605,,,,,,,,,,,,,,Mexico,CO2
ICES-XPS 1.0,PR_NDC_Price,MEX,Emissions|CO2|Energy|Supply|Gases,Mt CO2/yr,,,,,,,,,,,,17.935968,,16.085405,,,,,15.917553,14.812061,16.810564,18.506891,19.772228,20.48912,,,,,,,,,,,,,,Mexico,CO2
ICES-XPS 1.0,PR_NDC_Price,MEX,Emissions|CO2|Energy|Supply|Liquids,Mt CO2/yr,,,,,,,,,,,,30.28355,,25.745815,,,,,23.685228,21.791122,23.867292,25.694622,26.489454,26.142376,,,,,,,,,,,,,,Mexico,CO2
ICES-XPS 1.0,PR_NDC_Price,MEX,Emissions|CO2|Energy|Supply|Solids,Mt CO2/yr,,,,,,,,,,,,0.0015096413,,0.00132888812,,,,,0.00127620157,0.00104661519,0.00113447511,0.00122649642,0.00124507747,0.00118131086,,,,,,,,,,,,,,Mexico,CO2
ICES-XPS 1.0,PR_NDC_PriceOnly,MEX,Emissions|CO2|Energy|Demand,Mt CO2/yr,,,,,,,,,,,,191.94991,,170.21661,,,,,157.67534,147.53368,161.2084,174.52521,186.61472,195.91008,,,,,,,,,,,,,,Mexico,CO2
ICES-XPS 1.0,PR_NDC_PriceOnly,MEX,Emissions|CO2|Energy|Demand|AFOFI,Mt CO2/yr,,,,,,,,,,,,7.9145451,,8.397563,,,,,7.5682893,6.9649777,7.2661614,7.3736873,7.348465,7.1822257,,,,,,,,,,,,,,Mexico,CO2
ICES-XPS 1.0,PR_NDC_PriceOnly,MEX,Emissions|CO2|Energy|Demand|Industry,Mt CO2/yr,,,,,,,,,,,,45.718922,,42.470726,,,,,40.904648,39.208691,43.350105,46.596638,49.181458,50.716991,,,,,,,,,,,,,,Mexico,CO2
ICES-XPS 1.0,PR_NDC_PriceOnly,MEX,Emissions|CO2|Energy|Demand|Residential and Commercial,Mt CO2/yr,,,,,,,,,,,,42.938229,,22.89423,,,,,21.252911,20.068298,21.879063,23.521935,24.979509,26.080915,,,,,,,,,,,,,,Mexico,CO2
ICES-XPS 1.0,PR_NDC_PriceOnly,MEX,Emissions|CO2|Energy|Demand|Residential and Commercial|Commercial,Mt CO2/yr,,,,,,,,,,,,7.0696402,,7.7710104,,,,,6.8084908,6.0504189,6.5630255,7.0104723,7.3703103,7.5676327,,,,,,,,,,,,,,Mexico,CO2
ICES-XPS 1.0,PR_NDC_PriceOnly,MEX,Emissions|CO2|Energy|Demand|Residential and Commercial|Residential,Mt CO2/yr,,,,,,,,,,,,35.868587,,15.123219,,,,,14.44442,14.017879,15.316038,16.511461,17.609198,18.513283,,,,,,,,,,,,,,Mexico,CO2
ICES-XPS 1.0,PR_NDC_PriceOnly,MEX,Emissions|CO2|Energy|Demand|Transportation,Mt CO2/yr,,,,,,,,,,,,95.378204,,96.454094,,,,,87.949493,81.29171,88.713081,97.032951,105.10529,111.92995,,,,,,,,,,,,,,Mexico,CO2
ICES-XPS 1.0,PR_NDC_PriceOnly,MEX,Emissions|CO2|Energy|Supply,Mt CO2/yr,,,,,,,,,,,,170.72777,,156.88329,,,,,135.51448,111.74614,120.73606,124.77071,124.34267,119.67107,,,,,,,,,,,,,,Mexico,CO2
ICES-XPS 1.0,PR_NDC_PriceOnly,MEX,Emissions|CO2|Energy|Supply|Electricity,Mt CO2/yr,,,,,,,,,,,,122.50674,,115.05074,,,,,95.92775,75.156578,80.055588,80.534775,77.995865,72.874214,,,,,,,,,,,,,,Mexico,CO2
ICES-XPS 1.0,PR_NDC_PriceOnly,MEX,Emissions|CO2|Energy|Supply|Gases,Mt CO2/yr,,,,,,,,,,,,17.935968,,16.085405,,,,,15.911322,14.806066,16.808811,18.519066,19.815149,20.59473,,,,,,,,,,,,,,Mexico,CO2
ICES-XPS 1.0,PR_NDC_PriceOnly,MEX,Emissions|CO2|Energy|Supply|Liquids,Mt CO2/yr,,,,,,,,,,,,30.28355,,25.745815,,,,,23.674139,21.782452,23.870537,25.715656,26.530424,26.200966,,,,,,,,,,,,,,Mexico,CO2
ICES-XPS 1.0,PR_NDC_PriceOnly,MEX,Emissions|CO2|Energy|Supply|Solids,Mt CO2/yr,,,,,,,,,,,,0.0015096413,,0.00132888812,,,,,0.00127402856,0.00104261783,0.00112678239,0.00121311238,0.00122625683,0.00115822058,,,,,,,,,,,,,,Mexico,CO2
ICES-XPS 1.0,R,MEX,Emissions|CO2|Energy|Demand,Mt CO2/yr,,,,,,,,,,,,244.07364,,279.39087,,,,,278.93466,281.72742,,,,,,,,,,,,,,,,,,Mexico,CO2
ICES-XPS 1.0,R,MEX,Emissions|CO2|Energy|Demand|AFOFI,Mt CO2/yr,,,,,,,,,,,,8.3208933,,8.6006784,,,,,8.4810257,8.5034323,,,,,,,,,,,,,,,,,,Mexico,CO2
ICES-XPS 1.0,R,MEX,Emissions|CO2|Energy|Demand|Industry,Mt CO2/yr,,,,,,,,,,,,50.138706,,44.960129,,,,,47.91021,50.483543,,,,,,,,,,,,,,,,,,Mexico,CO2
ICES-XPS 1.0,R,MEX,Emissions|CO2|Energy|Demand|Residential and Commercial,Mt CO2/yr,,,,,,,,,,,,42.44479,,22.082447,,,,,22.177847,22.592319,,,,,,,,,,,,,,,,,,Mexico,CO2
ICES-XPS 1.0,R,MEX,Emissions|CO2|Energy|Demand|Residential and Commercial|Commercial,Mt CO2/yr,,,,,,,,,,,,7.2040377,,7.7083836,,,,,7.4656343,7.3663702,,,,,,,,,,,,,,,,,,Mexico,CO2
ICES-XPS 1.0,R,MEX,Emissions|CO2|Energy|Demand|Residential and Commercial|Residential,Mt CO2/yr,,,,,,,,,,,,35.240753,,14.374064,,,,,14.712213,15.225949,,,,,,,,,,,,,,,,,,Mexico,CO2
ICES-XPS 1.0,R,MEX,Emissions|CO2|Energy|Demand|Transportation,Mt CO2/yr,,,,,,,,,,,,143.16925,,203.7476,,,,,200.36559,200.14813,,,,,,,,,,,,,,,,,,Mexico,CO2
ICES-XPS 1.0,R,MEX,Emissions|CO2|Energy|Supply,Mt CO2/yr,,,,,,,,,,,,192.02994,,190.26704,,,,,192.35124,191.86255,,,,,,,,,,,,,,,,,,Mexico,CO2
ICES-XPS 1.0,R,MEX,Emissions|CO2|Energy|Supply|Electricity,Mt CO2/yr,,,,,,,,,,,,127.81912,,114.53611,,,,,117.61758,117.71226,,,,,,,,,,,,,,,,,,Mexico,CO2
ICES-XPS 1.0,R,MEX,Emissions|CO2|Energy|Supply|Gases,Mt CO2/yr,,,,,,,,,,,,21.259268,,21.89278,,,,,23.96121,25.969418,,,,,,,,,,,,,,,,,,Mexico,CO2
ICES-XPS 1.0,R,MEX,Emissions|CO2|Energy|Supply|Liquids,Mt CO2/yr,,,,,,,,,,,,42.949593,,53.836098,,,,,50.770203,48.178642,,,,,,,,,,,,,,,,,,Mexico,CO2
ICES-XPS 1.0,R,MEX,Emissions|CO2|Energy|Supply|Solids,Mt CO2/yr,,,,,,,,,,,,0.00196076254,,0.00205688621,,,,,0.00224541174,0.00223352946,,,,,,,,,,,,,,,,,,Mexico,CO2
ICES-XPS 1.0,SH,MEX,Emissions|CO2|Energy|Demand,Mt CO2/yr,,,,,,,,,,,,244.07364,,279.39087,,,,,278.93466,281.72742,,,,,,,,,,,,,,,,,,Mexico,CO2
ICES-XPS 1.0,SH,MEX,Emissions|CO2|Energy|Demand|AFOFI,Mt CO2/yr,,,,,,,,,,,,8.3208933,,8.6006784,,,,,8.4810257,8.5034323,,,,,,,,,,,,,,,,,,Mexico,CO2
ICES-XPS 1.0,SH,MEX,Emissions|CO2|Energy|Demand|Industry,Mt CO2/yr,,,,,,,,,,,,50.138706,,44.960129,,,,,47.91021,50.483543,,,,,,,,,,,,,,,,,,Mexico,CO2
ICES-XPS 1.0,SH,MEX,Emissions|CO2|Energy|Demand|Residential and Commercial,Mt CO2/yr,,,,,,,,,,,,42.44479,,22.082447,,,,,22.177847,22.592319,,,,,,,,,,,,,,,,,,Mexico,CO2
ICES-XPS 1.0,SH,MEX,Emissions|CO2|Energy|Demand|Residential and Commercial|Commercial,Mt CO2/yr,,,,,,,,,,,,7.2040377,,7.7083836,,,,,7.4656343,7.3663702,,,,,,,,,,,,,,,,,,Mexico,CO2
ICES-XPS 1.0,SH,MEX,Emissions|CO2|Energy|Demand|Residential and Commercial|Residential,Mt CO2/yr,,,,,,,,,,,,35.240753,,14.374064,,,,,14.712213,15.225949,,,,,,,,,,,,,,,,,,Mexico,CO2
ICES-XPS 1.0,SH,MEX,Emissions|CO2|Energy|Demand|Transportation,Mt CO2/yr,,,,,,,,,,,,143.16925,,203.7476,,,,,200.36559,200.14813,,,,,,,,,,,,,,,,,,Mexico,CO2
ICES-XPS 1.0,SH,MEX,Emissions|CO2|Energy|Supply,Mt CO2/yr,,,,,,,,,,,,192.02994,,190.26704,,,,,192.35124,191.86255,,,,,,,,,,,,,,,,,,Mexico,CO2
ICES-XPS 1.0,SH,MEX,Emissions|CO2|Energy|Supply|Electricity,Mt CO2/yr,,,,,,,,,,,,127.81912,,114.53611,,,,,117.61758,117.71226,,,,,,,,,,,,,,,,,,Mexico,CO2
ICES-XPS 1.0,SH,MEX,Emissions|CO2|Energy|Supply|Gases,Mt CO2/yr,,,,,,,,,,,,21.259268,,21.89278,,,,,23.96121,25.969418,,,,,,,,,,,,,,,,,,Mexico,CO2
ICES-XPS 1.0,SH,MEX,Emissions|CO2|Energy|Supply|Liquids,Mt CO2/yr,,,,,,,,,,,,42.949593,,53.836098,,,,,50.770203,48.178642,,,,,,,,,,,,,,,,,,Mexico,CO2
ICES-XPS 1.0,SH,MEX,Emissions|CO2|Energy|Supply|Solids,Mt CO2/yr,,,,,,,,,,,,0.00196076254,,0.00205688621,,,,,0.00224541174,0.00223352946,,,,,,,,,,,,,,,,,,Mexico,CO2
IMAGE 3.0,CO_2Deg2020,MEX,Carbon Sequestration|CCS|Biomass,Mt CO2/yr,,,,0.0,,,0.0,,,,,0.0,,0.0,,,,,0.811520097582748,4.63445490095182,17.2995032492811,38.0829851637827,40.973937313538,44.3469132296741,,44.5604646277691,,43.1405192826304,,38.2888812652026,,37.8603319767023,,44.3902888722115,,,,Mexico,
IMAGE 3.0,CO_2Deg2020,MEX,Carbon Sequestration|CCS|Biomass|Energy|Demand|Industry,Mt CO2/yr,,,,0.0,,,0.0,,,,,0.0,,0.0,,,,,0.811475154478102,1.10997920273803,1.05628453699561,1.55693966856536,1.59198893622184,3.94797701543817,,4.76453624044855,,6.47445678866157,,9.49877849780023,,8.2851299084723,,10.705045890063,,,,Mexico,
IMAGE 3.0,CO_2Deg2020,MEX,Carbon Sequestration|CCS|Biomass|Energy|Supply,Mt CO2/yr,,,,0.0,,,0.0,,,,,0.0,,0.0,,,,,4.49431046452749e-05,3.52447569821379,16.2432187122855,36.5260454952173,39.3819483773161,40.3989362142359,,39.7959283873206,,36.6660624939688,,28.7901027674024,,29.57520206823,,33.6852429821484,,,,Mexico,
IMAGE 3.0,CO_2Deg2020,MEX,Carbon Sequestration|CCS|Biomass|Energy|Supply|Electricity,Mt CO2/yr,,,,0.0,,,0.0,,,,,0.0,,0.0,,,,,0.0,3.46264858186865,16.0971580383678,36.2808868909875,39.0960887695352,40.145820317169,,39.3239719172318,,36.3973639905452,,28.4691917089124,,29.3339937925338,,33.0324055006106,,,,Mexico,
IMAGE 3.0,CO_2Deg2020,MEX,Carbon Sequestration|CCS|Biomass|Energy|Supply|Hydrogen,Mt CO2/yr,,,,0.0,,,0.0,,,,,0.0,,0.0,,,,,4.49431046452749e-05,0.061827116345133,0.146060673917721,0.2451586042298,0.285859607780973,0.253115897066891,,0.471956470088722,,0.268045805569272,,0.320258533368663,,0.240798615171418,,0.652835335737715,,,,Mexico,
IMAGE 3.0,CO_2Deg2020,MEX,Carbon Sequestration|CCS|Biomass|Energy|Supply|Other,Mt CO2/yr,,,,0.0,,,0.0,,,,,0.0,,0.0,,,,,0.0,0.0,0.0,0.0,0.0,0.0,,0.0,,0.0006526978542827,,0.0006525251213436,,0.000409660524762,,2.14580009316733e-06,,,,Mexico,
IMAGE 3.0,CO_2Deg2020,MEX,Carbon Sequestration|Land Use,Mt CO2/yr,,,,-35.0094701505738,,,-32.762850948173,,,,,-16.8795359025842,,-21.1111712288677,,,,,-15.7175087384267,-17.2078839208431,-12.6036261995915,-10.4245373523026,-1.33936840587364,9.77545899117447,,38.8937623585852,,46.3685467881394,,58.5874790999903,,58.4274524255065,,22.8187837658705,,,,Mexico,
IMAGE 3.0,CO_2Deg2020,MEX,Emissions|CH4|AFOLU,Mt CO2e/yr,,,,96.74023696407671,,,85.51364263147104,,,,,88.563864469528,,89.3754721172152,,,,,86.15245849266644,81.06851583346712,75.10120787099,77.45896804705248,75.83890251815305,69.45442191511377,,67.04798500798637,,66.3716479679568,,65.0804672716184,,65.86211582552616,,63.96517586987444,,,,Mexico,CH4
IMAGE 3.0,CO_2Deg2020,MEX,Emissions|CH4|Energy|Demand|Industry,Mt CO2e/yr,,,,0.0992106618359668,,,0.086963629350066,,,,,0.08950407337397119,,0.0985524971038076,,,,,0.0949738156050432,0.1005849018692952,0.10806977935135201,0.1145268827676764,0.12599286250769962,0.13602523133158678,,0.1524656526744344,,0.155955150723456,,0.1490861736238,,0.139113886281846,,0.13050550594925758,,,,Mexico,CH4
IMAGE 3.0,CO_2Deg2020,MEX,Emissions|CH4|Energy|Demand|Residential and Commercial,Mt CO2e/yr,,,,2.4626957153668605,,,2.3068094251211715,,,,,2.3025354419369233,,2.1052864226512606,,,,,1.797847294015808,1.5467565017752343,1.3696572850458315,1.218209529761224,1.1304077943786963,1.0844932810869052,,1.0264865481294676,,1.0477795645128924,,0.9584250135812883,,0.8821981230285021,,0.8582258757669464,,,,Mexico,CH4
IMAGE 3.0,CO_2Deg2020,MEX,Emissions|CH4|Energy|Demand|Transportation,Mt CO2e/yr,,,,0.1960162650793788,,,0.18975515663623682,,,,,0.2082407865673296,,0.209447840228676,,,,,0.1953665297478412,0.1983198579400752,0.20788550004362838,0.2007784787565452,0.18123739399015878,0.1587732695043068,,0.1083873258903596,,0.07475179433822521,,0.060389503836631206,,0.0418465044349408,,0.036628255620597204,,,,Mexico,CH4
IMAGE 3.0,CO_2Deg2020,MEX,Emissions|CH4|Energy|Supply,Mt CO2e/yr,,,,51.4511775970458,,,56.345294952392315,,,,,56.916049003600925,,13.837860107421868,,,,,11.373412013053887,7.599883556365969,2.410903602838514,1.42346256971359,1.4876248985528924,1.6452746391296376,,1.9162492156028732,,2.002594649791716,,1.731479361653328,,2.197246342897413,,2.179174542427061,,,,Mexico,CH4
IMAGE 3.0,CO_2Deg2020,MEX,Emissions|CO2|AFOLU,Mt CO2/yr,,,,210.377971699649,,,90.2667485919264,,,,,80.0636831142305,,71.3363103536392,,,,,112.560657406524,79.0719382711392,36.2324020082162,78.6221455078024,79.9898456389159,28.1933752826123,,-25.4831212246674,,-29.7258966435383,,-46.1168478401392,,-37.6313793856402,,-11.3339514559504,,,,Mexico,CO2
IMAGE 3.0,CO_2Deg2020,MEX,Emissions|CO2|Energy and Industrial Processes,Mt CO2/yr,,,,447.277065515518,,,424.194307088851,,,,,470.102162122726,,462.89852778934,,,,,396.979315281214,358.693929672241,272.904721736908,189.552090644836,156.410656929016,129.473985671997,,89.4228057861328,,73.9962921142578,,66.2712693214416,,66.5261011123657,,56.2537291049957,,,,Mexico,CO2
IMAGE 3.0,CO_2Deg2020,MEX,Emissions|CO2|Energy|Demand,Mt CO2/yr,,,,205.137474578805,,,197.475167107768,,,,,211.46281727124,,217.377016786485,,,,,196.265171126772,184.539829691251,180.13240431901,161.108092404902,141.668398631736,123.036478102828,,88.861363241449,,70.5621719826012,,58.72040168227,,51.6792019673933,,38.7773966649547,,,,Mexico,CO2
IMAGE 3.0,CO_2Deg2020,MEX,Emissions|CO2|Energy|Demand|Industry,Mt CO2/yr,,,,61.3189877088492,,,57.3327293774733,,,,,58.1281015959878,,63.4702152262131,,,,,55.0570318785806,46.0794166040917,42.2157880772526,37.3605466059719,32.0748603747536,24.1520942266409,,18.2519732819249,,15.1269912021234,,10.7911944311733,,11.3127849375208,,6.80226654124756,,,,Mexico,CO2
IMAGE 3.0,CO_2Deg2020,MEX,Emissions|CO2|Energy|Demand|Residential and Commercial,Mt CO2/yr,,,,36.6415357589721,,,36.3144936561584,,,,,39.0190210342407,,40.6822180747985,,,,,37.4482712745666,35.5258083343505,33.974145412445,30.1004362106323,26.8910875320434,25.3421726226806,,22.1576957702636,,19.0613603591918,,16.712107181549,,16.1573362350463,,13.9379000663757,,,,Mexico,CO2
IMAGE 3.0,CO_2Deg2020,MEX,Emissions|CO2|Energy|Demand|Residential and Commercial|Commercial,Mt CO2/yr,,,,5.87913608551025,,,5.72872400283813,,,,,6.12992191314697,,7.23528814315795,,,,,6.65457201004028,6.26473808288574,6.18522596359252,5.59010601043701,4.92347812652587,5.07969284057617,,5.11406517028808,,4.83862018585205,,4.07051706314086,,4.65032577514648,,5.78105783462524,,,,Mexico,CO2
IMAGE 3.0,CO_2Deg2020,MEX,Emissions|CO2|Energy|Demand|Residential and Commercial|Residential,Mt CO2/yr,,,,30.7623996734619,,,30.5857696533203,,,,,32.8890991210937,,33.4469299316406,,,,,30.7936992645263,29.2610702514648,27.7889194488525,24.5103302001953,21.9676094055175,20.2624797821044,,17.0436305999755,,14.2227401733398,,12.6415901184082,,11.5070104598999,,8.15684223175048,,,,Mexico,CO2
IMAGE 3.0,CO_2Deg2020,MEX,Emissions|CO2|Energy|Demand|Transportation,Mt CO2/yr,,,,104.439498901367,,,100.964500427246,,,,,110.361900329589,,108.571296691894,,,,,98.9710388183593,97.9496765136718,98.8730163574218,89.7632827758789,78.3002090454101,68.5753936767578,,43.4353408813476,,31.2637195587158,,26.2646007537841,,19.3177509307861,,13.1204004287719,,,,Mexico,CO2
IMAGE 3.0,CO_2Deg2020,MEX,Emissions|CO2|Energy|Supply,Mt CO2/yr,,,,230.717553377151,,,216.279143571853,,,,,247.482623815536,,233.075440573917,,,,,187.630378723444,163.98338317871,85.4855117797851,22.1523303985595,13.2790412902832,9.0278091430664,,7.38051986694335,,11.9257221221923,,16.8265695571899,,21.6734495162963,,26.7676446437835,,,,Mexico,CO2
IMAGE 3.0,CO_2Deg2020,MEX,Emissions|CO2|Energy|Supply|Electricity,Mt CO2/yr,,,,125.516998271147,,,125.115357339382,,,,,159.889943897724,,168.165612965822,,,,,139.675687998533,117.602797845999,39.5395718514919,-21.5293400300045,-28.7568091104427,-32.0585553223888,,-33.6886405323942,,-29.744957263271,,-22.0864010043442,,-22.1729196297625,,-19.1002756667633,,,,Mexico,CO2
IMAGE 3.0,CO_2Deg2020,MEX,Emissions|CO2|Energy|Supply|Gases,Mt CO2/yr,,,,0.0,,,0.0,,,,,0.0,,0.0,,,,,0.0,0.0,0.0,0.0,0.0,0.0,,0.0,,0.0,,0.0,,0.0,,0.0,,,,Mexico,CO2
IMAGE 3.0,CO_2Deg2020,MEX,Emissions|CO2|Energy|Supply|Heat,Mt CO2/yr,,,,0.0,,,0.0,,,,,3.4509415362931203e-09,,1.75870124308659e-08,,,,,1.88893210968654e-08,1.70930027944271e-08,1.34592557006948e-08,6.984659017249721e-09,1.99244584951167e-09,2.49163265974433e-10,,1.26771778312133e-13,,0.0651193780261868,,0.0651123749169831,,0.0408733233901633,,0.0002039854341736,,,,Mexico,CO2
IMAGE 3.0,CO_2Deg2020,MEX,Emissions|CO2|Energy|Supply|Liquids,Mt CO2/yr,,,,76.170725612125,,,50.2228899082789,,,,,46.3207196832324,,40.2753942690514,,,,,36.7382752401646,35.2796940132975,34.2819091553489,32.3971273998419,30.713511010011,29.2845672617356,,25.2648882257441,,23.3216801037391,,22.527918840448,,21.7994768172502,,20.7860946344832,,,,Mexico,CO2
IMAGE 3.0,CO_2Deg2020,MEX,Emissions|CO2|Energy|Supply|Solids,Mt CO2/yr,,,,0.391465800930745,,,0.131916100751065,,,,,0.169255825312575,,0.387250222653771,,,,,0.550241253222338,0.601197689926872,0.416558621509466,0.339872708233694,0.32389115949627,0.291281881800387,,0.279549152764957,,0.345191122808804,,0.344484275653182,,0.598331457392002,,0.770405507258449,,,,Mexico,CO2
IMAGE 3.0,CO_2Deg2020,MEX,Emissions|CO2|Industrial Processes,Mt CO2/yr,,,,14.1594717279076,,,13.3034509296218,,,,,15.1105209564169,,17.099368541191,,,,,17.872613389045,15.1556464843452,12.3562630421171,10.1754915279646,5.86546406460304,2.37651730033879,,-1.80271950860818,,-3.38150599660972,,-4.32320152564595,,-1.93522036230812,,-4.37448360025882,,,,Mexico,CO2
IMAGE 3.0,CO_2Deg2020,MEX,Emissions|N2O|AFOLU,Mt CO2e/yr,,,,37.29939070129955,,,35.34015036283614,,,,,36.57539887060578,,37.96452036221263,,,,,38.929990665264974,39.04873961844928,39.0210660860273,42.275282150420864,44.43769024538271,44.973528335178266,,44.484729467196566,,46.183790773770745,,46.412995907159974,,47.52929976334013,,47.49490255985966,,,,Mexico,N2O
IMAGE 3.0,CO_2Deg2030,MEX,Carbon Sequestration|CCS|Biomass,Mt CO2/yr,,,,0.0,,,0.0,,,,,0.0,,0.0,,,,,0.0,0.0,0.258972868410367,18.6991513977166,39.612409149413,42.6173177729651,,39.6444440787793,,40.5972431506332,,40.6619103078848,,39.0075896727542,,39.8251488608245,,,,Mexico,
IMAGE 3.0,CO_2Deg2030,MEX,Carbon Sequestration|CCS|Biomass|Energy|Demand|Industry,Mt CO2/yr,,,,0.0,,,0.0,,,,,0.0,,0.0,,,,,0.0,0.0,0.258889900578651,0.441012011530498,0.678107836089717,0.811156132840551,,1.3383076681445,,2.3152352659963,,3.15939074304575,,3.55150723286593,,4.1716987422357,,,,Mexico,
IMAGE 3.0,CO_2Deg2030,MEX,Carbon Sequestration|CCS|Biomass|Energy|Supply,Mt CO2/yr,,,,0.0,,,0.0,,,,,0.0,,0.0,,,,,0.0,0.0,8.29678317160187e-05,18.2581393861861,38.9343013133232,41.8061616401246,,38.3061364106348,,38.2820078846369,,37.502519564839,,35.4560824398883,,35.6534501185888,,,,Mexico,
IMAGE 3.0,CO_2Deg2030,MEX,Carbon Sequestration|CCS|Biomass|Energy|Supply|Electricity,Mt CO2/yr,,,,0.0,,,0.0,,,,,0.0,,0.0,,,,,0.0,0.0,0.0,18.1482736952602,38.7595280384024,41.6042000676194,,38.1145244464278,,38.0957496042052,,37.4164267753561,,35.2967033783594,,35.3100827584663,,,,Mexico,
IMAGE 3.0,CO_2Deg2030,MEX,Carbon Sequestration|CCS|Biomass|Energy|Supply|Hydrogen,Mt CO2/yr,,,,0.0,,,0.0,,,,,0.0,,0.0,,,,,0.0,0.0,8.29678317160187e-05,0.109865690925895,0.17477327492088,0.201961572505145,,0.191611964207064,,0.183140323012291,,0.0834248051736115,,0.157376044323124,,0.343236041468723,,,,Mexico,
IMAGE 3.0,CO_2Deg2030,MEX,Carbon Sequestration|CCS|Biomass|Energy|Supply|Other,Mt CO2/yr,,,,0.0,,,0.0,,,,,0.0,,0.0,,,,,0.0,0.0,0.0,0.0,0.0,0.0,,0.0,,0.0031179574193629,,0.0026679843093309,,0.002003017205728,,0.0001313186537288,,,,Mexico,
IMAGE 3.0,CO_2Deg2030,MEX,Carbon Sequestration|Land Use,Mt CO2/yr,,,,-35.0094701505738,,,-32.762850948173,,,,,-16.8795359025842,,-21.1135308898311,,,,,-17.3336664851369,-15.0964210444505,-13.5126463149851,-8.92796507186394,-1.08428470179361,6.94206450197625,,33.2045890421058,,44.8803007643492,,61.7862368679584,,57.5311090849486,,28.1280243484418,,,,Mexico,
IMAGE 3.0,CO_2Deg2030,MEX,Emissions|CH4|AFOLU,Mt CO2e/yr,,,,96.74023696407671,,,85.51364263147104,,,,,88.563864469528,,89.37550977244959,,,,,96.22429112344972,94.44244353100648,78.41762032359836,74.42668877169484,75.00127451680585,70.31034275889371,,66.72738233860579,,65.80905325710772,,65.8229797678068,,64.86836531758296,,63.691667877137434,,,,Mexico,CH4
IMAGE 3.0,CO_2Deg2030,MEX,Emissions|CH4|Energy|Demand|Industry,Mt CO2e/yr,,,,0.0992106618359668,,,0.086963629350066,,,,,0.08950407337397119,,0.0985552938655012,,,,,0.1132333446294064,0.126247465610504,0.11826189607381798,0.1331452578306172,0.1419553831219664,0.1411139816045736,,0.122935760766266,,0.1121617872267956,,0.1047734534367892,,0.09585133381187841,,0.0756824314594264,,,,Mexico,CH4
IMAGE 3.0,CO_2Deg2030,MEX,Emissions|CH4|Energy|Demand|Residential and Commercial,Mt CO2e/yr,,,,2.4626957153668605,,,2.3068094251211715,,,,,2.3025354419369233,,2.1052864226512606,,,,,1.8215079728979617,1.528296996140852,1.2680344276595856,1.2219955008476964,1.3528067176230236,1.3970712939044456,,1.457411173149011,,1.3728403559653077,,1.2569757524179297,,1.071043183910658,,0.9077302445657544,,,,Mexico,CH4
IMAGE 3.0,CO_2Deg2030,MEX,Emissions|CH4|Energy|Demand|Transportation,Mt CO2e/yr,,,,0.1960162650793788,,,0.18975515663623682,,,,,0.2082407865673296,,0.20944786630570877,,,,,0.22210919111967037,0.2379165664315216,0.21677311323582882,0.18283238261937879,0.1412732470780596,0.10191061906516401,,0.056768179871141196,,0.0374987199902532,,0.030762171838431596,,0.025406086351721598,,0.0191908441483948,,,,Mexico,CH4
IMAGE 3.0,CO_2Deg2030,MEX,Emissions|CH4|Energy|Supply,Mt CO2e/yr,,,,51.4511775970458,,,56.345294952392315,,,,,56.912604331969966,,13.835788130760175,,,,,14.313168048858643,11.261152267456056,3.157515108585348,1.9542351067066184,1.8413605690002433,1.8577010631561257,,1.5011814087629296,,1.760372400283812,,1.9589700698852535,,2.1561109721660596,,1.9977405667304988,,,,Mexico,CH4
IMAGE 3.0,CO_2Deg2030,MEX,Emissions|CO2|AFOLU,Mt CO2/yr,,,,210.377971699649,,,90.2667485919264,,,,,80.0636831142305,,71.3390285737939,,,,,114.288908119691,80.7913423899743,60.4183882976083,47.3231367887488,71.4338394140882,38.8504376301625,,-18.5926361026381,,-29.0317320252463,,-45.8317924293755,,-42.6855960239966,,-16.6260428780592,,,,Mexico,CO2
IMAGE 3.0,CO_2Deg2030,MEX,Emissions|CO2|Energy and Industrial Processes,Mt CO2/yr,,,,447.277065515518,,,424.194307088851,,,,,470.101394176483,,462.898344682442,,,,,468.724626541402,470.586153984069,352.861651420593,258.664669513702,155.681868553161,104.037126302719,,44.4551054239273,,38.273749500513,,41.1429363866336,,37.1126714756717,,33.7625048160553,,,,Mexico,CO2
IMAGE 3.0,CO_2Deg2030,MEX,Emissions|CO2|Energy|Demand,Mt CO2/yr,,,,205.137474578805,,,197.475167107768,,,,,211.462827942644,,217.378344736062,,,,,231.177082867361,241.518828474606,203.496471241426,172.320443205535,136.016323813237,100.249741847316,,55.1995072940674,,43.2098836705942,,34.7180934472438,,30.414192813728,,23.4135012433398,,,,Mexico,CO2
IMAGE 3.0,CO_2Deg2030,MEX,Emissions|CO2|Energy|Demand|Industry,Mt CO2/yr,,,,61.3189877088492,,,57.3327293774733,,,,,58.1281015959878,,63.4718645984927,,,,,71.3986256935944,75.2255757494519,61.6465567145496,55.7422636775299,47.4146560300141,37.0916237977022,,21.9971180583039,,17.1505383526285,,11.5893222197579,,11.2005503615364,,8.82881918611625,,,,Mexico,CO2
IMAGE 3.0,CO_2Deg2030,MEX,Emissions|CO2|Energy|Demand|Residential and Commercial,Mt CO2/yr,,,,36.6415357589721,,,36.3144936561584,,,,,39.0190210342407,,40.6822180747985,,,,,41.3384838104248,40.845664024353,32.9047269821167,31.6425900459289,27.7071084976196,20.3099343776702,,6.93601667881012,,4.90063014626503,,3.15520254569128,,1.99327097442051,,1.34231400489807,,,,Mexico,CO2
IMAGE 3.0,CO_2Deg2030,MEX,Emissions|CO2|Energy|Demand|Residential and Commercial|Commercial,Mt CO2/yr,,,,5.87913608551025,,,5.72872400283813,,,,,6.12992191314697,,7.23528814315795,,,,,8.14577293395996,8.53023433685302,6.96032619476318,6.54952096939086,5.2684679031372,3.72475409507751,,0.926735520362854,,0.285257011651992,,0.0068465848453342,,2.96142002298438e-06,,0.0,,,,Mexico,CO2
IMAGE 3.0,CO_2Deg2030,MEX,Emissions|CO2|Energy|Demand|Residential and Commercial|Residential,Mt CO2/yr,,,,30.7623996734619,,,30.5857696533203,,,,,32.8890991210937,,33.4469299316406,,,,,33.1927108764648,32.3154296875,25.9444007873535,25.093069076538,22.4386405944824,16.5851802825927,,6.00928115844726,,4.61537313461303,,3.14835596084594,,1.99326801300048,,1.34231400489807,,,,Mexico,CO2
IMAGE 3.0,CO_2Deg2030,MEX,Emissions|CO2|Energy|Demand|Transportation,Mt CO2/yr,,,,104.439498901367,,,100.964500427246,,,,,110.361900329589,,108.571403503418,,,,,112.794799804687,119.033203125,105.390296936035,80.9417266845703,56.6493606567382,38.1251106262207,,21.5678596496582,,16.2487697601318,,14.930359840393,,12.2774400711059,,8.43562602996826,,,,Mexico,CO2
IMAGE 3.0,CO_2Deg2030,MEX,Emissions|CO2|Energy|Supply,Mt CO2/yr,,,,230.717553377151,,,216.279143571853,,,,,247.481855869293,,233.073266195046,,,,,223.061199188497,212.517910003662,133.931381225585,76.8677902221679,16.1142902374267,6.03810119628906,,-1.39398002624511,,4.16037940979003,,15.6657199859619,,16.5314235687255,,20.5825886726379,,,,Mexico,CO2
IMAGE 3.0,CO_2Deg2030,MEX,Emissions|CO2|Energy|Supply|Electricity,Mt CO2/yr,,,,125.516998271147,,,125.115357339382,,,,,159.889943897724,,168.163632353146,,,,,168.557801594336,158.455993980169,84.0745015690724,32.5085880855719,-23.5794944067796,-30.65769529591,,-34.3171845500667,,-33.8988996421297,,-25.2020447514951,,-26.7412966738144,,-24.4984594173729,,,,Mexico,CO2
IMAGE 3.0,CO_2Deg2030,MEX,Emissions|CO2|Energy|Supply|Gases,Mt CO2/yr,,,,0.0,,,0.0,,,,,0.0,,0.0,,,,,0.0,0.0,0.0,0.0,0.0,0.0,,0.0,,0.0,,0.0,,0.0,,0.0,,,,Mexico,CO2
IMAGE 3.0,CO_2Deg2030,MEX,Emissions|CO2|Energy|Supply|Heat,Mt CO2/yr,,,,0.0,,,0.0,,,,,3.35584301955812e-09,,1.64768002482625e-08,,,,,1.97319326676603e-08,1.86559630591109e-08,1.32179706994565e-08,7.14731601449599e-09,2.55387542349415e-09,8.44533779931558e-10,,3.1981625995043596e-11,,-0.0029527113459456,,-0.002507640620782,,-0.0018826539758265,,-0.0001236073655282,,,,Mexico,CO2
IMAGE 3.0,CO_2Deg2030,MEX,Emissions|CO2|Energy|Supply|Liquids,Mt CO2/yr,,,,76.170725612125,,,50.2228899082789,,,,,46.3199513421083,,40.275394267625,,,,,39.1119302563531,38.7029849613706,35.3815179939071,31.6282979523142,28.1126267897586,25.2756279272337,,22.0678037342925,,21.2399998369316,,20.878930731366,,20.429720946898,,19.9164383423825,,,,Mexico,CO2
IMAGE 3.0,CO_2Deg2030,MEX,Emissions|CO2|Energy|Supply|Solids,Mt CO2/yr,,,,0.391465800930745,,,0.131916100751065,,,,,0.169255825312575,,0.387250596152928,,,,,0.671853966196067,0.870220275828614,0.595025936490856,0.569468509638682,0.549308465754923,0.470159085428652,,0.23780734045431,,0.286892919878785,,0.3738918385352,,0.590337348209383,,0.709889039474849,,,,Mexico,CO2
IMAGE 3.0,CO_2Deg2030,MEX,Emissions|CO2|Industrial Processes,Mt CO2/yr,,,,14.1594717279076,,,13.3034509296218,,,,,15.1105209564169,,17.0995922138293,,,,,20.1315072675546,22.9638124195238,18.9886698499322,13.4702919361492,7.79645897758503,2.47235825130095,,-4.65191109105944,,-4.18657083840419,,-4.19766611109177,,-4.89000976085662,,-5.42684287453691,,,,Mexico,CO2
IMAGE 3.0,CO_2Deg2030,MEX,Emissions|N2O|AFOLU,Mt CO2e/yr,,,,37.29939070129955,,,35.34015036283614,,,,,36.57539887060578,,37.96453377168625,,,,,41.063196123321646,41.694819780103856,39.66411875940123,41.13185632317789,44.30125974028073,45.304337873049526,,45.47730459866112,,46.49375007867081,,46.976586899975736,,48.09733396146561,,48.977067899280335,,,,Mexico,N2O
IMAGE 3.0,CO_BAU,MEX,Carbon Sequestration|CCS|Biomass,Mt CO2/yr,,,,0.0,,,0.0,,,,,0.0,,0.0,,,,,0.0,0.0,0.0,0.0,0.0,0.0,,0.0,,0.0,,0.0,,0.0,,0.0,,,,Mexico,
IMAGE 3.0,CO_BAU,MEX,Carbon Sequestration|CCS|Biomass|Energy|Demand|Industry,Mt CO2/yr,,,,0.0,,,0.0,,,,,0.0,,0.0,,,,,0.0,0.0,0.0,0.0,0.0,0.0,,0.0,,0.0,,0.0,,0.0,,0.0,,,,Mexico,
IMAGE 3.0,CO_BAU,MEX,Carbon Sequestration|CCS|Biomass|Energy|Supply,Mt CO2/yr,,,,0.0,,,0.0,,,,,0.0,,0.0,,,,,0.0,0.0,0.0,0.0,0.0,0.0,,0.0,,0.0,,0.0,,0.0,,0.0,,,,Mexico,
IMAGE 3.0,CO_BAU,MEX,Carbon Sequestration|CCS|Biomass|Energy|Supply|Electricity,Mt CO2/yr,,,,0.0,,,0.0,,,,,0.0,,0.0,,,,,0.0,0.0,0.0,0.0,0.0,0.0,,0.0,,0.0,,0.0,,0.0,,0.0,,,,Mexico,
IMAGE 3.0,CO_BAU,MEX,Carbon Sequestration|CCS|Biomass|Energy|Supply|Hydrogen,Mt CO2/yr,,,,0.0,,,0.0,,,,,0.0,,0.0,,,,,0.0,0.0,0.0,0.0,0.0,0.0,,0.0,,0.0,,0.0,,0.0,,0.0,,,,Mexico,
IMAGE 3.0,CO_BAU,MEX,Carbon Sequestration|CCS|Biomass|Energy|Supply|Other,Mt CO2/yr,,,,0.0,,,0.0,,,,,0.0,,0.0,,,,,0.0,0.0,0.0,0.0,0.0,0.0,,0.0,,0.0,,0.0,,0.0,,0.0,,,,Mexico,
IMAGE 3.0,CO_BAU,MEX,Carbon Sequestration|Land Use,Mt CO2/yr,,,,-31.3102183891984,,,-29.8705690877969,,,,,-23.5780004122929,,-17.7162628016086,,,,,-13.2010481332322,-16.7184898955424,-4.49120486195981,-10.3594537368148,1.89394016844984,2.59869103343567,,19.8291086920247,,22.0794654471382,,26.984579087515,,20.1500106310784,,11.9493137279833,,,,Mexico,
IMAGE 3.0,CO_BAU,MEX,Emissions|CH4|AFOLU,Mt CO2e/yr,,,,90.6546221096068,,,88.47374824434496,,,,,90.97809943929309,,88.80445626564317,,,,,89.58118558302507,90.8736081719396,95.41530695557589,95.58768933266393,94.83157191425539,94.99047739431265,,91.75133924558756,,92.41735978797055,,92.97167331352824,,92.31087138503776,,92.4301077537236,,,,Mexico,CH4
IMAGE 3.0,CO_BAU,MEX,Emissions|CH4|Energy|Demand|Industry,Mt CO2e/yr,,,,0.0992103554308412,,,0.08696450293063959,,,,,0.0895043797790996,,0.09766151010990079,,,,,0.1124101448804124,0.131038937717674,0.1512221824377768,0.1683038901537644,0.17825908400118282,0.182804832234976,,0.1800532750785328,,0.1742074042558668,,0.16847496852278682,,0.1611104626208532,,0.1550049427896732,,,,Mexico,CH4
IMAGE 3.0,CO_BAU,MEX,Emissions|CH4|Energy|Demand|Residential and Commercial,Mt CO2e/yr,,,,2.462695712107232,,,2.306809472385793,,,,,2.3025408610701534,,2.1027215705253184,,,,,1.808167101815343,1.5029490077868084,1.2553538726642706,1.0485110562294704,0.8803554889746008,0.732210278976708,,0.5490259444341056,,0.4416994061321016,,0.39552273880690203,,0.3093899432569736,,0.2618699697777604,,,,Mexico,CH4
IMAGE 3.0,CO_BAU,MEX,Emissions|CH4|Energy|Demand|Transportation,Mt CO2e/yr,,,,0.1960162650793788,,,0.18975541740655638,,,,,0.2082324679940932,,0.2309434637427316,,,,,0.2508510872721672,0.26948925480246283,0.29805382713675244,0.32454157248139204,0.3496600911021232,0.3784370869398112,,0.42865284532308556,,0.4259612001478652,,0.365863680839538,,0.31323123350739357,,0.2683691419661028,,,,Mexico,CH4
IMAGE 3.0,CO_BAU,MEX,Emissions|CH4|Energy|Supply,Mt CO2e/yr,,,,51.45089721679684,,,56.383713722228755,,,,,57.00349426269513,,55.432690620422356,,,,,62.54454898834212,59.02369403839104,60.12308502197256,59.731781005859204,63.39269924163792,55.9704332351682,,39.92469549179076,,38.74152755737292,,30.4311003684996,,18.474780321121205,,14.639281988143905,,,,Mexico,CH4
IMAGE 3.0,CO_BAU,MEX,Emissions|CO2|AFOLU,Mt CO2/yr,,,,145.164530359134,,,111.240849578388,,,,,104.886444809214,,57.553451804554,,,,,43.9616848153135,48.1758881889152,68.8530993904492,71.9688872018441,48.7963900227843,43.827163117731,,-6.88812012536361,,-6.08591735418333,,-7.36939491926321,,-6.63984733849279,,1.81362675131332,,,,Mexico,CO2
IMAGE 3.0,CO_BAU,MEX,Emissions|CO2|Energy and Industrial Processes,Mt CO2/yr,,,,447.276955842971,,,424.20743560791,,,,,470.130053281784,,504.353790283203,,,,,558.560517311096,558.286891460418,595.340924501419,630.259314417838,665.029300868511,709.878639757633,,804.009569406509,,885.221610069274,,919.300495386123,,948.846822202205,,1010.07331299781,,,,Mexico,CO2
IMAGE 3.0,CO_BAU,MEX,Emissions|CO2|Energy|Demand,Mt CO2/yr,,,,205.137489305343,,,197.476459841709,,,,,211.462591891177,,230.231479896853,,,,,249.41927815477,265.828141088907,286.016106062258,303.572423290461,319.055085148041,335.765826748684,,363.423195201903,,350.206805858761,,299.81035964253,,259.480665903538,,229.542292421683,,,,Mexico,CO2
IMAGE 3.0,CO_BAU,MEX,Emissions|CO2|Energy|Demand|Industry,Mt CO2/yr,,,,61.3189877088492,,,57.332804504161,,,,,58.1280409824103,,62.9243993510802,,,,,70.7673591872056,78.4364033024758,86.2341257743537,92.7759110151479,97.0967208656172,99.6032288918892,,99.2141477763652,,96.6116858956714,,91.1084878413627,,85.4494360586007,,80.790299999838,,,,Mexico,CO2
IMAGE 3.0,CO_BAU,MEX,Emissions|CO2|Energy|Demand|Residential and Commercial,Mt CO2/yr,,,,36.6415348052978,,,36.3145174980163,,,,,39.0210013389587,,40.5847897529602,,,,,41.2568931579589,41.7624816894531,42.8536491394043,43.8169212341308,44.6485700607299,45.1144399642944,,48.3766689300537,,50.1219100952148,,50.4110393524169,,50.6865882873535,,51.7488193511962,,,,Mexico,CO2
IMAGE 3.0,CO_BAU,MEX,Emissions|CO2|Energy|Demand|Residential and Commercial|Commercial,Mt CO2/yr,,,,5.87913513183593,,,5.72874784469604,,,,,6.13189077377319,,7.14553117752075,,,,,8.11697387695312,9.13856124877929,10.4727096557617,11.69820022583,12.9399003982543,14.1061601638793,,17.1491394042968,,20.0162296295166,,22.4547595977783,,24.1114292144775,,24.9612598419189,,,,Mexico,CO2
IMAGE 3.0,CO_BAU,MEX,Emissions|CO2|Energy|Demand|Residential and Commercial|Residential,Mt CO2/yr,,,,30.7623996734619,,,30.5857696533203,,,,,32.8891105651855,,33.4392585754394,,,,,33.1399192810058,32.6239204406738,32.3809394836425,32.1187210083007,31.7086696624755,31.008279800415,,31.2275295257568,,30.1056804656982,,27.9562797546386,,26.5751590728759,,26.7875595092773,,,,Mexico,CO2
IMAGE 3.0,CO_BAU,MEX,Emissions|CO2|Energy|Demand|Transportation,Mt CO2/yr,,,,104.439498901367,,,100.964698791503,,,,,110.356498718261,,121.866096496582,,,,,131.337997436523,138.467407226562,148.380004882812,156.951995849609,165.451400756835,177.149200439453,,200.985794067382,,188.035293579101,,142.729507446289,,108.276702880859,,82.6269302368164,,,,Mexico,CO2
IMAGE 3.0,CO_BAU,MEX,Emissions|CO2|Energy|Supply,Mt CO2/yr,,,,230.717452287674,,,216.291950702667,,,,,247.519910097122,,261.96134519577,,,,,295.117489814758,276.401805400848,290.667573213577,305.66899383068,324.098626315593,351.673699915409,,415.362301111221,,508.773406028747,,587.807943582534,,651.528626859188,,736.143669366836,,,,Mexico,CO2
IMAGE 3.0,CO_BAU,MEX,Emissions|CO2|Energy|Supply|Electricity,Mt CO2/yr,,,,125.516998271147,,,125.115357339382,,,,,159.896445771058,,187.582487861315,,,,,229.368142783641,214.854527264833,228.536886473496,244.888770083586,264.022062222162,290.421033898989,,347.188097735245,,436.346893509228,,515.910262862841,,574.651355544726,,638.862381378809,,,,Mexico,CO2
IMAGE 3.0,CO_BAU,MEX,Emissions|CO2|Energy|Supply|Gases,Mt CO2/yr,,,,0.0,,,0.0,,,,,0.0,,0.0,,,,,0.0,0.0,0.0,0.0,0.0,0.0,,0.0,,0.0,,0.0,,0.0,,0.0,,,,Mexico,CO2
IMAGE 3.0,CO_BAU,MEX,Emissions|CO2|Energy|Supply|Heat,Mt CO2/yr,,,,0.0,,,0.0,,,,,3.4510270075643803e-09,,1.75868661358528e-08,,,,,2.10253014362264e-08,2.06497684981469e-08,1.72274161082397e-08,9.5390200368269e-09,3.60759646259265e-09,1.4047223309323202e-09,,1.21241892755164e-10,,2.67675476691338e-08,,4.88309041350258e-07,,7.98661979143725e-07,,7.07871650185154e-07,,,,Mexico,CO2
IMAGE 3.0,CO_BAU,MEX,Emissions|CO2|Energy|Supply|Liquids,Mt CO2/yr,,,,76.1705907255721,,,50.235650773781,,,,,46.3471250065291,,44.9541701430765,,,,,44.1754886414855,43.8616520259529,43.9292105535666,43.2457441250638,42.7806231430925,43.8808773615164,,46.6302069544326,,45.9692941124861,,38.4930028812959,,31.1891656019724,,29.8151629394851,,,,Mexico,CO2
IMAGE 3.0,CO_BAU,MEX,Emissions|CO2|Energy|Supply|Solids,Mt CO2/yr,,,,0.391465800930745,,,0.131916100751065,,,,,0.169254691475847,,0.388696011214051,,,,,0.71132674444622,1.05075152047599,1.13598061337446,1.23621370100105,1.29614068040003,1.31380153470672,,1.17944086863038,,1.31922410218976,,1.52765029148819,,1.69606244890019,,1.88692670781165,,,,Mexico,CO2
IMAGE 3.0,CO_BAU,MEX,Emissions|CO2|Industrial Processes,Mt CO2/yr,,,,14.1594717279076,,,13.3034509296218,,,,,15.1046132668852,,17.0171577483415,,,,,20.0807745568454,23.2188077643513,27.2055813111364,31.0454616943995,33.7339350953698,36.3380753745635,,40.0706526512901,,41.6793301701545,,47.243533656001,,52.9054906219244,,58.763541902105,,,,Mexico,CO2
IMAGE 3.0,CO_BAU,MEX,Emissions|N2O|AFOLU,Mt CO2e/yr,,,,36.20652955132286,,,36.839201344490995,,,,,37.977292698403964,,38.13097879862981,,,,,39.26923788333109,40.82480048142132,43.32217914628641,44.843981409729686,46.09889399888955,47.414051981226294,,47.12518820028037,,47.56709455158133,,49.545040131654794,,50.05705928837168,,50.28577862175804,,,,Mexico,N2O
IMAGE 3.0,CO_Bridge,MEX,Carbon Sequestration|CCS|Biomass,Mt CO2/yr,,,,0.0,,,0.0,,,,,0.0,,0.0,,,,,0.0,0.0346894083567879,0.277065881661542,20.8775281334071,47.0502179728858,46.3777657669197,,43.8409369223033,,52.1156834007949,,55.181860019123,,56.7434301968508,,57.0678096655399,,,,Mexico,
IMAGE 3.0,CO_Bridge,MEX,Carbon Sequestration|CCS|Biomass|Energy|Demand|Industry,Mt CO2/yr,,,,0.0,,,0.0,,,,,0.0,,0.0,,,,,0.0,0.0346050137522979,0.276981906305688,0.451166813339417,0.669542113125013,1.40178833195629,,2.48038677576308,,10.1713518767307,,14.1793444442252,,18.1125407107174,,15.8020023566981,,,,Mexico,
IMAGE 3.0,CO_Bridge,MEX,Carbon Sequestration|CCS|Biomass|Energy|Supply,Mt CO2/yr,,,,0.0,,,0.0,,,,,0.0,,0.0,,,,,0.0,8.43946044900197e-05,8.39753558542118e-05,20.4263613200677,46.3806758597608,44.9759774349634,,41.3605501465402,,41.9443315240641,,41.0025155748977,,38.6308894861334,,41.2658073088418,,,,Mexico,
IMAGE 3.0,CO_Bridge,MEX,Carbon Sequestration|CCS|Biomass|Energy|Supply|Electricity,Mt CO2/yr,,,,0.0,,,0.0,,,,,0.0,,0.0,,,,,0.0,0.0,0.0,20.4262548747162,46.3787503540515,44.9567797283331,,41.314972564578,,41.6343019654353,,40.6979468340675,,38.2793045913179,,40.3679835920532,,,,Mexico,
IMAGE 3.0,CO_Bridge,MEX,Carbon Sequestration|CCS|Biomass|Energy|Supply|Hydrogen,Mt CO2/yr,,,,0.0,,,0.0,,,,,0.0,,0.0,,,,,0.0,8.43946044900197e-05,8.39753558542118e-05,0.0001064453514961,0.0019255057092474,0.0191977066303176,,0.0455775819621824,,0.0737522841518512,,0.0683541074977256,,0.203989646252011,,0.897106452612206,,,,Mexico,
IMAGE 3.0,CO_Bridge,MEX,Carbon Sequestration|CCS|Biomass|Energy|Supply|Other,Mt CO2/yr,,,,0.0,,,0.0,,,,,0.0,,0.0,,,,,0.0,0.0,0.0,0.0,0.0,0.0,,0.0,,0.236277274476985,,0.236214633332565,,0.147595248563447,,0.0007172641763493,,,,Mexico,
IMAGE 3.0,CO_Bridge,MEX,Carbon Sequestration|Land Use,Mt CO2/yr,,,,-35.5732515486631,,,-34.1792792733786,,,,,-16.573732720332,,-19.7879290226209,,,,,-18.0967043480834,-15.4868715146355,5.61429804707693,7.5730723335773,23.9352875721358,34.3643094754663,,52.3025101719164,,54.0284570355656,,74.1732685583708,,51.7143023557787,,8.70498308680615,,,,Mexico,
IMAGE 3.0,CO_Bridge,MEX,Emissions|CH4|AFOLU,Mt CO2e/yr,,,,96.3623222522436,,,85.98412358388299,,,,,88.56373270228484,,88.83292801678175,,,,,89.72088767588127,85.51489751040936,74.74075007624904,76.27569469623263,73.79267725162201,72.28944628592568,,66.5972991110756,,66.33269737008935,,65.92118843924236,,65.26697001606209,,64.11672771163269,,,,Mexico,CH4
IMAGE 3.0,CO_Bridge,MEX,Emissions|CH4|Energy|Demand|Industry,Mt CO2e/yr,,,,0.0992103293538084,,,0.0869642486795768,,,,,0.08950432110577719,,0.0974608017131672,,,,,0.1095861457288248,0.12024498917162199,0.1150801461189968,0.1302416324615476,0.1381017975509144,0.1338517889380448,,0.1126447860151516,,0.0900004301220164,,0.078637858852742,,0.0732074864208688,,0.060768879018721994,,,,Mexico,CH4
IMAGE 3.0,CO_Bridge,MEX,Emissions|CH4|Energy|Demand|Residential and Commercial,Mt CO2e/yr,,,,2.462695712107232,,,2.3068094308255223,,,,,2.302535148570314,,2.105257882969452,,,,,1.817239672876894,1.5270754029043017,1.2710054898634546,1.2241594071965665,1.3277400368824592,1.2439669772284103,,1.1643638713285318,,1.1380942693212988,,1.136553674121387,,0.9630590578308308,,0.8670544880442311,,,,Mexico,CH4
IMAGE 3.0,CO_Bridge,MEX,Emissions|CH4|Energy|Demand|Transportation,Mt CO2e/yr,,,,0.1960162650793788,,,0.18975535221397719,,,,,0.2082421034574496,,0.208930172026156,,,,,0.2107572592794872,0.21545263752341,0.1903505735099304,0.1590367779135688,0.12884376011788679,0.0974627640098308,,0.0556588172912576,,0.0383637798950056,,0.0304512586444612,,0.0268707762006656,,0.0223922447767088,,,,Mexico,CH4
IMAGE 3.0,CO_Bridge,MEX,Emissions|CH4|Energy|Supply,Mt CO2e/yr,,,,51.450783729553045,,,56.343726158142076,,,,,56.89644908905021,,46.11602878570548,,,,,35.96177101135248,25.441633701324456,16.711063385009755,13.52027356624602,10.171095609664892,7.082857370376564,,5.039131939411164,,5.555572330951664,,5.268715381622308,,3.65747481584548,,2.841168373823164,,,,Mexico,CH4
IMAGE 3.0,CO_Bridge,MEX,Emissions|CO2|AFOLU,Mt CO2/yr,,,,207.261836960894,,,95.8844562594557,,,,,79.5846386438718,,65.0173961147012,,,,,114.747977214819,77.9942430549114,12.6894584402802,46.4387060437503,36.4404124396142,32.544654661178,,-38.5406955257946,,-35.4728767447756,,-59.647599046574,,-36.6893084365079,,4.24473596930597,,,,Mexico,CO2
IMAGE 3.0,CO_Bridge,MEX,Emissions|CO2|Energy and Industrial Processes,Mt CO2/yr,,,,447.276897907257,,,424.193866968154,,,,,470.115176200866,,463.342275381088,,,,,472.977640986442,455.528215408325,347.17549842596,238.475260198116,132.116015002131,80.4635264892131,,30.6136773508042,,18.1028543813154,,20.2602348276414,,17.2672971226275,,14.207429792732,,,,Mexico,CO2
IMAGE 3.0,CO_Bridge,MEX,Emissions|CO2|Energy|Demand,Mt CO2/yr,,,,205.137481621932,,,197.475239033034,,,,,211.463411455042,,216.465045387546,,,,,222.333884177108,222.251237137243,183.254212296257,152.928728493861,121.382647737239,86.9857926154509,,46.1835775155729,,29.4519711848503,,24.2979449640188,,19.7897303539018,,14.9810170599569,,,,Mexico,CO2
IMAGE 3.0,CO_Bridge,MEX,Emissions|CO2|Energy|Demand|Industry,Mt CO2/yr,,,,61.3189877088492,,,57.3326918141295,,,,,58.1280375675608,,62.8330137114971,,,,,69.027830613777,69.5640601528187,57.5016508810222,51.7268092371523,43.6379614596565,31.3589943883319,,16.5156512521207,,5.09826456739877,,2.65167839825153,,2.4441522352087,,2.04562223128353,,,,Mexico,CO2
IMAGE 3.0,CO_Bridge,MEX,Emissions|CO2|Energy|Demand|Residential and Commercial,Mt CO2/yr,,,,36.6415348052978,,,36.3144965171814,,,,,39.0190911293029,,40.6822562217712,,,,,40.6486711502075,39.0122232437133,30.5830297470092,28.6911058425903,24.0666046142578,16.3513548374176,,4.41855311393737,,3.09010279178619,,2.00350437173619,,1.30860495567324,,1.14595103263855,,,,Mexico,CO2
IMAGE 3.0,CO_Bridge,MEX,Emissions|CO2|Energy|Demand|Residential and Commercial|Commercial,Mt CO2/yr,,,,5.87913513183593,,,5.72872686386108,,,,,6.12999200820922,,7.23524618148803,,,,,7.8269510269165,8.13523387908935,6.8194990158081,6.23243618011474,5.04839515686035,3.56843495368957,,1.02425003051757,,0.327047705650329,,0.0071244002319872,,2.59468892226978e-14,,0.0,,,,Mexico,CO2
IMAGE 3.0,CO_Bridge,MEX,Emissions|CO2|Energy|Demand|Residential and Commercial|Residential,Mt CO2/yr,,,,30.7623996734619,,,30.5857696533203,,,,,32.8890991210937,,33.4470100402832,,,,,32.821720123291,30.876989364624,23.7635307312011,22.4586696624755,19.0182094573974,12.782919883728,,3.3943030834198,,2.76305508613586,,1.99637997150421,,1.30860495567321,,1.14595103263855,,,,Mexico,CO2
IMAGE 3.0,CO_Bridge,MEX,Emissions|CO2|Energy|Demand|Transportation,Mt CO2/yr,,,,104.439498901367,,,100.964599609375,,,,,110.362701416015,,108.317802429199,,,,,107.037803649902,107.423103332519,91.6409606933593,68.697151184082,49.4033508300781,34.511791229248,,20.6534404754638,,16.4931602478027,,14.7185096740722,,11.2345399856567,,7.09922981262207,,,,Mexico,CO2
IMAGE 3.0,CO_Bridge,MEX,Emissions|CO2|Energy|Supply,Mt CO2/yr,,,,230.717417240142,,,216.278639554977,,,,,247.49482011795,,234.479080438613,,,,,236.428029894828,217.756386756897,149.53705638647,76.6204199194908,7.72955946624279,-3.78029966168105,,-6.29195633716881,,-1.986811270006,,5.31721975281834,,7.47751722112298,,9.4644779227674,,,,Mexico,CO2
IMAGE 3.0,CO_Bridge,MEX,Emissions|CO2|Energy|Supply|Electricity,Mt CO2/yr,,,,125.516998271147,,,125.115357339382,,,,,159.91003687183,,167.31817026933,,,,,179.833866655826,163.419955720504,100.711675360798,32.0422562460104,-32.870910440882,-40.2273293584585,,-39.060376274089,,-38.7810859829187,,-34.1024212539196,,-32.0321038986245,,-31.3135888427496,,,,Mexico,CO2
IMAGE 3.0,CO_Bridge,MEX,Emissions|CO2|Energy|Supply|Gases,Mt CO2/yr,,,,0.0,,,0.0,,,,,0.0,,0.0,,,,,0.0,0.0,0.0,0.0,0.0,0.0,,0.0,,0.0,,0.0,,0.0,,0.0,,,,Mexico,CO2
IMAGE 3.0,CO_Bridge,MEX,Emissions|CO2|Energy|Supply|Heat,Mt CO2/yr,,,,0.0,,,0.0,,,,,2.6536766490822804e-09,,1.11169890567447e-08,,,,,1.39657020034137e-08,1.33329935633752e-08,9.240916914778531e-09,5.078124516664131e-09,2.25058538790244e-09,9.61546335537128e-10,,0.0,,-0.230005076446104,,-0.2299431823,,-0.143677162365444,,-0.0006986811342812,,,,Mexico,CO2
IMAGE 3.0,CO_Bridge,MEX,Emissions|CO2|Energy|Supply|Liquids,Mt CO2/yr,,,,76.1705555099373,,,50.2223657288899,,,,,46.3136868008102,,42.8664221156698,,,,,40.1646276004612,38.5279016821489,34.2168197773086,30.7105491883703,27.2314196493728,24.5930202883452,,21.8215043911034,,21.1386734247298,,20.7342472622258,,20.2204302237684,,19.7047426581775,,,,Mexico,CO2
IMAGE 3.0,CO_Bridge,MEX,Emissions|CO2|Energy|Supply|Solids,Mt CO2/yr,,,,0.391465800930745,,,0.131916100751065,,,,,0.169266203253452,,0.386918395330819,,,,,0.671646407378526,0.817728277373438,0.597712142431797,0.513689718597258,0.51813921406089,0.452590218628756,,0.247951470858727,,0.280096729208404,,0.338703922655743,,0.470718960665787,,0.593606212836069,,,,Mexico,CO2
IMAGE 3.0,CO_Bridge,MEX,Emissions|CO2|Industrial Processes,Mt CO2/yr,,,,14.1594717279076,,,13.3034509296218,,,,,15.1105158341427,,17.0301119796931,,,,,19.8352946899831,21.772420965135,17.9127890927096,12.7397600250939,7.27856035033861,2.0216847769916,,-4.6820108545944,,-4.59186181736489,,-4.43067878950387,,-5.19751823352028,,-5.5478501987333,,,,Mexico,CO2
IMAGE 3.0,CO_Bridge,MEX,Emissions|N2O|AFOLU,Mt CO2e/yr,,,,37.19485321796517,,,35.47691647934097,,,,,36.57387421097564,,37.80384353140095,,,,,39.61929381122841,39.433719233972695,38.67733710729389,41.35266812502189,43.97146904771057,46.20102379503238,,44.89588978116169,,46.77940492517183,,47.03660940123436,,47.5278973122075,,47.994212625904815,,,,Mexico,N2O
IMAGE 3.0,CO_CurPol,MEX,Carbon Sequestration|CCS|Biomass,Mt CO2/yr,,,,0.0,,,0.0,,,,,0.0,,0.0,,,,,0.0,0.0,0.0,0.0001489405920077,0.0001487140982211,0.0001482559781607,,0.0001154166587487,,1.37101396902039e-05,,0.0,,0.0,,0.0,,,,Mexico,
IMAGE 3.0,CO_CurPol,MEX,Carbon Sequestration|CCS|Biomass|Energy|Demand|Industry,Mt CO2/yr,,,,0.0,,,0.0,,,,,0.0,,0.0,,,,,0.0,0.0,0.0,0.0001489405920077,0.0001487140982211,0.0001482559781607,,0.0001154166587487,,1.37101396902039e-05,,0.0,,0.0,,0.0,,,,Mexico,
IMAGE 3.0,CO_CurPol,MEX,Carbon Sequestration|CCS|Biomass|Energy|Supply,Mt CO2/yr,,,,0.0,,,0.0,,,,,0.0,,0.0,,,,,0.0,0.0,0.0,0.0,0.0,0.0,,0.0,,0.0,,0.0,,0.0,,0.0,,,,Mexico,
IMAGE 3.0,CO_CurPol,MEX,Carbon Sequestration|CCS|Biomass|Energy|Supply|Electricity,Mt CO2/yr,,,,0.0,,,0.0,,,,,0.0,,0.0,,,,,0.0,0.0,0.0,0.0,0.0,0.0,,0.0,,0.0,,0.0,,0.0,,0.0,,,,Mexico,
IMAGE 3.0,CO_CurPol,MEX,Carbon Sequestration|CCS|Biomass|Energy|Supply|Hydrogen,Mt CO2/yr,,,,0.0,,,0.0,,,,,0.0,,0.0,,,,,0.0,0.0,0.0,0.0,0.0,0.0,,0.0,,0.0,,0.0,,0.0,,0.0,,,,Mexico,
IMAGE 3.0,CO_CurPol,MEX,Carbon Sequestration|CCS|Biomass|Energy|Supply|Other,Mt CO2/yr,,,,0.0,,,0.0,,,,,0.0,,0.0,,,,,0.0,0.0,0.0,0.0,0.0,0.0,,0.0,,0.0,,0.0,,0.0,,0.0,,,,Mexico,
IMAGE 3.0,CO_CurPol,MEX,Carbon Sequestration|Land Use,Mt CO2/yr,,,,-31.9167776062297,,,-31.7605004364316,,,,,-23.1264480410678,,-21.8386263606434,,,,,-21.941239171483,-22.5583451510115,-13.8675464950691,-14.5252089339785,-3.30281121841544,2.96239917736733,,14.4691319838902,,21.4551421833171,,29.7792525989067,,31.7670364582608,,27.5650129989013,,,,Mexico,
IMAGE 3.0,CO_CurPol,MEX,Emissions|CH4|AFOLU,Mt CO2e/yr,,,,90.91873198561356,,,89.056154778227,,,,,86.8209861330686,,91.03244510851792,,,,,94.60111624747503,89.65726548060772,82.24604050256299,83.72589976526776,83.09278150089084,80.29814575239996,,78.55076933652144,,78.23307629674656,,78.47816696763036,,77.59240163862684,,77.22446853667476,,,,Mexico,CH4
IMAGE 3.0,CO_CurPol,MEX,Emissions|CH4|Energy|Demand|Industry,Mt CO2e/yr,,,,0.0992106618359668,,,0.086963629350066,,,,,0.08950314763933201,,0.0983739932999012,,,,,0.1135231126099812,0.1330226566642512,0.1525524500757432,0.16795623116195,0.1774056740105132,0.180686933919786,,0.1765736602246736,,0.1699308231472964,,0.1659815870225408,,0.1611523423343876,,0.154544096440076,,,,Mexico,CH4
IMAGE 3.0,CO_CurPol,MEX,Emissions|CH4|Energy|Demand|Residential and Commercial,Mt CO2e/yr,,,,2.4626957153668605,,,2.3068094251211715,,,,,2.3024530629627407,,2.102970206877215,,,,,1.8184182145632803,1.5264219271484736,1.2746066041290738,1.0527566513046605,0.8745883642695836,0.714171651750802,,0.5275754374451932,,0.425332701299338,,0.3769236607477068,,0.3155307779088612,,0.2822115216404176,,,,Mexico,CH4
IMAGE 3.0,CO_CurPol,MEX,Emissions|CH4|Energy|Demand|Transportation,Mt CO2e/yr,,,,0.1960162650793788,,,0.18975515663623682,,,,,0.2082396131008844,,0.2094797063618896,,,,,0.22283288091421,0.24736701324581958,0.28844003379344724,0.32386787235736636,0.3520207665860648,0.376127913594244,,0.4189550317823864,,0.4166229106485824,,0.3548087142407892,,0.3000734671950316,,0.264376591891048,,,,Mexico,CH4
IMAGE 3.0,CO_CurPol,MEX,Emissions|CH4|Energy|Supply,Mt CO2e/yr,,,,51.4511775970458,,,56.345294952392315,,,,,56.91554164886463,,11.862597942352277,,,,,14.990364789962744,19.47116327285766,17.496413469314557,19.682848691940308,22.377579927444447,24.005058765411363,,20.2152407169342,,10.349853038787835,,6.167845606803888,,3.6744903922080763,,2.5392192900180794,,,,Mexico,CH4
IMAGE 3.0,CO_CurPol,MEX,Emissions|CO2|AFOLU,Mt CO2/yr,,,,145.689658649549,,,114.78802240721,,,,,91.250493723347,,80.7202788395459,,,,,97.1560269915346,106.276644316151,35.2554740901335,58.8034404747405,51.9295689153817,29.4597973821613,,1.55804426578688,,-8.82865036529966,,-12.7726912335462,,-19.861117996684,,-15.588879576982,,,,Mexico,CO2
IMAGE 3.0,CO_CurPol,MEX,Emissions|CO2|Energy and Industrial Processes,Mt CO2/yr,,,,447.277065515518,,,424.194307088851,,,,,470.093252420425,,462.732796019685,,,,,472.394698143372,501.553215980529,556.61600112915,603.987771987914,661.791110038757,719.909453392028,,823.075206756591,,908.281076431274,,949.919618606567,,989.086156845092,,1034.05521392822,,,,Mexico,CO2
IMAGE 3.0,CO_CurPol,MEX,Emissions|CO2|Energy|Demand,Mt CO2/yr,,,,205.137474578805,,,197.475167107768,,,,,211.460633475023,,217.265009297989,,,,,231.881026760675,252.593068250765,280.94013640657,304.008103441447,321.374451741576,334.388005857666,,355.429359634096,,342.268403541917,,290.453475822384,,250.056160381063,,224.932230310514,,,,Mexico,CO2
IMAGE 3.0,CO_CurPol,MEX,Emissions|CO2|Energy|Demand|Industry,Mt CO2/yr,,,,61.3189877088492,,,57.3327293774733,,,,,58.1276431524505,,63.3581040116647,,,,,71.5760015106449,80.0651891622692,87.5238964799791,93.1963549616436,97.1986814402043,98.8203567297508,,97.1590632107108,,92.9278649855405,,87.7281471621245,,83.7222709475705,,79.6399943064898,,,,Mexico,CO2
IMAGE 3.0,CO_CurPol,MEX,Emissions|CO2|Energy|Demand|Residential and Commercial,Mt CO2/yr,,,,36.6415357589721,,,36.3144936561584,,,,,39.0192055702209,,40.6729116439819,,,,,41.451693534851,42.0485925674438,43.268699645996,44.2119007110595,44.9453611373901,45.2323789596557,,48.4243202209472,,50.0699787139892,,50.3250484466552,,50.0796489715576,,49.7184791564941,,,,Mexico,CO2
IMAGE 3.0,CO_CurPol,MEX,Emissions|CO2|Energy|Demand|Residential and Commercial|Commercial,Mt CO2/yr,,,,5.87913608551025,,,5.72872400283813,,,,,6.12976694107055,,7.21786022186279,,,,,8.19790172576904,9.12818241119384,10.4960098266601,11.7388095855712,12.95641040802,13.9824495315551,,16.9042606353759,,19.4677295684814,,21.9249992370605,,23.8420791625976,,24.912109375,,,,Mexico,CO2
IMAGE 3.0,CO_CurPol,MEX,Emissions|CO2|Energy|Demand|Residential and Commercial|Residential,Mt CO2/yr,,,,30.7623996734619,,,30.5857696533203,,,,,32.8894386291503,,33.4550514221191,,,,,33.253791809082,32.92041015625,32.7726898193359,32.4730911254882,31.9889507293701,31.2499294281005,,31.5200595855712,,30.6022491455078,,28.4000492095947,,26.2375698089599,,24.8063697814941,,,,Mexico,CO2
IMAGE 3.0,CO_CurPol,MEX,Emissions|CO2|Energy|Demand|Transportation,Mt CO2/yr,,,,104.439498901367,,,100.964500427246,,,,,110.359802246093,,108.580200195312,,,,,113.150199890136,123.78759765625,142.076202392578,156.816802978515,167.419403076171,176.304504394531,,194.835800170898,,183.674896240234,,136.725402832031,,101.097999572753,,81.6350936889648,,,,Mexico,CO2
IMAGE 3.0,CO_CurPol,MEX,Emissions|CO2|Energy|Supply,Mt CO2/yr,,,,230.717553377151,,,216.279143571853,,,,,247.481998205184,,233.049851721894,,,,,226.082721710572,231.962524414062,256.437702178955,280.11986541748,319.77815246582,363.033275604248,,444.210792541503,,540.694007873535,,626.725963592529,,698.736007690429,,764.607036590576,,,,Mexico,CO2
IMAGE 3.0,CO_CurPol,MEX,Emissions|CO2|Energy|Supply|Electricity,Mt CO2/yr,,,,125.516998271147,,,125.115357339382,,,,,159.88972534736,,168.162539601326,,,,,171.492058783769,175.88464791576,196.134732415278,218.376220514376,256.820199390252,297.822624444961,,374.854333698749,,473.319003979365,,560.649106899897,,627.160593867301,,678.626308838526,,,,Mexico,CO2
IMAGE 3.0,CO_CurPol,MEX,Emissions|CO2|Energy|Supply|Gases,Mt CO2/yr,,,,0.0,,,0.0,,,,,0.0,,0.0,,,,,0.0,0.0,0.0,0.0,0.0,0.0,,0.0,,0.0,,0.0,,0.0,,0.0,,,,Mexico,CO2
IMAGE 3.0,CO_CurPol,MEX,Emissions|CO2|Energy|Supply|Heat,Mt CO2/yr,,,,0.0,,,0.0,,,,,3.4508823027144303e-09,,1.75861871361722e-08,,,,,2.10304122207072e-08,2.08345899849656e-08,1.74993721770155e-08,9.812450981958041e-09,3.87697567192507e-09,1.6539555640869501e-09,,1.54072128590466e-10,,3.5223227691042805e-09,,2.51058271394377e-07,,5.49800168355337e-07,,4.77483973656174e-07,,,,Mexico,CO2
IMAGE 3.0,CO_CurPol,MEX,Emissions|CO2|Energy|Supply|Liquids,Mt CO2/yr,,,,76.170725612125,,,50.2228899082789,,,,,46.3205621733019,,40.2755488742189,,,,,39.1736400006907,39.4612181310852,40.8081679294506,41.7318368951479,42.3473600919048,43.4205209215482,,44.3933603043357,,41.2583611905574,,35.0022101774812,,30.5236146474878,,27.8567367543776,,,,Mexico,CO2
IMAGE 3.0,CO_CurPol,MEX,Emissions|CO2|Energy|Supply|Solids,Mt CO2/yr,,,,0.391465800930745,,,0.131916100751065,,,,,0.169255678580763,,0.387191209786882,,,,,0.678688253780516,0.950527930399403,1.03070624754764,1.1224693347079,1.20458803333652,1.22076609598783,,1.14412065401362,,1.3398051863381,,1.61725700794098,,1.84096432834242,,1.9805680688781,,,,Mexico,CO2
IMAGE 3.0,CO_CurPol,MEX,Emissions|CO2|Industrial Processes,Mt CO2/yr,,,,14.1594717279076,,,13.3034509296218,,,,,15.1046286337077,,17.0717253349721,,,,,20.1340735269089,23.6892476677894,27.3095498171945,29.6428327759106,32.4494907011588,36.5189736088116,,38.4452560295661,,40.9143902361393,,48.4149977564811,,55.4502671584487,,58.4545526653528,,,,Mexico,CO2
IMAGE 3.0,CO_CurPol,MEX,Emissions|N2O|AFOLU,Mt CO2e/yr,,,,36.07639918892318,,,36.79598810515556,,,,,36.40519609467741,,38.57728652867052,,,,,40.70233390778837,40.79428271727272,39.89091797854581,41.822256399029925,42.890194856447486,43.45302059783139,,43.654395530201555,,44.13972290524879,,45.41276203108827,,45.73702687192139,,45.62377378019916,,,,Mexico,N2O
IMAGE 3.0,CO_GPP,MEX,Carbon Sequestration|CCS|Biomass,Mt CO2/yr,,,,0.0,,,0.0,,,,,0.0,,0.0,,,,,0.0,0.0346894083567879,0.210575311612023,0.637241486003858,2.11728635501155,4.30720364299001,,14.7341098393856,,43.8706949741269,,57.0633071474731,,54.7895774555703,,49.6169210333998,,,,Mexico,
IMAGE 3.0,CO_GPP,MEX,Carbon Sequestration|CCS|Biomass|Energy|Demand|Industry,Mt CO2/yr,,,,0.0,,,0.0,,,,,0.0,,0.0,,,,,0.0,0.0346050137522979,0.209135664287411,0.403365243982989,0.769911261158995,1.06699307798407,,1.54748949959563,,5.23527750434974,,10.3599394982059,,9.03778321420152,,2.8345431589211,,,,Mexico,
IMAGE 3.0,CO_GPP,MEX,Carbon Sequestration|CCS|Biomass|Energy|Supply,Mt CO2/yr,,,,0.0,,,0.0,,,,,0.0,,0.0,,,,,0.0,8.43946044900197e-05,0.0014396473246118,0.233876242020869,1.34737509385255,3.24021056500593,,13.18662033979,,38.6354174697771,,46.7033676492671,,45.7517942413687,,46.7823778744787,,,,Mexico,
IMAGE 3.0,CO_GPP,MEX,Carbon Sequestration|CCS|Biomass|Energy|Supply|Electricity,Mt CO2/yr,,,,0.0,,,0.0,,,,,0.0,,0.0,,,,,0.0,0.0,0.0013433922655773,0.230866338824853,1.31645135115832,3.13491673053552,,12.611375345538,,32.111526466906,,31.5985375394423,,23.8290874597926,,13.2474465450892,,,,Mexico,
IMAGE 3.0,CO_GPP,MEX,Carbon Sequestration|CCS|Biomass|Energy|Supply|Hydrogen,Mt CO2/yr,,,,0.0,,,0.0,,,,,0.0,,0.0,,,,,0.0,8.43946044900197e-05,9.62550590344335e-05,0.0030099031960162,0.0309237426942369,0.105293834470406,,0.575244994251988,,6.52389100287109,,15.1048301098247,,21.922706781576,,33.5349313293894,,,,Mexico,
IMAGE 3.0,CO_GPP,MEX,Carbon Sequestration|CCS|Biomass|Energy|Supply|Other,Mt CO2/yr,,,,0.0,,,0.0,,,,,0.0,,0.0,,,,,0.0,0.0,0.0,0.0,0.0,0.0,,0.0,,0.0,,0.0,,0.0,,0.0,,,,Mexico,
IMAGE 3.0,CO_GPP,MEX,Carbon Sequestration|Land Use,Mt CO2/yr,,,,-35.5732515486631,,,-34.1792792733786,,,,,-16.573732720332,,-19.7921275800081,,,,,-18.0929667953707,-15.3953330605316,4.8717454390683,9.72699800905102,27.9013773762219,42.9404443168933,,62.5393614229789,,64.5822677820027,,85.5265228776402,,54.4403493453879,,20.994885360868,,,,Mexico,
IMAGE 3.0,CO_GPP,MEX,Emissions|CH4|AFOLU,Mt CO2e/yr,,,,96.3623222522436,,,85.98412358388299,,,,,88.56373270228484,,88.83292843401425,,,,,89.71902264654616,85.53422163426869,79.68996763974428,78.67982164770363,72.234406478703,71.26925087720144,,67.08830399811261,,66.6126162968574,,65.97194458544229,,65.65893917903291,,64.2919326405972,,,,Mexico,CH4
IMAGE 3.0,CO_GPP,MEX,Emissions|CH4|Energy|Demand|Industry,Mt CO2e/yr,,,,0.0992103293538084,,,0.0869642486795768,,,,,0.08950432110577719,,0.0974608017131672,,,,,0.1095861457288248,0.12024498917162199,0.1321008857339612,0.1422400008887032,0.1454922892153248,0.14458855055272318,,0.1393454503267988,,0.1302605122327796,,0.11831890046596481,,0.10821711458265679,,0.1032190341502404,,,,Mexico,CH4
IMAGE 3.0,CO_GPP,MEX,Emissions|CH4|Energy|Demand|Residential and Commercial,Mt CO2e/yr,,,,2.462695712107232,,,2.3068094308255223,,,,,2.302535148570314,,2.105257882969452,,,,,1.817239672876894,1.5270754029043017,1.2932716277427967,1.08831916633062,0.9060107886325552,0.7408876135013976,,0.5414667474105932,,0.5699219135567524,,0.5353381820023049,,0.47448612051084443,,0.47570433188229555,,,,Mexico,CH4
IMAGE 3.0,CO_GPP,MEX,Emissions|CH4|Energy|Demand|Transportation,Mt CO2e/yr,,,,0.1960162650793788,,,0.18975535221397719,,,,,0.2082421034574496,,0.208930172026156,,,,,0.2107572592794872,0.21545263752341,0.2310309782624228,0.2411241196095928,0.2493324913084488,0.2606926113367072,,0.2775643467903124,,0.28597043454646803,,0.2530458085238916,,0.2063794340938316,,0.1802408732473832,,,,Mexico,CH4
IMAGE 3.0,CO_GPP,MEX,Emissions|CH4|Energy|Supply,Mt CO2e/yr,,,,51.450783729553045,,,56.343726158142076,,,,,56.89644908905021,,46.11602878570548,,,,,35.862623214721516,25.245569467544552,21.387034893035867,19.4492084980011,14.152249813079813,13.931735754013054,,10.365001082420319,,9.673431515693652,,7.772516846656799,,5.77008867263794,,3.871644020080564,,,,Mexico,CH4
IMAGE 3.0,CO_GPP,MEX,Emissions|CO2|AFOLU,Mt CO2/yr,,,,207.261836960894,,,95.8844562594557,,,,,79.5846386438718,,65.0215946720884,,,,,114.72920909558,78.0848449865561,13.4347046174991,47.9271613337828,7.58282749128855,7.63611301538725,,-49.5462095371165,,-52.5742011425382,,-73.7907232512126,,-37.7085684289666,,-6.72343538281473,,,,Mexico,CO2
IMAGE 3.0,CO_GPP,MEX,Emissions|CO2|Energy and Industrial Processes,Mt CO2/yr,,,,447.276897907257,,,424.193866968154,,,,,470.115176200866,,463.342275381088,,,,,473.066170930862,455.703270435333,453.557601690292,430.767201185226,402.355236858129,372.111999824643,,298.531057864427,,246.655366063118,,184.733438968658,,140.774703621864,,123.251466870307,,,,Mexico,CO2
IMAGE 3.0,CO_GPP,MEX,Emissions|CO2|Energy|Demand,Mt CO2/yr,,,,205.137481621932,,,197.475239033034,,,,,211.463411455042,,216.465045387546,,,,,222.333884177108,222.251237137243,223.719894730796,221.882778297488,216.563023393973,211.253543772424,,201.66112028528,,188.477368365662,,145.99623325436,,112.818256563817,,104.413174946482,,,,Mexico,CO2
IMAGE 3.0,CO_GPP,MEX,Emissions|CO2|Energy|Demand|Industry,Mt CO2/yr,,,,61.3189877088492,,,57.3326918141295,,,,,58.1280375675608,,62.8330137114971,,,,,69.027830613777,69.5640601528187,66.7751184664666,64.1381546544531,58.7622348684817,50.8079244755208,,38.3620374292756,,26.7985052196308,,12.824826912644,,12.7196371710548,,21.0171749349683,,,,Mexico,CO2
IMAGE 3.0,CO_GPP,MEX,Emissions|CO2|Energy|Demand|Residential and Commercial,Mt CO2/yr,,,,36.6415348052978,,,36.3144965171814,,,,,39.0190911293029,,40.6822562217712,,,,,40.6486711502075,39.0122232437133,37.6330633163452,36.4586591720581,35.415165901184,34.366452217102,,34.5646095275878,,33.6713809967041,,33.3184394836425,,33.2357807159423,,30.9018306732177,,,,Mexico,CO2
IMAGE 3.0,CO_GPP,MEX,Emissions|CO2|Energy|Demand|Residential and Commercial|Commercial,Mt CO2/yr,,,,5.87913513183593,,,5.72872686386108,,,,,6.12999200820922,,7.23524618148803,,,,,7.8269510269165,8.13523387908935,8.62608242034912,9.08034992218017,9.51108646392822,9.92282199859619,,11.3959999084472,,12.3175201416015,,13.0498600006103,,13.666669845581,,13.1422500610351,,,,Mexico,CO2
IMAGE 3.0,CO_GPP,MEX,Emissions|CO2|Energy|Demand|Residential and Commercial|Residential,Mt CO2/yr,,,,30.7623996734619,,,30.5857696533203,,,,,32.8890991210937,,33.4470100402832,,,,,32.821720123291,30.876989364624,29.006980895996,27.3783092498779,25.9040794372558,24.4436302185058,,23.1686096191406,,21.3538608551025,,20.2685794830322,,19.5691108703613,,17.7595806121826,,,,Mexico,CO2
IMAGE 3.0,CO_GPP,MEX,Emissions|CO2|Energy|Demand|Transportation,Mt CO2/yr,,,,104.439498901367,,,100.964599609375,,,,,110.362701416015,,108.317802429199,,,,,107.037803649902,107.423103332519,112.222702026367,113.371398925781,113.292701721191,115.732696533203,,118.322998046875,,117.704498291015,,90.2023162841796,,58.2996482849121,,44.8841590881347,,,,Mexico,CO2
IMAGE 3.0,CO_GPP,MEX,Emissions|CO2|Energy|Supply,Mt CO2/yr,,,,230.717417240142,,,216.278639554977,,,,,247.49482011795,,234.479080438613,,,,,236.516559839248,217.931441783905,216.643624067306,198.780076742172,179.651519626379,158.614821746945,,98.6905694305896,,60.2620650529861,,40.211884021759,,26.01187479496,,15.445926785469,,,,Mexico,CO2
IMAGE 3.0,CO_GPP,MEX,Emissions|CO2|Energy|Supply|Electricity,Mt CO2/yr,,,,125.516998271147,,,125.115357339382,,,,,159.91003687183,,167.31817026933,,,,,179.833866655826,163.419955720504,161.338864515225,144.214910765488,126.805981000264,105.213239168127,,44.4905639936526,,10.6774726882576,,2.53144880601515,,3.23670080009227,,8.43156633588175,,,,Mexico,CO2
IMAGE 3.0,CO_GPP,MEX,Emissions|CO2|Energy|Supply|Gases,Mt CO2/yr,,,,0.0,,,0.0,,,,,0.0,,0.0,,,,,0.0,0.0,0.0,0.0,0.0,0.0,,0.0,,0.0,,0.0,,0.0,,0.0,,,,Mexico,CO2
IMAGE 3.0,CO_GPP,MEX,Emissions|CO2|Energy|Supply|Heat,Mt CO2/yr,,,,0.0,,,0.0,,,,,2.6536766490822804e-09,,1.11169890567447e-08,,,,,1.39657020034137e-08,1.33329935633752e-08,1.02243350504766e-08,5.55103984335494e-09,2.4297244265748302e-09,1.0231386231585502e-09,,0.0,,0.0,,0.0,,0.0,,0.0,,,,Mexico,CO2
IMAGE 3.0,CO_GPP,MEX,Emissions|CO2|Energy|Supply|Liquids,Mt CO2/yr,,,,76.1705555099373,,,50.2223657288899,,,,,46.3136868008102,,42.8664221156698,,,,,40.253157999056,38.7029563620065,38.1109244481194,37.3453160573262,35.2993580102823,35.1473674636508,,34.4796102096249,,34.1694797195183,,31.4462201010125,,27.0109750175227,,23.5674837410139,,,,Mexico,CO2
IMAGE 3.0,CO_GPP,MEX,Emissions|CO2|Energy|Supply|Solids,Mt CO2/yr,,,,0.391465800930745,,,0.131916100751065,,,,,0.169266203253452,,0.386918395330819,,,,,0.671646407378526,0.817728277373438,0.784400467334004,0.762157365291689,0.741668748863351,0.68532896208732,,0.478667556308209,,0.488052042783238,,0.458838966248246,,0.331824495030256,,0.306148482195567,,,,Mexico,CO2
IMAGE 3.0,CO_GPP,MEX,Emissions|CO2|Industrial Processes,Mt CO2/yr,,,,14.1594717279076,,,13.3034509296218,,,,,15.1105158341427,,17.0301119796931,,,,,19.8352946899831,21.772420965135,20.2831060936053,18.0189277355869,15.233621156464,12.5901016872376,,8.59083832862476,,8.218914270401,,8.17597339240213,,10.5077649156252,,11.0023759771138,,,,Mexico,CO2
IMAGE 3.0,CO_GPP,MEX,Emissions|N2O|AFOLU,Mt CO2e/yr,,,,37.19485321796517,,,35.47691647934097,,,,,36.57387421097564,,37.80384353140095,,,,,39.61875083992289,39.43935860426917,39.156368522295566,41.71035861302911,42.2968553712604,44.013742100667066,,43.235758136283806,,44.2237665055024,,46.01696602399969,,46.23929203507423,,46.71303170227484,,,,Mexico,N2O
IMAGE 3.0,CO_NDCplus,MEX,Carbon Sequestration|CCS|Biomass,Mt CO2/yr,,,,0.0,,,0.0,,,,,0.0,,0.0,,,,,0.0,0.0,0.0002970233291913,0.0061888968806063,0.0116579866850467,0.0181285686267074,,0.134501648669053,,0.160732837154379,,0.345813379074873,,1.68223679732667,,3.06350463953701,,,,Mexico,
IMAGE 3.0,CO_NDCplus,MEX,Carbon Sequestration|CCS|Biomass|Energy|Demand|Industry,Mt CO2/yr,,,,0.0,,,0.0,,,,,0.0,,0.0,,,,,0.0,0.0,0.0,0.0,0.0,0.0,,0.105292073688663,,0.109096462741339,,0.070401576522272,,1.13463345527028,,2.37550863918537,,,,Mexico,
IMAGE 3.0,CO_NDCplus,MEX,Carbon Sequestration|CCS|Biomass|Energy|Supply,Mt CO2/yr,,,,0.0,,,0.0,,,,,0.0,,0.0,,,,,0.0,0.0,0.0002970233291913,0.0061888968806063,0.0116579866850467,0.0181285686267074,,0.0292095749803896,,0.0516363744130406,,0.275411802552601,,0.54760334205639,,0.687996000351631,,,,Mexico,
IMAGE 3.0,CO_NDCplus,MEX,Carbon Sequestration|CCS|Biomass|Energy|Supply|Electricity,Mt CO2/yr,,,,0.0,,,0.0,,,,,0.0,,0.0,,,,,0.0,0.0,0.0,0.0,0.0,0.0,,0.0,,0.0009931434306054,,0.0209392765100346,,0.0164529647008748,,0.008221664378046,,,,Mexico,
IMAGE 3.0,CO_NDCplus,MEX,Carbon Sequestration|CCS|Biomass|Energy|Supply|Hydrogen,Mt CO2/yr,,,,0.0,,,0.0,,,,,0.0,,0.0,,,,,0.0,0.0,0.0002970233291913,0.0061888968806063,0.0116579866850467,0.0181285686267074,,0.0292095749803896,,0.0506432309824352,,0.254472526042566,,0.531150377355516,,0.679774335973585,,,,Mexico,
IMAGE 3.0,CO_NDCplus,MEX,Carbon Sequestration|CCS|Biomass|Energy|Supply|Other,Mt CO2/yr,,,,0.0,,,0.0,,,,,0.0,,0.0,,,,,0.0,0.0,0.0,0.0,0.0,0.0,,0.0,,0.0,,0.0,,0.0,,0.0,,,,Mexico,
IMAGE 3.0,CO_NDCplus,MEX,Carbon Sequestration|Land Use,Mt CO2/yr,,,,-31.9167776062297,,,-31.7605004364316,,,,,-23.1268066002591,,-21.8755938132622,,,,,-21.3752825143,-23.7247928377698,-13.0191399572456,-13.800373845436,-4.86200756903234,2.95772062020566,,16.584890740879,,26.895623967013,,29.7794916383675,,31.603963738076,,20.8900648498651,,,,Mexico,
IMAGE 3.0,CO_NDCplus,MEX,Emissions|CH4|AFOLU,Mt CO2e/yr,,,,90.91873198561356,,,89.056154778227,,,,,89.86791089549645,,91.03216285072253,,,,,94.62485375255332,97.23254483565673,92.9666985720396,95.56290561705804,94.05758106335976,94.76114233583199,,92.69998803362247,,93.17685326933845,,93.69954012706869,,94.05700903758404,,94.47717675566659,,,,Mexico,CH4
IMAGE 3.0,CO_NDCplus,MEX,Emissions|CH4|Energy|Demand|Industry,Mt CO2e/yr,,,,0.0992106618359668,,,0.086963629350066,,,,,0.08950314763933201,,0.0983770508319116,,,,,0.113057976588606,0.1263063997030248,0.13952680304646442,0.1497555579990148,0.154004849493502,0.1543596535921076,,0.15222693048417402,,0.15179044008254838,,0.1452759020030472,,0.134598609060048,,0.1256464421749096,,,,Mexico,CH4
IMAGE 3.0,CO_NDCplus,MEX,Emissions|CH4|Energy|Demand|Residential and Commercial,Mt CO2e/yr,,,,2.4626957153668605,,,2.3068094251211715,,,,,2.3024530629627407,,2.102970625739544,,,,,1.8179952467326075,1.5254966830834724,1.2905927847605183,1.0832647073548272,0.9051999347284432,0.7465913514606651,,0.5531686590984456,,0.4380730297416424,,0.39037597691640236,,0.3687157551757988,,0.3717879261821508,,,,Mexico,CH4
IMAGE 3.0,CO_NDCplus,MEX,Emissions|CH4|Energy|Demand|Transportation,Mt CO2e/yr,,,,0.1960162650793788,,,0.18975515663623682,,,,,0.2082396131008844,,0.2094797063618896,,,,,0.2221041321754444,0.2378861345350728,0.27469078823923804,0.30671116709709,0.3326145261526108,0.3582966737449148,,0.3909077234566196,,0.3967303074896336,,0.33204192668199284,,0.272483941167592,,0.241984870284794,,,,Mexico,CH4
IMAGE 3.0,CO_NDCplus,MEX,Emissions|CH4|Energy|Supply,Mt CO2e/yr,,,,51.4511775970458,,,56.345294952392315,,,,,56.912130355834876,,13.825994014739983,,,,,14.298686742782568,11.259743690490708,7.514642953872656,7.288954377174371,7.457444548606864,7.0330990552901955,,7.212455630302412,,6.151079118251788,,1.9834603667259194,,0.8966641724109636,,0.5013688579201679,,,,Mexico,CH4
IMAGE 3.0,CO_NDCplus,MEX,Emissions|CO2|AFOLU,Mt CO2/yr,,,,145.689658649549,,,114.78802240721,,,,,91.2508591122372,,80.7552524469477,,,,,96.6818984103737,108.08935471396,50.9457262473239,71.2138557735532,44.6349126715432,39.0453441104025,,-1.40309376499642,,-14.7931455977826,,-17.2731555664782,,-19.8975100471721,,-9.34177076451344,,,,Mexico,CO2
IMAGE 3.0,CO_NDCplus,MEX,Emissions|CO2|Energy and Industrial Processes,Mt CO2/yr,,,,447.277065515518,,,424.194307088851,,,,,470.092499732971,,462.732668075652,,,,,468.575056076313,473.60868358612,500.690565109252,518.48264503479,548.02068901062,572.469882011413,,598.849107742309,,614.206140518188,,533.538928985595,,438.245170593261,,388.239421844482,,,,Mexico,CO2
IMAGE 3.0,CO_NDCplus,MEX,Emissions|CO2|Energy|Demand,Mt CO2/yr,,,,205.137474578805,,,197.475167107768,,,,,211.460640731578,,217.26648195181,,,,,231.053721858188,241.431973059661,260.674175418292,276.314619540547,287.4868142729,297.189200607438,,304.473707064365,,297.361834052329,,238.591277195761,,189.258245402015,,163.55742731442,,,,Mexico,CO2
IMAGE 3.0,CO_NDCplus,MEX,Emissions|CO2|Energy|Demand|Industry,Mt CO2/yr,,,,61.3189877088492,,,57.3327293774733,,,,,58.1276431524505,,63.3599002224703,,,,,71.2751344932864,75.2142239362001,76.5036659625669,77.103048019732,75.9540672879666,72.698772419244,,63.3990676918377,,59.3254920871307,,51.6458747442811,,45.3237228017921,,40.8997695582608,,,,Mexico,CO2
IMAGE 3.0,CO_NDCplus,MEX,Emissions|CO2|Energy|Demand|Residential and Commercial,Mt CO2/yr,,,,36.6415357589721,,,36.3144936561584,,,,,39.0192055702209,,40.6729211807251,,,,,41.3575191497802,40.8652219772338,41.6253185272216,42.1281795501709,42.5908298492431,42.7561712265014,,45.2943401336669,,46.6403408050537,,46.0186691284179,,44.3650703430175,,42.8552703857421,,,,Mexico,CO2
IMAGE 3.0,CO_NDCplus,MEX,Emissions|CO2|Energy|Demand|Residential and Commercial|Commercial,Mt CO2/yr,,,,5.87913608551025,,,5.72872400283813,,,,,6.12976694107055,,7.21786212921142,,,,,8.15251731872558,8.53657054901123,9.50982856750488,10.3325004577636,11.2221298217773,12.0416402816772,,14.3672103881836,,16.3246898651123,,17.7342491149902,,18.4014701843261,,18.854299545288,,,,Mexico,CO2
IMAGE 3.0,CO_NDCplus,MEX,Emissions|CO2|Energy|Demand|Residential and Commercial|Residential,Mt CO2/yr,,,,30.7623996734619,,,30.5857696533203,,,,,32.8894386291503,,33.4550590515136,,,,,33.2050018310546,32.3286514282226,32.1154899597168,31.7956790924072,31.3687000274658,30.7145309448242,,30.9271297454834,,30.3156509399414,,28.2844200134277,,25.9636001586914,,24.0009708404541,,,,Mexico,CO2
IMAGE 3.0,CO_NDCplus,MEX,Emissions|CO2|Energy|Demand|Transportation,Mt CO2/yr,,,,104.439498901367,,,100.964500427246,,,,,110.359802246093,,108.580200195312,,,,,112.77619934082,118.978599548339,135.019897460937,148.142700195312,158.377197265625,169.398300170898,,182.853897094726,,178.193496704101,,127.863800048828,,87.4106521606445,,68.8072128295898,,,,Mexico,CO2
IMAGE 3.0,CO_NDCplus,MEX,Emissions|CO2|Energy|Supply,Mt CO2/yr,,,,230.717553377151,,,216.279143571853,,,,,247.481230258941,,233.047669563384,,,,,223.080474853779,215.559005737304,222.315948486328,225.355762481689,244.503261566162,259.987613677978,,284.119007110595,,312.693790435791,,294.734966278076,,247.415397644043,,220.984447479248,,,,Mexico,CO2
IMAGE 3.0,CO_NDCplus,MEX,Emissions|CO2|Energy|Supply|Electricity,Mt CO2/yr,,,,125.516998271147,,,125.115357339382,,,,,159.88972534736,,168.160599966843,,,,,168.589709947506,161.113293220599,164.973862469196,167.645244548718,186.397275576988,199.956536293029,,221.880047271649,,250.61148405075,,236.124381422996,,192.273466537396,,168.61738388737,,,,Mexico,CO2
IMAGE 3.0,CO_NDCplus,MEX,Emissions|CO2|Energy|Supply|Gases,Mt CO2/yr,,,,0.0,,,0.0,,,,,0.0,,0.0,,,,,0.0,0.0,0.0,0.0,0.0,0.0,,0.0,,0.0,,0.0,,0.0,,0.0,,,,Mexico,CO2
IMAGE 3.0,CO_NDCplus,MEX,Emissions|CO2|Energy|Supply|Heat,Mt CO2/yr,,,,0.0,,,0.0,,,,,3.3557881589281904e-09,,1.64760640027072e-08,,,,,1.97314444875621e-08,1.86698276919324e-08,1.50677566488714e-08,8.128042799001211e-09,2.8989843656411e-09,9.58149548200768e-10,,3.5681476073045695e-11,,0.0,,0.0,,0.0,,0.0,,,,Mexico,CO2
IMAGE 3.0,CO_NDCplus,MEX,Emissions|CO2|Energy|Supply|Liquids,Mt CO2/yr,,,,76.170725612125,,,50.2228899082789,,,,,46.3197938321779,,40.2755410931439,,,,,39.1089593373392,38.6969748263557,39.688551488022,40.2335648735364,40.667476132512,41.8494989474614,,42.6491269220908,,40.6977999955415,,33.7792603919903,,29.1152146334449,,26.8713939003646,,,,Mexico,CO2
IMAGE 3.0,CO_NDCplus,MEX,Emissions|CO2|Energy|Supply|Solids,Mt CO2/yr,,,,0.391465800930745,,,0.131916100751065,,,,,0.169255678580763,,0.387191930106685,,,,,0.671724522059472,0.865573519452785,0.85447120363824,0.862659585739796,0.879432419120954,0.795178639236837,,0.685942407775049,,0.841871796486278,,0.958415378894036,,0.938841888758664,,0.811204527659962,,,,Mexico,CO2
IMAGE 3.0,CO_NDCplus,MEX,Emissions|CO2|Industrial Processes,Mt CO2/yr,,,,14.1594717279076,,,13.3034509296218,,,,,15.1046286337077,,17.0719780338307,,,,,20.0857295033832,22.991617831091,25.2257318546374,25.7529470448692,26.5952947859962,27.6289748338361,,23.1827793953319,,17.353006483366,,13.2756028324365,,13.730342965573,,14.6927226645251,,,,Mexico,CO2
IMAGE 3.0,CO_NDCplus,MEX,Emissions|N2O|AFOLU,Mt CO2e/yr,,,,36.07639918892318,,,36.79598810515556,,,,,37.34563378244735,,38.577220180493626,,,,,40.716030174181085,42.563715654574835,42.56853559866699,44.78377582046468,45.85535558669056,47.26448640993015,,47.02629967613951,,47.68744450100713,,49.31807710218262,,49.85740028166889,,50.71064158222854,,,,Mexico,N2O
IMAGE 3.0,EN_INDCi2030_1000,MEX,Carbon Sequestration|CCS|Biomass,Mt CO2/yr,,,,0.0,,,0.0,,,,,0.0,,0.0,,,,,0.0,0.0,1.41222953331521e-05,39.3790053566268,103.185271290973,115.057536987781,,103.73562015593,,100.962084269364,,102.153144536714,,93.9620317428004,,93.5123307952684,,,,Mexico,
IMAGE 3.0,EN_INDCi2030_1000,MEX,Carbon Sequestration|CCS|Biomass|Energy|Demand|Industry,Mt CO2/yr,,,,0.0,,,0.0,,,,,0.0,,0.0,,,,,0.0,0.0,1.41222953331521e-05,0.0009490539601605,0.0025220891188837,0.0231293621861065,,3.93269086877505,,6.5103720407933,,5.33139569840083,,2.75466300081461,,6.49747287388891,,,,Mexico,
IMAGE 3.0,EN_INDCi2030_1000,MEX,Carbon Sequestration|CCS|Biomass|Energy|Supply,Mt CO2/yr,,,,0.0,,,0.0,,,,,0.0,,0.0,,,,,0.0,0.0,0.0,39.3780563026666,103.182749201854,115.034407625595,,99.8029292871554,,94.4517122285712,,96.8217488383137,,91.2073687419858,,87.0148579213794,,,,Mexico,
IMAGE 3.0,EN_INDCi2030_1000,MEX,Carbon Sequestration|CCS|Biomass|Energy|Supply|Electricity,Mt CO2/yr,,,,0.0,,,0.0,,,,,0.0,,0.0,,,,,0.0,0.0,0.0,39.3780563026666,103.182749201854,115.034407625595,,99.8029292871554,,94.1848258177439,,96.6022592037916,,91.0379805912574,,87.0005016525586,,,,Mexico,
IMAGE 3.0,EN_INDCi2030_1000,MEX,Carbon Sequestration|CCS|Biomass|Energy|Supply|Hydrogen,Mt CO2/yr,,,,0.0,,,0.0,,,,,0.0,,0.0,,,,,0.0,0.0,0.0,0.0,0.0,0.0,,0.0,,0.0,,0.0,,0.0,,0.0,,,,Mexico,
IMAGE 3.0,EN_INDCi2030_1000,MEX,Carbon Sequestration|CCS|Biomass|Energy|Supply|Other,Mt CO2/yr,,,,0.0,,,0.0,,,,,0.0,,0.0,,,,,0.0,0.0,0.0,0.0,0.0,0.0,,0.0,,0.266886410827282,,0.219489634522081,,0.169388150728385,,0.0143562688208476,,,,Mexico,
IMAGE 3.0,EN_INDCi2030_1000,MEX,Carbon Sequestration|Land Use,Mt CO2/yr,,,,-35.0094701505738,,,-32.7747243796778,,,,,-16.3125804019399,,-20.3065661111059,,,,,-17.2782315267435,-14.1718983663091,-10.3265439790437,-6.8290368271991,6.29273642998274,20.6456828570756,,28.6235975438052,,42.1772630302704,,57.4439348084298,,58.5052153769671,,40.3000793145973,,,,Mexico,
IMAGE 3.0,EN_INDCi2030_1000,MEX,Emissions|CH4|AFOLU,Mt CO2e/yr,,,,96.74023696407671,,,85.51367559283948,,,,,88.54218433797352,,89.44065815210317,,,,,87.2815773189066,80.77954179421056,74.84459966607372,73.3739907480776,70.58498342707728,68.28768552280948,,67.65143229719251,,65.47823754418631,,64.88459473010144,,65.81548118032497,,64.66932283248752,,,,Mexico,CH4
IMAGE 3.0,EN_INDCi2030_1000,MEX,Emissions|CH4|AFOLU|Agriculture,Mt CO2e/yr,,,,71.72225129976843,,,73.1008147224782,,,,,75.62871381640429,,77.83603768050656,,,,,70.24639467895028,68.46019222214815,66.75918842293316,64.9144337065518,62.94586869701732,60.89413783885516,,60.77482192870228,,60.51046973187468,,60.097790620289516,,59.68308896757649,,58.87628131266672,,,,Mexico,CH4
IMAGE 3.0,EN_INDCi2030_1000,MEX,Emissions|CH4|AFOLU|Agriculture|Livestock,Mt CO2e/yr,,,,71.46234738826736,,,72.84987914562204,,,,,75.37126195430749,,77.57309806346885,,,,,69.99934828281388,68.2403444051742,66.57242822647089,64.76251530647276,62.82995563745487,60.79838711023308,,60.685152709483965,,60.42739856243132,,60.02232295274712,,59.4838030338286,,58.818307578563676,,,,Mexico,CH4
IMAGE 3.0,EN_INDCi2030_1000,MEX,Emissions|CH4|AFOLU|Agriculture|Livestock|Manure Management,Mt CO2e/yr,,,,6.722868323326092,,,6.816578745841956,,,,,7.208133101463309,,7.566649317741388,,,,,7.403042435646032,6.649929404258728,6.538464069366432,6.442261934280368,6.329476892948132,6.2012563347816485,,6.267218291759487,,6.30969464778898,,6.330162823200216,,6.329879522323588,,6.309852778911584,,,,Mexico,CH4
IMAGE 3.0,EN_INDCi2030_1000,MEX,Emissions|CH4|Energy|Demand|Industry,Mt CO2e/yr,,,,0.0992106618359668,,,0.0859337365254732,,,,,0.08502051886170921,,0.0897950213402508,,,,,0.0995292449370016,0.1160290632396924,0.104780533351004,0.115749726071952,0.12023193761706119,0.106062682345508,,0.10108028072863559,,0.1041623512282948,,0.12377501092851159,,0.1283408775925612,,0.11693357117473918,,,,Mexico,CH4
IMAGE 3.0,EN_INDCi2030_1000,MEX,Emissions|CH4|Energy|Demand|Residential and Commercial,Mt CO2e/yr,,,,2.4626957153668605,,,2.3068090160377306,,,,,2.303872458636759,,2.1365641423035395,,,,,1.894407033221794,1.6265964612830408,1.3603735959622985,1.3693182999268165,1.4640973836649187,1.1862073135562217,,0.8321863017044948,,0.8499283238779732,,0.819536737632004,,0.7505294070579088,,0.6321578114293511,,,,Mexico,CH4
IMAGE 3.0,EN_INDCi2030_1000,MEX,Emissions|CH4|Energy|Demand|Transportation,Mt CO2e/yr,,,,0.1960162650793788,,,0.1897556129842996,,,,,0.2082237321883432,,0.21035151369869562,,,,,0.2254097349941724,0.2517343163490288,0.22867066785692922,0.2061768546700464,0.166405038908122,0.12172516062855679,,0.0681752972304796,,0.10952477343380439,,0.1383440271019912,,0.094461753964424,,0.0911683943122624,,,,Mexico,CH4
IMAGE 3.0,EN_INDCi2030_1000,MEX,Emissions|CH4|Energy|Supply,Mt CO2e/yr,,,,51.4511775970458,,,56.35330581665036,,,,,57.639009475707795,,10.903692483901953,,,,,13.56759023666382,17.825331211090088,5.59420680999754,4.991882026195512,5.4697496891021595,5.975527703762036,,6.62530976533888,,6.138459503650656,,8.139190793037388,,8.988148808479288,,11.648566007614116,,,,Mexico,CH4
IMAGE 3.0,EN_INDCi2030_1000,MEX,Emissions|CO2|AFOLU,Mt CO2/yr,,,,210.377971699649,,,90.2789191153326,,,,,79.4817785765899,,71.462794562779,,,,,119.02306137796,71.6633517651309,27.2008470517165,27.4985618429266,8.36158230549922,3.13033208201846,,-0.892740460969951,,-29.8204058032273,,-45.9300547220278,,-41.3963213251352,,-25.7183541955213,,,,Mexico,CO2
IMAGE 3.0,EN_INDCi2030_1000,MEX,Emissions|CO2|Energy and Industrial Processes,Mt CO2/yr,,,,447.277065515518,,,423.907144546508,,,,,469.623462677002,,455.807347317615,,,,,471.425084114414,501.453026771545,369.973764896392,279.949749946594,148.360300064086,82.2436733245849,,14.0473475456237,,44.1478924751281,,88.4576997756958,,77.548017501831,,66.7770376205444,,,,Mexico,CO2
IMAGE 3.0,EN_INDCi2030_1000,MEX,Emissions|CO2|Energy|Demand,Mt CO2/yr,,,,205.137474578805,,,197.13827172139,,,,,210.503135730202,,216.927315263698,,,,,232.839563473438,255.703099266005,216.540763271041,200.003332962902,169.454642222262,128.858115136002,,70.5743766545007,,92.8523933980614,,120.040131694016,,105.630630666079,,98.2735065820937,,,,Mexico,CO2
IMAGE 3.0,EN_INDCi2030_1000,MEX,Emissions|CO2|Energy|Demand|Industry,Mt CO2/yr,,,,61.3189877088492,,,56.997675448656,,,,,57.1583441148201,,61.8745303557564,,,,,69.2251653720935,77.6650596720476,62.9794919708122,58.9182256177688,50.9245437181865,39.0691985376179,,17.0999985809127,,12.3352903174236,,15.5848956201225,,21.0355271895726,,17.3640424230446,,,,Mexico,CO2
IMAGE 3.0,EN_INDCi2030_1000,MEX,Emissions|CO2|Energy|Demand|Residential and Commercial,Mt CO2/yr,,,,36.6415357589721,,,36.3144965171814,,,,,39.0173730850219,,40.6282687187194,,,,,41.3949708938598,41.8993806838989,33.0646538734436,31.4066362380981,28.4777278900146,22.640302658081,,14.6189303398132,,17.2971329689025,,26.415410041809,,27.9915695190429,,27.6773099899292,,,,Mexico,CO2
IMAGE 3.0,EN_INDCi2030_1000,MEX,Emissions|CO2|Energy|Demand|Residential and Commercial|Commercial,Mt CO2/yr,,,,5.87913608551025,,,5.72872686386108,,,,,6.12926197052002,,7.24237012863159,,,,,8.28833103179931,9.25624179840088,7.26598405838012,7.04870700836181,6.7705078125,6.61201286315918,,8.21275234222412,,10.5431098937988,,11.9744100570678,,12.9789695739746,,14.2058000564575,,,,Mexico,CO2
IMAGE 3.0,EN_INDCi2030_1000,MEX,Emissions|CO2|Energy|Demand|Residential and Commercial|Residential,Mt CO2/yr,,,,30.7623996734619,,,30.5857696533203,,,,,32.8881111145019,,33.3858985900878,,,,,33.1066398620605,32.643138885498,25.7986698150634,24.3579292297363,21.7072200775146,16.0282897949218,,6.40617799758911,,6.75402307510376,,14.4409999847412,,15.0125999450683,,13.4715099334716,,,,Mexico,CO2
IMAGE 3.0,EN_INDCi2030_1000,MEX,Emissions|CO2|Energy|Demand|Transportation,Mt CO2/yr,,,,104.439498901367,,,100.964698791503,,,,,110.365798950195,,109.742500305175,,,,,116.481796264648,129.43879699707,116.868896484375,105.741096496582,85.6792068481445,62.21577835083,,34.0555305480957,,56.9133911132812,,72.7062530517578,,49.7107696533203,,48.4109802246093,,,,Mexico,CO2
IMAGE 3.0,EN_INDCi2030_1000,MEX,Emissions|CO2|Energy|Supply,Mt CO2/yr,,,,230.717553377151,,,216.32680940628,,,,,247.897677421569,,226.00599815456,,,,,223.556480408054,228.113147735595,135.696052551269,65.3877487182617,-30.6017112731933,-50.9047966003418,,-53.9865341186523,,-46.8773307800293,,-31.95308303833,,-26.8254013061523,,-33.7429218292236,,,,Mexico,CO2
IMAGE 3.0,EN_INDCi2030_1000,MEX,Emissions|CO2|Energy|Supply|Electricity,Mt CO2/yr,,,,125.516998271147,,,125.115357339382,,,,,159.058277805646,,160.279209415117,,,,,167.354804774125,170.295946300029,82.3725474377473,13.8550063129514,-80.851908152302,-98.2028332849343,,-94.7676791499058,,-90.6790116180976,,-81.2771661827961,,-73.0959518502155,,-81.6228991995255,,,,Mexico,CO2
IMAGE 3.0,EN_INDCi2030_1000,MEX,Emissions|CO2|Energy|Supply|Gases,Mt CO2/yr,,,,0.0,,,0.0,,,,,0.0,,0.0,,,,,0.0,0.0,0.0,0.0,0.0,0.0,,0.0,,0.0,,0.0,,0.0,,0.0,,,,Mexico,CO2
IMAGE 3.0,EN_INDCi2030_1000,MEX,Emissions|CO2|Energy|Supply|Heat,Mt CO2/yr,,,,0.0,,,0.0,,,,,1.5419965073334e-08,,3.46586656943537e-08,,,,,4.31472811761775e-08,3.58010898126222e-08,1.78589875816e-08,7.651662506727441e-09,2.8355287049209202e-09,1.4847756180652302e-09,,1.08531022710578e-10,,-0.201849162597985,,-0.157580761879216,,-0.121616141162424,,-0.0103848872943975,,,,Mexico,CO2
IMAGE 3.0,EN_INDCi2030_1000,MEX,Emissions|CO2|Energy|Supply|Liquids,Mt CO2/yr,,,,76.170725612125,,,50.2324041056757,,,,,46.3427155821894,,40.4324818875213,,,,,39.5921161401689,40.1339024926225,36.848130946358,34.7145739942789,31.5354481960336,28.16645676891,,23.6401506699621,,26.7350048137207,,28.298324594895,,25.2531257768472,,22.9371117117504,,,,Mexico,CO2
IMAGE 3.0,EN_INDCi2030_1000,MEX,Emissions|CO2|Energy|Supply|Solids,Mt CO2/yr,,,,0.391465800930745,,,0.131916100751065,,,,,0.166830882032324,,0.372294275924408,,,,,0.65084394494382,0.883795742993242,0.597673245162392,0.572669183990607,0.570519749696056,0.519670774034845,,0.330717870383523,,0.30053671071073,,0.358625140506774,,0.382511425414122,,0.423877310822717,,,,Mexico,CO2
IMAGE 3.0,EN_INDCi2030_1000,MEX,Emissions|CO2|Industrial Processes,Mt CO2/yr,,,,14.1594717279076,,,13.3034509296218,,,,,15.1842868266006,,17.5560705053309,,,,,20.7666948748131,24.3366570211947,21.3646879419684,18.4960265954335,13.8805442644904,9.22318819599847,,2.25942446074138,,4.47940527616689,,5.7042259722948,,5.63554950834562,,7.06762467355777,,,,Mexico,CO2
IMAGE 3.0,EN_INDCi2030_1000,MEX,Emissions|N2O|AFOLU,Mt CO2e/yr,,,,37.29939070129955,,,35.34015985184904,,,,,36.5744135614737,,37.94954252971736,,,,,39.1877593755132,38.57639693371328,37.86387522201921,38.238704340580924,38.649058812612886,40.027480405898075,,41.71005636299775,,42.32155247502409,,43.926862827527316,,43.93921744114047,,44.21202516304611,,,,Mexico,N2O
IMAGE 3.0,EN_INDCi2030_1000,MEX,Emissions|N2O|AFOLU|Agriculture,Mt CO2e/yr,,,,26.707433322087418,,,28.3000508900382,,,,,29.49426533525144,,31.362741018124424,,,,,31.064677089828017,31.82830490188604,32.36233560940981,32.669412152197275,33.45658125630803,35.59798157571392,,37.83867372727888,,39.131821220079864,,40.88912922157982,,40.04471569952845,,40.43004723257409,,,,Mexico,N2O
IMAGE 3.0,EN_INDCi2030_1000,MEX,Emissions|N2O|AFOLU|Agriculture|Livestock|Manure Management,Mt CO2e/yr,,,,3.3512502606200165,,,3.4430171057970598,,,,,3.690354818868736,,3.9446354928378486,,,,,3.959182948656936,4.102148611842399,4.23689649022114,4.3629402469120375,4.488204406281632,4.608531082654781,,4.817124157295896,,5.0181597825423525,,5.220497100587223,,5.446467454456775,,5.589354608546218,,,,Mexico,N2O
IMAGE 3.0,EN_INDCi2030_1000,MEX,Emissions|N2O|AFOLU|Agriculture|Managed Soils,Mt CO2e/yr,,,,10.792421566114815,,,12.288955686987661,,,,,13.117616498757743,,14.669743374995052,,,,,14.93417424627271,15.690801364281334,16.1259466690502,16.363931911143478,17.082372993927066,19.1697946140881,,21.26344721952753,,22.435131751634295,,24.067869190664016,,23.026183285989838,,23.474642724614306,,,,Mexico,N2O
IMAGE 3.0,EN_INDCi2030_1000f,MEX,Carbon Sequestration|CCS|Biomass,Mt CO2/yr,,,,0.0,,,0.0,,,,,0.0,,0.0,,,,,0.0,0.0,4.77259938236329e-05,4.82438109672026,61.6007609824009,138.838891415313,,123.939758709942,,120.321181913216,,128.544135950505,,127.517948082337,,119.359593178766,,,,Mexico,
IMAGE 3.0,EN_INDCi2030_1000f,MEX,Carbon Sequestration|CCS|Biomass|Energy|Demand|Industry,Mt CO2/yr,,,,0.0,,,0.0,,,,,0.0,,0.0,,,,,0.0,0.0,4.77259938236329e-05,0.0625985054891013,0.21277069148103,1.11694805673323,,7.92770700839658,,15.3303996970256,,14.3915244067708,,10.7974243971208,,6.87234906945377,,,,Mexico,
IMAGE 3.0,EN_INDCi2030_1000f,MEX,Carbon Sequestration|CCS|Biomass|Energy|Supply,Mt CO2/yr,,,,0.0,,,0.0,,,,,0.0,,0.0,,,,,0.0,0.0,0.0,4.76178259123116,61.3879902909199,137.72194335858,,116.012051701545,,104.990782216191,,114.152611543734,,116.720523685216,,112.487244109312,,,,Mexico,
IMAGE 3.0,EN_INDCi2030_1000f,MEX,Carbon Sequestration|CCS|Biomass|Energy|Supply|Electricity,Mt CO2/yr,,,,0.0,,,0.0,,,,,0.0,,0.0,,,,,0.0,0.0,0.0,4.76178259123116,61.3879902909199,137.72194335858,,116.012051701545,,104.990782216191,,114.152611543734,,116.720523685216,,112.487244109312,,,,Mexico,
IMAGE 3.0,EN_INDCi2030_1000f,MEX,Carbon Sequestration|CCS|Biomass|Energy|Supply|Hydrogen,Mt CO2/yr,,,,0.0,,,0.0,,,,,0.0,,0.0,,,,,0.0,0.0,0.0,0.0,0.0,0.0,,0.0,,0.0,,0.0,,0.0,,0.0,,,,Mexico,
IMAGE 3.0,EN_INDCi2030_1000f,MEX,Carbon Sequestration|CCS|Biomass|Energy|Supply|Other,Mt CO2/yr,,,,0.0,,,0.0,,,,,0.0,,0.0,,,,,0.0,0.0,0.0,0.0,0.0,0.0,,0.0,,0.0,,0.0,,0.0,,0.0,,,,Mexico,
IMAGE 3.0,EN_INDCi2030_1000f,MEX,Carbon Sequestration|Land Use,Mt CO2/yr,,,,-35.0094701505738,,,-32.7747243796778,,,,,-16.312573572241,,-20.3143075747877,,,,,-16.9452000424769,-12.2006995769754,-6.54829778612827,-4.87704315111916,7.8254877596757,26.0305196691375,,42.5195129006018,,37.0346568558505,,51.2834234830668,,46.510976743456,,34.7597285515874,,,,Mexico,
IMAGE 3.0,EN_INDCi2030_1000f,MEX,Emissions|CH4|AFOLU,Mt CO2e/yr,,,,96.74023696407671,,,85.51367559283948,,,,,88.54218433797352,,89.43984621763212,,,,,96.79326228797429,93.49630231037712,77.79692163690916,73.88619886338712,70.7131251282988,68.46365727297936,,74.02805606648312,,72.25980145949852,,65.01400130428364,,64.70812962856144,,65.08607653900968,,,,Mexico,CH4
IMAGE 3.0,EN_INDCi2030_1000f,MEX,Emissions|CH4|AFOLU|Agriculture,Mt CO2e/yr,,,,71.72225129976843,,,73.1008147224782,,,,,75.62871381640429,,77.83603768050656,,,,,79.78343528509116,81.45171912386992,69.71634674444776,65.52282851934427,63.01516475900996,60.94723054580384,,60.77482184395188,,60.510469627566565,,60.097790652886,,59.5508381193502,,58.876281332224444,,,,Mexico,CH4
IMAGE 3.0,EN_INDCi2030_1000f,MEX,Emissions|CH4|AFOLU|Agriculture|Livestock,Mt CO2e/yr,,,,71.46234738826736,,,72.84987914562204,,,,,75.37126195430749,,77.57309806346885,,,,,79.51477885246251,81.17844510078407,69.46887636184692,65.30260443687428,62.82995563745487,60.79838711023308,,60.685152709483965,,60.42739856243132,,60.02232295274712,,59.4838030338286,,58.818307578563676,,,,Mexico,CH4
IMAGE 3.0,EN_INDCi2030_1000f,MEX,Emissions|CH4|AFOLU|Agriculture|Livestock|Manure Management,Mt CO2e/yr,,,,6.722868323326092,,,6.816578745841956,,,,,7.208133101463309,,7.566649317741388,,,,,7.8625247478485125,8.143829584121699,7.8745026588439675,6.982351064682,6.329476892948132,6.2012563347816485,,6.267218291759487,,6.30969464778898,,6.330162823200216,,6.329879522323588,,6.309852778911584,,,,Mexico,CH4
IMAGE 3.0,EN_INDCi2030_1000f,MEX,Emissions|CH4|Energy|Demand|Industry,Mt CO2e/yr,,,,0.0992106618359668,,,0.0859337365254732,,,,,0.08502051886170921,,0.0897950213402508,,,,,0.09952932968735681,0.1160290893167252,0.11615671031176801,0.1196583081036784,0.12245707772672079,0.1289386283606288,,0.1141159348189812,,0.0779727511107916,,0.035368340555576,,0.0196427558548732,,0.0195583526510736,,,,Mexico,CH4
IMAGE 3.0,EN_INDCi2030_1000f,MEX,Emissions|CH4|Energy|Demand|Residential and Commercial,Mt CO2e/yr,,,,2.4626957153668605,,,2.3068090160377306,,,,,2.303872458636759,,2.1365641423035395,,,,,1.8944072287995346,1.6266042306087896,1.3946769374888364,1.2401640063617365,1.1556233114097252,1.0576007941272088,,0.818078798474742,,0.7218237807974199,,0.7647448251955205,,0.6274584825150656,,0.443789281416684,,,,Mexico,CH4
IMAGE 3.0,EN_INDCi2030_1000f,MEX,Emissions|CH4|Energy|Demand|Transportation,Mt CO2e/yr,,,,0.1960162650793788,,,0.1897556129842996,,,,,0.2082237321883432,,0.21035151369869562,,,,,0.22540918737649762,0.2517326734960072,0.2614228464663004,0.264562495052814,0.2527578398585296,0.220491841435432,,0.1093641389161328,,0.0489825853146588,,0.0308741726912556,,0.024494280107318002,,0.0176284844055768,,,,Mexico,CH4
IMAGE 3.0,EN_INDCi2030_1000f,MEX,Emissions|CH4|Energy|Supply,Mt CO2e/yr,,,,51.4511775970458,,,56.35330581665036,,,,,57.639009475707795,,12.708556056022625,,,,,15.871027469634988,17.826479434967027,12.133962631225568,5.23738038539884,2.861734390258772,1.7071768194437011,,1.4779376983642571,,1.0885711014270762,,2.0000689327716805,,1.8468884825706473,,1.6928604245185837,,,,Mexico,CH4
IMAGE 3.0,EN_INDCi2030_1000f,MEX,Emissions|CO2|AFOLU,Mt CO2/yr,,,,210.377971699649,,,90.2789191153326,,,,,79.481771746891,,71.4652572027959,,,,,118.819689592671,67.483918281819,23.8847213353323,25.6212331028664,7.03344032387549,-10.7303995474217,,42.7143168286446,,37.1767980429613,,-38.1058695139856,,-32.4674820518145,,-13.4105162784851,,,,Mexico,CO2
IMAGE 3.0,EN_INDCi2030_1000f,MEX,Emissions|CO2|Energy and Industrial Processes,Mt CO2/yr,,,,447.277065515518,,,423.907144546508,,,,,469.623462677002,,455.807339514834,,,,,471.425322532918,501.457660675048,479.92979812622,409.778682231903,328.048790454864,168.077086448669,,34.2682609558105,,-24.2878093719482,,-36.145248055458,,-39.1257808804512,,-48.0925707519054,,,,Mexico,CO2
IMAGE 3.0,EN_INDCi2030_1000f,MEX,Emissions|CO2|Energy|Demand,Mt CO2/yr,,,,205.137474578805,,,197.13827172139,,,,,210.503135730202,,216.927315263698,,,,,232.839828977982,255.705532346231,247.212573420256,236.582827948344,219.596860581077,192.497534444555,,98.2244509893159,,45.0051514975105,,31.5000825212337,,23.197325640164,,17.115133756486,,,,Mexico,CO2
IMAGE 3.0,EN_INDCi2030_1000f,MEX,Emissions|CO2|Energy|Demand|Industry,Mt CO2/yr,,,,61.3189877088492,,,56.997675448656,,,,,57.1583441148201,,61.8745303557564,,,,,69.2253164791812,77.6662804807225,69.28968639113,61.9334885850548,54.1907247000684,43.5849890345707,,15.3495646857966,,4.49077928594003,,4.28756159575035,,4.00528331131984,,3.64280398225484,,,,Mexico,CO2
IMAGE 3.0,EN_INDCi2030_1000f,MEX,Emissions|CO2|Energy|Demand|Residential and Commercial,Mt CO2/yr,,,,36.6415357589721,,,36.3144965171814,,,,,39.0173730850219,,40.6282687187194,,,,,41.3950490951538,41.8999938964843,37.9653244018554,33.794795513153,30.9139561653137,29.2207746505737,,21.7915859222412,,12.2744050025939,,7.04007804393768,,2.37079375982284,,0.502702504396438,,,,Mexico,CO2
IMAGE 3.0,EN_INDCi2030_1000f,MEX,Emissions|CO2|Energy|Demand|Residential and Commercial|Commercial,Mt CO2/yr,,,,5.87913608551025,,,5.72872686386108,,,,,6.12926197052002,,7.24237012863159,,,,,8.28840923309326,9.25688552856445,8.55567359924316,7.8100562095642,7.50132608413696,7.41084384918212,,8.03172588348388,,8.25576210021972,,5.67854309082031,,1.86174798011779,,0.259673804044723,,,,Mexico,CO2
IMAGE 3.0,EN_INDCi2030_1000f,MEX,Emissions|CO2|Energy|Demand|Residential and Commercial|Residential,Mt CO2/yr,,,,30.7623996734619,,,30.5857696533203,,,,,32.8881111145019,,33.3858985900878,,,,,33.1066398620605,32.6431083679199,29.4096508026123,25.9847393035888,23.4126300811767,21.8099308013916,,13.7598600387573,,4.01864290237426,,1.36153495311737,,0.509045779705047,,0.243028700351715,,,,Mexico,CO2
IMAGE 3.0,EN_INDCi2030_1000f,MEX,Emissions|CO2|Energy|Demand|Transportation,Mt CO2/yr,,,,104.439498901367,,,100.964698791503,,,,,110.365798950195,,109.742500305175,,,,,116.48159790039,129.437805175781,133.218200683593,134.46580505371,129.524505615234,114.248298645019,,56.2779693603515,,23.6861705780029,,15.2006101608276,,11.7057199478149,,8.12797260284423,,,,Mexico,CO2
IMAGE 3.0,EN_INDCi2030_1000f,MEX,Emissions|CO2|Energy|Supply,Mt CO2/yr,,,,230.717553377151,,,216.32680940628,,,,,247.897677421569,,226.005990351779,,,,,223.556617737081,228.116664886474,215.550670623779,157.88475036621,94.3801498413086,-33.6577758789062,,-64.1561241149902,,-65.5862827301025,,-62.4225673675537,,-57.0792865753173,,-60.4236488342285,,,,Mexico,CO2
IMAGE 3.0,EN_INDCi2030_1000f,MEX,Emissions|CO2|Energy|Supply|Electricity,Mt CO2/yr,,,,125.516998271147,,,125.115357339382,,,,,159.058277805646,,160.279209415117,,,,,167.354845752318,170.298814773559,159.056146939595,102.530451491475,38.6667978018522,-90.3424508869648,,-106.945483013987,,-101.648177330692,,-107.598074401418,,-104.113896687825,,-107.363740603129,,,,Mexico,CO2
IMAGE 3.0,EN_INDCi2030_1000f,MEX,Emissions|CO2|Energy|Supply|Gases,Mt CO2/yr,,,,0.0,,,0.0,,,,,0.0,,0.0,,,,,0.0,0.0,0.0,0.0,0.0,0.0,,0.0,,0.0,,0.0,,0.0,,0.0,,,,Mexico,CO2
IMAGE 3.0,EN_INDCi2030_1000f,MEX,Emissions|CO2|Energy|Supply|Heat,Mt CO2/yr,,,,0.0,,,0.0,,,,,1.5419965073334e-08,,3.46586656943537e-08,,,,,4.31472811761775e-08,3.58010389274003e-08,1.86089705566291e-08,7.15946724648419e-09,2.3316264645296403e-09,1.0215171536345e-09,,4.41729568053146e-11,,0.0,,0.0,,0.0,,0.0,,,,Mexico,CO2
IMAGE 3.0,EN_INDCi2030_1000f,MEX,Emissions|CO2|Energy|Supply|Liquids,Mt CO2/yr,,,,76.170725612125,,,50.2324041056757,,,,,46.3427155821894,,40.4324740847341,,,,,39.59207857675,40.1336088155706,39.2425721511244,38.5689691950877,37.4811791504422,35.2699002251028,,26.7290578534205,,21.9783158972859,,20.761997749408,,20.2652413087586,,19.8120788360635,,,,Mexico,CO2
IMAGE 3.0,EN_INDCi2030_1000f,MEX,Emissions|CO2|Energy|Supply|Solids,Mt CO2/yr,,,,0.391465800930745,,,0.131916100751065,,,,,0.166830882032324,,0.372294275924408,,,,,0.65084394494382,0.883775200539578,0.85343388976374,0.685316850043212,0.64061028145564,0.48961294911957,,0.285796939958042,,0.180548825786293,,0.445655112950286,,0.498371130864446,,0.558104424271732,,,,Mexico,CO2
IMAGE 3.0,EN_INDCi2030_1000f,MEX,Emissions|CO2|Industrial Processes,Mt CO2/yr,,,,14.1594717279076,,,13.3034509296218,,,,,15.1842868266006,,17.5560705053309,,,,,20.7667273158828,24.3369250868757,23.9059147424995,21.6998434625566,19.0394486611088,14.6807945954303,,5.00526391745855,,0.847119192864435,,-0.250931673993666,,-0.128289077110821,,0.0575991192211707,,,,Mexico,CO2
IMAGE 3.0,EN_INDCi2030_1000f,MEX,Emissions|N2O|AFOLU,Mt CO2e/yr,,,,37.29939070129955,,,35.34015985184904,,,,,36.5744135614737,,37.94930610347003,,,,,41.05689414524416,40.89168251517722,38.1455267288995,38.52082587822296,38.808361259793486,39.57182015493661,,43.1448684254922,,45.58382755805615,,45.19747865300331,,46.28322939846196,,46.80189902974022,,,,Mexico,N2O
IMAGE 3.0,EN_INDCi2030_1000f,MEX,Emissions|N2O|AFOLU|Agriculture,Mt CO2e/yr,,,,26.707433322087418,,,28.3000508900382,,,,,29.49426533525144,,31.362741018124424,,,,,32.96150359590297,34.24349560539426,32.6747894259696,33.004841565815575,33.57518113210579,34.55718129559441,,37.40380205567597,,40.43275050251701,,42.13682174569522,,43.01500206990496,,43.09348150028895,,,,Mexico,N2O
IMAGE 3.0,EN_INDCi2030_1000f,MEX,Emissions|N2O|AFOLU|Agriculture|Livestock|Manure Management,Mt CO2e/yr,,,,3.3512502606200165,,,3.4430171057970598,,,,,3.690354818868736,,3.9446354928378486,,,,,4.166292341221074,4.378793091250305,4.303976020300402,4.378862011449117,4.494400831576301,4.614295008730845,,4.817124157295896,,5.0181597825423525,,5.212139977117683,,5.399058747961133,,5.579602500299045,,,,Mexico,N2O
IMAGE 3.0,EN_INDCi2030_1000f,MEX,Emissions|N2O|AFOLU|Agriculture|Managed Soils,Mt CO2e/yr,,,,10.792421566114815,,,12.288955686987661,,,,,13.117616498757743,,14.669743374995052,,,,,15.987195775674941,17.017696181793273,16.181341728322625,16.639857223259472,17.17836584590327,18.108446725594927,,20.828575547924807,,23.736061034071387,,25.342489335875715,,26.14460733099268,,26.167660538188258,,,,Mexico,N2O
IMAGE 3.0,EN_INDCi2030_1200,MEX,Carbon Sequestration|CCS|Biomass,Mt CO2/yr,,,,0.0,,,0.0,,,,,0.0,,0.0,,,,,0.0,0.0,1.37003013378489e-05,0.941938308490838,83.6224909944576,128.306199826208,,122.948467188204,,112.585122619899,,109.022842402434,,91.8169643362034,,102.843551625966,,,,Mexico,
IMAGE 3.0,EN_INDCi2030_1200,MEX,Carbon Sequestration|CCS|Biomass|Energy|Demand|Industry,Mt CO2/yr,,,,0.0,,,0.0,,,,,0.0,,0.0,,,,,0.0,0.0,1.37003013378489e-05,0.0175921354639285,0.0660903824609704,0.084449566808568,,3.12653626315295,,3.7634556259339,,2.3537355591543,,0.474962764807666,,3.1863505525204,,,,Mexico,
IMAGE 3.0,EN_INDCi2030_1200,MEX,Carbon Sequestration|CCS|Biomass|Energy|Supply,Mt CO2/yr,,,,0.0,,,0.0,,,,,0.0,,0.0,,,,,0.0,0.0,0.0,0.924346173026909,83.5564006119966,128.221750259399,,119.821930925051,,108.821666993965,,106.669106843279,,91.3420015713957,,99.6572010734458,,,,Mexico,
IMAGE 3.0,EN_INDCi2030_1200,MEX,Carbon Sequestration|CCS|Biomass|Energy|Supply|Electricity,Mt CO2/yr,,,,0.0,,,0.0,,,,,0.0,,0.0,,,,,0.0,0.0,0.0,0.924346173026909,83.5564006119966,128.221750259399,,119.821930925051,,108.804923171798,,106.65592427055,,91.3315347085396,,99.656111250321,,,,Mexico,
IMAGE 3.0,EN_INDCi2030_1200,MEX,Carbon Sequestration|CCS|Biomass|Energy|Supply|Hydrogen,Mt CO2/yr,,,,0.0,,,0.0,,,,,0.0,,0.0,,,,,0.0,0.0,0.0,0.0,0.0,0.0,,0.0,,0.0,,0.0,,0.0,,0.0,,,,Mexico,
IMAGE 3.0,EN_INDCi2030_1200,MEX,Carbon Sequestration|CCS|Biomass|Energy|Supply|Other,Mt CO2/yr,,,,0.0,,,0.0,,,,,0.0,,0.0,,,,,0.0,0.0,0.0,0.0,0.0,0.0,,0.0,,0.016743822167579,,0.0131825727294199,,0.0104668628561436,,0.0010898231247817,,,,Mexico,
IMAGE 3.0,EN_INDCi2030_1200,MEX,Carbon Sequestration|Land Use,Mt CO2/yr,,,,-35.0094701505738,,,-32.7747243796778,,,,,-16.312573572241,,-20.3194127747013,,,,,-16.9477663018315,-12.1959418379923,-6.2586664771142,-4.52571831839944,7.51436338828271,23.2674540041677,,38.9506537502651,,42.1241655363191,,76.7648046285161,,67.0634359182289,,39.1241349315447,,,,Mexico,
IMAGE 3.0,EN_INDCi2030_1200,MEX,Emissions|CH4|AFOLU,Mt CO2e/yr,,,,96.74023696407671,,,85.51367559283948,,,,,88.54218433797352,,89.43987500667548,,,,,87.255284577608,80.50280440226192,74.87514053843908,73.36363907903407,70.64373383298503,67.96720001101492,,70.91564289946108,,66.9968154300004,,66.99095135089,,65.19270041864355,,64.30966233648348,,,,Mexico,CH4
IMAGE 3.0,EN_INDCi2030_1200,MEX,Emissions|CH4|AFOLU|Agriculture,Mt CO2e/yr,,,,71.72225129976843,,,73.1008147224782,,,,,75.62871381640429,,77.83603768050656,,,,,70.24639467895028,68.46019222214815,66.78989483229812,64.95145065337405,62.98342228308313,60.91509027779084,,60.77482188958656,,60.51046943850804,,60.097790828905765,,59.550838458351805,,58.8762815799564,,,,Mexico,CH4
IMAGE 3.0,EN_INDCi2030_1200,MEX,Emissions|CH4|AFOLU|Agriculture|Livestock,Mt CO2e/yr,,,,71.46234738826736,,,72.84987914562204,,,,,75.37126195430749,,77.57309806346885,,,,,69.99934828281388,68.2403444051742,66.57242822647089,64.76251530647276,62.82995563745487,60.79838711023308,,60.685152709483965,,60.42739856243132,,60.02232295274712,,59.4838030338286,,58.818307578563676,,,,Mexico,CH4
IMAGE 3.0,EN_INDCi2030_1200,MEX,Emissions|CH4|AFOLU|Agriculture|Livestock|Manure Management,Mt CO2e/yr,,,,6.722868323326092,,,6.816578745841956,,,,,7.208133101463309,,7.566649317741388,,,,,7.403042435646032,6.649929404258728,6.538464069366432,6.442261934280368,6.329476892948132,6.2012563347816485,,6.267218291759487,,6.30969464778898,,6.330162823200216,,6.329879522323588,,6.309852778911584,,,,Mexico,CH4
IMAGE 3.0,EN_INDCi2030_1200,MEX,Emissions|CH4|Energy|Demand|Industry,Mt CO2e/yr,,,,0.0992106618359668,,,0.0859337365254732,,,,,0.08502051886170921,,0.0897950213402508,,,,,0.0995292449370016,0.1160273551940916,0.1101449113339176,0.1163210477679964,0.11882029660046001,0.11795246601104681,,0.11329122260212679,,0.1142352372407904,,0.12305505014955881,,0.12175581417977602,,0.11159685440361358,,,,Mexico,CH4
IMAGE 3.0,EN_INDCi2030_1200,MEX,Emissions|CH4|Energy|Demand|Residential and Commercial,Mt CO2e/yr,,,,2.4626957153668605,,,2.3068090160377306,,,,,2.303872458636759,,2.1365641423035395,,,,,1.894407033221794,1.62660480593331,1.377705928403882,1.2446867008693516,1.2513889935798943,1.2120690015144622,,0.9147070322651408,,0.8054459237027896,,0.7914324509911232,,0.7761369450017792,,0.6663778009824433,,,,Mexico,CH4
IMAGE 3.0,EN_INDCi2030_1200,MEX,Emissions|CH4|Energy|Demand|Transportation,Mt CO2e/yr,,,,0.1960162650793788,,,0.1897556129842996,,,,,0.2082237321883432,,0.21035151369869562,,,,,0.2254097349941724,0.2517346814274768,0.2496992126107192,0.2474007047712788,0.23236372321844082,0.2151099722832424,,0.185718040913342,,0.16841272264718998,,0.1381409391760804,,0.103654207661746,,0.0883898930624108,,,,Mexico,CH4
IMAGE 3.0,EN_INDCi2030_1200,MEX,Emissions|CH4|Energy|Supply,Mt CO2e/yr,,,,51.4511775970458,,,56.35330581665036,,,,,57.639009475707795,,12.708556056022625,,,,,12.328543186187732,9.86154079437254,4.0634441375732395,2.7076581418514234,2.3420141339302063,2.139788210391997,,2.06858643889427,,1.7766991257667542,,1.815246820449829,,1.4112187772989264,,1.8264601528644546,,,,Mexico,CH4
IMAGE 3.0,EN_INDCi2030_1200,MEX,Emissions|CO2|AFOLU,Mt CO2/yr,,,,210.377971699649,,,90.2789191153326,,,,,79.481771746891,,71.4706355906648,,,,,118.812496532466,67.4531865577067,23.6141615335876,25.6106322363484,7.0920962322897,-8.51308060693335,,17.2770993974399,,-18.4953912216909,,-54.57081644283,,-54.220571983102,,-27.1486361380511,,,,Mexico,CO2
IMAGE 3.0,EN_INDCi2030_1200,MEX,Emissions|CO2|Energy and Industrial Processes,Mt CO2/yr,,,,447.277065515518,,,423.907144546508,,,,,469.623462677002,,455.807339514834,,,,,471.425084114339,504.154583930969,440.101005077362,401.128853321075,247.029781341552,157.057845592498,,102.785935401916,,100.289026260376,,93.8955707550048,,81.2366027832031,,64.0348281860351,,,,Mexico,CO2
IMAGE 3.0,EN_INDCi2030_1200,MEX,Emissions|CO2|Energy|Demand,Mt CO2/yr,,,,205.137474578805,,,197.13827172139,,,,,210.503135730202,,216.927315263698,,,,,232.839618537885,255.670142127201,235.818089917302,223.336531353804,207.535249957193,191.623438421326,,153.870505125572,,144.423301098868,,129.073346266523,,113.25768152407,,102.007169780942,,,,Mexico,CO2
IMAGE 3.0,EN_INDCi2030_1200,MEX,Emissions|CO2|Energy|Demand|Industry,Mt CO2/yr,,,,61.3189877088492,,,56.997675448656,,,,,57.1583441148201,,61.8745303557564,,,,,69.2251653720935,77.6655036024749,66.3181339235355,60.324352622653,53.0575615509102,44.0229972591623,,23.1738538326074,,19.8472880680734,,21.3828929311906,,25.0105818267911,,20.3107113096242,,,,Mexico,CO2
IMAGE 3.0,EN_INDCi2030_1200,MEX,Emissions|CO2|Energy|Demand|Residential and Commercial,Mt CO2/yr,,,,36.6415357589721,,,36.3144965171814,,,,,39.0173730850219,,40.6282687187194,,,,,41.3949708938598,41.8994417190551,36.078601360321,32.2208180427551,30.3521919250488,28.3370547294616,,27.181263923645,,28.6247196197509,,29.2010097503662,,27.380069732666,,28.3914394378662,,,,Mexico,CO2
IMAGE 3.0,EN_INDCi2030_1200,MEX,Emissions|CO2|Energy|Demand|Residential and Commercial|Commercial,Mt CO2/yr,,,,5.87913608551025,,,5.72872686386108,,,,,6.12926197052002,,7.24237012863159,,,,,8.28833103179931,9.25624179840088,7.93977117538452,7.52936792373657,7.21418190002441,7.39856481552124,,9.06519412994384,,10.8170299530029,,11.9161300659179,,13.6035099029541,,14.5167198181152,,,,Mexico,CO2
IMAGE 3.0,EN_INDCi2030_1200,MEX,Emissions|CO2|Energy|Demand|Residential and Commercial|Residential,Mt CO2/yr,,,,30.7623996734619,,,30.5857696533203,,,,,32.8881111145019,,33.3858985900878,,,,,33.1066398620605,32.6431999206543,28.1388301849365,24.6914501190185,23.1380100250244,20.9384899139404,,18.1160697937011,,17.807689666748,,17.2848796844482,,13.7765598297119,,13.8747196197509,,,,Mexico,CO2
IMAGE 3.0,EN_INDCi2030_1200,MEX,Emissions|CO2|Energy|Demand|Transportation,Mt CO2/yr,,,,104.439498901367,,,100.964698791503,,,,,110.365798950195,,109.742500305175,,,,,116.481796264648,129.438903808593,127.283599853515,126.165603637695,119.46060180664,111.726997375488,,97.5301132202148,,89.0379562377929,,73.2668762207031,,54.8453216552734,,46.891128540039,,,,Mexico,CO2
IMAGE 3.0,EN_INDCi2030_1200,MEX,Emissions|CO2|Energy|Supply,Mt CO2/yr,,,,230.717553377151,,,216.32680940628,,,,,247.897677421569,,226.005990351779,,,,,223.556480407979,230.810241699218,187.646411895752,161.577163696289,25.9927978515625,-42.9359169006347,,-56.045539855957,,-48.1390190124511,,-38.4717559814453,,-34.2736282348632,,-40.4897403717041,,,,Mexico,CO2
IMAGE 3.0,EN_INDCi2030_1200,MEX,Emissions|CO2|Energy|Supply|Electricity,Mt CO2/yr,,,,125.516998271147,,,125.115357339382,,,,,159.058277805646,,160.279209415117,,,,,167.354804774125,172.65119527777,132.370587438345,107.982490832606,-27.4165951025982,-99.2318435261646,,-107.440595204631,,-97.9820632686217,,-88.1318549315134,,-78.8013252119223,,-90.0707859545946,,,,Mexico,CO2
IMAGE 3.0,EN_INDCi2030_1200,MEX,Emissions|CO2|Energy|Supply|Gases,Mt CO2/yr,,,,0.0,,,0.0,,,,,0.0,,0.0,,,,,0.0,0.0,0.0,0.0,0.0,0.0,,0.0,,0.0,,0.0,,0.0,,0.0,,,,Mexico,CO2
IMAGE 3.0,EN_INDCi2030_1200,MEX,Emissions|CO2|Energy|Supply|Heat,Mt CO2/yr,,,,0.0,,,0.0,,,,,1.5419965073334e-08,,3.46586656943537e-08,,,,,4.31472811761775e-08,3.58000053213292e-08,1.80483044597464e-08,7.127886605604031e-09,2.3284367959483e-09,1.01863299515533e-09,,4.45291378301112e-11,,-0.0118283256445768,,-0.0085953853006988,,-0.0068250013782744,,-0.0007177188573829,,,,Mexico,CO2
IMAGE 3.0,EN_INDCi2030_1200,MEX,Emissions|CO2|Energy|Supply|Liquids,Mt CO2/yr,,,,76.170725612125,,,50.2324041056757,,,,,46.3427155821894,,40.4324740847341,,,,,39.5921161400936,40.1339024926225,38.3454502249757,37.4263639872272,35.9044236441453,34.7737191865841,,33.2847355554501,,30.8438387388984,,27.5801834650337,,23.8366154953837,,21.4656377211213,,,,Mexico,CO2
IMAGE 3.0,EN_INDCi2030_1200,MEX,Emissions|CO2|Energy|Supply|Solids,Mt CO2/yr,,,,0.391465800930745,,,0.131916100751065,,,,,0.166830882032324,,0.372294275924408,,,,,0.65084394494382,0.883925507271972,0.760181021178141,0.683607824612408,0.645209390010374,0.552530376201805,,0.377464624762069,,0.331721169156177,,0.385963971590778,,0.326904150521537,,0.385987075181522,,,,Mexico,CO2
IMAGE 3.0,EN_INDCi2030_1200,MEX,Emissions|CO2|Industrial Processes,Mt CO2/yr,,,,14.1594717279076,,,13.3034509296218,,,,,15.1842868266006,,17.5560705053309,,,,,20.7666948748131,24.3404662857453,22.7742455899715,20.8409012605746,18.1666387555499,15.9066999331116,,10.9462426820149,,10.9180795649687,,8.51654486420253,,8.27426215012868,,8.93129198811948,,,,Mexico,CO2
IMAGE 3.0,EN_INDCi2030_1200,MEX,Emissions|N2O|AFOLU,Mt CO2e/yr,,,,37.29939070129955,,,35.34015985184904,,,,,36.5744135614737,,37.94931439387097,,,,,39.15979475513551,38.47591867529101,37.99425156210657,38.48496942063091,38.86252751686906,39.966270092481366,,42.760041907700206,,43.043951250281985,,43.63085830843604,,44.10419604102794,,44.888245906836694,,,,Mexico,N2O
IMAGE 3.0,EN_INDCi2030_1200,MEX,Emissions|N2O|AFOLU|Agriculture,Mt CO2e/yr,,,,26.707433322087418,,,28.3000508900382,,,,,29.49426533525144,,31.362741018124424,,,,,31.064677089828017,31.82830490188604,32.5200899491104,32.95213459406532,33.65129100614736,35.311140302949966,,37.91853146175467,,39.319510299000484,,39.4824212180105,,40.382970441760676,,41.27736374331843,,,,Mexico,N2O
IMAGE 3.0,EN_INDCi2030_1200,MEX,Emissions|N2O|AFOLU|Agriculture|Livestock|Manure Management,Mt CO2e/yr,,,,3.3512502606200165,,,3.4430171057970598,,,,,3.690354818868736,,3.9446354928378486,,,,,3.959182948656936,4.102148611842399,4.267878416925832,4.368837218937118,4.494400831576301,4.615030557055518,,4.819928709965678,,5.0181597825423525,,5.220497100587223,,5.408096683133672,,5.589354608546218,,,,Mexico,N2O
IMAGE 3.0,EN_INDCi2030_1200,MEX,Emissions|N2O|AFOLU|Agriculture|Managed Soils,Mt CO2e/yr,,,,10.792421566114815,,,12.288955686987661,,,,,13.117616498757743,,14.669743374995052,,,,,14.93417424627271,15.690801364281334,16.164973480758484,16.624616070656714,17.254475719944782,18.859784368171464,,21.333654727789266,,22.62282083055483,,22.66116118709456,,23.484335201906834,,24.321959235358594,,,,Mexico,N2O
IMAGE 3.0,EN_INDCi2030_1200f,MEX,Carbon Sequestration|CCS|Biomass,Mt CO2/yr,,,,0.0,,,0.0,,,,,0.0,,0.0,,,,,0.0,0.0,3.10699075356524e-05,2.38290979511172,24.5357558427106,109.858347025389,,157.476918228591,,121.519315374219,,108.782154356352,,105.765584288747,,121.893538243057,,,,Mexico,
IMAGE 3.0,EN_INDCi2030_1200f,MEX,Carbon Sequestration|CCS|Biomass|Energy|Demand|Industry,Mt CO2/yr,,,,0.0,,,0.0,,,,,0.0,,0.0,,,,,0.0,0.0,3.10699075356524e-05,0.0434111701300328,0.380382933750903,0.512661955629785,,4.16558616173764,,5.32608261952797,,3.36197006981819,,1.66175793856382,,5.202299876449,,,,Mexico,
IMAGE 3.0,EN_INDCi2030_1200f,MEX,Carbon Sequestration|CCS|Biomass|Energy|Supply,Mt CO2/yr,,,,0.0,,,0.0,,,,,0.0,,0.0,,,,,0.0,0.0,0.0,2.33949862498169,24.1553729089597,109.345685069759,,153.311332066853,,116.193232754691,,105.420184286534,,104.103826350183,,116.691238366608,,,,Mexico,
IMAGE 3.0,EN_INDCi2030_1200f,MEX,Carbon Sequestration|CCS|Biomass|Energy|Supply|Electricity,Mt CO2/yr,,,,0.0,,,0.0,,,,,0.0,,0.0,,,,,0.0,0.0,0.0,2.33949862498169,24.1553729089597,109.345685069759,,153.311332066853,,115.92606579264,,105.200296888748,,103.934125353892,,116.676854590574,,,,Mexico,
IMAGE 3.0,EN_INDCi2030_1200f,MEX,Carbon Sequestration|CCS|Biomass|Energy|Supply|Hydrogen,Mt CO2/yr,,,,0.0,,,0.0,,,,,0.0,,0.0,,,,,0.0,0.0,0.0,0.0,0.0,0.0,,0.0,,0.0,,0.0,,0.0,,0.0,,,,Mexico,
IMAGE 3.0,EN_INDCi2030_1200f,MEX,Carbon Sequestration|CCS|Biomass|Energy|Supply|Other,Mt CO2/yr,,,,0.0,,,0.0,,,,,0.0,,0.0,,,,,0.0,0.0,0.0,0.0,0.0,0.0,,0.0,,0.267166962051608,,0.219887397785593,,0.169700996290581,,0.0143837760333553,,,,Mexico,
IMAGE 3.0,EN_INDCi2030_1200f,MEX,Carbon Sequestration|Land Use,Mt CO2/yr,,,,-35.0094701505738,,,-32.7747243796778,,,,,-16.3144397874603,,-20.2639265935663,,,,,-17.299287488394,-13.8495954852724,-9.44450629650482,-7.08697235741818,9.42748071090651,27.9463936289722,,38.3797421465438,,40.0552960769986,,59.1448986335719,,53.8881784353965,,22.643525155457,,,,Mexico,
IMAGE 3.0,EN_INDCi2030_1200f,MEX,Emissions|CH4|AFOLU,Mt CO2e/yr,,,,96.74023696407671,,,85.51367559283948,,,,,85.49512507021416,,84.9622365906832,,,,,90.822404772043,86.28939008340225,77.80119415000073,73.93073168024405,70.75142325274632,68.51799757033561,,74.07569375168508,,68.43592912796863,,65.1692940266802,,64.34825693722804,,63.88131122849868,,,,Mexico,CH4
IMAGE 3.0,EN_INDCi2030_1200f,MEX,Emissions|CH4|AFOLU|Agriculture,Mt CO2e/yr,,,,71.72225129976843,,,73.1008147224782,,,,,72.58179891109448,,73.3600573465228,,,,,73.81603370606892,73.95378054305893,69.72919083014108,65.53595426306123,63.015164850279604,60.947230689227396,,60.774822111241285,,60.51046986225976,,60.097790268249724,,59.55083785858004,,58.87628095410741,,,,Mexico,CH4
IMAGE 3.0,EN_INDCi2030_1200f,MEX,Emissions|CH4|AFOLU|Agriculture|Livestock,Mt CO2e/yr,,,,71.46234738826736,,,72.84987914562204,,,,,72.3306449651716,,73.10548579692819,,,,,73.56269335746744,73.70360779762261,69.48172044754024,65.31573015451427,62.82995563745487,60.79838711023308,,60.685152709483965,,60.42739856243132,,60.02232295274712,,59.4838030338286,,58.818307578563676,,,,Mexico,CH4
IMAGE 3.0,EN_INDCi2030_1200f,MEX,Emissions|CH4|AFOLU|Agriculture|Livestock|Manure Management,Mt CO2e/yr,,,,6.722868323326092,,,6.816578745841956,,,,,7.208133101463309,,7.566649317741388,,,,,7.8625247478485125,8.143829584121699,7.887346744537345,6.995476782321916,6.329476892948132,6.2012563347816485,,6.267218291759487,,6.30969464778898,,6.330162823200216,,6.329879522323588,,6.309852778911584,,,,Mexico,CH4
IMAGE 3.0,EN_INDCi2030_1200f,MEX,Emissions|CH4|Energy|Demand|Industry,Mt CO2e/yr,,,,0.0992106618359668,,,0.0859337365254732,,,,,0.08502051886170921,,0.0897950213402508,,,,,0.09952932968735681,0.1160290893167252,0.12306283414363679,0.12862102314829602,0.1272295657545304,0.1258717868477104,,0.12226057425141282,,0.1329988222569216,,0.1490771770477276,,0.1430263016372904,,0.1306896358728408,,,,Mexico,CH4
IMAGE 3.0,EN_INDCi2030_1200f,MEX,Emissions|CH4|Energy|Demand|Residential and Commercial,Mt CO2e/yr,,,,2.4626957153668605,,,2.3068090160377306,,,,,2.303872458636759,,2.1365641423035395,,,,,1.8944072287995346,1.6266042306087896,1.406888048863038,1.2460871206130817,1.1118394464720032,1.0271610729396323,,0.9002882426138944,,0.795550301205366,,0.7718078708276133,,0.8799457666464137,,0.7265975009649972,,,,Mexico,CH4
IMAGE 3.0,EN_INDCi2030_1200f,MEX,Emissions|CH4|Energy|Demand|Transportation,Mt CO2e/yr,,,,0.1960162650793788,,,0.1897556129842996,,,,,0.2082237321883432,,0.21035151369869562,,,,,0.22540918737649762,0.2517326734960072,0.2738275863230208,0.2853804677724812,0.27223493158817197,0.259020004421472,,0.2056061327457424,,0.1228178534656752,,0.0722345393151032,,0.042060143779962,,0.026398807996881598,,,,Mexico,CH4
IMAGE 3.0,EN_INDCi2030_1200f,MEX,Emissions|CH4|Energy|Supply,Mt CO2e/yr,,,,51.4511775970458,,,56.35330581665036,,,,,55.79378032684316,,11.576036810874928,,,,,10.911667466163632,8.266359090805032,5.845397472381572,3.044591128826128,2.4303226470947257,1.901802748441694,,2.1659330427646633,,1.9804078936576843,,1.7188289761543265,,2.010198086500167,,1.6515318751335124,,,,Mexico,CH4
IMAGE 3.0,EN_INDCi2030_1200f,MEX,Emissions|CO2|AFOLU,Mt CO2/yr,,,,210.377971699649,,,90.2789191153326,,,,,79.4822788520329,,71.3931738929533,,,,,118.779602034803,71.4678476862387,26.2544855576903,27.4008279982252,4.56559628988212,-12.554660246607,,46.8939194537178,,-2.27298376093482,,-46.2453977130485,,-39.8913807427143,,-7.93718641773621,,,,Mexico,CO2
IMAGE 3.0,EN_INDCi2030_1200f,MEX,Emissions|CO2|Energy and Industrial Processes,Mt CO2/yr,,,,447.277065515518,,,423.907144546508,,,,,469.601862668991,,455.807339869003,,,,,471.42532253291,501.457660675048,510.028107643127,438.839498519897,376.413668632507,254.33967590332,,109.768516540527,,62.3425865173339,,38.3887863159179,,23.3145503997802,,0.268808364868164,,,,Mexico,CO2
IMAGE 3.0,EN_INDCi2030_1200f,MEX,Emissions|CO2|Energy|Demand,Mt CO2/yr,,,,205.137474578805,,,197.13827172139,,,,,210.503135730202,,216.927315263698,,,,,232.839828977982,255.705532346231,261.487144355972,256.638799173136,234.838691889308,219.863739175101,,165.887370550384,,114.789530479659,,91.2612694858883,,74.1718005932246,,55.4936348926276,,,,Mexico,CO2
IMAGE 3.0,EN_INDCi2030_1200f,MEX,Emissions|CO2|Energy|Demand|Industry,Mt CO2/yr,,,,61.3189877088492,,,56.997675448656,,,,,57.1583441148201,,61.8745303557564,,,,,69.2253164791812,77.6662804807225,74.7770625942697,68.032290165623,58.3815461723133,48.5009998859216,,23.3766463740418,,17.4302004355316,,21.20314592806,,22.8305210281784,,16.5076959334934,,,,Mexico,CO2
IMAGE 3.0,EN_INDCi2030_1200f,MEX,Emissions|CO2|Energy|Demand|Residential and Commercial,Mt CO2/yr,,,,36.6415357589721,,,36.3144965171814,,,,,39.0173730850219,,40.6282687187194,,,,,41.3950490951538,41.8999938964843,39.9474153518676,36.2048015594482,31.5599584579467,29.9763679504394,,28.622257232666,,27.2891197204589,,26.8158798217773,,24.3110198974609,,20.465931892395,,,,Mexico,CO2
IMAGE 3.0,EN_INDCi2030_1200f,MEX,Emissions|CO2|Energy|Demand|Residential and Commercial|Commercial,Mt CO2/yr,,,,5.87913608551025,,,5.72872686386108,,,,,6.12926197052002,,7.24237012863159,,,,,8.28840923309326,9.25688552856445,9.2714147567749,8.64053153991699,8.04387760162353,7.8360481262207,,9.11219787597656,,10.4385299682617,,11.574270248413,,12.2255697250366,,12.8079500198364,,,,Mexico,CO2
IMAGE 3.0,EN_INDCi2030_1200f,MEX,Emissions|CO2|Energy|Demand|Residential and Commercial|Residential,Mt CO2/yr,,,,30.7623996734619,,,30.5857696533203,,,,,32.8881111145019,,33.3858985900878,,,,,33.1066398620605,32.6431083679199,30.6760005950927,27.5642700195312,23.5160808563232,22.1403198242187,,19.5100593566894,,16.8505897521972,,15.2416095733642,,12.0854501724243,,7.65798187255859,,,,Mexico,CO2
IMAGE 3.0,EN_INDCi2030_1200f,MEX,Emissions|CO2|Energy|Demand|Transportation,Mt CO2/yr,,,,104.439498901367,,,100.964698791503,,,,,110.365798950195,,109.742500305175,,,,,116.48159790039,129.437805175781,139.510803222656,144.890106201171,139.137802124023,134.105606079101,,108.155799865722,,64.905029296875,,38.3162498474121,,22.1360702514648,,13.6349401473999,,,,Mexico,CO2
IMAGE 3.0,EN_INDCi2030_1200f,MEX,Emissions|CO2|Energy|Supply,Mt CO2/yr,,,,230.717553377151,,,216.32680940628,,,,,247.876077413559,,226.005990705947,,,,,223.556617737073,228.116664886474,230.042987823486,165.851654052734,126.697704315185,23.9455986022949,,-61.4955596923828,,-53.9744529724121,,-50.5164833068847,,-47.1552906036377,,-51.2573528289794,,,,Mexico,CO2
IMAGE 3.0,EN_INDCi2030_1200f,MEX,Emissions|CO2|Energy|Supply|Electricity,Mt CO2/yr,,,,125.516998271147,,,125.115357339382,,,,,159.058277805646,,160.279209415117,,,,,167.354845752318,170.298814773559,171.812084813912,107.596790418028,70.2633820474147,-34.4485299040873,,-118.268256386121,,-102.48868788282,,-95.5769848078489,,-95.9740839898586,,-102.077178036173,,,,Mexico,CO2
IMAGE 3.0,EN_INDCi2030_1200f,MEX,Emissions|CO2|Energy|Supply|Gases,Mt CO2/yr,,,,0.0,,,0.0,,,,,0.0,,0.0,,,,,0.0,0.0,0.0,0.0,0.0,0.0,,0.0,,0.0,,0.0,,0.0,,0.0,,,,Mexico,CO2
IMAGE 3.0,EN_INDCi2030_1200f,MEX,Emissions|CO2|Energy|Supply|Heat,Mt CO2/yr,,,,0.0,,,0.0,,,,,1.5419965073334e-08,,3.46586656943537e-08,,,,,4.31472811761775e-08,3.58010389274003e-08,1.92435363072692e-08,7.47235491075729e-09,2.3232025750501602e-09,1.01377286014676e-09,,4.372118585366589e-11,,-0.217997225263388,,-0.173070038727019,,-0.133572969692371,,-0.0113844685832494,,,,Mexico,CO2
IMAGE 3.0,EN_INDCi2030_1200f,MEX,Emissions|CO2|Energy|Supply|Liquids,Mt CO2/yr,,,,76.170725612125,,,50.2324041056757,,,,,46.3211158057674,,40.432474438905,,,,,39.5920785767425,40.1336088155706,40.1788931339979,40.0440338999033,38.8983109345038,38.2589896519978,,34.704964607954,,28.5321990959346,,23.9737780454258,,22.0099835035701,,20.7972714367012,,,,Mexico,CO2
IMAGE 3.0,EN_INDCi2030_1200f,MEX,Emissions|CO2|Energy|Supply|Solids,Mt CO2/yr,,,,0.391465800930745,,,0.131916100751065,,,,,0.166830882032324,,0.372294275924408,,,,,0.65084394494382,0.883775200539578,0.901736775025104,0.720865912929487,0.655942848728348,0.522302342384743,,0.392332238940677,,0.405723997876824,,0.417200666561257,,0.622038622774804,,0.715396391266646,,,,Mexico,CO2
IMAGE 3.0,EN_INDCi2030_1200f,MEX,Emissions|CO2|Industrial Processes,Mt CO2/yr,,,,14.1594717279076,,,13.3034509296218,,,,,15.1842868266006,,17.5560705053309,,,,,20.7667273158828,24.3369250868757,25.7498958768943,23.8606645725667,20.6366557007034,17.8110795095562,,11.1093768694748,,6.69268615699063,,2.56999370564396,,1.19222542465043,,0.917597256678466,,,,Mexico,CO2
IMAGE 3.0,EN_INDCi2030_1200f,MEX,Emissions|N2O|AFOLU,Mt CO2e/yr,,,,37.29939070129955,,,35.34015985184904,,,,,36.04232745234194,,37.03564990599829,,,,,39.46793416724968,39.036448150471315,38.16172791989485,38.54801971607278,38.837198070281254,39.60919290684474,,43.46015863285688,,43.76223998446673,,43.926744133710436,,45.61533875942534,,46.81439889392066,,,,Mexico,N2O
IMAGE 3.0,EN_INDCi2030_1200f,MEX,Emissions|N2O|AFOLU|Agriculture,Mt CO2e/yr,,,,26.707433322087418,,,28.3000508900382,,,,,28.962221876735512,,30.449561668520904,,,,,31.35325774859487,32.28360671787151,32.67486773529697,33.004867535745376,33.57514677189091,34.56283155328458,,37.68680177648895,,39.684353055552386,,40.75843774638062,,42.64740889799891,,43.72889936384206,,,,Mexico,N2O
IMAGE 3.0,EN_INDCi2030_1200f,MEX,Emissions|N2O|AFOLU|Agriculture|Livestock|Manure Management,Mt CO2e/yr,,,,3.3512502606200165,,,3.4430171057970598,,,,,3.625773695938485,,3.855175976055713,,,,,4.020326951353522,4.203631307248956,4.303976020300402,4.378862011449117,4.494400831576301,4.615030557055518,,4.81970776579211,,5.0181597825423525,,5.212139977117683,,5.399058747961133,,5.579602500299045,,,,Mexico,N2O
IMAGE 3.0,EN_INDCi2030_1200f,MEX,Emissions|N2O|AFOLU|Agriculture|Managed Soils,Mt CO2e/yr,,,,10.792421566114815,,,12.288955686987661,,,,,12.872164302487418,,14.135140779647678,,,,,14.97364214725339,15.74687883340632,16.181420037649993,16.639883193189437,17.17833148568822,18.11147561850608,,21.10268536216607,,22.987663587106685,,23.9641053365612,,25.7770141590866,,26.803078401741587,,,,Mexico,N2O
IMAGE 3.0,EN_INDCi2030_1400,MEX,Carbon Sequestration|CCS|Biomass,Mt CO2/yr,,,,0.0,,,0.0,,,,,0.0,,0.0,,,,,0.0,0.0,4.65521458418531e-05,6.6022695943199,62.7660560373139,132.885177930196,,147.744936994665,,128.126810855368,,115.762858661128,,56.3184921734318,,101.928643385434,,,,Mexico,
IMAGE 3.0,EN_INDCi2030_1400,MEX,Carbon Sequestration|CCS|Biomass|Energy|Demand|Industry,Mt CO2/yr,,,,0.0,,,0.0,,,,,0.0,,0.0,,,,,0.0,0.0,4.65521458418531e-05,0.0687094452587189,0.214851922161566,0.526761015256245,,1.20113988911422,,1.27833640241685,,1.99228335016717,,1.95674714632332,,3.22914501884952,,,,Mexico,
IMAGE 3.0,EN_INDCi2030_1400,MEX,Carbon Sequestration|CCS|Biomass|Energy|Supply,Mt CO2/yr,,,,0.0,,,0.0,,,,,0.0,,0.0,,,,,0.0,0.0,0.0,6.53356014906118,62.5512041151523,132.358416914939,,146.54379710555,,126.848474452951,,113.77057531096,,54.3617450271085,,98.6994983665852,,,,Mexico,
IMAGE 3.0,EN_INDCi2030_1400,MEX,Carbon Sequestration|CCS|Biomass|Energy|Supply|Electricity,Mt CO2/yr,,,,0.0,,,0.0,,,,,0.0,,0.0,,,,,0.0,0.0,0.0,6.53356014906118,62.5512041151523,132.358416914939,,146.54379710555,,126.81845203042,,113.744366293152,,54.3423841396967,,98.6984508732954,,,,Mexico,
IMAGE 3.0,EN_INDCi2030_1400,MEX,Carbon Sequestration|CCS|Biomass|Energy|Supply|Hydrogen,Mt CO2/yr,,,,0.0,,,0.0,,,,,0.0,,0.0,,,,,0.0,0.0,0.0,0.0,0.0,0.0,,0.0,,0.0,,0.0,,0.0,,0.0,,,,Mexico,
IMAGE 3.0,EN_INDCi2030_1400,MEX,Carbon Sequestration|CCS|Biomass|Energy|Supply|Other,Mt CO2/yr,,,,0.0,,,0.0,,,,,0.0,,0.0,,,,,0.0,0.0,0.0,0.0,0.0,0.0,,0.0,,0.0300224225308435,,0.0262090178087722,,0.0193608874117975,,0.0010474932897371,,,,Mexico,
IMAGE 3.0,EN_INDCi2030_1400,MEX,Carbon Sequestration|Land Use,Mt CO2/yr,,,,-35.0094701505738,,,-32.7747243796778,,,,,-16.3125804019399,,-20.3065661111059,,,,,-17.2782315267435,-14.1498196572511,-10.4765002625273,-6.17056592268465,7.39455766422221,22.9650707936302,,57.604405413341,,56.8738154497788,,66.8244374355825,,56.0214485403166,,45.3635361086838,,,,Mexico,
IMAGE 3.0,EN_INDCi2030_1400,MEX,Emissions|CH4|AFOLU,Mt CO2e/yr,,,,96.74023696407671,,,85.51367559283948,,,,,88.54218433797352,,89.44065815210317,,,,,87.29236695170377,80.79241845011707,74.86063096486016,73.3878225013612,70.73337475210413,68.20684185996632,,67.47173882648332,,69.25861229747517,,65.74906906858081,,65.66629569884384,,65.49575459491456,,,,Mexico,CH4
IMAGE 3.0,EN_INDCi2030_1400,MEX,Emissions|CH4|AFOLU|Agriculture,Mt CO2e/yr,,,,71.72225129976843,,,73.1008147224782,,,,,75.62871381640429,,77.83603768050656,,,,,70.25718431174744,68.47283773124201,66.78989483229812,64.97483789175736,63.036806687712485,60.99917350336908,,60.87699614092684,,60.5427196994424,,60.097790900617674,,59.5508386408908,,58.87628180813036,,,,Mexico,CH4
IMAGE 3.0,EN_INDCi2030_1400,MEX,Emissions|CH4|AFOLU|Agriculture|Livestock,Mt CO2e/yr,,,,71.46234738826736,,,72.84987914562204,,,,,75.37126195430749,,77.57309806346885,,,,,70.01013791561104,68.25152039527892,66.57242822647089,64.76251530647276,62.82995563745487,60.79838711023308,,60.685152709483965,,60.42739856243132,,60.02232295274712,,59.4838030338286,,58.818307578563676,,,,Mexico,CH4
IMAGE 3.0,EN_INDCi2030_1400,MEX,Emissions|CH4|AFOLU|Agriculture|Livestock|Manure Management,Mt CO2e/yr,,,,6.722868323326092,,,6.816578745841956,,,,,7.208133101463309,,7.566649317741388,,,,,7.413832068443277,6.661105394363392,6.538464069366432,6.442261934280368,6.329476892948132,6.2012563347816485,,6.267218291759487,,6.30969464778898,,6.330162823200216,,6.329879522323588,,6.309852778911584,,,,Mexico,CH4
IMAGE 3.0,EN_INDCi2030_1400,MEX,Emissions|CH4|Energy|Demand|Industry,Mt CO2e/yr,,,,0.0992106618359668,,,0.0859337365254732,,,,,0.08502051886170921,,0.0897950213402508,,,,,0.0995292449370016,0.1160273291170588,0.11440220847725602,0.11987964995205361,0.130181720480322,0.1398576423525792,,0.12950493022799361,,0.12520477548241601,,0.12963076494634002,,0.1240743231028308,,0.1122586634010072,,,,Mexico,CH4
IMAGE 3.0,EN_INDCi2030_1400,MEX,Emissions|CH4|Energy|Demand|Residential and Commercial,Mt CO2e/yr,,,,2.4626957153668605,,,2.3068090160377306,,,,,2.303872458636759,,2.1365641423035395,,,,,1.894407033221794,1.626604810822754,1.389340320136398,1.253014238085596,1.2068875229451796,1.082759634358808,,0.7297944994643324,,0.6144159017130708,,0.669758355710654,,0.647317997179924,,0.6526427967473848,,,,Mexico,CH4
IMAGE 3.0,EN_INDCi2030_1400,MEX,Emissions|CH4|Energy|Demand|Transportation,Mt CO2e/yr,,,,0.1960162650793788,,,0.1897556129842996,,,,,0.2082237321883432,,0.21035151369869562,,,,,0.2254097349941724,0.2517346814274768,0.2581893466413016,0.2654666639864428,0.2811160907149308,0.308069441467522,,0.3087232448160644,,0.2425914220511908,,0.13865739479660882,,0.096330303698776,,0.0936044780537468,,,,Mexico,CH4
IMAGE 3.0,EN_INDCi2030_1400,MEX,Emissions|CH4|Energy|Supply,Mt CO2e/yr,,,,51.4511775970458,,,56.35330581665036,,,,,57.639009475707795,,10.903692483901953,,,,,13.56759023666382,17.82777619361875,11.320592880249016,8.240156054496744,7.909277319908133,6.183503091335275,,7.215950369834892,,6.924075365066524,,7.5213320255279354,,9.831293106079087,,11.794090032577497,,,,Mexico,CH4
IMAGE 3.0,EN_INDCi2030_1400,MEX,Emissions|CO2|AFOLU,Mt CO2/yr,,,,210.377971699649,,,90.2789191153326,,,,,79.4817785765899,,71.462794562779,,,,,119.02306137796,71.6433941044316,27.3563474499809,26.6292643233662,7.24022973317038,-8.07784235876845,,-45.3724450240181,,-18.6780895084669,,-49.3384697325366,,-31.4947338027329,,-21.7187591692929,,,,Mexico,CO2
IMAGE 3.0,EN_INDCi2030_1400,MEX,Emissions|CO2|Energy and Industrial Processes,Mt CO2/yr,,,,447.277065515518,,,423.907144546508,,,,,469.623462677002,,455.807347317615,,,,,471.425084114414,504.154702186584,457.312938690185,412.646504878997,360.934475898742,265.434682846069,,190.323144912719,,152.883499145507,,90.9595861434936,,114.276738166809,,72.4483270645141,,,,Mexico,CO2
IMAGE 3.0,EN_INDCi2030_1400,MEX,Emissions|CO2|Energy|Demand,Mt CO2/yr,,,,205.137474578805,,,197.13827172139,,,,,210.503135730202,,216.927315263698,,,,,232.839633050995,255.670226217868,243.86652764709,237.390359592003,242.201870074495,253.668017607803,,237.278216790097,,196.959229457813,,132.614983517366,,107.652635585206,,103.113084565848,,,,Mexico,CO2
IMAGE 3.0,EN_INDCi2030_1400,MEX,Emissions|CO2|Energy|Demand|Industry,Mt CO2/yr,,,,61.3189877088492,,,56.997675448656,,,,,57.1583441148201,,61.8745303557564,,,,,69.2251653720935,77.6655036024749,68.3124606342365,61.4586785280456,57.2173996673276,51.5529652281353,,34.3493033433333,,29.6687339820588,,22.5867515740295,,19.3966231308877,,16.3774604055409,,,,Mexico,CO2
IMAGE 3.0,EN_INDCi2030_1400,MEX,Emissions|CO2|Energy|Demand|Residential and Commercial,Mt CO2/yr,,,,36.6415357589721,,,36.3144965171814,,,,,39.0173730850219,,40.6282687187194,,,,,41.3949708938598,41.8994417190551,37.407974243164,34.297860622406,33.2563638687133,33.0281200408935,,32.3507251739502,,32.6602401733398,,31.2678804397583,,30.892991065979,,30.9249792098999,,,,Mexico,CO2
IMAGE 3.0,EN_INDCi2030_1400,MEX,Emissions|CO2|Energy|Demand|Residential and Commercial|Commercial,Mt CO2/yr,,,,5.87913608551025,,,5.72872686386108,,,,,6.12926197052002,,7.24237012863159,,,,,8.28833103179931,9.25624179840088,8.37932395935058,7.78321981430053,8.00059413909912,8.90151023864746,,9.88716506958007,,11.1884002685546,,12.0782098770141,,13.6433801651001,,14.5856599807739,,,,Mexico,CO2
IMAGE 3.0,EN_INDCi2030_1400,MEX,Emissions|CO2|Energy|Demand|Residential and Commercial|Residential,Mt CO2/yr,,,,30.7623996734619,,,30.5857696533203,,,,,32.8881111145019,,33.3858985900878,,,,,33.1066398620605,32.6431999206543,29.0286502838134,26.5146408081054,25.2557697296142,24.126609802246,,22.4635601043701,,21.4718399047851,,19.1896705627441,,17.2496109008789,,16.3393192291259,,,,Mexico,CO2
IMAGE 3.0,EN_INDCi2030_1400,MEX,Emissions|CO2|Energy|Demand|Transportation,Mt CO2/yr,,,,104.439498901367,,,100.964698791503,,,,,110.365798950195,,109.742500305175,,,,,116.481796264648,129.438903808593,131.583801269531,134.910903930664,143.514205932617,158.735702514648,,162.332901000976,,128.539199829101,,73.5603713989257,,50.9626083374023,,49.6291885375976,,,,Mexico,CO2
IMAGE 3.0,EN_INDCi2030_1400,MEX,Emissions|CO2|Energy|Supply,Mt CO2/yr,,,,230.717553377151,,,216.32680940628,,,,,247.897677421569,,226.00599815456,,,,,223.556480408054,230.810359954834,196.584423065185,160.573322296142,107.37446975708,3.69989013671875,,-51.6667709350585,,-50.0418701171874,,-45.0687751770019,,4.8607292175293,,-33.5844802856445,,,,Mexico,CO2
IMAGE 3.0,EN_INDCi2030_1400,MEX,Emissions|CO2|Energy|Supply|Electricity,Mt CO2/yr,,,,125.516998271147,,,125.115357339382,,,,,159.058277805646,,160.279209415117,,,,,167.354804774125,172.651345531145,140.053206433852,105.025948335727,48.81503029416,-61.4590533077716,,-115.043422828118,,-108.545394614338,,-96.487233415246,,-42.6272001738349,,-86.787619938453,,,,Mexico,CO2
IMAGE 3.0,EN_INDCi2030_1400,MEX,Emissions|CO2|Energy|Supply|Gases,Mt CO2/yr,,,,0.0,,,0.0,,,,,0.0,,0.0,,,,,0.0,0.0,0.0,0.0,0.0,0.0,,0.0,,0.0,,0.0,,0.0,,0.0,,,,Mexico,CO2
IMAGE 3.0,EN_INDCi2030_1400,MEX,Emissions|CO2|Energy|Supply|Heat,Mt CO2/yr,,,,0.0,,,0.0,,,,,1.5419965073334e-08,,3.46586656943537e-08,,,,,4.31472811761775e-08,3.58000148623083e-08,1.84449913386934e-08,7.2020557920216e-09,2.3758254478339803e-09,1.0708419285847201e-09,,4.39946846043492e-11,,-0.0257610539241189,,-0.0220527558667527,,-0.0162908944124258,,-0.0008859638664186,,,,Mexico,CO2
IMAGE 3.0,EN_INDCi2030_1400,MEX,Emissions|CO2|Energy|Supply|Liquids,Mt CO2/yr,,,,76.170725612125,,,50.2324041056757,,,,,46.3427155821894,,40.4324818875213,,,,,39.5921161401689,40.1339024926225,39.0024057899912,38.6399195219079,39.4026602928837,41.5880683188637,,41.0440418248375,,35.7280842338999,,27.5014524037639,,23.5333085681001,,22.1285351241628,,,,Mexico,CO2
IMAGE 3.0,EN_INDCi2030_1400,MEX,Emissions|CO2|Energy|Supply|Solids,Mt CO2/yr,,,,0.391465800930745,,,0.131916100751065,,,,,0.166830882032324,,0.372294275924408,,,,,0.65084394494382,0.883925187129837,0.784049911696153,0.695386654115282,0.669219463209932,0.517525448231026,,0.358072255039587,,0.356320864132915,,0.358341254468541,,0.402766844975606,,0.406621969887055,,,,Mexico,CO2
IMAGE 3.0,EN_INDCi2030_1400,MEX,Emissions|CO2|Industrial Processes,Mt CO2/yr,,,,14.1594717279076,,,13.3034509296218,,,,,15.1842868266006,,17.5560705053309,,,,,20.7666948748131,24.3404662857453,23.4242912071446,21.4057463842133,19.572054191182,18.4180007005731,,12.9569845739752,,12.0571913818518,,8.61335584583381,,8.16378920959929,,9.10117647921045,,,,Mexico,CO2
IMAGE 3.0,EN_INDCi2030_1400,MEX,Emissions|N2O|AFOLU,Mt CO2e/yr,,,,37.29939070129955,,,35.34015985184904,,,,,36.5744135614737,,37.94954252971736,,,,,39.20125654743316,38.5764634566877,38.01316573679735,38.587486543296876,39.023956177153856,40.03061423980028,,40.35325667168523,,42.099350283082096,,42.40420856934007,,44.7257155471854,,44.641830600730266,,,,Mexico,N2O
IMAGE 3.0,EN_INDCi2030_1400,MEX,Emissions|N2O|AFOLU|Agriculture,Mt CO2e/yr,,,,26.707433322087418,,,28.3000508900382,,,,,29.49426533525144,,31.362741018124424,,,,,31.0781742617477,31.82830490188604,32.52530830688794,33.03642599489587,33.78537695096464,35.250515898621664,,35.873364715599145,,37.36699327575723,,39.02209621825979,,41.267516045752,,40.697632201790924,,,,Mexico,N2O
IMAGE 3.0,EN_INDCi2030_1400,MEX,Emissions|N2O|AFOLU|Agriculture|Livestock|Manure Management,Mt CO2e/yr,,,,3.3512502606200165,,,3.4430171057970598,,,,,3.690354818868736,,3.9446354928378486,,,,,3.962361268549839,4.102148611842399,4.267878416925832,4.390014498228586,4.527188467489779,4.649420537649151,,4.8362661931512205,,5.025868257068295,,5.212139977117683,,5.407635816760742,,5.589354608546218,,,,Mexico,N2O
IMAGE 3.0,EN_INDCi2030_1400,MEX,Emissions|N2O|AFOLU|Agriculture|Managed Soils,Mt CO2e/yr,,,,10.792421566114815,,,12.288955686987661,,,,,13.117616498757743,,14.669743374995052,,,,,14.934722811101485,15.690801364281334,16.170191838536162,16.629762112167807,17.268944167246072,18.676568110269287,,19.232272672111208,,20.644656104226062,,22.227763808440255,,24.370321337937774,,23.74222769383093,,,,Mexico,N2O
IMAGE 3.0,EN_INDCi2030_1400f,MEX,Carbon Sequestration|CCS|Biomass,Mt CO2/yr,,,,0.0,,,0.0,,,,,0.0,,0.0,,,,,0.0,0.0,3.20794768526866e-05,2.16373908551759,28.6252955750872,99.6031623556822,,121.578345075249,,119.806653917862,,99.3567590734301,,99.0057393678777,,113.955168449924,,,,Mexico,
IMAGE 3.0,EN_INDCi2030_1400f,MEX,Carbon Sequestration|CCS|Biomass|Energy|Demand|Industry,Mt CO2/yr,,,,0.0,,,0.0,,,,,0.0,,0.0,,,,,0.0,0.0,3.20794768526866e-05,0.044789578775332,0.724551655972997,0.831852254729407,,2.08552367985248,,2.75033041058729,,1.58988026669248,,5.23477893633147,,11.6900335997343,,,,Mexico,
IMAGE 3.0,EN_INDCi2030_1400f,MEX,Carbon Sequestration|CCS|Biomass|Energy|Supply,Mt CO2/yr,,,,0.0,,,0.0,,,,,0.0,,0.0,,,,,0.0,0.0,0.0,2.11894950674225,27.9007439191142,98.7713101009527,,119.492821395397,,117.056323507275,,97.7668788067376,,93.7709604315462,,102.26513485019,,,,Mexico,
IMAGE 3.0,EN_INDCi2030_1400f,MEX,Carbon Sequestration|CCS|Biomass|Energy|Supply|Electricity,Mt CO2/yr,,,,0.0,,,0.0,,,,,0.0,,0.0,,,,,0.0,0.0,0.0,2.11894950674225,27.9007439191142,98.7713101009527,,119.492821395397,,117.0494556427,,97.7620240300893,,93.7663838267326,,102.263990789651,,,,Mexico,
IMAGE 3.0,EN_INDCi2030_1400f,MEX,Carbon Sequestration|CCS|Biomass|Energy|Supply|Hydrogen,Mt CO2/yr,,,,0.0,,,0.0,,,,,0.0,,0.0,,,,,0.0,0.0,0.0,0.0,0.0,0.0,,0.0,,0.0,,0.0,,0.0,,0.0,,,,Mexico,
IMAGE 3.0,EN_INDCi2030_1400f,MEX,Carbon Sequestration|CCS|Biomass|Energy|Supply|Other,Mt CO2/yr,,,,0.0,,,0.0,,,,,0.0,,0.0,,,,,0.0,0.0,0.0,0.0,0.0,0.0,,0.0,,0.0068678645751181,,0.0048547766482442,,0.0045766048136404,,0.001144060538157,,,,Mexico,
IMAGE 3.0,EN_INDCi2030_1400f,MEX,Carbon Sequestration|Land Use,Mt CO2/yr,,,,-35.0094701505738,,,-32.7747243796778,,,,,-16.3144397874603,,-20.2639265935663,,,,,-17.299287488394,-13.8495954852724,-9.45844656563357,-7.13804100394568,10.7797337705755,26.4081917727159,,45.4624882009231,,55.0097584153553,,71.2735491559131,,61.1045099850414,,27.921050323849,,,,Mexico,
IMAGE 3.0,EN_INDCi2030_1400f,MEX,Emissions|CH4|AFOLU,Mt CO2e/yr,,,,96.74023696407671,,,85.51367559283948,,,,,85.49512507021416,,84.9622365906832,,,,,90.822404772043,86.28939008340225,77.8017123006284,73.93152953311775,70.7534737680106,68.61079148948193,,74.54689502343524,,66.15093589294679,,65.88439627643663,,65.75400018971392,,63.657530062831874,,,,Mexico,CH4
IMAGE 3.0,EN_INDCi2030_1400f,MEX,Emissions|CH4|AFOLU|Agriculture,Mt CO2e/yr,,,,71.72225129976843,,,73.1008147224782,,,,,72.58179891109448,,73.3600573465228,,,,,73.81603370606892,73.95378054305893,69.72970736399276,65.53648122772549,63.01594692654884,60.999173633754154,,60.8818788044152,,60.53494052309536,,60.09779041167327,,59.55083804111904,,58.876281091012,,,,Mexico,CH4
IMAGE 3.0,EN_INDCi2030_1400f,MEX,Emissions|CH4|AFOLU|Agriculture|Livestock,Mt CO2e/yr,,,,71.46234738826736,,,72.84987914562204,,,,,72.3306449651716,,73.10548579692819,,,,,73.56269335746744,73.70360779762261,69.48223698139192,65.31625711917852,62.82995563745487,60.79838711023308,,60.685152709483965,,60.42739856243132,,60.02232295274712,,59.4838030338286,,58.818307578563676,,,,Mexico,CH4
IMAGE 3.0,EN_INDCi2030_1400f,MEX,Emissions|CH4|AFOLU|Agriculture|Livestock|Manure Management,Mt CO2e/yr,,,,6.722868323326092,,,6.816578745841956,,,,,7.208133101463309,,7.566649317741388,,,,,7.8625247478485125,8.143829584121699,7.887863278388968,6.99600374698638,6.329476892948132,6.2012563347816485,,6.267218291759487,,6.30969464778898,,6.330162823200216,,6.329879522323588,,6.309852778911584,,,,Mexico,CH4
IMAGE 3.0,EN_INDCi2030_1400f,MEX,Emissions|CH4|Energy|Demand|Industry,Mt CO2e/yr,,,,0.0992106618359668,,,0.0859337365254732,,,,,0.08502051886170921,,0.0897950213402508,,,,,0.09952932968735681,0.1160290893167252,0.12286133691668479,0.12849012948572358,0.1295159347355356,0.1373386532068236,,0.1354708336293676,,0.1271025836467716,,0.1385756433010096,,0.1378249898552884,,0.1299153566360468,,,,Mexico,CH4
IMAGE 3.0,EN_INDCi2030_1400f,MEX,Emissions|CH4|Energy|Demand|Residential and Commercial,Mt CO2e/yr,,,,2.4626957153668605,,,2.3068090160377306,,,,,2.303872458636759,,2.1365641423035395,,,,,1.8944072287995346,1.6266042306087896,1.4067393413279192,1.2463130846153931,1.1382501830812533,1.058773714583365,,0.7699531305115664,,0.5944856824353327,,0.6941049811430252,,0.8628061385825252,,0.7874899688176807,,,,Mexico,CH4
IMAGE 3.0,EN_INDCi2030_1400f,MEX,Emissions|CH4|Energy|Demand|Transportation,Mt CO2e/yr,,,,0.1960162650793788,,,0.1897556129842996,,,,,0.2082237321883432,,0.21035151369869562,,,,,0.22540918737649762,0.2517326734960072,0.2735060565173608,0.2851189672946916,0.282980050891636,0.29715896770357836,,0.3251698724925504,,0.2587040290236472,,0.12090613320469598,,0.049851031973957204,,0.029432116076347603,,,,Mexico,CH4
IMAGE 3.0,EN_INDCi2030_1400f,MEX,Emissions|CH4|Energy|Supply,Mt CO2e/yr,,,,51.4511775970458,,,56.35330581665036,,,,,55.79378032684316,,11.576036810874928,,,,,10.911667466163632,8.266359090805032,5.839811563491808,3.079330742359144,2.5465143918991084,2.439340502023695,,2.4687858521938306,,1.975968331098555,,1.6081928908824912,,1.7160496860742562,,1.7602426409721355,,,,Mexico,CH4
IMAGE 3.0,EN_INDCi2030_1400f,MEX,Emissions|CO2|AFOLU,Mt CO2/yr,,,,210.377971699649,,,90.2789191153326,,,,,79.4822788520329,,71.3931738929533,,,,,118.779602034803,71.4678476862387,26.2684377787921,27.4606238260683,4.07089996382659,-10.8856982561411,,39.3462474105637,,-41.6929998162541,,-51.8980814424026,,-34.4785361892533,,-13.1067592313321,,,,Mexico,CO2
IMAGE 3.0,EN_INDCi2030_1400f,MEX,Emissions|CO2|Energy and Industrial Processes,Mt CO2/yr,,,,447.277065515518,,,423.907144546508,,,,,469.601862668991,,455.807339869003,,,,,471.42532253291,501.457660675048,509.34461402893,438.972351074218,381.563063621521,321.130392074584,,233.34566116333,,175.542428970336,,91.2217416763305,,26.8086576461792,,2.67148828506469,,,,Mexico,CO2
IMAGE 3.0,EN_INDCi2030_1400f,MEX,Emissions|CO2|Energy|Demand,Mt CO2/yr,,,,205.137474578805,,,197.13827172139,,,,,210.503135730202,,216.927315263698,,,,,232.839828977982,255.705532346231,261.114610747123,256.325723215316,243.249760164568,248.42699461927,,249.059337656945,,203.811281515906,,122.051971033215,,68.8194582083572,,45.7979045798614,,,,Mexico,CO2
IMAGE 3.0,EN_INDCi2030_1400f,MEX,Emissions|CO2|Energy|Demand|Industry,Mt CO2/yr,,,,61.3189877088492,,,56.997675448656,,,,,57.1583441148201,,61.8745303557564,,,,,69.2253164791812,77.6662804807225,74.6229359259208,67.8838338547696,58.45668950739,53.2792202817897,,34.1200307787706,,27.7753263168657,,22.8800875678037,,14.0729309059679,,4.76720457178695,,,,Mexico,CO2
IMAGE 3.0,EN_INDCi2030_1400f,MEX,Emissions|CO2|Energy|Demand|Residential and Commercial,Mt CO2/yr,,,,36.6415357589721,,,36.3144965171814,,,,,39.0173730850219,,40.6282687187194,,,,,41.3950490951538,41.8999938964843,39.9090824127197,36.1777992248535,32.9248876571655,32.2798929214477,,33.9957313537597,,33.2529201507568,,30.0435705184936,,24.0370798110961,,21.1719722747802,,,,Mexico,CO2
IMAGE 3.0,EN_INDCi2030_1400f,MEX,Emissions|CO2|Energy|Demand|Residential and Commercial|Commercial,Mt CO2/yr,,,,5.87913608551025,,,5.72872686386108,,,,,6.12926197052002,,7.24237012863159,,,,,8.28840923309326,9.25688552856445,9.25396156311035,8.62504959106445,8.1749677658081,8.5466833114624,,10.3661804199218,,11.2058696746826,,11.6965398788452,,12.194049835205,,13.0307998657226,,,,Mexico,CO2
IMAGE 3.0,EN_INDCi2030_1400f,MEX,Emissions|CO2|Energy|Demand|Residential and Commercial|Residential,Mt CO2/yr,,,,30.7623996734619,,,30.5857696533203,,,,,32.8881111145019,,33.3858985900878,,,,,33.1066398620605,32.6431083679199,30.6551208496093,27.552749633789,24.7499198913574,23.7332096099853,,23.6295509338378,,22.0470504760742,,18.3470306396484,,11.8430299758911,,8.14117240905761,,,,Mexico,CO2
IMAGE 3.0,EN_INDCi2030_1400f,MEX,Emissions|CO2|Energy|Demand|Transportation,Mt CO2/yr,,,,104.439498901367,,,100.964698791503,,,,,110.365798950195,,109.742500305175,,,,,116.48159790039,129.437805175781,139.347702026367,144.758499145507,144.367492675781,153.330093383789,,171.014694213867,,137.052307128906,,64.0911483764648,,25.9218101501464,,15.0449495315551,,,,Mexico,CO2
IMAGE 3.0,EN_INDCi2030_1400f,MEX,Emissions|CO2|Energy|Supply,Mt CO2/yr,,,,230.717553377151,,,216.32680940628,,,,,247.876077413559,,226.005990705947,,,,,223.556617737073,228.116664886474,229.778930664062,166.358440399169,125.01951599121,63.3055391311645,,-19.7552833557128,,-34.3001174926757,,-32.0829772949218,,-39.5135116577148,,-39.0904903411865,,,,Mexico,CO2
IMAGE 3.0,EN_INDCi2030_1400f,MEX,Emissions|CO2|Energy|Supply|Electricity,Mt CO2/yr,,,,125.516998271147,,,125.115357339382,,,,,159.058277805646,,160.279209415117,,,,,167.354845752318,170.298814773559,171.605718632539,108.075367907683,67.2784963001807,1.53827772980245,,-85.1420927792787,,-93.7591989835103,,-82.2074736158053,,-88.2651023566723,,-92.0467134565115,,,,Mexico,CO2
IMAGE 3.0,EN_INDCi2030_1400f,MEX,Emissions|CO2|Energy|Supply|Gases,Mt CO2/yr,,,,0.0,,,0.0,,,,,0.0,,0.0,,,,,0.0,0.0,0.0,0.0,0.0,0.0,,0.0,,0.0,,0.0,,0.0,,0.0,,,,Mexico,CO2
IMAGE 3.0,EN_INDCi2030_1400f,MEX,Emissions|CO2|Energy|Supply|Heat,Mt CO2/yr,,,,0.0,,,0.0,,,,,1.5419965073334e-08,,3.46586656943537e-08,,,,,4.31472811761775e-08,3.58010389274003e-08,1.92229945792284e-08,7.469355862987911e-09,2.3288011420883603e-09,1.03776275767186e-09,,4.4891915547500895e-11,,-0.0065560511378256,,-0.0046392242817698,,-0.0043734241899073,,-0.0010932742403232,,,,Mexico,CO2
IMAGE 3.0,EN_INDCi2030_1400f,MEX,Emissions|CO2|Energy|Supply|Liquids,Mt CO2/yr,,,,76.170725612125,,,50.2324041056757,,,,,46.3211158057674,,40.432474438905,,,,,39.5920785767425,40.1336088155706,40.1554638519883,40.0250780706604,39.6026782691478,40.9634138147036,,42.2453892727692,,36.4123893280824,,26.452282598863,,22.0509702339768,,20.9064868589242,,,,Mexico,CO2
IMAGE 3.0,EN_INDCi2030_1400f,MEX,Emissions|CO2|Energy|Supply|Solids,Mt CO2/yr,,,,0.391465800930745,,,0.131916100751065,,,,,0.166830882032324,,0.372294275924408,,,,,0.65084394494382,0.883775200539578,0.901046335153902,0.724041989694039,0.662971089089599,0.588806161734585,,0.435571409373854,,0.381259989808313,,0.378129399905446,,0.500014527157569,,0.745107022036487,,,,Mexico,CO2
IMAGE 3.0,EN_INDCi2030_1400f,MEX,Emissions|CO2|Industrial Processes,Mt CO2/yr,,,,14.1594717279076,,,13.3034509296218,,,,,15.1842868266006,,17.5560705053309,,,,,20.7667273158828,24.3369250868757,25.6859784324963,23.7938001131018,20.7944985789557,18.9356423603991,,13.9704879838973,,11.7619921608517,,6.2899097877865,,2.29034336128582,,0.777853240530627,,,,Mexico,CO2
IMAGE 3.0,EN_INDCi2030_1400f,MEX,Emissions|N2O|AFOLU,Mt CO2e/yr,,,,37.29939070129955,,,35.34015985184904,,,,,36.04232745234194,,37.03564990599829,,,,,39.46793416724968,39.036448150471315,38.163137088249535,38.60737366643184,38.872538175746186,39.706864490054585,,42.92994682850846,,41.6034194355638,,42.706354670977454,,45.24990322673594,,46.03955702886922,,,,Mexico,N2O
IMAGE 3.0,EN_INDCi2030_1400f,MEX,Emissions|N2O|AFOLU|Agriculture,Mt CO2e/yr,,,,26.707433322087418,,,28.3000508900382,,,,,28.962221876735512,,30.449561668520904,,,,,31.35325774859487,32.28360671787151,32.67627630434567,33.064144500244765,33.61039835485387,34.62301287065357,,36.8175482661168,,38.0032943166988,,39.32532032170233,,41.85905771259385,,43.130613306183044,,,,Mexico,N2O
IMAGE 3.0,EN_INDCi2030_1400f,MEX,Emissions|N2O|AFOLU|Agriculture|Livestock|Manure Management,Mt CO2e/yr,,,,3.3512502606200165,,,3.4430171057970598,,,,,3.625773695938485,,3.855175976055713,,,,,4.020326951353522,4.203631307248956,4.304328612042132,4.393704425742231,4.503666503057931,4.638371331283544,,4.8362661931512205,,5.024012206149054,,5.212139977117683,,5.399058747961133,,5.579602500299045,,,,Mexico,N2O
IMAGE 3.0,EN_INDCi2030_1400f,MEX,Emissions|N2O|AFOLU|Agriculture|Managed Soils,Mt CO2e/yr,,,,10.792421566114815,,,12.288955686987661,,,,,12.872164302487418,,14.135140779647678,,,,,14.97364214725339,15.74687883340632,16.181477171495946,16.643689585850638,17.179779409169285,18.088452676267345,,20.176456222628733,,21.2871321952122,,22.530987911882843,,24.988662973681787,,26.204792344082353,,,,Mexico,N2O
IMAGE 3.0,EN_INDCi2030_3000,MEX,Carbon Sequestration|CCS|Biomass,Mt CO2/yr,,,,0.0,,,0.0,,,,,0.0,,0.0,,,,,0.0,0.0,0.0,0.0,0.0,0.0,,0.676898765959776,,3.71583053492941,,20.8001087497298,,23.8543765541786,,22.3650249730174,,,,Mexico,
IMAGE 3.0,EN_INDCi2030_3000,MEX,Carbon Sequestration|CCS|Biomass|Energy|Demand|Industry,Mt CO2/yr,,,,0.0,,,0.0,,,,,0.0,,0.0,,,,,0.0,0.0,0.0,0.0,0.0,0.0,,0.471255412170042,,3.0226981616579,,15.8509081229567,,17.5350965000689,,16.1129841580987,,,,Mexico,
IMAGE 3.0,EN_INDCi2030_3000,MEX,Carbon Sequestration|CCS|Biomass|Energy|Supply,Mt CO2/yr,,,,0.0,,,0.0,,,,,0.0,,0.0,,,,,0.0,0.0,0.0,0.0,0.0,0.0,,0.205643353789734,,0.69313237327151,,4.94920062677313,,6.31928005410979,,6.25204081491877,,,,Mexico,
IMAGE 3.0,EN_INDCi2030_3000,MEX,Carbon Sequestration|CCS|Biomass|Energy|Supply|Electricity,Mt CO2/yr,,,,0.0,,,0.0,,,,,0.0,,0.0,,,,,0.0,0.0,0.0,0.0,0.0,0.0,,0.205643353789734,,0.69313237327151,,4.94920062677313,,6.31928005410979,,6.25204081491877,,,,Mexico,
IMAGE 3.0,EN_INDCi2030_3000,MEX,Carbon Sequestration|CCS|Biomass|Energy|Supply|Hydrogen,Mt CO2/yr,,,,0.0,,,0.0,,,,,0.0,,0.0,,,,,0.0,0.0,0.0,0.0,0.0,0.0,,0.0,,0.0,,0.0,,0.0,,0.0,,,,Mexico,
IMAGE 3.0,EN_INDCi2030_3000,MEX,Carbon Sequestration|CCS|Biomass|Energy|Supply|Other,Mt CO2/yr,,,,0.0,,,0.0,,,,,0.0,,0.0,,,,,0.0,0.0,0.0,0.0,0.0,0.0,,0.0,,0.0,,0.0,,0.0,,0.0,,,,Mexico,
IMAGE 3.0,EN_INDCi2030_3000,MEX,Carbon Sequestration|Land Use,Mt CO2/yr,,,,-35.0094701505738,,,-32.7747243796778,,,,,-16.3144397874603,,-20.2639265935663,,,,,-17.299287488394,-13.8495954852724,-9.4170585904139,-7.26355720998317,13.0827842136941,28.652038117371,,59.6429066165865,,63.0650023676665,,80.8788308326417,,82.3420255209359,,59.1070142938782,,,,Mexico,
IMAGE 3.0,EN_INDCi2030_3000,MEX,Emissions|CH4|AFOLU,Mt CO2e/yr,,,,96.74023696407671,,,85.51367559283948,,,,,85.49512507021416,,84.9622365906832,,,,,90.822404772043,86.28939008340225,81.46420840546463,81.02919855341304,79.55087029933904,78.64842490106813,,78.41334499418728,,77.5648260116576,,66.83537428453563,,65.87271133437737,,64.99710225313899,,,,Mexico,CH4
IMAGE 3.0,EN_INDCi2030_3000,MEX,Emissions|CH4|AFOLU|Agriculture,Mt CO2e/yr,,,,71.72225129976843,,,73.1008147224782,,,,,72.58179891109448,,73.3600573465228,,,,,73.81603370606892,73.95378054305893,73.39436655864095,72.66150109097347,71.81788472086173,70.88183833658677,,71.32515857368692,,70.7951083183288,,60.27575105056148,,59.683088902383794,,59.074477806687284,,,,Mexico,CH4
IMAGE 3.0,EN_INDCi2030_3000,MEX,Emissions|CH4|AFOLU|Agriculture|Livestock,Mt CO2e/yr,,,,71.46234738826736,,,72.84987914562204,,,,,72.3306449651716,,73.10548579692819,,,,,73.56269335746744,73.70360779762261,73.13110470771784,72.39634323120109,71.55099177360512,70.61703348159767,,71.07719588279716,,70.5438300371168,,60.02232295274712,,59.4838030338286,,58.818307578563676,,,,Mexico,CH4
IMAGE 3.0,EN_INDCi2030_3000,MEX,Emissions|CH4|AFOLU|Agriculture|Livestock|Manure Management,Mt CO2e/yr,,,,6.722868323326092,,,6.816578745841956,,,,,7.208133101463309,,7.566649317741388,,,,,7.8625247478485125,8.143829584121699,8.335890054702755,8.51869297027588,8.692844152450554,8.858937740325905,,9.110917806625348,,8.481027722358688,,6.330162823200216,,6.329879522323588,,6.309852778911584,,,,Mexico,CH4
IMAGE 3.0,EN_INDCi2030_3000,MEX,Emissions|CH4|Energy|Demand|Industry,Mt CO2e/yr,,,,0.0992106618359668,,,0.0859337365254732,,,,,0.08502051886170921,,0.0897950213402508,,,,,0.09952932968735681,0.1160290893167252,0.1339315325021716,0.1588024757802476,0.173937767744062,0.1813764367252572,,0.1783046144992112,,0.1626652143895604,,0.144080322235822,,0.1299994029104708,,0.1227200776338572,,,,Mexico,CH4
IMAGE 3.0,EN_INDCi2030_3000,MEX,Emissions|CH4|Energy|Demand|Residential and Commercial,Mt CO2e/yr,,,,2.4626957153668605,,,2.3068090160377306,,,,,2.303872458636759,,2.1365641423035395,,,,,1.8944072287995346,1.6266042306087896,1.4135552549269033,1.268155355006456,1.1477845506742579,0.9925034684129039,,0.7640579985454667,,0.5948671731166528,,0.4738083458505572,,0.5028565819375196,,0.46059915237128524,,,,Mexico,CH4
IMAGE 3.0,EN_INDCi2030_3000,MEX,Emissions|CH4|Energy|Demand|Transportation,Mt CO2e/yr,,,,0.1960162650793788,,,0.1897556129842996,,,,,0.2082237321883432,,0.21035151369869562,,,,,0.22540918737649762,0.2517326734960072,0.2875975109636776,0.3299805633723732,0.3598596528172492,0.38680797070264716,,0.42982771992683316,,0.4353882297873472,,0.37070235237479077,,0.2994524426758284,,0.2534441873431188,,,,Mexico,CH4
IMAGE 3.0,EN_INDCi2030_3000,MEX,Emissions|CH4|Energy|Supply,Mt CO2e/yr,,,,51.4511775970458,,,56.35330581665036,,,,,55.79378032684316,,11.576036810874928,,,,,10.911667466163632,8.266359090805032,8.579939365386956,10.965825080871555,9.681288003921491,9.27158653736112,,8.361060023307795,,4.537982285022732,,1.3980966061353675,,0.6526245623826964,,0.5584619641304005,,,,Mexico,CH4
IMAGE 3.0,EN_INDCi2030_3000,MEX,Emissions|CO2|AFOLU,Mt CO2/yr,,,,210.377971699649,,,90.2789191153326,,,,,79.4822788520329,,71.3931738929533,,,,,118.779602034803,71.4678476862387,26.2271112708624,27.4284303329674,2.31608599057366,-12.7924980005858,,-46.2584501213227,,-49.6476770928249,,-67.3507692469976,,-68.6714483953111,,-45.7950702056321,,,,Mexico,CO2
IMAGE 3.0,EN_INDCi2030_3000,MEX,Emissions|CO2|Energy and Industrial Processes,Mt CO2/yr,,,,447.277065515518,,,423.907144546508,,,,,469.601862668991,,455.807339869003,,,,,471.42532253291,501.457660675048,544.911229133606,595.520832061767,643.110527992248,680.837888717651,,729.533654212951,,696.82981300354,,523.378643035888,,399.152341842651,,344.312520980835,,,,Mexico,CO2
IMAGE 3.0,EN_INDCi2030_3000,MEX,Emissions|CO2|Energy|Demand,Mt CO2/yr,,,,205.137474578805,,,197.13827172139,,,,,210.503135730202,,216.927315263698,,,,,232.839828977982,255.705532346231,279.864774706463,311.68417702429,332.866484687353,349.891512809942,,365.308782008166,,342.60854901125,,265.001534523131,,212.420050792085,,184.542694963359,,,,Mexico,CO2
IMAGE 3.0,EN_INDCi2030_3000,MEX,Emissions|CO2|Energy|Demand|Industry,Mt CO2/yr,,,,61.3189877088492,,,56.997675448656,,,,,57.1583441148201,,61.8745303557564,,,,,69.2253164791812,77.6662804807225,84.0331494497755,93.2980372260014,98.3783087382714,99.8563341175516,,86.9143450011809,,61.4879548860092,,22.2707426873967,,9.4994396980231,,6.63910439470782,,,,Mexico,CO2
IMAGE 3.0,EN_INDCi2030_3000,MEX,Emissions|CO2|Energy|Demand|Residential and Commercial,Mt CO2/yr,,,,36.6415357589721,,,36.3144965171814,,,,,39.0173730850219,,40.6282687187194,,,,,41.3950490951538,41.8999938964843,41.5507593154907,41.6783905029296,40.6796197891235,39.2149410247802,,40.5943689346313,,42.1329593658447,,40.291259765625,,38.3237400054931,,38.2878398895263,,,,Mexico,CO2
IMAGE 3.0,EN_INDCi2030_3000,MEX,Emissions|CO2|Energy|Demand|Residential and Commercial|Commercial,Mt CO2/yr,,,,5.87913608551025,,,5.72872686386108,,,,,6.12926197052002,,7.24237012863159,,,,,8.28840923309326,9.25688552856445,10.055640220642,11.3645896911621,12.3716096878051,13.0400104522705,,14.7953596115112,,16.3498401641845,,16.469669342041,,16.4167900085449,,17.4116191864013,,,,Mexico,CO2
IMAGE 3.0,EN_INDCi2030_3000,MEX,Emissions|CO2|Energy|Demand|Residential and Commercial|Residential,Mt CO2/yr,,,,30.7623996734619,,,30.5857696533203,,,,,32.8881111145019,,33.3858985900878,,,,,33.1066398620605,32.6431083679199,31.4951190948486,30.3138008117675,28.3080101013183,26.1749305725097,,25.7990093231201,,25.7831192016601,,23.8215904235839,,21.9069499969482,,20.876220703125,,,,Mexico,CO2
IMAGE 3.0,EN_INDCi2030_3000,MEX,Emissions|CO2|Energy|Demand|Transportation,Mt CO2/yr,,,,104.439498901367,,,100.964698791503,,,,,110.365798950195,,109.742500305175,,,,,116.48159790039,129.437805175781,146.506393432617,167.393005371093,182.866104125976,198.17219543457,,224.96240234375,,226.372406005859,,191.059997558593,,154.56640625,,130.1748046875,,,,Mexico,CO2
IMAGE 3.0,EN_INDCi2030_3000,MEX,Emissions|CO2|Energy|Supply,Mt CO2/yr,,,,230.717553377151,,,216.32680940628,,,,,247.876077413559,,226.005990705947,,,,,223.556617737073,228.116664886474,244.473773956298,259.940532684326,282.895904541015,300.564247131347,,332.690475463867,,329.251670837402,,243.775135040283,,178.650875091552,,152.336727142334,,,,Mexico,CO2
IMAGE 3.0,EN_INDCi2030_3000,MEX,Emissions|CO2|Energy|Supply|Electricity,Mt CO2/yr,,,,125.516998271147,,,125.115357339382,,,,,159.058277805646,,160.279209415117,,,,,167.354845752318,170.298814773559,183.351229876279,195.238566646973,215.932745486497,231.309716900189,,261.324385801951,,258.93784314394,,175.508632014195,,112.231348951657,,82.0924478272596,,,,Mexico,CO2
IMAGE 3.0,EN_INDCi2030_3000,MEX,Emissions|CO2|Energy|Supply|Gases,Mt CO2/yr,,,,0.0,,,0.0,,,,,0.0,,0.0,,,,,0.0,0.0,0.0,0.0,0.0,0.0,,0.0,,0.0,,0.0,,0.0,,0.0,,,,Mexico,CO2
IMAGE 3.0,EN_INDCi2030_3000,MEX,Emissions|CO2|Energy|Supply|Heat,Mt CO2/yr,,,,0.0,,,0.0,,,,,1.5419965073334e-08,,3.46586656943537e-08,,,,,4.31472811761775e-08,3.58010389274003e-08,2.00937186449941e-08,8.28207236588014e-09,2.6838060672845304e-09,1.15387210058761e-09,,4.9221662806106e-11,,0.0,,0.0,,0.0,,1.51125630745129e-10,,,,Mexico,CO2
IMAGE 3.0,EN_INDCi2030_3000,MEX,Emissions|CO2|Energy|Supply|Liquids,Mt CO2/yr,,,,76.170725612125,,,50.2324041056757,,,,,46.3211158057674,,40.432474438905,,,,,39.5920785767425,40.1336088155706,41.2020025153954,43.2651623462637,44.9548742423455,47.0329569652676,,49.1315356145302,,46.7006477216879,,40.7445492843786,,35.8129944652318,,31.7684399584929,,,,Mexico,CO2
IMAGE 3.0,EN_INDCi2030_3000,MEX,Emissions|CO2|Energy|Supply|Solids,Mt CO2/yr,,,,0.391465800930745,,,0.131916100751065,,,,,0.166830882032324,,0.372294275924408,,,,,0.65084394494382,0.883775200539578,1.02214895499249,1.14623369881883,1.23114862556879,1.20818248251453,,1.05489554698579,,0.982717261649668,,0.864354684987726,,0.734410219592973,,0.704396734363399,,,,Mexico,CO2
IMAGE 3.0,EN_INDCi2030_3000,MEX,Emissions|CO2|Industrial Processes,Mt CO2/yr,,,,14.1594717279076,,,13.3034509296218,,,,,15.1842868266006,,17.5560705053309,,,,,20.7667273158828,24.3369250868757,28.3471279156704,33.2109065105517,38.2906316469112,43.030166067183,,44.3720209101835,,37.5848369052012,,25.9815131624539,,18.1118816447754,,16.8740448231498,,,,Mexico,CO2
IMAGE 3.0,EN_INDCi2030_3000,MEX,Emissions|N2O|AFOLU,Mt CO2e/yr,,,,37.29939070129955,,,35.34015985184904,,,,,36.04232745234194,,37.03564990599829,,,,,39.46793416724968,39.036448150471315,38.60198508075737,39.297486524846825,39.59979879657957,40.13134359498319,,40.12650932997279,,40.62993641026729,,40.995535815711754,,41.25497467962561,,41.767181681341114,,,,Mexico,N2O
IMAGE 3.0,EN_INDCi2030_3000,MEX,Emissions|N2O|AFOLU|Agriculture,Mt CO2e/yr,,,,26.707433322087418,,,28.3000508900382,,,,,28.962221876735512,,30.449561668520904,,,,,31.35325774859487,32.28360671787151,33.117136541918796,33.766173436294025,34.33999437158336,34.914676359878406,,35.28169499702566,,36.033775379599724,,36.60030036271272,,37.121371975288966,,37.81526423262069,,,,Mexico,N2O
IMAGE 3.0,EN_INDCi2030_3000,MEX,Emissions|N2O|AFOLU|Agriculture|Livestock|Manure Management,Mt CO2e/yr,,,,3.3512502606200165,,,3.4430171057970598,,,,,3.625773695938485,,3.855175976055713,,,,,4.020326951353522,4.203631307248956,4.400519135139282,4.55363944048669,4.673936551093392,4.789740064737728,,4.9404072105449055,,5.152199580791609,,5.293130599847017,,5.455916713366556,,5.674113468116511,,,,Mexico,N2O
IMAGE 3.0,EN_INDCi2030_3000,MEX,Emissions|N2O|AFOLU|Agriculture|Managed Soils,Mt CO2e/yr,,,,10.792421566114815,,,12.288955686987661,,,,,12.872164302487418,,14.135140779647678,,,,,14.97364214725339,15.74687883340632,16.253722320418127,16.747998408945776,17.288184289529298,17.840527343587578,,18.282264266066456,,18.891101706510362,,19.545003318136054,,20.07331354927435,,20.602742035609378,,,,Mexico,N2O
IMAGE 3.0,EN_INDCi2030_3000f,MEX,Carbon Sequestration|CCS|Biomass,Mt CO2/yr,,,,0.0,,,0.0,,,,,0.0,,0.0,,,,,0.0,0.0,0.0,0.0,0.0,0.0,,0.676898765959776,,3.71583053492941,,20.8001087497298,,23.8543765541786,,22.3650249730174,,,,Mexico,
IMAGE 3.0,EN_INDCi2030_3000f,MEX,Carbon Sequestration|CCS|Biomass|Energy|Demand|Industry,Mt CO2/yr,,,,0.0,,,0.0,,,,,0.0,,0.0,,,,,0.0,0.0,0.0,0.0,0.0,0.0,,0.471255412170042,,3.0226981616579,,15.8509081229567,,17.5350965000689,,16.1129841580987,,,,Mexico,
IMAGE 3.0,EN_INDCi2030_3000f,MEX,Carbon Sequestration|CCS|Biomass|Energy|Supply,Mt CO2/yr,,,,0.0,,,0.0,,,,,0.0,,0.0,,,,,0.0,0.0,0.0,0.0,0.0,0.0,,0.205643353789734,,0.69313237327151,,4.94920062677313,,6.31928005410979,,6.25204081491877,,,,Mexico,
IMAGE 3.0,EN_INDCi2030_3000f,MEX,Carbon Sequestration|CCS|Biomass|Energy|Supply|Electricity,Mt CO2/yr,,,,0.0,,,0.0,,,,,0.0,,0.0,,,,,0.0,0.0,0.0,0.0,0.0,0.0,,0.205643353789734,,0.69313237327151,,4.94920062677313,,6.31928005410979,,6.25204081491877,,,,Mexico,
IMAGE 3.0,EN_INDCi2030_3000f,MEX,Carbon Sequestration|CCS|Biomass|Energy|Supply|Hydrogen,Mt CO2/yr,,,,0.0,,,0.0,,,,,0.0,,0.0,,,,,0.0,0.0,0.0,0.0,0.0,0.0,,0.0,,0.0,,0.0,,0.0,,0.0,,,,Mexico,
IMAGE 3.0,EN_INDCi2030_3000f,MEX,Carbon Sequestration|CCS|Biomass|Energy|Supply|Other,Mt CO2/yr,,,,0.0,,,0.0,,,,,0.0,,0.0,,,,,0.0,0.0,0.0,0.0,0.0,0.0,,0.0,,0.0,,0.0,,0.0,,0.0,,,,Mexico,
IMAGE 3.0,EN_INDCi2030_3000f,MEX,Carbon Sequestration|Land Use,Mt CO2/yr,,,,-35.0094701505738,,,-32.7747243796778,,,,,-16.3144397874603,,-20.2639265935663,,,,,-17.299287488394,-13.8495954852724,-9.4170585904139,-7.26355720998317,13.0827842136941,28.652038117371,,59.6429066165865,,63.0650023676665,,80.8788308326417,,82.3420255209359,,59.1070142938782,,,,Mexico,
IMAGE 3.0,EN_INDCi2030_3000f,MEX,Emissions|CH4|AFOLU,Mt CO2e/yr,,,,96.74023696407671,,,85.51367559283948,,,,,85.49512507021416,,84.9622365906832,,,,,90.822404772043,86.28939008340225,81.46420840546463,81.02919855341304,79.55087029933904,78.64842490106813,,78.41334499418728,,77.5648260116576,,66.83537428453563,,65.87271133437737,,64.99710225313899,,,,Mexico,CH4
IMAGE 3.0,EN_INDCi2030_3000f,MEX,Emissions|CH4|AFOLU|Agriculture,Mt CO2e/yr,,,,71.72225129976843,,,73.1008147224782,,,,,72.58179891109448,,73.3600573465228,,,,,73.81603370606892,73.95378054305893,73.39436655864095,72.66150109097347,71.81788472086173,70.88183833658677,,71.32515857368692,,70.7951083183288,,60.27575105056148,,59.683088902383794,,59.074477806687284,,,,Mexico,CH4
IMAGE 3.0,EN_INDCi2030_3000f,MEX,Emissions|CH4|AFOLU|Agriculture|Livestock,Mt CO2e/yr,,,,71.46234738826736,,,72.84987914562204,,,,,72.3306449651716,,73.10548579692819,,,,,73.56269335746744,73.70360779762261,73.13110470771784,72.39634323120109,71.55099177360512,70.61703348159767,,71.07719588279716,,70.5438300371168,,60.02232295274712,,59.4838030338286,,58.818307578563676,,,,Mexico,CH4
IMAGE 3.0,EN_INDCi2030_3000f,MEX,Emissions|CH4|AFOLU|Agriculture|Livestock|Manure Management,Mt CO2e/yr,,,,6.722868323326092,,,6.816578745841956,,,,,7.208133101463309,,7.566649317741388,,,,,7.8625247478485125,8.143829584121699,8.335890054702755,8.51869297027588,8.692844152450554,8.858937740325905,,9.110917806625348,,8.481027722358688,,6.330162823200216,,6.329879522323588,,6.309852778911584,,,,Mexico,CH4
IMAGE 3.0,EN_INDCi2030_3000f,MEX,Emissions|CH4|Energy|Demand|Industry,Mt CO2e/yr,,,,0.0992106618359668,,,0.0859337365254732,,,,,0.08502051886170921,,0.0897950213402508,,,,,0.09952932968735681,0.1160290893167252,0.1339315325021716,0.1588024757802476,0.173937767744062,0.1813764367252572,,0.1783046144992112,,0.1626652143895604,,0.144080322235822,,0.1299994029104708,,0.1227200776338572,,,,Mexico,CH4
IMAGE 3.0,EN_INDCi2030_3000f,MEX,Emissions|CH4|Energy|Demand|Residential and Commercial,Mt CO2e/yr,,,,2.4626957153668605,,,2.3068090160377306,,,,,2.303872458636759,,2.1365641423035395,,,,,1.8944072287995346,1.6266042306087896,1.4135552549269033,1.268155355006456,1.1477845506742579,0.9925034684129039,,0.7640579985454667,,0.5948671731166528,,0.4738083458505572,,0.5028565819375196,,0.46059915237128524,,,,Mexico,CH4
IMAGE 3.0,EN_INDCi2030_3000f,MEX,Emissions|CH4|Energy|Demand|Transportation,Mt CO2e/yr,,,,0.1960162650793788,,,0.1897556129842996,,,,,0.2082237321883432,,0.21035151369869562,,,,,0.22540918737649762,0.2517326734960072,0.2875975109636776,0.3299805633723732,0.3598596528172492,0.38680797070264716,,0.42982771992683316,,0.4353882297873472,,0.37070235237479077,,0.2994524426758284,,0.2534441873431188,,,,Mexico,CH4
IMAGE 3.0,EN_INDCi2030_3000f,MEX,Emissions|CH4|Energy|Supply,Mt CO2e/yr,,,,51.4511775970458,,,56.35330581665036,,,,,55.79378032684316,,11.576036810874928,,,,,10.911667466163632,8.266359090805032,8.579939365386956,10.965825080871555,9.681288003921491,9.27158653736112,,8.361060023307795,,4.537982285022732,,1.3980966061353675,,0.6526245623826964,,0.5584619641304005,,,,Mexico,CH4
IMAGE 3.0,EN_INDCi2030_3000f,MEX,Emissions|CO2|AFOLU,Mt CO2/yr,,,,210.377971699649,,,90.2789191153326,,,,,79.4822788520329,,71.3931738929533,,,,,118.779602034803,71.4678476862387,26.2271112708624,27.4284303329674,2.31608599057366,-12.7924980005858,,-46.2584501213227,,-49.6476770928249,,-67.3507692469976,,-68.6714483953111,,-45.7950702056321,,,,Mexico,CO2
IMAGE 3.0,EN_INDCi2030_3000f,MEX,Emissions|CO2|Energy and Industrial Processes,Mt CO2/yr,,,,447.277065515518,,,423.907144546508,,,,,469.601862668991,,455.807339869003,,,,,471.42532253291,501.457660675048,544.911229133606,595.520832061767,643.110527992248,680.837888717651,,729.533654212951,,696.82981300354,,523.378643035888,,399.152341842651,,344.312520980835,,,,Mexico,CO2
IMAGE 3.0,EN_INDCi2030_3000f,MEX,Emissions|CO2|Energy|Demand,Mt CO2/yr,,,,205.137474578805,,,197.13827172139,,,,,210.503135730202,,216.927315263698,,,,,232.839828977982,255.705532346231,279.864774706463,311.68417702429,332.866484687353,349.891512809942,,365.308782008166,,342.60854901125,,265.001534523131,,212.420050792085,,184.542694963359,,,,Mexico,CO2
IMAGE 3.0,EN_INDCi2030_3000f,MEX,Emissions|CO2|Energy|Demand|Industry,Mt CO2/yr,,,,61.3189877088492,,,56.997675448656,,,,,57.1583441148201,,61.8745303557564,,,,,69.2253164791812,77.6662804807225,84.0331494497755,93.2980372260014,98.3783087382714,99.8563341175516,,86.9143450011809,,61.4879548860092,,22.2707426873967,,9.4994396980231,,6.63910439470782,,,,Mexico,CO2
IMAGE 3.0,EN_INDCi2030_3000f,MEX,Emissions|CO2|Energy|Demand|Residential and Commercial,Mt CO2/yr,,,,36.6415357589721,,,36.3144965171814,,,,,39.0173730850219,,40.6282687187194,,,,,41.3950490951538,41.8999938964843,41.5507593154907,41.6783905029296,40.6796197891235,39.2149410247802,,40.5943689346313,,42.1329593658447,,40.291259765625,,38.3237400054931,,38.2878398895263,,,,Mexico,CO2
IMAGE 3.0,EN_INDCi2030_3000f,MEX,Emissions|CO2|Energy|Demand|Residential and Commercial|Commercial,Mt CO2/yr,,,,5.87913608551025,,,5.72872686386108,,,,,6.12926197052002,,7.24237012863159,,,,,8.28840923309326,9.25688552856445,10.055640220642,11.3645896911621,12.3716096878051,13.0400104522705,,14.7953596115112,,16.3498401641845,,16.469669342041,,16.4167900085449,,17.4116191864013,,,,Mexico,CO2
IMAGE 3.0,EN_INDCi2030_3000f,MEX,Emissions|CO2|Energy|Demand|Residential and Commercial|Residential,Mt CO2/yr,,,,30.7623996734619,,,30.5857696533203,,,,,32.8881111145019,,33.3858985900878,,,,,33.1066398620605,32.6431083679199,31.4951190948486,30.3138008117675,28.3080101013183,26.1749305725097,,25.7990093231201,,25.7831192016601,,23.8215904235839,,21.9069499969482,,20.876220703125,,,,Mexico,CO2
IMAGE 3.0,EN_INDCi2030_3000f,MEX,Emissions|CO2|Energy|Demand|Transportation,Mt CO2/yr,,,,104.439498901367,,,100.964698791503,,,,,110.365798950195,,109.742500305175,,,,,116.48159790039,129.437805175781,146.506393432617,167.393005371093,182.866104125976,198.17219543457,,224.96240234375,,226.372406005859,,191.059997558593,,154.56640625,,130.1748046875,,,,Mexico,CO2
IMAGE 3.0,EN_INDCi2030_3000f,MEX,Emissions|CO2|Energy|Supply,Mt CO2/yr,,,,230.717553377151,,,216.32680940628,,,,,247.876077413559,,226.005990705947,,,,,223.556617737073,228.116664886474,244.473773956298,259.940532684326,282.895904541015,300.564247131347,,332.690475463867,,329.251670837402,,243.775135040283,,178.650875091552,,152.336727142334,,,,Mexico,CO2
IMAGE 3.0,EN_INDCi2030_3000f,MEX,Emissions|CO2|Energy|Supply|Electricity,Mt CO2/yr,,,,125.516998271147,,,125.115357339382,,,,,159.058277805646,,160.279209415117,,,,,167.354845752318,170.298814773559,183.351229876279,195.238566646973,215.932745486497,231.309716900189,,261.324385801951,,258.93784314394,,175.508632014195,,112.231348951657,,82.0924478272596,,,,Mexico,CO2
IMAGE 3.0,EN_INDCi2030_3000f,MEX,Emissions|CO2|Energy|Supply|Gases,Mt CO2/yr,,,,0.0,,,0.0,,,,,0.0,,0.0,,,,,0.0,0.0,0.0,0.0,0.0,0.0,,0.0,,0.0,,0.0,,0.0,,0.0,,,,Mexico,CO2
IMAGE 3.0,EN_INDCi2030_3000f,MEX,Emissions|CO2|Energy|Supply|Heat,Mt CO2/yr,,,,0.0,,,0.0,,,,,1.5419965073334e-08,,3.46586656943537e-08,,,,,4.31472811761775e-08,3.58010389274003e-08,2.00937186449941e-08,8.28207236588014e-09,2.6838060672845304e-09,1.15387210058761e-09,,4.9221662806106e-11,,0.0,,0.0,,0.0,,1.51125630745129e-10,,,,Mexico,CO2
IMAGE 3.0,EN_INDCi2030_3000f,MEX,Emissions|CO2|Energy|Supply|Liquids,Mt CO2/yr,,,,76.170725612125,,,50.2324041056757,,,,,46.3211158057674,,40.432474438905,,,,,39.5920785767425,40.1336088155706,41.2020025153954,43.2651623462637,44.9548742423455,47.0329569652676,,49.1315356145302,,46.7006477216879,,40.7445492843786,,35.8129944652318,,31.7684399584929,,,,Mexico,CO2
IMAGE 3.0,EN_INDCi2030_3000f,MEX,Emissions|CO2|Energy|Supply|Solids,Mt CO2/yr,,,,0.391465800930745,,,0.131916100751065,,,,,0.166830882032324,,0.372294275924408,,,,,0.65084394494382,0.883775200539578,1.02214895499249,1.14623369881883,1.23114862556879,1.20818248251453,,1.05489554698579,,0.982717261649668,,0.864354684987726,,0.734410219592973,,0.704396734363399,,,,Mexico,CO2
IMAGE 3.0,EN_INDCi2030_3000f,MEX,Emissions|CO2|Industrial Processes,Mt CO2/yr,,,,14.1594717279076,,,13.3034509296218,,,,,15.1842868266006,,17.5560705053309,,,,,20.7667273158828,24.3369250868757,28.3471279156704,33.2109065105517,38.2906316469112,43.030166067183,,44.3720209101835,,37.5848369052012,,25.9815131624539,,18.1118816447754,,16.8740448231498,,,,Mexico,CO2
IMAGE 3.0,EN_INDCi2030_3000f,MEX,Emissions|N2O|AFOLU,Mt CO2e/yr,,,,37.29939070129955,,,35.34015985184904,,,,,36.04232745234194,,37.03564990599829,,,,,39.46793416724968,39.036448150471315,38.60198508075737,39.297486524846825,39.59979879657957,40.13134359498319,,40.12650932997279,,40.62993641026729,,40.995535815711754,,41.25497467962561,,41.767181681341114,,,,Mexico,N2O
IMAGE 3.0,EN_INDCi2030_3000f,MEX,Emissions|N2O|AFOLU|Agriculture,Mt CO2e/yr,,,,26.707433322087418,,,28.3000508900382,,,,,28.962221876735512,,30.449561668520904,,,,,31.35325774859487,32.28360671787151,33.117136541918796,33.766173436294025,34.33999437158336,34.914676359878406,,35.28169499702566,,36.033775379599724,,36.60030036271272,,37.121371975288966,,37.81526423262069,,,,Mexico,N2O
IMAGE 3.0,EN_INDCi2030_3000f,MEX,Emissions|N2O|AFOLU|Agriculture|Livestock|Manure Management,Mt CO2e/yr,,,,3.3512502606200165,,,3.4430171057970598,,,,,3.625773695938485,,3.855175976055713,,,,,4.020326951353522,4.203631307248956,4.400519135139282,4.55363944048669,4.673936551093392,4.789740064737728,,4.9404072105449055,,5.152199580791609,,5.293130599847017,,5.455916713366556,,5.674113468116511,,,,Mexico,N2O
IMAGE 3.0,EN_INDCi2030_3000f,MEX,Emissions|N2O|AFOLU|Agriculture|Managed Soils,Mt CO2e/yr,,,,10.792421566114815,,,12.288955686987661,,,,,12.872164302487418,,14.135140779647678,,,,,14.97364214725339,15.74687883340632,16.253722320418127,16.747998408945776,17.288184289529298,17.840527343587578,,18.282264266066456,,18.891101706510362,,19.545003318136054,,20.07331354927435,,20.602742035609378,,,,Mexico,N2O
