Model,Scenario,Region,Variable,Unit,1990,1995,2000,2005,2007,2008,2010,2011,2012,2013,2014,2015,2018,2020,2021,2022,2023,2024,2025,2030,2035,2040,2045,2050,2055,2060,2065,2070,2075,2080,2085,2090,2095,2100,2110,2130,2150,Country,Species
GCAM 5.2,"NGFS1_Current policies (Hot house world, Rep)",PAK,Emissions|CH4|AFOLU,Mt CH4/yr,,,,4.142199653,,,4.734529126,,,,,5.29117693,,5.94889308,,,,,6.384576888,6.936768835,7.43377225799999,7.517932747,7.86037478299999,8.49220919299999,8.746835714,8.952210178,9.116201775,9.241967196,9.338940868,9.407341507,9.455914725,9.471674036,9.462411018,9.432389011,,,,Pakistan,CH4
GCAM 5.2,"NGFS1_Current policies (Hot house world, Rep)",PAK,Emissions|CO2|AFOLU,Mt CO2/yr,,,,-2.731262874,,,9.041402517,,,,,-10.27998408,,-6.453159337,,,,,-2.626334595,1.200490148,5.027314891,8.85413963299999,8.292405919,7.73067220399999,7.16893849,6.607204775,6.045471061,5.483737346,4.922003631,4.360269917,3.798536202,3.236802488,2.675068773,2.113335059,,,,Pakistan,CO2
GCAM 5.2,"NGFS1_Current policies (Hot house world, Rep)",PAK,Emissions|CO2|Energy and Industrial Processes,Mt CO2/yr,,,,130.0027508,,,155.046716,,,,,177.0111763,,211.6416444,,,,,232.3235803,277.5577828,330.6462894,388.2062036,453.7270942,525.1922032,603.0595494,684.886151299999,765.409084299999,854.2153106,942.017491299999,1025.304287,1102.756972,1174.783114,1242.613761,1310.134065,,,,Pakistan,CO2
GCAM 5.2,"NGFS1_Current policies (Hot house world, Rep)",PAK,Emissions|CO2|Energy|Demand,Mt CO2/yr,,,,75.43553637,,,80.70683335,,,,,97.90319751,,110.8644857,,,,,121.28942,144.4771791,171.1214763,200.3296067,233.1691169,269.0212912,309.3893761,352.9823247,399.2075409,447.2206024,494.7808262,540.6411307,582.7264083,621.0530646,654.8567303,686.9987959,,,,Pakistan,CO2
GCAM 5.2,"NGFS1_Current policies (Hot house world, Rep)",PAK,Emissions|CO2|Energy|Demand|Industry,Mt CO2/yr,,,,33.41889747,,,29.45837114,,,,,32.39869074,,39.62861307,,,,,44.48138517,55.6096227,68.62529775,83.1488933,99.90744487,118.1558543,137.1360098,156.9751428,177.2682786,196.7743416,214.473924,230.0947323,242.929905,252.3273274,258.5186898,263.9036122,,,,Pakistan,CO2
GCAM 5.2,"NGFS1_Current policies (Hot house world, Rep)",PAK,Emissions|CO2|Energy|Demand|Residential and Commercial,Mt CO2/yr,,,,12.52471003,,,15.34801085,,,,,19.3347357,,20.1177079,,,,,20.8872179,24.35789543,28.14914572,32.23293723,36.69911717,41.21790912,46.38727402,51.99731649,57.67183254,63.52682144,69.0326644,73.7952422,77.06254582,79.75327513,81.30091496,82.48806234,,,,Pakistan,CO2
GCAM 5.2,"NGFS1_Current policies (Hot house world, Rep)",PAK,Emissions|CO2|Energy|Demand|Transportation,Mt CO2/yr,,,,29.49192888,,,35.90045136,,,,,46.16977106,,51.11816472,,,,,55.92081694,64.50966096,74.34703285,84.94777621,96.56255485,109.6475278,125.8660923,144.0098655,164.2674298,186.9194394,211.2742378,236.7511562,262.7339575,288.9724621,315.0371255,340.6071214,,,,Pakistan,CO2
GCAM 5.2,"NGFS1_Current policies (Hot house world, Rep)",PAK,Emissions|CO2|Energy|Supply,Mt CO2/yr,,,,35.89991772,,,42.54721025,,,,,46.8654432,,58.52658796,,,,,61.52163893,71.38967351,84.73221083,98.65992043,115.9443192,136.072376,157.7425419,179.8781125,198.1062788,222.9713174,247.8715575,271.3002003,294.884347,318.3241848,343.8060302,372.1092794,,,,Pakistan,CO2
GCAM 5.2,"NGFS1_Current policies (Hot house world, Rep)",PAK,Emissions|CO2|Energy|Supply|Electricity,Mt CO2/yr,,,,33.36764782,,,37.54436947,,,,,41.07691268,,51.32913999,,,,,53.44150068,61.14585473,71.70231419,82.29700107,95.23723976,110.0401186,125.7714905,141.570928,152.9903991,169.9325563,186.0754011,199.7400601,211.4501222,222.4217966,233.8950431,245.7724007,,,,Pakistan,CO2
GCAM 5.2,"NGFS1_Current policies (Hot house world, Rep)",PAK,Emissions|CO2|Industrial Processes,Mt CO2/yr,,,,18.66729675,,,31.79267241,,,,,32.24253561,,42.25057079,,,,,49.51252138,61.69093019,74.79260222,89.21667644,104.6136581,120.0985361,135.9276314,152.0257141,168.0952647,184.0233908,199.3651077,213.3629555,225.1462166,235.4058643,243.951001,251.0259899,,,,Pakistan,CO2
GCAM 5.2,"NGFS1_Current policies (Hot house world, Rep)",PAK,Emissions|N2O|AFOLU,kt N2O/yr,,,,67.75500722,,,77.03390869,,,,,83.90958277,,93.69035692,,,,,100.1968769,108.5635965,116.8000922,121.466467,128.7151632,138.5722596,142.4380084,145.5754056,148.1132795,150.0326883,151.4200076,152.3841042,153.2177828,153.5799611,153.5236747,153.1544277,,,,Pakistan,N2O
GCAM 5.2,"NGFS1_Immediate 2C with CDR (Orderly, Rep)",PAK,Carbon Sequestration|CCS|Biomass,Mt CO2/yr,,,,0.0,,,0.0,,,,,0.0,,0.0,,,,,0.081864075,1.430165938,11.03643438,27.96632399,44.24581586,61.51023997,77.60558044,95.54151029,110.3447596,124.3059544,134.7393324,142.8309451,147.3255623,160.0671296,166.3599382,153.8610324,,,,Pakistan,
GCAM 5.2,"NGFS1_Immediate 2C with CDR (Orderly, Rep)",PAK,Emissions|CH4|AFOLU,Mt CH4/yr,,,,4.142199653,,,4.734529126,,,,,5.29117693,,5.94889308,,,,,5.284188057,5.65342233799999,5.90786342399999,5.383473774,5.43468281,5.718381269,5.735870589,5.725864417,5.77823802299999,5.798259395,5.84849133299999,5.903239246,5.946468091,5.980651374,6.001048075,6.046585443,,,,Pakistan,CH4
GCAM 5.2,"NGFS1_Immediate 2C with CDR (Orderly, Rep)",PAK,Emissions|CO2|AFOLU,Mt CO2/yr,,,,-2.731262874,,,9.041402517,,,,,-10.27998408,,-7.147282246,,,,,-4.014580411,-0.881878577,2.250823257,5.383525092,4.733575088,4.083625085,3.433675081,2.783725078,2.133775074,1.483825071,0.833875067,0.183925064,-0.46602494,-1.115974944,-1.765924947,-2.415874951,,,,Pakistan,CO2
GCAM 5.2,"NGFS1_Immediate 2C with CDR (Orderly, Rep)",PAK,Emissions|CO2|Energy and Industrial Processes,Mt CO2/yr,,,,130.0027508,,,155.046716,,,,,177.0111763,,211.6416453,,,,,172.8520672,183.417346,173.5497781,162.2477335,156.7673119,149.1413693,142.5023272,129.5638066,117.1748974,105.0465914,91.1287787,67.68210403,36.40075581,12.17875311,-2.581825359,-4.937492531,,,,Pakistan,CO2
GCAM 5.2,"NGFS1_Immediate 2C with CDR (Orderly, Rep)",PAK,Emissions|CO2|Energy|Demand,Mt CO2/yr,,,,75.43553637,,,80.70683335,,,,,97.90319751,,110.8644863,,,,,97.57606411,108.9552708,117.3210174,126.1659547,135.9967039,143.0708698,148.781074,150.7933396,150.7903772,149.0140828,144.2961142,133.7926144,118.5972798,111.0951389,105.325682,99.73488446,,,,Pakistan,CO2
GCAM 5.2,"NGFS1_Immediate 2C with CDR (Orderly, Rep)",PAK,Emissions|CO2|Energy|Demand|Industry,Mt CO2/yr,,,,33.41889747,,,29.45837114,,,,,32.39869074,,39.62861312,,,,,30.4125673,34.03607011,35.81628002,37.8799536,39.59791973,37.63624076,33.43667225,27.02374592,20.10355948,14.3985591,10.46692644,7.54156715,5.314877589,7.70082243799999,9.750864768,13.19156614,,,,Pakistan,CO2
GCAM 5.2,"NGFS1_Immediate 2C with CDR (Orderly, Rep)",PAK,Emissions|CO2|Energy|Demand|Residential and Commercial,Mt CO2/yr,,,,12.52471003,,,15.34801085,,,,,19.3347357,,20.11770794,,,,,16.14685595,17.47497653,17.8896427,18.4475057,18.89426199,18.63203494,18.14448148,17.24902871,16.14767789,15.06246986,13.9726786,12.81382987,11.54681428,10.52276011,9.587189099,8.354356763,,,,Pakistan,CO2
GCAM 5.2,"NGFS1_Immediate 2C with CDR (Orderly, Rep)",PAK,Emissions|CO2|Energy|Demand|Transportation,Mt CO2/yr,,,,29.49192888,,,35.90045136,,,,,46.16977106,,51.11816522,,,,,51.01664085,57.44422416,63.61509468,69.83849535,77.50452218,86.80259413,97.19992031,106.520565,114.5391398,119.5530538,119.8565092,113.4372173,101.7355879,92.87155637,85.98762815,78.18896155,,,,Pakistan,CO2
GCAM 5.2,"NGFS1_Immediate 2C with CDR (Orderly, Rep)",PAK,Emissions|CO2|Energy|Supply,Mt CO2/yr,,,,35.89991772,,,42.54721025,,,,,46.8654432,,58.52658823,,,,,48.43322981,44.71677497,23.69887732,0.40450149,-17.1106676,-34.73072234,-49.71524039,-66.60058834,-80.27085817,-93.21266333,-103.5370687,-112.9581292,-120.112426,-135.9584539,-145.3946478,-138.4146142,,,,Pakistan,CO2
GCAM 5.2,"NGFS1_Immediate 2C with CDR (Orderly, Rep)",PAK,Emissions|CO2|Energy|Supply|Electricity,Mt CO2/yr,,,,33.36764782,,,37.54436947,,,,,41.07691268,,51.32914026,,,,,41.743865,37.88788856,18.28996983,-2.469288362,-17.85066371,-33.92854968,-48.59477293,-64.85428253,-78.85411591,-91.3813998,-99.10145996,-100.5249948,-94.84902678,-107.4459597,-118.911446,-110.3512255,,,,Pakistan,CO2
GCAM 5.2,"NGFS1_Immediate 2C with CDR (Orderly, Rep)",PAK,Emissions|CO2|Industrial Processes,Mt CO2/yr,,,,18.66729675,,,31.79267241,,,,,32.24253561,,42.25057082,,,,,26.8427733,29.74530027,32.52988338,35.67727733,37.88127564,40.80122178,43.43649359,45.37105533,46.65537837,49.24517197,50.36973322,46.84761884,37.91590205,37.04206807,37.48714039,33.74223723,,,,Pakistan,CO2
GCAM 5.2,"NGFS1_Immediate 2C with CDR (Orderly, Rep)",PAK,Emissions|N2O|AFOLU,kt N2O/yr,,,,67.75500722,,,77.03390869,,,,,83.90958277,,93.69035692,,,,,83.92319064,89.2893243,94.46830419,93.77186375,98.47730523,105.3663464,107.1914573,108.2769256,109.055616,109.3596832,110.1574572,111.0391165,111.4503014,111.5258343,111.285279,109.4661545,,,,Pakistan,N2O
GCAM 5.3,NGFS2_Below 2¬∞C,PAK,Carbon Sequestration|CCS|Biomass,Mt CO2/yr,,,,,,,0.0,,,,,0.0,,0.0,,,,,0.001820966,0.031933901,0.502968141,2.50692287,8.205605384,20.60913659,33.02513155,46.09959366,58.1017897,59.71053014,59.6494522,58.98470315,64.84218435,73.08894332,83.19299277,89.35351373,,,,Pakistan,
GCAM 5.3,NGFS2_Below 2¬∞C,PAK,Carbon Sequestration|CCS|Biomass|Energy|Demand|Industry,Mt CO2/yr,,,,,,,0.0,,,,,0.0,,0.0,,,,,0.0,0.0,0.0,0.0,0.0,0.0,0.0,0.0,0.0,0.0,0.0,0.0,0.0,0.0,0.0,0.0,,,,Pakistan,
GCAM 5.3,NGFS2_Below 2¬∞C,PAK,Carbon Sequestration|CCS|Biomass|Energy|Supply,Mt CO2/yr,,,,,,,0.0,,,,,0.0,,0.0,,,,,0.001820966,0.031933901,0.502968141,2.50692287,8.205605384,20.60913659,33.02513155,46.09959366,58.1017897,59.71053014,59.6494522,58.98470315,64.84218435,73.08894332,83.19299277,89.35351373,,,,Pakistan,
GCAM 5.3,NGFS2_Below 2¬∞C,PAK,Carbon Sequestration|CCS|Biomass|Energy|Supply|Electricity,Mt CO2/yr,,,,,,,0.0,,,,,0.0,,0.0,,,,,0.001820966,0.031933901,0.313177681,2.017518452,7.197503619,18.81725172,30.97324307,43.46908885,54.33408974,55.88805441,55.73390703,54.95032331,60.59048527,68.66415161,78.64205048,84.06618398,,,,Pakistan,
GCAM 5.3,NGFS2_Below 2¬∞C,PAK,Carbon Sequestration|CCS|Biomass|Energy|Supply|Hydrogen,Mt CO2/yr,,,,,,,0.0,,,,,0.0,,0.0,,,,,0.0,0.0,0.080936174,0.231129454,0.572685719,1.140766104,1.167653773,1.522645805,1.94221151,1.515092471,1.276619783,1.156470438,1.162575439,1.197075109,1.27909845,1.57387281,,,,Pakistan,
GCAM 5.3,NGFS2_Below 2¬∞C,PAK,Carbon Sequestration|CCS|Biomass|Energy|Supply|Liquids,Mt CO2/yr,,,,,,,0.0,,,,,0.0,,0.0,,,,,0.0,0.0,0.108854287,0.258274963,0.435416046,0.651118769,0.884234712,1.10785901,1.825488448,2.307383257,2.638925386,2.877909396,3.089123633,3.227716601,3.27184384,3.713456949,,,,Pakistan,
GCAM 5.3,NGFS2_Below 2¬∞C,PAK,Emissions|CH4|AFOLU,Mt CH4/yr,,,,,,,4.738568796,,,,,5.2950983,,5.850655723,,,,,5.012763662,4.989015571,5.058162279,5.172954437,5.399632028,5.603689354,5.511616769,5.395064788,5.247783052,5.367191491,5.474494098,5.538284615,5.572539289,5.575896463,5.556382492,5.474502298,,,,Pakistan,CH4
GCAM 5.3,NGFS2_Below 2¬∞C,PAK,Emissions|CH4|AFOLU|Agriculture,Mt CH4/yr,,,,,,,4.734529611,,,,,5.291177118,,5.846756611,,,,,5.008897279,4.985174477,5.054343497,5.169153442,5.39584947,5.599924161,5.507864284,5.39132376,5.244053388,5.363461753,5.470763947,5.534554324,5.568808953,5.572165894,5.552651552,5.47077212,,,,Pakistan,CH4
GCAM 5.3,NGFS2_Below 2¬∞C,PAK,Emissions|CH4|Energy|Demand|Industry,Mt CH4/yr,,,,,,,0.006520921,,,,,0.007141891,,0.008478867,,,,,0.009611206,0.010933427,0.011451045,0.011669941,0.011778768,0.011237158,0.009584319,0.007067547,0.003400664,0.002530995,0.001887345,0.00151335,0.00140073,0.001393612,0.001387468,0.001233432,,,,Pakistan,CH4
GCAM 5.3,NGFS2_Below 2¬∞C,PAK,Emissions|CH4|Energy|Demand|Residential and Commercial,Mt CH4/yr,,,,,,,0.199533621,,,,,0.221789334,,0.201053797,,,,,0.190449775,0.154985616,0.125857892,0.096101043,0.070677391,0.047257744,0.027827426,0.014661766,0.00736928,0.005440072,0.00428595,0.00349136,0.002930962,0.002539308,0.002302794,0.002146813,,,,Pakistan,CH4
GCAM 5.3,NGFS2_Below 2¬∞C,PAK,Emissions|CH4|Energy|Demand|Transportation,Mt CH4/yr,,,,,,,0.007009797,,,,,0.010568707,,0.010404118,,,,,0.010439726,0.010683469,0.011020888,0.010731426,0.010305862,0.010833274,0.009266069,0.007382466,0.005396707,0.004151139,0.003597715,0.004186424,0.004324664,0.00445318,0.004768959,0.004466444,,,,Pakistan,CH4
GCAM 5.3,NGFS2_Below 2¬∞C,PAK,Emissions|CH4|Energy|Supply,Mt CH4/yr,,,,,,,1.486166411,,,,,1.391002017,,1.300822971,,,,,0.383173447,0.129026859,0.077449598,0.052167531,0.016649954,0.001718949,0.000769952,0.000871331,0.000906429,0.000972287,0.00102025,0.001031947,0.001098006,0.006099429,0.001349284,0.001374234,,,,Pakistan,CH4
GCAM 5.3,NGFS2_Below 2¬∞C,PAK,Emissions|CO2|AFOLU,Mt CO2/yr,,,,,,,9.041402517,,,,,13.66850732,,6.065388346,,,,,5.234638641,4.403888935,3.57313923,2.742389524,1.911639818,1.743971534,1.57630325,1.408634966,1.240966682,1.073298398,0.905630114,0.73796183,0.570293545,0.402625261,0.234956977,0.067288693,,,,Pakistan,CO2
GCAM 5.3,NGFS2_Below 2¬∞C,PAK,Emissions|CO2|Energy and Industrial Processes,Mt CO2/yr,,,,,,,155.0472544,,,,,177.0117024,,196.7366274,,,,,199.0344421,202.6639222,208.6185693,211.8909037,206.0268537,188.6572107,156.2825655,119.0914435,77.50649514,75.80962082,82.05068175,97.08120912,105.0568312,110.1873547,112.6465498,132.665947,,,,Pakistan,CO2
GCAM 5.3,NGFS2_Below 2¬∞C,PAK,Emissions|CO2|Energy|Demand,Mt CO2/yr,,,,,,,96.66467304,,,,,113.8611273,,124.2717453,,,,,127.9441793,135.8363933,140.4817262,141.4574974,141.3326348,141.5612053,126.5070747,105.2825357,79.24869164,72.66119841,71.61672205,78.5873064,85.08387698,91.7770701,98.77089318,98.97588609,,,,Pakistan,CO2
GCAM 5.3,NGFS2_Below 2¬∞C,PAK,Emissions|CO2|Energy|Demand|Industry,Mt CO2/yr,,,,,,,45.41571252,,,,,48.35598813,,59.75040517,,,,,64.56816093,71.02050428,72.3699116,71.88628595,71.90069825,69.7805489,61.48345912,48.7946296,32.04692579,26.13855786,22.37470321,21.32797221,23.47915387,26.37719268,28.43823218,28.37439854,,,,Pakistan,CO2
GCAM 5.3,NGFS2_Below 2¬∞C,PAK,Emissions|CO2|Energy|Demand|Residential and Commercial,Mt CO2/yr,,,,,,,15.34801085,,,,,19.33473557,,20.00469937,,,,,18.69289759,18.67183797,19.8754001,21.4026598,21.74635497,20.44280526,18.15198047,15.85725733,14.05909482,15.47038217,17.04482958,18.36946595,19.37650378,20.07489491,20.65069267,20.8676289,,,,Pakistan,CO2
GCAM 5.3,NGFS2_Below 2¬∞C,PAK,Emissions|CO2|Energy|Demand|Residential and Commercial|Commercial,Mt CO2/yr,,,,,,,2.982950205,,,,,4.551371047,,4.30263238,,,,,3.703195345,3.486450831,3.679094206,3.98918787,4.042064088,3.760949386,3.274752033,2.733945938,2.164978002,2.769026201,3.46288744,4.089982385,4.621557204,5.081691535,5.515269303,5.695026612,,,,Pakistan,CO2
GCAM 5.3,NGFS2_Below 2¬∞C,PAK,Emissions|CO2|Energy|Demand|Residential and Commercial|Residential,Mt CO2/yr,,,,,,,12.36506065,,,,,14.78336453,,15.70206699,,,,,14.98970225,15.18538714,16.19630589,17.41347193,17.70429089,16.68185587,14.87722844,13.12331139,11.89411682,12.70135597,13.58194214,14.27948357,14.75494658,14.99320337,15.13542337,15.17260229,,,,Pakistan,CO2
GCAM 5.3,NGFS2_Below 2¬∞C,PAK,Emissions|CO2|Energy|Demand|Transportation,Mt CO2/yr,,,,,,,35.90094966,,,,,46.17040356,,44.51664072,,,,,44.68312076,46.14405104,48.23641449,48.1685516,47.68558153,51.33785117,46.87163513,40.6306488,33.14267102,31.05225839,32.19718927,38.88986824,42.22821932,45.32498252,49.68196833,49.73385864,,,,Pakistan,CO2
GCAM 5.3,NGFS2_Below 2¬∞C,PAK,Emissions|CO2|Energy|Demand|Transportation|Freight,Mt CO2/yr,,,,,,,10.46866282,,,,,15.78364843,,17.13324086,,,,,18.31190234,19.72358995,21.3631327,21.47382965,21.73673,24.83266273,20.8205281,15.2491805,9.130233409,5.114772254,2.778508262,3.061685223,3.022203852,3.048145161,3.608063532,2.936468329,,,,Pakistan,CO2
GCAM 5.3,NGFS2_Below 2¬∞C,PAK,Emissions|CO2|Energy|Demand|Transportation|Passenger,Mt CO2/yr,,,,,,,21.90452419,,,,,27.80360693,,24.51611286,,,,,23.2114498,22.74080289,22.52172975,21.50105274,19.88192019,19.58853274,18.3460153,17.26395034,16.21485302,16.21224777,17.53557817,21.8781889,23.36785747,24.59164295,26.49017684,26.11977211,,,,Pakistan,CO2
GCAM 5.3,NGFS2_Below 2¬∞C,PAK,Emissions|CO2|Energy|Supply,Mt CO2/yr,,,,,,,42.54724377,,,,,46.86537437,,52.81733039,,,,,50.47660328,43.09376739,40.51146111,38.32617873,28.89675705,8.595955933,-10.44690294,-26.912561,-41.62025348,-42.43071138,-41.30744117,-39.72906781,-45.36772702,-53.36060193,-62.91956963,-44.5628731,,,,Pakistan,CO2
GCAM 5.3,NGFS2_Below 2¬∞C,PAK,Emissions|CO2|Energy|Supply|Electricity,Mt CO2/yr,,,,,,,37.54438465,,,,,41.07682185,,46.37074143,,,,,43.85418579,36.18399995,32.73940469,29.31749151,18.90885544,-1.721684433,-20.81038821,-36.45342517,-48.93678631,-50.14592439,-49.5455257,-48.52711605,-54.42611228,-62.8242248,-72.89047109,-55.12154705,,,,Pakistan,CO2
GCAM 5.3,NGFS2_Below 2¬∞C,PAK,Emissions|CO2|Industrial Processes,Mt CO2/yr,,,,,,,15.83533762,,,,,16.2852008,,19.64755173,,,,,20.61365948,23.73376147,27.62538199,32.10722756,35.79746192,38.5000494,40.22239369,40.7214688,39.87805699,45.57913379,51.74140086,58.22297053,65.3406812,71.77088654,76.79522621,78.25293402,,,,Pakistan,CO2
GCAM 5.3,NGFS2_Below 2¬∞C,PAK,Emissions|N2O|AFOLU,kt N2O/yr,,,,,,,77.70974973,,,,,84.56570917,,92.72275952,,,,,85.46372748,88.03068543,92.0330284,96.1198519,102.9392575,109.7322674,110.4070744,110.6546473,110.7490286,112.3215556,113.7491344,114.6916648,115.3280648,115.5758044,115.5315075,114.9093326,,,,Pakistan,N2O
GCAM 5.3,NGFS2_Below 2¬∞C,PAK,Emissions|N2O|AFOLU|Agriculture,kt N2O/yr,,,,,,,77.03388625,,,,,83.9095909,,91.98738185,,,,,84.66165058,87.12846972,91.0284094,95.0990823,101.9139776,108.7263539,109.4552958,109.7674617,109.8029719,111.2344175,112.5031017,113.2772448,113.7240208,113.7639366,113.4921521,112.6442252,,,,Pakistan,N2O
GCAM 5.3,NGFS2_Current Policies,PAK,Carbon Sequestration|CCS|Biomass,Mt CO2/yr,,,,,,,0.0,,,,,0.0,,0.0,,,,,0.0,0.0,0.0,0.0,0.0,0.0,0.0,0.0,0.0,0.0,0.0,0.0,0.0,0.0,0.0,0.0,,,,Pakistan,
GCAM 5.3,NGFS2_Current Policies,PAK,Carbon Sequestration|CCS|Biomass|Energy|Demand|Industry,Mt CO2/yr,,,,,,,0.0,,,,,0.0,,0.0,,,,,0.0,0.0,0.0,0.0,0.0,0.0,0.0,0.0,0.0,0.0,0.0,0.0,0.0,0.0,0.0,0.0,,,,Pakistan,
GCAM 5.3,NGFS2_Current Policies,PAK,Carbon Sequestration|CCS|Biomass|Energy|Supply,Mt CO2/yr,,,,,,,0.0,,,,,0.0,,0.0,,,,,0.0,0.0,0.0,0.0,0.0,0.0,0.0,0.0,0.0,0.0,0.0,0.0,0.0,0.0,0.0,0.0,,,,Pakistan,
GCAM 5.3,NGFS2_Current Policies,PAK,Carbon Sequestration|CCS|Biomass|Energy|Supply|Electricity,Mt CO2/yr,,,,,,,0.0,,,,,0.0,,0.0,,,,,0.0,0.0,0.0,0.0,0.0,0.0,0.0,0.0,0.0,0.0,0.0,0.0,0.0,0.0,0.0,0.0,,,,Pakistan,
GCAM 5.3,NGFS2_Current Policies,PAK,Carbon Sequestration|CCS|Biomass|Energy|Supply|Hydrogen,Mt CO2/yr,,,,,,,0.0,,,,,0.0,,0.0,,,,,0.0,0.0,0.0,0.0,0.0,0.0,0.0,0.0,0.0,0.0,0.0,0.0,0.0,0.0,0.0,0.0,,,,Pakistan,
GCAM 5.3,NGFS2_Current Policies,PAK,Carbon Sequestration|CCS|Biomass|Energy|Supply|Liquids,Mt CO2/yr,,,,,,,0.0,,,,,0.0,,0.0,,,,,0.0,0.0,0.0,0.0,0.0,0.0,0.0,0.0,0.0,0.0,0.0,0.0,0.0,0.0,0.0,0.0,,,,Pakistan,
GCAM 5.3,NGFS2_Current Policies,PAK,Emissions|CH4|AFOLU,Mt CH4/yr,,,,,,,4.738568796,,,,,5.2950983,,5.850670402,,,,,6.356610156,6.890383586,7.384712694,7.832105015,8.556343783,9.271670788,9.537693521,9.751468082,9.922849639,10.05258336,10.15336907,10.22278337,10.25629311,10.26084079,10.24028197,10.19406078,,,,Pakistan,CH4
GCAM 5.3,NGFS2_Current Policies,PAK,Emissions|CH4|AFOLU|Agriculture,Mt CH4/yr,,,,,,,4.734529611,,,,,5.291177118,,5.846771291,,,,,6.35273243,6.88652803,7.380875984,7.828285137,8.552539108,9.267879011,9.533908525,9.747687762,9.919072496,10.04880821,10.14959504,10.21900964,10.25251878,10.25706494,10.23650392,10.19027988,,,,Pakistan,CH4
GCAM 5.3,NGFS2_Current Policies,PAK,Emissions|CH4|Energy|Demand|Industry,Mt CH4/yr,,,,,,,0.006520921,,,,,0.007141891,,0.008480543,,,,,0.009837809,0.011480334,0.01276854,0.014311779,0.016252186,0.018339506,0.020233051,0.022207662,0.024242713,0.026373401,0.028432786,0.030248802,0.031830651,0.033308075,0.034745154,0.036883553,,,,Pakistan,CH4
GCAM 5.3,NGFS2_Current Policies,PAK,Emissions|CH4|Energy|Demand|Residential and Commercial,Mt CH4/yr,,,,,,,0.199533621,,,,,0.221789334,,0.201230253,,,,,0.179873647,0.146136491,0.108282344,0.081848855,0.060092124,0.043684241,0.031551085,0.022733161,0.016692989,0.012749834,0.010241998,0.008683741,0.007736404,0.00715447,0.006783561,0.007559685,,,,Pakistan,CH4
GCAM 5.3,NGFS2_Current Policies,PAK,Emissions|CH4|Energy|Demand|Transportation,Mt CH4/yr,,,,,,,0.007009797,,,,,0.010568707,,0.010403519,,,,,0.010869313,0.011472028,0.012085416,0.012097053,0.012207789,0.014497617,0.014335259,0.015262963,0.020252762,0.02008493,0.021301537,0.028640442,0.027782595,0.028821735,0.038491279,0.036434461,,,,Pakistan,CH4
GCAM 5.3,NGFS2_Current Policies,PAK,Emissions|CH4|Energy|Supply,Mt CH4/yr,,,,,,,1.486166411,,,,,1.391002017,,1.301153437,,,,,1.12236098,1.097835471,1.190072031,1.069143364,1.139765208,1.13497162,1.10071046,1.073998187,1.123009114,1.388538606,1.669249852,1.959531349,2.174796134,2.371015648,2.500186088,2.46052602,,,,Pakistan,CH4
GCAM 5.3,NGFS2_Current Policies,PAK,Emissions|CO2|AFOLU,Mt CO2/yr,,,,,,,9.041402517,,,,,13.66850732,,6.064592972,,,,,5.152986113,4.241379254,5.156913934,4.847097201,4.537280468,4.227463735,-0.250802367,-1.104694867,-1.336793015,-1.28291157,-1.286153447,-1.278586216,-1.197666979,-1.15669179,-1.0632004,-1.08196266,,,,Pakistan,CO2
GCAM 5.3,NGFS2_Current Policies,PAK,Emissions|CO2|Energy and Industrial Processes,Mt CO2/yr,,,,,,,155.0472544,,,,,177.0117024,,196.7837798,,,,,224.5055222,262.6227323,360.480042,436.4639147,519.2779878,614.9023343,708.4081569,808.0513497,923.4401242,1013.805578,1107.274199,1218.036306,1278.014317,1339.908035,1428.268847,1418.244365,,,,Pakistan,CO2
GCAM 5.3,NGFS2_Current Policies,PAK,Emissions|CO2|Energy|Demand,Mt CO2/yr,,,,,,,96.66467304,,,,,113.8611273,,124.2935508,,,,,139.3980952,160.4622991,179.866199,201.6081889,227.068338,262.1907033,289.8514529,322.143864,369.3544093,397.1492523,427.8890337,478.1042864,495.0325262,515.8929893,565.5872306,583.5320459,,,,Pakistan,CO2
GCAM 5.3,NGFS2_Current Policies,PAK,Emissions|CO2|Energy|Demand|Industry,Mt CO2/yr,,,,,,,45.41571252,,,,,48.35598813,,59.76041368,,,,,71.32219904,86.37104576,100.7183488,117.7533579,137.7782966,159.0337708,180.8600873,202.4066894,223.388483,243.4182089,261.2969932,276.2669812,288.1221597,297.2558255,304.181888,312.7037854,,,,Pakistan,CO2
GCAM 5.3,NGFS2_Current Policies,PAK,Emissions|CO2|Energy|Demand|Residential and Commercial,Mt CO2/yr,,,,,,,15.34801085,,,,,19.33473557,,20.01920765,,,,,21.59257282,24.50585672,25.96137296,29.16101178,32.48134697,35.56618612,38.97640904,42.78507926,46.48119821,50.30450592,53.73435286,56.35894188,58.31203258,60.22258871,61.56862823,71.80365684,,,,Pakistan,CO2
GCAM 5.3,NGFS2_Current Policies,PAK,Emissions|CO2|Energy|Demand|Residential and Commercial|Commercial,Mt CO2/yr,,,,,,,2.982950205,,,,,4.551371047,,4.307157429,,,,,4.532712023,5.112131927,5.444596668,6.283795793,7.200082634,8.148887973,9.218955602,10.45828812,11.80058451,13.26480944,14.75505075,16.11657472,17.28914787,18.43910861,19.40878469,22.84029004,,,,Pakistan,CO2
GCAM 5.3,NGFS2_Current Policies,PAK,Emissions|CO2|Energy|Demand|Residential and Commercial|Residential,Mt CO2/yr,,,,,,,12.36506065,,,,,14.78336453,,15.71205022,,,,,17.0598608,19.39372479,20.5167763,22.87721598,25.28126433,27.41729814,29.75745343,32.32679113,34.6806137,37.03969648,38.97930211,40.24236716,41.02288471,41.7834801,42.15984354,48.9633668,,,,Pakistan,CO2
GCAM 5.3,NGFS2_Current Policies,PAK,Emissions|CO2|Energy|Demand|Transportation,Mt CO2/yr,,,,,,,35.90094966,,,,,46.17040356,,44.51392946,,,,,46.48332332,49.58539667,53.1864772,54.69381924,56.8086944,67.59074639,70.01495658,76.95209534,99.48472805,103.4265375,112.8576876,145.4783633,148.598334,158.4145751,199.8367143,199.0246037,,,,Pakistan,CO2
GCAM 5.3,NGFS2_Current Policies,PAK,Emissions|CO2|Energy|Demand|Transportation|Freight,Mt CO2/yr,,,,,,,10.46866282,,,,,15.78364843,,17.13241706,,,,,18.7561255,20.59712761,22.71209195,23.57904408,25.20274535,34.1719967,33.0179295,35.0621136,50.77047925,48.6609197,51.14648388,74.43372633,69.63576547,71.7418348,103.6115866,94.84351735,,,,Pakistan,CO2
GCAM 5.3,NGFS2_Current Policies,PAK,Emissions|CO2|Energy|Demand|Transportation|Passenger,Mt CO2/yr,,,,,,,21.90452419,,,,,27.80360693,,24.51447591,,,,,24.39895245,24.94579425,25.52783886,25.06831926,24.2617765,24.56888646,26.23487719,28.95609655,33.28933437,36.59646969,40.54303145,46.61078593,51.18161538,55.43923683,61.40783384,65.84272779,,,,Pakistan,CO2
GCAM 5.3,NGFS2_Current Policies,PAK,Emissions|CO2|Energy|Supply,Mt CO2/yr,,,,,,,42.54724377,,,,,46.86537437,,52.84494447,,,,,60.57539357,70.68882859,140.7369984,185.5823575,233.1712189,283.6665178,338.6802617,394.410575,450.5463087,500.8428602,551.7235882,601.4654044,634.9893885,667.3951659,698.655403,664.5978895,,,,Pakistan,CO2
GCAM 5.3,NGFS2_Current Policies,PAK,Emissions|CO2|Energy|Supply|Electricity,Mt CO2/yr,,,,,,,37.54438465,,,,,41.07682185,,46.39559114,,,,,53.06057804,61.52264035,129.3163987,171.4889613,215.7283571,261.8269104,312.7162939,364.1950218,414.3084456,459.9505619,505.1908087,545.5906194,571.8304678,596.052348,613.3466384,570.4951782,,,,Pakistan,CO2
GCAM 5.3,NGFS2_Current Policies,PAK,Emissions|CO2|Industrial Processes,Mt CO2/yr,,,,,,,15.83533762,,,,,16.2852008,,19.6452845,,,,,24.53203347,31.47160455,39.87684458,49.27336826,59.03843093,69.04511322,79.87644229,91.49691074,103.5394062,115.8134652,127.6615773,138.4666151,147.9924027,156.6198795,164.026213,170.1144292,,,,Pakistan,CO2
GCAM 5.3,NGFS2_Current Policies,PAK,Emissions|N2O|AFOLU,kt N2O/yr,,,,,,,77.70974973,,,,,84.56570917,,92.7227814,,,,,100.2367943,108.1895051,116.1633289,123.5811371,135.2025578,146.7570463,150.9613168,154.3334982,157.0540896,159.1579148,160.8313991,162.0078735,162.7909176,163.0498138,162.9206843,162.4280318,,,,Pakistan,N2O
GCAM 5.3,NGFS2_Current Policies,PAK,Emissions|N2O|AFOLU|Agriculture,kt N2O/yr,,,,,,,77.03388625,,,,,83.9095909,,91.98743236,,,,,99.40881082,107.2212905,115.1259947,122.4877856,134.0451794,145.5420343,149.7193249,153.0504209,155.7219486,157.7679847,159.3728928,160.476472,161.1806781,161.3416812,161.098052,160.4975712,,,,Pakistan,N2O
GCAM 5.3,NGFS2_Delayed Transition,PAK,Carbon Sequestration|CCS|Biomass,Mt CO2/yr,,,,,,,0.0,,,,,0.0,,0.0,,,,,0.0,0.0,1.806605716,7.062004136,11.6245188,11.04253196,35.89324229,57.18228018,61.05919139,53.86478855,50.06247418,53.41964421,61.95210505,73.8622417,88.20583284,104.4539621,,,,Pakistan,
GCAM 5.3,NGFS2_Delayed Transition,PAK,Carbon Sequestration|CCS|Biomass|Energy|Demand|Industry,Mt CO2/yr,,,,,,,0.0,,,,,0.0,,0.0,,,,,0.0,0.0,0.0,0.0,0.0,0.0,0.0,0.0,0.0,0.0,0.0,0.0,0.0,0.0,0.0,0.0,,,,Pakistan,
GCAM 5.3,NGFS2_Delayed Transition,PAK,Carbon Sequestration|CCS|Biomass|Energy|Supply,Mt CO2/yr,,,,,,,0.0,,,,,0.0,,0.0,,,,,0.0,0.0,1.806605716,7.062004136,11.6245188,11.04253196,35.89324229,57.18228018,61.05919139,53.86478855,50.06247418,53.41964421,61.95210505,73.8622417,88.20583284,104.4539621,,,,Pakistan,
GCAM 5.3,NGFS2_Delayed Transition,PAK,Carbon Sequestration|CCS|Biomass|Energy|Supply|Electricity,Mt CO2/yr,,,,,,,0.0,,,,,0.0,,0.0,,,,,0.0,0.0,1.592104578,6.456755654,11.09502671,10.67983974,32.40003398,48.49120614,48.7896809,37.48526598,28.20378197,24.08278362,23.35398124,29.33487216,38.79603548,50.87120126,,,,Pakistan,
GCAM 5.3,NGFS2_Delayed Transition,PAK,Carbon Sequestration|CCS|Biomass|Energy|Supply|Hydrogen,Mt CO2/yr,,,,,,,0.0,,,,,0.0,,0.0,,,,,0.0,0.0,0.174543616,0.314945429,0.218000586,0.311010362,2.485886559,6.30457724,6.655770605,5.797330527,4.492803742,3.673523667,2.915689598,1.93940651,1.658341817,1.510861137,,,,Pakistan,
GCAM 5.3,NGFS2_Delayed Transition,PAK,Carbon Sequestration|CCS|Biomass|Energy|Supply|Liquids,Mt CO2/yr,,,,,,,0.0,,,,,0.0,,0.0,,,,,0.0,0.0,0.039957522,0.290303054,0.31149151,0.051681861,1.007321756,2.3864968,5.613739881,10.58219204,17.36588847,25.66333693,35.68243421,42.58796303,47.75145554,52.07189972,,,,Pakistan,
GCAM 5.3,NGFS2_Delayed Transition,PAK,Emissions|CH4|AFOLU,Mt CH4/yr,,,,,,,4.738568796,,,,,5.2950983,,5.850670402,,,,,6.356610156,6.890383586,5.569360699,5.717887061,6.127559726,6.550117206,6.742791078,6.948197971,7.104889527,7.216140214,7.291121707,7.333404008,7.347329544,7.331888944,7.301653717,7.253010216,,,,Pakistan,CH4
GCAM 5.3,NGFS2_Delayed Transition,PAK,Emissions|CH4|AFOLU|Agriculture,Mt CH4/yr,,,,,,,4.734529611,,,,,5.291177118,,5.846771291,,,,,6.35273243,6.88652803,5.565528447,5.714071855,6.123763038,6.546337713,6.73901838,6.944431879,7.10112879,7.212383666,7.287367917,7.329651823,7.343578163,7.328137593,7.297902307,7.249258319,,,,Pakistan,CH4
GCAM 5.3,NGFS2_Delayed Transition,PAK,Emissions|CH4|Energy|Demand|Industry,Mt CH4/yr,,,,,,,0.006520921,,,,,0.007141891,,0.008480543,,,,,0.009837809,0.011480334,0.011811149,0.011598657,0.010129065,0.006444511,0.00381128,0.000661919,9.81e-05,4.21e-05,3.24e-05,2.81e-05,2.49e-05,2.2e-05,1.94e-05,1.71e-05,,,,Pakistan,CH4
GCAM 5.3,NGFS2_Delayed Transition,PAK,Emissions|CH4|Energy|Demand|Residential and Commercial,Mt CH4/yr,,,,,,,0.199533621,,,,,0.221789334,,0.201230253,,,,,0.179873647,0.146136491,0.153191856,0.140451162,0.128573142,0.122832461,0.099885862,0.104907799,0.114475871,0.120360895,0.123420272,0.124224952,0.124156825,0.1226651,0.119385081,0.116737562,,,,Pakistan,CH4
GCAM 5.3,NGFS2_Delayed Transition,PAK,Emissions|CH4|Energy|Demand|Transportation,Mt CH4/yr,,,,,,,0.007009797,,,,,0.010568707,,0.010403519,,,,,0.010869313,0.011472028,0.011042504,0.010406902,0.009181105,0.006706148,0.00459986,0.00285858,0.001669183,0.000893214,0.000497986,0.000288462,0.000155888,8.05e-05,5.32e-05,2.98e-05,,,,Pakistan,CH4
GCAM 5.3,NGFS2_Delayed Transition,PAK,Emissions|CH4|Energy|Supply,Mt CH4/yr,,,,,,,1.486166411,,,,,1.391002017,,1.301153437,,,,,1.12236098,1.097835471,0.679976011,0.539220698,0.48475899,0.420060045,0.341807596,0.264301441,0.201456607,0.151437177,0.110897793,0.079291665,0.059765885,0.037908809,0.014320064,0.00949775,,,,Pakistan,CH4
GCAM 5.3,NGFS2_Delayed Transition,PAK,Emissions|CO2|AFOLU,Mt CO2/yr,,,,,,,9.041402517,,,,,13.66850732,,6.064592972,,,,,5.152986113,4.241379254,3.329772395,2.418165536,1.506558677,0.594951818,-0.31665504,-1.228261899,-2.139868758,-3.051475617,-3.963082476,-4.874689335,-5.786296194,-4.070403957,-2.35451172,-0.638619482,,,,Pakistan,CO2
GCAM 5.3,NGFS2_Delayed Transition,PAK,Emissions|CO2|Energy and Industrial Processes,Mt CO2/yr,,,,,,,155.0472544,,,,,177.0117024,,196.7837798,,,,,224.5055222,262.6227323,215.4394311,201.9555896,168.6387813,120.5134669,73.55564487,19.51652634,-5.871075304,-9.381617571,-13.72034216,-25.11970374,-42.88558085,-60.77288357,-79.7072565,-94.73309299,,,,Pakistan,CO2
GCAM 5.3,NGFS2_Delayed Transition,PAK,Emissions|CO2|Energy|Demand,Mt CO2/yr,,,,,,,96.66467304,,,,,113.8611273,,124.2935508,,,,,139.3980952,160.4622991,147.1120055,141.0335363,124.9178398,89.9789546,68.0126549,40.28523884,24.66489047,18.89301419,16.19206119,14.73740216,13.8499966,13.55795238,13.63828859,13.86965526,,,,Pakistan,CO2
GCAM 5.3,NGFS2_Delayed Transition,PAK,Emissions|CO2|Energy|Demand|Industry,Mt CO2/yr,,,,,,,45.41571252,,,,,48.35598813,,59.76041368,,,,,71.32219904,86.37104576,79.85679323,75.10587193,65.71516619,46.1168775,31.85977264,13.74973737,5.398282771,4.06976536,3.685644954,3.435921651,3.219004246,3.059214714,2.938747936,2.829909048,,,,Pakistan,CO2
GCAM 5.3,NGFS2_Delayed Transition,PAK,Emissions|CO2|Energy|Demand|Residential and Commercial,Mt CO2/yr,,,,,,,15.34801085,,,,,19.33473557,,20.01920765,,,,,21.59257282,24.50585672,19.09870604,19.56711173,16.72381234,10.93945754,10.72761663,8.787352218,7.332980186,6.682721613,6.426523549,6.366473944,6.419003111,6.592280428,6.85194344,7.228165776,,,,Pakistan,CO2
GCAM 5.3,NGFS2_Delayed Transition,PAK,Emissions|CO2|Energy|Demand|Residential and Commercial|Commercial,Mt CO2/yr,,,,,,,2.982950205,,,,,4.551371047,,4.307157429,,,,,4.532712023,5.112131927,3.546390694,3.547857639,2.844942846,1.600408189,1.563002611,1.215255947,1.008253682,0.919517812,0.873660943,0.844423174,0.821143368,0.822919418,0.841849126,0.870839534,,,,Pakistan,CO2
GCAM 5.3,NGFS2_Delayed Transition,PAK,Emissions|CO2|Energy|Demand|Residential and Commercial|Residential,Mt CO2/yr,,,,,,,12.36506065,,,,,14.78336453,,15.71205022,,,,,17.0598608,19.39372479,15.55231535,16.01925409,13.87886949,9.339049352,9.164614021,7.572096271,6.324726505,5.7632038,5.552862606,5.522050771,5.597859743,5.76936101,6.010094314,6.357326242,,,,Pakistan,CO2
GCAM 5.3,NGFS2_Delayed Transition,PAK,Emissions|CO2|Energy|Demand|Transportation,Mt CO2/yr,,,,,,,35.90094966,,,,,46.17040356,,44.51392946,,,,,46.48332332,49.58539667,48.15650626,46.36055261,42.4788613,32.92261956,25.42526564,17.74814926,11.93362751,8.140527221,6.079892685,4.935006562,4.211989239,3.906457241,3.847597211,3.811580438,,,,Pakistan,CO2
GCAM 5.3,NGFS2_Delayed Transition,PAK,Emissions|CO2|Energy|Demand|Transportation|Freight,Mt CO2/yr,,,,,,,10.46866282,,,,,15.78364843,,17.13241706,,,,,18.7561255,20.59712761,21.31140103,20.80157588,19.38153027,13.67783528,8.155051938,3.948839994,1.385047663,0.26775126,0.054355206,0.008390951,0.005620565,0.004651322,0.004018761,0.003569438,,,,Pakistan,CO2
GCAM 5.3,NGFS2_Delayed Transition,PAK,Emissions|CO2|Energy|Demand|Transportation|Passenger,Mt CO2/yr,,,,,,,21.90452419,,,,,27.80360693,,24.51447591,,,,,24.39895245,24.94579425,22.53207245,20.62120279,17.71306145,14.26524637,11.81932785,8.84333142,6.119014574,3.743521948,2.110995542,1.1942461,0.659822531,0.416747124,0.33971313,0.262923113,,,,Pakistan,CO2
GCAM 5.3,NGFS2_Delayed Transition,PAK,Emissions|CO2|Energy|Supply,Mt CO2/yr,,,,,,,42.54724377,,,,,46.86537437,,52.84494447,,,,,60.57539357,70.68882859,39.68722664,29.12096977,11.76333837,3.362331918,-21.86308833,-44.99399354,-50.94484535,-44.46455333,-40.87474671,-44.35811347,-53.27876128,-65.37980207,-79.82733791,-90.5974868,,,,Pakistan,CO2
GCAM 5.3,NGFS2_Delayed Transition,PAK,Emissions|CO2|Energy|Supply|Electricity,Mt CO2/yr,,,,,,,37.54438465,,,,,41.07682185,,46.39559114,,,,,53.06057804,61.52264035,32.10342368,21.03767916,3.188735124,-5.053257814,-27.27898304,-44.08504309,-45.51649543,-34.59693762,-25.4112586,-21.31575566,-20.80347229,-26.89626921,-36.42500584,-43.2500844,,,,Pakistan,CO2
GCAM 5.3,NGFS2_Delayed Transition,PAK,Emissions|CO2|Industrial Processes,Mt CO2/yr,,,,,,,15.83533762,,,,,16.2852008,,19.6452845,,,,,24.53203347,31.47160455,28.6401989,31.80108355,31.95760306,27.1721804,27.40607829,24.22528104,20.40887958,16.18992156,10.96234336,4.501007578,-3.456816169,-8.951033882,-13.51820719,-18.00526145,,,,Pakistan,CO2
GCAM 5.3,NGFS2_Delayed Transition,PAK,Emissions|N2O|AFOLU,kt N2O/yr,,,,,,,77.70974973,,,,,84.56570917,,92.7227814,,,,,100.2367943,108.1895051,91.99558425,95.13731153,101.9432789,108.3551498,111.0731085,113.4598417,115.2464134,116.6992225,117.8528552,118.6776334,119.2636253,119.5209988,119.6493172,119.5614486,,,,Pakistan,N2O
GCAM 5.3,NGFS2_Delayed Transition,PAK,Emissions|N2O|AFOLU|Agriculture,kt N2O/yr,,,,,,,77.03388625,,,,,83.9095909,,91.98743236,,,,,99.40881082,107.2212905,90.89801237,94.00109608,100.7593399,107.1173689,109.7655353,112.0817552,113.7738555,114.9537696,115.7335983,116.1153897,116.2002359,115.9169753,115.4691055,114.7610305,,,,Pakistan,N2O
GCAM 5.3,NGFS2_Divergent Net Zero Policies,PAK,Carbon Sequestration|CCS|Biomass,Mt CO2/yr,,,,,,,0.0,,,,,0.0,,0.0,,,,,0.065010043,0.558960834,5.12151123,13.68558374,19.31958079,16.45975276,24.6146752,38.44474766,48.36312733,55.02104555,60.56582893,66.56055895,73.91714344,87.88760771,103.8332081,113.1593752,,,,Pakistan,
GCAM 5.3,NGFS2_Divergent Net Zero Policies,PAK,Carbon Sequestration|CCS|Biomass|Energy|Demand|Industry,Mt CO2/yr,,,,,,,0.0,,,,,0.0,,0.0,,,,,0.0,0.0,0.0,0.0,0.0,0.0,0.0,0.0,0.0,0.0,0.0,0.0,0.0,0.0,0.0,0.0,,,,Pakistan,
GCAM 5.3,NGFS2_Divergent Net Zero Policies,PAK,Carbon Sequestration|CCS|Biomass|Energy|Supply,Mt CO2/yr,,,,,,,0.0,,,,,0.0,,0.0,,,,,0.065010043,0.558960834,5.12151123,13.68558374,19.31958079,16.45975276,24.6146752,38.44474766,48.36312733,55.02104555,60.56582893,66.56055895,73.91714344,87.88760771,103.8332081,113.1593752,,,,Pakistan,
GCAM 5.3,NGFS2_Divergent Net Zero Policies,PAK,Carbon Sequestration|CCS|Biomass|Energy|Supply|Electricity,Mt CO2/yr,,,,,,,0.0,,,,,0.0,,0.0,,,,,0.065010043,0.558960834,4.865430536,13.22139536,18.76587172,15.63874618,23.11174645,35.44564957,44.2747515,50.4863028,55.86766315,61.19275036,68.42889055,82.0876908,97.83944656,106.6578027,,,,Pakistan,
GCAM 5.3,NGFS2_Divergent Net Zero Policies,PAK,Carbon Sequestration|CCS|Biomass|Energy|Supply|Hydrogen,Mt CO2/yr,,,,,,,0.0,,,,,0.0,,0.0,,,,,0.0,0.0,0.236292855,0.374264034,0.40425737,0.663076394,1.083991432,2.04828452,2.460641557,2.396350218,2.153888196,2.309508877,2.069778521,2.080723522,2.223155202,2.539346564,,,,Pakistan,
GCAM 5.3,NGFS2_Divergent Net Zero Policies,PAK,Carbon Sequestration|CCS|Biomass|Energy|Supply|Liquids,Mt CO2/yr,,,,,,,0.0,,,,,0.0,,0.0,,,,,0.0,0.0,0.019787839,0.089924347,0.149451695,0.157930182,0.418937322,0.950813573,1.62773427,2.138392533,2.54427758,3.058299711,3.418474363,3.719193396,3.770606317,3.962225944,,,,Pakistan,
GCAM 5.3,NGFS2_Divergent Net Zero Policies,PAK,Emissions|CH4|AFOLU,Mt CH4/yr,,,,,,,4.738568796,,,,,5.2950983,,5.850670402,,,,,4.261835393,4.381112011,4.381424677,4.46875359,4.382210637,4.007493198,4.131596874,4.212838509,4.17555945,4.195046794,4.214987588,4.023761279,4.066234948,4.128815366,4.199830729,4.179122349,,,,Pakistan,CH4
GCAM 5.3,NGFS2_Divergent Net Zero Policies,PAK,Emissions|CH4|AFOLU|Agriculture,Mt CH4/yr,,,,,,,4.734529611,,,,,5.291177118,,5.846771291,,,,,4.257978289,4.37727519,4.377613489,4.464957499,4.378434399,4.003733421,4.127843712,4.209089216,4.171813444,4.191303179,4.211245644,4.020020302,4.062494493,4.125075164,4.196090376,4.175381356,,,,Pakistan,CH4
GCAM 5.3,NGFS2_Divergent Net Zero Policies,PAK,Emissions|CH4|Energy|Demand|Industry,Mt CH4/yr,,,,,,,0.006520921,,,,,0.007141891,,0.008480543,,,,,0.009240757,0.010403901,0.009490264,0.008142584,0.006292229,0.002499219,0.001623661,0.001004393,0.000468978,0.000302695,0.000249809,0.000144106,0.000141987,0.000149373,0.000173093,0.000180069,,,,Pakistan,CH4
GCAM 5.3,NGFS2_Divergent Net Zero Policies,PAK,Emissions|CH4|Energy|Demand|Residential and Commercial,Mt CH4/yr,,,,,,,0.199533621,,,,,0.221789334,,0.201230253,,,,,0.232986558,0.218162492,0.192620228,0.159362277,0.134039806,0.126875511,0.101824592,0.077102192,0.058263176,0.041269903,0.028541802,0.021615407,0.014703139,0.009935587,0.006777693,0.005105942,,,,Pakistan,CH4
GCAM 5.3,NGFS2_Divergent Net Zero Policies,PAK,Emissions|CH4|Energy|Demand|Transportation,Mt CH4/yr,,,,,,,0.007009797,,,,,0.010568707,,0.010403519,,,,,0.008176964,0.008013926,0.007419097,0.005059012,0.003348328,0.001950144,0.000873195,0.000290099,0.0001546,9.46e-05,7.11e-05,6.29e-05,4.42e-05,3.15e-05,4.85e-05,4.29e-05,,,,Pakistan,CH4
GCAM 5.3,NGFS2_Divergent Net Zero Policies,PAK,Emissions|CH4|Energy|Supply,Mt CH4/yr,,,,,,,1.486166411,,,,,1.391002017,,1.301153437,,,,,0.045539454,0.015234978,0.002382853,0.001052507,0.000476936,0.000371039,0.000455345,0.00059375,0.000681086,0.000755487,0.000824911,0.000856686,0.000948073,0.001123614,0.001330104,0.001417715,,,,Pakistan,CH4
GCAM 5.3,NGFS2_Divergent Net Zero Policies,PAK,Emissions|CO2|AFOLU,Mt CO2/yr,,,,,,,9.041402517,,,,,13.66850732,,6.064592972,,,,,4.179269915,2.293946857,0.4086238,-1.476699258,-3.362022315,-5.247345373,-4.637866553,-4.028387734,-3.418908914,-2.809430095,-2.199951275,-1.590472456,-0.980993636,-0.371514817,0.237964003,0.847442822,,,,Pakistan,CO2
GCAM 5.3,NGFS2_Divergent Net Zero Policies,PAK,Emissions|CO2|Energy and Industrial Processes,Mt CO2/yr,,,,,,,155.0472544,,,,,177.0117024,,196.7837798,,,,,157.0304816,157.9123442,142.7284005,118.9163384,87.63968161,60.76490142,47.09851557,30.56164766,18.52754519,14.91381623,14.1331654,7.692247304,6.306714801,-0.009169788,-8.357954607,7.781914516,,,,Pakistan,CO2
GCAM 5.3,NGFS2_Divergent Net Zero Policies,PAK,Emissions|CO2|Energy|Demand,Mt CO2/yr,,,,,,,96.66467304,,,,,113.8611273,,124.2935508,,,,,100.5457066,105.2359368,97.72336005,81.99334595,65.13037812,41.99580951,32.85780888,26.59937971,22.24513434,21.66295152,22.56482164,21.57880829,23.11470677,25.11306244,27.45750894,28.97753104,,,,Pakistan,CO2
GCAM 5.3,NGFS2_Divergent Net Zero Policies,PAK,Emissions|CO2|Energy|Demand|Industry,Mt CO2/yr,,,,,,,45.41571252,,,,,48.35598813,,59.76041368,,,,,58.64045141,64.03851484,58.73539014,51.49312502,43.13248609,28.21479624,21.74122299,16.00967291,10.87709091,8.821266094,8.174269811,6.704376309,6.828524735,7.348545147,7.969958091,8.224383452,,,,Pakistan,CO2
GCAM 5.3,NGFS2_Divergent Net Zero Policies,PAK,Emissions|CO2|Energy|Demand|Residential and Commercial,Mt CO2/yr,,,,,,,15.34801085,,,,,19.33473557,,20.01920765,,,,,7.381642258,6.966866602,6.529743378,6.895150087,5.632317266,3.967657787,5.39304193,6.907401243,8.064698338,9.35201751,10.48102686,11.01513758,11.86666098,12.57829375,13.18183251,13.72873002,,,,Pakistan,CO2
GCAM 5.3,NGFS2_Divergent Net Zero Policies,PAK,Emissions|CO2|Energy|Demand|Residential and Commercial|Commercial,Mt CO2/yr,,,,,,,2.982950205,,,,,4.551371047,,4.307157429,,,,,1.013379141,0.916627218,0.798836647,0.790017672,0.578193281,0.332204428,0.399906188,0.479913016,0.526883589,0.618179051,0.728916714,0.73080049,0.875305044,1.061599869,1.299671152,1.488557973,,,,Pakistan,CO2
GCAM 5.3,NGFS2_Divergent Net Zero Policies,PAK,Emissions|CO2|Energy|Demand|Residential and Commercial|Residential,Mt CO2/yr,,,,,,,12.36506065,,,,,14.78336453,,15.71205022,,,,,6.368263117,6.050239385,5.730906731,6.105132414,5.054123985,3.635453359,4.993135742,6.427488226,7.537814749,8.733838458,9.752110145,10.28433709,10.99135594,11.51669388,11.88216136,12.24017205,,,,Pakistan,CO2
GCAM 5.3,NGFS2_Divergent Net Zero Policies,PAK,Emissions|CO2|Energy|Demand|Transportation,Mt CO2/yr,,,,,,,35.90094966,,,,,46.17040356,,44.51392946,,,,,34.52361296,34.23055532,32.45822653,23.60507084,16.36557476,9.81335548,5.723543959,3.68230555,3.303345091,3.48966792,3.909524974,3.859294396,4.419521048,5.186223545,6.305718347,7.02441757,,,,Pakistan,CO2
GCAM 5.3,NGFS2_Divergent Net Zero Policies,PAK,Emissions|CO2|Energy|Demand|Transportation|Freight,Mt CO2/yr,,,,,,,10.46866282,,,,,15.78364843,,17.13241706,,,,,15.28028982,15.91088702,15.98338814,9.785436225,5.974394941,3.168858712,1.087416016,0.057994734,0.005459812,0.005519658,0.005995835,0.00475522,0.005488416,0.006613597,0.008286802,0.009110524,,,,Pakistan,CO2
GCAM 5.3,NGFS2_Divergent Net Zero Policies,PAK,Emissions|CO2|Energy|Demand|Transportation|Passenger,Mt CO2/yr,,,,,,,21.90452419,,,,,27.80360693,,24.51447591,,,,,17.0281642,15.88281951,13.92097032,11.03909255,7.93034973,4.997706032,2.659656772,1.273119001,0.726985536,0.510206841,0.455541532,0.419909468,0.381928925,0.38944982,0.539895183,0.550365364,,,,Pakistan,CO2
GCAM 5.3,NGFS2_Divergent Net Zero Policies,PAK,Emissions|CO2|Energy|Supply,Mt CO2/yr,,,,,,,42.54724377,,,,,46.86537437,,52.84494447,,,,,39.44453051,32.51561856,21.5037565,9.926641549,-4.793019271,-5.763854656,-13.64857298,-27.09099858,-36.82119146,-42.85354117,-47.57138059,-53.47249854,-60.56208682,-74.18316429,-89.41737047,-77.49021078,,,,Pakistan,CO2
GCAM 5.3,NGFS2_Divergent Net Zero Policies,PAK,Emissions|CO2|Energy|Supply|Electricity,Mt CO2/yr,,,,,,,37.54438465,,,,,41.07682185,,46.39559114,,,,,34.48482614,27.36485504,16.28392413,4.266952644,-10.62691772,-11.04050375,-18.71154635,-31.10151492,-40.06854829,-46.17863328,-51.29762104,-56.5699746,-63.96593253,-77.76275138,-93.37874259,-82.3372997,,,,Pakistan,CO2
GCAM 5.3,NGFS2_Divergent Net Zero Policies,PAK,Emissions|CO2|Industrial Processes,Mt CO2/yr,,,,,,,15.83533762,,,,,16.2852008,,19.6452845,,,,,17.04024447,20.16078891,23.50128391,26.9963509,27.30232277,24.53294657,27.88927966,31.05326653,33.10360231,36.10440587,39.13972435,39.58593755,43.75409486,49.06093206,53.60190692,56.29459425,,,,Pakistan,CO2
GCAM 5.3,NGFS2_Divergent Net Zero Policies,PAK,Emissions|N2O|AFOLU,kt N2O/yr,,,,,,,77.70974973,,,,,84.56570917,,92.7227814,,,,,78.0383622,81.53122985,84.91736493,88.49002035,91.05663075,90.11490103,92.83289325,94.48707973,94.68334326,95.48014894,96.18683198,94.19575588,95.00793638,96.06472035,97.1630087,97.05639946,,,,Pakistan,N2O
GCAM 5.3,NGFS2_Divergent Net Zero Policies,PAK,Emissions|N2O|AFOLU|Agriculture,kt N2O/yr,,,,,,,77.03388625,,,,,83.9095909,,91.98743236,,,,,77.25259056,80.64519233,83.92753764,87.48380787,90.09840169,89.2628709,91.84436286,93.30630619,93.28691335,93.83069675,94.25915697,91.9744559,92.45546491,93.12615073,93.79482912,93.25069354,,,,Pakistan,N2O
GCAM 5.3,NGFS2_Nationally Determined Contributions (NDCs),PAK,Carbon Sequestration|CCS|Biomass,Mt CO2/yr,,,,,,,0.0,,,,,0.0,,0.0,,,,,0.0,0.0,0.0,0.0,0.0,0.0,0.0,0.0,0.0,0.0,0.0,0.0,0.0,0.0,0.0,0.0,,,,Pakistan,
GCAM 5.3,NGFS2_Nationally Determined Contributions (NDCs),PAK,Carbon Sequestration|CCS|Biomass|Energy|Demand|Industry,Mt CO2/yr,,,,,,,0.0,,,,,0.0,,0.0,,,,,0.0,0.0,0.0,0.0,0.0,0.0,0.0,0.0,0.0,0.0,0.0,0.0,0.0,0.0,0.0,0.0,,,,Pakistan,
GCAM 5.3,NGFS2_Nationally Determined Contributions (NDCs),PAK,Carbon Sequestration|CCS|Biomass|Energy|Supply,Mt CO2/yr,,,,,,,0.0,,,,,0.0,,0.0,,,,,0.0,0.0,0.0,0.0,0.0,0.0,0.0,0.0,0.0,0.0,0.0,0.0,0.0,0.0,0.0,0.0,,,,Pakistan,
GCAM 5.3,NGFS2_Nationally Determined Contributions (NDCs),PAK,Carbon Sequestration|CCS|Biomass|Energy|Supply|Electricity,Mt CO2/yr,,,,,,,0.0,,,,,0.0,,0.0,,,,,0.0,0.0,0.0,0.0,0.0,0.0,0.0,0.0,0.0,0.0,0.0,0.0,0.0,0.0,0.0,0.0,,,,Pakistan,
GCAM 5.3,NGFS2_Nationally Determined Contributions (NDCs),PAK,Carbon Sequestration|CCS|Biomass|Energy|Supply|Hydrogen,Mt CO2/yr,,,,,,,0.0,,,,,0.0,,0.0,,,,,0.0,0.0,0.0,0.0,0.0,0.0,0.0,0.0,0.0,0.0,0.0,0.0,0.0,0.0,0.0,0.0,,,,Pakistan,
GCAM 5.3,NGFS2_Nationally Determined Contributions (NDCs),PAK,Carbon Sequestration|CCS|Biomass|Energy|Supply|Liquids,Mt CO2/yr,,,,,,,0.0,,,,,0.0,,0.0,,,,,0.0,0.0,0.0,0.0,0.0,0.0,0.0,0.0,0.0,0.0,0.0,0.0,0.0,0.0,0.0,0.0,,,,Pakistan,
GCAM 5.3,NGFS2_Nationally Determined Contributions (NDCs),PAK,Emissions|CH4|AFOLU,Mt CH4/yr,,,,,,,4.738568796,,,,,5.2950983,,5.848864923,,,,,6.40503651,6.990889486,7.501333757,7.96351019,8.703121197,9.463201907,9.763597805,9.971752056,10.16889666,10.313142,10.42865144,10.50935289,10.55344349,10.56265828,10.54995657,10.51715671,,,,Pakistan,CH4
GCAM 5.3,NGFS2_Nationally Determined Contributions (NDCs),PAK,Emissions|CH4|AFOLU|Agriculture,Mt CH4/yr,,,,,,,4.734529611,,,,,5.291177118,,5.844965657,,,,,6.401162111,6.987040784,7.497505172,7.959698758,8.699326225,9.459421053,9.759824561,9.967984616,10.1651331,10.30938119,10.42489286,10.50559584,10.5496869,10.55890114,10.54619809,10.51339711,,,,Pakistan,CH4
GCAM 5.3,NGFS2_Nationally Determined Contributions (NDCs),PAK,Emissions|CH4|Energy|Demand|Industry,Mt CH4/yr,,,,,,,0.006520921,,,,,0.007141891,,0.008413135,,,,,0.009641083,0.010624683,0.011027411,0.01126012,0.011849768,0.012569771,0.013100904,0.013589225,0.014038802,0.01466304,0.015269957,0.015795986,0.016216563,0.016519447,0.016724438,0.017140128,,,,Pakistan,CH4
GCAM 5.3,NGFS2_Nationally Determined Contributions (NDCs),PAK,Emissions|CH4|Energy|Demand|Residential and Commercial,Mt CH4/yr,,,,,,,0.199533621,,,,,0.221789334,,0.194572278,,,,,0.17564287,0.140480202,0.105315498,0.078801765,0.057023398,0.040930363,0.029122258,0.020748548,0.015134655,0.011409406,0.009043466,0.007606423,0.006767235,0.006271288,0.005928299,0.006543484,,,,Pakistan,CH4
GCAM 5.3,NGFS2_Nationally Determined Contributions (NDCs),PAK,Emissions|CH4|Energy|Demand|Transportation,Mt CH4/yr,,,,,,,0.007009797,,,,,0.010568707,,0.010535988,,,,,0.010867951,0.011505439,0.012133697,0.012167423,0.012370623,0.014737268,0.014856425,0.015886663,0.020811845,0.020353206,0.021285449,0.028189909,0.027158403,0.027880352,0.036916371,0.034883258,,,,Pakistan,CH4
GCAM 5.3,NGFS2_Nationally Determined Contributions (NDCs),PAK,Emissions|CH4|Energy|Supply,Mt CH4/yr,,,,,,,1.486166411,,,,,1.391002017,,1.351776435,,,,,1.156726979,1.055779622,1.082088887,0.966422993,1.000923997,0.982136899,0.964096832,0.95276307,0.923756739,0.921805647,1.148865458,1.373583893,1.552546294,1.746541252,1.94185385,2.019289839,,,,Pakistan,CH4
GCAM 5.3,NGFS2_Nationally Determined Contributions (NDCs),PAK,Emissions|CO2|AFOLU,Mt CO2/yr,,,,,,,9.041402517,,,,,13.66850732,,6.086364134,,,,,5.123652422,4.160940709,3.198228997,2.235517285,1.272805572,0.31009386,-0.652617852,-1.615329565,-2.578041277,-3.540752989,-2.955658886,-2.370564783,-1.78547068,-1.200376577,-0.615282474,-0.030188371,,,,Pakistan,CO2
GCAM 5.3,NGFS2_Nationally Determined Contributions (NDCs),PAK,Emissions|CO2|Energy and Industrial Processes,Mt CO2/yr,,,,,,,155.0472544,,,,,177.0117024,,206.3743061,,,,,241.5057551,295.4648615,371.9789758,456.3613748,551.6747937,652.8532066,763.6051987,869.9430566,989.6641639,1088.713579,1194.615929,1319.066732,1390.512014,1464.653289,1571.855093,1586.09518,,,,Pakistan,CO2
GCAM 5.3,NGFS2_Nationally Determined Contributions (NDCs),PAK,Emissions|CO2|Energy|Demand,Mt CO2/yr,,,,,,,96.66467304,,,,,113.8611273,,124.0967,,,,,138.8031279,161.2444857,184.9379121,210.0428512,242.3080974,277.6285186,316.1162664,350.8418547,398.3214169,427.8928658,460.269017,511.8258006,530.2731593,551.5746755,600.3100427,619.3899683,,,,Pakistan,CO2
GCAM 5.3,NGFS2_Nationally Determined Contributions (NDCs),PAK,Emissions|CO2|Energy|Demand|Industry,Mt CO2/yr,,,,,,,45.41571252,,,,,48.35598813,,59.40196607,,,,,70.96766977,86.87672473,104.354628,124.150197,149.7159595,170.0247468,199.6575651,222.7779923,244.3981333,267.9219443,288.2545874,304.8125088,317.8468929,327.8373086,335.2912835,345.0590794,,,,Pakistan,CO2
GCAM 5.3,NGFS2_Nationally Determined Contributions (NDCs),PAK,Emissions|CO2|Energy|Demand|Residential and Commercial,Mt CO2/yr,,,,,,,15.34801085,,,,,19.33473557,,19.55325612,,,,,21.102263,24.08630563,26.34075543,29.69519634,33.3863308,36.68161444,41.10709433,44.81967506,47.78811767,50.97885024,54.29024939,57.27924045,60.28120848,62.70080767,63.7371844,74.00975191,,,,Pakistan,CO2
GCAM 5.3,NGFS2_Nationally Determined Contributions (NDCs),PAK,Emissions|CO2|Energy|Demand|Residential and Commercial|Commercial,Mt CO2/yr,,,,,,,2.982950205,,,,,4.551371047,,4.254030524,,,,,4.393069638,5.028853201,5.573645801,6.488595534,7.621730316,8.656480348,10.37766979,11.55093111,12.48311096,13.63686783,15.0276328,16.42745117,17.90643864,19.23308825,20.09292628,23.59759895,,,,Pakistan,CO2
GCAM 5.3,NGFS2_Nationally Determined Contributions (NDCs),PAK,Emissions|CO2|Energy|Demand|Residential and Commercial|Residential,Mt CO2/yr,,,,,,,12.36506065,,,,,14.78336453,,15.29922559,,,,,16.70919336,19.05745243,20.76710962,23.20660081,25.76460049,28.02513409,30.72942455,33.26874395,35.30500672,37.34198241,39.26261659,40.85178928,42.37476984,43.46771941,43.64425813,50.41215296,,,,Pakistan,CO2
GCAM 5.3,NGFS2_Nationally Determined Contributions (NDCs),PAK,Emissions|CO2|Energy|Demand|Transportation,Mt CO2/yr,,,,,,,35.90094966,,,,,46.17040356,,45.14147779,,,,,46.7331951,50.2814553,54.24252867,56.19745777,59.20580709,70.92215742,75.35160687,83.24418736,106.135166,108.9920713,117.7241802,149.7340514,152.1450579,161.0365592,201.2815748,200.321137,,,,Pakistan,CO2
GCAM 5.3,NGFS2_Nationally Determined Contributions (NDCs),PAK,Emissions|CO2|Energy|Demand|Transportation|Freight,Mt CO2/yr,,,,,,,10.46866282,,,,,15.78364843,,17.29899236,,,,,18.86831961,20.87485203,23.12809766,24.18177261,26.19354089,35.90125146,35.47646638,38.08876076,54.50713092,51.55646671,53.43660497,76.27593471,70.80941488,71.95737525,102.868834,93.95634269,,,,Pakistan,CO2
GCAM 5.3,NGFS2_Nationally Determined Contributions (NDCs),PAK,Emissions|CO2|Energy|Demand|Transportation|Passenger,Mt CO2/yr,,,,,,,21.90452419,,,,,27.80360693,,24.92707246,,,,,24.51821091,25.29990747,26.06219517,25.7932413,25.33956908,25.73214298,28.24840707,31.20673328,35.27544906,38.41523059,42.26820436,48.2491367,52.72637655,56.96033605,62.83650927,67.19458494,,,,Pakistan,CO2
GCAM 5.3,NGFS2_Nationally Determined Contributions (NDCs),PAK,Emissions|CO2|Energy|Supply,Mt CO2/yr,,,,,,,42.54724377,,,,,46.86537437,,62.63502429,,,,,78.0902471,102.5990562,146.8978351,196.6396093,249.9131797,305.6029941,367.7961995,427.5587918,486.8734221,543.1084198,603.7700139,664.5134027,706.1703016,748.913589,798.8037269,787.0694403,,,,Pakistan,CO2
GCAM 5.3,NGFS2_Nationally Determined Contributions (NDCs),PAK,Emissions|CO2|Energy|Supply|Electricity,Mt CO2/yr,,,,,,,37.54438465,,,,,41.07682185,,56.05602554,,,,,70.45415529,92.83828276,134.8766537,181.6136742,231.1189257,282.1413141,339.7328399,395.2741842,448.8812605,500.2516324,554.0067639,601.0738534,633.381722,664.2663133,687.4579091,661.8984205,,,,Pakistan,CO2
GCAM 5.3,NGFS2_Nationally Determined Contributions (NDCs),PAK,Emissions|CO2|Industrial Processes,Mt CO2/yr,,,,,,,15.83533762,,,,,16.2852008,,19.64258188,,,,,24.61238011,31.62131965,40.14322861,49.67891436,59.45351651,69.62169384,79.69273291,91.54241011,104.4693249,117.7122931,130.5768977,142.7275288,154.0685533,164.1650241,172.7413228,179.6357714,,,,Pakistan,CO2
GCAM 5.3,NGFS2_Nationally Determined Contributions (NDCs),PAK,Emissions|N2O|AFOLU,kt N2O/yr,,,,,,,77.70974973,,,,,84.56570917,,92.71142444,,,,,100.4497885,108.6524849,116.7186081,124.2073233,135.9854595,147.7834612,152.1300559,155.6068367,158.369994,160.5484703,162.3121955,163.6212633,164.4942275,164.835919,164.77406,164.4139594,,,,Pakistan,N2O
GCAM 5.3,NGFS2_Nationally Determined Contributions (NDCs),PAK,Emissions|N2O|AFOLU|Agriculture,kt N2O/yr,,,,,,,77.03388625,,,,,83.9095909,,91.97833141,,,,,99.63479745,107.7370152,115.7232414,123.1942538,134.9486145,146.689417,151.0244734,154.4487328,157.1686495,159.2993767,161.0062073,162.2510285,163.0459417,163.2965719,163.1310751,162.6394712,,,,Pakistan,N2O
GCAM 5.3,NGFS2_Net-Zero 2050,PAK,Carbon Sequestration|CCS|Biomass,Mt CO2/yr,,,,,,,0.0,,,,,0.0,,0.0,,,,,0.001199699,0.01762355,0.521657213,4.114239728,8.692905716,3.023680373,10.56268512,32.2502514,42.5973916,46.27703945,45.67085062,45.50971314,45.58818452,45.78610004,45.29744509,45.45555963,,,,Pakistan,
GCAM 5.3,NGFS2_Net-Zero 2050,PAK,Carbon Sequestration|CCS|Biomass|Energy|Demand|Industry,Mt CO2/yr,,,,,,,0.0,,,,,0.0,,0.0,,,,,0.0,0.0,0.0,0.0,0.0,0.0,0.0,0.0,0.0,0.0,0.0,0.0,0.0,0.0,0.0,0.0,,,,Pakistan,
GCAM 5.3,NGFS2_Net-Zero 2050,PAK,Carbon Sequestration|CCS|Biomass|Energy|Supply,Mt CO2/yr,,,,,,,0.0,,,,,0.0,,0.0,,,,,0.001199699,0.01762355,0.521657213,4.114239728,8.692905716,3.023680373,10.56268512,32.2502514,42.5973916,46.27703945,45.67085062,45.50971314,45.58818452,45.78610004,45.29744509,45.45555963,,,,Pakistan,
GCAM 5.3,NGFS2_Net-Zero 2050,PAK,Carbon Sequestration|CCS|Biomass|Energy|Supply|Electricity,Mt CO2/yr,,,,,,,0.0,,,,,0.0,,0.0,,,,,0.001199699,0.01762355,0.321260808,3.44363728,8.083171972,2.940562484,9.78633153,24.50069862,29.47306481,26.66751898,17.88923212,10.56309892,9.635748499,9.587377132,9.335082979,4.599680741,,,,Pakistan,
GCAM 5.3,NGFS2_Net-Zero 2050,PAK,Carbon Sequestration|CCS|Biomass|Energy|Supply|Hydrogen,Mt CO2/yr,,,,,,,0.0,,,,,0.0,,0.0,,,,,0.0,0.0,0.099454309,0.3642313,0.283417226,0.07135884,0.379881368,1.448652465,1.302722785,1.090866433,0.77445507,0.55206805,0.452158708,0.428105372,0.441426373,0.376904034,,,,Pakistan,
GCAM 5.3,NGFS2_Net-Zero 2050,PAK,Carbon Sequestration|CCS|Biomass|Energy|Supply|Liquids,Mt CO2/yr,,,,,,,0.0,,,,,0.0,,0.0,,,,,0.0,0.0,0.100942096,0.306371148,0.326316518,0.01175905,0.396472226,6.300900314,11.821604,18.51865403,27.00716344,34.39454618,35.50027731,35.77061753,35.52093574,40.47897485,,,,Pakistan,
GCAM 5.3,NGFS2_Net-Zero 2050,PAK,Emissions|CH4|AFOLU,Mt CH4/yr,,,,,,,4.738568796,,,,,5.2950983,,5.850758129,,,,,4.50942129,4.213135209,3.930552811,3.840526889,3.721194814,3.145348584,2.484154174,2.203137187,2.111125026,1.802151656,1.432815154,1.112149759,1.070326151,0.97938154,0.897613049,0.763321494,,,,Pakistan,CH4
GCAM 5.3,NGFS2_Net-Zero 2050,PAK,Emissions|CH4|AFOLU|Agriculture,Mt CH4/yr,,,,,,,4.734529611,,,,,5.291177118,,5.846859039,,,,,4.505570627,4.209312599,3.926764061,3.836758039,3.71743462,3.14158908,2.480383507,2.199359442,2.107343933,1.798360018,1.429006147,1.108318927,1.066489401,0.975534023,0.893754332,0.759443375,,,,Pakistan,CH4
GCAM 5.3,NGFS2_Net-Zero 2050,PAK,Emissions|CH4|Energy|Demand|Industry,Mt CH4/yr,,,,,,,0.006520921,,,,,0.007141891,,0.008487073,,,,,0.009766223,0.011365074,0.011359505,0.01110099,0.009949519,0.007847293,0.005195073,0.002914323,0.001502472,0.00058199,0.000209649,6.68e-05,4.88e-05,2.81e-05,1.76e-05,6.92e-06,,,,Pakistan,CH4
GCAM 5.3,NGFS2_Net-Zero 2050,PAK,Emissions|CH4|Energy|Demand|Residential and Commercial,Mt CH4/yr,,,,,,,0.199533621,,,,,0.221789334,,0.201232321,,,,,0.162449176,0.111488626,0.069311989,0.042009041,0.01991681,0.005312197,0.002260601,0.001611648,0.001424106,0.001269724,0.001185493,0.001142758,0.001178025,0.001198832,0.001216586,0.001216387,,,,Pakistan,CH4
GCAM 5.3,NGFS2_Net-Zero 2050,PAK,Emissions|CH4|Energy|Demand|Transportation,Mt CH4/yr,,,,,,,0.007009797,,,,,0.010568707,,0.010404085,,,,,0.01049242,0.010779314,0.010932697,0.010440661,0.009560028,0.007783365,0.005391284,0.003740685,0.002875183,0.002107199,0.00156729,0.001187137,0.000852864,0.000592109,0.000491909,0.000350162,,,,Pakistan,CH4
GCAM 5.3,NGFS2_Net-Zero 2050,PAK,Emissions|CH4|Energy|Supply,Mt CH4/yr,,,,,,,1.486166411,,,,,1.391002017,,1.300694707,,,,,0.022608281,0.00097037,0.000673092,0.000640883,0.000472168,0.000289537,0.000384663,0.000679413,0.000880726,0.000992521,0.0010676,0.00115836,0.001261192,0.001362279,0.001467641,0.001567658,,,,Pakistan,CH4
GCAM 5.3,NGFS2_Net-Zero 2050,PAK,Emissions|CO2|AFOLU,Mt CO2/yr,,,,,,,9.041402517,,,,,13.66850732,,6.073824656,,,,,4.639135463,3.20444627,1.769757077,0.335067884,-0.259388535,-0.853844954,-1.448301373,-2.042757792,-2.63721421,-3.231670629,-3.826127048,-4.420583467,-5.015039886,-5.609496305,-6.203952723,-6.798409142,,,,Pakistan,CO2
GCAM 5.3,NGFS2_Net-Zero 2050,PAK,Emissions|CO2|Energy and Industrial Processes,Mt CO2/yr,,,,,,,155.0472544,,,,,177.0117024,,196.7611822,,,,,202.0379893,208.4836153,205.7185521,201.5626723,187.1894153,163.3395686,130.9974271,88.83103117,69.45530227,52.68828007,38.64697389,24.49310705,26.52598662,26.27379952,27.38387638,29.11360193,,,,Pakistan,CO2
GCAM 5.3,NGFS2_Net-Zero 2050,PAK,Emissions|CO2|Energy|Demand,Mt CO2/yr,,,,,,,96.66467304,,,,,113.8611273,,124.2890469,,,,,129.9743012,139.1684009,140.9471035,138.4241529,133.5526179,114.653653,90.26023659,69.62085016,58.58541985,47.60573902,38.72777103,31.84814665,31.82069077,31.26341039,31.25100923,28.33866042,,,,Pakistan,CO2
GCAM 5.3,NGFS2_Net-Zero 2050,PAK,Emissions|CO2|Energy|Demand|Industry,Mt CO2/yr,,,,,,,45.41571252,,,,,48.35598813,,59.75587504,,,,,65.83017568,73.11677994,73.10137434,70.59422127,68.71411819,60.88820944,47.41523663,34.2335669,25.31654425,18.35179871,13.51284565,9.853493613,9.682348728,9.106546301,8.570506565,7.218760251,,,,Pakistan,CO2
GCAM 5.3,NGFS2_Net-Zero 2050,PAK,Emissions|CO2|Energy|Demand|Residential and Commercial,Mt CO2/yr,,,,,,,15.34801085,,,,,19.33473557,,20.01917088,,,,,19.24066428,19.48291154,20.03147981,21.16710508,20.06410288,15.31403109,13.55435208,13.31564334,13.63689526,13.42364528,13.01770892,12.65868134,13.11875641,13.41583577,13.66369065,13.54506871,,,,Pakistan,CO2
GCAM 5.3,NGFS2_Net-Zero 2050,PAK,Emissions|CO2|Energy|Demand|Residential and Commercial|Commercial,Mt CO2/yr,,,,,,,2.982950205,,,,,4.551371047,,4.307729155,,,,,3.788292584,3.614882392,3.550534045,3.692814114,3.360019742,2.222886538,1.778466325,1.734481407,1.878709222,1.797622797,1.597069185,1.387309185,1.585130798,1.712051681,1.835193769,1.651002328,,,,Pakistan,CO2
GCAM 5.3,NGFS2_Net-Zero 2050,PAK,Emissions|CO2|Energy|Demand|Residential and Commercial|Residential,Mt CO2/yr,,,,,,,12.36506065,,,,,14.78336453,,15.71144172,,,,,15.45237169,15.86802915,16.48094576,17.47429097,16.70408314,13.09114455,11.77588575,11.58116194,11.75818604,11.62602249,11.42063974,11.27137216,11.53362561,11.70378409,11.82849688,11.89406638,,,,Pakistan,CO2
GCAM 5.3,NGFS2_Net-Zero 2050,PAK,Emissions|CO2|Energy|Demand|Transportation,Mt CO2/yr,,,,,,,35.90094966,,,,,46.17040356,,44.51400098,,,,,44.90346121,46.56870941,47.81424939,46.66282658,44.77439683,38.4514125,29.29064788,22.07163992,19.63198034,15.83029503,12.19721646,9.335971698,9.019585633,8.741028318,9.01681202,7.574831459,,,,Pakistan,CO2
GCAM 5.3,NGFS2_Net-Zero 2050,PAK,Emissions|CO2|Energy|Demand|Transportation|Freight,Mt CO2/yr,,,,,,,10.46866282,,,,,15.78364843,,17.13205887,,,,,18.36606201,19.83430664,21.23751059,20.96240342,20.52888352,16.71216779,10.6370155,5.412084223,2.322251306,0.758572619,0.193788728,0.080821514,0.04526965,0.026323537,0.021395763,0.014285564,,,,Pakistan,CO2
GCAM 5.3,NGFS2_Net-Zero 2050,PAK,Emissions|CO2|Energy|Demand|Transportation|Passenger,Mt CO2/yr,,,,,,,21.90452419,,,,,27.80360693,,24.51488336,,,,,23.35739146,23.01087678,22.2846145,20.72130145,18.58860772,16.09011437,12.92652231,10.75198384,10.90724572,8.792419992,6.346553724,4.282016514,3.219327356,2.353044318,2.035755099,1.387737425,,,,Pakistan,CO2
GCAM 5.3,NGFS2_Net-Zero 2050,PAK,Emissions|CO2|Energy|Supply,Mt CO2/yr,,,,,,,42.54724377,,,,,46.86537437,,52.82633855,,,,,50.80444906,44.49410423,36.70578841,31.24306397,18.73789582,13.06008205,3.742707216,-18.48718983,-28.50758986,-32.59259374,-32.7507108,-33.29884014,-32.84343341,-32.65536885,-31.4624546,-18.22806215,,,,Pakistan,CO2
GCAM 5.3,NGFS2_Net-Zero 2050,PAK,Emissions|CO2|Energy|Supply|Electricity,Mt CO2/yr,,,,,,,37.54438465,,,,,41.07682185,,46.37797363,,,,,44.09671823,37.43916325,29.34414021,23.24981894,9.840911322,3.762163996,-4.709906435,-19.7065545,-24.50882902,-21.71899833,-13.13480317,-6.189505634,-5.631911526,-6.043666486,-5.99767656,11.53048025,,,,Pakistan,CO2
GCAM 5.3,NGFS2_Net-Zero 2050,PAK,Emissions|CO2|Industrial Processes,Mt CO2/yr,,,,,,,15.83533762,,,,,16.2852008,,19.64579678,,,,,21.25923906,24.82111019,28.06566014,31.89545538,34.89890153,35.62583352,36.9944833,37.69737084,39.37747229,37.67513478,32.66991366,25.94380053,27.54872926,27.66575797,27.59532174,19.00300367,,,,Pakistan,CO2
GCAM 5.3,NGFS2_Net-Zero 2050,PAK,Emissions|N2O|AFOLU,kt N2O/yr,,,,,,,77.70974973,,,,,84.56570917,,92.72427792,,,,,82.21509586,80.89517769,81.55316326,83.6262417,84.87618833,79.31805562,69.17929372,64.65036622,63.17698681,58.1831088,52.03351666,46.30165514,45.33397458,43.32535988,41.40472106,38.25737673,,,,Pakistan,N2O
GCAM 5.3,NGFS2_Net-Zero 2050,PAK,Emissions|N2O|AFOLU|Agriculture,kt N2O/yr,,,,,,,77.03388625,,,,,83.9095909,,91.98826328,,,,,81.37572789,79.76356141,79.63008781,80.96054222,82.33007354,76.90940082,66.89045546,62.40353179,60.96421999,56.01446417,49.92927064,44.37245203,43.45141975,41.54869052,39.70159068,36.61306279,,,,Pakistan,N2O
GCAM 5.3,R_BAU,PAK,Emissions|CH4|AFOLU,Mt CH4/yr,,,,3.32077326930029,,,3.86339481722767,,,,,4.44022416226603,,5.06984008811885,,,,,5.56672377124715,6.28904219507878,7.0831444719746,7.91246462120394,8.74371304662462,9.57649133746356,10.337075500111,11.0416490910941,11.7038385181304,12.3533673772481,12.9954111272022,13.5757212616991,14.0834370408628,14.5083150483025,14.8635921904427,15.1497231311422,,,,Pakistan,CH4
GCAM 5.3,R_BAU,PAK,Emissions|CO2|AFOLU,Mt CO2/yr,,,,-2.73126287369598,,,9.04140251746979,,,,,-10.2799840800329,,24.4893635949327,,,,,14.8973333110453,11.9619559898398,9.13976864250446,9.25797993447819,9.25630225854564,7.8965246503056,4.55511094625216,2.75714607949175,0.219850948434981,-0.372025810644712,0.451081925835681,0.897582451431152,0.951008795409846,0.926412874002784,0.897881677595529,0.986147926098024,,,,Pakistan,CO2
GCAM 5.3,R_BAU,PAK,Emissions|CO2|Energy and Industrial Processes,Mt CO2/yr,,,,130.002750838431,,,155.046716015155,,,,,177.011176315217,,220.381329355143,,,,,246.83131012366,298.544652256945,357.439298260471,426.611596923929,502.081404241711,582.711084428117,667.96629865378,756.210469339611,841.396831195738,936.888127019432,1029.69553167023,1116.38581308191,1197.87431751114,1275.00927119079,1350.61927554779,1426.63103571248,,,,Pakistan,CO2
GCAM 5.3,R_BAU,PAK,Emissions|CO2|Energy|Demand,Mt CO2/yr,,,,75.4355363725365,,,80.7068333527991,,,,,97.9031975062637,,114.685912181836,,,,,127.564968468965,152.256091369475,180.771319789887,213.496039180524,249.32881153107,287.308079843768,328.323183094318,371.986017442617,418.2081072317,466.440855846836,513.712036601782,557.532689207996,597.459000277045,634.036805038739,666.110335356276,696.448169360848,,,,Pakistan,CO2
GCAM 5.3,R_BAU,PAK,Emissions|CO2|Energy|Demand|Industry,Mt CO2/yr,,,,33.4188974653138,,,29.4583711392478,,,,,32.3986907424804,,41.1445989152529,,,,,47.392724724632,58.949328444457,72.678410539719,88.9073685666516,106.649159549451,125.124653508619,143.457397063165,162.024055178596,180.935146908969,199.308685762143,215.582584275748,229.210173876914,239.658370301393,247.100919128464,251.570082289014,254.932286944829,,,,Pakistan,CO2
GCAM 5.3,R_BAU,PAK,Emissions|CO2|Energy|Demand|Residential and Commercial,Mt CO2/yr,,,,12.5247100261386,,,15.3480108498742,,,,,19.3347356998652,,20.688079336755,,,,,22.2178055232397,25.8909901849917,29.8955091199302,34.2457574260225,38.9752698493267,43.8387956345763,48.9557123680209,54.4435328336379,59.9011427761795,65.4061133940574,70.3516410414863,73.5852009972319,75.6845605890248,77.3120646259756,77.7590504859033,78.1792251360357,,,,Pakistan,CO2
GCAM 5.3,R_BAU,PAK,Emissions|CO2|Energy|Demand|Residential and Commercial|Commercial,Mt CO2/yr,,,,2.574062567339,,,2.9829502045106,,,,,4.5513710470943,,4.6188182815918,,,,,4.9690515537389,5.84500903027573,6.85513910913384,7.99225343468541,9.26268721733292,10.6794020185643,12.255357056513,14.0396185058862,15.9553379847616,18.0054038569938,20.0455874989932,21.7100210159994,23.0699710797807,24.2865607857755,25.1100606146793,25.8198704632776,,,,Pakistan,CO2
GCAM 5.3,R_BAU,PAK,Emissions|CO2|Energy|Demand|Residential and Commercial|Residential,Mt CO2/yr,,,,9.95064745879957,,,12.3650606453636,,,,,14.7833646527709,,16.0692610551632,,,,,17.2487539695008,20.045981154716,23.0403700107964,26.2535039913371,29.7125826319938,33.159393616012,36.700355311508,40.4039143277517,43.9458047914179,47.4007095370636,50.3060535424931,51.8751799812324,52.6145895092441,53.0255038402001,52.6489898712241,52.3593546727581,,,,Pakistan,CO2
GCAM 5.3,R_BAU,PAK,Emissions|CO2|Energy|Demand|Transportation,Mt CO2/yr,,,,29.4919288810842,,,35.9004513636771,,,,,46.1697710639182,,52.8532339298277,,,,,57.954438221093,67.4157727400266,78.197400130238,90.3429131878499,103.704382132293,118.344630700572,135.910073663132,155.518429430382,177.371817546552,201.726056690636,227.777811284547,254.73731433385,282.116069386627,309.623821284299,336.781202581358,363.336657279983,,,,Pakistan,CO2
GCAM 5.3,R_BAU,PAK,Emissions|CO2|Energy|Supply,Mt CO2/yr,,,,35.8999177169619,,,42.5472102545945,,,,,46.8654432035848,,63.6229821654334,,,,,70.0667447621352,84.9679887656811,102.401591587524,124.502659465956,149.029411167575,176.467478788786,205.181696897427,234.079202800663,257.225215804736,288.670520142195,319.020076844163,348.500998784429,378.436847899465,408.747124734321,443.415715863012,481.593083156102,,,,Pakistan,CO2
GCAM 5.3,R_BAU,PAK,Emissions|CO2|Energy|Supply|Electricity,Mt CO2/yr,,,,33.3676478200889,,,37.5443694664575,,,,,41.0769126773548,,55.9385573790496,,,,,61.193483261332,73.3937291565955,87.3628263425243,104.806985805265,123.444316410101,143.829203722939,165.003707671498,186.184543438619,201.607587773345,224.247062707059,245.381759312565,263.977447070384,281.660284956734,299.370184802854,319.545146276158,341.059672080743,,,,Pakistan,CO2
GCAM 5.3,R_BAU,PAK,Emissions|CO2|Energy|Supply|Gases,Mt CO2/yr,,,,1.022186092926,,,3.243067961491,,,,,3.526420653917,,4.46660258512055,,,,,5.13414227980822,6.47816699195416,8.10550406437291,10.1185909254073,12.4830169636357,15.2142557347353,18.2431670229881,21.4786710259291,24.5915970826886,28.2085532057342,31.7968399525698,36.2726833608734,41.7378195488239,47.5378675252973,55.0343866947046,64.422549182723,,,,Pakistan,CO2
GCAM 5.3,R_BAU,PAK,Emissions|CO2|Energy|Supply|Liquids,Mt CO2/yr,,,,1.510083803947,,,1.759772826646,,,,,2.262109872313,,3.17294452266376,,,,,3.62931892954647,4.87280189930007,6.53867045161887,8.92995259756955,12.0996352286391,15.9332276469755,20.0747652602182,24.1482460964109,28.3253931220907,32.9898706586599,38.037570635342,43.8039917888099,49.905988443272,55.9705500748093,62.1724808934786,68.8788379039015,,,,Pakistan,CO2
GCAM 5.3,R_BAU,PAK,Emissions|CO2|Energy|Supply|Solids,Mt CO2/yr,,,,0.0,,,0.0,,,,,0.0,,-3.30000030497933e-05,,,,,-3.29999676228968e-05,-1.46666578786424e-05,0.0,-1.09999674545803e-05,0.0,-0.0001429993547404,0.0,-7.6999835241071e-05,-0.0001466663573464,-2.56666590510491e-05,-0.0001393331272966,-0.0001686662999642,0.0,0.0,0.0,0.0,,,,Pakistan,CO2
GCAM 5.3,R_BAU,PAK,Emissions|CO2|Industrial Processes,Mt CO2/yr,,,,18.6672967489324,,,31.7926724077611,,,,,32.2425356053681,,42.0724350078741,,,,,49.1995968925602,61.3205721217887,74.2663868830592,88.6128982774499,103.723181543066,118.935525795563,134.461418662036,150.145249096331,165.963508159302,181.776751030401,196.963418224289,210.352125089484,221.978469334628,232.225341417725,241.0932243285,248.589783195535,,,,Pakistan,CO2
GCAM 5.3,R_BAU,PAK,Emissions|N2O|AFOLU,kt N2O/yr,,,,43.305999250667,,,48.357084841711,,,,,52.42958560616,,55.409404862295,,,,,59.958026213747,64.674396150517,70.2280511596179,75.364017603786,80.4172176484221,84.939453698027,84.367671132713,82.855399585969,83.3857745403299,84.88250853881,86.365710297345,87.5844914990701,88.6432978081761,89.494709525284,90.176494322445,90.664710555866,,,,Pakistan,N2O
GCAM 5.3,R_MAC_30_n0,PAK,Carbon Sequestration|CCS|Biomass,Mt CO2/yr,,,,0.0,,,0.0,,,,,0.0,,0.0,,,,,14.1411345199741,70.2228396516438,73.9656889552359,87.0268490592519,86.8883894635573,84.045683275806,89.4207619500551,105.502725577471,123.674457327964,141.738589258274,161.008741619374,177.975822299005,191.932664953578,204.903980823801,215.130962351804,229.155728136865,,,,Pakistan,
GCAM 5.3,R_MAC_30_n0,PAK,Emissions|CH4|AFOLU,Mt CH4/yr,,,,3.32077326930029,,,3.86339481722767,,,,,4.44022416226603,,5.05081857859685,,,,,5.31341624249191,6.13655877331706,6.78553180259548,7.69194178353149,8.49150416241703,9.29249179602581,10.1197747204346,10.9756242627612,11.7235410774176,12.3862263294735,12.9757265991965,13.491577554869,13.9355596128614,14.3103178060066,14.6264713137981,14.8876248737378,,,,Pakistan,CH4
GCAM 5.3,R_MAC_30_n0,PAK,Emissions|CO2|AFOLU,Mt CO2/yr,,,,-2.73126287369598,,,9.04140251746979,,,,,-10.2799840800329,,24.4893635949327,,,,,16.2896831496943,15.7235269967405,1.41317008181611,-2.80125593062314,-1.43072171400493,-2.01028486832239,-0.695514348128255,-2.28871461136682,-2.70341649324646,-1.72467049171702,-1.06796940303822,-0.644518000544382,0.984897367655874,1.19684153357233,0.809857824852012,-0.107939665794691,,,,Pakistan,CO2
GCAM 5.3,R_MAC_30_n0,PAK,Emissions|CO2|Energy and Industrial Processes,Mt CO2/yr,,,,130.002750838431,,,155.046716015155,,,,,177.011176315217,,220.381331395218,,,,,125.240851863216,10.9258866534597,42.6409828855936,41.2932762451399,60.2105485580126,84.390386186239,97.3306861531513,100.828556232251,104.926294070984,110.611856951122,109.895012103288,106.712498215644,107.881660224441,109.144097451777,112.481413657987,111.77878176948,,,,Pakistan,CO2
GCAM 5.3,R_MAC_30_n0,PAK,Emissions|CO2|Energy|Demand,Mt CO2/yr,,,,75.4355363725365,,,80.7068333527991,,,,,97.9031975062637,,114.685913533163,,,,,87.8015656684201,58.3593137689147,81.7425196717408,89.7389886408076,102.104156738618,116.090231463952,127.13254298016,138.375983951772,151.714182232764,166.950389623259,180.317303710376,190.316061572563,201.278837418723,211.181212442126,220.141381426701,228.917321664255,,,,Pakistan,CO2
GCAM 5.3,R_MAC_30_n0,PAK,Emissions|CO2|Energy|Demand|Industry,Mt CO2/yr,,,,33.4188974653138,,,29.4583711392478,,,,,32.3986907424804,,41.1445990485244,,,,,24.9230144957302,10.0973847762433,19.4720975599255,19.9519163862352,21.1523337194664,22.5905496933852,21.3457557725122,19.2892630123855,18.9864506376922,21.1553305386399,22.9883043708837,22.9750790584545,23.0408086201656,22.7090671759145,22.5562618540185,22.3514527686594,,,,Pakistan,CO2
GCAM 5.3,R_MAC_30_n0,PAK,Emissions|CO2|Energy|Demand|Residential and Commercial,Mt CO2/yr,,,,12.5247100261386,,,15.3480108498742,,,,,19.3347356998652,,20.6880794359821,,,,,13.7704346443229,8.37195175763658,11.6837715548897,12.2704322449107,13.2418822862054,14.4063910495849,14.8998758375341,15.2787304895392,15.9993024585145,17.0217539047585,17.9278148272443,18.6099227958511,19.3959687565595,19.9886800772489,20.4654385293655,21.0050197998553,,,,Pakistan,CO2
GCAM 5.3,R_MAC_30_n0,PAK,Emissions|CO2|Energy|Demand|Residential and Commercial|Commercial,Mt CO2/yr,,,,2.574062567339,,,2.9829502045106,,,,,4.5513710470943,,4.61881834549162,,,,,2.55110632469108,1.22028589990891,1.8468732000199,1.98230999270872,2.26689855509495,2.60577979466097,2.82418451425741,3.05804945831791,3.36660531210903,3.71393776673884,4.06672754788486,4.38379592245216,4.77277035932298,5.14781615506253,5.51334013693012,5.88955659477257,,,,Pakistan,CO2
GCAM 5.3,R_MAC_30_n0,PAK,Emissions|CO2|Energy|Demand|Residential and Commercial|Residential,Mt CO2/yr,,,,9.95064745879957,,,12.3650606453636,,,,,14.7833646527709,,16.0692610904905,,,,,11.2193283196318,7.15166585772767,9.83689835486981,10.288122252202,10.9749837311105,11.800611254924,12.0756913232766,12.2206810312213,12.6326971464055,13.3078161380197,13.8610872793594,14.2261268733989,14.6231983972365,14.8408639221864,14.9520983924354,15.1154632050828,,,,Pakistan,CO2
GCAM 5.3,R_MAC_30_n0,PAK,Emissions|CO2|Energy|Demand|Transportation,Mt CO2/yr,,,,29.4919288810842,,,35.9004513636771,,,,,46.1697710639182,,52.853235048656,,,,,49.108116528367,39.8899772350348,50.5866505569256,57.5166400096618,67.7099407329465,79.0932907209822,90.886911370114,103.807990449847,116.728429136557,128.773305179861,139.401184512248,148.731059718258,158.842060041998,168.483465188962,177.119681043318,185.56084909574,,,,Pakistan,CO2
GCAM 5.3,R_MAC_30_n0,PAK,Emissions|CO2|Energy|Supply,Mt CO2/yr,,,,35.8999177169619,,,42.5472102545945,,,,,46.8654432035848,,63.6229827939196,,,,,18.2269170663123,-61.4444299584692,-60.387239131061,-72.9425402258378,-70.1743138145473,-63.9617150778299,-65.9322490599718,-78.6583531292943,-94.1458660918591,-111.568586844054,-130.571121270183,-146.44429014671,-159.067663437049,-170.631408113922,-179.231069235192,-191.900002214054,,,,Pakistan,CO2
GCAM 5.3,R_MAC_30_n0,PAK,Emissions|CO2|Energy|Supply|Electricity,Mt CO2/yr,,,,33.3676478200889,,,37.5443694664575,,,,,41.0769126773548,,55.9385580075328,,,,,11.7758478493327,-38.7953003112772,-45.7966728081396,-55.6395844479103,-54.2521746204125,-50.7756720737528,-57.2374655015464,-77.2838910757437,-98.4481442701282,-117.067449370231,-131.665708210278,-141.168774878336,-149.461186221115,-158.855683207023,-167.662168183579,-182.095822498603,,,,Pakistan,CO2
GCAM 5.3,R_MAC_30_n0,PAK,Emissions|CO2|Energy|Supply|Gases,Mt CO2/yr,,,,1.022186092926,,,3.243067961491,,,,,3.526420653917,,4.46660258512055,,,,,3.79568446339365,3.29815687430192,4.78620119150016,5.69491683102606,6.55760216211227,7.51336742550061,8.37014186169841,9.26440248329896,10.4018152926456,11.6546868577573,12.8722839765096,14.1119830978641,15.3286536479095,16.4794695888112,17.4164714221147,18.2759575481275,,,,Pakistan,CO2
GCAM 5.3,R_MAC_30_n0,PAK,Emissions|CO2|Energy|Supply|Liquids,Mt CO2/yr,,,,1.510083803947,,,1.759772826646,,,,,2.262109872313,,3.17294452266671,,,,,2.86670036911628,-22.1021672150889,-18.6414191168858,-22.5645210039843,-22.2057529541117,-20.4184529415649,-16.6007614811639,-9.50003310584789,-4.1721638040601,-4.0289119040702,-9.77875498093129,-17.4605126344106,-23.1198141276877,-26.455549869737,-27.1785115342132,-26.1889609572741,,,,Pakistan,CO2
GCAM 5.3,R_MAC_30_n0,PAK,Emissions|CO2|Energy|Supply|Solids,Mt CO2/yr,,,,0.0,,,0.0,,,,,0.0,,-3.30000030497933e-05,,,,,-3.66668031432788e-06,0.0,-5.86663409511199e-05,0.0,-1.83332625165567e-05,-9.89998792953216e-06,0.0,-1.57666182404055e-05,0.0,-1.39332813144185e-05,0.0,-5.13332745475942e-06,-3.66666456116245e-06,0.0,-7.33332924796691e-07,0.0,,,,Pakistan,CO2
GCAM 5.3,R_MAC_30_n0,PAK,Emissions|CO2|Industrial Processes,Mt CO2/yr,,,,18.6672967489324,,,31.7926724077611,,,,,32.2425356053681,,42.072435068136,,,,,19.2123691284834,14.0110028430143,21.2857023449138,24.4968278301701,28.2807056339416,32.2618698001164,36.1303922329628,41.1109254097734,47.3579779300792,55.2300541719164,60.1488296630951,62.8407267897906,65.6704862427676,68.5942931235731,71.5711014664775,74.7614623192791,,,,Pakistan,CO2
GCAM 5.3,R_MAC_30_n0,PAK,Emissions|N2O|AFOLU,kt N2O/yr,,,,43.305999250667,,,48.357084841711,,,,,52.42958560616,,54.598331447955,,,,,57.734725965718,74.913911045499,79.169151584718,85.454674077134,84.6099338295399,84.968849393049,84.4670729912649,85.9514877783091,88.062260112673,90.001845218216,91.887115327875,93.580488634102,94.659631567574,95.638129040494,96.610406258872,97.738716696343,,,,Pakistan,N2O
GCAM 5.3,R_MAC_30_n8,PAK,Carbon Sequestration|CCS|Biomass,Mt CO2/yr,,,,0.0,,,0.0,,,,,0.0,,0.0,,,,,20.411902522294,118.106638683966,99.7287310458374,115.863947708024,134.083095034854,143.157082257383,148.022307866976,159.726159181543,180.385840606084,206.142535397321,233.07047279599,256.393640719994,276.501005219508,293.633931471403,309.692352875102,325.964194199251,,,,Pakistan,
GCAM 5.3,R_MAC_30_n8,PAK,Emissions|CH4|AFOLU,Mt CH4/yr,,,,3.32077326930029,,,3.86339481722767,,,,,4.44022416226603,,5.05081857859685,,,,,5.28936672329674,6.41708629946185,7.11832982746722,8.0402808333343,8.82995153327667,9.64130394191225,10.4878104593149,11.2508067842345,11.9568806290864,12.5953042827509,13.1570920740202,13.6486183135888,14.0746538552466,14.4363598181138,14.7504730513105,15.0119564055095,,,,Pakistan,CH4
GCAM 5.3,R_MAC_30_n8,PAK,Emissions|CO2|AFOLU,Mt CO2/yr,,,,-2.73126287369598,,,9.04140251746979,,,,,-10.2799840800329,,24.4893635949327,,,,,17.0792814024416,16.4534306847632,-2.62474432122288,-5.71775747498982,-2.67975948160895,-4.31847204212664,0.164219484979005,-2.40018479834776,-2.84603629296703,-1.89565516325735,-0.976300630068142,0.210846540106067,1.65477984830503,1.26822928882879,0.106237517621627,-0.0441186496196028,,,,Pakistan,CO2
GCAM 5.3,R_MAC_30_n8,PAK,Emissions|CO2|Energy and Industrial Processes,Mt CO2/yr,,,,130.002750838431,,,155.046716015155,,,,,177.011176315217,,220.384507735193,,,,,106.78474985341,-97.2397094264308,-32.5941997034018,-44.0008780154826,-59.5296111792952,-58.4586249075514,-47.2336499754906,-38.6232912555005,-42.0231534243862,-55.7315383449072,-72.6229352808286,-86.9906525208656,-98.6965623917733,-107.126662551716,-115.229842630037,-121.674049309943,,,,Pakistan,CO2
GCAM 5.3,R_MAC_30_n8,PAK,Emissions|CO2|Energy|Demand,Mt CO2/yr,,,,75.4355363725365,,,80.7068333527991,,,,,97.9031975062637,,114.687889082507,,,,,82.9959299971162,26.2429186565825,50.6136881512113,53.5890388561578,56.7561456705437,65.0775719353268,75.4371435174606,87.3779425256561,97.9879212661625,106.836291215067,114.531469854134,119.825384779847,124.717759936161,130.077847480891,135.499773594228,141.885313374915,,,,Pakistan,CO2
GCAM 5.3,R_MAC_30_n8,PAK,Emissions|CO2|Energy|Demand|Industry,Mt CO2/yr,,,,33.4188974653138,,,29.4583711392478,,,,,32.3986907424804,,41.1449611296963,,,,,22.4917105649979,2.91238138812666,7.58775785773155,6.75314206223809,6.59871522501377,6.89852894039742,6.45033777376011,5.85819099779925,5.56151517593035,5.44194063755827,5.3500205041465,5.46006508553327,5.95681544595663,6.463194098414,6.54114814086205,6.73171931872218,,,,Pakistan,CO2
GCAM 5.3,R_MAC_30_n8,PAK,Emissions|CO2|Energy|Demand|Residential and Commercial,Mt CO2/yr,,,,12.5247100261386,,,15.3480108498742,,,,,19.3347356998652,,20.6883738414013,,,,,12.6590425148668,3.87594157177097,7.35244169851947,7.31043991216108,7.54878041570726,8.1520576100415,8.54931691947746,9.1169775341711,9.93454343746486,10.8889698221954,11.8654766526253,12.658176540097,13.3934539796418,14.0629773585795,14.699587380246,15.4657438046944,,,,Pakistan,CO2
GCAM 5.3,R_MAC_30_n8,PAK,Emissions|CO2|Energy|Demand|Residential and Commercial|Commercial,Mt CO2/yr,,,,2.574062567339,,,2.9829502045106,,,,,4.5513710470943,,4.61891142494634,,,,,2.27379269796918,0.393076617179815,0.931072147425632,0.91970322114648,0.925662929658151,1.05840425366122,1.24514066621839,1.51096222562943,1.79771554733975,2.09256123170777,2.39986221431424,2.63714362255648,2.85562927207579,3.1009375972463,3.38774998136267,3.71688691002208,,,,Pakistan,CO2
GCAM 5.3,R_MAC_30_n8,PAK,Emissions|CO2|Energy|Demand|Residential and Commercial|Residential,Mt CO2/yr,,,,9.95064745879957,,,12.3650606453636,,,,,14.7833646527709,,16.069462416455,,,,,10.3852498168976,3.48286495459115,6.42136955109384,6.3907366910146,6.62311748604911,7.09365335638028,7.30417625325907,7.60601530854167,8.13682789012511,8.79640859048759,9.46561443831105,10.0210329175405,10.537824707566,10.9620397613332,11.3118373988833,11.7488568946723,,,,Pakistan,CO2
GCAM 5.3,R_MAC_30_n8,PAK,Emissions|CO2|Energy|Demand|Transportation,Mt CO2/yr,,,,29.4919288810842,,,35.9004513636771,,,,,46.1697710639182,,52.8545541114091,,,,,47.8451769172515,19.4545956966848,35.6734885949603,39.5254568817586,42.6086500298226,50.0269853848879,60.4374888242231,72.4027739936858,82.4918626527673,90.5053807553134,97.315972697362,101.707143154216,105.367490510563,109.551676023898,114.25903807312,119.687850251499,,,,Pakistan,CO2
GCAM 5.3,R_MAC_30_n8,PAK,Emissions|CO2|Energy|Supply,Mt CO2/yr,,,,35.8999177169619,,,42.5472102545945,,,,,46.8654432035848,,63.6240311155224,,,,,5.86528990061469,-126.654723315523,-95.8545111254095,-110.949092330602,-128.818744810317,-136.379480689463,-138.035659124068,-145.978857781845,-163.621940160632,-188.30164581119,-214.07052601733,-236.02344000244,-254.99645302774,-271.047015548525,-286.019458375457,-301.385266040414,,,,Pakistan,CO2
GCAM 5.3,R_MAC_30_n8,PAK,Emissions|CO2|Energy|Supply|Electricity,Mt CO2/yr,,,,33.3676478200889,,,37.5443694664575,,,,,41.0769126773548,,55.9395567121296,,,,,-0.107882115378424,-51.1872877786449,-53.5897348788399,-65.5708737175139,-70.7254304493574,-72.4518265802,-79.6936572228226,-99.8671715685331,-124.964744462748,-150.092969670161,-174.436379692048,-193.13755521933,-209.23630232177,-225.26776918798,-241.317685736569,-259.553570257312,,,,Pakistan,CO2
GCAM 5.3,R_MAC_30_n8,PAK,Emissions|CO2|Energy|Supply|Gases,Mt CO2/yr,,,,1.022186092926,,,3.243067961491,,,,,3.526420653917,,4.4666518981881,,,,,3.5175938172124,2.47320398257453,3.65442779567834,4.24770581368831,4.90341305477718,5.69398254806099,6.40050870147489,7.03813845948735,7.63576662998065,8.00855559408447,8.53684854150594,9.36452537463681,10.3762322942511,11.395639045585,12.1763451544408,12.9844413717973,,,,Pakistan,CO2
GCAM 5.3,R_MAC_30_n8,PAK,Emissions|CO2|Energy|Supply|Liquids,Mt CO2/yr,,,,1.510083803947,,,1.759772826646,,,,,2.262109872313,,3.17294466151069,,,,,2.8491227971634,-69.2463570821848,-43.9568552831606,-48.1000340943955,-61.5626798825847,-68.1703805209094,-62.8944950017387,-49.2897918798744,-39.917682983915,-38.2519045527186,-39.5627778845105,-43.7366727661129,-49.0679882778493,-51.6339871357336,-51.6150917035837,-50.0586325300395,,,,Pakistan,CO2
GCAM 5.3,R_MAC_30_n8,PAK,Emissions|CO2|Energy|Supply|Solids,Mt CO2/yr,,,,0.0,,,0.0,,,,,0.0,,-3.30000030497933e-05,,,,,-4.40001165593436e-05,-1.09999710806885e-06,-2.19999909412537e-06,0.0,0.0,0.0,-2.19999669254061e-06,0.0,0.0,0.0,-1.09999937785141e-06,-4.03331950889871e-06,-4.39998207597833e-06,0.0,-1.46666635827647e-06,0.0,,,,Pakistan,CO2
GCAM 5.3,R_MAC_30_n8,PAK,Emissions|CO2|Industrial Processes,Mt CO2/yr,,,,18.6672967489324,,,31.7926724077611,,,,,32.2425356053681,,42.0725875371636,,,,,17.9235299556792,3.17209523251017,12.6466232707964,13.3591754589614,12.5329879604777,12.8432838465846,15.3648656311172,19.9776240006885,23.6108654700838,25.733816251216,26.9161208823671,29.2074027017273,31.5821306998048,33.8425055159181,35.2898421511913,37.8259033555556,,,,Pakistan,CO2
GCAM 5.3,R_MAC_30_n8,PAK,Emissions|N2O|AFOLU,kt N2O/yr,,,,43.305999250667,,,48.357084841711,,,,,52.42958560616,,54.598331447955,,,,,58.695054261291,79.577543826725,83.872620975337,88.6402251578701,84.9356054918591,87.650570009331,86.887651096188,88.29849253185,90.35460628727,92.3526673610821,94.198414007131,95.639692226179,96.5642963160401,97.5769944633111,98.851045579019,99.964965080777,,,,Pakistan,N2O
GCAM 5.3,R_MAC_35_n0,PAK,Carbon Sequestration|CCS|Biomass,Mt CO2/yr,,,,0.0,,,0.0,,,,,0.0,,0.0,,,,,7.12479046637483,29.5482012231999,77.5400672870297,87.9103345919145,93.1132007032023,89.9790898213032,91.5856415535533,105.996908822652,125.249480983153,142.817472474229,161.276305078334,176.89694090287,189.504853589682,200.536849241861,212.713564067479,226.141299979937,,,,Pakistan,
GCAM 5.3,R_MAC_35_n0,PAK,Emissions|CH4|AFOLU,Mt CH4/yr,,,,3.32077326930029,,,3.86339481722767,,,,,4.44022416226603,,5.05081857859685,,,,,5.40083772258402,6.02124242673743,6.86390414573442,7.71351588349102,8.50683616063282,9.29063174404283,10.1135085825288,10.9666742475337,11.718612178623,12.3876966393896,12.9793209516551,13.4925214042399,13.93799993758,14.3120008753057,14.6268415047271,14.887307591258,,,,Pakistan,CH4
GCAM 5.3,R_MAC_35_n0,PAK,Emissions|CO2|AFOLU,Mt CO2/yr,,,,-2.73126287369598,,,9.04140251746979,,,,,-10.2799840800329,,24.4893635949327,,,,,15.7841572285853,9.15940870009979,7.99113180725376,-2.24626222722713,-0.95277756902629,-1.60323340912341,-0.851241214657916,-2.41300041879646,-2.94088839934476,-2.07245027222168,-1.28489581539802,-0.628594579083356,0.516658684119133,1.3176242822741,1.09484079885781,-0.0388491268994905,,,,Pakistan,CO2
GCAM 5.3,R_MAC_35_n0,PAK,Emissions|CO2|Energy and Industrial Processes,Mt CO2/yr,,,,130.002750838431,,,155.046716015155,,,,,177.011176315217,,220.381331395218,,,,,149.719478401791,114.135298818352,26.9027100617752,42.8665360024426,55.2724187093116,79.4179378884823,95.8799678637437,99.5850107960617,101.348386484865,109.111696533506,109.466745103268,109.10115673738,111.026039533948,114.48842127408,114.587730879112,113.892919547184,,,,Pakistan,CO2
GCAM 5.3,R_MAC_35_n0,PAK,Emissions|CO2|Energy|Demand,Mt CO2/yr,,,,75.4355363725365,,,80.7068333527991,,,,,97.9031975062637,,114.685913533163,,,,,94.1828413641238,95.6864057721744,73.3166119008991,91.0203936687236,102.607118159867,116.486408120194,127.840799139385,138.724002039183,150.820412596558,166.398436780395,179.647365139424,190.779564185316,201.228377227792,211.410190334921,219.563871178804,228.151306729544,,,,Pakistan,CO2
GCAM 5.3,R_MAC_35_n0,PAK,Emissions|CO2|Energy|Demand|Industry,Mt CO2/yr,,,,33.4188974653138,,,29.4583711392478,,,,,32.3986907424804,,41.1445990485244,,,,,28.0553803058335,26.3394396818233,13.6025554996861,20.0596066471006,21.0390210382088,22.5056927195247,21.8560290804847,20.0622642416929,18.7937357978833,20.9021835221318,22.7563188292383,23.5143702993001,23.5360989218743,23.3041157253924,22.7452505436175,22.4228660037539,,,,Pakistan,CO2
GCAM 5.3,R_MAC_35_n0,PAK,Emissions|CO2|Energy|Demand|Residential and Commercial,Mt CO2/yr,,,,12.5247100261386,,,15.3480108498742,,,,,19.3347356998652,,20.6880794359821,,,,,15.3146402508061,14.270534728608,9.98315609582253,12.3142054521837,13.2155584139974,14.4047745395783,15.0226668071356,15.4847580832857,16.0240105375402,16.9601938714453,17.8084096094137,18.5985408941251,19.3379091584816,19.999364285057,20.3986660569561,20.9556609067545,,,,Pakistan,CO2
GCAM 5.3,R_MAC_35_n0,PAK,Emissions|CO2|Energy|Demand|Residential and Commercial|Commercial,Mt CO2/yr,,,,2.574062567339,,,2.9829502045106,,,,,4.5513710470943,,4.61881834549162,,,,,2.96176981693112,2.6155736696462,1.56390922399649,2.00894066268562,2.27230202864071,2.61452681217421,2.85075644309999,3.08607842211163,3.35774338158604,3.6941778252012,4.03322848208538,4.37605719918462,4.74661574551198,5.14069055168826,5.48186167752788,5.85793574777278,,,,Pakistan,CO2
GCAM 5.3,R_MAC_35_n0,PAK,Emissions|CO2|Energy|Demand|Residential and Commercial|Residential,Mt CO2/yr,,,,9.95064745879957,,,12.3650606453636,,,,,14.7833646527709,,16.0692610904905,,,,,12.352870433875,11.6549610589617,8.41924687182604,10.3052647894981,10.9432563853567,11.7902477274041,12.1719103640356,12.3986796611741,12.6662671559541,13.2660160462441,13.7751811273283,14.2224836949405,14.5912934129696,14.8586737333687,14.9168043794282,15.0977251589817,,,,Pakistan,CO2
GCAM 5.3,R_MAC_35_n0,PAK,Emissions|CO2|Energy|Demand|Transportation,Mt CO2/yr,,,,29.4919288810842,,,35.9004513636771,,,,,46.1697710639182,,52.853235048656,,,,,50.8128208074841,55.0764313617432,49.7309003053904,58.6465815694393,68.3525387076605,79.5759408610914,90.962103251765,103.176979714204,116.002666261135,128.536059386818,139.082636700772,148.666652991891,158.354369147436,168.106710324472,176.41995457823,184.772779819036,,,,Pakistan,CO2
GCAM 5.3,R_MAC_35_n0,PAK,Emissions|CO2|Energy|Supply,Mt CO2/yr,,,,35.8999177169619,,,42.5472102545945,,,,,46.8654432035848,,63.6229827939196,,,,,34.0844803675434,-3.98302618283126,-65.2119914110924,-73.1586310089322,-76.0432082440717,-69.6897296363106,-68.0904788744238,-79.4511028623329,-96.0776915476744,-112.404434293458,-130.506650750886,-145.261708334654,-156.459199624083,-165.972496065207,-176.577329421855,-188.647214682775,,,,Pakistan,CO2
GCAM 5.3,R_MAC_35_n0,PAK,Emissions|CO2|Energy|Supply|Electricity,Mt CO2/yr,,,,33.3676478200889,,,37.5443694664575,,,,,41.0769126773548,,55.9385580075328,,,,,27.0945470961584,-8.90749477717058,-49.2638595052814,-59.3641505372581,-62.7880127205959,-58.4088993364269,-59.3847946388692,-74.3588141948333,-96.7952205129654,-117.352741642583,-132.062912200507,-141.178954702388,-147.92383508797,-155.167385404246,-164.771742066775,-177.895189256213,,,,Pakistan,CO2
GCAM 5.3,R_MAC_35_n0,PAK,Emissions|CO2|Energy|Supply|Gases,Mt CO2/yr,,,,1.022186092926,,,3.243067961491,,,,,3.526420653917,,4.46660258512055,,,,,4.14000362420774,4.48863278931292,4.30201113243743,5.71931620636872,6.58218258105533,7.53609752356452,8.4066828869974,9.33279230203403,10.4882693558543,11.7777770888598,12.9775203109629,14.175122917075,15.3994545515406,16.5358604813343,17.5236131257634,18.3461881724133,,,,Pakistan,CO2
GCAM 5.3,R_MAC_35_n0,PAK,Emissions|CO2|Energy|Supply|Liquids,Mt CO2/yr,,,,1.510083803947,,,1.759772826646,,,,,2.262109872313,,3.17294452266671,,,,,2.92898978044643,1.15585884457241,-17.3787442986571,-18.8173758853036,-19.4571867228426,-18.5107992787039,-16.7249292900268,-13.5642467765279,-8.29144890056516,-4.81794334057006,-9.44477718840026,-16.3930109157651,-22.2032465345839,-25.6604509458822,-27.5080562171819,-27.1920778737495,,,,Pakistan,CO2
GCAM 5.3,R_MAC_35_n0,PAK,Emissions|CO2|Energy|Supply|Solids,Mt CO2/yr,,,,0.0,,,0.0,,,,,0.0,,-3.30000030497933e-05,,,,,-2.93333198660052e-05,0.0,-7.69999740249303e-06,0.0,0.0,0.0,0.0,0.0,0.0,-7.69999086482577e-06,0.0,-1.10000058256077e-06,0.0,-1.83333228456122e-06,-3.66666692131367e-07,-4.0333267276127e-06,,,,Pakistan,CO2
GCAM 5.3,R_MAC_35_n0,PAK,Emissions|CO2|Industrial Processes,Mt CO2/yr,,,,18.6672967489324,,,31.7926724077611,,,,,32.2425356053681,,42.072435068136,,,,,21.4521566701237,22.4319192290091,18.7980895719685,25.0047733426511,28.7085087935166,32.6212594045986,36.1296475987823,40.3121116192117,46.605665435981,55.1176940465688,60.3260307147304,63.5833008867184,66.2568619302391,69.0507270043657,71.601189122163,74.3888275004139,,,,Pakistan,CO2
GCAM 5.3,R_MAC_35_n0,PAK,Emissions|N2O|AFOLU,kt N2O/yr,,,,43.305999250667,,,48.357084841711,,,,,52.42958560616,,54.598331447955,,,,,58.540218109936,65.890906260764,81.63553874137,86.200781612025,86.071680640131,85.136367254491,84.461818030595,85.932392191985,88.051767090853,90.018845478716,91.925944148501,93.60128628444,94.835326144471,95.742259350692,96.613581680247,97.733248432055,,,,Pakistan,N2O
GCAM 5.3,R_MAC_35_n8,PAK,Carbon Sequestration|CCS|Biomass,Mt CO2/yr,,,,0.0,,,0.0,,,,,0.0,,0.0,,,,,9.70801684304691,42.4075687490665,110.675672646435,114.933857472403,131.684619624579,138.849754504018,147.908424210583,162.525198046664,184.476894415652,208.981493014761,234.987826523063,253.686266772898,271.622005681964,288.76326710418,303.48182031192,319.338579495086,,,,Pakistan,
GCAM 5.3,R_MAC_35_n8,PAK,Emissions|CH4|AFOLU,Mt CH4/yr,,,,3.32077326930029,,,3.86339481722767,,,,,4.44022416226603,,5.05081857859685,,,,,5.37391533499831,6.04315340055673,7.46175186721934,8.12719209264535,8.85599097121239,9.64849531637208,10.4914212997588,11.249830122184,11.9571257802214,12.5969914293211,13.1589558075274,13.6478082025638,14.0751422794694,14.4363103885409,14.7497126719745,15.0109882714121,,,,Pakistan,CH4
GCAM 5.3,R_MAC_35_n8,PAK,Emissions|CO2|AFOLU,Mt CO2/yr,,,,-2.73126287369598,,,9.04140251746979,,,,,-10.2799840800329,,24.4893635949327,,,,,15.9163645326677,12.0002559740898,2.57705616030677,-4.52042810383981,-2.18761911260659,-4.20596456247907,-0.236483186072458,-2.62671384347998,-3.07929971322142,-2.20430424283136,-1.12858528088192,-0.22559535953818,1.85685488010418,1.50219953911317,0.14647321659338,-0.0785014564049025,,,,Pakistan,CO2
GCAM 5.3,R_MAC_35_n8,PAK,Emissions|CO2|Energy and Industrial Processes,Mt CO2/yr,,,,130.002750838431,,,155.046716015155,,,,,177.011176315217,,220.382048967893,,,,,140.034636779263,80.0018799554146,-53.6329160780626,-34.7884964156746,-46.8867199721296,-42.9807587551005,-40.3966533492043,-40.8134012712759,-47.3002319280727,-57.6029902738631,-72.5946617727417,-80.2631830220043,-92.261164005196,-103.883283697022,-112.541344093623,-120.732763995057,,,,Pakistan,CO2
GCAM 5.3,R_MAC_35_n8,PAK,Emissions|CO2|Energy|Demand,Mt CO2/yr,,,,75.4355363725365,,,80.7068333527991,,,,,97.9031975062637,,114.686219530827,,,,,91.6013744066274,84.117607001608,45.0505368760039,57.9226268946241,61.4691566986409,69.9097234736817,78.3103577387833,87.5553764150038,97.4031122578521,106.808342560462,114.713852092071,120.295075497095,124.670870648197,129.200256951703,134.02086203756,139.810030492591,,,,Pakistan,CO2
GCAM 5.3,R_MAC_35_n8,PAK,Emissions|CO2|Energy|Demand|Industry,Mt CO2/yr,,,,33.4188974653138,,,29.4583711392478,,,,,32.3986907424804,,41.1446786559409,,,,,26.7925439567056,20.9769721407357,4.87786275496539,6.86309391129453,6.54113263033933,6.89729304972573,6.50801386065924,6.05463602195417,5.54147667496198,5.3724285356539,5.30036712236164,5.95640757337046,6.69874660132439,7.11898507344512,7.21179332767401,7.16048492891824,,,,Pakistan,CO2
GCAM 5.3,R_MAC_35_n8,PAK,Emissions|CO2|Energy|Demand|Residential and Commercial,Mt CO2/yr,,,,12.5247100261386,,,15.3480108498742,,,,,19.3347356998652,,20.6882608451533,,,,,14.6836993908155,12.1111223791182,5.84825471673661,7.4710874848934,7.67689916702117,8.31701367708458,8.6792496200734,9.16851848198611,9.89648870523577,10.8477995783879,11.8488305977983,12.6776118634403,13.3356419336072,13.9288168400742,14.4711157059017,15.1739440076053,,,,Pakistan,CO2
GCAM 5.3,R_MAC_35_n8,PAK,Emissions|CO2|Energy|Demand|Residential and Commercial|Commercial,Mt CO2/yr,,,,2.574062567339,,,2.9829502045106,,,,,4.5513710470943,,4.61883865812646,,,,,2.79095187027066,2.0832447646029,0.752217884379587,1.01545410736581,1.03048599390554,1.1742633825597,1.32194320474813,1.51664389838748,1.77994626712135,2.09274267431415,2.40901234328576,2.62979979197122,2.80933159411471,3.00796309425175,3.23944757821151,3.53106729662854,,,,Pakistan,CO2
GCAM 5.3,R_MAC_35_n8,PAK,Emissions|CO2|Energy|Demand|Residential and Commercial|Residential,Mt CO2/yr,,,,9.95064745879957,,,12.3650606453636,,,,,14.7833646527709,,16.0694221870268,,,,,11.8927475205448,10.0278776145153,5.09603683235703,6.45563337752759,6.64641317311563,7.14275029452488,7.35730641532527,7.65187458359863,8.11654243811442,8.75505690407371,9.43981825451254,10.0478120714691,10.5263103394925,10.9208537458225,11.2316681276902,11.6428767109767,,,,Pakistan,CO2
GCAM 5.3,R_MAC_35_n8,PAK,Emissions|CO2|Energy|Demand|Transportation,Mt CO2/yr,,,,29.4919288810842,,,35.9004513636771,,,,,46.1697710639182,,52.8532800297332,,,,,50.1251310591062,51.0295124817541,34.3244194043019,43.5884454984362,47.2511249012804,54.6954167468714,63.1230942580507,72.3322219110635,81.9651468776544,90.5881144464202,97.5646543719108,101.661056060284,104.636482113265,108.152455038184,112.337953003985,117.475601556068,,,,Pakistan,CO2
GCAM 5.3,R_MAC_35_n8,PAK,Emissions|CO2|Energy|Supply,Mt CO2/yr,,,,35.8999177169619,,,42.5472102545945,,,,,46.8654432035848,,63.6233583725503,,,,,27.9852636791056,-23.8782988334308,-108.469032064325,-107.815810916699,-123.765052995463,-129.118640777986,-136.118347284721,-148.217999409814,-167.810717649147,-190.616941752696,-215.719734371297,-232.931823061339,-249.965981340447,-266.204092125314,-279.891143828702,-294.832336852761,,,,Pakistan,CO2
GCAM 5.3,R_MAC_35_n8,PAK,Emissions|CO2|Energy|Supply|Electricity,Mt CO2/yr,,,,33.3676478200889,,,37.5443694664575,,,,,41.0769126773548,,55.938933421069,,,,,21.200023664443,-23.7113686544176,-61.5775370801691,-72.940640596841,-81.0911475943968,-82.6863787414871,-88.5184418961123,-102.641677648482,-127.750069953432,-154.003470545441,-179.104825914184,-193.875570274309,-205.154191503817,-217.279243853547,-229.297530281537,-244.842334230305,,,,Pakistan,CO2
GCAM 5.3,R_MAC_35_n8,PAK,Emissions|CO2|Energy|Supply|Gases,Mt CO2/yr,,,,1.022186092926,,,3.243067961491,,,,,3.526420653917,,4.46660258512055,,,,,4.00680063757912,4.01126676621159,3.39034283834556,4.3338673881932,4.95488854200423,5.70952557409637,6.40864605416259,7.12551307476734,7.7149282278636,8.08988089308981,8.53893728429633,9.57587110279371,10.5923813291785,11.5765513107358,12.456441160027,13.2470842064282,,,,Pakistan,CO2
GCAM 5.3,R_MAC_35_n8,PAK,Emissions|CO2|Energy|Supply|Liquids,Mt CO2/yr,,,,1.510083803947,,,1.759772826646,,,,,2.262109872313,,3.17294452266671,,,,,2.89994230963541,-2.73376768819837,-44.460481407449,-37.0514968441294,-45.7647229636202,-50.4904137303299,-52.0538655402819,-49.2600953864365,-42.5686197551226,-37.1408666852285,-36.7332180006835,-40.9018731916223,-49.0905581713438,-55.1918066162803,-58.3456620010126,-58.9537391284388,,,,Pakistan,CO2
GCAM 5.3,R_MAC_35_n8,PAK,Emissions|CO2|Energy|Supply|Solids,Mt CO2/yr,,,,0.0,,,0.0,,,,,0.0,,-3.30000030497933e-05,,,,,-2.19999912235557e-05,0.0,0.0,0.0,0.0,-3.29999395880572e-06,0.0,-4.03332362267908e-06,-2.19999655732136e-06,-2.56666133567423e-06,0.0,0.0,0.0,-1.46666558405611e-06,0.0,-1.02666526188779e-06,,,,Pakistan,CO2
GCAM 5.3,R_MAC_35_n8,PAK,Emissions|CO2|Industrial Processes,Mt CO2/yr,,,,18.6672967489324,,,31.7926724077611,,,,,32.2425356053681,,42.0724710645151,,,,,20.4479986935297,19.7625717872375,9.78557911025872,15.1046876063999,15.4091763246922,16.228158549204,17.4113361967338,19.8492217235342,23.107373463222,26.2056089183707,28.4112205064846,32.3735645422392,33.0339466870538,33.1205514765887,33.3289376975184,34.2895423651121,,,,Pakistan,CO2
GCAM 5.3,R_MAC_35_n8,PAK,Emissions|N2O|AFOLU,kt N2O/yr,,,,43.305999250667,,,48.357084841711,,,,,52.42958560616,,54.598331447955,,,,,58.333101079948,69.193612802981,86.122699143456,90.064056034298,86.698111937516,87.691933236032,86.902876428807,88.313222927264,90.366938886981,92.377542199916,94.225736834418,95.821670883232,96.629816844096,97.561001442407,98.828931008616,99.948905834803,,,,Pakistan,N2O
GCAM 5.3,R_MAC_40_n0,PAK,Carbon Sequestration|CCS|Biomass,Mt CO2/yr,,,,0.0,,,0.0,,,,,0.0,,0.0,,,,,4.41168049439516,17.7290212192957,47.2457450182007,86.1678355299389,96.6720396946231,96.9242751396369,96.251351158332,108.09833380277,124.787344381116,142.972177444266,160.082945214824,175.589384847197,188.053488186563,198.447437804417,209.11628056714,224.049764524346,,,,Pakistan,
GCAM 5.3,R_MAC_40_n0,PAK,Emissions|CH4|AFOLU,Mt CH4/yr,,,,3.32077326930029,,,3.86339481722767,,,,,4.44022416226603,,5.05081857859685,,,,,5.43027888946447,6.10497285080739,6.78802254326376,7.81930255619237,8.53429977231112,9.29475362320326,10.1115987670431,10.9642857884296,11.7168375535416,12.3882327626128,12.982622528482,13.4965769594124,13.9403193782781,14.3142781399576,14.6278477849133,14.8875676961445,,,,Pakistan,CH4
GCAM 5.3,R_MAC_40_n0,PAK,Emissions|CO2|AFOLU,Mt CO2/yr,,,,-2.73126287369598,,,9.04140251746979,,,,,-10.2799840800329,,24.4893635949327,,,,,15.2105207613683,7.46786571358552,7.95799907640027,0.054737662459531,-0.853999003063267,-0.710746717044749,-1.01157037782534,-2.60191032134924,-3.13094814675585,-2.27975238389515,-1.52461832607153,-0.801093076383435,0.0350322592220647,1.63178544098747,1.26746276516452,0.0172906363458398,,,,Pakistan,CO2
GCAM 5.3,R_MAC_40_n0,PAK,Emissions|CO2|Energy and Industrial Processes,Mt CO2/yr,,,,130.002750838431,,,155.046716015155,,,,,177.011176315217,,220.381331395218,,,,,161.744591173127,146.695234800018,103.500749765639,38.6138645055668,50.1433858988753,70.2891860654591,89.4068158673918,95.6757232412342,99.2767198652695,106.407726049865,110.254437487071,110.668658168531,113.284480867912,117.049962097206,119.043768178391,115.927363169273,,,,Pakistan,CO2
GCAM 5.3,R_MAC_40_n0,PAK,Emissions|CO2|Energy|Demand,Mt CO2/yr,,,,75.4355363725365,,,80.7068333527991,,,,,97.9031975062637,,114.685913533163,,,,,97.6705645017585,104.842097621664,103.051338718964,86.5677045320341,101.317640827721,114.944868452926,126.809491708639,137.987682435314,150.006666946127,164.80963677165,178.947330137817,190.377596657609,201.321574861046,211.259464769335,219.829327985371,227.819550860912,,,,Pakistan,CO2
GCAM 5.3,R_MAC_40_n0,PAK,Emissions|CO2|Energy|Demand|Industry,Mt CO2/yr,,,,33.4188974653138,,,29.4583711392478,,,,,32.3986907424804,,41.1445990485244,,,,,29.8143437258857,31.0581655551031,28.1588879063317,16.8473695309703,20.6940522708627,21.9985735105045,21.6768274545094,20.1904470570289,18.9960943999217,20.3962222169715,22.3867240994986,23.3797507948818,23.8411634149318,23.6340404910542,23.1699559231169,22.4952236223449,,,,Pakistan,CO2
GCAM 5.3,R_MAC_40_n0,PAK,Emissions|CO2|Energy|Demand|Residential and Commercial,Mt CO2/yr,,,,12.5247100261386,,,15.3480108498742,,,,,19.3347356998652,,20.6880794359821,,,,,16.1505600233697,16.2775552676619,14.8452742805575,11.4311282389561,13.0702938341602,14.2337057578489,14.9600961433097,15.4980902852787,16.0810478507949,16.8660742195339,17.7165174233534,18.4938933344406,19.2952506472439,19.953146331802,20.4318620585759,20.9227347851584,,,,Pakistan,CO2
GCAM 5.3,R_MAC_40_n0,PAK,Emissions|CO2|Energy|Demand|Residential and Commercial|Commercial,Mt CO2/yr,,,,2.574062567339,,,2.9829502045106,,,,,4.5513710470943,,4.61881834549162,,,,,3.19320384502436,3.12249793328872,2.68591555638863,1.8614673990982,2.22403274805518,2.56341401584697,2.8237813759655,3.07392895029886,3.35058353586587,3.65522684884234,4.00852429284616,4.35173610468466,4.73563677764844,5.12464413736589,5.4903074659753,5.8457862917595,,,,Pakistan,CO2
GCAM 5.3,R_MAC_40_n0,PAK,Emissions|CO2|Energy|Demand|Residential and Commercial|Residential,Mt CO2/yr,,,,9.95064745879957,,,12.3650606453636,,,,,14.7833646527709,,16.0692610904905,,,,,12.9573561783454,13.1550573343732,12.1593587241689,9.5696608398579,10.846261086105,11.670291742002,12.1363147673442,12.4241613349799,12.7304643149291,13.2108473706916,13.7079931305072,14.142157229756,14.5596138695955,14.8285021944361,14.9415545926006,15.0769484933989,,,,Pakistan,CO2
GCAM 5.3,R_MAC_40_n0,PAK,Emissions|CO2|Energy|Demand|Transportation,Mt CO2/yr,,,,29.4919288810842,,,35.9004513636771,,,,,46.1697710639182,,52.853235048656,,,,,51.705660752503,57.5063767988993,60.0471765320752,58.2892067621077,67.5532947226977,78.7125891845722,90.1725681108195,102.299145093006,114.929524695411,127.547340335144,138.844088614965,148.503952528287,158.185160798871,167.672277946479,176.227510003678,184.401592453409,,,,Pakistan,CO2
GCAM 5.3,R_MAC_40_n0,PAK,Emissions|CO2|Energy|Supply,Mt CO2/yr,,,,35.8999177169619,,,42.5472102545945,,,,,46.8654432035848,,63.6229827939196,,,,,41.0217034370202,16.7673946694751,-25.3549918285034,-71.5196299248791,-79.7125688548533,-76.9427326155467,-73.0947336103187,-81.9247194202386,-95.9401757645358,-112.673627936262,-128.967885113752,-143.67342955254,-154.934458667666,-163.768672732345,-172.807916226345,-186.425062285734,,,,Pakistan,CO2
GCAM 5.3,R_MAC_40_n0,PAK,Emissions|CO2|Energy|Supply|Electricity,Mt CO2/yr,,,,33.3676478200889,,,37.5443694664575,,,,,41.0769126773548,,55.9385580075328,,,,,33.7898883358229,10.0451800568114,-25.2490731699912,-57.3157990784201,-65.3280565498481,-64.1519606423061,-62.5437388561903,-73.9629686741745,-92.1761310637843,-114.38624233769,-130.376540812024,-140.68045028229,-147.885196987798,-154.288431785225,-162.214833979215,-175.948902418348,,,,Pakistan,CO2
GCAM 5.3,R_MAC_40_n0,PAK,Emissions|CO2|Energy|Supply|Gases,Mt CO2/yr,,,,1.022186092926,,,3.243067961491,,,,,3.526420653917,,4.46660258512055,,,,,4.2975527848477,4.94035777627315,5.42094215657699,5.52437134542846,6.67055550252053,7.58792017819596,8.46072544601846,9.37949317694524,10.5013030631403,11.8750182545468,13.1033988065541,14.2421495911542,15.3847133049928,16.5131287756618,17.4959283345858,18.3838857503984,,,,Pakistan,CO2
GCAM 5.3,R_MAC_40_n0,PAK,Emissions|CO2|Energy|Supply|Liquids,Mt CO2/yr,,,,1.510083803947,,,1.759772826646,,,,,2.262109872313,,3.17294452266671,,,,,2.97274396131798,2.05971473435809,-4.54571021744793,-17.8164957129764,-20.408964626866,-19.9869025156684,-18.619401379618,-16.5685505844533,-13.0132838421347,-8.42708712767879,-9.7915704885533,-15.3765232008807,-20.7151758602378,-24.3559650658654,-26.3642120135345,-26.9421282436065,,,,Pakistan,CO2
GCAM 5.3,R_MAC_40_n0,PAK,Emissions|CO2|Energy|Supply|Solids,Mt CO2/yr,,,,0.0,,,0.0,,,,,0.0,,-3.30000030497933e-05,,,,,-1.09999992052398e-05,-4.76666515928816e-05,-2.56666162307585e-05,0.0,-9.16665098885183e-06,0.0,-9.16664135057762e-06,0.0,-7.69998261772169e-06,-1.09999831620684e-05,0.0,-1.10000030287999e-06,-3.66666560871051e-06,-3.29999792585515e-06,-1.09999976924465e-06,0.0,,,,Pakistan,CO2
GCAM 5.3,R_MAC_40_n0,PAK,Emissions|CO2|Industrial Processes,Mt CO2/yr,,,,18.6672967489324,,,31.7926724077611,,,,,32.2425356053681,,42.072435068136,,,,,23.0523232343479,25.0857425088784,25.804402875178,23.5657898984117,28.538313926008,32.2870502280801,35.6920577690719,39.6127602261587,45.2102286836782,54.2717172144768,60.2749924630056,63.9644910634614,66.8973646745319,69.5591700602155,72.0223564193654,74.532874594095,,,,Pakistan,CO2
GCAM 5.3,R_MAC_40_n0,PAK,Emissions|N2O|AFOLU,kt N2O/yr,,,,43.305999250667,,,48.357084841711,,,,,52.42958560616,,54.598331447955,,,,,58.669863501145,64.871310181935,74.896903788651,87.6580927447701,88.06121743324,85.373476185209,84.4728403733371,85.929319477156,88.056589036968,90.027112268094,91.952369218162,93.651495140448,95.032812886239,95.798126232588,96.6257402563,97.733802369829,,,,Pakistan,N2O
GCAM 5.3,R_MAC_40_n8,PAK,Carbon Sequestration|CCS|Biomass,Mt CO2/yr,,,,0.0,,,0.0,,,,,0.0,,0.0,,,,,6.05335977797205,24.7025430928991,66.0259126914587,115.533299434613,131.03734950225,143.707479750684,152.699278403564,167.073532048297,188.120157887455,212.876524699973,237.613574605836,254.137805192377,268.456981540911,282.127531009541,295.358664607699,312.807130397769,,,,Pakistan,
GCAM 5.3,R_MAC_40_n8,PAK,Emissions|CH4|AFOLU,Mt CH4/yr,,,,3.32077326930029,,,3.86339481722767,,,,,4.44022416226603,,5.05081857859685,,,,,5.41221128827593,6.04015773520222,6.79725846561818,8.26171838903008,8.89136855049499,9.65754074641789,10.4971702044914,11.2511988166004,11.9587170654064,12.5977919525613,13.1614494006434,13.6486185495711,14.0758222797692,14.4370600285212,14.7491786693964,15.0112238297209,,,,Pakistan,CH4
GCAM 5.3,R_MAC_40_n8,PAK,Emissions|CO2|AFOLU,Mt CO2/yr,,,,-2.73126287369598,,,9.04140251746979,,,,,-10.2799840800329,,24.4893635949327,,,,,15.614988762584,8.28657483354312,8.69572683463551,-5.34060868226947,-2.98538339643962,-3.67922620794841,-0.690301200656839,-2.86472711866081,-3.20737608162283,-2.38194449812245,-1.34333164596538,-0.394628957292957,1.32304304086503,2.12880837337002,0.281726143135351,-0.103899775216986,,,,Pakistan,CO2
GCAM 5.3,R_MAC_40_n8,PAK,Emissions|CO2|Energy and Industrial Processes,Mt CO2/yr,,,,130.002750838431,,,155.046716015155,,,,,177.011176315217,,220.381557950561,,,,,154.138947019684,127.215813825566,57.2234023106498,-35.6292422455043,-41.4830296118776,-45.6994931228387,-43.9110739776382,-45.4835041417211,-52.7343082056568,-63.6093406288927,-75.1964140514241,-79.4258511489858,-87.2196620536023,-96.7107225368279,-106.266142629361,-116.696985857748,,,,Pakistan,CO2
GCAM 5.3,R_MAC_40_n8,PAK,Emissions|CO2|Energy|Demand,Mt CO2/yr,,,,75.4355363725365,,,80.7068333527991,,,,,97.9031975062637,,114.686139923411,,,,,95.4124314483406,99.5050509073342,85.9001536969006,58.0142288200425,63.8634410278074,70.6663495325296,78.885587384863,87.7377388090137,96.5523762198667,105.71211648745,114.264435077622,120.275330019135,124.956852471595,128.84406228365,132.996364989632,138.670597824796,,,,Pakistan,CO2
GCAM 5.3,R_MAC_40_n8,PAK,Emissions|CO2|Energy|Demand|Industry,Mt CO2/yr,,,,33.4188974653138,,,29.4583711392478,,,,,32.3986907424804,,41.1445990485244,,,,,28.6597449401567,28.2447302582232,19.5512488800954,6.08141473164636,6.40475711934635,6.54585309453029,6.30493798203802,6.01021161151065,5.60617565449724,5.27951048827522,5.18095030663156,6.07833003973841,7.42296632883738,7.97184464046163,8.26280945940883,8.7288590653242,,,,Pakistan,CO2
GCAM 5.3,R_MAC_40_n8,PAK,Emissions|CO2|Energy|Demand|Residential and Commercial,Mt CO2/yr,,,,12.5247100261386,,,15.3480108498742,,,,,19.3347356998652,,20.6882608451533,,,,,15.6161421927744,15.0888622329795,11.900794623626,7.08721399698738,7.7073889793444,8.22054544004468,8.62416629562807,9.15154049485136,9.85324775402371,10.7521280962731,11.7813483674361,12.6499557681677,13.3116823184028,13.8275000168532,14.2580618343014,14.8431622615125,,,,Pakistan,CO2
GCAM 5.3,R_MAC_40_n8,PAK,Emissions|CO2|Energy|Demand|Residential and Commercial|Commercial,Mt CO2/yr,,,,2.574062567339,,,2.9829502045106,,,,,4.5513710470943,,4.61883865812646,,,,,3.04446260800661,2.81985461776393,1.98980054282824,1.00046152057545,1.08506276153695,1.19372752124163,1.34271395761995,1.53276090199867,1.75865930863113,2.0609215871423,2.40026132253082,2.62925104260791,2.7900490438924,2.93448480920226,3.09157675762696,3.32845867468266,,,,Pakistan,CO2
GCAM 5.3,R_MAC_40_n8,PAK,Emissions|CO2|Energy|Demand|Residential and Commercial|Residential,Mt CO2/yr,,,,9.95064745879957,,,12.3650606453636,,,,,14.7833646527709,,16.0694221870268,,,,,12.5716795847678,12.2690076152156,9.9109940807978,6.08675247641193,6.62232621780745,7.02681791880304,7.28145233800812,7.61877959285269,8.09458844539258,8.69120650913083,9.38108704490526,10.0207047255598,10.5216332745104,10.8930152076509,11.1664850766745,11.5147035868298,,,,Pakistan,CO2
GCAM 5.3,R_MAC_40_n8,PAK,Emissions|CO2|Energy|Demand|Transportation,Mt CO2/yr,,,,29.4919288810842,,,35.9004513636771,,,,,46.1697710639182,,52.8532800297332,,,,,51.1365443154095,56.1714584161315,54.4481101931792,44.8456000914088,49.7512949291167,55.8999509979546,63.9564831071969,72.5759867026517,81.0929528113458,89.6804779029014,97.3021364035546,101.547044211229,104.222203824355,107.044717626335,110.475493695922,115.098576497959,,,,Pakistan,CO2
GCAM 5.3,R_MAC_40_n8,PAK,Emissions|CO2|Energy|Supply,Mt CO2/yr,,,,35.8999177169619,,,42.5472102545945,,,,,46.8654432035848,,63.6229829590141,,,,,36.7383667855932,4.24657003330439,-50.4155342603936,-108.064997339263,-121.803981267402,-133.148093385047,-140.328357528549,-152.541974912747,-171.42377421088,-194.637796631493,-218.050770643777,-233.277153928598,-246.693167676038,-259.424350111944,-271.603259546916,-288.155768575293,,,,Pakistan,CO2
GCAM 5.3,R_MAC_40_n8,PAK,Emissions|CO2|Energy|Supply|Electricity,Mt CO2/yr,,,,33.3676478200889,,,37.5443694664575,,,,,41.0769126773548,,55.9385580075328,,,,,29.6577310290323,-1.60824165621802,-42.0158716988083,-73.9103762531292,-85.3450307781742,-91.3147904522337,-96.341993032237,-107.978043154258,-128.969082603531,-155.905421428807,-182.34962965026,-196.42219700643,-203.474934518926,-209.607844301777,-216.349006563623,-231.502560046215,,,,Pakistan,CO2
GCAM 5.3,R_MAC_40_n8,PAK,Emissions|CO2|Energy|Supply|Gases,Mt CO2/yr,,,,1.022186092926,,,3.243067961491,,,,,3.526420653917,,4.46660258512055,,,,,4.19925263248255,4.67555007627564,4.74886186330688,4.28813890669274,5.00526748020541,5.69859739309297,6.34847527954238,7.04678996985387,7.73656187624679,8.14700754734793,8.59232393249483,9.5961111684507,10.6855882947873,11.7430917815043,12.6928314798169,13.5467977151361,,,,Pakistan,CO2
GCAM 5.3,R_MAC_40_n8,PAK,Emissions|CO2|Energy|Supply|Liquids,Mt CO2/yr,,,,1.510083803947,,,1.759772826646,,,,,2.262109872313,,3.17294452266671,,,,,2.94410709149199,1.68547246032758,-11.1771267967795,-34.3916036566385,-38.7988167108896,-45.4570841038924,-48.1941595827483,-48.1459605680676,-45.4065606595567,-40.183020034236,-36.1793275229847,-39.0257063585696,-48.0869931972588,-56.8031960293034,-63.7370965290023,-66.2744431863454,,,,Pakistan,CO2
GCAM 5.3,R_MAC_40_n8,PAK,Emissions|CO2|Energy|Supply|Solids,Mt CO2/yr,,,,0.0,,,0.0,,,,,0.0,,-3.30000030497933e-05,,,,,-3.2999981025298e-05,0.0,-3.6666482952353e-05,-2.56666742774271e-06,-1.46666486407756e-06,0.0,-3.66665875193776e-06,0.0,-2.93332378196947e-06,-4.39998417998519e-06,0.0,-1.83332996853979e-06,-3.29998995926061e-06,-4.39997670786785e-06,0.0,-1.13666200901256e-06,,,,Pakistan,CO2
GCAM 5.3,R_MAC_40_n8,PAK,Emissions|CO2|Industrial Processes,Mt CO2/yr,,,,18.6672967489324,,,31.7926724077611,,,,,32.2425356053681,,42.072435068136,,,,,21.9881487857497,23.4641928849274,21.7387828741428,14.4215262737162,16.4575106277167,16.7822507296786,17.5316961660479,19.3207319620126,22.1370897853563,25.3163395151506,28.5899215147302,33.5759727604773,34.5166531508408,33.8695652914655,32.3407519279237,32.7881848927491,,,,Pakistan,CO2
GCAM 5.3,R_MAC_40_n8,PAK,Emissions|N2O|AFOLU,kt N2O/yr,,,,43.305999250667,,,48.357084841711,,,,,52.42958560616,,54.598331447955,,,,,58.602993193071,65.010426039523,79.0987944003581,91.848829811209,89.477745231039,87.9135439678761,86.952577039464,88.349039411881,90.390421373775,92.402541943233,94.272142927015,95.904394336446,96.885021455582,97.5529133674039,98.813032952689,99.948024780396,,,,Pakistan,N2O
GCAM 5.3,R_MAC_45_n0,PAK,Carbon Sequestration|CCS|Biomass,Mt CO2/yr,,,,0.0,,,0.0,,,,,0.0,,0.0,,,,,2.965328936242,12.6072814507831,31.8235544293835,59.1311428695579,91.617446262858,97.7696671352174,98.0010650935369,107.562683716903,122.114217809228,139.833896527695,157.902270732404,173.461283413009,187.155854213806,197.815085664764,207.963508438006,221.557481770448,,,,Pakistan,
GCAM 5.3,R_MAC_45_n0,PAK,Emissions|CH4|AFOLU,Mt CH4/yr,,,,3.32077326930029,,,3.86339481722767,,,,,4.44022416226603,,5.05081857859685,,,,,5.44685367581386,6.15472052263456,6.78242677994621,7.52449267824362,8.62630500368175,9.29708819572552,10.1074968688725,10.9599073971182,11.7135506757859,12.3870274445119,12.9832394001719,13.4995371282151,13.9431154243564,14.3158490965254,14.6291763775892,14.8878346563143,,,,Pakistan,CH4
GCAM 5.3,R_MAC_45_n0,PAK,Emissions|CO2|AFOLU,Mt CO2/yr,,,,-2.73126287369598,,,9.04140251746979,,,,,-10.2799840800329,,24.4893635949327,,,,,14.783545353816,7.59092462789497,8.13494752447481,2.79398881351351,-3.05860563230659,0.117112755967258,-1.15572362699567,-2.90456677807789,-3.36195677977183,-2.45266641471274,-1.71772176290726,-1.00657725141494,-0.28532505655592,1.53326563044278,1.38653399316074,0.247841220257607,,,,Pakistan,CO2
GCAM 5.3,R_MAC_45_n0,PAK,Emissions|CO2|Energy and Industrial Processes,Mt CO2/yr,,,,130.002750838431,,,155.046716015155,,,,,177.011176315217,,220.381331395218,,,,,169.979379756995,163.161758442084,143.238456173835,105.479451302511,50.6999901429711,69.9809751174838,88.1828692462155,96.7137931808105,101.882120011168,108.155755533397,111.598223539672,113.073443028664,114.169834484657,118.016264598486,120.425871255729,118.916096118983,,,,Pakistan,CO2
GCAM 5.3,R_MAC_45_n0,PAK,Emissions|CO2|Energy|Demand,Mt CO2/yr,,,,75.4355363725365,,,80.7068333527991,,,,,97.9031975062637,,114.685913533163,,,,,100.336901997109,109.550866872779,115.956997660968,113.472071856704,97.564108211078,115.064216286538,127.066233072203,138.412517703575,150.470698234123,164.336221654402,178.236330129984,190.072251765638,200.774688209217,211.16301729116,219.697919982973,227.984538614041,,,,Pakistan,CO2
GCAM 5.3,R_MAC_45_n0,PAK,Emissions|CO2|Energy|Demand|Industry,Mt CO2/yr,,,,33.4188974653138,,,29.4583711392478,,,,,32.3986907424804,,41.1445990485244,,,,,31.232260513053,33.6609689966582,34.7239508424522,30.4997737016932,18.0595689333979,22.0187869259366,21.7839362040641,20.4870998700284,19.4109283786264,20.4313618943633,21.9342854578105,23.0699805162348,23.7001734382777,23.8772245468212,23.4397998106192,22.7967440286288,,,,Pakistan,CO2
GCAM 5.3,R_MAC_45_n0,PAK,Emissions|CO2|Energy|Demand|Residential and Commercial,Mt CO2/yr,,,,12.5247100261386,,,15.3480108498742,,,,,19.3347356998652,,20.6880794359821,,,,,16.7547668437651,17.3158754750358,17.3315139750776,15.6916472689938,12.3308652751898,14.2243339162161,15.0014930610137,15.5790053694902,16.1916888459305,16.9527113710999,17.656441802042,18.4273349721102,19.1900615922651,19.9223628466175,20.4194438152364,20.9596714829073,,,,Pakistan,CO2
GCAM 5.3,R_MAC_45_n0,PAK,Emissions|CO2|Energy|Demand|Residential and Commercial|Commercial,Mt CO2/yr,,,,2.574062567339,,,2.9829502045106,,,,,4.5513710470943,,4.61881834549162,,,,,3.36499554796571,3.39671360375868,3.32070540713322,2.86207544146512,2.08651808727058,2.56030282024428,2.83368355145705,3.09177115234,3.37618529755042,3.65983285020231,3.99130170783218,4.33950837458352,4.70794099880523,5.11377440203021,5.48284079585457,5.85447195012712,,,,Pakistan,CO2
GCAM 5.3,R_MAC_45_n0,PAK,Emissions|CO2|Energy|Demand|Residential and Commercial|Residential,Mt CO2/yr,,,,9.95064745879957,,,12.3650606453636,,,,,14.7833646527709,,16.0692610904905,,,,,13.3897712957994,13.9191618712771,14.0108085679443,12.8295718275287,10.2443471879192,11.6640310959719,12.1678095095566,12.4872342171502,12.8155035483801,13.2928785208976,13.6651400942099,14.0878265975267,14.4821205934598,14.8085884445873,14.9366030193818,15.1051995327802,,,,Pakistan,CO2
GCAM 5.3,R_MAC_45_n0,PAK,Emissions|CO2|Energy|Demand|Transportation,Mt CO2/yr,,,,29.4919288810842,,,35.9004513636771,,,,,46.1697710639182,,52.853235048656,,,,,52.3498746402906,58.5740224010854,63.9015328434381,67.2806508860171,67.1736740024902,78.8210954443858,90.2808038071257,102.346412464056,114.868081009566,126.952148388939,138.645602870131,148.574936277293,157.884453178675,167.363429897721,175.838676357117,184.228123102505,,,,Pakistan,CO2
GCAM 5.3,R_MAC_45_n0,PAK,Emissions|CO2|Energy|Supply,Mt CO2/yr,,,,35.8999177169619,,,42.5472102545945,,,,,46.8654432035848,,63.6229827939196,,,,,45.1947406833003,26.8847606845918,-1.89828665817736,-37.9076342400573,-74.5280491536097,-77.5527783981612,-74.6963913634135,-81.2677127746135,-93.1788217193254,-109.427076105633,-126.654991035336,-141.16964981046,-153.821955579373,-163.124758368149,-171.586431955531,-183.800414724167,,,,Pakistan,CO2
GCAM 5.3,R_MAC_45_n0,PAK,Emissions|CO2|Energy|Supply|Electricity,Mt CO2/yr,,,,33.3676478200889,,,37.5443694664575,,,,,41.0769126773548,,55.9385580075328,,,,,37.8054105825426,19.6535334830364,-6.03450391831787,-36.1387160636504,-60.8432464083532,-65.2412995284821,-64.29308692918,-73.0075075326038,-87.8901048424271,-108.103902199381,-126.727260829511,-138.709479378109,-147.593341842311,-154.536881336085,-161.746718552661,-173.991373866249,,,,Pakistan,CO2
GCAM 5.3,R_MAC_45_n0,PAK,Emissions|CO2|Energy|Supply|Gases,Mt CO2/yr,,,,1.022186092926,,,3.243067961491,,,,,3.526420653917,,4.46660258512055,,,,,4.39683441171919,5.14724209311379,5.92812683039502,6.51827938634041,6.5545178516623,7.66820820790103,8.53820377740585,9.44752555289912,10.5171663705308,11.9107857933588,13.208966277488,14.3571384505612,15.4339197609948,16.4862483251983,17.4645081309938,18.3462338084169,,,,Pakistan,CO2
GCAM 5.3,R_MAC_45_n0,PAK,Emissions|CO2|Energy|Supply|Liquids,Mt CO2/yr,,,,1.510083803947,,,1.759772826646,,,,,2.262109872313,,3.17294452266671,,,,,3.00935907446265,2.2349785790587,-1.34774676884736,-7.42364239356314,-18.518690877042,-19.3825102481646,-18.4807865171361,-16.9326222109433,-14.6497688891188,-11.6417022711004,-11.3945332731866,-14.9671564962516,-19.9024618769168,-23.4217503796356,-25.6181960818229,-26.3395549696993,,,,Pakistan,CO2
GCAM 5.3,R_MAC_45_n0,PAK,Emissions|CO2|Energy|Supply|Solids,Mt CO2/yr,,,,0.0,,,0.0,,,,,0.0,,-3.30000030497933e-05,,,,,-4.76666422494441e-05,0.0,-2.20000407057402e-05,-1.8333291288636e-05,-1.42999782676846e-05,0.0,0.0,-6.96666123995278e-06,-1.35666150419885e-05,-1.24666373177139e-05,0.0,0.0,-7.33332444753366e-07,0.0,0.0,-1.0999992908598e-06,,,,Pakistan,CO2
GCAM 5.3,R_MAC_45_n0,PAK,Emissions|CO2|Industrial Processes,Mt CO2/yr,,,,18.6672967489324,,,31.7926724077611,,,,,32.2425356053681,,42.072435068136,,,,,24.4477370765862,26.7261308847133,29.1797451710449,29.9150136858645,27.6639310855029,32.4695372291065,35.8130275374254,39.5689882518492,44.5902434963707,53.2466099846283,60.0168844450244,64.1708410734863,67.2171018548129,69.9780056754748,72.3143832282873,74.7319722291094,,,,Pakistan,CO2
GCAM 5.3,R_MAC_45_n0,PAK,Emissions|N2O|AFOLU,kt N2O/yr,,,,43.305999250667,,,48.357084841711,,,,,52.42958560616,,54.598331447955,,,,,58.688378611401,65.034890955229,72.086202955189,82.9857160558841,90.95253583367,85.801316360732,84.455214187392,85.895644904426,88.034940300299,90.012431968632,91.951654831612,93.679917439312,95.14704768323,95.923091902951,96.706142522031,97.738242468057,,,,Pakistan,N2O
GCAM 5.3,R_MAC_45_n8,PAK,Carbon Sequestration|CCS|Biomass,Mt CO2/yr,,,,0.0,,,0.0,,,,,0.0,,0.0,,,,,4.15414755431641,16.7522249045961,44.3789637650509,81.7277078467909,127.099766385363,143.393702495151,153.18124420814,168.015012265531,187.943983216785,211.982315911762,237.859725824417,253.464141051679,266.880662366428,278.181662441122,290.675974994068,314.665604646301,,,,Pakistan,
GCAM 5.3,R_MAC_45_n8,PAK,Emissions|CH4|AFOLU,Mt CH4/yr,,,,3.32077326930029,,,3.86339481722767,,,,,4.44022416226603,,5.05081857859685,,,,,5.43305376694347,6.11660584965799,6.78318500113204,7.74338617768403,8.96033182662155,9.66194912150105,10.4997851041468,11.2533232404223,11.9609815340555,12.5989575201232,13.1639903540926,13.6503944552563,14.0767615900817,14.438185013038,14.7492026372964,15.0128222520457,,,,Pakistan,CH4
GCAM 5.3,R_MAC_45_n8,PAK,Emissions|CO2|AFOLU,Mt CO2/yr,,,,-2.73126287369598,,,9.04140251746979,,,,,-10.2799840800329,,24.4893635949327,,,,,15.1444834420937,7.39807621603118,7.92599316762034,0.798413753610178,-6.6805385414066,-2.72862532477507,-1.18391060103179,-3.1589891104065,-3.3805583218421,-2.51516360599649,-1.53713532699662,-0.533130125196151,1.03896380759602,2.17653769118255,0.586685668107966,-0.161715239078086,,,,Pakistan,CO2
GCAM 5.3,R_MAC_45_n8,PAK,Emissions|CO2|Energy and Industrial Processes,Mt CO2/yr,,,,130.002750838431,,,155.046716015155,,,,,177.011176315217,,220.381331395218,,,,,163.071942753723,149.642747706013,110.725483291415,50.0975164197044,-37.7679854804751,-44.7226182283119,-44.8671504199268,-47.6159188137412,-54.654937456065,-65.3191543014994,-77.5101229104071,-78.6147243790579,-84.6890216846844,-91.3686985288416,-101.501163289921,-117.669935985692,,,,Pakistan,CO2
GCAM 5.3,R_MAC_45_n8,PAK,Emissions|CO2|Energy|Demand,Mt CO2/yr,,,,75.4355363725365,,,80.7068333527991,,,,,97.9031975062637,,114.685913533163,,,,,98.084442085782,105.663308452685,105.525670692779,91.4431034109199,64.0025931579604,70.7755626434487,78.5124236210208,87.3255386421658,96.1087455399253,104.656138773781,113.367464234353,120.022433079258,125.12372351243,129.294268551857,133.098195859857,138.926511769042,,,,Pakistan,CO2
GCAM 5.3,R_MAC_45_n8,PAK,Emissions|CO2|Energy|Demand|Industry,Mt CO2/yr,,,,33.4188974653138,,,29.4583711392478,,,,,32.3986907424804,,41.1445990485244,,,,,30.0311409287712,31.5072831906619,29.4005927424225,19.2077569122499,5.8924422722701,6.4064809612669,6.21538490182706,5.96100165718242,5.63656949619663,5.33527395479219,5.07871118753227,6.00525241284596,7.71079805498665,8.73164397864785,9.13659629163062,10.2072693870641,,,,Pakistan,CO2
GCAM 5.3,R_MAC_45_n8,PAK,Emissions|CO2|Energy|Demand|Residential and Commercial,Mt CO2/yr,,,,12.5247100261386,,,15.3480108498742,,,,,19.3347356998652,,20.6880794359821,,,,,16.2463172204148,16.4597868317319,15.3084172201191,12.1590151253629,7.43067314292438,8.17704464951152,8.57205298417721,9.11629834652529,9.84414117189445,10.6967984460294,11.6962267017984,12.6070009191222,13.2963168526723,13.8125745747211,14.1826719153361,14.7022810734658,,,,Pakistan,CO2
GCAM 5.3,R_MAC_45_n8,PAK,Emissions|CO2|Energy|Demand|Residential and Commercial|Commercial,Mt CO2/yr,,,,2.574062567339,,,2.9829502045106,,,,,4.5513710470943,,4.61881834549162,,,,,3.22008954223781,3.16975375201856,2.80157298242201,2.02496647124356,1.07548788718909,1.19574226519282,1.33434333964516,1.52733796207076,1.75466743288838,2.02712911290568,2.36982499852261,2.62310644152175,2.78800788140783,2.91542693831662,3.03620400856456,3.26694526445369,,,,Pakistan,CO2
GCAM 5.3,R_MAC_45_n8,PAK,Emissions|CO2|Energy|Demand|Residential and Commercial|Residential,Mt CO2/yr,,,,9.95064745879957,,,12.3650606453636,,,,,14.7833646527709,,16.0692610904905,,,,,13.026227678177,13.2900330797133,12.5068442376971,10.1340486541194,6.35518525573528,6.98130238431871,7.23770964453205,7.58896038445453,8.08947373900607,8.66966933312371,9.32640170327574,9.98389447760041,10.5083089712645,10.8971476364045,11.1464679067715,11.4353358090121,,,,Pakistan,CO2
GCAM 5.3,R_MAC_45_n8,PAK,Emissions|CO2|Energy|Demand|Transportation,Mt CO2/yr,,,,29.4919288810842,,,35.9004513636771,,,,,46.1697710639182,,52.853235048656,,,,,51.806983936596,57.6962384302912,60.8166607302379,60.0763313733071,50.6794777427659,56.1920370326703,63.7249857350165,72.2482386384581,80.6280348718342,88.624066372959,96.592526345022,101.41017974729,104.116608604771,106.750049998488,109.77892765289,114.016961308512,,,,Pakistan,CO2
GCAM 5.3,R_MAC_45_n8,PAK,Emissions|CO2|Energy|Supply,Mt CO2/yr,,,,35.8999177169619,,,42.5472102545945,,,,,46.8654432035848,,63.6229827939196,,,,,41.7280257202653,18.6234388011005,-21.2110813102025,-66.0939312538697,-117.592318515114,-132.308948702501,-140.494907285413,-153.417527402085,-171.388894227565,-193.821445089126,-218.433264013527,-232.367160464393,-245.046177345526,-255.40036252153,-266.8427880433,-290.092718872029,,,,Pakistan,CO2
GCAM 5.3,R_MAC_45_n8,PAK,Emissions|CO2|Energy|Supply|Electricity,Mt CO2/yr,,,,33.3676478200889,,,37.5443694664575,,,,,41.0769126773548,,55.9385580075328,,,,,34.4705132306539,11.7992728339502,-22.0114065000779,-54.2580867504224,-80.6697625300586,-90.7399319703141,-96.3218964058775,-107.652941148322,-126.259983471185,-151.011733397671,-180.277186529487,-195.902601722307,-202.855936569398,-206.047467206264,-210.316725346591,-232.124924042258,,,,Pakistan,CO2
GCAM 5.3,R_MAC_45_n8,PAK,Emissions|CO2|Energy|Supply|Gases,Mt CO2/yr,,,,1.022186092926,,,3.243067961491,,,,,3.526420653917,,4.46660258512055,,,,,4.31413963989637,4.97886647599822,5.51705736349693,5.70415691647813,5.00937125331298,5.80749705169711,6.41429168801068,7.07817683528361,7.72515910915135,8.2286279531029,8.675777329399,9.67417456175282,10.7068917524054,11.8053153001603,12.7563017037224,13.493630845637,,,,Pakistan,CO2
GCAM 5.3,R_MAC_45_n8,PAK,Emissions|CO2|Energy|Supply|Liquids,Mt CO2/yr,,,,1.510083803947,,,1.759772826646,,,,,2.262109872313,,3.17294452266671,,,,,2.9780899595418,2.09632126196884,-3.85031081961458,-15.8361848747762,-37.1185950392031,-44.6368854821665,-48.2650814113867,-49.2708672465837,-48.220558574778,-44.7246454629511,-39.310822865221,-38.8166059583766,-47.2030866298402,-56.6681818121426,-65.3333698094334,-67.2517320881084,,,,Pakistan,CO2
GCAM 5.3,R_MAC_45_n8,PAK,Emissions|CO2|Energy|Supply|Solids,Mt CO2/yr,,,,0.0,,,0.0,,,,,0.0,,-3.30000030497933e-05,,,,,-2.56666623162161e-05,0.0,0.0,-5.86665564358228e-06,0.0,0.0,-3.29999385397543e-06,-3.29999110540064e-06,-2.93332472379041e-06,0.0,-2.56666127090505e-06,-1.46666443958603e-06,-4.03331746091852e-06,-7.33332677754442e-07,-1.57665980957775e-06,0.0,,,,Pakistan,CO2
GCAM 5.3,R_MAC_45_n8,PAK,Emissions|CO2|Industrial Processes,Mt CO2/yr,,,,18.6672967489324,,,31.7926724077611,,,,,32.2425356053681,,42.072435068136,,,,,23.2594749476754,25.3560004522271,26.4108939088375,24.7483442626542,15.8217398766788,16.8107678307399,17.1153332444649,18.4760699461781,20.6252112315752,23.8461520138459,27.5556768687675,33.7300030060764,35.233432148412,34.7373954408316,32.2434288935219,33.4962711172951,,,,Pakistan,CO2
GCAM 5.3,R_MAC_45_n8,PAK,Emissions|N2O|AFOLU,kt N2O/yr,,,,43.305999250667,,,48.357084841711,,,,,52.42958560616,,54.598331447955,,,,,58.676392730812,64.932883258577,74.268230390068,86.849469327125,93.4989178098481,88.270133320353,86.976204349523,88.358235439355,90.396940175675,92.407250158821,94.302025643105,95.950197341625,97.021613554807,97.658274583761,98.807886514743,99.981611892544,,,,Pakistan,N2O
GCAM 5.3,R_MAC_50_n0,PAK,Carbon Sequestration|CCS|Biomass,Mt CO2/yr,,,,0.0,,,0.0,,,,,0.0,,0.0,,,,,2.11903923930658,9.73640822512794,23.9746098695098,42.882088455038,66.2582524478103,92.566903982839,98.6083141462247,106.025164451187,119.817518754369,136.818750508917,154.555386909188,171.338160768182,185.971658204739,198.193065970354,208.624258034167,221.229689613733,,,,Pakistan,
GCAM 5.3,R_MAC_50_n0,PAK,Emissions|CH4|AFOLU,Mt CH4/yr,,,,3.32077326930029,,,3.86339481722767,,,,,4.44022416226603,,5.05081857859685,,,,,5.4553938230193,6.17228266633346,6.85672166162473,7.50995584429964,8.44810923815426,9.35258303315124,10.1077964400656,10.955682429166,11.7105761737321,12.3848373336608,12.982641865252,13.5007715103854,13.9450835511955,14.3188151547188,14.6315040201489,14.888931660371,,,,Pakistan,CH4
GCAM 5.3,R_MAC_50_n0,PAK,Emissions|CO2|AFOLU,Mt CO2/yr,,,,-2.73126287369598,,,9.04140251746979,,,,,-10.2799840800329,,24.4893635949327,,,,,14.6858270973646,7.92606702469152,7.83036489322451,4.17892537945683,-0.854567508363268,-3.16187010514277,-1.20410528402267,-2.96464962599454,-3.43220875025168,-2.47781921526235,-1.7623167576156,-1.10964653342519,-0.513435753971577,1.35919328933989,1.42007649314638,0.510991072231847,,,,Pakistan,CO2
GCAM 5.3,R_MAC_50_n0,PAK,Emissions|CO2|Energy and Industrial Processes,Mt CO2/yr,,,,130.002750838431,,,155.046716015155,,,,,177.011176315217,,220.381331395218,,,,,176.184822368633,173.758777636168,165.568664675523,148.578845612656,117.491590945597,73.6710436815102,89.7633037413932,100.96757359618,106.377533093921,112.033038467374,115.094535291168,115.296813747081,115.760693174352,117.639347405884,119.860255328016,119.337280759285,,,,Pakistan,CO2
GCAM 5.3,R_MAC_50_n0,PAK,Emissions|CO2|Energy|Demand,Mt CO2/yr,,,,75.4355363725365,,,80.7068333527991,,,,,97.9031975062637,,114.685913533163,,,,,102.48516226977,112.730697781954,122.834926053394,129.621577175638,126.483995706907,112.879889473263,127.804926433862,139.79483816881,151.67207429483,164.979265368603,178.462290960227,189.836492277808,200.531287790581,210.653642664682,219.452954352172,227.783333338063,,,,Pakistan,CO2
GCAM 5.3,R_MAC_50_n0,PAK,Emissions|CO2|Energy|Demand|Industry,Mt CO2/yr,,,,33.4188974653138,,,29.4583711392478,,,,,32.3986907424804,,41.1445990485244,,,,,32.4026711797437,35.4169195259803,38.3191851594147,38.811931295192,32.4566567848947,19.6764002540918,21.4640063194954,20.733295286203,19.664384632281,20.5820685815816,21.9811683948335,22.661894911174,23.4304013688352,23.8267501997786,23.748439838443,23.1861639143977,,,,Pakistan,CO2
GCAM 5.3,R_MAC_50_n0,PAK,Emissions|CO2|Energy|Demand|Residential and Commercial,Mt CO2/yr,,,,12.5247100261386,,,15.3480108498742,,,,,19.3347356998652,,20.6880794359821,,,,,17.2281289283932,18.018453562129,18.7258973850109,18.6093741327767,16.7183204662491,13.6764779414624,14.9845101754119,15.6882647250754,16.3114050424738,17.0840287191475,17.7646942293771,18.3826386589749,19.1149740566681,19.8180717866991,20.368701818319,20.93815232676,,,,Pakistan,CO2
GCAM 5.3,R_MAC_50_n0,PAK,Emissions|CO2|Energy|Demand|Residential and Commercial|Commercial,Mt CO2/yr,,,,2.574062567339,,,2.9829502045106,,,,,4.5513710470943,,4.61881834549162,,,,,3.50215759159461,3.58773365469667,3.68732500332898,3.60025734857311,3.13419447368092,2.46913063199529,2.84851901991208,3.13253532878812,3.41773874594907,3.69652884737779,4.011627888994,4.33498896251433,4.69587526968829,5.08677436029206,5.46654625981,5.84510133356554,,,,Pakistan,CO2
GCAM 5.3,R_MAC_50_n0,PAK,Emissions|CO2|Energy|Demand|Residential and Commercial|Residential,Mt CO2/yr,,,,9.95064745879957,,,12.3650606453636,,,,,14.7833646527709,,16.0692610904905,,,,,13.7259713367985,14.4307199074323,15.0385723816819,15.0091167842036,13.5841259925681,11.2073473094671,12.1359911554998,12.5557293962873,12.8936662965248,13.3874998717697,13.7530663403831,14.0476496964606,14.4190987869798,14.731297426407,14.902155558509,15.0930509931944,,,,Pakistan,CO2
GCAM 5.3,R_MAC_50_n0,PAK,Emissions|CO2|Energy|Demand|Transportation,Mt CO2/yr,,,,29.4919288810842,,,35.9004513636771,,,,,46.1697710639182,,52.853235048656,,,,,52.8543621616334,59.2953246938444,65.7898435089684,72.2002717476698,77.3090184557633,79.5270112777087,91.3564099389545,103.373278157532,115.696284620075,127.313168067874,138.716428336017,148.79195870766,157.985912365078,167.008820678205,175.33581269541,183.659017096905,,,,Pakistan,CO2
GCAM 5.3,R_MAC_50_n0,PAK,Emissions|CO2|Energy|Supply,Mt CO2/yr,,,,35.8999177169619,,,42.5472102545945,,,,,46.8654432035848,,63.6229827939196,,,,,47.9941256412997,33.0082759259192,11.4338483592359,-14.9191031926516,-43.439219888935,-71.6497658455115,-74.6147759465235,-79.0966691605739,-90.3553647600866,-106.027068793064,-123.001932990563,-138.843502514766,-152.346872584735,-163.360101868914,-172.295723255347,-183.473923137328,,,,Pakistan,CO2
GCAM 5.3,R_MAC_50_n0,PAK,Emissions|CO2|Energy|Supply|Electricity,Mt CO2/yr,,,,33.3676478200889,,,37.5443694664575,,,,,41.0769126773548,,55.9385580075328,,,,,40.4894412785842,25.4618279239307,5.53832705181872,-18.3272497920002,-42.1457045410845,-63.0860024306232,-67.535551273461,-73.7632466378565,-87.1079658717563,-104.86155205642,-122.077254460261,-136.273928277991,-147.022377528939,-155.731795244935,-163.401495448213,-174.517421073558,,,,Pakistan,CO2
GCAM 5.3,R_MAC_50_n0,PAK,Emissions|CO2|Energy|Supply|Gases,Mt CO2/yr,,,,1.022186092926,,,3.243067961491,,,,,3.526420653917,,4.46660258512055,,,,,4.46721413001816,5.27299685965375,6.19907711471485,7.07792748123467,7.58588071329062,7.55713771654453,8.57911088097673,9.50927836353075,10.5725472958452,11.9525761394994,13.2633248857054,14.4709211173086,15.5308674019887,16.5153227238195,17.3923888015605,18.2625353729576,,,,Pakistan,CO2
GCAM 5.3,R_MAC_50_n0,PAK,Emissions|CO2|Energy|Supply|Liquids,Mt CO2/yr,,,,1.510083803947,,,1.759772826646,,,,,2.262109872313,,3.17294452266671,,,,,3.04037159039181,2.36558781433903,-0.0536279175495557,-3.26308173083786,-8.08194989628019,-14.5878100265074,-14.9314159113319,-13.9677165963308,-12.6330754874376,-11.5882664820296,-12.5542284787429,-15.3344587553784,-19.0972617976808,-22.4395622199766,-24.5746183453061,-25.4361250713555,,,,Pakistan,CO2
GCAM 5.3,R_MAC_50_n0,PAK,Emissions|CO2|Energy|Supply|Solids,Mt CO2/yr,,,,0.0,,,0.0,,,,,0.0,,-3.30000030497933e-05,,,,,-1.83333179167784e-05,-4.03333533441315e-05,0.0,-3.66666686531599e-05,-1.83332966821932e-05,0.0,-1.53999610838597e-05,0.0,0.0,0.0,-1.9433243247865e-05,-2.19999995322097e-06,-4.03332712691274e-06,-3.66666311887059e-06,0.0,0.0,,,,Pakistan,CO2
GCAM 5.3,R_MAC_50_n0,PAK,Emissions|CO2|Industrial Processes,Mt CO2/yr,,,,18.6672967489324,,,31.7926724077611,,,,,32.2425356053681,,42.072435068136,,,,,25.7055344575628,28.0198039282947,31.2998902628926,33.876371629669,34.4468151276248,32.4409200537588,36.5731532540549,40.2694045879435,45.0608235591779,53.0808418918349,59.6341773215034,64.3038239840377,67.576277968506,70.3458066101158,72.703024231191,75.0278705585503,,,,Pakistan,CO2
GCAM 5.3,R_MAC_50_n0,PAK,Emissions|N2O|AFOLU,kt N2O/yr,,,,43.305999250667,,,48.357084841711,,,,,52.42958560616,,54.598331447955,,,,,58.675184962977,64.961468116545,72.059584410378,79.798687859323,87.818893531911,88.0375799044351,84.504098429758,85.8448239668601,88.002096262311,89.987054865753,91.933393649034,93.687767072092,95.219647302116,96.0457167245111,96.813762029526,97.756651670651,,,,Pakistan,N2O
GCAM 5.3,R_MAC_50_n8,PAK,Carbon Sequestration|CCS|Biomass,Mt CO2/yr,,,,0.0,,,0.0,,,,,0.0,,0.0,,,,,2.99778440252583,12.716939756752,32.1435367254728,59.755030179275,92.5429997009992,132.885946859863,147.132506214528,164.286373135208,185.477342139633,209.294266486677,236.451411044676,252.756396221442,265.489881270429,276.398587513368,289.570770895883,314.131340110207,,,,Pakistan,
GCAM 5.3,R_MAC_50_n8,PAK,Emissions|CH4|AFOLU,Mt CH4/yr,,,,3.32077326930029,,,3.86339481722767,,,,,4.44022416226603,,5.05081857859685,,,,,5.44639806842948,6.1539420014264,6.78231179512352,7.52470648543182,8.63230542811542,9.69103637015401,10.5037341246775,11.2577069145731,11.9628854238727,12.6002247327888,13.1649129090486,13.6511586811243,14.0775440347436,14.4397675883547,14.750220135293,15.0138336999004,,,,Pakistan,CH4
GCAM 5.3,R_MAC_50_n8,PAK,Emissions|CO2|AFOLU,Mt CO2/yr,,,,-2.73126287369598,,,9.04140251746979,,,,,-10.2799840800329,,24.4893635949327,,,,,14.8010972344466,7.56955859740732,8.11200078057783,2.76419854736684,-3.14445947026661,-6.79450857620142,-2.277636485157,-3.55451331694149,-3.51440867173148,-2.4861469138259,-1.56860300763738,-0.551630235959558,0.670315118085462,1.95488456968775,1.08422862524329,-0.0722884793366532,,,,Pakistan,CO2
GCAM 5.3,R_MAC_50_n8,PAK,Emissions|CO2|Energy and Industrial Processes,Mt CO2/yr,,,,130.002750838431,,,155.046716015155,,,,,177.011176315217,,220.381331395218,,,,,169.768696520472,162.781284249042,142.368984851901,103.894875990939,48.2033552891056,-28.1171780072763,-33.6521221743818,-40.189428910303,-50.0812159195842,-62.1156309477357,-77.823327112857,-79.1793170631385,-84.1120838709892,-90.1716272648181,-99.5489702492817,-116.362762905521,,,,Pakistan,CO2
GCAM 5.3,R_MAC_50_n8,PAK,Emissions|CO2|Energy|Demand,Mt CO2/yr,,,,75.4355363725365,,,80.7068333527991,,,,,97.9031975062637,,114.685913533163,,,,,100.265818122577,109.439191784715,115.686201802532,112.855322112392,96.4746531303291,73.635143659311,80.5182965063346,88.6498961829226,96.9439411584849,104.780297595903,112.72673635757,119.243996229121,124.411224210466,129.04794872903,133.401100249656,139.029579948122,,,,Pakistan,CO2
GCAM 5.3,R_MAC_50_n8,PAK,Emissions|CO2|Energy|Demand|Industry,Mt CO2/yr,,,,33.4188974653138,,,29.4583711392478,,,,,32.3986907424804,,41.1445990485244,,,,,31.1938644423325,33.5991281190485,34.5834797559879,30.186664737178,17.5586640982218,6.16032376029029,6.19658111493188,5.9542026524686,5.66507177566153,5.4203003933167,5.11615786033432,6.01243874981461,7.71076425241904,9.21603501570623,10.0645908321005,10.9936815471491,,,,Pakistan,CO2
GCAM 5.3,R_MAC_50_n8,PAK,Emissions|CO2|Energy|Demand|Residential and Commercial,Mt CO2/yr,,,,12.5247100261386,,,15.3480108498742,,,,,19.3347356998652,,20.6880794359821,,,,,16.7389528632936,17.2912389401821,17.2779820016139,15.5846412411523,12.1788796232876,8.14205383707487,8.6368264165032,9.16763078326977,9.89281881487359,10.7300998433443,11.6613584894518,12.5272658897094,13.222462592247,13.7356869092536,14.1085693034045,14.628719262892,,,,Pakistan,CO2
GCAM 5.3,R_MAC_50_n8,PAK,Emissions|CO2|Energy|Demand|Residential and Commercial|Commercial,Mt CO2/yr,,,,2.574062567339,,,2.9829502045106,,,,,4.5513710470943,,4.61881834549162,,,,,3.36045560540139,3.39008158320468,3.30666693243234,2.83577032901385,2.05120246722675,1.24949352120671,1.37860060562975,1.5616115287632,1.78237914465162,2.03387592054671,2.34631748711441,2.58593490441296,2.75052108153032,2.87263907754229,3.0011744102341,3.23647370347361,,,,Pakistan,CO2
GCAM 5.3,R_MAC_50_n8,PAK,Emissions|CO2|Energy|Demand|Residential and Commercial|Residential,Mt CO2/yr,,,,9.95064745879957,,,12.3650606453636,,,,,14.7833646527709,,16.0692610904905,,,,,13.3784972578922,13.9011573569774,13.9713150691816,12.7488709121385,10.1276771560609,6.89256031586816,7.25822581087346,7.60601925450657,8.11043967022197,8.6962239227976,9.31504100233741,9.94133098529648,10.4719415107166,10.8630478317113,11.1073948931704,11.3922455594184,,,,Pakistan,CO2
GCAM 5.3,R_MAC_50_n8,PAK,Emissions|CO2|Energy|Demand|Transportation,Mt CO2/yr,,,,29.4919288810842,,,35.9004513636771,,,,,46.1697710639182,,52.853235048656,,,,,52.3330008169505,58.5488247254839,63.8247400449301,67.0840161340613,66.7371094088197,59.3327660619458,65.6848889748995,73.5280627471842,81.3860505679498,88.6298973592421,95.9492200077837,100.704291589597,103.4779973658,106.096226804071,109.227940114151,113.407179138081,,,,Pakistan,CO2
GCAM 5.3,R_MAC_50_n8,PAK,Emissions|CO2|Energy|Supply,Mt CO2/yr,,,,35.8999177169619,,,42.5472102545945,,,,,46.8654432035848,,63.6229827939196,,,,,45.0944357217189,26.6583147069974,-2.41997604220395,-38.7349116440537,-75.6498516355166,-120.173627655161,-132.901302277544,-148.499647251325,-168.142801005415,-190.671361881144,-216.986150831389,-231.622727520792,-243.491004460106,-253.595432160758,-265.723824054645,-289.614545612777,,,,Pakistan,CO2
GCAM 5.3,R_MAC_50_n8,PAK,Emissions|CO2|Energy|Supply|Electricity,Mt CO2/yr,,,,33.3676478200889,,,37.5443694664575,,,,,41.0769126773548,,55.9385580075328,,,,,37.7090199248726,19.4381741397613,-6.48059674325556,-36.7375130042967,-61.4463609610538,-85.7780460295788,-95.065461535333,-107.466801606288,-125.800374682064,-148.176464013305,-176.256047947906,-193.229943911672,-199.959065426764,-202.918921714252,-208.992483493776,-231.583388957388,,,,Pakistan,CO2
GCAM 5.3,R_MAC_50_n8,PAK,Emissions|CO2|Energy|Supply|Gases,Mt CO2/yr,,,,1.022186092926,,,3.243067961491,,,,,3.526420653917,,4.46660258512055,,,,,4.39439757523152,5.14266042521886,5.91748031951953,6.49724124576068,6.51420053243423,5.84119193752472,6.50661798999972,7.16427014292949,7.77990270438695,8.32949861822578,8.7738243651346,9.84826801183002,10.867088595822,11.8753855071272,12.7502518341741,13.4385209297678,,,,Pakistan,CO2
GCAM 5.3,R_MAC_50_n8,PAK,Emissions|CO2|Energy|Supply|Liquids,Mt CO2/yr,,,,1.510083803947,,,1.759772826646,,,,,2.262109872313,,3.17294452266671,,,,,3.00834009107646,2.2308899655464,-1.40361224101442,-7.61165711424495,-18.9526597339967,-35.7757438241421,-41.4320302949301,-44.1090917059594,-45.1640694055524,-44.6502912988428,-42.3400127504567,-41.5579972854107,-49.0441376098698,-58.2783156170161,-65.557205475621,-67.1868701561575,,,,Pakistan,CO2
GCAM 5.3,R_MAC_50_n8,PAK,Emissions|CO2|Energy|Supply|Solids,Mt CO2/yr,,,,0.0,,,0.0,,,,,0.0,,-3.30000030497933e-05,,,,,0.0,-2.1999921671796e-05,-5.86665041239614e-05,0.0,0.0,0.0,0.0,0.0,-4.76664863906499e-06,0.0,-2.19999581989354e-06,0.0,-3.66666600724555e-07,0.0,0.0,-1.31999339512008e-06,,,,Pakistan,CO2
GCAM 5.3,R_MAC_50_n8,PAK,Emissions|CO2|Industrial Processes,Mt CO2/yr,,,,18.6672967489324,,,31.7926724077611,,,,,32.2425356053681,,42.072435068136,,,,,24.408442676176,26.68377775733,29.1027590915734,29.7744655226015,27.378553794293,18.4213059885736,18.7308835968279,19.6603221580989,21.1176439273462,23.7754333375049,26.4360873609622,33.1994142285318,34.9676963786511,34.375856166909,32.7737535557073,34.2222027591335,,,,Pakistan,CO2
GCAM 5.3,R_MAC_50_n8,PAK,Emissions|N2O|AFOLU,kt N2O/yr,,,,43.305999250667,,,48.357084841711,,,,,52.42958560616,,54.598331447955,,,,,58.688188428269,65.035428995504,72.130328594974,83.117185539551,91.059422040695,89.5691436747391,86.997384944641,88.359711916844,90.3996522756719,92.397936149422,94.299582558825,95.9558491639141,97.163742732138,97.870347131243,98.823812545156,100.002905156235,,,,Pakistan,N2O
GCAM 5.3,R_MAC_55_n0,PAK,Carbon Sequestration|CCS|Biomass,Mt CO2/yr,,,,0.0,,,0.0,,,,,0.0,,0.0,,,,,1.588686144426,7.86982120877156,19.3630507769439,33.6092974553904,50.3402427663853,70.2733579764865,95.1885639105383,105.237440424096,119.757778637533,135.952608063454,152.358803680529,168.052690139823,183.50425616663,197.27236619717,209.414123866282,222.20197560948,,,,Pakistan,
GCAM 5.3,R_MAC_55_n0,PAK,Emissions|CH4|AFOLU,Mt CH4/yr,,,,3.32077326930029,,,3.86339481722767,,,,,4.44022416226603,,5.05081857859685,,,,,5.45956760711057,6.18118739080901,6.89691337738927,7.57131933317367,8.32697914282562,9.1852380813325,10.1360007788154,10.9515081371831,11.7067452806241,12.3820089472275,12.9807411707778,13.5011563955382,13.9456264012012,14.3210070879533,14.6346067975427,14.8906317765435,,,,Pakistan,CH4
GCAM 5.3,R_MAC_55_n0,PAK,Emissions|CO2|AFOLU,Mt CO2/yr,,,,-2.73126287369598,,,9.04140251746979,,,,,-10.2799840800329,,24.4893635949327,,,,,14.774066664491,8.07505735318216,7.6586243895351,4.76148293408352,0.734658373323412,-0.722426793606723,-4.44672314138067,-3.47065543595951,-3.66657177152283,-2.68164876566226,-1.87166889089785,-1.29783586535509,-0.673625217954445,1.07772892701705,1.35180868692175,0.68381400923358,,,,Pakistan,CO2
GCAM 5.3,R_MAC_55_n0,PAK,Emissions|CO2|Energy and Industrial Processes,Mt CO2/yr,,,,130.002750838431,,,155.046716015155,,,,,177.011176315217,,220.381331395218,,,,,181.092073575646,181.536300439341,180.118770519724,175.752005208431,161.423240301215,137.628924983679,92.7161723958507,103.725651568829,108.038008667827,113.738990131968,117.507143518899,118.692813534731,118.435869820053,118.909917045992,119.00979805455,118.416091143293,,,,Pakistan,CO2
GCAM 5.3,R_MAC_55_n0,PAK,Emissions|CO2|Energy|Demand,Mt CO2/yr,,,,75.4355363725365,,,80.7068333527991,,,,,97.9031975062637,,114.685913533163,,,,,104.279392375958,115.158128366582,127.441664190068,139.267406686173,144.788261776471,142.485626074573,126.346167151062,140.513413119892,152.158072309809,165.427730630615,178.664826603652,189.988920083516,200.387184192824,210.417344406689,218.933121353236,227.517526617349,,,,Pakistan,CO2
GCAM 5.3,R_MAC_55_n0,PAK,Emissions|CO2|Energy|Demand|Industry,Mt CO2/yr,,,,33.4188974653138,,,29.4583711392478,,,,,32.3986907424804,,41.1445990485244,,,,,33.4162628404671,36.7492213474605,40.7933993431311,43.9433006192782,42.2392370751401,34.5531713100447,19.7398134362582,20.6076528411858,19.5922091073808,20.7121703868085,22.0481649664488,22.6507098372288,23.0707312212414,23.6223028884032,23.7315211681126,23.4610474494037,,,,Pakistan,CO2
GCAM 5.3,R_MAC_55_n0,PAK,Emissions|CO2|Energy|Demand|Residential and Commercial,Mt CO2/yr,,,,12.5247100261386,,,15.3480108498742,,,,,19.3347356998652,,20.6880794359821,,,,,17.6060008527612,18.5553173916591,19.6651058106241,20.442951261165,19.8480619166518,18.0379127269342,14.5682952437383,15.699332061925,16.3706332282605,17.1576602668048,17.8730107482639,18.4653614298657,19.0726745119431,19.7429361418619,20.2675392858993,20.8942045685428,,,,Pakistan,CO2
GCAM 5.3,R_MAC_55_n0,PAK,Emissions|CO2|Energy|Demand|Residential and Commercial|Commercial,Mt CO2/yr,,,,2.574062567339,,,2.9829502045106,,,,,4.5513710470943,,4.61881834549162,,,,,3.61327699469167,3.73643714614899,3.93701148991296,4.07971615416365,3.93121328323495,3.55006314221675,2.77574318065952,3.14472318972377,3.43500290226676,3.718016753925,4.03466872448462,4.34945421585095,4.6921971919073,5.07343250002305,5.44163464290236,5.83523119552259,,,,Pakistan,CO2
GCAM 5.3,R_MAC_55_n0,PAK,Emissions|CO2|Energy|Demand|Residential and Commercial|Residential,Mt CO2/yr,,,,9.95064745879957,,,12.3650606453636,,,,,14.7833646527709,,16.0692610904905,,,,,13.9927238580695,14.8188802455101,15.7280943207112,16.3632351070014,15.9168486334169,14.4878495847175,11.7925520630788,12.5546088722012,12.9356303259937,13.4396435128798,13.8383420237792,14.1159072140148,14.3804773200358,14.6695036418388,14.8259046429969,15.0589733730202,,,,Pakistan,CO2
GCAM 5.3,R_MAC_55_n0,PAK,Emissions|CO2|Energy|Demand|Transportation,Mt CO2/yr,,,,29.4919288810842,,,35.9004513636771,,,,,46.1697710639182,,52.853235048656,,,,,53.25712868273,59.8535896274625,66.9831590363129,74.8811548057297,82.7009627846786,89.8945420375944,92.0380584710659,104.206428216781,116.195229974168,127.557899977001,138.743650888939,148.872848816421,158.24377845964,167.052105376424,174.934060899225,183.162274599402,,,,Pakistan,CO2
GCAM 5.3,R_MAC_55_n0,PAK,Emissions|CO2|Energy|Supply,Mt CO2/yr,,,,35.8999177169619,,,42.5472102545945,,,,,46.8654432035848,,63.6229827939196,,,,,49.9927813737394,37.2427373014589,19.8291944583914,-0.164871337340583,-22.1358740339317,-44.3755617563264,-70.4790900736945,-77.8217922553227,-89.9779187883683,-104.898997774908,-120.555776776047,-135.33341840023,-149.727778979021,-162.236877518861,-173.041633395819,-184.575628311837,,,,Pakistan,CO2
GCAM 5.3,R_MAC_55_n0,PAK,Emissions|CO2|Energy|Supply|Electricity,Mt CO2/yr,,,,33.3676478200889,,,37.5443694664575,,,,,41.0769126773548,,55.9385580075328,,,,,42.3961156457249,29.453993649266,12.9480979673259,-6.05719833844882,-26.6554440999404,-46.1640259909555,-66.9865521151613,-75.4520867641409,-88.6917667521705,-104.351348420148,-119.103267714939,-131.845272372638,-144.456254409364,-155.521113309708,-165.253796906976,-176.832343170937,,,,Pakistan,CO2
GCAM 5.3,R_MAC_55_n0,PAK,Emissions|CO2|Energy|Supply|Gases,Mt CO2/yr,,,,1.022186092926,,,3.243067961491,,,,,3.526420653917,,4.46660258512055,,,,,4.52149991912394,5.3621426826846,6.36775842213676,7.4172824893381,8.22672143945181,8.63740123487156,8.48680372438971,9.54369528570808,10.6607009977434,12.0184844001005,13.3273717092775,14.533089497571,15.6438068134312,16.5868597275099,17.3819072843207,18.1545218843953,,,,Pakistan,CO2
GCAM 5.3,R_MAC_55_n0,PAK,Emissions|CO2|Energy|Supply|Liquids,Mt CO2/yr,,,,1.510083803947,,,1.759772826646,,,,,2.262109872313,,3.17294452266671,,,,,3.06771014848582,2.48378091726157,0.671875300790032,-1.31459774125739,-3.34565052308555,-6.1011635606238,-10.3533269637578,-10.7164567855662,-10.5719947544625,-11.0077572412195,-13.2365913166667,-16.4473472516084,-19.2980111538173,-21.59803952728,-23.3887265355793,-24.0708768937745,,,,Pakistan,CO2
GCAM 5.3,R_MAC_55_n0,PAK,Emissions|CO2|Energy|Supply|Solids,Mt CO2/yr,,,,0.0,,,0.0,,,,,0.0,,-3.30000030497933e-05,,,,,0.0,0.0,0.0,0.0,0.0,0.0,0.0,-4.3999996371866e-06,-2.9333322761043e-06,0.0,0.0,0.0,0.0,-1.8333312054532e-06,0.0,0.0,,,,Pakistan,CO2
GCAM 5.3,R_MAC_55_n0,PAK,Emissions|CO2|Industrial Processes,Mt CO2/yr,,,,18.6672967489324,,,31.7926724077611,,,,,32.2425356053681,,42.072435068136,,,,,26.8198998259486,29.1354347712997,32.847911871264,36.6494698595982,38.7708525586757,39.5188606654321,36.8490953184828,41.0340307042597,45.8578551463862,53.2102572762608,59.3980936912943,64.0373118514447,67.7764646062495,70.7294501581645,73.1183100971326,75.4741928377806,,,,Pakistan,CO2
GCAM 5.3,R_MAC_55_n0,PAK,Emissions|N2O|AFOLU,kt N2O/yr,,,,43.305999250667,,,48.357084841711,,,,,52.42958560616,,54.598331447955,,,,,58.650847076596,64.84323967665,72.019837734114,78.42199131261,85.986309798563,86.255557778655,85.376270297318,85.7961497943179,87.958855345263,89.96343380357,91.905846044798,93.692118552618,95.245757648626,96.1457014137249,96.9150829879799,97.783547709352,,,,Pakistan,N2O
GCAM 5.3,R_MAC_55_n8,PAK,Carbon Sequestration|CCS|Biomass,Mt CO2/yr,,,,0.0,,,0.0,,,,,0.0,,0.0,,,,,2.25845911864778,10.2120290550329,25.2003692042758,45.4637030363969,70.4861924785018,98.4876024030843,135.402333946036,157.811005111443,182.874290175702,208.041395625283,235.618135879805,252.23401352843,264.194565115384,274.971315606954,290.852733698679,313.526461016988,,,,Pakistan,
GCAM 5.3,R_MAC_55_n8,PAK,Emissions|CH4|AFOLU,Mt CH4/yr,,,,3.32077326930029,,,3.86339481722767,,,,,4.44022416226603,,5.05081857859685,,,,,5.45426101972697,6.16970767980274,6.84381230057178,7.50449016886194,8.48858410133345,9.41196208167026,10.5181553053776,11.2623216024622,11.9649956000002,12.6014639494453,13.1653466920883,13.6520626903661,14.077934392243,14.4409907905992,14.7519547003731,15.0147501099892,,,,Pakistan,CH4
GCAM 5.3,R_MAC_55_n8,PAK,Emissions|CO2|AFOLU,Mt CO2/yr,,,,-2.73126287369598,,,9.04140251746979,,,,,-10.2799840800329,,24.4893635949327,,,,,14.6728078404509,7.88738360425651,7.88881020655011,3.96405191750351,-1.2226897319166,-3.85284270550107,-5.62066282137801,-4.91699897664551,-4.05166153881874,-2.74316663042004,-1.71797080144442,-0.709719231193661,0.119505372701551,1.94866502223571,1.27079647572315,-0.0297916009614549,,,,Pakistan,CO2
GCAM 5.3,R_MAC_55_n8,PAK,Emissions|CO2|Energy and Industrial Processes,Mt CO2/yr,,,,130.002750838431,,,155.046716015155,,,,,177.011176315217,,220.381331395218,,,,,175.057202230052,171.909185795511,161.893099150878,141.400265069086,106.4250967682,57.0939983478654,-12.9702802524139,-26.7558248957349,-43.0500614612715,-58.6189806505851,-77.1215692922782,-80.9619373718175,-85.3961855254451,-90.549201823894,-100.025795706524,-114.145033787335,,,,Pakistan,CO2
GCAM 5.3,R_MAC_55_n8,PAK,Emissions|CO2|Energy|Demand,Mt CO2/yr,,,,75.4355363725365,,,80.7068333527991,,,,,97.9031975062637,,114.685913533163,,,,,102.085236986803,112.165896551273,121.685850701571,127.003950541862,121.780016874447,105.482504846522,84.4509385380765,91.3014018868562,98.4612587011481,105.462085342335,112.502814554029,118.058854737571,122.891818085061,128.279050262055,133.364312976622,139.48181810297,,,,Pakistan,CO2
GCAM 5.3,R_MAC_55_n8,PAK,Emissions|CO2|Energy|Demand|Industry,Mt CO2/yr,,,,33.4188974653138,,,29.4583711392478,,,,,32.3986907424804,,41.1445990485244,,,,,32.1813026508171,35.1058489582982,37.7061508396981,37.4406414143976,30.0385016111837,16.4383043700064,6.08332561293678,5.95406951078619,5.6690441280177,5.47098254805325,5.19417111692313,6.04724254915292,7.6545154082085,9.5511421708106,10.7454582205185,11.8265873876798,,,,Pakistan,CO2
GCAM 5.3,R_MAC_55_n8,PAK,Emissions|CO2|Energy|Demand|Residential and Commercial,Mt CO2/yr,,,,12.5247100261386,,,15.3480108498742,,,,,19.3347356998652,,20.6880794359821,,,,,17.1416244147429,17.8935765270207,18.4916003918335,18.1234553821465,15.9630750877722,12.6439011861216,8.6985998288133,9.26112067042439,9.96195781184705,10.7852792759874,11.6732182944173,12.4409591971023,13.0866017377757,13.6120998814225,14.0057781457636,14.5903167753735,,,,Pakistan,CO2
GCAM 5.3,R_MAC_55_n8,PAK,Emissions|CO2|Energy|Demand|Residential and Commercial|Commercial,Mt CO2/yr,,,,2.574062567339,,,2.9829502045106,,,,,4.5513710470943,,4.61881834549162,,,,,3.4769396897287,3.55347816257266,3.62603079023021,3.47487429072223,2.94489234381221,2.2250473578569,1.45700745825662,1.62238101069508,1.82464104622536,2.05845251531703,2.34092881269217,2.53368747803138,2.67168751869587,2.80468399338947,2.96616993460116,3.22636271916363,,,,Pakistan,CO2
GCAM 5.3,R_MAC_55_n8,PAK,Emissions|CO2|Energy|Demand|Residential and Commercial|Residential,Mt CO2/yr,,,,9.95064745879957,,,12.3650606453636,,,,,14.7833646527709,,16.0692610904905,,,,,13.6646847250142,14.340098364448,14.8655696016033,14.6485810914242,13.01818274396,10.4188538282647,7.24159237055668,7.63873965972932,8.13731676562169,8.72682676067035,9.33228948172509,9.9072717190709,10.4149142190798,10.8074158880331,11.0396082111625,11.3639540562099,,,,Pakistan,CO2
GCAM 5.3,R_MAC_55_n8,PAK,Emissions|CO2|Energy|Demand|Transportation,Mt CO2/yr,,,,29.4919288810842,,,35.9004513636771,,,,,46.1697710639182,,52.853235048656,,,,,52.7623099212428,59.1664710659541,65.4880994700394,71.4398537453177,75.7784401754909,76.4002992903938,69.6690130963264,76.0862117056456,82.8302567612833,89.2058235182942,95.6354251426887,99.5706529913154,102.150700939077,105.115808209822,108.61307661034,113.064913939917,,,,Pakistan,CO2
GCAM 5.3,R_MAC_55_n8,PAK,Emissions|CO2|Energy|Supply,Mt CO2/yr,,,,35.8999177169619,,,42.5472102545945,,,,,46.8654432035848,,63.6229827939196,,,,,47.5077330695661,31.9664934861418,9.27491888792452,-18.7932946743566,-48.7685319689345,-78.8159842983483,-118.927634294669,-140.186772260493,-164.303181344776,-188.645092922027,-215.842230104327,-231.073330377808,-242.153298838215,-252.036521856073,-266.982496520979,-289.050133097579,,,,Pakistan,CO2
GCAM 5.3,R_MAC_55_n8,PAK,Emissions|CO2|Energy|Supply|Electricity,Mt CO2/yr,,,,33.3676478200889,,,37.5443694664575,,,,,41.0769126773548,,55.9385580075328,,,,,40.024123416713,24.4759556681318,3.64376593132096,-21.4604259604958,-45.6589306136098,-66.9669398210888,-90.7329125871801,-106.740476880361,-127.044571913223,-148.664414628674,-174.609868513874,-189.359973337863,-194.702239659041,-198.451175661798,-210.236679608175,-231.982541411665,,,,Pakistan,CO2
GCAM 5.3,R_MAC_55_n8,PAK,Emissions|CO2|Energy|Supply|Gases,Mt CO2/yr,,,,1.022186092926,,,3.243067961491,,,,,3.526420653917,,4.46660258512055,,,,,4.45455516825044,5.2514197637883,6.15514506147347,6.98684193893036,7.42679625773167,7.28370459842822,6.53133004050061,7.23232294931028,7.84986237908558,8.42519876988301,8.89948159453108,10.007145319945,11.1144424125487,12.0384057878366,12.7590151757433,13.3926876885112,,,,Pakistan,CO2
GCAM 5.3,R_MAC_55_n8,PAK,Emissions|CO2|Energy|Supply|Liquids,Mt CO2/yr,,,,1.510083803947,,,1.759772826646,,,,,2.262109872313,,3.17294452266671,,,,,3.03444657297837,2.34049169578807,-0.247171565763748,-3.84919672691762,-9.61339278902847,-17.3329477833115,-29.7484857586731,-35.1027585264912,-39.1160160912889,-41.7361577810451,-43.1206500195168,-45.6202203083886,-53.8709865382035,-61.6518697174387,-65.4726352207891,-66.129991840552,,,,Pakistan,CO2
GCAM 5.3,R_MAC_55_n8,PAK,Emissions|CO2|Energy|Supply|Solids,Mt CO2/yr,,,,0.0,,,0.0,,,,,0.0,,-3.30000030497933e-05,,,,,-4.39999793781844e-05,-4.03332254889932e-05,0.0,0.0,0.0,-1.13666410665409e-05,0.0,-2.5666637156999e-06,-2.56666198222155e-06,0.0,-4.76664389722122e-06,0.0,0.0,-5.1333033645739e-06,0.0,0.0,,,,Pakistan,CO2
GCAM 5.3,R_MAC_55_n8,PAK,Emissions|CO2|Industrial Processes,Mt CO2/yr,,,,18.6672967489324,,,31.7926724077611,,,,,32.2425356053681,,42.072435068136,,,,,25.4642321736828,27.7767957580966,30.932329561383,33.1896092015811,33.4136118626879,30.4274777996919,21.5064155041785,22.1295454779024,22.791861182356,24.5640269291068,26.2178462580195,32.0525382684194,33.865295227709,33.2082697701243,33.5923878378326,35.4232812072744,,,,Pakistan,CO2
GCAM 5.3,R_MAC_55_n8,PAK,Emissions|N2O|AFOLU,kt N2O/yr,,,,43.305999250667,,,48.357084841711,,,,,52.42958560616,,54.598331447955,,,,,58.679920313377,64.982054443279,72.030729902208,80.309817039091,88.283789405149,88.416306663893,87.370153335243,88.364556592056,90.3998049889009,92.390507889884,94.286153970635,95.954601710853,97.32891973853,97.987898398524,98.856717684073,100.024756143482,,,,Pakistan,N2O
GCAM 5.3,R_MAC_60_n0,PAK,Carbon Sequestration|CCS|Biomass,Mt CO2/yr,,,,0.0,,,0.0,,,,,0.0,,0.0,,,,,1.25063836702772,6.56619712026029,16.2309211622048,27.8301077266762,40.5612968773903,55.5134400126759,76.0829470732976,102.4950745544,120.849672863196,137.910996944309,153.680529445963,167.287126740119,181.25060487111,195.833028335061,209.24878864402,223.12961525,,,,Pakistan,
GCAM 5.3,R_MAC_60_n0,PAK,Emissions|CH4|AFOLU,Mt CH4/yr,,,,3.32077326930029,,,3.86339481722767,,,,,4.44022416226603,,5.05081857859685,,,,,5.46225576177564,6.18664252399931,6.91922426066582,7.64775509844516,8.29253972106323,9.12647222162362,9.94478816675239,10.9659372502057,11.702780738494,12.3789280973424,12.9786229339046,13.4995143211409,13.9450893754205,14.3215918962124,14.6369657803981,14.8928746179344,,,,Pakistan,CH4
GCAM 5.3,R_MAC_60_n0,PAK,Emissions|CO2|AFOLU,Mt CO2/yr,,,,-2.73126287369598,,,9.04140251746979,,,,,-10.2799840800329,,24.4893635949327,,,,,14.851012368381,8.20937027754544,7.52302926366012,5.09621699092016,1.9093525286834,0.704667493545868,-3.42174269801468,-6.09956578694365,-4.27296639379471,-2.98157631910693,-2.00776738358547,-1.38216799131141,-0.783594892926671,0.652234101997732,1.14833867750163,0.9645425097879,,,,Pakistan,CO2
GCAM 5.3,R_MAC_60_n0,PAK,Emissions|CO2|Energy and Industrial Processes,Mt CO2/yr,,,,130.002750838431,,,155.046716015155,,,,,177.011176315217,,220.381331395218,,,,,185.059676079235,187.694035908239,190.799351481314,194.119921023797,191.844505845797,180.433623513833,152.591842191397,107.148944265398,107.774972259598,111.365183404666,115.047962421241,118.535267038568,119.862292389521,119.716260024098,118.951164164821,117.278407685953,,,,Pakistan,CO2
GCAM 5.3,R_MAC_60_n0,PAK,Emissions|CO2|Energy|Demand,Mt CO2/yr,,,,75.4355363725365,,,80.7068333527991,,,,,97.9031975062637,,114.685913533163,,,,,105.772336289602,117.148233157841,130.876652576262,145.689580911475,157.06318436762,161.626286328945,155.459023416393,140.030205637886,151.951941699593,165.03071864555,177.97178454828,189.545579817148,200.004935208956,209.843363734802,218.417134390343,226.94596177816,,,,Pakistan,CO2
GCAM 5.3,R_MAC_60_n0,PAK,Emissions|CO2|Energy|Demand|Industry,Mt CO2/yr,,,,33.4188974653138,,,29.4583711392478,,,,,32.3986907424804,,41.1445990485244,,,,,34.2666613340051,37.8352763006068,42.6330302358766,47.4661340942821,49.1400679842848,45.2575928433109,34.1465882432689,19.7588073145655,19.4994120535881,20.8080025452746,22.0486760288612,22.6967685439486,22.9976650350988,23.2857390166105,23.520416410698,23.3815114445788,,,,Pakistan,CO2
GCAM 5.3,R_MAC_60_n0,PAK,Emissions|CO2|Energy|Demand|Residential and Commercial,Mt CO2/yr,,,,12.5247100261386,,,15.3480108498742,,,,,19.3347356998652,,20.6880794359821,,,,,17.9178575226362,18.9953121208124,20.378523307705,21.6751672158358,22.108959571207,21.3092512693464,18.823367098864,15.4576033005837,16.3401165172854,17.1343544988083,17.8871162480023,18.5205548278715,19.0973133924412,19.6696637310065,20.1840603655544,20.8124781743975,,,,Pakistan,CO2
GCAM 5.3,R_MAC_60_n0,PAK,Emissions|CO2|Energy|Demand|Residential and Commercial|Commercial,Mt CO2/yr,,,,2.574062567339,,,2.9829502045106,,,,,4.5513710470943,,4.61881834549162,,,,,3.70581738712344,3.86004220255546,4.1295999293053,4.40760101725143,4.50859450950201,4.3736911000558,3.84201458910898,3.09622637054661,3.41179350876402,3.70145602279451,4.02162619708527,4.34600555766009,4.68236094059491,5.04982284051199,5.41923205098163,5.81608709069466,,,,Pakistan,CO2
GCAM 5.3,R_MAC_60_n0,PAK,Emissions|CO2|Energy|Demand|Residential and Commercial|Residential,Mt CO2/yr,,,,9.95064745879957,,,12.3650606453636,,,,,14.7833646527709,,16.0692610904905,,,,,14.2120401355128,15.1352699182569,16.2489233783997,17.2675661985844,17.600365061705,16.9355601692906,14.981352509755,12.3613769300371,12.9283230085214,13.4328984760138,13.865490050917,14.1745492702115,14.4149524518463,14.6198408904945,14.7648283145728,14.9963910837029,,,,Pakistan,CO2
GCAM 5.3,R_MAC_60_n0,PAK,Emissions|CO2|Energy|Demand|Transportation,Mt CO2/yr,,,,29.4919288810842,,,35.9004513636771,,,,,46.1697710639182,,52.853235048656,,,,,53.587817432961,60.3176447364214,67.8650990326807,76.5482796013569,85.8141568121285,95.0594422162874,102.489068074261,104.813795022737,116.11241312872,127.088361601467,138.035992271416,148.328256445328,157.909956781416,166.887960987185,174.71265761409,182.751972159184,,,,Pakistan,CO2
GCAM 5.3,R_MAC_60_n0,PAK,Emissions|CO2|Energy|Supply,Mt CO2/yr,,,,35.8999177169619,,,42.5472102545945,,,,,46.8654432035848,,63.6229827939196,,,,,51.4703519799448,40.4052687281812,25.8075864035781,9.72047713109844,-7.44506976622209,-25.3335790493179,-47.1802476210908,-74.5432965845786,-90.999367199853,-106.839819969723,-121.81142976109,-134.421729948067,-147.325626499933,-160.673136512457,-172.739464510567,-185.508998425375,,,,Pakistan,CO2
GCAM 5.3,R_MAC_60_n0,PAK,Emissions|CO2|Energy|Supply|Electricity,Mt CO2/yr,,,,33.3676478200889,,,37.5443694664575,,,,,41.0769126773548,,55.9385580075328,,,,,43.8015556308444,32.4130841280064,18.2390200647784,2.37624399310287,-14.8011655980996,-32.1523831184388,-51.8896386536378,-74.8505134679634,-90.6226802174786,-105.602514468137,-118.653500171707,-128.96600960866,-140.162883609808,-153.0659316697,-165.239264506701,-178.785862875478,,,,Pakistan,CO2
GCAM 5.3,R_MAC_60_n0,PAK,Emissions|CO2|Energy|Supply|Gases,Mt CO2/yr,,,,1.022186092926,,,3.243067961491,,,,,3.526420653917,,4.46660258512055,,,,,4.56361957632969,5.43115850310042,6.49014269594234,7.63978750058216,8.69040214172015,9.37803330766342,9.66737719431383,9.54632858468127,10.8222184817683,12.1388735051776,13.437098428155,14.6351961466226,15.7246378295797,16.7085634174155,17.4456441541118,18.1260052891773,,,,Pakistan,CO2
GCAM 5.3,R_MAC_60_n0,PAK,Emissions|CO2|Energy|Supply|Liquids,Mt CO2/yr,,,,1.510083803947,,,1.759772826646,,,,,2.262109872313,,3.17294452266671,,,,,3.09016109293618,2.59418240738765,1.18155446638815,-0.183028206018433,-1.18847713004595,-2.23910993362706,-4.12746071349296,-7.18480020319062,-9.39983743677309,-11.6777784328196,-15.0671244108464,-18.6271568692502,-21.4010262438997,-22.7393742974094,-23.1719703769098,-22.9659223496357,,,,Pakistan,CO2
GCAM 5.3,R_MAC_60_n0,PAK,Emissions|CO2|Energy|Supply|Solids,Mt CO2/yr,,,,0.0,,,0.0,,,,,0.0,,-3.30000030497933e-05,,,,,-3.66666429685103e-06,-2.56667637556586e-05,0.0,-2.56666191573088e-05,0.0,0.0,-2.19999634229232e-05,0.0,0.0,-1.90665670619775e-05,-3.6666692336274e-07,0.0,-1.09999965679143e-06,0.0,-3.66666499281042e-07,0.0,,,,Pakistan,CO2
GCAM 5.3,R_MAC_60_n0,PAK,Emissions|CO2|Industrial Processes,Mt CO2/yr,,,,18.6672967489324,,,31.7926724077611,,,,,32.2425356053681,,42.072435068136,,,,,27.8169878096878,30.1405340222171,34.1151125014737,38.7098629812237,42.2263912443991,44.1409162342058,44.313066396094,41.6620352120907,46.8223977598582,53.1742847288395,58.8876076340518,63.4114171694879,67.1829836804977,70.5460328017525,73.2734942850449,75.8414443331678,,,,Pakistan,CO2
GCAM 5.3,R_MAC_60_n0,PAK,Emissions|N2O|AFOLU,kt N2O/yr,,,,43.305999250667,,,48.357084841711,,,,,52.42958560616,,54.598331447955,,,,,58.6181922102549,64.71755700285,71.870841336601,78.53806120754,84.967949239322,84.8062201871919,83.703154064517,86.086694476925,87.913374580533,89.941872901268,91.882538880399,93.667488527067,95.233193078602,96.259956760745,97.0713790793199,97.814745691112,,,,Pakistan,N2O
GCAM 5.3,R_MAC_60_n8,PAK,Carbon Sequestration|CCS|Biomass,Mt CO2/yr,,,,0.0,,,0.0,,,,,0.0,,0.0,,,,,1.75782149980194,8.481246437689,20.8535517191106,36.5110434158521,55.3769554542682,77.4625549080498,104.5590385828,146.15170021281,178.852151078299,208.002995652701,235.493020060666,251.334822080093,262.648707277496,273.221770083307,292.655761559819,313.358278194287,,,,Pakistan,
GCAM 5.3,R_MAC_60_n8,PAK,Emissions|CH4|AFOLU,Mt CH4/yr,,,,3.32077326930029,,,3.86339481722767,,,,,4.44022416226603,,5.05081857859685,,,,,5.45822583554816,6.17847795066833,6.88453354311239,7.54984573440063,8.36087456331394,9.22816551146481,10.2235130345137,11.2702947199844,11.9683896236552,12.6032747088505,13.1658629678464,13.6525169991523,14.0781302560974,14.4422273109471,14.7539792805236,15.0158226179425,,,,Pakistan,CH4
GCAM 5.3,R_MAC_60_n8,PAK,Emissions|CO2|AFOLU,Mt CO2/yr,,,,-2.73126287369598,,,9.04140251746979,,,,,-10.2799840800329,,24.4893635949327,,,,,14.7426411951421,8.02161802851083,7.73570872542775,4.57498584623685,0.145784674833413,-1.47248217055673,-4.74983158355567,-8.11829548074242,-5.2158915231409,-3.1415274564878,-1.81101754647127,-0.792779705719787,-0.22997186988122,1.5032848531069,1.56986978116083,0.013711616340459,,,,Pakistan,CO2
GCAM 5.3,R_MAC_60_n8,PAK,Emissions|CO2|Energy and Industrial Processes,Mt CO2/yr,,,,130.002750838431,,,155.046716015155,,,,,177.011176315217,,220.381331395218,,,,,179.38758359983,178.875902856725,175.283695114924,166.997478165824,146.940140680663,117.177743137196,65.1818032937421,-5.24506631226354,-32.7593690885467,-55.5481759926079,-75.8921838708481,-82.0126518604905,-87.3812665841702,-92.4866789700806,-102.149470212371,-112.761339384422,,,,Pakistan,CO2
GCAM 5.3,R_MAC_60_n8,PAK,Emissions|CO2|Energy|Demand,Mt CO2/yr,,,,75.4355363725365,,,80.7068333527991,,,,,97.9031975062637,,114.685913533163,,,,,103.649291759432,114.317057679501,125.902526055236,136.20581892155,138.825984670275,133.085336654397,113.838469953912,95.7483292893824,100.83881722942,106.306730732308,112.061314484908,116.760567122153,121.214273826031,126.702764806049,132.894962278392,139.853157967012,,,,Pakistan,CO2
GCAM 5.3,R_MAC_60_n8,PAK,Emissions|CO2|Energy|Demand|Industry,Mt CO2/yr,,,,33.4188974653138,,,29.4583711392478,,,,,32.3986907424804,,41.1445990485244,,,,,33.0595163318969,36.2883842648573,39.9663337946281,42.3051474913193,38.9923325806455,29.5855054660453,14.4832938872312,5.94651826791249,5.62587158166049,5.44519331494385,5.29279933367647,6.17301039315797,7.78065128627257,9.62103831084724,11.3198422099386,12.5737712059083,,,,Pakistan,CO2
GCAM 5.3,R_MAC_60_n8,PAK,Emissions|CO2|Energy|Demand|Residential and Commercial,Mt CO2/yr,,,,12.5247100261386,,,15.3480108498742,,,,,19.3347356998652,,20.6880794359821,,,,,17.4735930759552,18.3693515900336,19.3498207828301,19.8523256510552,18.7902632693778,16.5685151215755,12.8255954998537,9.35924056761854,10.0109986091324,10.8001908312744,11.6569156016435,12.3733032411488,12.9320886345535,13.4310225924765,13.859000120132,14.5502287053529,,,,Pakistan,CO2
GCAM 5.3,R_MAC_60_n8,PAK,Emissions|CO2|Energy|Demand|Residential and Commercial|Commercial,Mt CO2/yr,,,,2.574062567339,,,2.9829502045106,,,,,4.5513710470943,,4.61881834549162,,,,,3.57420464932675,3.68466797969516,3.85266407340682,3.92428607595555,3.6612402174185,3.18165694332866,2.35780888098656,1.70343791650628,1.87261160713439,2.08015652714497,2.32170821546554,2.47869711961344,2.57631003400015,2.69870324169841,2.90856356436431,3.21912769097866,,,,Pakistan,CO2
GCAM 5.3,R_MAC_60_n8,PAK,Emissions|CO2|Energy|Demand|Residential and Commercial|Residential,Mt CO2/yr,,,,9.95064745879957,,,12.3650606453636,,,,,14.7833646527709,,16.0692610904905,,,,,13.8993884266285,14.6846836103385,15.4971567094233,15.9280395750996,15.1290230519593,13.3868581782468,10.4677866188672,7.65580265111226,8.13838700199796,8.72003430412947,9.33520738617796,9.89460612153539,10.3557786005534,10.7323193507781,10.9504365557677,11.3311010143742,,,,Pakistan,CO2
GCAM 5.3,R_MAC_60_n8,PAK,Emissions|CO2|Energy|Demand|Transportation,Mt CO2/yr,,,,29.4919288810842,,,35.9004513636771,,,,,46.1697710639182,,52.853235048656,,,,,53.11618235158,59.6593218246096,66.5863714777783,74.0483457791758,81.0433888202515,86.9313160667759,86.5295805668274,80.4425704538513,85.2019470386267,90.0613465860895,95.1115995495881,98.2142534878462,100.501533905205,103.650703902725,107.716119948322,112.729158055751,,,,Pakistan,CO2
GCAM 5.3,R_MAC_60_n8,PAK,Emissions|CO2|Energy|Supply,Mt CO2/yr,,,,35.8999177169619,,,42.5472102545945,,,,,46.8654432035848,,63.6229827939196,,,,,49.3204578911956,35.8232833092538,17.0680083556358,-4.92839846464525,-29.1538263378779,-53.2498213079122,-81.7921395171371,-126.224139120724,-158.73359401514,-187.690048148704,-215.105205753058,-229.954578677169,-240.579738846061,-250.216464164414,-268.717904844622,-288.926783997053,,,,Pakistan,CO2
GCAM 5.3,R_MAC_60_n8,PAK,Emissions|CO2|Energy|Supply|Electricity,Mt CO2/yr,,,,33.3676478200889,,,37.5443694664575,,,,,41.0769126773548,,55.9385580075328,,,,,41.7554373893402,28.1190658738167,10.5069141840376,-10.0690393138963,-32.0104437501177,-52.0893177012275,-73.485632794597,-101.855802740724,-127.310708446129,-150.748383962051,-174.494943352956,-185.455345762248,-188.079096170003,-191.46219351539,-210.381732393465,-232.388302641441,,,,Pakistan,CO2
GCAM 5.3,R_MAC_60_n8,PAK,Emissions|CO2|Energy|Supply|Gases,Mt CO2/yr,,,,1.022186092926,,,3.243067961491,,,,,3.526420653917,,4.46660258512055,,,,,4.50291688642128,5.33194446668177,6.31219511778212,7.30862873169356,8.01025348180445,8.28607356812612,7.95836796416511,7.23496199976328,7.89133195962024,8.49893543652007,9.12762225564067,10.2460297992225,11.3505399332034,12.2821295564806,12.8445951117957,13.3628043605737,,,,Pakistan,CO2
GCAM 5.3,R_MAC_60_n8,PAK,Emissions|CO2|Energy|Supply|Liquids,Mt CO2/yr,,,,1.510083803947,,,1.759772826646,,,,,2.262109872313,,3.17294452266671,,,,,3.0581473083433,2.44080252296741,0.435554771147881,-1.90163259141954,-4.66232117549132,-8.46774095525837,-14.099561113583,-23.3619351981102,-31.2996410116126,-37.581184080431,-42.713045536434,-49.2626446451194,-59.7239227754773,-67.513355098224,-67.1027090265259,-65.5375267376314,,,,Pakistan,CO2
GCAM 5.3,R_MAC_60_n8,PAK,Emissions|CO2|Energy|Supply|Solids,Mt CO2/yr,,,,0.0,,,0.0,,,,,0.0,,-3.30000030497933e-05,,,,,-5.13333009686066e-05,-3.66667469881637e-05,0.0,-2.93333157733815e-05,-1.09999842421218e-05,0.0,0.0,-3.66666965702074e-07,-4.76664767663823e-06,0.0,-7.33333410831371e-07,-2.93332436961403e-06,-2.08324229754637e-16,-7.33332888669515e-07,-2.19998861241167e-07,-1.53999689622848e-06,,,,Pakistan,CO2
GCAM 5.3,R_MAC_60_n8,PAK,Emissions|CO2|Industrial Processes,Mt CO2/yr,,,,18.6672967489324,,,31.7926724077611,,,,,32.2425356053681,,42.072435068136,,,,,26.4178339492022,28.7355618679704,32.3131607040513,35.7200577089189,37.2679823482661,37.3422277907114,33.1354728569668,25.2307435190784,25.1354076971741,25.8351414237888,27.1517073973022,31.181359694525,31.9841984358595,31.0270203882845,33.6734723538588,36.3122866456185,,,,Pakistan,CO2
GCAM 5.3,R_MAC_60_n8,PAK,Emissions|N2O|AFOLU,kt N2O/yr,,,,43.305999250667,,,48.357084841711,,,,,52.42958560616,,54.598331447955,,,,,58.661507082623,64.889028987997,72.056990118962,78.7737167516819,86.591690727192,86.90062094287,85.963038235746,88.495483677,90.421888489332,92.401618834356,94.273799343473,95.936962496409,97.399337926249,98.1721746868581,98.889113237501,100.05071292825,,,,Pakistan,N2O
GCAM 5.3,R_MAC_65_n0,PAK,Carbon Sequestration|CCS|Biomass,Mt CO2/yr,,,,0.0,,,0.0,,,,,0.0,,0.0,,,,,1.02415351643819,5.60624672299208,13.8742145079588,23.7111473422253,34.1426379672092,45.6668586045322,62.0998601654413,85.3105143738339,118.032671784902,138.242325620833,155.26607688446,167.747089838747,179.8428609929,193.874254662071,208.342043098566,223.049988643389,,,,Pakistan,
GCAM 5.3,R_MAC_65_n0,PAK,Emissions|CH4|AFOLU,Mt CH4/yr,,,,3.32077326930029,,,3.86339481722767,,,,,4.44022416226603,,5.05081857859685,,,,,5.46406678284109,6.19292039966033,6.9278109229178,7.68187981980092,8.31294341180527,9.056705897631,9.84669207921683,10.739623909062,11.7078565357652,12.3768859688891,12.9770894771307,13.4978789998893,13.9443332102817,14.3213347234146,14.6378661294696,14.8940591993414,,,,Pakistan,CH4
GCAM 5.3,R_MAC_65_n0,PAK,Emissions|CO2|AFOLU,Mt CO2/yr,,,,-2.73126287369598,,,9.04140251746979,,,,,-10.2799840800329,,24.4893635949327,,,,,14.9154574109476,8.12078528208928,7.87183003526143,5.28288200253017,2.54530772060675,1.58483559338326,-2.16203360184901,-5.62639910150825,-6.50980318228615,-3.69263357364727,-2.28152274931548,-1.50670092299231,-0.89908660350977,0.157283643418847,1.21645759935413,1.06776995540112,,,,Pakistan,CO2
GCAM 5.3,R_MAC_65_n0,PAK,Emissions|CO2|Energy and Industrial Processes,Mt CO2/yr,,,,130.002750838431,,,155.046716015155,,,,,177.011176315217,,220.381331395218,,,,,188.326378592145,192.850918712616,199.424864827099,207.905786025105,213.72757377941,212.222662959214,196.623835517106,164.347359158934,111.685326813967,110.993098922141,112.204299040321,116.750028933166,120.083704065231,120.212706192957,118.437373596959,116.416162166305,,,,Pakistan,CO2
GCAM 5.3,R_MAC_65_n0,PAK,Emissions|CO2|Energy|Demand,Mt CO2/yr,,,,75.4355363725365,,,80.7068333527991,,,,,97.9031975062637,,114.685913533163,,,,,107.02430365582,118.860821306801,133.697465731617,150.46545253354,165.732667040686,175.611373547668,176.774988728998,168.493081293776,152.473375046412,164.863773926688,177.150557428716,188.775918256529,199.340407056922,208.935707825461,217.239739318616,225.928543482068,,,,Pakistan,CO2
GCAM 5.3,R_MAC_65_n0,PAK,Emissions|CO2|Energy|Demand|Industry,Mt CO2/yr,,,,33.4188974653138,,,29.4583711392478,,,,,32.3986907424804,,41.1445990485244,,,,,34.9845891560949,38.7658445629539,44.1271149019371,50.0833062146677,54.2051658907952,53.6040564101076,46.4952786860514,33.9856188867546,19.8046571130591,20.9017134346012,22.0020068084813,22.6626348787774,22.8666180838217,22.8635633052725,22.816061914153,22.7890800059343,,,,Pakistan,CO2
GCAM 5.3,R_MAC_65_n0,PAK,Emissions|CO2|Energy|Demand|Residential and Commercial,Mt CO2/yr,,,,12.5247100261386,,,15.3480108498742,,,,,19.3347356998652,,20.6880794359821,,,,,18.177908954893,19.3764666311832,20.9775139557601,22.6101385683512,23.6906291892303,23.7896225309984,22.2706776629139,19.5463359911358,16.1732394124574,17.0806802187525,17.848897431215,18.5280991998366,19.1277143680718,19.6539909183647,20.0943085993544,20.7375290816808,,,,Pakistan,CO2
GCAM 5.3,R_MAC_65_n0,PAK,Emissions|CO2|Energy|Demand|Residential and Commercial|Commercial,Mt CO2/yr,,,,2.574062567339,,,2.9829502045106,,,,,4.5513710470943,,4.61881834549162,,,,,3.78348206865973,3.96835758800806,4.29319547784692,4.66021253084596,4.92119616595745,5.00097106032851,4.6947045448,4.1173037664332,3.37285435074249,3.67714567640257,3.9932317924871,4.32671315271695,4.67007164975818,5.02565526162261,5.38471653537496,5.79118135739429,,,,Pakistan,CO2
GCAM 5.3,R_MAC_65_n0,PAK,Emissions|CO2|Energy|Demand|Residential and Commercial|Residential,Mt CO2/yr,,,,9.95064745879957,,,12.3650606453636,,,,,14.7833646527709,,16.0692610904905,,,,,14.3944268862332,15.4081090431751,16.6843184779132,17.9499260375052,18.7694330232729,18.7886514706699,17.5759731181139,15.4290322247026,12.8003850617149,13.4035345423499,13.8556656387279,14.2013860471196,14.4576427183136,14.6283356567421,14.7095920639795,14.9463477242865,,,,Pakistan,CO2
GCAM 5.3,R_MAC_65_n0,PAK,Emissions|CO2|Energy|Demand|Transportation,Mt CO2/yr,,,,29.4919288810842,,,35.9004513636771,,,,,46.1697710639182,,52.853235048656,,,,,53.8618055448322,60.7185101126637,68.5928368739198,77.7720077505214,87.83687196066,98.2176946065621,108.009032380033,114.961126415885,116.495478520896,126.881380273334,137.299653189019,147.585184177915,157.346074605029,166.418153601823,174.329368805109,182.401934394453,,,,Pakistan,CO2
GCAM 5.3,R_MAC_65_n0,PAK,Emissions|CO2|Energy|Supply,Mt CO2/yr,,,,35.8999177169619,,,42.5472102545945,,,,,46.8654432035848,,63.6229827939196,,,,,52.5996247365005,42.9257121045023,30.4965366208969,17.0687552748123,3.09725600208785,-11.3460288622872,-29.5661149911567,-53.8984569655526,-87.8636790704942,-107.052621252291,-123.327681836561,-134.749072363949,-145.743068150603,-158.575503819476,-171.728005388779,-185.315728068617,,,,Pakistan,CO2
GCAM 5.3,R_MAC_65_n0,PAK,Emissions|CO2|Energy|Supply|Electricity,Mt CO2/yr,,,,33.3676478200889,,,37.5443694664575,,,,,41.0769126773548,,55.9385580075328,,,,,44.8728654952226,34.7554238635949,22.3796377549793,8.69277257439702,-5.94223127003379,-20.9223841447304,-38.7473300705816,-60.9697485816194,-88.4611177005374,-105.214272145834,-118.352481149519,-127.108961408723,-136.387281647736,-148.836854109563,-162.989277315856,-178.420466178114,,,,Pakistan,CO2
GCAM 5.3,R_MAC_65_n0,PAK,Emissions|CO2|Energy|Supply|Gases,Mt CO2/yr,,,,1.022186092926,,,3.243067961491,,,,,3.526420653917,,4.46660258512055,,,,,4.59723575235882,5.48907369408001,6.59006910258823,7.80450300503951,8.99842293728437,9.91515010322161,10.5482259190593,10.8995160400675,10.8675891337666,12.2499769735036,13.5479899255592,14.747417339003,15.8293102761537,16.7950764674399,17.559729169303,18.1852000601827,,,,Pakistan,CO2
GCAM 5.3,R_MAC_65_n0,PAK,Emissions|CO2|Energy|Supply|Liquids,Mt CO2/yr,,,,1.510083803947,,,1.759772826646,,,,,2.262109872313,,3.17294452266671,,,,,3.10867776103738,2.69632632803552,1.59024692472117,0.62317014591065,0.0773117298922829,-0.256257822073053,-1.00314595775364,-2.73842520216226,-7.82138319451825,-12.1242684237379,-16.9189874248605,-20.958811474409,-23.7908592168947,-25.0465640786895,-24.612729115897,-23.1975118487265,,,,Pakistan,CO2
GCAM 5.3,R_MAC_65_n0,PAK,Emissions|CO2|Energy|Supply|Solids,Mt CO2/yr,,,,0.0,,,0.0,,,,,0.0,,-3.30000030497933e-05,,,,,0.0,0.0,-4.39999617991928e-05,0.0,-4.39999684394901e-05,-1.83333151220815e-05,0.0,-5.49997605104944e-05,-6.23332957138961e-06,-1.06333039484306e-05,-1.53999394592144e-05,-1.83333139347592e-06,0.0,0.0,-1.46666690794791e-06,0.0,,,,Pakistan,CO2
GCAM 5.3,R_MAC_65_n0,PAK,Emissions|CO2|Industrial Processes,Mt CO2/yr,,,,18.6672967489324,,,31.7926724077611,,,,,32.2425356053681,,42.072435068136,,,,,28.7024501998241,31.064385301313,35.2308624745848,40.3715782167528,44.897650736637,47.9573182738331,49.4149617792645,49.7527348307111,47.0756308380491,53.1819462477429,58.3814234481661,62.7231830405859,66.486365158911,69.8525021869722,72.9256396671212,75.8033467528552,,,,Pakistan,CO2
GCAM 5.3,R_MAC_65_n0,PAK,Emissions|N2O|AFOLU,kt N2O/yr,,,,43.305999250667,,,48.357084841711,,,,,52.42958560616,,54.598331447955,,,,,58.583204111613,64.602689855428,71.689845630334,78.410205741958,84.7490890757639,84.110770437998,82.135320351664,84.753621409994,88.064035224218,89.9309545315009,91.867779509333,93.644094281158,95.214044072667,96.383507640162,97.127463719044,97.827423309938,,,,Pakistan,N2O
GCAM 5.3,R_MAC_65_n8,PAK,Carbon Sequestration|CCS|Biomass,Mt CO2/yr,,,,0.0,,,0.0,,,,,0.0,,0.0,,,,,1.41682528213562,7.22359524002375,17.8097075257308,30.6872563830837,45.3327229078229,62.8486975901841,85.6990738294908,115.150877120511,171.412259114457,204.823839833784,232.901289407054,248.56500031526,260.064437427443,273.68392579745,293.542781397666,312.63816427247,,,,Pakistan,
GCAM 5.3,R_MAC_65_n8,PAK,Emissions|CH4|AFOLU,Mt CH4/yr,,,,3.32077326930029,,,3.86339481722767,,,,,4.44022416226603,,5.05081857859685,,,,,5.46092848277005,6.18392314124651,6.90876766014705,7.61385471356785,8.29749739559267,9.15097576061613,10.0371505745193,11.0872258990253,11.9733164062626,12.6055729885364,13.1662099369571,13.6538622941342,14.078802294697,14.4439679248314,14.7560798267648,15.0169709305686,,,,Pakistan,CH4
GCAM 5.3,R_MAC_65_n8,PAK,Emissions|CO2|AFOLU,Mt CO2/yr,,,,-2.73126287369598,,,9.04140251746979,,,,,-10.2799840800329,,24.4893635949327,,,,,14.8104107186477,8.13745887303465,7.57784772442681,4.93309986180019,1.34105567949007,0.0040295923232906,-4.07483979052701,-6.61522508615291,-8.60750453421182,-4.22530177887574,-2.06263650405229,-0.920774027438514,-0.428738435005328,0.950511276827114,1.84855431777927,0.0368907728035007,,,,Pakistan,CO2
GCAM 5.3,R_MAC_65_n8,PAK,Emissions|CO2|Energy and Industrial Processes,Mt CO2/yr,,,,130.002750838431,,,155.046716015155,,,,,177.011176315217,,220.381331395218,,,,,183.00039338789,184.495567608333,185.322902480138,184.875969580802,176.606023458038,158.871329682223,122.368131697597,69.8114992844947,-18.9702478357757,-48.7142149794465,-71.5906691156971,-80.9396996715134,-88.0601411506324,-95.4473420751912,-104.651886232951,-111.908855554493,,,,Pakistan,CO2
GCAM 5.3,R_MAC_65_n8,PAK,Emissions|CO2|Energy|Demand,Mt CO2/yr,,,,75.4355363725365,,,80.7068333527991,,,,,97.9031975062637,,114.685913533163,,,,,104.993135693404,116.107090379371,129.108263492081,142.452912183159,150.96303660696,152.091996583131,140.692792074937,123.173342651165,104.190506494067,107.883267334435,111.818900733058,115.294312359054,119.585475483243,125.234016481734,132.099759372505,139.825224008583,,,,Pakistan,CO2
GCAM 5.3,R_MAC_65_n8,PAK,Emissions|CO2|Energy|Demand|Industry,Mt CO2/yr,,,,33.4188974653138,,,29.4583711392478,,,,,32.3986907424804,,41.1445990485244,,,,,33.8219068200903,37.2680220114152,41.6873720504812,45.6820950826022,45.6687771632643,39.7953738201185,26.5444416693049,13.0300085946383,5.54651784988069,5.3875498303299,5.41293392733712,6.10552891086141,7.88521994667477,9.77289303047771,11.7148271762525,13.0930890517089,,,,Pakistan,CO2
GCAM 5.3,R_MAC_65_n8,PAK,Emissions|CO2|Energy|Demand|Residential and Commercial,Mt CO2/yr,,,,12.5247100261386,,,15.3480108498742,,,,,19.3347356998652,,20.6880794359821,,,,,17.7554351338915,18.7650391499155,20.0097520416035,21.0563980687409,20.9739743476194,19.6330823994284,16.589879295973,13.1460402685106,10.0037982660995,10.7739158197153,11.5946262447545,12.2783992772434,12.7958728656126,13.2382106597274,13.7147156947683,14.4985853456239,,,,Pakistan,CO2
GCAM 5.3,R_MAC_65_n8,PAK,Emissions|CO2|Energy|Demand|Residential and Commercial|Commercial,Mt CO2/yr,,,,2.574062567339,,,2.9829502045106,,,,,4.5513710470943,,4.61881834549162,,,,,3.65753252635478,3.79515315363065,4.02973587132256,4.24177062480535,4.21908999799948,3.95415419739883,3.28024500445233,2.52866573979619,1.90740837584681,2.09266664303802,2.28765390129666,2.41331263859791,2.49049543001268,2.60688735612427,2.84849169574235,3.20314400495206,,,,Pakistan,CO2
GCAM 5.3,R_MAC_65_n8,PAK,Emissions|CO2|Energy|Demand|Residential and Commercial|Residential,Mt CO2/yr,,,,9.95064745879957,,,12.3650606453636,,,,,14.7833646527709,,16.0692610904905,,,,,14.0979026075368,14.9698859962848,15.980016170281,16.8146274439355,16.7548843496199,15.6789282020295,13.3096342915206,10.6173745287144,8.09638989025268,8.68124917667728,9.30697234345782,9.86508663864545,10.3053774355999,10.6313233036032,10.8662239990259,11.2954413406719,,,,Pakistan,CO2
GCAM 5.3,R_MAC_65_n8,PAK,Emissions|CO2|Energy|Demand|Transportation,Mt CO2/yr,,,,29.4919288810842,,,35.9004513636771,,,,,46.1697710639182,,52.853235048656,,,,,53.4157937394218,60.0740292180402,67.4111393999966,75.7144190318163,84.3202850960766,92.6635403635839,97.5584711096596,96.997293788016,88.6401903780864,91.7218016843901,94.8113405609668,96.9103841709497,98.9043826709555,102.222912791529,106.670216501484,112.23354961125,,,,Pakistan,CO2
GCAM 5.3,R_MAC_65_n8,PAK,Emissions|CO2|Energy|Supply,Mt CO2/yr,,,,35.8999177169619,,,42.5472102545945,,,,,46.8654432035848,,63.6229827939196,,,,,50.7184307987727,38.7843688020756,22.7643391144178,4.76477550168374,-14.7997622620035,-34.9636807712535,-58.9540445979145,-89.6395152418405,-149.840175120925,-183.532670961036,-211.737363692548,-226.738650136734,-237.735385193343,-250.579080951092,-269.633142171406,-288.216376957331,,,,Pakistan,CO2
GCAM 5.3,R_MAC_65_n8,PAK,Emissions|CO2|Energy|Supply|Electricity,Mt CO2/yr,,,,33.3676478200889,,,37.5443694664575,,,,,41.0769126773548,,55.9385580075328,,,,,43.0868650171865,30.899263525026,15.5463814159417,-1.86524774468861,-20.8275504776634,-39.4526970144026,-59.8579304580839,-83.9866016301543,-121.822290618774,-148.676835474445,-171.587356062278,-179.622394755308,-181.008690707439,-187.988539014774,-208.481111097325,-231.140683226676,,,,Pakistan,CO2
GCAM 5.3,R_MAC_65_n8,PAK,Emissions|CO2|Energy|Supply|Gases,Mt CO2/yr,,,,1.022186092926,,,3.243067961491,,,,,3.526420653917,,4.46660258512055,,,,,4.54194493011604,5.39545160070853,6.4274218608247,7.52974501270314,8.45680656139811,8.99794301113123,9.06040159209916,8.73277088867639,7.9156417125514,8.57479884630149,9.39730643016639,10.5326544378181,11.5950711475592,12.4487799948821,12.9400384702066,13.3804044088891,,,,Pakistan,CO2
GCAM 5.3,R_MAC_65_n8,PAK,Emissions|CO2|Energy|Supply|Liquids,Mt CO2/yr,,,,1.510083803947,,,1.759772826646,,,,,2.262109872313,,3.17294452266671,,,,,3.07848264087155,2.53495483062155,0.921083771787244,-0.741166253409677,-2.18437279408989,-3.98211776873645,-6.95844972162884,-11.2337871717095,-25.2334657718866,-34.079675737367,-42.4736741854643,-52.6638621618358,-64.5625723481517,-71.5914777452196,-70.0894533610206,-66.1329021038434,,,,Pakistan,CO2
GCAM 5.3,R_MAC_65_n8,PAK,Emissions|CO2|Energy|Supply|Solids,Mt CO2/yr,,,,0.0,,,0.0,,,,,0.0,,-3.30000030497933e-05,,,,,-2.93333467957676e-05,-2.9333427212265e-05,0.0,0.0,-1.83333009338769e-05,0.0,0.0,-4.39999342757603e-06,-1.46666360417589e-06,0.0,0.0,0.0,-1.83333015671306e-06,-2.19999417406928e-06,0.0,0.0,,,,Pakistan,CO2
GCAM 5.3,R_MAC_65_n8,PAK,Emissions|CO2|Industrial Processes,Mt CO2/yr,,,,18.6672967489324,,,31.7926724077611,,,,,32.2425356053681,,42.072435068136,,,,,27.2888268957141,29.6041084268864,33.4502998736391,37.6582818959585,40.4427491130816,41.7430138703461,40.629384220574,36.2776718751702,26.6794207910832,26.9351886471541,28.327793843793,30.5046381061666,30.0897685594673,29.8977223941675,32.8814965659505,36.4822973942552,,,,Pakistan,CO2
GCAM 5.3,R_MAC_65_n8,PAK,Emissions|N2O|AFOLU,kt N2O/yr,,,,43.305999250667,,,48.357084841711,,,,,52.42958560616,,54.598331447955,,,,,58.636312934753,64.786366266659,71.958881508817,78.5308921506359,85.382588478425,85.555141908574,84.67810416329,86.959197266096,90.503297626594,92.435677997263,94.276359138753,95.933520549158,97.421631598103,98.347386193315,98.911732605005,100.072272743217,,,,Pakistan,N2O
GCAM 5.3,R_MAC_70_n0,PAK,Carbon Sequestration|CCS|Biomass,Mt CO2/yr,,,,0.0,,,0.0,,,,,0.0,,0.0,,,,,0.866585121180458,4.86097107583975,12.1256634595663,20.7238521285197,29.7655163534225,39.0956889352865,52.091355852144,72.1545391756396,98.2942539712232,132.849178014157,153.233017925773,166.997347756322,177.808475462582,190.73422283772,205.446932882008,221.653183375639,,,,Pakistan,
GCAM 5.3,R_MAC_70_n0,PAK,Emissions|CH4|AFOLU,Mt CH4/yr,,,,3.32077326930029,,,3.86339481722767,,,,,4.44022416226603,,5.05081857859685,,,,,5.46531587385591,6.19692797536988,6.936094040999,7.70201060184453,8.37373020400297,9.04277566706362,9.80011467720931,10.6342393172685,11.5440712426259,12.3830022452442,12.9778880723497,13.4977597174567,13.9436009957561,14.3205054067519,14.6377863564188,14.8943673649904,,,,Pakistan,CH4
GCAM 5.3,R_MAC_70_n0,PAK,Emissions|CO2|AFOLU,Mt CO2/yr,,,,-2.73126287369598,,,9.04140251746979,,,,,-10.2799840800329,,24.4893635949327,,,,,14.9703352407273,8.10856963631179,7.9468058504743,5.53716995226286,3.09807281884006,2.04589475986327,-1.09671816338699,-4.98008533303059,-5.62327101519305,-6.29232418643822,-2.99852817921385,-1.74444315535972,-1.01686918524531,-0.329641514031981,1.39899789701961,1.12479669461031,,,,Pakistan,CO2
GCAM 5.3,R_MAC_70_n0,PAK,Emissions|CO2|Energy and Industrial Processes,Mt CO2/yr,,,,130.002750838431,,,155.046716015155,,,,,177.011176315217,,220.381331395218,,,,,191.054765394154,197.360202338349,206.303497059287,218.518672027498,229.552086638288,236.010477450519,230.6399134916,209.225303158377,171.962892257925,117.669745745728,114.743272767266,116.978007011497,121.386813853287,122.15530484782,119.288153396661,115.691998045799,,,,Pakistan,CO2
GCAM 5.3,R_MAC_70_n0,PAK,Emissions|CO2|Energy|Demand,Mt CO2/yr,,,,75.4355363725365,,,80.7068333527991,,,,,97.9031975062637,,114.685913533163,,,,,108.08199556193,120.387672302331,135.979652592379,154.134437023047,171.775733256229,185.890092268886,193.14299486326,191.728701404517,181.486911422622,165.597516963316,177.32493737956,188.366381012328,198.845875045231,208.15073906675,215.897809616512,224.368297483814,,,,Pakistan,CO2
GCAM 5.3,R_MAC_70_n0,PAK,Emissions|CO2|Energy|Demand|Industry,Mt CO2/yr,,,,33.4188974653138,,,29.4583711392478,,,,,32.3986907424804,,41.1445990485244,,,,,35.5949867193511,39.5875623215172,45.3385461316586,52.1116297227532,57.7728583356429,59.8864309710284,56.4271056677022,47.3012150009646,33.7838031868646,20.6934669627682,21.9495939715577,22.5680075248219,22.7069797909794,22.4842325591416,22.0944071932724,21.8905508270228,,,,Pakistan,CO2
GCAM 5.3,R_MAC_70_n0,PAK,Emissions|CO2|Energy|Demand|Residential and Commercial,Mt CO2/yr,,,,12.5247100261386,,,15.3480108498742,,,,,19.3347356998652,,20.6880794359821,,,,,18.3969503731175,19.7213470254578,21.4642390122588,23.3416243510047,24.81231041885,25.6189594398933,25.0100844318921,23.0444828429606,20.0657529225084,16.9514551559743,17.8070721502107,18.5078633260479,19.149894854314,19.6754523523397,20.0551210423493,20.6424416310259,,,,Pakistan,CO2
GCAM 5.3,R_MAC_70_n0,PAK,Emissions|CO2|Energy|Demand|Residential and Commercial|Commercial,Mt CO2/yr,,,,2.574062567339,,,2.9829502045106,,,,,4.5513710470943,,4.61881834549162,,,,,3.84917545584143,4.0672490420033,4.42723584814301,4.85802064550936,5.21673664989992,5.47281442807826,5.39123231678821,5.00047926466079,4.37853683158125,3.65941416832645,3.97844434171118,4.30916767396026,4.6614701480829,5.01394160632734,5.35088111121604,5.74687521325329,,,,Pakistan,CO2
GCAM 5.3,R_MAC_70_n0,PAK,Emissions|CO2|Energy|Demand|Residential and Commercial|Residential,Mt CO2/yr,,,,9.95064745879957,,,12.3650606453636,,,,,14.7833646527709,,16.0692610904905,,,,,14.5477749172761,15.6540979834545,17.0370031641158,18.4836037054953,19.5955737689501,20.146145011815,19.6188521151039,18.0440035782998,15.6872160909272,13.2920409876478,13.8286278084996,14.1986956520876,14.4884247062311,14.6615107460123,14.7042399311333,14.8955664177726,,,,Pakistan,CO2
GCAM 5.3,R_MAC_70_n0,PAK,Emissions|CO2|Energy|Demand|Transportation,Mt CO2/yr,,,,29.4919288810842,,,35.9004513636771,,,,,46.1697710639182,,52.853235048656,,,,,54.090058469461,61.0787629553565,69.1768674484614,78.681182949289,89.1905645017364,100.384701857964,111.705804763666,121.383003560592,127.637355313249,127.952594844574,137.568271257791,147.290510161458,156.989000399938,165.991054155269,173.748281380891,181.835305025765,,,,Pakistan,CO2
GCAM 5.3,R_MAC_70_n0,PAK,Emissions|CO2|Energy|Supply,Mt CO2/yr,,,,35.8999177169619,,,42.5472102545945,,,,,46.8654432035848,,63.6229827939196,,,,,53.4863233624206,45.0402630871501,34.1148209285972,22.6041632587789,10.7577192797461,-0.982919456704762,-15.8065374516669,-37.4382940558672,-65.0059304938804,-101.161963522492,-121.004135428959,-133.801286875156,-143.499938807074,-155.262551548853,-168.767564146888,-183.870251578117,,,,Pakistan,CO2
GCAM 5.3,R_MAC_70_n0,PAK,Emissions|CO2|Energy|Supply|Electricity,Mt CO2/yr,,,,33.3676478200889,,,37.5443694664575,,,,,41.0769126773548,,55.9385580075328,,,,,45.7125047267584,36.7062260559248,25.5706185229347,13.4756933720601,0.62107587273231,-12.2275251395957,-27.6852649313952,-48.7371178360156,-73.4605122526866,-100.854508888058,-116.124724159024,-125.214660133209,-132.801194167624,-143.743054621107,-157.735701943383,-175.12552809701,,,,Pakistan,CO2
GCAM 5.3,R_MAC_70_n0,PAK,Emissions|CO2|Energy|Supply|Gases,Mt CO2/yr,,,,1.022186092926,,,3.243067961491,,,,,3.526420653917,,4.46660258512055,,,,,4.62470199846103,5.54046735071441,6.66748343458541,7.93175387161579,9.20940010007029,10.2902415930323,11.1458582239803,11.8105537571059,12.1861131176713,12.2180967286002,13.6047113862131,14.8216397857846,15.9179519250168,16.8799829833022,17.6218378416354,18.2916966838389,,,,Pakistan,CO2
GCAM 5.3,R_MAC_70_n0,PAK,Emissions|CO2|Energy|Supply|Liquids,Mt CO2/yr,,,,1.510083803947,,,1.759772826646,,,,,2.262109872313,,3.17294452266671,,,,,3.12364387328401,2.79414883703662,1.91178591340075,1.20634207358828,0.898115755980942,0.902711816801979,0.823618864685165,0.0698731993187914,-2.49643127703903,-10.0618185778129,-16.6773554053719,-21.9042670461028,-25.2462185504766,-26.9783479223368,-27.0352716139816,-25.2250121550951,,,,Pakistan,CO2
GCAM 5.3,R_MAC_70_n0,PAK,Emissions|CO2|Energy|Supply|Solids,Mt CO2/yr,,,,0.0,,,0.0,,,,,0.0,,-3.30000030497933e-05,,,,,-3.29999808099913e-05,0.0,0.0,-2.56666816342711e-05,-2.20000315353327e-05,-2.56666108290247e-05,0.0,0.0,0.0,0.0,-1.57666028188441e-05,0.0,0.0,0.0,0.0,-3.29999440942117e-06,,,,Pakistan,CO2
GCAM 5.3,R_MAC_70_n0,PAK,Emissions|CO2|Industrial Processes,Mt CO2/yr,,,,18.6672967489324,,,31.7926724077611,,,,,32.2425356053681,,42.072435068136,,,,,29.4864464698041,31.9322669488677,36.2090235383111,41.7800717456719,47.0186341023121,51.1033046383379,53.3034560800068,54.9348958097278,55.4819113291837,53.2341923049043,58.4224708166648,62.4129128743247,66.0408776151307,69.2671173299228,72.1579079270367,75.1939521401018,,,,Pakistan,CO2
GCAM 5.3,R_MAC_70_n0,PAK,Emissions|N2O|AFOLU,kt N2O/yr,,,,43.305999250667,,,48.357084841711,,,,,52.42958560616,,54.598331447955,,,,,58.548676140413,64.486303234564,71.5052419674,78.195436452416,85.082327210042,83.759483103375,81.144391333065,83.6652822168279,86.5648852200049,90.054307597715,91.870752552408,93.634430253417,95.200413233781,96.507300068638,97.1437438577019,97.825060690408,,,,Pakistan,N2O
GCAM 5.3,R_MAC_70_n8,PAK,Carbon Sequestration|CCS|Biomass,Mt CO2/yr,,,,0.0,,,0.0,,,,,0.0,,0.0,,,,,1.17747736037672,6.26502512288102,15.501648962574,26.5404095294309,38.4473240918776,52.2973490366374,71.6808542604407,97.0430993602658,136.612861516316,195.863642213988,225.701685967958,243.043235081888,255.647792408139,273.868852568671,293.903568642395,312.17307800106,,,,Pakistan,
GCAM 5.3,R_MAC_70_n8,PAK,Emissions|CH4|AFOLU,Mt CH4/yr,,,,3.32077326930029,,,3.86339481722767,,,,,4.44022416226603,,5.05081857859685,,,,,5.46283971428585,6.18840307906841,6.92259748178991,7.6593816493965,8.29390118757745,9.10749889285462,9.90979806090048,10.8553024504946,11.838700149467,12.6086084795474,13.1677415049979,13.6564541567687,14.080634585623,14.4464314137773,14.758473202962,15.0180310137137,,,,Pakistan,CH4
GCAM 5.3,R_MAC_70_n8,PAK,Emissions|CO2|AFOLU,Mt CO2/yr,,,,-2.73126287369598,,,9.04140251746979,,,,,-10.2799840800329,,24.4893635949327,,,,,14.8701845499809,8.19959857690552,7.58988343565647,5.17114067847685,2.12982240596674,0.989259261336588,-3.111709477943,-6.12389889946386,-7.41192061048825,-7.51946988111844,-2.93870333400622,-1.2090372704066,-0.566153217050739,0.559397024192678,1.65576291572533,0.303321843342965,,,,Pakistan,CO2
GCAM 5.3,R_MAC_70_n8,PAK,Emissions|CO2|Energy and Industrial Processes,Mt CO2/yr,,,,130.002750838431,,,155.046716015155,,,,,177.011176315217,,220.381331395218,,,,,186.048818609887,189.23534488592,193.405266266201,198.376898627358,198.917789017127,190.396952347187,166.332220189837,124.619398348482,60.5924580291561,-34.488334290758,-60.9002356234542,-74.6743981682474,-84.6565270323083,-96.5825350382499,-107.185383892149,-112.939945007034,,,,Pakistan,CO2
GCAM 5.3,R_MAC_70_n8,PAK,Emissions|CO2|Energy|Demand,Mt CO2/yr,,,,75.4355363725365,,,80.7068333527991,,,,,97.9031975062637,,114.685913533163,,,,,106.149506703937,117.655879231348,131.724143851781,147.170234971054,159.915801195161,166.036503082132,162.131224919989,148.495853830692,130.935477806191,111.478948027099,113.482772064527,115.580602457241,119.097399157129,124.30743402285,131.082826256098,139.096892899009,,,,Pakistan,CO2
GCAM 5.3,R_MAC_70_n8,PAK,Emissions|CO2|Energy|Demand|Industry,Mt CO2/yr,,,,33.4188974653138,,,29.4583711392478,,,,,32.3986907424804,,41.1445990485244,,,,,34.482503823359,38.1111127719724,43.0843202302231,48.2809727272992,50.7933019110956,47.8453790032247,37.781465815611,23.6281246701231,11.4952309919225,5.35078780833217,5.53732757409979,6.32644071027198,8.01256729623205,9.9949190142084,11.892640805329,13.3140548591791,,,,Pakistan,CO2
GCAM 5.3,R_MAC_70_n8,PAK,Emissions|CO2|Energy|Demand|Residential and Commercial,Mt CO2/yr,,,,12.5247100261386,,,15.3480108498742,,,,,19.3347356998652,,20.6880794359821,,,,,17.9963614280841,19.1076341914252,20.5568378031013,21.9617053680142,22.6289737173197,22.0844072853596,19.8828852937727,16.6326569611455,13.3934047723308,10.7473970324452,11.5490614704604,12.2152869324302,12.7166877868128,13.1080379864888,13.5830897217752,14.4027206968744,,,,Pakistan,CO2
GCAM 5.3,R_MAC_70_n8,PAK,Emissions|CO2|Energy|Demand|Residential and Commercial|Commercial,Mt CO2/yr,,,,2.574062567339,,,2.9829502045106,,,,,4.5513710470943,,4.61881834549162,,,,,3.72920545685921,3.89186054570499,4.17811880389567,4.48476886242167,4.64370340426756,4.56999319453084,4.10830854913439,3.39295380364404,2.67915031096585,2.10789740452535,2.2715634846148,2.37771184192147,2.44342136837729,2.55864854176987,2.79601165381894,3.16103047159504,,,,Pakistan,CO2
GCAM 5.3,R_MAC_70_n8,PAK,Emissions|CO2|Energy|Demand|Residential and Commercial|Residential,Mt CO2/yr,,,,9.95064745879957,,,12.3650606453636,,,,,14.7833646527709,,16.0692610904905,,,,,14.2671559712249,15.2157736457202,16.3787189992056,17.4769365055926,17.9852703130521,17.5144140908287,15.7745767446383,13.2397031575015,10.714254461365,8.63949962791984,9.27749798584559,9.83757509050868,10.2732664184355,10.5493894447189,10.7870780679563,11.2416902252793,,,,Pakistan,CO2
GCAM 5.3,R_MAC_70_n8,PAK,Emissions|CO2|Energy|Demand|Transportation,Mt CO2/yr,,,,29.4919288810842,,,35.9004513636771,,,,,46.1697710639182,,52.853235048656,,,,,53.6706414524936,60.4371322679509,68.0829858184568,76.9275568757405,86.4935255667459,96.1067167935473,104.466873810605,108.235072199423,106.046842041938,95.3807631863212,96.3963830199672,97.0388748145389,98.3681440740841,101.204477022153,105.607095728994,111.380117342956,,,,Pakistan,CO2
GCAM 5.3,R_MAC_70_n8,PAK,Emissions|CO2|Energy|Supply,Mt CO2/yr,,,,35.8999177169619,,,42.5472102545945,,,,,46.8654432035848,,63.6229827939196,,,,,51.8203045321414,41.1692177396033,27.2378921734922,11.9957138031532,-4.05064193105888,-20.9192066241112,-41.7099625863377,-68.015720599981,-109.395430694094,-173.494239616267,-203.63187509454,-220.567465856459,-232.830562005985,-250.486059158448,-270.002787687825,-287.734241745166,,,,Pakistan,CO2
GCAM 5.3,R_MAC_70_n8,PAK,Emissions|CO2|Energy|Supply|Electricity,Mt CO2/yr,,,,33.3676478200889,,,37.5443694664575,,,,,41.0769126773548,,55.9385580075328,,,,,44.1338096070037,33.1243525365217,19.5035073643057,4.32991749555348,-11.9769641258135,-28.6879519083628,-47.9746839123156,-70.6746153276481,-101.838148135683,-139.667112047081,-164.253426464355,-172.465413834196,-174.11437245913,-186.318535556021,-205.947052452078,-228.56006617419,,,,Pakistan,CO2
GCAM 5.3,R_MAC_70_n8,PAK,Emissions|CO2|Energy|Supply|Gases,Mt CO2/yr,,,,1.022186092926,,,3.243067961491,,,,,3.526420653917,,4.46660258512055,,,,,4.57390618845654,5.44830417390763,6.52008394486993,7.69044867769098,8.79327266320963,9.54606474282449,9.93885654949508,9.93768463201771,9.61547297825961,8.689491995925,9.6418002286861,10.7814019176155,11.8114421208696,12.558083984446,12.9866055245002,13.4391079217926,,,,Pakistan,CO2
GCAM 5.3,R_MAC_70_n8,PAK,Emissions|CO2|Energy|Supply|Liquids,Mt CO2/yr,,,,1.510083803947,,,1.759772826646,,,,,2.262109872313,,3.17294452266671,,,,,3.0957712768772,2.62412746594415,1.30507544864931,0.0681984920392542,-0.760105958633598,-1.53832691167987,-2.99576908023899,-5.57418786404638,-12.7524146085051,-31.2723359963419,-41.6988280807922,-54.0360416456768,-66.8928305747597,-73.1182806434855,-72.9899829560664,-68.3535273428103,,,,Pakistan,CO2
GCAM 5.3,R_MAC_70_n8,PAK,Emissions|CO2|Energy|Supply|Solids,Mt CO2/yr,,,,0.0,,,0.0,,,,,0.0,,-3.30000030497933e-05,,,,,0.0,-3.30001080024895e-05,-5.499989531712e-05,0.0,-1.09999946722494e-05,0.0,-3.6666714105604e-06,0.0,-1.10000027306373e-06,-3.66665726291823e-06,-1.09999872661807e-06,-3.66666721659299e-07,-2.56665975123081e-06,0.0,-1.24666478670199e-06,-1.5400003164633e-06,,,,Pakistan,CO2
GCAM 5.3,R_MAC_70_n8,PAK,Emissions|CO2|Industrial Processes,Mt CO2/yr,,,,18.6672967489324,,,31.7926724077611,,,,,32.2425356053681,,42.072435068136,,,,,28.0790073738084,30.4102479149681,34.4432302409271,39.210949853151,43.0526297530245,45.2796558891668,45.9109578561857,44.1392651177713,39.0524109170593,27.5269572984103,29.2488674065584,30.3124652309702,29.0766358165472,29.5960900973476,31.7345775395775,35.6974038391231,,,,Pakistan,CO2
GCAM 5.3,R_MAC_70_n8,PAK,Emissions|N2O|AFOLU,kt N2O/yr,,,,43.305999250667,,,48.357084841711,,,,,52.42958560616,,54.598331447955,,,,,58.608303745414,64.684066315485,71.821746214966,78.517187079674,84.7869195849171,84.5498521299189,83.202327896254,85.784615159311,89.172270687896,92.498737486993,94.296925171027,95.949288230366,97.430991052642,98.457841285313,99.054524858272,100.09115944509,,,,Pakistan,N2O
GCAM 5.3,R_MAC_75_n0,PAK,Carbon Sequestration|CCS|Biomass,Mt CO2/yr,,,,0.0,,,0.0,,,,,0.0,,0.0,,,,,0.767291873420467,4.26368216160743,10.8889323839029,18.6712009290484,26.6967580106444,34.5428369089243,44.8949392506911,61.6939600027746,84.3535947144412,114.689869511984,147.965848669886,165.083543621884,176.066019311684,187.681467410467,201.75423411548,218.569676055358,,,,Pakistan,
GCAM 5.3,R_MAC_75_n0,PAK,Emissions|CH4|AFOLU,Mt CH4/yr,,,,3.32077326930029,,,3.86339481722767,,,,,4.44022416226603,,5.05081857859685,,,,,5.46620615722822,6.19903183024781,6.94239459315767,7.71379969239718,8.40217501723862,9.05772048134596,9.77638107117948,10.5674337569429,11.3943957179436,12.251671114027,12.9835239709809,13.4997636767992,13.9445399858741,14.3201805656455,14.6371453591812,14.8940341809867,,,,Pakistan,CH4
GCAM 5.3,R_MAC_75_n0,PAK,Emissions|CO2|AFOLU,Mt CO2/yr,,,,-2.73126287369598,,,9.04140251746979,,,,,-10.2799840800329,,24.4893635949327,,,,,15.0172770066276,8.17204925766418,7.89420849337813,5.74519358965953,3.51691062342674,2.39197021856661,-0.298917942513668,-4.37679402459758,-5.44890647862339,-5.35636596379755,-5.43450114506248,-2.37161159429199,-1.19090021589483,-0.503050500489275,1.1620069505365,1.21209684571644,,,,Pakistan,CO2
GCAM 5.3,R_MAC_75_n0,PAK,Emissions|CO2|Energy and Industrial Processes,Mt CO2/yr,,,,130.002750838431,,,155.046716015155,,,,,177.011176315217,,220.381331395218,,,,,193.328835414981,201.318132789514,211.52614653572,226.431298304056,241.564876633594,254.000818678686,257.246210887837,244.6005272823,218.277396954141,175.61543219181,122.870154401071,120.358043907899,123.766848815751,125.393100277887,122.384677366897,117.131313623402,,,,Pakistan,CO2
GCAM 5.3,R_MAC_75_n0,PAK,Emissions|CO2|Energy|Demand,Mt CO2/yr,,,,75.4355363725365,,,80.7068333527991,,,,,97.9031975062637,,114.685913533163,,,,,108.962912724338,121.747288228342,137.739862853773,156.892638638824,176.322156049884,193.409970369589,205.442536920053,209.391279146388,205.798325888239,193.973470427433,178.992837291776,189.12660680199,199.084856849063,208.141519253897,215.444417445715,223.30288252221,,,,Pakistan,CO2
GCAM 5.3,R_MAC_75_n0,PAK,Emissions|CO2|Energy|Demand|Industry,Mt CO2/yr,,,,33.4188974653138,,,29.4583711392478,,,,,32.3986907424804,,41.1445990485244,,,,,36.1159899943036,40.3067149237945,46.2991209712191,53.6727154913451,60.4695976677718,64.4999225035115,63.8918784040238,57.625615608081,46.8030887662267,33.0187933678084,21.8354931332398,22.5274749793896,22.640152668682,22.3621231010324,21.8335479205136,21.3221791466135,,,,Pakistan,CO2
GCAM 5.3,R_MAC_75_n0,PAK,Emissions|CO2|Energy|Demand|Residential and Commercial,Mt CO2/yr,,,,12.5247100261386,,,15.3480108498742,,,,,19.3347356998652,,20.6880794359821,,,,,18.5824873180147,20.0306048774013,21.8253653601349,23.8826394649301,25.6692346283646,26.9911076848012,27.1981811672254,25.977064359373,23.6033037327837,20.4963066484406,17.7282538610855,18.4812611299447,19.1653554580655,19.7203075759159,20.0823858060552,20.5988049690441,,,,Pakistan,CO2
GCAM 5.3,R_MAC_75_n0,PAK,Emissions|CO2|Energy|Demand|Residential and Commercial|Commercial,Mt CO2/yr,,,,2.574062567339,,,2.9829502045106,,,,,4.5513710470943,,4.61881834549162,,,,,3.90453982615717,4.15688096268719,4.52728949250317,5.00512914611428,5.44453205367206,5.83031009862094,5.9552913886097,5.75234129699009,5.30326249569479,4.63626668879874,3.97636687329759,4.30553713984379,4.66370368293552,5.02111856749524,5.34730160624752,5.7145633151856,,,,Pakistan,CO2
GCAM 5.3,R_MAC_75_n0,PAK,Emissions|CO2|Energy|Demand|Residential and Commercial|Residential,Mt CO2/yr,,,,9.95064745879957,,,12.3650606453636,,,,,14.7833646527709,,16.0692610904905,,,,,14.6779474918576,15.8737239147141,17.2980758676318,18.8775103188158,20.2247025746926,21.1607975861802,21.2428897786157,20.2247230623829,18.3000412370889,15.8600399596419,13.7518869877879,14.1757239901009,14.50165177513,14.6991890084207,14.7350841998076,14.8842416538585,,,,Pakistan,CO2
GCAM 5.3,R_MAC_75_n0,PAK,Emissions|CO2|Energy|Demand|Transportation,Mt CO2/yr,,,,29.4919288810842,,,35.9004513636771,,,,,46.1697710639182,,52.853235048656,,,,,54.2644354120197,61.4099684271458,69.615376522419,79.3372836825486,90.1833237537478,101.918940181276,114.352477348804,125.788599178934,135.391933389229,140.458370411184,139.429090297451,148.117870692656,157.279348722316,166.059088576949,173.528483719147,181.381898406552,,,,Pakistan,CO2
GCAM 5.3,R_MAC_75_n0,PAK,Emissions|CO2|Energy|Supply,Mt CO2/yr,,,,35.8999177169619,,,42.5472102545945,,,,,46.8654432035848,,63.6229827939196,,,,,54.1868525490328,46.8294074812967,36.7534663767724,26.5924703946658,16.4820790538973,6.85783135168988,-4.93538647799102,-23.5597777300701,-48.2744644849844,-79.8073393916821,-115.110648793221,-131.48710609411,-141.435134022523,-151.917158163451,-164.88379776112,-180.715667447289,,,,Pakistan,CO2
GCAM 5.3,R_MAC_75_n0,PAK,Emissions|CO2|Energy|Supply|Electricity,Mt CO2/yr,,,,33.3676478200889,,,37.5443694664575,,,,,41.0769126773548,,55.9385580075328,,,,,46.378638711243,38.3333203445468,27.8888913356061,16.9338285141579,5.56180848790799,-5.51734142179603,-18.5685423523734,-37.6288925092725,-61.4339065353415,-88.1097844416544,-112.828249129856,-123.929010195334,-130.994649473501,-140.126228005954,-152.770877645563,-169.985898871108,,,,Pakistan,CO2
GCAM 5.3,R_MAC_75_n0,PAK,Emissions|CO2|Energy|Supply|Gases,Mt CO2/yr,,,,1.022186092926,,,3.243067961491,,,,,3.526420653917,,4.46660258512055,,,,,4.64778948429858,5.58560443654317,6.72010146722249,8.02113778969631,9.36719781116402,10.5647426220822,11.5954475303407,12.4507112692232,13.0606106436416,13.3996688455754,13.5663813891555,14.8474861715076,15.9804408819142,16.9601933196947,17.6960936767163,18.3680368226906,,,,Pakistan,CO2
GCAM 5.3,R_MAC_75_n0,PAK,Emissions|CO2|Energy|Supply|Liquids,Mt CO2/yr,,,,1.510083803947,,,1.759772826646,,,,,2.262109872313,,3.17294452266671,,,,,3.13111211521471,2.89901796506081,2.16075668189036,1.61851125923622,1.47743078230407,1.67095266771355,1.953558700416,1.85939053945651,0.786989714857045,-3.59000029252643,-13.7030224417459,-20.7292763394437,-25.0015337919533,-27.3554795136664,-28.2532309333808,-27.3618675020458,,,,Pakistan,CO2
GCAM 5.3,R_MAC_75_n0,PAK,Emissions|CO2|Energy|Supply|Solids,Mt CO2/yr,,,,0.0,,,0.0,,,,,0.0,,-3.30000030497933e-05,,,,,-2.19999970720362e-05,0.0,0.0,0.0,-2.56666625422661e-05,0.0,-2.93333110333344e-05,0.0,-7.33333239766652e-06,-1.20999817098582e-05,-1.20999695749871e-05,-1.4666656340041e-06,-5.49998924168231e-06,-4.76665950684598e-06,0.0,0.0,,,,Pakistan,CO2
GCAM 5.3,R_MAC_75_n0,PAK,Emissions|CO2|Industrial Processes,Mt CO2/yr,,,,18.6672967489324,,,31.7926724077611,,,,,32.2425356053681,,42.072435068136,,,,,30.1790701416101,32.7414370798757,37.0328173051751,42.9461892705663,48.7606415298122,53.7330169574072,56.7390604457751,58.7690258659821,60.7535355508865,61.4493011560593,58.9879659025165,62.7185432000186,66.1171259892104,69.1687391874403,71.8240576823013,74.5440985484819,,,,Pakistan,CO2
GCAM 5.3,R_MAC_75_n0,PAK,Emissions|N2O|AFOLU,kt N2O/yr,,,,43.305999250667,,,48.357084841711,,,,,52.42958560616,,54.598331447955,,,,,58.515563512069,64.374220219128,71.341649533206,77.979382946445,85.233514652922,83.746163984861,80.373727417212,82.762280500248,85.664463775125,88.842643768341,91.9455736091029,93.645657580975,95.198548128386,96.529124567867,97.224020562497,97.849193534906,,,,Pakistan,N2O
GCAM 5.3,R_MAC_75_n8,PAK,Carbon Sequestration|CCS|Biomass,Mt CO2/yr,,,,0.0,,,0.0,,,,,0.0,,0.0,,,,,1.00356254123295,5.51392624459931,13.6405308533815,23.3077843822226,33.5659363681151,44.7932544861137,60.807594443296,83.7537333583084,115.673286081952,158.053278754784,216.811658900417,236.734509408632,250.36541420008,271.34583246441,292.468697123694,311.588988546119,,,,Pakistan,
GCAM 5.3,R_MAC_75_n8,PAK,Emissions|CH4|AFOLU,Mt CH4/yr,,,,3.32077326930029,,,3.86339481722767,,,,,4.44022416226603,,5.05081857859685,,,,,5.46423486680666,6.19351645716246,6.92849414539943,7.68483287959718,8.31967977632054,9.0509834378245,9.83976576541661,10.7269204868389,11.6879431349752,12.5074529340052,13.170406920724,13.6594709395994,14.0830682665942,14.4487997728125,14.7604444958581,15.0185824765228,,,,Pakistan,CH4
GCAM 5.3,R_MAC_75_n8,PAK,Emissions|CO2|AFOLU,Mt CO2/yr,,,,-2.73126287369598,,,9.04140251746979,,,,,-10.2799840800329,,24.4893635949327,,,,,14.9219751891743,8.11189051387397,7.90937483344249,5.29715925618382,2.5991189915634,1.65906584658662,-2.02174590211001,-5.56360700997026,-6.38213808260021,-7.01978730360004,-6.29296195753499,-2.09531020416541,-0.80053178350314,0.141810719576802,1.43742047650846,0.625037594866967,,,,Pakistan,CO2
GCAM 5.3,R_MAC_75_n8,PAK,Emissions|CO2|Energy and Industrial Processes,Mt CO2/yr,,,,130.002750838431,,,155.046716015155,,,,,177.011176315217,,220.381331395218,,,,,188.657560729912,193.384785130712,200.315581175059,209.284209319278,215.729067399577,215.267222220438,200.886256693588,169.874366064337,118.82476747446,50.0234073971982,-50.0255529316718,-67.7624857117791,-79.7303629770808,-94.7707504150894,-108.185999962086,-115.865295505344,,,,Pakistan,CO2
GCAM 5.3,R_MAC_75_n8,PAK,Emissions|CO2|Energy|Demand,Mt CO2/yr,,,,75.4355363725365,,,80.7068333527991,,,,,97.9031975062637,,114.685913533163,,,,,107.152427799351,119.040290335484,133.991435591256,150.939810906251,166.500100407399,176.950086288206,178.856041869499,171.363949381752,155.78588471302,138.163588270059,116.408047186445,117.079015848348,119.36451071961,123.851055424796,129.761071706142,137.4226971552,,,,Pakistan,CO2
GCAM 5.3,R_MAC_75_n8,PAK,Emissions|CO2|Energy|Demand|Industry,Mt CO2/yr,,,,33.4188974653138,,,29.4583711392478,,,,,32.3986907424804,,41.1445990485244,,,,,35.0584331492877,38.8630425580618,44.2810912738206,50.3408340040889,54.6567861923328,54.4167346572189,47.7511758063677,35.5757462525772,21.2763659799493,11.2645499063597,5.68916363498665,6.36743122968139,7.93213721814127,9.97004409212783,11.7117536709091,12.9688649562947,,,,Pakistan,CO2
GCAM 5.3,R_MAC_75_n8,PAK,Emissions|CO2|Energy|Demand|Residential and Commercial,Mt CO2/yr,,,,12.5247100261386,,,15.3480108498742,,,,,19.3347356998652,,20.6880794359821,,,,,18.2043813358243,19.4167934573613,21.0410345341789,22.7056417859472,23.8316928236575,24.0238492737763,22.6093499539435,19.9743938438732,16.6055859777461,13.793760575813,11.4182231970182,12.1041369120517,12.6337476296346,13.0186141442168,13.4803323555402,14.2607451753967,,,,Pakistan,CO2
GCAM 5.3,R_MAC_75_n8,PAK,Emissions|CO2|Energy|Demand|Residential and Commercial|Commercial,Mt CO2/yr,,,,2.574062567339,,,2.9829502045106,,,,,4.5513710470943,,4.61881834549162,,,,,3.79140625290394,3.97986792208017,4.3106451979921,4.68607348373133,4.95821546641895,5.06148417130792,4.780178191706,4.2235155373848,3.48383882451655,2.82104803802622,2.22700486973386,2.33700471687044,2.40449905410533,2.52367281898306,2.74789133152489,3.08801487208697,,,,Pakistan,CO2
GCAM 5.3,R_MAC_75_n8,PAK,Emissions|CO2|Energy|Demand|Residential and Commercial|Residential,Mt CO2/yr,,,,9.95064745879957,,,12.3650606453636,,,,,14.7833646527709,,16.0692610904905,,,,,14.4129750829204,15.4369255352811,16.7303893361868,18.0195683022159,18.8734773572386,18.9623651024684,17.8291717622375,15.7508783064884,13.1217471532296,10.9727125377868,9.19121832728436,9.76713219518129,10.2292485755292,10.4949413252338,10.7324410240153,11.1727303033097,,,,Pakistan,CO2
GCAM 5.3,R_MAC_75_n8,PAK,Emissions|CO2|Energy|Demand|Transportation,Mt CO2/yr,,,,29.4919288810842,,,35.9004513636771,,,,,46.1697710639182,,52.853235048656,,,,,53.8896133142389,60.7604543200614,68.6693097832563,77.8933351162146,88.0116213914085,98.5095023572107,108.495516109188,115.813809285302,117.903932755324,113.105277787887,99.3006603544405,98.6074477066154,98.7986258718338,100.862397188451,104.568985679692,110.193087023509,,,,Pakistan,CO2
GCAM 5.3,R_MAC_75_n8,PAK,Emissions|CO2|Energy|Supply,Mt CO2/yr,,,,35.8999177169619,,,42.5472102545945,,,,,46.8654432035848,,63.6229827939196,,,,,52.7097653740338,43.1805277418419,30.9731790884138,17.7998655163065,4.07379451246769,-10.0203041604372,-27.8549050281389,-51.9776847055207,-85.119747742921,-130.219862417608,-194.213460947192,-213.680617220229,-226.996904007249,-247.554314330952,-268.38440662012,-287.101149450011,,,,Pakistan,CO2
GCAM 5.3,R_MAC_75_n8,PAK,Emissions|CO2|Energy|Supply|Electricity,Mt CO2/yr,,,,33.3676478200889,,,37.5443694664575,,,,,41.0769126773548,,55.9385580075328,,,,,44.9772055051152,34.9914361136113,22.7996416025917,9.32303518885785,-5.11058852355317,-19.8254551753328,-37.4072406821159,-59.6068526827706,-86.7029136466268,-117.29587296865,-151.650783451109,-162.996804496366,-166.140563684587,-181.659407681617,-201.470042145566,-223.940474030987,,,,Pakistan,CO2
GCAM 5.3,R_MAC_75_n8,PAK,Emissions|CO2|Energy|Supply|Gases,Mt CO2/yr,,,,1.022186092926,,,3.243067961491,,,,,3.526420653917,,4.46660258512055,,,,,4.60060112505576,5.49511979753319,6.60055552404955,7.82111699707152,9.02529976902185,9.96315436661216,10.6249141359105,11.0288942690756,11.0379592868373,10.6829118074417,9.91251037211945,11.0036754318019,12.0241093889896,12.7012311250387,13.0914360571165,13.5301149340653,,,,Pakistan,CO2
GCAM 5.3,R_MAC_75_n8,PAK,Emissions|CO2|Energy|Supply|Liquids,Mt CO2/yr,,,,1.510083803947,,,1.759772826646,,,,,2.262109872313,,3.17294452266671,,,,,3.11054419421594,2.70733097410118,1.63246880726091,0.701786309061537,0.18678047541486,-0.0939430049034002,-0.746047708771641,-2.3762114342062,-7.19301093465968,-18.9842619647089,-44.9312696390241,-56.7045795259668,-69.2251075760771,-74.8026427559233,-75.8218608796343,-72.3859901982852,,,,Pakistan,CO2
GCAM 5.3,R_MAC_75_n8,PAK,Emissions|CO2|Energy|Supply|Solids,Mt CO2/yr,,,,0.0,,,0.0,,,,,0.0,,-3.30000030497933e-05,,,,,-3.66666785646008e-06,-1.46666938412023e-05,-2.93333480469811e-05,-7.33332570401925e-06,0.0,0.0,0.0,0.0,0.0,0.0,-2.19999467629119e-06,0.0,0.0,0.0,-1.10000262711427e-07,-1.13666791871876e-06,,,,Pakistan,CO2
GCAM 5.3,R_MAC_75_n8,PAK,Emissions|CO2|Industrial Processes,Mt CO2/yr,,,,18.6672967489324,,,31.7926724077611,,,,,32.2425356053681,,42.072435068136,,,,,28.7953675565271,31.1639670533853,35.3509664953899,40.5445328967208,45.1551724797109,48.3374400926693,49.8851198522276,50.4881013881055,48.158630504361,42.0796815447473,27.7798608290747,28.8391156601013,27.9020303105589,28.9325084910668,30.4373349518913,33.8131567894663,,,,Pakistan,CO2
GCAM 5.3,R_MAC_75_n8,PAK,Emissions|N2O|AFOLU,kt N2O/yr,,,,43.305999250667,,,48.357084841711,,,,,52.42958560616,,54.598331447955,,,,,58.579251108728,64.589921376141,71.667562516187,78.380800366767,84.821605926416,84.054663252917,81.998314399625,84.612863507893,87.884497484139,91.268386089373,94.342981262752,95.980112276493,97.445295511408,98.571909802944,99.210319530889,100.099340229922,,,,Pakistan,N2O
GCAM 5.3,R_MAC_80_n0,PAK,Carbon Sequestration|CCS|Biomass,Mt CO2/yr,,,,0.0,,,0.0,,,,,0.0,,0.0,,,,,0.69226471293315,3.87070605521567,9.95133885800042,17.0885308135027,24.3538784639887,31.1850053466669,39.6733490876678,53.4719452107522,73.3605990126448,101.833986476968,131.669289409634,160.867923343749,174.587709589812,185.690635471549,198.502597808961,214.907822862215,,,,Pakistan,
GCAM 5.3,R_MAC_80_n0,PAK,Emissions|CH4|AFOLU,Mt CH4/yr,,,,3.32077326930029,,,3.86339481722767,,,,,4.44022416226603,,5.05081857859685,,,,,5.46683371045445,6.20129086136795,6.9466779250326,7.72197143346352,8.42831434513328,9.09533782298447,9.78284011333304,10.525657303433,11.3317297672086,12.1435063556323,12.8805657052136,13.5064911243707,13.9482072092641,14.3214816374804,14.637243289973,14.8938838414159,,,,Pakistan,CH4
GCAM 5.3,R_MAC_80_n0,PAK,Emissions|CO2|AFOLU,Mt CO2/yr,,,,-2.73126287369598,,,9.04140251746979,,,,,-10.2799840800329,,24.4893635949327,,,,,15.0575265271476,8.11890222868519,7.96258245213013,5.91160265488265,3.89255051288673,2.5965765918566,0.24703461503966,-3.74259334191058,-5.21287709292762,-4.87885403559651,-4.8734074560487,-4.73898477352364,-1.73655613895655,-0.717342517949529,1.03742600827928,1.16378153596777,,,,Pakistan,CO2
GCAM 5.3,R_MAC_80_n0,PAK,Emissions|CO2|Energy and Industrial Processes,Mt CO2/yr,,,,130.002750838431,,,155.046716015155,,,,,177.011176315217,,220.381331395218,,,,,195.277502418115,204.301390390941,215.929812841495,232.943066892759,251.215615136771,268.049677405349,277.961195220665,273.960340418165,255.517300673362,220.69524871245,178.215380197735,128.768929223058,127.935069831605,129.080828461069,126.624196035418,120.684108751163,,,,Pakistan,CO2
GCAM 5.3,R_MAC_80_n0,PAK,Emissions|CO2|Energy|Demand,Mt CO2/yr,,,,75.4355363725365,,,80.7068333527991,,,,,97.9031975062637,,114.685913533163,,,,,109.721074525747,122.802125916464,139.26181583576,159.181648232853,179.933979768237,199.102022093303,214.565124663523,223.605717446941,225.352533531497,218.143920213082,206.894710906772,191.664946552586,200.539138431939,208.952148297622,215.839066997359,223.068925069761,,,,Pakistan,CO2
GCAM 5.3,R_MAC_80_n0,PAK,Emissions|CO2|Energy|Demand|Industry,Mt CO2/yr,,,,33.4188974653138,,,29.4583711392478,,,,,32.3986907424804,,41.1445990485244,,,,,36.5635473447502,40.8967373240301,47.1389033695281,54.9754877217471,62.6171848468498,67.9972162430163,69.3963030263241,66.0839839992478,57.8432252279081,44.8769514501966,32.3636130194713,22.4013533101593,22.6007122453318,22.3592390255653,21.7901908491965,21.1192385126386,,,,Pakistan,CO2
GCAM 5.3,R_MAC_80_n0,PAK,Emissions|CO2|Energy|Demand|Residential and Commercial,Mt CO2/yr,,,,12.5247100261386,,,15.3480108498742,,,,,19.3347356998652,,20.6880794359821,,,,,18.7414899932771,20.255344662732,22.1401218318319,24.3350495248917,26.3583505455544,28.0461908069566,28.8968031001706,28.4761380003781,26.7101524540502,23.8354140597162,20.9782839843726,18.4067321706352,19.1509757488796,19.7578115645639,20.1441558363639,20.6287842665351,,,,Pakistan,CO2
GCAM 5.3,R_MAC_80_n0,PAK,Emissions|CO2|Energy|Demand|Residential and Commercial|Commercial,Mt CO2/yr,,,,2.574062567339,,,2.9829502045106,,,,,4.5513710470943,,4.61881834549162,,,,,3.95216245802303,4.2221786351474,4.61474643627481,5.12869861351833,5.6287462777594,6.10770109553091,6.39800829122984,6.39832521830706,6.11407048177552,5.55294859099988,4.94485650225884,4.31420221048259,4.67487910609487,5.04116650998017,5.36954113891854,5.71903110475455,,,,Pakistan,CO2
GCAM 5.3,R_MAC_80_n0,PAK,Emissions|CO2|Energy|Demand|Residential and Commercial|Residential,Mt CO2/yr,,,,9.95064745879957,,,12.3650606453636,,,,,14.7833646527709,,16.0692610904905,,,,,14.7893275352541,16.0331660275846,17.525375395557,19.2063509113734,20.729604267795,21.9384897114257,22.4987948089407,22.0778127820711,20.5960819722747,18.2824654687163,16.0334274821138,14.0925299601526,14.4760966427848,14.7166450545837,14.7746146974453,14.9097531617805,,,,Pakistan,CO2
GCAM 5.3,R_MAC_80_n0,PAK,Emissions|CO2|Energy|Demand|Transportation,Mt CO2/yr,,,,29.4919288810842,,,35.9004513636771,,,,,46.1697710639182,,52.853235048656,,,,,54.4160371877194,61.6500439297022,69.9827906343998,79.8711109862142,90.9584443758326,103.05861504333,116.272018537029,129.045595447316,140.799155849539,149.431554703169,153.552813902928,150.856861071791,158.787450437728,166.835097707492,173.904720311799,181.320902290588,,,,Pakistan,CO2
GCAM 5.3,R_MAC_80_n0,PAK,Emissions|CO2|Energy|Supply,Mt CO2/yr,,,,35.8999177169619,,,42.5472102545945,,,,,46.8654432035848,,63.6229827939196,,,,,54.7623083192071,48.0785027652179,38.8806392077414,29.7881182801001,21.031820982747,13.0140909231033,3.65638415843608,-11.854193769074,-34.5005196796942,-64.1492218297108,-95.6664209153587,-126.596919688546,-139.50051376554,-149.562583325387,-161.32899853648,-176.864028335804,,,,Pakistan,CO2
GCAM 5.3,R_MAC_80_n0,PAK,Emissions|CO2|Energy|Supply|Electricity,Mt CO2/yr,,,,33.3676478200889,,,37.5443694664575,,,,,41.0769126773548,,55.9385580075328,,,,,46.9224851013899,39.471151200864,29.7634049445601,19.7111857447322,9.50585535742357,-0.195035193676844,-11.1919797000801,-27.8514197867076,-50.6774498557759,-77.5836910885985,-102.977717404068,-122.851340372258,-131.368681947329,-139.249943957462,-149.939972638943,-165.741163787812,,,,Pakistan,CO2
GCAM 5.3,R_MAC_80_n0,PAK,Emissions|CO2|Energy|Supply|Gases,Mt CO2/yr,,,,1.022186092926,,,3.243067961491,,,,,3.526420653917,,4.46660258512055,,,,,4.66724324328432,5.61518187323648,6.76529754106481,8.09416676559505,9.491359714061,10.772733413331,11.9351653828471,12.9606059022735,13.713820890698,14.2198477973947,14.5809935601043,14.7489760181823,15.9673072854229,16.992767329641,17.7613548022614,18.4503638167487,,,,Pakistan,CO2
GCAM 5.3,R_MAC_80_n0,PAK,Emissions|CO2|Energy|Supply|Liquids,Mt CO2/yr,,,,1.510083803947,,,1.759772826646,,,,,2.262109872313,,3.17294452266671,,,,,3.14007600924604,2.9724141121676,2.35240212829688,1.94073831376128,1.92328121681941,2.23495615801461,2.71388469041315,3.03803967936763,2.7959322623378,0.230002921614646,-5.77113426721049,-16.481272089358,-22.5148256668447,-25.8522598084986,-27.6105728377949,-27.9004908048076,,,,Pakistan,CO2
GCAM 5.3,R_MAC_80_n0,PAK,Emissions|CO2|Energy|Supply|Solids,Mt CO2/yr,,,,0.0,,,0.0,,,,,0.0,,-3.30000030497933e-05,,,,,-3.66666697098566e-05,0.0,-2.20000444587939e-05,0.0,0.0,-7.3333310411464e-06,-2.20000326055594e-05,-2.93333176125817e-05,0.0,-4.03332792971848e-05,-9.89998060936149e-06,-5.49999214036591e-06,0.0,-1.09999925442896e-06,0.0,-1.46666545520646e-06,,,,Pakistan,CO2
GCAM 5.3,R_MAC_80_n0,PAK,Emissions|CO2|Industrial Processes,Mt CO2/yr,,,,18.6672967489324,,,31.7926724077611,,,,,32.2425356053681,,42.072435068136,,,,,30.7941195731616,33.4207617092587,37.7873577979934,43.9733003798056,50.2498143857872,55.9335643889426,59.7396863987056,62.2088167402973,64.6652868215592,66.7005503290796,66.9870902063217,63.7009023590176,66.8964451652052,69.691263488835,72.114127574539,74.4792120172049,,,,Pakistan,CO2
GCAM 5.3,R_MAC_80_n0,PAK,Emissions|N2O|AFOLU,kt N2O/yr,,,,43.305999250667,,,48.357084841711,,,,,52.42958560616,,54.598331447955,,,,,58.483525607614,64.285561051682,71.190455082065,77.7728620337599,85.192806229439,84.2613047159381,79.898768360866,81.982120279962,84.9320009099171,87.78976929215,90.899494633343,93.729280834349,95.227970115257,96.561891094784,97.26932087507,97.8935700787079,,,,Pakistan,N2O
GCAM 5.3,R_MAC_80_n8,PAK,Carbon Sequestration|CCS|Biomass,Mt CO2/yr,,,,0.0,,,0.0,,,,,0.0,,0.0,,,,,0.87349794274223,4.90106756888489,12.208409996522,20.8632191799894,29.9781935686234,39.4159458816008,52.5972375869,72.8548278344989,99.3135592728379,134.265303470546,177.494731099149,229.578815312561,244.683511040444,267.760374693401,290.245135173458,310.656718890457,,,,Pakistan,
GCAM 5.3,R_MAC_80_n8,PAK,Emissions|CH4|AFOLU,Mt CH4/yr,,,,3.32077326930029,,,3.86339481722767,,,,,4.44022416226603,,5.05081857859685,,,,,5.46525880367172,6.19674937523371,6.93566530429139,7.70114118371206,8.37052682642,9.04272341790461,9.80209884045298,10.6392065570018,11.5528171430471,12.3914974389338,13.0974721258413,13.6637178366964,14.0865431341107,14.4517317101364,14.7625356942023,15.0192306895316,,,,Pakistan,CH4
GCAM 5.3,R_MAC_80_n8,PAK,Emissions|CO2|AFOLU,Mt CO2/yr,,,,-2.73126287369598,,,9.04140251746979,,,,,-10.2799840800329,,24.4893635949327,,,,,14.9677701420484,8.1068456651277,7.94878540759153,5.52295233228585,3.06326065896674,2.02627957870991,-1.15106093720201,-5.01872847462625,-5.66279721386949,-6.34547156480499,-6.04493751380467,-5.26736268769295,-1.49319397819252,-0.257142081487295,1.20825300462841,0.918726618433005,,,,Pakistan,CO2
GCAM 5.3,R_MAC_80_n8,PAK,Emissions|CO2|Energy and Industrial Processes,Mt CO2/yr,,,,130.002750838431,,,155.046716015155,,,,,177.011176315217,,220.381331395218,,,,,190.907045011934,197.107631335676,205.964496577871,217.993882256461,228.737629029275,234.786832969751,228.838149924429,206.891059968525,168.705813893976,113.615796515372,40.3570129512254,-57.9093892392734,-72.5928439983724,-90.6444160535608,-107.658477406273,-118.862174940037,,,,Pakistan,CO2
GCAM 5.3,R_MAC_80_n8,PAK,Emissions|CO2|Energy|Demand,Mt CO2/yr,,,,75.4355363725365,,,80.7068333527991,,,,,97.9031975062637,,114.685913533163,,,,,108.023845016114,120.301569434627,135.865891046592,153.951460858665,171.46468210566,185.369125629181,192.287575891065,190.544459259518,179.842749696191,163.823470736726,145.04723063839,121.26804199371,121.300645051757,124.339780452091,128.854296383,135.416999959728,,,,Pakistan,CO2
GCAM 5.3,R_MAC_80_n8,PAK,Emissions|CO2|Energy|Demand|Industry,Mt CO2/yr,,,,33.4188974653138,,,29.4583711392478,,,,,32.3986907424804,,41.1445990485244,,,,,35.5601578291192,39.5418155281564,45.2763377363857,52.0080557390114,57.5887342270392,59.5670019017623,55.9050658460983,46.618597982493,32.9266527964143,20.0019121393113,11.8511046643792,6.87760455433453,7.68819791867154,9.70632712753216,11.2893813191369,12.4046673192053,,,,Pakistan,CO2
GCAM 5.3,R_MAC_80_n8,PAK,Emissions|CO2|Energy|Demand|Residential and Commercial,Mt CO2/yr,,,,12.5247100261386,,,15.3480108498742,,,,,19.3347356998652,,20.6880794359821,,,,,18.3851111030281,19.7018149514021,21.4409724283821,23.3058244323889,24.7539198573973,25.5248705449137,24.8630670010621,22.8555282724313,19.8362027473144,16.736636387544,14.2387168552824,11.9692722663254,12.5569576571392,12.950268731449,13.3962817890947,14.129478363246,,,,Pakistan,CO2
GCAM 5.3,R_MAC_80_n8,PAK,Emissions|CO2|Energy|Demand|Residential and Commercial|Commercial,Mt CO2/yr,,,,2.574062567339,,,2.9829502045106,,,,,4.5513710470943,,4.61881834549162,,,,,3.84560659899895,4.06161893281522,4.42081228451201,4.84832407555758,5.20126874603623,5.44843163680986,5.35357686868805,4.95224129425687,4.31958714497899,3.60145556787041,2.9588858766898,2.3057511525574,2.38312755050382,2.50377566400126,2.70965788007329,3.0180855731516,,,,Pakistan,CO2
GCAM 5.3,R_MAC_80_n8,PAK,Emissions|CO2|Energy|Demand|Residential and Commercial|Residential,Mt CO2/yr,,,,9.95064745879957,,,12.3650606453636,,,,,14.7833646527709,,16.0692610904905,,,,,14.5395045040291,15.6401960185869,17.0201601438701,18.4575003568313,19.5526511113611,20.0764389081039,19.509490132374,17.9032869781744,15.5166156023355,13.1351808196736,11.2798309785926,9.66352111376803,10.1738301066353,10.4464930674477,10.6866239090214,11.1113927900944,,,,Pakistan,CO2
GCAM 5.3,R_MAC_80_n8,PAK,Emissions|CO2|Energy|Demand|Transportation,Mt CO2/yr,,,,29.4919288810842,,,35.9004513636771,,,,,46.1697710639182,,52.853235048656,,,,,54.0785760839671,61.0579389550687,69.1485808818245,78.6375806872644,89.1220280212234,100.277253182505,111.519443043905,121.070333004594,127.079894152462,127.08492220987,118.957409118728,102.42116517305,101.055489475946,101.68318459311,104.168633274769,108.882854277277,,,,Pakistan,CO2
GCAM 5.3,R_MAC_80_n8,PAK,Emissions|CO2|Energy|Supply,Mt CO2/yr,,,,35.8999177169619,,,42.5472102545945,,,,,46.8654432035848,,63.6229827939196,,,,,53.4400055432973,44.9237759728163,33.9413043653018,22.3373282650739,10.3689046114296,-1.5141095081891,-16.5356855706994,-38.3374480340211,-66.1950921013427,-102.794024350076,-149.33324329619,-205.94829550559,-220.650469408828,-243.422940135463,-265.812521032473,-286.047749994394,,,,Pakistan,CO2
GCAM 5.3,R_MAC_80_n8,PAK,Emissions|CO2|Energy|Supply|Electricity,Mt CO2/yr,,,,33.3676478200889,,,37.5443694664575,,,,,41.0769126773548,,55.9385580075328,,,,,45.668310557797,36.5999695631017,25.4179262124427,13.2442841553847,0.286247441464294,-12.6787222439534,-28.2858923393553,-49.4342577656311,-74.2715326509719,-101.820182735947,-129.202805546816,-152.382796885618,-158.195627205513,-176.44464132464,-196.543659009375,-218.803961325816,,,,Pakistan,CO2
GCAM 5.3,R_MAC_80_n8,PAK,Emissions|CO2|Energy|Supply|Gases,Mt CO2/yr,,,,1.022186092926,,,3.243067961491,,,,,3.526420653917,,4.46660258512055,,,,,4.62324327307387,5.53758301871282,6.66405107750799,7.92575116029486,9.19861055249095,10.2712630315728,11.1150198855336,11.7668950703116,12.1172272217435,12.1253416029828,11.8640564895386,11.1904916956508,12.2191028401229,12.8521146463242,13.2146730758085,13.6195455996031,,,,Pakistan,CO2
GCAM 5.3,R_MAC_80_n8,PAK,Emissions|CO2|Energy|Supply|Liquids,Mt CO2/yr,,,,1.510083803947,,,1.759772826646,,,,,2.262109872313,,3.17294452266671,,,,,3.12319385511571,2.78762529977761,1.89564866918793,1.17886209800356,0.85823615343577,0.848087875685809,0.739041965951651,-0.0640789252076551,-2.75663922573051,-10.5399701682791,-28.217831038553,-59.299220094589,-70.8555149167933,-75.7549420905646,-78.0796133901902,-76.4765818132597,,,,Pakistan,CO2
GCAM 5.3,R_MAC_80_n8,PAK,Emissions|CO2|Energy|Supply|Solids,Mt CO2/yr,,,,0.0,,,0.0,,,,,0.0,,-3.30000030497933e-05,,,,,0.0,-3.66667180030877e-05,0.0,0.0,-2.19999544828557e-05,-1.46666798307944e-05,0.0,0.0,-3.29998975677404e-05,-4.76665997716935e-06,-1.46666703673115e-06,-3.666654804183e-06,-1.83332997984802e-06,-1.61333166806044e-06,0.0,-1.35666331091492e-06,,,,Pakistan,CO2
GCAM 5.3,R_MAC_80_n8,PAK,Emissions|CO2|Industrial Processes,Mt CO2/yr,,,,18.6672967489324,,,31.7926724077611,,,,,32.2425356053681,,42.072435068136,,,,,29.4431944525222,31.8822859282327,36.1573011659771,41.7050931327225,46.9040423121856,50.9318168487592,53.0862596040634,54.6840487430283,55.0581562991277,52.5863501287224,44.6430256090258,26.7708642726066,26.756980358699,28.438743629811,29.2997472431996,31.7685750946292,,,,Pakistan,CO2
GCAM 5.3,R_MAC_80_n8,PAK,Emissions|N2O|AFOLU,kt N2O/yr,,,,43.305999250667,,,48.357084841711,,,,,52.42958560616,,54.598331447955,,,,,58.550756989294,64.49301531045,71.515316624137,78.208160738881,85.076128435641,83.7766922281639,81.197444989354,83.715043524688,86.64745959893,90.13048401505,93.271196918413,96.046899733656,97.483575895332,98.663904470323,99.3455373778239,100.09810534442,,,,Pakistan,N2O
GCAM 5.3,R_MAC_85_n0,PAK,Carbon Sequestration|CCS|Biomass,Mt CO2/yr,,,,0.0,,,0.0,,,,,0.0,,0.0,,,,,0.63410510431258,3.55901376688001,9.19416295583292,15.8133118075737,22.493842828228,28.6053497701528,35.7798776687159,47.1241408930124,64.4746620699324,91.0175909963257,119.475407359733,145.781442196557,172.323087671727,185.183544602603,197.079726278856,212.380330528097,,,,Pakistan,
GCAM 5.3,R_MAC_85_n0,PAK,Emissions|CH4|AFOLU,Mt CH4/yr,,,,3.32077326930029,,,3.86339481722767,,,,,4.44022416226603,,5.05081857859685,,,,,5.46751459499955,6.20290465644188,6.94823399838273,7.72794000372201,8.44877664551863,9.12040864625116,9.8001532913393,10.4999102164833,11.275557034161,12.0530420758176,12.7863505556459,13.422262988645,13.9561293245632,14.3254049921056,14.6392386926355,14.894630466251,,,,Pakistan,CH4
GCAM 5.3,R_MAC_85_n0,PAK,Emissions|CO2|AFOLU,Mt CO2/yr,,,,-2.73126287369598,,,9.04140251746979,,,,,-10.2799840800329,,24.4893635949327,,,,,15.0906992038277,8.08355010231957,8.0977688318138,5.98086535310752,4.19801044664007,2.71686708125992,0.654302950337656,-3.19828224605458,-4.85309781969182,-4.78369293299401,-4.35765485253896,-4.31683354136502,-4.04550658903158,-1.24740402625155,0.889205402256221,1.16424222714395,,,,Pakistan,CO2
GCAM 5.3,R_MAC_85_n0,PAK,Emissions|CO2|Energy and Industrial Processes,Mt CO2/yr,,,,130.002750838431,,,155.046716015155,,,,,177.011176315217,,220.381331395218,,,,,196.964299891417,206.89376905163,219.72048598301,238.453887083319,259.185010594045,279.41926586012,294.437249553501,298.244373932109,286.720470559684,258.4743414087,223.067581569471,182.96330407612,135.478699911656,133.105446298446,130.340404051921,124.449847363373,,,,Pakistan,CO2
GCAM 5.3,R_MAC_85_n0,PAK,Emissions|CO2|Energy|Demand,Mt CO2/yr,,,,75.4355363725365,,,80.7068333527991,,,,,97.9031975062637,,114.685913533163,,,,,110.383837695796,123.731421519746,140.587130316947,161.127750418017,182.892325641422,203.611486977082,221.553693620202,234.979895209411,241.435163840962,238.404347131402,231.289480878886,219.512646782043,203.808053177318,210.932651648405,216.967185990393,223.541970619196,,,,Pakistan,CO2
GCAM 5.3,R_MAC_85_n0,PAK,Emissions|CO2|Energy|Demand|Industry,Mt CO2/yr,,,,33.4188974653138,,,29.4583711392478,,,,,32.3986907424804,,41.1445990485244,,,,,36.9567238327937,41.4165975437422,47.874378106605,56.088299503692,64.3774847654419,70.7749716663159,73.6206248312691,72.9180944381654,67.2197787829506,55.6025742115292,43.1509781985315,31.5165499511448,22.4386427884208,22.3330967183665,21.8194167960829,21.0914307036179,,,,Pakistan,CO2
GCAM 5.3,R_MAC_85_n0,PAK,Emissions|CO2|Energy|Demand|Residential and Commercial,Mt CO2/yr,,,,12.5247100261386,,,15.3480108498742,,,,,19.3347356998652,,20.6880794359821,,,,,18.878960469601,20.456454508083,22.4145221079869,24.7212018575068,26.9284108323049,28.8889365061267,30.2219080162717,30.5512231360897,29.4398684064676,26.8866728669381,24.1696533674345,21.413611411617,19.0589233860329,19.7437639121322,20.1900272558985,20.6867699802591,,,,Pakistan,CO2
GCAM 5.3,R_MAC_85_n0,PAK,Emissions|CO2|Energy|Demand|Residential and Commercial|Commercial,Mt CO2/yr,,,,2.574062567339,,,2.9829502045106,,,,,4.5513710470943,,4.61881834549162,,,,,3.99353398789608,4.27935097339966,4.69123244141849,5.23451166943623,5.78182713530451,6.33090495992052,6.74694977294285,6.93953013716946,6.82555548600543,6.37592592922288,5.87066331450621,5.27565280294246,4.68547815897609,5.0605458213154,5.3993667994606,5.74544904344387,,,,Pakistan,CO2
GCAM 5.3,R_MAC_85_n0,PAK,Emissions|CO2|Energy|Demand|Residential and Commercial|Residential,Mt CO2/yr,,,,9.95064745879957,,,12.3650606453636,,,,,14.7833646527709,,16.0692610904905,,,,,14.8854264817049,16.1771035346833,17.7232896665684,19.4866901880706,21.1465836970004,22.5580315462062,23.4749582433289,23.6116929989202,22.6143129204621,20.5107469377152,18.2989900529282,16.1379586086745,14.3734452270568,14.6832180908168,14.7906604564379,14.9413209368153,,,,Pakistan,CO2
GCAM 5.3,R_MAC_85_n0,PAK,Emissions|CO2|Energy|Demand|Transportation,Mt CO2/yr,,,,29.4919288810842,,,35.9004513636771,,,,,46.1697710639182,,52.853235048656,,,,,54.5481533934018,61.8583694679203,70.2982301023551,80.3182490568181,91.5864300436756,103.947578804639,117.711160772661,131.510577635156,144.775516651544,155.915100052935,163.96884931292,166.582485419282,162.310487002864,168.855791017907,174.957741938411,181.763769935319,,,,Pakistan,CO2
GCAM 5.3,R_MAC_85_n0,PAK,Emissions|CO2|Energy|Supply,Mt CO2/yr,,,,35.8999177169619,,,42.5472102545945,,,,,46.8654432035848,,63.6229827939196,,,,,55.2442635965245,49.1224103548042,40.6597986706057,32.4362058161776,24.7503721291458,17.9956836084747,10.5489751447388,-2.1177270349335,-22.8008761783593,-50.5439933830628,-80.6940503358715,-108.450775818269,-136.60120878794,-148.619999873925,-159.55336416867,-174.055340395994,,,,Pakistan,CO2
GCAM 5.3,R_MAC_85_n0,PAK,Emissions|CO2|Energy|Supply|Electricity,Mt CO2/yr,,,,33.3676478200889,,,37.5443694664575,,,,,41.0769126773548,,55.9385580075328,,,,,47.3756016391843,40.4202379917753,31.3311281683733,22.0149689731095,12.7362935030524,4.13188866301711,-5.20187955184788,-19.5053532241961,-41.0723345862853,-67.4553795719014,-93.9325751535136,-115.199476911423,-133.128485426412,-141.410811856656,-150.310678009158,-164.090720062655,,,,Pakistan,CO2
GCAM 5.3,R_MAC_85_n0,PAK,Emissions|CO2|Energy|Supply|Gases,Mt CO2/yr,,,,1.022186092926,,,3.243067961491,,,,,3.526420653917,,4.46660258512055,,,,,4.68380332239648,5.64061883059131,6.8038376542109,8.15528699966264,9.59132896215508,10.9382922902536,12.1966753373827,13.3702875540002,14.2494988731085,14.8754170959884,15.3619318419465,15.6809326541037,15.8386158455753,16.9515135410595,17.7850197056917,18.5198824106892,,,,Pakistan,CO2
GCAM 5.3,R_MAC_85_n0,PAK,Emissions|CO2|Energy|Supply|Liquids,Mt CO2/yr,,,,1.510083803947,,,1.759772826646,,,,,2.262109872313,,3.17294452266671,,,,,3.1496042330274,3.03487635072163,2.51211956811598,2.20500351575129,2.2829048497108,2.67693871933328,3.27329810467689,3.84996596737091,4.09383430327048,2.6889268893677,-1.04167251856128,-7.44904708900742,-17.373468011341,-22.5253223350196,-25.4170382963806,-26.8239038403163,,,,Pakistan,CO2
GCAM 5.3,R_MAC_85_n0,PAK,Emissions|CO2|Energy|Supply|Solids,Mt CO2/yr,,,,0.0,,,0.0,,,,,0.0,,-3.30000030497933e-05,,,,,-1.46666655288131e-05,-7.33335950181565e-06,0.0,0.0,-1.10000101531375e-05,-1.10000204644284e-05,-3.66666978354292e-05,-4.76665518908892e-05,-3.666666953162e-05,0.0,-1.09999906127357e-05,0.0,0.0,0.0,0.0,-7.33333661915532e-07,,,,Pakistan,CO2
GCAM 5.3,R_MAC_85_n0,PAK,Emissions|CO2|Industrial Processes,Mt CO2/yr,,,,18.6672967489324,,,31.7926724077611,,,,,32.2425356053681,,42.072435068136,,,,,31.3361985990956,34.0399371770803,38.4735569954576,44.8899308491241,51.5423128234763,57.8120952745638,62.3345807885604,65.3822057576314,68.0861828970807,70.6139876603609,72.4721510264561,71.9014331123457,68.2718555222781,70.7927945239658,72.926582230198,74.9632171401703,,,,Pakistan,CO2
GCAM 5.3,R_MAC_85_n0,PAK,Emissions|N2O|AFOLU,kt N2O/yr,,,,43.305999250667,,,48.357084841711,,,,,52.42958560616,,54.598331447955,,,,,58.457999241081,64.20339797745,71.0495355187111,77.575416237926,84.988769439126,84.631235473747,79.601589448336,81.384516412915,84.319811017136,87.017309818379,89.975763204736,92.735944101116,95.333479845985,96.618982614123,97.319654196457,97.927072203303,,,,Pakistan,N2O
GCAM 5.3,R_MAC_85_n8,PAK,Carbon Sequestration|CCS|Biomass,Mt CO2/yr,,,,0.0,,,0.0,,,,,0.0,,0.0,,,,,0.787884516959192,4.38440908291594,11.1467802650102,19.0977012251545,27.3279572593595,35.4676171569952,46.3508968383842,63.8961716301423,87.2381018626625,118.148741126194,153.038835019697,192.916262656793,240.981219777876,263.710392953925,287.925165217026,309.880957198409,,,,Pakistan,
GCAM 5.3,R_MAC_85_n8,PAK,Emissions|CH4|AFOLU,Mt CH4/yr,,,,3.32077326930029,,,3.86339481722767,,,,,4.44022416226603,,5.05081857859685,,,,,5.466021275308,6.19856437312574,6.9411018626545,7.71146414099994,8.39799919860199,9.04562440859181,9.78050047283714,10.5802926768853,11.4113033673637,12.2797040734439,13.0087420398575,13.6091079397353,14.0914121088537,14.4551238358535,14.7650634812123,15.0201301830032,,,,Pakistan,CH4
GCAM 5.3,R_MAC_85_n8,PAK,Emissions|CO2|AFOLU,Mt CO2/yr,,,,-2.73126287369598,,,9.04140251746979,,,,,-10.2799840800329,,24.4893635949327,,,,,15.007011417301,8.15867339425852,7.90419604592012,5.70260537875615,3.43640302486342,2.31495903204326,-0.460338816138673,-4.52879829130492,-5.50006246446332,-5.50810698170464,-5.57510586243994,-5.13170610762576,-4.40943106264201,-1.22715539236946,1.31599351111568,1.05558920585912,,,,Pakistan,CO2
GCAM 5.3,R_MAC_85_n8,PAK,Emissions|CO2|Energy and Industrial Processes,Mt CO2/yr,,,,130.002750838431,,,155.046716015155,,,,,177.011176315217,,220.381331395218,,,,,192.832706496223,200.477766482344,210.398870968592,224.747286786754,239.044561969428,250.247769347721,251.710058574128,237.017674532741,208.574259161074,163.80724385112,107.275192471431,33.142433802853,-63.2518762183417,-81.3050388779774,-102.854709325469,-118.656092809531,,,,Pakistan,CO2
GCAM 5.3,R_MAC_85_n8,PAK,Emissions|CO2|Energy|Demand,Mt CO2/yr,,,,75.4355363725365,,,80.7068333527991,,,,,97.9031975062637,,114.685913533163,,,,,108.770092694513,121.455628708719,137.356775941489,156.304479849186,175.373515763378,191.862252314557,202.943511456488,205.649789325653,200.65791197848,187.818832643242,171.880905370418,151.217710593321,126.783023883811,127.67005804884,130.061130139552,134.968855370274,,,,Pakistan,CO2
GCAM 5.3,R_MAC_85_n8,PAK,Emissions|CO2|Energy|Demand|Industry,Mt CO2/yr,,,,33.4188974653138,,,29.4583711392478,,,,,32.3986907424804,,41.1445990485244,,,,,36.0019232788735,40.1507807838795,46.089562953949,53.3395587391893,59.9058955914965,63.5496344870798,62.3858982068294,55.4183867065583,43.9841356004103,30.1912315423949,19.4547123575146,12.4295018560809,7.95598048272628,9.53461469667374,11.0408060252956,12.0399073476481,,,,Pakistan,CO2
GCAM 5.3,R_MAC_85_n8,PAK,Emissions|CO2|Energy|Demand|Residential and Commercial,Mt CO2/yr,,,,12.5247100261386,,,15.3480108498742,,,,,19.3347356998652,,20.6880794359821,,,,,18.5418033018329,19.9651431449552,21.7466202879408,23.766842636225,25.4896476101504,26.7064861550255,26.7401648014913,25.3386747164555,22.8269420543954,19.6964459074481,16.9679107108396,14.6340718244907,12.5090972073207,12.9794170674881,13.3983928030179,14.088145791694,,,,Pakistan,CO2
GCAM 5.3,R_MAC_85_n8,PAK,Emissions|CO2|Energy|Demand|Residential and Commercial|Commercial,Mt CO2/yr,,,,2.574062567339,,,2.9829502045106,,,,,4.5513710470943,,4.61881834549162,,,,,3.89237907142665,4.13784856663644,4.50543322076622,4.97357531019607,5.3966819262641,5.755866601298,5.8366983386352,5.58816330958494,5.0999223724503,4.41444358055211,3.74994849948231,3.09474631753991,2.40983820958379,2.54238549329311,2.72258174826742,3.00101195832555,,,,Pakistan,CO2
GCAM 5.3,R_MAC_85_n8,PAK,Emissions|CO2|Energy|Demand|Residential and Commercial|Residential,Mt CO2/yr,,,,9.95064745879957,,,12.3650606453636,,,,,14.7833646527709,,16.0692610904905,,,,,14.6494242304062,15.8272945783187,17.2411870671746,18.7932673260289,20.0929656838862,20.9506195537275,20.9034664628561,19.7505114068706,17.727019681945,15.282002326896,13.2179622113573,11.5393255069508,10.0992589977369,10.437031574195,10.6758110547505,11.0871338333685,,,,Pakistan,CO2
GCAM 5.3,R_MAC_85_n8,PAK,Emissions|CO2|Energy|Demand|Transportation,Mt CO2/yr,,,,29.4919288810842,,,35.9004513636771,,,,,46.1697710639182,,52.853235048656,,,,,54.2263661138071,61.3397047798839,69.5205926995989,79.1980784737716,89.9779725617306,101.606131672452,113.817448448167,124.892727902639,133.846834323674,137.931155193399,135.458282302064,124.15413691275,106.317946193764,105.156026284678,105.621931311239,108.840802230932,,,,Pakistan,CO2
GCAM 5.3,R_MAC_85_n8,PAK,Emissions|CO2|Energy|Supply,Mt CO2/yr,,,,35.8999177169619,,,42.5472102545945,,,,,46.8654432035848,,63.6229827939196,,,,,54.0361483597657,46.4582578495106,36.1925523464702,25.7516155118221,15.2850858555985,5.21860299960014,-7.21781173131127,-26.5623997081218,-51.7987600010048,-83.9451166386712,-121.051563598753,-163.962077252118,-216.072132990939,-238.40658073973,-262.758000281554,-284.843204449219,,,,Pakistan,CO2
GCAM 5.3,R_MAC_85_n8,PAK,Emissions|CO2|Energy|Supply|Electricity,Mt CO2/yr,,,,33.3676478200889,,,37.5443694664575,,,,,41.0769126773548,,55.9385580075328,,,,,46.2356706991009,37.9963202788536,27.3961089890664,16.2040967987781,4.5265390568346,-6.92765971157784,-20.5060353098943,-40.0825318724496,-64.0667221060326,-90.6838226525983,-115.631472831808,-136.127651224542,-154.502132857204,-173.792347083084,-194.563130578264,-216.783387294878,,,,Pakistan,CO2
GCAM 5.3,R_MAC_85_n8,PAK,Emissions|CO2|Energy|Supply|Gases,Mt CO2/yr,,,,1.022186092926,,,3.243067961491,,,,,3.526420653917,,4.46660258512055,,,,,4.64279066613972,5.57625468737652,6.70873170148263,8.0022505078108,9.33428447260015,10.5082198097722,11.5026521519986,12.3162791737652,12.8858981562866,13.1757616983956,13.2611271175115,12.9839262360218,12.3349688537668,13.0364013166821,13.3841465770622,13.7335063878528,,,,Pakistan,CO2
GCAM 5.3,R_MAC_85_n8,PAK,Emissions|CO2|Energy|Supply|Liquids,Mt CO2/yr,,,,1.510083803947,,,1.759772826646,,,,,2.262109872313,,3.17294452266671,,,,,3.12919833522644,2.87671970722264,2.10802737038583,1.53224247093699,1.3580869894756,1.5160197495699,1.73513002973584,1.51330007632104,0.171610288927314,-4.77823216204769,-16.3018914009384,-37.5053334974327,-69.5968816068634,-73.2309198889489,-76.8830892222328,-77.2856668769661,,,,Pakistan,CO2
GCAM 5.3,R_MAC_85_n8,PAK,Emissions|CO2|Energy|Supply|Solids,Mt CO2/yr,,,,0.0,,,0.0,,,,,0.0,,-3.30000030497933e-05,,,,,-2.19999825157349e-05,0.0,-2.56666166706852e-05,-1.83333469187211e-05,-1.83333077439775e-05,-1.83333137939047e-05,-3.66666541493746e-06,-4.39998701881045e-05,-3.29999168048355e-05,0.0,0.0,0.0,0.0,-9.53332724971219e-07,0.0,0.0,,,,Pakistan,CO2
GCAM 5.3,R_MAC_85_n8,PAK,Emissions|CO2|Industrial Processes,Mt CO2/yr,,,,18.6672967489324,,,31.7926724077611,,,,,32.2425356053681,,42.072435068136,,,,,30.0264654419438,32.563879924115,36.8495426806331,42.6911914257459,48.3859603504516,53.1669140335638,55.9843588489509,57.9302849152099,59.7151071835989,59.933527846549,56.4458506997667,45.8868004616493,26.0372328887868,29.431483812913,29.8421608165329,31.2182562694137,,,,Pakistan,CO2
GCAM 5.3,R_MAC_85_n8,PAK,Emissions|N2O|AFOLU,kt N2O/yr,,,,43.305999250667,,,48.357084841711,,,,,52.42958560616,,54.598331447955,,,,,58.52286766315,64.398460143564,71.378386256332,78.029036051695,85.201072797056,83.577953076805,80.532954549668,82.975285737807,85.85767517597,89.112931049135,92.225505932005,95.084594359141,97.566438711511,98.835185353547,99.3950197574469,100.096736664998,,,,Pakistan,N2O
GCAM 5.3,R_MAC_90_n0,PAK,Carbon Sequestration|CCS|Biomass,Mt CO2/yr,,,,0.0,,,0.0,,,,,0.0,,0.0,,,,,0.58731517005895,3.30460790708554,8.56846364895117,14.7631740521066,20.9779868800895,26.5550570060959,32.7952285470508,42.237719572459,57.4706264729353,81.574350445516,109.058117325373,134.516480320637,158.621225822317,184.549490628092,197.619555449631,212.001804263361,,,,Pakistan,
GCAM 5.3,R_MAC_90_n0,PAK,Emissions|CH4|AFOLU,Mt CH4/yr,,,,3.32077326930029,,,3.86339481722767,,,,,4.44022416226603,,5.05081857859685,,,,,5.46844267102668,6.20406094472003,6.94835724165388,7.73262018339786,8.46338727071549,9.13671132703929,9.83419474660905,10.4883477302571,11.2372495218912,11.9863707481599,12.7157589317946,13.3419547998123,13.886550465884,14.3336265321784,14.643809247256,14.8970944863609,,,,Pakistan,CH4
GCAM 5.3,R_MAC_90_n0,PAK,Emissions|CO2|AFOLU,Mt CO2/yr,,,,-2.73126287369598,,,9.04140251746979,,,,,-10.2799840800329,,24.4893635949327,,,,,15.121530815591,8.06157527710583,8.25484774934046,6.00540501130185,4.43065188420341,2.80050484755993,0.963415779722732,-2.76936034191492,-4.52625519661525,-4.67728022473795,-4.00179219693876,-3.92509930694571,-3.80386924876057,-3.42049820060822,0.389932384759329,1.1111940804089,,,,Pakistan,CO2
GCAM 5.3,R_MAC_90_n0,PAK,Emissions|CO2|Energy and Industrial Processes,Mt CO2/yr,,,,130.002750838431,,,155.046716015155,,,,,177.011176315217,,220.381331395218,,,,,198.436176580725,209.177193762763,223.037639491845,243.210040629866,265.923347201589,288.832174583271,307.772593680453,318.251510470315,312.977595356217,291.307272261188,261.54540155717,227.034385195761,187.871991401035,139.563304570967,133.545696636975,126.96941745607,,,,Pakistan,CO2
GCAM 5.3,R_MAC_90_n0,PAK,Emissions|CO2|Energy|Demand,Mt CO2/yr,,,,75.4355363725365,,,80.7068333527991,,,,,97.9031975062637,,114.685913533163,,,,,110.958397468733,124.55690454863,141.757472963007,162.815284019233,185.381401542555,207.278005010514,227.039738919505,244.033311217989,254.742724661896,255.647408379143,252.431364426496,243.963590473746,231.423017584661,214.767164481282,219.214146824139,224.632498548127,,,,Pakistan,CO2
GCAM 5.3,R_MAC_90_n0,PAK,Emissions|CO2|Energy|Demand|Industry,Mt CO2/yr,,,,33.4188974653138,,,29.4583711392478,,,,,32.3986907424804,,41.1445990485244,,,,,37.2945733836091,41.8798251678743,48.5269472781836,57.0570973778884,65.8601960848151,73.0320641299304,76.9430420821271,78.3874189658015,75.1072848303976,65.19159886133,53.479687579488,41.1711805178965,30.2781857804803,22.145918612148,21.7988793688555,21.12714629414,,,,Pakistan,CO2
GCAM 5.3,R_MAC_90_n0,PAK,Emissions|CO2|Energy|Demand|Residential and Commercial,Mt CO2/yr,,,,12.5247100261386,,,15.3480108498742,,,,,19.3347356998652,,20.6880794359821,,,,,18.9998451811268,20.635399574463,22.6568229370032,25.0562893006094,27.4107958088766,29.5803544927564,31.2722149846829,32.2426559123651,31.801770172451,29.6696563816447,27.1884222832226,24.4035928902669,21.8100346553491,19.6245346075373,20.1617494572214,20.7137964246978,,,,Pakistan,CO2
GCAM 5.3,R_MAC_90_n0,PAK,Emissions|CO2|Energy|Demand|Residential and Commercial|Commercial,Mt CO2/yr,,,,2.574062567339,,,2.9829502045106,,,,,4.5513710470943,,4.61881834549162,,,,,4.02986785531459,4.33005624221426,4.75899200330376,5.3266619405295,5.91190796821247,6.51517750020235,7.02600283920046,7.38492931985528,7.44446534573122,7.11708365163349,6.72232762217915,6.19409836758962,5.62629083386618,5.06464338607545,5.41556534517043,5.76902001811526,,,,Pakistan,CO2
GCAM 5.3,R_MAC_90_n0,PAK,Emissions|CO2|Energy|Demand|Residential and Commercial|Residential,Mt CO2/yr,,,,9.95064745879957,,,12.3650606453636,,,,,14.7833646527709,,16.0692610904905,,,,,14.9699773258122,16.3053433322487,17.8978309336995,19.7296273600799,21.4988878406641,23.065176992554,24.2462121454825,24.8577265925099,24.3573048267198,22.5525727300112,20.4660946610434,18.2094945226773,16.1837438214829,14.5598912214619,14.746184112051,14.9447764065825,,,,Pakistan,CO2
GCAM 5.3,R_MAC_90_n0,PAK,Emissions|CO2|Energy|Demand|Transportation,Mt CO2/yr,,,,29.4919288810842,,,35.9004513636771,,,,,46.1697710639182,,52.853235048656,,,,,54.6639789039968,62.0416798062929,70.5737027478198,80.7018973407352,92.110409648863,104.665586387827,118.824481852695,133.403236339822,147.833669659047,160.786153136168,171.763254563785,178.388817065583,179.334797148832,172.996711261596,177.253517998062,182.79155582929,,,,Pakistan,CO2
GCAM 5.3,R_MAC_90_n0,PAK,Emissions|CO2|Energy|Supply,Mt CO2/yr,,,,35.8999177169619,,,42.5472102545945,,,,,46.8654432035848,,63.6229827939196,,,,,55.6542188964298,50.0138889610219,42.1777058475468,34.6790694910335,27.8602149570445,22.1190625894889,16.1647423209012,5.94028391248127,-13.0046663878122,-38.2256696874299,-67.5048165456216,-94.5181249655062,-120.042937366793,-147.476116604604,-159.758116465989,-173.416622019805,,,,Pakistan,CO2
GCAM 5.3,R_MAC_90_n0,PAK,Emissions|CO2|Energy|Supply|Electricity,Mt CO2/yr,,,,33.3676478200889,,,37.5443694664575,,,,,41.0769126773548,,55.9385580075328,,,,,47.7593585009005,41.2292816774787,32.6683320402907,23.9658941632155,15.4400503394005,7.72109129350481,-0.292335458415276,-12.4926269943658,-32.800397712703,-57.6552437582276,-84.8045592397765,-107.80188040404,-127.214983314122,-145.055778337659,-153.645228806445,-165.438152991498,,,,Pakistan,CO2
GCAM 5.3,R_MAC_90_n0,PAK,Emissions|CO2|Energy|Supply|Gases,Mt CO2/yr,,,,1.022186092926,,,3.243067961491,,,,,3.526420653917,,4.46660258512055,,,,,4.69833583810389,5.66282201215038,6.83727680769104,8.20778810143779,9.67435392655257,11.0730394735055,12.4037474377478,13.6995973995725,14.6988447475479,15.4338839591308,16.0148445467133,16.4173044439647,16.7093775252301,16.7926082701706,17.7300088992339,18.5422627792898,,,,Pakistan,CO2
GCAM 5.3,R_MAC_90_n0,PAK,Emissions|CO2|Energy|Supply|Liquids,Mt CO2/yr,,,,1.510083803947,,,1.759772826646,,,,,2.262109872313,,3.17294452266671,,,,,3.15888051785903,3.08916899279435,2.64821578216719,2.42842590775184,2.58232162627282,3.03862042039983,3.71114181867594,4.44331295161911,4.97754774586924,4.34796082428042,2.04882610951131,-2.01995781387418,-8.04136097579713,-17.1875583621911,-22.0174990822802,-24.7809244609686,,,,Pakistan,CO2
GCAM 5.3,R_MAC_90_n0,PAK,Emissions|CO2|Energy|Supply|Solids,Mt CO2/yr,,,,0.0,,,0.0,,,,,0.0,,-3.30000030497933e-05,,,,,0.0,-2.19999014616409e-05,-1.83333809988142e-05,-1.10000089259041e-05,0.0,-3.66666971872358e-06,0.0,-2.93333678510529e-05,0.0,-2.19999640457065e-05,0.0,0.0,-5.86666586467321e-06,-4.39999621471962e-06,0.0,-4.39998969047236e-06,,,,Pakistan,CO2
GCAM 5.3,R_MAC_90_n0,PAK,Emissions|CO2|Industrial Processes,Mt CO2/yr,,,,18.6672967489324,,,31.7926724077611,,,,,32.2425356053681,,42.072435068136,,,,,31.8235602155628,34.6064002531107,39.1024606812917,45.7156871195994,52.68173070199,59.4351069832687,64.568112440046,68.2779153398448,71.2395370821335,73.8855335694746,76.6188536762954,77.5889196875214,76.4919111831661,72.2722566942901,74.0896662788254,75.7535409277474,,,,Pakistan,CO2
GCAM 5.3,R_MAC_90_n0,PAK,Emissions|N2O|AFOLU,kt N2O/yr,,,,43.305999250667,,,48.357084841711,,,,,52.42958560616,,54.598331447955,,,,,58.437943512054,64.128215150661,70.920185065638,77.4016494140079,84.734403202702,84.845118148806,79.911546106471,80.943766518219,83.745513881668,86.462856631749,89.179958424881,91.914924203919,94.431619213634,96.731921130044,97.403379021866,97.97398407075,,,,Pakistan,N2O
GCAM 5.3,R_MAC_90_n8,PAK,Carbon Sequestration|CCS|Biomass,Mt CO2/yr,,,,0.0,,,0.0,,,,,0.0,,0.0,,,,,0.72019804213921,4.01755463856554,10.3037884600413,17.6824620074964,25.2291138568889,32.4253598054264,41.5861622625599,56.5380144844857,77.5163665686418,106.694059325359,137.474953560522,169.360497542281,206.328206819544,258.336567287591,284.486833905404,309.205438117491,,,,Pakistan,
GCAM 5.3,R_MAC_90_n8,PAK,Emissions|CH4|AFOLU,Mt CH4/yr,,,,3.32077326930029,,,3.86339481722767,,,,,4.44022416226603,,5.05081857859685,,,,,5.466594791888,6.20046546602651,6.9452406177648,7.71900596386356,8.41726830374621,9.08259390876519,9.77484047735644,10.5400902830032,11.3561988968273,12.1836770587742,12.9205486276874,13.541293873995,14.0493168999017,14.4587502471219,14.7684266631506,15.0220383325296,,,,Pakistan,CH4
GCAM 5.3,R_MAC_90_n8,PAK,Emissions|CO2|AFOLU,Mt CO2/yr,,,,-2.73126287369598,,,9.04140251746979,,,,,-10.2799840800329,,24.4893635949327,,,,,15.0420367061343,8.13861282843284,7.92961026199279,5.85421656297265,3.7441278673434,2.53247350790326,0.0479042429873321,-3.98986872471193,-5.33017347295336,-5.02675677070084,-5.08959914461743,-4.89701832984305,-4.31066183717928,-3.83797967811293,0.53154019999404,1.2477476632171,,,,Pakistan,CO2
GCAM 5.3,R_MAC_90_n8,PAK,Emissions|CO2|Energy and Industrial Processes,Mt CO2/yr,,,,130.002750838431,,,155.046716015155,,,,,177.011176315217,,220.381331395218,,,,,194.526299765808,203.152842252297,214.240529187787,230.459533415055,247.558975282846,262.778500523166,270.204816967327,262.781717146218,241.351947747999,203.568307727516,157.691234337609,101.508820887517,28.423214210564,-66.2118828495752,-91.088212714152,-113.783244599429,,,,Pakistan,CO2
GCAM 5.3,R_MAC_90_n8,PAK,Emissions|CO2|Energy|Demand,Mt CO2/yr,,,,75.4355363725365,,,80.7068333527991,,,,,97.9031975062637,,114.685913533163,,,,,109.428211418546,122.394420455781,138.675819209184,158.307437373006,178.56956168686,196.984214138966,211.192453346,218.246956218134,217.956895537213,208.895674121824,196.16297978177,179.083936441005,157.406182950663,134.507893828562,134.466216496231,136.848256790132,,,,Pakistan,CO2
GCAM 5.3,R_MAC_90_n8,PAK,Emissions|CO2|Energy|Demand|Industry,Mt CO2/yr,,,,33.4188974653138,,,29.4583711392478,,,,,32.3986907424804,,41.1445990485244,,,,,36.3906332118787,40.6679302307769,46.8150264196224,54.4773050452706,61.8055319299731,66.6953672402956,67.359832700485,62.8827794673297,53.6127625251706,40.2083041396369,28.0705669134422,18.8566766997362,12.5503608936151,9.54461351477114,10.9315061457577,11.8353182404065,,,,Pakistan,CO2
GCAM 5.3,R_MAC_90_n8,PAK,Emissions|CO2|Energy|Demand|Residential and Commercial,Mt CO2/yr,,,,12.5247100261386,,,15.3480108498742,,,,,19.3347356998652,,20.6880794359821,,,,,18.6800791931546,20.1687326401209,22.018884704969,24.161977037023,26.0972104390932,27.6522262952002,28.2643758822368,27.5210143596508,25.5066518097082,22.5200201714817,19.6767152409632,17.1799023232109,15.0807322453403,13.0816165358602,13.5128254667827,14.14419473802,,,,Pakistan,CO2
GCAM 5.3,R_MAC_90_n8,PAK,Emissions|CO2|Energy|Demand|Residential and Commercial|Commercial,Mt CO2/yr,,,,2.574062567339,,,2.9829502045106,,,,,4.5513710470943,,4.61881834549162,,,,,3.93375270441684,4.19698664545334,4.58102008268458,5.08137433028098,5.55882586850327,6.00386340685202,6.23260140802217,6.15075462048693,5.80046333621535,5.19381231760066,4.55938578736668,3.91651866076954,3.27825455131363,2.63583860049684,2.80550828924082,3.04706682294603,,,,Pakistan,CO2
GCAM 5.3,R_MAC_90_n8,PAK,Emissions|CO2|Energy|Demand|Residential and Commercial|Residential,Mt CO2/yr,,,,9.95064745879957,,,12.3650606453636,,,,,14.7833646527709,,16.0692610904905,,,,,14.7463264887377,15.9717459946675,17.4378646222845,19.080602706742,20.53838457059,21.6483628883482,22.0317744742147,21.3702597391639,19.7061884734929,17.3262078538811,15.1173294535965,13.2633836624414,11.8024776940266,10.4457779353634,10.7073171775419,11.0971279150739,,,,Pakistan,CO2
GCAM 5.3,R_MAC_90_n8,PAK,Emissions|CO2|Energy|Demand|Transportation,Mt CO2/yr,,,,29.4919288810842,,,35.9004513636771,,,,,46.1697710639182,,52.853235048656,,,,,54.3574990135127,61.5577575848834,69.8419080845921,79.6681552907128,90.6668193177942,102.63662060347,115.568244763278,127.843162391153,138.837481202334,146.167349810705,148.415697627365,143.047357418058,129.775089811708,111.881663777931,110.021884883691,110.868743811705,,,,Pakistan,CO2
GCAM 5.3,R_MAC_90_n8,PAK,Emissions|CO2|Energy|Supply,Mt CO2/yr,,,,35.8999177169619,,,42.5472102545945,,,,,46.8654432035848,,63.6229827939196,,,,,54.5427634994643,47.6039805082478,38.0720203409913,28.5774755724445,19.3134006572406,10.7013001011878,0.429785004580515,-16.3213602645759,-39.7803646067002,-70.1253576727272,-102.660378649544,-136.583387433324,-176.345846424233,-231.769823814164,-258.155776937765,-283.352648764382,,,,Pakistan,CO2
GCAM 5.3,R_MAC_90_n8,PAK,Emissions|CO2|Energy|Supply|Electricity,Mt CO2/yr,,,,33.3676478200889,,,37.5443694664575,,,,,41.0769126773548,,55.9385580075328,,,,,46.7153176469032,39.0391274650226,29.0509312905484,18.6586236287686,8.01483499316035,-2.19859524066237,-13.97614997515,-31.620212735777,-54.8820376005585,-81.7508789451396,-106.734184442479,-126.649200919717,-144.072378854884,-172.094115360594,-195.296259447888,-218.500564693387,,,,Pakistan,CO2
GCAM 5.3,R_MAC_90_n8,PAK,Emissions|CO2|Energy|Supply|Gases,Mt CO2/yr,,,,1.022186092926,,,3.243067961491,,,,,3.526420653917,,4.46660258512055,,,,,4.65976556683735,5.60389344604133,6.74800837261232,8.06640071765721,9.44461878727863,10.6953178550686,11.8094194916533,12.7684238355664,13.4678073569334,13.9142939186532,14.2127992811484,14.253944426923,13.9718312361559,13.2018410323077,13.6015799292622,13.8850137357919,,,,Pakistan,CO2
GCAM 5.3,R_MAC_90_n8,PAK,Emissions|CO2|Energy|Supply|Liquids,Mt CO2/yr,,,,1.510083803947,,,1.759772826646,,,,,2.262109872313,,3.17294452266671,,,,,3.1363675052951,2.94436212845141,2.27956399189192,1.81914215924136,1.75598152174516,2.02581881082464,2.43841839536508,2.61828901643051,2.09626653787417,-1.09832762508504,-8.42105937498564,-21.8504405923967,-43.2134939631673,-67.981760436493,-71.2514793067673,-73.951252703961,,,,Pakistan,CO2
GCAM 5.3,R_MAC_90_n8,PAK,Emissions|CO2|Energy|Supply|Solids,Mt CO2/yr,,,,0.0,,,0.0,,,,,0.0,,-3.30000030497933e-05,,,,,0.0,-7.33336253227926e-06,-2.93333053978872e-05,-3.66666768356573e-05,-2.56666331318567e-05,0.0,0.0,0.0,-3.66667006775361e-06,0.0,-1.64999584714428e-05,0.0,-3.29999352399707e-06,0.0,-8.06663716214735e-07,-1.94332488727529e-06,,,,Pakistan,CO2
GCAM 5.3,R_MAC_90_n8,PAK,Emissions|CO2|Industrial Processes,Mt CO2/yr,,,,18.6672967489324,,,31.7926724077611,,,,,32.2425356053681,,42.072435068136,,,,,30.5553248477979,33.1544412882678,37.4926896376123,43.5746204696041,49.6760129387449,55.0929862830122,58.5825786167468,60.8561211926597,63.1754168174861,64.7979912784193,64.1886332053826,59.0082718798356,47.3628776841338,31.0500471360264,32.6013477273816,32.7211473748214,,,,Pakistan,CO2
GCAM 5.3,R_MAC_90_n8,PAK,Emissions|N2O|AFOLU,kt N2O/yr,,,,43.305999250667,,,48.357084841711,,,,,52.42958560616,,54.598331447955,,,,,58.496099330501,64.320267837429,71.249886239195,77.854707082139,85.230211256612,84.088841877177,80.046777027598,82.27152036674,85.211871956469,88.195265617719,91.284589873653,94.168586546837,96.695266606076,98.944231364193,99.552969131796,100.109672474104,,,,Pakistan,N2O
GCAM 5.3,R_MAC_95_n0,PAK,Carbon Sequestration|CCS|Biomass,Mt CO2/yr,,,,0.0,,,0.0,,,,,0.0,,0.0,,,,,0.549543040291787,3.09192964541782,8.02247523331586,13.868001663394,19.7083879176715,24.8734250075536,30.4315337571695,38.4247897538291,51.6249620797446,72.7494049102483,99.2401309404959,124.59375117897,147.91558210707,171.426687351546,197.311361996682,212.965395794508,,,,Pakistan,
GCAM 5.3,R_MAC_95_n0,PAK,Emissions|CH4|AFOLU,Mt CH4/yr,,,,3.32077326930029,,,3.86339481722767,,,,,4.44022416226603,,5.05081857859685,,,,,5.46923896841176,6.20486493105388,6.94900742227954,7.73635857090943,8.47493656318749,9.14787089227565,9.85593443909221,10.5010327643568,11.209984709588,11.9526598294882,12.6652966187783,13.2726275830446,13.8179001998617,14.2726859346883,14.6521604429432,14.9022528332868,,,,Pakistan,CH4
GCAM 5.3,R_MAC_95_n0,PAK,Emissions|CO2|AFOLU,Mt CO2/yr,,,,-2.73126287369598,,,9.04140251746979,,,,,-10.2799840800329,,24.4893635949327,,,,,15.1474381190277,8.05508455845018,8.34802987284382,6.05138680143085,4.62406680722339,2.87422622649994,1.189353724119,-2.33770106916692,-4.19159260754199,-4.55447059830835,-3.80032800689817,-3.63282258819549,-3.54321125654555,-3.19508808219217,-1.90753189398608,0.727443137792342,,,,Pakistan,CO2
GCAM 5.3,R_MAC_95_n0,PAK,Emissions|CO2|Energy and Industrial Processes,Mt CO2/yr,,,,130.002750838431,,,155.046716015155,,,,,177.011176315217,,220.381331395218,,,,,199.730769594893,211.211749885946,226.038267379961,247.393422953232,271.735899613213,296.747715163599,318.814964366442,334.84215596947,335.592097621764,321.194596523799,295.922097715737,265.608178695501,231.36739230582,190.686238135669,139.980215097458,129.616668882568,,,,Pakistan,CO2
GCAM 5.3,R_MAC_95_n0,PAK,Emissions|CO2|Energy|Demand,Mt CO2/yr,,,,75.4355363725365,,,80.7068333527991,,,,,97.9031975062637,,114.685913533163,,,,,111.467123052784,125.299199056265,142.814062832948,164.300881262943,187.51967418164,210.279493768332,231.474591454226,251.296336568804,265.846328285002,270.751119800235,270.730641266496,265.623602609227,255.908382388719,242.044884340772,223.638326383052,227.060103578725,,,,Pakistan,CO2
GCAM 5.3,R_MAC_95_n0,PAK,Emissions|CO2|Energy|Demand|Industry,Mt CO2/yr,,,,33.4188974653138,,,29.4583711392478,,,,,32.3986907424804,,41.1445990485244,,,,,37.5944431613083,42.2988730424716,49.1183672131469,57.9121773509811,67.1370024418366,74.8550669914109,79.6340483247143,82.7861584359187,81.7681040335946,73.872661615814,63.017508268998,50.8551162432196,38.8648822574009,28.9358748532995,21.6322635570014,21.1114825409309,,,,Pakistan,CO2
GCAM 5.3,R_MAC_95_n0,PAK,Emissions|CO2|Energy|Demand|Residential and Commercial,Mt CO2/yr,,,,12.5247100261386,,,15.3480108498742,,,,,19.3347356998652,,20.6880794359821,,,,,19.1061036576798,20.794732447887,22.8755624114602,25.3514924862393,27.8256275253852,30.1621725258828,32.1255493829557,33.6200619267795,33.8344484625654,32.2401235059644,29.9888808286212,27.3132476591124,24.5859666956818,22.1227289265792,20.0368071846731,20.6691760028892,,,,Pakistan,CO2
GCAM 5.3,R_MAC_95_n0,PAK,Emissions|CO2|Energy|Demand|Residential and Commercial|Commercial,Mt CO2/yr,,,,2.574062567339,,,2.9829502045106,,,,,4.5513710470943,,4.61881834549162,,,,,4.06192334761019,4.375375758408,4.82040699827384,5.40810090986374,6.02422055716248,6.67098007487575,7.25443354041701,7.75133245022292,7.97981727705726,7.79630361261137,7.496069153706,7.05540222304728,6.52751634709882,5.97082867713972,5.41351330844342,5.77500036443479,,,,Pakistan,CO2
GCAM 5.3,R_MAC_95_n0,PAK,Emissions|CO2|Energy|Demand|Residential and Commercial|Residential,Mt CO2/yr,,,,9.95064745879957,,,12.3650606453636,,,,,14.7833646527709,,16.0692610904905,,,,,15.0441803100696,16.419356689479,18.0551554131863,19.9433915763755,21.8014069682228,23.4911924510071,24.8711158425387,25.8687294765566,25.8546311855081,24.443819893353,22.4928116749152,20.2578454360651,18.058450348583,16.1519002494395,14.6232938762297,14.8941756384544,,,,Pakistan,CO2
GCAM 5.3,R_MAC_95_n0,PAK,Emissions|CO2|Energy|Demand|Transportation,Mt CO2/yr,,,,29.4919288810842,,,35.9004513636771,,,,,46.1697710639182,,52.853235048656,,,,,54.7665762337957,62.2055935659067,70.8201332083414,81.037211425723,92.5570442144186,105.262254251038,119.714993746556,134.890116206106,150.243775788842,164.638334678457,177.724252168877,187.455238706895,192.457533435636,190.986280560893,181.969255641377,185.279445034905,,,,Pakistan,CO2
GCAM 5.3,R_MAC_95_n0,PAK,Emissions|CO2|Energy|Supply,Mt CO2/yr,,,,35.8999177169619,,,42.5472102545945,,,,,46.8654432035848,,63.6229827939196,,,,,56.005925193991,50.7871635223489,43.5224377014556,36.6247601376024,30.5201746789417,25.6110065672819,20.8386798342169,12.657359760161,-4.4358913752032,-26.4417591167957,-54.8144212736884,-81.9746438521752,-106.881974098604,-131.814656603591,-159.094669215021,-174.181399155933,,,,Pakistan,CO2
GCAM 5.3,R_MAC_95_n0,PAK,Emissions|CO2|Energy|Supply|Electricity,Mt CO2/yr,,,,33.3676478200889,,,37.5443694664575,,,,,41.0769126773548,,55.9385580075328,,,,,48.0874708241365,41.9285806507719,33.8521070271485,25.6588217743303,17.7538541166506,10.7644089685689,3.80599745572689,-6.59545821306613,-25.419392222005,-47.852806253519,-75.124547480303,-99.7556959258313,-120.789584888418,-139.701184112963,-157.267184505893,-168.745351787169,,,,Pakistan,CO2
GCAM 5.3,R_MAC_95_n0,PAK,Emissions|CO2|Energy|Supply|Gases,Mt CO2/yr,,,,1.022186092926,,,3.243067961491,,,,,3.526420653917,,4.46660258512055,,,,,4.71091672330446,5.68245815445245,6.86632829409767,8.25285111595344,9.74466436174449,11.1854272294499,12.5721297311799,13.9661478967419,15.0703634898668,15.9158088850065,16.5743203659157,17.0451670359963,17.4072764986306,17.596591201579,17.5527228545326,18.4759155873968,,,,Pakistan,CO2
GCAM 5.3,R_MAC_95_n0,PAK,Emissions|CO2|Energy|Supply|Liquids,Mt CO2/yr,,,,1.510083803947,,,1.759772826646,,,,,2.262109872313,,3.17294452266671,,,,,3.16783008287457,3.13824721187032,2.76993071461595,2.62240414604388,2.83821545769254,3.34355121593501,4.07001054862778,4.90355070834603,5.63916183465553,5.57804299064794,4.22662532089389,1.56451102708618,-2.34344597187411,-8.07790819674395,-17.1312702478938,-21.9575702401112,,,,Pakistan,CO2
GCAM 5.3,R_MAC_95_n0,PAK,Emissions|CO2|Energy|Supply|Solids,Mt CO2/yr,,,,0.0,,,0.0,,,,,0.0,,-3.30000030497933e-05,,,,,0.0,-1.46666566578256e-05,0.0,0.0,-1.46666322403901e-05,-2.19999989490397e-05,0.0,-2.56666437053877e-05,-2.19999591732561e-05,-3.29999250758462e-05,0.0,0.0,-1.35666367304338e-05,0.0,-4.76665599648899e-06,0.0,,,,Pakistan,CO2
GCAM 5.3,R_MAC_95_n0,PAK,Emissions|CO2|Industrial Processes,Mt CO2/yr,,,,18.6672967489324,,,31.7926724077611,,,,,32.2425356053681,,42.072435068136,,,,,32.2577213481177,35.1253873073318,39.7017668455571,46.4677815526865,53.6960507526309,60.8572148279859,66.5016930779989,70.8884596405048,74.1816607119654,76.8852358403589,80.0058777229292,81.9592199384496,82.3409840157047,80.4560103984886,75.4365579294274,76.7379644597757,,,,Pakistan,CO2
GCAM 5.3,R_MAC_95_n0,PAK,Emissions|N2O|AFOLU,kt N2O/yr,,,,43.305999250667,,,48.357084841711,,,,,52.42958560616,,54.598331447955,,,,,58.419457373969,64.061077459964,70.80170417143,77.237778821279,84.498250285897,84.965059424292,80.3397778512549,80.678940057521,83.2313973169881,85.987558903673,88.5099067300061,91.18400381501,93.632027792865,95.891096158987,97.5814538420731,98.097703523564,,,,Pakistan,N2O
GCAM 5.3,R_MAC_95_n8,PAK,Carbon Sequestration|CCS|Biomass,Mt CO2/yr,,,,0.0,,,0.0,,,,,0.0,,0.0,,,,,0.66573150052104,3.72990706908243,9.61063179369372,16.5144159379771,23.5129435308735,30.0065205548653,37.8818904648079,50.5617114625188,69.3356874681771,97.0288209318011,126.179788732889,153.681980513258,183.253758112484,219.67864759714,277.431462933573,306.489836139143,,,,Pakistan,
GCAM 5.3,R_MAC_95_n8,PAK,Emissions|CH4|AFOLU,Mt CH4/yr,,,,3.32077326930029,,,3.86339481722767,,,,,4.44022416226603,,5.05081857859685,,,,,5.46705300228139,6.20204957241472,6.94767394770881,7.72471626293488,8.43847497378105,9.10688512105995,9.79010549034049,10.5131655330332,11.304189492778,12.1118480174727,12.8387543226813,13.4702885976047,13.995684926516,14.4199059810882,14.7735242231447,15.0255660784232,,,,Pakistan,CH4
GCAM 5.3,R_MAC_95_n8,PAK,Emissions|CO2|AFOLU,Mt CO2/yr,,,,-2.73126287369598,,,9.04140251746979,,,,,-10.2799840800329,,24.4893635949327,,,,,15.0725703169783,8.10202603050017,8.01075150217646,5.95381770894478,4.03207466476007,2.6601977557266,0.427424504675657,-3.49364955766392,-5.06389686740821,-4.76525116103367,-4.67256510735395,-4.57730467702425,-4.1690897292098,-3.61753101841022,-2.29328622133948,1.07015604543391,,,,Pakistan,CO2
GCAM 5.3,R_MAC_95_n8,PAK,Emissions|CO2|Energy and Industrial Processes,Mt CO2/yr,,,,130.002750838431,,,155.046716015155,,,,,177.011176315217,,220.381331395218,,,,,196.022894425936,205.445233850292,217.608211359091,235.394505919937,254.789153743693,273.170627388122,285.416274786699,284.882107875513,269.44739485153,237.554261610281,198.215896661827,153.634471908723,98.0039077052147,23.3041274541782,-70.8808606115009,-101.258452223962,,,,Pakistan,CO2
GCAM 5.3,R_MAC_95_n8,PAK,Emissions|CO2|Energy|Demand,Mt CO2/yr,,,,75.4355363725365,,,80.7068333527991,,,,,97.9031975062637,,114.685913533163,,,,,110.012385812304,123.21079282008,139.846857282359,160.046558136692,181.263347211838,201.14230527928,217.755900714108,228.769499866853,232.567751569785,227.22995739953,217.662109544374,204.02019167408,186.015781020092,163.318471993566,142.543103558376,141.779357532664,,,,Pakistan,CO2
GCAM 5.3,R_MAC_95_n8,PAK,Emissions|CO2|Energy|Demand|Industry,Mt CO2/yr,,,,33.4188974653138,,,29.4583711392478,,,,,32.3986907424804,,41.1445990485244,,,,,36.7357279639574,41.1255547989849,47.4629872284327,55.4695967102675,63.4088475407934,69.2526758945422,71.3243297243348,69.180498237881,62.0234139235704,49.6071943031832,36.9590909753036,26.1996258979676,18.2584331886524,12.8247710978638,10.9114420178828,11.7199618548567,,,,Pakistan,CO2
GCAM 5.3,R_MAC_95_n8,PAK,Emissions|CO2|Energy|Demand|Residential and Commercial,Mt CO2/yr,,,,12.5247100261386,,,15.3480108498742,,,,,19.3347356998652,,20.6880794359821,,,,,18.8023986284856,20.3431923890854,22.261304370985,24.5064444255367,26.6136472753604,28.4271884949159,29.499494748102,29.4105524436577,27.9165268292679,25.1747946397177,22.3477242752235,19.6878264494773,17.4676534045277,15.5197019846259,13.6981732516593,14.3006963931457,,,,Pakistan,CO2
GCAM 5.3,R_MAC_95_n8,PAK,Emissions|CO2|Energy|Demand|Residential and Commercial|Commercial,Mt CO2/yr,,,,2.574062567339,,,2.9829502045106,,,,,4.5513710470943,,4.61881834549162,,,,,3.97044288713616,4.24735552942849,4.64849408778468,5.17562337718885,5.69721979621458,6.20842140832784,6.55630804366011,6.64142565090708,6.42829530046133,5.91583476364042,5.34554910300666,4.72801856049181,4.12343994938923,3.48553007018946,2.95543889970924,3.16274557888264,,,,Pakistan,CO2
GCAM 5.3,R_MAC_95_n8,PAK,Emissions|CO2|Energy|Demand|Residential and Commercial|Residential,Mt CO2/yr,,,,9.95064745879957,,,12.3650606453636,,,,,14.7833646527709,,16.0692610904905,,,,,14.8319557413494,16.0958368596569,17.6128102832003,19.3308210483479,20.9164274791459,22.218767086588,22.9431867044419,22.7691267927506,21.4882315288066,19.2589598760772,17.0021751722169,14.9598078889855,13.3442134551385,12.0341719144364,10.7427343519501,11.137950814263,,,,Pakistan,CO2
GCAM 5.3,R_MAC_95_n8,PAK,Emissions|CO2|Energy|Demand|Transportation,Mt CO2/yr,,,,29.4919288810842,,,35.9004513636771,,,,,46.1697710639182,,52.853235048656,,,,,54.4742592198609,61.7420456320101,70.1225656829414,80.0705170008882,91.2408523956839,103.462440889822,116.932076241671,130.178449185314,142.627810816947,152.447968456629,158.355294293847,158.132739326635,150.289694426912,134.973998911077,117.933488288834,115.758699284661,,,,Pakistan,CO2
GCAM 5.3,R_MAC_95_n8,PAK,Emissions|CO2|Energy|Supply,Mt CO2/yr,,,,35.8999177169619,,,42.5472102545945,,,,,46.8654432035848,,63.6229827939196,,,,,54.977397788996,48.5437085639598,39.6742541079127,30.9724864067526,22.7036969670531,15.259497541409,6.7700824588954,-7.48025116394572,-29.280328376531,-58.1619326400732,-88.97931918329,-118.026599198635,-149.540203651038,-188.465474210752,-249.640916797844,-279.419473416821,,,,Pakistan,CO2
GCAM 5.3,R_MAC_95_n8,PAK,Emissions|CO2|Energy|Supply|Electricity,Mt CO2/yr,,,,33.3676478200889,,,37.5443694664575,,,,,41.0769126773548,,55.9385580075328,,,,,47.12495020147,39.8944067997741,30.462866719355,20.741280585459,10.9578489697477,1.75410928927197,-8.49211878539225,-24.1222941158683,-46.4357361313584,-73.2301430551985,-99.1139230105403,-119.447103131194,-136.858131676378,-153.218413598619,-194.833591771361,-221.511657851386,,,,Pakistan,CO2
GCAM 5.3,R_MAC_95_n8,PAK,Emissions|CO2|Energy|Supply|Gases,Mt CO2/yr,,,,1.022186092926,,,3.243067961491,,,,,3.526420653917,,4.46660258512055,,,,,4.67461196184247,5.62637191353476,6.7824266911499,8.12149474029765,9.53669813787638,10.8474573771286,12.054438147826,13.1461866979434,13.9537607709666,14.5149433087196,14.9326864188957,15.1816313965431,15.1970156242091,14.8824431561392,13.763389906322,14.0613074597671,,,,Pakistan,CO2
GCAM 5.3,R_MAC_95_n8,PAK,Emissions|CO2|Energy|Supply|Liquids,Mt CO2/yr,,,,1.510083803947,,,1.759772826646,,,,,2.262109872313,,3.17294452266671,,,,,3.14408011609139,3.0000907306043,2.42353482582663,2.05921839966651,2.08498227127812,2.43498341340709,2.97061518422327,3.4182640283716,3.41375871344402,1.40388266666054,-3.4940804190541,-12.0040541512706,-25.5979152930638,-47.193996460161,-62.0370300900556,-66.4533686278905,,,,Pakistan,CO2
GCAM 5.3,R_MAC_95_n8,PAK,Emissions|CO2|Energy|Supply|Solids,Mt CO2/yr,,,,0.0,,,0.0,,,,,0.0,,-3.30000030497933e-05,,,,,0.0,0.0,-3.66667504496073e-06,-1.83333045396406e-05,-1.10000093688008e-05,-1.83333118165446e-05,-7.33332707483937e-06,0.0,-4.03332280815834e-05,0.0,-1.28332996055402e-05,0.0,0.0,0.0,-9.53332047851701e-07,-1.35665806220968e-06,,,,Pakistan,CO2
GCAM 5.3,R_MAC_95_n8,PAK,Emissions|CO2|Industrial Processes,Mt CO2/yr,,,,18.6672967489324,,,31.7926724077611,,,,,32.2425356053681,,42.072435068136,,,,,31.0331108246365,33.6907324662519,38.0870999688195,44.3754613764915,50.8221095648019,56.768824567433,60.8902916136951,63.5928591726061,66.159971658276,68.4862368508244,69.5331063007422,67.6408794332788,61.5283303361607,48.4511296713643,36.2169526279664,36.3816636601948,,,,Pakistan,CO2
GCAM 5.3,R_MAC_95_n8,PAK,Emissions|N2O|AFOLU,kt N2O/yr,,,,43.305999250667,,,48.357084841711,,,,,52.42958560616,,54.598331447955,,,,,58.47131907881,64.249703169747,71.129216801215,77.6890868394101,85.139870126571,84.413239201103,79.764865501526,81.707936021746,84.662628078456,87.4063233868249,90.5021900436169,93.289030487786,95.878492684948,98.095997292749,99.7560978655359,100.143844680665,,,,Pakistan,N2O
GCAM 5.3,R_MAC_99_n0,PAK,Carbon Sequestration|CCS|Biomass,Mt CO2/yr,,,,0.0,,,0.0,,,,,0.0,,0.0,,,,,0.518363214790591,2.91295714681426,7.55870996248872,13.1044455333131,18.6331420255885,23.4705904983565,28.5100072541519,35.4352430613854,46.7652085767822,65.0479058561121,90.2828989275355,115.499570319193,138.883172811475,161.414557207983,184.904761748356,212.941605534421,,,,Pakistan,
GCAM 5.3,R_MAC_99_n0,PAK,Emissions|CH4|AFOLU,Mt CH4/yr,,,,3.32077326930029,,,3.86339481722767,,,,,4.44022416226603,,5.05081857859685,,,,,5.46991121206583,6.20538619719317,6.95094277947601,7.73918565050231,8.48424826852862,9.156159584324,9.87021552712626,10.5125284738036,11.1914064114647,11.9197412652866,12.6229776194819,13.2251461707123,13.7565152817185,14.2125457588802,14.5968292523009,14.910766527278,,,,Pakistan,CH4
GCAM 5.3,R_MAC_99_n0,PAK,Emissions|CO2|AFOLU,Mt CO2/yr,,,,-2.73126287369598,,,9.04140251746979,,,,,-10.2799840800329,,24.4893635949327,,,,,15.1704114059943,8.06052869709519,8.34968858594378,6.15178916715751,4.80527950882008,2.92967759551327,1.37324515517566,-1.98384330415891,-3.88026559830222,-4.35220191527361,-3.69182506531989,-3.43615592723344,-3.28799272271173,-2.97255692342389,-1.91626359062773,-1.42263545833316,,,,Pakistan,CO2
GCAM 5.3,R_MAC_99_n0,PAK,Emissions|CO2|Energy and Industrial Processes,Mt CO2/yr,,,,130.002750838431,,,155.046716015155,,,,,177.011176315217,,220.381331395218,,,,,200.876832434188,213.031477895459,228.71091495121,251.10262355981,276.83010217977,303.584577514581,328.169728054587,348.576299041826,354.968817331331,347.800092846485,326.701303733052,299.9873016062,269.110076139057,233.009338362818,189.677702671269,136.278749504328,,,,Pakistan,CO2
GCAM 5.3,R_MAC_99_n0,PAK,Emissions|CO2|Energy|Demand,Mt CO2/yr,,,,75.4355363725365,,,80.7068333527991,,,,,97.9031975062637,,114.685913533163,,,,,111.917975458994,125.967154201786,143.759365265241,165.624312131998,189.389025652797,212.850800073068,235.163389458449,257.129859815086,275.023666999566,283.810351655593,286.6413895228,284.628782969565,277.733715230338,266.319011451169,250.507537095381,232.12816421397,,,,Pakistan,CO2
GCAM 5.3,R_MAC_99_n0,PAK,Emissions|CO2|Energy|Demand|Industry,Mt CO2/yr,,,,33.4188974653138,,,29.4583711392478,,,,,32.3986907424804,,41.1445990485244,,,,,37.8598036732638,42.6775428912865,49.6497627371031,58.6770438441933,68.2542261217728,76.4196701160413,81.8751465081017,86.3228203703732,87.3246073663365,81.5435173639688,71.7047454705072,60.0985208727361,47.7466408946551,36.472319124423,27.4926912551172,20.9987943035907,,,,Pakistan,CO2
GCAM 5.3,R_MAC_99_n0,PAK,Emissions|CO2|Energy|Demand|Residential and Commercial,Mt CO2/yr,,,,12.5247100261386,,,15.3480108498742,,,,,19.3347356998652,,20.6880794359821,,,,,19.2003569277841,20.9374461551993,23.0711270156873,25.6139682382826,28.1894855655607,30.661429090774,32.8378416804304,34.7382124471862,35.5549898900948,34.5561503372127,32.569570132783,30.0654806839685,27.332120869695,24.6537282648239,22.2919899654865,20.5643118610358,,,,Pakistan,CO2
GCAM 5.3,R_MAC_99_n0,PAK,Emissions|CO2|Energy|Demand|Residential and Commercial|Commercial,Mt CO2/yr,,,,2.574062567339,,,2.9829502045106,,,,,4.5513710470943,,4.61881834549162,,,,,4.09040784336368,4.41608226207701,4.87544721772383,5.48074428810872,6.12306510768966,6.80529737147718,7.44638028687887,8.05151607018271,8.43507612233597,8.40719827933144,8.1987085648766,7.84674404826744,7.37928594759472,6.83560807355944,6.27620044584107,5.77524972317607,,,,Pakistan,CO2
GCAM 5.3,R_MAC_99_n0,PAK,Emissions|CO2|Energy|Demand|Residential and Commercial|Residential,Mt CO2/yr,,,,9.95064745879957,,,12.3650606453636,,,,,14.7833646527709,,16.0692610904905,,,,,15.1099490844204,16.5213638931223,18.1956797979635,20.1332239501739,22.066420457871,23.8561317192968,25.3914613935515,26.6866963770035,27.1199137677588,26.1489520578813,24.3708615679064,22.2187366357011,19.9528349221003,17.8181201912645,16.0157895196454,14.7890621378597,,,,Pakistan,CO2
GCAM 5.3,R_MAC_99_n0,PAK,Emissions|CO2|Energy|Demand|Transportation,Mt CO2/yr,,,,29.4919288810842,,,35.9004513636771,,,,,46.1697710639182,,52.853235048656,,,,,54.8578148579458,62.3521651553005,71.0384755124503,81.3333000495216,92.9453139654632,105.769700866252,120.450401269917,136.068826997526,152.144069743135,167.710683954412,182.36707391951,194.464781412861,202.654953465988,205.192964061922,200.722855874778,190.565058049344,,,,Pakistan,CO2
GCAM 5.3,R_MAC_99_n0,PAK,Emissions|CO2|Energy|Supply,Mt CO2/yr,,,,35.8999177169619,,,42.5472102545945,,,,,46.8654432035848,,63.6229827939196,,,,,56.3112123838809,51.4623540233233,44.694354670857,38.3214475303501,32.8270690029382,28.614293573535,24.8063716176699,18.2487078575823,3.02275750526462,-15.7687105592775,-42.887962823553,-70.1473870594411,-95.4799978573238,-119.627054949425,-144.400858317124,-173.880712371803,,,,Pakistan,CO2
GCAM 5.3,R_MAC_99_n0,PAK,Emissions|CO2|Energy|Supply|Electricity,Mt CO2/yr,,,,33.3676478200889,,,37.5443694664575,,,,,41.0769126773548,,55.9385580075328,,,,,48.3713880196961,42.5379969839192,34.8836039713833,27.1346462163972,19.7608289072911,13.3827034777595,7.29000003671304,-1.66105273334449,-18.8990396140463,-38.7030368822577,-65.4491380346045,-91.1573077778438,-113.937187465847,-134.00975888233,-152.348883538384,-172.326388933691,,,,Pakistan,CO2
GCAM 5.3,R_MAC_99_n0,PAK,Emissions|CO2|Energy|Supply|Gases,Mt CO2/yr,,,,1.022186092926,,,3.243067961491,,,,,3.526420653917,,4.46660258512055,,,,,4.72203510909048,5.69989726321854,6.89176338925405,8.29232849257019,9.80557960515884,11.2815021381376,12.7127005804734,14.1823559948158,15.3750002928264,16.3335973058914,17.0677010514026,17.6021398289784,18.00994936186,18.2477643723366,18.3286957271929,18.3078274328046,,,,Pakistan,CO2
GCAM 5.3,R_MAC_99_n0,PAK,Emissions|CO2|Energy|Supply|Liquids,Mt CO2/yr,,,,1.510083803947,,,1.759772826646,,,,,2.262109872313,,3.17294452266671,,,,,3.17628108293286,3.18193680140741,2.87601820017933,2.79178919411233,3.05997263496984,3.60578960114378,4.37338230064956,5.27211250572463,6.14573719567815,6.46178070598706,5.7440539026946,3.99329442745009,1.33442277736507,-2.55376538447529,-8.50159622191393,-17.5323581585657,,,,Pakistan,CO2
GCAM 5.3,R_MAC_99_n0,PAK,Emissions|CO2|Energy|Supply|Solids,Mt CO2/yr,,,,0.0,,,0.0,,,,,0.0,,-3.30000030497933e-05,,,,,-1.83333190517952e-05,-7.33335015427147e-06,-1.83332912117827e-05,-9.16665330998404e-05,-0.0001539996285253,-0.0001099997413326,-0.0001026664835176,-3.29999507403152e-05,0.0,0.0,-2.56666623427627e-05,0.0,-5.49997671355017e-05,-2.56666733459447e-06,0.0,-5.13332203802893e-06,,,,Pakistan,CO2
GCAM 5.3,R_MAC_99_n0,PAK,Emissions|CO2|Industrial Processes,Mt CO2/yr,,,,18.6672967489324,,,31.7926724077611,,,,,32.2425356053681,,42.072435068136,,,,,32.6476445913133,35.6019696703495,40.2571950151124,47.1568638974624,54.6140075240355,62.1194838679788,68.1999669784679,73.1977313691579,76.9223928265002,79.7584517501695,82.9478770338045,85.5059056960755,86.8563587660436,86.3173818610735,83.5710238930121,78.0312976621616,,,,Pakistan,CO2
GCAM 5.3,R_MAC_99_n0,PAK,Emissions|N2O|AFOLU,kt N2O/yr,,,,43.305999250667,,,48.357084841711,,,,,52.42958560616,,54.598331447955,,,,,58.402121006211,63.999262294505,70.694675626697,77.0847892463961,84.2627391214669,85.046489127047,80.6317072996909,80.425032705995,82.839381629011,85.585461808804,87.958923977824,90.560498493086,92.9460913421811,95.109544659612,96.854146879597,98.319706592303,,,,Pakistan,N2O
GCAM 5.3,R_MAC_99_n8,PAK,Carbon Sequestration|CCS|Biomass,Mt CO2/yr,,,,0.0,,,0.0,,,,,0.0,,0.0,,,,,0.62106170646015,3.4898837839288,9.02444434373729,15.529082855068,22.0800798806131,28.0420989869482,34.9486845931529,45.7612280714446,62.5204122652733,88.5010145772127,116.707240109415,142.656662557353,168.368992871154,197.803023228817,233.854086068827,299.23920943358,,,,Pakistan,
GCAM 5.3,R_MAC_99_n8,PAK,Emissions|CH4|AFOLU,Mt CH4/yr,,,,3.32077326930029,,,3.86339481722767,,,,,4.44022416226603,,5.05081857859685,,,,,5.46775519191064,6.20323815373274,6.94833380069606,7.72916248892831,8.45285020171121,9.12560183277634,9.80431305980779,10.4950967736632,11.2644918069788,12.018972754149,12.76506326927,13.4011313158473,13.9385406135772,14.3758089419513,14.7353179980394,15.0314235254925,,,,Pakistan,CH4
GCAM 5.3,R_MAC_99_n8,PAK,Emissions|CO2|AFOLU,Mt CO2/yr,,,,-2.73126287369598,,,9.04140251746979,,,,,-10.2799840800329,,24.4893635949327,,,,,15.0993069904876,8.07609718889308,8.13831187321714,5.99111147947417,4.26090221943006,2.74893389710328,0.730453154834322,-3.07698745624792,-4.76755456639412,-4.85148691670312,-4.19072606445353,-4.19622031160602,-3.98071177207183,-3.52514903691275,-1.93112485747206,-1.31398568028001,,,,Pakistan,CO2
GCAM 5.3,R_MAC_99_n8,PAK,Emissions|CO2|Energy and Industrial Processes,Mt CO2/yr,,,,130.002750838431,,,155.046716015155,,,,,177.011176315217,,220.381331395218,,,,,197.355812545004,207.497662112363,220.602902157541,239.723077890571,260.999638695366,281.979800444623,298.084668541245,303.696335868092,293.851514372813,267.212575886001,233.358891602763,194.882886832063,150.00679428974,92.1730071305343,14.8314779606984,-81.9868867076649,,,,Pakistan,CO2
GCAM 5.3,R_MAC_99_n8,PAK,Emissions|CO2|Energy|Demand,Mt CO2/yr,,,,75.4355363725365,,,80.7068333527991,,,,,97.9031975062637,,114.685913533163,,,,,110.534457714105,123.949070380994,140.897514338101,161.577576911892,183.562493797021,204.616441436403,223.068662199377,237.477588065731,245.069596494862,243.031790348102,236.963152012192,225.999351017456,211.181059816516,191.900752424022,167.70342069266,149.158204491391,,,,Pakistan,CO2
GCAM 5.3,R_MAC_99_n8,PAK,Emissions|CO2|Energy|Demand|Industry,Mt CO2/yr,,,,33.4188974653138,,,29.4583711392478,,,,,32.3986907424804,,41.1445990485244,,,,,37.0442327161885,41.5386627082704,48.0471902769028,56.346216146663,64.7753916484308,71.3949540913173,74.5372798372652,74.4251995920419,69.3648835123918,58.1387864158311,45.8419185086149,33.9311033412211,24.3479382450282,17.6065925210548,12.7800983180022,11.6562092074698,,,,Pakistan,CO2
GCAM 5.3,R_MAC_99_n8,PAK,Emissions|CO2|Energy|Demand|Residential and Commercial,Mt CO2/yr,,,,12.5247100261386,,,15.3480108498742,,,,,19.3347356998652,,20.6880794359821,,,,,18.9113932774556,20.5036623628148,22.4787806863029,24.8103137945521,27.0585836685468,29.0772735717093,30.5111892221265,31.01454813989,30.0762024412899,27.6165352293464,24.9567820163423,22.1743799761444,19.7564495908826,17.7430023603466,15.8627698961146,14.4335262541285,,,,Pakistan,CO2
GCAM 5.3,R_MAC_99_n8,PAK,Emissions|CO2|Energy|Demand|Residential and Commercial|Commercial,Mt CO2/yr,,,,2.574062567339,,,2.9829502045106,,,,,4.5513710470943,,4.61881834549162,,,,,4.003210803154,4.29270993068962,4.70918142385966,5.25900548415685,5.81688359400491,6.38100946968347,6.82358047247269,7.06110074616436,6.99186395276216,6.57101424761745,6.09480574218624,5.51312603135808,4.92862900125687,4.34703074211577,3.69281299842795,3.28065433401943,,,,Pakistan,CO2
GCAM 5.3,R_MAC_99_n8,PAK,Emissions|CO2|Energy|Demand|Residential and Commercial|Residential,Mt CO2/yr,,,,9.95064745879957,,,12.3650606453636,,,,,14.7833646527709,,16.0692610904905,,,,,14.9081824743016,16.2109524321252,17.7695992624432,19.5513083103952,21.2417000745419,22.6962641020258,23.6876087496538,23.9534473937256,23.0843384885277,21.0455209817289,18.861976274156,16.6612539447863,14.8278205896257,13.3959716182308,12.1699568976866,11.1528719201091,,,,Pakistan,CO2
GCAM 5.3,R_MAC_99_n8,PAK,Emissions|CO2|Energy|Demand|Transportation,Mt CO2/yr,,,,29.4919288810842,,,35.9004513636771,,,,,46.1697710639182,,52.853235048656,,,,,54.5788317204606,61.9067453099083,70.3715433748957,80.4210469706769,91.7285184800438,104.144213773377,118.020193139985,132.037840333799,145.62851054118,157.276468702924,166.164451487235,169.89386770009,167.076671980605,156.551157542621,139.060552478543,123.068469029793,,,,Pakistan,CO2
GCAM 5.3,R_MAC_99_n8,PAK,Emissions|CO2|Energy|Supply,Mt CO2/yr,,,,35.8999177169619,,,42.5472102545945,,,,,46.8654432035848,,63.6229827939196,,,,,55.3547605896483,49.3609643588431,41.067147213972,33.03899841402,25.591735719803,19.1159453087112,12.0821687662686,0.0742618932073608,-20.1307281605038,-47.3059470858692,-77.2288776877362,-104.6318190843,-131.862788964224,-163.088329788667,-201.447576705115,-270.817784751551,,,,Pakistan,CO2
GCAM 5.3,R_MAC_99_n8,PAK,Emissions|CO2|Energy|Supply|Electricity,Mt CO2/yr,,,,33.3676478200889,,,37.5443694664575,,,,,41.0769126773548,,55.9385580075328,,,,,47.4791776755518,40.636925953259,31.6901247232373,22.5389700955991,13.4674972214779,5.10623227373039,-3.86361962533833,-17.6058517406384,-38.835109184958,-64.9300995669452,-91.6354230164524,-113.317456812724,-131.632979201748,-148.513008375335,-163.832032172058,-219.427815933307,,,,Pakistan,CO2
GCAM 5.3,R_MAC_99_n8,PAK,Emissions|CO2|Energy|Supply|Gases,Mt CO2/yr,,,,1.022186092926,,,3.243067961491,,,,,3.526420653917,,4.46660258512055,,,,,4.68777917424032,5.64651905684284,6.81276445970435,8.16942133227254,9.61385474129452,10.9752761799604,12.2536277905066,13.4608258331365,14.3712956401924,15.0250243389773,15.5376905335441,15.8798640726548,16.0816468752027,16.0267245380273,15.5440594946318,14.2560075601029,,,,Pakistan,CO2
GCAM 5.3,R_MAC_99_n8,PAK,Emissions|CO2|Energy|Supply|Liquids,Mt CO2/yr,,,,1.510083803947,,,1.759772826646,,,,,2.262109872313,,3.17294452266671,,,,,3.15192898613472,3.04926329361378,2.54855187525061,2.2653465424955,2.36411032984381,2.77552702336542,3.39412053363085,4.01716876156355,4.35027366238189,3.17104463410027,-0.136362548398385,-5.81648632817633,-14.4977457332769,-28.2234316204861,-50.1057091660311,-58.7649433469016,,,,Pakistan,CO2
GCAM 5.3,R_MAC_99_n8,PAK,Emissions|CO2|Energy|Supply|Solids,Mt CO2/yr,,,,0.0,,,0.0,,,,,0.0,,-3.30000030497933e-05,,,,,-3.66666792810675e-05,-1.46666192209356e-05,-1.10000168461981e-05,0.0,0.0,0.0,0.0,-3.66666884965017e-06,-4.03333489471744e-05,0.0,-7.33333344684662e-06,-1.31999666863969e-05,0.0,-7.33333028363396e-07,0.0,-4.40000638478604e-07,,,,Pakistan,CO2
GCAM 5.3,R_MAC_99_n8,PAK,Emissions|CO2|Industrial Processes,Mt CO2/yr,,,,18.6672967489324,,,31.7926724077611,,,,,32.2425356053681,,42.072435068136,,,,,31.4665942412507,34.1876273725266,38.6382406054677,45.1065025646587,51.8454091785415,58.2474136995086,62.9338375756,66.1444859091539,68.9126460384548,71.4867326237684,73.6246172783075,73.515354898907,70.6885234374483,63.3605844951785,48.5756339731532,39.6726935524954,,,,Pakistan,CO2
GCAM 5.3,R_MAC_99_n8,PAK,Emissions|N2O|AFOLU,kt N2O/yr,,,,43.305999250667,,,48.357084841711,,,,,52.42958560616,,54.598331447955,,,,,58.452377154882,64.183860618335,71.015640292949,77.533893820187,84.923335597272,84.7066673320519,79.544250425762,81.2549253666231,84.164251335433,86.911400471085,89.761177816071,92.513264801188,95.095833853351,97.360371948363,98.935585477719,100.253002147914,,,,Pakistan,N2O
GCAM 5.3,SSP1-DACCS-1p9-3pctHR,PAK,Carbon Sequestration|CCS|Biomass,Mt CO2/yr,,,,0.0,,,0.0,,,,,0.0,,0.0,,,,,0.592808387225,1.38089348553576,4.14493866514591,10.2256867131078,14.2104909005627,14.0683678983191,13.642619508264,12.5889754313595,11.2793259586699,9.6014931443179,7.57328630010301,5.82303269493806,5.10099785744894,4.5457471683223,4.28296082020181,4.06227710465538,,,,Pakistan,
GCAM 5.3,SSP1-DACCS-1p9-3pctHR,PAK,Carbon Sequestration|Direct Air Capture,Mt CO2/yr,,,,0.0,,,0.0,,,,,0.0,,0.0,,,,,1.2062553759929e-05,0.0009473440661221,0.0015965195018047,0.0021734406609188,0.0018860604281266,0.0014624805662861,0.0013552338565364,0.0005578272840449,0.0001580707110367,4.7446007313273e-05,1.2130614102783e-05,3.0738223127717e-06,9.3876956534268e-07,3.2624033965821e-07,1.48687871517078e-07,5.888670868667e-08,,,,Pakistan,
GCAM 5.3,SSP1-DACCS-1p9-3pctHR,PAK,Emissions|CH4|AFOLU,Mt CH4/yr,,,,3.42240463351875,,,4.00356026976805,,,,,4.65046271265614,,4.99797171392319,,,,,5.18975429723004,5.44715688157296,5.75816564426307,6.06160211687579,6.31670105299174,6.52849956322433,6.71697914254697,6.88345561565968,7.02227720005921,7.12537376843604,7.17521987775008,7.17368264204308,7.1289264970054,7.04490199922183,6.92734231472371,6.78272074535474,,,,Pakistan,CH4
GCAM 5.3,SSP1-DACCS-1p9-3pctHR,PAK,Emissions|CO2|AFOLU,Mt CO2/yr,,,,-11.8150074845592,,,-0.372740100013093,,,,,-17.1336747724246,,-5.62106495859531,,,,,-1.8525831755646,-7.96370486936939,-7.21788591397204,-7.79889685716524,-6.5586510148921,-5.87972884189048,-5.26035242432369,-7.24736318781679,-7.16864803010209,-7.37220365103776,-6.78072003419402,-6.17840754510616,-5.41607335560313,-3.84026677361242,-1.73164877019564,-0.412662036906525,,,,Pakistan,CO2
GCAM 5.3,SSP1-DACCS-1p9-3pctHR,PAK,Emissions|CO2|Energy and Industrial Processes,Mt CO2/yr,,,,130.003692768516,,,155.04717720853,,,,,177.7510535058,,195.100082611741,,,,,155.962763880555,165.148394149394,170.296592023703,171.221586781566,175.484643368524,180.249935544658,181.460095891306,181.686473636283,179.230333753449,175.768129414559,170.258215095532,161.756060745066,150.841835787846,138.780201653726,126.117942135615,113.794271792018,,,,Pakistan,CO2
GCAM 5.3,SSP1-DACCS-1p9-3pctHR,PAK,Emissions|CO2|Energy|Demand,Mt CO2/yr,,,,76.3328027874395,,,81.6718117405244,,,,,99.5837812741016,,101.755591759248,,,,,88.0366069763725,93.6837578923126,98.2475467131431,101.669783564848,105.76346394955,109.246178528273,111.314038105341,112.431131696012,111.390518288882,109.106376160828,103.845855164827,95.7626267085007,87.4042684425079,79.1099701807308,70.9166564182646,63.2516487593476,,,,Pakistan,CO2
GCAM 5.3,SSP1-DACCS-1p9-3pctHR,PAK,Emissions|CO2|Energy|Demand|Industry,Mt CO2/yr,,,,34.3157275468438,,,30.4228512269278,,,,,33.3353352029121,,35.1328061073499,,,,,27.3761096396239,31.050269427852,34.5162598495219,36.9861817130311,38.6297166813363,38.9754061737431,36.9986227870602,34.2881699028962,30.4586439532046,26.190194510187,21.4894598422894,17.1107422581311,13.5392328515121,10.5522143922451,8.02505118777973,5.91195222775992,,,,Pakistan,CO2
GCAM 5.3,SSP1-DACCS-1p9-3pctHR,PAK,Emissions|CO2|Energy|Demand|Residential and Commercial,Mt CO2/yr,,,,12.5247026928046,,,15.3480108498742,,,,,19.3347317396401,,19.4156071708036,,,,,16.648314018763,18.8552761588362,20.5935558041902,21.7825981107456,22.7727974426762,23.3708538881591,23.45101327769,23.0873468801389,22.344219679108,21.6027671918126,20.6638390795576,19.5417870956305,18.4452088712824,17.3361637733266,16.213645357533,15.2962889808872,,,,Pakistan,CO2
GCAM 5.3,SSP1-DACCS-1p9-3pctHR,PAK,Emissions|CO2|Energy|Demand|Residential and Commercial|Commercial,Mt CO2/yr,,,,2.574058900672,,,2.9829502045106,,,,,4.5513673804273,,4.28964982217651,,,,,3.47835805200344,4.048744659948,4.48872937083968,4.84643526394344,5.29647837312267,5.82443549156712,6.23201612680703,6.47691041509131,6.56363759472433,6.59423585620352,6.47829578031678,6.21384820154791,5.92518987991562,5.60120244028795,5.24528862689854,4.92118077850511,,,,Pakistan,CO2
GCAM 5.3,SSP1-DACCS-1p9-3pctHR,PAK,Emissions|CO2|Energy|Demand|Residential and Commercial|Residential,Mt CO2/yr,,,,9.95064379213257,,,12.3650606453636,,,,,14.7833643592128,,15.1259573486271,,,,,13.1699559667596,14.8065314988882,16.1048264333506,16.9361628468022,17.4763190695535,17.546418396592,17.218997150883,16.6104364650476,15.7805820843837,15.0085313356091,14.1855432992408,13.3279388940825,12.5200189913668,11.7349613330387,10.9683567306345,10.3751082023821,,,,Pakistan,CO2
GCAM 5.3,SSP1-DACCS-1p9-3pctHR,PAK,Emissions|CO2|Energy|Demand|Transportation,Mt CO2/yr,,,,29.4923725477912,,,35.9009496637224,,,,,46.9137143315494,,47.2071784810943,,,,,44.0121833179855,43.7782123056244,43.137731059431,42.9010037410713,44.3609498255379,46.8999184663707,50.8644020405904,55.0556149129773,58.5876546565692,61.3134144588289,61.6925562429803,59.1100973547392,55.4198267197134,51.221592015159,46.6779598729519,42.0434075507005,,,,Pakistan,CO2
GCAM 5.3,SSP1-DACCS-1p9-3pctHR,PAK,Emissions|CO2|Energy|Supply,Mt CO2/yr,,,,35.9004856470135,,,42.5471731479245,,,,,46.8613867501732,,53.1104360259855,,,,,39.4766180829164,38.8798593293239,35.3971830950458,29.729148326567,26.1323063394553,24.515084544965,22.3159346124122,21.2993597469458,20.5817866087523,20.3504707247281,20.9607743130911,21.8550622227332,21.7759287246864,21.276920480833,20.2932735169677,19.0376028420356,,,,Pakistan,CO2
GCAM 5.3,SSP1-DACCS-1p9-3pctHR,PAK,Emissions|CO2|Energy|Supply|Electricity,Mt CO2/yr,,,,33.3681900834715,,,37.5443176931195,,,,,41.0729918906222,,46.6415666247824,,,,,33.3653833335436,32.2484688298917,29.4053147454943,26.2373122942674,24.4559907286205,23.5820309027699,21.8734699397197,20.815527454969,19.4183029379416,17.6957910690059,16.6649026613159,16.6346547991739,16.1463378734687,15.5151652653734,14.6557631429518,13.4248191676325,,,,Pakistan,CO2
GCAM 5.3,SSP1-DACCS-1p9-3pctHR,PAK,Emissions|CO2|Energy|Supply|Gases,Mt CO2/yr,,,,1.02219342626,,,3.243075294825,,,,,3.526325320575,,4.12228324683571,,,,,3.91839856054052,4.46334053958464,5.10881622655052,5.71512887826405,6.13175325815479,6.08737124626099,5.84191722503907,5.65424205644703,5.43801832177471,5.22592852604452,5.08119857363357,4.9854539166623,4.81212638085483,4.56188171641276,4.28497341743341,4.00051542182673,,,,Pakistan,CO2
GCAM 5.3,SSP1-DACCS-1p9-3pctHR,PAK,Emissions|CO2|Energy|Supply|Liquids,Mt CO2/yr,,,,1.510102137282,,,1.75978015998,,,,,2.262069538976,,2.31264211303354,,,,,2.1660802760345,2.13564767331362,0.854108602771545,-2.26439800307423,-4.58268917966536,-5.37561926111297,-5.63054501076644,-5.39499424956388,-4.47644007803692,-2.73560774151663,-0.914240223031931,0.135501693593724,0.743631708012567,1.1469762333899,1.31653873978357,1.58794466032111,,,,Pakistan,CO2
GCAM 5.3,SSP1-DACCS-1p9-3pctHR,PAK,Emissions|CO2|Energy|Supply|Solids,Mt CO2/yr,,,,0.0,,,0.0,,,,,0.0,,0.0,,,,,0.0,0.0,-7.69997038324924e-05,-7.33333354822629e-05,-1.09999914160291e-05,-0.0001173332084497,0.0,-1.83333158556349e-05,-2.93333110377344e-05,0.0,-1.83333409968705e-05,0.0,-2.56666617223932e-06,-1.09999834361345e-06,-2.19999547641447e-06,0.0,,,,Pakistan,CO2
GCAM 5.3,SSP1-DACCS-1p9-3pctHR,PAK,Emissions|CO2|Industrial Processes,Mt CO2/yr,,,,17.7704043340634,,,30.8281923200811,,,,,31.3058854815256,,40.2340548265073,,,,,28.4495390276765,32.5847854860212,36.6518754545021,39.8226700421619,43.5888829016648,46.4886775126805,47.8301262269177,47.9559830353091,47.2580290161363,46.3112825622931,45.4515856235809,44.1383718149115,41.6616386206522,38.3933109921625,34.9080122003826,31.5050201906347,,,,Pakistan,CO2
GCAM 5.3,SSP1-DACCS-1p9-3pctHR,PAK,Emissions|N2O|AFOLU,kt N2O/yr,,,,133.233032421436,,,155.807722743107,,,,,166.037856784112,,175.979042059404,,,,,186.647696969518,195.547583494881,210.569538587045,225.328063103809,237.682652517747,245.43733567644,248.750150157353,251.182173875724,253.289193471983,255.227155463763,255.998971537951,255.848653878124,254.729912064242,252.478398523078,249.581496352884,245.656071878515,,,,Pakistan,N2O
GCAM 5.3,SSP1-DACCS-2p6-3pctHR,PAK,Carbon Sequestration|CCS|Biomass,Mt CO2/yr,,,,0.0,,,0.0,,,,,0.0,,0.0,,,,,0.064062124823829,0.280514009434605,1.00119582575113,2.44938715460487,4.4647089838826,6.26675245311138,7.7678329367499,8.8769916203125,10.0557706714542,11.7262237816306,13.9633977991124,15.8869605292436,17.3132925253895,16.865988504124,15.9074596878915,14.1366113280669,,,,Pakistan,
GCAM 5.3,SSP1-DACCS-2p6-3pctHR,PAK,Carbon Sequestration|Direct Air Capture,Mt CO2/yr,,,,0.0,,,0.0,,,,,0.0,,0.0,,,,,2.63023968244601e-06,0.0001892299958693,0.00030070389967,0.000426001475394,0.0005977159276711,0.0008126750138795,0.0009711291482844,0.0009742566319021,0.000760452179132,0.0006432015918062,0.000582003489576,0.0005723450853647,0.0006415291883208,9.656108877828e-05,1.8473434679403e-05,4.2328264181357e-06,,,,Pakistan,
GCAM 5.3,SSP1-DACCS-2p6-3pctHR,PAK,Emissions|CH4|AFOLU,Mt CH4/yr,,,,3.42240463351875,,,4.00356026976805,,,,,4.65046271265614,,4.9979728141505,,,,,5.22010144257847,5.48574307031526,5.80104285513085,6.13184746910072,6.45678960394175,6.73843631464998,6.93603887828936,7.08075593061538,7.17792486283537,7.19775188151361,7.20211619681672,7.1766215928197,7.11140989843071,7.02364837378993,6.90608158281292,6.7593512484056,,,,Pakistan,CH4
GCAM 5.3,SSP1-DACCS-2p6-3pctHR,PAK,Emissions|CO2|AFOLU,Mt CO2/yr,,,,-11.8150074845592,,,-0.372740100013093,,,,,-17.1336747724246,,-5.62119254017763,,,,,-3.09024311273392,-7.45992613375441,-8.30000224159772,-9.97497260751192,-9.36397204820543,-8.42638445517617,-9.0722870469847,-8.82204112472214,-7.52878266512197,-5.03835499539716,-1.71856372633003,2.10118796279487,4.94208752645396,-1.97126065910102,-2.25352096622136,-1.46208912792249,,,,Pakistan,CO2
GCAM 5.3,SSP1-DACCS-2p6-3pctHR,PAK,Emissions|CO2|Energy and Industrial Processes,Mt CO2/yr,,,,130.003692768516,,,155.04717720853,,,,,177.7510535058,,195.100080398538,,,,,185.204898684451,201.818732151212,220.19904322276,236.915244224301,251.196809231877,257.796845568339,259.822509400902,260.445120435214,256.354272248957,246.521396772068,231.916071395706,215.270425321612,197.573472038994,182.850191043859,168.785235021723,157.093228320468,,,,Pakistan,CO2
GCAM 5.3,SSP1-DACCS-2p6-3pctHR,PAK,Emissions|CO2|Energy|Demand,Mt CO2/yr,,,,76.3328027874395,,,81.6718117405244,,,,,99.5837812741016,,101.755595157412,,,,,97.7822608608964,106.115104489123,115.677645092924,125.45580342384,134.652919847862,140.929558898699,146.033933137294,149.840696481248,149.839120200585,145.531723959639,138.621938676157,130.566411786178,121.724717704096,113.106143803443,104.644671385476,97.2631741968776,,,,Pakistan,CO2
GCAM 5.3,SSP1-DACCS-2p6-3pctHR,PAK,Emissions|CO2|Energy|Demand|Industry,Mt CO2/yr,,,,34.3157275468438,,,30.4228512269278,,,,,33.3353352029121,,35.1328088239123,,,,,32.8550304730989,38.201741424461,43.922092766069,48.7303330537764,52.4577252745923,54.3463771077615,53.804278201463,51.8701153091675,48.2968178174745,43.7060951242557,39.1725051451117,34.7924808718128,30.4147638734472,26.1171487815052,21.9270415893721,18.1414828397903,,,,Pakistan,CO2
GCAM 5.3,SSP1-DACCS-2p6-3pctHR,PAK,Emissions|CO2|Energy|Demand|Residential and Commercial,Mt CO2/yr,,,,12.5247026928046,,,15.3480108498742,,,,,19.3347317396401,,19.4156079589315,,,,,19.0403500876426,22.0473166649685,24.7697796463468,27.1761813051065,29.2728276385371,30.4958434077175,31.2187855815103,31.4716495862854,30.9128054136925,29.8911603053056,28.38694473087,26.56178035346,24.6047400878994,22.5784363385484,20.5730698584175,18.9345592000276,,,,Pakistan,CO2
GCAM 5.3,SSP1-DACCS-2p6-3pctHR,PAK,Emissions|CO2|Energy|Demand|Residential and Commercial|Commercial,Mt CO2/yr,,,,2.574058900672,,,2.9829502045106,,,,,4.5513673804273,,4.28964981594267,,,,,4.1156795374329,4.88050082816501,5.65945827725752,6.43473755766899,7.24859852998047,7.9990333268507,8.67793952139766,9.21502954179,9.4312446549752,9.35476555377696,9.04876873910082,8.57454560834456,8.00035817156813,7.39255851422541,6.78829690994787,6.29666033161484,,,,Pakistan,CO2
GCAM 5.3,SSP1-DACCS-2p6-3pctHR,PAK,Emissions|CO2|Energy|Demand|Residential and Commercial|Residential,Mt CO2/yr,,,,9.95064379213257,,,12.3650606453636,,,,,14.7833643592128,,15.1259581429888,,,,,14.9246705502097,17.1668158368034,19.1103213690892,20.7414437474375,22.0242291085566,22.4968100808668,22.5408460601127,22.2566200444954,21.4815607587173,20.5363947515286,19.3381759917692,17.9872347451155,16.6043819163313,15.185877824323,13.7847729484696,12.6378988684128,,,,Pakistan,CO2
GCAM 5.3,SSP1-DACCS-2p6-3pctHR,PAK,Emissions|CO2|Energy|Demand|Transportation,Mt CO2/yr,,,,29.4923725477912,,,35.9009496637224,,,,,46.9137143315494,,47.2071783745685,,,,,45.8868803001549,45.8660463996937,46.985772680508,49.5492890649569,52.9223669347328,56.0873383832203,61.010869354321,66.4989315857948,70.6294969694178,71.9344685300775,71.062488800175,69.2121505609052,66.7052137427495,64.4105586833894,62.1445599376862,60.1871321570596,,,,Pakistan,CO2
GCAM 5.3,SSP1-DACCS-2p6-3pctHR,PAK,Emissions|CO2|Energy|Supply,Mt CO2/yr,,,,35.9004856470135,,,42.5471731479245,,,,,46.8613867501732,,53.1104304325918,,,,,48.7693686781765,50.5851336979615,52.9568634068839,54.4467282491729,55.0022782908641,52.2337496765161,47.2818563512214,42.7402646158845,37.6683293730713,32.7264793971417,27.6936403540739,23.1642459715367,19.1723540470938,17.0747405762815,15.8736463859441,15.7693582110365,,,,Pakistan,CO2
GCAM 5.3,SSP1-DACCS-2p6-3pctHR,PAK,Emissions|CO2|Energy|Supply|Electricity,Mt CO2/yr,,,,33.3681900834715,,,37.5443176931195,,,,,41.0729918906222,,46.6415614431948,,,,,42.0382921129319,43.0792232078919,44.7095647478072,45.8207746770939,46.3137687164636,43.7807792992189,39.3381509986228,35.3858915979398,31.4813303040652,28.6100158434793,26.4484458659711,24.6877427660739,23.0339748660066,21.5435450137219,20.0650982364777,18.6495207394348,,,,Pakistan,CO2
GCAM 5.3,SSP1-DACCS-2p6-3pctHR,PAK,Emissions|CO2|Energy|Supply|Gases,Mt CO2/yr,,,,1.02219342626,,,3.243075294825,,,,,3.526325320575,,4.12228324683003,,,,,4.41263726736209,5.14403194563221,5.96956904114507,6.78710988099109,7.56553845820047,7.96140214916584,8.07775992094998,8.12767529915301,8.01106007874794,7.86745139913842,7.63241083918634,7.32896784642513,6.97321388087078,6.61309862000266,6.21137923139869,5.80525295694121,,,,Pakistan,CO2
GCAM 5.3,SSP1-DACCS-2p6-3pctHR,PAK,Emissions|CO2|Energy|Supply|Liquids,Mt CO2/yr,,,,1.510102137282,,,1.75978015998,,,,,2.262069538976,,2.31264170125872,,,,,2.25747274553605,2.24790068574547,2.09446242817521,1.57432680751906,0.768175143142118,0.0555175931896314,-0.564199421811466,-1.20004083169144,-2.25350652619237,-4.1659888826117,-6.77691276439366,-9.20643795467569,-11.1440161440661,-11.3498586980188,-10.6196227063134,-8.84944218670329,,,,Pakistan,CO2
GCAM 5.3,SSP1-DACCS-2p6-3pctHR,PAK,Emissions|CO2|Energy|Supply|Solids,Mt CO2/yr,,,,0.0,,,0.0,,,,,0.0,,0.0,,,,,-4.03333366963633e-05,-7.33333518363677e-06,-2.93333404572737e-05,-3.66666350348835e-05,-0.0001759993167539,-0.0001173331589047,0.0,0.0,-1.46666705168736e-05,0.0,0.0,-9.16663842560769e-05,-1.46666795928644e-05,0.0,-1.83332919479761e-05,0.0,,,,Pakistan,CO2
GCAM 5.3,SSP1-DACCS-2p6-3pctHR,PAK,Emissions|CO2|Industrial Processes,Mt CO2/yr,,,,17.7704043340634,,,30.8281923200811,,,,,31.3058854815256,,40.234054808534,,,,,38.6532691902173,45.118495676016,51.5645373021577,57.0127158836027,61.5416152628806,64.6335418588315,66.5067248640853,67.8641634738575,68.8468251816791,68.2631950370821,65.6004934622199,61.539768352092,56.6764009224136,52.6693067349559,48.2669172600985,44.0606959141578,,,,Pakistan,CO2
GCAM 5.3,SSP1-DACCS-2p6-3pctHR,PAK,Emissions|N2O|AFOLU,kt N2O/yr,,,,133.233032421436,,,155.807722743107,,,,,166.037857784112,,175.979083523269,,,,,186.251952653525,195.095342286978,208.458593305162,222.092244816652,236.3158835383,248.646480075119,252.778375468365,255.17918485133,257.396223957146,257.57014590661,259.07417229842,260.279992273447,260.462718875716,256.329021934663,252.086235889389,247.434146043304,,,,Pakistan,N2O
GCAM 5.3,SSP1-highcostDACCS-2p6-3pctHR,PAK,Carbon Sequestration|CCS|Biomass,Mt CO2/yr,,,,0.0,,,0.0,,,,,0.0,,0.0,,,,,0.002752068,0.189209214,0.779582092,2.262341522,4.32155799,6.302331692,7.918366166,9.145607501,10.39621862,12.10560051,14.24121019,16.04582582,17.32386407,17.80546474,16.94918441,15.41661982,,,,Pakistan,
GCAM 5.3,SSP1-highcostDACCS-2p6-3pctHR,PAK,Carbon Sequestration|Direct Air Capture,Mt CO2/yr,,,,0.0,,,0.0,,,,,0.0,,0.0,,,,,1.9e-07,2.66e-07,3.97e-07,4.93e-07,6.05e-07,6.74e-07,6.59e-07,4.74e-07,2.57e-07,1.5e-07,9.39e-08,6.49e-08,5.4e-08,3.37e-08,3.42e-09,0.0,,,,Pakistan,
GCAM 5.3,SSP1-highcostDACCS-2p6-3pctHR,PAK,Emissions|CH4|AFOLU,Mt CH4/yr,,,,3.422404634,,,4.00356027,,,,,4.650462713,,4.997683689,,,,,5.228855982,5.498547261,5.7970532,6.129369181,6.454219649,6.733268926,6.923761833,7.065493605,7.154489446,7.182661277,7.188747168,7.172755961,7.10632841,7.001634529,6.885689403,6.741229828,,,,Pakistan,CH4
GCAM 5.3,SSP1-highcostDACCS-2p6-3pctHR,PAK,Emissions|CO2|AFOLU,Mt CO2/yr,,,,-11.81500748,,,-0.3727401,,,,,-17.13367477,,-5.623702306,,,,,-2.543238337,-8.025906067,-8.165667033,-9.620852691,-9.230856958,-8.439665722,-9.105506954,-8.710989276,-7.457052253,-4.786297617,-1.008697043,2.421387191,5.037452646,3.134607543,-1.533460841,-1.74479273,,,,Pakistan,CO2
GCAM 5.3,SSP1-highcostDACCS-2p6-3pctHR,PAK,Emissions|CO2|Energy and Industrial Processes,Mt CO2/yr,,,,130.0036928,,,155.0471772,,,,,177.7510535,,195.0762205,,,,,186.7094011,202.4502065,218.5142094,234.2488537,246.1930929,251.0960375,251.9093067,252.1755329,247.9205856,238.0612889,223.5628107,207.5962799,190.6989838,174.0877835,159.8331334,147.4605389,,,,Pakistan,CO2
GCAM 5.3,SSP1-highcostDACCS-2p6-3pctHR,PAK,Emissions|CO2|Energy|Demand,Mt CO2/yr,,,,76.33280279,,,81.67181174,,,,,99.58378127,,101.73548890000001,,,,,97.38060065,105.3238163,114.3391974,123.4961693,132.2339522,138.0286743,142.7475624,146.1562516,146.1058818,141.9112037,134.8392872,127.0937912,118.7256128,109.8206924,100.9533402,93.10321945,,,,Pakistan,CO2
GCAM 5.3,SSP1-highcostDACCS-2p6-3pctHR,PAK,Emissions|CO2|Energy|Demand|Industry,Mt CO2/yr,,,,34.31572755,,,30.42285123,,,,,33.3353352,,35.11408678,,,,,32.66109746,37.85038221,43.19756903,47.70439108,51.18803498,52.80053931,52.05635323,49.95930623,46.40652321,41.86075001,37.33455461,33.06853633,28.84544072,24.61342318,20.49311596,16.81306227,,,,Pakistan,CO2
GCAM 5.3,SSP1-highcostDACCS-2p6-3pctHR,PAK,Emissions|CO2|Energy|Demand|Residential and Commercial,Mt CO2/yr,,,,12.52470269,,,15.34801085,,,,,19.33473174,,19.41518607,,,,,18.93721252,21.85644404,24.49850802,26.78496391,28.78122968,29.89402163,30.5325102,30.6859014,30.09797488,29.05012065,27.53711967,25.76288307,23.8942866,21.92731149,19.93233204,18.31286948,,,,Pakistan,CO2
GCAM 5.3,SSP1-highcostDACCS-2p6-3pctHR,PAK,Emissions|CO2|Energy|Demand|Residential and Commercial|Commercial,Mt CO2/yr,,,,2.574058901,,,2.982950205,,,,,4.55136738,,4.289367048,,,,,4.086282311,4.822246393,5.573801291,6.313926189,7.102895413,7.823511838,8.474642931,8.974119131,9.174928966,9.087204947,8.762222734,8.304473739,7.7619126,7.152600731,6.530938368,6.026850558,,,,Pakistan,CO2
GCAM 5.3,SSP1-highcostDACCS-2p6-3pctHR,PAK,Emissions|CO2|Energy|Demand|Residential and Commercial|Residential,Mt CO2/yr,,,,9.950643792,,,12.36506065,,,,,14.78336436,,15.12581902,,,,,14.85093021,17.03419765,18.92470673,20.47103772,21.67833427,22.07050979,22.05786727,21.71178227,20.92304591,19.96291571,18.77489694,17.45840933,16.132374,14.77471076,13.40139367,12.28601892,,,,Pakistan,CO2
GCAM 5.3,SSP1-highcostDACCS-2p6-3pctHR,PAK,Emissions|CO2|Energy|Demand|Transportation,Mt CO2/yr,,,,29.49237255,,,35.90094966,,,,,46.91371433,,47.20621607,,,,,45.78229067,45.61699006,46.64312037,49.00681432,52.26468757,55.33411332,60.15869893,65.511044,69.60138368,71.00033306,69.96761294,68.26237184,65.98588551,63.27995777,60.52789226,57.97728771,,,,Pakistan,CO2
GCAM 5.3,SSP1-highcostDACCS-2p6-3pctHR,PAK,Emissions|CO2|Energy|Supply,Mt CO2/yr,,,,35.90048565,,,42.54717315,,,,,46.86138675,,53.10607149,,,,,51.79756798,52.80650935,53.60959505,54.95268135,53.82401652,50.00685134,44.38955759,39.7742521,34.67512344,29.64675521,24.79277976,20.66914517,17.06464449,14.37243034,13.20871191,12.91929136,,,,Pakistan,CO2
GCAM 5.3,SSP1-highcostDACCS-2p6-3pctHR,PAK,Emissions|CO2|Energy|Supply|Electricity,Mt CO2/yr,,,,33.36819008,,,37.54431769,,,,,41.07299189,,46.63822332,,,,,45.04624954,45.24165275,45.35694923,46.38662489,45.34315921,41.91149599,36.9312229,33.0181604,29.17834122,26.23847693,24.19507064,22.69478406,21.26391467,19.94049017,18.73476207,17.41457371,,,,Pakistan,CO2
GCAM 5.3,SSP1-highcostDACCS-2p6-3pctHR,PAK,Emissions|CO2|Energy|Supply|Gases,Mt CO2/yr,,,,1.022193426,,,3.243075295,,,,,3.526325321,,4.121987007,,,,,4.401984716,5.129544343,5.896753371,6.701197621,7.422036837,7.767724257,7.837184255,7.8542532,7.722256545,7.556655454,7.336888409,7.043152032,6.697207259,6.325899467,5.954778338,5.568054043,,,,Pakistan,CO2
GCAM 5.3,SSP1-highcostDACCS-2p6-3pctHR,PAK,Emissions|CO2|Energy|Supply|Liquids,Mt CO2/yr,,,,1.510102137,,,1.75978016,,,,,2.262069539,,2.311945461,,,,,2.291925054,2.324562162,2.180435041,1.614443397,0.72583113,-0.077522382,-0.774162388,-1.493048184,-2.623258899,-4.531102783,-7.09784897,-9.391592523,-11.17455548,-12.12316639,-11.66658612,-10.20326613,,,,Pakistan,CO2
GCAM 5.3,SSP1-highcostDACCS-2p6-3pctHR,PAK,Emissions|CO2|Energy|Supply|Solids,Mt CO2/yr,,,,0.0,,,0.0,,,,,0.0,,0.0,,,,,0.0,0.0,-0.000161333,-9.17e-05,0.0,-0.000124667,0.0,0.0,-1.83e-05,-6.6e-05,-0.000124666,0.0,-7.33e-06,0.0,-7.33e-06,0.0,,,,Pakistan,CO2
GCAM 5.3,SSP1-highcostDACCS-2p6-3pctHR,PAK,Emissions|CO2|Industrial Processes,Mt CO2/yr,,,,17.77040433,,,30.82819232,,,,,31.30588548,,40.23466009,,,,,37.53123245,44.31988086,50.56541692,55.80000304,60.13512412,63.06051191,64.77218678,66.24502914,67.13958042,66.50332994,63.93074376,59.83334345,54.90872645,49.89466068,45.67108128,41.43802806,,,,Pakistan,CO2
GCAM 5.3,SSP1-highcostDACCS-2p6-3pctHR,PAK,Emissions|N2O|AFOLU,kt N2O/yr,,,,133.2330304,,,155.8077227,,,,,166.0378558,,176.0038464,,,,,187.6861646,196.7656572,208.4041922,222.234445,236.5567413,248.7514753,252.3023759,254.702092,256.6182686,257.2549111,259.0963201,260.5856632,260.62199,258.6956926,253.9271654,249.004514,,,,Pakistan,N2O
GCAM 5.3,SSP1-lowcostDACCS-2p6-3pctHR,PAK,Carbon Sequestration|CCS|Biomass,Mt CO2/yr,,,,0.0,,,0.0,,,,,0.0,,0.0,,,,,0.01342772,0.171009662,0.648232516,1.782758247,3.453978513,5.110835367,6.547271151,7.77722433,9.263416799,11.19681924,13.6606408,15.92744488,16.92045841,16.60191082,15.90533454,14.68320084,,,,Pakistan,
GCAM 5.3,SSP1-lowcostDACCS-2p6-3pctHR,PAK,Carbon Sequestration|Direct Air Capture,Mt CO2/yr,,,,0.0,,,0.0,,,,,0.0,,0.0,,,,,2.66e-05,0.004753262,0.00743912,0.010156868,0.01362314,0.017253183,0.018985903,0.021766399,0.017946304,0.012803422,0.009629614,0.007762334,0.003215519,0.000716641,0.000249154,0.000100592,,,,Pakistan,
GCAM 5.3,SSP1-lowcostDACCS-2p6-3pctHR,PAK,Emissions|CH4|AFOLU,Mt CH4/yr,,,,3.422404634,,,4.00356027,,,,,4.650462713,,4.997679592,,,,,5.231545118,5.499528948,5.796999805,6.126434015,6.454090012,6.741710841,6.953353834,7.108057708,7.22121744,7.271092326,7.237607043,7.193772377,7.130037176,7.043117556,6.920681585,6.770413277,,,,Pakistan,CH4
GCAM 5.3,SSP1-lowcostDACCS-2p6-3pctHR,PAK,Emissions|CO2|AFOLU,Mt CO2/yr,,,,-11.81500748,,,-0.3727401,,,,,-17.13367477,,-5.623377039,,,,,-2.862467301,-7.749912983,-8.204113081,-9.755021209,-9.853587312,-8.838417813,-9.476925636,-9.306660643,-7.931090673,-5.911104253,-2.927524575,0.938200688,-2.152474116,-1.814281403,-0.585391553,0.516246456,,,,Pakistan,CO2
GCAM 5.3,SSP1-lowcostDACCS-2p6-3pctHR,PAK,Emissions|CO2|Energy and Industrial Processes,Mt CO2/yr,,,,130.0036928,,,155.0471772,,,,,177.7510535,,195.0762174,,,,,191.0879252,209.0536167,227.6331146,246.130538,261.1762561,268.5290968,271.7430044,271.9983534,267.4384833,258.1707948,243.8529513,226.6906244,210.3180055,195.5796897,181.203574,168.0105224,,,,Pakistan,CO2
GCAM 5.3,SSP1-lowcostDACCS-2p6-3pctHR,PAK,Emissions|CO2|Energy|Demand,Mt CO2/yr,,,,76.33280279,,,81.67181174,,,,,99.58378127,,101.7354822,,,,,99.15003854,107.7933407,117.7224035,128.0924068,137.8382603,144.5798448,150.2912321,154.785882,155.1256302,151.3338738,144.8401194,136.4755683,127.9253,119.7225364,111.4101079,103.5806525,,,,Pakistan,CO2
GCAM 5.3,SSP1-lowcostDACCS-2p6-3pctHR,PAK,Emissions|CO2|Energy|Demand|Industry,Mt CO2/yr,,,,34.31572755,,,30.42285123,,,,,33.3353352,,35.11407678,,,,,33.70174331,39.29516502,45.13111242,50.20430785,54.08631395,56.13900416,55.86328133,54.19673917,50.70817743,46.20965544,41.66401795,37.11744892,32.75386537,28.48534156,24.22707955,20.2696516,,,,Pakistan,CO2
GCAM 5.3,SSP1-lowcostDACCS-2p6-3pctHR,PAK,Emissions|CO2|Energy|Demand|Residential and Commercial,Mt CO2/yr,,,,12.52470269,,,15.34801085,,,,,19.33473174,,19.41518975,,,,,19.3657651,22.4488492,25.27737444,27.80837849,30.04742722,31.36858253,32.18161843,32.57494846,32.11181988,31.16516422,29.68041152,27.79097682,25.79379871,23.75371389,21.69236803,19.89636113,,,,Pakistan,CO2
GCAM 5.3,SSP1-lowcostDACCS-2p6-3pctHR,PAK,Emissions|CO2|Energy|Demand|Residential and Commercial|Commercial,Mt CO2/yr,,,,2.574058901,,,2.982950205,,,,,4.55136738,,4.289370693,,,,,4.203995671,4.987982557,5.798248719,6.618488651,7.486415799,8.282411694,9.009109973,9.60729683,9.86224441,9.829660792,9.547062043,9.047271158,8.469658513,7.868528253,7.246341578,6.684541067,,,,Pakistan,CO2
GCAM 5.3,SSP1-lowcostDACCS-2p6-3pctHR,PAK,Emissions|CO2|Energy|Demand|Residential and Commercial|Residential,Mt CO2/yr,,,,9.950643792,,,12.36506065,,,,,14.78336436,,15.12581906,,,,,15.16176943,17.46086664,19.47912573,21.18988984,22.56101142,23.08617083,23.17250846,22.96765163,22.24957547,21.33550343,20.13334948,18.74370566,17.3241402,15.88518564,14.44602645,13.21182006,,,,Pakistan,CO2
GCAM 5.3,SSP1-lowcostDACCS-2p6-3pctHR,PAK,Emissions|CO2|Energy|Demand|Transportation,Mt CO2/yr,,,,29.49237255,,,35.90094966,,,,,46.91371433,,47.20621566,,,,,46.08253013,46.04932647,47.31391666,50.07972045,53.70451916,57.07225809,62.24633237,68.01419438,72.30563285,73.95905417,73.49568996,71.56714258,69.3776359,67.48348094,65.49066036,63.41463981,,,,Pakistan,CO2
GCAM 5.3,SSP1-lowcostDACCS-2p6-3pctHR,PAK,Emissions|CO2|Energy|Supply,Mt CO2/yr,,,,35.90048565,,,42.54717315,,,,,46.86138675,,53.1060788,,,,,52.85574552,54.56019435,56.37356784,58.6717074,59.06795843,56.22682276,51.5213342,46.29319619,40.56006465,35.25214207,29.79502902,24.8050552,20.96219324,18.37075319,16.72302657,15.9118846,,,,Pakistan,CO2
GCAM 5.3,SSP1-lowcostDACCS-2p6-3pctHR,PAK,Emissions|CO2|Energy|Supply|Electricity,Mt CO2/yr,,,,33.36819008,,,37.54431769,,,,,41.07299189,,46.63823,,,,,46.00117965,46.80691765,47.74710128,49.38317075,49.46693742,46.69869269,42.383107269999996,37.75822963,33.3100151,30.21079625,27.80818323,25.92622516,24.06117267,22.14166146,20.44595164,18.85353319,,,,Pakistan,CO2
GCAM 5.3,SSP1-lowcostDACCS-2p6-3pctHR,PAK,Emissions|CO2|Energy|Supply|Gases,Mt CO2/yr,,,,1.022193426,,,3.243075295,,,,,3.526325321,,4.121987004,,,,,4.475368229,5.233904079,6.050838115,6.90854841,7.712618734,8.141080937,8.30742801299999,8.400646338,8.332139473,8.208500221,7.969311633,7.668513773,7.334250094,6.957736984,6.548354779,6.127143437,,,,Pakistan,CO2
GCAM 5.3,SSP1-lowcostDACCS-2p6-3pctHR,PAK,Emissions|CO2|Energy|Supply|Liquids,Mt CO2/yr,,,,1.510102137,,,1.75978016,,,,,2.262069539,,2.311946066,,,,,2.318639119,2.399099735,2.381474673,2.098028378,1.509370069,0.918438106,0.363426351,-0.318424647,-1.530807355,-3.608944591,-6.403439497,-9.179539525,-10.78772518,-11.04073291,-10.52852955,-9.266379038,,,,Pakistan,CO2
GCAM 5.3,SSP1-lowcostDACCS-2p6-3pctHR,PAK,Emissions|CO2|Energy|Supply|Solids,Mt CO2/yr,,,,0.0,,,0.0,,,,,0.0,,0.0,,,,,0.0,0.0,-0.000128333,0.0,-0.000143,0.0,0.0,-8.8e-05,0.0,0.0,0.0,0.0,0.0,-4.4e-05,0.0,-2.2e-05,,,,Pakistan,CO2
GCAM 5.3,SSP1-lowcostDACCS-2p6-3pctHR,PAK,Emissions|CO2|Industrial Processes,Mt CO2/yr,,,,17.77040433,,,30.82819232,,,,,31.30588548,,40.23465642,,,,,39.0821416,46.70013802,53.53722947,59.36653696,64.27018156,67.72259903,69.93061018,70.91945771,71.75292144,71.58485923,69.21785226,65.41003232,61.43052247,57.48640194,53.07044002,48.5179854,,,,Pakistan,CO2
GCAM 5.3,SSP1-lowcostDACCS-2p6-3pctHR,PAK,Emissions|N2O|AFOLU,kt N2O/yr,,,,133.2330324,,,155.8077227,,,,,166.0378558,,176.003651,,,,,187.2749564,196.2421855,207.6609473,221.0065791,235.1013933,247.5527612,252.6563084,255.4616981,258.224393,259.6470005,258.8586137,259.4155137,257.9030844,254.7314454,251.2870385,247.2091784,,,,Pakistan,N2O
GCAM 5.3,SSP1-noDACCS-1p9-3pctHR,PAK,Carbon Sequestration|CCS|Biomass,Mt CO2/yr,,,,0.0,,,0.0,,,,,0.0,,0.0,,,,,0.401666737848488,0.915776780252427,2.94114557594351,7.76747930266775,12.1236087173128,12.9801074966597,13.0507720939524,13.0355976739912,12.8411413970524,12.3509151111552,11.69968905648,10.0108529565962,9.212522116031,8.60395419848158,8.10248751807455,7.80943670213571,,,,Pakistan,
GCAM 5.3,SSP1-noDACCS-1p9-3pctHR,PAK,Emissions|CH4|AFOLU,Mt CH4/yr,,,,3.42240463351875,,,4.00356026976805,,,,,4.65046271265614,,4.99797379175032,,,,,5.21592724984187,5.4800854470476,5.76981784179797,6.0876710186729,6.36140637339132,6.55633816630081,6.72730593698474,6.89198275508048,7.01873368208713,7.10124045193824,7.12863855840148,7.12664282695067,7.08461061166854,7.0020925608793,6.88926166421527,6.74780573151287,,,,Pakistan,CH4
GCAM 5.3,SSP1-noDACCS-1p9-3pctHR,PAK,Emissions|CO2|AFOLU,Mt CO2/yr,,,,-11.8150074845592,,,-0.372740100013093,,,,,-17.1336747724246,,-5.62125456210829,,,,,-1.86341144283859,-8.51618615834438,-7.57617777010268,-7.66803902702191,-6.9779648438701,-6.47789548296249,-6.44245382796804,-5.77610658325545,-3.4163531112813,-0.611955589258207,3.14639171865071,-3.47622813189031,-4.31424264260411,-4.20911457668841,-2.76351889760004,-1.4195177782068,,,,Pakistan,CO2
GCAM 5.3,SSP1-noDACCS-1p9-3pctHR,PAK,Emissions|CO2|Energy and Industrial Processes,Mt CO2/yr,,,,130.003692768516,,,155.04717720853,,,,,177.7510535058,,195.100142584075,,,,,162.254938417968,172.635951029084,179.472220738981,183.268803542138,186.592394499793,191.398456613437,192.832966054112,191.894081068925,188.570446704864,183.667687972829,176.350421020878,167.857793410467,156.267004272738,143.35569057638,131.290693601159,118.574218993865,,,,Pakistan,CO2
GCAM 5.3,SSP1-noDACCS-1p9-3pctHR,PAK,Emissions|CO2|Energy|Demand,Mt CO2/yr,,,,76.3328027874395,,,81.6718117405244,,,,,99.5837812741016,,101.755639047036,,,,,89.908167986577,95.9929899155517,101.228663122682,105.662834390127,110.310500351569,114.222841708718,116.819617463474,117.929238988158,117.615585180625,116.036236925062,112.455638858373,106.072322368133,97.0756513803804,87.0119292616231,78.5451855687166,70.160568945347,,,,Pakistan,CO2
GCAM 5.3,SSP1-noDACCS-1p9-3pctHR,PAK,Emissions|CO2|Energy|Demand|Industry,Mt CO2/yr,,,,34.3157275468438,,,30.4228512269278,,,,,33.3353352029121,,35.1328415020079,,,,,28.5035971795556,32.4172155986911,35.9952324428143,38.8254158776261,40.7722907446218,41.3870823935733,39.6415659004396,36.7451668727125,33.244172630257,29.4180850552886,25.3783714748192,21.110756391257,16.835572008926,13.0676472208693,10.1525400265159,7.68759832717622,,,,Pakistan,CO2
GCAM 5.3,SSP1-noDACCS-1p9-3pctHR,PAK,Emissions|CO2|Energy|Demand|Residential and Commercial,Mt CO2/yr,,,,12.5247026928046,,,15.3480108498742,,,,,19.3347317396401,,19.4156144537258,,,,,17.101304618287,19.4247867547528,21.3394292714765,22.7124342559345,23.8476893312088,24.5194298670633,24.6766625394891,24.3814719945984,23.6686383363515,22.8418942585494,21.8405647446286,20.6055003578506,19.2823209080057,17.9363173122506,16.7538490677242,15.7618533395414,,,,Pakistan,CO2
GCAM 5.3,SSP1-noDACCS-1p9-3pctHR,PAK,Emissions|CO2|Energy|Demand|Residential and Commercial|Commercial,Mt CO2/yr,,,,2.574058900672,,,2.9829502045106,,,,,4.5513673804273,,4.2896529348492,,,,,3.59057399497444,4.1873258778153,4.69417806829513,5.11321964157947,5.60446233384653,6.16527452673889,6.61419361191854,6.89106870366357,7.01116563588282,7.02345817626576,6.90805115232318,6.62959388034117,6.24970805187095,5.8261001579835,5.48250536405825,5.15112772423573,,,,Pakistan,CO2
GCAM 5.3,SSP1-noDACCS-1p9-3pctHR,PAK,Emissions|CO2|Energy|Demand|Residential and Commercial|Residential,Mt CO2/yr,,,,9.95064379213257,,,12.3650606453636,,,,,14.7833643592128,,15.1259615188766,,,,,13.5107306233126,15.2374608769375,16.6452512031814,17.599214614355,18.2432269973623,18.3541553403244,18.0624689275706,17.4904032909348,16.6574727004687,15.8184360822836,14.9325135923054,13.9759064775094,13.0326128561347,12.1102171542671,11.271343703666,10.6107256153057,,,,Pakistan,CO2
GCAM 5.3,SSP1-noDACCS-1p9-3pctHR,PAK,Emissions|CO2|Energy|Demand|Transportation,Mt CO2/yr,,,,29.4923725477912,,,35.9009496637224,,,,,46.9137143315494,,47.2071830913019,,,,,44.3032661887344,44.1509875621079,43.8940014083912,44.1249842565662,45.6905202757389,48.3163294480817,52.5013890235451,56.8026001208472,60.702774214016,63.7762576112241,65.2367026389248,64.3560656190251,60.9577584634487,56.0079647285031,51.6387964744765,46.7111172786294,,,,Pakistan,CO2
GCAM 5.3,SSP1-noDACCS-1p9-3pctHR,PAK,Emissions|CO2|Energy|Supply,Mt CO2/yr,,,,35.9004856470135,,,42.5471731479245,,,,,46.8613867501732,,53.1104819718241,,,,,41.9938504600182,41.8329070652641,39.0987474753549,34.9869704841553,30.6218785900249,28.0930171619404,25.1407141806523,22.7769595016875,20.8692878674779,19.4035742993314,18.5463471659556,19.1079703990346,18.7805342898704,18.080035544901,17.2987410198789,16.0965424646199,,,,Pakistan,CO2
GCAM 5.3,SSP1-noDACCS-1p9-3pctHR,PAK,Emissions|CO2|Energy|Supply|Electricity,Mt CO2/yr,,,,33.3681900834715,,,37.5443176931195,,,,,41.0729918906222,,46.6416011442167,,,,,35.7088919485478,34.9551600984253,32.6201038673398,30.4104295374575,27.9029514873906,26.1704676249955,23.7966371112733,21.8060050889094,20.0426221410333,18.2467958864114,17.0217349640537,17.0897319412171,16.6263944043392,16.0659150339258,15.2626414070346,13.9720488951468,,,,Pakistan,CO2
GCAM 5.3,SSP1-noDACCS-1p9-3pctHR,PAK,Emissions|CO2|Energy|Supply|Gases,Mt CO2/yr,,,,1.02219342626,,,3.243075294825,,,,,3.526325320575,,4.12228324949557,,,,,4.0607519782411,4.64355738995859,5.26810018883322,5.90442016220716,6.37981264014851,6.40112872117889,6.18529533480491,6.00847047197736,5.77633581884527,5.52846566491644,5.29009428121415,5.10188151987924,4.94749473259008,4.77022202886328,4.50010553037003,4.21335756794036,,,,Pakistan,CO2
GCAM 5.3,SSP1-noDACCS-1p9-3pctHR,PAK,Emissions|CO2|Energy|Supply|Liquids,Mt CO2/yr,,,,1.510102137282,,,1.75978015998,,,,,2.262069538976,,2.31265352351247,,,,,2.18814126638454,2.17898234896165,1.14228028602641,-1.41974848073868,-3.80224649534154,-4.72607666446018,-5.10560961249259,-5.28765962555843,-5.16777839864984,-4.54482682508565,-3.88958184235268,-3.18668294498251,-2.8735270816457,-2.81514565678213,-2.50394292952864,-2.11523634857575,,,,Pakistan,CO2
GCAM 5.3,SSP1-noDACCS-1p9-3pctHR,PAK,Emissions|CO2|Energy|Supply|Solids,Mt CO2/yr,,,,0.0,,,0.0,,,,,0.0,,0.0,,,,,0.0,0.0,-0.0001979995755623,-7.33332495392551e-05,-0.0001869994596431,0.0,-8.79999293525228e-05,-0.0001283328795317,0.0,0.0,0.0,0.0,0.0,0.0,0.0,-1.09999899915095e-06,,,,Pakistan,CO2
GCAM 5.3,SSP1-noDACCS-1p9-3pctHR,PAK,Emissions|CO2|Industrial Processes,Mt CO2/yr,,,,17.7704043340634,,,30.8281923200811,,,,,31.3058854815256,,40.2340215652154,,,,,30.3529199713725,34.8100540482685,39.1448101409443,42.6189986678555,45.660015558199,49.0825977427784,50.8726344099854,51.1878825790791,50.0855736567614,48.2278767484357,45.3484349965494,42.6775006432996,40.4108186024875,38.2637257698555,35.4467670125636,32.3171075838978,,,,Pakistan,CO2
GCAM 5.3,SSP1-noDACCS-1p9-3pctHR,PAK,Emissions|N2O|AFOLU,kt N2O/yr,,,,133.233032421436,,,155.807722743107,,,,,166.037855784112,,175.979154378414,,,,,188.835943676233,198.014104398696,210.040018506691,224.929312262116,238.015784269395,245.340694663535,248.210733175463,252.171032406601,256.311962559899,260.079336513066,262.733161913341,260.609133245157,258.887686825528,256.439850950943,253.310084222291,249.456348655689,,,,Pakistan,N2O
GCAM 5.3,SSP1-noDACCS-2p6-3pctHR,PAK,Carbon Sequestration|CCS|Biomass,Mt CO2/yr,,,,0.0,,,0.0,,,,,0.0,,0.0,,,,,0.071443264828175,0.299571061267064,1.00342288155359,2.57776928680931,4.63851956115022,6.50581655643782,8.04689624925929,9.10809671174538,10.2350085949742,11.8638659638818,13.9898597212216,15.8246934260574,17.1884282737916,18.0734608288109,18.4387925884679,17.4643434028005,,,,Pakistan,
GCAM 5.3,SSP1-noDACCS-2p6-3pctHR,PAK,Emissions|CH4|AFOLU,Mt CH4/yr,,,,3.42240463351875,,,4.00356026976805,,,,,4.65046271265614,,4.99797286377285,,,,,5.22927382711899,5.49849607342435,5.79673698419802,6.12856353787634,6.45378309944621,6.73419331991956,6.92823025601133,7.07078973728268,7.16267918723654,7.18738804017757,7.1921925648407,7.17410005973429,7.1081513687129,7.00102237259063,6.86246029928804,6.70954064297453,,,,Pakistan,CH4
GCAM 5.3,SSP1-noDACCS-2p6-3pctHR,PAK,Emissions|CO2|AFOLU,Mt CO2/yr,,,,-11.8150074845592,,,-0.372740100013093,,,,,-17.1336747724246,,-5.62117250559897,,,,,-2.55944935282725,-7.9987434053964,-8.16486894221237,-9.63192190580024,-9.26652976240743,-8.43389883441482,-9.08962925628303,-8.74709685131078,-7.48355110445833,-4.86483423996753,-1.31029227142187,2.32781010388675,4.88588413484,6.68403649853137,6.75653962946973,-0.133832300347019,,,,Pakistan,CO2
GCAM 5.3,SSP1-noDACCS-2p6-3pctHR,PAK,Emissions|CO2|Energy and Industrial Processes,Mt CO2/yr,,,,130.003692768516,,,155.04717720853,,,,,177.7510535058,,195.100104147609,,,,,184.864967867195,201.37595242473,218.263270261406,234.879742043688,248.310497836054,254.463947690824,255.954285869149,256.756096745405,252.716899471497,242.834429504242,228.220711138856,211.923652274855,194.621186068832,176.854026046537,162.846467022109,151.533382893924,,,,Pakistan,CO2
GCAM 5.3,SSP1-noDACCS-2p6-3pctHR,PAK,Emissions|CO2|Energy|Demand,Mt CO2/yr,,,,76.3328027874395,,,81.6718117405244,,,,,99.5837812741016,,101.755599677512,,,,,97.581139375778,105.825616477891,115.048484856326,124.523563275421,133.578989879977,139.657725374072,144.545338573385,148.151041307589,148.139143452077,143.857538340313,136.833292377392,128.937537617204,120.408181960328,111.336950724553,104.475342967139,98.1144457423248,,,,Pakistan,CO2
GCAM 5.3,SSP1-noDACCS-2p6-3pctHR,PAK,Emissions|CO2|Energy|Demand|Industry,Mt CO2/yr,,,,34.3157275468438,,,30.4228512269278,,,,,33.3353352029121,,35.1328186114012,,,,,32.7833757904023,38.0776677164572,43.5339370922429,48.2206727100318,51.8985196980143,53.6957557026905,53.0472780584517,51.0371653195385,47.4896752322016,42.904115649264,38.3609788881153,34.0315401195644,29.7408520144651,25.4872458332025,21.8456996881058,18.3530003442414,,,,Pakistan,CO2
GCAM 5.3,SSP1-noDACCS-2p6-3pctHR,PAK,Emissions|CO2|Energy|Demand|Residential and Commercial,Mt CO2/yr,,,,12.5247026928046,,,15.3480108498742,,,,,19.3347317396401,,19.4156074174778,,,,,18.9747677562029,21.9466551886618,24.6231792191432,26.9685529096484,29.0314952779329,30.2100850108812,30.889851986918,31.0964443960004,30.532656668799,29.4922539069879,27.9786413881894,26.1780646471103,24.2769716161139,22.2749475127256,20.342018698572,18.7130347651848,,,,Pakistan,CO2
GCAM 5.3,SSP1-noDACCS-2p6-3pctHR,PAK,Emissions|CO2|Energy|Demand|Residential and Commercial|Commercial,Mt CO2/yr,,,,2.574058900672,,,2.9829502045106,,,,,4.5513673804273,,4.28964969661172,,,,,4.09800544359303,4.8538280627566,5.61803371427379,6.37302171420426,7.17581284293194,7.9104528932734,8.57286555878796,9.09104711584866,9.30179875720397,9.2192310541211,8.903215054951,8.43934368513881,7.88834004297881,7.26552648247691,6.69173810546516,6.19459804641858,,,,Pakistan,CO2
GCAM 5.3,SSP1-noDACCS-2p6-3pctHR,PAK,Emissions|CO2|Energy|Demand|Residential and Commercial|Residential,Mt CO2/yr,,,,9.95064379213257,,,12.3650606453636,,,,,14.7833643592128,,15.1259577208661,,,,,14.8767623126098,17.0928271259052,19.0051455048694,20.5955311954441,21.855682435001,22.2996321176078,22.31698642813,22.0053972801518,21.230857911595,20.2730228528668,19.0754263332384,17.7387209619715,16.3886315731351,15.0094210302486,13.6502805931069,12.5184367187662,,,,Pakistan,CO2
GCAM 5.3,SSP1-noDACCS-2p6-3pctHR,PAK,Emissions|CO2|Energy|Demand|Transportation,Mt CO2/yr,,,,29.4923725477912,,,35.9009496637224,,,,,46.9137143315494,,47.207173648633,,,,,45.8229958291728,45.8012935727723,46.89136854494,49.3343376557412,52.6489749040294,55.7518846605006,60.608208528015,66.0174315920502,70.116811551076,71.461168784061,70.493672101087,68.7279328505292,66.3903583297495,63.5747573786247,62.2876245804607,61.0484106328986,,,,Pakistan,CO2
GCAM 5.3,SSP1-noDACCS-2p6-3pctHR,PAK,Emissions|CO2|Energy|Supply,Mt CO2/yr,,,,35.9004856470135,,,42.5471731479245,,,,,46.8613867501732,,53.1104496691413,,,,,48.9788058301681,50.8851355983157,52.2022102975148,54.0061244512898,53.9612184187681,51.0440393315844,45.8700594111172,41.4870025484504,36.6061474164809,31.685546226302,26.770778968421,22.4862442736813,18.6583181850418,15.3954392366343,13.0318329258923,12.1453942883007,,,,Pakistan,CO2
GCAM 5.3,SSP1-noDACCS-2p6-3pctHR,PAK,Emissions|CO2|Energy|Supply|Electricity,Mt CO2/yr,,,,33.3681900834715,,,37.5443176931195,,,,,41.0729918906222,,46.64158469071,,,,,42.2334563070969,43.3577050678902,44.0215199241276,45.5075963617468,45.4855404630708,42.8664110087592,38.2571210444712,34.4709198770176,30.7365168602537,27.8414356435107,25.7178898924977,24.0896781971491,22.5076356601138,20.9992755419853,19.5301939438476,18.174706934052,,,,Pakistan,CO2
GCAM 5.3,SSP1-noDACCS-2p6-3pctHR,PAK,Emissions|CO2|Energy|Supply|Gases,Mt CO2/yr,,,,1.02219342626,,,3.243075294825,,,,,3.526325320575,,4.12228328315275,,,,,4.42102235968551,5.15704609650284,5.93353919910607,6.75651808252863,7.51018297418758,7.88810699158092,7.97998933303682,8.01332531159603,7.89603752836069,7.73532228309567,7.50550803584146,7.20688694108652,6.85289096805182,6.45777996052992,6.03725532894168,5.64065497742579,,,,Pakistan,CO2
GCAM 5.3,SSP1-noDACCS-2p6-3pctHR,PAK,Emissions|CO2|Energy|Supply|Liquids,Mt CO2/yr,,,,1.510102137282,,,1.75978015998,,,,,2.262069538976,,2.31263765228128,,,,,2.26388866312285,2.25780176724126,2.06753279419881,1.48346615889767,0.619039090488346,-0.134810066564291,-0.783387852061852,-1.41641619186219,-2.44621160069515,-4.29464477548805,-6.82998225189708,-9.15060852724369,-10.9969105232294,-12.3036775828847,-12.716828303984,-11.8033223984702,,,,Pakistan,CO2
GCAM 5.3,SSP1-noDACCS-2p6-3pctHR,PAK,Emissions|CO2|Energy|Supply|Solids,Mt CO2/yr,,,,0.0,,,0.0,,,,,0.0,,0.0,,,,,0.0,-4.03332031810278e-05,-0.0001246663274422,-0.0001283328834785,0.0,0.0,0.0,0.0,-0.0001319997367605,0.0,0.0,-0.0001393329641043,0.0,-1.09999848136819e-05,-2.93333146774881e-05,-7.33333452594671e-06,,,,Pakistan,CO2
GCAM 5.3,SSP1-noDACCS-2p6-3pctHR,PAK,Emissions|CO2|Industrial Processes,Mt CO2/yr,,,,17.7704043340634,,,30.8281923200811,,,,,31.3058854815256,,40.2340548009554,,,,,38.3050226612485,44.6652003485225,51.0125751075651,56.3500543169768,60.770289537309,63.7621829851673,65.5388878846477,67.1180528893659,67.9716086029398,67.2913449376272,64.616639793043,60.4998703839702,55.5546859234618,50.1216360853501,45.3392911290779,41.2735428632987,,,,Pakistan,CO2
GCAM 5.3,SSP1-noDACCS-2p6-3pctHR,PAK,Emissions|N2O|AFOLU,kt N2O/yr,,,,133.233032421436,,,155.807722743107,,,,,166.037855784112,,175.979073230957,,,,,187.618085181827,196.662121099291,208.252141373156,222.003163911528,236.328492908832,248.647897187681,252.530703598649,254.926163185725,256.9639140195,257.420581739026,259.115047693149,260.555682872529,260.609156801041,259.513620805885,257.14913649178,252.299853100006,,,,Pakistan,N2O
GCAM 5.3,SSP2-DACCS-2p6-3pctHR,PAK,Carbon Sequestration|CCS|Biomass,Mt CO2/yr,,,,0.0,,,0.0,,,,,0.0,,0.0,,,,,0.0,0.0,0.0,16.423774786837,34.8394520183893,45.1623010374667,50.0998395995411,52.8424768510648,53.3906774775784,51.6811208763964,44.1599139321794,36.8939479946584,2.29278267853264,0.728135802303547,0.323437979225774,0.174924608295332,,,,Pakistan,
GCAM 5.3,SSP2-DACCS-2p6-3pctHR,PAK,Carbon Sequestration|Direct Air Capture,Mt CO2/yr,,,,0.0,,,0.0,,,,,0.0,,0.0,,,,,0.0,0.0,0.0,0.0094482055589277,0.0100283441450009,0.0056405359627759,0.0030847243404294,0.0019801346366788,0.0015362460963253,0.0012638873182321,0.0001598441605312,3.6435691979002e-05,4.3776337313e-10,0.0,0.0,0.0,,,,Pakistan,
GCAM 5.3,SSP2-DACCS-2p6-3pctHR,PAK,Emissions|CH4|AFOLU,Mt CH4/yr,,,,3.42240463351875,,,4.00356026976805,,,,,4.65046271265614,,5.23856702983258,,,,,5.89041753983463,6.6013330053307,7.36299590113587,8.04862485821753,8.88133994544378,9.70452872976249,10.3919489982073,11.0847514536343,11.7058826971269,12.3356854039326,12.9896406614705,13.5461610443779,14.0277924580705,14.4228841040236,14.7707760491949,15.0506246154294,,,,Pakistan,CH4
GCAM 5.3,SSP2-DACCS-2p6-3pctHR,PAK,Emissions|CO2|AFOLU,Mt CO2/yr,,,,-11.8150074845592,,,-0.372740100013093,,,,,-17.1336747724246,,1.65064240352539,,,,,3.57824914321138,3.3261044110213,2.70243772138197,5.94228017186478,2.75439067677593,-2.76970560154816,-3.6174762701994,-4.98498947579345,-0.211919772955305,-0.0660361827755538,-2.76155209119316,-2.77422183203836,-4.06942427668517,-4.82534478192359,-5.28227198233554,-4.98561207604736,,,,Pakistan,CO2
GCAM 5.3,SSP2-DACCS-2p6-3pctHR,PAK,Emissions|CO2|Energy and Industrial Processes,Mt CO2/yr,,,,130.003692768516,,,155.04717720853,,,,,177.7510535058,,201.6013095605,,,,,234.602054710746,270.765486701552,312.606135626861,230.088999222294,230.228755379184,242.370139068126,260.317030568841,280.549251458563,298.650571246803,311.9965596712,328.949833968457,340.456289502821,409.21214603196,408.54211336876,402.89957299154,394.380684241765,,,,Pakistan,CO2
GCAM 5.3,SSP2-DACCS-2p6-3pctHR,PAK,Emissions|CO2|Energy|Demand,Mt CO2/yr,,,,76.3328027874395,,,81.6718117405244,,,,,99.5837812741016,,105.497308319933,,,,,118.46981362413,135.056582995922,154.740794453483,132.750031706629,144.286724163119,158.949708075532,176.024128788299,192.546395449317,205.906839839973,213.94694098047,221.863546312043,226.263199763258,237.103816108341,235.619389869602,232.810643939963,228.956865904914,,,,Pakistan,CO2
GCAM 5.3,SSP2-DACCS-2p6-3pctHR,PAK,Emissions|CO2|Energy|Demand|Industry,Mt CO2/yr,,,,34.3157275468438,,,30.4228512269278,,,,,33.3353352029121,,37.6104710199722,,,,,45.1515660710533,54.9979584684014,67.5572011603681,52.4763682756689,60.4848819332976,68.3604122215834,75.266030613959,80.4265534917954,82.7860590996852,81.1057176923938,78.3720523035085,72.3658591254467,66.1339361767664,56.8374932354217,47.3153856443626,38.3351520312947,,,,Pakistan,CO2
GCAM 5.3,SSP2-DACCS-2p6-3pctHR,PAK,Emissions|CO2|Energy|Demand|Residential and Commercial,Mt CO2/yr,,,,12.5247026928046,,,15.3480108498742,,,,,19.3347317396401,,19.9527350700782,,,,,21.8610330639169,24.7732671961653,28.1315158623376,24.0179142389511,25.7457632100101,27.3134288583599,28.9283865831192,30.3005148774793,31.16941667186,31.4798134506216,31.3062024889,30.5865648315999,30.0615105323213,28.7851653683233,27.3429788110889,26.0528108164365,,,,Pakistan,CO2
GCAM 5.3,SSP2-DACCS-2p6-3pctHR,PAK,Emissions|CO2|Energy|Demand|Residential and Commercial|Commercial,Mt CO2/yr,,,,2.574058900672,,,2.9829502045106,,,,,4.5513673804273,,4.47557177747353,,,,,4.92831091291097,5.6546136457534,6.56604619264453,5.30448397936757,5.66243409386228,6.16491976252589,6.76272280541661,7.33454198691839,7.78974539193885,8.07760808398746,8.33065873975616,8.45937235573762,8.77473878424489,8.66230253472958,8.45978055242697,8.21623446506574,,,,Pakistan,CO2
GCAM 5.3,SSP2-DACCS-2p6-3pctHR,PAK,Emissions|CO2|Energy|Demand|Residential and Commercial|Residential,Mt CO2/yr,,,,9.95064379213257,,,12.3650606453636,,,,,14.7833643592128,,15.4771632926046,,,,,16.9327221510059,19.1186535504119,21.5654696696931,18.7134302595836,20.0833291161479,21.1485090958341,22.1656637777026,22.965972890561,23.3796712799212,23.4022053666342,22.9755437491438,22.1271924758623,21.2867717480764,20.1228628335937,18.8831982586619,17.8365763513708,,,,Pakistan,CO2
GCAM 5.3,SSP2-DACCS-2p6-3pctHR,PAK,Emissions|CO2|Energy|Demand|Transportation,Mt CO2/yr,,,,29.4923725477912,,,35.9009496637224,,,,,46.9137143315494,,47.9341022298824,,,,,51.4572144891593,55.2853573313553,59.0520774307776,56.2557491920087,58.0560790198111,63.2758669955885,71.8297115912204,81.819327080042,91.9513640684274,101.361409837455,112.185291519635,123.310775806211,140.908369399253,149.996731265857,158.152279484512,164.568903057183,,,,Pakistan,CO2
GCAM 5.3,SSP2-DACCS-2p6-3pctHR,PAK,Emissions|CO2|Energy|Supply,Mt CO2/yr,,,,35.9004856470135,,,42.5471731479245,,,,,46.8613867501732,,55.1867315272664,,,,,64.6359056210827,72.7271832425454,82.6689625828399,54.1929090229909,38.2706582675555,29.6790396612552,24.5890068204477,22.7914499443796,22.9154064887694,24.1852371907855,30.9420640611105,36.8831512541723,73.4054543778113,73.0260977391509,70.914349269307,68.2462510156024,,,,Pakistan,CO2
GCAM 5.3,SSP2-DACCS-2p6-3pctHR,PAK,Emissions|CO2|Energy|Supply|Electricity,Mt CO2/yr,,,,33.3681900834715,,,37.5443176931195,,,,,41.0729918906222,,48.423140148444,,,,,56.436075677504,62.7114364128125,70.0675075282925,47.8994890258353,37.8881581587503,32.6780348385442,29.0938910172168,27.816018648448,28.0032630924981,28.5482684267461,32.6319437524064,35.6244804767295,51.3238729557778,49.5146281352994,47.0456828625003,44.3515154978428,,,,Pakistan,CO2
GCAM 5.3,SSP2-DACCS-2p6-3pctHR,PAK,Emissions|CO2|Energy|Supply|Gases,Mt CO2/yr,,,,1.02219342626,,,3.243075294825,,,,,3.526325320575,,4.22992342248686,,,,,5.11080282129666,6.17733970639075,7.4670230500801,7.33841658628593,8.62654197401001,9.58599282850469,10.3746376883842,11.2180666624558,12.0085093679745,12.6838581546054,13.1284339839282,13.2485569424277,12.9741167589533,12.8965345454474,12.7545703938049,12.566139219369,,,,Pakistan,CO2
GCAM 5.3,SSP2-DACCS-2p6-3pctHR,PAK,Emissions|CO2|Energy|Supply|Liquids,Mt CO2/yr,,,,1.510102137282,,,1.75978015998,,,,,2.262069538976,,2.49623869199363,,,,,2.99285368124472,3.64697595287179,4.79143697867649,-0.816632863968274,-7.98593937474203,-12.5779558661026,-15.1268696523618,-16.6760379919955,-17.6849690949972,-17.7032537803702,-15.5299667300725,-12.6800433306593,7.9958901430412,9.61654726152999,10.2678070787498,10.6668694187405,,,,Pakistan,CO2
GCAM 5.3,SSP2-DACCS-2p6-3pctHR,PAK,Emissions|CO2|Energy|Supply|Solids,Mt CO2/yr,,,,0.0,,,0.0,,,,,0.0,,-5.49999718049303e-05,,,,,0.0,0.0,0.0,0.0,-8.79998744257045e-05,0.0,0.0,0.0,-0.0001099998336878,0.0,-4.40000074668336e-05,-0.0001429996185303,0.0,-1.83332910888393e-05,-2.93333162827915e-05,0.0,,,,Pakistan,CO2
GCAM 5.3,SSP2-DACCS-2p6-3pctHR,PAK,Emissions|CO2|Industrial Processes,Mt CO2/yr,,,,17.7704043340634,,,30.8281923200811,,,,,31.3058854815256,,40.9172697133009,,,,,51.4963354655335,62.9817204630842,75.1963785905374,43.1461521853245,47.6714663246052,53.7414361796493,59.7039148578236,65.2114160120712,69.8283306202124,73.8643848582695,76.1442239063409,77.309938532602,98.7028755458082,99.8966257600073,99.1745797822702,97.1775673212486,,,,Pakistan,CO2
GCAM 5.3,SSP2-DACCS-2p6-3pctHR,PAK,Emissions|N2O|AFOLU,kt N2O/yr,,,,133.233032421436,,,155.807722743107,,,,,166.037855784112,,181.004417973252,,,,,198.285020191001,216.230518380076,236.030542627105,257.435527680282,282.16857380007,303.351542409414,317.345212166581,331.608101420105,345.645443297621,359.839352345515,371.114787837108,382.311162613254,392.563000560721,401.133309490586,408.623098021878,414.665887188291,,,,Pakistan,N2O
GCAM 5.3,SSP2-noDACCS-2p6-3pctHR,PAK,Carbon Sequestration|CCS|Biomass,Mt CO2/yr,,,,0.0,,,0.0,,,,,0.0,,0.0,,,,,0.0,0.0,0.0,30.5675958100488,49.6696454223152,58.8966063514485,62.5366833807472,61.9381307603131,58.1686851326731,54.0246631159647,34.4655099983317,2.00419561783764,0.633195001547747,0.300454299219714,0.165222099259691,0.103640838638566,,,,Pakistan,
GCAM 5.3,SSP2-noDACCS-2p6-3pctHR,PAK,Emissions|CH4|AFOLU,Mt CH4/yr,,,,3.42240463351875,,,4.00356026976805,,,,,4.65046271265614,,5.23885566827731,,,,,5.89056563861582,6.60147348569979,7.36313579846004,8.02259922622661,8.82009002898496,9.5891724069392,10.303033450411,11.008002899868,11.644751252651,12.2531742285922,12.8969126370984,13.4446356930696,13.9175742699509,14.3281898693437,14.6808426800557,14.9655774160453,,,,Pakistan,CH4
GCAM 5.3,SSP2-noDACCS-2p6-3pctHR,PAK,Emissions|CO2|AFOLU,Mt CO2/yr,,,,-11.8150074845592,,,-0.372740100013093,,,,,-17.1336747724246,,1.65456805180869,,,,,3.58925157199415,3.3289660261256,2.69457017968528,8.24732873467812,2.54216753656257,-2.28240259550482,-3.86447376035272,-3.65457231218681,-0.662286790601649,0.563171707971747,-1.9212895793029,-2.56935297076105,-3.82915120208753,-4.586046728642,-5.0306556164448,-4.7721404570279,,,,Pakistan,CO2
GCAM 5.3,SSP2-noDACCS-2p6-3pctHR,PAK,Emissions|CO2|Energy and Industrial Processes,Mt CO2/yr,,,,130.003692768516,,,155.04717720853,,,,,177.7510535058,,201.633114507444,,,,,234.62580246972,270.849613007787,312.706505098816,201.381495827085,199.460598601696,211.651470070643,231.009505365967,254.101690382859,276.077188098548,291.594620624482,321.482253347834,387.159327560032,388.076706986097,382.891664481038,375.48111868886,365.055756297337,,,,Pakistan,CO2
GCAM 5.3,SSP2-noDACCS-2p6-3pctHR,PAK,Emissions|CO2|Energy|Demand,Mt CO2/yr,,,,76.3328027874395,,,81.6718117405244,,,,,99.5837812741016,,105.524281005815,,,,,118.494103119732,135.105508096548,154.780284923372,127.00395261155,137.754263048771,152.386862812821,169.359092617752,185.198099453355,198.291889220245,207.140961320546,211.263760150657,223.448577105384,222.506541153252,219.213236896942,215.530400462073,210.753940452244,,,,Pakistan,CO2
GCAM 5.3,SSP2-noDACCS-2p6-3pctHR,PAK,Emissions|CO2|Energy|Demand|Industry,Mt CO2/yr,,,,34.3157275468438,,,30.4228512269278,,,,,33.3353352029121,,37.6344131888187,,,,,45.168064250776,55.0171524524081,67.5654355353701,49.6686513491351,57.0092580017488,64.5503317779874,71.0814463914743,75.5985057793044,77.320685684066,75.0768712071355,69.794793765875,65.1029254918247,56.6577037267694,47.4335942681882,38.7941126416153,31.1172448150965,,,,Pakistan,CO2
GCAM 5.3,SSP2-noDACCS-2p6-3pctHR,PAK,Emissions|CO2|Energy|Demand|Residential and Commercial,Mt CO2/yr,,,,12.5247026928046,,,15.3480108498742,,,,,19.3347317396401,,19.9537410147934,,,,,21.8626651858114,24.7795492044567,28.1373381924971,22.7203851733839,24.2947877678599,25.7222257328919,27.1404919963333,28.2888283522082,29.026522196813,29.3525978430354,28.9627091844381,28.7031936257778,27.6617750517691,26.4283745496228,25.1571832676052,24.08780799352,,,,Pakistan,CO2
GCAM 5.3,SSP2-noDACCS-2p6-3pctHR,PAK,Emissions|CO2|Energy|Demand|Residential and Commercial|Commercial,Mt CO2/yr,,,,2.574058900672,,,2.9829502045106,,,,,4.5513673804273,,4.47617796219693,,,,,4.92967300099518,5.66003964670225,6.57142084478275,4.94937780094602,5.27028612321538,5.75858756813536,6.31794815586765,6.81866785656007,7.23875475021722,7.56074707009046,7.66324108011696,8.03291593615981,7.97554222876046,7.82198361646892,7.62488759997839,7.40430034847141,,,,Pakistan,CO2
GCAM 5.3,SSP2-noDACCS-2p6-3pctHR,PAK,Emissions|CO2|Energy|Demand|Residential and Commercial|Residential,Mt CO2/yr,,,,9.95064379213257,,,12.3650606453636,,,,,14.7833643592128,,15.4775630525965,,,,,16.9329921848162,19.1195095577545,21.5659173477143,17.7710073724379,19.0245016446445,19.9636381647565,20.8225438404656,21.4701604956481,21.7877674465957,21.7918507729449,21.2994681043212,20.670277689618,19.6862328230086,18.6063909331539,17.5322956676268,16.6835076450486,,,,Pakistan,CO2
GCAM 5.3,SSP2-noDACCS-2p6-3pctHR,PAK,Emissions|CO2|Energy|Demand|Transportation,Mt CO2/yr,,,,29.4923725477912,,,35.9009496637224,,,,,46.9137143315494,,47.9361268022033,,,,,51.4633736831444,55.3088064396832,59.0775111955044,54.6149160890313,56.4502172791627,62.114305301942,71.1371542299446,81.3107653218419,91.9446813393663,102.711492270375,112.506257200344,129.642457987782,138.187062374714,145.351268079131,151.579104552852,155.548887643627,,,,Pakistan,CO2
GCAM 5.3,SSP2-noDACCS-2p6-3pctHR,PAK,Emissions|CO2|Energy|Supply,Mt CO2/yr,,,,35.9004856470135,,,42.5471731479245,,,,,46.8613867501732,,55.1926792314817,,,,,64.6380821141276,72.7713732038443,82.739967520672,35.148434588573,17.6974523824457,9.79298791762992,6.7798172542104,9.18463015930163,14.2393510792497,17.6853762692003,37.04734785083,71.0805196762704,71.4246017557541,70.0757430182585,67.9581413824133,65.4546997159076,,,,Pakistan,CO2
GCAM 5.3,SSP2-noDACCS-2p6-3pctHR,PAK,Emissions|CO2|Energy|Supply|Electricity,Mt CO2/yr,,,,33.3681900834715,,,37.5443176931195,,,,,41.0729918906222,,48.4275855010834,,,,,56.4365073041736,62.7485720213862,70.1337131905819,32.2561254813986,21.0613800648561,16.2373637307867,14.038302308572,16.349198549695,20.6227345041691,21.9818947807344,36.6220851614013,50.0675541078305,49.0773130518655,47.3933408956405,45.09530267392,42.5318568491738,,,,Pakistan,CO2
GCAM 5.3,SSP2-noDACCS-2p6-3pctHR,PAK,Emissions|CO2|Energy|Supply|Gases,Mt CO2/yr,,,,1.02219342626,,,3.243075294825,,,,,3.526325320575,,4.2302199867866,,,,,5.10999176303611,6.17407551054579,7.46354046751941,7.1117597770235,8.28573842649073,9.10266822495808,9.80656544791906,10.5908499051235,11.2948449831626,11.7859558368572,12.1871046737606,12.049689975421,12.1048020271859,12.0848544338046,12.0049699738035,11.8864156925069,,,,Pakistan,CO2
GCAM 5.3,SSP2-noDACCS-2p6-3pctHR,PAK,Emissions|CO2|Energy|Supply|Liquids,Mt CO2/yr,,,,1.510102137282,,,1.75978015998,,,,,2.262069538976,,2.49737960781521,,,,,2.99538261216603,3.65731653769446,4.7998390032562,-3.76531078972814,-11.2735304009286,-15.4788501037176,-17.2708123774645,-18.14008516695,-18.1901629778979,-16.612606658127,-12.497974570236,7.88919907160395,9.26633428728683,9.7541278039908,10.1590412408085,10.5000772268438,,,,Pakistan,CO2
GCAM 5.3,SSP2-noDACCS-2p6-3pctHR,PAK,Emissions|CO2|Energy|Supply|Solids,Mt CO2/yr,,,,0.0,,,0.0,,,,,0.0,,-2.56666613580426e-05,,,,,-1.46666668181966e-05,0.0,0.0,-9.89997185548003e-05,-0.0001503329584774,-0.0001906661415945,-0.0001246664742634,-0.0001283331400768,-0.0001576662525333,-0.0001869996170186,0.0,-0.0001283328857924,0.0,-5.50000870154575e-05,0.0,-2.1999939735301e-05,,,,Pakistan,CO2
GCAM 5.3,SSP2-noDACCS-2p6-3pctHR,PAK,Emissions|CO2|Industrial Processes,Mt CO2/yr,,,,17.7704043340634,,,30.8281923200811,,,,,31.3058854815256,,40.9161542701471,,,,,51.4936172358604,62.9727317073951,75.186252654772,39.2291086269615,44.008883170479,49.4716193401915,54.8705954940047,59.7189607702024,63.5459477990532,66.7682830347354,73.1711453463463,92.630230778377,94.1455640770908,93.6026845658376,91.9925768443739,88.8471161291862,,,,Pakistan,CO2
GCAM 5.3,SSP2-noDACCS-2p6-3pctHR,PAK,Emissions|N2O|AFOLU,kt N2O/yr,,,,133.233032421436,,,155.807722743107,,,,,166.037855784112,,180.976718336186,,,,,198.247575728073,216.192269873293,235.987324386034,259.095485892542,281.000815723725,300.246791259293,315.793540901876,331.145782134469,345.783503331229,359.627334058615,370.969488283977,382.398463681693,392.502618876936,401.231857559251,408.776186229515,414.803319531431,,,,Pakistan,N2O
GCAM 5.3,SSP4-DACCS-1p9-3pctHR,PAK,Carbon Sequestration|CCS|Biomass,Mt CO2/yr,,,,0.0,,,0.0,,,,,0.0,,0.0,,,,,0.030418698765336,0.728982251704441,2.73893987769451,9.52842006395326,17.956503823876,22.8170884810473,27.6898030025275,34.12347352027,41.5482944681298,47.6452664096809,51.9003257401985,48.4510703968285,54.4522293504406,62.3209247320997,71.6787318401139,83.5158091727594,,,,Pakistan,
GCAM 5.3,SSP4-DACCS-1p9-3pctHR,PAK,Carbon Sequestration|Direct Air Capture,Mt CO2/yr,,,,0.0,,,0.0,,,,,0.0,,0.0,,,,,0.000275961329754,0.09424456190102,0.186799172431421,0.335828327573645,0.535277750952919,0.805377415432455,1.28202776871428,2.01629876724784,3.3011411321286,0.99418269151797,0.285567989189587,0.0866598204787934,0.0902073435915942,0.096305085944119,0.104521613506617,0.113138875054146,,,,Pakistan,
GCAM 5.3,SSP4-DACCS-1p9-3pctHR,PAK,Emissions|CH4|AFOLU,Mt CH4/yr,,,,3.42240463351875,,,4.00356026976805,,,,,4.65046271265614,,5.28037181019854,,,,,5.83768782734262,6.48980447581046,7.11959882598122,7.76740309442822,8.43917378516385,9.08546866866311,9.72994667577296,10.345087709129,10.9060131907237,11.5697062605939,12.2735483968929,12.9962847013261,13.7402416372365,14.4852415239743,15.2232059709567,15.9663669926885,,,,Pakistan,CH4
GCAM 5.3,SSP4-DACCS-1p9-3pctHR,PAK,Emissions|CO2|AFOLU,Mt CO2/yr,,,,-11.8178374582076,,,-0.373550462041761,,,,,-17.135038447954,,0.900000330832037,,,,,2.72765096813053,0.737778002386271,-0.803745932730364,-1.97550422584525,-2.03052259794078,-6.32745555242048,-11.317073394961,-10.3046210559868,-6.74727753209798,-9.23330813214954,-7.0810019844491,-6.72488340187466,-8.51540849452127,-8.63944420971313,-8.07443789533554,-7.4425668035517,,,,Pakistan,CO2
GCAM 5.3,SSP4-DACCS-1p9-3pctHR,PAK,Emissions|CO2|Energy and Industrial Processes,Mt CO2/yr,,,,130.003692768516,,,155.04717720853,,,,,177.7510535058,,196.550157975006,,,,,178.04293531599,185.200078990257,189.184534927787,187.588095612933,182.70015767967,177.567192378124,171.894627397631,164.921451829344,155.557290815914,150.343320538833,144.036389904009,145.560428896872,135.010287203101,121.937849709952,106.142814482748,85.5594840734702,,,,Pakistan,CO2
GCAM 5.3,SSP4-DACCS-1p9-3pctHR,PAK,Emissions|CO2|Energy|Demand,Mt CO2/yr,,,,76.3328027874395,,,81.6718117405244,,,,,99.5837812741016,,101.884773023168,,,,,97.0970106216069,104.29078668966,109.463506204623,112.430275434722,115.163745169529,117.466473379544,119.459443257545,120.855441570497,121.534619595617,119.777875490443,116.942848580518,113.855292434882,110.186130377584,105.962887696526,101.069651640014,95.581549516606,,,,Pakistan,CO2
GCAM 5.3,SSP4-DACCS-1p9-3pctHR,PAK,Emissions|CO2|Energy|Demand|Industry,Mt CO2/yr,,,,34.3157275468438,,,30.4228512269278,,,,,33.3353352029121,,37.0589523342893,,,,,33.740431986299,36.8022633085909,39.1661577225203,41.1034143918341,42.7067164966182,43.3095553586807,42.5575361634275,41.4047525083915,40.1614208752326,38.1689135440114,35.4719909379787,32.61496270204,29.3811976095324,25.75413756513,21.9879618458321,18.3879010334146,,,,Pakistan,CO2
GCAM 5.3,SSP4-DACCS-1p9-3pctHR,PAK,Emissions|CO2|Energy|Demand|Residential and Commercial,Mt CO2/yr,,,,12.5247026928046,,,15.3480108498742,,,,,19.3347317396401,,19.3573368054948,,,,,17.9785271406805,19.0843861060988,19.4355219619543,19.3823626661675,19.2784488919306,19.1107307481577,18.8212437328708,18.368439256765,17.8286785311073,17.0889662597687,16.3579557119484,15.614775322224,14.8345497094749,13.9802399156633,13.0150452545495,12.1352530924223,,,,Pakistan,CO2
GCAM 5.3,SSP4-DACCS-1p9-3pctHR,PAK,Emissions|CO2|Energy|Demand|Residential and Commercial|Commercial,Mt CO2/yr,,,,2.574058900672,,,2.9829502045106,,,,,4.5513673804273,,4.34554384750368,,,,,3.91859093024776,4.14433504903782,4.20089486910473,4.1280317300612,4.06416004581801,4.04981383375353,4.00313657428389,3.90355557964431,3.7616910042885,3.49706053472322,3.26769803919228,3.05791731427258,2.84991097796591,2.64294155296646,2.4264101080807,2.21209487831408,,,,Pakistan,CO2
GCAM 5.3,SSP4-DACCS-1p9-3pctHR,PAK,Emissions|CO2|Energy|Demand|Residential and Commercial|Residential,Mt CO2/yr,,,,9.95064379213257,,,12.3650606453636,,,,,14.7833643592128,,15.0117929579912,,,,,14.0599362104327,14.940051057061,15.2346270928496,15.2543309361063,15.2142888461126,15.0609169144041,14.8181071585869,14.4648836771207,14.0669875268188,13.5919057250455,13.0902576727561,12.5568580079515,11.984638731509,11.3372983626968,10.5886351464688,9.92315821410823,,,,Pakistan,CO2
GCAM 5.3,SSP4-DACCS-1p9-3pctHR,PAK,Emissions|CO2|Energy|Demand|Transportation,Mt CO2/yr,,,,29.4923725477912,,,35.9009496637224,,,,,46.9137143315494,,45.4684838833843,,,,,45.3780514946273,48.4041372749704,50.8618265201485,51.94449837672,53.1785797809796,55.046187272706,58.0806633612463,61.0822498053408,63.5445201892771,64.5199956866632,65.1129019305906,65.6255544106177,65.970383058577,66.2285102157331,66.0666445396328,65.0583953907691,,,,Pakistan,CO2
GCAM 5.3,SSP4-DACCS-1p9-3pctHR,PAK,Emissions|CO2|Energy|Supply,Mt CO2/yr,,,,35.9004856470135,,,42.5471731479245,,,,,46.8613867501732,,53.4155887889497,,,,,48.8163935811118,45.3394408649037,41.2358461247708,34.318833814981,24.42626773939,15.4841650460701,6.76873601469803,-2.25277046292874,-12.2150369194501,-19.9594964626033,-25.1627764486072,-21.672088343006,-27.6308359274399,-35.3176837428487,-44.1204673295668,-55.5180939338382,,,,Pakistan,CO2
GCAM 5.3,SSP4-DACCS-1p9-3pctHR,PAK,Emissions|CO2|Energy|Supply|Electricity,Mt CO2/yr,,,,33.3681900834715,,,37.5443176931195,,,,,41.0729918906222,,46.9869913478112,,,,,42.2597819890423,38.3696963121233,34.5955175093027,29.4939189318996,21.9885178470387,15.3688560508371,8.74108208687799,1.73062383005143,-5.9360223878607,-11.8542690775588,-14.9271870086395,-9.71096025117642,-13.0202727997607,-17.3545611521543,-21.9299557079551,-28.1665565834505,,,,Pakistan,CO2
GCAM 5.3,SSP4-DACCS-1p9-3pctHR,PAK,Emissions|CO2|Energy|Supply|Gases,Mt CO2/yr,,,,1.02219342626,,,3.243075294825,,,,,3.526325320575,,4.12782513041836,,,,,4.28864530181096,4.87253921628738,5.36557883746007,5.94283983294798,6.44373949938616,6.57678214699639,6.61770144410085,6.7310275989729,6.86609193578385,7.01390160072456,7.23096308831571,7.42514033638304,7.61506269717517,7.79875645195222,8.01973253390098,8.2533243194935,,,,Pakistan,CO2
GCAM 5.3,SSP4-DACCS-1p9-3pctHR,PAK,Emissions|CO2|Energy|Supply|Liquids,Mt CO2/yr,,,,1.510102137282,,,1.75978015998,,,,,2.262069538976,,2.26457250908281,,,,,2.2391361704905,2.06254952832348,1.25390763548383,-1.10947868161006,-3.97662491273804,-6.39892807136603,-8.48931584199146,-10.5274959062858,-12.931911104538,-15.0352469644792,-17.408348337643,-19.3856224715807,-22.1395673632931,-25.5770199403788,-29.9101374939474,-35.2130662163275,,,,Pakistan,CO2
GCAM 5.3,SSP4-DACCS-1p9-3pctHR,PAK,Emissions|CO2|Energy|Supply|Solids,Mt CO2/yr,,,,0.0,,,0.0,,,,,0.0,,-4.76666362013502e-05,,,,,-1.10000069376905e-05,-3.66665752814114e-05,-0.0001686664787467,0.0,-0.0001796657109495,-9.16665614593097e-05,-0.0001136663743898,-0.0002163325380088,0.0,0.0,0.0,0.0,0.0,-4.39998032349851e-05,-4.03331675881413e-05,-2.1999980019138e-05,,,,Pakistan,CO2
GCAM 5.3,SSP4-DACCS-1p9-3pctHR,PAK,Emissions|CO2|Industrial Processes,Mt CO2/yr,,,,17.7704043340634,,,30.8281923200811,,,,,31.3058854815256,,41.2497961628879,,,,,32.1295358906853,35.5710373119525,38.4875131140667,40.8431050987958,43.1165417724387,44.6258036126371,45.6781110592628,46.3361593338806,46.2673475463058,50.5300799244236,52.2587243423253,53.3778610076799,52.4556314898516,51.2932988367433,49.1942958658397,45.4966955768238,,,,Pakistan,CO2
GCAM 5.3,SSP4-DACCS-1p9-3pctHR,PAK,Emissions|N2O|AFOLU,kt N2O/yr,,,,133.233032421436,,,155.807722743107,,,,,166.037855784112,,181.76366800467,,,,,197.628547099916,216.302416997847,235.065388344383,254.252988427501,275.132661421846,292.9688181306,307.961425171956,322.029988971869,334.091605476339,348.392067447377,364.699236699103,381.783812908259,399.297661913136,416.424959462578,433.490361755769,450.586350544119,,,,Pakistan,N2O
GCAM 5.3,SSP4-DACCS-2p6-3pctHR,PAK,Carbon Sequestration|CCS|Biomass,Mt CO2/yr,,,,0.0,,,0.0,,,,,0.0,,0.0,,,,,0.04686422092705,0.403894724251032,1.30196974336087,4.21849042116576,8.37025118389852,11.5200503478172,14.6031883084615,18.2879741367232,23.6679556558762,31.9496187162692,41.3133503950839,49.3330903769057,53.5926234600554,51.5509496698219,58.0518668824768,67.8588689003669,,,,Pakistan,
GCAM 5.3,SSP4-DACCS-2p6-3pctHR,PAK,Carbon Sequestration|Direct Air Capture,Mt CO2/yr,,,,0.0,,,0.0,,,,,0.0,,0.0,,,,,0.0001452383108034,0.0452458582465928,0.079167417863704,0.125047245034597,0.199492564135686,0.273991198200894,0.326735339350062,0.405069560363248,0.500698568070481,0.666018126770864,1.23646418047216,1.5987765904672,0.357074012704669,0.0911190132437012,0.0918705812828166,0.101394899076027,,,,Pakistan,
GCAM 5.3,SSP4-DACCS-2p6-3pctHR,PAK,Emissions|CH4|AFOLU,Mt CH4/yr,,,,3.42240463351875,,,4.00356026976805,,,,,4.65046271265614,,5.27977884803043,,,,,5.85645489091659,6.51127040304736,7.14246451833344,7.7947557697064,8.47988735695806,9.14949567700421,9.83267605914096,10.5070443453473,11.1720063756401,11.8317383533587,12.4700730348133,13.0735393194433,13.7627526551761,14.495133148551,15.2454327950406,15.9991778700097,,,,Pakistan,CH4
GCAM 5.3,SSP4-DACCS-2p6-3pctHR,PAK,Emissions|CO2|AFOLU,Mt CO2/yr,,,,-11.8178374582076,,,-0.373550462041761,,,,,-17.135038447954,,0.923058267015372,,,,,2.27532088176778,0.415778829700639,-1.19882925884038,-3.34448619701526,-3.50029920899075,-6.34760927080016,-11.4925880502367,-10.8693660170602,-8.25995164813529,-5.88638452207554,-4.59361161017259,-3.95752788416984,-8.6059049155359,-9.1063839962196,-8.21432081904196,-7.71814469468302,,,,Pakistan,CO2
GCAM 5.3,SSP4-DACCS-2p6-3pctHR,PAK,Emissions|CO2|Energy and Industrial Processes,Mt CO2/yr,,,,130.003692768516,,,155.04717720853,,,,,177.7510535058,,196.550597664268,,,,,190.914937995354,203.694230672007,213.343772323195,222.142611563014,226.089333410933,226.042464904655,225.631825660199,224.48682882086,218.334790117696,209.076535739389,196.174797764781,183.754682852101,176.443872540531,175.28118255335,162.205384207013,146.817432231056,,,,Pakistan,CO2
GCAM 5.3,SSP4-DACCS-2p6-3pctHR,PAK,Emissions|CO2|Energy|Demand,Mt CO2/yr,,,,76.3328027874395,,,81.6718117405244,,,,,99.5837812741016,,101.883528724068,,,,,101.51585863825,110.684265369621,117.699260405935,122.945843592662,127.621725989204,131.358604629231,135.014426895784,138.176130539639,139.397325781373,139.304407387272,137.597377759635,135.108866705787,132.540864862193,129.173480506985,125.655589410635,122.348474617168,,,,Pakistan,CO2
GCAM 5.3,SSP4-DACCS-2p6-3pctHR,PAK,Emissions|CO2|Energy|Demand|Industry,Mt CO2/yr,,,,34.3157275468438,,,30.4228512269278,,,,,33.3353352029121,,37.0578143907051,,,,,36.464619496198,40.7525287813841,44.117015379234,47.021078216779,49.4804375900886,51.0462003484636,51.4113785640949,51.4663693155815,50.9654056481421,49.978282330372,48.5258916963016,46.8144907448323,44.9060432293007,41.6721754244578,37.8896379321634,33.8506931212307,,,,Pakistan,CO2
GCAM 5.3,SSP4-DACCS-2p6-3pctHR,PAK,Emissions|CO2|Energy|Demand|Residential and Commercial,Mt CO2/yr,,,,12.5247026928046,,,15.3480108498742,,,,,19.3347317396401,,19.357700652475,,,,,18.9338865094414,20.3028276512895,20.898737430669,21.1273149767248,21.3184090288545,21.3563548680876,21.3301271118222,21.2204355663438,20.8950617744762,20.481903390244,19.9414071334391,19.3084897509155,18.6058503509219,17.7581468147429,16.8137209750953,15.9866072615029,,,,Pakistan,CO2
GCAM 5.3,SSP4-DACCS-2p6-3pctHR,PAK,Emissions|CO2|Energy|Demand|Residential and Commercial|Commercial,Mt CO2/yr,,,,2.574058900672,,,2.9829502045106,,,,,4.5513673804273,,4.34582189090763,,,,,4.18330421209526,4.49167738532219,4.62198001425985,4.64005840779822,4.66008070308017,4.68752254889545,4.70582640007749,4.68218196979741,4.55786311792231,4.40565838765305,4.21025498108675,3.99366219231544,3.76697267095694,3.54078207547196,3.32199819732644,3.12515058044915,,,,Pakistan,CO2
GCAM 5.3,SSP4-DACCS-2p6-3pctHR,PAK,Emissions|CO2|Energy|Demand|Residential and Commercial|Residential,Mt CO2/yr,,,,9.95064379213257,,,12.3650606453636,,,,,14.7833643592128,,15.0118787615674,,,,,14.7505822973462,15.8111502659673,16.2767574164092,16.4872565689266,16.6583283257743,16.6688323191922,16.6243007117447,16.5382535965464,16.3371986565539,16.0762450025909,15.7311521523524,15.3148275586,14.838877679965,14.2173647392709,13.4917227777688,12.8614566810537,,,,Pakistan,CO2
GCAM 5.3,SSP4-DACCS-2p6-3pctHR,PAK,Emissions|CO2|Energy|Demand|Transportation,Mt CO2/yr,,,,29.4923725477912,,,35.9009496637224,,,,,46.9137143315494,,45.4680136808874,,,,,46.1173526326109,49.6289089369475,52.6835075960323,54.7974503991586,56.822879370261,58.9560494126798,62.2729212198669,65.4893256577136,67.5368583587542,68.8442216666557,69.130078929894,68.9858862100397,69.0289712819703,69.7431582677841,70.9522305033764,72.5111742344343,,,,Pakistan,CO2
GCAM 5.3,SSP4-DACCS-2p6-3pctHR,PAK,Emissions|CO2|Energy|Supply,Mt CO2/yr,,,,35.9004856470135,,,42.5471731479245,,,,,46.8613867501732,,53.4177182523608,,,,,51.8104072758412,50.179392866733,48.3941930196111,48.0070109179112,43.9863466828682,37.2062373735658,30.6244371706427,24.1302925406925,14.9788577257393,4.70505814002856,-6.31455227322159,-15.4399978577177,-20.8550962559358,-19.6626166623395,-26.3860266982188,-36.1281647251962,,,,Pakistan,CO2
GCAM 5.3,SSP4-DACCS-2p6-3pctHR,PAK,Emissions|CO2|Energy|Supply|Electricity,Mt CO2/yr,,,,33.3681900834715,,,37.5443176931195,,,,,41.0729918906222,,46.9890812369538,,,,,44.9848830989326,42.6961592522471,40.6107659526632,40.4764522422584,37.3809102868782,31.8974892715181,26.6981680003882,21.6797222163002,14.8539845672386,7.90864415524909,1.05927026325981,-3.73376447859675,-6.06621392373905,-3.07956979576922,-7.75313452842717,-15.0922445960972,,,,Pakistan,CO2
GCAM 5.3,SSP4-DACCS-2p6-3pctHR,PAK,Emissions|CO2|Energy|Supply|Gases,Mt CO2/yr,,,,1.02219342626,,,3.243075294825,,,,,3.526325320575,,4.12778846597505,,,,,4.47418859147889,5.09635587457388,5.65879852959434,6.34925827195175,6.95878429011758,7.22571733889917,7.38683908010722,7.62688319834577,7.85148416566713,8.08173886267743,8.34564981442798,8.61941940555204,8.83625168586303,8.99815125468147,9.24744269986374,9.52522180171353,,,,Pakistan,CO2
GCAM 5.3,SSP4-DACCS-2p6-3pctHR,PAK,Emissions|CO2|Energy|Supply|Liquids,Mt CO2/yr,,,,1.510102137282,,,1.75978015998,,,,,2.262069538976,,2.26459905995879,,,,,2.30289649109239,2.30694038473405,2.01512427213707,1.04666974875741,-0.503956658818697,-2.08941077726736,-3.61912124349734,-5.29979399855079,-7.82067777200686,-11.3243791694812,-15.7119305353442,-20.2852489671222,-23.6745569630536,-25.7158414828697,-27.9189326158199,-30.4816810986853,,,,Pakistan,CO2
GCAM 5.3,SSP4-DACCS-2p6-3pctHR,PAK,Emissions|CO2|Energy|Supply|Solids,Mt CO2/yr,,,,0.0,,,0.0,,,,,0.0,,0.0,,,,,-1.46666656855631e-05,-7.33330815164765e-06,0.0,0.0,-2.19999702976305e-05,0.0,0.0,-0.000186999616456,-0.0001136664813345,0.0,0.0,0.0,0.0,0.0,-4.39998742775749e-05,0.0,,,,Pakistan,CO2
GCAM 5.3,SSP4-DACCS-2p6-3pctHR,PAK,Emissions|CO2|Industrial Processes,Mt CO2/yr,,,,17.7704043340634,,,30.8281923200811,,,,,31.3058854815256,,41.2493506878397,,,,,37.5886745944256,42.8311398160599,47.2513034358972,51.1912880866928,54.483655350068,57.4808054548349,59.9966066138238,62.1847492581825,63.9637405611606,65.0733389358405,64.8996356861988,64.0944470606335,64.7609846003698,65.7709516517944,62.9364349491114,60.5977614057105,,,,Pakistan,CO2
GCAM 5.3,SSP4-DACCS-2p6-3pctHR,PAK,Emissions|N2O|AFOLU,kt N2O/yr,,,,133.233032421436,,,155.807722743107,,,,,166.037855784112,,181.729310093592,,,,,197.910413378098,216.339980443626,234.729464845429,253.296520479858,273.991158380891,292.579801219662,308.902970516423,324.883709838709,340.285609306544,356.409843896861,371.664825159136,385.481209172961,400.007618604846,416.426330633892,433.657421445855,450.918884360948,,,,Pakistan,N2O
GCAM 5.3,SSP4-highcostDACCS-2p6-3pctHR,PAK,Carbon Sequestration|CCS|Biomass,Mt CO2/yr,,,,0.0,,,0.0,,,,,0.0,,0.0,,,,,0.029948364,0.692305853,2.560394346,8.920779113,16.96157074,21.72151036,26.50610456,32.92258047,41.20498254,53.18993908,66.2059222,72.06281045,79.39617349,86.77050477,94.84558843,105.6819364,,,,Pakistan,
GCAM 5.3,SSP4-highcostDACCS-2p6-3pctHR,PAK,Carbon Sequestration|Direct Air Capture,Mt CO2/yr,,,,0.0,,,0.0,,,,,0.0,,0.0,,,,,2.12e-06,5.34e-06,1.03e-05,1.76e-05,2.72e-05,3.87e-05,4.89e-05,6.49e-05,8.68e-05,0.000125658,0.000199069,0.000165899,0.000116728,7.14e-05,5.12e-05,4.34e-05,,,,Pakistan,
GCAM 5.3,SSP4-highcostDACCS-2p6-3pctHR,PAK,Emissions|CH4|AFOLU,Mt CH4/yr,,,,3.422404634,,,4.00356027,,,,,4.650462713,,5.280359906,,,,,5.839415212,6.491320451,7.12155368,7.770122715,8.443980089,9.092889734,9.742821876,10.36645703,10.93474152,11.53343247,12.15728961,12.82549229,13.54645642,14.28989848,15.04112962,15.80017682,,,,Pakistan,CH4
GCAM 5.3,SSP4-highcostDACCS-2p6-3pctHR,PAK,Emissions|CO2|AFOLU,Mt CO2/yr,,,,-11.81783746,,,-0.373550462,,,,,-17.13503845,,0.900202276,,,,,2.688742053,0.706723733,-0.844340053,-2.13602573,-2.200598969,-6.402832615,-11.43278577,-10.48012904,-6.346667281,-5.207634875,-2.245368013,-3.378426443,-7.793530115,-8.228994878,-8.319363538,-8.260800407,,,,Pakistan,CO2
GCAM 5.3,SSP4-highcostDACCS-2p6-3pctHR,PAK,Emissions|CO2|Energy and Industrial Processes,Mt CO2/yr,,,,130.0036928,,,155.0471772,,,,,177.7510535,,196.5476503,,,,,179.0401395,186.7327575,191.2689575,190.6618916,186.7050264,182.3060078,177.4788873,171.6494376,162.4322474,148.6758405,131.7763072,122.9043977,108.5082818,94.93210457,83.25177709,70.69063179,,,,Pakistan,CO2
GCAM 5.3,SSP4-highcostDACCS-2p6-3pctHR,PAK,Emissions|CO2|Energy|Demand,Mt CO2/yr,,,,76.33280279,,,81.67181174,,,,,99.58378127,,101.8837009,,,,,97.44365494,104.7941988,110.1210961,113.2413339,116.1536371,118.6918895,120.9207637,122.658786,123.4430912,122.5782211,119.8696237,116.9721466,111.7500288,106.9107497,103.5167604,101.4907748,,,,Pakistan,CO2
GCAM 5.3,SSP4-highcostDACCS-2p6-3pctHR,PAK,Emissions|CO2|Energy|Demand|Industry,Mt CO2/yr,,,,34.31572755,,,30.42285123,,,,,33.3353352,,37.05871361,,,,,33.95958916,37.10990398,39.54790342,41.53099419,43.22206403,43.95578778,43.35004479,42.43270159,41.26233493,39.4240184,37.01258466,34.36503133,31.06214166,27.37654126,23.76503378,20.43322622,,,,Pakistan,CO2
GCAM 5.3,SSP4-highcostDACCS-2p6-3pctHR,PAK,Emissions|CO2|Energy|Demand|Residential and Commercial,Mt CO2/yr,,,,12.52470269,,,15.34801085,,,,,19.33473174,,19.35718956,,,,,18.05396315,19.18492628,19.55820658,19.53113941,19.46287169,19.35190111,19.12796922,18.77706799,18.2982341,17.70319286,16.98551761,16.24334476,15.32684341,14.39862497,13.49861938,12.76887005,,,,Pakistan,CO2
GCAM 5.3,SSP4-highcostDACCS-2p6-3pctHR,PAK,Emissions|CO2|Energy|Demand|Residential and Commercial|Commercial,Mt CO2/yr,,,,2.574058901,,,2.982950205,,,,,4.55136738,,4.345416397,,,,,3.938060946,4.172419037,4.235291324,4.170181231,4.11540183,4.115368997,4.083569891,4.004720389,3.881467322,3.695948461,3.467444985,3.252094647,2.967846974,2.72356407,2.536884631,2.405532531,,,,Pakistan,CO2
GCAM 5.3,SSP4-highcostDACCS-2p6-3pctHR,PAK,Emissions|CO2|Energy|Demand|Residential and Commercial|Residential,Mt CO2/yr,,,,9.950643792,,,12.36506065,,,,,14.78336436,,15.01177316,,,,,14.1159022,15.01250725,15.32291525,15.36095818,15.34746986,15.23653211,15.04439933,14.7723476,14.41676678,14.0072444,13.51807262,12.99125011,12.35899644,11.6750609,10.96173475,10.36333752,,,,Pakistan,CO2
GCAM 5.3,SSP4-highcostDACCS-2p6-3pctHR,PAK,Emissions|CO2|Energy|Demand|Transportation,Mt CO2/yr,,,,29.49237255,,,35.90094966,,,,,46.91371433,,45.4677977,,,,,45.43010263,48.49936857,51.01498612,52.17920035,53.46870141,55.38420059,58.44274969,61.4490164,63.88252213,65.4510098,65.87152146,66.36377052,65.36104378,65.13558343,66.25310719,68.28867849,,,,Pakistan,CO2
GCAM 5.3,SSP4-highcostDACCS-2p6-3pctHR,PAK,Emissions|CO2|Energy|Supply,Mt CO2/yr,,,,35.90048565,,,42.54717315,,,,,46.86138675,,53.41403227,,,,,49.03872101,45.7485987,41.86621715,35.56224586,26.1917809,17.42505751,8.813422216,-0.167976881,-11.16759869,-24.9226132,-39.16020284,-45.27486895,-52.85152669,-60.2051554,-67.65501657,-77.87968598,,,,Pakistan,CO2
GCAM 5.3,SSP4-highcostDACCS-2p6-3pctHR,PAK,Emissions|CO2|Energy|Supply|Electricity,Mt CO2/yr,,,,33.36819008,,,37.54431769,,,,,41.07299189,,46.98561649,,,,,42.46261962,38.7403987,35.12279503,30.50164605,23.4138488,16.9168472,10.39854222,3.48891513,-4.737421371,-14.99836318,-24.87412521,-27.51293825,-30.66624352,-33.6648242,-37.60759834,-45.65545554,,,,Pakistan,CO2
GCAM 5.3,SSP4-highcostDACCS-2p6-3pctHR,PAK,Emissions|CO2|Energy|Supply|Gases,Mt CO2/yr,,,,1.022193426,,,3.243075295,,,,,3.526325321,,4.127861983,,,,,4.304920285,4.890500464,5.387930488,5.97100183,6.48113046,6.628679147,6.687784721,6.834766334,6.962645082,7.061509651,7.219735382,7.34406036,7.533003213,7.732009749,8.003402397,8.285166996,,,,Pakistan,CO2
GCAM 5.3,SSP4-highcostDACCS-2p6-3pctHR,PAK,Emissions|CO2|Energy|Supply|Liquids,Mt CO2/yr,,,,1.510102137,,,1.75978016,,,,,2.262069539,,2.264305916,,,,,2.240633247,2.078949909,1.326260681,-0.9146447,-3.688682901,-6.074472503,-8.184292752,-10.30915151,-13.1259982,-16.62273039,-21.0846913,-24.81144789,-29.40568836,-33.93159038,-37.62275351,-39.94965203,,,,Pakistan,CO2
GCAM 5.3,SSP4-highcostDACCS-2p6-3pctHR,PAK,Emissions|CO2|Energy|Supply|Solids,Mt CO2/yr,,,,0.0,,,0.0,,,,,0.0,,0.0,,,,,0.0,-3.3e-05,-0.000146666,0.0,0.0,0.0,-0.000146666,-8.8e-05,0.0,0.0,0.0,-3.67e-06,0.0,0.0,0.0,0.0,,,,Pakistan,CO2
GCAM 5.3,SSP4-highcostDACCS-2p6-3pctHR,PAK,Emissions|CO2|Industrial Processes,Mt CO2/yr,,,,17.77040433,,,30.82819232,,,,,31.30588548,,41.24991722,,,,,32.55776362,36.18996004,39.28164448,41.85831217,44.35960893,46.18906161,47.74470237,49.15862989,50.15675672,51.02023525,51.06689044,51.20712345,49.60978204,48.22651176,47.39003434,47.07954389,,,,Pakistan,CO2
GCAM 5.3,SSP4-highcostDACCS-2p6-3pctHR,PAK,Emissions|N2O|AFOLU,kt N2O/yr,,,,133.2330324,,,155.8077227,,,,,166.0378558,,181.76303,,,,,197.663624,216.3068158,235.0489228,254.1888882,275.070331,292.9685279,308.0991533,322.384254,335.0007816,349.6719323,365.9331724,382.3770435,398.5138624,415.1549565,432.0243829,449.0137032,,,,Pakistan,N2O
GCAM 5.3,SSP4-medcostDACCS-2p6-3pctHR,PAK,Carbon Sequestration|CCS|Biomass,Mt CO2/yr,,,,0.0,,,0.0,,,,,0.0,,0.0,,,,,0.057901145,0.591809657,1.966780809,6.729839984,13.05468666,17.20559814,21.19677303,26.57354103,33.80664559,44.72549252,56.69807137,65.75881752,63.92762432,68.61367852,75.21955023,85.04255868,,,,Pakistan,
GCAM 5.3,SSP4-medcostDACCS-2p6-3pctHR,PAK,Carbon Sequestration|Direct Air Capture,Mt CO2/yr,,,,0.0,,,0.0,,,,,0.0,,0.0,,,,,3.37e-05,0.002132724,0.00406222,0.007100452,0.011835094,0.018217307,0.02487443,0.035547308,0.085326555,0.135778207,0.332556136,0.493314142,0.293393534,0.034008089,0.020038494,0.018772776,,,,Pakistan,
GCAM 5.3,SSP4-medcostDACCS-2p6-3pctHR,PAK,Emissions|CH4|AFOLU,Mt CH4/yr,,,,3.422404634,,,4.00356027,,,,,4.650462713,,5.280339498,,,,,5.846456694,6.499032956,7.129009388,7.779985178,8.460853174,9.119245472,9.784085173,10.43294389,11.05061732,11.64273036,12.229945,12.89597111,13.66087456,14.4165261,15.16572928,15.91980594,,,,Pakistan,CH4
GCAM 5.3,SSP4-medcostDACCS-2p6-3pctHR,PAK,Emissions|CO2|AFOLU,Mt CO2/yr,,,,-11.81783746,,,-0.373550462,,,,,-17.13503845,,0.899273139,,,,,2.529113069,0.590461986,-0.983144087,-2.664759849,-2.722706139,-6.31620352,-11.48257991,-10.70054908,-7.407980108,-5.377567406,-2.60301131,-4.427538201,-9.276840869,-8.823915558,-8.558290228,-8.297090978,,,,Pakistan,CO2
GCAM 5.3,SSP4-medcostDACCS-2p6-3pctHR,PAK,Emissions|CO2|Energy and Industrial Processes,Mt CO2/yr,,,,130.0036928,,,155.0471772,,,,,177.7510535,,196.045641,,,,,183.1737299,192.9472353,199.3714379,202.270758,201.4990792,198.5263909,195.2533917,191.0743691,182.6789334,169.4825176,153.2536823,139.409007,137.3137529,127.7500031,117.1515596,102.8093369,,,,Pakistan,CO2
GCAM 5.3,SSP4-medcostDACCS-2p6-3pctHR,PAK,Emissions|CO2|Energy|Demand,Mt CO2/yr,,,,76.33280279,,,81.67181174,,,,,99.58378127,,101.5914433,,,,,98.81329904,106.8901436,112.8534063,116.6418775,120.24411979999999,123.1830784,125.9524778,128.2945547,129.1364452,127.7907713,125.1170313,121.7775776,117.8329537,114.2930127,110.9211559,107.4603211,,,,Pakistan,CO2
GCAM 5.3,SSP4-medcostDACCS-2p6-3pctHR,PAK,Emissions|CO2|Energy|Demand|Industry,Mt CO2/yr,,,,34.31572755,,,30.42285123,,,,,33.3353352,,36.99572075,,,,,34.87077639,38.44848687,41.20621173,43.41879039,45.43828079,46.44661097,46.1909381,45.63231456,44.667707,42.94591791,40.83433544,38.41338589,35.52798744,32.09729296,28.29234425,24.4318127,,,,Pakistan,CO2
GCAM 5.3,SSP4-medcostDACCS-2p6-3pctHR,PAK,Emissions|CO2|Energy|Demand|Residential and Commercial,Mt CO2/yr,,,,12.52470269,,,15.34801085,,,,,19.33473174,,19.29804632,,,,,18.36885584,19.60087499,20.05460341,20.12044377,20.14332398,20.08046722,19.9331368,19.67349885,19.25130362,18.66357114,17.98302542,17.21922205,16.37548661,15.52540068,14.61747431,13.81030837,,,,Pakistan,CO2
GCAM 5.3,SSP4-medcostDACCS-2p6-3pctHR,PAK,Emissions|CO2|Energy|Demand|Residential and Commercial|Commercial,Mt CO2/yr,,,,2.574058901,,,2.982950205,,,,,4.55136738,,4.307191553,,,,,4.018291304,4.288252016,4.374824669,4.339118529,4.3102072,4.317672437,4.306311236,4.254439951,4.126170127,3.916216127,3.68992563,3.451422278,3.196438285,2.982993412,2.787309658,2.605284061,,,,Pakistan,CO2
GCAM 5.3,SSP4-medcostDACCS-2p6-3pctHR,PAK,Emissions|CO2|Energy|Demand|Residential and Commercial|Residential,Mt CO2/yr,,,,9.950643792,,,12.36506065,,,,,14.78336436,,14.99085477,,,,,14.35056453,15.31262297,15.67977874,15.78132524,15.83311678,15.76279478,15.62682557,15.4190589,15.1251335,14.74735501,14.29309979,13.76779977,13.17904833,12.54240727,11.83016465,11.20502431,,,,Pakistan,CO2
GCAM 5.3,SSP4-medcostDACCS-2p6-3pctHR,PAK,Emissions|CO2|Energy|Demand|Transportation,Mt CO2/yr,,,,29.49237255,,,35.90094966,,,,,46.91371433,,45.29767628,,,,,45.57366682,48.84078175,51.59259118,53.10264337,54.66251502,56.65600022,59.8284029,62.98874128,65.21743455,66.1812822,66.29967047,66.14496965,65.9294797,66.67031906,68.01133737,69.21820006,,,,Pakistan,CO2
GCAM 5.3,SSP4-medcostDACCS-2p6-3pctHR,PAK,Emissions|CO2|Energy|Supply,Mt CO2/yr,,,,35.90048565,,,42.54717315,,,,,46.86138675,,53.16526539,,,,,49.9475965,47.49615194,44.4407388,40.57028964,33.45261703,25.33850591,17.46370891,9.34339393,-1.131719167,-13.98745163,-27.37243201,-37.01184504,-35.57254588,-40.41866346,-46.53462288,-55.7692875,,,,Pakistan,CO2
GCAM 5.3,SSP4-medcostDACCS-2p6-3pctHR,PAK,Emissions|CO2|Energy|Supply|Electricity,Mt CO2/yr,,,,33.36819008,,,37.54431769,,,,,41.07299189,,46.79154561,,,,,43.32576502,40.3480629,37.30703156,34.5525482,29.16617015,22.92777501,16.87569085,10.65126681,2.841004994,-6.324393891,-15.1296587,-20.27977811,-16.19880161,-18.39143632,-22.01444487,-28.6367357,,,,Pakistan,CO2
GCAM 5.3,SSP4-medcostDACCS-2p6-3pctHR,PAK,Emissions|CO2|Energy|Supply|Gases,Mt CO2/yr,,,,1.022193426,,,3.243075295,,,,,3.526325321,,4.141061491,,,,,4.37876706,4.976716519,5.495241751,6.110799228,6.656864972,6.844514361,6.932772836,7.106340028,7.275248682,7.441853545,7.637023821,7.84713745,8.006135474,8.22130845,8.495834047,8.795768559,,,,Pakistan,CO2
GCAM 5.3,SSP4-medcostDACCS-2p6-3pctHR,PAK,Emissions|CO2|Energy|Supply|Liquids,Mt CO2/yr,,,,1.510102137,,,1.75978016,,,,,2.262069539,,2.196363191,,,,,2.205482053,2.116042151,1.576084715,-0.14912878,-2.422057082,-4.475190313,-6.355032193,-8.354450901,-11.1253054,-14.90583897,-19.6316392,-24.30988047,-27.33716564,-30.16058826,-32.84091992,-35.64679938,,,,Pakistan,CO2
GCAM 5.3,SSP4-medcostDACCS-2p6-3pctHR,PAK,Emissions|CO2|Energy|Supply|Solids,Mt CO2/yr,,,,0.0,,,0.0,,,,,0.0,,-3.67e-05,,,,,-1.83e-05,0.0,0.0,-4.4e-05,-4.03e-05,-4.03e-05,-0.000132,0.0,-1.1e-05,-8.07e-05,0.0,0.0,0.0,0.0,-2.2e-05,-1.83e-05,,,,Pakistan,CO2
GCAM 5.3,SSP4-medcostDACCS-2p6-3pctHR,PAK,Emissions|CO2|Industrial Processes,Mt CO2/yr,,,,17.77040433,,,30.82819232,,,,,31.30588548,,41.28893222,,,,,34.41283493,38.56096219,42.07733465,45.05866108,47.80245337,50.00496386,51.83739976,53.43667278,54.67453806,55.67965852,55.51120092,54.64609124,55.05346327,53.87573389,52.76508995,51.11835788,,,,Pakistan,CO2
GCAM 5.3,SSP4-medcostDACCS-2p6-3pctHR,PAK,Emissions|N2O|AFOLU,kt N2O/yr,,,,133.2330324,,,155.8077227,,,,,166.0378558,,181.7633981,,,,,197.7940825,216.3524077,234.9507834,253.8955412,274.7891989,293.0419433,308.7078329,323.8315282,337.7623057,351.7919558,366.5114225,382.7121638,398.9581746,415.9999906,433.0976759,450.2537541,,,,Pakistan,N2O
GCAM 5.3,SSP4-noDACCS-1p9-3pctHR,PAK,Carbon Sequestration|CCS|Biomass,Mt CO2/yr,,,,0.0,,,0.0,,,,,0.0,,0.0,,,,,3.48412982273905,9.19259495482004,19.4017305087283,39.0428803201115,56.9217301111475,61.331620435489,69.7413001106111,78.835422326567,79.3244625638423,82.1356699388976,85.1274832176379,83.8546235688446,83.3324234247085,86.9005884346495,94.4246758130319,106.374056390106,,,,Pakistan,
GCAM 5.3,SSP4-noDACCS-1p9-3pctHR,PAK,Emissions|CH4|AFOLU,Mt CH4/yr,,,,3.42240463351875,,,4.00356026976805,,,,,4.65046271265614,,5.28060048566238,,,,,5.7987415322278,6.43818885312027,7.04904747507437,7.65507569050887,8.24436539060078,8.8304381117443,9.44151460231589,10.0336446723829,10.6981277225682,11.3845131239585,12.1141570173054,12.8533910110825,13.6077363092369,14.3476069049899,15.0908985924198,15.8438935857309,,,,Pakistan,CH4
GCAM 5.3,SSP4-noDACCS-1p9-3pctHR,PAK,Emissions|CO2|AFOLU,Mt CO2/yr,,,,-11.8178374582076,,,-0.373550462041761,,,,,-17.135038447954,,0.90098362684536,,,,,3.71555095603211,1.60777270684793,1.60991562739631,2.54259756334474,0.836326550702535,-8.40189257126153,-10.42575801901,-6.31508031681014,-10.0558993124557,-6.81327777015856,-7.49203966355171,-9.11759707850854,-9.78896396617358,-8.95602705427998,-8.586814393603,-7.8700949827125,,,,Pakistan,CO2
GCAM 5.3,SSP4-noDACCS-1p9-3pctHR,PAK,Emissions|CO2|Energy and Industrial Processes,Mt CO2/yr,,,,130.003692768516,,,155.04717720853,,,,,177.7510535058,,196.091975030589,,,,,149.125076655067,148.623533221971,140.232946624374,121.10041762108,103.345256638937,97.107245686322,86.9975552355657,77.4456760183321,79.2577190426036,78.5272590697249,75.1037666896716,72.8389433584802,64.8166419088019,49.9744743935906,31.5052799501732,13.3052857778513,,,,Pakistan,CO2
GCAM 5.3,SSP4-noDACCS-1p9-3pctHR,PAK,Emissions|CO2|Energy|Demand,Mt CO2/yr,,,,76.3328027874395,,,81.6718117405244,,,,,99.5837812741016,,101.624793872197,,,,,89.3652004636072,94.5930600113145,97.2140274088947,97.6696092179605,97.8976808375507,97.883526380706,97.7814791732587,97.7790012685357,98.9251706619411,99.9783551527743,98.3901859363319,93.9274317583994,86.3470915922263,78.6007079552421,72.0174153237458,68.0434237161215,,,,Pakistan,CO2
GCAM 5.3,SSP4-noDACCS-1p9-3pctHR,PAK,Emissions|CO2|Energy|Demand|Industry,Mt CO2/yr,,,,34.3157275468438,,,30.4228512269278,,,,,33.3353352029121,,37.0184461555565,,,,,29.0700018185671,31.2728461170326,32.8663472588638,33.9306947648235,34.0918475449534,33.293553342228,31.2202862682189,29.0739082132588,27.0726423170873,24.5964389797077,21.5908404517485,18.4126886030961,14.9397310972815,11.9156981316555,9.48012303013261,7.71765596510737,,,,Pakistan,CO2
GCAM 5.3,SSP4-noDACCS-1p9-3pctHR,PAK,Emissions|CO2|Energy|Demand|Residential and Commercial,Mt CO2/yr,,,,12.5247026928046,,,15.3480108498742,,,,,19.3347317396401,,19.3008824679297,,,,,16.3121890571618,17.005052927107,16.9938430717499,16.593081689065,16.2019652059281,15.8488871493886,15.3361742430447,14.7514601882397,14.1306680380991,13.5328439691921,12.8157755680871,11.9589579130939,10.9434911714508,9.91614592494539,8.92872746016679,8.19198126980871,,,,Pakistan,CO2
GCAM 5.3,SSP4-noDACCS-1p9-3pctHR,PAK,Emissions|CO2|Energy|Demand|Residential and Commercial|Commercial,Mt CO2/yr,,,,2.574058900672,,,2.9829502045106,,,,,4.5513673804273,,4.30904952878193,,,,,3.47136690494924,3.58885745537478,3.53454742426273,3.3522229912629,3.21536065158772,3.13308834980086,3.01946381147416,2.89358534385953,2.78286074694497,2.68426369807399,2.52635520010672,2.30510256677219,2.02592305558748,1.77166644572719,1.56578864645375,1.4535368284079,,,,Pakistan,CO2
GCAM 5.3,SSP4-noDACCS-1p9-3pctHR,PAK,Emissions|CO2|Energy|Demand|Residential and Commercial|Residential,Mt CO2/yr,,,,9.95064379213257,,,12.3650606453636,,,,,14.7833643592128,,14.9918329391477,,,,,12.8408221522126,13.4161954717322,13.4592956474872,13.2408586978021,12.9866045543404,12.7157987995878,12.3167104315706,11.8578748443802,11.3478072911542,10.8485802711181,10.2894203679804,9.6538553463217,8.91756811586334,8.14447947921819,7.36293881371303,6.7384444414008,,,,Pakistan,CO2
GCAM 5.3,SSP4-noDACCS-1p9-3pctHR,PAK,Emissions|CO2|Energy|Demand|Transportation,Mt CO2/yr,,,,29.4923725477912,,,35.9009496637224,,,,,46.9137143315494,,45.3054652487112,,,,,43.9830095878782,46.3151609671748,47.353837078281,47.1458327640721,47.6038680866692,48.7410858890893,51.2250186619951,53.9536328670372,57.7218603067547,61.8490722038745,63.9835699164963,63.5557852422095,60.463869323494,56.7688638986412,53.6085648334464,52.1337864812054,,,,Pakistan,CO2
GCAM 5.3,SSP4-noDACCS-1p9-3pctHR,PAK,Emissions|CO2|Energy|Supply,Mt CO2/yr,,,,35.9004856470135,,,42.5471731479245,,,,,46.8613867501732,,53.1807200394576,,,,,35.1380325641708,26.6617892576889,13.6225538868897,-7.81812560861733,-27.1308327768175,-34.0242135531888,-44.8034673375658,-55.0762744517363,-56.1954492963136,-59.6714426078805,-62.7399005185381,-60.7718071435912,-60.183069306466,-63.7990836886013,-71.1503265234346,-83.051373491063,,,,Pakistan,CO2
GCAM 5.3,SSP4-noDACCS-1p9-3pctHR,PAK,Emissions|CO2|Energy|Supply|Electricity,Mt CO2/yr,,,,33.3681900834715,,,37.5443176931195,,,,,41.0729918906222,,46.8036549999428,,,,,29.1352798997894,21.1678183545486,10.9354701257483,-5.80582882886404,-20.4379083756983,-23.7273594985937,-31.6960623844739,-39.8471048051635,-40.9142975805958,-44.5462990827252,-47.5728963258199,-44.2830075494798,-40.331746632813,-39.2499913675212,-42.0259639512978,-51.5749234470369,,,,Pakistan,CO2
GCAM 5.3,SSP4-noDACCS-1p9-3pctHR,PAK,Emissions|CO2|Energy|Supply|Gases,Mt CO2/yr,,,,1.02219342626,,,3.243075294825,,,,,3.526325320575,,4.14084141200962,,,,,3.92087404402345,4.40209694683586,4.82151804228968,5.32809640728828,5.72774149432855,5.73758081602495,5.70243780498269,5.71356699138357,5.67739179617887,5.64343332317071,5.74372036035138,5.90516331463913,6.08130320576688,6.24084895374519,6.45034133233567,6.60882757017463,,,,Pakistan,CO2
GCAM 5.3,SSP4-noDACCS-1p9-3pctHR,PAK,Emissions|CO2|Energy|Supply|Liquids,Mt CO2/yr,,,,1.510102137282,,,1.75978015998,,,,,2.262069538976,,2.19986476312254,,,,,2.10445166603938,1.20590215965588,-1.8620917300129,-6.97815473449437,-11.9589498247734,-15.4480298105694,-18.2131720765382,-20.2208587650366,-20.6124729338862,-20.359171872653,-20.4173919534163,-21.8347401654186,-25.3659461816353,-30.1854281484626,-34.8688959475431,-37.1968354717956,,,,Pakistan,CO2
GCAM 5.3,SSP4-noDACCS-1p9-3pctHR,PAK,Emissions|CO2|Energy|Supply|Solids,Mt CO2/yr,,,,0.0,,,0.0,,,,,0.0,,0.0,,,,,-3.66665813128822e-06,-9.16665366916708e-05,0.0,-0.0001026662749955,0.0,-1.46666705986769e-05,0.0,0.0,0.0,0.0,0.0,0.0,-7.33334230392763e-07,0.0,-3.66666443250123e-06,0.0,,,,Pakistan,CO2
GCAM 5.3,SSP4-noDACCS-1p9-3pctHR,PAK,Emissions|CO2|Industrial Processes,Mt CO2/yr,,,,17.7704043340634,,,30.8281923200811,,,,,31.3058854815256,,41.2864611189336,,,,,24.6218436272886,27.3686839529677,29.3963653285897,31.2489340117367,32.578408578204,33.2479328588048,34.0195433998728,34.7429492015327,36.5279976769761,38.2203465248311,39.4534812718777,39.683318743672,38.6526196230417,35.1728501269497,30.638191149862,28.3132355527928,,,,Pakistan,CO2
GCAM 5.3,SSP4-noDACCS-1p9-3pctHR,PAK,Emissions|N2O|AFOLU,kt N2O/yr,,,,133.233032421436,,,155.807722743107,,,,,166.037855784112,,181.744581960994,,,,,196.498865073035,215.326495216064,234.537028032566,254.108489639563,273.159227211684,288.563767304525,303.629590268038,318.063255272035,332.49043567515,347.78148923757,364.175596640874,380.969409432803,398.243396732134,415.373980965762,432.413947152737,449.344348309847,,,,Pakistan,N2O
GCAM 5.3,SSP4-noDACCS-2p6-3pctHR,PAK,Carbon Sequestration|CCS|Biomass,Mt CO2/yr,,,,0.0,,,0.0,,,,,0.0,,0.0,,,,,0.602458754102306,1.85084071475823,4.30953210287561,11.3645436203402,19.3984179225924,23.9202486590245,28.691287397305,34.514959187546,42.3135269565894,53.6488062524331,66.0795265900289,71.5400646267985,79.4831964104903,86.8875001092817,95.3060918985963,106.223082715501,,,,Pakistan,
GCAM 5.3,SSP4-noDACCS-2p6-3pctHR,PAK,Emissions|CH4|AFOLU,Mt CH4/yr,,,,3.42240463351875,,,4.00356026976805,,,,,4.65046271265614,,5.28003791210913,,,,,5.8390181006702,6.4907487436563,7.12109648726114,7.76936543967357,8.44312653206001,9.0925367954592,9.74295207639242,10.3666382510131,10.9351165256574,11.5333433162607,12.1569358642208,12.8259242145929,13.5426719883622,14.2854689657657,15.0364307689574,15.7958781093333,,,,Pakistan,CH4
GCAM 5.3,SSP4-noDACCS-2p6-3pctHR,PAK,Emissions|CO2|AFOLU,Mt CO2/yr,,,,-11.8178374582076,,,-0.373550462041761,,,,,-17.135038447954,,0.921377109222019,,,,,2.71410200800802,0.726192787836917,-0.845907719049072,-2.09974461317859,-2.20972770193075,-6.4430335350549,-11.4479744158509,-10.5179584637501,-6.383870635465,-5.2622746914639,-2.2791473229056,-3.44435718550764,-7.60911768208585,-8.16134876994729,-8.26740495578163,-8.23490287485053,,,,Pakistan,CO2
GCAM 5.3,SSP4-noDACCS-2p6-3pctHR,PAK,Emissions|CO2|Energy and Industrial Processes,Mt CO2/yr,,,,130.003692768516,,,155.04717720853,,,,,177.7510535058,,196.587822517155,,,,,174.976956454375,183.635091311968,188.318882175603,187.532718093048,184.588885612965,180.955416437444,176.533741254898,171.45920861842,162.849801756445,149.873762429166,133.444482993564,124.779133005117,109.514631953785,95.7371130789288,83.7580249712758,71.0331985151712,,,,Pakistan,CO2
GCAM 5.3,SSP4-noDACCS-2p6-3pctHR,PAK,Emissions|CO2|Energy|Demand,Mt CO2/yr,,,,76.3328027874395,,,81.6718117405244,,,,,99.5837812741016,,101.911268331982,,,,,97.5655409247497,105.007747956289,110.339776873472,113.565696133363,116.663318757767,119.314920497285,121.619776935618,123.460346290724,124.291994900913,123.385282054264,120.623130502272,117.62349914607,112.399046134093,107.471025344201,104.100698954347,102.018358591852,,,,Pakistan,CO2
GCAM 5.3,SSP4-noDACCS-2p6-3pctHR,PAK,Emissions|CO2|Energy|Demand|Industry,Mt CO2/yr,,,,34.3157275468438,,,30.4228512269278,,,,,33.3353352029121,,37.0790719432448,,,,,33.9970031511118,37.1824916525187,39.664136818764,41.7600687357154,43.5880560659512,44.4045740014151,43.8299979315556,42.9428388426963,41.7649010888004,39.8988202482554,37.4628395118228,34.7954938562399,31.4986876801799,27.7974015202697,24.1649535855983,20.7964604849495,,,,Pakistan,CO2
GCAM 5.3,SSP4-noDACCS-2p6-3pctHR,PAK,Emissions|CO2|Energy|Demand|Residential and Commercial,Mt CO2/yr,,,,12.5247026928046,,,15.3480108498742,,,,,19.3347317396401,,19.3599144871478,,,,,18.0725158357957,19.2176550481887,19.589272219451,19.5711006736624,19.5176024121835,19.4139188634051,19.1920477553754,18.8540768038633,18.3774346075326,17.7804745662914,17.0602361148258,16.3138135709412,15.3989718537186,14.4680145317116,13.5685236676912,12.8360093458058,,,,Pakistan,CO2
GCAM 5.3,SSP4-noDACCS-2p6-3pctHR,PAK,Emissions|CO2|Energy|Demand|Residential and Commercial|Commercial,Mt CO2/yr,,,,2.574058900672,,,2.9829502045106,,,,,4.5513673804273,,4.34680166947525,,,,,3.94833419202947,4.1858561487365,4.24698252534153,4.18245671773979,4.13073917693631,4.13122754804219,4.10039821271807,4.02588420730276,3.90322469853154,3.71512299501717,3.48511256513929,3.26694771415353,2.98401452823393,2.73719142105287,2.55139738314463,2.41837279054952,,,,Pakistan,CO2
GCAM 5.3,SSP4-noDACCS-2p6-3pctHR,PAK,Emissions|CO2|Energy|Demand|Residential and Commercial|Residential,Mt CO2/yr,,,,9.95064379213257,,,12.3650606453636,,,,,14.7833643592128,,15.0131128176725,,,,,14.1241816437662,15.0317988994522,15.3422896941095,15.3886439559226,15.3868632352472,15.2826913153629,15.0916495426573,14.8281925965605,14.4742099090011,14.0653515712742,13.5751235496865,13.0468658567877,12.4149573254847,11.7308231106587,11.0171262845465,10.4176365552563,,,,Pakistan,CO2
GCAM 5.3,SSP4-noDACCS-2p6-3pctHR,PAK,Emissions|CO2|Energy|Demand|Transportation,Mt CO2/yr,,,,29.4923725477912,,,35.9009496637224,,,,,46.9137143315494,,45.4722819015897,,,,,45.4960219378422,48.6076012555812,51.0863678352575,52.234526723985,53.5576602796322,55.4964276324653,58.5977312486874,61.6634306441648,64.1496592045802,65.7059872397173,66.1000548756236,66.5141917188886,65.5013866001943,65.2056092922199,66.3672217010571,68.3858887610969,,,,Pakistan,CO2
GCAM 5.3,SSP4-noDACCS-2p6-3pctHR,PAK,Emissions|CO2|Energy|Supply,Mt CO2/yr,,,,35.9004856470135,,,42.5471731479245,,,,,46.8613867501732,,53.4285910367386,,,,,44.8093017480301,42.3550593501256,38.5937546980061,31.9334607889089,23.2612158447686,15.0948942285312,6.77045297135207,-1.57234157415966,-12.0277336188916,-24.9613759769175,-38.6254726143161,-44.3585914601071,-52.5825837288746,-59.9772563511612,-67.7828975996091,-78.090029393079,,,,Pakistan,CO2
GCAM 5.3,SSP4-noDACCS-2p6-3pctHR,PAK,Emissions|CO2|Energy|Supply|Electricity,Mt CO2/yr,,,,33.3681900834715,,,37.5443176931195,,,,,41.0729918906222,,46.9978253253858,,,,,38.2373787383571,35.4458164187486,32.1014373405401,27.2541694217808,20.8233732913585,14.8125108901883,8.45142864194944,1.98325548044487,-5.94132750293097,-15.6011458233862,-25.0255757511821,-27.224294631483,-30.8084835404851,-33.6744325379314,-37.8257525543694,-45.8039555843482,,,,Pakistan,CO2
GCAM 5.3,SSP4-noDACCS-2p6-3pctHR,PAK,Emissions|CO2|Energy|Supply|Gases,Mt CO2/yr,,,,1.02219342626,,,3.243075294825,,,,,3.526325320575,,4.12797409687538,,,,,4.30711722940019,4.89604667916532,5.39889357466276,5.98961815824075,6.51071976293049,6.6652344336652,6.73122156187501,6.87368627080871,6.9995399760662,7.09844095665221,7.25637267709802,7.38504375362797,7.57262936777744,7.7696281373074,8.04031576809195,8.31945860090112,,,,Pakistan,CO2
GCAM 5.3,SSP4-noDACCS-2p6-3pctHR,PAK,Emissions|CO2|Energy|Supply|Liquids,Mt CO2/yr,,,,1.510102137282,,,1.75978015998,,,,,2.262069538976,,2.26654609396732,,,,,2.23399515436312,1.97352564871333,1.06174018436629,-1.32115487387734,-4.07289709171998,-6.35742606566111,-8.34880656200867,-10.2788965546462,-12.8571657457536,-16.1359082601122,-20.4699249962582,-24.2393597018544,-29.0229405022129,-33.7202464131477,-37.5532325488839,-40.0274734909688,,,,Pakistan,CO2
GCAM 5.3,SSP4-noDACCS-2p6-3pctHR,PAK,Emissions|CO2|Energy|Supply|Solids,Mt CO2/yr,,,,0.0,,,0.0,,,,,0.0,,-3.29999934712491e-05,,,,,0.0,0.0,0.0,-0.0001796659108257,0.0,0.0,-5.86665977633399e-05,0.0,0.0,-9.53330145900302e-05,-2.56666753139639e-05,-2.56666242947126e-05,-2.56666378723805e-05,-3.29999491070351e-05,-1.8333313095808e-05,0.0,,,,Pakistan,CO2
GCAM 5.3,SSP4-noDACCS-2p6-3pctHR,PAK,Emissions|CO2|Industrial Processes,Mt CO2/yr,,,,17.7704043340634,,,30.8281923200811,,,,,31.3058854815256,,41.2479631484345,,,,,32.6021137815953,36.2722840055536,39.3853506041242,42.0335611707759,44.6643510104293,46.5456017116276,48.1435113479271,49.571203901855,50.5855404744232,51.4498563518189,51.4468251056075,51.5142253191544,49.6981695485668,48.2433440858888,47.4402236165384,47.104869316398,,,,Pakistan,CO2
GCAM 5.3,SSP4-noDACCS-2p6-3pctHR,PAK,Emissions|N2O|AFOLU,kt N2O/yr,,,,133.233032421436,,,155.807722743107,,,,,166.037855784112,,181.708797893007,,,,,197.597395464967,216.224877079018,234.971743416804,254.100386167583,274.992358372481,292.968650566693,308.176678319761,322.451190410256,335.038122978826,349.677189303295,365.911557352988,382.381903418789,398.531539285184,415.141285221468,431.996818435285,448.982582054499,,,,Pakistan,N2O
GCAM 5.3,SSP5-DACCS-1p9-3pctHR,PAK,Carbon Sequestration|CCS|Biomass,Mt CO2/yr,,,,0.0,,,0.0,,,,,0.0,,0.0,,,,,0.0,0.0,0.0,29.0646938469513,60.599684209025,83.1618677228691,94.2485934255315,106.335122425029,107.919019173164,128.947861560122,154.053717623131,180.332868141847,205.571199745324,235.034074454407,264.542066545681,286.473596348553,,,,Pakistan,
GCAM 5.3,SSP5-DACCS-1p9-3pctHR,PAK,Carbon Sequestration|Direct Air Capture,Mt CO2/yr,,,,0.0,,,0.0,,,,,0.0,,0.0,,,,,0.0,0.0,0.0,0.794827508590373,1.1202481971074,1.31924030116426,1.35115978616603,2.46343548394866,0.365822894625424,0.621565564065289,1.53268890793534,2.8014483546771,8.39713222629307,9.93817768738328,11.9268758049108,14.1444580764572,,,,Pakistan,
GCAM 5.3,SSP5-DACCS-1p9-3pctHR,PAK,Emissions|CH4|AFOLU,Mt CH4/yr,,,,3.42240463351875,,,4.00356026976805,,,,,4.65046271265614,,5.18038549114706,,,,,5.82186663989917,6.61274670939237,7.52949056338552,8.32751796514994,9.22987731202441,9.93333225171066,10.4476925267906,10.8082965428636,11.1283138296022,11.3956921745361,11.5539863214914,11.6108495285048,11.5792090084613,11.4805650716104,11.332120612399,11.1374369848768,,,,Pakistan,CH4
GCAM 5.3,SSP5-DACCS-1p9-3pctHR,PAK,Emissions|CO2|AFOLU,Mt CO2/yr,,,,-11.8150074845592,,,-0.372740100013093,,,,,-17.1336747724246,,2.05086600785536,,,,,6.16245026275355,7.88272890087827,7.4996122775193,12.8844088605651,1.37596615503426,1.21703768076847,-3.98762667881271,-1.60155887359344,-3.86448399634765,-3.16573112247934,-3.2057896898251,-2.73537470744883,-1.44086050827796,-0.60637569678165,0.328435682479004,0.501564093984875,,,,Pakistan,CO2
GCAM 5.3,SSP5-DACCS-1p9-3pctHR,PAK,Emissions|CO2|Energy and Industrial Processes,Mt CO2/yr,,,,130.003692768516,,,155.04717720853,,,,,177.7510535058,,200.156329262116,,,,,242.508291270828,301.630802100709,381.064658145718,286.086040965143,296.7728550985,314.775255724674,336.459995320115,348.770109384506,371.37223667302,352.588199133851,320.69958237795,282.586285846901,240.913543041662,191.247594857673,137.426863170557,88.5173682746128,,,,Pakistan,CO2
GCAM 5.3,SSP5-DACCS-1p9-3pctHR,PAK,Emissions|CO2|Energy|Demand,Mt CO2/yr,,,,76.3328027874395,,,81.6718117405244,,,,,99.5837812741016,,103.610435212508,,,,,121.481676485747,151.732837045773,194.264771829438,178.297090195189,207.850837963563,237.327184741158,264.743984953165,286.720088892175,306.186997529974,314.531460665506,316.477130948445,313.860051116682,307.508965314107,296.084459600284,282.262971682634,267.129766984026,,,,Pakistan,CO2
GCAM 5.3,SSP5-DACCS-1p9-3pctHR,PAK,Emissions|CO2|Energy|Demand|Industry,Mt CO2/yr,,,,34.3157275468438,,,30.4228512269278,,,,,33.3353352029121,,37.8568678306796,,,,,48.1644670808677,64.5656842635614,87.6334480629496,71.176042314504,85.7517779388871,97.9310081113933,105.223930924626,107.162941695284,106.244735751388,97.7824865155917,86.6579447620579,75.0197017981151,63.6904087256304,51.7996404476191,40.7603929517602,30.9940613324423,,,,Pakistan,CO2
GCAM 5.3,SSP5-DACCS-1p9-3pctHR,PAK,Emissions|CO2|Energy|Demand|Residential and Commercial,Mt CO2/yr,,,,12.5247026928046,,,15.3480108498742,,,,,19.3347317396401,,20.258083603471,,,,,23.3983536217886,28.6914389159433,36.2363121340957,33.4875933588542,39.3190781006976,44.5636000488162,48.6469717193428,51.3084686792591,52.679808295517,52.1169679894181,49.7478249006807,46.5250543709034,43.177790335771,39.1169418557506,34.8388900762532,30.8799295850479,,,,Pakistan,CO2
GCAM 5.3,SSP5-DACCS-1p9-3pctHR,PAK,Emissions|CO2|Energy|Demand|Residential and Commercial|Commercial,Mt CO2/yr,,,,2.574058900672,,,2.9829502045106,,,,,4.5513673804273,,4.55016801542118,,,,,5.29121237609646,6.58674071612828,8.61087251726763,7.65398219164433,9.25314315609688,11.0032050328337,12.7296216137139,14.2492565018692,15.5290001154397,16.2025916928939,16.2019691942844,15.7394007157133,15.0338113269143,13.9059517509986,12.5523756615679,11.1637895245891,,,,Pakistan,CO2
GCAM 5.3,SSP5-DACCS-1p9-3pctHR,PAK,Emissions|CO2|Energy|Demand|Residential and Commercial|Residential,Mt CO2/yr,,,,9.95064379213257,,,12.3650606453636,,,,,14.7833643592128,,15.7079155880498,,,,,18.1071412456921,22.104698199815,27.6254396168281,25.8336111672099,30.0659349446007,33.5603950159826,35.9173501056289,37.0592121773899,37.1508081800773,35.9143762965243,33.5458557063962,30.7856536551901,28.1439790088568,25.210990104752,22.2865144146853,19.7161400604589,,,,Pakistan,CO2
GCAM 5.3,SSP5-DACCS-1p9-3pctHR,PAK,Emissions|CO2|Energy|Demand|Transportation,Mt CO2/yr,,,,29.4923725477912,,,35.9009496637224,,,,,46.9137143315494,,45.4954837783572,,,,,49.9188557830909,58.475713866268,70.3950116323927,73.6334545218305,82.7799819239783,94.832576580948,110.873082309196,128.248678517632,147.262453483069,164.632006160496,180.071361285707,192.315294947664,200.640766252706,205.167877296914,206.66368865462,205.255776066536,,,,Pakistan,CO2
GCAM 5.3,SSP5-DACCS-1p9-3pctHR,PAK,Emissions|CO2|Energy|Supply,Mt CO2/yr,,,,35.9004856470135,,,42.5471731479245,,,,,46.8613867501732,,55.6810798205632,,,,,68.3772088768473,83.5576717589676,105.644552871647,62.2214650155921,38.3367188006952,22.2437477983811,13.0588815117394,2.32384665719693,1.24360126287856,-25.1835491777827,-57.5946865934501,-90.7276185790187,-118.614362983374,-152.292065513549,-186.022813847833,-212.045179606838,,,,Pakistan,CO2
GCAM 5.3,SSP5-DACCS-1p9-3pctHR,PAK,Emissions|CO2|Energy|Supply|Electricity,Mt CO2/yr,,,,33.3681900834715,,,37.5443176931195,,,,,41.0729918906222,,49.0238194581108,,,,,59.8137537082252,71.8550536178315,88.8364983658438,52.4805550939539,34.2765095887593,21.4708440407242,13.9227318909409,4.16155220344036,1.68977015149686,-25.6763164293199,-59.01285009409,-91.1941231824238,-115.758877113823,-144.095140696763,-171.933371548318,-191.9530305922,,,,Pakistan,CO2
GCAM 5.3,SSP5-DACCS-1p9-3pctHR,PAK,Emissions|CO2|Energy|Supply|Gases,Mt CO2/yr,,,,1.02219342626,,,3.243075294825,,,,,3.526325320575,,4.22241773935714,,,,,5.35058091832919,7.01946033938278,9.36988323637512,10.0610606558491,12.5794541599274,14.7341222368629,16.1230772462058,17.2252414118919,17.9877210628235,18.2772388234985,18.2295873755049,18.0943677850344,17.8276319937046,17.3569542253096,16.9986239695885,16.9392713464429,,,,Pakistan,CO2
GCAM 5.3,SSP5-DACCS-1p9-3pctHR,PAK,Emissions|CO2|Energy|Supply|Liquids,Mt CO2/yr,,,,1.510102137282,,,1.75978015998,,,,,2.262069538976,,2.39761455507913,,,,,3.11146269721583,4.45779217889583,6.9898845006216,0.0808202115659549,-8.0800842709652,-13.7040060838452,-16.9846639823553,-19.1749807795593,-18.9223343316577,-17.9385327881407,-16.506855472735,-16.7900903511274,-19.3943481774511,-23.9346625918369,-29.2792960453902,-35.1316930514571,,,,Pakistan,CO2
GCAM 5.3,SSP5-DACCS-1p9-3pctHR,PAK,Emissions|CO2|Energy|Supply|Solids,Mt CO2/yr,,,,0.0,,,0.0,,,,,0.0,,-3.66666722678335e-06,,,,,0.0,0.0,0.0,0.0,0.0,-1.10000031245769e-05,-0.0002016661540452,0.0,-8.06665708004106e-05,0.0,0.0,0.0,0.0,-3.66665917586796e-05,-2.5666624705416e-05,0.0,,,,Pakistan,CO2
GCAM 5.3,SSP5-DACCS-1p9-3pctHR,PAK,Emissions|CO2|Industrial Processes,Mt CO2/yr,,,,17.7704043340634,,,30.8281923200811,,,,,31.3058854815256,,40.8648142290455,,,,,52.6494059082336,66.3402932959685,81.1553334446326,45.5775511957849,50.5994100422977,55.220726601558,58.6732603533209,59.7522155293351,63.9457007834122,63.2471681494786,61.8275235004203,59.4789322749495,52.1179828652686,47.5709304721969,41.3242211121371,33.5947882177992,,,,Pakistan,CO2
GCAM 5.3,SSP5-DACCS-1p9-3pctHR,PAK,Emissions|N2O|AFOLU,kt N2O/yr,,,,133.233032421436,,,155.807722743107,,,,,166.037855784112,,179.560964176757,,,,,196.000094556588,214.953764494233,238.530632905683,265.747424201939,293.813990209381,315.94765843194,325.180754342339,333.574087897806,339.727845533226,345.352908605325,349.170180015498,351.132940489115,351.218706232175,349.645854420469,346.761887776675,342.567140636481,,,,Pakistan,N2O
GCAM 5.3,SSP5-DACCS-2p6-3pctHR,PAK,Carbon Sequestration|CCS|Biomass,Mt CO2/yr,,,,0.0,,,0.0,,,,,0.0,,0.0,,,,,0.0,0.0,0.0,11.606827200366,30.0172426665067,46.7075024883029,57.4742629517892,68.8776581904047,81.4261297191374,94.253732130434,117.460404313931,147.076094524498,172.559003947823,201.338168086103,231.306651125219,261.23933897855,,,,Pakistan,
GCAM 5.3,SSP5-DACCS-2p6-3pctHR,PAK,Carbon Sequestration|Direct Air Capture,Mt CO2/yr,,,,0.0,,,0.0,,,,,0.0,,0.0,,,,,0.0,0.0,0.0,0.313560000505452,0.498372422326496,0.612555054274768,0.618480374278517,0.648200069085707,0.720247444936701,0.568787455436446,1.86417104947008,8.46959413206459,11.6399220798016,14.719162240914,17.5450669601079,20.0335425642474,,,,Pakistan,
GCAM 5.3,SSP5-DACCS-2p6-3pctHR,PAK,Emissions|CH4|AFOLU,Mt CH4/yr,,,,3.42240463351875,,,4.00356026976805,,,,,4.65046271265614,,5.18038559125373,,,,,5.82184524452805,6.61270124601138,7.52950548857123,8.36521765779584,9.27641181206973,10.0249472804383,10.639366995255,11.0402435948526,11.2851637601929,11.4569740190246,11.5565829702724,11.5793595664039,11.5590213678754,11.4703697537993,11.3208853343286,11.1171565493056,,,,Pakistan,CH4
GCAM 5.3,SSP5-DACCS-2p6-3pctHR,PAK,Emissions|CO2|AFOLU,Mt CO2/yr,,,,-11.8150074845592,,,-0.372740100013093,,,,,-17.1336747724246,,2.05089065591836,,,,,6.15738283451148,7.87589695183493,7.48895276435535,9.29516132112335,1.47122507514594,0.907374609945156,-5.90115666465271,-2.34296500422346,-1.72299699572765,-1.50951716384956,-0.594703634883249,2.20136193376923,-1.20734255241332,-1.09116480451054,-0.505525428489255,0.112598580486774,,,,Pakistan,CO2
GCAM 5.3,SSP5-DACCS-2p6-3pctHR,PAK,Emissions|CO2|Energy and Industrial Processes,Mt CO2/yr,,,,130.003692768516,,,155.04717720853,,,,,177.7510535058,,200.156329309783,,,,,242.498190767336,301.58587759798,381.125814169475,336.372233189583,370.862450168018,403.751388892229,433.207139001418,452.995133363868,458.351090073565,454.672704466998,423.363481337719,372.679746255518,333.13851262647,283.983980027504,231.294528366785,176.685865224818,,,,Pakistan,CO2
GCAM 5.3,SSP5-DACCS-2p6-3pctHR,PAK,Emissions|CO2|Energy|Demand,Mt CO2/yr,,,,76.3328027874395,,,81.6718117405244,,,,,99.5837812741016,,103.610435289826,,,,,121.451850969045,151.668007129886,194.234598992907,193.400144173612,229.077528377,263.525423393097,294.895733902987,320.79574195377,339.848249101727,351.192361187946,354.110185562924,351.833425577203,347.276718064061,338.584274967834,327.900219384302,315.496922130366,,,,Pakistan,CO2
GCAM 5.3,SSP5-DACCS-2p6-3pctHR,PAK,Emissions|CO2|Energy|Demand|Industry,Mt CO2/yr,,,,34.3157275468438,,,30.4228512269278,,,,,33.3353352029121,,37.856867900726,,,,,48.153435539132,64.5449864763559,87.6222114963241,79.4424645062341,96.2013083546098,110.445612779328,119.642503562783,123.876938115976,123.250376416075,117.413116752667,108.007270910596,97.8237651527045,87.6799986848896,75.6734536973863,63.2297072362328,51.0424376396996,,,,Pakistan,CO2
GCAM 5.3,SSP5-DACCS-2p6-3pctHR,PAK,Emissions|CO2|Energy|Demand|Residential and Commercial,Mt CO2/yr,,,,12.5247026928046,,,15.3480108498742,,,,,19.3347317396401,,20.2580836068931,,,,,23.3946012563283,28.6857698281763,36.2409934224083,36.8454287952296,44.0828184556614,50.6710669422019,55.9296519401008,59.770904481697,61.8566744517702,62.3200225120697,60.5147358965533,57.6966071162746,54.1904344409707,49.5737001988756,44.3615330750861,39.2262814021978,,,,Pakistan,CO2
GCAM 5.3,SSP5-DACCS-2p6-3pctHR,PAK,Emissions|CO2|Energy|Demand|Residential and Commercial|Commercial,Mt CO2/yr,,,,2.574058900672,,,2.9829502045106,,,,,4.5513673804273,,4.55016801543285,,,,,5.28804125759966,6.58011991195715,8.61026148214297,8.60891839657462,10.6894515802,12.9061606122868,15.061898019724,17.0282729220465,18.5990339197625,19.6712574943754,19.9253973622829,19.67894605459,19.0427794123665,17.865581229186,16.3221573809326,14.6202437642109,,,,Pakistan,CO2
GCAM 5.3,SSP5-DACCS-2p6-3pctHR,PAK,Emissions|CO2|Energy|Demand|Residential and Commercial|Residential,Mt CO2/yr,,,,9.95064379213257,,,12.3650606453636,,,,,14.7833643592128,,15.7079155914603,,,,,18.1065599987287,22.1056499162192,27.6307319402653,28.236510398655,33.3933668754613,37.764906329915,40.8677539203768,42.7426315596505,43.2576405320077,42.6487650176944,40.5893385342705,38.0176610616846,35.1476550286043,31.7081189696895,28.0393756941535,24.6060376379869,,,,Pakistan,CO2
GCAM 5.3,SSP5-DACCS-2p6-3pctHR,PAK,Emissions|CO2|Energy|Demand|Transportation,Mt CO2/yr,,,,29.4923725477912,,,35.9009496637224,,,,,46.9137143315494,,45.4954837822064,,,,,49.903814173585,58.4372508253536,70.371394074175,77.112250872148,88.7934015667293,102.408743671567,119.323578400103,137.147899356097,154.741198233882,171.459221923209,185.588178755775,196.313053308224,205.406284938201,213.337121071572,220.308979072983,225.228203088468,,,,Pakistan,CO2
GCAM 5.3,SSP5-DACCS-2p6-3pctHR,PAK,Emissions|CO2|Energy|Supply,Mt CO2/yr,,,,35.9004856470135,,,42.5471731479245,,,,,46.8613867501732,,55.6810797902365,,,,,68.3932620840628,83.5694108346409,105.735684876395,89.8095501920805,82.9528400572051,75.8331605345327,69.6855689318579,60.7316940410557,45.6966979038331,29.4047585829307,-1.41341945364057,-40.4150257538688,-69.7076907608784,-104.31821099704,-140.422141469482,-176.355148535655,,,,Pakistan,CO2
GCAM 5.3,SSP5-DACCS-2p6-3pctHR,PAK,Emissions|CO2|Energy|Supply|Electricity,Mt CO2/yr,,,,33.3681900834715,,,37.5443176931195,,,,,41.0729918906222,,49.02381942733,,,,,59.8314418175526,71.8700131489459,88.9164983396482,75.4162320026604,70.3923439113471,64.4004238124582,59.0668194480714,51.2389253107544,37.5043133544475,21.8857572794211,-7.1013825908902,-42.2392429620876,-68.2585457566028,-99.0565489449908,-131.273544152217,-163.957861338202,,,,Pakistan,CO2
GCAM 5.3,SSP5-DACCS-2p6-3pctHR,PAK,Emissions|CO2|Energy|Supply|Gases,Mt CO2/yr,,,,1.02219342626,,,3.243075294825,,,,,3.526325320575,,4.22241773935944,,,,,5.35307222962051,7.02620264581264,9.37648033940221,10.5760766283052,13.2484014273161,15.6422002385098,17.3364382104974,18.6937036191471,19.5499871094024,20.0184522033488,20.1015436619087,20.1295794023226,19.9973198110631,19.511765618435,18.9688579189013,18.6111065630163,,,,Pakistan,CO2
GCAM 5.3,SSP5-DACCS-2p6-3pctHR,PAK,Emissions|CO2|Energy|Supply|Liquids,Mt CO2/yr,,,,1.510102137282,,,1.75978015998,,,,,2.262069538976,,2.39761455551851,,,,,3.1073238263021,4.44773007367196,6.99447533223704,3.8140452477821,-0.682505460840124,-4.31694882306623,-6.95322513212517,-9.51144250883609,-11.7586813651777,-12.9491788539563,-14.4775359608753,-17.8182962584065,-20.7681716878858,-23.82181388575,-26.8383911095098,-29.4912603793171,,,,Pakistan,CO2
GCAM 5.3,SSP5-DACCS-2p6-3pctHR,PAK,Emissions|CO2|Energy|Supply|Solids,Mt CO2/yr,,,,0.0,,,0.0,,,,,0.0,,-3.66666721182335e-06,,,,,0.0,0.0,-9.5333217746592e-05,-7.33333458597005e-06,-0.0003299990197582,-7.33333930208848e-05,0.0,0.0,-0.0001429997043141,0.0,-5.49999401354141e-05,0.0,0.0,0.0,-4.03332545817958e-05,-2.19999580314193e-05,,,,Pakistan,CO2
GCAM 5.3,SSP5-DACCS-2p6-3pctHR,PAK,Emissions|CO2|Industrial Processes,Mt CO2/yr,,,,17.7704043340634,,,30.8281923200811,,,,,31.3058854815256,,40.8648142297212,,,,,52.6530777142279,66.3484596334537,81.1555303001729,53.1665115168195,58.8383800515237,64.4004710845447,68.6334483555868,71.4755143187378,72.8146087285063,74.0819469382942,70.6836835260691,61.3590467156785,55.7031143552768,49.8868239537883,44.0182402797728,37.7753184748865,,,,Pakistan,CO2
GCAM 5.3,SSP5-DACCS-2p6-3pctHR,PAK,Emissions|N2O|AFOLU,kt N2O/yr,,,,133.233032421436,,,155.807722743107,,,,,166.037855784112,,179.560966016215,,,,,196.001625735535,214.955777026669,238.535590063409,264.581682441497,292.330055416305,315.891175234506,328.500640529963,337.567425437306,343.180872605816,346.769981191067,350.320251491256,352.682469664962,351.935786104034,350.20414285642,347.081933333867,342.708080743704,,,,Pakistan,N2O
GCAM 5.3,SSP5-noDACCS-2p6-3pctHR,PAK,Carbon Sequestration|CCS|Biomass,Mt CO2/yr,,,,0.0,,,0.0,,,,,0.0,,0.0,,,,,0.0,0.0,0.0,68.8920324968471,110.952372663788,132.295221573638,143.75538175472,150.561411394805,169.051450749715,198.092665432122,228.982475218824,258.201277259868,286.358900407211,315.443098565116,342.561035850911,353.996025111537,,,,Pakistan,
GCAM 5.3,SSP5-noDACCS-2p6-3pctHR,PAK,Emissions|CH4|AFOLU,Mt CH4/yr,,,,3.42240463351875,,,4.00356026976805,,,,,4.65046271265614,,5.18072397088017,,,,,5.82200809650446,6.61287051342296,7.52964381500097,8.2620423855569,9.09784896087267,9.76784688096296,10.2832226546384,10.6766263830971,10.9674534395807,11.180990983806,11.2802595258331,11.2767079748894,11.2499337571504,11.1847799016346,11.0491191103028,10.8688681028624,,,,Pakistan,CH4
GCAM 5.3,SSP5-noDACCS-2p6-3pctHR,PAK,Emissions|CO2|AFOLU,Mt CO2/yr,,,,-11.8150074845592,,,-0.372740100013093,,,,,-17.1336747724246,,2.05147629114071,,,,,6.17031799647684,7.87805451548862,7.47952664447197,18.3413681846579,2.42371400378256,-0.585733455954831,-2.0246544482527,-0.60216137907679,-1.59880920539297,0.0680173357471703,2.93240079206467,3.32875042438461,-0.957719845043065,-1.26739695363537,-0.173831640935188,-0.297710185644646,,,,Pakistan,CO2
GCAM 5.3,SSP5-noDACCS-2p6-3pctHR,PAK,Emissions|CO2|Energy and Industrial Processes,Mt CO2/yr,,,,130.003692768516,,,155.04717720853,,,,,177.7510535058,,200.186062928727,,,,,242.546584177424,301.703734929585,381.141641629531,209.891045859305,203.395195595598,216.428895198508,236.025434137981,253.873718456163,247.309288113039,218.144672063822,180.637742657811,139.218733318787,94.7071540570219,44.0965543360665,-6.79518283308221,-45.4866375164243,,,,Pakistan,CO2
GCAM 5.3,SSP5-noDACCS-2p6-3pctHR,PAK,Emissions|CO2|Energy|Demand,Mt CO2/yr,,,,76.3328027874395,,,81.6718117405244,,,,,99.5837812741016,,103.636687510872,,,,,121.491172788154,151.734863677868,194.242287523028,161.408147562219,186.310659471903,212.351164804611,237.546620862356,256.898927472747,268.763412833846,273.601273325062,272.709273565018,266.196490916999,255.669530173871,242.189430169921,227.864797300095,212.195596159179,,,,Pakistan,CO2
GCAM 5.3,SSP5-noDACCS-2p6-3pctHR,PAK,Emissions|CO2|Energy|Demand|Industry,Mt CO2/yr,,,,34.3157275468438,,,30.4228512269278,,,,,33.3353352029121,,37.8810925828409,,,,,48.1750364610992,64.5675044325234,87.6171886984153,63.0742216910332,75.63172533737,85.8204473522513,91.486804103985,91.4196144483925,85.4938191065088,75.2980290151075,63.7347514480225,52.3722491877464,41.8510069957633,32.1891212633614,24.0696897865484,17.4507718500014,,,,Pakistan,CO2
GCAM 5.3,SSP5-noDACCS-2p6-3pctHR,PAK,Emissions|CO2|Energy|Demand|Residential and Commercial,Mt CO2/yr,,,,12.5247026928046,,,15.3480108498742,,,,,19.3347317396401,,20.2588398386324,,,,,23.3989070634735,28.6949707044495,36.2431215211286,29.6055076497683,34.4650411257655,38.8424786088856,42.2619961719073,44.2008662712693,44.5225796134046,43.4869817000896,41.2366209485002,38.2182975544249,34.9500749185022,31.4407226413066,28.0376286103649,25.0066731503604,,,,Pakistan,CO2
GCAM 5.3,SSP5-noDACCS-2p6-3pctHR,PAK,Emissions|CO2|Energy|Demand|Residential and Commercial|Commercial,Mt CO2/yr,,,,2.574058900672,,,2.9829502045106,,,,,4.5513673804273,,4.55058904017411,,,,,5.29126426913965,6.58757110427189,8.61170170485462,6.59067632302757,7.83736984178019,9.29708040807503,10.7800339545044,12.0031423650716,12.8498147812018,13.2630887937865,13.1578798566462,12.5921663025132,11.748468932292,10.6795962943294,9.54642540625045,8.42579828312841,,,,Pakistan,CO2
GCAM 5.3,SSP5-noDACCS-2p6-3pctHR,PAK,Emissions|CO2|Energy|Demand|Residential and Commercial|Residential,Mt CO2/yr,,,,9.95064379213257,,,12.3650606453636,,,,,14.7833643592128,,15.7082507984583,,,,,18.1076427943339,22.1073996001776,27.631419816274,23.0148313267407,26.6276712839853,29.5453982008106,31.4819622174029,32.1977239061978,31.6727648322028,30.2238929063031,28.078741091854,25.6261312519116,23.2016059862102,20.7611263469772,18.4912032041144,16.580874867232,,,,Pakistan,CO2
GCAM 5.3,SSP5-noDACCS-2p6-3pctHR,PAK,Emissions|CO2|Energy|Demand|Transportation,Mt CO2/yr,,,,29.4923725477912,,,35.9009496637224,,,,,46.9137143315494,,45.4967550893987,,,,,49.9172292635817,58.4723885408948,70.3819773034836,68.7284182214172,76.2138930087672,87.6882388434746,103.797820586464,121.278446753085,138.747014113932,154.816262609865,167.737901168495,175.605944174828,178.868448259605,178.559586265253,175.757478903181,169.738151158817,,,,Pakistan,CO2
GCAM 5.3,SSP5-noDACCS-2p6-3pctHR,PAK,Emissions|CO2|Energy|Supply,Mt CO2/yr,,,,35.9004856470135,,,42.5471731479245,,,,,46.8613867501732,,55.6853762785393,,,,,68.4068594264472,83.6308644722102,105.7470290839,8.57583041622612,-27.5427580898492,-44.3527309207626,-52.7661393027326,-56.5668826823006,-75.9122553906306,-110.300003038153,-146.174553385248,-178.419258751608,-208.625806296307,-241.029882632663,-271.804037446384,-287.419449602288,,,,Pakistan,CO2
GCAM 5.3,SSP5-noDACCS-2p6-3pctHR,PAK,Emissions|CO2|Energy|Supply|Electricity,Mt CO2/yr,,,,33.3681900834715,,,37.5443176931195,,,,,41.0729918906222,,49.0268815774904,,,,,59.8413694089619,71.9240204527614,88.9351267330729,8.91422693736992,-19.0090578982156,-31.7124451553655,-39.2675972697589,-43.5310122161768,-63.0804306988787,-98.1559973725795,-133.615470991293,-160.980389264743,-183.980305903247,-208.361345155398,-231.239418635281,-237.637599614262,,,,Pakistan,CO2
GCAM 5.3,SSP5-noDACCS-2p6-3pctHR,PAK,Emissions|CO2|Energy|Supply|Gases,Mt CO2/yr,,,,1.02219342626,,,3.243075294825,,,,,3.526325320575,,4.22278698311662,,,,,5.35151824440211,7.02166605600378,9.37390759218998,9.35254647821085,11.7902097623906,13.6110792952187,14.8729453428835,15.8439814080345,16.4795775544584,16.7158951547137,16.7533037377787,16.7081716109862,16.1294358638847,15.7085591412132,15.5080475918206,15.5191023750333,,,,Pakistan,CO2
GCAM 5.3,SSP5-noDACCS-2p6-3pctHR,PAK,Emissions|CO2|Energy|Supply|Liquids,Mt CO2/yr,,,,1.510102137282,,,1.75978015998,,,,,2.262069538976,,2.3984616149427,,,,,3.11253037575736,4.45979783064228,6.98972796331771,-8.45036398200228,-19.2827347248932,-25.6106155048041,-28.15450267083,-28.9289946853791,-29.1160285014052,-28.1220414042444,-27.8494505167905,-31.956992204578,-38.3572267659488,-45.911325046962,-53.5204664550616,-62.5313519596971,,,,Pakistan,CO2
GCAM 5.3,SSP5-noDACCS-2p6-3pctHR,PAK,Emissions|CO2|Energy|Supply|Solids,Mt CO2/yr,,,,0.0,,,0.0,,,,,0.0,,-2.20000037384768e-05,,,,,-1.83333204611153e-05,-2.5666690961612e-05,-7.33333531112679e-06,0.0,-0.0001723328552144,-2.20000044853036e-05,0.0,0.0,0.0,-1.46666589252558e-05,-1.09999927332426e-05,0.0,0.0,0.0,0.0,-1.54000024328634e-05,,,,Pakistan,CO2
GCAM 5.3,SSP5-noDACCS-2p6-3pctHR,PAK,Emissions|CO2|Industrial Processes,Mt CO2/yr,,,,17.7704043340634,,,30.8281923200811,,,,,31.3058854815256,,40.8639991393162,,,,,52.6485519628222,66.3380067795069,81.152325022603,39.9070678808599,44.6272942135449,48.4304613146593,51.2449525783575,53.5416736657169,54.4581306698237,54.8434017769126,54.1030224780407,51.4415011533954,47.6634301794583,42.9370067988088,37.1440573132073,29.7372159266853,,,,Pakistan,CO2
GCAM 5.3,SSP5-noDACCS-2p6-3pctHR,PAK,Emissions|N2O|AFOLU,kt N2O/yr,,,,133.233032421436,,,155.807722743107,,,,,166.037855784112,,179.530280278964,,,,,195.952986451169,214.899632542122,238.4699724221,266.614268291015,293.119900584177,312.694307068158,324.026509673242,333.113722716487,341.781746540567,347.660238415615,351.382924575836,353.347496595913,352.931184817145,351.468549979037,348.642484608304,344.672415817273,,,,Pakistan,N2O
GCAM 5.3,SSP_SSP1,PAK,Carbon Sequestration|CCS|Biomass,Mt CO2/yr,,,,0.0,,,0.0,,,,,0.0,,0.034935735509309,,,,,0.284787319889754,1.29171677809545,3.63737086600338,7.74935255648653,11.881511405804,14.5858082477491,15.1972575014021,15.5631741282438,11.9616923426046,9.63288891000309,7.88774927025805,6.57972622219988,5.49959308915696,4.44618160198629,3.29150725877824,2.59960129847337,,,,Pakistan,
GCAM 5.3,SSP_SSP1,PAK,Emissions|CH4|AFOLU,Mt CH4/yr,,,,3.32077326930029,,,3.86339481722767,,,,,4.44022416226603,,4.81317183449543,,,,,5.0420394443248,5.34432313197407,5.6730853348326,5.96995451518371,6.29509664014969,6.52619503553413,6.81991512722718,7.22460569573522,7.39496547514375,7.52415851323094,7.56964363336403,7.54837683902905,7.46515758140748,7.33089217714315,7.16165797262859,6.97262969530372,,,,Pakistan,CH4
GCAM 5.3,SSP_SSP1,PAK,Emissions|CO2|AFOLU,Mt CO2/yr,,,,-2.73126287369598,,,9.04140251746979,,,,,-10.2799840800329,,13.1896828400537,,,,,5.81214821377168,1.01665684843318,-1.90103752195687,-4.19654005678216,-2.65376085280993,-1.90497856030341,-2.49295930767766,-3.23893838022158,-7.16974570567501,-5.19073505903401,-2.15960143418986,-2.48357842398601,-1.77324637447781,-1.01991737822516,-0.318875630132493,0.468229089443861,,,,Pakistan,CO2
GCAM 5.3,SSP_SSP1,PAK,Emissions|CO2|Energy and Industrial Processes,Mt CO2/yr,,,,130.002750838431,,,155.046716015155,,,,,177.011176315217,,209.007301853542,,,,,191.479321290152,189.878553731478,188.742909978361,186.58958348849,179.670576365935,164.646389660296,148.387067659547,123.36979874562,132.345139482817,138.965695037926,145.074649060785,150.004542138123,152.98226865489,157.208799406334,160.892794798883,162.144627434443,,,,Pakistan,CO2
GCAM 5.3,SSP_SSP1,PAK,Emissions|CO2|Energy|Demand,Mt CO2/yr,,,,75.4355363725365,,,80.7068333527991,,,,,97.9031975062637,,107.64629464559,,,,,104.022925511414,111.529978083062,120.358518696879,127.926149353912,130.471740644226,125.512919498669,116.631776374998,99.3479462177154,104.049419216068,107.677743177412,110.970233441753,113.348331652374,115.003469516585,115.477684967796,114.867761603393,114.336734421616,,,,Pakistan,CO2
GCAM 5.3,SSP_SSP1,PAK,Emissions|CO2|Energy|Demand|Industry,Mt CO2/yr,,,,33.4188974653138,,,29.4583711392478,,,,,32.3986907424804,,38.9374240233175,,,,,34.2063323451486,35.4833697551932,37.1549055870471,38.3615165169999,36.2130580370524,28.6333505455341,17.7928766459201,7.13774417458096,6.45871936633338,5.64921279617548,5.07805922492466,4.72656621439582,4.43825694328928,4.70616929631059,5.2890907740996,6.02471385743112,,,,Pakistan,CO2
GCAM 5.3,SSP_SSP1,PAK,Emissions|CO2|Energy|Demand|Residential and Commercial,Mt CO2/yr,,,,12.5247100261386,,,15.3480108498742,,,,,19.3347356998652,,20.4609611055015,,,,,19.0904806728121,20.2334115361596,21.5633522787254,22.7647799967035,22.4171248896585,20.4941849964895,17.7979441682353,14.6541941548182,15.2744220875145,15.7443778276754,16.1319593458044,16.3334592177824,16.4279361643074,16.2627830777621,15.889678317405,15.6315891261158,,,,Pakistan,CO2
GCAM 5.3,SSP_SSP1,PAK,Emissions|CO2|Energy|Demand|Residential and Commercial|Commercial,Mt CO2/yr,,,,2.574062567339,,,2.9829502045106,,,,,4.5513710470943,,4.53027532146454,,,,,3.93879990254591,4.07274384679345,4.36535325991518,4.70587407228089,4.77289445248028,4.55906331203669,4.11337270343156,3.24436074193835,3.63977016065521,3.97941801001037,4.30700780523166,4.57842599158992,4.8165514023224,4.9398817584065,4.97304994181157,5.0219484230855,,,,Pakistan,CO2
GCAM 5.3,SSP_SSP1,PAK,Emissions|CO2|Energy|Demand|Residential and Commercial|Residential,Mt CO2/yr,,,,9.95064745879957,,,12.3650606453636,,,,,14.7833646527709,,15.9306857840369,,,,,15.1516807702662,16.1606676893662,17.1979990188102,18.0589059244226,17.6442304371782,15.9351216844528,13.6845714648037,11.4098334128799,11.6346519268593,11.764959817665,11.8249515405727,11.7550332261925,11.611384761985,11.3229013193556,10.9166283755934,10.6096407030303,,,,Pakistan,CO2
GCAM 5.3,SSP_SSP1,PAK,Emissions|CO2|Energy|Demand|Transportation,Mt CO2/yr,,,,29.4919288810842,,,35.9004513636771,,,,,46.1697710639182,,48.2479095167713,,,,,50.7261124934531,55.8131967917091,61.6402608311066,66.7998528402082,71.841557717515,76.3853839566455,81.0409555608427,77.5560078883162,82.3162777622201,86.2841525535609,89.7602148710239,92.2883062201959,94.1372764089882,94.5087325937229,93.6889925118882,92.6804314380694,,,,Pakistan,CO2
GCAM 5.3,SSP_SSP1,PAK,Emissions|CO2|Energy|Supply,Mt CO2/yr,,,,35.8999177169619,,,42.5472102545945,,,,,46.8654432035848,,61.2362840231662,,,,,52.4604194615138,41.7799038120034,29.0456402986064,18.0761189227443,8.66088196179785,1.53259867519377,-2.04738757493058,-4.48271421208265,-0.831345374105266,1.64593193516718,3.55581269648146,5.00440946997927,6.09940928764315,7.02528561922362,7.99384449522271,8.57830881687938,,,,Pakistan,CO2
GCAM 5.3,SSP_SSP1,PAK,Emissions|CO2|Energy|Supply|Electricity,Mt CO2/yr,,,,33.3676478200889,,,37.5443694664575,,,,,41.0769126773548,,54.0942667514115,,,,,45.0724944911609,33.9954386375465,21.2758581095643,11.0009035990401,2.46174946015033,-3.98503928840299,-7.11780559364688,-7.79740071396198,-4.22575030600056,-2.49145062483944,-1.65034927932144,-1.22318470942633,-1.14427467421031,-0.822578791252437,-0.33830105505824,-0.216030530047261,,,,Pakistan,CO2
GCAM 5.3,SSP_SSP1,PAK,Emissions|CO2|Energy|Supply|Gases,Mt CO2/yr,,,,1.022186092926,,,3.243067961491,,,,,3.526420653917,,4.35281274472262,,,,,4.5702603256739,5.04257415730927,5.51232987505406,6.00849307059161,6.10236172633052,5.63032080511161,4.88218895465382,4.20096268713014,4.34328943768595,4.50399780157874,4.69037314746319,4.90116818695447,5.0164852132375,5.35176437106404,5.72950096566312,5.92826613357785,,,,Pakistan,CO2
GCAM 5.3,SSP_SSP1,PAK,Emissions|CO2|Energy|Supply|Liquids,Mt CO2/yr,,,,1.510083803947,,,1.759772826646,,,,,2.262109872313,,2.75038623275027,,,,,2.75745723026368,2.66974014146057,2.18496703012335,1.01506871897158,0.0481197969803333,-0.110678455758208,0.285446603841609,-0.6290177837419,-0.795730775394983,-0.25632919920161,0.590473381689776,1.3748992933158,2.25755820636547,2.50087128554094,2.5866568039571,2.83860185298849,,,,Pakistan,CO2
GCAM 5.3,SSP_SSP1,PAK,Emissions|CO2|Energy|Supply|Solids,Mt CO2/yr,,,,0.0,,,0.0,,,,,0.0,,0.0,,,,,0.0,0.0,0.0,0.0,0.0,0.0,-1.57666468479247e-05,0.0,0.0,0.0,-2.56666274084269e-06,-2.56666175180265e-06,0.0,-4.03333001950967e-06,-4.03333326194329e-06,0.0,,,,Pakistan,CO2
GCAM 5.3,SSP_SSP1,PAK,Emissions|CO2|Industrial Processes,Mt CO2/yr,,,,18.6672967489324,,,31.7926724077611,,,,,32.2425356053681,,40.1247231847861,,,,,34.9959763172245,36.5686718364128,39.3387509828753,40.5873152118342,40.5379537599111,37.6008714864333,33.8026788594799,28.5045667399874,29.1270656408543,29.6420199253469,30.5486029225503,31.6518010157696,31.8793898506616,34.7058288193146,38.0311887002672,39.2295841959474,,,,Pakistan,CO2
GCAM 5.3,SSP_SSP1,PAK,Emissions|N2O|AFOLU,kt N2O/yr,,,,43.305999250667,,,48.357084841711,,,,,52.42958560616,,54.776981673426,,,,,59.13642410498,65.653591709289,74.4915978295029,82.68896215468,91.447370320915,93.9412265700601,93.331725682269,97.009833283055,97.209959331849,97.982967402779,97.744847021026,98.454108426551,99.135396508153,99.592287881147,99.755631547981,99.603061041657,,,,Pakistan,N2O
GCAM 5.3,SSP_SSP2,PAK,Carbon Sequestration|CCS|Biomass,Mt CO2/yr,,,,0.0,,,0.0,,,,,0.0,,0.089588672144424,,,,,1.93373769579432,6.88448104919519,15.0930449787615,24.4471855691379,33.9305353979272,42.692918024174,52.082104342751,58.3922496371601,0.784470581472113,0.11022671956495,0.0435662881675443,0.0232986620638007,0.0175221846404084,0.0152995481232352,0.0199297002317371,0.0155005384921597,,,,Pakistan,
GCAM 5.3,SSP_SSP2,PAK,Emissions|CH4|AFOLU,Mt CH4/yr,,,,3.32077326930029,,,3.86339481722767,,,,,4.44022416226603,,5.00738220015408,,,,,5.60835661307097,6.35445470905217,7.04522379359777,7.70178521161046,8.66040370203102,9.51000298887183,10.5551127418773,11.6490631777543,12.3713674479011,13.0104705804861,13.5648962189286,14.0392321321201,14.4486251837608,14.7951365683487,15.0868375514224,15.3301976638156,,,,Pakistan,CH4
GCAM 5.3,SSP_SSP2,PAK,Emissions|CO2|AFOLU,Mt CO2/yr,,,,-2.73126287369598,,,9.04140251746979,,,,,-10.2799840800329,,25.7488258854441,,,,,16.9990571302843,7.38469549085284,8.04065865630681,3.60063083644018,-0.971120049046615,-2.28124883958571,-4.931015628198,-8.03526504828602,-4.84918409116138,-3.05973216120032,-1.8874874217547,-1.08784912592927,-0.481295899310013,1.02954455602654,1.6446913333214,-0.0191611649375412,,,,Pakistan,CO2
GCAM 5.3,SSP_SSP2,PAK,Emissions|CO2|Energy and Industrial Processes,Mt CO2/yr,,,,130.002750838431,,,155.046716015155,,,,,177.011176315217,,202.881493187,,,,,187.145405827479,189.54383560703,190.526212295333,188.456635347924,180.869945623239,168.596073667758,133.971704364582,102.233180108753,178.341958972096,196.913772472973,211.992370220188,227.438602522603,244.38861053855,257.881382559445,267.458386285151,276.389989310231,,,,Pakistan,CO2
GCAM 5.3,SSP_SSP2,PAK,Emissions|CO2|Energy|Demand,Mt CO2/yr,,,,75.4355363725365,,,80.7068333527991,,,,,97.9031975062637,,108.500989189328,,,,,109.886805557026,121.289270097676,133.309202109407,143.58192019933,148.796886644093,147.151841431697,127.575901778614,109.291024376359,120.596083370027,128.603595106287,136.132774125188,142.219540210925,148.424746369978,154.551774306684,159.596201881719,165.496091444261,,,,Pakistan,CO2
GCAM 5.3,SSP_SSP2,PAK,Emissions|CO2|Energy|Demand|Industry,Mt CO2/yr,,,,33.4188974653138,,,29.4583711392478,,,,,32.3986907424804,,37.6697201469153,,,,,35.9938383813345,39.5790472685288,43.1401524454934,44.9197132092336,42.785035584332,35.0193409494343,17.7559944721639,7.22926789170187,7.6084594045688,8.42964506557747,9.05662630310541,9.84470466815742,11.7779606006846,14.4485018123989,16.5970892481479,17.9426388064573,,,,Pakistan,CO2
GCAM 5.3,SSP_SSP2,PAK,Emissions|CO2|Energy|Demand|Residential and Commercial,Mt CO2/yr,,,,12.5247100261386,,,15.3480108498742,,,,,19.3347356998652,,19.5154868294872,,,,,18.3777157871254,19.3162502439081,20.1793812296473,20.4299295019596,19.6272448186351,17.8763857295406,14.0357118360064,10.5077128722502,11.5023726134649,12.421720822525,13.4434011940642,14.3530313966771,15.1691940671407,15.9164442876979,16.5318641610173,17.3575781880905,,,,Pakistan,CO2
GCAM 5.3,SSP_SSP2,PAK,Emissions|CO2|Energy|Demand|Residential and Commercial|Commercial,Mt CO2/yr,,,,2.574062567339,,,2.9829502045106,,,,,4.5513710470943,,4.28749438742259,,,,,3.75560281247507,3.87709235481857,4.02130299655996,4.0573239847458,3.88280503068141,3.53828428576991,2.70611900007345,2.03745436515276,2.40627987076558,2.72240085245362,3.07986133849227,3.40783308332883,3.71112668595816,4.03499242862826,4.37265942731948,4.76294657237443,,,,Pakistan,CO2
GCAM 5.3,SSP_SSP2,PAK,Emissions|CO2|Energy|Demand|Residential and Commercial|Residential,Mt CO2/yr,,,,9.95064745879957,,,12.3650606453636,,,,,14.7833646527709,,15.2279924420647,,,,,14.6221129746503,15.4391578890895,16.1580782330873,16.3726055172138,15.7444397879537,14.3381014437707,11.329592835933,8.47025850709743,9.09609274269937,9.69931997007142,10.363539855572,10.9451983133483,11.4580673811826,11.8814518590697,12.1592047336978,12.5946316157161,,,,Pakistan,CO2
GCAM 5.3,SSP_SSP2,PAK,Emissions|CO2|Energy|Demand|Transportation,Mt CO2/yr,,,,29.4919288810842,,,35.9004513636771,,,,,46.1697710639182,,51.3157822129256,,,,,55.5152513885656,62.3939725852386,69.9896684342662,78.232277488137,86.3846062411258,94.2561147527221,95.7841954704432,91.5540436124071,101.485251351993,107.752229218184,113.632746628018,118.02180414609,121.477591702153,124.186828206587,126.467248472554,130.195874449713,,,,Pakistan,CO2
GCAM 5.3,SSP_SSP2,PAK,Emissions|CO2|Energy|Supply,Mt CO2/yr,,,,35.8999177169619,,,42.5472102545945,,,,,46.8654432035848,,59.1566761588868,,,,,48.0194918258839,36.7394540195986,21.8758025282331,6.06111102503345,-7.43198091071111,-17.7252628978721,-29.4519580570316,-38.813122584481,17.3705610191599,17.6327003708322,17.8928869709594,18.4935749283897,19.3140948500161,20.6627710290634,21.9480650074031,22.550548154961,,,,Pakistan,CO2
GCAM 5.3,SSP_SSP2,PAK,Emissions|CO2|Energy|Supply|Electricity,Mt CO2/yr,,,,33.3676478200889,,,37.5443694664575,,,,,41.0769126773548,,51.9353847085404,,,,,40.3698871465366,28.7572332012928,14.1239706470536,-1.64940511082757,-15.280519924659,-25.8939080088228,-36.0768483534801,-42.5252973060347,4.58426771917664,4.07840124335598,3.58243483803722,3.57576484590995,3.72779415284791,4.14029122388695,4.82328980356321,4.9591730672398,,,,Pakistan,CO2
GCAM 5.3,SSP_SSP2,PAK,Emissions|CO2|Energy|Supply|Gases,Mt CO2/yr,,,,1.022186092926,,,3.243067961491,,,,,3.526420653917,,4.2740044096108,,,,,4.73564404961191,5.58690807360095,6.4925669061032,7.30762769942731,7.8491975514791,7.96568917427856,7.20680256042499,6.06444913669827,5.292100868909,5.71050381591389,6.27795670465273,7.21746671073561,8.43084088614969,9.40965758274412,10.043989526598,10.5205454957808,,,,Pakistan,CO2
GCAM 5.3,SSP_SSP2,PAK,Emissions|CO2|Energy|Supply|Liquids,Mt CO2/yr,,,,1.510083803947,,,1.759772826646,,,,,2.262109872313,,2.91399332689698,,,,,2.89290346674165,2.40879357401287,1.30819730914859,0.432291811383359,0.0753413447596608,0.424349017227812,-0.0182460698381883,-1.13783762346499,7.37238047923806,7.68735638679439,7.85544833258404,7.50209369878338,6.93852804401619,6.88432611632102,6.85963829404747,6.85418108094618,,,,Pakistan,CO2
GCAM 5.3,SSP_SSP2,PAK,Emissions|CO2|Energy|Supply|Solids,Mt CO2/yr,,,,0.0,,,0.0,,,,,0.0,,-3.66666777319007e-06,,,,,0.0,0.0,-2.93332871667422e-05,0.0,0.0,0.0,0.0,0.0,-3.29999709675997e-06,-1.4666674691965e-06,-4.39999838036315e-06,-2.56666926783755e-06,0.0,-3.2999979639642e-06,0.0,-7.33333583601445e-07,,,,Pakistan,CO2
GCAM 5.3,SSP_SSP2,PAK,Emissions|CO2|Industrial Processes,Mt CO2/yr,,,,18.6672967489324,,,31.7926724077611,,,,,32.2425356053681,,35.2238278387847,,,,,29.2391084445695,31.5151114897556,35.3412076576929,38.81360412356,39.5050398898575,39.1694951339333,35.8477606430002,31.7552783168752,40.3753145829091,50.6774769958538,57.9667091240404,66.7254873832886,76.6497693185562,82.6668372236976,85.9141193960295,88.3433497110094,,,,Pakistan,CO2
GCAM 5.3,SSP_SSP2,PAK,Emissions|N2O|AFOLU,kt N2O/yr,,,,43.305999250667,,,48.357084841711,,,,,52.42958560616,,54.088831039705,,,,,59.008784702898,65.241198976401,72.1898586848031,79.5018897138271,87.008856311739,87.579595679128,86.488054628833,89.086186416668,90.756295946549,92.837216710334,94.770188970757,96.489839962719,97.990623826094,98.9085036942479,99.540699705762,100.702550646915,,,,Pakistan,N2O
GCAM 5.3,SSP_SSP3,PAK,Carbon Sequestration|CCS|Biomass,Mt CO2/yr,,,,0.0,,,0.0,,,,,0.0,,0.959053501186674,,,,,5.44167548803106,12.0960180363046,20.2781487801346,29.2588365865607,41.1573858682469,61.4306437802701,94.6508069591847,56.8279560630117,0.625345839618283,0.100542001773787,0.044531685619752,0.0266422474255869,0.017277800035614,0.0152863076060689,0.0173789683014034,0.0163920362817533,,,,Pakistan,
GCAM 5.3,SSP_SSP3,PAK,Emissions|CH4|AFOLU,Mt CH4/yr,,,,3.32077326930029,,,3.86339481722767,,,,,4.44022416226603,,5.04934607197807,,,,,5.6837654743442,6.40057596384784,7.02660198762278,7.56155715050669,8.34494861342183,9.01094900521478,9.58406609813112,10.2526587132801,10.7490561064716,11.2074416377432,11.6629072825665,12.1038728690001,12.5323393386446,12.9507890982875,13.3437631481912,13.7161804879702,,,,Pakistan,CH4
GCAM 5.3,SSP_SSP3,PAK,Emissions|CO2|AFOLU,Mt CO2/yr,,,,-2.73126287369598,,,9.04140251746979,,,,,-10.2799840800329,,26.6475558644774,,,,,14.9120769965109,5.25462324219319,3.72264236119043,-0.0803126719997986,-4.24028872298992,-6.25383436567074,-8.817575130254,-10.8832313282943,-7.97042383746432,-5.43023155290849,-3.91161675526098,-2.85383529928563,-1.90912690896477,1.28197088222492,1.76628276207877,-0.668006774350074,,,,Pakistan,CO2
GCAM 5.3,SSP_SSP3,PAK,Emissions|CO2|Energy and Industrial Processes,Mt CO2/yr,,,,130.002750838431,,,155.046716015155,,,,,177.011176315217,,199.54746222431,,,,,180.117970197389,175.37713439595,169.528550864638,158.699641350758,134.184224139986,93.4135858983833,21.4728281891769,35.545556710794,138.513024800273,151.095873349981,160.349544161774,169.434224543544,181.039268932256,197.280389182859,208.980048646498,220.776742303565,,,,Pakistan,CO2
GCAM 5.3,SSP_SSP3,PAK,Emissions|CO2|Energy|Demand,Mt CO2/yr,,,,75.4355363725365,,,80.7068333527991,,,,,97.9031975062637,,106.951460760478,,,,,106.750908537851,113.536743658316,119.718349294757,123.362892106422,119.9261010557,108.564130097741,84.0398619133524,67.4609320266099,87.0240452448345,90.369119019826,92.9192408911789,95.7300906871056,98.7555406164212,102.424141084337,106.341511444573,111.60625608353,,,,Pakistan,CO2
GCAM 5.3,SSP_SSP3,PAK,Emissions|CO2|Energy|Demand|Industry,Mt CO2/yr,,,,33.4188974653138,,,29.4583711392478,,,,,32.3986907424804,,37.6498289114816,,,,,36.0381980944757,38.29890131401,40.1863244335382,40.5529387847155,36.4339918593982,26.8538280760833,13.232818536169,6.54402410803444,8.09024616487411,9.08309805205937,9.47272355250245,9.80992195578239,10.2924146255451,12.0570406223996,14.45667128663,16.8679459864732,,,,Pakistan,CO2
GCAM 5.3,SSP_SSP3,PAK,Emissions|CO2|Energy|Demand|Residential and Commercial,Mt CO2/yr,,,,12.5247100261386,,,15.3480108498742,,,,,19.3347356998652,,19.3899318332143,,,,,18.3719684581734,18.9211589251577,19.2621671108352,18.9585620305399,17.3350813880205,14.5580886304453,10.4573632258776,7.08322243441555,7.99437945555557,8.14191415544392,8.23440899769536,8.39544024637589,8.59974186372893,8.79001537880351,8.90285896994058,9.15973864230686,,,,Pakistan,CO2
GCAM 5.3,SSP_SSP3,PAK,Emissions|CO2|Energy|Demand|Residential and Commercial|Commercial,Mt CO2/yr,,,,2.574062567339,,,2.9829502045106,,,,,4.5513710470943,,4.17533750076572,,,,,3.73503695377105,3.72887482717812,3.69937749506153,3.52122183371296,3.04920967853537,2.39182551779849,1.49823855498189,0.957766187675659,1.37304514933668,1.45359693317198,1.52830175739447,1.61702932301519,1.69426697759286,1.7339793128617,1.77128552588844,1.86622725216685,,,,Pakistan,CO2
GCAM 5.3,SSP_SSP3,PAK,Emissions|CO2|Energy|Demand|Residential and Commercial|Residential,Mt CO2/yr,,,,9.95064745879957,,,12.3650606453636,,,,,14.7833646527709,,15.2145943324486,,,,,14.6369315044023,15.1922840979796,15.5627896157737,15.437340196827,14.2858717094852,12.1662631126468,8.95912467089568,6.12545624673989,6.6213343062189,6.68831722227193,6.70610724030089,6.77841092336069,6.90547488613606,7.05603606594181,7.13157344405214,7.29351139014001,,,,Pakistan,CO2
GCAM 5.3,SSP_SSP3,PAK,Emissions|CO2|Energy|Demand|Transportation,Mt CO2/yr,,,,29.4919288810842,,,35.9004513636771,,,,,46.1697710639182,,49.9117000157819,,,,,52.3407419852016,56.3166834191479,60.2698577503832,63.8513912911665,66.1570278082813,67.1522133912121,60.3496801513058,53.8336854841599,70.9394196244048,73.1441068123227,75.2121083409811,77.5247284849474,79.8633841271472,81.577085083134,82.9819811880027,85.5785714547498,,,,Pakistan,CO2
GCAM 5.3,SSP_SSP3,PAK,Emissions|CO2|Energy|Supply,Mt CO2/yr,,,,35.8999177169619,,,42.5472102545945,,,,,46.8654432035848,,57.3983509102077,,,,,44.6374276211693,31.9077175379547,17.3203597542369,0.853840420388498,-19.2215309926252,-45.1234723301152,-83.4888065643624,-46.4641738730565,12.4848356236654,12.8549221747275,12.9103523974129,13.3443498188119,13.9443107569434,15.2302817913807,16.6322072034496,17.8333303357582,,,,Pakistan,CO2
GCAM 5.3,SSP_SSP3,PAK,Emissions|CO2|Energy|Supply|Electricity,Mt CO2/yr,,,,33.3676478200889,,,37.5443694664575,,,,,41.0769126773548,,51.2509292676401,,,,,40.45622432526,29.6951091805356,17.2544634024045,2.8587823935904,-13.6652075838335,-30.2327522927583,-49.2703961362447,-15.1962768665775,3.38175582491902,3.21093806681815,2.76956561486725,2.65384138307705,2.66116359471471,3.22633142580864,3.74359158508362,4.17777861090976,,,,Pakistan,CO2
GCAM 5.3,SSP_SSP3,PAK,Emissions|CO2|Energy|Supply|Gases,Mt CO2/yr,,,,1.022186092926,,,3.243067961491,,,,,3.526420653917,,4.32893029342949,,,,,4.70044257422644,5.35788741866429,5.99509379482333,6.51773753117531,6.68563984243323,6.37336413448113,5.47926221289965,3.81842709995358,3.82624828865857,4.04704603561627,4.35308336364358,4.70869841270587,5.32003934331609,6.37435313886063,7.23569263415884,7.91601251546688,,,,Pakistan,CO2
GCAM 5.3,SSP_SSP3,PAK,Emissions|CO2|Energy|Supply|Liquids,Mt CO2/yr,,,,1.510083803947,,,1.759772826646,,,,,2.262109872313,,1.78373340804602,,,,,-0.547656210020555,-3.16139817211582,-5.9449413690504,-8.56147337115659,-12.2122686626325,-20.9589993983442,-38.7230791964362,-34.8545289392714,5.11894724153232,5.40211313215292,5.58351462639457,5.7672942864136,5.73158210232284,5.35608372550952,5.34263982535319,5.42950975345843,,,,Pakistan,CO2
GCAM 5.3,SSP_SSP3,PAK,Emissions|CO2|Energy|Supply|Solids,Mt CO2/yr,,,,0.0,,,0.0,,,,,0.0,,-1.10000124779144e-05,,,,,-2.19999442232281e-05,0.0,-1.46666770383342e-05,-2.93332568881761e-05,0.0,-2.93332721747309e-05,-6.59999521212618e-06,-4.0333370144103e-06,0.0,-1.83333794536356e-06,-1.10000328736675e-06,-1.46666336339729e-06,-7.33334616337327e-07,0.0,-7.33333008572132e-07,-2.56666795362256e-06,,,,Pakistan,CO2
GCAM 5.3,SSP_SSP3,PAK,Emissions|CO2|Industrial Processes,Mt CO2/yr,,,,18.6672967489324,,,31.7926724077611,,,,,32.2425356053681,,35.1976505536246,,,,,28.7296340383693,29.9326731996801,32.4898418156441,34.4829088239471,33.4796540769108,29.9729281307577,20.921772840187,14.5487985572406,39.0041439317729,47.8718321554275,54.5199508731823,60.3597840376268,68.3394175588915,79.6259663071413,86.0063299984753,91.3371558842766,,,,Pakistan,CO2
GCAM 5.3,SSP_SSP3,PAK,Emissions|N2O|AFOLU,kt N2O/yr,,,,43.305999250667,,,48.357084841711,,,,,52.42958560616,,53.941999785622,,,,,59.107196460793,65.167137981225,70.871604560638,75.796911241621,81.5157235164591,82.268059595919,80.458680541453,81.42341512098,82.774228373407,84.234564473305,85.634892297392,87.061601155446,88.466293759713,89.17417582975,89.913649726563,91.278723235784,,,,Pakistan,N2O
GCAM 5.3,SSP_SSP4,PAK,Carbon Sequestration|CCS|Biomass,Mt CO2/yr,,,,0.0,,,0.0,,,,,0.0,,0.093748417855916,,,,,2.21429162129922,7.38404866127709,15.4465278952297,26.4357734132519,41.7238185227407,63.2696959193567,88.8869640758324,121.281554932489,126.870272047693,136.029756366853,144.27174781719,152.090283763232,158.838046021142,161.994874485108,165.026482919649,173.702548076058,,,,Pakistan,
GCAM 5.3,SSP_SSP4,PAK,Emissions|CH4|AFOLU,Mt CH4/yr,,,,3.32077326930029,,,3.86339481722767,,,,,4.44022416226603,,5.05388187824248,,,,,5.63884454445069,6.30135027675588,6.86756435826923,7.38793176478094,7.86852123891423,8.58256236284605,8.94517016370223,9.24299708311241,9.5992682706939,10.0771465637554,10.4537556217973,10.8193765962582,11.1861918083739,11.5529299787396,11.9174610403993,12.2656245139709,,,,Pakistan,CH4
GCAM 5.3,SSP_SSP4,PAK,Emissions|CO2|AFOLU,Mt CO2/yr,,,,-2.73126287369598,,,9.04140251746979,,,,,-10.2799840800329,,25.7841029433041,,,,,15.1612328489876,5.76701400063317,4.99716739478545,1.24701213842351,-1.36771311290994,-4.56550214977806,-10.0153025612237,-12.3523424724466,-6.62038312157428,-5.08687966118433,-4.21800656710567,-3.39151808454239,-2.56653448625755,-1.656683149416,-0.285929971425261,2.02641196149088,,,,Pakistan,CO2
GCAM 5.3,SSP_SSP4,PAK,Emissions|CO2|Energy and Industrial Processes,Mt CO2/yr,,,,130.002750838431,,,155.046716015155,,,,,177.011176315217,,204.186214529245,,,,,182.261912996811,175.081270293935,163.882357873937,146.628644029596,116.913538043593,75.8558267289325,20.9555519197075,-49.7201628194313,-50.988217934706,-58.1694016428916,-63.1910443289419,-66.0047589694945,-65.3604572418241,-60.9943762467177,-58.8212587435233,-57.0944479047875,,,,Pakistan,CO2
GCAM 5.3,SSP_SSP4,PAK,Emissions|CO2|Energy|Demand,Mt CO2/yr,,,,75.4355363725365,,,80.7068333527991,,,,,97.9031975062637,,109.025613470083,,,,,107.480830304992,113.20582112502,116.998061829337,116.997715600751,109.027801780176,94.8633957122488,74.5705395224177,53.420177687522,55.3155204497229,56.8100401757022,59.2161517552104,62.1908500195741,65.3519686233688,68.3287049229147,71.8750915749384,76.9934154686128,,,,Pakistan,CO2
GCAM 5.3,SSP_SSP4,PAK,Emissions|CO2|Energy|Demand|Industry,Mt CO2/yr,,,,33.4188974653138,,,29.4583711392478,,,,,32.3986907424804,,37.7794018545488,,,,,34.1004214394693,34.5902968095528,34.4770682156635,32.8230495328764,27.178806268925,18.4565606775866,8.45484714631156,3.19827857614125,3.07442391214737,3.0063455919259,3.00650230811568,3.06955151394564,3.31164308895269,4.84704466812862,6.94652919682269,9.06483636858047,,,,Pakistan,CO2
GCAM 5.3,SSP_SSP4,PAK,Emissions|CO2|Energy|Demand|Residential and Commercial,Mt CO2/yr,,,,12.5247100261386,,,15.3480108498742,,,,,19.3347356998652,,19.523636301626,,,,,17.9371122025277,17.9766641257859,17.6851092515778,16.8782319740724,14.8813760348804,12.2582755054155,8.69084701358022,5.11041725020467,5.09127417103633,5.10071904171339,5.19682221708131,5.31335235624046,5.45795093887849,5.56737559898535,5.60234002581032,5.65618657163775,,,,Pakistan,CO2
GCAM 5.3,SSP_SSP4,PAK,Emissions|CO2|Energy|Demand|Residential and Commercial|Commercial,Mt CO2/yr,,,,2.574062567339,,,2.9829502045106,,,,,4.5513710470943,,4.31799470906971,,,,,3.6881187322733,3.60759007663265,3.48363742533299,3.2264779786267,2.67492177579025,2.03199656673237,1.29990839683858,0.712837954188374,0.734011714631229,0.750952460943273,0.791341814702922,0.845458763240621,0.895335006398165,0.893049298263336,0.883512869794531,0.921422614622727,,,,Pakistan,CO2
GCAM 5.3,SSP_SSP4,PAK,Emissions|CO2|Energy|Demand|Residential and Commercial|Residential,Mt CO2/yr,,,,9.95064745879957,,,12.3650606453636,,,,,14.7833646527709,,15.2056415925563,,,,,14.2489934702545,14.3690740491533,14.2014718262448,13.6517539954457,12.2064542590902,10.2262789386832,7.39093861674164,4.3975792960163,4.3572624564051,4.34976658077012,4.40548040237838,4.46789359299984,4.56261593248033,4.67432630072201,4.71882715601579,4.73476395701502,,,,Pakistan,CO2
GCAM 5.3,SSP_SSP4,PAK,Emissions|CO2|Energy|Demand|Transportation,Mt CO2/yr,,,,29.4919288810842,,,35.9004513636771,,,,,46.1697710639182,,51.7225753139086,,,,,55.4432966629951,60.638860189681,64.835884362096,67.2964340938024,66.9676194763706,64.1485595292467,57.4248453625259,45.1114818611761,47.1498223665392,48.7029755420629,51.0128272300134,53.807946149388,56.5823745955377,57.9142846558008,59.3262223523054,62.2723925283945,,,,Pakistan,CO2
GCAM 5.3,SSP_SSP4,PAK,Emissions|CO2|Energy|Supply,Mt CO2/yr,,,,35.8999177169619,,,42.5472102545945,,,,,46.8654432035848,,59.5047845605799,,,,,46.2723247857523,32.2176213720337,15.3032397203653,-3.32223317324468,-24.4221386673377,-49.1690619935441,-77.7601960100371,-114.611685317624,-119.288052173532,-128.274342808385,-136.346887122194,-143.722890717061,-149.813815076916,-152.191071284096,-154.429698621942,-162.256388872613,,,,Pakistan,CO2
GCAM 5.3,SSP_SSP4,PAK,Emissions|CO2|Energy|Supply|Electricity,Mt CO2/yr,,,,33.3676478200889,,,37.5443694664575,,,,,41.0769126773548,,52.2566169083277,,,,,38.8160737949417,24.8093792579731,8.96704045592757,-7.12040033815847,-22.6525645082882,-36.489979181657,-49.8737790460776,-63.504007530527,-69.3939911890576,-74.8803508219189,-80.4366518477795,-87.1523131781731,-94.261146163885,-94.5881145617864,-91.9535006209396,-99.3778112458559,,,,Pakistan,CO2
GCAM 5.3,SSP_SSP4,PAK,Emissions|CO2|Energy|Supply|Gases,Mt CO2/yr,,,,1.022186092926,,,3.243067961491,,,,,3.526420653917,,4.28323843983669,,,,,4.60517540381424,5.1003615188279,5.49107113456817,5.83095519799052,5.94671901031713,5.81668676329325,5.1791007102741,4.04756855112566,4.26419575491056,4.49295979589719,4.75164402814362,5.04358431125215,5.48871836043158,6.20815812960061,6.85661056937168,7.47880677423652,,,,Pakistan,CO2
GCAM 5.3,SSP_SSP4,PAK,Emissions|CO2|Energy|Supply|Liquids,Mt CO2/yr,,,,1.510083803947,,,1.759772826646,,,,,2.262109872313,,2.93264890052089,,,,,2.84409642262408,2.37094633858517,1.02832913032542,-1.71135690677404,-7.04322016558731,-17.1719513232338,-30.8606859955741,-50.465059714545,-50.5821619581813,-54.4339195316967,-57.4092185941394,-58.2722924636102,-57.8414000912957,-61.3975157925421,-67.4056335466333,-68.3436672085317,,,,Pakistan,CO2
GCAM 5.3,SSP_SSP4,PAK,Emissions|CO2|Energy|Supply|Solids,Mt CO2/yr,,,,0.0,,,0.0,,,,,0.0,,-3.66666651359096e-05,,,,,-2.56666562912222e-05,-1.83332943291096e-05,-2.93332708764007e-05,-1.46666935761023e-05,0.0,-4.03331543009834e-05,0.0,-3.66665693395546e-06,0.0,0.0,-5.86663049904666e-06,0.0,0.0,0.0,0.0,0.0,,,,Pakistan,CO2
GCAM 5.3,SSP_SSP4,PAK,Emissions|CO2|Industrial Processes,Mt CO2/yr,,,,18.6672967489324,,,31.7926724077611,,,,,32.2425356053681,,35.6558164985813,,,,,28.5087579060666,29.6578277968819,31.5810563242345,32.9531616020898,32.3078749307547,30.1614930102277,24.1452084073269,11.471344810671,12.9843137891029,13.2949009897916,13.9396910380414,15.5272817279927,19.1013892117233,22.8679901144632,23.7333483034806,28.1685254992129,,,,Pakistan,CO2
GCAM 5.3,SSP_SSP4,PAK,Emissions|N2O|AFOLU,kt N2O/yr,,,,43.305999250667,,,48.357084841711,,,,,52.42958560616,,53.690595489867,,,,,57.364089562041,62.14677422829,67.252716141358,71.540989184037,78.027569261548,82.315378531591,82.128116626295,82.352810269364,82.601826440402,83.789580009896,85.254032179077,86.6801682431849,88.041389401311,89.292357244901,90.216333358564,90.462844937556,,,,Pakistan,N2O
GCAM 5.3,SSP_SSP5,PAK,Carbon Sequestration|CCS|Biomass,Mt CO2/yr,,,,0.0,,,0.0,,,,,0.0,,0.091280387964883,,,,,3.96961139087373,14.4201662642574,33.2220757135218,57.4676293943295,84.3782260274138,105.727353440277,139.49220424478,197.971408613564,229.972898478705,255.885048527385,273.996252112046,285.221196881227,297.095650684757,317.466371065759,337.151589244652,358.031093155586,,,,Pakistan,
GCAM 5.3,SSP_SSP5,PAK,Emissions|CH4|AFOLU,Mt CH4/yr,,,,3.32077326930029,,,3.86339481722767,,,,,4.44022416226603,,4.94988108543997,,,,,5.55131998949977,6.38222465427887,7.21978230318828,8.0879782164284,9.15770835007661,10.1428557365526,11.4333434281304,12.5113755415235,13.0429740079422,13.4472315492241,13.7280550457938,13.9367890019582,14.0788326047676,14.1622164935251,14.1730938277484,14.1023061117388,,,,Pakistan,CH4
GCAM 5.3,SSP_SSP5,PAK,Emissions|CO2|AFOLU,Mt CO2/yr,,,,-2.73126287369598,,,9.04140251746979,,,,,-10.2799840800329,,24.9325672537098,,,,,19.2742081972038,12.0658968858046,11.5786199878671,4.49505773332017,-0.282522625613273,-2.02413828706273,-5.49486579458667,-9.01862855661724,-5.93445341876208,-4.02506688428836,-2.66800591434955,-0.91233825059081,-0.250324636615857,-0.953380570375653,-1.72255617411433,-1.64810829941449,,,,Pakistan,CO2
GCAM 5.3,SSP_SSP5,PAK,Emissions|CO2|Energy and Industrial Processes,Mt CO2/yr,,,,130.002750838431,,,155.046716015155,,,,,177.011176315217,,202.83046967643,,,,,185.611226708562,193.980267687293,197.336841405362,188.475194591646,165.983633822207,137.406595137775,74.5909791103384,-22.6463365257452,-53.6407771373929,-78.4593435884146,-98.6863322562268,-115.461330586013,-128.059853596199,-140.54445319898,-156.081714441029,-173.514637423724,,,,Pakistan,CO2
GCAM 5.3,SSP_SSP5,PAK,Emissions|CO2|Energy|Demand,Mt CO2/yr,,,,75.4355363725365,,,80.7068333527991,,,,,97.9031975062637,,109.152634254459,,,,,112.442790116728,132.330837252072,155.148729536759,171.658825283343,175.771198282303,169.328053403775,148.159488211786,127.545872657704,131.050834265274,133.699844441868,134.418348426111,135.452714847569,139.765234317999,147.046367874551,152.608405332828,157.738983195912,,,,Pakistan,CO2
GCAM 5.3,SSP_SSP5,PAK,Emissions|CO2|Energy|Demand|Industry,Mt CO2/yr,,,,33.4188974653138,,,29.4583711392478,,,,,32.3986907424804,,38.1996832190381,,,,,37.209539509912,44.375405974011,51.7643469083984,53.4553839067106,45.4958875234019,31.2805662726421,12.7745883851759,5.18965698061899,4.65030689047265,4.32323456171951,5.2628709719274,7.65567292616268,10.7512916333855,14.4345168123322,16.7337182631081,18.3474893698862,,,,Pakistan,CO2
GCAM 5.3,SSP_SSP5,PAK,Emissions|CO2|Energy|Demand|Residential and Commercial,Mt CO2/yr,,,,12.5247100261386,,,15.3480108498742,,,,,19.3347356998652,,19.6968933945499,,,,,18.7748956153401,21.2160877900752,23.8359530057712,25.0015205033,23.9169687335151,21.5221714535065,17.9639328445907,15.6930505908783,16.6813086330766,17.4688602379306,17.6077899189429,17.2167457637741,16.7948791039319,16.5724473827497,16.2446656504081,16.0449328041548,,,,Pakistan,CO2
GCAM 5.3,SSP_SSP5,PAK,Emissions|CO2|Energy|Demand|Residential and Commercial|Commercial,Mt CO2/yr,,,,2.574062567339,,,2.9829502045106,,,,,4.5513710470943,,4.34479049151966,,,,,3.82694955691139,4.24525216695254,4.75961808067646,5.04820881061443,4.93337572044276,4.55228063061233,3.72380159121027,3.0340162153889,3.41738854767579,3.74873643179652,3.7913866762833,3.59493786189444,3.44375229076712,3.52681047213574,3.60754003216434,3.72125591622266,,,,Pakistan,CO2
GCAM 5.3,SSP_SSP5,PAK,Emissions|CO2|Energy|Demand|Residential and Commercial|Residential,Mt CO2/yr,,,,9.95064745879957,,,12.3650606453636,,,,,14.7833646527709,,15.3521029030302,,,,,14.9479460584287,16.9708356231226,19.0763349250947,19.9533116926856,18.9835930130723,16.9698908228941,14.2401312533804,12.6590343754894,13.2639200854008,13.7201238061341,13.8164032426596,13.6218079018796,13.3511268131648,13.045636910614,12.6371256182437,12.3236768879322,,,,Pakistan,CO2
GCAM 5.3,SSP_SSP5,PAK,Emissions|CO2|Energy|Demand|Transportation,Mt CO2/yr,,,,29.4919288810842,,,35.9004513636771,,,,,46.1697710639182,,51.256057640871,,,,,56.4583549914755,66.7393434879863,79.5484296225891,93.2019208733328,106.358342025386,116.525315677627,117.42096698202,106.663165086207,109.719218741724,111.907749642218,111.54768753524,110.580296157632,112.219063580682,116.039403679469,119.630021419312,123.346561021871,,,,Pakistan,CO2
GCAM 5.3,SSP_SSP5,PAK,Emissions|CO2|Energy|Supply,Mt CO2/yr,,,,35.8999177169619,,,42.5472102545945,,,,,46.8654432035848,,59.5421311282426,,,,,46.1769459384802,31.0586848784001,6.82898653188895,-22.3177286531026,-50.8804701688186,-71.8420667017704,-106.651819875336,-170.442609533504,-202.99851549413,-229.59890006381,-248.627557287448,-260.611178988299,-272.925874687545,-293.462808515448,-313.680828985804,-335.284082132548,,,,Pakistan,CO2
GCAM 5.3,SSP_SSP5,PAK,Emissions|CO2|Energy|Supply|Electricity,Mt CO2/yr,,,,33.3676478200889,,,37.5443694664575,,,,,41.0769126773548,,52.2835366950766,,,,,38.2775121340596,22.4771076853994,-1.61322058247815,-29.9869339456929,-55.3998368288531,-72.9991227754464,-96.9577790042903,-130.331195984685,-155.988053503632,-176.674034104253,-185.719337161354,-182.936302907754,-186.477206193425,-209.078246232431,-229.759821270023,-252.281115056236,,,,Pakistan,CO2
GCAM 5.3,SSP_SSP5,PAK,Emissions|CO2|Energy|Supply|Gases,Mt CO2/yr,,,,1.022186092926,,,3.243067961491,,,,,3.526420653917,,4.273013099388,,,,,4.96648269536972,6.45951669025721,8.31454303192585,10.1059475335356,11.3682877390425,11.8931761178207,11.6041371968811,10.4926819267174,11.1353750943255,11.7567649807812,12.6038016561079,13.252141625355,13.5919315341049,13.6450980854625,13.612061355185,13.6741379910332,,,,Pakistan,CO2
GCAM 5.3,SSP_SSP5,PAK,Emissions|CO2|Energy|Supply|Liquids,Mt CO2/yr,,,,1.510083803947,,,1.759772826646,,,,,2.262109872313,,2.95511156696721,,,,,2.93509863458586,2.20321348359433,0.346373886001985,-2.07740778179956,-6.14916888101789,-9.72352747326712,-18.3138770288257,-37.101464042122,-45.4656867144114,-53.0072738803032,-67.183220040388,-84.8038086408888,-94.7681576812341,-92.0516371721134,-91.0038837562511,-90.1059537387902,,,,Pakistan,CO2
GCAM 5.3,SSP_SSP5,PAK,Emissions|CO2|Energy|Supply|Solids,Mt CO2/yr,,,,0.0,,,0.0,,,,,0.0,,-4.76666323450431e-05,,,,,0.0,0.0,-1.83333495125946e-05,-3.66667236789049e-06,0.0,0.0,-1.46666447866803e-06,-2.17256372598022e-16,-8.79999417484451e-07,0.0,-3.3000003598742e-07,0.0,-6.96662602622936e-07,-8.43333853418491e-07,-3.66667898427184e-08,0.0,,,,Pakistan,CO2
GCAM 5.3,SSP_SSP5,PAK,Emissions|CO2|Industrial Processes,Mt CO2/yr,,,,18.6672967489324,,,31.7926724077611,,,,,32.2425356053681,,34.1357042937284,,,,,26.9914906533539,30.5907455568202,35.359125336714,39.1340979614056,41.0929057087226,39.9206084357703,33.0833107738882,20.2504003500549,18.3069040914639,17.4397120335275,15.5228766051107,9.69713355471759,5.10078677334727,5.87198744191804,4.99070921194616,4.03046151291203,,,,Pakistan,CO2
GCAM 5.3,SSP_SSP5,PAK,Emissions|N2O|AFOLU,kt N2O/yr,,,,43.305999250667,,,48.357084841711,,,,,52.42958560616,,54.057447570706,,,,,59.378704537126,66.522449496786,75.478031031265,87.2793817659309,94.511621689775,94.667678207527,95.83798153626,99.831291451557,102.086344078556,104.135404427943,105.807673485961,106.760657815257,107.402852585467,108.256734279557,109.324239587629,110.150719901913,,,,Pakistan,N2O
GCAM5.2_NET,GCAM_1.5C_high_os_high-cost-DAC,PAK,Carbon Sequestration|CCS|Biomass,Mt CO2/yr,,,,0.0,,,0.0,,,,,0.0,,0.0,,,,,0.16912215537474,1.0229766703312,13.4211193770683,40.7489928139636,87.1719220896961,110.401148677374,120.453454419496,127.049521706502,135.776148508698,147.353772191501,164.050495100992,180.765482610671,196.703434846054,212.164159577634,224.61542085771,238.316112114668,,,,Pakistan,
GCAM5.2_NET,GCAM_1.5C_high_os_high-cost-DAC,PAK,Emissions|CH4|AFOLU,Mt CH4/yr,,,,4.14220125001483,,,4.79868095684329,,,,,5.5487792136607,,6.28989929733521,,,,,6.7340726127367,6.23443556961577,6.09558058865636,5.89386169536492,5.75308654157971,6.00041677508832,6.12574162793426,6.22565679752701,6.30877480003553,6.36502981559882,6.38799902867916,6.40689393615359,6.41472226296301,6.39820748047287,6.38056858498685,6.35643119692755,,,,Pakistan,CH4
GCAM5.2_NET,GCAM_1.5C_high_os_high-cost-DAC,PAK,Emissions|CO2|AFOLU,Mt CO2/yr,,,,-2.69227503327514,,,8.97716274120651,,,,,12.4357401690002,,12.2682256324373,,,,,9.87369306715268,7.27038976285155,4.31684466671984,4.97134186088413,2.90428548378201,-2.78555682486068,-6.0205900795243,-5.48125318130288,-4.54474041357849,-2.36640793175224,0.404788926595531,-1.96698784104904,-1.90698218765298,0.5840927440852,-0.748146552445642,-1.12684784063877,,,,Pakistan,CO2
GCAM5.2_NET,GCAM_1.5C_high_os_high-cost-DAC,PAK,Emissions|CO2|Energy and Industrial Processes,Mt CO2/yr,,,,124.219466872678,,,153.929929106962,,,,,185.754439705108,,227.671372900659,,,,,260.239841477646,267.689684792154,222.609460992533,175.209330510148,93.2760483686651,72.6251137049849,87.3475025498703,105.955503869683,126.429248058208,146.54210747078,159.282306202425,166.972478371266,174.660243783827,181.5992464092,193.25757556312,205.828250136794,,,,Pakistan,CO2
GCAM5.2_NET,GCAM_1.5C_high_os_high-cost-DAC,PAK,Emissions|CO2|Energy|Demand,Mt CO2/yr,,,,70.4952253419896,,,80.4931080348461,,,,,90.5576025143605,,108.704495252619,,,,,128.360849038551,139.812111233383,137.138672528612,138.255004331179,122.302506686246,124.593857124838,142.185542065705,159.384597010345,179.048945738948,200.31323206219,220.001010913059,237.384157338984,255.280362416977,272.774357706737,290.945220552582,310.841240165373,,,,Pakistan,CO2
GCAM5.2_NET,GCAM_1.5C_high_os_high-cost-DAC,PAK,Emissions|CO2|Energy|Demand|Industry,Mt CO2/yr,,,,33.760136069103,,,31.2009186700207,,,,,35.8197105743132,,43.985398450158,,,,,52.9730869555265,55.7402938259282,49.8088999517184,46.3636264313874,31.5702654611031,26.6984164243275,29.0668043837796,30.5699826878637,32.5387614221363,34.5263951192394,35.5189069151473,35.9799679773871,36.8512149805982,37.2971440536802,38.0156233854318,39.3132005852301,,,,Pakistan,CO2
GCAM5.2_NET,GCAM_1.5C_high_os_high-cost-DAC,PAK,Emissions|CO2|Energy|Demand|Residential and Commercial,Mt CO2/yr,,,,12.5414021734607,,,17.0403429995063,,,,,18.5732969003578,,21.8282141550737,,,,,25.2600281770893,26.7220335228851,23.9011735052879,22.0159876037629,16.9850282354363,16.2226237928391,18.0399452362604,19.8152391784732,21.7901172264265,23.7469015819419,25.0759047303989,25.825540595847,26.7211738575655,27.5766784236212,28.5800068990848,29.9786638883091,,,,Pakistan,CO2
GCAM5.2_NET,GCAM_1.5C_high_os_high-cost-DAC,PAK,Emissions|CO2|Energy|Demand|Residential and Commercial|Commercial,Mt CO2/yr,,,,2.5951224359202,,,4.6796490254226,,,,,4.76150797862508,,5.55735602383327,,,,,6.40815423180263,6.54676531032307,5.4715068585912,4.80339456018284,3.46849142252404,3.32281047180398,3.87304727775722,4.41210155313029,5.0666639732885,5.77719065324851,6.38244630192514,6.87503924797411,7.43291402285892,8.01310495526168,8.66586761797277,9.4170200606335,,,,Pakistan,CO2
GCAM5.2_NET,GCAM_1.5C_high_os_high-cost-DAC,PAK,Emissions|CO2|Energy|Demand|Residential and Commercial|Residential,Mt CO2/yr,,,,9.9462797375405,,,12.3606939740837,,,,,13.8117889217327,,16.2708581312404,,,,,18.8518739452866,20.175268212562,18.4296666466967,17.2125930435801,13.5165368129123,12.8998133210352,14.1668979585032,15.4031376253429,16.723453253138,17.9697109286934,18.6934584284738,18.9505013478729,19.2882598347066,19.5635734683596,19.9141392811121,20.5616438276756,,,,Pakistan,CO2
GCAM5.2_NET,GCAM_1.5C_high_os_high-cost-DAC,PAK,Emissions|CO2|Energy|Demand|Transportation,Mt CO2/yr,,,,24.1936870994259,,,32.2518463653191,,,,,36.1645950396895,,42.8908826473877,,,,,50.1277339059357,57.3497838845699,63.4285990716061,69.8753902960289,73.747212989707,81.6728169076715,95.0787924456648,108.999375144008,124.720067090385,142.039935361008,159.406199267512,175.57864876575,191.707973578813,207.900535229436,224.349590268065,241.549375691834,,,,Pakistan,CO2
GCAM5.2_NET,GCAM_1.5C_high_os_high-cost-DAC,PAK,Emissions|CO2|Energy|Supply,Mt CO2/yr,,,,35.960015049092,,,43.7828604602597,,,,,57.402896156981,,71.9815076679974,,,,,78.2882185170769,78.1709342309295,49.2225294245724,2.36841510542684,-59.7105593121605,-83.9620301178229,-91.4470829390109,-96.1717209950128,-102.476309242686,-111.356116877274,-125.851473028418,-141.277826113743,-156.021126118388,-170.396064661618,-180.923069338784,-192.432872623271,,,,Pakistan,CO2
GCAM5.2_NET,GCAM_1.5C_high_os_high-cost-DAC,PAK,Emissions|CO2|Energy|Supply|Electricity,Mt CO2/yr,,,,33.376598814236,,,37.5909818973617,,,,,49.7758260461905,,62.2708509298683,,,,,66.7128552403281,65.1419128767532,36.8341401023687,-7.29710756358424,-59.7739110193971,-82.9165352417924,-92.4387149751797,-98.4347643628159,-106.549161470015,-117.966906254281,-135.064766411439,-151.034732297745,-164.653932582662,-177.834053252731,-188.008911531672,-199.511336679086,,,,Pakistan,CO2
GCAM5.2_NET,GCAM_1.5C_high_os_high-cost-DAC,PAK,Emissions|CO2|Energy|Supply|Gases,Mt CO2/yr,,,,1.022189759593,,,3.240897294627,,,,,3.99574924225092,,4.94255488799496,,,,,5.92726632118229,6.88994560605064,7.30490690462376,7.70510188052165,7.33260477738414,7.8106812146614,8.82710861313864,10.1119211275255,11.642290144749,13.2539553796852,14.6718177249464,15.4728642607183,16.1519835673662,16.7500352129741,17.6235586759559,18.7472614597733,,,,Pakistan,CO2
GCAM5.2_NET,GCAM_1.5C_high_os_high-cost-DAC,PAK,Emissions|CO2|Energy|Supply|Liquids,Mt CO2/yr,,,,1.561226,,,2.951007,,,,,3.631321,,4.673075,,,,,5.472191,5.944953,5.243304,2.788477,-3.952744,-6.562882,-6.854916,-7.112209,-6.927152,-5.962112,-4.625746,-4.667538,-6.343204,-8.051968,-9.186609,-10.13989,,,,Pakistan,CO2
GCAM5.2_NET,GCAM_1.5C_high_os_high-cost-DAC,PAK,Emissions|CO2|Energy|Supply|Solids,Mt CO2/yr,,,,0.0,,,-2.566667e-05,,,,,0.0,,-2.2e-05,,,,,0.0,0.0,0.0,-1.833334e-05,-3.299998e-05,-3.66666e-06,0.0,-1.466666e-05,-3.666661e-05,0.0,-1.833332e-05,0.0,0.0,-2.199997e-05,-2.56666e-05,0.0,,,,Pakistan,CO2
GCAM5.2_NET,GCAM_1.5C_high_os_high-cost-DAC,PAK,Emissions|CO2|Industrial Processes,Mt CO2/yr,,,,17.76423,,,29.65396,,,,,37.79394,,46.98537,,,,,53.59077,49.70664,36.24826,34.58591,30.6841,31.99329,36.60904,42.74263,49.85661,57.58499,65.13277,70.86615,75.40101,79.22095,83.23542,87.41988,,,,Pakistan,CO2
GCAM5.2_NET,GCAM_1.5C_high_os_high-cost-DAC,PAK,Emissions|N2O|AFOLU,kt N2O/yr,,,,67.75504,,,77.37582,,,,,88.7722,,100.2573,,,,,107.7465,101.5956,101.0713,105.1118,109.1422,115.7825,118.0046,119.8447,121.2862,122.1832,122.4398,123.0368,123.4893,123.5019,123.5052,123.3622,,,,Pakistan,N2O
GCAM5.2_NET,GCAM_1.5C_high_os_low-cost-DAC,PAK,Carbon Sequestration|CCS|Biomass,Mt CO2/yr,,,,0.0,,,0.0,,,,,0.0,,0.0,,,,,0.16912215537474,1.0229766703312,13.4211193770683,40.7489928139636,71.6896423527863,84.4022881455546,92.0708585192013,95.3088001040336,104.387307031274,116.793136524128,132.928116744874,148.222592780097,163.19605352513,178.587278505802,191.734321300489,204.934028602448,,,,Pakistan,
GCAM5.2_NET,GCAM_1.5C_high_os_low-cost-DAC,PAK,Carbon Sequestration|Direct Air Capture,Mt CO2/yr,,,,0.0,,,0.0,,,,,0.0,,0.0,,,,,0.0,0.0,0.0,0.0,5.835647e-10,0.0,0.0,0.0,0.0,0.0,0.0,0.0,0.0,5.617334e-10,9.419301e-10,1.656483e-09,,,,Pakistan,
GCAM5.2_NET,GCAM_1.5C_high_os_low-cost-DAC,PAK,Emissions|CH4|AFOLU,Mt CH4/yr,,,,4.14220125001483,,,4.79868095684329,,,,,5.5487792136607,,6.28989929733521,,,,,6.7340726127367,6.23443556961577,6.09558058865636,5.89386169536491,5.87330621201555,6.28047816944741,6.4159327903123,6.51999815439417,6.60593373919993,6.65977331655293,6.67554590920117,6.68287828785064,6.68494032186865,6.66252440202287,6.64092947228337,6.61456914488109,,,,Pakistan,CH4
GCAM5.2_NET,GCAM_1.5C_high_os_low-cost-DAC,PAK,Emissions|CO2|AFOLU,Mt CO2/yr,,,,-2.69227503327514,,,8.97716274120651,,,,,12.4357401690002,,12.2682256324373,,,,,9.87369306715268,7.27038976285155,4.31684466671984,4.97138256088413,1.90699084540536,-1.45384625953267,-4.40776919470777,-4.46940984931244,-3.70820040707886,-1.96735023312316,0.234434324410005,-1.34137722910264,-1.62927325279672,0.740444216424552,-0.713717926917316,-1.25312299109653,,,,Pakistan,CO2
GCAM5.2_NET,GCAM_1.5C_high_os_low-cost-DAC,PAK,Emissions|CO2|Energy and Industrial Processes,Mt CO2/yr,,,,124.219466872678,,,153.929929106962,,,,,185.75443922546,,227.671370792505,,,,,260.239835038221,267.689669887798,222.609423987395,175.209274235166,130.186617287179,142.320782875837,163.939665895482,192.06120419457,217.034450032438,239.891426497627,253.382815964092,265.806494878666,280.301664586106,293.321636117195,310.409536879853,328.593974562886,,,,Pakistan,CO2
GCAM5.2_NET,GCAM_1.5C_high_os_low-cost-DAC,PAK,Emissions|CO2|Energy|Demand,Mt CO2/yr,,,,70.4952253419896,,,80.4931080348461,,,,,90.5576020347134,,108.704493144465,,,,,128.360842599137,139.812096329027,137.138635523626,138.254951840649,135.796780886744,153.588478308939,174.394872318024,197.355392611229,221.739945489695,246.310419026282,266.894681980844,287.267301167279,309.681518089597,331.753227263495,354.871650264828,379.24221601929,,,,Pakistan,CO2
GCAM5.2_NET,GCAM_1.5C_high_os_low-cost-DAC,PAK,Emissions|CO2|Energy|Demand|Industry,Mt CO2/yr,,,,33.760136069103,,,31.2009186700207,,,,,35.8197105743132,,43.985398450158,,,,,52.9730869555265,55.7402938259282,49.8088999517184,46.3636257987031,39.4947168724001,43.5695072068805,47.6935529544752,52.0371770599,56.0966292023602,59.3707841562262,59.7686031108534,59.991169375406,60.5904207442224,60.6838498914116,61.523354135227,63.1517625584256,,,,Pakistan,CO2
GCAM5.2_NET,GCAM_1.5C_high_os_low-cost-DAC,PAK,Emissions|CO2|Energy|Demand|Residential and Commercial,Mt CO2/yr,,,,12.5414021734607,,,17.0403429995063,,,,,18.5732968476201,,21.8282139363909,,,,,25.2600275478238,26.7220322606604,23.9011709413557,22.0159809969403,19.6780614163529,21.8042697053118,24.2201441671073,26.9595327816949,29.7569783780686,32.2624453235353,33.3386730590713,34.0724284981521,35.2594991258058,36.3218007626923,37.6020068067635,39.4439772413515,,,,Pakistan,CO2
GCAM5.2_NET,GCAM_1.5C_high_os_low-cost-DAC,PAK,Emissions|CO2|Energy|Demand|Residential and Commercial|Commercial,Mt CO2/yr,,,,2.5951224359202,,,4.6796490254226,,,,,4.76150794013603,,5.55735586325243,,,,,6.40815376613967,6.54676438206176,5.47150505517223,4.80338890926588,4.15888164157189,4.7482020132294,5.45210426028475,6.28279432785818,7.19671096413022,8.09295838385337,8.71422266932712,9.30248060693478,10.0510692409541,10.7921746643756,11.6105920382089,12.5622297683708,,,,Pakistan,CO2
GCAM5.2_NET,GCAM_1.5C_high_os_low-cost-DAC,PAK,Emissions|CO2|Energy|Demand|Residential and Commercial|Residential,Mt CO2/yr,,,,9.9462797375405,,,12.3606939740837,,,,,13.8117889074841,,16.2708580731385,,,,,18.8518737816842,20.1752678785986,18.4296658861835,17.2125920876744,15.519179774781,17.0560676920824,18.7680399068225,20.6767384538367,22.5602674139384,24.169486939682,24.6244503897442,24.7699478912174,25.2084298848517,25.5296260983167,25.9914147685546,26.8817474729807,,,,Pakistan,CO2
GCAM5.2_NET,GCAM_1.5C_high_os_low-cost-DAC,PAK,Emissions|CO2|Energy|Demand|Transportation,Mt CO2/yr,,,,24.1936870994259,,,32.2518463653191,,,,,36.16459461278,,42.8908807579158,,,,,50.127728095787,57.3497702424387,63.4285646305517,69.8753450450058,76.6240025979909,88.2147013967468,102.481175196441,118.358682769635,135.886337909266,154.677189546521,173.787405810919,193.203703293721,213.831598219568,234.747576609392,255.746289322837,276.646476219513,,,,Pakistan,CO2
GCAM5.2_NET,GCAM_1.5C_high_os_low-cost-DAC,PAK,Emissions|CO2|Energy|Supply,Mt CO2/yr,,,,35.960015049092,,,43.7828604602597,,,,,57.4028961569807,,71.9815076679974,,,,,78.2882185170666,78.1709342309295,49.2225294244211,2.36841490146086,-39.5835065051589,-50.7526359202593,-56.2994288871297,-58.2487455328031,-65.4442831683477,-75.4428922327398,-89.6851207098946,-103.624436220243,-117.085790953549,-131.031501307308,-142.057698422724,-153.137461760365,,,,Pakistan,CO2
GCAM5.2_NET,GCAM_1.5C_high_os_low-cost-DAC,PAK,Emissions|CO2|Energy|Supply|Electricity,Mt CO2/yr,,,,33.376598814236,,,37.5909818973617,,,,,49.7758260461905,,62.2708509298683,,,,,66.7128552403281,65.1419128767532,36.8341401023687,-7.29710659583049,-45.1511892092404,-57.6520447740771,-64.8017583758463,-68.618202018139,-78.1110920645707,-90.835717914011,-107.541499971537,-122.92968536252,-137.376107730927,-152.019282212528,-163.851572262287,-175.374684743266,,,,Pakistan,CO2
GCAM5.2_NET,GCAM_1.5C_high_os_low-cost-DAC,PAK,Emissions|CO2|Energy|Supply|Gases,Mt CO2/yr,,,,1.022189759593,,,3.240897294627,,,,,3.99574924225092,,4.94255488799496,,,,,5.92726632118229,6.88994560605064,7.30490690462376,7.70510188040532,7.95169008590066,9.19594326912991,10.5224794449751,12.0139597879519,13.7150487177036,15.4489508045213,16.6776614245064,17.4046157348575,18.1361791983341,18.843427151746,19.82943716924,21.0082630628499,,,,Pakistan,CO2
GCAM5.2_NET,GCAM_1.5C_high_os_low-cost-DAC,PAK,Emissions|CO2|Energy|Supply|Liquids,Mt CO2/yr,,,,1.561226,,,2.951007,,,,,3.631321,,4.673075,,,,,5.472191,5.944953,5.243304,2.788476,-0.7284215,-1.714432,-1.846118,-1.662199,-1.133591,-0.117427,1.263181,2.152239,2.482234,2.543861,2.475616,1.994639,,,,Pakistan,CO2
GCAM5.2_NET,GCAM_1.5C_high_os_low-cost-DAC,PAK,Emissions|CO2|Energy|Supply|Solids,Mt CO2/yr,,,,0.0,,,-2.566667e-05,,,,,0.0,,-2.2e-05,,,,,0.0,0.0,0.0,-1.833334e-05,0.0,0.0,0.0,0.0,-2.2e-05,0.0,0.0,0.0,-7.333327e-06,0.0,-2.566666e-05,-1.466666e-05,,,,Pakistan,CO2
GCAM5.2_NET,GCAM_1.5C_high_os_low-cost-DAC,PAK,Emissions|CO2|Industrial Processes,Mt CO2/yr,,,,17.76423,,,29.65396,,,,,37.79394,,46.98537,,,,,53.59077,49.70664,36.24826,34.58591,33.97334,39.48494,45.84422,52.95456,60.73879,69.0239,76.17325,82.16363,87.70594,92.59991,97.59559,102.4892,,,,Pakistan,CO2
GCAM5.2_NET,GCAM_1.5C_high_os_low-cost-DAC,PAK,Emissions|N2O|AFOLU,kt N2O/yr,,,,67.75504,,,77.37582,,,,,88.7722,,100.2573,,,,,107.7465,101.5956,101.0713,105.1118,109.6202,117.63,120.1323,122.0909,123.6396,124.5566,124.8165,125.2842,125.704,125.6494,125.5813,125.3211,,,,Pakistan,N2O
GCAM5.2_NET,GCAM_1.5C_low_os_high-cost-DAC,PAK,Carbon Sequestration|CCS|Biomass,Mt CO2/yr,,,,0.0,,,0.0,,,,,0.0,,0.0,,,,,8.82257504568554,37.4917964712448,86.1450363211977,106.657596041874,113.017325806746,110.417331062801,115.315780933304,125.197752126782,141.881512834354,157.097042521341,170.196363623385,182.104675348515,193.401920414257,205.954460386002,217.248038466597,233.220893319097,,,,Pakistan,
GCAM5.2_NET,GCAM_1.5C_low_os_high-cost-DAC,PAK,Emissions|CH4|AFOLU,Mt CH4/yr,,,,4.14220125001483,,,4.79868095684329,,,,,5.5487792136607,,6.28989929733521,,,,,5.34579572642046,5.64106130202233,5.73281996837093,5.33665722343567,5.56156121960536,5.96426300857864,6.10968392172965,6.22656470000885,6.31890427226085,6.37054826561817,6.40666226043275,6.43206027511512,6.44242570819788,6.43271154639988,6.4171259362919,6.38531000791947,,,,Pakistan,CH4
GCAM5.2_NET,GCAM_1.5C_low_os_high-cost-DAC,PAK,Emissions|CO2|AFOLU,Mt CO2/yr,,,,-2.69227503327514,,,8.97716274120651,,,,,12.4357401690002,,12.2682256324373,,,,,9.62127059023804,7.33470849490711,8.1556257837441,-0.0229354464758683,0.0512321185210234,-2.66739752982666,-5.08752440778536,-4.70001548099744,-3.73926973029786,-0.450748175903405,-0.370842203746457,-1.75301198685544,-1.24222511303387,0.587588690068187,-1.09317077919407,-0.993314551480584,,,,Pakistan,CO2
GCAM5.2_NET,GCAM_1.5C_low_os_high-cost-DAC,PAK,Emissions|CO2|Energy and Industrial Processes,Mt CO2/yr,,,,124.219466872678,,,153.929929106962,,,,,185.754439705108,,227.671372900659,,,,,162.416569116402,115.796093715756,41.8162365600447,25.3493789083429,41.3799431689415,67.8156775196362,90.1712765138475,108.788723667913,123.480869201014,141.464886594537,160.514578450498,178.560964849278,195.825768112644,209.749453591909,220.320259009743,224.574822299752,,,,Pakistan,CO2
GCAM5.2_NET,GCAM_1.5C_low_os_high-cost-DAC,PAK,Emissions|CO2|Energy|Demand,Mt CO2/yr,,,,70.4952253419896,,,80.4931080348461,,,,,90.5576025143605,,108.704495252619,,,,,95.516409826765,96.6070375133102,87.1899306021666,90.6918346147018,106.28525432322,122.822541912851,141.268911112191,160.28046476424,180.944240218329,203.785530018074,226.653235782229,248.358567749362,269.220745619401,288.786858065827,304.866029829278,320.096261496785,,,,Pakistan,CO2
GCAM5.2_NET,GCAM_1.5C_low_os_high-cost-DAC,PAK,Emissions|CO2|Energy|Demand|Industry,Mt CO2/yr,,,,33.760136069103,,,31.2009186700207,,,,,35.8197105743132,,43.985398450158,,,,,33.0915019848854,30.7407868804247,22.5068437710423,20.4019289092953,23.4279510258182,26.2587346251738,28.7862296367766,31.0690861443833,33.1792436009801,35.7546709361474,38.29889703198,40.0703155515806,40.9507750050822,41.3312991817796,41.1886910899245,40.9686358124658,,,,Pakistan,CO2
GCAM5.2_NET,GCAM_1.5C_low_os_high-cost-DAC,PAK,Emissions|CO2|Energy|Demand|Residential and Commercial,Mt CO2/yr,,,,12.5414021734607,,,17.0403429995063,,,,,18.5732969003578,,21.8282141550737,,,,,16.852516957065,15.6957732036988,12.7465337543695,12.5521214968458,14.3205810309757,16.2248270446318,18.2286420320105,20.2394160467389,22.185432561811,24.2590555209005,26.2333970124377,27.8134903581374,29.0929455132888,30.0809693632266,30.5674941199954,31.1284842693773,,,,Pakistan,CO2
GCAM5.2_NET,GCAM_1.5C_low_os_high-cost-DAC,PAK,Emissions|CO2|Energy|Demand|Residential and Commercial|Commercial,Mt CO2/yr,,,,2.5951224359202,,,4.6796490254226,,,,,4.76150797862508,,5.55735602383327,,,,,3.77381085838059,3.26011452086574,2.39631642021982,2.29609494372556,2.76843564379928,3.30602263986519,3.89081002194223,4.49372715301481,5.15904019019229,5.92402348955617,6.71729446313229,7.4710837398197,8.18631960349072,8.83760902996696,9.32975535827712,9.81049572038918,,,,Pakistan,CO2
GCAM5.2_NET,GCAM_1.5C_low_os_high-cost-DAC,PAK,Emissions|CO2|Energy|Demand|Residential and Commercial|Residential,Mt CO2/yr,,,,9.9462797375405,,,12.3606939740837,,,,,13.8117889217327,,16.2708581312404,,,,,13.0787060986844,12.435658682833,10.3502173341497,10.2560265531202,11.5521453871764,12.9188044047666,14.3378320100683,15.7456888937241,17.0263923716187,18.3350320313443,19.5161025493054,20.3424066183177,20.906625909798,21.2433603332597,21.2377387617183,21.3179885489882,,,,Pakistan,CO2
GCAM5.2_NET,GCAM_1.5C_low_os_high-cost-DAC,PAK,Emissions|CO2|Energy|Demand|Transportation,Mt CO2/yr,,,,24.1936870994259,,,32.2518463653191,,,,,36.1645950396895,,42.8908826473877,,,,,45.5723908848146,50.1704774291867,51.9365530767547,57.7377842085607,68.536722266426,80.3389802430457,94.2540394434039,108.971962573118,125.579564055538,143.771803561026,162.120941737812,180.474761839644,199.17702510103,217.374589520821,233.109844619358,247.999141414942,,,,Pakistan,CO2
GCAM5.2_NET,GCAM_1.5C_low_os_high-cost-DAC,PAK,Emissions|CO2|Energy|Supply,Mt CO2/yr,,,,35.960015049092,,,43.7828604602597,,,,,57.402896156981,,71.9815076679974,,,,,43.459218397698,-4.05019068779027,-66.8595765055215,-88.3045841796391,-91.549984346134,-85.8844683970044,-87.3351190558003,-94.6367309686905,-108.573417719013,-121.499341991078,-132.521820205737,-141.962128112033,-150.585433744815,-160.731878838435,-170.055776797769,-184.530644271501,,,,Pakistan,CO2
GCAM5.2_NET,GCAM_1.5C_low_os_high-cost-DAC,PAK,Emissions|CO2|Energy|Supply|Electricity,Mt CO2/yr,,,,33.376598814236,,,37.5909818973617,,,,,49.7758260461905,,62.2708509298683,,,,,34.3834991414138,-10.049840396721,-60.2135281201918,-80.7794952975721,-85.9591108936233,-81.9053582070299,-85.576138454605,-95.9639396729649,-114.671811340207,-131.768634457604,-144.605287943212,-154.639738063015,-163.686756980622,-173.796852235017,-181.366888081579,-194.287500752121,,,,Pakistan,CO2
GCAM5.2_NET,GCAM_1.5C_low_os_high-cost-DAC,PAK,Emissions|CO2|Energy|Supply|Gases,Mt CO2/yr,,,,1.022189759593,,,3.240897294627,,,,,3.99574924225092,,4.94255488799496,,,,,4.81574767982507,5.15975906716797,5.18561598907583,5.73421139206795,6.64983109847479,7.70517756262811,8.90056242210806,10.3529111784726,11.9335693170352,13.3035518808953,14.6064796714741,15.7482822148955,16.86310892525,17.9326693859952,18.8441946589565,19.6644302202716,,,,Pakistan,CO2
GCAM5.2_NET,GCAM_1.5C_low_os_high-cost-DAC,PAK,Emissions|CO2|Energy|Supply|Liquids,Mt CO2/yr,,,,1.561226,,,2.951007,,,,,3.631321,,4.673075,,,,,4.398797,2.138851,-7.544995,-11.41741,-11.55227,-11.2475,-10.22064,-8.440747,-5.026115,-2.06621,-1.559687,-2.124141,-2.789862,-3.680099,-5.778074,-7.979683,,,,Pakistan,CO2
GCAM5.2_NET,GCAM_1.5C_low_os_high-cost-DAC,PAK,Emissions|CO2|Energy|Supply|Solids,Mt CO2/yr,,,,0.0,,,-2.566667e-05,,,,,0.0,,-2.2e-05,,,,,0.0,0.0,0.0,0.0,0.0,0.0,0.0,-3.666651e-05,-2.933328e-05,0.0,0.0,0.0,0.0,0.0,-3.666658e-05,-4.033322e-05,,,,Pakistan,CO2
GCAM5.2_NET,GCAM_1.5C_low_os_high-cost-DAC,PAK,Emissions|CO2|Industrial Processes,Mt CO2/yr,,,,17.76423,,,29.65396,,,,,37.79394,,46.98537,,,,,23.44094,23.23925,21.48588,22.96213,26.64467,30.8776,36.23748,43.14499,51.11005,59.1787,66.38316,72.16453,77.19046,81.69447,85.51001,89.00921,,,,Pakistan,CO2
GCAM5.2_NET,GCAM_1.5C_low_os_high-cost-DAC,PAK,Emissions|N2O|AFOLU,kt N2O/yr,,,,67.75504,,,77.37582,,,,,88.7722,,100.2573,,,,,88.34217,93.80241,100.4526,103.2067,108.7329,116.1302,118.2196,119.9118,121.2365,121.8514,122.4673,123.1559,123.5978,123.5961,123.5546,123.4166,,,,Pakistan,N2O
GCAM5.2_NET,GCAM_1.5C_low_os_low-cost-DAC,PAK,Carbon Sequestration|CCS|Biomass,Mt CO2/yr,,,,0.0,,,0.0,,,,,0.0,,0.0,,,,,8.82257504568554,37.4917964712448,72.2359962247454,82.2024769660812,88.1204963272716,89.934956368493,91.1363512757821,99.4016240831271,112.615712461174,125.414920622055,137.764987939629,150.172140643455,162.387454523048,174.493072589565,183.734133401395,199.615939708735,,,,Pakistan,
GCAM5.2_NET,GCAM_1.5C_low_os_low-cost-DAC,PAK,Carbon Sequestration|Direct Air Capture,Mt CO2/yr,,,,0.0,,,0.0,,,,,0.0,,0.0,,,,,0.0,0.0,2.8292e-09,0.0,0.0,0.0,0.0,0.0,0.0,0.0,0.0,0.0,0.0,0.0,4.330664e-10,5.48515e-10,,,,Pakistan,
GCAM5.2_NET,GCAM_1.5C_low_os_low-cost-DAC,PAK,Emissions|CH4|AFOLU,Mt CH4/yr,,,,4.14220125001483,,,4.79868095684329,,,,,5.5487792136607,,6.28989929733521,,,,,5.34579572642046,5.64106130202233,5.7963807109737,5.56567258279027,5.82141337709638,6.24852600007786,6.39620329266485,6.51477899886287,6.6069412663519,6.65964597223764,6.68779258221642,6.7071544328412,6.71403910956698,6.69842838360799,6.67527890123953,6.64426616705867,,,,Pakistan,CH4
GCAM5.2_NET,GCAM_1.5C_low_os_low-cost-DAC,PAK,Emissions|CO2|AFOLU,Mt CO2/yr,,,,-2.69227503327514,,,8.97716274120651,,,,,12.4357401690002,,12.2682256324373,,,,,9.62127059023804,7.33470849490711,6.17526532522082,1.4624806042508,1.31338349102871,-1.240273942527,-4.17561832440954,-4.09564489232212,-3.30053074216543,-0.711887990244516,0.252142266854426,-1.48881039444404,-1.27334366373157,0.792967197116578,-1.02433782627105,-0.908235703259679,,,,Pakistan,CO2
GCAM5.2_NET,GCAM_1.5C_low_os_low-cost-DAC,PAK,Emissions|CO2|Energy and Industrial Processes,Mt CO2/yr,,,,124.219466872678,,,153.929929106962,,,,,185.75443922546,,227.671370792505,,,,,162.416560011619,115.796080502232,71.610851290074,87.2957061649074,107.91816105216,131.895668659681,161.777699275455,186.255506943084,207.495538893739,231.522439916567,255.11534468201,275.98936239988,296.524328345382,312.445977029076,326.666283562534,340.358143382669,,,,Pakistan,CO2
GCAM5.2_NET,GCAM_1.5C_low_os_low-cost-DAC,PAK,Emissions|CO2|Energy|Demand,Mt CO2/yr,,,,70.4952253419896,,,80.4931080348461,,,,,90.5576020347134,,108.704493144465,,,,,95.5164007220298,96.6070242998478,96.7069664352176,114.761802037377,133.555316028938,151.752095523753,173.407111117172,196.987774668293,221.424426712154,247.64472846128,273.656509208756,297.860387860356,321.702445610175,342.503856257895,360.237344083025,383.408132340244,,,,Pakistan,CO2
GCAM5.2_NET,GCAM_1.5C_low_os_low-cost-DAC,PAK,Emissions|CO2|Energy|Demand|Industry,Mt CO2/yr,,,,33.760136069103,,,31.2009186700207,,,,,35.8197105743132,,43.985398450158,,,,,33.0915019848854,30.7407868804247,27.6433055147523,33.1018509493588,38.0956735700157,42.2530327503763,46.9084423647654,51.4691109130317,55.4806114547958,59.6919641473047,62.977860500603,64.7253542538193,65.7956619423128,65.1634044869903,63.6834223070667,64.8829239261992,,,,Pakistan,CO2
GCAM5.2_NET,GCAM_1.5C_low_os_low-cost-DAC,PAK,Emissions|CO2|Energy|Demand|Residential and Commercial,Mt CO2/yr,,,,12.5414021734607,,,17.0403429995063,,,,,18.5732968476201,,21.8282139363909,,,,,16.8525162569106,15.695772340356,14.5929758793322,16.9126192827373,19.2841477574555,21.7040097498951,24.3488206260524,27.1051545503763,29.7198807873892,32.422908833056,34.7580038169932,36.394259530935,37.7872882229873,38.6136856970018,38.8545864697226,40.3509348614216,,,,Pakistan,CO2
GCAM5.2_NET,GCAM_1.5C_low_os_low-cost-DAC,PAK,Emissions|CO2|Energy|Demand|Residential and Commercial|Commercial,Mt CO2/yr,,,,2.5951224359202,,,4.6796490254226,,,,,4.76150794013603,,5.55735586325243,,,,,3.77381038940949,3.26011397012864,2.86406980200145,3.4643574274778,4.08367618155984,4.70949923634158,5.45314347426259,6.3011022016859,7.181393193295,8.14653320600268,9.11436520425565,9.97151769823045,10.7975637412946,11.4733025822504,11.9770044699086,12.8335871615262,,,,Pakistan,CO2
GCAM5.2_NET,GCAM_1.5C_low_os_low-cost-DAC,PAK,Emissions|CO2|Energy|Demand|Residential and Commercial|Residential,Mt CO2/yr,,,,9.9462797375405,,,12.3606939740837,,,,,13.8117889074841,,16.2708580731385,,,,,13.0787058675011,12.4356583702273,11.7289060773307,13.4482618552595,15.2004715758956,16.9945105135535,18.8956771517898,20.8040523486904,22.5384875940942,24.2763756270533,25.6436386127375,26.4227418327045,26.9897244816927,27.1403831147514,26.877581999814,27.5173476998954,,,,Pakistan,CO2
GCAM5.2_NET,GCAM_1.5C_low_os_low-cost-DAC,PAK,Emissions|CO2|Energy|Demand|Transportation,Mt CO2/yr,,,,24.1936870994259,,,32.2518463653191,,,,,36.16459461278,,42.8908807579158,,,,,45.5723824802338,50.170465079067,54.4706850411331,64.747331805281,76.1754947014669,87.795053023482,102.149848126354,118.413509204885,136.223934469969,155.529855480919,175.92064489116,196.740774075602,218.119495444875,238.726766073902,257.699335306235,278.174273552623,,,,Pakistan,CO2
GCAM5.2_NET,GCAM_1.5C_low_os_low-cost-DAC,PAK,Emissions|CO2|Energy|Supply,Mt CO2/yr,,,,35.960015049092,,,43.7828604602597,,,,,57.4028961569807,,71.9815076679974,,,,,43.45921839765,-4.0501906878523,-48.8872931541767,-55.6372197767327,-59.0504875798624,-59.0885117559189,-57.5404030248258,-63.930594926139,-75.1392664323442,-85.622267029969,-95.5057001537781,-105.243466002845,-114.526351257031,-124.431426221359,-131.96294437638,-146.102554987901,,,,Pakistan,CO2
GCAM5.2_NET,GCAM_1.5C_low_os_low-cost-DAC,PAK,Emissions|CO2|Energy|Supply|Electricity,Mt CO2/yr,,,,33.376598814236,,,37.5909818973617,,,,,49.7758260461905,,62.2708509298683,,,,,34.3834991414138,-10.049840396721,-48.9480139775375,-58.1674642636312,-63.2642342388529,-64.6028410702735,-65.2316345169821,-74.6616355103575,-89.6400856463057,-103.222401477131,-115.286184419424,-126.628295447754,-137.286360941267,-147.540466375082,-154.098768601672,-168.389146443522,,,,Pakistan,CO2
GCAM5.2_NET,GCAM_1.5C_low_os_low-cost-DAC,PAK,Emissions|CO2|Energy|Supply|Gases,Mt CO2/yr,,,,1.022189759593,,,3.240897294627,,,,,3.99574924225092,,4.94255488799496,,,,,4.81574767982507,5.15975906716797,5.58223817355097,6.57035954346022,7.72019907922316,9.06376773627952,10.5404909754969,12.1112583839118,13.769399044796,15.2045902895099,16.4692731229719,17.5795600001948,18.7738162481475,19.768388627744,20.5590036493211,21.5507926583721,,,,Pakistan,CO2
GCAM5.2_NET,GCAM_1.5C_low_os_low-cost-DAC,PAK,Emissions|CO2|Energy|Supply|Liquids,Mt CO2/yr,,,,1.561226,,,2.951007,,,,,3.631321,,4.673075,,,,,4.398797,2.138851,-3.116961,-3.433693,-3.292569,-3.480403,-2.892595,-1.406805,0.7546319,2.471254,3.381808,3.90229,4.13465,3.745791,2.432935,1.601194,,,,Pakistan,CO2
GCAM5.2_NET,GCAM_1.5C_low_os_low-cost-DAC,PAK,Emissions|CO2|Energy|Supply|Solids,Mt CO2/yr,,,,0.0,,,-2.566667e-05,,,,,0.0,,-2.2e-05,,,,,0.0,0.0,-2.933332e-05,0.0,0.0,0.0,0.0,0.0,0.0,0.0,-2.199997e-05,0.0,0.0,-1.466665e-05,0.0,-2.566664e-05,,,,Pakistan,CO2
GCAM5.2_NET,GCAM_1.5C_low_os_low-cost-DAC,PAK,Emissions|CO2|Industrial Processes,Mt CO2/yr,,,,17.76423,,,29.65396,,,,,37.79394,,46.98537,,,,,23.44094,23.23925,23.79118,28.17112,33.41333,39.23208,45.91099,53.19833,61.21038,69.49998,76.96454,83.37244,89.34823,94.37355,98.39188,103.0526,,,,Pakistan,CO2
GCAM5.2_NET,GCAM_1.5C_low_os_low-cost-DAC,PAK,Emissions|N2O|AFOLU,kt N2O/yr,,,,67.75504,,,77.37582,,,,,88.7722,,100.2573,,,,,88.34217,93.80241,100.2426,104.2236,110.1422,117.9244,120.2805,122.1211,123.5231,124.2781,124.7883,125.462,125.8893,125.7629,125.6158,125.4784,,,,Pakistan,N2O
GCAM5.2_NET,GCAM_1.5C_low_os_noDAC,PAK,Carbon Sequestration|CCS|Biomass,Mt CO2/yr,,,,0.0,,,0.0,,,,,0.0,,0.0,,,,,8.82263645685779,37.4917353790726,86.152321791861,110.996644879601,127.772864191897,137.406272669104,152.576960165928,169.251585634814,195.502265202239,218.744218631286,241.65538446552,261.950386457827,279.960906476872,296.40302024401,313.535035205199,332.351390288378,,,,Pakistan,
GCAM5.2_NET,GCAM_1.5C_low_os_noDAC,PAK,Emissions|CH4|AFOLU,Mt CH4/yr,,,,4.14220125001483,,,4.79868095684329,,,,,5.54876948097997,,6.28988490124609,,,,,5.34577521529383,5.64104298277538,5.73279147825494,5.29928808422735,5.44587257494485,5.79818046082659,5.88139653828575,5.95727569649805,6.02080564314345,6.05439599140503,6.07886809554498,6.09964049312261,6.10908019458771,6.09325954001301,6.07330337750736,6.0411212125679,,,,Pakistan,CH4
GCAM5.2_NET,GCAM_1.5C_low_os_noDAC,PAK,Emissions|CO2|AFOLU,Mt CO2/yr,,,,-2.69227503327514,,,8.97716274120651,,,,,12.4364923717027,,12.2683548441244,,,,,9.62173719011537,7.33437063900046,8.1551068497242,-0.0116791235522505,-0.410781247164603,-4.72568658709433,-6.47287647753389,-5.82899330724221,-4.76441432504829,-1.17405440668126,-0.750405202255416,-2.00120499392728,-1.89337002204335,0.571325611361815,-1.04163836820207,-1.20493355908828,,,,Pakistan,CO2
GCAM5.2_NET,GCAM_1.5C_low_os_noDAC,PAK,Emissions|CO2|Energy and Industrial Processes,Mt CO2/yr,,,,124.219466872678,,,153.929929106962,,,,,185.754386956719,,227.671309731189,,,,,162.416237544831,115.795959604357,41.8135773061087,14.4413603361227,-0.0326888212545737,1.66580231810401,-0.699943221190312,0.621318965797716,-7.06909660497612,-11.2742633408477,-23.8138737533015,-37.6948276972295,-48.7407940456354,-57.4163594187792,-68.2379525853995,-77.6946737272825,,,,Pakistan,CO2
GCAM5.2_NET,GCAM_1.5C_low_os_noDAC,PAK,Emissions|CO2|Energy|Demand,Mt CO2/yr,,,,70.4952253419896,,,80.4931080348461,,,,,90.5575694148834,,108.704487363283,,,,,95.5163362385427,96.6069416264895,87.193367604975,86.2440453957982,87.615737423315,95.5223016825467,104.210925634864,116.564653308064,129.010093817962,140.589362676119,148.904800370237,155.396301538124,162.10882370085,169.090381345472,174.57612321267,181.244099209216,,,,Pakistan,CO2
GCAM5.2_NET,GCAM_1.5C_low_os_noDAC,PAK,Emissions|CO2|Energy|Demand|Industry,Mt CO2/yr,,,,33.760136069103,,,31.2009186700207,,,,,35.8196968592906,,43.9853982058598,,,,,33.0914868153585,30.7407260492492,22.5092601035762,18.0360960269004,14.1680357003893,13.2993599183413,11.9276855640159,11.559240768948,11.007443447292,10.9569845372088,11.2409446002115,11.5293040495179,11.6979292728544,11.7221264049077,11.4685011782689,11.3324205010361,,,,Pakistan,CO2
GCAM5.2_NET,GCAM_1.5C_low_os_noDAC,PAK,Emissions|CO2|Energy|Demand|Residential and Commercial,Mt CO2/yr,,,,12.5414021734607,,,17.0403429995063,,,,,18.5732891660511,,21.8282102185549,,,,,16.8524812320413,15.6957672874438,12.7474430004666,11.745718618412,11.0923257322698,11.5421806019776,11.8605232175155,12.7631147723039,13.6322806156628,14.7351105432827,15.7294799324084,16.5068153040211,17.2392533492175,17.9240059190576,18.411695648577,19.0384981781468,,,,Pakistan,CO2
GCAM5.2_NET,GCAM_1.5C_low_os_noDAC,PAK,Emissions|CO2|Energy|Demand|Residential and Commercial|Commercial,Mt CO2/yr,,,,2.5951224359202,,,4.6796490254226,,,,,4.76150098536725,,5.55735231365883,,,,,3.7738102549165,3.26011343324158,2.39652668382358,2.10751947910166,1.972046171801,2.12453992421011,2.27953808972457,2.58557223456258,2.91623293747353,3.25852571342299,3.55542910813239,3.81244310025556,4.0992188550889,4.4289680519164,4.73934408266311,5.11298783608334,,,,Pakistan,CO2
GCAM5.2_NET,GCAM_1.5C_low_os_noDAC,PAK,Emissions|CO2|Energy|Demand|Residential and Commercial|Residential,Mt CO2/yr,,,,9.9462797375405,,,12.3606939740837,,,,,13.8117881806839,,16.270857904896,,,,,13.0786709771247,12.4356538542022,10.350916316643,9.6381991393103,9.12027956046878,9.41764067776753,9.58098512779092,10.1775425377413,10.7160476781892,11.4765848298598,12.174050824276,12.6943722037655,13.1400344941286,13.4950378671412,13.6723515659139,13.9255103420635,,,,Pakistan,CO2
GCAM5.2_NET,GCAM_1.5C_low_os_noDAC,PAK,Emissions|CO2|Energy|Demand|Transportation,Mt CO2/yr,,,,24.1936870994259,,,32.2518463653191,,,,,36.1645833895417,,42.8908789388683,,,,,45.572368191143,50.1704482897965,51.9366645009322,56.4622307504859,62.3553759906559,70.6807611622277,80.4227168533327,92.2422977668121,104.370369755007,114.897267595627,121.934375837617,127.360182184585,133.171641078778,139.444249021507,144.695926385824,150.873180530033,,,,Pakistan,CO2
GCAM5.2_NET,GCAM_1.5C_low_os_noDAC,PAK,Emissions|CO2|Energy|Supply,Mt CO2/yr,,,,35.960015049092,,,43.7828604602597,,,,,57.4028802725998,,71.9814524382032,,,,,43.4589721672723,-4.05021734267569,-66.8661280593603,-93.641740725922,-109.926734957099,-117.890742943421,-130.678608411028,-144.410765499844,-168.015376000319,-190.548473036678,-213.486684615552,-233.223481103548,-249.901519105277,-264.601931489785,-279.770451684251,-296.537040722697,,,,Pakistan,CO2
GCAM5.2_NET,GCAM_1.5C_low_os_noDAC,PAK,Emissions|CO2|Energy|Supply|Electricity,Mt CO2/yr,,,,33.376598814236,,,37.5909818973617,,,,,49.7758156014323,,62.2707959365647,,,,,34.3833026065658,-10.0498573658867,-60.2174076440516,-84.0146043915328,-98.5331801093258,-106.067492120584,-118.560913024554,-133.434099033799,-159.011539031831,-182.138643623762,-195.340351944214,-202.332847498823,-208.683459173582,-216.389258136402,-226.379435388436,-242.716897516406,,,,Pakistan,CO2
GCAM5.2_NET,GCAM_1.5C_low_os_noDAC,PAK,Emissions|CO2|Energy|Supply|Gases,Mt CO2/yr,,,,1.022189759593,,,3.240897294627,,,,,3.99574924227224,,4.94255488822486,,,,,4.81574765038586,5.15975903675568,5.18579944316886,5.54459452931035,5.94236397439584,6.6235190683896,7.23561690474281,7.9974704738909,8.80376637354649,9.90835519686657,10.9988310625977,11.973401423682,12.9773722053868,13.9039394601757,14.6824450211621,15.4738206273615,,,,Pakistan,CO2
GCAM5.2_NET,GCAM_1.5C_low_os_noDAC,PAK,Emissions|CO2|Energy|Supply|Liquids,Mt CO2/yr,,,,1.561226,,,2.951007,,,,,3.631315,,4.673075,,,,,4.398786,2.138841,-7.547205,-12.81606,-15.40402,-16.72663,-17.03468,-15.55875,-12.92866,-13.23011,-24.98559,-39.18204,-50.7927,-58.75902,-64.36913,-65.49497,,,,Pakistan,CO2
GCAM5.2_NET,GCAM_1.5C_low_os_noDAC,PAK,Emissions|CO2|Energy|Supply|Solids,Mt CO2/yr,,,,0.0,,,-2.566667e-05,,,,,0.0,,-2.199999e-05,,,,,-3.666665e-05,0.0,0.0,-2.566656e-05,-1.39333e-05,0.0,-1.503326e-05,0.0,0.0,-1.466667e-06,0.0,-4.766659e-06,0.0,-4.766675e-06,0.0,0.0,,,,Pakistan,CO2
GCAM5.2_NET,GCAM_1.5C_low_os_noDAC,PAK,Emissions|CO2|Industrial Processes,Mt CO2/yr,,,,17.76423,,,29.65396,,,,,37.79394,,46.98537,,,,,23.44093,23.23924,21.48634,21.83906,22.27831,24.03424,25.76774,28.46743,31.93619,38.68485,40.76801,40.13235,39.0519,38.09519,36.95638,37.59827,,,,Pakistan,CO2
GCAM5.2_NET,GCAM_1.5C_low_os_noDAC,PAK,Emissions|N2O|AFOLU,kt N2O/yr,,,,67.75504,,,77.37582,,,,,88.77216,,100.2571,,,,,88.34194,93.80228,100.4515,103.0981,108.4707,115.5294,116.9611,118.1604,119.2123,119.6937,120.1882,120.8009,121.2387,121.234,121.2005,121.0199,,,,Pakistan,N2O
