Model,Scenario,Region,Variable,Unit,1990,1995,2000,2005,2007,2008,2010,2011,2012,2013,2014,2015,2018,2020,2021,2022,2023,2024,2025,2030,2035,2040,2045,2050,2055,2060,2065,2070,2075,2080,2085,2090,2095,2100,2110,2130,2150,Country,Species
AIM/Hub-Vietnam 2.2,EN_NP_2025_-1002050,VNM,Carbon Sequestration|CCS|Biomass,Mt CO2/yr,,,,,,,0.0,,,,,0.0,,0.0,,,,,0.0,0.0,0.3421,11.5132,90.8452,233.7157,,,,,,,,,,,,,,Vietnam,
AIM/Hub-Vietnam 2.2,EN_NP_2025_-1002050,VNM,Carbon Sequestration|CCS|Biomass|Energy|Supply,Mt CO2/yr,,,,,,,0.0,,,,,0.0,,0.0,,,,,0.0,0.0,0.3421,11.5132,90.8452,233.7157,,,,,,,,,,,,,,Vietnam,
AIM/Hub-Vietnam 2.2,EN_NP_2025_-1002050,VNM,Carbon Sequestration|CCS|Biomass|Energy|Supply|Electricity,Mt CO2/yr,,,,,,,0.0,,,,,0.0,,0.0,,,,,0.0,0.0,0.1078,6.887,83.6305,222.8455,,,,,,,,,,,,,,Vietnam,
AIM/Hub-Vietnam 2.2,EN_NP_2025_-1002050,VNM,Carbon Sequestration|CCS|Biomass|Energy|Supply|Liquids,Mt CO2/yr,,,,,,,0.0,,,,,0.0,,0.0,,,,,0.0,0.0,0.2343,4.6262,7.2146,10.8702,,,,,,,,,,,,,,Vietnam,
AIM/Hub-Vietnam 2.2,EN_NP_2025_-1002050,VNM,Emissions|CH4|AFOLU,Mt CH4/yr,,,,,,,2.8598,,,,,3.027,,3.3103,,,,,3.5899,2.6478,2.0007,1.6399,1.5866,1.7556,,,,,,,,,,,,,,Vietnam,CH4
AIM/Hub-Vietnam 2.2,EN_NP_2025_-1002050,VNM,Emissions|CH4|AFOLU|Agriculture,Mt CH4/yr,,,,,,,2.6417,,,,,2.8031,,3.0758,,,,,3.3439,2.4813,1.8842,1.5498,1.5004,1.6629,,,,,,,,,,,,,,Vietnam,CH4
AIM/Hub-Vietnam 2.2,EN_NP_2025_-1002050,VNM,Emissions|CH4|Energy|Demand|Industry,Mt CH4/yr,,,,,,,0.0039,,,,,0.0058,,0.0069,,,,,0.0081,0.0086,0.0042,0.0014,0.0007,0.0007,,,,,,,,,,,,,,Vietnam,CH4
AIM/Hub-Vietnam 2.2,EN_NP_2025_-1002050,VNM,Emissions|CH4|Energy|Demand|Transportation,Mt CH4/yr,,,,,,,0.0116,,,,,0.0122,,0.015,,,,,0.0174,0.0193,0.019,0.0154,0.0161,0.0161,,,,,,,,,,,,,,Vietnam,CH4
AIM/Hub-Vietnam 2.2,EN_NP_2025_-1002050,VNM,Emissions|CH4|Energy|Supply,Mt CH4/yr,,,,,,,1.3607,,,,,1.6296,,1.7109,,,,,1.8235,0.7018,0.4146,0.302,0.3106,0.3231,,,,,,,,,,,,,,Vietnam,CH4
AIM/Hub-Vietnam 2.2,EN_NP_2025_-1002050,VNM,Emissions|CO2|AFOLU,Mt CO2/yr,,,,,,,34.194,,,,,40.3683,,48.4232,,,,,45.8352,16.3566,8.647,-2.2933,-5.7682,39.6092,,,,,,,,,,,,,,Vietnam,CO2
AIM/Hub-Vietnam 2.2,EN_NP_2025_-1002050,VNM,Emissions|CO2|Energy and Industrial Processes,Mt CO2/yr,,,,,,,152.0329,,,,,193.3815,,223.1999,,,,,261.3006,262.3133,200.7694,126.0695,27.827,-128.7513,,,,,,,,,,,,,,Vietnam,CO2
AIM/Hub-Vietnam 2.2,EN_NP_2025_-1002050,VNM,Emissions|CO2|Energy|Demand,Mt CO2/yr,,,,,,,83.2598,,,,,95.1969,,101.8537,,,,,111.1629,108.5939,79.8842,52.7137,50.6664,52.8077,,,,,,,,,,,,,,Vietnam,CO2
AIM/Hub-Vietnam 2.2,EN_NP_2025_-1002050,VNM,Emissions|CO2|Energy|Demand|AFOFI,Mt CO2/yr,,,,,,,2.1,,,,,2.6779,,2.563,,,,,2.4781,1.9311,0.9945,0.3928,0.1608,0.1416,,,,,,,,,,,,,,Vietnam,CO2
AIM/Hub-Vietnam 2.2,EN_NP_2025_-1002050,VNM,Emissions|CO2|Energy|Demand|Industry,Mt CO2/yr,,,,,,,39.929,,,,,49.782,,49.4713,,,,,52.0021,46.7688,22.9213,7.6177,3.4402,3.6387,,,,,,,,,,,,,,Vietnam,CO2
AIM/Hub-Vietnam 2.2,EN_NP_2025_-1002050,VNM,Emissions|CO2|Energy|Demand|Residential and Commercial|Commercial,Mt CO2/yr,,,,,,,3.4553,,,,,3.8322,,4.1104,,,,,4.718,4.2022,2.0572,0.6132,0.2397,0.2386,,,,,,,,,,,,,,Vietnam,CO2
AIM/Hub-Vietnam 2.2,EN_NP_2025_-1002050,VNM,Emissions|CO2|Energy|Demand|Residential and Commercial|Residential,Mt CO2/yr,,,,,,,7.1267,,,,,6.642,,5.7042,,,,,5.1656,3.8467,2.6848,1.561,0.9009,0.8194,,,,,,,,,,,,,,Vietnam,CO2
AIM/Hub-Vietnam 2.2,EN_NP_2025_-1002050,VNM,Emissions|CO2|Energy|Demand|Transportation,Mt CO2/yr,,,,,,,30.649,,,,,32.2628,,40.0048,,,,,46.7991,51.8451,51.2265,42.529,45.9248,47.9694,,,,,,,,,,,,,,Vietnam,CO2
AIM/Hub-Vietnam 2.2,EN_NP_2025_-1002050,VNM,Emissions|CO2|Energy|Supply,Mt CO2/yr,,,,,,,51.787,,,,,80.0595,,100.5765,,,,,126.5587,131.7277,100.1313,56.6188,-42.3257,-210.4584,,,,,,,,,,,,,,Vietnam,CO2
AIM/Hub-Vietnam 2.2,EN_NP_2025_-1002050,VNM,Emissions|CO2|Energy|Supply|Electricity,Mt CO2/yr,,,,,,,44.144,,,,,71.3338,,91.775,,,,,117.6293,127.8552,97.5264,57.1766,-39.1659,-203.7935,,,,,,,,,,,,,,Vietnam,CO2
AIM/Hub-Vietnam 2.2,EN_NP_2025_-1002050,VNM,Emissions|CO2|Industrial Processes,Mt CO2/yr,,,,,,,16.9861,,,,,18.125,,20.7698,,,,,23.579,21.9918,20.7539,16.737,19.4863,28.8993,,,,,,,,,,,,,,Vietnam,CO2
AIM/Hub-Vietnam 2.2,EN_NP_2025_-1002050,VNM,Emissions|N2O|AFOLU,kt N2O/yr,,,,,,,70.1823,,,,,75.2303,,84.1774,,,,,93.9405,62.353,53.1815,53.097,63.1154,85.0326,,,,,,,,,,,,,,Vietnam,N2O
AIM/Hub-Vietnam 2.2,EN_NP_2025_-1002050,VNM,Emissions|N2O|AFOLU|Agriculture,kt N2O/yr,,,,,,,57.995,,,,,61.9348,,69.2639,,,,,77.3419,51.2119,43.596,43.3685,51.2933,69.9117,,,,,,,,,,,,,,Vietnam,N2O
AIM/Hub-Vietnam 2.2,EN_NP_2025_-302050,VNM,Carbon Sequestration|CCS|Biomass,Mt CO2/yr,,,,,,,0.0,,,,,0.0,,0.0,,,,,0.0,0.0,0.0,0.4103,7.2294,40.131,,,,,,,,,,,,,,Vietnam,
AIM/Hub-Vietnam 2.2,EN_NP_2025_-302050,VNM,Carbon Sequestration|CCS|Biomass|Energy|Supply,Mt CO2/yr,,,,,,,0.0,,,,,0.0,,0.0,,,,,0.0,0.0,0.0,0.4103,7.2294,40.131,,,,,,,,,,,,,,Vietnam,
AIM/Hub-Vietnam 2.2,EN_NP_2025_-302050,VNM,Carbon Sequestration|CCS|Biomass|Energy|Supply|Electricity,Mt CO2/yr,,,,,,,0.0,,,,,0.0,,0.0,,,,,0.0,0.0,0.0,0.1718,4.1258,33.3921,,,,,,,,,,,,,,Vietnam,
AIM/Hub-Vietnam 2.2,EN_NP_2025_-302050,VNM,Carbon Sequestration|CCS|Biomass|Energy|Supply|Liquids,Mt CO2/yr,,,,,,,0.0,,,,,0.0,,0.0,,,,,0.0,0.0,0.0,0.2386,3.1035,6.7389,,,,,,,,,,,,,,Vietnam,
AIM/Hub-Vietnam 2.2,EN_NP_2025_-302050,VNM,Emissions|CH4|AFOLU,Mt CH4/yr,,,,,,,2.8598,,,,,3.027,,3.3103,,,,,3.5899,2.9833,2.3492,2.0232,1.8592,1.8653,,,,,,,,,,,,,,Vietnam,CH4
AIM/Hub-Vietnam 2.2,EN_NP_2025_-302050,VNM,Emissions|CH4|AFOLU|Agriculture,Mt CH4/yr,,,,,,,2.6417,,,,,2.8031,,3.0758,,,,,3.3439,2.7924,2.209,1.9087,1.7588,1.768,,,,,,,,,,,,,,Vietnam,CH4
AIM/Hub-Vietnam 2.2,EN_NP_2025_-302050,VNM,Emissions|CH4|Energy|Demand|Industry,Mt CH4/yr,,,,,,,0.0039,,,,,0.0058,,0.0069,,,,,0.0081,0.0091,0.0083,0.006,0.0039,0.0027,,,,,,,,,,,,,,Vietnam,CH4
AIM/Hub-Vietnam 2.2,EN_NP_2025_-302050,VNM,Emissions|CH4|Energy|Demand|Transportation,Mt CH4/yr,,,,,,,0.0116,,,,,0.0122,,0.015,,,,,0.0174,0.0199,0.0213,0.0223,0.0204,0.0179,,,,,,,,,,,,,,Vietnam,CH4
AIM/Hub-Vietnam 2.2,EN_NP_2025_-302050,VNM,Emissions|CH4|Energy|Supply,Mt CH4/yr,,,,,,,1.3607,,,,,1.6296,,1.7109,,,,,1.8235,0.9738,0.5827,0.4858,0.4372,0.4032,,,,,,,,,,,,,,Vietnam,CH4
AIM/Hub-Vietnam 2.2,EN_NP_2025_-302050,VNM,Emissions|CO2|AFOLU,Mt CO2/yr,,,,,,,34.194,,,,,40.3683,,48.4232,,,,,45.8352,17.6723,10.5454,0.8611,-5.3494,19.2958,,,,,,,,,,,,,,Vietnam,CO2
AIM/Hub-Vietnam 2.2,EN_NP_2025_-302050,VNM,Emissions|CO2|Energy and Industrial Processes,Mt CO2/yr,,,,,,,152.0329,,,,,193.3815,,223.1999,,,,,261.3006,286.3546,273.93,243.0109,201.0564,120.482,,,,,,,,,,,,,,Vietnam,CO2
AIM/Hub-Vietnam 2.2,EN_NP_2025_-302050,VNM,Emissions|CO2|Energy|Demand,Mt CO2/yr,,,,,,,83.2598,,,,,95.1969,,101.8537,,,,,111.1629,116.7005,111.1994,100.1156,83.1654,70.2875,,,,,,,,,,,,,,Vietnam,CO2
AIM/Hub-Vietnam 2.2,EN_NP_2025_-302050,VNM,Emissions|CO2|Energy|Demand|AFOFI,Mt CO2/yr,,,,,,,2.1,,,,,2.6779,,2.563,,,,,2.4781,2.1945,1.5408,1.107,0.7364,0.4818,,,,,,,,,,,,,,Vietnam,CO2
AIM/Hub-Vietnam 2.2,EN_NP_2025_-302050,VNM,Emissions|CO2|Energy|Demand|Industry,Mt CO2/yr,,,,,,,39.929,,,,,49.782,,49.4713,,,,,52.0021,51.5283,44.4356,32.0842,20.9538,14.3353,,,,,,,,,,,,,,Vietnam,CO2
AIM/Hub-Vietnam 2.2,EN_NP_2025_-302050,VNM,Emissions|CO2|Energy|Demand|Residential and Commercial|Commercial,Mt CO2/yr,,,,,,,3.4553,,,,,3.8322,,4.1104,,,,,4.718,5.0124,3.9631,2.8966,1.769,1.0737,,,,,,,,,,,,,,Vietnam,CO2
AIM/Hub-Vietnam 2.2,EN_NP_2025_-302050,VNM,Emissions|CO2|Energy|Demand|Residential and Commercial|Residential,Mt CO2/yr,,,,,,,7.1267,,,,,6.642,,5.7042,,,,,5.1656,4.3619,3.4959,2.9778,2.3081,1.73,,,,,,,,,,,,,,Vietnam,CO2
AIM/Hub-Vietnam 2.2,EN_NP_2025_-302050,VNM,Emissions|CO2|Energy|Demand|Transportation,Mt CO2/yr,,,,,,,30.649,,,,,32.2628,,40.0048,,,,,46.7991,53.6034,57.7642,61.0501,57.3981,52.6667,,,,,,,,,,,,,,Vietnam,CO2
AIM/Hub-Vietnam 2.2,EN_NP_2025_-302050,VNM,Emissions|CO2|Energy|Supply,Mt CO2/yr,,,,,,,51.787,,,,,80.0595,,100.5765,,,,,126.5587,146.0032,138.8665,118.4545,91.803,21.4009,,,,,,,,,,,,,,Vietnam,CO2
AIM/Hub-Vietnam 2.2,EN_NP_2025_-302050,VNM,Emissions|CO2|Energy|Supply|Electricity,Mt CO2/yr,,,,,,,44.144,,,,,71.3338,,91.775,,,,,117.6293,140.9756,135.418,115.2335,90.4934,23.3242,,,,,,,,,,,,,,Vietnam,CO2
AIM/Hub-Vietnam 2.2,EN_NP_2025_-302050,VNM,Emissions|CO2|Industrial Processes,Mt CO2/yr,,,,,,,16.9861,,,,,18.125,,20.7698,,,,,23.579,23.6509,23.8641,24.4407,26.088,28.7935,,,,,,,,,,,,,,Vietnam,CO2
AIM/Hub-Vietnam 2.2,EN_NP_2025_-302050,VNM,Emissions|N2O|AFOLU,kt N2O/yr,,,,,,,70.1823,,,,,75.2303,,84.1774,,,,,93.9405,73.6475,64.5867,65.6567,72.3801,87.602,,,,,,,,,,,,,,Vietnam,N2O
AIM/Hub-Vietnam 2.2,EN_NP_2025_-302050,VNM,Emissions|N2O|AFOLU|Agriculture,kt N2O/yr,,,,,,,57.995,,,,,61.9348,,69.2639,,,,,77.3419,60.5683,53.0898,53.8138,59.273,72.0386,,,,,,,,,,,,,,Vietnam,N2O
AIM/Hub-Vietnam 2.2,EN_NP_2025_-402050,VNM,Carbon Sequestration|CCS|Biomass,Mt CO2/yr,,,,,,,0.0,,,,,0.0,,0.0,,,,,0.0,0.0,0.0,1.0382,12.1651,69.5905,,,,,,,,,,,,,,Vietnam,
AIM/Hub-Vietnam 2.2,EN_NP_2025_-402050,VNM,Carbon Sequestration|CCS|Biomass|Energy|Supply,Mt CO2/yr,,,,,,,0.0,,,,,0.0,,0.0,,,,,0.0,0.0,0.0,1.0382,12.1651,69.5905,,,,,,,,,,,,,,Vietnam,
AIM/Hub-Vietnam 2.2,EN_NP_2025_-402050,VNM,Carbon Sequestration|CCS|Biomass|Energy|Supply|Electricity,Mt CO2/yr,,,,,,,0.0,,,,,0.0,,0.0,,,,,0.0,0.0,0.0,0.4369,7.0527,61.1455,,,,,,,,,,,,,,Vietnam,
AIM/Hub-Vietnam 2.2,EN_NP_2025_-402050,VNM,Carbon Sequestration|CCS|Biomass|Energy|Supply|Liquids,Mt CO2/yr,,,,,,,0.0,,,,,0.0,,0.0,,,,,0.0,0.0,0.0,0.6012,5.1125,8.4451,,,,,,,,,,,,,,Vietnam,
AIM/Hub-Vietnam 2.2,EN_NP_2025_-402050,VNM,Emissions|CH4|AFOLU,Mt CH4/yr,,,,,,,2.8598,,,,,3.027,,3.3103,,,,,3.5899,2.9279,2.3017,1.9578,1.7917,1.8306,,,,,,,,,,,,,,Vietnam,CH4
AIM/Hub-Vietnam 2.2,EN_NP_2025_-402050,VNM,Emissions|CH4|AFOLU|Agriculture,Mt CH4/yr,,,,,,,2.6417,,,,,2.8031,,3.0758,,,,,3.3439,2.741,2.1648,1.8478,1.6951,1.7352,,,,,,,,,,,,,,Vietnam,CH4
AIM/Hub-Vietnam 2.2,EN_NP_2025_-402050,VNM,Emissions|CH4|Energy|Demand|Industry,Mt CH4/yr,,,,,,,0.0039,,,,,0.0058,,0.0069,,,,,0.0081,0.0091,0.0079,0.0051,0.0032,0.0021,,,,,,,,,,,,,,Vietnam,CH4
AIM/Hub-Vietnam 2.2,EN_NP_2025_-402050,VNM,Emissions|CH4|Energy|Demand|Transportation,Mt CH4/yr,,,,,,,0.0116,,,,,0.0122,,0.015,,,,,0.0174,0.0198,0.0212,0.0217,0.0196,0.0177,,,,,,,,,,,,,,Vietnam,CH4
AIM/Hub-Vietnam 2.2,EN_NP_2025_-402050,VNM,Emissions|CH4|Energy|Supply,Mt CH4/yr,,,,,,,1.3607,,,,,1.6296,,1.7109,,,,,1.8235,0.9281,0.5589,0.4579,0.4093,0.382,,,,,,,,,,,,,,Vietnam,CH4
AIM/Hub-Vietnam 2.2,EN_NP_2025_-402050,VNM,Emissions|CO2|AFOLU,Mt CO2/yr,,,,,,,34.194,,,,,40.3683,,48.4232,,,,,45.8352,17.4417,10.1586,0.1298,-2.821,31.9007,,,,,,,,,,,,,,Vietnam,CO2
AIM/Hub-Vietnam 2.2,EN_NP_2025_-402050,VNM,Emissions|CO2|Energy and Industrial Processes,Mt CO2/yr,,,,,,,152.0329,,,,,193.3815,,223.1999,,,,,261.3006,283.4394,263.4768,227.0877,175.2172,76.2662,,,,,,,,,,,,,,Vietnam,CO2
AIM/Hub-Vietnam 2.2,EN_NP_2025_-402050,VNM,Emissions|CO2|Energy|Demand,Mt CO2/yr,,,,,,,83.2598,,,,,95.1969,,101.8537,,,,,111.1629,115.9105,108.195,93.0126,76.4251,66.303,,,,,,,,,,,,,,Vietnam,CO2
AIM/Hub-Vietnam 2.2,EN_NP_2025_-402050,VNM,Emissions|CO2|Energy|Demand|AFOFI,Mt CO2/yr,,,,,,,2.1,,,,,2.6779,,2.563,,,,,2.4781,2.1656,1.4789,1.0014,0.6416,0.399,,,,,,,,,,,,,,Vietnam,CO2
AIM/Hub-Vietnam 2.2,EN_NP_2025_-402050,VNM,Emissions|CO2|Energy|Demand|Industry,Mt CO2/yr,,,,,,,39.929,,,,,49.782,,49.4713,,,,,52.0021,51.0226,42.238,27.3233,16.7845,11.3686,,,,,,,,,,,,,,Vietnam,CO2
AIM/Hub-Vietnam 2.2,EN_NP_2025_-402050,VNM,Emissions|CO2|Energy|Demand|Residential and Commercial|Commercial,Mt CO2/yr,,,,,,,3.4553,,,,,3.8322,,4.1104,,,,,4.718,4.9295,3.7379,2.4823,1.4462,0.8308,,,,,,,,,,,,,,Vietnam,CO2
AIM/Hub-Vietnam 2.2,EN_NP_2025_-402050,VNM,Emissions|CO2|Energy|Demand|Residential and Commercial|Residential,Mt CO2/yr,,,,,,,7.1267,,,,,6.642,,5.7042,,,,,5.1656,4.2988,3.4092,2.8024,2.1273,1.5309,,,,,,,,,,,,,,Vietnam,CO2
AIM/Hub-Vietnam 2.2,EN_NP_2025_-402050,VNM,Emissions|CO2|Energy|Demand|Transportation,Mt CO2/yr,,,,,,,30.649,,,,,32.2628,,40.0048,,,,,46.7991,53.494,57.3309,59.4032,55.4257,52.1737,,,,,,,,,,,,,,Vietnam,CO2
AIM/Hub-Vietnam 2.2,EN_NP_2025_-402050,VNM,Emissions|CO2|Energy|Supply,Mt CO2/yr,,,,,,,51.787,,,,,80.0595,,100.5765,,,,,126.5587,144.1152,131.7929,110.3148,74.0231,-18.5836,,,,,,,,,,,,,,Vietnam,CO2
AIM/Hub-Vietnam 2.2,EN_NP_2025_-402050,VNM,Emissions|CO2|Energy|Supply|Electricity,Mt CO2/yr,,,,,,,44.144,,,,,71.3338,,91.775,,,,,117.6293,139.2822,128.4263,107.4841,74.3718,-14.8179,,,,,,,,,,,,,,Vietnam,CO2
AIM/Hub-Vietnam 2.2,EN_NP_2025_-402050,VNM,Emissions|CO2|Industrial Processes,Mt CO2/yr,,,,,,,16.9861,,,,,18.125,,20.7698,,,,,23.579,23.4137,23.4889,23.7604,24.7689,28.5468,,,,,,,,,,,,,,Vietnam,CO2
AIM/Hub-Vietnam 2.2,EN_NP_2025_-402050,VNM,Emissions|N2O|AFOLU,kt N2O/yr,,,,,,,70.1823,,,,,75.2303,,84.1774,,,,,93.9405,71.792,63.0031,63.3614,69.6415,86.2683,,,,,,,,,,,,,,Vietnam,N2O
AIM/Hub-Vietnam 2.2,EN_NP_2025_-402050,VNM,Emissions|N2O|AFOLU|Agriculture,kt N2O/yr,,,,,,,57.995,,,,,61.9348,,69.2639,,,,,77.3419,59.0237,51.7622,51.8921,56.8767,70.8821,,,,,,,,,,,,,,Vietnam,N2O
AIM/Hub-Vietnam 2.2,EN_NP_2025_-502050,VNM,Carbon Sequestration|CCS|Biomass,Mt CO2/yr,,,,,,,0.0,,,,,0.0,,0.0,,,,,0.0,0.0,0.0251,1.6662,17.2352,98.4586,,,,,,,,,,,,,,Vietnam,
AIM/Hub-Vietnam 2.2,EN_NP_2025_-502050,VNM,Carbon Sequestration|CCS|Biomass|Energy|Supply,Mt CO2/yr,,,,,,,0.0,,,,,0.0,,0.0,,,,,0.0,0.0,0.0251,1.6662,17.2352,98.4586,,,,,,,,,,,,,,Vietnam,
AIM/Hub-Vietnam 2.2,EN_NP_2025_-502050,VNM,Carbon Sequestration|CCS|Biomass|Energy|Supply|Electricity,Mt CO2/yr,,,,,,,0.0,,,,,0.0,,0.0,,,,,0.0,0.0,0.0077,0.7064,11.5246,89.2957,,,,,,,,,,,,,,Vietnam,
AIM/Hub-Vietnam 2.2,EN_NP_2025_-502050,VNM,Carbon Sequestration|CCS|Biomass|Energy|Supply|Liquids,Mt CO2/yr,,,,,,,0.0,,,,,0.0,,0.0,,,,,0.0,0.0,0.0174,0.9598,5.7106,9.1629,,,,,,,,,,,,,,Vietnam,
AIM/Hub-Vietnam 2.2,EN_NP_2025_-502050,VNM,Emissions|CH4|AFOLU,Mt CH4/yr,,,,,,,2.8598,,,,,3.027,,3.3103,,,,,3.5899,2.8763,2.2527,1.9047,1.726,1.8,,,,,,,,,,,,,,Vietnam,CH4
AIM/Hub-Vietnam 2.2,EN_NP_2025_-502050,VNM,Emissions|CH4|AFOLU|Agriculture,Mt CH4/yr,,,,,,,2.6417,,,,,2.8031,,3.0758,,,,,3.3439,2.6932,2.1194,1.7984,1.6327,1.706,,,,,,,,,,,,,,Vietnam,CH4
AIM/Hub-Vietnam 2.2,EN_NP_2025_-502050,VNM,Emissions|CH4|Energy|Demand|Industry,Mt CH4/yr,,,,,,,0.0039,,,,,0.0058,,0.0069,,,,,0.0081,0.009,0.0074,0.0043,0.0025,0.0017,,,,,,,,,,,,,,Vietnam,CH4
AIM/Hub-Vietnam 2.2,EN_NP_2025_-502050,VNM,Emissions|CH4|Energy|Demand|Transportation,Mt CH4/yr,,,,,,,0.0116,,,,,0.0122,,0.015,,,,,0.0174,0.0198,0.021,0.0211,0.0191,0.0174,,,,,,,,,,,,,,Vietnam,CH4
AIM/Hub-Vietnam 2.2,EN_NP_2025_-502050,VNM,Emissions|CH4|Energy|Supply,Mt CH4/yr,,,,,,,1.3607,,,,,1.6296,,1.7109,,,,,1.8235,0.8837,0.5316,0.428,0.3805,0.3596,,,,,,,,,,,,,,Vietnam,CH4
AIM/Hub-Vietnam 2.2,EN_NP_2025_-502050,VNM,Emissions|CO2|AFOLU,Mt CO2/yr,,,,,,,34.194,,,,,40.3683,,48.4232,,,,,45.8352,17.2314,9.8654,-0.2024,-5.9523,40.5184,,,,,,,,,,,,,,Vietnam,CO2
AIM/Hub-Vietnam 2.2,EN_NP_2025_-502050,VNM,Emissions|CO2|Energy and Industrial Processes,Mt CO2/yr,,,,,,,152.0329,,,,,193.3815,,223.1999,,,,,261.3006,280.3494,253.1267,210.3314,154.8909,35.8766,,,,,,,,,,,,,,Vietnam,CO2
AIM/Hub-Vietnam 2.2,EN_NP_2025_-502050,VNM,Emissions|CO2|Energy|Demand,Mt CO2/yr,,,,,,,83.2598,,,,,95.1969,,101.8537,,,,,111.1629,114.9447,104.2451,86.808,70.9612,62.5254,,,,,,,,,,,,,,Vietnam,CO2
AIM/Hub-Vietnam 2.2,EN_NP_2025_-502050,VNM,Emissions|CO2|Energy|Demand|AFOFI,Mt CO2/yr,,,,,,,2.1,,,,,2.6779,,2.563,,,,,2.4781,2.1337,1.4086,0.9093,0.5381,0.3226,,,,,,,,,,,,,,Vietnam,CO2
AIM/Hub-Vietnam 2.2,EN_NP_2025_-502050,VNM,Emissions|CO2|Energy|Demand|Industry,Mt CO2/yr,,,,,,,39.929,,,,,49.782,,49.4713,,,,,52.0021,50.439,39.3383,23.1165,13.3808,8.8606,,,,,,,,,,,,,,Vietnam,CO2
AIM/Hub-Vietnam 2.2,EN_NP_2025_-502050,VNM,Emissions|CO2|Energy|Demand|Residential and Commercial|Commercial,Mt CO2/yr,,,,,,,3.4553,,,,,3.8322,,4.1104,,,,,4.718,4.8309,3.4809,2.1369,1.1217,0.6314,,,,,,,,,,,,,,Vietnam,CO2
AIM/Hub-Vietnam 2.2,EN_NP_2025_-502050,VNM,Emissions|CO2|Energy|Demand|Residential and Commercial|Residential,Mt CO2/yr,,,,,,,7.1267,,,,,6.642,,5.7042,,,,,5.1656,4.2289,3.3098,2.6456,1.9072,1.3407,,,,,,,,,,,,,,Vietnam,CO2
AIM/Hub-Vietnam 2.2,EN_NP_2025_-502050,VNM,Emissions|CO2|Energy|Demand|Transportation,Mt CO2/yr,,,,,,,30.649,,,,,32.2628,,40.0048,,,,,46.7991,53.3121,56.7075,57.9997,54.0135,51.37,,,,,,,,,,,,,,Vietnam,CO2
AIM/Hub-Vietnam 2.2,EN_NP_2025_-502050,VNM,Emissions|CO2|Energy|Supply,Mt CO2/yr,,,,,,,51.787,,,,,80.0595,,100.5765,,,,,126.5587,142.2341,125.835,100.9378,59.8932,-55.0202,,,,,,,,,,,,,,Vietnam,CO2
AIM/Hub-Vietnam 2.2,EN_NP_2025_-502050,VNM,Emissions|CO2|Energy|Supply|Electricity,Mt CO2/yr,,,,,,,44.144,,,,,71.3338,,91.775,,,,,117.6293,137.5891,122.5773,98.4722,61.0296,-50.3925,,,,,,,,,,,,,,Vietnam,CO2
AIM/Hub-Vietnam 2.2,EN_NP_2025_-502050,VNM,Emissions|CO2|Industrial Processes,Mt CO2/yr,,,,,,,16.9861,,,,,18.125,,20.7698,,,,,23.579,23.1706,23.0466,22.5856,24.0364,28.3714,,,,,,,,,,,,,,Vietnam,CO2
AIM/Hub-Vietnam 2.2,EN_NP_2025_-502050,VNM,Emissions|N2O|AFOLU,kt N2O/yr,,,,,,,70.1823,,,,,75.2303,,84.1774,,,,,93.9405,70.0257,61.3289,61.4418,67.2208,85.1952,,,,,,,,,,,,,,Vietnam,N2O
AIM/Hub-Vietnam 2.2,EN_NP_2025_-502050,VNM,Emissions|N2O|AFOLU|Agriculture,kt N2O/yr,,,,,,,57.995,,,,,61.9348,,69.2639,,,,,77.3419,57.5607,50.367,50.2872,54.7681,69.9563,,,,,,,,,,,,,,Vietnam,N2O
AIM/Hub-Vietnam 2.2,EN_NP_2025_-602050,VNM,Carbon Sequestration|CCS|Biomass,Mt CO2/yr,,,,,,,0.0,,,,,0.0,,0.0,,,,,0.0,0.0,0.0687,2.5352,25.3209,128.1773,,,,,,,,,,,,,,Vietnam,
AIM/Hub-Vietnam 2.2,EN_NP_2025_-602050,VNM,Carbon Sequestration|CCS|Biomass|Energy|Supply,Mt CO2/yr,,,,,,,0.0,,,,,0.0,,0.0,,,,,0.0,0.0,0.0687,2.5352,25.3209,128.1773,,,,,,,,,,,,,,Vietnam,
AIM/Hub-Vietnam 2.2,EN_NP_2025_-602050,VNM,Carbon Sequestration|CCS|Biomass|Energy|Supply|Electricity,Mt CO2/yr,,,,,,,0.0,,,,,0.0,,0.0,,,,,0.0,0.0,0.021,1.102,19.117,118.4866,,,,,,,,,,,,,,Vietnam,
AIM/Hub-Vietnam 2.2,EN_NP_2025_-602050,VNM,Carbon Sequestration|CCS|Biomass|Energy|Supply|Liquids,Mt CO2/yr,,,,,,,0.0,,,,,0.0,,0.0,,,,,0.0,0.0,0.0476,1.4331,6.2039,9.6907,,,,,,,,,,,,,,Vietnam,
AIM/Hub-Vietnam 2.2,EN_NP_2025_-602050,VNM,Emissions|CH4|AFOLU,Mt CH4/yr,,,,,,,2.8598,,,,,3.027,,3.3103,,,,,3.5899,2.8262,2.201,1.8435,1.6626,1.7813,,,,,,,,,,,,,,Vietnam,CH4
AIM/Hub-Vietnam 2.2,EN_NP_2025_-602050,VNM,Emissions|CH4|AFOLU|Agriculture,Mt CH4/yr,,,,,,,2.6417,,,,,2.8031,,3.0758,,,,,3.3439,2.6467,2.0713,1.7411,1.5725,1.6881,,,,,,,,,,,,,,Vietnam,CH4
AIM/Hub-Vietnam 2.2,EN_NP_2025_-602050,VNM,Emissions|CH4|Energy|Demand|Industry,Mt CH4/yr,,,,,,,0.0039,,,,,0.0058,,0.0069,,,,,0.0081,0.009,0.0067,0.0036,0.0019,0.0013,,,,,,,,,,,,,,Vietnam,CH4
AIM/Hub-Vietnam 2.2,EN_NP_2025_-602050,VNM,Emissions|CH4|Energy|Demand|Transportation,Mt CH4/yr,,,,,,,0.0116,,,,,0.0122,,0.015,,,,,0.0174,0.0197,0.0207,0.0202,0.0184,0.0171,,,,,,,,,,,,,,Vietnam,CH4
AIM/Hub-Vietnam 2.2,EN_NP_2025_-602050,VNM,Emissions|CH4|Energy|Supply,Mt CH4/yr,,,,,,,1.3607,,,,,1.6296,,1.7109,,,,,1.8235,0.8424,0.5041,0.3962,0.3562,0.3454,,,,,,,,,,,,,,Vietnam,CH4
AIM/Hub-Vietnam 2.2,EN_NP_2025_-602050,VNM,Emissions|CO2|AFOLU,Mt CO2/yr,,,,,,,34.194,,,,,40.3683,,48.4232,,,,,45.8352,17.0293,9.5602,-0.8501,-7.7408,45.3829,,,,,,,,,,,,,,Vietnam,CO2
AIM/Hub-Vietnam 2.2,EN_NP_2025_-602050,VNM,Emissions|CO2|Energy and Industrial Processes,Mt CO2/yr,,,,,,,152.0329,,,,,193.3815,,223.1999,,,,,261.3006,277.0777,242.8953,194.226,132.9812,-1.5327,,,,,,,,,,,,,,Vietnam,CO2
AIM/Hub-Vietnam 2.2,EN_NP_2025_-602050,VNM,Emissions|CO2|Energy|Demand,Mt CO2/yr,,,,,,,83.2598,,,,,95.1969,,101.8537,,,,,111.1629,113.908,99.6583,79.3358,65.0098,59.602,,,,,,,,,,,,,,Vietnam,CO2
AIM/Hub-Vietnam 2.2,EN_NP_2025_-602050,VNM,Emissions|CO2|Energy|Demand|AFOFI,Mt CO2/yr,,,,,,,2.1,,,,,2.6779,,2.563,,,,,2.4781,2.0989,1.3322,0.7974,0.429,0.2646,,,,,,,,,,,,,,Vietnam,CO2
AIM/Hub-Vietnam 2.2,EN_NP_2025_-602050,VNM,Emissions|CO2|Energy|Demand|Industry,Mt CO2/yr,,,,,,,39.929,,,,,49.782,,49.4713,,,,,52.0021,49.8226,35.9735,19.0016,10.0975,7.0905,,,,,,,,,,,,,,Vietnam,CO2
AIM/Hub-Vietnam 2.2,EN_NP_2025_-602050,VNM,Emissions|CO2|Energy|Demand|Residential and Commercial|Commercial,Mt CO2/yr,,,,,,,3.4553,,,,,3.8322,,4.1104,,,,,4.718,4.7243,3.2078,1.7437,0.8166,0.4937,,,,,,,,,,,,,,Vietnam,CO2
AIM/Hub-Vietnam 2.2,EN_NP_2025_-602050,VNM,Emissions|CO2|Energy|Demand|Residential and Commercial|Residential,Mt CO2/yr,,,,,,,7.1267,,,,,6.642,,5.7042,,,,,5.1656,4.1571,3.2031,2.4367,1.656,1.187,,,,,,,,,,,,,,Vietnam,CO2
AIM/Hub-Vietnam 2.2,EN_NP_2025_-602050,VNM,Emissions|CO2|Energy|Demand|Transportation,Mt CO2/yr,,,,,,,30.649,,,,,32.2628,,40.0048,,,,,46.7991,53.1051,55.9417,55.3565,52.0108,50.5662,,,,,,,,,,,,,,Vietnam,CO2
AIM/Hub-Vietnam 2.2,EN_NP_2025_-602050,VNM,Emissions|CO2|Energy|Supply,Mt CO2/yr,,,,,,,51.787,,,,,80.0595,,100.5765,,,,,126.5587,140.2377,120.6699,93.1982,44.8139,-89.4898,,,,,,,,,,,,,,Vietnam,CO2
AIM/Hub-Vietnam 2.2,EN_NP_2025_-602050,VNM,Emissions|CO2|Energy|Supply|Electricity,Mt CO2/yr,,,,,,,44.144,,,,,71.3338,,91.775,,,,,117.6293,135.7679,117.5384,91.1946,46.5977,-84.2306,,,,,,,,,,,,,,Vietnam,CO2
AIM/Hub-Vietnam 2.2,EN_NP_2025_-602050,VNM,Emissions|CO2|Industrial Processes,Mt CO2/yr,,,,,,,16.9861,,,,,18.125,,20.7698,,,,,23.579,22.9321,22.5671,21.6919,23.1576,28.3551,,,,,,,,,,,,,,Vietnam,CO2
AIM/Hub-Vietnam 2.2,EN_NP_2025_-602050,VNM,Emissions|N2O|AFOLU,kt N2O/yr,,,,,,,70.1823,,,,,75.2303,,84.1774,,,,,93.9405,68.335,59.5809,59.4286,64.9497,84.7095,,,,,,,,,,,,,,Vietnam,N2O
AIM/Hub-Vietnam 2.2,EN_NP_2025_-602050,VNM,Emissions|N2O|AFOLU|Agriculture,kt N2O/yr,,,,,,,57.995,,,,,61.9348,,69.2639,,,,,77.3419,56.1589,48.9098,48.6154,52.7908,69.5489,,,,,,,,,,,,,,Vietnam,N2O
AIM/Hub-Vietnam 2.2,EN_NP_2025_-702050,VNM,Carbon Sequestration|CCS|Biomass,Mt CO2/yr,,,,,,,0.0,,,,,0.0,,0.0,,,,,0.0,0.0,0.1253,3.6008,37.2183,153.4319,,,,,,,,,,,,,,Vietnam,
AIM/Hub-Vietnam 2.2,EN_NP_2025_-702050,VNM,Carbon Sequestration|CCS|Biomass|Energy|Supply,Mt CO2/yr,,,,,,,0.0,,,,,0.0,,0.0,,,,,0.0,0.0,0.1253,3.6008,37.2183,153.4319,,,,,,,,,,,,,,Vietnam,
AIM/Hub-Vietnam 2.2,EN_NP_2025_-702050,VNM,Carbon Sequestration|CCS|Biomass|Energy|Supply|Electricity,Mt CO2/yr,,,,,,,0.0,,,,,0.0,,0.0,,,,,0.0,0.0,0.0384,1.604,30.7131,143.3832,,,,,,,,,,,,,,Vietnam,
AIM/Hub-Vietnam 2.2,EN_NP_2025_-702050,VNM,Carbon Sequestration|CCS|Biomass|Energy|Supply|Liquids,Mt CO2/yr,,,,,,,0.0,,,,,0.0,,0.0,,,,,0.0,0.0,0.0869,1.9968,6.5052,10.0487,,,,,,,,,,,,,,Vietnam,
AIM/Hub-Vietnam 2.2,EN_NP_2025_-702050,VNM,Emissions|CH4|AFOLU,Mt CH4/yr,,,,,,,2.8598,,,,,3.027,,3.3103,,,,,3.5899,2.7776,2.155,1.788,1.6261,1.7706,,,,,,,,,,,,,,Vietnam,CH4
AIM/Hub-Vietnam 2.2,EN_NP_2025_-702050,VNM,Emissions|CH4|AFOLU|Agriculture,Mt CH4/yr,,,,,,,2.6417,,,,,2.8031,,3.0758,,,,,3.3439,2.6017,2.0284,1.6891,1.5381,1.6779,,,,,,,,,,,,,,Vietnam,CH4
AIM/Hub-Vietnam 2.2,EN_NP_2025_-702050,VNM,Emissions|CH4|Energy|Demand|Industry,Mt CH4/yr,,,,,,,0.0039,,,,,0.0058,,0.0069,,,,,0.0081,0.0089,0.0061,0.0029,0.0014,0.0011,,,,,,,,,,,,,,Vietnam,CH4
AIM/Hub-Vietnam 2.2,EN_NP_2025_-702050,VNM,Emissions|CH4|Energy|Demand|Transportation,Mt CH4/yr,,,,,,,0.0116,,,,,0.0122,,0.015,,,,,0.0174,0.0196,0.0204,0.0191,0.0176,0.0168,,,,,,,,,,,,,,Vietnam,CH4
AIM/Hub-Vietnam 2.2,EN_NP_2025_-702050,VNM,Emissions|CH4|Energy|Supply,Mt CH4/yr,,,,,,,1.3607,,,,,1.6296,,1.7109,,,,,1.8235,0.8042,0.4846,0.3727,0.3405,0.3415,,,,,,,,,,,,,,Vietnam,CH4
AIM/Hub-Vietnam 2.2,EN_NP_2025_-702050,VNM,Emissions|CO2|AFOLU,Mt CO2/yr,,,,,,,34.194,,,,,40.3683,,48.4232,,,,,45.8352,16.839,9.2712,-1.3485,-6.9868,45.3127,,,,,,,,,,,,,,Vietnam,CO2
AIM/Hub-Vietnam 2.2,EN_NP_2025_-702050,VNM,Emissions|CO2|Energy and Industrial Processes,Mt CO2/yr,,,,,,,152.0329,,,,,193.3815,,223.1999,,,,,261.3006,273.6322,232.1534,177.4616,107.2387,-34.6544,,,,,,,,,,,,,,Vietnam,CO2
AIM/Hub-Vietnam 2.2,EN_NP_2025_-702050,VNM,Emissions|CO2|Energy|Demand,Mt CO2/yr,,,,,,,83.2598,,,,,95.1969,,101.8537,,,,,111.1629,112.7927,95.3872,72.4471,59.596,57.5036,,,,,,,,,,,,,,Vietnam,CO2
AIM/Hub-Vietnam 2.2,EN_NP_2025_-702050,VNM,Emissions|CO2|Energy|Demand|AFOFI,Mt CO2/yr,,,,,,,2.1,,,,,2.6779,,2.563,,,,,2.4781,2.0612,1.2603,0.6912,0.332,0.2239,,,,,,,,,,,,,,Vietnam,CO2
AIM/Hub-Vietnam 2.2,EN_NP_2025_-702050,VNM,Emissions|CO2|Energy|Demand|Industry,Mt CO2/yr,,,,,,,39.929,,,,,49.782,,49.4713,,,,,52.0021,49.1679,32.8629,15.576,7.4511,5.9048,,,,,,,,,,,,,,Vietnam,CO2
AIM/Hub-Vietnam 2.2,EN_NP_2025_-702050,VNM,Emissions|CO2|Energy|Demand|Residential and Commercial|Commercial,Mt CO2/yr,,,,,,,3.4553,,,,,3.8322,,4.1104,,,,,4.718,4.6098,2.9502,1.3988,0.5781,0.404,,,,,,,,,,,,,,Vietnam,CO2
AIM/Hub-Vietnam 2.2,EN_NP_2025_-702050,VNM,Emissions|CO2|Energy|Demand|Residential and Commercial|Residential,Mt CO2/yr,,,,,,,7.1267,,,,,6.642,,5.7042,,,,,5.1656,4.0838,3.0965,2.2238,1.4064,1.073,,,,,,,,,,,,,,Vietnam,CO2
AIM/Hub-Vietnam 2.2,EN_NP_2025_-702050,VNM,Emissions|CO2|Energy|Demand|Transportation,Mt CO2/yr,,,,,,,30.649,,,,,32.2628,,40.0048,,,,,46.7991,52.8699,55.2173,52.5574,49.8284,49.898,,,,,,,,,,,,,,Vietnam,CO2
AIM/Hub-Vietnam 2.2,EN_NP_2025_-702050,VNM,Emissions|CO2|Energy|Supply,Mt CO2/yr,,,,,,,51.787,,,,,80.0595,,100.5765,,,,,126.5587,138.142,114.6146,84.5692,25.5252,-120.5836,,,,,,,,,,,,,,Vietnam,CO2
AIM/Hub-Vietnam 2.2,EN_NP_2025_-702050,VNM,Emissions|CO2|Energy|Supply|Electricity,Mt CO2/yr,,,,,,,44.144,,,,,71.3338,,91.775,,,,,117.6293,133.8357,111.5949,83.0419,27.7277,-114.918,,,,,,,,,,,,,,Vietnam,CO2
AIM/Hub-Vietnam 2.2,EN_NP_2025_-702050,VNM,Emissions|CO2|Industrial Processes,Mt CO2/yr,,,,,,,16.9861,,,,,18.125,,20.7698,,,,,23.579,22.6975,22.1516,20.4454,22.1175,28.4256,,,,,,,,,,,,,,Vietnam,CO2
AIM/Hub-Vietnam 2.2,EN_NP_2025_-702050,VNM,Emissions|N2O|AFOLU,kt N2O/yr,,,,,,,70.1823,,,,,75.2303,,84.1774,,,,,93.9405,66.7173,58.0714,57.6572,63.8023,84.567,,,,,,,,,,,,,,Vietnam,N2O
AIM/Hub-Vietnam 2.2,EN_NP_2025_-702050,VNM,Emissions|N2O|AFOLU|Agriculture,kt N2O/yr,,,,,,,57.995,,,,,61.9348,,69.2639,,,,,77.3419,54.8166,47.6503,47.1428,51.834,69.4421,,,,,,,,,,,,,,Vietnam,N2O
AIM/Hub-Vietnam 2.2,EN_NP_2025_-802050,VNM,Carbon Sequestration|CCS|Biomass,Mt CO2/yr,,,,,,,0.0,,,,,0.0,,0.0,,,,,0.0,0.0,0.1784,5.2249,53.543,181.3439,,,,,,,,,,,,,,Vietnam,
AIM/Hub-Vietnam 2.2,EN_NP_2025_-802050,VNM,Carbon Sequestration|CCS|Biomass|Energy|Supply,Mt CO2/yr,,,,,,,0.0,,,,,0.0,,0.0,,,,,0.0,0.0,0.1784,5.2249,53.543,181.3439,,,,,,,,,,,,,,Vietnam,
AIM/Hub-Vietnam 2.2,EN_NP_2025_-802050,VNM,Carbon Sequestration|CCS|Biomass|Energy|Supply|Electricity,Mt CO2/yr,,,,,,,0.0,,,,,0.0,,0.0,,,,,0.0,0.0,0.0552,2.4223,46.8342,171.0649,,,,,,,,,,,,,,Vietnam,
AIM/Hub-Vietnam 2.2,EN_NP_2025_-802050,VNM,Carbon Sequestration|CCS|Biomass|Energy|Supply|Liquids,Mt CO2/yr,,,,,,,0.0,,,,,0.0,,0.0,,,,,0.0,0.0,0.1232,2.8026,6.7087,10.279,,,,,,,,,,,,,,Vietnam,
AIM/Hub-Vietnam 2.2,EN_NP_2025_-802050,VNM,Emissions|CH4|AFOLU,Mt CH4/yr,,,,,,,2.8598,,,,,3.027,,3.3103,,,,,3.5899,2.7326,2.0994,1.7327,1.6032,1.7604,,,,,,,,,,,,,,Vietnam,CH4
AIM/Hub-Vietnam 2.2,EN_NP_2025_-802050,VNM,Emissions|CH4|AFOLU|Agriculture,Mt CH4/yr,,,,,,,2.6417,,,,,2.8031,,3.0758,,,,,3.3439,2.56,1.9766,1.6372,1.5166,1.6679,,,,,,,,,,,,,,Vietnam,CH4
AIM/Hub-Vietnam 2.2,EN_NP_2025_-802050,VNM,Emissions|CH4|Energy|Demand|Industry,Mt CH4/yr,,,,,,,0.0039,,,,,0.0058,,0.0069,,,,,0.0081,0.0088,0.0054,0.0023,0.0011,0.0009,,,,,,,,,,,,,,Vietnam,CH4
AIM/Hub-Vietnam 2.2,EN_NP_2025_-802050,VNM,Emissions|CH4|Energy|Demand|Transportation,Mt CH4/yr,,,,,,,0.0116,,,,,0.0122,,0.015,,,,,0.0174,0.0195,0.02,0.0178,0.0169,0.0165,,,,,,,,,,,,,,Vietnam,CH4
AIM/Hub-Vietnam 2.2,EN_NP_2025_-802050,VNM,Emissions|CH4|Energy|Supply,Mt CH4/yr,,,,,,,1.3607,,,,,1.6296,,1.7109,,,,,1.8235,0.7673,0.4566,0.3439,0.3231,0.3305,,,,,,,,,,,,,,Vietnam,CH4
AIM/Hub-Vietnam 2.2,EN_NP_2025_-802050,VNM,Emissions|CO2|AFOLU,Mt CO2/yr,,,,,,,34.194,,,,,40.3683,,48.4232,,,,,45.8352,16.6678,9.0505,-1.6803,-6.222,43.8624,,,,,,,,,,,,,,Vietnam,CO2
AIM/Hub-Vietnam 2.2,EN_NP_2025_-802050,VNM,Emissions|CO2|Energy and Industrial Processes,Mt CO2/yr,,,,,,,152.0329,,,,,193.3815,,223.1999,,,,,261.3006,270.0038,221.9909,160.6916,80.9684,-66.2143,,,,,,,,,,,,,,Vietnam,CO2
AIM/Hub-Vietnam 2.2,EN_NP_2025_-802050,VNM,Emissions|CO2|Energy|Demand,Mt CO2/yr,,,,,,,83.2598,,,,,95.1969,,101.8537,,,,,111.1629,111.4983,89.835,65.3505,55.4476,55.4603,,,,,,,,,,,,,,Vietnam,CO2
AIM/Hub-Vietnam 2.2,EN_NP_2025_-802050,VNM,Emissions|CO2|Energy|Demand|AFOFI,Mt CO2/yr,,,,,,,2.1,,,,,2.6779,,2.563,,,,,2.4781,2.0204,1.1698,0.589,0.2564,0.1887,,,,,,,,,,,,,,Vietnam,CO2
AIM/Hub-Vietnam 2.2,EN_NP_2025_-802050,VNM,Emissions|CO2|Energy|Demand|Industry,Mt CO2/yr,,,,,,,39.929,,,,,49.782,,49.4713,,,,,52.0021,48.4301,29.1232,12.5855,5.6063,4.9042,,,,,,,,,,,,,,Vietnam,CO2
AIM/Hub-Vietnam 2.2,EN_NP_2025_-802050,VNM,Emissions|CO2|Energy|Demand|Residential and Commercial|Commercial,Mt CO2/yr,,,,,,,3.4553,,,,,3.8322,,4.1104,,,,,4.718,4.4813,2.641,1.1013,0.4165,0.3307,,,,,,,,,,,,,,Vietnam,CO2
AIM/Hub-Vietnam 2.2,EN_NP_2025_-802050,VNM,Emissions|CO2|Energy|Demand|Residential and Commercial|Residential,Mt CO2/yr,,,,,,,7.1267,,,,,6.642,,5.7042,,,,,5.1656,4.0057,2.9662,2.0171,1.1979,0.9701,,,,,,,,,,,,,,Vietnam,CO2
AIM/Hub-Vietnam 2.2,EN_NP_2025_-802050,VNM,Emissions|CO2|Energy|Demand|Transportation,Mt CO2/yr,,,,,,,30.649,,,,,32.2628,,40.0048,,,,,46.7991,52.5608,53.9349,49.0577,47.9706,49.0666,,,,,,,,,,,,,,Vietnam,CO2
AIM/Hub-Vietnam 2.2,EN_NP_2025_-802050,VNM,Emissions|CO2|Energy|Supply,Mt CO2/yr,,,,,,,51.787,,,,,80.0595,,100.5765,,,,,126.5587,136.0462,110.5284,76.7868,4.5161,-150.1875,,,,,,,,,,,,,,Vietnam,CO2
AIM/Hub-Vietnam 2.2,EN_NP_2025_-802050,VNM,Emissions|CO2|Energy|Supply|Electricity,Mt CO2/yr,,,,,,,44.144,,,,,71.3338,,91.775,,,,,117.6293,131.8958,107.6527,75.8881,7.0397,-144.2069,,,,,,,,,,,,,,Vietnam,CO2
AIM/Hub-Vietnam 2.2,EN_NP_2025_-802050,VNM,Emissions|CO2|Industrial Processes,Mt CO2/yr,,,,,,,16.9861,,,,,18.125,,20.7698,,,,,23.579,22.4593,21.6275,18.5542,21.0046,28.5129,,,,,,,,,,,,,,Vietnam,CO2
AIM/Hub-Vietnam 2.2,EN_NP_2025_-802050,VNM,Emissions|N2O|AFOLU,kt N2O/yr,,,,,,,70.1823,,,,,75.2303,,84.1774,,,,,93.9405,65.1912,56.2566,55.9138,63.1979,84.4871,,,,,,,,,,,,,,Vietnam,N2O
AIM/Hub-Vietnam 2.2,EN_NP_2025_-802050,VNM,Emissions|N2O|AFOLU|Agriculture,kt N2O/yr,,,,,,,57.995,,,,,61.9348,,69.2639,,,,,77.3419,53.5565,46.1457,45.7006,51.3435,69.3917,,,,,,,,,,,,,,Vietnam,N2O
AIM/Hub-Vietnam 2.2,EN_NP_2025_-902050,VNM,Carbon Sequestration|CCS|Biomass,Mt CO2/yr,,,,,,,0.0,,,,,0.0,,0.0,,,,,0.0,0.0,0.2769,8.1641,72.316,208.0087,,,,,,,,,,,,,,Vietnam,
AIM/Hub-Vietnam 2.2,EN_NP_2025_-902050,VNM,Carbon Sequestration|CCS|Biomass|Energy|Supply,Mt CO2/yr,,,,,,,0.0,,,,,0.0,,0.0,,,,,0.0,0.0,0.2769,8.1641,72.316,208.0087,,,,,,,,,,,,,,Vietnam,
AIM/Hub-Vietnam 2.2,EN_NP_2025_-902050,VNM,Carbon Sequestration|CCS|Biomass|Energy|Supply|Electricity,Mt CO2/yr,,,,,,,0.0,,,,,0.0,,0.0,,,,,0.0,0.0,0.0866,3.9722,65.2136,197.2643,,,,,,,,,,,,,,Vietnam,
AIM/Hub-Vietnam 2.2,EN_NP_2025_-902050,VNM,Carbon Sequestration|CCS|Biomass|Energy|Supply|Liquids,Mt CO2/yr,,,,,,,0.0,,,,,0.0,,0.0,,,,,0.0,0.0,0.1903,4.1919,7.1024,10.7444,,,,,,,,,,,,,,Vietnam,
AIM/Hub-Vietnam 2.2,EN_NP_2025_-902050,VNM,Emissions|CH4|AFOLU,Mt CH4/yr,,,,,,,2.8598,,,,,3.027,,3.3103,,,,,3.5899,2.6895,2.0502,1.6912,1.5969,1.7629,,,,,,,,,,,,,,Vietnam,CH4
AIM/Hub-Vietnam 2.2,EN_NP_2025_-902050,VNM,Emissions|CH4|AFOLU|Agriculture,Mt CH4/yr,,,,,,,2.6417,,,,,2.8031,,3.0758,,,,,3.3439,2.52,1.9306,1.5981,1.5104,1.6701,,,,,,,,,,,,,,Vietnam,CH4
AIM/Hub-Vietnam 2.2,EN_NP_2025_-902050,VNM,Emissions|CH4|Energy|Demand|Industry,Mt CH4/yr,,,,,,,0.0039,,,,,0.0058,,0.0069,,,,,0.0081,0.0087,0.0048,0.0019,0.0009,0.0008,,,,,,,,,,,,,,Vietnam,CH4
AIM/Hub-Vietnam 2.2,EN_NP_2025_-902050,VNM,Emissions|CH4|Energy|Demand|Transportation,Mt CH4/yr,,,,,,,0.0116,,,,,0.0122,,0.015,,,,,0.0174,0.0194,0.0195,0.0166,0.0166,0.0164,,,,,,,,,,,,,,Vietnam,CH4
AIM/Hub-Vietnam 2.2,EN_NP_2025_-902050,VNM,Emissions|CH4|Energy|Supply,Mt CH4/yr,,,,,,,1.3607,,,,,1.6296,,1.7109,,,,,1.8235,0.7332,0.4333,0.3205,0.3132,0.3231,,,,,,,,,,,,,,Vietnam,CH4
AIM/Hub-Vietnam 2.2,EN_NP_2025_-902050,VNM,Emissions|CO2|AFOLU,Mt CO2/yr,,,,,,,34.194,,,,,40.3683,,48.4232,,,,,45.8352,16.5072,8.8477,-1.9783,-5.7843,41.6834,,,,,,,,,,,,,,Vietnam,CO2
AIM/Hub-Vietnam 2.2,EN_NP_2025_-902050,VNM,Emissions|CO2|Energy and Industrial Processes,Mt CO2/yr,,,,,,,152.0329,,,,,193.3815,,223.1999,,,,,261.3006,266.2062,211.3854,143.1519,54.0781,-97.6944,,,,,,,,,,,,,,Vietnam,CO2
AIM/Hub-Vietnam 2.2,EN_NP_2025_-902050,VNM,Emissions|CO2|Energy|Demand,Mt CO2/yr,,,,,,,83.2598,,,,,95.1969,,101.8537,,,,,111.1629,110.1065,84.8108,58.8828,53.2124,54.5228,,,,,,,,,,,,,,Vietnam,CO2
AIM/Hub-Vietnam 2.2,EN_NP_2025_-902050,VNM,Emissions|CO2|Energy|Demand|AFOFI,Mt CO2/yr,,,,,,,2.1,,,,,2.6779,,2.563,,,,,2.4781,1.9771,1.0833,0.4988,0.207,0.1685,,,,,,,,,,,,,,Vietnam,CO2
AIM/Hub-Vietnam 2.2,EN_NP_2025_-902050,VNM,Emissions|CO2|Energy|Demand|Industry,Mt CO2/yr,,,,,,,39.929,,,,,49.782,,49.4713,,,,,52.0021,47.6379,25.8824,10.0108,4.4578,4.3582,,,,,,,,,,,,,,Vietnam,CO2
AIM/Hub-Vietnam 2.2,EN_NP_2025_-902050,VNM,Emissions|CO2|Energy|Demand|Residential and Commercial|Commercial,Mt CO2/yr,,,,,,,3.4553,,,,,3.8322,,4.1104,,,,,4.718,4.3458,2.3471,0.8613,0.3215,0.2901,,,,,,,,,,,,,,Vietnam,CO2
AIM/Hub-Vietnam 2.2,EN_NP_2025_-902050,VNM,Emissions|CO2|Energy|Demand|Residential and Commercial|Residential,Mt CO2/yr,,,,,,,7.1267,,,,,6.642,,5.7042,,,,,5.1656,3.9268,2.8298,1.8107,1.047,0.9052,,,,,,,,,,,,,,Vietnam,CO2
AIM/Hub-Vietnam 2.2,EN_NP_2025_-902050,VNM,Emissions|CO2|Energy|Demand|Transportation,Mt CO2/yr,,,,,,,30.649,,,,,32.2628,,40.0048,,,,,46.7991,52.2188,52.6682,45.7012,47.1791,48.8007,,,,,,,,,,,,,,Vietnam,CO2
AIM/Hub-Vietnam 2.2,EN_NP_2025_-902050,VNM,Emissions|CO2|Energy|Supply,Mt CO2/yr,,,,,,,51.787,,,,,80.0595,,100.5765,,,,,126.5587,133.8756,105.393,66.7324,-19.4896,-180.973,,,,,,,,,,,,,,Vietnam,CO2
AIM/Hub-Vietnam 2.2,EN_NP_2025_-902050,VNM,Emissions|CO2|Energy|Supply|Electricity,Mt CO2/yr,,,,,,,44.144,,,,,71.3338,,91.775,,,,,117.6293,129.8699,102.6694,66.8635,-16.4971,-174.4702,,,,,,,,,,,,,,Vietnam,CO2
AIM/Hub-Vietnam 2.2,EN_NP_2025_-902050,VNM,Emissions|CO2|Industrial Processes,Mt CO2/yr,,,,,,,16.9861,,,,,18.125,,20.7698,,,,,23.579,22.2241,21.1817,17.5368,20.3553,28.7558,,,,,,,,,,,,,,Vietnam,CO2
AIM/Hub-Vietnam 2.2,EN_NP_2025_-902050,VNM,Emissions|N2O|AFOLU,kt N2O/yr,,,,,,,70.1823,,,,,75.2303,,84.1774,,,,,93.9405,63.7387,54.7025,54.672,63.2094,84.9602,,,,,,,,,,,,,,Vietnam,N2O
AIM/Hub-Vietnam 2.2,EN_NP_2025_-902050,VNM,Emissions|N2O|AFOLU|Agriculture,kt N2O/yr,,,,,,,57.995,,,,,61.9348,,69.2639,,,,,77.3419,52.357,44.8576,44.6744,51.3605,69.8282,,,,,,,,,,,,,,Vietnam,N2O
AIM/Hub-Vietnam 2.2,EN_NP_CurPol,VNM,Emissions|CH4|AFOLU,Mt CH4/yr,,,,,,,2.8599,,,,,3.0269,,3.3136,,,,,3.5934,3.8887,4.1981,4.5028,4.8375,5.199,,,,,,,,,,,,,,Vietnam,CH4
AIM/Hub-Vietnam 2.2,EN_NP_CurPol,VNM,Emissions|CH4|AFOLU|Agriculture,Mt CH4/yr,,,,,,,2.6418,,,,,2.803,,3.0788,,,,,3.3473,3.6284,3.9203,4.2077,4.523,4.8632,,,,,,,,,,,,,,Vietnam,CH4
AIM/Hub-Vietnam 2.2,EN_NP_CurPol,VNM,Emissions|CH4|Energy|Demand|Industry,Mt CH4/yr,,,,,,,0.0039,,,,,0.0058,,0.0069,,,,,0.0081,0.0091,0.0095,0.0099,0.0105,0.0112,,,,,,,,,,,,,,Vietnam,CH4
AIM/Hub-Vietnam 2.2,EN_NP_CurPol,VNM,Emissions|CH4|Energy|Demand|Transportation,Mt CH4/yr,,,,,,,0.0116,,,,,0.0122,,0.015,,,,,0.0174,0.0198,0.022,0.0237,0.0251,0.0254,,,,,,,,,,,,,,Vietnam,CH4
AIM/Hub-Vietnam 2.2,EN_NP_CurPol,VNM,Emissions|CH4|Energy|Supply,Mt CH4/yr,,,,,,,1.3614,,,,,1.6296,,1.7126,,,,,1.8253,1.9671,2.1239,2.2628,2.3855,2.4876,,,,,,,,,,,,,,Vietnam,CH4
AIM/Hub-Vietnam 2.2,EN_NP_CurPol,VNM,Emissions|CO2|AFOLU,Mt CO2/yr,,,,,,,34.621,,,,,40.4296,,48.4538,,,,,45.8655,45.3706,45.6836,40.1105,37.2787,33.6302,,,,,,,,,,,,,,Vietnam,CO2
AIM/Hub-Vietnam 2.2,EN_NP_CurPol,VNM,Emissions|CO2|Energy and Industrial Processes,Mt CO2/yr,,,,,,,152.034,,,,,193.3745,,223.2289,,,,,261.3226,312.0141,375.794,440.9274,508.3106,573.6336,,,,,,,,,,,,,,Vietnam,CO2
AIM/Hub-Vietnam 2.2,EN_NP_CurPol,VNM,Emissions|CO2|Energy|Demand,Mt CO2/yr,,,,,,,83.2963,,,,,95.1931,,101.8523,,,,,111.1584,121.3979,129.461,136.3381,144.1952,150.4724,,,,,,,,,,,,,,Vietnam,CO2
AIM/Hub-Vietnam 2.2,EN_NP_CurPol,VNM,Emissions|CO2|Energy|Demand|AFOFI,Mt CO2/yr,,,,,,,2.1007,,,,,2.6778,,2.563,,,,,2.478,2.3795,2.2788,2.2583,2.2478,2.214,,,,,,,,,,,,,,Vietnam,CO2
AIM/Hub-Vietnam 2.2,EN_NP_CurPol,VNM,Emissions|CO2|Energy|Demand|Industry,Mt CO2/yr,,,,,,,39.9366,,,,,49.7794,,49.4702,,,,,51.9994,55.0866,55.9301,56.5961,58.429,60.7258,,,,,,,,,,,,,,Vietnam,CO2
AIM/Hub-Vietnam 2.2,EN_NP_CurPol,VNM,Emissions|CO2|Energy|Demand|Residential and Commercial|Commercial,Mt CO2/yr,,,,,,,3.4594,,,,,3.8318,,4.1103,,,,,4.7175,5.4807,6.3492,7.2866,8.3805,9.4682,,,,,,,,,,,,,,Vietnam,CO2
AIM/Hub-Vietnam 2.2,EN_NP_CurPol,VNM,Emissions|CO2|Energy|Demand|Residential and Commercial|Residential,Mt CO2/yr,,,,,,,7.132,,,,,6.6417,,5.7041,,,,,5.1653,4.8336,4.6224,4.5573,4.5908,4.6419,,,,,,,,,,,,,,Vietnam,CO2
AIM/Hub-Vietnam 2.2,EN_NP_CurPol,VNM,Emissions|CO2|Energy|Demand|Transportation,Mt CO2/yr,,,,,,,30.6676,,,,,32.2623,,40.0047,,,,,46.7983,53.6175,60.2806,65.6397,70.547,73.4224,,,,,,,,,,,,,,Vietnam,CO2
AIM/Hub-Vietnam 2.2,EN_NP_CurPol,VNM,Emissions|CO2|Energy|Supply,Mt CO2/yr,,,,,,,51.7528,,,,,80.0567,,100.5861,,,,,126.5617,163.5509,215.1679,269.8352,325.4961,380.3223,,,,,,,,,,,,,,Vietnam,CO2
AIM/Hub-Vietnam 2.2,EN_NP_CurPol,VNM,Emissions|CO2|Energy|Supply|Electricity,Mt CO2/yr,,,,,,,44.1337,,,,,71.331,,91.7778,,,,,117.6251,154.3921,205.8035,260.1816,315.433,369.6197,,,,,,,,,,,,,,Vietnam,CO2
AIM/Hub-Vietnam 2.2,EN_NP_CurPol,VNM,Emissions|CO2|Industrial Processes,Mt CO2/yr,,,,,,,16.9849,,,,,18.1247,,20.7905,,,,,23.6025,27.0653,31.165,34.7541,38.6193,42.839,,,,,,,,,,,,,,Vietnam,CO2
AIM/Hub-Vietnam 2.2,EN_NP_CurPol,VNM,Emissions|N2O|AFOLU,kt N2O/yr,,,,,,,70.1784,,,,,75.2296,,84.2615,,,,,94.0343,106.1803,120.8701,135.4931,151.6068,169.4401,,,,,,,,,,,,,,Vietnam,N2O
AIM/Hub-Vietnam 2.2,EN_NP_CurPol,VNM,Emissions|N2O|AFOLU|Agriculture,kt N2O/yr,,,,,,,57.9908,,,,,61.9342,,69.3332,,,,,77.4192,87.5789,99.9373,112.2394,125.7599,140.6722,,,,,,,,,,,,,,Vietnam,N2O
AIM/Hub-Vietnam 2.2,EN_NP_UNDC,VNM,Carbon Sequestration|CCS|Biomass,Mt CO2/yr,,,,,,,0.0,,,,,0.0,,0.0,,,,,0.0,0.0,0.0,0.4103,7.2294,40.131,,,,,,,,,,,,,,Vietnam,
AIM/Hub-Vietnam 2.2,EN_NP_UNDC,VNM,Carbon Sequestration|CCS|Biomass|Energy|Supply,Mt CO2/yr,,,,,,,0.0,,,,,0.0,,0.0,,,,,0.0,0.0,0.0,0.4103,7.2294,40.131,,,,,,,,,,,,,,Vietnam,
AIM/Hub-Vietnam 2.2,EN_NP_UNDC,VNM,Carbon Sequestration|CCS|Biomass|Energy|Supply|Electricity,Mt CO2/yr,,,,,,,0.0,,,,,0.0,,0.0,,,,,0.0,0.0,0.0,0.1718,4.1258,33.3921,,,,,,,,,,,,,,Vietnam,
AIM/Hub-Vietnam 2.2,EN_NP_UNDC,VNM,Carbon Sequestration|CCS|Biomass|Energy|Supply|Liquids,Mt CO2/yr,,,,,,,0.0,,,,,0.0,,0.0,,,,,0.0,0.0,0.0,0.2386,3.1035,6.7389,,,,,,,,,,,,,,Vietnam,
AIM/Hub-Vietnam 2.2,EN_NP_UNDC,VNM,Emissions|CH4|AFOLU,Mt CH4/yr,,,,,,,2.8598,,,,,3.027,,3.3103,,,,,3.5899,2.9833,2.3492,2.0232,1.8592,1.8653,,,,,,,,,,,,,,Vietnam,CH4
AIM/Hub-Vietnam 2.2,EN_NP_UNDC,VNM,Emissions|CH4|AFOLU|Agriculture,Mt CH4/yr,,,,,,,2.6417,,,,,2.8031,,3.0758,,,,,3.3439,2.7924,2.209,1.9087,1.7588,1.768,,,,,,,,,,,,,,Vietnam,CH4
AIM/Hub-Vietnam 2.2,EN_NP_UNDC,VNM,Emissions|CH4|Energy|Demand|Industry,Mt CH4/yr,,,,,,,0.0039,,,,,0.0058,,0.0069,,,,,0.0081,0.0091,0.0083,0.006,0.0039,0.0027,,,,,,,,,,,,,,Vietnam,CH4
AIM/Hub-Vietnam 2.2,EN_NP_UNDC,VNM,Emissions|CH4|Energy|Demand|Transportation,Mt CH4/yr,,,,,,,0.0116,,,,,0.0122,,0.015,,,,,0.0174,0.0199,0.0213,0.0223,0.0204,0.0179,,,,,,,,,,,,,,Vietnam,CH4
AIM/Hub-Vietnam 2.2,EN_NP_UNDC,VNM,Emissions|CH4|Energy|Supply,Mt CH4/yr,,,,,,,1.3607,,,,,1.6296,,1.7109,,,,,1.8235,0.9738,0.5827,0.4858,0.4372,0.4032,,,,,,,,,,,,,,Vietnam,CH4
AIM/Hub-Vietnam 2.2,EN_NP_UNDC,VNM,Emissions|CO2|AFOLU,Mt CO2/yr,,,,,,,34.194,,,,,40.3683,,48.4232,,,,,45.8352,17.6723,10.5454,0.8611,-5.3494,19.2958,,,,,,,,,,,,,,Vietnam,CO2
AIM/Hub-Vietnam 2.2,EN_NP_UNDC,VNM,Emissions|CO2|Energy and Industrial Processes,Mt CO2/yr,,,,,,,152.0329,,,,,193.3815,,223.1999,,,,,261.3006,286.3546,273.93,243.0109,201.0564,120.482,,,,,,,,,,,,,,Vietnam,CO2
AIM/Hub-Vietnam 2.2,EN_NP_UNDC,VNM,Emissions|CO2|Energy|Demand,Mt CO2/yr,,,,,,,83.2598,,,,,95.1969,,101.8537,,,,,111.1629,116.7005,111.1994,100.1156,83.1654,70.2875,,,,,,,,,,,,,,Vietnam,CO2
AIM/Hub-Vietnam 2.2,EN_NP_UNDC,VNM,Emissions|CO2|Energy|Demand|AFOFI,Mt CO2/yr,,,,,,,2.1,,,,,2.6779,,2.563,,,,,2.4781,2.1945,1.5408,1.107,0.7364,0.4818,,,,,,,,,,,,,,Vietnam,CO2
AIM/Hub-Vietnam 2.2,EN_NP_UNDC,VNM,Emissions|CO2|Energy|Demand|Industry,Mt CO2/yr,,,,,,,39.929,,,,,49.782,,49.4713,,,,,52.0021,51.5283,44.4356,32.0842,20.9538,14.3353,,,,,,,,,,,,,,Vietnam,CO2
AIM/Hub-Vietnam 2.2,EN_NP_UNDC,VNM,Emissions|CO2|Energy|Demand|Residential and Commercial|Commercial,Mt CO2/yr,,,,,,,3.4553,,,,,3.8322,,4.1104,,,,,4.718,5.0124,3.9631,2.8966,1.769,1.0737,,,,,,,,,,,,,,Vietnam,CO2
AIM/Hub-Vietnam 2.2,EN_NP_UNDC,VNM,Emissions|CO2|Energy|Demand|Residential and Commercial|Residential,Mt CO2/yr,,,,,,,7.1267,,,,,6.642,,5.7042,,,,,5.1656,4.3619,3.4959,2.9778,2.3081,1.73,,,,,,,,,,,,,,Vietnam,CO2
AIM/Hub-Vietnam 2.2,EN_NP_UNDC,VNM,Emissions|CO2|Energy|Demand|Transportation,Mt CO2/yr,,,,,,,30.649,,,,,32.2628,,40.0048,,,,,46.7991,53.6034,57.7642,61.0501,57.3981,52.6667,,,,,,,,,,,,,,Vietnam,CO2
AIM/Hub-Vietnam 2.2,EN_NP_UNDC,VNM,Emissions|CO2|Energy|Supply,Mt CO2/yr,,,,,,,51.787,,,,,80.0595,,100.5765,,,,,126.5587,146.0032,138.8665,118.4545,91.803,21.4009,,,,,,,,,,,,,,Vietnam,CO2
AIM/Hub-Vietnam 2.2,EN_NP_UNDC,VNM,Emissions|CO2|Energy|Supply|Electricity,Mt CO2/yr,,,,,,,44.144,,,,,71.3338,,91.775,,,,,117.6293,140.9756,135.418,115.2335,90.4934,23.3242,,,,,,,,,,,,,,Vietnam,CO2
AIM/Hub-Vietnam 2.2,EN_NP_UNDC,VNM,Emissions|CO2|Industrial Processes,Mt CO2/yr,,,,,,,16.9861,,,,,18.125,,20.7698,,,,,23.579,23.6509,23.8641,24.4407,26.088,28.7935,,,,,,,,,,,,,,Vietnam,CO2
AIM/Hub-Vietnam 2.2,EN_NP_UNDC,VNM,Emissions|N2O|AFOLU,kt N2O/yr,,,,,,,70.1823,,,,,75.2303,,84.1774,,,,,93.9405,73.6475,64.5867,65.6567,72.3801,87.602,,,,,,,,,,,,,,Vietnam,N2O
AIM/Hub-Vietnam 2.2,EN_NP_UNDC,VNM,Emissions|N2O|AFOLU|Agriculture,kt N2O/yr,,,,,,,57.995,,,,,61.9348,,69.2639,,,,,77.3419,60.5683,53.0898,53.8138,59.273,72.0386,,,,,,,,,,,,,,Vietnam,N2O
AIM/Hub-Vietnam 2.2,NDCCon2030_-100pc2050,VNM,Carbon Sequestration|CCS|Biomass,Mt CO2/yr,,,,,,,0.0,,,,,0.0,,0.0,,,,,0.0,0.0,0.0,1.6335,57.2894,197.195,,,,,,,,,,,,,,Vietnam,
AIM/Hub-Vietnam 2.2,NDCCon2030_-100pc2050,VNM,Carbon Sequestration|CCS|Biomass|Energy|Supply,Mt CO2/yr,,,,,,,0.0,,,,,0.0,,0.0,,,,,0.0,0.0,0.0,1.6335,57.2894,197.195,,,,,,,,,,,,,,Vietnam,
AIM/Hub-Vietnam 2.2,NDCCon2030_-100pc2050,VNM,Carbon Sequestration|CCS|Biomass|Energy|Supply|Electricity,Mt CO2/yr,,,,,,,0.0,,,,,0.0,,0.0,,,,,0.0,0.0,0.0,0.5764,51.7312,188.712,,,,,,,,,,,,,,Vietnam,
AIM/Hub-Vietnam 2.2,NDCCon2030_-100pc2050,VNM,Carbon Sequestration|CCS|Biomass|Energy|Supply|Liquids,Mt CO2/yr,,,,,,,0.0,,,,,0.0,,0.0,,,,,0.0,0.0,0.0,1.0571,5.5582,8.48299999999999,,,,,,,,,,,,,,Vietnam,
AIM/Hub-Vietnam 2.2,NDCCon2030_-100pc2050,VNM,Emissions|CH4|AFOLU,Mt CH4/yr,,,,,,,2.8598,,,,,3.027,,3.3103,,,,,3.5899,3.8849,2.5127,1.8519,1.609,1.6388,,,,,,,,,,,,,,Vietnam,CH4
AIM/Hub-Vietnam 2.2,NDCCon2030_-100pc2050,VNM,Emissions|CH4|AFOLU|Agriculture,Mt CH4/yr,,,,,,,2.6417,,,,,2.8031,,3.0758,,,,,3.3439,3.6247,2.3648,1.7527,1.5267,1.5527,,,,,,,,,,,,,,Vietnam,CH4
AIM/Hub-Vietnam 2.2,NDCCon2030_-100pc2050,VNM,Emissions|CH4|Energy|Demand|Industry,Mt CH4/yr,,,,,,,0.0039,,,,,0.0058,,0.0069,,,,,0.0081,0.0091,0.0086,0.003,0.0006,0.0004,,,,,,,,,,,,,,Vietnam,CH4
AIM/Hub-Vietnam 2.2,NDCCon2030_-100pc2050,VNM,Emissions|CH4|Energy|Demand|Transportation,Mt CH4/yr,,,,,,,0.0116,,,,,0.0122,,0.015,,,,,0.0174,0.0198,0.0208,0.0179,0.0135,0.0139,,,,,,,,,,,,,,Vietnam,CH4
AIM/Hub-Vietnam 2.2,NDCCon2030_-100pc2050,VNM,Emissions|CH4|Energy|Supply,Mt CH4/yr,,,,,,,1.3607,,,,,1.6296,,1.7109,,,,,1.8235,1.9651,0.6077,0.3436,0.2676,0.3063,,,,,,,,,,,,,,Vietnam,CH4
AIM/Hub-Vietnam 2.2,NDCCon2030_-100pc2050,VNM,Emissions|CO2|AFOLU,Mt CO2/yr,,,,,,,34.194,,,,,40.3683,,48.4232,,,,,45.8352,45.3404,12.4527,4.8607,-5.6146,-7.3395,,,,,,,,,,,,,,Vietnam,CO2
AIM/Hub-Vietnam 2.2,NDCCon2030_-100pc2050,VNM,Emissions|CO2|Energy and Industrial Processes,Mt CO2/yr,,,,,,,152.0329,,,,,193.3815,,223.1999,,,,,261.3006,311.9931,297.2315,193.771,70.719,-76.2491,,,,,,,,,,,,,,Vietnam,CO2
AIM/Hub-Vietnam 2.2,NDCCon2030_-100pc2050,VNM,Emissions|CO2|Energy|Demand,Mt CO2/yr,,,,,,,83.2598,,,,,95.1969,,101.8537,,,,,111.1629,121.4034,111.6539,70.2736,42.9657,44.9403,,,,,,,,,,,,,,Vietnam,CO2
AIM/Hub-Vietnam 2.2,NDCCon2030_-100pc2050,VNM,Emissions|CO2|Energy|Demand|AFOFI,Mt CO2/yr,,,,,,,2.1,,,,,2.6779,,2.563,,,,,2.4781,2.3796,1.6361,0.7136,0.1481,0.0819,,,,,,,,,,,,,,Vietnam,CO2
AIM/Hub-Vietnam 2.2,NDCCon2030_-100pc2050,VNM,Emissions|CO2|Energy|Demand|Industry,Mt CO2/yr,,,,,,,39.929,,,,,49.782,,49.4713,,,,,52.0021,55.0901,45.9403,16.6849,3.2384,2.0891,,,,,,,,,,,,,,Vietnam,CO2
AIM/Hub-Vietnam 2.2,NDCCon2030_-100pc2050,VNM,Emissions|CO2|Energy|Demand|Residential and Commercial|Commercial,Mt CO2/yr,,,,,,,3.4553,,,,,3.8322,,4.1104,,,,,4.718,5.4813,4.1305,1.4585,0.2168,0.1327,,,,,,,,,,,,,,Vietnam,CO2
AIM/Hub-Vietnam 2.2,NDCCon2030_-100pc2050,VNM,Emissions|CO2|Energy|Demand|Residential and Commercial|Residential,Mt CO2/yr,,,,,,,7.1267,,,,,6.642,,5.7042,,,,,5.1656,4.8339,3.5478,2.2987,0.8856,0.6296,,,,,,,,,,,,,,Vietnam,CO2
AIM/Hub-Vietnam 2.2,NDCCon2030_-100pc2050,VNM,Emissions|CO2|Energy|Demand|Transportation,Mt CO2/yr,,,,,,,30.649,,,,,32.2628,,40.0048,,,,,46.7991,53.6184,56.3993,49.1179,38.4767,42.0068,,,,,,,,,,,,,,Vietnam,CO2
AIM/Hub-Vietnam 2.2,NDCCon2030_-100pc2050,VNM,Emissions|CO2|Energy|Supply,Mt CO2/yr,,,,,,,51.787,,,,,80.0595,,100.5765,,,,,126.5587,163.5514,161.284,103.9825,10.3401,-144.5363,,,,,,,,,,,,,,Vietnam,CO2
AIM/Hub-Vietnam 2.2,NDCCon2030_-100pc2050,VNM,Emissions|CO2|Energy|Supply|Electricity,Mt CO2/yr,,,,,,,44.144,,,,,71.3338,,91.775,,,,,117.6293,154.4003,157.7114,101.7501,11.7697,-140.196,,,,,,,,,,,,,,Vietnam,CO2
AIM/Hub-Vietnam 2.2,NDCCon2030_-100pc2050,VNM,Emissions|CO2|Industrial Processes,Mt CO2/yr,,,,,,,16.9861,,,,,18.125,,20.7698,,,,,23.579,27.0383,24.2935,19.515,17.4132,23.3469,,,,,,,,,,,,,,Vietnam,CO2
AIM/Hub-Vietnam 2.2,NDCCon2030_-100pc2050,VNM,Emissions|N2O|AFOLU,kt N2O/yr,,,,,,,70.1823,,,,,75.2303,,84.1774,,,,,93.9405,106.0743,69.0304,59.368,64.3679,79.6749,,,,,,,,,,,,,,Vietnam,N2O
AIM/Hub-Vietnam 2.2,NDCCon2030_-100pc2050,VNM,Emissions|N2O|AFOLU|Agriculture,kt N2O/yr,,,,,,,57.995,,,,,61.9348,,69.2639,,,,,77.3419,87.4914,57.0662,48.934,52.9096,65.1716,,,,,,,,,,,,,,Vietnam,N2O
AIM/Hub-Vietnam 2.2,NDCCon2030_-30pc2050,VNM,Carbon Sequestration|CCS|Biomass,Mt CO2/yr,,,,,,,0.0,,,,,0.0,,0.0,,,,,0.0,0.0,0.0,0.0987,4.5952,35.1589,,,,,,,,,,,,,,Vietnam,
AIM/Hub-Vietnam 2.2,NDCCon2030_-30pc2050,VNM,Carbon Sequestration|CCS|Biomass|Energy|Supply,Mt CO2/yr,,,,,,,0.0,,,,,0.0,,0.0,,,,,0.0,0.0,0.0,0.0987,4.5952,35.1589,,,,,,,,,,,,,,Vietnam,
AIM/Hub-Vietnam 2.2,NDCCon2030_-30pc2050,VNM,Carbon Sequestration|CCS|Biomass|Energy|Supply|Electricity,Mt CO2/yr,,,,,,,0.0,,,,,0.0,,0.0,,,,,0.0,0.0,0.0,0.0325,2.1359,28.5639,,,,,,,,,,,,,,Vietnam,
AIM/Hub-Vietnam 2.2,NDCCon2030_-30pc2050,VNM,Carbon Sequestration|CCS|Biomass|Energy|Supply|Liquids,Mt CO2/yr,,,,,,,0.0,,,,,0.0,,0.0,,,,,0.0,0.0,0.0,0.0662,2.4593,6.595,,,,,,,,,,,,,,Vietnam,
AIM/Hub-Vietnam 2.2,NDCCon2030_-30pc2050,VNM,Emissions|CH4|AFOLU,Mt CH4/yr,,,,,,,2.8598,,,,,3.027,,3.3103,,,,,3.5899,3.8849,2.8549,2.2336,1.9071,1.7733,,,,,,,,,,,,,,Vietnam,CH4
AIM/Hub-Vietnam 2.2,NDCCon2030_-30pc2050,VNM,Emissions|CH4|AFOLU|Agriculture,Mt CH4/yr,,,,,,,2.6417,,,,,2.8031,,3.0758,,,,,3.3439,3.6247,2.6817,2.1089,1.8069,1.6814,,,,,,,,,,,,,,Vietnam,CH4
AIM/Hub-Vietnam 2.2,NDCCon2030_-30pc2050,VNM,Emissions|CH4|Energy|Demand|Industry,Mt CH4/yr,,,,,,,0.0039,,,,,0.0058,,0.0069,,,,,0.0081,0.0091,0.0094,0.0076,0.0042,0.0024,,,,,,,,,,,,,,Vietnam,CH4
AIM/Hub-Vietnam 2.2,NDCCon2030_-30pc2050,VNM,Emissions|CH4|Energy|Demand|Transportation,Mt CH4/yr,,,,,,,0.0116,,,,,0.0122,,0.015,,,,,0.0174,0.0198,0.0218,0.0218,0.0202,0.0175,,,,,,,,,,,,,,Vietnam,CH4
AIM/Hub-Vietnam 2.2,NDCCon2030_-30pc2050,VNM,Emissions|CH4|Energy|Supply,Mt CH4/yr,,,,,,,1.3607,,,,,1.6296,,1.7109,,,,,1.8235,1.9651,0.8456,0.519,0.4169,0.3915,,,,,,,,,,,,,,Vietnam,CH4
AIM/Hub-Vietnam 2.2,NDCCon2030_-30pc2050,VNM,Emissions|CO2|AFOLU,Mt CO2/yr,,,,,,,34.194,,,,,40.3683,,48.4232,,,,,45.8352,45.3404,13.5362,6.5748,-2.7986,-8.9353,,,,,,,,,,,,,,Vietnam,CO2
AIM/Hub-Vietnam 2.2,NDCCon2030_-30pc2050,VNM,Emissions|CO2|Energy and Industrial Processes,Mt CO2/yr,,,,,,,152.0329,,,,,193.3815,,223.1999,,,,,261.3006,311.9931,334.0335,288.813,227.8044,153.0548,,,,,,,,,,,,,,Vietnam,CO2
AIM/Hub-Vietnam 2.2,NDCCon2030_-30pc2050,VNM,Emissions|CO2|Energy|Demand,Mt CO2/yr,,,,,,,83.2598,,,,,95.1969,,101.8537,,,,,111.1629,121.4034,122.3364,108.6308,84.606,67.5665,,,,,,,,,,,,,,Vietnam,CO2
AIM/Hub-Vietnam 2.2,NDCCon2030_-30pc2050,VNM,Emissions|CO2|Energy|Demand|AFOFI,Mt CO2/yr,,,,,,,2.1,,,,,2.6779,,2.563,,,,,2.4781,2.3796,1.9687,1.3079,0.800999999999999,0.4388,,,,,,,,,,,,,,Vietnam,CO2
AIM/Hub-Vietnam 2.2,NDCCon2030_-30pc2050,VNM,Emissions|CO2|Energy|Demand|Industry,Mt CO2/yr,,,,,,,39.929,,,,,49.782,,49.4713,,,,,52.0021,55.0901,51.5783,40.61,22.5218,12.916,,,,,,,,,,,,,,Vietnam,CO2
AIM/Hub-Vietnam 2.2,NDCCon2030_-30pc2050,VNM,Emissions|CO2|Energy|Demand|Residential and Commercial|Commercial,Mt CO2/yr,,,,,,,3.4553,,,,,3.8322,,4.1104,,,,,4.718,5.4813,5.3575,3.6142,2.0256,0.974,,,,,,,,,,,,,,Vietnam,CO2
AIM/Hub-Vietnam 2.2,NDCCon2030_-30pc2050,VNM,Emissions|CO2|Energy|Demand|Residential and Commercial|Residential,Mt CO2/yr,,,,,,,7.1267,,,,,6.642,,5.7042,,,,,5.1656,4.8339,4.0633,3.2425,2.4896,1.7001,,,,,,,,,,,,,,Vietnam,CO2
AIM/Hub-Vietnam 2.2,NDCCon2030_-30pc2050,VNM,Emissions|CO2|Energy|Demand|Transportation,Mt CO2/yr,,,,,,,30.649,,,,,32.2628,,40.0048,,,,,46.7991,53.6184,59.3687,59.8562,56.7679,51.5375,,,,,,,,,,,,,,Vietnam,CO2
AIM/Hub-Vietnam 2.2,NDCCon2030_-30pc2050,VNM,Emissions|CO2|Energy|Supply,Mt CO2/yr,,,,,,,51.787,,,,,80.0595,,100.5765,,,,,126.5587,163.5514,185.3808,154.6147,118.2189,58.0028,,,,,,,,,,,,,,Vietnam,CO2
AIM/Hub-Vietnam 2.2,NDCCon2030_-30pc2050,VNM,Emissions|CO2|Energy|Supply|Electricity,Mt CO2/yr,,,,,,,44.144,,,,,71.3338,,91.775,,,,,117.6293,154.4003,180.9232,151.169,116.335,59.7992,,,,,,,,,,,,,,Vietnam,CO2
AIM/Hub-Vietnam 2.2,NDCCon2030_-30pc2050,VNM,Emissions|CO2|Industrial Processes,Mt CO2/yr,,,,,,,16.9861,,,,,18.125,,20.7698,,,,,23.579,27.0383,26.3163,25.5675,24.9794,27.4856,,,,,,,,,,,,,,Vietnam,CO2
AIM/Hub-Vietnam 2.2,NDCCon2030_-30pc2050,VNM,Emissions|N2O|AFOLU,kt N2O/yr,,,,,,,70.1823,,,,,75.2303,,84.1774,,,,,93.9405,106.0743,80.0548,72.6781,73.9363,83.0432,,,,,,,,,,,,,,Vietnam,N2O
AIM/Hub-Vietnam 2.2,NDCCon2030_-30pc2050,VNM,Emissions|N2O|AFOLU|Agriculture,kt N2O/yr,,,,,,,57.995,,,,,61.9348,,69.2639,,,,,77.3419,87.4914,66.2066,60.0608,60.8275,67.9945,,,,,,,,,,,,,,Vietnam,N2O
AIM/Hub-Vietnam 2.2,NDCCon2030_-40pc2050,VNM,Carbon Sequestration|CCS|Biomass,Mt CO2/yr,,,,,,,0.0,,,,,0.0,,0.0,,,,,0.0,0.0,0.0,0.2755,6.8922,52.4265,,,,,,,,,,,,,,Vietnam,
AIM/Hub-Vietnam 2.2,NDCCon2030_-40pc2050,VNM,Carbon Sequestration|CCS|Biomass|Energy|Supply,Mt CO2/yr,,,,,,,0.0,,,,,0.0,,0.0,,,,,0.0,0.0,0.0,0.2755,6.8922,52.4265,,,,,,,,,,,,,,Vietnam,
AIM/Hub-Vietnam 2.2,NDCCon2030_-40pc2050,VNM,Carbon Sequestration|CCS|Biomass|Energy|Supply|Electricity,Mt CO2/yr,,,,,,,0.0,,,,,0.0,,0.0,,,,,0.0,0.0,0.0,0.0907,3.2858,45.2811,,,,,,,,,,,,,,Vietnam,
AIM/Hub-Vietnam 2.2,NDCCon2030_-40pc2050,VNM,Carbon Sequestration|CCS|Biomass|Energy|Supply|Liquids,Mt CO2/yr,,,,,,,0.0,,,,,0.0,,0.0,,,,,0.0,0.0,0.0,0.1848,3.6064,7.1454,,,,,,,,,,,,,,Vietnam,
AIM/Hub-Vietnam 2.2,NDCCon2030_-40pc2050,VNM,Emissions|CH4|AFOLU,Mt CH4/yr,,,,,,,2.8598,,,,,3.027,,3.3103,,,,,3.5899,3.8849,2.7971,2.1765,1.841,1.7155,,,,,,,,,,,,,,Vietnam,CH4
AIM/Hub-Vietnam 2.2,NDCCon2030_-40pc2050,VNM,Emissions|CH4|AFOLU|Agriculture,Mt CH4/yr,,,,,,,2.6417,,,,,2.8031,,3.0758,,,,,3.3439,3.6247,2.6282,2.0561,1.7451,1.6267,,,,,,,,,,,,,,Vietnam,CH4
AIM/Hub-Vietnam 2.2,NDCCon2030_-40pc2050,VNM,Emissions|CH4|Energy|Demand|Industry,Mt CH4/yr,,,,,,,0.0039,,,,,0.0058,,0.0069,,,,,0.0081,0.0091,0.0093,0.0069,0.0034,0.0018,,,,,,,,,,,,,,Vietnam,CH4
AIM/Hub-Vietnam 2.2,NDCCon2030_-40pc2050,VNM,Emissions|CH4|Energy|Demand|Transportation,Mt CH4/yr,,,,,,,0.0116,,,,,0.0122,,0.015,,,,,0.0174,0.0198,0.0217,0.0216,0.0188,0.0168,,,,,,,,,,,,,,Vietnam,CH4
AIM/Hub-Vietnam 2.2,NDCCon2030_-40pc2050,VNM,Emissions|CH4|Energy|Supply,Mt CH4/yr,,,,,,,1.3607,,,,,1.6296,,1.7109,,,,,1.8235,1.9651,0.8036,0.4891,0.3849,0.3678,,,,,,,,,,,,,,Vietnam,CH4
AIM/Hub-Vietnam 2.2,NDCCon2030_-40pc2050,VNM,Emissions|CO2|AFOLU,Mt CO2/yr,,,,,,,34.194,,,,,40.3683,,48.4232,,,,,45.8352,45.3404,13.3461,6.2474,-3.7118,-6.8687,,,,,,,,,,,,,,Vietnam,CO2
AIM/Hub-Vietnam 2.2,NDCCon2030_-40pc2050,VNM,Emissions|CO2|Energy and Industrial Processes,Mt CO2/yr,,,,,,,152.0329,,,,,193.3815,,223.1999,,,,,261.3006,311.9931,329.3791,275.6206,207.2004,120.4442,,,,,,,,,,,,,,Vietnam,CO2
AIM/Hub-Vietnam 2.2,NDCCon2030_-40pc2050,VNM,Emissions|CO2|Energy|Demand,Mt CO2/yr,,,,,,,83.2598,,,,,95.1969,,101.8537,,,,,111.1629,121.4034,121.2589,103.6321,75.8394,61.4187,,,,,,,,,,,,,,Vietnam,CO2
AIM/Hub-Vietnam 2.2,NDCCon2030_-40pc2050,VNM,Emissions|CO2|Energy|Demand|AFOFI,Mt CO2/yr,,,,,,,2.1,,,,,2.6779,,2.563,,,,,2.4781,2.3796,1.9282,1.2288,0.6901,0.3371,,,,,,,,,,,,,,Vietnam,CO2
AIM/Hub-Vietnam 2.2,NDCCon2030_-40pc2050,VNM,Emissions|CO2|Energy|Demand|Industry,Mt CO2/yr,,,,,,,39.929,,,,,49.782,,49.4713,,,,,52.0021,55.0901,51.0368,36.8837,18.0114,9.3618,,,,,,,,,,,,,,Vietnam,CO2
AIM/Hub-Vietnam 2.2,NDCCon2030_-40pc2050,VNM,Emissions|CO2|Energy|Demand|Residential and Commercial|Commercial,Mt CO2/yr,,,,,,,3.4553,,,,,3.8322,,4.1104,,,,,4.718,5.4813,5.2108,3.2994,1.62,0.6871,,,,,,,,,,,,,,Vietnam,CO2
AIM/Hub-Vietnam 2.2,NDCCon2030_-40pc2050,VNM,Emissions|CO2|Energy|Demand|Residential and Commercial|Residential,Mt CO2/yr,,,,,,,7.1267,,,,,6.642,,5.7042,,,,,5.1656,4.8339,3.997,3.1341,2.2739,1.4486,,,,,,,,,,,,,,Vietnam,CO2
AIM/Hub-Vietnam 2.2,NDCCon2030_-40pc2050,VNM,Emissions|CO2|Energy|Demand|Transportation,Mt CO2/yr,,,,,,,30.649,,,,,32.2628,,40.0048,,,,,46.7991,53.6184,59.0861,59.086,53.244,49.5841,,,,,,,,,,,,,,Vietnam,CO2
AIM/Hub-Vietnam 2.2,NDCCon2030_-40pc2050,VNM,Emissions|CO2|Energy|Supply,Mt CO2/yr,,,,,,,51.787,,,,,80.0595,,100.5765,,,,,126.5587,163.5514,182.0924,147.049,107.6172,32.3168,,,,,,,,,,,,,,Vietnam,CO2
AIM/Hub-Vietnam 2.2,NDCCon2030_-40pc2050,VNM,Emissions|CO2|Energy|Supply|Electricity,Mt CO2/yr,,,,,,,44.144,,,,,71.3338,,91.775,,,,,117.6293,154.4003,177.7955,143.7784,106.6293,34.7916,,,,,,,,,,,,,,Vietnam,CO2
AIM/Hub-Vietnam 2.2,NDCCon2030_-40pc2050,VNM,Emissions|CO2|Industrial Processes,Mt CO2/yr,,,,,,,16.9861,,,,,18.125,,20.7698,,,,,23.579,27.0383,26.0277,24.9396,23.7438,26.7087,,,,,,,,,,,,,,Vietnam,CO2
AIM/Hub-Vietnam 2.2,NDCCon2030_-40pc2050,VNM,Emissions|N2O|AFOLU,kt N2O/yr,,,,,,,70.1823,,,,,75.2303,,84.1774,,,,,93.9405,106.0743,78.2348,70.5174,71.5519,80.6775,,,,,,,,,,,,,,Vietnam,N2O
AIM/Hub-Vietnam 2.2,NDCCon2030_-40pc2050,VNM,Emissions|N2O|AFOLU|Agriculture,kt N2O/yr,,,,,,,57.995,,,,,61.9348,,69.2639,,,,,77.3419,87.4914,64.6952,58.2412,58.8326,65.9309,,,,,,,,,,,,,,Vietnam,N2O
AIM/Hub-Vietnam 2.2,NDCCon2030_-50pc2050,VNM,Carbon Sequestration|CCS|Biomass,Mt CO2/yr,,,,,,,0.0,,,,,0.0,,0.0,,,,,0.0,0.0,0.0,0.4004,9.4368,72.8075,,,,,,,,,,,,,,Vietnam,
AIM/Hub-Vietnam 2.2,NDCCon2030_-50pc2050,VNM,Carbon Sequestration|CCS|Biomass|Energy|Supply,Mt CO2/yr,,,,,,,0.0,,,,,0.0,,0.0,,,,,0.0,0.0,0.0,0.4004,9.4368,72.8075,,,,,,,,,,,,,,Vietnam,
AIM/Hub-Vietnam 2.2,NDCCon2030_-50pc2050,VNM,Carbon Sequestration|CCS|Biomass|Energy|Supply|Electricity,Mt CO2/yr,,,,,,,0.0,,,,,0.0,,0.0,,,,,0.0,0.0,0.0,0.1328,4.9695,65.3701,,,,,,,,,,,,,,Vietnam,
AIM/Hub-Vietnam 2.2,NDCCon2030_-50pc2050,VNM,Carbon Sequestration|CCS|Biomass|Energy|Supply|Liquids,Mt CO2/yr,,,,,,,0.0,,,,,0.0,,0.0,,,,,0.0,0.0,0.0,0.2675,4.4674,7.4374,,,,,,,,,,,,,,Vietnam,
AIM/Hub-Vietnam 2.2,NDCCon2030_-50pc2050,VNM,Emissions|CH4|AFOLU,Mt CH4/yr,,,,,,,2.8598,,,,,3.027,,3.3103,,,,,3.5899,3.8849,2.7448,2.1173,1.7767,1.6868,,,,,,,,,,,,,,Vietnam,CH4
AIM/Hub-Vietnam 2.2,NDCCon2030_-50pc2050,VNM,Emissions|CH4|AFOLU|Agriculture,Mt CH4/yr,,,,,,,2.6417,,,,,2.8031,,3.0758,,,,,3.3439,3.6247,2.5799,2.0012,1.6849,1.5997,,,,,,,,,,,,,,Vietnam,CH4
AIM/Hub-Vietnam 2.2,NDCCon2030_-50pc2050,VNM,Emissions|CH4|Energy|Demand|Industry,Mt CH4/yr,,,,,,,0.0039,,,,,0.0058,,0.0069,,,,,0.0081,0.0091,0.0093,0.0061,0.0027,0.0013,,,,,,,,,,,,,,Vietnam,CH4
AIM/Hub-Vietnam 2.2,NDCCon2030_-50pc2050,VNM,Emissions|CH4|Energy|Demand|Transportation,Mt CH4/yr,,,,,,,0.0116,,,,,0.0122,,0.015,,,,,0.0174,0.0198,0.0216,0.0211,0.0175,0.0161,,,,,,,,,,,,,,Vietnam,CH4
AIM/Hub-Vietnam 2.2,NDCCon2030_-50pc2050,VNM,Emissions|CH4|Energy|Supply,Mt CH4/yr,,,,,,,1.3607,,,,,1.6296,,1.7109,,,,,1.8235,1.9651,0.7631,0.458,0.353,0.348,,,,,,,,,,,,,,Vietnam,CH4
AIM/Hub-Vietnam 2.2,NDCCon2030_-50pc2050,VNM,Emissions|CO2|AFOLU,Mt CO2/yr,,,,,,,34.194,,,,,40.3683,,48.4232,,,,,45.8352,45.3404,13.1789,6.0959,-3.9334,-6.3523,,,,,,,,,,,,,,Vietnam,CO2
AIM/Hub-Vietnam 2.2,NDCCon2030_-50pc2050,VNM,Emissions|CO2|Energy and Industrial Processes,Mt CO2/yr,,,,,,,152.0329,,,,,193.3815,,223.1999,,,,,261.3006,311.9931,324.4766,262.3752,185.8146,88.0325,,,,,,,,,,,,,,Vietnam,CO2
AIM/Hub-Vietnam 2.2,NDCCon2030_-50pc2050,VNM,Emissions|CO2|Energy|Demand,Mt CO2/yr,,,,,,,83.2598,,,,,95.1969,,101.8537,,,,,111.1629,121.4034,119.9336,97.5285,67.5171,56.4687,,,,,,,,,,,,,,Vietnam,CO2
AIM/Hub-Vietnam 2.2,NDCCon2030_-50pc2050,VNM,Emissions|CO2|Energy|Demand|AFOFI,Mt CO2/yr,,,,,,,2.1,,,,,2.6779,,2.563,,,,,2.4781,2.3796,1.8845,1.1403,0.5766,0.2598,,,,,,,,,,,,,,Vietnam,CO2
AIM/Hub-Vietnam 2.2,NDCCon2030_-50pc2050,VNM,Emissions|CO2|Energy|Demand|Industry,Mt CO2/yr,,,,,,,39.929,,,,,49.782,,49.4713,,,,,52.0021,55.0901,50.3884,32.5855,14.1646,6.9125,,,,,,,,,,,,,,Vietnam,CO2
AIM/Hub-Vietnam 2.2,NDCCon2030_-50pc2050,VNM,Emissions|CO2|Energy|Demand|Residential and Commercial|Commercial,Mt CO2/yr,,,,,,,3.4553,,,,,3.8322,,4.1104,,,,,4.718,5.4813,5.0442,2.9525,1.2435,0.4941,,,,,,,,,,,,,,Vietnam,CO2
AIM/Hub-Vietnam 2.2,NDCCon2030_-50pc2050,VNM,Emissions|CO2|Energy|Demand|Residential and Commercial|Residential,Mt CO2/yr,,,,,,,7.1267,,,,,6.642,,5.7042,,,,,5.1656,4.8339,3.9241,3.0073,2.0396,1.2356,,,,,,,,,,,,,,Vietnam,CO2
AIM/Hub-Vietnam 2.2,NDCCon2030_-50pc2050,VNM,Emissions|CO2|Energy|Demand|Transportation,Mt CO2/yr,,,,,,,30.649,,,,,32.2628,,40.0048,,,,,46.7991,53.6184,58.6924,57.8429,49.4927,47.5667,,,,,,,,,,,,,,Vietnam,CO2
AIM/Hub-Vietnam 2.2,NDCCon2030_-50pc2050,VNM,Emissions|CO2|Energy|Supply,Mt CO2/yr,,,,,,,51.787,,,,,80.0595,,100.5765,,,,,126.5587,163.5514,178.8116,140.5834,97.0262,5.5863,,,,,,,,,,,,,,Vietnam,CO2
AIM/Hub-Vietnam 2.2,NDCCon2030_-50pc2050,VNM,Emissions|CO2|Energy|Supply|Electricity,Mt CO2/yr,,,,,,,44.144,,,,,71.3338,,91.775,,,,,117.6293,154.4003,174.6669,137.4622,96.7596,8.4628,,,,,,,,,,,,,,Vietnam,CO2
AIM/Hub-Vietnam 2.2,NDCCon2030_-50pc2050,VNM,Emissions|CO2|Industrial Processes,Mt CO2/yr,,,,,,,16.9861,,,,,18.125,,20.7698,,,,,23.579,27.0383,25.7314,24.2633,21.2713,25.9774,,,,,,,,,,,,,,Vietnam,CO2
AIM/Hub-Vietnam 2.2,NDCCon2030_-50pc2050,VNM,Emissions|N2O|AFOLU,kt N2O/yr,,,,,,,70.1823,,,,,75.2303,,84.1774,,,,,93.9405,106.0743,76.5469,68.3318,69.3118,79.8451,,,,,,,,,,,,,,Vietnam,N2O
AIM/Hub-Vietnam 2.2,NDCCon2030_-50pc2050,VNM,Emissions|N2O|AFOLU|Agriculture,kt N2O/yr,,,,,,,57.995,,,,,61.9348,,69.2639,,,,,77.3419,87.4914,63.3038,56.4173,56.9779,65.2591,,,,,,,,,,,,,,Vietnam,N2O
AIM/Hub-Vietnam 2.2,NDCCon2030_-60pc2050,VNM,Carbon Sequestration|CCS|Biomass,Mt CO2/yr,,,,,,,0.0,,,,,0.0,,0.0,,,,,0.0,0.0,0.0,0.5956,13.0964,93.944,,,,,,,,,,,,,,Vietnam,
AIM/Hub-Vietnam 2.2,NDCCon2030_-60pc2050,VNM,Carbon Sequestration|CCS|Biomass|Energy|Supply,Mt CO2/yr,,,,,,,0.0,,,,,0.0,,0.0,,,,,0.0,0.0,0.0,0.5956,13.0964,93.944,,,,,,,,,,,,,,Vietnam,
AIM/Hub-Vietnam 2.2,NDCCon2030_-60pc2050,VNM,Carbon Sequestration|CCS|Biomass|Energy|Supply|Electricity,Mt CO2/yr,,,,,,,0.0,,,,,0.0,,0.0,,,,,0.0,0.0,0.0,0.1988,8.212,86.0883,,,,,,,,,,,,,,Vietnam,
AIM/Hub-Vietnam 2.2,NDCCon2030_-60pc2050,VNM,Carbon Sequestration|CCS|Biomass|Energy|Supply|Liquids,Mt CO2/yr,,,,,,,0.0,,,,,0.0,,0.0,,,,,0.0,0.0,0.0,0.3968,4.8844,7.8557,,,,,,,,,,,,,,Vietnam,
AIM/Hub-Vietnam 2.2,NDCCon2030_-60pc2050,VNM,Emissions|CH4|AFOLU,Mt CH4/yr,,,,,,,2.8598,,,,,3.027,,3.3103,,,,,3.5899,3.8849,2.694,2.0727,1.7236,1.6752,,,,,,,,,,,,,,Vietnam,CH4
AIM/Hub-Vietnam 2.2,NDCCon2030_-60pc2050,VNM,Emissions|CH4|AFOLU|Agriculture,Mt CH4/yr,,,,,,,2.6417,,,,,2.8031,,3.0758,,,,,3.3439,3.6247,2.5329,1.9597,1.6351,1.5885,,,,,,,,,,,,,,Vietnam,CH4
AIM/Hub-Vietnam 2.2,NDCCon2030_-60pc2050,VNM,Emissions|CH4|Energy|Demand|Industry,Mt CH4/yr,,,,,,,0.0039,,,,,0.0058,,0.0069,,,,,0.0081,0.0091,0.0092,0.0055,0.002,0.001,,,,,,,,,,,,,,Vietnam,CH4
AIM/Hub-Vietnam 2.2,NDCCon2030_-60pc2050,VNM,Emissions|CH4|Energy|Demand|Transportation,Mt CH4/yr,,,,,,,0.0116,,,,,0.0122,,0.015,,,,,0.0174,0.0198,0.0215,0.0207,0.0165,0.0156,,,,,,,,,,,,,,Vietnam,CH4
AIM/Hub-Vietnam 2.2,NDCCon2030_-60pc2050,VNM,Emissions|CH4|Energy|Supply,Mt CH4/yr,,,,,,,1.3607,,,,,1.6296,,1.7109,,,,,1.8235,1.9651,0.7264,0.44,0.3324,0.3438,,,,,,,,,,,,,,Vietnam,CH4
AIM/Hub-Vietnam 2.2,NDCCon2030_-60pc2050,VNM,Emissions|CO2|AFOLU,Mt CO2/yr,,,,,,,34.194,,,,,40.3683,,48.4232,,,,,45.8352,45.3404,13.013,5.8671,-4.2872,-6.2721,,,,,,,,,,,,,,Vietnam,CO2
AIM/Hub-Vietnam 2.2,NDCCon2030_-60pc2050,VNM,Emissions|CO2|Energy and Industrial Processes,Mt CO2/yr,,,,,,,152.0329,,,,,193.3815,,223.1999,,,,,261.3006,311.9931,319.3844,248.1442,163.7072,54.798,,,,,,,,,,,,,,Vietnam,CO2
AIM/Hub-Vietnam 2.2,NDCCon2030_-60pc2050,VNM,Emissions|CO2|Energy|Demand,Mt CO2/yr,,,,,,,83.2598,,,,,95.1969,,101.8537,,,,,111.1629,121.4034,118.5119,92.6455,60.9472,53.4617,,,,,,,,,,,,,,Vietnam,CO2
AIM/Hub-Vietnam 2.2,NDCCon2030_-60pc2050,VNM,Emissions|CO2|Energy|Demand|AFOFI,Mt CO2/yr,,,,,,,2.1,,,,,2.6779,,2.563,,,,,2.4781,2.3796,1.8378,1.0651,0.4643,0.2076,,,,,,,,,,,,,,Vietnam,CO2
AIM/Hub-Vietnam 2.2,NDCCon2030_-60pc2050,VNM,Emissions|CO2|Energy|Demand|Industry,Mt CO2/yr,,,,,,,39.929,,,,,49.782,,49.4713,,,,,52.0021,55.0901,49.6784,29.2264,10.9526,5.4064,,,,,,,,,,,,,,Vietnam,CO2
AIM/Hub-Vietnam 2.2,NDCCon2030_-60pc2050,VNM,Emissions|CO2|Energy|Demand|Residential and Commercial|Commercial,Mt CO2/yr,,,,,,,3.4553,,,,,3.8322,,4.1104,,,,,4.718,5.4813,4.8687,2.6547,0.9086,0.3767,,,,,,,,,,,,,,Vietnam,CO2
AIM/Hub-Vietnam 2.2,NDCCon2030_-60pc2050,VNM,Emissions|CO2|Energy|Demand|Residential and Commercial|Residential,Mt CO2/yr,,,,,,,7.1267,,,,,6.642,,5.7042,,,,,5.1656,4.8339,3.8491,2.8812,1.7762,1.0762,,,,,,,,,,,,,,Vietnam,CO2
AIM/Hub-Vietnam 2.2,NDCCon2030_-60pc2050,VNM,Emissions|CO2|Energy|Demand|Transportation,Mt CO2/yr,,,,,,,30.649,,,,,32.2628,,40.0048,,,,,46.7991,53.6184,58.2779,56.818,46.8454,46.3948,,,,,,,,,,,,,,Vietnam,CO2
AIM/Hub-Vietnam 2.2,NDCCon2030_-60pc2050,VNM,Emissions|CO2|Energy|Supply,Mt CO2/yr,,,,,,,51.787,,,,,80.0595,,100.5765,,,,,126.5587,163.5514,175.4324,131.6962,82.9547,-24.4657,,,,,,,,,,,,,,Vietnam,CO2
AIM/Hub-Vietnam 2.2,NDCCon2030_-60pc2050,VNM,Emissions|CO2|Energy|Supply|Electricity,Mt CO2/yr,,,,,,,44.144,,,,,71.3338,,91.775,,,,,117.6293,154.4003,171.4256,128.7335,83.2368,-21.1141,,,,,,,,,,,,,,Vietnam,CO2
AIM/Hub-Vietnam 2.2,NDCCon2030_-60pc2050,VNM,Emissions|CO2|Industrial Processes,Mt CO2/yr,,,,,,,16.9861,,,,,18.125,,20.7698,,,,,23.579,27.0383,25.4401,23.8025,19.8053,25.802,,,,,,,,,,,,,,Vietnam,CO2
AIM/Hub-Vietnam 2.2,NDCCon2030_-60pc2050,VNM,Emissions|N2O|AFOLU,kt N2O/yr,,,,,,,70.1823,,,,,75.2303,,84.1774,,,,,93.9405,106.0743,74.9123,66.7771,67.5238,79.7266,,,,,,,,,,,,,,Vietnam,N2O
AIM/Hub-Vietnam 2.2,NDCCon2030_-60pc2050,VNM,Emissions|N2O|AFOLU|Agriculture,kt N2O/yr,,,,,,,57.995,,,,,61.9348,,69.2639,,,,,77.3419,87.4914,61.9513,55.1207,55.4979,65.1732,,,,,,,,,,,,,,Vietnam,N2O
AIM/Hub-Vietnam 2.2,NDCCon2030_-70pc2050,VNM,Carbon Sequestration|CCS|Biomass,Mt CO2/yr,,,,,,,0.0,,,,,0.0,,0.0,,,,,0.0,0.0,0.0,0.76,19.2154,117.5032,,,,,,,,,,,,,,Vietnam,
AIM/Hub-Vietnam 2.2,NDCCon2030_-70pc2050,VNM,Carbon Sequestration|CCS|Biomass|Energy|Supply,Mt CO2/yr,,,,,,,0.0,,,,,0.0,,0.0,,,,,0.0,0.0,0.0,0.76,19.2154,117.5032,,,,,,,,,,,,,,Vietnam,
AIM/Hub-Vietnam 2.2,NDCCon2030_-70pc2050,VNM,Carbon Sequestration|CCS|Biomass|Energy|Supply|Electricity,Mt CO2/yr,,,,,,,0.0,,,,,0.0,,0.0,,,,,0.0,0.0,0.0,0.2572,14.1893,109.4851,,,,,,,,,,,,,,Vietnam,
AIM/Hub-Vietnam 2.2,NDCCon2030_-70pc2050,VNM,Carbon Sequestration|CCS|Biomass|Energy|Supply|Liquids,Mt CO2/yr,,,,,,,0.0,,,,,0.0,,0.0,,,,,0.0,0.0,0.0,0.5028,5.0261,8.0181,,,,,,,,,,,,,,Vietnam,
AIM/Hub-Vietnam 2.2,NDCCon2030_-70pc2050,VNM,Emissions|CH4|AFOLU,Mt CH4/yr,,,,,,,2.8598,,,,,3.027,,3.3103,,,,,3.5899,3.8849,2.6454,2.0112,1.6707,1.6611,,,,,,,,,,,,,,Vietnam,CH4
AIM/Hub-Vietnam 2.2,NDCCon2030_-70pc2050,VNM,Emissions|CH4|AFOLU|Agriculture,Mt CH4/yr,,,,,,,2.6417,,,,,2.8031,,3.0758,,,,,3.3439,3.6247,2.4879,1.9022,1.5853,1.5749,,,,,,,,,,,,,,Vietnam,CH4
AIM/Hub-Vietnam 2.2,NDCCon2030_-70pc2050,VNM,Emissions|CH4|Energy|Demand|Industry,Mt CH4/yr,,,,,,,0.0039,,,,,0.0058,,0.0069,,,,,0.0081,0.0091,0.009,0.0047,0.0015,0.0008,,,,,,,,,,,,,,Vietnam,CH4
AIM/Hub-Vietnam 2.2,NDCCon2030_-70pc2050,VNM,Emissions|CH4|Energy|Demand|Transportation,Mt CH4/yr,,,,,,,0.0116,,,,,0.0122,,0.015,,,,,0.0174,0.0198,0.0213,0.0201,0.0154,0.0151,,,,,,,,,,,,,,Vietnam,CH4
AIM/Hub-Vietnam 2.2,NDCCon2030_-70pc2050,VNM,Emissions|CH4|Energy|Supply,Mt CH4/yr,,,,,,,1.3607,,,,,1.6296,,1.7109,,,,,1.8235,1.9651,0.6927,0.4116,0.3069,0.3321,,,,,,,,,,,,,,Vietnam,CH4
AIM/Hub-Vietnam 2.2,NDCCon2030_-70pc2050,VNM,Emissions|CO2|AFOLU,Mt CO2/yr,,,,,,,34.194,,,,,40.3683,,48.4232,,,,,45.8352,45.3404,12.8568,5.6023,-4.6525,-6.377,,,,,,,,,,,,,,Vietnam,CO2
AIM/Hub-Vietnam 2.2,NDCCon2030_-70pc2050,VNM,Emissions|CO2|Energy and Industrial Processes,Mt CO2/yr,,,,,,,152.0329,,,,,193.3815,,223.1999,,,,,261.3006,311.9931,314.0985,234.9426,141.7393,22.0931,,,,,,,,,,,,,,Vietnam,CO2
AIM/Hub-Vietnam 2.2,NDCCon2030_-70pc2050,VNM,Emissions|CO2|Energy|Demand,Mt CO2/yr,,,,,,,83.2598,,,,,95.1969,,101.8537,,,,,111.1629,121.4034,116.9772,86.3024,54.489,50.6261,,,,,,,,,,,,,,Vietnam,CO2
AIM/Hub-Vietnam 2.2,NDCCon2030_-70pc2050,VNM,Emissions|CO2|Energy|Demand|AFOFI,Mt CO2/yr,,,,,,,2.1,,,,,2.6779,,2.563,,,,,2.4781,2.3796,1.7889,0.9686,0.357,0.1633,,,,,,,,,,,,,,Vietnam,CO2
AIM/Hub-Vietnam 2.2,NDCCon2030_-70pc2050,VNM,Emissions|CO2|Energy|Demand|Industry,Mt CO2/yr,,,,,,,39.929,,,,,49.782,,49.4713,,,,,52.0021,55.0901,48.8965,25.3343,8.1864,4.1872,,,,,,,,,,,,,,Vietnam,CO2
AIM/Hub-Vietnam 2.2,NDCCon2030_-70pc2050,VNM,Emissions|CO2|Energy|Demand|Residential and Commercial|Commercial,Mt CO2/yr,,,,,,,3.4553,,,,,3.8322,,4.1104,,,,,4.718,5.4813,4.6863,2.3047,0.6334,0.285,,,,,,,,,,,,,,Vietnam,CO2
AIM/Hub-Vietnam 2.2,NDCCon2030_-70pc2050,VNM,Emissions|CO2|Energy|Demand|Residential and Commercial|Residential,Mt CO2/yr,,,,,,,7.1267,,,,,6.642,,5.7042,,,,,5.1656,4.8339,3.773,2.7315,1.5129,0.9348,,,,,,,,,,,,,,Vietnam,CO2
AIM/Hub-Vietnam 2.2,NDCCon2030_-70pc2050,VNM,Emissions|CO2|Energy|Demand|Transportation,Mt CO2/yr,,,,,,,30.649,,,,,32.2628,,40.0048,,,,,46.7991,53.6184,57.8325,54.9635,43.7993,45.0557,,,,,,,,,,,,,,Vietnam,CO2
AIM/Hub-Vietnam 2.2,NDCCon2030_-70pc2050,VNM,Emissions|CO2|Energy|Supply,Mt CO2/yr,,,,,,,51.787,,,,,80.0595,,100.5765,,,,,126.5587,163.5514,171.97,125.4633,68.5804,-52.4049,,,,,,,,,,,,,,Vietnam,CO2
AIM/Hub-Vietnam 2.2,NDCCon2030_-70pc2050,VNM,Emissions|CO2|Energy|Supply|Electricity,Mt CO2/yr,,,,,,,44.144,,,,,71.3338,,91.775,,,,,117.6293,154.4003,168.0888,122.6649,69.1728,-48.7977,,,,,,,,,,,,,,Vietnam,CO2
AIM/Hub-Vietnam 2.2,NDCCon2030_-70pc2050,VNM,Emissions|CO2|Industrial Processes,Mt CO2/yr,,,,,,,16.9861,,,,,18.125,,20.7698,,,,,23.579,27.0383,25.1514,23.1768,18.67,23.8719,,,,,,,,,,,,,,Vietnam,CO2
AIM/Hub-Vietnam 2.2,NDCCon2030_-70pc2050,VNM,Emissions|N2O|AFOLU,kt N2O/yr,,,,,,,70.1823,,,,,75.2303,,84.1774,,,,,93.9405,106.0743,73.3449,64.6634,65.7769,79.5076,,,,,,,,,,,,,,Vietnam,N2O
AIM/Hub-Vietnam 2.2,NDCCon2030_-70pc2050,VNM,Emissions|N2O|AFOLU|Agriculture,kt N2O/yr,,,,,,,57.995,,,,,61.9348,,69.2639,,,,,77.3419,87.4914,60.6527,53.3587,54.0533,65.0041,,,,,,,,,,,,,,Vietnam,N2O
AIM/Hub-Vietnam 2.2,NDCCon2030_-80pc2050,VNM,Carbon Sequestration|CCS|Biomass,Mt CO2/yr,,,,,,,0.0,,,,,0.0,,0.0,,,,,0.0,0.0,0.0,1.1125,31.4617,146.8846,,,,,,,,,,,,,,Vietnam,
AIM/Hub-Vietnam 2.2,NDCCon2030_-80pc2050,VNM,Carbon Sequestration|CCS|Biomass|Energy|Supply,Mt CO2/yr,,,,,,,0.0,,,,,0.0,,0.0,,,,,0.0,0.0,0.0,1.1125,31.4617,146.8846,,,,,,,,,,,,,,Vietnam,
AIM/Hub-Vietnam 2.2,NDCCon2030_-80pc2050,VNM,Carbon Sequestration|CCS|Biomass|Energy|Supply|Electricity,Mt CO2/yr,,,,,,,0.0,,,,,0.0,,0.0,,,,,0.0,0.0,0.0,0.3777,25.9824,138.4205,,,,,,,,,,,,,,Vietnam,
AIM/Hub-Vietnam 2.2,NDCCon2030_-80pc2050,VNM,Carbon Sequestration|CCS|Biomass|Energy|Supply|Liquids,Mt CO2/yr,,,,,,,0.0,,,,,0.0,,0.0,,,,,0.0,0.0,0.0,0.7348,5.4792,8.4641,,,,,,,,,,,,,,Vietnam,
AIM/Hub-Vietnam 2.2,NDCCon2030_-80pc2050,VNM,Emissions|CH4|AFOLU,Mt CH4/yr,,,,,,,2.8598,,,,,3.027,,3.3103,,,,,3.5899,3.8849,2.5992,1.9631,1.6457,1.6591,,,,,,,,,,,,,,Vietnam,CH4
AIM/Hub-Vietnam 2.2,NDCCon2030_-80pc2050,VNM,Emissions|CH4|AFOLU|Agriculture,Mt CH4/yr,,,,,,,2.6417,,,,,2.8031,,3.0758,,,,,3.3439,3.6247,2.4451,1.8572,1.5617,1.5726,,,,,,,,,,,,,,Vietnam,CH4
AIM/Hub-Vietnam 2.2,NDCCon2030_-80pc2050,VNM,Emissions|CH4|Energy|Demand|Industry,Mt CH4/yr,,,,,,,0.0039,,,,,0.0058,,0.0069,,,,,0.0081,0.0091,0.0089,0.0041,0.0011,0.0007,,,,,,,,,,,,,,Vietnam,CH4
AIM/Hub-Vietnam 2.2,NDCCon2030_-80pc2050,VNM,Emissions|CH4|Energy|Demand|Transportation,Mt CH4/yr,,,,,,,0.0116,,,,,0.0122,,0.015,,,,,0.0174,0.0198,0.0211,0.0196,0.0148,0.0149,,,,,,,,,,,,,,Vietnam,CH4
AIM/Hub-Vietnam 2.2,NDCCon2030_-80pc2050,VNM,Emissions|CH4|Energy|Supply,Mt CH4/yr,,,,,,,1.3607,,,,,1.6296,,1.7109,,,,,1.8235,1.9651,0.6618,0.3894,0.293,0.327,,,,,,,,,,,,,,Vietnam,CH4
AIM/Hub-Vietnam 2.2,NDCCon2030_-80pc2050,VNM,Emissions|CO2|AFOLU,Mt CO2/yr,,,,,,,34.194,,,,,40.3683,,48.4232,,,,,45.8352,45.3404,12.7109,5.3651,-4.9746,-6.6095,,,,,,,,,,,,,,Vietnam,CO2
AIM/Hub-Vietnam 2.2,NDCCon2030_-80pc2050,VNM,Emissions|CO2|Energy and Industrial Processes,Mt CO2/yr,,,,,,,152.0329,,,,,193.3815,,223.1999,,,,,261.3006,311.9931,308.6172,220.9806,118.2046,-11.2156,,,,,,,,,,,,,,Vietnam,CO2
AIM/Hub-Vietnam 2.2,NDCCon2030_-80pc2050,VNM,Emissions|CO2|Energy|Demand,Mt CO2/yr,,,,,,,83.2598,,,,,95.1969,,101.8537,,,,,111.1629,121.4034,115.3453,81.53,50.2822,49.2719,,,,,,,,,,,,,,Vietnam,CO2
AIM/Hub-Vietnam 2.2,NDCCon2030_-80pc2050,VNM,Emissions|CO2|Energy|Demand|AFOFI,Mt CO2/yr,,,,,,,2.1,,,,,2.6779,,2.563,,,,,2.4781,2.3796,1.7388,0.8953,0.2776,0.137,,,,,,,,,,,,,,Vietnam,CO2
AIM/Hub-Vietnam 2.2,NDCCon2030_-80pc2050,VNM,Emissions|CO2|Energy|Demand|Industry,Mt CO2/yr,,,,,,,39.929,,,,,49.782,,49.4713,,,,,52.0021,55.0901,48.0372,22.2905,6.2281,3.5106,,,,,,,,,,,,,,Vietnam,CO2
AIM/Hub-Vietnam 2.2,NDCCon2030_-80pc2050,VNM,Emissions|CO2|Energy|Demand|Residential and Commercial|Commercial,Mt CO2/yr,,,,,,,3.4553,,,,,3.8322,,4.1104,,,,,4.718,5.4813,4.5024,2.0507,0.4564,0.2333,,,,,,,,,,,,,,Vietnam,CO2
AIM/Hub-Vietnam 2.2,NDCCon2030_-80pc2050,VNM,Emissions|CO2|Energy|Demand|Residential and Commercial|Residential,Mt CO2/yr,,,,,,,7.1267,,,,,6.642,,5.7042,,,,,5.1656,4.8339,3.6975,2.6213,1.289,0.841,,,,,,,,,,,,,,Vietnam,CO2
AIM/Hub-Vietnam 2.2,NDCCon2030_-80pc2050,VNM,Emissions|CO2|Energy|Demand|Transportation,Mt CO2/yr,,,,,,,30.649,,,,,32.2628,,40.0048,,,,,46.7991,53.6184,57.3695,53.6723,42.0311,44.55,,,,,,,,,,,,,,Vietnam,CO2
AIM/Hub-Vietnam 2.2,NDCCon2030_-80pc2050,VNM,Emissions|CO2|Energy|Supply,Mt CO2/yr,,,,,,,51.787,,,,,80.0595,,100.5765,,,,,126.5587,163.5514,168.405999999999,118.0214,49.9072,-84.8891,,,,,,,,,,,,,,Vietnam,CO2
AIM/Hub-Vietnam 2.2,NDCCon2030_-80pc2050,VNM,Emissions|CO2|Energy|Supply|Electricity,Mt CO2/yr,,,,,,,44.144,,,,,71.3338,,91.775,,,,,117.6293,154.4003,164.6385,115.4579,51.0593,-80.7676,,,,,,,,,,,,,,Vietnam,CO2
AIM/Hub-Vietnam 2.2,NDCCon2030_-80pc2050,VNM,Emissions|CO2|Industrial Processes,Mt CO2/yr,,,,,,,16.9861,,,,,18.125,,20.7698,,,,,23.579,27.0383,24.8658,21.4292,18.0152,24.4016,,,,,,,,,,,,,,Vietnam,CO2
AIM/Hub-Vietnam 2.2,NDCCon2030_-80pc2050,VNM,Emissions|N2O|AFOLU,kt N2O/yr,,,,,,,70.1823,,,,,75.2303,,84.1774,,,,,93.9405,106.0743,71.8489999999999,62.9467,65.0945,79.7348,,,,,,,,,,,,,,Vietnam,N2O
AIM/Hub-Vietnam 2.2,NDCCon2030_-80pc2050,VNM,Emissions|N2O|AFOLU|Agriculture,kt N2O/yr,,,,,,,57.995,,,,,61.9348,,69.2639,,,,,77.3419,87.4914,59.4111,51.9191,53.4927,65.2009,,,,,,,,,,,,,,Vietnam,N2O
AIM/Hub-Vietnam 2.2,NDCCon2030_-90pc2050,VNM,Carbon Sequestration|CCS|Biomass,Mt CO2/yr,,,,,,,0.0,,,,,0.0,,0.0,,,,,0.0,0.0,0.0,1.3685,43.7041,171.6364,,,,,,,,,,,,,,Vietnam,
AIM/Hub-Vietnam 2.2,NDCCon2030_-90pc2050,VNM,Carbon Sequestration|CCS|Biomass|Energy|Supply,Mt CO2/yr,,,,,,,0.0,,,,,0.0,,0.0,,,,,0.0,0.0,0.0,1.3685,43.7041,171.6364,,,,,,,,,,,,,,Vietnam,
AIM/Hub-Vietnam 2.2,NDCCon2030_-90pc2050,VNM,Carbon Sequestration|CCS|Biomass|Energy|Supply|Electricity,Mt CO2/yr,,,,,,,0.0,,,,,0.0,,0.0,,,,,0.0,0.0,0.0,0.4721,38.1224,163.0934,,,,,,,,,,,,,,Vietnam,
AIM/Hub-Vietnam 2.2,NDCCon2030_-90pc2050,VNM,Carbon Sequestration|CCS|Biomass|Energy|Supply|Liquids,Mt CO2/yr,,,,,,,0.0,,,,,0.0,,0.0,,,,,0.0,0.0,0.0,0.8963,5.5816,8.543,,,,,,,,,,,,,,Vietnam,
AIM/Hub-Vietnam 2.2,NDCCon2030_-90pc2050,VNM,Emissions|CH4|AFOLU,Mt CH4/yr,,,,,,,2.8598,,,,,3.027,,3.3103,,,,,3.5899,3.8849,2.5547,1.9104,1.6264,1.6501,,,,,,,,,,,,,,Vietnam,CH4
AIM/Hub-Vietnam 2.2,NDCCon2030_-90pc2050,VNM,Emissions|CH4|AFOLU|Agriculture,Mt CH4/yr,,,,,,,2.6417,,,,,2.8031,,3.0758,,,,,3.3439,3.6247,2.4038,1.8078,1.5433,1.5638,,,,,,,,,,,,,,Vietnam,CH4
AIM/Hub-Vietnam 2.2,NDCCon2030_-90pc2050,VNM,Emissions|CH4|Energy|Demand|Industry,Mt CH4/yr,,,,,,,0.0039,,,,,0.0058,,0.0069,,,,,0.0081,0.0091,0.0087,0.0035,0.0008,0.0005,,,,,,,,,,,,,,Vietnam,CH4
AIM/Hub-Vietnam 2.2,NDCCon2030_-90pc2050,VNM,Emissions|CH4|Energy|Demand|Transportation,Mt CH4/yr,,,,,,,0.0116,,,,,0.0122,,0.015,,,,,0.0174,0.0198,0.021,0.0188,0.0141,0.0145,,,,,,,,,,,,,,Vietnam,CH4
AIM/Hub-Vietnam 2.2,NDCCon2030_-90pc2050,VNM,Emissions|CH4|Energy|Supply,Mt CH4/yr,,,,,,,1.3607,,,,,1.6296,,1.7109,,,,,1.8235,1.9651,0.6335,0.3672,0.28,0.3171,,,,,,,,,,,,,,Vietnam,CH4
AIM/Hub-Vietnam 2.2,NDCCon2030_-90pc2050,VNM,Emissions|CO2|AFOLU,Mt CO2/yr,,,,,,,34.194,,,,,40.3683,,48.4232,,,,,45.8352,45.3404,12.5744,5.1077,-5.3035,-6.9561,,,,,,,,,,,,,,Vietnam,CO2
AIM/Hub-Vietnam 2.2,NDCCon2030_-90pc2050,VNM,Emissions|CO2|Energy and Industrial Processes,Mt CO2/yr,,,,,,,152.0329,,,,,193.3815,,223.1999,,,,,261.3006,311.9931,302.9771,207.1673,94.4022,-43.9862,,,,,,,,,,,,,,Vietnam,CO2
AIM/Hub-Vietnam 2.2,NDCCon2030_-90pc2050,VNM,Emissions|CO2|Energy|Demand,Mt CO2/yr,,,,,,,83.2598,,,,,95.1969,,101.8537,,,,,111.1629,121.4034,113.5579,76.0077,46.393,47.1328,,,,,,,,,,,,,,Vietnam,CO2
AIM/Hub-Vietnam 2.2,NDCCon2030_-90pc2050,VNM,Emissions|CO2|Energy|Demand|AFOFI,Mt CO2/yr,,,,,,,2.1,,,,,2.6779,,2.563,,,,,2.4781,2.3796,1.6872,0.8054,0.2058,0.1072,,,,,,,,,,,,,,Vietnam,CO2
AIM/Hub-Vietnam 2.2,NDCCon2030_-90pc2050,VNM,Emissions|CO2|Energy|Demand|Industry,Mt CO2/yr,,,,,,,39.929,,,,,49.782,,49.4713,,,,,52.0021,55.0901,47.0495,19.33,4.5285,2.737,,,,,,,,,,,,,,Vietnam,CO2
AIM/Hub-Vietnam 2.2,NDCCon2030_-90pc2050,VNM,Emissions|CO2|Energy|Demand|Residential and Commercial|Commercial,Mt CO2/yr,,,,,,,3.4553,,,,,3.8322,,4.1104,,,,,4.718,5.4813,4.3146,1.7454,0.3169,0.1778,,,,,,,,,,,,,,Vietnam,CO2
AIM/Hub-Vietnam 2.2,NDCCon2030_-90pc2050,VNM,Emissions|CO2|Energy|Demand|Residential and Commercial|Residential,Mt CO2/yr,,,,,,,7.1267,,,,,6.642,,5.7042,,,,,5.1656,4.8339,3.6214,2.4599,1.0732,0.7311,,,,,,,,,,,,,,Vietnam,CO2
AIM/Hub-Vietnam 2.2,NDCCon2030_-90pc2050,VNM,Emissions|CO2|Energy|Demand|Transportation,Mt CO2/yr,,,,,,,30.649,,,,,32.2628,,40.0048,,,,,46.7991,53.6184,56.8851,51.667,40.2686,43.3797,,,,,,,,,,,,,,Vietnam,CO2
AIM/Hub-Vietnam 2.2,NDCCon2030_-90pc2050,VNM,Emissions|CO2|Energy|Supply,Mt CO2/yr,,,,,,,51.787,,,,,80.0595,,100.5765,,,,,126.5587,163.5514,164.8405,110.7367,30.3539,-115.1245,,,,,,,,,,,,,,Vietnam,CO2
AIM/Hub-Vietnam 2.2,NDCCon2030_-90pc2050,VNM,Emissions|CO2|Energy|Supply|Electricity,Mt CO2/yr,,,,,,,44.144,,,,,71.3338,,91.775,,,,,117.6293,154.4003,161.176,108.3473,31.7082,-110.8273,,,,,,,,,,,,,,Vietnam,CO2
AIM/Hub-Vietnam 2.2,NDCCon2030_-90pc2050,VNM,Emissions|CO2|Industrial Processes,Mt CO2/yr,,,,,,,16.9861,,,,,18.125,,20.7698,,,,,23.579,27.0383,24.5787,20.4229,17.6553,24.0055,,,,,,,,,,,,,,Vietnam,CO2
AIM/Hub-Vietnam 2.2,NDCCon2030_-90pc2050,VNM,Emissions|N2O|AFOLU,kt N2O/yr,,,,,,,70.1823,,,,,75.2303,,84.1774,,,,,93.9405,106.0743,70.4042,61.2401,64.6814,79.7591,,,,,,,,,,,,,,Vietnam,N2O
AIM/Hub-Vietnam 2.2,NDCCon2030_-90pc2050,VNM,Emissions|N2O|AFOLU|Agriculture,kt N2O/yr,,,,,,,57.995,,,,,61.9348,,69.2639,,,,,77.3419,87.4914,58.21,50.4967,53.1588,65.2322,,,,,,,,,,,,,,Vietnam,N2O
AIM/Hub-Vietnam 2.2,NDCUnc2030_-100pc2050,VNM,Carbon Sequestration|CCS|Biomass,Mt CO2/yr,,,,,,,0.0,,,,,0.0,,0.0,,,,,0.0,0.0,0.0,1.6335,57.2894,197.195,,,,,,,,,,,,,,Vietnam,
AIM/Hub-Vietnam 2.2,NDCUnc2030_-100pc2050,VNM,Carbon Sequestration|CCS|Biomass|Energy|Supply,Mt CO2/yr,,,,,,,0.0,,,,,0.0,,0.0,,,,,0.0,0.0,0.0,1.6335,57.2894,197.195,,,,,,,,,,,,,,Vietnam,
AIM/Hub-Vietnam 2.2,NDCUnc2030_-100pc2050,VNM,Carbon Sequestration|CCS|Biomass|Energy|Supply|Electricity,Mt CO2/yr,,,,,,,0.0,,,,,0.0,,0.0,,,,,0.0,0.0,0.0,0.5764,51.7312,188.712,,,,,,,,,,,,,,Vietnam,
AIM/Hub-Vietnam 2.2,NDCUnc2030_-100pc2050,VNM,Carbon Sequestration|CCS|Biomass|Energy|Supply|Liquids,Mt CO2/yr,,,,,,,0.0,,,,,0.0,,0.0,,,,,0.0,0.0,0.0,1.0571,5.5582,8.48299999999999,,,,,,,,,,,,,,Vietnam,
AIM/Hub-Vietnam 2.2,NDCUnc2030_-100pc2050,VNM,Emissions|CH4|AFOLU,Mt CH4/yr,,,,,,,2.8598,,,,,3.027,,3.3103,,,,,3.5899,3.8849,2.5127,1.8519,1.609,1.6388,,,,,,,,,,,,,,Vietnam,CH4
AIM/Hub-Vietnam 2.2,NDCUnc2030_-100pc2050,VNM,Emissions|CH4|AFOLU|Agriculture,Mt CH4/yr,,,,,,,2.6417,,,,,2.8031,,3.0758,,,,,3.3439,3.6247,2.3648,1.7527,1.5267,1.5527,,,,,,,,,,,,,,Vietnam,CH4
AIM/Hub-Vietnam 2.2,NDCUnc2030_-100pc2050,VNM,Emissions|CH4|Energy|Demand|Industry,Mt CH4/yr,,,,,,,0.0039,,,,,0.0058,,0.0069,,,,,0.0081,0.0091,0.0086,0.003,0.0006,0.0004,,,,,,,,,,,,,,Vietnam,CH4
AIM/Hub-Vietnam 2.2,NDCUnc2030_-100pc2050,VNM,Emissions|CH4|Energy|Demand|Transportation,Mt CH4/yr,,,,,,,0.0116,,,,,0.0122,,0.015,,,,,0.0174,0.0198,0.0208,0.0179,0.0135,0.0139,,,,,,,,,,,,,,Vietnam,CH4
AIM/Hub-Vietnam 2.2,NDCUnc2030_-100pc2050,VNM,Emissions|CH4|Energy|Supply,Mt CH4/yr,,,,,,,1.3607,,,,,1.6296,,1.7109,,,,,1.8235,1.9651,0.6077,0.3436,0.2676,0.3063,,,,,,,,,,,,,,Vietnam,CH4
AIM/Hub-Vietnam 2.2,NDCUnc2030_-100pc2050,VNM,Emissions|CO2|AFOLU,Mt CO2/yr,,,,,,,34.194,,,,,40.3683,,48.4232,,,,,45.8352,45.3404,12.4527,4.8607,-5.6146,-7.3395,,,,,,,,,,,,,,Vietnam,CO2
AIM/Hub-Vietnam 2.2,NDCUnc2030_-100pc2050,VNM,Emissions|CO2|Energy and Industrial Processes,Mt CO2/yr,,,,,,,152.0329,,,,,193.3815,,223.1999,,,,,261.3006,311.9931,297.2315,193.771,70.719,-76.2491,,,,,,,,,,,,,,Vietnam,CO2
AIM/Hub-Vietnam 2.2,NDCUnc2030_-100pc2050,VNM,Emissions|CO2|Energy|Demand,Mt CO2/yr,,,,,,,83.2598,,,,,95.1969,,101.8537,,,,,111.1629,121.4034,111.6539,70.2736,42.9657,44.9403,,,,,,,,,,,,,,Vietnam,CO2
AIM/Hub-Vietnam 2.2,NDCUnc2030_-100pc2050,VNM,Emissions|CO2|Energy|Demand|AFOFI,Mt CO2/yr,,,,,,,2.1,,,,,2.6779,,2.563,,,,,2.4781,2.3796,1.6361,0.7136,0.1481,0.0819,,,,,,,,,,,,,,Vietnam,CO2
AIM/Hub-Vietnam 2.2,NDCUnc2030_-100pc2050,VNM,Emissions|CO2|Energy|Demand|Industry,Mt CO2/yr,,,,,,,39.929,,,,,49.782,,49.4713,,,,,52.0021,55.0901,45.9403,16.6849,3.2384,2.0891,,,,,,,,,,,,,,Vietnam,CO2
AIM/Hub-Vietnam 2.2,NDCUnc2030_-100pc2050,VNM,Emissions|CO2|Energy|Demand|Residential and Commercial|Commercial,Mt CO2/yr,,,,,,,3.4553,,,,,3.8322,,4.1104,,,,,4.718,5.4813,4.1305,1.4585,0.2168,0.1327,,,,,,,,,,,,,,Vietnam,CO2
AIM/Hub-Vietnam 2.2,NDCUnc2030_-100pc2050,VNM,Emissions|CO2|Energy|Demand|Residential and Commercial|Residential,Mt CO2/yr,,,,,,,7.1267,,,,,6.642,,5.7042,,,,,5.1656,4.8339,3.5478,2.2987,0.8856,0.6296,,,,,,,,,,,,,,Vietnam,CO2
AIM/Hub-Vietnam 2.2,NDCUnc2030_-100pc2050,VNM,Emissions|CO2|Energy|Demand|Transportation,Mt CO2/yr,,,,,,,30.649,,,,,32.2628,,40.0048,,,,,46.7991,53.6184,56.3993,49.1179,38.4767,42.0068,,,,,,,,,,,,,,Vietnam,CO2
AIM/Hub-Vietnam 2.2,NDCUnc2030_-100pc2050,VNM,Emissions|CO2|Energy|Supply,Mt CO2/yr,,,,,,,51.787,,,,,80.0595,,100.5765,,,,,126.5587,163.5514,161.284,103.9825,10.3401,-144.5363,,,,,,,,,,,,,,Vietnam,CO2
AIM/Hub-Vietnam 2.2,NDCUnc2030_-100pc2050,VNM,Emissions|CO2|Energy|Supply|Electricity,Mt CO2/yr,,,,,,,44.144,,,,,71.3338,,91.775,,,,,117.6293,154.4003,157.7114,101.7501,11.7697,-140.196,,,,,,,,,,,,,,Vietnam,CO2
AIM/Hub-Vietnam 2.2,NDCUnc2030_-100pc2050,VNM,Emissions|CO2|Industrial Processes,Mt CO2/yr,,,,,,,16.9861,,,,,18.125,,20.7698,,,,,23.579,27.0383,24.2935,19.515,17.4132,23.3469,,,,,,,,,,,,,,Vietnam,CO2
AIM/Hub-Vietnam 2.2,NDCUnc2030_-100pc2050,VNM,Emissions|N2O|AFOLU,kt N2O/yr,,,,,,,70.1823,,,,,75.2303,,84.1774,,,,,93.9405,106.0743,69.0304,59.368,64.3679,79.6749,,,,,,,,,,,,,,Vietnam,N2O
AIM/Hub-Vietnam 2.2,NDCUnc2030_-100pc2050,VNM,Emissions|N2O|AFOLU|Agriculture,kt N2O/yr,,,,,,,57.995,,,,,61.9348,,69.2639,,,,,77.3419,87.4914,57.0662,48.934,52.9096,65.1716,,,,,,,,,,,,,,Vietnam,N2O
AIM/Hub-Vietnam 2.2,NDCUnc2030_-30pc2050,VNM,Carbon Sequestration|CCS|Biomass,Mt CO2/yr,,,,,,,0.0,,,,,0.0,,0.0,,,,,0.0,0.0,0.0,0.0987,4.5952,35.1589,,,,,,,,,,,,,,Vietnam,
AIM/Hub-Vietnam 2.2,NDCUnc2030_-30pc2050,VNM,Carbon Sequestration|CCS|Biomass|Energy|Supply,Mt CO2/yr,,,,,,,0.0,,,,,0.0,,0.0,,,,,0.0,0.0,0.0,0.0987,4.5952,35.1589,,,,,,,,,,,,,,Vietnam,
AIM/Hub-Vietnam 2.2,NDCUnc2030_-30pc2050,VNM,Carbon Sequestration|CCS|Biomass|Energy|Supply|Electricity,Mt CO2/yr,,,,,,,0.0,,,,,0.0,,0.0,,,,,0.0,0.0,0.0,0.0325,2.1359,28.5639,,,,,,,,,,,,,,Vietnam,
AIM/Hub-Vietnam 2.2,NDCUnc2030_-30pc2050,VNM,Carbon Sequestration|CCS|Biomass|Energy|Supply|Liquids,Mt CO2/yr,,,,,,,0.0,,,,,0.0,,0.0,,,,,0.0,0.0,0.0,0.0662,2.4593,6.595,,,,,,,,,,,,,,Vietnam,
AIM/Hub-Vietnam 2.2,NDCUnc2030_-30pc2050,VNM,Emissions|CH4|AFOLU,Mt CH4/yr,,,,,,,2.8598,,,,,3.027,,3.3103,,,,,3.5899,3.8849,2.8549,2.2336,1.9071,1.7733,,,,,,,,,,,,,,Vietnam,CH4
AIM/Hub-Vietnam 2.2,NDCUnc2030_-30pc2050,VNM,Emissions|CH4|AFOLU|Agriculture,Mt CH4/yr,,,,,,,2.6417,,,,,2.8031,,3.0758,,,,,3.3439,3.6247,2.6817,2.1089,1.8069,1.6814,,,,,,,,,,,,,,Vietnam,CH4
AIM/Hub-Vietnam 2.2,NDCUnc2030_-30pc2050,VNM,Emissions|CH4|Energy|Demand|Industry,Mt CH4/yr,,,,,,,0.0039,,,,,0.0058,,0.0069,,,,,0.0081,0.0091,0.0094,0.0076,0.0042,0.0024,,,,,,,,,,,,,,Vietnam,CH4
AIM/Hub-Vietnam 2.2,NDCUnc2030_-30pc2050,VNM,Emissions|CH4|Energy|Demand|Transportation,Mt CH4/yr,,,,,,,0.0116,,,,,0.0122,,0.015,,,,,0.0174,0.0198,0.0218,0.0218,0.0202,0.0175,,,,,,,,,,,,,,Vietnam,CH4
AIM/Hub-Vietnam 2.2,NDCUnc2030_-30pc2050,VNM,Emissions|CH4|Energy|Supply,Mt CH4/yr,,,,,,,1.3607,,,,,1.6296,,1.7109,,,,,1.8235,1.9651,0.8456,0.519,0.4169,0.3915,,,,,,,,,,,,,,Vietnam,CH4
AIM/Hub-Vietnam 2.2,NDCUnc2030_-30pc2050,VNM,Emissions|CO2|AFOLU,Mt CO2/yr,,,,,,,34.194,,,,,40.3683,,48.4232,,,,,45.8352,45.3404,13.5362,6.5748,-2.7986,-8.9353,,,,,,,,,,,,,,Vietnam,CO2
AIM/Hub-Vietnam 2.2,NDCUnc2030_-30pc2050,VNM,Emissions|CO2|Energy and Industrial Processes,Mt CO2/yr,,,,,,,152.0329,,,,,193.3815,,223.1999,,,,,261.3006,311.9931,334.0335,288.813,227.8044,153.0548,,,,,,,,,,,,,,Vietnam,CO2
AIM/Hub-Vietnam 2.2,NDCUnc2030_-30pc2050,VNM,Emissions|CO2|Energy|Demand,Mt CO2/yr,,,,,,,83.2598,,,,,95.1969,,101.8537,,,,,111.1629,121.4034,122.3364,108.6308,84.606,67.5665,,,,,,,,,,,,,,Vietnam,CO2
AIM/Hub-Vietnam 2.2,NDCUnc2030_-30pc2050,VNM,Emissions|CO2|Energy|Demand|AFOFI,Mt CO2/yr,,,,,,,2.1,,,,,2.6779,,2.563,,,,,2.4781,2.3796,1.9687,1.3079,0.800999999999999,0.4388,,,,,,,,,,,,,,Vietnam,CO2
AIM/Hub-Vietnam 2.2,NDCUnc2030_-30pc2050,VNM,Emissions|CO2|Energy|Demand|Industry,Mt CO2/yr,,,,,,,39.929,,,,,49.782,,49.4713,,,,,52.0021,55.0901,51.5783,40.61,22.5218,12.916,,,,,,,,,,,,,,Vietnam,CO2
AIM/Hub-Vietnam 2.2,NDCUnc2030_-30pc2050,VNM,Emissions|CO2|Energy|Demand|Residential and Commercial|Commercial,Mt CO2/yr,,,,,,,3.4553,,,,,3.8322,,4.1104,,,,,4.718,5.4813,5.3575,3.6142,2.0256,0.974,,,,,,,,,,,,,,Vietnam,CO2
AIM/Hub-Vietnam 2.2,NDCUnc2030_-30pc2050,VNM,Emissions|CO2|Energy|Demand|Residential and Commercial|Residential,Mt CO2/yr,,,,,,,7.1267,,,,,6.642,,5.7042,,,,,5.1656,4.8339,4.0633,3.2425,2.4896,1.7001,,,,,,,,,,,,,,Vietnam,CO2
AIM/Hub-Vietnam 2.2,NDCUnc2030_-30pc2050,VNM,Emissions|CO2|Energy|Demand|Transportation,Mt CO2/yr,,,,,,,30.649,,,,,32.2628,,40.0048,,,,,46.7991,53.6184,59.3687,59.8562,56.7679,51.5375,,,,,,,,,,,,,,Vietnam,CO2
AIM/Hub-Vietnam 2.2,NDCUnc2030_-30pc2050,VNM,Emissions|CO2|Energy|Supply,Mt CO2/yr,,,,,,,51.787,,,,,80.0595,,100.5765,,,,,126.5587,163.5514,185.3808,154.6147,118.2189,58.0028,,,,,,,,,,,,,,Vietnam,CO2
AIM/Hub-Vietnam 2.2,NDCUnc2030_-30pc2050,VNM,Emissions|CO2|Energy|Supply|Electricity,Mt CO2/yr,,,,,,,44.144,,,,,71.3338,,91.775,,,,,117.6293,154.4003,180.9232,151.169,116.335,59.7992,,,,,,,,,,,,,,Vietnam,CO2
AIM/Hub-Vietnam 2.2,NDCUnc2030_-30pc2050,VNM,Emissions|CO2|Industrial Processes,Mt CO2/yr,,,,,,,16.9861,,,,,18.125,,20.7698,,,,,23.579,27.0383,26.3163,25.5675,24.9794,27.4856,,,,,,,,,,,,,,Vietnam,CO2
AIM/Hub-Vietnam 2.2,NDCUnc2030_-30pc2050,VNM,Emissions|N2O|AFOLU,kt N2O/yr,,,,,,,70.1823,,,,,75.2303,,84.1774,,,,,93.9405,106.0743,80.0548,72.6781,73.9363,83.0432,,,,,,,,,,,,,,Vietnam,N2O
AIM/Hub-Vietnam 2.2,NDCUnc2030_-30pc2050,VNM,Emissions|N2O|AFOLU|Agriculture,kt N2O/yr,,,,,,,57.995,,,,,61.9348,,69.2639,,,,,77.3419,87.4914,66.2066,60.0608,60.8275,67.9945,,,,,,,,,,,,,,Vietnam,N2O
AIM/Hub-Vietnam 2.2,NDCUnc2030_-40pc2050,VNM,Carbon Sequestration|CCS|Biomass,Mt CO2/yr,,,,,,,0.0,,,,,0.0,,0.0,,,,,0.0,0.0,0.0,0.2755,6.8922,52.4265,,,,,,,,,,,,,,Vietnam,
AIM/Hub-Vietnam 2.2,NDCUnc2030_-40pc2050,VNM,Carbon Sequestration|CCS|Biomass|Energy|Supply,Mt CO2/yr,,,,,,,0.0,,,,,0.0,,0.0,,,,,0.0,0.0,0.0,0.2755,6.8922,52.4265,,,,,,,,,,,,,,Vietnam,
AIM/Hub-Vietnam 2.2,NDCUnc2030_-40pc2050,VNM,Carbon Sequestration|CCS|Biomass|Energy|Supply|Electricity,Mt CO2/yr,,,,,,,0.0,,,,,0.0,,0.0,,,,,0.0,0.0,0.0,0.0907,3.2858,45.2811,,,,,,,,,,,,,,Vietnam,
AIM/Hub-Vietnam 2.2,NDCUnc2030_-40pc2050,VNM,Carbon Sequestration|CCS|Biomass|Energy|Supply|Liquids,Mt CO2/yr,,,,,,,0.0,,,,,0.0,,0.0,,,,,0.0,0.0,0.0,0.1848,3.6064,7.1454,,,,,,,,,,,,,,Vietnam,
AIM/Hub-Vietnam 2.2,NDCUnc2030_-40pc2050,VNM,Emissions|CH4|AFOLU,Mt CH4/yr,,,,,,,2.8598,,,,,3.027,,3.3103,,,,,3.5899,3.8849,2.7971,2.1765,1.841,1.7155,,,,,,,,,,,,,,Vietnam,CH4
AIM/Hub-Vietnam 2.2,NDCUnc2030_-40pc2050,VNM,Emissions|CH4|AFOLU|Agriculture,Mt CH4/yr,,,,,,,2.6417,,,,,2.8031,,3.0758,,,,,3.3439,3.6247,2.6282,2.0561,1.7451,1.6267,,,,,,,,,,,,,,Vietnam,CH4
AIM/Hub-Vietnam 2.2,NDCUnc2030_-40pc2050,VNM,Emissions|CH4|Energy|Demand|Industry,Mt CH4/yr,,,,,,,0.0039,,,,,0.0058,,0.0069,,,,,0.0081,0.0091,0.0093,0.0069,0.0034,0.0018,,,,,,,,,,,,,,Vietnam,CH4
AIM/Hub-Vietnam 2.2,NDCUnc2030_-40pc2050,VNM,Emissions|CH4|Energy|Demand|Transportation,Mt CH4/yr,,,,,,,0.0116,,,,,0.0122,,0.015,,,,,0.0174,0.0198,0.0217,0.0216,0.0188,0.0168,,,,,,,,,,,,,,Vietnam,CH4
AIM/Hub-Vietnam 2.2,NDCUnc2030_-40pc2050,VNM,Emissions|CH4|Energy|Supply,Mt CH4/yr,,,,,,,1.3607,,,,,1.6296,,1.7109,,,,,1.8235,1.9651,0.8036,0.4891,0.3849,0.3678,,,,,,,,,,,,,,Vietnam,CH4
AIM/Hub-Vietnam 2.2,NDCUnc2030_-40pc2050,VNM,Emissions|CO2|AFOLU,Mt CO2/yr,,,,,,,34.194,,,,,40.3683,,48.4232,,,,,45.8352,45.3404,13.3461,6.2474,-3.7118,-6.8687,,,,,,,,,,,,,,Vietnam,CO2
AIM/Hub-Vietnam 2.2,NDCUnc2030_-40pc2050,VNM,Emissions|CO2|Energy and Industrial Processes,Mt CO2/yr,,,,,,,152.0329,,,,,193.3815,,223.1999,,,,,261.3006,311.9931,329.3791,275.6206,207.2004,120.4442,,,,,,,,,,,,,,Vietnam,CO2
AIM/Hub-Vietnam 2.2,NDCUnc2030_-40pc2050,VNM,Emissions|CO2|Energy|Demand,Mt CO2/yr,,,,,,,83.2598,,,,,95.1969,,101.8537,,,,,111.1629,121.4034,121.2589,103.6321,75.8394,61.4187,,,,,,,,,,,,,,Vietnam,CO2
AIM/Hub-Vietnam 2.2,NDCUnc2030_-40pc2050,VNM,Emissions|CO2|Energy|Demand|AFOFI,Mt CO2/yr,,,,,,,2.1,,,,,2.6779,,2.563,,,,,2.4781,2.3796,1.9282,1.2288,0.6901,0.3371,,,,,,,,,,,,,,Vietnam,CO2
AIM/Hub-Vietnam 2.2,NDCUnc2030_-40pc2050,VNM,Emissions|CO2|Energy|Demand|Industry,Mt CO2/yr,,,,,,,39.929,,,,,49.782,,49.4713,,,,,52.0021,55.0901,51.0368,36.8837,18.0114,9.3618,,,,,,,,,,,,,,Vietnam,CO2
AIM/Hub-Vietnam 2.2,NDCUnc2030_-40pc2050,VNM,Emissions|CO2|Energy|Demand|Residential and Commercial|Commercial,Mt CO2/yr,,,,,,,3.4553,,,,,3.8322,,4.1104,,,,,4.718,5.4813,5.2108,3.2994,1.62,0.6871,,,,,,,,,,,,,,Vietnam,CO2
AIM/Hub-Vietnam 2.2,NDCUnc2030_-40pc2050,VNM,Emissions|CO2|Energy|Demand|Residential and Commercial|Residential,Mt CO2/yr,,,,,,,7.1267,,,,,6.642,,5.7042,,,,,5.1656,4.8339,3.997,3.1341,2.2739,1.4486,,,,,,,,,,,,,,Vietnam,CO2
AIM/Hub-Vietnam 2.2,NDCUnc2030_-40pc2050,VNM,Emissions|CO2|Energy|Demand|Transportation,Mt CO2/yr,,,,,,,30.649,,,,,32.2628,,40.0048,,,,,46.7991,53.6184,59.0861,59.086,53.244,49.5841,,,,,,,,,,,,,,Vietnam,CO2
AIM/Hub-Vietnam 2.2,NDCUnc2030_-40pc2050,VNM,Emissions|CO2|Energy|Supply,Mt CO2/yr,,,,,,,51.787,,,,,80.0595,,100.5765,,,,,126.5587,163.5514,182.0924,147.049,107.6172,32.3168,,,,,,,,,,,,,,Vietnam,CO2
AIM/Hub-Vietnam 2.2,NDCUnc2030_-40pc2050,VNM,Emissions|CO2|Energy|Supply|Electricity,Mt CO2/yr,,,,,,,44.144,,,,,71.3338,,91.775,,,,,117.6293,154.4003,177.7955,143.7784,106.6293,34.7916,,,,,,,,,,,,,,Vietnam,CO2
AIM/Hub-Vietnam 2.2,NDCUnc2030_-40pc2050,VNM,Emissions|CO2|Industrial Processes,Mt CO2/yr,,,,,,,16.9861,,,,,18.125,,20.7698,,,,,23.579,27.0383,26.0277,24.9396,23.7438,26.7087,,,,,,,,,,,,,,Vietnam,CO2
AIM/Hub-Vietnam 2.2,NDCUnc2030_-40pc2050,VNM,Emissions|N2O|AFOLU,kt N2O/yr,,,,,,,70.1823,,,,,75.2303,,84.1774,,,,,93.9405,106.0743,78.2348,70.5174,71.5519,80.6775,,,,,,,,,,,,,,Vietnam,N2O
AIM/Hub-Vietnam 2.2,NDCUnc2030_-40pc2050,VNM,Emissions|N2O|AFOLU|Agriculture,kt N2O/yr,,,,,,,57.995,,,,,61.9348,,69.2639,,,,,77.3419,87.4914,64.6952,58.2412,58.8326,65.9309,,,,,,,,,,,,,,Vietnam,N2O
AIM/Hub-Vietnam 2.2,NDCUnc2030_-50pc2050,VNM,Carbon Sequestration|CCS|Biomass,Mt CO2/yr,,,,,,,0.0,,,,,0.0,,0.0,,,,,0.0,0.0,0.0,0.4004,9.4368,72.8075,,,,,,,,,,,,,,Vietnam,
AIM/Hub-Vietnam 2.2,NDCUnc2030_-50pc2050,VNM,Carbon Sequestration|CCS|Biomass|Energy|Supply,Mt CO2/yr,,,,,,,0.0,,,,,0.0,,0.0,,,,,0.0,0.0,0.0,0.4004,9.4368,72.8075,,,,,,,,,,,,,,Vietnam,
AIM/Hub-Vietnam 2.2,NDCUnc2030_-50pc2050,VNM,Carbon Sequestration|CCS|Biomass|Energy|Supply|Electricity,Mt CO2/yr,,,,,,,0.0,,,,,0.0,,0.0,,,,,0.0,0.0,0.0,0.1328,4.9695,65.3701,,,,,,,,,,,,,,Vietnam,
AIM/Hub-Vietnam 2.2,NDCUnc2030_-50pc2050,VNM,Carbon Sequestration|CCS|Biomass|Energy|Supply|Liquids,Mt CO2/yr,,,,,,,0.0,,,,,0.0,,0.0,,,,,0.0,0.0,0.0,0.2675,4.4674,7.4374,,,,,,,,,,,,,,Vietnam,
AIM/Hub-Vietnam 2.2,NDCUnc2030_-50pc2050,VNM,Emissions|CH4|AFOLU,Mt CH4/yr,,,,,,,2.8598,,,,,3.027,,3.3103,,,,,3.5899,3.8849,2.7448,2.1173,1.7767,1.6868,,,,,,,,,,,,,,Vietnam,CH4
AIM/Hub-Vietnam 2.2,NDCUnc2030_-50pc2050,VNM,Emissions|CH4|AFOLU|Agriculture,Mt CH4/yr,,,,,,,2.6417,,,,,2.8031,,3.0758,,,,,3.3439,3.6247,2.5799,2.0012,1.6849,1.5997,,,,,,,,,,,,,,Vietnam,CH4
AIM/Hub-Vietnam 2.2,NDCUnc2030_-50pc2050,VNM,Emissions|CH4|Energy|Demand|Industry,Mt CH4/yr,,,,,,,0.0039,,,,,0.0058,,0.0069,,,,,0.0081,0.0091,0.0093,0.0061,0.0027,0.0013,,,,,,,,,,,,,,Vietnam,CH4
AIM/Hub-Vietnam 2.2,NDCUnc2030_-50pc2050,VNM,Emissions|CH4|Energy|Demand|Transportation,Mt CH4/yr,,,,,,,0.0116,,,,,0.0122,,0.015,,,,,0.0174,0.0198,0.0216,0.0211,0.0175,0.0161,,,,,,,,,,,,,,Vietnam,CH4
AIM/Hub-Vietnam 2.2,NDCUnc2030_-50pc2050,VNM,Emissions|CH4|Energy|Supply,Mt CH4/yr,,,,,,,1.3607,,,,,1.6296,,1.7109,,,,,1.8235,1.9651,0.7631,0.458,0.353,0.348,,,,,,,,,,,,,,Vietnam,CH4
AIM/Hub-Vietnam 2.2,NDCUnc2030_-50pc2050,VNM,Emissions|CO2|AFOLU,Mt CO2/yr,,,,,,,34.194,,,,,40.3683,,48.4232,,,,,45.8352,45.3404,13.1789,6.0959,-3.9334,-6.3523,,,,,,,,,,,,,,Vietnam,CO2
AIM/Hub-Vietnam 2.2,NDCUnc2030_-50pc2050,VNM,Emissions|CO2|Energy and Industrial Processes,Mt CO2/yr,,,,,,,152.0329,,,,,193.3815,,223.1999,,,,,261.3006,311.9931,324.4766,262.3752,185.8146,88.0325,,,,,,,,,,,,,,Vietnam,CO2
AIM/Hub-Vietnam 2.2,NDCUnc2030_-50pc2050,VNM,Emissions|CO2|Energy|Demand,Mt CO2/yr,,,,,,,83.2598,,,,,95.1969,,101.8537,,,,,111.1629,121.4034,119.9336,97.5285,67.5171,56.4687,,,,,,,,,,,,,,Vietnam,CO2
AIM/Hub-Vietnam 2.2,NDCUnc2030_-50pc2050,VNM,Emissions|CO2|Energy|Demand|AFOFI,Mt CO2/yr,,,,,,,2.1,,,,,2.6779,,2.563,,,,,2.4781,2.3796,1.8845,1.1403,0.5766,0.2598,,,,,,,,,,,,,,Vietnam,CO2
AIM/Hub-Vietnam 2.2,NDCUnc2030_-50pc2050,VNM,Emissions|CO2|Energy|Demand|Industry,Mt CO2/yr,,,,,,,39.929,,,,,49.782,,49.4713,,,,,52.0021,55.0901,50.3884,32.5855,14.1646,6.9125,,,,,,,,,,,,,,Vietnam,CO2
AIM/Hub-Vietnam 2.2,NDCUnc2030_-50pc2050,VNM,Emissions|CO2|Energy|Demand|Residential and Commercial|Commercial,Mt CO2/yr,,,,,,,3.4553,,,,,3.8322,,4.1104,,,,,4.718,5.4813,5.0442,2.9525,1.2435,0.4941,,,,,,,,,,,,,,Vietnam,CO2
AIM/Hub-Vietnam 2.2,NDCUnc2030_-50pc2050,VNM,Emissions|CO2|Energy|Demand|Residential and Commercial|Residential,Mt CO2/yr,,,,,,,7.1267,,,,,6.642,,5.7042,,,,,5.1656,4.8339,3.9241,3.0073,2.0396,1.2356,,,,,,,,,,,,,,Vietnam,CO2
AIM/Hub-Vietnam 2.2,NDCUnc2030_-50pc2050,VNM,Emissions|CO2|Energy|Demand|Transportation,Mt CO2/yr,,,,,,,30.649,,,,,32.2628,,40.0048,,,,,46.7991,53.6184,58.6924,57.8429,49.4927,47.5667,,,,,,,,,,,,,,Vietnam,CO2
AIM/Hub-Vietnam 2.2,NDCUnc2030_-50pc2050,VNM,Emissions|CO2|Energy|Supply,Mt CO2/yr,,,,,,,51.787,,,,,80.0595,,100.5765,,,,,126.5587,163.5514,178.8116,140.5834,97.0262,5.5863,,,,,,,,,,,,,,Vietnam,CO2
AIM/Hub-Vietnam 2.2,NDCUnc2030_-50pc2050,VNM,Emissions|CO2|Energy|Supply|Electricity,Mt CO2/yr,,,,,,,44.144,,,,,71.3338,,91.775,,,,,117.6293,154.4003,174.6669,137.4622,96.7596,8.4628,,,,,,,,,,,,,,Vietnam,CO2
AIM/Hub-Vietnam 2.2,NDCUnc2030_-50pc2050,VNM,Emissions|CO2|Industrial Processes,Mt CO2/yr,,,,,,,16.9861,,,,,18.125,,20.7698,,,,,23.579,27.0383,25.7314,24.2633,21.2713,25.9774,,,,,,,,,,,,,,Vietnam,CO2
AIM/Hub-Vietnam 2.2,NDCUnc2030_-50pc2050,VNM,Emissions|N2O|AFOLU,kt N2O/yr,,,,,,,70.1823,,,,,75.2303,,84.1774,,,,,93.9405,106.0743,76.5469,68.3318,69.3118,79.8451,,,,,,,,,,,,,,Vietnam,N2O
AIM/Hub-Vietnam 2.2,NDCUnc2030_-50pc2050,VNM,Emissions|N2O|AFOLU|Agriculture,kt N2O/yr,,,,,,,57.995,,,,,61.9348,,69.2639,,,,,77.3419,87.4914,63.3038,56.4173,56.9779,65.2591,,,,,,,,,,,,,,Vietnam,N2O
AIM/Hub-Vietnam 2.2,NDCUnc2030_-60pc2050,VNM,Carbon Sequestration|CCS|Biomass,Mt CO2/yr,,,,,,,0.0,,,,,0.0,,0.0,,,,,0.0,0.0,0.0,0.5956,13.0964,93.944,,,,,,,,,,,,,,Vietnam,
AIM/Hub-Vietnam 2.2,NDCUnc2030_-60pc2050,VNM,Carbon Sequestration|CCS|Biomass|Energy|Supply,Mt CO2/yr,,,,,,,0.0,,,,,0.0,,0.0,,,,,0.0,0.0,0.0,0.5956,13.0964,93.944,,,,,,,,,,,,,,Vietnam,
AIM/Hub-Vietnam 2.2,NDCUnc2030_-60pc2050,VNM,Carbon Sequestration|CCS|Biomass|Energy|Supply|Electricity,Mt CO2/yr,,,,,,,0.0,,,,,0.0,,0.0,,,,,0.0,0.0,0.0,0.1988,8.212,86.0883,,,,,,,,,,,,,,Vietnam,
AIM/Hub-Vietnam 2.2,NDCUnc2030_-60pc2050,VNM,Carbon Sequestration|CCS|Biomass|Energy|Supply|Liquids,Mt CO2/yr,,,,,,,0.0,,,,,0.0,,0.0,,,,,0.0,0.0,0.0,0.3968,4.8844,7.8557,,,,,,,,,,,,,,Vietnam,
AIM/Hub-Vietnam 2.2,NDCUnc2030_-60pc2050,VNM,Emissions|CH4|AFOLU,Mt CH4/yr,,,,,,,2.8598,,,,,3.027,,3.3103,,,,,3.5899,3.8849,2.694,2.0727,1.7236,1.6752,,,,,,,,,,,,,,Vietnam,CH4
AIM/Hub-Vietnam 2.2,NDCUnc2030_-60pc2050,VNM,Emissions|CH4|AFOLU|Agriculture,Mt CH4/yr,,,,,,,2.6417,,,,,2.8031,,3.0758,,,,,3.3439,3.6247,2.5329,1.9597,1.6351,1.5885,,,,,,,,,,,,,,Vietnam,CH4
AIM/Hub-Vietnam 2.2,NDCUnc2030_-60pc2050,VNM,Emissions|CH4|Energy|Demand|Industry,Mt CH4/yr,,,,,,,0.0039,,,,,0.0058,,0.0069,,,,,0.0081,0.0091,0.0092,0.0055,0.002,0.001,,,,,,,,,,,,,,Vietnam,CH4
AIM/Hub-Vietnam 2.2,NDCUnc2030_-60pc2050,VNM,Emissions|CH4|Energy|Demand|Transportation,Mt CH4/yr,,,,,,,0.0116,,,,,0.0122,,0.015,,,,,0.0174,0.0198,0.0215,0.0207,0.0165,0.0156,,,,,,,,,,,,,,Vietnam,CH4
AIM/Hub-Vietnam 2.2,NDCUnc2030_-60pc2050,VNM,Emissions|CH4|Energy|Supply,Mt CH4/yr,,,,,,,1.3607,,,,,1.6296,,1.7109,,,,,1.8235,1.9651,0.7264,0.44,0.3324,0.3438,,,,,,,,,,,,,,Vietnam,CH4
AIM/Hub-Vietnam 2.2,NDCUnc2030_-60pc2050,VNM,Emissions|CO2|AFOLU,Mt CO2/yr,,,,,,,34.194,,,,,40.3683,,48.4232,,,,,45.8352,45.3404,13.013,5.8671,-4.2872,-6.2721,,,,,,,,,,,,,,Vietnam,CO2
AIM/Hub-Vietnam 2.2,NDCUnc2030_-60pc2050,VNM,Emissions|CO2|Energy and Industrial Processes,Mt CO2/yr,,,,,,,152.0329,,,,,193.3815,,223.1999,,,,,261.3006,311.9931,319.3844,248.1442,163.7072,54.798,,,,,,,,,,,,,,Vietnam,CO2
AIM/Hub-Vietnam 2.2,NDCUnc2030_-60pc2050,VNM,Emissions|CO2|Energy|Demand,Mt CO2/yr,,,,,,,83.2598,,,,,95.1969,,101.8537,,,,,111.1629,121.4034,118.5119,92.6455,60.9472,53.4617,,,,,,,,,,,,,,Vietnam,CO2
AIM/Hub-Vietnam 2.2,NDCUnc2030_-60pc2050,VNM,Emissions|CO2|Energy|Demand|AFOFI,Mt CO2/yr,,,,,,,2.1,,,,,2.6779,,2.563,,,,,2.4781,2.3796,1.8378,1.0651,0.4643,0.2076,,,,,,,,,,,,,,Vietnam,CO2
AIM/Hub-Vietnam 2.2,NDCUnc2030_-60pc2050,VNM,Emissions|CO2|Energy|Demand|Industry,Mt CO2/yr,,,,,,,39.929,,,,,49.782,,49.4713,,,,,52.0021,55.0901,49.6784,29.2264,10.9526,5.4064,,,,,,,,,,,,,,Vietnam,CO2
AIM/Hub-Vietnam 2.2,NDCUnc2030_-60pc2050,VNM,Emissions|CO2|Energy|Demand|Residential and Commercial|Commercial,Mt CO2/yr,,,,,,,3.4553,,,,,3.8322,,4.1104,,,,,4.718,5.4813,4.8687,2.6547,0.9086,0.3767,,,,,,,,,,,,,,Vietnam,CO2
AIM/Hub-Vietnam 2.2,NDCUnc2030_-60pc2050,VNM,Emissions|CO2|Energy|Demand|Residential and Commercial|Residential,Mt CO2/yr,,,,,,,7.1267,,,,,6.642,,5.7042,,,,,5.1656,4.8339,3.8491,2.8812,1.7762,1.0762,,,,,,,,,,,,,,Vietnam,CO2
AIM/Hub-Vietnam 2.2,NDCUnc2030_-60pc2050,VNM,Emissions|CO2|Energy|Demand|Transportation,Mt CO2/yr,,,,,,,30.649,,,,,32.2628,,40.0048,,,,,46.7991,53.6184,58.2779,56.818,46.8454,46.3948,,,,,,,,,,,,,,Vietnam,CO2
AIM/Hub-Vietnam 2.2,NDCUnc2030_-60pc2050,VNM,Emissions|CO2|Energy|Supply,Mt CO2/yr,,,,,,,51.787,,,,,80.0595,,100.5765,,,,,126.5587,163.5514,175.4324,131.6962,82.9547,-24.4657,,,,,,,,,,,,,,Vietnam,CO2
AIM/Hub-Vietnam 2.2,NDCUnc2030_-60pc2050,VNM,Emissions|CO2|Energy|Supply|Electricity,Mt CO2/yr,,,,,,,44.144,,,,,71.3338,,91.775,,,,,117.6293,154.4003,171.4256,128.7335,83.2368,-21.1141,,,,,,,,,,,,,,Vietnam,CO2
AIM/Hub-Vietnam 2.2,NDCUnc2030_-60pc2050,VNM,Emissions|CO2|Industrial Processes,Mt CO2/yr,,,,,,,16.9861,,,,,18.125,,20.7698,,,,,23.579,27.0383,25.4401,23.8025,19.8053,25.802,,,,,,,,,,,,,,Vietnam,CO2
AIM/Hub-Vietnam 2.2,NDCUnc2030_-60pc2050,VNM,Emissions|N2O|AFOLU,kt N2O/yr,,,,,,,70.1823,,,,,75.2303,,84.1774,,,,,93.9405,106.0743,74.9123,66.7771,67.5238,79.7266,,,,,,,,,,,,,,Vietnam,N2O
AIM/Hub-Vietnam 2.2,NDCUnc2030_-60pc2050,VNM,Emissions|N2O|AFOLU|Agriculture,kt N2O/yr,,,,,,,57.995,,,,,61.9348,,69.2639,,,,,77.3419,87.4914,61.9513,55.1207,55.4979,65.1732,,,,,,,,,,,,,,Vietnam,N2O
AIM/Hub-Vietnam 2.2,NDCUnc2030_-70pc2050,VNM,Carbon Sequestration|CCS|Biomass,Mt CO2/yr,,,,,,,0.0,,,,,0.0,,0.0,,,,,0.0,0.0,0.0,0.76,19.2154,117.5032,,,,,,,,,,,,,,Vietnam,
AIM/Hub-Vietnam 2.2,NDCUnc2030_-70pc2050,VNM,Carbon Sequestration|CCS|Biomass|Energy|Supply,Mt CO2/yr,,,,,,,0.0,,,,,0.0,,0.0,,,,,0.0,0.0,0.0,0.76,19.2154,117.5032,,,,,,,,,,,,,,Vietnam,
AIM/Hub-Vietnam 2.2,NDCUnc2030_-70pc2050,VNM,Carbon Sequestration|CCS|Biomass|Energy|Supply|Electricity,Mt CO2/yr,,,,,,,0.0,,,,,0.0,,0.0,,,,,0.0,0.0,0.0,0.2572,14.1893,109.4851,,,,,,,,,,,,,,Vietnam,
AIM/Hub-Vietnam 2.2,NDCUnc2030_-70pc2050,VNM,Carbon Sequestration|CCS|Biomass|Energy|Supply|Liquids,Mt CO2/yr,,,,,,,0.0,,,,,0.0,,0.0,,,,,0.0,0.0,0.0,0.5028,5.0261,8.0181,,,,,,,,,,,,,,Vietnam,
AIM/Hub-Vietnam 2.2,NDCUnc2030_-70pc2050,VNM,Emissions|CH4|AFOLU,Mt CH4/yr,,,,,,,2.8598,,,,,3.027,,3.3103,,,,,3.5899,3.8849,2.6454,2.0112,1.6707,1.6611,,,,,,,,,,,,,,Vietnam,CH4
AIM/Hub-Vietnam 2.2,NDCUnc2030_-70pc2050,VNM,Emissions|CH4|AFOLU|Agriculture,Mt CH4/yr,,,,,,,2.6417,,,,,2.8031,,3.0758,,,,,3.3439,3.6247,2.4879,1.9022,1.5853,1.5749,,,,,,,,,,,,,,Vietnam,CH4
AIM/Hub-Vietnam 2.2,NDCUnc2030_-70pc2050,VNM,Emissions|CH4|Energy|Demand|Industry,Mt CH4/yr,,,,,,,0.0039,,,,,0.0058,,0.0069,,,,,0.0081,0.0091,0.009,0.0047,0.0015,0.0008,,,,,,,,,,,,,,Vietnam,CH4
AIM/Hub-Vietnam 2.2,NDCUnc2030_-70pc2050,VNM,Emissions|CH4|Energy|Demand|Transportation,Mt CH4/yr,,,,,,,0.0116,,,,,0.0122,,0.015,,,,,0.0174,0.0198,0.0213,0.0201,0.0154,0.0151,,,,,,,,,,,,,,Vietnam,CH4
AIM/Hub-Vietnam 2.2,NDCUnc2030_-70pc2050,VNM,Emissions|CH4|Energy|Supply,Mt CH4/yr,,,,,,,1.3607,,,,,1.6296,,1.7109,,,,,1.8235,1.9651,0.6927,0.4116,0.3069,0.3321,,,,,,,,,,,,,,Vietnam,CH4
AIM/Hub-Vietnam 2.2,NDCUnc2030_-70pc2050,VNM,Emissions|CO2|AFOLU,Mt CO2/yr,,,,,,,34.194,,,,,40.3683,,48.4232,,,,,45.8352,45.3404,12.8568,5.6023,-4.6525,-6.377,,,,,,,,,,,,,,Vietnam,CO2
AIM/Hub-Vietnam 2.2,NDCUnc2030_-70pc2050,VNM,Emissions|CO2|Energy and Industrial Processes,Mt CO2/yr,,,,,,,152.0329,,,,,193.3815,,223.1999,,,,,261.3006,311.9931,314.0985,234.9426,141.7393,22.0931,,,,,,,,,,,,,,Vietnam,CO2
AIM/Hub-Vietnam 2.2,NDCUnc2030_-70pc2050,VNM,Emissions|CO2|Energy|Demand,Mt CO2/yr,,,,,,,83.2598,,,,,95.1969,,101.8537,,,,,111.1629,121.4034,116.9772,86.3024,54.489,50.6261,,,,,,,,,,,,,,Vietnam,CO2
AIM/Hub-Vietnam 2.2,NDCUnc2030_-70pc2050,VNM,Emissions|CO2|Energy|Demand|AFOFI,Mt CO2/yr,,,,,,,2.1,,,,,2.6779,,2.563,,,,,2.4781,2.3796,1.7889,0.9686,0.357,0.1633,,,,,,,,,,,,,,Vietnam,CO2
AIM/Hub-Vietnam 2.2,NDCUnc2030_-70pc2050,VNM,Emissions|CO2|Energy|Demand|Industry,Mt CO2/yr,,,,,,,39.929,,,,,49.782,,49.4713,,,,,52.0021,55.0901,48.8965,25.3343,8.1864,4.1872,,,,,,,,,,,,,,Vietnam,CO2
AIM/Hub-Vietnam 2.2,NDCUnc2030_-70pc2050,VNM,Emissions|CO2|Energy|Demand|Residential and Commercial|Commercial,Mt CO2/yr,,,,,,,3.4553,,,,,3.8322,,4.1104,,,,,4.718,5.4813,4.6863,2.3047,0.6334,0.285,,,,,,,,,,,,,,Vietnam,CO2
AIM/Hub-Vietnam 2.2,NDCUnc2030_-70pc2050,VNM,Emissions|CO2|Energy|Demand|Residential and Commercial|Residential,Mt CO2/yr,,,,,,,7.1267,,,,,6.642,,5.7042,,,,,5.1656,4.8339,3.773,2.7315,1.5129,0.9348,,,,,,,,,,,,,,Vietnam,CO2
AIM/Hub-Vietnam 2.2,NDCUnc2030_-70pc2050,VNM,Emissions|CO2|Energy|Demand|Transportation,Mt CO2/yr,,,,,,,30.649,,,,,32.2628,,40.0048,,,,,46.7991,53.6184,57.8325,54.9635,43.7993,45.0557,,,,,,,,,,,,,,Vietnam,CO2
AIM/Hub-Vietnam 2.2,NDCUnc2030_-70pc2050,VNM,Emissions|CO2|Energy|Supply,Mt CO2/yr,,,,,,,51.787,,,,,80.0595,,100.5765,,,,,126.5587,163.5514,171.97,125.4633,68.5804,-52.4049,,,,,,,,,,,,,,Vietnam,CO2
AIM/Hub-Vietnam 2.2,NDCUnc2030_-70pc2050,VNM,Emissions|CO2|Energy|Supply|Electricity,Mt CO2/yr,,,,,,,44.144,,,,,71.3338,,91.775,,,,,117.6293,154.4003,168.0888,122.6649,69.1728,-48.7977,,,,,,,,,,,,,,Vietnam,CO2
AIM/Hub-Vietnam 2.2,NDCUnc2030_-70pc2050,VNM,Emissions|CO2|Industrial Processes,Mt CO2/yr,,,,,,,16.9861,,,,,18.125,,20.7698,,,,,23.579,27.0383,25.1514,23.1768,18.67,23.8719,,,,,,,,,,,,,,Vietnam,CO2
AIM/Hub-Vietnam 2.2,NDCUnc2030_-70pc2050,VNM,Emissions|N2O|AFOLU,kt N2O/yr,,,,,,,70.1823,,,,,75.2303,,84.1774,,,,,93.9405,106.0743,73.3449,64.6634,65.7769,79.5076,,,,,,,,,,,,,,Vietnam,N2O
AIM/Hub-Vietnam 2.2,NDCUnc2030_-70pc2050,VNM,Emissions|N2O|AFOLU|Agriculture,kt N2O/yr,,,,,,,57.995,,,,,61.9348,,69.2639,,,,,77.3419,87.4914,60.6527,53.3587,54.0533,65.0041,,,,,,,,,,,,,,Vietnam,N2O
AIM/Hub-Vietnam 2.2,NDCUnc2030_-80pc2050,VNM,Carbon Sequestration|CCS|Biomass,Mt CO2/yr,,,,,,,0.0,,,,,0.0,,0.0,,,,,0.0,0.0,0.0,1.1125,31.4617,146.8846,,,,,,,,,,,,,,Vietnam,
AIM/Hub-Vietnam 2.2,NDCUnc2030_-80pc2050,VNM,Carbon Sequestration|CCS|Biomass|Energy|Supply,Mt CO2/yr,,,,,,,0.0,,,,,0.0,,0.0,,,,,0.0,0.0,0.0,1.1125,31.4617,146.8846,,,,,,,,,,,,,,Vietnam,
AIM/Hub-Vietnam 2.2,NDCUnc2030_-80pc2050,VNM,Carbon Sequestration|CCS|Biomass|Energy|Supply|Electricity,Mt CO2/yr,,,,,,,0.0,,,,,0.0,,0.0,,,,,0.0,0.0,0.0,0.3777,25.9824,138.4205,,,,,,,,,,,,,,Vietnam,
AIM/Hub-Vietnam 2.2,NDCUnc2030_-80pc2050,VNM,Carbon Sequestration|CCS|Biomass|Energy|Supply|Liquids,Mt CO2/yr,,,,,,,0.0,,,,,0.0,,0.0,,,,,0.0,0.0,0.0,0.7348,5.4792,8.4641,,,,,,,,,,,,,,Vietnam,
AIM/Hub-Vietnam 2.2,NDCUnc2030_-80pc2050,VNM,Emissions|CH4|AFOLU,Mt CH4/yr,,,,,,,2.8598,,,,,3.027,,3.3103,,,,,3.5899,3.8849,2.5992,1.9631,1.6457,1.6591,,,,,,,,,,,,,,Vietnam,CH4
AIM/Hub-Vietnam 2.2,NDCUnc2030_-80pc2050,VNM,Emissions|CH4|AFOLU|Agriculture,Mt CH4/yr,,,,,,,2.6417,,,,,2.8031,,3.0758,,,,,3.3439,3.6247,2.4451,1.8572,1.5617,1.5726,,,,,,,,,,,,,,Vietnam,CH4
AIM/Hub-Vietnam 2.2,NDCUnc2030_-80pc2050,VNM,Emissions|CH4|Energy|Demand|Industry,Mt CH4/yr,,,,,,,0.0039,,,,,0.0058,,0.0069,,,,,0.0081,0.0091,0.0089,0.0041,0.0011,0.0007,,,,,,,,,,,,,,Vietnam,CH4
AIM/Hub-Vietnam 2.2,NDCUnc2030_-80pc2050,VNM,Emissions|CH4|Energy|Demand|Transportation,Mt CH4/yr,,,,,,,0.0116,,,,,0.0122,,0.015,,,,,0.0174,0.0198,0.0211,0.0196,0.0148,0.0149,,,,,,,,,,,,,,Vietnam,CH4
AIM/Hub-Vietnam 2.2,NDCUnc2030_-80pc2050,VNM,Emissions|CH4|Energy|Supply,Mt CH4/yr,,,,,,,1.3607,,,,,1.6296,,1.7109,,,,,1.8235,1.9651,0.6618,0.3894,0.293,0.327,,,,,,,,,,,,,,Vietnam,CH4
AIM/Hub-Vietnam 2.2,NDCUnc2030_-80pc2050,VNM,Emissions|CO2|AFOLU,Mt CO2/yr,,,,,,,34.194,,,,,40.3683,,48.4232,,,,,45.8352,45.3404,12.7109,5.3651,-4.9746,-6.6095,,,,,,,,,,,,,,Vietnam,CO2
AIM/Hub-Vietnam 2.2,NDCUnc2030_-80pc2050,VNM,Emissions|CO2|Energy and Industrial Processes,Mt CO2/yr,,,,,,,152.0329,,,,,193.3815,,223.1999,,,,,261.3006,311.9931,308.6172,220.9806,118.2046,-11.2156,,,,,,,,,,,,,,Vietnam,CO2
AIM/Hub-Vietnam 2.2,NDCUnc2030_-80pc2050,VNM,Emissions|CO2|Energy|Demand,Mt CO2/yr,,,,,,,83.2598,,,,,95.1969,,101.8537,,,,,111.1629,121.4034,115.3453,81.53,50.2822,49.2719,,,,,,,,,,,,,,Vietnam,CO2
AIM/Hub-Vietnam 2.2,NDCUnc2030_-80pc2050,VNM,Emissions|CO2|Energy|Demand|AFOFI,Mt CO2/yr,,,,,,,2.1,,,,,2.6779,,2.563,,,,,2.4781,2.3796,1.7388,0.8953,0.2776,0.137,,,,,,,,,,,,,,Vietnam,CO2
AIM/Hub-Vietnam 2.2,NDCUnc2030_-80pc2050,VNM,Emissions|CO2|Energy|Demand|Industry,Mt CO2/yr,,,,,,,39.929,,,,,49.782,,49.4713,,,,,52.0021,55.0901,48.0372,22.2905,6.2281,3.5106,,,,,,,,,,,,,,Vietnam,CO2
AIM/Hub-Vietnam 2.2,NDCUnc2030_-80pc2050,VNM,Emissions|CO2|Energy|Demand|Residential and Commercial|Commercial,Mt CO2/yr,,,,,,,3.4553,,,,,3.8322,,4.1104,,,,,4.718,5.4813,4.5024,2.0507,0.4564,0.2333,,,,,,,,,,,,,,Vietnam,CO2
AIM/Hub-Vietnam 2.2,NDCUnc2030_-80pc2050,VNM,Emissions|CO2|Energy|Demand|Residential and Commercial|Residential,Mt CO2/yr,,,,,,,7.1267,,,,,6.642,,5.7042,,,,,5.1656,4.8339,3.6975,2.6213,1.289,0.841,,,,,,,,,,,,,,Vietnam,CO2
AIM/Hub-Vietnam 2.2,NDCUnc2030_-80pc2050,VNM,Emissions|CO2|Energy|Demand|Transportation,Mt CO2/yr,,,,,,,30.649,,,,,32.2628,,40.0048,,,,,46.7991,53.6184,57.3695,53.6723,42.0311,44.55,,,,,,,,,,,,,,Vietnam,CO2
AIM/Hub-Vietnam 2.2,NDCUnc2030_-80pc2050,VNM,Emissions|CO2|Energy|Supply,Mt CO2/yr,,,,,,,51.787,,,,,80.0595,,100.5765,,,,,126.5587,163.5514,168.405999999999,118.0214,49.9072,-84.8891,,,,,,,,,,,,,,Vietnam,CO2
AIM/Hub-Vietnam 2.2,NDCUnc2030_-80pc2050,VNM,Emissions|CO2|Energy|Supply|Electricity,Mt CO2/yr,,,,,,,44.144,,,,,71.3338,,91.775,,,,,117.6293,154.4003,164.6385,115.4579,51.0593,-80.7676,,,,,,,,,,,,,,Vietnam,CO2
AIM/Hub-Vietnam 2.2,NDCUnc2030_-80pc2050,VNM,Emissions|CO2|Industrial Processes,Mt CO2/yr,,,,,,,16.9861,,,,,18.125,,20.7698,,,,,23.579,27.0383,24.8658,21.4292,18.0152,24.4016,,,,,,,,,,,,,,Vietnam,CO2
AIM/Hub-Vietnam 2.2,NDCUnc2030_-80pc2050,VNM,Emissions|N2O|AFOLU,kt N2O/yr,,,,,,,70.1823,,,,,75.2303,,84.1774,,,,,93.9405,106.0743,71.8489999999999,62.9467,65.0945,79.7348,,,,,,,,,,,,,,Vietnam,N2O
AIM/Hub-Vietnam 2.2,NDCUnc2030_-80pc2050,VNM,Emissions|N2O|AFOLU|Agriculture,kt N2O/yr,,,,,,,57.995,,,,,61.9348,,69.2639,,,,,77.3419,87.4914,59.4111,51.9191,53.4927,65.2009,,,,,,,,,,,,,,Vietnam,N2O
AIM/Hub-Vietnam 2.2,NDCUnc2030_-90pc2050,VNM,Carbon Sequestration|CCS|Biomass,Mt CO2/yr,,,,,,,0.0,,,,,0.0,,0.0,,,,,0.0,0.0,0.0,1.3685,43.7041,171.6364,,,,,,,,,,,,,,Vietnam,
AIM/Hub-Vietnam 2.2,NDCUnc2030_-90pc2050,VNM,Carbon Sequestration|CCS|Biomass|Energy|Supply,Mt CO2/yr,,,,,,,0.0,,,,,0.0,,0.0,,,,,0.0,0.0,0.0,1.3685,43.7041,171.6364,,,,,,,,,,,,,,Vietnam,
AIM/Hub-Vietnam 2.2,NDCUnc2030_-90pc2050,VNM,Carbon Sequestration|CCS|Biomass|Energy|Supply|Electricity,Mt CO2/yr,,,,,,,0.0,,,,,0.0,,0.0,,,,,0.0,0.0,0.0,0.4721,38.1224,163.0934,,,,,,,,,,,,,,Vietnam,
AIM/Hub-Vietnam 2.2,NDCUnc2030_-90pc2050,VNM,Carbon Sequestration|CCS|Biomass|Energy|Supply|Liquids,Mt CO2/yr,,,,,,,0.0,,,,,0.0,,0.0,,,,,0.0,0.0,0.0,0.8963,5.5816,8.543,,,,,,,,,,,,,,Vietnam,
AIM/Hub-Vietnam 2.2,NDCUnc2030_-90pc2050,VNM,Emissions|CH4|AFOLU,Mt CH4/yr,,,,,,,2.8598,,,,,3.027,,3.3103,,,,,3.5899,3.8849,2.5547,1.9104,1.6264,1.6501,,,,,,,,,,,,,,Vietnam,CH4
AIM/Hub-Vietnam 2.2,NDCUnc2030_-90pc2050,VNM,Emissions|CH4|AFOLU|Agriculture,Mt CH4/yr,,,,,,,2.6417,,,,,2.8031,,3.0758,,,,,3.3439,3.6247,2.4038,1.8078,1.5433,1.5638,,,,,,,,,,,,,,Vietnam,CH4
AIM/Hub-Vietnam 2.2,NDCUnc2030_-90pc2050,VNM,Emissions|CH4|Energy|Demand|Industry,Mt CH4/yr,,,,,,,0.0039,,,,,0.0058,,0.0069,,,,,0.0081,0.0091,0.0087,0.0035,0.0008,0.0005,,,,,,,,,,,,,,Vietnam,CH4
AIM/Hub-Vietnam 2.2,NDCUnc2030_-90pc2050,VNM,Emissions|CH4|Energy|Demand|Transportation,Mt CH4/yr,,,,,,,0.0116,,,,,0.0122,,0.015,,,,,0.0174,0.0198,0.021,0.0188,0.0141,0.0145,,,,,,,,,,,,,,Vietnam,CH4
AIM/Hub-Vietnam 2.2,NDCUnc2030_-90pc2050,VNM,Emissions|CH4|Energy|Supply,Mt CH4/yr,,,,,,,1.3607,,,,,1.6296,,1.7109,,,,,1.8235,1.9651,0.6335,0.3672,0.28,0.3171,,,,,,,,,,,,,,Vietnam,CH4
AIM/Hub-Vietnam 2.2,NDCUnc2030_-90pc2050,VNM,Emissions|CO2|AFOLU,Mt CO2/yr,,,,,,,34.194,,,,,40.3683,,48.4232,,,,,45.8352,45.3404,12.5744,5.1077,-5.3035,-6.9561,,,,,,,,,,,,,,Vietnam,CO2
AIM/Hub-Vietnam 2.2,NDCUnc2030_-90pc2050,VNM,Emissions|CO2|Energy and Industrial Processes,Mt CO2/yr,,,,,,,152.0329,,,,,193.3815,,223.1999,,,,,261.3006,311.9931,302.9771,207.1673,94.4022,-43.9862,,,,,,,,,,,,,,Vietnam,CO2
AIM/Hub-Vietnam 2.2,NDCUnc2030_-90pc2050,VNM,Emissions|CO2|Energy|Demand,Mt CO2/yr,,,,,,,83.2598,,,,,95.1969,,101.8537,,,,,111.1629,121.4034,113.5579,76.0077,46.393,47.1328,,,,,,,,,,,,,,Vietnam,CO2
AIM/Hub-Vietnam 2.2,NDCUnc2030_-90pc2050,VNM,Emissions|CO2|Energy|Demand|AFOFI,Mt CO2/yr,,,,,,,2.1,,,,,2.6779,,2.563,,,,,2.4781,2.3796,1.6872,0.8054,0.2058,0.1072,,,,,,,,,,,,,,Vietnam,CO2
AIM/Hub-Vietnam 2.2,NDCUnc2030_-90pc2050,VNM,Emissions|CO2|Energy|Demand|Industry,Mt CO2/yr,,,,,,,39.929,,,,,49.782,,49.4713,,,,,52.0021,55.0901,47.0495,19.33,4.5285,2.737,,,,,,,,,,,,,,Vietnam,CO2
AIM/Hub-Vietnam 2.2,NDCUnc2030_-90pc2050,VNM,Emissions|CO2|Energy|Demand|Residential and Commercial|Commercial,Mt CO2/yr,,,,,,,3.4553,,,,,3.8322,,4.1104,,,,,4.718,5.4813,4.3146,1.7454,0.3169,0.1778,,,,,,,,,,,,,,Vietnam,CO2
AIM/Hub-Vietnam 2.2,NDCUnc2030_-90pc2050,VNM,Emissions|CO2|Energy|Demand|Residential and Commercial|Residential,Mt CO2/yr,,,,,,,7.1267,,,,,6.642,,5.7042,,,,,5.1656,4.8339,3.6214,2.4599,1.0732,0.7311,,,,,,,,,,,,,,Vietnam,CO2
AIM/Hub-Vietnam 2.2,NDCUnc2030_-90pc2050,VNM,Emissions|CO2|Energy|Demand|Transportation,Mt CO2/yr,,,,,,,30.649,,,,,32.2628,,40.0048,,,,,46.7991,53.6184,56.8851,51.667,40.2686,43.3797,,,,,,,,,,,,,,Vietnam,CO2
AIM/Hub-Vietnam 2.2,NDCUnc2030_-90pc2050,VNM,Emissions|CO2|Energy|Supply,Mt CO2/yr,,,,,,,51.787,,,,,80.0595,,100.5765,,,,,126.5587,163.5514,164.8405,110.7367,30.3539,-115.1245,,,,,,,,,,,,,,Vietnam,CO2
AIM/Hub-Vietnam 2.2,NDCUnc2030_-90pc2050,VNM,Emissions|CO2|Energy|Supply|Electricity,Mt CO2/yr,,,,,,,44.144,,,,,71.3338,,91.775,,,,,117.6293,154.4003,161.176,108.3473,31.7082,-110.8273,,,,,,,,,,,,,,Vietnam,CO2
AIM/Hub-Vietnam 2.2,NDCUnc2030_-90pc2050,VNM,Emissions|CO2|Industrial Processes,Mt CO2/yr,,,,,,,16.9861,,,,,18.125,,20.7698,,,,,23.579,27.0383,24.5787,20.4229,17.6553,24.0055,,,,,,,,,,,,,,Vietnam,CO2
AIM/Hub-Vietnam 2.2,NDCUnc2030_-90pc2050,VNM,Emissions|N2O|AFOLU,kt N2O/yr,,,,,,,70.1823,,,,,75.2303,,84.1774,,,,,93.9405,106.0743,70.4042,61.2401,64.6814,79.7591,,,,,,,,,,,,,,Vietnam,N2O
AIM/Hub-Vietnam 2.2,NDCUnc2030_-90pc2050,VNM,Emissions|N2O|AFOLU|Agriculture,kt N2O/yr,,,,,,,57.995,,,,,61.9348,,69.2639,,,,,77.3419,87.4914,58.21,50.4967,53.1588,65.2322,,,,,,,,,,,,,,Vietnam,N2O
AIM/Hub-Vietnam 2.2,NPi,VNM,Emissions|CH4|AFOLU,Mt CH4/yr,,,,,,,2.8599,,,,,3.0269,,3.3136,,,,,3.5934,3.8887,4.1981,4.5028,4.8375,5.199,,,,,,,,,,,,,,Vietnam,CH4
AIM/Hub-Vietnam 2.2,NPi,VNM,Emissions|CH4|AFOLU|Agriculture,Mt CH4/yr,,,,,,,2.6418,,,,,2.803,,3.0788,,,,,3.3473,3.6284,3.9203,4.2077,4.523,4.8632,,,,,,,,,,,,,,Vietnam,CH4
AIM/Hub-Vietnam 2.2,NPi,VNM,Emissions|CH4|Energy|Demand|Industry,Mt CH4/yr,,,,,,,0.0039,,,,,0.0058,,0.0069,,,,,0.0081,0.0091,0.0095,0.0099,0.0105,0.0112,,,,,,,,,,,,,,Vietnam,CH4
AIM/Hub-Vietnam 2.2,NPi,VNM,Emissions|CH4|Energy|Demand|Transportation,Mt CH4/yr,,,,,,,0.0116,,,,,0.0122,,0.015,,,,,0.0174,0.0198,0.022,0.0237,0.0251,0.0254,,,,,,,,,,,,,,Vietnam,CH4
AIM/Hub-Vietnam 2.2,NPi,VNM,Emissions|CH4|Energy|Supply,Mt CH4/yr,,,,,,,1.3614,,,,,1.6296,,1.7126,,,,,1.8253,1.9671,2.1239,2.2628,2.3855,2.4876,,,,,,,,,,,,,,Vietnam,CH4
AIM/Hub-Vietnam 2.2,NPi,VNM,Emissions|CO2|AFOLU,Mt CO2/yr,,,,,,,34.621,,,,,40.4296,,48.4538,,,,,45.8655,45.3706,45.6836,40.1105,37.2787,33.6302,,,,,,,,,,,,,,Vietnam,CO2
AIM/Hub-Vietnam 2.2,NPi,VNM,Emissions|CO2|Energy and Industrial Processes,Mt CO2/yr,,,,,,,152.034,,,,,193.3745,,223.2289,,,,,261.3226,312.0141,375.794,440.9274,508.3106,573.6336,,,,,,,,,,,,,,Vietnam,CO2
AIM/Hub-Vietnam 2.2,NPi,VNM,Emissions|CO2|Energy|Demand,Mt CO2/yr,,,,,,,83.2963,,,,,95.1931,,101.8523,,,,,111.1584,121.3979,129.461,136.3381,144.1952,150.4724,,,,,,,,,,,,,,Vietnam,CO2
AIM/Hub-Vietnam 2.2,NPi,VNM,Emissions|CO2|Energy|Demand|AFOFI,Mt CO2/yr,,,,,,,2.1007,,,,,2.6778,,2.563,,,,,2.478,2.3795,2.2788,2.2583,2.2478,2.214,,,,,,,,,,,,,,Vietnam,CO2
AIM/Hub-Vietnam 2.2,NPi,VNM,Emissions|CO2|Energy|Demand|Industry,Mt CO2/yr,,,,,,,39.9366,,,,,49.7794,,49.4702,,,,,51.9994,55.0866,55.9301,56.5961,58.429,60.7258,,,,,,,,,,,,,,Vietnam,CO2
AIM/Hub-Vietnam 2.2,NPi,VNM,Emissions|CO2|Energy|Demand|Residential and Commercial|Commercial,Mt CO2/yr,,,,,,,3.4594,,,,,3.8318,,4.1103,,,,,4.7175,5.4807,6.3492,7.2866,8.3805,9.4682,,,,,,,,,,,,,,Vietnam,CO2
AIM/Hub-Vietnam 2.2,NPi,VNM,Emissions|CO2|Energy|Demand|Residential and Commercial|Residential,Mt CO2/yr,,,,,,,7.132,,,,,6.6417,,5.7041,,,,,5.1653,4.8336,4.6224,4.5573,4.5908,4.6419,,,,,,,,,,,,,,Vietnam,CO2
AIM/Hub-Vietnam 2.2,NPi,VNM,Emissions|CO2|Energy|Demand|Transportation,Mt CO2/yr,,,,,,,30.6676,,,,,32.2623,,40.0047,,,,,46.7983,53.6175,60.2806,65.6397,70.547,73.4224,,,,,,,,,,,,,,Vietnam,CO2
AIM/Hub-Vietnam 2.2,NPi,VNM,Emissions|CO2|Energy|Supply,Mt CO2/yr,,,,,,,51.7528,,,,,80.0567,,100.5861,,,,,126.5617,163.5509,215.1679,269.8352,325.4961,380.3223,,,,,,,,,,,,,,Vietnam,CO2
AIM/Hub-Vietnam 2.2,NPi,VNM,Emissions|CO2|Energy|Supply|Electricity,Mt CO2/yr,,,,,,,44.1337,,,,,71.331,,91.7778,,,,,117.6251,154.3921,205.8035,260.1816,315.433,369.6197,,,,,,,,,,,,,,Vietnam,CO2
AIM/Hub-Vietnam 2.2,NPi,VNM,Emissions|CO2|Industrial Processes,Mt CO2/yr,,,,,,,16.9849,,,,,18.1247,,20.7905,,,,,23.6025,27.0653,31.165,34.7541,38.6193,42.839,,,,,,,,,,,,,,Vietnam,CO2
AIM/Hub-Vietnam 2.2,NPi,VNM,Emissions|N2O|AFOLU,kt N2O/yr,,,,,,,70.1784,,,,,75.2296,,84.2615,,,,,94.0343,106.1803,120.8701,135.4931,151.6068,169.4401,,,,,,,,,,,,,,Vietnam,N2O
AIM/Hub-Vietnam 2.2,NPi,VNM,Emissions|N2O|AFOLU|Agriculture,kt N2O/yr,,,,,,,57.9908,,,,,61.9342,,69.3332,,,,,77.4192,87.5789,99.9373,112.2394,125.7599,140.6722,,,,,,,,,,,,,,Vietnam,N2O
AIM/Transport-National 1.0,APS_strong,VNM,Emissions|CO2|Energy|Demand|Transportation,Mt CO2/yr,,,,19.539294944,,,23.407664296,,,,,29.573769618,,37.745175908,,,,,45.296424398,52.869094331,59.255037345,64.534315133,68.365520494,69.412538312,,,,,,,,,,,,,,Vietnam,CO2
AIM/Transport-National 1.0,APS_strong,VNM,Emissions|CO2|Energy|Demand|Transportation|Aviation,Mt CO2/yr,,,,2.134602824,,,2.434400589,,,,,2.930349446,,3.627394556,,,,,4.430918753,5.287918088,6.129742688,6.992202362,7.879506151,8.749019907,,,,,,,,,,,,,,Vietnam,CO2
AIM/Transport-National 1.0,APS_strong,VNM,Emissions|CO2|Energy|Demand|Transportation|Aviation|Freight,Mt CO2/yr,,,,0.313217111,,,0.37568018,,,,,0.473388815,,0.606558247,,,,,0.743778654,0.904264867,1.066737405,1.23795547,1.416874684,1.593938892,,,,,,,,,,,,,,Vietnam,CO2
AIM/Transport-National 1.0,APS_strong,VNM,Emissions|CO2|Energy|Demand|Transportation|Aviation|Passenger,Mt CO2/yr,,,,1.821385713,,,2.058720409,,,,,2.456960631,,3.020836309,,,,,3.687140099,4.383653221,5.063005283,5.754246892,6.462631468,7.155081015,,,,,,,,,,,,,,Vietnam,CO2
AIM/Transport-National 1.0,APS_strong,VNM,Emissions|CO2|Energy|Demand|Transportation|Freight,Mt CO2/yr,,,,10.640966278,,,12.587595835,,,,,16.049672535,,20.631466357,,,,,24.409957019,28.282723821,31.399901109,33.818989574,35.35580763,35.277675213,,,,,,,,,,,,,,Vietnam,CO2
AIM/Transport-National 1.0,APS_strong,VNM,Emissions|CO2|Energy|Demand|Transportation|Passenger,Mt CO2/yr,,,,8.898328667,,,10.820068461,,,,,13.524097083,,17.113709551,,,,,20.886467379,24.58637051,27.855136235,30.715325558,33.009712864,34.134863099,,,,,,,,,,,,,,Vietnam,CO2
AIM/Transport-National 1.0,APS_strong,VNM,Emissions|CO2|Energy|Demand|Transportation|Rail,Mt CO2/yr,,,,0.167375738,,,0.166210359,,,,,0.18132613,,0.208581389,,,,,0.235601975,0.271036463,0.309426036,0.349621495,0.391131261,0.432899125,,,,,,,,,,,,,,Vietnam,CO2
AIM/Transport-National 1.0,APS_strong,VNM,Emissions|CO2|Energy|Demand|Transportation|Rail|Freight,Mt CO2/yr,,,,0.085665644,,,0.089459535,,,,,0.100646251,,0.118314927,,,,,0.133786925,0.151351726,0.168766953,0.18647035,0.205203363,0.225113036,,,,,,,,,,,,,,Vietnam,CO2
AIM/Transport-National 1.0,APS_strong,VNM,Emissions|CO2|Energy|Demand|Transportation|Rail|Passenger,Mt CO2/yr,,,,0.081710094,,,0.076750823,,,,,0.080679879,,0.090266462,,,,,0.101815051,0.119684737,0.140659084,0.163151146,0.185927897,0.207786089,,,,,,,,,,,,,,Vietnam,CO2
AIM/Transport-National 1.0,APS_strong,VNM,Emissions|CO2|Energy|Demand|Transportation|Road,Mt CO2/yr,,,,17.237316382,,,20.807053349,,,,,26.462094042,,33.909199964,,,,,40.62990367,47.31013978,52.81586862,57.192491276,60.094883082,60.23061928,,,,,,,,,,,,,,Vietnam,CO2
AIM/Transport-National 1.0,APS_strong,VNM,Emissions|CO2|Energy|Demand|Transportation|Road|Freight,Mt CO2/yr,,,,10.242083522,,,12.12245612,,,,,15.475637469,,19.906593183,,,,,23.53239144,27.227107228,30.164396752,32.394563755,33.733729583,33.458623285,,,,,,,,,,,,,,Vietnam,CO2
AIM/Transport-National 1.0,APS_strong,VNM,Emissions|CO2|Energy|Demand|Transportation|Road|Passenger,Mt CO2/yr,,,,6.99523286,,,8.684597229,,,,,10.986456574,,14.002606781,,,,,17.09751223,20.083032551,22.651471868,24.797927521,26.361153499,26.771995995,,,,,,,,,,,,,,Vietnam,CO2
AIM/Transport-National 1.0,APS_strong,VNM,Emissions|CO2|Energy|Demand|Transportation|Road|Passenger|2W&3W,Mt CO2/yr,,,,4.601849097,,,5.547443548,,,,,6.463609448,,7.554174682,,,,,8.353663667,8.859247447,9.011932874,8.855432288,8.334727257,7.358647017,,,,,,,,,,,,,,Vietnam,CO2
AIM/Transport-National 1.0,APS_strong,VNM,Emissions|CO2|Energy|Demand|Transportation|Road|Passenger|Bus,Mt CO2/yr,,,,1.654438616,,,1.82703274,,,,,2.167030316,,2.55331991,,,,,2.844457544,2.982348125,2.954466756,2.808427351,2.568559528,2.223936177,,,,,,,,,,,,,,Vietnam,CO2
AIM/Transport-National 1.0,APS_strong,VNM,Emissions|CO2|Energy|Demand|Transportation|Road|Passenger|LDV,Mt CO2/yr,,,,0.738945146,,,1.310120941,,,,,2.35581681,,3.895112188,,,,,5.899391019,8.24143698,10.685072238,13.134067882,15.457866713,17.1894128,,,,,,,,,,,,,,Vietnam,CO2
AIM/Transport-National 1.0,Advanced_tech_high,VNM,Emissions|CO2|Energy|Demand|Transportation,Mt CO2/yr,,,,19.539294944,,,23.405028979,,,,,29.563481393,,37.709908521,,,,,45.178348512,52.506581896,58.251303562,62.235181603,64.186080655,63.320984309,,,,,,,,,,,,,,Vietnam,CO2
AIM/Transport-National 1.0,Advanced_tech_high,VNM,Emissions|CO2|Energy|Demand|Transportation|Aviation,Mt CO2/yr,,,,2.134602824,,,2.434476981,,,,,2.930642442,,3.628363341,,,,,4.43388197,5.296459293,6.151433177,7.039214735,7.964637988,8.879896503,,,,,,,,,,,,,,Vietnam,CO2
AIM/Transport-National 1.0,Advanced_tech_high,VNM,Emissions|CO2|Energy|Demand|Transportation|Aviation|Freight,Mt CO2/yr,,,,0.313217111,,,0.37568018,,,,,0.473388815,,0.606558247,,,,,0.743778654,0.904264867,1.066737405,1.23795547,1.416874684,1.593938892,,,,,,,,,,,,,,Vietnam,CO2
AIM/Transport-National 1.0,Advanced_tech_high,VNM,Emissions|CO2|Energy|Demand|Transportation|Aviation|Passenger,Mt CO2/yr,,,,1.821385713,,,2.058796801,,,,,2.457253627,,3.021805094,,,,,3.690103316,4.392194426,5.084695772,5.801259265,6.547763305,7.285957612,,,,,,,,,,,,,,Vietnam,CO2
AIM/Transport-National 1.0,Advanced_tech_high,VNM,Emissions|CO2|Energy|Demand|Transportation|Freight,Mt CO2/yr,,,,10.640966278,,,12.587595835,,,,,16.049672535,,20.631466357,,,,,24.409957019,28.282723821,31.399901109,33.818989574,35.35580763,35.277675213,,,,,,,,,,,,,,Vietnam,CO2
AIM/Transport-National 1.0,Advanced_tech_high,VNM,Emissions|CO2|Energy|Demand|Transportation|Passenger,Mt CO2/yr,,,,8.898328667,,,10.817433144,,,,,13.513808858,,17.078442164,,,,,20.768391493,24.223858074,26.851402452,28.416192028,28.830273025,28.043309096,,,,,,,,,,,,,,Vietnam,CO2
AIM/Transport-National 1.0,Advanced_tech_high,VNM,Emissions|CO2|Energy|Demand|Transportation|Rail,Mt CO2/yr,,,,0.167375738,,,0.165638743,,,,,0.179169989,,0.202452615,,,,,0.221107983,0.240786111,0.255416184,0.26595296,0.275618568,0.286643412,,,,,,,,,,,,,,Vietnam,CO2
AIM/Transport-National 1.0,Advanced_tech_high,VNM,Emissions|CO2|Energy|Demand|Transportation|Rail|Freight,Mt CO2/yr,,,,0.085665644,,,0.089459535,,,,,0.100646251,,0.118314927,,,,,0.133786925,0.151351726,0.168766953,0.18647035,0.205203363,0.225113036,,,,,,,,,,,,,,Vietnam,CO2
AIM/Transport-National 1.0,Advanced_tech_high,VNM,Emissions|CO2|Energy|Demand|Transportation|Rail|Passenger,Mt CO2/yr,,,,0.081710094,,,0.076179208,,,,,0.078523738,,0.084137688,,,,,0.087321058,0.089434385,0.086649231,0.079482611,0.070415204,0.061530376,,,,,,,,,,,,,,Vietnam,CO2
AIM/Transport-National 1.0,Advanced_tech_high,VNM,Emissions|CO2|Energy|Demand|Transportation|Road,Mt CO2/yr,,,,17.237316382,,,20.804913254,,,,,26.453668961,,33.879092565,,,,,40.523358559,46.969336492,51.844454201,54.930013908,55.945824099,54.154444394,,,,,,,,,,,,,,Vietnam,CO2
AIM/Transport-National 1.0,Advanced_tech_high,VNM,Emissions|CO2|Energy|Demand|Transportation|Road|Freight,Mt CO2/yr,,,,10.242083522,,,12.12245612,,,,,15.475637469,,19.906593183,,,,,23.53239144,27.227107228,30.164396752,32.394563755,33.733729583,33.458623285,,,,,,,,,,,,,,Vietnam,CO2
AIM/Transport-National 1.0,Advanced_tech_high,VNM,Emissions|CO2|Energy|Demand|Transportation|Road|Passenger,Mt CO2/yr,,,,6.99523286,,,8.682457135,,,,,10.978031492,,13.972499382,,,,,16.990967119,19.742229263,21.680057449,22.535450153,22.212094516,20.695821108,,,,,,,,,,,,,,Vietnam,CO2
AIM/Transport-National 1.0,Advanced_tech_high,VNM,Emissions|CO2|Energy|Demand|Transportation|Road|Passenger|2W&3W,Mt CO2/yr,,,,4.601849097,,,5.547870347,,,,,6.465001574,,7.558183428,,,,,8.364005964,8.883946059,9.063333004,8.945039779,8.462366201,7.507493206,,,,,,,,,,,,,,Vietnam,CO2
AIM/Transport-National 1.0,Advanced_tech_high,VNM,Emissions|CO2|Energy|Demand|Transportation|Road|Passenger|Bus,Mt CO2/yr,,,,1.654438616,,,1.827140562,,,,,2.167416479,,2.554454729,,,,,2.84739594,2.989325507,2.968832368,2.833514581,2.60487304,2.267276026,,,,,,,,,,,,,,Vietnam,CO2
AIM/Transport-National 1.0,Advanced_tech_high,VNM,Emissions|CO2|Energy|Demand|Transportation|Road|Passenger|LDV,Mt CO2/yr,,,,0.738945146,,,1.307446226,,,,,2.345613439,,3.859861225,,,,,5.779565215,7.868957698,9.647892077,10.756895792,11.144855274,10.921051877,,,,,,,,,,,,,,Vietnam,CO2
AIM/Transport-National 1.0,Baseline,VNM,Emissions|CO2|Energy|Demand|Transportation,Mt CO2/yr,,,,19.539294944,,,23.407664296,,,,,29.573769618,,37.745175908,,,,,45.296424398,52.869094331,59.255037345,64.534315133,68.365520494,69.412538312,,,,,,,,,,,,,,Vietnam,CO2
AIM/Transport-National 1.0,Baseline,VNM,Emissions|CO2|Energy|Demand|Transportation|Aviation,Mt CO2/yr,,,,2.134602824,,,2.434400589,,,,,2.930349446,,3.627394556,,,,,4.430918753,5.287918088,6.129742688,6.992202362,7.879506151,8.749019907,,,,,,,,,,,,,,Vietnam,CO2
AIM/Transport-National 1.0,Baseline,VNM,Emissions|CO2|Energy|Demand|Transportation|Aviation|Freight,Mt CO2/yr,,,,0.313217111,,,0.37568018,,,,,0.473388815,,0.606558247,,,,,0.743778654,0.904264867,1.066737405,1.23795547,1.416874684,1.593938892,,,,,,,,,,,,,,Vietnam,CO2
AIM/Transport-National 1.0,Baseline,VNM,Emissions|CO2|Energy|Demand|Transportation|Aviation|Passenger,Mt CO2/yr,,,,1.821385713,,,2.058720409,,,,,2.456960631,,3.020836309,,,,,3.687140099,4.383653221,5.063005283,5.754246892,6.462631468,7.155081015,,,,,,,,,,,,,,Vietnam,CO2
AIM/Transport-National 1.0,Baseline,VNM,Emissions|CO2|Energy|Demand|Transportation|Freight,Mt CO2/yr,,,,10.640966278,,,12.587595835,,,,,16.049672535,,20.631466357,,,,,24.409957019,28.282723821,31.399901109,33.818989574,35.35580763,35.277675213,,,,,,,,,,,,,,Vietnam,CO2
AIM/Transport-National 1.0,Baseline,VNM,Emissions|CO2|Energy|Demand|Transportation|Passenger,Mt CO2/yr,,,,8.898328667,,,10.820068461,,,,,13.524097083,,17.113709551,,,,,20.886467379,24.58637051,27.855136235,30.715325558,33.009712864,34.134863099,,,,,,,,,,,,,,Vietnam,CO2
AIM/Transport-National 1.0,Baseline,VNM,Emissions|CO2|Energy|Demand|Transportation|Rail,Mt CO2/yr,,,,0.167375738,,,0.166210359,,,,,0.18132613,,0.208581389,,,,,0.235601975,0.271036463,0.309426036,0.349621495,0.391131261,0.432899125,,,,,,,,,,,,,,Vietnam,CO2
AIM/Transport-National 1.0,Baseline,VNM,Emissions|CO2|Energy|Demand|Transportation|Rail|Freight,Mt CO2/yr,,,,0.085665644,,,0.089459535,,,,,0.100646251,,0.118314927,,,,,0.133786925,0.151351726,0.168766953,0.18647035,0.205203363,0.225113036,,,,,,,,,,,,,,Vietnam,CO2
AIM/Transport-National 1.0,Baseline,VNM,Emissions|CO2|Energy|Demand|Transportation|Rail|Passenger,Mt CO2/yr,,,,0.081710094,,,0.076750823,,,,,0.080679879,,0.090266462,,,,,0.101815051,0.119684737,0.140659084,0.163151146,0.185927897,0.207786089,,,,,,,,,,,,,,Vietnam,CO2
AIM/Transport-National 1.0,Baseline,VNM,Emissions|CO2|Energy|Demand|Transportation|Road,Mt CO2/yr,,,,17.237316382,,,20.807053349,,,,,26.462094042,,33.909199964,,,,,40.62990367,47.31013978,52.81586862,57.192491276,60.094883082,60.23061928,,,,,,,,,,,,,,Vietnam,CO2
AIM/Transport-National 1.0,Baseline,VNM,Emissions|CO2|Energy|Demand|Transportation|Road|Freight,Mt CO2/yr,,,,10.242083522,,,12.12245612,,,,,15.475637469,,19.906593183,,,,,23.53239144,27.227107228,30.164396752,32.394563755,33.733729583,33.458623285,,,,,,,,,,,,,,Vietnam,CO2
AIM/Transport-National 1.0,Baseline,VNM,Emissions|CO2|Energy|Demand|Transportation|Road|Passenger,Mt CO2/yr,,,,6.99523286,,,8.684597229,,,,,10.986456574,,14.002606781,,,,,17.09751223,20.083032551,22.651471868,24.797927521,26.361153499,26.771995995,,,,,,,,,,,,,,Vietnam,CO2
AIM/Transport-National 1.0,Baseline,VNM,Emissions|CO2|Energy|Demand|Transportation|Road|Passenger|2W&3W,Mt CO2/yr,,,,4.601849097,,,5.547443548,,,,,6.463609448,,7.554174682,,,,,8.353663667,8.859247447,9.011932874,8.855432288,8.334727257,7.358647017,,,,,,,,,,,,,,Vietnam,CO2
AIM/Transport-National 1.0,Baseline,VNM,Emissions|CO2|Energy|Demand|Transportation|Road|Passenger|Bus,Mt CO2/yr,,,,1.654438616,,,1.82703274,,,,,2.167030316,,2.55331991,,,,,2.844457544,2.982348125,2.954466756,2.808427351,2.568559528,2.223936177,,,,,,,,,,,,,,Vietnam,CO2
AIM/Transport-National 1.0,Baseline,VNM,Emissions|CO2|Energy|Demand|Transportation|Road|Passenger|LDV,Mt CO2/yr,,,,0.738945146,,,1.310120941,,,,,2.35581681,,3.895112188,,,,,5.899391019,8.24143698,10.685072238,13.134067882,15.457866713,17.1894128,,,,,,,,,,,,,,Vietnam,CO2
AIM/Transport-National 1.0,Carbon_pricing,VNM,Emissions|CO2|Energy|Demand|Transportation,Mt CO2/yr,,,,19.539294944,,,21.318183663,,,,,25.755287314,,33.361855398,,,,,41.45449722,48.35404902,53.320678065,56.132304585,55.272339775,50.725138036,,,,,,,,,,,,,,Vietnam,CO2
AIM/Transport-National 1.0,Carbon_pricing,VNM,Emissions|CO2|Energy|Demand|Transportation|Aviation,Mt CO2/yr,,,,2.134602824,,,2.235448114,,,,,2.564490972,,3.15514522,,,,,3.805928808,4.28251601,4.691546956,5.085818671,5.467363122,5.91147415,,,,,,,,,,,,,,Vietnam,CO2
AIM/Transport-National 1.0,Carbon_pricing,VNM,Emissions|CO2|Energy|Demand|Transportation|Aviation|Freight,Mt CO2/yr,,,,0.313217111,,,0.345997017,,,,,0.427687202,,0.55970091,,,,,0.704821447,0.810730162,0.919481586,1.026386381,1.131387998,1.254047117,,,,,,,,,,,,,,Vietnam,CO2
AIM/Transport-National 1.0,Carbon_pricing,VNM,Emissions|CO2|Energy|Demand|Transportation|Aviation|Passenger,Mt CO2/yr,,,,1.821385713,,,1.889451097,,,,,2.13680377,,2.59544431,,,,,3.101107361,3.471785848,3.77206537,4.059432289,4.335975124,4.657427033,,,,,,,,,,,,,,Vietnam,CO2
AIM/Transport-National 1.0,Carbon_pricing,VNM,Emissions|CO2|Energy|Demand|Transportation|Freight,Mt CO2/yr,,,,10.640966278,,,11.528265909,,,,,14.135234703,,18.585231708,,,,,23.437877653,27.697808837,30.814665568,32.535059605,31.900284298,28.85089135,,,,,,,,,,,,,,Vietnam,CO2
AIM/Transport-National 1.0,Carbon_pricing,VNM,Emissions|CO2|Energy|Demand|Transportation|Passenger,Mt CO2/yr,,,,8.898328667,,,9.789917754,,,,,11.620052611,,14.77662369,,,,,18.016619566,20.656240183,22.506012497,23.597244981,23.372055477,21.874246685,,,,,,,,,,,,,,Vietnam,CO2
AIM/Transport-National 1.0,Carbon_pricing,VNM,Emissions|CO2|Energy|Demand|Transportation|Rail,Mt CO2/yr,,,,0.167375738,,,0.159480549,,,,,0.169078985,,0.19805155,,,,,0.23458659,0.273728044,0.314791967,0.355978138,0.38803641,0.408611172,,,,,,,,,,,,,,Vietnam,CO2
AIM/Transport-National 1.0,Carbon_pricing,VNM,Emissions|CO2|Energy|Demand|Transportation|Rail|Freight,Mt CO2/yr,,,,0.085665644,,,0.085617232,,,,,0.094152172,,0.114111824,,,,,0.136935415,0.159670744,0.181816801,0.204166939,0.222058112,0.234502669,,,,,,,,,,,,,,Vietnam,CO2
AIM/Transport-National 1.0,Carbon_pricing,VNM,Emissions|CO2|Energy|Demand|Transportation|Rail|Passenger,Mt CO2/yr,,,,0.081710094,,,0.073863317,,,,,0.074926813,,0.083939725,,,,,0.097651175,0.1140573,0.132975166,0.151811198,0.165978298,0.174108503,,,,,,,,,,,,,,Vietnam,CO2
AIM/Transport-National 1.0,Carbon_pricing,VNM,Emissions|CO2|Energy|Demand|Transportation|Road,Mt CO2/yr,,,,17.237316382,,,18.923255,,,,,23.021717358,,30.008658628,,,,,37.413981821,43.797804966,48.314339142,50.690507777,49.416940243,44.405052714,,,,,,,,,,,,,,Vietnam,CO2
AIM/Transport-National 1.0,Carbon_pricing,VNM,Emissions|CO2|Energy|Demand|Transportation|Road|Freight,Mt CO2/yr,,,,10.242083522,,,11.09665166,,,,,13.613395329,,17.911418973,,,,,22.596120791,26.72740793,29.713367181,31.304506284,30.546838188,27.362341563,,,,,,,,,,,,,,Vietnam,CO2
AIM/Transport-National 1.0,Carbon_pricing,VNM,Emissions|CO2|Energy|Demand|Transportation|Road|Passenger,Mt CO2/yr,,,,6.99523286,,,7.82660334,,,,,9.408322029,,12.097239655,,,,,14.81786103,17.070397035,18.600971961,19.386001493,18.870102055,17.04271115,,,,,,,,,,,,,,Vietnam,CO2
AIM/Transport-National 1.0,Carbon_pricing,VNM,Emissions|CO2|Energy|Demand|Transportation|Road|Passenger|2W&3W,Mt CO2/yr,,,,4.601849097,,,5.029674877,,,,,5.621734621,,6.661781761,,,,,7.416900804,7.787830967,7.783476864,7.416775871,6.511797374,5.175485346,,,,,,,,,,,,,,Vietnam,CO2
AIM/Transport-National 1.0,Carbon_pricing,VNM,Emissions|CO2|Energy|Demand|Transportation|Road|Passenger|Bus,Mt CO2/yr,,,,1.654438616,,,1.671403713,,,,,1.883874318,,2.237974261,,,,,2.522697373,2.639667579,2.570037816,2.362432368,2.002431216,1.545350269,,,,,,,,,,,,,,Vietnam,CO2
AIM/Transport-National 1.0,Carbon_pricing,VNM,Emissions|CO2|Energy|Demand|Transportation|Road|Passenger|LDV,Mt CO2/yr,,,,0.738945146,,,1.125524749,,,,,1.90271309,,3.197483634,,,,,4.878262854,6.64289849,8.247457281,9.606793254,10.355873465,10.321875536,,,,,,,,,,,,,,Vietnam,CO2
AIM/Transport-National 1.0,Ene_Efficiency_High,VNM,Emissions|CO2|Energy|Demand|Transportation,Mt CO2/yr,,,,19.539294944,,,23.294562809,,,,,29.140013219,,36.706535682,,,,,43.498189373,50.119763207,55.506317577,59.780861816,62.663824569,63.003746378,,,,,,,,,,,,,,Vietnam,CO2
AIM/Transport-National 1.0,Ene_Efficiency_High,VNM,Emissions|CO2|Energy|Demand|Transportation|Aviation,Mt CO2/yr,,,,2.134602824,,,2.434075153,,,,,2.928804215,,3.623483328,,,,,4.423879382,5.277257841,6.115162997,6.973395194,7.855880599,8.71952183,,,,,,,,,,,,,,Vietnam,CO2
AIM/Transport-National 1.0,Ene_Efficiency_High,VNM,Emissions|CO2|Energy|Demand|Transportation|Aviation|Freight,Mt CO2/yr,,,,0.313217111,,,0.37568018,,,,,0.473388815,,0.606558247,,,,,0.743778654,0.904264867,1.066737405,1.23795547,1.416874684,1.593938892,,,,,,,,,,,,,,Vietnam,CO2
AIM/Transport-National 1.0,Ene_Efficiency_High,VNM,Emissions|CO2|Energy|Demand|Transportation|Aviation|Passenger,Mt CO2/yr,,,,1.821385713,,,2.058394973,,,,,2.4554154,,3.016925081,,,,,3.680100727,4.372992974,5.048425592,5.735439724,6.439005915,7.125582938,,,,,,,,,,,,,,Vietnam,CO2
AIM/Transport-National 1.0,Ene_Efficiency_High,VNM,Emissions|CO2|Energy|Demand|Transportation|Freight,Mt CO2/yr,,,,10.640966278,,,12.519194893,,,,,15.781467941,,19.988197122,,,,,23.32290305,26.627928673,29.150606271,30.969469049,31.938953118,31.445923687,,,,,,,,,,,,,,Vietnam,CO2
AIM/Transport-National 1.0,Ene_Efficiency_High,VNM,Emissions|CO2|Energy|Demand|Transportation|Passenger,Mt CO2/yr,,,,8.898328667,,,10.775367916,,,,,13.358545278,,16.71833856,,,,,20.175286323,23.491834534,26.355711306,28.811392767,30.724871451,31.55782269,,,,,,,,,,,,,,Vietnam,CO2
AIM/Transport-National 1.0,Ene_Efficiency_High,VNM,Emissions|CO2|Energy|Demand|Transportation|Rail,Mt CO2/yr,,,,0.167375738,,,0.166138942,,,,,0.180981745,,0.207692852,,,,,0.234051791,0.268674137,0.306123269,0.345268073,0.385548878,0.425795719,,,,,,,,,,,,,,Vietnam,CO2
AIM/Transport-National 1.0,Ene_Efficiency_High,VNM,Emissions|CO2|Energy|Demand|Transportation|Rail|Freight,Mt CO2/yr,,,,0.085665644,,,0.089400363,,,,,0.100359538,,0.117567673,,,,,0.132471846,0.149346794,0.165960675,0.1827625,0.200431366,0.219017272,,,,,,,,,,,,,,Vietnam,CO2
AIM/Transport-National 1.0,Ene_Efficiency_High,VNM,Emissions|CO2|Energy|Demand|Transportation|Rail|Passenger,Mt CO2/yr,,,,0.081710094,,,0.076738579,,,,,0.080622206,,0.090125179,,,,,0.101579945,0.119327343,0.140162594,0.162505573,0.185117512,0.206778447,,,,,,,,,,,,,,Vietnam,CO2
AIM/Transport-National 1.0,Ene_Efficiency_High,VNM,Emissions|CO2|Energy|Demand|Transportation|Road,Mt CO2/yr,,,,17.237316382,,,20.694348714,,,,,26.030227259,,32.875359502,,,,,38.840258201,44.573831229,49.085031311,52.462198549,54.422395092,53.858428829,,,,,,,,,,,,,,Vietnam,CO2
AIM/Transport-National 1.0,Ene_Efficiency_High,VNM,Emissions|CO2|Energy|Demand|Transportation|Road|Freight,Mt CO2/yr,,,,10.242083522,,,12.05411435,,,,,15.207719587,,19.264071202,,,,,22.44665255,25.574317013,27.917908192,29.548751079,30.321647068,29.632967523,,,,,,,,,,,,,,Vietnam,CO2
AIM/Transport-National 1.0,Ene_Efficiency_High,VNM,Emissions|CO2|Energy|Demand|Transportation|Road|Passenger,Mt CO2/yr,,,,6.99523286,,,8.640234364,,,,,10.822507672,,13.6112883,,,,,16.393605651,18.999514217,21.167123119,22.91344747,24.100748024,24.225461306,,,,,,,,,,,,,,Vietnam,CO2
AIM/Transport-National 1.0,Ene_Efficiency_High,VNM,Emissions|CO2|Energy|Demand|Transportation|Road|Passenger|2W&3W,Mt CO2/yr,,,,4.601849097,,,5.523384022,,,,,6.385285672,,7.381469879,,,,,8.074098691,8.47183487,8.530963184,8.300690689,7.739266134,6.773888743,,,,,,,,,,,,,,Vietnam,CO2
AIM/Transport-National 1.0,Ene_Efficiency_High,VNM,Emissions|CO2|Energy|Demand|Transportation|Road|Passenger|Bus,Mt CO2/yr,,,,1.654438616,,,1.817886959,,,,,2.132825807,,2.477489344,,,,,2.720673684,2.813997716,2.753055998,2.586010453,2.337216031,1.999385396,,,,,,,,,,,,,,Vietnam,CO2
AIM/Transport-National 1.0,Ene_Efficiency_High,VNM,Emissions|CO2|Energy|Demand|Transportation|Road|Passenger|LDV,Mt CO2/yr,,,,0.738945146,,,1.298963383,,,,,2.304396193,,3.752329077,,,,,5.598833277,7.713681632,9.883103938,12.026746328,14.024265859,15.452187166,,,,,,,,,,,,,,Vietnam,CO2
AIM/Transport-National 1.0,Mass_transit,VNM,Emissions|CO2|Energy|Demand|Transportation,Mt CO2/yr,,,,19.539294944,,,23.363965468,,,,,29.410627549,,37.362045282,,,,,44.551847413,51.622750441,57.39414619,61.961310984,64.997413839,65.236262939,,,,,,,,,,,,,,Vietnam,CO2
AIM/Transport-National 1.0,Mass_transit,VNM,Emissions|CO2|Energy|Demand|Transportation|Aviation,Mt CO2/yr,,,,2.134602824,,,2.40497219,,,,,2.838383094,,3.422904919,,,,,4.04510706,4.643145446,5.149070457,5.588208647,5.957463132,6.224544728,,,,,,,,,,,,,,Vietnam,CO2
AIM/Transport-National 1.0,Mass_transit,VNM,Emissions|CO2|Energy|Demand|Transportation|Aviation|Freight,Mt CO2/yr,,,,0.313217111,,,0.37568018,,,,,0.473388815,,0.606558247,,,,,0.743778654,0.904264867,1.066737405,1.23795547,1.416874684,1.593938892,,,,,,,,,,,,,,Vietnam,CO2
AIM/Transport-National 1.0,Mass_transit,VNM,Emissions|CO2|Energy|Demand|Transportation|Aviation|Passenger,Mt CO2/yr,,,,1.821385713,,,2.02929201,,,,,2.364994279,,2.816346672,,,,,3.301328405,3.738880579,4.082333052,4.350253177,4.540588448,4.630605836,,,,,,,,,,,,,,Vietnam,CO2
AIM/Transport-National 1.0,Mass_transit,VNM,Emissions|CO2|Energy|Demand|Transportation|Freight,Mt CO2/yr,,,,10.640966278,,,12.587595835,,,,,16.049672535,,20.631466357,,,,,24.409957019,28.282723821,31.399901109,33.818989574,35.35580763,35.277675213,,,,,,,,,,,,,,Vietnam,CO2
AIM/Transport-National 1.0,Mass_transit,VNM,Emissions|CO2|Energy|Demand|Transportation|Passenger,Mt CO2/yr,,,,8.898328667,,,10.776369633,,,,,13.360955013,,16.730578925,,,,,20.141890393,23.34002662,25.994245081,28.14232141,29.641606208,29.958587726,,,,,,,,,,,,,,Vietnam,CO2
AIM/Transport-National 1.0,Mass_transit,VNM,Emissions|CO2|Energy|Demand|Transportation|Rail,Mt CO2/yr,,,,0.167375738,,,0.170378961,,,,,0.193439189,,0.23298445,,,,,0.275938329,0.334737009,0.401882142,0.474706304,0.550960946,0.627404563,,,,,,,,,,,,,,Vietnam,CO2
AIM/Transport-National 1.0,Mass_transit,VNM,Emissions|CO2|Energy|Demand|Transportation|Rail|Freight,Mt CO2/yr,,,,0.085665644,,,0.089459535,,,,,0.100646251,,0.118314927,,,,,0.133786925,0.151351726,0.168766953,0.18647035,0.205203363,0.225113036,,,,,,,,,,,,,,Vietnam,CO2
AIM/Transport-National 1.0,Mass_transit,VNM,Emissions|CO2|Energy|Demand|Transportation|Rail|Passenger,Mt CO2/yr,,,,0.081710094,,,0.080919425,,,,,0.092792938,,0.114669523,,,,,0.142151404,0.183385282,0.233115189,0.288235955,0.345757583,0.402291527,,,,,,,,,,,,,,Vietnam,CO2
AIM/Transport-National 1.0,Mass_transit,VNM,Emissions|CO2|Energy|Demand|Transportation|Road,Mt CO2/yr,,,,17.237316382,,,20.788614318,,,,,26.378805265,,33.706155914,,,,,40.230802024,46.644867986,51.843193591,55.898396032,58.488989761,58.384313649,,,,,,,,,,,,,,Vietnam,CO2
AIM/Transport-National 1.0,Mass_transit,VNM,Emissions|CO2|Energy|Demand|Transportation|Road|Freight,Mt CO2/yr,,,,10.242083522,,,12.12245612,,,,,15.475637469,,19.906593183,,,,,23.53239144,27.227107228,30.164396752,32.394563755,33.733729583,33.458623285,,,,,,,,,,,,,,Vietnam,CO2
AIM/Transport-National 1.0,Mass_transit,VNM,Emissions|CO2|Energy|Demand|Transportation|Road|Passenger,Mt CO2/yr,,,,6.99523286,,,8.666158198,,,,,10.903167796,,13.799562731,,,,,16.698410584,19.417760758,21.678796839,23.503832278,24.755260178,24.925690363,,,,,,,,,,,,,,Vietnam,CO2
AIM/Transport-National 1.0,Mass_transit,VNM,Emissions|CO2|Energy|Demand|Transportation|Road|Passenger|2W&3W,Mt CO2/yr,,,,4.601849097,,,5.586776572,,,,,6.563921817,,7.751420621,,,,,8.679726614,9.343732101,9.673259074,9.705664961,9.36418262,8.511249514,,,,,,,,,,,,,,Vietnam,CO2
AIM/Transport-National 1.0,Mass_transit,VNM,Emissions|CO2|Energy|Demand|Transportation|Road|Passenger|Bus,Mt CO2/yr,,,,1.654438616,,,1.810645307,,,,,2.126009067,,2.4847813,,,,,2.752713059,2.878096512,2.851550762,2.719918863,2.505859234,2.195085961,,,,,,,,,,,,,,Vietnam,CO2
AIM/Transport-National 1.0,Mass_transit,VNM,Emissions|CO2|Energy|Demand|Transportation|Road|Passenger|LDV,Mt CO2/yr,,,,0.738945146,,,1.26873632,,,,,2.213236912,,3.56336081,,,,,5.265970911,7.195932145,9.153987003,11.078248453,12.885218324,14.219354889,,,,,,,,,,,,,,Vietnam,CO2
AIM/Transport-National 1.0,Occupancy_high,VNM,Emissions|CO2|Energy|Demand|Transportation,Mt CO2/yr,,,,19.539294944,,,23.325587885,,,,,29.250805748,,37.05205193,,,,,44.075502954,50.968047322,56.573100435,60.992042391,63.921163593,64.181773303,,,,,,,,,,,,,,Vietnam,CO2
AIM/Transport-National 1.0,Occupancy_high,VNM,Emissions|CO2|Energy|Demand|Transportation|Aviation,Mt CO2/yr,,,,2.134602824,,,2.434036256,,,,,2.9282542,,3.622395995,,,,,4.421771069,5.27327808,6.108333546,6.9625104,7.839397373,8.695525641,,,,,,,,,,,,,,Vietnam,CO2
AIM/Transport-National 1.0,Occupancy_high,VNM,Emissions|CO2|Energy|Demand|Transportation|Aviation|Freight,Mt CO2/yr,,,,0.313217111,,,0.37568018,,,,,0.473388815,,0.606558247,,,,,0.743778654,0.904264867,1.066737405,1.23795547,1.416874684,1.593938892,,,,,,,,,,,,,,Vietnam,CO2
AIM/Transport-National 1.0,Occupancy_high,VNM,Emissions|CO2|Energy|Demand|Transportation|Aviation|Passenger,Mt CO2/yr,,,,1.821385713,,,2.058356076,,,,,2.454865385,,3.015837748,,,,,3.677992415,4.369013214,5.041596141,5.72455493,6.422522689,7.10158675,,,,,,,,,,,,,,Vietnam,CO2
AIM/Transport-National 1.0,Occupancy_high,VNM,Emissions|CO2|Energy|Demand|Transportation|Freight,Mt CO2/yr,,,,10.640966278,,,12.587595835,,,,,16.049672535,,20.631466357,,,,,24.409957019,28.282723821,31.399901109,33.818989574,35.35580763,35.277675213,,,,,,,,,,,,,,Vietnam,CO2
AIM/Transport-National 1.0,Occupancy_high,VNM,Emissions|CO2|Energy|Demand|Transportation|Passenger,Mt CO2/yr,,,,8.898328667,,,10.73799205,,,,,13.201133213,,16.420585573,,,,,19.665545934,22.6853235,25.173199326,27.173052817,28.565355963,28.904098091,,,,,,,,,,,,,,Vietnam,CO2
AIM/Transport-National 1.0,Occupancy_high,VNM,Emissions|CO2|Energy|Demand|Transportation|Rail,Mt CO2/yr,,,,0.167375738,,,0.166196609,,,,,0.181247845,,0.20840123,,,,,0.23529617,0.270541472,0.308686159,0.348582817,0.389727091,0.431036351,,,,,,,,,,,,,,Vietnam,CO2
AIM/Transport-National 1.0,Occupancy_high,VNM,Emissions|CO2|Energy|Demand|Transportation|Rail|Freight,Mt CO2/yr,,,,0.085665644,,,0.089459535,,,,,0.100646251,,0.118314927,,,,,0.133786925,0.151351726,0.168766953,0.18647035,0.205203363,0.225113036,,,,,,,,,,,,,,Vietnam,CO2
AIM/Transport-National 1.0,Occupancy_high,VNM,Emissions|CO2|Energy|Demand|Transportation|Rail|Passenger,Mt CO2/yr,,,,0.081710094,,,0.076737074,,,,,0.080601594,,0.090086303,,,,,0.101509245,0.119189746,0.139919207,0.162112467,0.184523728,0.205923315,,,,,,,,,,,,,,Vietnam,CO2
AIM/Transport-National 1.0,Occupancy_high,VNM,Emissions|CO2|Energy|Demand|Transportation|Road,Mt CO2/yr,,,,17.237316382,,,20.72535502,,,,,26.141303702,,33.221254705,,,,,39.418435715,45.42422777,50.15608073,53.680949175,55.692039129,55.055211311,,,,,,,,,,,,,,Vietnam,CO2
AIM/Transport-National 1.0,Occupancy_high,VNM,Emissions|CO2|Energy|Demand|Transportation|Road|Freight,Mt CO2/yr,,,,10.242083522,,,12.12245612,,,,,15.475637469,,19.906593183,,,,,23.53239144,27.227107228,30.164396752,32.394563755,33.733729583,33.458623285,,,,,,,,,,,,,,Vietnam,CO2
AIM/Transport-National 1.0,Occupancy_high,VNM,Emissions|CO2|Energy|Demand|Transportation|Road|Passenger,Mt CO2/yr,,,,6.99523286,,,8.6028989,,,,,10.665666234,,13.314661522,,,,,15.886044275,18.197120541,19.991683978,21.28638542,21.958309546,21.596588026,,,,,,,,,,,,,,Vietnam,CO2
AIM/Transport-National 1.0,Occupancy_high,VNM,Emissions|CO2|Energy|Demand|Transportation|Road|Passenger|2W&3W,Mt CO2/yr,,,,4.601849097,,,5.544938397,,,,,6.454078139,,7.535206629,,,,,8.325256876,8.821126699,8.965136469,8.801396692,8.275346337,7.296984889,,,,,,,,,,,,,,Vietnam,CO2
AIM/Transport-National 1.0,Occupancy_high,VNM,Emissions|CO2|Energy|Demand|Transportation|Road|Passenger|Bus,Mt CO2/yr,,,,1.654438616,,,1.826516505,,,,,2.164266268,,2.547458312,,,,,2.835288039,2.970083914,2.939712373,2.79185516,2.550765911,2.205705914,,,,,,,,,,,,,,Vietnam,CO2
AIM/Transport-National 1.0,Occupancy_high,VNM,Emissions|CO2|Energy|Demand|Transportation|Road|Passenger|LDV,Mt CO2/yr,,,,0.738945146,,,1.231443998,,,,,2.047321827,,3.23199658,,,,,4.725499359,6.405909927,8.086835136,9.693133569,11.132197298,12.093897223,,,,,,,,,,,,,,Vietnam,CO2
AIM/Transport-National 1.0,SpeedHigh,VNM,Emissions|CO2|Energy|Demand|Transportation,Mt CO2/yr,,,,19.539294944,,,23.401332518,,,,,29.550125675,,37.684591149,,,,,45.167054605,52.637845456,58.895118496,64.026222932,67.699305127,68.604374559,,,,,,,,,,,,,,Vietnam,CO2
AIM/Transport-National 1.0,SpeedHigh,VNM,Emissions|CO2|Energy|Demand|Transportation|Aviation,Mt CO2/yr,,,,2.134602824,,,2.42921164,,,,,2.914464752,,3.592114733,,,,,4.365757309,5.18380583,5.980559246,6.792566404,7.625693162,8.441290603,,,,,,,,,,,,,,Vietnam,CO2
AIM/Transport-National 1.0,SpeedHigh,VNM,Emissions|CO2|Energy|Demand|Transportation|Aviation|Freight,Mt CO2/yr,,,,0.313217111,,,0.37568018,,,,,0.473388815,,0.606558247,,,,,0.743778654,0.904264867,1.066737405,1.23795547,1.416874684,1.593938892,,,,,,,,,,,,,,Vietnam,CO2
AIM/Transport-National 1.0,SpeedHigh,VNM,Emissions|CO2|Energy|Demand|Transportation|Aviation|Passenger,Mt CO2/yr,,,,1.821385713,,,2.05353146,,,,,2.441075937,,2.985556487,,,,,3.621978655,4.279540963,4.913821841,5.554610933,6.208818478,6.847351711,,,,,,,,,,,,,,Vietnam,CO2
AIM/Transport-National 1.0,SpeedHigh,VNM,Emissions|CO2|Energy|Demand|Transportation|Freight,Mt CO2/yr,,,,10.640966278,,,12.587595835,,,,,16.049672535,,20.631466357,,,,,24.409957019,28.282723821,31.399901109,33.818989574,35.35580763,35.277675213,,,,,,,,,,,,,,Vietnam,CO2
AIM/Transport-National 1.0,SpeedHigh,VNM,Emissions|CO2|Energy|Demand|Transportation|Passenger,Mt CO2/yr,,,,8.898328667,,,10.813736682,,,,,13.500453139,,17.053124792,,,,,20.757097586,24.355121634,27.495217387,30.207233358,32.343497497,33.326699346,,,,,,,,,,,,,,Vietnam,CO2
AIM/Transport-National 1.0,SpeedHigh,VNM,Emissions|CO2|Energy|Demand|Transportation|Rail,Mt CO2/yr,,,,0.167375738,,,0.167751238,,,,,0.185838087,,0.218130028,,,,,0.252293078,0.299087855,0.352715559,0.411860924,0.475739458,0.542734554,,,,,,,,,,,,,,Vietnam,CO2
AIM/Transport-National 1.0,SpeedHigh,VNM,Emissions|CO2|Energy|Demand|Transportation|Rail|Freight,Mt CO2/yr,,,,0.085665644,,,0.089459535,,,,,0.100646251,,0.118314927,,,,,0.133786925,0.151351726,0.168766953,0.18647035,0.205203363,0.225113036,,,,,,,,,,,,,,Vietnam,CO2
AIM/Transport-National 1.0,SpeedHigh,VNM,Emissions|CO2|Energy|Demand|Transportation|Rail|Passenger,Mt CO2/yr,,,,0.081710094,,,0.078291702,,,,,0.085191836,,0.099815101,,,,,0.118506153,0.147736128,0.183948606,0.225390574,0.270536095,0.317621519,,,,,,,,,,,,,,Vietnam,CO2
AIM/Transport-National 1.0,SpeedHigh,VNM,Emissions|CO2|Energy|Demand|Transportation|Road,Mt CO2/yr,,,,17.237316382,,,20.80436964,,,,,26.449822836,,33.874346388,,,,,40.549004218,47.154951771,52.561843691,56.821795605,59.597872507,59.620349402,,,,,,,,,,,,,,Vietnam,CO2
AIM/Transport-National 1.0,SpeedHigh,VNM,Emissions|CO2|Energy|Demand|Transportation|Road|Freight,Mt CO2/yr,,,,10.242083522,,,12.12245612,,,,,15.475637469,,19.906593183,,,,,23.53239144,27.227107228,30.164396752,32.394563755,33.733729583,33.458623285,,,,,,,,,,,,,,Vietnam,CO2
AIM/Transport-National 1.0,SpeedHigh,VNM,Emissions|CO2|Energy|Demand|Transportation|Road|Passenger,Mt CO2/yr,,,,6.99523286,,,8.681913521,,,,,10.974185367,,13.967753205,,,,,17.016612778,19.927844543,22.39744694,24.42723185,25.864142924,26.161726116,,,,,,,,,,,,,,Vietnam,CO2
AIM/Transport-National 1.0,SpeedHigh,VNM,Emissions|CO2|Energy|Demand|Transportation|Road|Passenger|2W&3W,Mt CO2/yr,,,,4.601849097,,,5.549573115,,,,,6.471185594,,7.573953959,,,,,8.392392928,8.922755287,9.103837113,8.978868518,8.489095732,7.534785592,,,,,,,,,,,,,,Vietnam,CO2
AIM/Transport-National 1.0,SpeedHigh,VNM,Emissions|CO2|Energy|Demand|Transportation|Road|Passenger|Bus,Mt CO2/yr,,,,1.654438616,,,1.828887256,,,,,2.172720289,,2.565859681,,,,,2.866541648,3.015380981,2.998312391,2.8626441,2.631990446,2.293012732,,,,,,,,,,,,,,Vietnam,CO2
AIM/Transport-National 1.0,SpeedHigh,VNM,Emissions|CO2|Energy|Demand|Transportation|Road|Passenger|LDV,Mt CO2/yr,,,,0.738945146,,,1.303453149,,,,,2.330279484,,3.827939565,,,,,5.757678201,7.989708275,10.295297435,12.585719233,14.743056747,16.333927792,,,,,,,,,,,,,,Vietnam,CO2
AIM/Transport-National 1.0,Sustainable development (SD),VNM,Emissions|CO2|Energy|Demand|Transportation,Mt CO2/yr,,,,19.539294944,,,21.12801689,,,,,25.028099549,,31.604646785,,,,,38.212477849,43.350471176,46.402671685,47.201886765,44.693950905,39.265008983,,,,,,,,,,,,,,Vietnam,CO2
AIM/Transport-National 1.0,Sustainable development (SD),VNM,Emissions|CO2|Energy|Demand|Transportation|Aviation,Mt CO2/yr,,,,2.134602824,,,2.205335197,,,,,2.477123648,,2.960547787,,,,,3.446783651,3.729873635,3.920068818,4.060456545,4.15328128,4.253435346,,,,,,,,,,,,,,Vietnam,CO2
AIM/Transport-National 1.0,Sustainable development (SD),VNM,Emissions|CO2|Energy|Demand|Transportation|Aviation|Freight,Mt CO2/yr,,,,0.313217111,,,0.345997017,,,,,0.427687202,,0.55970091,,,,,0.704821447,0.810730162,0.919481586,1.026386381,1.131387998,1.254047117,,,,,,,,,,,,,,Vietnam,CO2
AIM/Transport-National 1.0,Sustainable development (SD),VNM,Emissions|CO2|Energy|Demand|Transportation|Aviation|Passenger,Mt CO2/yr,,,,1.821385713,,,1.85933818,,,,,2.049436446,,2.400846876,,,,,2.741962204,2.919143473,3.000587232,3.034070163,3.021893282,2.999388229,,,,,,,,,,,,,,Vietnam,CO2
AIM/Transport-National 1.0,Sustainable development (SD),VNM,Emissions|CO2|Energy|Demand|Transportation|Freight,Mt CO2/yr,,,,10.640966278,,,11.475727166,,,,,13.916716412,,18.018665457,,,,,22.37813345,26.06972861,28.624165802,29.845813243,28.910096172,25.834444838,,,,,,,,,,,,,,Vietnam,CO2
AIM/Transport-National 1.0,Sustainable development (SD),VNM,Emissions|CO2|Energy|Demand|Transportation|Passenger,Mt CO2/yr,,,,8.898328667,,,9.652289724,,,,,11.111383137,,13.585981328,,,,,15.834344399,17.280742566,17.778505883,17.356073522,15.783854733,13.430564146,,,,,,,,,,,,,,Vietnam,CO2
AIM/Transport-National 1.0,Sustainable development (SD),VNM,Emissions|CO2|Energy|Demand|Transportation|Rail,Mt CO2/yr,,,,0.167375738,,,0.163628444,,,,,0.180487322,,0.219287982,,,,,0.264721646,0.304195205,0.331725926,0.345706177,0.34577883,0.338308379,,,,,,,,,,,,,,Vietnam,CO2
AIM/Transport-National 1.0,Sustainable development (SD),VNM,Emissions|CO2|Energy|Demand|Transportation|Rail|Freight,Mt CO2/yr,,,,0.085665644,,,0.085568437,,,,,0.093906874,,0.113402032,,,,,0.135499623,0.157147636,0.178014726,0.198901378,0.215408866,0.226818257,,,,,,,,,,,,,,Vietnam,CO2
AIM/Transport-National 1.0,Sustainable development (SD),VNM,Emissions|CO2|Energy|Demand|Transportation|Rail|Passenger,Mt CO2/yr,,,,0.081710094,,,0.078060007,,,,,0.086580448,,0.10588595,,,,,0.129222022,0.147047569,0.153711199,0.146804799,0.130369963,0.111490123,,,,,,,,,,,,,,Vietnam,CO2
AIM/Transport-National 1.0,Sustainable development (SD),VNM,Emissions|CO2|Energy|Demand|Transportation|Road,Mt CO2/yr,,,,17.237316382,,,18.759053249,,,,,22.370488579,,28.424811016,,,,,34.500972553,39.316402335,42.150876942,42.795724044,40.194890795,34.673265258,,,,,,,,,,,,,,Vietnam,CO2
AIM/Transport-National 1.0,Sustainable development (SD),VNM,Emissions|CO2|Energy|Demand|Transportation|Road|Freight,Mt CO2/yr,,,,10.242083522,,,11.044161712,,,,,13.395122336,,17.345562515,,,,,21.53781238,25.101850812,27.52666949,28.620525483,27.563299308,24.353579464,,,,,,,,,,,,,,Vietnam,CO2
AIM/Transport-National 1.0,Sustainable development (SD),VNM,Emissions|CO2|Energy|Demand|Transportation|Road|Passenger,Mt CO2/yr,,,,6.99523286,,,7.714891537,,,,,8.975366243,,11.079248502,,,,,12.963160173,14.214551523,14.624207452,14.17519856,12.631591488,10.319685794,,,,,,,,,,,,,,Vietnam,CO2
AIM/Transport-National 1.0,Sustainable development (SD),VNM,Emissions|CO2|Energy|Demand|Transportation|Road|Passenger|2W&3W,Mt CO2/yr,,,,4.601849097,,,5.046608793,,,,,5.641635975,,6.672843333,,,,,7.43713375,7.84285605,7.900620928,7.615436177,6.792232646,5.515695383,,,,,,,,,,,,,,Vietnam,CO2
AIM/Transport-National 1.0,Sustainable development (SD),VNM,Emissions|CO2|Energy|Demand|Transportation|Road|Passenger|Bus,Mt CO2/yr,,,,1.654438616,,,1.650572322,,,,,1.823031741,,2.117525018,,,,,2.340744546,2.411788702,2.323099754,2.122102161,1.795331664,1.3901224,,,,,,,,,,,,,,Vietnam,CO2
AIM/Transport-National 1.0,Sustainable development (SD),VNM,Emissions|CO2|Energy|Demand|Transportation|Road|Passenger|LDV,Mt CO2/yr,,,,0.738945146,,,1.017710422,,,,,1.510698527,,2.288880152,,,,,3.185281877,3.959906771,4.40048677,4.437660222,4.044027177,3.413868011,,,,,,,,,,,,,,Vietnam,CO2
