Model,Scenario,Region,Variable,Unit,1990,1995,2000,2005,2007,2008,2010,2011,2012,2013,2014,2015,2018,2020,2021,2022,2023,2024,2025,2030,2035,2040,2045,2050,2055,2060,2065,2070,2075,2080,2085,2090,2095,2100,2110,2130,2150,Country,Species
GCAM 5.2,"NGFS1_Current policies (Hot house world, Rep)",COL,Emissions|CH4|AFOLU,Mt CO2e/yr,,,,52.149990172,,,56.294968044,,,,,54.93355462,,58.69582796,,,,,63.803639340000004,68.349484504,72.102818676,75.607342552,79.258420612,82.563410328,83.594491988,84.305589816,84.660396352,84.723772756,84.50264214,83.98585781599999,83.1958666,82.23752913599999,81.140736068,79.919822556,,,,Colombia,CH4
GCAM 5.2,"NGFS1_Current policies (Hot house world, Rep)",COL,Emissions|CO2|AFOLU,Mt CO2/yr,,,,-25.16344701,,,-29.1851374,,,,,14.21451854,,15.55733759,,,,,16.90015663,18.24297568,19.58579473,20.92861377,18.62175959,16.31490541,14.00805122,11.70119704,9.394342852,7.087488668,4.780634484,2.4737803,0.166926116,-2.139928069,-4.446782253,-6.753636437,,,,Colombia,CO2
GCAM 5.2,"NGFS1_Current policies (Hot house world, Rep)",COL,Emissions|CO2|Energy and Industrial Processes,Mt CO2/yr,,,,64.54433961,,,77.67001963,,,,,88.54847294,,101.6453627,,,,,119.0327177,134.7086966,151.1737105,167.5536319,184.9121949,202.5506452,221.9135712,242.1169915,261.7973082,281.9669671,299.3336668,310.8882212,319.968496899999,326.532698,330.554429899999,333.0914632,,,,Colombia,CO2
GCAM 5.2,"NGFS1_Current policies (Hot house world, Rep)",COL,Emissions|CO2|Energy|Demand,Mt CO2/yr,,,,45.97320263,,,51.08799412,,,,,60.28161824,,67.12553174,,,,,75.9826389,83.79136835,92.03317237,100.8938651,110.7368583,120.3382392,130.705328,141.5813841,152.8687598,164.9066579,174.8574876,181.9124551,187.5937372,191.4285171,193.5569376,194.7535942,,,,Colombia,CO2
GCAM 5.2,"NGFS1_Current policies (Hot house world, Rep)",COL,Emissions|CO2|Energy|Demand|Industry,Mt CO2/yr,,,,16.6921214,,,18.11785917,,,,,13.58584468,,18.50966714,,,,,22.44655106,25.69176215,29.33709778,34.22131132,40.22475954,46.19484145,52.14609904,58.29726455,65.00325214,72.63265279,78.59903878,82.04258838,84.73169092,85.93325935,85.90433596,85.29540299,,,,Colombia,CO2
GCAM 5.2,"NGFS1_Current policies (Hot house world, Rep)",COL,Emissions|CO2|Energy|Demand|Residential and Commercial,Mt CO2/yr,,,,4.678925205,,,4.990845762,,,,,11.61756771,,11.7831774,,,,,13.01239179,14.10309492,15.15778986,15.9452638,16.51560542,16.95150056,17.56758668,18.10626861,18.4485593,18.60727275,18.56554142,18.37613532,17.94590573,17.39952742,16.6797937,15.98772221,,,,Colombia,CO2
GCAM 5.2,"NGFS1_Current policies (Hot house world, Rep)",COL,Emissions|CO2|Energy|Demand|Transportation,Mt CO2/yr,,,,24.60215602,,,27.97928919,,,,,35.07820585,,36.8326872,,,,,40.52369605,43.99651127,47.53828473,50.72728998,53.99649334,57.19189716,60.99164227,65.17785097,69.41694832,73.66673235,77.69290744,81.49373144,84.91614058,88.0957303,90.97280797,93.47046904,,,,Colombia,CO2
GCAM 5.2,"NGFS1_Current policies (Hot house world, Rep)",COL,Emissions|CO2|Energy|Supply,Mt CO2/yr,,,,10.97626121,,,18.9374519,,,,,20.62239132,,25.52378603,,,,,32.98391057,39.83981473,47.12544042,53.83321866,60.73407719,68.33228628,76.98767903,86.05671603,94.32788941,102.4253475,109.9302511,114.6361271,118.3782651,121.5261763,123.9070685,125.8018934,,,,Colombia,CO2
GCAM 5.2,"NGFS1_Current policies (Hot house world, Rep)",COL,Emissions|CO2|Energy|Supply|Electricity,Mt CO2/yr,,,,6.32568079,,,10.46414352,,,,,16.50342858,,21.32938249,,,,,28.36986346,34.83530993,41.7064911,48.04673049,54.48217901,61.40404954,69.08626188,77.02891761,84.04640357,90.79729669,96.81280125,99.78208569,101.3549615,102.2937102,102.2772951,101.4660376,,,,Colombia,CO2
GCAM 5.2,"NGFS1_Current policies (Hot house world, Rep)",COL,Emissions|CO2|Industrial Processes,Mt CO2/yr,,,,7.594875777,,,7.644573611,,,,,7.644463383,,8.996044891,,,,,10.06616821,11.07751347,12.01509771,12.82654817,13.44125944,13.88011977,14.22056417,14.47889134,14.60065898,14.63496177,14.54592805,14.3396389,13.99649454,13.57800456,13.09042382,12.53597553,,,,Colombia,CO2
GCAM 5.2,"NGFS1_Current policies (Hot house world, Rep)",COL,Emissions|N2O|AFOLU,Mt CO2e/yr,,,,16.21046707098,,,17.19877494699,,,,,18.06247446003,,19.1886569784,,,,,20.61403301685,21.907599001470004,23.02354290327,24.06292054803,25.214274261539998,26.270204556960003,26.73547446843,27.066996247200002,27.280174693590002,27.3724903452,27.378790093200003,27.29290394376,27.124459943490002,26.89081363878,26.602947805979998,26.267974043219997,,,,Colombia,N2O
GCAM 5.2,"NGFS1_Immediate 2C with CDR (Orderly, Rep)",COL,Carbon Sequestration|CCS|Biomass,Mt CO2/yr,,,,0.0,,,0.0,,,,,0.0,,0.0,,,,,0.183498847,1.320707621,7.32666336,18.66170763,30.78592909,44.68893217,58.27253749,72.12487861,82.11010269,87.44381756,90.62522701,88.78482347,80.90584133,75.66922666,70.60671702,72.69840753,,,,Colombia,
GCAM 5.2,"NGFS1_Immediate 2C with CDR (Orderly, Rep)",COL,Emissions|CH4|AFOLU,Mt CO2e/yr,,,,52.149990172,,,56.294968044,,,,,54.93355462,,58.69582796,,,,,61.308225748,65.41111396400001,68.63836658000001,71.398007716,73.930364284,75.897134404,75.634298068,75.120281964,74.807438748,75.140115344,75.304804232,75.28846900399999,75.13799742399999,74.729971428,74.148756724,73.12964357999999,,,,Colombia,CH4
GCAM 5.2,"NGFS1_Immediate 2C with CDR (Orderly, Rep)",COL,Emissions|CO2|AFOLU,Mt CO2/yr,,,,-25.16344701,,,-29.1851374,,,,,14.21451854,,19.88011302,,,,,25.5457075,31.21130198,36.87689647,42.54249095,37.30727224,32.07205352,26.83683481,21.6016161,16.36639739,11.13117868,5.895959968,0.660741257,-4.574477454,-9.809696166,-15.04491488,-20.28013359,,,,Colombia,CO2
GCAM 5.2,"NGFS1_Immediate 2C with CDR (Orderly, Rep)",COL,Emissions|CO2|Energy and Industrial Processes,Mt CO2/yr,,,,64.54433961,,,77.67001963,,,,,88.54847294,,101.6453693,,,,,90.07371285,90.35549629,80.00957972,55.8038017,31.88281565,5.81649454,-18.8255784,-43.89069933,-67.69052782,-78.70033959,-86.61318741,-87.60187216,-82.9515099,-70.38815292,-61.38349199,-63.0918144,,,,Colombia,CO2
GCAM 5.2,"NGFS1_Immediate 2C with CDR (Orderly, Rep)",COL,Emissions|CO2|Energy|Demand,Mt CO2/yr,,,,45.97320263,,,51.08799412,,,,,60.28161824,,67.12553836,,,,,62.08359744,63.58452045,62.80075593,58.49366435,53.62951807,47.8024504,42.30240306,37.01356662,30.98241459,27.20300774,24.20665749,22.95104624,22.34073904,26.91613029,30.90346452,36.24815957,,,,Colombia,CO2
GCAM 5.2,"NGFS1_Immediate 2C with CDR (Orderly, Rep)",COL,Emissions|CO2|Energy|Demand|Industry,Mt CO2/yr,,,,16.6921214,,,18.11785917,,,,,13.58584468,,18.50966714,,,,,13.27051852,13.20093752,12.50178905,10.75447633,9.140244331,7.10403920399999,4.948768983,3.261606629,2.121264297,1.958858682,2.579481922,2.763986064,2.545388987,7.069724525,11.62606162,19.40690314,,,,Colombia,CO2
GCAM 5.2,"NGFS1_Immediate 2C with CDR (Orderly, Rep)",COL,Emissions|CO2|Energy|Demand|Residential and Commercial,Mt CO2/yr,,,,4.678925205,,,4.990845762,,,,,11.61756771,,11.78317842,,,,,10.34253368,9.997563482,9.18891784,7.344815838,5.854840485,4.446316605,3.315148544,2.297656099,1.458601478,0.89364717,0.499204644,0.284125771,0.159035361,0.089269294,0.05043519,0.024042852,,,,Colombia,CO2
GCAM 5.2,"NGFS1_Immediate 2C with CDR (Orderly, Rep)",COL,Emissions|CO2|Energy|Demand|Transportation,Mt CO2/yr,,,,24.60215602,,,27.97928919,,,,,35.07820585,,36.8326928,,,,,38.47054525,40.38601945,41.11004904,40.39437219,38.63443326,36.25209459,34.03848553,31.45430389,27.40254881,24.35050189,21.12797092,19.9029344,19.6363147,19.75713647,19.22696771,16.81721358,,,,Colombia,CO2
GCAM 5.2,"NGFS1_Immediate 2C with CDR (Orderly, Rep)",COL,Emissions|CO2|Energy|Supply,Mt CO2/yr,,,,10.97626121,,,18.9374519,,,,,20.62239132,,25.52378603,,,,,23.62364924,22.94742775,14.0112598,-5.106477191,-22.84553094,-41.46244259,-58.67049959,-76.05270888,-90.48146179,-94.32731734,-94.76656379,-90.51670177,-81.84378501,-72.73184149,-67.66242645,-70.71784649,,,,Colombia,CO2
GCAM 5.2,"NGFS1_Immediate 2C with CDR (Orderly, Rep)",COL,Emissions|CO2|Energy|Supply|Electricity,Mt CO2/yr,,,,6.32568079,,,10.46414352,,,,,16.50342858,,21.32938249,,,,,19.57874764,19.70071742,13.46759459,-0.550608588,-10.61973581,-19.27877694,-26.44274355,-34.13895797,-42.33960799,-45.15934229,-46.28206245,-45.31915782,-42.02372903,-39.51841549,-39.52838644,-46.98565772,,,,Colombia,CO2
GCAM 5.2,"NGFS1_Immediate 2C with CDR (Orderly, Rep)",COL,Emissions|CO2|Industrial Processes,Mt CO2/yr,,,,7.594875777,,,7.644573611,,,,,7.644463383,,8.996044891,,,,,4.366466167,3.823548093,3.197563992,2.416614536,1.098828521,-0.523513268,-2.457481872,-4.851557068,-8.19148062,-11.57602999,-16.05328111,-20.03621662,-23.44846394,-24.57244172,-24.62453006,-28.62212748,,,,Colombia,CO2
GCAM 5.2,"NGFS1_Immediate 2C with CDR (Orderly, Rep)",COL,Emissions|N2O|AFOLU,Mt CO2e/yr,,,,16.21046707098,,,17.19877494699,,,,,18.06247446003,,19.1886569784,,,,,20.20233263685,21.539010983489998,22.86265424625,24.24361311645,25.913725241039998,27.592718844600004,28.671340288499998,29.563158807,30.828823580099996,30.933487903499998,30.906288749699996,30.6394824645,30.2944390203,29.438722404,28.8671114823,28.712580351,,,,Colombia,N2O
GCAM 5.3,NGFS2_Below 2¬∞C,COL,Carbon Sequestration|CCS|Biomass,Mt CO2/yr,,,,,,,0.0,,,,,0.0,,0.0,,,,,0.000697309,0.015821853,0.343998219,1.562943191,4.523712808,10.14833348,14.0353712,17.64175473,23.00763541,25.59479917,28.00830989,30.63670595,33.29570894,35.55531399,37.22544534,38.32632229,,,,Colombia,
GCAM 5.3,NGFS2_Below 2¬∞C,COL,Carbon Sequestration|CCS|Biomass|Energy|Demand|Industry,Mt CO2/yr,,,,,,,0.0,,,,,0.0,,0.0,,,,,0.0,0.0,0.017824182,0.044521514,0.068601836,0.088220301,0.096698662,0.096405351,0.086975079,0.072891411,0.059139446,0.047182811,0.037414658,0.030056923,0.024660201,0.021093008,,,,Colombia,
GCAM 5.3,NGFS2_Below 2¬∞C,COL,Carbon Sequestration|CCS|Biomass|Energy|Supply,Mt CO2/yr,,,,,,,0.0,,,,,0.0,,0.0,,,,,0.000697309,0.015821853,0.326174037,1.518421677,4.455110972,10.06011318,13.93867254,17.54534938,22.92066033,25.52190775,27.94917044,30.58952314,33.25829428,35.52525706,37.20078514,38.30522928,,,,Colombia,
GCAM 5.3,NGFS2_Below 2¬∞C,COL,Carbon Sequestration|CCS|Biomass|Energy|Supply|Electricity,Mt CO2/yr,,,,,,,0.0,,,,,0.0,,0.0,,,,,0.000697309,0.015821853,0.208902073,1.218060123,3.772960357,8.680932027,12.21452906,15.37921331,18.47744397,19.9451629,21.46639869,23.08657396,24.96842707,26.62609715,27.61386351,27.01116906,,,,Colombia,
GCAM 5.3,NGFS2_Below 2¬∞C,COL,Carbon Sequestration|CCS|Biomass|Energy|Supply|Hydrogen,Mt CO2/yr,,,,,,,0.0,,,,,0.0,,0.0,,,,,0.0,0.0,0.032403363,0.084173841,0.210519486,0.592522387,0.537408716,0.786247071,1.407010128,1.080112098,0.868046746,0.885415747,0.770810403,0.687302062,0.790309739,0.94952742,,,,Colombia,
GCAM 5.3,NGFS2_Below 2¬∞C,COL,Carbon Sequestration|CCS|Biomass|Energy|Supply|Liquids,Mt CO2/yr,,,,,,,0.0,,,,,0.0,,0.0,,,,,0.0,0.0,0.084868601,0.216187713,0.47163113,0.786658765,1.186734763,1.379888996,3.036206224,4.496632754,5.614725012,6.61753343,7.519056807,8.211857848,8.796611891,10.34453281,,,,Colombia,
GCAM 5.3,NGFS2_Below 2¬∞C,COL,Emissions|CH4|AFOLU,Mt CO2e/yr,,,,,,,56.886802868000004,,,,,58.88624436799999,,59.455932395999994,,,,,59.7953685,61.96305897599999,63.90922552,65.84392620400001,66.91535502400001,67.051638416,64.718072244,61.819209396000005,57.863122772,59.410026536,59.793411636,59.398288124000004,58.737106428000004,57.985213104,57.028203064,55.255680396,,,,Colombia,CH4
GCAM 5.3,NGFS2_Below 2¬∞C,COL,Emissions|CH4|AFOLU|Agriculture,Mt CO2e/yr,,,,,,,56.29496768,,,,,54.933552072000005,,57.791728064,,,,,58.302950579999994,60.645811800000004,62.627150068,64.680148484,66.008543216,66.305808884,64.194070612,61.317205516,57.361413592,58.18178175600001,58.735583704,58.689570716,58.230339636000004,57.483468364000004,56.526267168000004,54.753574008,,,,Colombia,CH4
GCAM 5.3,NGFS2_Below 2¬∞C,COL,Emissions|CH4|Energy|Demand|Industry,Mt CO2e/yr,,,,,,,0.086665908,,,,,0.09667756,,0.10624885599999999,,,,,0.117057388,0.130069492,0.133745752,0.133615916,0.12822625199999999,0.11472414800000001,0.08833118,0.052386712,0.012115375999999999,0.008557976,0.0061053159999999995,0.0045136840000000004,0.003860416,0.0035677880000000006,0.003263456,0.0027216000000000002,,,,Colombia,CH4
GCAM 5.3,NGFS2_Below 2¬∞C,COL,Emissions|CH4|Energy|Demand|Residential and Commercial,Mt CO2e/yr,,,,,,,0.983353336,,,,,1.602271468,,1.65294136,,,,,1.5127555799999999,1.234293256,0.9673342,0.7275841160000001,0.482632612,0.267364664,0.13341104,0.05635406,0.0184107,0.017527048,0.01692264,0.015336916,0.013170415999999999,0.010988600000000001,0.009049152000000001,0.007749560000000001,,,,Colombia,CH4
GCAM 5.3,NGFS2_Below 2¬∞C,COL,Emissions|CH4|Energy|Demand|Transportation,Mt CO2e/yr,,,,,,,0.104481888,,,,,0.15387229200000002,,0.152678904,,,,,0.14868263199999998,0.139874196,0.133186788,0.11626129199999999,0.10484488,0.083455204,0.06440557200000001,0.044045876,0.028612779999999997,0.019848248000000002,0.015433768,0.014746816,0.014870912,0.014298228,0.014426832,0.013449156,,,,Colombia,CH4
GCAM 5.3,NGFS2_Below 2¬∞C,COL,Emissions|CH4|Energy|Supply,Mt CO2e/yr,,,,,,,19.514812044000003,,,,,23.180335248,,19.225855879999997,,,,,13.387550512,10.82006156,8.641621268,6.860228060000001,6.251935872000001,5.796579964,5.371746548,4.829850144,4.3500829119999995,3.5739757480000005,3.398699808,3.303067656,3.2440171400000004,3.211433288,3.7269289960000003,3.786854848,,,,Colombia,CH4
GCAM 5.3,NGFS2_Below 2¬∞C,COL,Emissions|CO2|AFOLU,Mt CO2/yr,,,,,,,-29.1851374,,,,,18.89995639,,20.49249996,,,,,12.56007872,4.627657483,-3.304763753,-11.23718499,-19.16960623,-18.0523605,-16.93511477,-15.81786904,-14.70062331,-13.58337759,-12.46613186,-11.34888613,-10.2316404,-9.114394672,-7.997148944,-6.879903216,,,,Colombia,CO2
GCAM 5.3,NGFS2_Below 2¬∞C,COL,Emissions|CO2|Energy and Industrial Processes,Mt CO2/yr,,,,,,,77.44797594,,,,,88.54589814,,92.0532958,,,,,94.70173403,97.91763155,96.95705696,90.8096082,77.1914424,53.57279431,33.33683954,16.24967878,-1.068506604,-5.410453977,-7.93650412,-8.834484145,-8.389988314,-6.40440826,-3.721442096,-3.969649067,,,,Colombia,CO2
GCAM 5.3,NGFS2_Below 2¬∞C,COL,Emissions|CO2|Energy|Demand,Mt CO2/yr,,,,,,,55.85261322,,,,,65.26565769,,69.97107633,,,,,70.87867159,70.9413614,68.39738676,62.8795912,57.06441253,48.79725743,38.53103844,27.31229486,17.36330173,15.86706642,15.85982528,17.72816428,21.47718132,26.63732432,31.9804851,33.8236179,,,,Colombia,CO2
GCAM 5.3,NGFS2_Below 2¬∞C,COL,Emissions|CO2|Energy|Demand|Industry,Mt CO2/yr,,,,,,,22.88225868,,,,,18.56955023,,23.47851396,,,,,25.55886918,26.78222432,25.22766404,23.12649138,21.3743889,19.1023235,14.62427271,9.348147934,4.794269654,4.277179466,4.311881442,5.441332035,8.925504793,14.09712907,19.17684258,21.96148735,,,,Colombia,CO2
GCAM 5.3,NGFS2_Below 2¬∞C,COL,Emissions|CO2|Energy|Demand|Residential and Commercial,Mt CO2/yr,,,,,,,4.990845642,,,,,11.61756772,,11.76339821,,,,,10.71312018,10.46058854,10.14367882,9.670083455,7.985707191,5.567289258,3.469167931,1.804187968,0.69694622,0.821012401,0.96757083,1.04036631,1.027966802,0.968063379,0.883457561,0.803316341,,,,Colombia,CO2
GCAM 5.3,NGFS2_Below 2¬∞C,COL,Emissions|CO2|Energy|Demand|Residential and Commercial|Commercial,Mt CO2/yr,,,,,,,1.189212245,,,,,8.08256555,,8.110559741,,,,,7.588052166,7.426847877,7.195478291,6.841976582,5.691822288,4.028953004,2.540123977,1.328512997,0.509381771,0.588486805,0.682522533,0.722359169,0.701876499,0.652439739,0.590380036,0.53369959,,,,Colombia,CO2
GCAM 5.3,NGFS2_Below 2¬∞C,COL,Emissions|CO2|Energy|Demand|Residential and Commercial|Residential,Mt CO2/yr,,,,,,,3.801633397,,,,,3.535002173,,3.652838465,,,,,3.125068015,3.033740662,2.948200534,2.828106873,2.293884902,1.538336254,0.929043955,0.47567497,0.187564449,0.232525596,0.285048297,0.318007141,0.326090303,0.31562364,0.293077525,0.269616751,,,,Colombia,CO2
GCAM 5.3,NGFS2_Below 2¬∞C,COL,Emissions|CO2|Energy|Demand|Transportation,Mt CO2/yr,,,,,,,27.9795089,,,,,35.07853974,,34.72916417,,,,,34.60668223,33.69854854,33.0260439,30.08301637,27.70431644,24.12764467,20.4375978,16.15995896,11.87208585,10.76887455,10.58037301,11.24646593,11.52370972,11.57213187,11.92018495,11.05881422,,,,Colombia,CO2
GCAM 5.3,NGFS2_Below 2¬∞C,COL,Emissions|CO2|Energy|Demand|Transportation|Freight,Mt CO2/yr,,,,,,,9.978997276,,,,,13.65888679,,13.92522554,,,,,14.26075435,14.59899823,14.90514221,13.76886986,12.58119853,9.21694383,6.587703375,3.893022629,1.868489849,0.906334802,0.574169306,0.388418977,0.387088441,0.403565272,0.39477973,0.357102302,,,,Colombia,CO2
GCAM 5.3,NGFS2_Below 2¬∞C,COL,Emissions|CO2|Energy|Demand|Transportation|Passenger,Mt CO2/yr,,,,,,,12.29922396,,,,,17.86070147,,17.21046466,,,,,16.65019618,15.13253736,13.87251902,11.76825039,10.41960363,10.14255151,9.079969589,7.68257859,6.059993474,5.56788554,5.311624858,5.846234188,5.933435973,5.82209977,6.053425393,5.478819034,,,,Colombia,CO2
GCAM 5.3,NGFS2_Below 2¬∞C,COL,Emissions|CO2|Energy|Supply,Mt CO2/yr,,,,,,,18.93745626,,,,,20.62244421,,19.42744032,,,,,21.27760115,24.38118582,25.89477367,25.25465348,17.56217033,2.377595574,-7.355927424,-12.85873721,-19.24192286,-21.5908545,-23.66851082,-25.97894103,-28.66715241,-31.14596512,-33.06407053,-33.5959145,,,,Colombia,CO2
GCAM 5.3,NGFS2_Below 2¬∞C,COL,Emissions|CO2|Energy|Supply|Electricity,Mt CO2/yr,,,,,,,10.46411104,,,,,16.50344502,,15.41301612,,,,,17.2281179,20.26318109,21.87182322,21.66989685,14.8883131,1.029023698,-7.801360696,-12.43174893,-16.1452339,-17.32593642,-18.49219654,-19.82311309,-21.74180926,-23.63581615,-24.92881762,-23.69788788,,,,Colombia,CO2
GCAM 5.3,NGFS2_Below 2¬∞C,COL,Emissions|CO2|Industrial Processes,Mt CO2/yr,,,,,,,2.657906453,,,,,2.657796244,,2.654779138,,,,,2.54546129,2.595084324,2.66489653,2.67536351,2.564859533,2.397941302,2.161728524,1.796121127,0.810114525,0.313334104,-0.12781858,-0.58370739,-1.200017221,-1.895767463,-2.637856666,-4.197352473,,,,Colombia,CO2
GCAM 5.3,NGFS2_Below 2¬∞C,COL,Emissions|N2O|AFOLU,Mt CO2e/yr,,,,,,,18.03527477661,,,,,20.868995541030003,,20.46386842773,,,,,20.61206370405,21.199167247440002,21.8197852509,22.349729553059998,22.63769227083,22.69221286878,22.032240342839998,21.23568045144,20.14976843607,20.8103541555,20.85610230795,20.62546369884,20.37322196637,20.166970551,19.91802590505,19.45798971207,,,,Colombia,N2O
GCAM 5.3,NGFS2_Below 2¬∞C,COL,Emissions|N2O|AFOLU|Agriculture,Mt CO2e/yr,,,,,,,17.19877518996,,,,,18.06247305954,,18.96652662996,,,,,19.20988884906,19.88953029336,20.520032783250002,21.11506024446,21.549385884390002,21.69378209544,21.15987046719,20.37506774121,19.261996572,19.48104861885,19.59856034409,19.53951192375,19.37341574805,19.14040265865,18.862519406640004,18.36762638256,,,,Colombia,N2O
GCAM 5.3,NGFS2_Current Policies,COL,Carbon Sequestration|CCS|Biomass,Mt CO2/yr,,,,,,,0.0,,,,,0.0,,0.0,,,,,0.0,0.0,0.0,0.0,0.0,0.0,0.0,0.0,0.0,0.0,0.0,0.0,0.0,0.0,0.0,0.0,,,,Colombia,
GCAM 5.3,NGFS2_Current Policies,COL,Carbon Sequestration|CCS|Biomass|Energy|Demand|Industry,Mt CO2/yr,,,,,,,0.0,,,,,0.0,,0.0,,,,,0.0,0.0,0.0,0.0,0.0,0.0,0.0,0.0,0.0,0.0,0.0,0.0,0.0,0.0,0.0,0.0,,,,Colombia,
GCAM 5.3,NGFS2_Current Policies,COL,Carbon Sequestration|CCS|Biomass|Energy|Supply,Mt CO2/yr,,,,,,,0.0,,,,,0.0,,0.0,,,,,0.0,0.0,0.0,0.0,0.0,0.0,0.0,0.0,0.0,0.0,0.0,0.0,0.0,0.0,0.0,0.0,,,,Colombia,
GCAM 5.3,NGFS2_Current Policies,COL,Carbon Sequestration|CCS|Biomass|Energy|Supply|Electricity,Mt CO2/yr,,,,,,,0.0,,,,,0.0,,0.0,,,,,0.0,0.0,0.0,0.0,0.0,0.0,0.0,0.0,0.0,0.0,0.0,0.0,0.0,0.0,0.0,0.0,,,,Colombia,
GCAM 5.3,NGFS2_Current Policies,COL,Carbon Sequestration|CCS|Biomass|Energy|Supply|Hydrogen,Mt CO2/yr,,,,,,,0.0,,,,,0.0,,0.0,,,,,0.0,0.0,0.0,0.0,0.0,0.0,0.0,0.0,0.0,0.0,0.0,0.0,0.0,0.0,0.0,0.0,,,,Colombia,
GCAM 5.3,NGFS2_Current Policies,COL,Carbon Sequestration|CCS|Biomass|Energy|Supply|Liquids,Mt CO2/yr,,,,,,,0.0,,,,,0.0,,0.0,,,,,0.0,0.0,0.0,0.0,0.0,0.0,0.0,0.0,0.0,0.0,0.0,0.0,0.0,0.0,0.0,0.0,,,,Colombia,
GCAM 5.3,NGFS2_Current Policies,COL,Emissions|CH4|AFOLU,Mt CO2e/yr,,,,,,,56.886802868000004,,,,,58.88624436799999,,59.456073712000006,,,,,63.869925084,68.47249976,72.003553104,75.16145658,78.55645526400001,81.53709600399999,82.0086617,82.50054624,82.697528592,82.632502008,82.380546724,81.89835827600001,81.158606368,80.24949130799999,79.20993136000001,78.044969576,,,,Colombia,CH4
GCAM 5.3,NGFS2_Current Policies,COL,Emissions|CH4|AFOLU|Agriculture,Mt CO2e/yr,,,,,,,56.29496768,,,,,54.933552072000005,,57.791764744,,,,,61.905394432,66.36739986799999,70.022029056,73.375148168,76.867915936,80.01288702400001,80.98896778,81.660734456,82.005060928,82.069218924,81.87459265999999,81.39223906800001,80.65223586,79.74277948,78.70284394,77.53743676,,,,Colombia,CH4
GCAM 5.3,NGFS2_Current Policies,COL,Emissions|CH4|Energy|Demand|Industry,Mt CO2e/yr,,,,,,,0.086665908,,,,,0.09667756,,0.106242528,,,,,0.122957548,0.144159456,0.163162468,0.181071492,0.19984972,0.217730548,0.23255425200000002,0.24567751599999998,0.25715468799999996,0.26754646800000004,0.27584858,0.281495144,0.2846907,0.286435912,0.28725034800000004,0.289182824,,,,Colombia,CH4
GCAM 5.3,NGFS2_Current Policies,COL,Emissions|CH4|Energy|Demand|Residential and Commercial,Mt CO2e/yr,,,,,,,0.983353336,,,,,1.602271468,,1.6529674559999998,,,,,1.5207557120000001,1.300156536,1.087471364,0.9219287840000001,0.7754848639999999,0.648041632,0.5396426559999999,0.446776064,0.368626608,0.305258296,0.254716616,0.215858692,0.18617508,0.161900284,0.142337104,0.140111356,,,,Colombia,CH4
GCAM 5.3,NGFS2_Current Policies,COL,Emissions|CH4|Energy|Demand|Transportation,Mt CO2e/yr,,,,,,,0.104481888,,,,,0.15387229200000002,,0.152677868,,,,,0.152530532,0.147066976,0.14378876399999999,0.130870376,0.126674268,0.12079580799999999,0.125853896,0.127980412,0.132441372,0.143739736,0.149162468,0.15591758,0.166990348,0.172150328,0.180528516,0.19048990799999999,,,,Colombia,CH4
GCAM 5.3,NGFS2_Current Policies,COL,Emissions|CH4|Energy|Supply,Mt CO2e/yr,,,,,,,19.514812044000003,,,,,23.180335248,,19.226972436,,,,,16.678803008,14.039981032,12.159001988,10.159077992,9.61497404,9.238338704,8.548266748,7.594099548000001,6.869270688,6.802978616,6.982423336,7.283977736000001,7.528795343999999,7.815357312,8.022268324,7.852161659999999,,,,Colombia,CH4
GCAM 5.3,NGFS2_Current Policies,COL,Emissions|CO2|AFOLU,Mt CO2/yr,,,,,,,-29.1851374,,,,,18.89995639,,20.4857809,,,,,15.56017526,10.63456962,13.17352508,10.53912474,7.904724408,5.270324074,-3.498025661,-5.530992155,-7.143432039,-8.181810366,-8.569915053,-8.878747919,-9.402261568,-10.11901802,-11.01463817,-11.86784511,,,,Colombia,CO2
GCAM 5.3,NGFS2_Current Policies,COL,Emissions|CO2|Energy and Industrial Processes,Mt CO2/yr,,,,,,,77.44797594,,,,,88.54589814,,92.05390905,,,,,103.3293044,117.9442299,138.0635005,156.8041931,177.1736157,198.2431994,222.1649131,245.0842331,268.4357968,291.2046771,310.1310794,328.4248969,337.1679813,340.2115177,343.1636704,326.1821011,,,,Colombia,CO2
GCAM 5.3,NGFS2_Current Policies,COL,Emissions|CO2|Energy|Demand,Mt CO2/yr,,,,,,,55.85261322,,,,,65.26565769,,69.97126591,,,,,76.52457015,84.04961557,91.50890179,97.10646985,104.5420857,112.407805,122.0106906,131.3896771,142.4797643,153.6645912,162.6682887,171.7873933,176.7680705,178.1828212,179.8802607,180.9840013,,,,Colombia,CO2
GCAM 5.3,NGFS2_Current Policies,COL,Emissions|CO2|Energy|Demand|Industry,Mt CO2/yr,,,,,,,22.88225868,,,,,18.56955023,,23.4791445,,,,,28.92180566,35.28962032,41.57878636,47.85531009,54.82154306,62.07825946,69.79602865,77.79374236,86.5652549,95.25666948,103.1047836,110.2274985,113.6666832,114.6927325,114.8382957,113.6199766,,,,Colombia,CO2
GCAM 5.3,NGFS2_Current Policies,COL,Emissions|CO2|Energy|Demand|Residential and Commercial,Mt CO2/yr,,,,,,,4.990845642,,,,,11.61756772,,11.76306182,,,,,12.15111685,13.3123166,14.07321117,15.15892326,15.98731408,16.46629522,16.71023815,16.90705537,16.87764904,16.79004908,16.55874387,16.1574791,15.6218423,15.00951243,14.27033716,15.01790714,,,,Colombia,CO2
GCAM 5.3,NGFS2_Current Policies,COL,Emissions|CO2|Energy|Demand|Residential and Commercial|Commercial,Mt CO2/yr,,,,,,,1.189212245,,,,,8.08256555,,8.110343745,,,,,8.295473716,8.972824978,9.458506459,10.10997191,10.57660313,10.82770802,10.90616187,10.92404611,10.80234693,10.65605562,10.44420318,10.15987747,9.823421062,9.439689856,8.986547964,9.404651268,,,,Colombia,CO2
GCAM 5.3,NGFS2_Current Policies,COL,Emissions|CO2|Energy|Demand|Residential and Commercial|Residential,Mt CO2/yr,,,,,,,3.801633397,,,,,3.535002173,,3.652718079,,,,,3.855643136,4.339491626,4.614704707,5.048951345,5.410710949,5.638587197,5.804076273,5.983009253,6.075302118,6.133993465,6.114540693,5.997601632,5.798421235,5.569822569,5.283789192,5.61325587,,,,Colombia,CO2
GCAM 5.3,NGFS2_Current Policies,COL,Emissions|CO2|Energy|Demand|Transportation,Mt CO2/yr,,,,,,,27.9795089,,,,,35.07853974,,34.72905959,,,,,35.45164765,35.44767864,35.85690426,34.09223649,33.73322858,33.86325029,35.50442376,36.68887933,39.03686034,41.61787265,43.0047612,45.40241575,47.47954494,48.48057626,50.77162785,52.34611755,,,,Colombia,CO2
GCAM 5.3,NGFS2_Current Policies,COL,Emissions|CO2|Energy|Demand|Transportation|Freight,Mt CO2/yr,,,,,,,9.978997276,,,,,13.65888679,,13.9251564,,,,,14.70729493,15.47500089,16.2694211,15.77495275,15.78216836,14.69731833,15.78567473,16.37703907,16.37605922,18.17574226,19.22670286,19.53610763,21.27819878,22.35665055,23.11398335,24.7192843,,,,Colombia,CO2
GCAM 5.3,NGFS2_Current Policies,COL,Emissions|CO2|Energy|Demand|Transportation|Passenger,Mt CO2/yr,,,,,,,12.29922396,,,,,17.86070147,,17.21045679,,,,,16.88387787,15.67108739,14.82503362,13.09884346,12.30635191,13.10518908,13.13512141,13.21243451,15.0737557,15.38389546,15.29165795,16.99903099,16.98722059,16.59978215,17.86931485,17.60960348,,,,Colombia,CO2
GCAM 5.3,NGFS2_Current Policies,COL,Emissions|CO2|Energy|Supply,Mt CO2/yr,,,,,,,18.93745626,,,,,20.62244421,,19.42788701,,,,,23.83576197,30.5018931,42.66008724,55.35818733,68.00344489,81.00857038,95.16371673,108.5946074,120.8457864,132.5046752,142.625175,152.1104556,156.2385297,158.2719096,159.9778291,142.391781,,,,Colombia,CO2
GCAM 5.3,NGFS2_Current Policies,COL,Emissions|CO2|Energy|Supply|Electricity,Mt CO2/yr,,,,,,,10.46411104,,,,,16.50344502,,15.41349032,,,,,19.63306367,26.06082251,37.96222611,50.52389295,62.93745928,75.46426035,89.01661174,101.9014038,113.2922652,124.180873,133.5097295,141.5835832,144.2445157,145.039002,144.9687153,126.12473,,,,Colombia,CO2
GCAM 5.3,NGFS2_Current Policies,COL,Emissions|CO2|Industrial Processes,Mt CO2/yr,,,,,,,2.657906453,,,,,2.657796244,,2.654756132,,,,,2.968972225,3.392721278,3.894511457,4.339535952,4.62808507,4.826823998,4.990505799,5.099948644,5.110246098,5.03541076,4.837615681,4.527047996,4.161381153,3.756786907,3.305580625,2.80631871,,,,Colombia,CO2
GCAM 5.3,NGFS2_Current Policies,COL,Emissions|N2O|AFOLU,Mt CO2e/yr,,,,,,,18.03527477661,,,,,20.868995541030003,,20.46394995645,,,,,21.81052946982,23.12185263297,24.07427940099,24.89311811259,25.84895335113,26.659545461639997,26.73149282895,26.877791667089998,26.94979953393,26.941046728049997,26.89661849784,26.827114587,26.681504776289998,26.46993348636,26.221096844669997,25.94124911469,,,,Colombia,N2O
GCAM 5.3,NGFS2_Current Policies,COL,Emissions|N2O|AFOLU|Agriculture,Mt CO2e/yr,,,,,,,17.19877518996,,,,,18.06247305954,,18.96654875934,,,,,20.13424664433,21.354457728240003,22.372299443130004,23.298883062,24.30815130198,25.210350132240002,25.56938944287,25.81530155022,25.967597442149998,26.02796658462,26.01071256147,25.935220764180002,25.783226070420003,25.56402388176,25.30690503159,25.02063297006,,,,Colombia,N2O
GCAM 5.3,NGFS2_Delayed Transition,COL,Carbon Sequestration|CCS|Biomass,Mt CO2/yr,,,,,,,0.0,,,,,0.0,,0.0,,,,,0.0,0.0,1.040995552,4.306102551,5.806829778,3.457613648,12.42128594,18.85453354,22.25332808,24.97305374,27.83596244,30.84948301,33.39078979,36.06620009,38.33073582,44.33934301,,,,Colombia,
GCAM 5.3,NGFS2_Delayed Transition,COL,Carbon Sequestration|CCS|Biomass|Energy|Demand|Industry,Mt CO2/yr,,,,,,,0.0,,,,,0.0,,0.0,,,,,0.0,0.0,0.046168104,0.086182075,0.093619835,0.091982375,0.088785995,0.07618487,0.060925603,0.050385666,0.039876967,0.027821219,0.017450213,0.010506677,0.006340156,0.00390879,,,,Colombia,
GCAM 5.3,NGFS2_Delayed Transition,COL,Carbon Sequestration|CCS|Biomass|Energy|Supply,Mt CO2/yr,,,,,,,0.0,,,,,0.0,,0.0,,,,,0.0,0.0,0.994827448,4.219920476,5.713209943,3.365631273,12.33249995,18.77834867,22.19240247,24.92266807,27.79608548,30.82166179,33.37333958,36.05569342,38.32439567,44.33543422,,,,Colombia,
GCAM 5.3,NGFS2_Delayed Transition,COL,Carbon Sequestration|CCS|Biomass|Energy|Supply|Electricity,Mt CO2/yr,,,,,,,0.0,,,,,0.0,,0.0,,,,,0.0,0.0,0.916832117,3.979596862,5.498312,3.202830581,10.76959315,13.80870129,12.60383169,10.79687821,9.938319425,9.09356549,8.458270237,9.986419203,11.60814028,16.85758977,,,,Colombia,
GCAM 5.3,NGFS2_Delayed Transition,COL,Carbon Sequestration|CCS|Biomass|Energy|Supply|Hydrogen,Mt CO2/yr,,,,,,,0.0,,,,,0.0,,0.0,,,,,0.0,0.0,0.057048572,0.088647175,0.053899638,0.119023677,0.935660085,2.975657937,4.691317093,5.285610481,5.23882381,5.367413821,4.711447095,3.292894299,2.440438222,1.932436176,,,,Colombia,
GCAM 5.3,NGFS2_Delayed Transition,COL,Carbon Sequestration|CCS|Biomass|Energy|Supply|Liquids,Mt CO2/yr,,,,,,,0.0,,,,,0.0,,0.0,,,,,0.0,0.0,0.020946759,0.15167644,0.160998305,0.043777015,0.627246718,1.993989444,4.897253693,8.840179385,12.61894224,16.36068248,20.20362225,22.77637991,24.27581716,25.54540827,,,,Colombia,
GCAM 5.3,NGFS2_Delayed Transition,COL,Emissions|CH4|AFOLU,Mt CO2e/yr,,,,,,,56.886802868000004,,,,,58.88624436799999,,59.456073712000006,,,,,63.869925084,68.47249976,69.333520984,72.422274092,75.519678892,78.18172768,78.59281029600001,78.954562736,78.85451400400001,78.528378068,77.922943672,77.06526343600001,75.99902184,74.8380829,73.597520836,72.252140884,,,,Colombia,CH4
GCAM 5.3,NGFS2_Delayed Transition,COL,Emissions|CH4|AFOLU|Agriculture,Mt CO2e/yr,,,,,,,56.29496768,,,,,54.933552072000005,,57.791764744,,,,,61.905394432,66.36739986799999,67.673281172,70.86267622,74.185620796,77.076538784,77.874112288,78.255175572,78.222995144,77.904291276,77.341759068,76.524131992,75.490714684,74.33839571200001,73.09787405200001,71.752532488,,,,Colombia,CH4
GCAM 5.3,NGFS2_Delayed Transition,COL,Emissions|CH4|Energy|Demand|Industry,Mt CO2e/yr,,,,,,,0.086665908,,,,,0.09667756,,0.106242528,,,,,0.122957548,0.144159456,0.13514188800000002,0.126124936,0.105217728,0.047360684,0.022234352,0.0022624,0.00030520000000000005,0.00015931999999999999,0.00013691999999999998,0.00013328,0.00013328,0.000133,0.00013020000000000002,0.0001246,,,,Colombia,CH4
GCAM 5.3,NGFS2_Delayed Transition,COL,Emissions|CH4|Energy|Demand|Residential and Commercial,Mt CO2e/yr,,,,,,,0.983353336,,,,,1.602271468,,1.6529674559999998,,,,,1.5207557120000001,1.300156536,1.5318614359999998,1.346528092,1.10130944,0.88168598,0.729422036,0.580001464,0.453459132,0.37409218,0.301878052,0.231078848,0.177311316,0.13139896,0.095591412,0.081419296,,,,Colombia,CH4
GCAM 5.3,NGFS2_Delayed Transition,COL,Emissions|CH4|Energy|Demand|Transportation,Mt CO2e/yr,,,,,,,0.104481888,,,,,0.15387229200000002,,0.152677868,,,,,0.152530532,0.147066976,0.13295422,0.11289810000000002,0.09205481600000001,0.062184108,0.038107188,0.020306272,0.009128924,0.0037938040000000004,0.0016828,0.0005908,0.00020132,6.216e-05,2.2204e-05,8.735999999999999e-06,,,,Colombia,CH4
GCAM 5.3,NGFS2_Delayed Transition,COL,Emissions|CH4|Energy|Supply,Mt CO2e/yr,,,,,,,19.514812044000003,,,,,23.180335248,,19.226972436,,,,,16.678803008,14.039981032,8.201266052,6.20280794,5.3554001200000005,4.379713184,3.623914056,2.682983912,1.8591021959999998,1.292308248,0.907508784,0.64515458,0.46997692,0.32692282,0.18989177200000001,0.132818084,,,,Colombia,CH4
GCAM 5.3,NGFS2_Delayed Transition,COL,Emissions|CO2|AFOLU,Mt CO2/yr,,,,,,,-29.1851374,,,,,18.89995639,,20.4857809,,,,,15.56017526,10.63456962,5.708963987,0.78335835,-4.142247286,-9.067852923,-13.99345856,-18.9190642,-23.84466983,-28.77027547,-33.69588111,-38.62148674,-43.54709238,-33.16786776,-22.78864313,-12.40941851,,,,Colombia,CO2
GCAM 5.3,NGFS2_Delayed Transition,COL,Emissions|CO2|Energy and Industrial Processes,Mt CO2/yr,,,,,,,77.44797594,,,,,88.54589814,,92.05390905,,,,,103.3293044,117.9442299,97.95633734,81.68144879,55.61882005,32.75833702,13.03329375,-4.511420008,-15.24428283,-23.41304209,-30.50542779,-37.44441674,-43.88444727,-49.2572743,-53.24915527,-60.40243185,,,,Colombia,CO2
GCAM 5.3,NGFS2_Delayed Transition,COL,Emissions|CO2|Energy|Demand,Mt CO2/yr,,,,,,,55.85261322,,,,,65.26565769,,69.97126591,,,,,76.52457015,84.04961557,70.44365539,61.2318421,48.35509353,29.50028755,19.82128528,10.43048832,5.839537439,3.645824241,2.551608532,1.885344394,1.417804024,1.194229581,1.102941966,1.011506618,,,,Colombia,CO2
GCAM 5.3,NGFS2_Delayed Transition,COL,Emissions|CO2|Energy|Demand|Industry,Mt CO2/yr,,,,,,,22.88225868,,,,,18.56955023,,23.4791445,,,,,28.92180566,35.28962032,28.01004657,24.06646758,19.07289051,10.39104277,6.090243043,2.079278346,1.145743695,0.989856999,0.891906059,0.792244656,0.698380598,0.621438345,0.555207786,0.495991093,,,,Colombia,CO2
GCAM 5.3,NGFS2_Delayed Transition,COL,Emissions|CO2|Energy|Demand|Residential and Commercial,Mt CO2/yr,,,,,,,4.990845642,,,,,11.61756772,,11.76306182,,,,,12.15111685,13.3123166,9.631361387,8.188855114,4.615171465,1.237335761,0.796122865,0.254110742,0.085780151,0.039030506,0.020472455,0.011420417,0.006904309,0.004436134,0.003022517,0.002457165,,,,Colombia,CO2
GCAM 5.3,NGFS2_Delayed Transition,COL,Emissions|CO2|Energy|Demand|Residential and Commercial|Commercial,Mt CO2/yr,,,,,,,1.189212245,,,,,8.08256555,,8.110343745,,,,,8.295473716,8.972824978,6.820691724,5.88877945,3.441194135,0.958574865,0.609238146,0.191355947,0.062866312,0.027708962,0.01406604,0.00759415,0.004451051,0.002812719,0.001907026,0.001544737,,,,Colombia,CO2
GCAM 5.3,NGFS2_Delayed Transition,COL,Emissions|CO2|Energy|Demand|Residential and Commercial|Residential,Mt CO2/yr,,,,,,,3.801633397,,,,,3.535002173,,3.652718079,,,,,3.855643136,4.339491626,2.810669662,2.300075664,1.17397733,0.278760896,0.186884719,0.062754795,0.022913839,0.011321544,0.006406415,0.003826267,0.002453258,0.001623415,0.001115491,0.000912428,,,,Colombia,CO2
GCAM 5.3,NGFS2_Delayed Transition,COL,Emissions|CO2|Energy|Demand|Transportation,Mt CO2/yr,,,,,,,27.9795089,,,,,35.07853974,,34.72905959,,,,,35.45164765,35.44767864,32.80224744,28.97651941,24.66703156,17.87190902,12.93491938,8.097099234,4.608013593,2.616936737,1.639230018,1.081679321,0.712519117,0.568355102,0.544711662,0.51305836,,,,Colombia,CO2
GCAM 5.3,NGFS2_Delayed Transition,COL,Emissions|CO2|Energy|Demand|Transportation|Freight,Mt CO2/yr,,,,,,,9.978997276,,,,,13.65888679,,13.9251564,,,,,14.70729493,15.47500089,14.7673685,13.14935491,10.72573016,6.675856314,3.516901728,1.457017021,0.365037808,0.065752505,0.043785568,0.030473975,0.021125042,0.016446865,0.014199872,0.011375019,,,,Colombia,CO2
GCAM 5.3,NGFS2_Delayed Transition,COL,Emissions|CO2|Energy|Demand|Transportation|Passenger,Mt CO2/yr,,,,,,,12.29922396,,,,,17.86070147,,17.21045679,,,,,16.88387787,15.67108739,13.86750432,11.47742322,9.674425668,7.561361711,5.870785956,3.759742648,2.086941063,0.991927198,0.45029503,0.215479108,0.107076337,0.074225675,0.069186691,0.058977439,,,,Colombia,CO2
GCAM 5.3,NGFS2_Delayed Transition,COL,Emissions|CO2|Energy|Supply,Mt CO2/yr,,,,,,,18.93745626,,,,,20.62244421,,19.42788701,,,,,23.83576197,30.5018931,24.68452609,17.66894641,4.679875635,1.240352386,-8.420879249,-15.58012495,-19.85760257,-23.22029121,-26.51176034,-29.87747984,-32.73088294,-35.58417034,-37.91892771,-43.49068847,,,,Colombia,CO2
GCAM 5.3,NGFS2_Delayed Transition,COL,Emissions|CO2|Energy|Supply|Electricity,Mt CO2/yr,,,,,,,10.46411104,,,,,16.50344502,,15.41349032,,,,,19.63306367,26.06082251,20.69374314,14.18360763,1.95573726,-0.578909935,-8.334812437,-11.65300721,-11.02644252,-9.664271977,-9.101390124,-8.501181382,-8.076081132,-9.739906156,-11.42916019,-16.23114948,,,,Colombia,CO2
GCAM 5.3,NGFS2_Delayed Transition,COL,Emissions|CO2|Industrial Processes,Mt CO2/yr,,,,,,,2.657906453,,,,,2.657796244,,2.654756132,,,,,2.968972225,3.392721278,2.828155857,2.780660274,2.583850882,2.01769708,1.632887719,0.638216616,-1.226217697,-3.838575116,-6.545275974,-9.452281289,-12.57136835,-14.86733354,-16.43316953,-17.92324999,,,,Colombia,CO2
GCAM 5.3,NGFS2_Delayed Transition,COL,Emissions|N2O|AFOLU,Mt CO2e/yr,,,,,,,18.03527477661,,,,,20.868995541030003,,20.46394995645,,,,,21.81052946982,23.12185263297,23.08353319272,23.87611057104,24.69337671528,25.36814985978,25.4490562326,25.64791847709,25.71251061561,25.73846415777,25.66522519743,25.50625563213,25.276245665580003,25.01593885245,24.72855795228,24.405331442309997,,,,Colombia,N2O
GCAM 5.3,NGFS2_Delayed Transition,COL,Emissions|N2O|AFOLU|Agriculture,Mt CO2e/yr,,,,,,,17.19877518996,,,,,18.06247305954,,18.96654875934,,,,,20.13424664433,21.354457728240003,21.561876204959997,22.408726900559998,23.355277518300003,24.16255377081,24.4545551523,24.65274882252,24.7399158552,24.733057680239998,24.640715787869997,24.45735713421,24.19778022207,23.89456369482,23.56063919937,23.18149880865,,,,Colombia,N2O
GCAM 5.3,NGFS2_Divergent Net Zero Policies,COL,Carbon Sequestration|CCS|Biomass,Mt CO2/yr,,,,,,,0.0,,,,,0.0,,0.0,,,,,0.047516264,0.563171891,4.58612511,9.408981279,10.64186168,5.913115871,9.332787462,15.77254437,20.81772928,24.6148707,28.46999002,32.58203925,37.14715584,41.0206761,45.0980862,48.47299765,,,,Colombia,
GCAM 5.3,NGFS2_Divergent Net Zero Policies,COL,Carbon Sequestration|CCS|Biomass|Energy|Demand|Industry,Mt CO2/yr,,,,,,,0.0,,,,,0.0,,0.0,,,,,0.0,0.0,0.07097714,0.11184581,0.121825194,0.118130991,0.098717786,0.074607433,0.058085575,0.050634031,0.0465504,0.041247414,0.035031136,0.029035457,0.024072453,0.020573064,,,,Colombia,
GCAM 5.3,NGFS2_Divergent Net Zero Policies,COL,Carbon Sequestration|CCS|Biomass|Energy|Supply,Mt CO2/yr,,,,,,,0.0,,,,,0.0,,0.0,,,,,0.047516264,0.563171891,4.51514797,9.297135469,10.52003649,5.79498488,9.234069677,15.69793694,20.75964371,24.56423667,28.42343962,32.54079184,37.11212471,40.99164065,45.07401374,48.45242458,,,,Colombia,
GCAM 5.3,NGFS2_Divergent Net Zero Policies,COL,Carbon Sequestration|CCS|Biomass|Energy|Supply|Electricity,Mt CO2/yr,,,,,,,0.0,,,,,0.0,,0.0,,,,,0.047516264,0.563171891,4.39504446,9.138309021,10.33968121,5.315354271,8.177584025,13.19831047,16.15412897,18.9368371,21.9400356,23.53625517,26.07694337,28.09395489,30.78606947,32.74886564,,,,Colombia,
GCAM 5.3,NGFS2_Divergent Net Zero Policies,COL,Carbon Sequestration|CCS|Biomass|Energy|Supply|Hydrogen,Mt CO2/yr,,,,,,,0.0,,,,,0.0,,0.0,,,,,0.0,0.0,0.120103511,0.158826448,0.180355283,0.436670706,0.582347386,1.220215444,1.918026174,1.997332515,1.852840168,2.339876213,2.070251522,1.772312828,1.899348173,2.029932851,,,,Colombia,
GCAM 5.3,NGFS2_Divergent Net Zero Policies,COL,Carbon Sequestration|CCS|Biomass|Energy|Supply|Liquids,Mt CO2/yr,,,,,,,0.0,,,,,0.0,,0.0,,,,,0.0,0.0,0.0,0.0,0.0,0.042959903,0.474138265,1.279411018,2.687488563,3.630067056,4.630563851,6.664660455,8.964929814,11.12537293,12.38859611,13.67362609,,,,Colombia,
GCAM 5.3,NGFS2_Divergent Net Zero Policies,COL,Emissions|CH4|AFOLU,Mt CO2e/yr,,,,,,,56.886802868000004,,,,,58.88624436799999,,59.456073712000006,,,,,54.719099484,56.803163984,56.673675044,56.995171883999994,50.562653904,32.857705272,33.422039168,32.905693352,30.011349816,29.13428826,28.439349008,24.015377232,24.419319932,25.22681084,26.276016256,25.064957147999998,,,,Colombia,CH4
GCAM 5.3,NGFS2_Divergent Net Zero Policies,COL,Emissions|CH4|AFOLU|Agriculture,Mt CO2e/yr,,,,,,,56.29496768,,,,,54.933552072000005,,57.791764744,,,,,53.604253052,55.677532568000004,55.827866248,56.246313283999996,50.05695576,32.349651628,32.374861204,32.092067279999995,29.504165628,28.585709796,27.874315952,23.508081772,23.564273376000003,24.165647688,25.102616784000002,24.527259512,,,,Colombia,CH4
GCAM 5.3,NGFS2_Divergent Net Zero Policies,COL,Emissions|CH4|Energy|Demand|Industry,Mt CO2e/yr,,,,,,,0.086665908,,,,,0.09667756,,0.106242528,,,,,0.108108308,0.11884518799999999,0.10862983600000001,0.09214744000000001,0.06917190000000001,0.011682327999999999,0.006722492,0.003572632,0.001302,0.0007616,0.0005964,0.0003108,0.000308,0.00033319999999999997,0.0003752,0.0003864,,,,Colombia,CH4
GCAM 5.3,NGFS2_Divergent Net Zero Policies,COL,Emissions|CH4|Energy|Demand|Residential and Commercial,Mt CO2e/yr,,,,,,,0.983353336,,,,,1.602271468,,1.6529674559999998,,,,,1.615746888,1.24453714,0.8283429,0.512592136,0.18060336,0.027484352,0.019093227999999997,0.013217063999999999,0.007408548,0.00499338,0.003582824,0.0017388000000000002,0.0013327999999999999,0.0010808,0.0009072,0.0008036,,,,Colombia,CH4
GCAM 5.3,NGFS2_Divergent Net Zero Policies,COL,Emissions|CH4|Energy|Demand|Transportation,Mt CO2e/yr,,,,,,,0.104481888,,,,,0.15387229200000002,,0.152677868,,,,,0.123806704,0.105902496,0.084842128,0.047789616,0.028983667999999997,0.0157234,0.005703908,0.0010332000000000002,0.00021756,5.04e-05,3.08e-05,2.1224e-05,1.2376e-05,6.608e-06,1.1816e-05,1.0724e-05,,,,Colombia,CH4
GCAM 5.3,NGFS2_Divergent Net Zero Policies,COL,Emissions|CH4|Energy|Supply,Mt CO2e/yr,,,,,,,19.514812044000003,,,,,23.180335248,,19.226972436,,,,,12.022227532,9.587405716,7.38770172,5.72149942,4.239167548,2.715173748,2.124643808,1.532311732,0.995119832,0.666990072,0.46175337599999994,0.255474688,0.279303556,0.3520314,0.326651892,0.282676884,,,,Colombia,CH4
GCAM 5.3,NGFS2_Divergent Net Zero Policies,COL,Emissions|CO2|AFOLU,Mt CO2/yr,,,,,,,-29.1851374,,,,,18.89995639,,20.4857809,,,,,9.449563493,-1.586653911,-12.62287132,-23.65908872,-34.69530612,-45.73152353,-41.76361745,-37.79571138,-33.8278053,-29.85989923,-25.89199315,-21.92408708,-17.956181,-13.98827493,-10.02036885,-6.052462777,,,,Colombia,CO2
GCAM 5.3,NGFS2_Divergent Net Zero Policies,COL,Emissions|CO2|Energy and Industrial Processes,Mt CO2/yr,,,,,,,77.44797594,,,,,88.54589814,,92.05390905,,,,,75.48569569,74.11164141,59.27259033,39.60741142,18.96630027,9.717745362,2.468019588,-6.43129956,-13.6745012,-18.17171614,-22.49830816,-29.09762817,-35.52878467,-40.77189663,-45.38194259,-48.92552479,,,,Colombia,CO2
GCAM 5.3,NGFS2_Divergent Net Zero Policies,COL,Emissions|CO2|Energy|Demand,Mt CO2/yr,,,,,,,55.85261322,,,,,65.26565769,,69.97126591,,,,,52.65973485,49.54463854,41.34094927,30.09019779,20.92154704,10.17523197,6.725317851,4.812039377,3.735205816,3.525254897,3.551918542,3.103078503,3.254082455,3.733815908,4.239657011,4.487556589,,,,Colombia,CO2
GCAM 5.3,NGFS2_Divergent Net Zero Policies,COL,Emissions|CO2|Energy|Demand|Industry,Mt CO2/yr,,,,,,,22.88225868,,,,,18.56955023,,23.4791445,,,,,21.67558155,22.03663856,18.63482015,15.03472786,11.2735109,4.853949381,3.599816255,2.688283276,1.956245208,1.761116595,1.725907589,1.55042353,1.704149956,2.121027935,2.425447389,2.63341957,,,,Colombia,CO2
GCAM 5.3,NGFS2_Divergent Net Zero Policies,COL,Emissions|CO2|Energy|Demand|Residential and Commercial,Mt CO2/yr,,,,,,,4.990845642,,,,,11.61756772,,11.76306182,,,,,2.945575668,2.188453993,1.248843122,0.782618003,0.192681,0.020313185,0.018225401,0.016466436,0.011339466,0.010064158,0.009565273,0.00555859,0.005569249,0.00595791,0.006753838,0.007584168,,,,Colombia,CO2
GCAM 5.3,NGFS2_Divergent Net Zero Policies,COL,Emissions|CO2|Energy|Demand|Residential and Commercial|Commercial,Mt CO2/yr,,,,,,,1.189212245,,,,,8.08256555,,8.110343745,,,,,2.429891646,1.80886848,1.031690753,0.639024842,0.155037496,0.016099967,0.014128202,0.012518858,0.008438111,0.007368916,0.006903685,0.003937255,0.003872272,0.004076192,0.004579125,0.005106424,,,,Colombia,CO2
GCAM 5.3,NGFS2_Divergent Net Zero Policies,COL,Emissions|CO2|Energy|Demand|Residential and Commercial|Residential,Mt CO2/yr,,,,,,,3.801633397,,,,,3.535002173,,3.652718079,,,,,0.515684022,0.379585513,0.217152369,0.143593161,0.037643504,0.004213218,0.0040972,0.003947577,0.002901355,0.002695242,0.002661588,0.001621336,0.001696978,0.001881718,0.002174713,0.002477744,,,,Colombia,CO2
GCAM 5.3,NGFS2_Divergent Net Zero Policies,COL,Emissions|CO2|Energy|Demand|Transportation,Mt CO2/yr,,,,,,,27.9795089,,,,,35.07853974,,34.72905959,,,,,28.03857764,25.31954599,21.457286,14.27285192,9.455355138,5.300969403,3.107276194,2.107289665,1.767621142,1.754074144,1.816445679,1.547096382,1.544363249,1.606830063,1.807455784,1.846552851,,,,Colombia,CO2
GCAM 5.3,NGFS2_Divergent Net Zero Policies,COL,Emissions|CO2|Energy|Demand|Transportation|Freight,Mt CO2/yr,,,,,,,9.978997276,,,,,13.65888679,,13.9251564,,,,,11.05275223,10.54655588,9.274788947,4.992822878,2.972940629,1.602386186,0.522696238,0.065763026,0.054564276,0.05525491,0.056541633,0.044957045,0.045133933,0.047215231,0.052594003,0.053762187,,,,Colombia,CO2
GCAM 5.3,NGFS2_Divergent Net Zero Policies,COL,Emissions|CO2|Energy|Demand|Transportation|Passenger,Mt CO2/yr,,,,,,,12.29922396,,,,,17.86070147,,17.21045679,,,,,14.36548218,12.05599125,9.527097156,6.565491458,4.255902659,2.286890494,1.087194668,0.491726101,0.265286692,0.213723399,0.223423439,0.185363946,0.181390861,0.202292872,0.260642766,0.26303136,,,,Colombia,CO2
GCAM 5.3,NGFS2_Divergent Net Zero Policies,COL,Emissions|CO2|Energy|Supply,Mt CO2/yr,,,,,,,18.93745626,,,,,20.62244421,,19.42788701,,,,,20.62952577,22.23023207,15.30087557,6.708989025,-4.641948638,-2.67305881,-6.338377922,-12.83166226,-17.97242554,-21.57676307,-25.19024371,-29.64413292,-34.47738875,-38.49210577,-42.53937941,-45.07438011,,,,Colombia,CO2
GCAM 5.3,NGFS2_Divergent Net Zero Policies,COL,Emissions|CO2|Energy|Supply|Electricity,Mt CO2/yr,,,,,,,10.46411104,,,,,16.50344502,,15.41349032,,,,,17.39598229,19.00232271,12.41823652,4.431378537,-6.165386705,-3.310278372,-6.129868606,-11.06385956,-14.03662042,-16.66136573,-19.4602812,-21.35987148,-24.1391821,-26.27164589,-28.95419515,-30.06014884,,,,Colombia,CO2
GCAM 5.3,NGFS2_Divergent Net Zero Policies,COL,Emissions|CO2|Industrial Processes,Mt CO2/yr,,,,,,,2.657906453,,,,,2.657796244,,2.654756132,,,,,2.196435059,2.336770793,2.630765494,2.808224607,2.686701875,2.215572203,2.081079659,1.588323328,0.56271852,-0.120207971,-0.859982997,-2.556573751,-4.305478365,-6.01360677,-7.082220199,-8.338701269,,,,Colombia,CO2
GCAM 5.3,NGFS2_Divergent Net Zero Policies,COL,Emissions|N2O|AFOLU,Mt CO2e/yr,,,,,,,18.03527477661,,,,,20.868995541030003,,20.46394995645,,,,,19.19958164124,19.820023428659997,19.88366389737,20.03305611216,18.618331114110003,14.751175303410001,15.18785271003,15.06663903654,14.35574921781,14.204052563609999,14.06548131807,13.01928268095,13.2171719043,13.448713081440001,13.69145492715,13.14947025756,,,,Colombia,N2O
GCAM 5.3,NGFS2_Divergent Net Zero Policies,COL,Emissions|N2O|AFOLU|Agriculture,Mt CO2e/yr,,,,,,,17.19877518996,,,,,18.06247305954,,18.96654875934,,,,,18.0150320805,18.61982434221,18.82950250545,19.02924005346,17.75120015487,13.875642261390002,13.97725535115,13.953221648729999,13.370888635650001,13.14859936299,12.951178250009999,11.86881186582,11.81169212769,11.873273947080001,12.00270636474,11.76977658402,,,,Colombia,N2O
GCAM 5.3,NGFS2_Nationally Determined Contributions (NDCs),COL,Carbon Sequestration|CCS|Biomass,Mt CO2/yr,,,,,,,0.0,,,,,0.0,,0.0,,,,,0.000139825,0.001073452,0.094801969,1.165994321,3.228862889,4.225239834,3.732605083,6.669456334,9.565167712,15.16469097,21.91438574,28.77563679,35.06229016,40.92511185,47.06591116,50.93814462,,,,Colombia,
GCAM 5.3,NGFS2_Nationally Determined Contributions (NDCs),COL,Carbon Sequestration|CCS|Biomass|Energy|Demand|Industry,Mt CO2/yr,,,,,,,0.0,,,,,0.0,,0.0,,,,,0.0,0.0,0.006801191,0.026524376,0.042724481,0.048067034,0.04926569,0.049444619,0.047397914,0.05037287,0.05399713,0.055058182,0.052611683,0.046994052,0.039963523,0.033283723,,,,Colombia,
GCAM 5.3,NGFS2_Nationally Determined Contributions (NDCs),COL,Carbon Sequestration|CCS|Biomass|Energy|Supply,Mt CO2/yr,,,,,,,0.0,,,,,0.0,,0.0,,,,,0.000139825,0.001073452,0.088000778,1.139469945,3.186138408,4.177172799,3.683339393,6.620011715,9.517769798,15.1143181,21.86038861,28.72057861,35.00967848,40.8781178,47.02594764,50.90486089,,,,Colombia,
GCAM 5.3,NGFS2_Nationally Determined Contributions (NDCs),COL,Carbon Sequestration|CCS|Biomass|Energy|Supply|Electricity,Mt CO2/yr,,,,,,,0.0,,,,,0.0,,0.0,,,,,0.000139825,0.001073452,0.066789069,1.030519537,2.929460149,3.846008275,3.394407553,6.029881321,8.417251222,12.36958849,16.54322983,20.19066852,23.7900109,27.22214871,30.00697716,31.89659767,,,,Colombia,
GCAM 5.3,NGFS2_Nationally Determined Contributions (NDCs),COL,Carbon Sequestration|CCS|Biomass|Energy|Supply|Hydrogen,Mt CO2/yr,,,,,,,0.0,,,,,0.0,,0.0,,,,,0.0,0.0,0.009069757,0.04189607,0.089680441,0.11002971,0.080475641,0.196230118,0.43725004,1.189881108,1.755427826,2.308826877,2.23880087,2.203193867,2.901745264,2.9362046,,,,Colombia,
GCAM 5.3,NGFS2_Nationally Determined Contributions (NDCs),COL,Carbon Sequestration|CCS|Biomass|Energy|Supply|Liquids,Mt CO2/yr,,,,,,,0.0,,,,,0.0,,0.0,,,,,0.0,0.0,0.012141951,0.067054338,0.166997818,0.221134814,0.208456199,0.393900276,0.663268536,1.554848496,3.561730951,6.221083213,8.980866712,11.45277523,14.11722522,16.07205863,,,,Colombia,
GCAM 5.3,NGFS2_Nationally Determined Contributions (NDCs),COL,Emissions|CH4|AFOLU,Mt CO2e/yr,,,,,,,56.886802868000004,,,,,58.88624436799999,,59.441679248,,,,,64.10734755600001,67.45717070399999,69.20023504800001,72.243278632,75.50730826799999,78.639624616,79.009546868,79.37825868,79.570358028,79.529639756,79.27941425600001,78.764641228,78.02198768000001,77.12022208799999,76.08954435599999,74.91939870799999,,,,Colombia,CH4
GCAM 5.3,NGFS2_Nationally Determined Contributions (NDCs),COL,Emissions|CH4|AFOLU|Agriculture,Mt CO2e/yr,,,,,,,56.29496768,,,,,54.933552072000005,,57.789459476000005,,,,,61.760233528,65.020939088,67.818212168,70.958065444,74.254266156,77.271073796,78.199359784,78.776963384,79.00651264800001,79.003890784,78.756890548,78.256797528,77.518087024,76.61620596,75.585384728,74.415077212,,,,Colombia,CH4
GCAM 5.3,NGFS2_Nationally Determined Contributions (NDCs),COL,Emissions|CH4|Energy|Demand|Industry,Mt CO2e/yr,,,,,,,0.086665908,,,,,0.09667756,,0.106938272,,,,,0.12107984,0.130283972,0.124013092,0.11638398800000001,0.107765812,0.09672882799999999,0.079960916,0.060077052000000006,0.040785808,0.026361580000000003,0.015715448,0.008840132,0.005230372,0.003308172,0.0022204,0.0015064,,,,Colombia,CH4
GCAM 5.3,NGFS2_Nationally Determined Contributions (NDCs),COL,Emissions|CH4|Energy|Demand|Residential and Commercial,Mt CO2e/yr,,,,,,,0.983353336,,,,,1.602271468,,1.689155244,,,,,1.566350128,1.4422163,1.5007636839999998,1.329051444,1.104319888,0.868203056,0.704355456,0.5577068000000001,0.439477752,0.34448772400000005,0.26419022,0.201793788,0.15223283599999998,0.11536616,0.088768316,0.078839796,,,,Colombia,CH4
GCAM 5.3,NGFS2_Nationally Determined Contributions (NDCs),COL,Emissions|CH4|Energy|Demand|Transportation,Mt CO2e/yr,,,,,,,0.104481888,,,,,0.15387229200000002,,0.15267092399999999,,,,,0.152405344,0.145353096,0.13511736,0.11568076800000002,0.101820488,0.081059832,0.071219736,0.0574245,0.044648575999999995,0.034301204,0.025668384,0.019811455999999998,0.016160116,0.013317808,0.011833416,0.010322228,,,,Colombia,CH4
GCAM 5.3,NGFS2_Nationally Determined Contributions (NDCs),COL,Emissions|CH4|Energy|Supply,Mt CO2e/yr,,,,,,,19.514812044000003,,,,,23.180335248,,19.362573412,,,,,15.56041564,11.230777068,8.84598554,7.094083976,6.649891220000001,6.383237364,5.837673939999999,5.1195383119999995,4.494254659999999,4.040786455999999,4.0232034080000005,4.088838795999999,4.185426140000001,4.360851628000001,4.555979204,4.574788148,,,,Colombia,CH4
GCAM 5.3,NGFS2_Nationally Determined Contributions (NDCs),COL,Emissions|CO2|AFOLU,Mt CO2/yr,,,,,,,-29.1851374,,,,,18.89995639,,21.07672608,,,,,16.5018112,11.92689632,7.351981444,2.777066567,-1.797848311,-6.372763189,-10.94767807,-15.52259294,-20.09750782,-24.6724227,-21.80869416,-18.94496563,-16.08123709,-13.21750855,-10.35378002,-7.490051478,,,,Colombia,CO2
GCAM 5.3,NGFS2_Nationally Determined Contributions (NDCs),COL,Emissions|CO2|Energy and Industrial Processes,Mt CO2/yr,,,,,,,77.44797594,,,,,88.54589814,,91.0035721,,,,,101.2283221,110.5152553,106.4983865,92.91089722,77.25578423,60.6113494,59.10191282,46.59908799,35.14564132,24.91316066,13.53026732,2.858713807,-7.826103438,-17.62593274,-26.27516442,-33.40074622,,,,Colombia,CO2
GCAM 5.3,NGFS2_Nationally Determined Contributions (NDCs),COL,Emissions|CO2|Energy|Demand,Mt CO2/yr,,,,,,,55.85261322,,,,,65.26565769,,70.22010159,,,,,76.1059535,79.65943295,72.59319069,63.69145636,58.22588361,47.70595157,46.89388321,40.08876638,32.59896278,28.63739955,25.56553948,24.03421028,22.55404416,21.75809742,22.42307219,21.20314221,,,,Colombia,CO2
GCAM 5.3,NGFS2_Nationally Determined Contributions (NDCs),COL,Emissions|CO2|Energy|Demand|Industry,Mt CO2/yr,,,,,,,22.88225868,,,,,18.56955023,,23.50794744,,,,,28.33244187,31.69293557,28.23652777,24.59877633,24.18030572,18.30817446,18.65053494,16.30679412,12.35287324,11.58064156,11.62873781,12.37665915,12.75297101,13.3564319,15.00934452,14.63350963,,,,Colombia,CO2
GCAM 5.3,NGFS2_Nationally Determined Contributions (NDCs),COL,Emissions|CO2|Energy|Demand|Residential and Commercial,Mt CO2/yr,,,,,,,4.990845642,,,,,11.61756772,,11.99651587,,,,,12.31367772,12.71156587,10.62804575,9.002009907,6.903206542,5.560210274,5.328783822,3.579998191,2.352159351,1.655057213,1.199121044,0.894055264,0.710415206,0.58210587,0.47583325,0.418050551,,,,Colombia,CO2
GCAM 5.3,NGFS2_Nationally Determined Contributions (NDCs),COL,Emissions|CO2|Energy|Demand|Residential and Commercial|Commercial,Mt CO2/yr,,,,,,,1.189212245,,,,,8.08256555,,8.251529531,,,,,8.433525686,8.7711105,7.519052642,6.451027523,5.022576521,4.052384048,3.883690273,2.607234629,1.698448911,1.182300538,0.843637192,0.616828779,0.480660222,0.387657034,0.312971053,0.272873329,,,,Colombia,CO2
GCAM 5.3,NGFS2_Nationally Determined Contributions (NDCs),COL,Emissions|CO2|Energy|Demand|Residential and Commercial|Residential,Mt CO2/yr,,,,,,,3.801633397,,,,,3.535002173,,3.744986336,,,,,3.880152035,3.940455368,3.108993106,2.550982384,1.880630021,1.507826226,1.445093549,0.972763562,0.65371044,0.472756676,0.355483852,0.277226485,0.229754985,0.194448836,0.162862197,0.145177222,,,,Colombia,CO2
GCAM 5.3,NGFS2_Nationally Determined Contributions (NDCs),COL,Emissions|CO2|Energy|Demand|Transportation,Mt CO2/yr,,,,,,,27.9795089,,,,,35.07853974,,34.71563828,,,,,35.45983391,35.2549315,33.72861718,30.09067013,27.14237135,23.83756684,22.91456445,20.20197407,17.89393019,15.40170077,12.73768063,10.76349588,9.090657942,7.819559652,6.937894415,6.151582025,,,,Colombia,CO2
GCAM 5.3,NGFS2_Nationally Determined Contributions (NDCs),COL,Emissions|CO2|Energy|Demand|Transportation|Freight,Mt CO2/yr,,,,,,,9.978997276,,,,,13.65888679,,13.91773528,,,,,14.70454443,15.35565665,15.21073738,13.72868423,12.19228011,8.877110657,7.704897092,5.831428469,3.678963512,2.2640454,1.317136377,0.62077266,0.352244225,0.264467633,0.203613516,0.171130348,,,,Colombia,CO2
GCAM 5.3,NGFS2_Nationally Determined Contributions (NDCs),COL,Emissions|CO2|Energy|Demand|Transportation|Passenger,Mt CO2/yr,,,,,,,12.29922396,,,,,17.86070147,,17.20686652,,,,,16.8980478,15.66014381,14.1910006,11.85270917,10.33189173,10.16618348,9.937693116,9.067380725,8.980577025,8.023953181,6.610635185,5.749407534,4.741074218,3.883824327,3.390859876,2.888262564,,,,Colombia,CO2
GCAM 5.3,NGFS2_Nationally Determined Contributions (NDCs),COL,Emissions|CO2|Energy|Supply,Mt CO2/yr,,,,,,,18.93745626,,,,,20.62244421,,18.13731251,,,,,22.20501268,27.788054,30.99417,26.299181,16.23942045,10.25950486,9.51042371,4.085796549,0.544198934,-4.959702746,-11.77747256,-18.89626962,-25.79393553,-32.5119985,-39.43793368,-43.37950391,,,,Colombia,CO2
GCAM 5.3,NGFS2_Nationally Determined Contributions (NDCs),COL,Emissions|CO2|Energy|Supply|Electricity,Mt CO2/yr,,,,,,,10.46411104,,,,,16.50344502,,14.11477866,,,,,17.98203985,23.38551901,26.7881774,22.56415261,13.26203905,7.915636058,7.379428686,2.605590079,-0.187410652,-3.87067164,-7.918802635,-11.66090011,-15.70477262,-19.85238562,-23.31073056,-25.17643988,,,,Colombia,CO2
GCAM 5.3,NGFS2_Nationally Determined Contributions (NDCs),COL,Emissions|CO2|Industrial Processes,Mt CO2/yr,,,,,,,2.657906453,,,,,2.657796244,,2.646157995,,,,,2.917355904,3.067768351,2.911025813,2.92025985,2.790480168,2.645892967,2.697605898,2.42452506,2.002479603,1.235463862,-0.257799601,-2.279226861,-4.586212066,-6.872031655,-9.260302936,-11.22438452,,,,Colombia,CO2
GCAM 5.3,NGFS2_Nationally Determined Contributions (NDCs),COL,Emissions|N2O|AFOLU,Mt CO2e/yr,,,,,,,18.03527477661,,,,,20.868995541030003,,20.453647851,,,,,22.010209144559997,22.92458046333,22.991408570129998,23.744777027789997,24.66857397186,25.60192276551,25.61361329709,25.839084791519998,25.73554193028,25.73427905139,25.713249937830003,25.63151126718,25.50171926757,25.33432903911,25.11752422725,24.84276495519,,,,Colombia,N2O
GCAM 5.3,NGFS2_Nationally Determined Contributions (NDCs),COL,Emissions|N2O|AFOLU|Agriculture,Mt CO2e/yr,,,,,,,17.19877518996,,,,,18.06247305954,,18.96335218596,,,,,20.11549435077,20.973070454700004,21.640302075210002,22.446709808250002,23.387853535410002,24.25350732987,24.58317680364,24.92279226255,24.83383005831,24.84475364007,24.81278368569,24.724773052979998,24.57924396018,24.38886525621,24.14604362898,23.84602576356,,,,Colombia,N2O
GCAM 5.3,NGFS2_Net-Zero 2050,COL,Carbon Sequestration|CCS|Biomass,Mt CO2/yr,,,,,,,0.0,,,,,0.0,,0.0,,,,,0.000424635,0.007980633,0.440306593,3.017802934,5.156426087,1.074557184,3.386839688,14.97832944,18.3571339,21.02148017,22.00601557,22.39060706,22.99400002,24.27787201,25.9255133,26.80439905,,,,Colombia,
GCAM 5.3,NGFS2_Net-Zero 2050,COL,Carbon Sequestration|CCS|Biomass|Energy|Demand|Industry,Mt CO2/yr,,,,,,,0.0,,,,,0.0,,0.0,,,,,0.0,0.0,0.022370922,0.067198383,0.077640427,0.074329716,0.066703658,0.056254628,0.043557822,0.036456293,0.031707943,0.025071167,0.017608693,0.011558806,0.007545385,0.005035583,,,,Colombia,
GCAM 5.3,NGFS2_Net-Zero 2050,COL,Carbon Sequestration|CCS|Biomass|Energy|Supply,Mt CO2/yr,,,,,,,0.0,,,,,0.0,,0.0,,,,,0.000424635,0.007980633,0.417935671,2.950604552,5.07878566,1.000227468,3.32013603,14.92207481,18.31357607,20.98502388,21.97430763,22.3655359,22.97639133,24.2663132,25.91796791,26.79936347,,,,Colombia,
GCAM 5.3,NGFS2_Net-Zero 2050,COL,Carbon Sequestration|CCS|Biomass|Energy|Supply|Electricity,Mt CO2/yr,,,,,,,0.0,,,,,0.0,,0.0,,,,,0.000424635,0.007980633,0.226777214,2.362297291,4.435130575,0.930737824,2.619426214,6.917217859,7.635561305,6.720161611,4.570783318,2.629392198,1.988254324,1.870313421,1.818581798,1.178423709,,,,Colombia,
GCAM 5.3,NGFS2_Net-Zero 2050,COL,Carbon Sequestration|CCS|Biomass|Energy|Supply|Hydrogen,Mt CO2/yr,,,,,,,0.0,,,,,0.0,,0.0,,,,,0.0,0.0,0.070330706,0.245223389,0.168617182,0.042944371,0.170854216,0.62595139,0.66539006,0.517465714,0.337378831,0.261669124,0.198032285,0.183937983,0.209486586,0.165132382,,,,Colombia,
GCAM 5.3,NGFS2_Net-Zero 2050,COL,Carbon Sequestration|CCS|Biomass|Energy|Supply|Liquids,Mt CO2/yr,,,,,,,0.0,,,,,0.0,,0.0,,,,,0.0,0.0,0.120827751,0.343083871,0.475037903,0.026545274,0.5298556,7.37890556,10.01262471,13.74739655,17.06614548,19.47447457,20.79010472,22.2120618,23.88989953,25.45580738,,,,Colombia,
GCAM 5.3,NGFS2_Net-Zero 2050,COL,Emissions|CH4|AFOLU,Mt CO2e/yr,,,,,,,56.886802868000004,,,,,58.88624436799999,,59.458062524,,,,,53.905102188,51.256256072,44.7993315,39.044799248000004,29.97764238,16.5913307,9.648574991999999,7.469867131999999,6.719527864000001,5.087903212,3.622016272,2.681519988,2.5444299999999997,2.31614698,2.1166822880000002,1.8426329320000001,,,,Colombia,CH4
GCAM 5.3,NGFS2_Net-Zero 2050,COL,Emissions|CH4|AFOLU|Agriculture,Mt CO2e/yr,,,,,,,56.29496768,,,,,54.933552072000005,,57.791939688,,,,,52.832298988000005,50.502652844,44.127393044,38.488251172000005,29.470367052,16.081689204,9.137510984,6.958405356,6.207846876,4.575762716,3.109246336,2.167974676,2.0306270040000003,1.801947196,1.6020893280000001,1.327412492,,,,Colombia,CH4
GCAM 5.3,NGFS2_Net-Zero 2050,COL,Emissions|CH4|Energy|Demand|Industry,Mt CO2e/yr,,,,,,,0.086665908,,,,,0.09667756,,0.106321488,,,,,0.11914378,0.13685414399999998,0.13638550800000002,0.128374708,0.109003664,0.070442148,0.033538428,0.013891556,0.005360739999999999,0.001568,0.0005095999999999999,0.00016183999999999998,0.00012936,8.596e-05,6.0200000000000006e-05,2.6768000000000002e-05,,,,Colombia,CH4
GCAM 5.3,NGFS2_Net-Zero 2050,COL,Emissions|CH4|Energy|Demand|Residential and Commercial,Mt CO2e/yr,,,,,,,0.983353336,,,,,1.602271468,,1.653097096,,,,,1.041095636,0.62131034,0.318426612,0.17158752800000002,0.077234752,0.021173683999999998,0.00838992,0.005957868,0.0049203,0.0031859519999999997,0.0018312,0.0009268,0.000812,0.0006272,0.0004732,0.0002856,,,,Colombia,CH4
GCAM 5.3,NGFS2_Net-Zero 2050,COL,Emissions|CH4|Energy|Demand|Transportation,Mt CO2e/yr,,,,,,,0.104481888,,,,,0.15387229200000002,,0.15268344,,,,,0.149209788,0.14092394400000002,0.132513696,0.1130157,0.09624269199999999,0.068087348,0.042961716,0.024929212,0.015277136,0.01014412,0.007167328,0.004822552,0.0031478720000000003,0.0018536,0.0011535999999999999,0.0006944,,,,Colombia,CH4
GCAM 5.3,NGFS2_Net-Zero 2050,COL,Emissions|CH4|Energy|Supply,Mt CO2e/yr,,,,,,,19.514812044000003,,,,,23.180335248,,19.225683372,,,,,13.080617536,9.809273096,6.444522588,4.4235082640000005,3.6695496599999995,2.4474533160000003,0.596129268,0.16113523999999999,0.077126028,0.0310128,0.021976388,0.021229488,0.022549212,0.024147088,0.026435976,0.026662636,,,,Colombia,CH4
GCAM 5.3,NGFS2_Net-Zero 2050,COL,Emissions|CO2|AFOLU,Mt CO2/yr,,,,,,,-29.1851374,,,,,18.89995639,,20.40806017,,,,,5.069848666,-10.26836283,-25.60657433,-40.94478583,-39.0949091,-37.24503237,-35.39515564,-33.54527891,-31.69540218,-29.84552545,-27.99564872,-26.14577199,-24.29589526,-22.44601852,-20.59614179,-18.74626506,,,,Colombia,CO2
GCAM 5.3,NGFS2_Net-Zero 2050,COL,Emissions|CO2|Energy and Industrial Processes,Mt CO2/yr,,,,,,,77.44797594,,,,,88.54589814,,92.04765079,,,,,95.953625,101.2231124,96.17536984,81.87600361,65.54143281,49.66307221,34.37139871,10.32844361,2.049537384,-5.794820292,-12.09884607,-17.99654016,-19.6901139,-23.25478642,-27.57017087,-32.28519823,,,,Colombia,CO2
GCAM 5.3,NGFS2_Net-Zero 2050,COL,Emissions|CO2|Energy|Demand,Mt CO2/yr,,,,,,,55.85261322,,,,,65.26565769,,69.97356185,,,,,72.43416346,74.4971437,70.50325358,61.70681047,54.76392141,42.92397082,31.68784073,22.07408755,18.55470425,15.82627066,13.28348154,10.64553021,11.0988991,10.78035221,10.12481316,7.711081744,,,,Colombia,CO2
GCAM 5.3,NGFS2_Net-Zero 2050,COL,Emissions|CO2|Energy|Demand|Industry,Mt CO2/yr,,,,,,,22.88225868,,,,,18.56955023,,23.48082124,,,,,26.58584619,29.35940682,27.38177453,23.61277064,22.24349288,19.56829902,15.54275356,12.40701911,11.03837039,10.59330992,9.883720228,8.508966227,9.12002072,9.042444499,8.585366863,6.683102063,,,,Colombia,CO2
GCAM 5.3,NGFS2_Net-Zero 2050,COL,Emissions|CO2|Energy|Demand|Residential and Commercial,Mt CO2/yr,,,,,,,4.990845642,,,,,11.61756772,,11.76459805,,,,,11.07279901,11.05792329,10.19535369,8.836107553,6.184385118,2.456143582,1.090291684,0.722775377,0.594318968,0.371458784,0.205645243,0.101518974,0.091507975,0.071132495,0.05377271,0.031298627,,,,Colombia,CO2
GCAM 5.3,NGFS2_Net-Zero 2050,COL,Emissions|CO2|Energy|Demand|Residential and Commercial|Commercial,Mt CO2/yr,,,,,,,1.189212245,,,,,8.08256555,,8.111295242,,,,,7.827084159,7.858506764,7.286327914,6.351900017,4.523122169,1.842944528,0.801748981,0.517481295,0.413914655,0.2509296,0.134658977,0.064680679,0.057726722,0.044537644,0.03344861,0.019239892,,,,Colombia,CO2
GCAM 5.3,NGFS2_Net-Zero 2050,COL,Emissions|CO2|Energy|Demand|Residential and Commercial|Residential,Mt CO2/yr,,,,,,,3.801633397,,,,,3.535002173,,3.653302804,,,,,3.245714849,3.19941653,2.909025772,2.484207536,1.661262949,0.613199053,0.288542703,0.205294082,0.180404313,0.120529185,0.070986267,0.036838295,0.033781253,0.026594851,0.0203241,0.012058735,,,,Colombia,CO2
GCAM 5.3,NGFS2_Net-Zero 2050,COL,Emissions|CO2|Energy|Demand|Transportation,Mt CO2/yr,,,,,,,27.9795089,,,,,35.07853974,,34.72814256,,,,,34.77551827,34.07981359,32.92612537,29.25793227,26.33604341,20.89952822,15.05479548,8.944293065,6.922014892,4.861501954,3.194116069,2.035045008,1.887370401,1.666775212,1.485673588,0.996681054,,,,Colombia,CO2
GCAM 5.3,NGFS2_Net-Zero 2050,COL,Emissions|CO2|Energy|Demand|Transportation|Freight,Mt CO2/yr,,,,,,,9.978997276,,,,,13.65888679,,13.92491294,,,,,14.34298041,14.77967307,14.84425233,13.32071419,11.67018152,7.762440133,4.289663389,1.524886063,0.495786748,0.13480271,0.079790768,0.048409254,0.047073504,0.043203592,0.03893182,0.026707058,,,,Colombia,CO2
GCAM 5.3,NGFS2_Net-Zero 2050,COL,Emissions|CO2|Energy|Demand|Transportation|Passenger,Mt CO2/yr,,,,,,,12.29922396,,,,,17.86070147,,17.20979828,,,,,16.70933994,15.27215996,13.8680995,11.53883949,10.14641852,8.895527123,6.876164751,4.312748963,3.523084711,2.41031016,1.432576542,0.81186756,0.644464864,0.48902596,0.396130918,0.227118703,,,,Colombia,CO2
GCAM 5.3,NGFS2_Net-Zero 2050,COL,Emissions|CO2|Energy|Supply,Mt CO2/yr,,,,,,,18.93745626,,,,,20.62244421,,19.41919309,,,,,20.89779839,24.03811464,23.05160141,17.63417691,8.234300349,4.275455429,0.473942022,-11.72699111,-15.15049585,-18.02475255,-19.30171146,-20.19540412,-20.9637544,-22.5770926,-24.42107847,-24.62168744,,,,Colombia,CO2
GCAM 5.3,NGFS2_Net-Zero 2050,COL,Emissions|CO2|Energy|Supply|Electricity,Mt CO2/yr,,,,,,,10.46411104,,,,,16.50344502,,15.4049429,,,,,16.82809316,19.86394886,19.09601844,14.44193789,5.725957335,2.056615574,-0.490007719,-4.813864627,-5.411971734,-4.511369412,-2.475944406,-0.915741218,-0.45423087,-0.685165948,-0.859166933,0.524268809,,,,Colombia,CO2
GCAM 5.3,NGFS2_Net-Zero 2050,COL,Emissions|CO2|Industrial Processes,Mt CO2/yr,,,,,,,2.657906453,,,,,2.657796244,,2.654895861,,,,,2.621663143,2.687854041,2.620514849,2.535016229,2.543211053,2.463645963,2.209615961,-0.018652833,-1.354671019,-3.596338398,-6.080616153,-8.446666246,-9.825258595,-11.45804602,-13.27390556,-15.37459254,,,,Colombia,CO2
GCAM 5.3,NGFS2_Net-Zero 2050,COL,Emissions|N2O|AFOLU,Mt CO2e/yr,,,,,,,18.03527477661,,,,,20.868995541030003,,20.465264926470002,,,,,19.128060241289997,18.54880581918,17.39286811626,16.29549818988,14.35088053854,11.18715197964,9.32757775131,8.63816398536,8.364844288710001,7.68763978983,6.90798794322,6.15844695921,5.98127117406,5.67346917501,5.36465057037,4.815886475399999,,,,Colombia,N2O
GCAM 5.3,NGFS2_Net-Zero 2050,COL,Emissions|N2O|AFOLU|Agriculture,Mt CO2e/yr,,,,,,,17.19877518996,,,,,18.06247305954,,18.966751046880002,,,,,17.96258795877,17.53652767503,16.33132449858,15.20181561717,13.27045887258,10.07014209201,8.19700347648,7.48161821589,7.20204971577,6.51595997598,5.734724164259999,4.99248909159,4.812966232620001,4.5058312026000005,4.19771397864,3.67561278903,,,,Colombia,N2O
GCAM 5.3,R_BAU,COL,Emissions|CH4|AFOLU,Mt CO2e/yr,,,,48.01866203466192,,,51.75003652344876,,,,,52.81537924690356,,56.675665961918085,,,,,61.759987668858074,66.67043301270239,71.394229652151,75.95872320154804,80.19833994556244,84.05244317421057,87.49021113568904,90.51054282045467,93.06775252114956,95.1943019072822,96.85865394879409,98.0510558171396,98.7766116222816,99.13053941418039,99.15837366366009,98.88357005421636,,,,Colombia,CH4
GCAM 5.3,R_BAU,COL,Emissions|CO2|AFOLU,Mt CO2/yr,,,,-25.1634470148442,,,-29.1851374005037,,,,,14.214518541358,,7.88057268250999,,,,,16.6252194687264,21.0551729429656,26.5857520336279,25.4846675614953,25.9019002187654,23.8206337395643,24.596563503983,21.1918240423674,17.7057523740892,12.9611935688236,8.66410339275318,5.86647711050579,2.95536825858425,0.178290072364376,-1.05300943687839,-1.57202595745514,,,,Colombia,CO2
GCAM 5.3,R_BAU,COL,Emissions|CO2|Energy and Industrial Processes,Mt CO2/yr,,,,64.5443396092297,,,77.6700196317675,,,,,88.5484725704583,,104.466523887055,,,,,124.515351147929,144.35730461404,164.983905937289,186.353300002912,208.961482697947,231.623762687589,255.757649795507,280.707626025472,305.045907265623,326.938900188,345.242732588687,359.152232848854,369.833253900795,377.029448262518,381.650070471302,385.049258681065,,,,Colombia,CO2
GCAM 5.3,R_BAU,COL,Emissions|CO2|Energy|Demand,Mt CO2/yr,,,,45.9732026264073,,,51.0879941201835,,,,,60.2816178710265,,70.5229972085208,,,,,80.9858939853643,90.3377224248105,100.017450967086,110.096181930905,121.145333955865,132.009773382616,143.202069968603,154.714474505223,166.503627480809,176.863094760086,185.057268881839,192.262132583993,197.869924443325,201.413592244667,203.300507601837,204.769199645266,,,,Colombia,CO2
GCAM 5.3,R_BAU,COL,Emissions|CO2|Energy|Demand|Industry,Mt CO2/yr,,,,16.6921214044263,,,18.1178591694927,,,,,13.585844311714,,21.1297644504516,,,,,26.3332384872115,30.7912858254742,35.4151154510718,40.7495090479209,47.0668105682532,53.3286745482365,59.3989396391303,65.4161534111233,71.8537196209726,77.1274716789079,80.7237586605997,83.8758364985054,86.0081604081401,86.5874900508363,86.1345456468502,85.5764226447065,,,,Colombia,CO2
GCAM 5.3,R_BAU,COL,Emissions|CO2|Energy|Demand|Residential and Commercial,Mt CO2/yr,,,,4.67892520478074,,,4.99084576244402,,,,,11.617567707637,,12.3001205327216,,,,,13.8247267936781,15.2428932395829,16.6761598991556,17.9761151103287,19.0395983306141,19.9459759612752,20.6874198826431,21.2993425796749,21.6310708642716,21.7001080074046,21.4896984401903,21.0570229658504,20.4631749847049,19.7135600600001,18.7589684448391,17.950392235245,,,,Colombia,CO2
GCAM 5.3,R_BAU,COL,Emissions|CO2|Energy|Demand|Residential and Commercial|Commercial,Mt CO2/yr,,,,0.692133821705585,,,1.1892122489408,,,,,8.0825655376816,,8.43493765401734,,,,,9.3754825042373,10.2251744553352,11.0849594823459,11.8575873526161,12.4543618861838,12.9768205629667,13.4022556875023,13.7425779861381,13.9011415968165,13.8874508653423,13.7072787841956,13.4304309131715,13.0681827676289,12.5996244776838,12.0061617852863,11.493733033129,,,,Colombia,CO2
GCAM 5.3,R_BAU,COL,Emissions|CO2|Energy|Demand|Residential and Commercial|Residential,Mt CO2/yr,,,,3.98679138307516,,,3.80163351350322,,,,,3.53500216995541,,3.86518287870429,,,,,4.44924428944079,5.0177187842477,5.59120041680967,6.11852775771264,6.58523644443029,6.96915539830844,7.28516419514079,7.55676459353686,7.7299292674551,7.8126571420623,7.78241965599469,7.62659205267882,7.39499221707605,7.11393558231628,6.75280665955284,6.45665920211595,,,,Colombia,CO2
GCAM 5.3,R_BAU,COL,Emissions|CO2|Energy|Demand|Transportation,Mt CO2/yr,,,,24.6021560172003,,,27.9792891882467,,,,,35.0782058516755,,37.0931122253476,,,,,40.8279287044747,44.3035433597534,47.9261756168586,51.3705577726556,55.0389250569981,58.7351228731041,63.1157104468297,67.9989785144247,73.0188369955646,78.035515073773,82.8438117810491,87.3292731196373,91.3985890504796,95.1125421338305,98.4069935101478,101.242384765314,,,,Colombia,CO2
GCAM 5.3,R_BAU,COL,Emissions|CO2|Energy|Supply,Mt CO2/yr,,,,10.9762612061677,,,18.9374519009956,,,,,20.6223913162849,,24.9473922826968,,,,,33.4625243923727,42.9623381881161,53.0004398940098,63.5045095062779,74.4660099523435,85.8142184637288,98.3456038673231,111.396340212781,123.645972948948,134.94967035164,144.922404858242,151.610383160859,156.795259907426,160.650362519202,163.667411692755,165.976097259334,,,,Colombia,CO2
GCAM 5.3,R_BAU,COL,Emissions|CO2|Energy|Supply|Electricity,Mt CO2/yr,,,,6.32568079003691,,,10.4641435195851,,,,,16.5034285838117,,20.7265032938279,,,,,28.7480707959979,37.7400880096805,47.1910141952264,57.0268328865629,67.1299842870074,77.3529767937368,88.4615427383673,99.9657792296676,110.637976489308,120.381432932321,128.731349050223,133.299596411664,136.007620029566,137.426798338131,137.733859829683,137.002564313639,,,,Colombia,CO2
GCAM 5.3,R_BAU,COL,Emissions|CO2|Energy|Supply|Gases,Mt CO2/yr,,,,0.0,,,0.0,,,,,0.0,,0.0056528638373265,,,,,0.0187620806542809,0.0375881042433783,0.0695324634319587,0.129411295430721,0.217629499992475,0.372790020136751,0.577525791328908,0.789517524699924,1.00927933426329,1.22400986077731,1.45453350638377,1.9869885076099,2.80899663112305,3.67920661082912,4.88638436729513,6.39400668141772,,,,Colombia,CO2
GCAM 5.3,R_BAU,COL,Emissions|CO2|Energy|Supply|Liquids,Mt CO2/yr,,,,4.65058041613081,,,8.4733098480758,,,,,4.11896273247324,,4.19076465855846,,,,,4.61165749901532,5.00606397579392,5.44567334683853,5.91091042436634,6.5329150156394,7.33104170743292,8.37544690055199,9.53347389278314,10.7219947855351,11.8546760464738,13.0276669261234,14.3885998143177,15.8203621659439,17.1736137739978,18.4645948751513,19.800273462611,,,,Colombia,CO2
GCAM 5.3,R_BAU,COL,Emissions|CO2|Energy|Supply|Solids,Mt CO2/yr,,,,0.0,,,-1.46666532091234e-06,,,,,0.0,,-6.59999450966611e-06,,,,,0.0,0.0,0.0,0.0,0.0,-1.0999993395296e-05,-1.09999935063227e-05,-4.03332859613887e-05,-5.86665166173592e-05,-1.4666737458553e-05,0.0,-1.83333908624417e-05,0.0,-7.33333317796992e-06,-7.33330276509383e-06,-1.83332490180155e-05,,,,Colombia,CO2
GCAM 5.3,R_BAU,COL,Emissions|CO2|Industrial Processes,Mt CO2/yr,,,,7.59487577665465,,,7.64457361058838,,,,,7.64446338314692,,8.99613439583773,,,,,10.0669327701919,11.0572440011131,11.9660150761931,12.7526085657287,13.3501387897384,13.7997708412449,14.2099759595806,14.5968113074686,14.8963068358671,15.1261350762749,15.2630588486052,15.2797171040021,15.1680695500435,14.9654934986496,14.6821511767097,14.3039617764657,,,,Colombia,CO2
GCAM 5.3,R_BAU,COL,Emissions|N2O|AFOLU,Mt CO2e/yr,,,,29.2431884504517,,,31.669648044278517,,,,,32.29244334093305,,35.22239200251954,,,,,38.06262512779081,40.76849249466739,43.555012309578856,46.24214186448621,48.917581876606995,51.32199609664655,53.125690449116924,54.554471416981265,55.688273696786915,56.45828537487684,56.99479478692764,57.35809972180443,57.55846608729727,57.62081416396905,57.55926509192413,57.407188956175155,,,,Colombia,N2O
GCAM 5.3,R_MAC_30_n0,COL,Carbon Sequestration|CCS|Biomass,Mt CO2/yr,,,,0.0,,,0.0,,,,,0.0,,0.0,,,,,10.7574341479485,65.8259577471774,55.5258894948077,57.9757349798542,62.4520864395952,70.663496725607,70.9172501674588,68.9244941082485,70.2935942155452,73.7132911919496,76.0005198827227,76.6502954374336,76.5320531906458,75.5597757498127,75.5805704202231,75.823377653957,,,,Colombia,
GCAM 5.3,R_MAC_30_n0,COL,Emissions|CH4|AFOLU,Mt CO2e/yr,,,,48.01866203466192,,,51.75003652344876,,,,,52.81537924690356,,56.281527744718076,,,,,58.76700542215412,61.600401380277205,66.17070041899632,69.76987926073116,72.96839711489692,75.73442173881556,77.89192664270976,79.70838474015788,81.20326100580203,82.43988999521603,83.32421719213676,83.81238997898255,84.04279937217949,84.00054819940364,83.6879930121606,83.16743892237116,,,,Colombia,CH4
GCAM 5.3,R_MAC_30_n0,COL,Emissions|CO2|AFOLU,Mt CO2/yr,,,,-25.1634470148442,,,-29.1851374005037,,,,,14.214518541358,,7.88057268250999,,,,,23.5880156784276,106.562188028481,-16.1930698936047,-9.90374026235945,-7.09663461866393,-7.24846901595581,-8.0446817417811,-7.79622552842847,-7.9231186128832,-7.15141789221179,-6.2933478961648,-5.62289477921452,-5.24666873114008,-5.23563006276637,-5.58075759458329,-6.22841937523836,,,,Colombia,CO2
GCAM 5.3,R_MAC_30_n0,COL,Emissions|CO2|Energy and Industrial Processes,Mt CO2/yr,,,,64.5443396092297,,,77.6700196317675,,,,,88.5484725704583,,104.46661730481,,,,,61.2364645983749,-59.4691987852673,-22.3570301075778,-22.4978162812771,-27.6612814903169,-41.0054819539959,-37.8027699305902,-27.733802766253,-23.7624168206199,-23.4823984689215,-20.7006385939293,-18.5000304695665,-18.0133510828596,-17.9857149210497,-16.9383409887595,-15.0417267962614,,,,Colombia,CO2
GCAM 5.3,R_MAC_30_n0,COL,Emissions|CO2|Energy|Demand,Mt CO2/yr,,,,45.9732026264073,,,51.0879941201835,,,,,60.2816178710265,,70.5230889456906,,,,,53.0060496347336,16.9986269198218,33.1136582721404,35.077831096989,35.0931227258392,33.4230780270791,36.0225938712174,40.5103343915773,44.0093769215852,47.9078830685236,53.8089955855231,57.1011528440549,59.3498258255274,61.0628822432606,63.7778601482504,67.4994758335757,,,,Colombia,CO2
GCAM 5.3,R_MAC_30_n0,COL,Emissions|CO2|Energy|Demand|Industry,Mt CO2/yr,,,,16.6921214044263,,,18.1178591694927,,,,,13.585844311714,,21.1297645550478,,,,,12.3469441358437,3.25586206054497,7.62657314590801,6.89784061868145,6.26177621929246,5.46519256395646,4.47510611008804,3.85584602661682,4.48930969512651,7.52597461534698,11.9019151776781,13.870162807084,15.2130710859064,16.558095952103,18.3958680491284,21.1788079650613,,,,Colombia,CO2
GCAM 5.3,R_MAC_30_n0,COL,Emissions|CO2|Energy|Demand|Residential and Commercial,Mt CO2/yr,,,,4.67892520478074,,,4.99084576244402,,,,,11.617567707637,,12.300180465077,,,,,8.33031935538512,1.88776133314054,3.70488788432885,3.42097837465181,3.02884643880763,2.54432459498628,2.31211827649065,2.13419237286219,1.92314910262196,1.71766305731361,1.53735025926219,1.38474924252089,1.22626289861943,1.06479973260072,0.945568237068087,0.837883646919686,,,,Colombia,CO2
GCAM 5.3,R_MAC_30_n0,COL,Emissions|CO2|Energy|Demand|Residential and Commercial|Commercial,Mt CO2/yr,,,,0.692133821705585,,,1.1892122489408,,,,,8.0825655376816,,8.4349701905019,,,,,6.10152606282884,1.37984599455934,2.69360368977737,2.48126480683746,2.15734718040231,1.76736297421277,1.62645538304487,1.53047232795448,1.37885122353687,1.20636000082918,1.06305692863616,0.945968173841285,0.825935914244864,0.70726492210792,0.622962371576464,0.550431027673478,,,,Colombia,CO2
GCAM 5.3,R_MAC_30_n0,COL,Emissions|CO2|Energy|Demand|Residential and Commercial|Residential,Mt CO2/yr,,,,3.98679138307516,,,3.80163351350322,,,,,3.53500216995541,,3.86521027457514,,,,,2.22879329255628,0.507915338581202,1.01128419455148,0.939713567814352,0.871499258405327,0.77696162077351,0.685662893445781,0.60372004490771,0.544297879085086,0.511303056484422,0.474293330626033,0.438781068679602,0.400326984374563,0.357534810492802,0.322605865491622,0.287452619246208,,,,Colombia,CO2
GCAM 5.3,R_MAC_30_n0,COL,Emissions|CO2|Energy|Demand|Transportation,Mt CO2/yr,,,,24.6021560172003,,,27.9792891882467,,,,,35.0782058516755,,37.0931439255658,,,,,32.3287861435049,11.8550035261362,21.7821972419036,24.7590121036558,25.8025000677391,25.4135608681364,29.2353694846387,34.5202959920983,37.5969181238368,38.664245395863,40.3697301485828,41.84624079445,42.9104918410016,43.4399865585569,44.4364238620539,45.4827842215947,,,,Colombia,CO2
GCAM 5.3,R_MAC_30_n0,COL,Emissions|CO2|Energy|Supply,Mt CO2/yr,,,,10.9762612061677,,,18.9374519009956,,,,,20.6223913162849,,24.9473930418036,,,,,5.78330455516748,-75.6863693228459,-55.4266999842715,-57.1307101854612,-61.2979175401941,-71.2111567996181,-70.206506169263,-65.1401431836698,-64.4948350445396,-66.7424544564893,-68.6745180331973,-68.4717397132,-68.3629660293729,-67.6171574931526,-67.5334302489788,-68.0278308632851,,,,Colombia,CO2
GCAM 5.3,R_MAC_30_n0,COL,Emissions|CO2|Energy|Supply|Electricity,Mt CO2/yr,,,,6.32568079003691,,,10.4641435195851,,,,,16.5034285838117,,20.7265039632099,,,,,8.08808212864393,-26.596134336687,-21.3034924963851,-24.4500707216376,-26.2532389449841,-28.9258909017653,-29.6818573781841,-30.8267468699068,-32.9555821635808,-35.3025905011391,-38.3188964033699,-38.512471689952,-36.9157069866875,-33.3963133455522,-32.6298983507639,-32.826230592497,,,,Colombia,CO2
GCAM 5.3,R_MAC_30_n0,COL,Emissions|CO2|Energy|Supply|Gases,Mt CO2/yr,,,,0.0,,,0.0,,,,,0.0,,0.0056528638373265,,,,,0.0008079369669385,9.49023052886166e-06,0.0002003764529225,0.000229640735497,0.000248484180516,0.0002568240439756,0.000176126482144,0.000121185615605,0.0001095824167187,0.0001088199888894,0.0001017871448503,9.54102827726357e-05,8.83882414554238e-05,8.24325336438279e-05,7.25451173991609e-05,7.83227916474608e-05,,,,Colombia,CO2
GCAM 5.3,R_MAC_30_n0,COL,Emissions|CO2|Energy|Supply|Liquids,Mt CO2/yr,,,,4.65058041613081,,,8.4733098480758,,,,,4.11896273247324,,4.19076465855846,,,,,-2.1836499379232,-47.8243857062273,-33.3020568506883,-31.9025318006208,-34.4700763028885,-41.7862295451849,-39.7897427824104,-32.527103182676,-28.8007164419538,-28.8324353468188,-28.0482338952234,-27.7960763970844,-29.5065504453401,-32.4165377663875,-33.3025907664007,-33.6152068477082,,,,Colombia,CO2
GCAM 5.3,R_MAC_30_n0,COL,Emissions|CO2|Energy|Supply|Solids,Mt CO2/yr,,,,0.0,,,-1.46666532091234e-06,,,,,0.0,,-6.59999450966611e-06,,,,,0.0,-2.93333296263283e-06,-4.40000028325332e-06,-3.66667387340453e-07,-2.56666216952862e-06,-2.56666719792128e-06,0.0,-7.33334574053279e-07,0.0,-2.93332544585496e-06,0.0,-1.35666316547029e-06,-1.72332562982528e-06,0.0,0.0,-7.33333680659879e-08,,,,Colombia,CO2
GCAM 5.3,R_MAC_30_n0,COL,Emissions|CO2|Industrial Processes,Mt CO2/yr,,,,7.59487577665465,,,7.64457361058838,,,,,7.64446338314692,,8.99613531731588,,,,,2.44711040847382,-0.78145638224319,-0.0439883954467213,-0.444937192804889,-1.45648667596196,-3.21740318145692,-3.61885763254463,-3.10399397416045,-3.27695869766555,-4.6478270809558,-5.8351161462551,-7.12944360042138,-9.00021087901413,-11.4314396711576,-13.182770888031,-14.513371766552,,,,Colombia,CO2
GCAM 5.3,R_MAC_30_n0,COL,Emissions|N2O|AFOLU,Mt CO2e/yr,,,,29.2431884504517,,,31.669648044278517,,,,,32.29244334093305,,34.85217200085921,,,,,38.687930986340724,51.81430595928104,50.60758348349504,52.94397222589484,55.77366269714039,58.62201100005568,59.53500683149383,59.40787583936587,59.689938451720124,60.516170811021475,61.341992041996576,62.10512543614962,62.64151082530996,62.94393082156943,63.09197689246616,63.11959980042609,,,,Colombia,N2O
GCAM 5.3,R_MAC_30_n8,COL,Carbon Sequestration|CCS|Biomass,Mt CO2/yr,,,,0.0,,,0.0,,,,,0.0,,0.0,,,,,19.8094624608601,85.7873904263228,78.0937312225903,82.0569077201449,82.8178189759219,85.2108980030722,90.2020396402657,92.0167235753028,94.7660432325944,98.2054185522603,101.955601988309,104.646772115189,104.585424308086,102.597628788124,102.285870395128,102.383830752019,,,,Colombia,
GCAM 5.3,R_MAC_30_n8,COL,Emissions|CH4|AFOLU,Mt CO2e/yr,,,,48.01866203466192,,,51.75003652344876,,,,,52.81537924690356,,56.281527744718076,,,,,58.65182519774732,59.66315348547036,64.58295253429628,67.69619987834703,70.51694865374544,73.01060000935568,74.89770388445575,76.56435710657551,77.91982524432092,79.02433811239324,79.84618721959403,80.34909533977424,80.59917783972767,80.58689830150652,80.33594367316644,79.8933021633544,,,,Colombia,CH4
GCAM 5.3,R_MAC_30_n8,COL,Emissions|CO2|AFOLU,Mt CO2/yr,,,,-25.1634470148442,,,-29.1851374005037,,,,,14.214518541358,,7.88057268250999,,,,,35.7162691006209,139.737213913588,-17.1525971758688,-18.3920954553871,-17.5319683624212,-15.8061228734795,-13.7971166747639,-12.1439356741427,-11.6927752241801,-10.8888384481863,-9.86487483348246,-8.90638091546985,-8.04980069977409,-7.48851864347038,-7.41598671241286,-7.64095207706486,,,,Colombia,CO2
GCAM 5.3,R_MAC_30_n8,COL,Emissions|CO2|Energy and Industrial Processes,Mt CO2/yr,,,,64.5443396092297,,,77.6700196317675,,,,,88.5484725704583,,104.466776099212,,,,,38.5169653030644,-104.638801104901,-78.1033053322094,-80.7168868338804,-77.110142189378,-77.6750887716994,-83.4774402935191,-80.0574721741323,-79.3744668207458,-81.1650086559939,-83.8748177938623,-86.4990032472876,-86.7149474501696,-83.7178834602123,-83.1579672753326,-83.346599187532,,,,Colombia,CO2
GCAM 5.3,R_MAC_30_n8,COL,Emissions|CO2|Energy|Demand,Mt CO2/yr,,,,45.9732026264073,,,51.0879941201835,,,,,60.2816178710265,,70.5231327791333,,,,,45.2703736906748,5.05232526049118,15.2890697838324,16.7239386801929,18.6853414960818,19.6715826838357,19.8396758988134,23.0542774902931,25.3964109014515,27.1102016559978,28.4058231387346,29.2420249826765,30.4644255407805,32.3987941938964,33.9719918961209,35.602079884269,,,,Colombia,CO2
GCAM 5.3,R_MAC_30_n8,COL,Emissions|CO2|Energy|Demand|Industry,Mt CO2/yr,,,,16.6921214044263,,,18.1178591694927,,,,,13.585844311714,,21.1298083884905,,,,,11.0868783695667,0.745534755954436,2.08407594143445,1.59763634358638,1.37080489837509,1.19479524787897,1.00998918736814,0.833313458829998,0.702258716508948,0.641782231759881,0.591735761017565,0.807955736345653,1.53433900649935,2.43481057737589,2.82240624309039,3.38848426076442,,,,Colombia,CO2
GCAM 5.3,R_MAC_30_n8,COL,Emissions|CO2|Energy|Demand|Residential and Commercial,Mt CO2/yr,,,,4.67892520478074,,,4.99084576244402,,,,,11.617567707637,,12.300180465077,,,,,6.76471636390035,0.432823982419449,1.3661989808797,1.11930563168165,0.98753313860845,0.829952914063623,0.653568160392596,0.606807459305865,0.555943782870546,0.521411303105487,0.46630725428829,0.413002296326207,0.351196359886305,0.301950929126529,0.269828388355399,0.233572486283343,,,,Colombia,CO2
GCAM 5.3,R_MAC_30_n8,COL,Emissions|CO2|Energy|Demand|Residential and Commercial|Commercial,Mt CO2/yr,,,,0.692133821705585,,,1.1892122489408,,,,,8.0825655376816,,8.4349701905019,,,,,4.98032382870004,0.302116351270054,0.99419779136048,0.814456950834407,0.715283170717265,0.586572673848347,0.448090193825285,0.424648240811018,0.392570914622883,0.367212892536514,0.325453803125541,0.28283522527894,0.234818494851071,0.198757721849877,0.176121102173531,0.151415430744045,,,,Colombia,CO2
GCAM 5.3,R_MAC_30_n8,COL,Emissions|CO2|Energy|Demand|Residential and Commercial|Residential,Mt CO2/yr,,,,3.98679138307516,,,3.80163351350322,,,,,3.53500216995541,,3.86521027457514,,,,,1.7843925352003,0.130707631149395,0.372001189519215,0.304848680847244,0.272249967891185,0.243380240215276,0.20547796656731,0.182159218494846,0.163372868247663,0.154198410568972,0.140853451162749,0.130167071047267,0.116377865035234,0.103193207276652,0.093707286181868,0.0821570555392982,,,,Colombia,CO2
GCAM 5.3,R_MAC_30_n8,COL,Emissions|CO2|Energy|Demand|Transportation,Mt CO2/yr,,,,24.6021560172003,,,27.9792891882467,,,,,35.0782058516755,,37.0931439255658,,,,,27.4187789572078,3.87396652211729,11.8387948615183,14.0069967049249,16.3270034590982,17.6468345218932,18.1761185510527,21.6141565721572,24.138208402072,25.9470081211324,27.3477801234287,28.0210669500046,28.5788901743948,29.662032687394,30.8797572646752,31.9800231372212,,,,Colombia,CO2
GCAM 5.3,R_MAC_30_n8,COL,Emissions|CO2|Energy|Supply,Mt CO2/yr,,,,10.9762612061677,,,18.9374519009956,,,,,20.6223913162849,,24.9474997091489,,,,,-8.58598125604538,-107.658206425009,-91.6995871121441,-94.942282348932,-92.4662624225691,-92.593149677534,-96.6366455422511,-96.0075676930245,-97.1906533046363,-99.9207669165859,-102.728559894135,-104.088280782823,-102.680370459234,-99.2695396540858,-98.3481752934059,-98.2129275259068,,,,Colombia,CO2
GCAM 5.3,R_MAC_30_n8,COL,Emissions|CO2|Energy|Supply|Electricity,Mt CO2/yr,,,,6.32568079003691,,,10.4641435195851,,,,,16.5034285838117,,20.7266093810918,,,,,0.89775866712751,-37.7885486649518,-35.6482152586139,-40.0605600720487,-40.8944627432634,-42.4137691484043,-44.0272743722239,-45.4465982976608,-48.3591818989098,-51.9026025713385,-55.8457242585647,-57.2358658947798,-55.7995805517686,-53.9521566917385,-53.7433708285971,-53.9570556873631,,,,Colombia,CO2
GCAM 5.3,R_MAC_30_n8,COL,Emissions|CO2|Energy|Supply|Gases,Mt CO2/yr,,,,0.0,,,0.0,,,,,0.0,,0.0056528639031413,,,,,0.0004514593150938,1.96352573935686e-07,1.19148945443755e-05,9.4150243532779e-06,8.37821902794954e-06,8.33004142453975e-06,6.32247558706713e-06,4.40138114989886e-06,3.34762618926629e-06,2.68681310870572e-06,2.35746885824867e-06,2.28645903775323e-06,2.2399295170466e-06,2.12441640514208e-06,1.74626761853826e-06,1.46364545590533e-06,,,,Colombia,CO2
GCAM 5.3,R_MAC_30_n8,COL,Emissions|CO2|Energy|Supply|Liquids,Mt CO2/yr,,,,4.65058041613081,,,8.4733098480758,,,,,4.11896273247324,,4.19076590795603,,,,,-9.30342570117572,-63.1576108261609,-53.687793695736,-52.1591309755728,-48.1823790267538,-47.0801757676312,-49.4829527764156,-45.2041390632524,-41.6728375233713,-39.9208591859434,-38.5973995550148,-39.0187416539421,-40.4378198593464,-40.2979639436444,-40.2009310981209,-40.5199682051994,,,,Colombia,CO2
GCAM 5.3,R_MAC_30_n8,COL,Emissions|CO2|Energy|Supply|Solids,Mt CO2/yr,,,,0.0,,,-1.46666532091234e-06,,,,,0.0,,-6.59999450966611e-06,,,,,0.0,0.0,-7.33331806408806e-07,-5.49996988751055e-06,-2.19999946311299e-07,0.0,0.0,0.0,-7.3333318720618e-08,-7.33332643629977e-08,-7.33333613002785e-08,0.0,0.0,-4.76664978229486e-07,0.0,-2.93332596013159e-07,,,,Colombia,CO2
GCAM 5.3,R_MAC_30_n8,COL,Emissions|CO2|Industrial Processes,Mt CO2/yr,,,,7.59487577665465,,,7.64457361058838,,,,,7.64446338314692,,8.99614361092944,,,,,1.83257286843494,-2.03291994038308,-1.69278800389767,-2.49854316514128,-3.32922126289067,-4.75352177800112,-6.68047065008143,-7.10418197140089,-7.58022441756094,-8.35444339540576,-9.55208103846141,-11.6527474471413,-14.4990025317157,-16.847138000023,-18.7817838780476,-20.7357515458941,,,,Colombia,CO2
GCAM 5.3,R_MAC_30_n8,COL,Emissions|N2O|AFOLU,Mt CO2e/yr,,,,29.2431884504517,,,31.669648044278517,,,,,32.29244334093305,,34.85217200085921,,,,,40.64512779845618,57.77210396052923,54.75085881455245,56.958397176993856,58.98094268989732,60.89486569788285,61.9395789782163,61.30618204715741,61.36821029447772,61.85767143026917,62.43007906853144,63.05935247479467,63.511491896576445,63.787983878232986,63.82812255629573,63.83016352250838,,,,Colombia,N2O
GCAM 5.3,R_MAC_35_n0,COL,Carbon Sequestration|CCS|Biomass,Mt CO2/yr,,,,0.0,,,0.0,,,,,0.0,,0.0,,,,,4.03430741642185,24.4699120075372,64.5239085288093,59.246522859047,62.122924208538,69.1471012334329,70.9162210092719,69.9912183351796,69.8362550299925,72.9752073654762,75.5817125966085,76.3493322076759,76.368823317619,76.0038686814322,75.2612685736828,75.4019494995627,,,,Colombia,
GCAM 5.3,R_MAC_35_n0,COL,Emissions|CH4|AFOLU,Mt CO2e/yr,,,,48.01866203466192,,,51.75003652344876,,,,,52.81537924690356,,56.281527744718076,,,,,59.67910629055928,63.107442266958884,65.60168677408444,69.83879910763673,73.04900228419724,75.81496209550087,77.95004358337336,79.74131680476025,81.22120408637731,82.41722664247379,83.27384429857835,83.79987043736196,84.00960954442868,83.97943659498567,83.67967094153967,83.16803303230465,,,,Colombia,CH4
GCAM 5.3,R_MAC_35_n0,COL,Emissions|CO2|AFOLU,Mt CO2/yr,,,,-25.1634470148442,,,-29.1851374005037,,,,,14.214518541358,,7.88057268250999,,,,,14.0833469408236,30.0433561552365,73.2938912409772,-15.4282826111648,-7.68328850052706,-6.70698041516458,-7.88202943208829,-7.35597754743654,-6.97998167631318,-6.71363770347081,-5.96477379276259,-5.4008349071529,-5.11170440500892,-5.15942087737893,-5.51571320061804,-6.1853464145348,,,,Colombia,CO2
GCAM 5.3,R_MAC_35_n0,COL,Emissions|CO2|Energy and Industrial Processes,Mt CO2/yr,,,,64.5443396092297,,,77.6700196317675,,,,,88.5484725704583,,104.46661730481,,,,,81.2179684541088,37.0552682377838,-44.6306290957788,-22.7672327180948,-24.6222523255114,-35.6174020732939,-36.6470010560848,-30.391770904642,-24.0593078186264,-23.0051839628873,-20.3159715521646,-16.8512306818638,-15.7747954226379,-16.2790278428732,-16.3753283294555,-15.068911673442,,,,Colombia,CO2
GCAM 5.3,R_MAC_35_n0,COL,Emissions|CO2|Energy|Demand,Mt CO2/yr,,,,45.9732026264073,,,51.0879941201835,,,,,60.2816178710265,,70.5230889456906,,,,,60.3184466905247,48.7780633685743,25.7595940283554,36.1766443345931,37.0326358091218,35.6671081698302,36.8868393075029,40.0525737899453,43.6484383180356,47.7176296887715,53.8704981310483,58.7966043902747,61.2878155557046,62.8949608216843,64.5384756701305,67.6173636897867,,,,Colombia,CO2
GCAM 5.3,R_MAC_35_n0,COL,Emissions|CO2|Energy|Demand|Industry,Mt CO2/yr,,,,16.6921214044263,,,18.1178591694927,,,,,13.585844311714,,21.1297645550478,,,,,14.0297358147257,11.580155905498,4.27690471771645,6.98582263555073,6.34476690997723,5.56770880766922,4.5725396227356,3.85321610186911,4.27523883278653,7.48621458581458,12.5028038066332,15.8641615112304,17.3232890107814,18.3273206719748,19.5019156365587,21.6797723606579,,,,Colombia,CO2
GCAM 5.3,R_MAC_35_n0,COL,Emissions|CO2|Energy|Demand|Residential and Commercial,Mt CO2/yr,,,,4.67892520478074,,,4.99084576244402,,,,,11.617567707637,,12.300180465077,,,,,10.0658815135103,7.0597892464175,2.63539060194418,3.56076259411067,3.21275898676406,2.72872918854668,2.40237389901006,2.16358643271266,1.9233730843238,1.69820071358364,1.49714934830959,1.36424655551997,1.20377252188629,1.05232721676488,0.93221263579418,0.831370713383854,,,,Colombia,CO2
GCAM 5.3,R_MAC_35_n0,COL,Emissions|CO2|Energy|Demand|Residential and Commercial|Commercial,Mt CO2/yr,,,,0.692133821705585,,,1.1892122489408,,,,,8.0825655376816,,8.4349701905019,,,,,7.25925733595913,5.14219749060369,1.95712576995456,2.60272758529844,2.31709537137805,1.92387055268644,1.69679082346641,1.54335439329241,1.37277914065794,1.19126449421962,1.03305673186357,0.92947636886158,0.809273446990403,0.69805314316828,0.612479164561024,0.544679875439005,,,,Colombia,CO2
GCAM 5.3,R_MAC_35_n0,COL,Emissions|CO2|Energy|Demand|Residential and Commercial|Residential,Mt CO2/yr,,,,3.98679138307516,,,3.80163351350322,,,,,3.53500216995541,,3.86521027457514,,,,,2.80662417755115,1.91759175581381,0.67826483198962,0.958035008812235,0.895663615386006,0.804858635860245,0.705583075543653,0.620232039420255,0.550593943665856,0.506936219364022,0.464092616446015,0.434770186658386,0.394499074895886,0.3542740735966,0.319733471233155,0.286690837944848,,,,Colombia,CO2
GCAM 5.3,R_MAC_35_n0,COL,Emissions|CO2|Energy|Demand|Transportation,Mt CO2/yr,,,,24.6021560172003,,,27.9792891882467,,,,,35.0782058516755,,37.0931439255658,,,,,36.2228293622887,30.1381182166588,18.8472987086948,25.6300591049317,27.4751099123805,27.3706701736143,29.9119257857572,34.0357712553635,37.4498264009253,38.5332143893732,39.8705449761055,41.5681963235244,42.7607540230369,43.5153129329446,44.1043473977776,45.1062206157449,,,,Colombia,CO2
GCAM 5.3,R_MAC_35_n0,COL,Emissions|CO2|Energy|Supply,Mt CO2/yr,,,,10.9762612061677,,,18.9374519009956,,,,,20.6223913162849,,24.9473930418036,,,,,17.8063796737418,-13.5237679510449,-69.8530291845712,-58.6881329273931,-60.6718392495354,-68.7437961752654,-70.1911145405044,-67.0598164111096,-64.2566645594053,-65.9595711856232,-68.0235601682933,-68.2747647610754,-67.9526470854183,-67.7867642484835,-67.2588977409527,-67.6256753882113,,,,Colombia,CO2
GCAM 5.3,R_MAC_35_n0,COL,Emissions|CO2|Energy|Supply|Electricity,Mt CO2/yr,,,,6.32568079003691,,,10.4641435195851,,,,,16.5034285838117,,20.7265039632099,,,,,15.6873978542784,-2.00044206639851,-26.2488287347759,-24.8580158267693,-26.5101188109339,-28.7950225815622,-29.7948911289852,-30.7292674081656,-32.5006208493211,-34.4751547571516,-37.0453646131428,-38.210451908836,-37.0469435546809,-34.4655709494539,-31.4234647343019,-31.329904315551,,,,Colombia,CO2
GCAM 5.3,R_MAC_35_n0,COL,Emissions|CO2|Energy|Supply|Gases,Mt CO2/yr,,,,0.0,,,0.0,,,,,0.0,,0.0056528638373265,,,,,0.0015782235806585,0.000783660949347,5.35514892423125e-05,0.0002105426132154,0.0002275640330406,0.0002468271364655,0.0001804519611733,0.0001186701226849,0.0001021825174301,0.0001081024537862,0.0001053767558799,9.45441775579421e-05,8.6809006923247e-05,8.06707364764742e-05,7.31269154018819e-05,8.3954904942589e-05,,,,Colombia,CO2
GCAM 5.3,R_MAC_35_n0,COL,Emissions|CO2|Energy|Supply|Liquids,Mt CO2/yr,,,,4.65058041613081,,,8.4733098480758,,,,,4.11896273247324,,4.19076465855846,,,,,2.17530997020263,-11.1497162531047,-42.1214639656241,-32.897832769717,-33.4735035228995,-39.4331691210522,-39.7695396469424,-35.0763966822897,-29.5699477136135,-28.9287756497967,-28.677446958464,-28.0100192246961,-29.1097888214074,-31.7259901018932,-34.224311360766,-34.7066262941686,,,,Colombia,CO2
GCAM 5.3,R_MAC_35_n0,COL,Emissions|CO2|Energy|Supply|Solids,Mt CO2/yr,,,,0.0,,,-1.46666532091234e-06,,,,,0.0,,-6.59999450966611e-06,,,,,0.0,0.0,-1.09999769847606e-06,0.0,-4.39998725510881e-06,0.0,0.0,0.0,0.0,-1.09999825918155e-06,0.0,-2.12666069257609e-06,-1.20999759809198e-06,-1.68666353763646e-06,0.0,-1.3933284651322e-06,,,,Colombia,CO2
GCAM 5.3,R_MAC_35_n0,COL,Emissions|CO2|Industrial Processes,Mt CO2/yr,,,,7.59487577665465,,,7.64457361058838,,,,,7.64446338314692,,8.99613531731588,,,,,3.09314208984241,1.80097282025447,-0.537193939563067,-0.255744125294749,-0.983048885097737,-2.54071406785862,-3.3427258230833,-3.38452828347778,-3.45108157725668,-4.76324246603547,-6.16290951491958,-7.37307031106315,-9.10996389292423,-11.3872244160739,-13.6549062586333,-15.0605999750174,,,,Colombia,CO2
GCAM 5.3,R_MAC_35_n0,COL,Emissions|N2O|AFOLU,Mt CO2e/yr,,,,29.2431884504517,,,31.669648044278517,,,,,32.29244334093305,,34.85217200085921,,,,,37.91958476544065,43.48339460797605,50.93884772760666,51.55006365778569,54.07675922747908,56.851390819560784,58.57889734134929,59.35427938446743,59.89841048415479,60.66991636712698,61.46439230658827,62.10911379402202,62.6165468390785,62.940252361559665,63.14750616658139,63.17079093915708,,,,Colombia,N2O
GCAM 5.3,R_MAC_35_n8,COL,Carbon Sequestration|CCS|Biomass,Mt CO2/yr,,,,0.0,,,0.0,,,,,0.0,,0.0,,,,,6.12434138009159,43.082784133283,84.00943883411,79.816220607614,80.9945043278385,82.5175275935566,86.6090550836065,90.5311817626621,93.3106936824966,96.9613490080042,101.192643029685,103.267725855333,103.467235695103,102.367810500188,100.847233319973,100.826762647219,,,,Colombia,
GCAM 5.3,R_MAC_35_n8,COL,Emissions|CH4|AFOLU,Mt CO2e/yr,,,,48.01866203466192,,,51.75003652344876,,,,,52.81537924690356,,56.281527744718076,,,,,59.38813392157632,62.70790622010095,63.647979658269165,67.734341058083,70.54360391146852,73.02939974522668,74.91812342087444,76.56160533736819,77.907373786515,78.98382577698676,79.81461684855904,80.38321694679527,80.61876362167601,80.60387921827528,80.35922357806952,79.91142811770077,,,,Colombia,CH4
GCAM 5.3,R_MAC_35_n8,COL,Emissions|CO2|AFOLU,Mt CO2/yr,,,,-25.1634470148442,,,-29.1851374005037,,,,,14.214518541358,,7.88057268250999,,,,,17.1269386809683,56.7474901342854,74.6034448704932,-15.8473939167774,-16.3495661612476,-15.0135529558328,-13.1917314329739,-11.5489439714106,-10.5874892585028,-9.94510629068647,-9.18671069720777,-8.34211596608395,-7.58730105649285,-7.15041261660024,-7.13395479589877,-7.43178410046831,,,,Colombia,CO2
GCAM 5.3,R_MAC_35_n8,COL,Emissions|CO2|Energy and Industrial Processes,Mt CO2/yr,,,,64.5443396092297,,,77.6700196317675,,,,,88.5484725704583,,104.466776099212,,,,,74.518747471828,-4.603654966248,-91.8488880743339,-75.0583240154968,-72.5904083059891,-71.7180674935308,-76.6525538678017,-78.7255960252505,-78.1847928167318,-79.7337382270383,-83.0872740420421,-85.5591247631387,-85.5858887063805,-83.7907617428207,-81.8690728458414,-82.2707049665006,,,,Colombia,CO2
GCAM 5.3,R_MAC_35_n8,COL,Emissions|CO2|Energy|Demand,Mt CO2/yr,,,,45.9732026264073,,,51.0879941201835,,,,,60.2816178710265,,70.5231327791333,,,,,57.7304168526952,35.4074789274796,10.3405552464976,17.6724210375284,19.6615436811598,21.0498576074888,21.0637093567907,22.6429177417455,25.0972279732125,26.9517053973727,28.401672987846,29.3239705339588,30.9457994611456,32.8831276950108,34.624185843181,36.0213429235566,,,,Colombia,CO2
GCAM 5.3,R_MAC_35_n8,COL,Emissions|CO2|Energy|Demand|Industry,Mt CO2/yr,,,,16.6921214044263,,,18.1178591694927,,,,,13.585844311714,,21.1298083884905,,,,,13.3373344580874,9.2163284364229,1.15650021321807,1.59701140758118,1.34469710109083,1.15168532629303,0.960457647552098,0.834165549723895,0.706258559004643,0.638669614066272,0.616598528202279,1.35031699831848,2.41417868321204,3.26158482663781,3.78290266257013,4.11931767798547,,,,Colombia,CO2
GCAM 5.3,R_MAC_35_n8,COL,Emissions|CO2|Energy|Demand|Residential and Commercial,Mt CO2/yr,,,,4.67892520478074,,,4.99084576244402,,,,,11.617567707637,,12.300180465077,,,,,9.41138949535618,4.59980141282077,0.767681621150081,1.17203037669218,1.02907758727374,0.887635327197599,0.700679878082069,0.596797414634056,0.545919154200981,0.512795262752514,0.462397240138745,0.404825526133799,0.343108258194927,0.295272860116949,0.26485419312296,0.229721538569146,,,,Colombia,CO2
GCAM 5.3,R_MAC_35_n8,COL,Emissions|CO2|Energy|Demand|Residential and Commercial|Commercial,Mt CO2/yr,,,,0.692133821705585,,,1.1892122489408,,,,,8.0825655376816,,8.4349701905019,,,,,6.83556056043874,3.35327671627295,0.551183610270754,0.862951229852938,0.755539997628084,0.641221535107273,0.491525263209396,0.415358355631563,0.38367451271494,0.361130087465103,0.322995187199171,0.274597868262033,0.227147485919243,0.192633889880966,0.171277477177932,0.147637721911485,,,,Colombia,CO2
GCAM 5.3,R_MAC_35_n8,COL,Emissions|CO2|Energy|Demand|Residential and Commercial|Residential,Mt CO2/yr,,,,3.98679138307516,,,3.80163351350322,,,,,3.53500216995541,,3.86521027457514,,,,,2.57582893491744,1.24652469654783,0.216498010879327,0.309079146839238,0.273537589645654,0.246413792090326,0.209154614872673,0.181439059002493,0.162244641486041,0.151665175287411,0.139402052939575,0.130227657871766,0.115960772275684,0.102638970235984,0.0935767159450282,0.0820838166576605,,,,Colombia,CO2
GCAM 5.3,R_MAC_35_n8,COL,Emissions|CO2|Energy|Demand|Transportation,Mt CO2/yr,,,,24.6021560172003,,,27.9792891882467,,,,,35.0782058516755,,37.0931439255658,,,,,34.9816928992516,21.5913490782359,8.41637341212945,14.903379253255,17.2877689927952,19.0105369539982,19.4025718311565,21.2119547773875,23.8450502600069,25.800240520554,27.322677219505,27.5688280095065,28.1885125197386,29.3262700082561,30.5764289874879,31.672303707002,,,,Colombia,CO2
GCAM 5.3,R_MAC_35_n8,COL,Emissions|CO2|Energy|Supply,Mt CO2/yr,,,,10.9762612061677,,,18.9374519009956,,,,,20.6223913162849,,24.9474997091489,,,,,13.9469661368023,-40.6176838915066,-99.8796285241655,-90.4568707372803,-89.238914693539,-88.6235890919834,-91.7305202960923,-94.0673411313405,-95.4665002874077,-98.258928306098,-101.993719349494,-102.518159634452,-101.232276738868,-98.9533718145427,-96.7393885152539,-96.5166816668355,,,,Colombia,CO2
GCAM 5.3,R_MAC_35_n8,COL,Emissions|CO2|Energy|Supply|Electricity,Mt CO2/yr,,,,6.32568079003691,,,10.4641435195851,,,,,16.5034285838117,,20.7266093810918,,,,,13.0698678445688,-12.3467894491135,-36.3502976043574,-36.8040594821994,-38.375902730232,-40.062036007813,-41.7511068889507,-43.4039096982062,-46.7210210019763,-50.1870697890067,-55.3202513887636,-56.0085435278278,-54.6719798673273,-52.8325500671955,-51.1164509702732,-51.0465863674714,,,,Colombia,CO2
GCAM 5.3,R_MAC_35_n8,COL,Emissions|CO2|Energy|Supply|Gases,Mt CO2/yr,,,,0.0,,,0.0,,,,,0.0,,0.0056528639031413,,,,,0.0012166661577911,0.0002439091102962,2.48454182441742e-06,1.00038682951892e-05,8.33854663799962e-06,8.51819477342127e-06,6.50994399140637e-06,4.45874890845077e-06,3.46191869012985e-06,2.97442733069579e-06,2.56175209375986e-06,2.55479994851452e-06,2.41436473006768e-06,2.18101772784432e-06,1.90621318426543e-06,1.62667408306612e-06,,,,Colombia,CO2
GCAM 5.3,R_MAC_35_n8,COL,Emissions|CO2|Energy|Supply|Liquids,Mt CO2/yr,,,,4.65058041613081,,,8.4733098480758,,,,,4.11896273247324,,4.19076590795603,,,,,0.957256680305065,-27.6977217643304,-60.3160678827666,-51.0339479743069,-47.4188600806831,-45.3996166231759,-46.7781252390123,-45.873308613266,-42.1872149080072,-39.6586880853274,-38.1585703162056,-39.4788899523528,-40.9433910300935,-41.5069740350428,-41.7135970763135,-42.0968422204848,,,,Colombia,CO2
GCAM 5.3,R_MAC_35_n8,COL,Emissions|CO2|Energy|Supply|Solids,Mt CO2/yr,,,,0.0,,,-1.46666532091234e-06,,,,,0.0,,-6.59999450966611e-06,,,,,-1.46666414103576e-05,-1.50333386703404e-05,0.0,0.0,0.0,0.0,-8.06665610507124e-07,0.0,0.0,0.0,0.0,0.0,-5.49998429546855e-07,0.0,-7.33333415697395e-08,0.0,,,,Colombia,CO2
GCAM 5.3,R_MAC_35_n8,COL,Emissions|CO2|Industrial Processes,Mt CO2/yr,,,,7.59487577665465,,,7.64457361058838,,,,,7.64446338314692,,8.99614361092944,,,,,2.84136448233058,0.606549997779058,-2.30981479666601,-2.27387431574487,-3.01303729360992,-4.14433600903626,-5.98574292850004,-7.30117263565546,-7.81552050253657,-8.42651531831304,-9.4952276803938,-12.3649356626452,-15.2994114286582,-17.7205176232889,-19.7538701737684,-21.7753662232217,,,,Colombia,CO2
GCAM 5.3,R_MAC_35_n8,COL,Emissions|N2O|AFOLU,Mt CO2e/yr,,,,29.2431884504517,,,31.669648044278517,,,,,32.29244334093305,,34.85217200085921,,,,,38.16401151939504,46.68515499744314,55.221265190482754,55.0532630310532,57.203284540864104,59.173960993074296,60.687337732770835,61.157445050680245,61.491439152748875,61.97155378231108,62.48454947573557,63.09226275693623,63.53874805157225,63.82187820660589,63.88935874795437,63.89094180557552,,,,Colombia,N2O
GCAM 5.3,R_MAC_40_n0,COL,Carbon Sequestration|CCS|Biomass,Mt CO2/yr,,,,0.0,,,0.0,,,,,0.0,,0.0,,,,,2.27999203860532,11.6553426183165,34.4584514646595,61.64242872093,59.923290212688,65.5534082562735,68.364184585912,69.6472914439126,70.1470356032682,72.2998540124967,75.1499643371755,76.4225953275613,76.640345833429,76.5343829130837,76.0880492553603,75.4871207975504,,,,Colombia,
GCAM 5.3,R_MAC_40_n0,COL,Emissions|CH4|AFOLU,Mt CO2e/yr,,,,48.01866203466192,,,51.75003652344876,,,,,52.81537924690356,,56.281527744718076,,,,,59.95969891156112,63.757228194959325,67.04501131838944,69.57212661007476,73.10751464023028,75.85296551824376,77.97691156764068,79.746450024465,81.21096988476025,82.40716230904053,83.24157840402655,83.75132545774989,83.97546883749744,83.94037772038352,83.65858388216392,83.16148704525312,,,,Colombia,CH4
GCAM 5.3,R_MAC_40_n0,COL,Emissions|CO2|AFOLU,Mt CO2/yr,,,,-25.1634470148442,,,-29.1851374005037,,,,,14.214518541358,,7.88057268250999,,,,,11.3777910563889,15.8056863566341,35.5955672985443,30.8965065804942,-9.85234774812039,-3.6021257233783,-5.79449483162342,-5.87233997312934,-5.55315070718178,-5.45621617569951,-5.2552765840999,-4.96910715707048,-4.84914641614827,-4.99770360581196,-5.37055890215924,-6.04165469142325,,,,Colombia,CO2
GCAM 5.3,R_MAC_40_n0,COL,Emissions|CO2|Energy and Industrial Processes,Mt CO2/yr,,,,64.5443396092297,,,77.6700196317675,,,,,88.5484725704583,,104.46661730481,,,,,87.6796004010073,68.8415470809737,23.0684619612423,-31.5274013107438,-20.6003774185451,-28.828979669481,-32.0028951452011,-30.7213363285604,-26.3832083395181,-22.9688711394191,-20.3514719032491,-16.9819795660468,-14.9561027254881,-15.2925730212534,-15.690955753051,-15.0171913474385,,,,Colombia,CO2
GCAM 5.3,R_MAC_40_n0,COL,Emissions|CO2|Energy|Demand,Mt CO2/yr,,,,45.9732026264073,,,51.0879941201835,,,,,60.2816178710265,,70.5230889456906,,,,,63.1586923409952,59.1656345171233,48.1267989768393,32.7490786922075,38.3388470653832,37.4022197667465,37.9394808887054,39.8059725364023,42.6036372519656,47.1607796801882,53.4350121241142,59.0236300124655,62.6254457955715,64.4040129837996,65.9363811764652,68.140549533196,,,,Colombia,CO2
GCAM 5.3,R_MAC_40_n0,COL,Emissions|CO2|Energy|Demand|Industry,Mt CO2/yr,,,,16.6921214044263,,,18.1178591694927,,,,,13.585844311714,,21.1297645550478,,,,,14.9804744816483,13.6505287494335,10.9891449468075,5.17131458472847,6.34161059528342,5.54656404068034,4.54124753293644,3.71632741383993,3.82800164990634,7.08702006393964,12.432350642031,16.636164303076,18.9864177403092,20.0350352198311,20.8662126493831,22.4065551708107,,,,Colombia,CO2
GCAM 5.3,R_MAC_40_n0,COL,Emissions|CO2|Energy|Demand|Residential and Commercial,Mt CO2/yr,,,,4.67892520478074,,,4.99084576244402,,,,,11.617567707637,,12.300180465077,,,,,10.8303898576701,9.28486203659423,6.38582332130714,3.07563701208773,3.32677342299683,2.85329300490239,2.4822102869709,2.18465590001721,1.91740795258164,1.68324775661209,1.46851363370267,1.32630570283504,1.17924638630309,1.03362201342262,0.925185426236874,0.825575652786048,,,,Colombia,CO2
GCAM 5.3,R_MAC_40_n0,COL,Emissions|CO2|Energy|Demand|Residential and Commercial|Commercial,Mt CO2/yr,,,,0.692133821705585,,,1.1892122489408,,,,,8.0825655376816,,8.4349701905019,,,,,7.73430017515813,6.67998889203776,4.62916660238484,2.27954546568995,2.42213575771035,2.03644188156926,1.76549666385951,1.55793671209049,1.36349526471007,1.17784631379222,1.01130496101412,0.901268655999124,0.791061853067008,0.684632243733847,0.607326139670912,0.540059755005842,,,,Colombia,CO2
GCAM 5.3,R_MAC_40_n0,COL,Emissions|CO2|Energy|Demand|Residential and Commercial|Residential,Mt CO2/yr,,,,3.98679138307516,,,3.80163351350322,,,,,3.53500216995541,,3.86521027457514,,,,,3.09608968251199,2.60487314455647,1.75665671892229,0.796091546397778,0.90463766528648,0.816851123333133,0.716713623111391,0.62671918792672,0.553912687871572,0.505401442819871,0.457208672688556,0.42503704683592,0.388184533236086,0.348989769688776,0.317859286565962,0.285515897780206,,,,Colombia,CO2
GCAM 5.3,R_MAC_40_n0,COL,Emissions|CO2|Energy|Demand|Transportation,Mt CO2/yr,,,,24.6021560172003,,,27.9792891882467,,,,,35.0782058516755,,37.0931439255658,,,,,37.3478280016767,36.2302437310956,30.7518307087247,24.5021270953913,28.670463047103,29.0023627211637,30.9160230687981,33.9049892225452,36.8582276494776,38.3905118596365,39.5341478483805,41.0611600065545,42.4597816689592,43.3353557505459,44.1449831008452,44.9084187095992,,,,Colombia,CO2
GCAM 5.3,R_MAC_40_n0,COL,Emissions|CO2|Energy|Supply,Mt CO2/yr,,,,10.9762612061677,,,18.9374519009956,,,,,20.6223913162849,,24.9473930418036,,,,,21.0661103876965,6.9388354188214,-26.3789135946151,-63.7808945742175,-58.2627981298876,-64.2474020057805,-67.01987104462,-67.1036042416702,-65.2032903842975,-65.2512386390158,-67.3949549838265,-68.2699045779843,-68.2347383244383,-68.1824133658932,-68.0019830134661,-67.7922652212806,,,,Colombia,CO2
GCAM 5.3,R_MAC_40_n0,COL,Emissions|CO2|Energy|Supply|Electricity,Mt CO2/yr,,,,6.32568079003691,,,10.4641435195851,,,,,16.5034285838117,,20.7265039632099,,,,,18.0083509612148,8.69012302926408,-8.85566119334044,-26.0804453105727,-25.8218641057069,-28.1507990593286,-29.60780797178,-30.841421246667,-32.1731679720631,-33.6473108966915,-35.9165352925143,-37.3579563671191,-37.1233136392796,-35.1673390557975,-32.8675099340394,-31.0112736792355,,,,Colombia,CO2
GCAM 5.3,R_MAC_40_n0,COL,Emissions|CO2|Energy|Supply|Gases,Mt CO2/yr,,,,0.0,,,0.0,,,,,0.0,,0.0056528638373265,,,,,0.0021925059998267,0.0018966343200974,0.0008274873380741,0.0001125778117056,0.0002084578270591,0.0002298224243945,0.000174378653521,0.0001277459637454,0.0001078038712992,0.0001061600264006,0.0001063360417643,9.5307252629102e-05,8.59509997177641e-05,8.0981134602193e-05,7.21109560763342e-05,8.55686519650935e-05,,,,Colombia,CO2
GCAM 5.3,R_MAC_40_n0,COL,Emissions|CO2|Energy|Supply|Liquids,Mt CO2/yr,,,,4.65058041613081,,,8.4733098480758,,,,,4.11896273247324,,4.19076465855846,,,,,3.08760079412943,-1.55945955792691,-16.868815175444,-36.1361680201241,-31.4037131094059,-35.4041150305846,-36.6928089159755,-35.0975687938305,-31.2377237886199,-29.3069521418959,-29.2649217436377,-28.9319285861973,-29.4159832276341,-31.5313050650277,-33.679000996114,-35.1798421743091,,,,Colombia,CO2
GCAM 5.3,R_MAC_40_n0,COL,Emissions|CO2|Energy|Supply|Solids,Mt CO2/yr,,,,0.0,,,-1.46666532091234e-06,,,,,0.0,,-6.59999450966611e-06,,,,,-2.5666657749529e-05,0.0,0.0,0.0,0.0,0.0,0.0,-3.66666646847394e-07,-1.46666298446278e-06,-3.29998738148923e-06,0.0,0.0,0.0,-2.12665841477186e-06,0.0,0.0,,,,Colombia,CO2
GCAM 5.3,R_MAC_40_n0,COL,Emissions|CO2|Industrial Processes,Mt CO2/yr,,,,7.59487577665465,,,7.64457361058838,,,,,7.64446338314692,,8.99613531731588,,,,,3.45479767231566,2.73707714502898,1.32057657901798,-0.495585428733792,-0.676426354040687,-1.98379743044702,-2.92250498928658,-3.42370462329251,-3.78355520718616,-4.87841218059145,-6.3915290435368,-7.73570500052805,-9.34681019662128,-11.5141726391598,-13.6253539160501,-15.3654756593539,,,,Colombia,CO2
GCAM 5.3,R_MAC_40_n0,COL,Emissions|N2O|AFOLU,Mt CO2e/yr,,,,29.2431884504517,,,31.669648044278517,,,,,32.29244334093305,,34.85217200085921,,,,,37.7096560778069,41.57387986997809,47.01016101961316,52.12486007060951,53.76763314937724,56.5025786268893,58.42955965900271,59.50483219255275,60.139078903223236,60.77094962053343,61.48380658959111,62.08091510058711,62.553523539171756,62.93550077928095,63.200103983086706,63.24933726999806,,,,Colombia,N2O
GCAM 5.3,R_MAC_40_n8,COL,Carbon Sequestration|CCS|Biomass,Mt CO2/yr,,,,0.0,,,0.0,,,,,0.0,,0.0,,,,,3.28768732788064,18.332451432253,54.8576346527239,82.0617079009002,81.2526572791293,82.4757622379637,85.7549190904546,90.9948681362545,93.8663056108628,96.8680083659384,100.593969877538,102.68265995379,102.522993389481,101.533549049598,100.132479818786,99.4523281764135,,,,Colombia,
GCAM 5.3,R_MAC_40_n8,COL,Emissions|CH4|AFOLU,Mt CO2e/yr,,,,48.01866203466192,,,51.75003652344876,,,,,52.81537924690356,,56.281527744718076,,,,,59.79275004165428,63.2284129009428,66.2600395788968,67.42198231276004,70.53434176577684,72.97579455261621,74.85551562310332,76.50145840546412,77.864708272967,78.94154576749447,79.76492666549343,80.3537389681712,80.62120353413644,80.61129503816984,80.36826841207389,79.9026665364872,,,,Colombia,CH4
GCAM 5.3,R_MAC_40_n8,COL,Emissions|CO2|AFOLU,Mt CO2/yr,,,,-25.1634470148442,,,-29.1851374005037,,,,,14.214518541358,,7.88057268250999,,,,,12.9570756383923,22.8464738091945,61.1360988576509,21.4913626782951,-13.3938297494179,-12.3457101987049,-11.0104664880207,-9.8917917077628,-9.04551243254667,-8.71547383722521,-8.38026455984327,-7.84070895744725,-7.22101090810262,-6.82047034159263,-6.80418592235534,-7.14728497874845,,,,Colombia,CO2
GCAM 5.3,R_MAC_40_n8,COL,Emissions|CO2|Energy and Industrial Processes,Mt CO2/yr,,,,64.5443396092297,,,77.6700196317675,,,,,88.5484725704583,,104.466776099146,,,,,83.8167711653964,51.5410236745459,-21.0556043282779,-80.4705065899071,-72.6367568147255,-71.0804867537863,-74.5234905353808,-79.6982755997823,-79.7238488983781,-79.8757946840707,-81.8511090448104,-84.6168740814668,-84.166625938974,-82.802188713214,-81.7209454321084,-79.9042330227515,,,,Colombia,CO2
GCAM 5.3,R_MAC_40_n8,COL,Emissions|CO2|Energy|Demand,Mt CO2/yr,,,,45.9732026264073,,,51.0879941201835,,,,,60.2816178710265,,70.5231327791333,,,,,61.4053129366758,53.4986274290761,34.1838529567172,16.1655198118467,20.0114494949575,21.701952062132,21.9616139660226,22.6577511700307,24.6148271481182,26.7421802139454,28.4452096310862,29.5236924926365,31.6527371540958,33.8076923237752,35.3879310923963,37.7108241363028,,,,Colombia,CO2
GCAM 5.3,R_MAC_40_n8,COL,Emissions|CO2|Energy|Demand|Industry,Mt CO2/yr,,,,16.6921214044263,,,18.1178591694927,,,,,13.585844311714,,21.1298083884905,,,,,14.3667015836703,12.4244581452739,7.14797133767004,1.2987471707274,1.25717540404705,1.04781520540923,0.870179881124688,0.757227978882661,0.697411657364793,0.633811494746525,0.606615040626306,1.56359073187042,3.33454460612363,4.60052343435981,5.07653335240733,6.21916018470422,,,,Colombia,CO2
GCAM 5.3,R_MAC_40_n8,COL,Emissions|CO2|Energy|Demand|Residential and Commercial,Mt CO2/yr,,,,4.67892520478074,,,4.99084576244402,,,,,11.617567707637,,12.300180465077,,,,,10.3538883880282,8.02119501846264,3.89848386386398,0.996191878592869,1.04305444385758,0.908140718689136,0.734844905047627,0.602774556182028,0.534997586618152,0.504115575375027,0.458094322191848,0.400401314215286,0.337435570060382,0.287585312468956,0.255870492552772,0.222356766259004,,,,Colombia,CO2
GCAM 5.3,R_MAC_40_n8,COL,Emissions|CO2|Energy|Demand|Residential and Commercial|Commercial,Mt CO2/yr,,,,0.692133821705585,,,1.1892122489408,,,,,8.0825655376816,,8.4349701905019,,,,,7.44063287048782,5.82137375058959,2.86811997447058,0.73369661343495,0.771897524582457,0.665468339662957,0.526307231676147,0.422894913206666,0.374646704758586,0.354490678236541,0.320731870515328,0.271514673489691,0.221965619317798,0.185515230148941,0.163131148801712,0.141521175837122,,,,Colombia,CO2
GCAM 5.3,R_MAC_40_n8,COL,Emissions|CO2|Energy|Demand|Residential and Commercial|Residential,Mt CO2/yr,,,,3.98679138307516,,,3.80163351350322,,,,,3.53500216995541,,3.86521027457514,,,,,2.91325551754042,2.19982126787305,1.0303638893934,0.262495265157919,0.271156919275122,0.242672379026179,0.20853767337148,0.179879642975362,0.160350881859566,0.149624897138486,0.13736245167652,0.128886640725595,0.115469950742584,0.102070082320014,0.09273934375106,0.0808355904218819,,,,Colombia,CO2
GCAM 5.3,R_MAC_40_n8,COL,Emissions|CO2|Energy|Demand|Transportation,Mt CO2/yr,,,,24.6021560172003,,,27.9792891882467,,,,,35.0782058516755,,37.0931439255658,,,,,36.6847229649772,33.0529742653396,23.1373977551832,13.8705807625264,17.7112196470529,19.7459961380337,20.3565891798502,21.297748634966,23.3824179041352,25.6042531438239,27.380500268268,27.5597004465508,27.9807569779118,28.9195835769465,30.0555272474362,31.2693071853396,,,,Colombia,CO2
GCAM 5.3,R_MAC_40_n8,COL,Emissions|CO2|Energy|Supply,Mt CO2/yr,,,,10.9762612061677,,,18.9374519009956,,,,,20.6223913162849,,24.9474997090831,,,,,19.1944501312827,-4.18028256740942,-55.3656811166886,-94.1442964043804,-89.780370721175,-89.0091062483458,-91.1505815880877,-95.3070638414004,-96.3268768894622,-98.1127094296873,-100.992459285071,-101.815704476639,-100.078849970423,-97.9228888161746,-95.9201018370939,-94.7416483976481,,,,Colombia,CO2
GCAM 5.3,R_MAC_40_n8,COL,Emissions|CO2|Energy|Supply|Electricity,Mt CO2/yr,,,,6.32568079003691,,,10.4641435195851,,,,,16.5034285838117,,20.7266093810918,,,,,16.6650776667274,2.37692308149017,-20.3467255871835,-37.3322864602391,-38.2001641849263,-40.4701919238698,-42.4647875356634,-44.5982901396499,-47.0605291789354,-50.1659139968958,-54.8687323520442,-56.0495781904095,-54.139571570396,-51.5911534181992,-49.0357825243157,-48.3213139579807,,,,Colombia,CO2
GCAM 5.3,R_MAC_40_n8,COL,Emissions|CO2|Energy|Supply|Gases,Mt CO2/yr,,,,0.0,,,0.0,,,,,0.0,,0.0056528638373265,,,,,0.0017792556708299,0.0011548028218262,0.0001740526911003,6.56649641641361e-06,7.64615962323543e-06,7.44395092984808e-06,5.9212908237113e-06,4.56315259741529e-06,3.58137074489347e-06,2.8882808750043e-06,2.56263703557907e-06,2.58030282843685e-06,2.53677221626536e-06,2.38213688318049e-06,2.01562946943972e-06,1.66814316441502e-06,,,,Colombia,CO2
GCAM 5.3,R_MAC_40_n8,COL,Emissions|CO2|Energy|Supply|Liquids,Mt CO2/yr,,,,4.65058041613081,,,8.4733098480758,,,,,4.11896273247324,,4.19076590795603,,,,,2.5755305901055,-6.26073299205848,-33.9313513939184,-53.874623784735,-47.6840412937997,-44.78772492975,-44.9833558303219,-45.6827497064896,-43.1675213155033,-40.0490467651892,-37.5631908568826,-39.0593226497012,-41.0049278245878,-42.4594956478005,-43.6197483634251,-43.2967513797481,,,,Colombia,CO2
GCAM 5.3,R_MAC_40_n8,COL,Emissions|CO2|Energy|Supply|Solids,Mt CO2/yr,,,,0.0,,,-1.46666532091234e-06,,,,,0.0,,-6.59999450966611e-06,,,,,-1.46666658118431e-05,0.0,0.0,0.0,0.0,0.0,0.0,0.0,0.0,-3.66666229761198e-07,-7.3333413485412e-08,-3.2999970281362e-07,-1.46666497625462e-07,0.0,-1.09999989355756e-07,-2.93332932594968e-07,,,,Colombia,CO2
GCAM 5.3,R_MAC_40_n8,COL,Emissions|CO2|Industrial Processes,Mt CO2/yr,,,,7.59487577665465,,,7.64457361058838,,,,,7.64446338314692,,8.99614361092944,,,,,3.21700809743796,2.22267881287925,0.126223831693488,-2.49172999737334,-2.86783558850802,-3.77333256757242,-5.33452291331567,-7.0489629284125,-8.01179915703405,-8.50526546832876,-9.30385939082604,-12.3248620974644,-15.7405131226467,-18.6869922208145,-21.1887746874108,-22.8734087614062,,,,Colombia,CO2
GCAM 5.3,R_MAC_40_n8,COL,Emissions|N2O|AFOLU,Mt CO2e/yr,,,,29.2431884504517,,,31.669648044278517,,,,,32.29244334093305,,34.85217200085921,,,,,37.83178106472082,42.40391827190118,49.53401951221761,55.7256484018943,57.0423168623561,59.04019704078623,60.53243683363777,61.312726817819296,61.657058159765526,62.02761062461563,62.449917580721305,63.01927335043268,63.51034832454066,63.88174302639921,64.02272641208152,63.981226646961076,,,,Colombia,N2O
GCAM 5.3,R_MAC_45_n0,COL,Carbon Sequestration|CCS|Biomass,Mt CO2/yr,,,,0.0,,,0.0,,,,,0.0,,0.0,,,,,1.51994770651039,7.66853209880589,18.9203591830762,38.7819048886711,59.8136069259405,61.2744476700035,65.292640192379,68.1967581696084,70.1517211366811,71.8770874344922,74.7157345330912,76.4093099061183,77.1049945250809,77.0034495010519,76.8657875818785,76.278230954595,,,,Colombia,
GCAM 5.3,R_MAC_45_n0,COL,Emissions|CH4|AFOLU,Mt CO2e/yr,,,,48.01866203466192,,,51.75003652344876,,,,,52.81537924690356,,56.281527744718076,,,,,60.102567799796766,64.24694288863648,67.4727949573958,70.81712087811871,72.8997069367938,75.94214868180332,78.04813790597096,79.7888558546702,81.22836889396768,82.42133894298529,83.24413030887044,83.72771417046232,83.93175896494397,83.917498591612,83.63755044443567,83.14981681977656,,,,Colombia,CH4
GCAM 5.3,R_MAC_45_n0,COL,Emissions|CO2|AFOLU,Mt CO2/yr,,,,-25.1634470148442,,,-29.1851374005037,,,,,14.214518541358,,7.88057268250999,,,,,10.0865007081949,12.3758963173028,19.1192939220876,23.6165596701445,16.2996607884383,-5.04492982925091,-4.07437775915659,-5.4610204009068,-5.10619427976054,-4.81526992000695,-4.76565612570402,-4.70017365820284,-4.75554938551486,-4.97652699755478,-5.35469406798169,-5.9749622265316,,,,Colombia,CO2
GCAM 5.3,R_MAC_45_n0,COL,Emissions|CO2|Energy and Industrial Processes,Mt CO2/yr,,,,64.5443396092297,,,77.6700196317675,,,,,88.5484725704583,,104.46661730481,,,,,91.402012853456,81.0760073467056,59.0326364134586,19.8835148245638,-23.8001033059126,-21.2252589502713,-26.8040632843593,-28.8328252957308,-27.900053068381,-24.0624847160577,-20.959964935933,-17.8177235417009,-15.4453234128931,-14.5695417743547,-15.1367058731714,-14.6855016329959,,,,Colombia,CO2
GCAM 5.3,R_MAC_45_n0,COL,Emissions|CO2|Energy|Demand,Mt CO2/yr,,,,45.9732026264073,,,51.0879941201835,,,,,60.2816178710265,,70.5230889456906,,,,,65.1453026907412,63.6222616842882,59.8882743766436,50.3858098531253,36.747044390987,39.4526879931813,39.0745300940986,40.1062196193074,42.0250858692298,46.1360804258671,52.6497039596235,58.501864485468,63.0011460004174,65.7677471464579,67.2765844360283,69.2026869909062,,,,Colombia,CO2
GCAM 5.3,R_MAC_45_n0,COL,Emissions|CO2|Energy|Demand|Industry,Mt CO2/yr,,,,16.6921214044263,,,18.1178591694927,,,,,13.585844311714,,21.1297645550478,,,,,15.9037402290369,15.226762528555,13.8215901484395,10.828484835477,5.14364554386335,5.6858846051921,4.57741039883788,3.7226763276166,3.68642796845165,6.47716230047869,12.0155662232459,16.6861208532639,19.9110646271689,21.620824243401,22.3104020734552,23.4306495469178,,,,Colombia,CO2
GCAM 5.3,R_MAC_45_n0,COL,Emissions|CO2|Energy|Demand|Residential and Commercial,Mt CO2/yr,,,,4.67892520478074,,,4.99084576244402,,,,,11.617567707637,,12.300180465077,,,,,11.3189442494689,10.2898775081348,8.76839921033306,6.01461018776753,3.05708551641856,3.01688246591736,2.58009622322083,2.22849871504959,1.93188699936384,1.67855491183529,1.45204497485756,1.2963940084484,1.14761681324888,1.01921161708662,0.916243755128288,0.822757216642698,,,,Colombia,CO2
GCAM 5.3,R_MAC_45_n0,COL,Emissions|CO2|Energy|Demand|Residential and Commercial|Commercial,Mt CO2/yr,,,,0.692133821705585,,,1.1892122489408,,,,,8.0825655376816,,8.4349701905019,,,,,8.02880073883289,7.3315601944311,6.27631012978978,4.35644438546618,2.25902491419573,2.17644141524507,1.84501092481375,1.59089391915691,1.37091904744051,1.17021627923234,0.996374571266161,0.877931938588201,0.767761875239449,0.67406806435952,0.600872443921243,0.537862491119075,,,,Colombia,CO2
GCAM 5.3,R_MAC_45_n0,COL,Emissions|CO2|Energy|Demand|Residential and Commercial|Residential,Mt CO2/yr,,,,3.98679138307516,,,3.80163351350322,,,,,3.53500216995541,,3.86521027457514,,,,,3.29014351063599,2.9583173137037,2.49208908054328,1.65816580230135,0.798060602222833,0.840441050672291,0.735085298407076,0.637604795892685,0.56096795192333,0.508338632602951,0.455670403591398,0.418462069860203,0.379854938009431,0.345143552727104,0.315371311207046,0.284894725523623,,,,Colombia,CO2
GCAM 5.3,R_MAC_45_n0,COL,Emissions|CO2|Energy|Demand|Transportation,Mt CO2/yr,,,,24.6021560172003,,,27.9792891882467,,,,,35.0782058516755,,37.0931439255658,,,,,37.9226182122354,38.1056216475984,37.298285017871,33.5427148298808,28.5463133307051,30.7499209220719,31.9170234720399,34.1550445766412,36.4067709014143,37.9803632135531,39.1820927615201,40.5193496237558,41.9424645599996,43.1277112859702,44.0499386074448,44.9492802273457,,,,Colombia,CO2
GCAM 5.3,R_MAC_45_n0,COL,Emissions|CO2|Energy|Supply,Mt CO2/yr,,,,10.9762612061677,,,18.9374519009956,,,,,20.6223913162849,,24.9473930418036,,,,,22.4908489308367,14.3151585867523,-3.27455711128641,-31.5892656715526,-59.8404358675843,-59.2263879657406,-63.3360553762751,-65.6246396284311,-65.890506326243,-65.0325194793656,-66.9145997720921,-68.1286933503698,-68.6671192185714,-68.6373904538279,-68.7102905651253,-68.5510080144604,,,,Colombia,CO2
GCAM 5.3,R_MAC_45_n0,COL,Emissions|CO2|Energy|Supply|Electricity,Mt CO2/yr,,,,6.32568079003691,,,10.4641435195851,,,,,16.5034285838117,,20.7265039632099,,,,,19.0435723201247,13.6982960661927,2.06868323554817,-12.9255297587256,-25.5196639807752,-26.4934818339291,-28.5074815522146,-30.2280224922192,-31.6634453799205,-32.5091313594161,-34.5100405265052,-35.9754881626191,-36.5433892336731,-35.4889914422788,-33.8514672656258,-32.2929390001635,,,,Colombia,CO2
GCAM 5.3,R_MAC_45_n0,COL,Emissions|CO2|Energy|Supply|Gases,Mt CO2/yr,,,,0.0,,,0.0,,,,,0.0,,0.0056528638373265,,,,,0.0027604124856275,0.0027621480672647,0.002293053892306,0.0009539579078497,0.0001290834103147,0.0002213640501042,0.0001724442288302,0.0001329497766979,0.0001173505954639,0.0001130925363053,0.0001072799989273,9.69568755633839e-05,8.62910914691222e-05,7.95322892294826e-05,7.31400794782542e-05,8.68842032291438e-05,,,,Colombia,CO2
GCAM 5.3,R_MAC_45_n0,COL,Emissions|CO2|Energy|Supply|Liquids,Mt CO2/yr,,,,4.65058041613081,,,8.4733098480758,,,,,4.11896273247324,,4.19076465855846,,,,,3.46114050534763,0.734935458525949,-4.98528909193211,-17.8194361268507,-32.3726591828822,-31.6943183924412,-33.9332526087125,-34.1601429937236,-32.6044224188486,-30.4605083402095,-30.3573496267228,-30.2365240199471,-30.4591447787348,-31.7037336672391,-33.4825886607424,-34.7932193322899,,,,Colombia,CO2
GCAM 5.3,R_MAC_45_n0,COL,Emissions|CO2|Energy|Supply|Solids,Mt CO2/yr,,,,0.0,,,-1.46666532091234e-06,,,,,0.0,,-6.59999450966611e-06,,,,,-7.33333517839344e-06,0.0,-1.09999977021264e-05,-9.53332641111929e-06,0.0,-3.29999833409274e-06,0.0,0.0,0.0,0.0,0.0,0.0,0.0,0.0,0.0,0.0,,,,Colombia,CO2
GCAM 5.3,R_MAC_45_n0,COL,Emissions|CO2|Industrial Processes,Mt CO2/yr,,,,7.59487577665465,,,7.64457361058838,,,,,7.64446338314692,,8.99613531731588,,,,,3.76586123187809,3.13858707566508,2.41891914810141,1.08697064299111,-0.706711829315263,-1.45155897771199,-2.54253800218272,-3.31440528660704,-4.03463261136779,-5.1660456625592,-6.69506912346442,-8.1908946767991,-9.77935019473899,-11.6998984669846,-13.7029997440744,-15.3371806094418,,,,Colombia,CO2
GCAM 5.3,R_MAC_45_n0,COL,Emissions|N2O|AFOLU,Mt CO2e/yr,,,,29.2431884504517,,,31.669648044278517,,,,,32.29244334093305,,34.85217200085921,,,,,37.61860744765032,41.245661438437914,44.931566261514384,49.82992076194587,54.36383375979929,56.30590825265843,58.35080633948475,59.58971363121859,60.35720302721928,60.91473963836352,61.53536473816504,62.062440956955626,62.50812164768781,62.89978773874424,63.214806980935705,63.31179320748583,,,,Colombia,N2O
GCAM 5.3,R_MAC_45_n8,COL,Carbon Sequestration|CCS|Biomass,Mt CO2/yr,,,,0.0,,,0.0,,,,,0.0,,0.0,,,,,2.13632602321144,10.8361623280722,31.0906630493903,58.3386411922701,82.6347615354065,81.9228672102879,84.3616308463998,90.2205287572336,93.7606735797552,96.803928677742,99.957128148388,102.073024284483,102.158217736622,101.013822170162,99.9511055699911,100.19400600414,,,,Colombia,
GCAM 5.3,R_MAC_45_n8,COL,Emissions|CH4|AFOLU,Mt CO2e/yr,,,,48.01866203466192,,,51.75003652344876,,,,,52.81537924690356,,56.281527744718076,,,,,59.98460327128669,63.864955109389555,67.14006251538319,69.83312968981552,70.3176235078898,72.99684019028213,74.8542825445982,76.48810382483369,77.85159705862895,78.92881851988196,79.7454422103136,80.32936270243499,80.60794801754156,80.62168494593612,80.37003936759784,79.8462448643636,,,,Colombia,CH4
GCAM 5.3,R_MAC_45_n8,COL,Emissions|CO2|AFOLU,Mt CO2/yr,,,,-25.1634470148442,,,-29.1851374005037,,,,,14.214518541358,,7.88057268250999,,,,,11.1408714078336,15.0452945723611,31.7003646517913,30.9761187969839,9.18447898690093,-10.9343825266976,-9.73447666464083,-8.87276332743731,-8.1011195529138,-7.85510892247726,-7.72326518796486,-7.44287661173749,-6.98079944673265,-6.62008803354266,-6.60105835708404,-7.03478534770556,,,,Colombia,CO2
GCAM 5.3,R_MAC_45_n8,COL,Emissions|CO2|Energy and Industrial Processes,Mt CO2/yr,,,,64.5443396092297,,,77.6700196317675,,,,,88.5484725704583,,104.46661730481,,,,,88.2865644827286,71.1618709923816,30.4363463969963,-23.4130363415065,-76.760522123911,-70.4389138175064,-72.1554844062272,-78.718018750802,-80.4323072880851,-80.7679072931752,-81.3493739634933,-83.8410722844368,-83.7647434830358,-82.4501524097308,-81.2208748982351,-77.3210852901859,,,,Colombia,CO2
GCAM 5.3,R_MAC_45_n8,COL,Emissions|CO2|Energy|Demand,Mt CO2/yr,,,,45.9732026264073,,,51.0879941201835,,,,,60.2816178710265,,70.5230889456906,,,,,63.452536455684,59.952958209116,50.4631023019077,35.7810801455263,18.801327746974,22.0034620756505,22.6186909858475,22.9077219771872,24.4130998518794,26.2860968105514,28.2724881789941,29.4677415699734,31.9079083156282,34.2127233391911,36.3935064776408,40.3517310490515,,,,Colombia,CO2
GCAM 5.3,R_MAC_45_n8,COL,Emissions|CO2|Energy|Demand|Industry,Mt CO2/yr,,,,16.6921214044263,,,18.1178591694927,,,,,13.585844311714,,21.1297645550478,,,,,15.0925822398515,13.8785632441451,11.4702831614282,6.16173253985002,1.10709827598471,1.01982888385581,0.843547796796596,0.725184284529761,0.652259768792338,0.632155326330435,0.599624187182366,1.56981087587059,3.72505574083625,5.24429971698029,6.33112356686125,8.90456867242765,,,,Colombia,CO2
GCAM 5.3,R_MAC_45_n8,COL,Emissions|CO2|Energy|Demand|Residential and Commercial,Mt CO2/yr,,,,4.67892520478074,,,4.99084576244402,,,,,11.617567707637,,12.300180465077,,,,,10.91103498691,9.46654435669625,6.84149173297267,3.52907484748769,0.925852949921014,0.919879550606891,0.761361932636534,0.617067227351606,0.537923523134686,0.495817267580019,0.45330744022554,0.39656917974075,0.333250655000015,0.283507020767134,0.251731077986739,0.218093965432668,,,,Colombia,CO2
GCAM 5.3,R_MAC_45_n8,COL,Emissions|CO2|Energy|Demand|Residential and Commercial|Commercial,Mt CO2/yr,,,,0.692133821705585,,,1.1892122489408,,,,,8.0825655376816,,8.4349701905019,,,,,7.78325944046724,6.79957150300071,4.95142362457387,2.60665484833156,0.683447221071883,0.6775437652001,0.551597428736649,0.436482879921281,0.377374208182377,0.347197104346345,0.317002536532656,0.26896214242137,0.218638859562369,0.181610362361031,0.159322963598039,0.139258125275842,,,,Colombia,CO2
GCAM 5.3,R_MAC_45_n8,COL,Emissions|CO2|Energy|Demand|Residential and Commercial|Residential,Mt CO2/yr,,,,3.98679138307516,,,3.80163351350322,,,,,3.53500216995541,,3.86521027457514,,,,,3.12777554644272,2.66697285369554,1.89006810839881,0.922419999156133,0.242405728849131,0.242335785406792,0.209764503899885,0.180584347430325,0.160549314952309,0.148620163233674,0.136304903692885,0.12760703731938,0.114611795437646,0.101896658406103,0.0924081143886998,0.0788358401568252,,,,Colombia,CO2
GCAM 5.3,R_MAC_45_n8,COL,Emissions|CO2|Energy|Demand|Transportation,Mt CO2/yr,,,,24.6021560172003,,,27.9792891882467,,,,,35.0782058516755,,37.0931439255658,,,,,37.4489192289225,36.6078506082746,32.1513274075068,26.0902727581886,16.7683765210683,20.0637536411878,21.0137812564144,21.5654704653058,23.2229165599523,25.1581242166409,27.2195565515862,27.5013615143621,27.8496019197919,28.6849166014436,29.8106518327928,31.2290684111912,,,,Colombia,CO2
GCAM 5.3,R_MAC_45_n8,COL,Emissions|CO2|Energy|Supply,Mt CO2/yr,,,,10.9762612061677,,,18.9374519009956,,,,,20.6223913162849,,24.9473930418036,,,,,21.3334071356737,8.40074604179274,-21.5727759951743,-58.9754817277335,-92.4202317458791,-88.7768463502988,-89.8301038813744,-94.8726756022798,-96.8580800913388,-98.246413910648,-100.213754127879,-100.991053305061,-99.7501248852953,-97.4123788980077,-95.7453828980203,-95.1392799329207,,,,Colombia,CO2
GCAM 5.3,R_MAC_45_n8,COL,Emissions|CO2|Energy|Supply|Electricity,Mt CO2/yr,,,,6.32568079003691,,,10.4641435195851,,,,,16.5034285838117,,20.7265039632099,,,,,18.2022392626992,9.64066433569139,-6.8748486132319,-24.1135232062954,-37.0733440415603,-39.1211938580884,-41.4401345139321,-44.2384249134338,-46.8508875404086,-49.3159108931154,-53.713786272697,-55.2322353275868,-53.9161241522456,-50.9205313506057,-48.4503625273113,-49.2913677612192,,,,Colombia,CO2
GCAM 5.3,R_MAC_45_n8,COL,Emissions|CO2|Energy|Supply|Gases,Mt CO2/yr,,,,0.0,,,0.0,,,,,0.0,,0.0056528638373265,,,,,0.0022749558960529,0.0020333865065275,0.0010196698154097,0.0001694589374086,5.83514769246833e-06,7.19222733538635e-06,5.69587826839613e-06,4.64210340029253e-06,3.95161980883147e-06,3.13414116607611e-06,2.59412797164556e-06,2.64597874457683e-06,2.60676366852444e-06,2.46872149958035e-06,2.11801826017192e-06,1.58171740421248e-06,,,,Colombia,CO2
GCAM 5.3,R_MAC_45_n8,COL,Emissions|CO2|Energy|Supply|Liquids,Mt CO2/yr,,,,4.65058041613081,,,8.4733098480758,,,,,4.11896273247324,,4.19076465855846,,,,,3.15830529055813,-1.06236232325239,-14.0981320513579,-33.4338189063058,-50.565450409898,-45.2543991688896,-44.0225442398564,-45.0958994851473,-43.9172474599514,-41.500304685293,-38.2058966549276,-39.0892449642778,-41.1644815674567,-43.0134185417791,-44.3625555391008,-42.2674684842002,,,,Colombia,CO2
GCAM 5.3,R_MAC_45_n8,COL,Emissions|CO2|Energy|Supply|Solids,Mt CO2/yr,,,,0.0,,,-1.46666532091234e-06,,,,,0.0,,-6.59999450966611e-06,,,,,-1.09999922989625e-05,-7.33333049576635e-06,-1.83333550943252e-05,0.0,0.0,-1.97999420155156e-06,0.0,-1.09999909637158e-07,-1.09999914995414e-07,0.0,0.0,0.0,0.0,0.0,0.0,-2.56665959367298e-07,,,,Colombia,CO2
GCAM 5.3,R_MAC_45_n8,COL,Emissions|CO2|Industrial Processes,Mt CO2/yr,,,,7.59487577665465,,,7.64457361058838,,,,,7.64446338314692,,8.99613531731588,,,,,3.50062089137089,2.80816674147283,1.54602009026284,-0.218634759299306,-3.141618125006,-3.66552954285808,-4.9440715107003,-6.75306512570938,-7.98732704862568,-8.80759019307864,-9.40810801460864,-12.3177605493491,-15.9225269133686,-19.2504968509141,-21.8689984778556,-22.5335364063167,,,,Colombia,CO2
GCAM 5.3,R_MAC_45_n8,COL,Emissions|N2O|AFOLU,Mt CO2e/yr,,,,29.2431884504517,,,31.669648044278517,,,,,32.29244334093305,,34.85217200085921,,,,,37.69137815517738,41.5130712221589,46.596788573892375,51.79592399155302,57.58133322841454,59.072147590142784,60.500267884903394,61.42340711873157,61.79536945431896,62.11513357255752,62.47353168685465,62.98119177895464,63.46040525820477,63.880951472221334,64.09710489464182,64.01103788655821,,,,Colombia,N2O
GCAM 5.3,R_MAC_50_n0,COL,Carbon Sequestration|CCS|Biomass,Mt CO2/yr,,,,0.0,,,0.0,,,,,0.0,,0.0,,,,,1.12696062211762,5.74009117115976,13.3211698373487,24.6476501960286,42.3644166159769,59.5673398066122,62.6356141665796,66.6880601714508,69.8186106923381,71.8191194374385,74.4290952607921,76.1553661887616,77.2626302671191,77.5378507825184,77.5043432690075,77.3588792485631,,,,Colombia,
GCAM 5.3,R_MAC_50_n0,COL,Emissions|CH4|AFOLU,Mt CO2e/yr,,,,48.01866203466192,,,51.75003652344876,,,,,52.81537924690356,,56.281527744718076,,,,,60.189513349659954,64.45961858264825,68.10915018461148,71.31158307985376,74.22792506086944,75.83385664463952,78.11876293992064,79.84991068966771,81.26433784123873,82.44899874508752,83.26336951626736,83.7301959125828,83.90455167889536,83.87563185351392,83.6070371647476,83.12267206486881,,,,Colombia,CH4
GCAM 5.3,R_MAC_50_n0,COL,Emissions|CO2|AFOLU,Mt CO2/yr,,,,-25.1634470148442,,,-29.1851374005037,,,,,14.214518541358,,7.88057268250999,,,,,9.34872054789823,11.0437161992428,14.8724227884726,15.0211350206589,14.7183513965966,7.54485368897344,-2.49167247591252,-4.83394038988549,-4.88771082931641,-4.39815420541422,-4.24138925923012,-4.27392764299865,-4.50934150982535,-4.89454234908697,-5.35490864727616,-5.9670094653207,,,,Colombia,CO2
GCAM 5.3,R_MAC_50_n0,COL,Emissions|CO2|Energy and Industrial Processes,Mt CO2/yr,,,,64.5443396092297,,,77.6700196317675,,,,,88.5484725704583,,104.466538135424,,,,,93.9664881035598,87.8416727664172,74.4250128606338,51.4686307762398,16.8937435686939,-20.1020056758862,-22.3329004738905,-26.4647146043191,-28.1512166775639,-25.5121541747991,-22.1936163011035,-18.7713939586625,-16.1855546420696,-14.4675023349844,-13.9418210458533,-13.8409222341872,,,,Colombia,CO2
GCAM 5.3,R_MAC_50_n0,COL,Emissions|CO2|Energy|Demand,Mt CO2/yr,,,,45.9732026264073,,,51.0879941201835,,,,,60.2816178710265,,70.5230098660291,,,,,66.6509405491663,66.3304484910428,65.0500144434344,60.67218558364,51.8939974038041,39.4096941739528,40.0799255360817,40.5473710419493,41.7886341415657,45.2256018408702,51.5430408670608,57.6703638898326,62.7782340386002,66.6466447253747,69.0826855133764,71.0374582782449,,,,Colombia,CO2
GCAM 5.3,R_MAC_50_n0,COL,Emissions|CO2|Energy|Demand|Industry,Mt CO2/yr,,,,16.6921214044263,,,18.1178591694927,,,,,13.585844311714,,21.1297645550478,,,,,16.7025513793682,16.3501439462282,15.5304740463862,13.7792373975977,10.4677126595109,4.66341838332733,4.47752839610807,3.71937632645909,3.59957126981273,6.0581343675299,11.3716139693687,16.3528450636641,20.2098411901379,22.847588369159,24.2649996567839,25.3344033985528,,,,Colombia,CO2
GCAM 5.3,R_MAC_50_n0,COL,Emissions|CO2|Energy|Demand|Residential and Commercial,Mt CO2/yr,,,,4.67892520478074,,,4.99084576244402,,,,,11.617567707637,,12.3001225825445,,,,,11.6654621820791,10.9294578716491,9.95831426183051,8.16200240388356,5.53834073211167,2.93232852506017,2.6507930968316,2.27040735974001,1.9472137426681,1.67959432817839,1.44319366384507,1.27691916138283,1.1221578392055,0.997316491741194,0.904595304722928,0.815951777830953,,,,Colombia,CO2
GCAM 5.3,R_MAC_50_n0,COL,Emissions|CO2|Energy|Demand|Residential and Commercial|Commercial,Mt CO2/yr,,,,0.692133821705585,,,1.1892122489408,,,,,8.0825655376816,,8.43493935042357,,,,,8.23430121735787,7.7341591100827,7.05199437781754,5.81187144224745,3.98913710075472,2.15335790231656,1.90808128454357,1.62374926248622,1.38041585416199,1.16703101195705,0.985924842413965,0.860751247810398,0.748321688117306,0.658699924510918,0.593035895443403,0.533326009702584,,,,Colombia,CO2
GCAM 5.3,R_MAC_50_n0,COL,Emissions|CO2|Energy|Demand|Residential and Commercial|Residential,Mt CO2/yr,,,,3.98679138307516,,,3.80163351350322,,,,,3.53500216995541,,3.86518323212092,,,,,3.43116096472119,3.1952987615664,2.90631988401297,2.35013096163611,1.54920363135695,0.778970622743608,0.74271181228803,0.646658097253797,0.566797888506108,0.512563316221339,0.457268821431109,0.416167913572432,0.373836151088196,0.338616567230276,0.311559409279525,0.282625768128369,,,,Colombia,CO2
GCAM 5.3,R_MAC_50_n0,COL,Emissions|CO2|Energy|Demand|Transportation,Mt CO2/yr,,,,24.6021560172003,,,27.9792891882467,,,,,35.0782058516755,,37.0931227284369,,,,,38.282926987719,39.0508466731656,39.5612261352177,38.7309457821587,35.8879440121815,31.8139472655653,32.951604043142,34.5575873557502,36.2418491290849,37.4878731451619,38.728233233847,40.0405996647856,41.4462350092568,42.8017398644745,43.9130905518695,44.8871031018612,,,,Colombia,CO2
GCAM 5.3,R_MAC_50_n0,COL,Emissions|CO2|Energy|Supply,Mt CO2/yr,,,,10.9762612061677,,,18.9374519009956,,,,,20.6223913162849,,24.9473929520788,,,,,23.2657791175309,18.0878601101334,6.48629001131924,-11.255129422392,-35.6488756961223,-58.3754032454415,-60.244747866333,-63.8735748788574,-65.8157235922942,-65.2611945508917,-66.6613460724798,-67.776936385718,-68.7046150554125,-69.1453793509092,-69.2655251713928,-69.5744964884634,,,,Colombia,CO2
GCAM 5.3,R_MAC_50_n0,COL,Emissions|CO2|Energy|Supply|Electricity,Mt CO2/yr,,,,6.32568079003691,,,10.4641435195851,,,,,16.5034285838117,,20.7265039632099,,,,,19.6109754698817,16.4501200955267,8.42966624298657,-3.04267621109177,-14.896828399222,-25.4717585254539,-27.1534317522829,-29.3769498613522,-31.1553350767946,-31.7247172722444,-33.1842201360146,-34.4136435014142,-35.4755666002999,-35.5074405293743,-34.5892141936306,-33.7732170132421,,,,Colombia,CO2
GCAM 5.3,R_MAC_50_n0,COL,Emissions|CO2|Energy|Supply|Gases,Mt CO2/yr,,,,0.0,,,0.0,,,,,0.0,,0.0056528638373265,,,,,0.0032948134917647,0.0034733747910884,0.0036405502058572,0.0028116627130744,0.0009238068449588,0.0001539640177737,0.000166659269794,0.0001350109776773,0.0001229501231922,0.0001251724131974,0.0001152171069421,9.93405827793687e-05,8.72904015148479e-05,7.880376100682e-05,7.49466677191892e-05,9.11520201524701e-05,,,,Colombia,CO2
GCAM 5.3,R_MAC_50_n0,COL,Emissions|CO2|Energy|Supply|Liquids,Mt CO2/yr,,,,4.65058041613081,,,8.4733098480758,,,,,4.11896273247324,,4.19076465855846,,,,,3.65775099616619,1.71544019572092,-1.72057065298953,-7.74952235374073,-19.7178293978624,-30.7543198317249,-31.7595069061682,-33.0054002117908,-32.9872567550351,-31.6029521684747,-31.6261304017727,-31.6039923375906,-31.6030168880604,-32.1786417036139,-33.3079429074681,-34.4072244409907,,,,Colombia,CO2
GCAM 5.3,R_MAC_50_n0,COL,Emissions|CO2|Energy|Supply|Solids,Mt CO2/yr,,,,0.0,,,-1.46666532091234e-06,,,,,0.0,,-6.59999450966611e-06,,,,,-1.83332977673433e-05,-4.03332850435853e-05,-3.3000051132851e-05,0.0,0.0,-4.76665814236919e-06,0.0,-4.03332064593215e-06,0.0,-3.66665902842013e-07,0.0,-3.66667037685546e-08,-8.43332574461981e-07,0.0,-1.20999567614572e-06,0.0,,,,Colombia,CO2
GCAM 5.3,R_MAC_50_n0,COL,Emissions|CO2|Industrial Processes,Mt CO2/yr,,,,7.59487577665465,,,7.64457361058838,,,,,7.64446338314692,,8.99613531731588,,,,,4.04976843686264,3.42336416524096,2.88870840588014,2.05157461499191,0.648621861012123,-1.13629660439757,-2.16807814363916,-3.13851076741101,-4.12412722683538,-5.47656146477752,-7.07531109568449,-8.66482146277703,-10.2591736252572,-11.9687677094499,-13.7589813878369,-15.3038840239687,,,,Colombia,CO2
GCAM 5.3,R_MAC_50_n0,COL,Emissions|N2O|AFOLU,Mt CO2e/yr,,,,29.2431884504517,,,31.669648044278517,,,,,32.29244334093305,,34.85217200085921,,,,,37.5656668454553,41.05207723009302,44.509052510122196,48.32615248776124,52.70397697404266,56.42813423790106,58.16384404239673,59.505709103035926,60.39860325350014,61.00828307625488,61.603793505113494,62.09271323956264,62.50319380399895,62.88168936850656,63.20044201626,63.33509931280541,,,,Colombia,N2O
GCAM 5.3,R_MAC_50_n8,COL,Carbon Sequestration|CCS|Biomass,Mt CO2/yr,,,,0.0,,,0.0,,,,,0.0,,0.0,,,,,1.53577463261586,7.7462413712037,19.1832777280041,39.4046323663089,60.3815532142649,83.0811697076352,83.714500558419,88.4114387648583,93.4212092623592,96.679736964344,99.8997535417128,101.407410808458,101.634347709399,100.77669698864,100.175632267441,100.94519007387,,,,Colombia,
GCAM 5.3,R_MAC_50_n8,COL,Emissions|CH4|AFOLU,Mt CO2e/yr,,,,48.01866203466192,,,51.75003652344876,,,,,52.81537924690356,,56.281527744718076,,,,,60.098987561654155,64.23823380358664,67.466462855596,70.79310406130311,72.8379760944318,72.89915671021481,74.8671294383138,76.49807960335576,77.84881751992828,78.94136856177236,79.74737578552612,80.33250683325869,80.60461847355567,80.61303049729915,80.34539959730787,79.80731203125521,,,,Colombia,CH4
GCAM 5.3,R_MAC_50_n8,COL,Emissions|CO2|AFOLU,Mt CO2/yr,,,,-25.1634470148442,,,-29.1851374005037,,,,,14.214518541358,,7.88057268250999,,,,,10.1152238547716,12.4342674622264,19.3436010215179,24.0126812534452,16.1983764479512,0.553754576750583,-8.91628381773556,-8.09236973826475,-7.52640021286704,-7.17185160089072,-7.10040734936097,-6.94616471569353,-6.64726343270466,-6.40176932290569,-6.47436818714628,-7.0048116425243,,,,Colombia,CO2
GCAM 5.3,R_MAC_50_n8,COL,Emissions|CO2|Energy and Industrial Processes,Mt CO2/yr,,,,64.5443396092297,,,77.6700196317675,,,,,88.5484725704583,,104.46661730481,,,,,91.3113298911016,80.8165481488537,58.3599993550082,18.567124479014,-25.2229320501997,-73.4089621515039,-70.9974651251943,-75.0762290096798,-80.03940504553,-81.4351193690382,-82.2655751619834,-83.4977865130674,-83.6396804589894,-82.4628726415554,-80.2886249940255,-76.1480588365692,,,,Colombia,CO2
GCAM 5.3,R_MAC_50_n8,COL,Emissions|CO2|Energy|Demand,Mt CO2/yr,,,,45.9732026264073,,,51.0879941201835,,,,,60.2816178710265,,70.5230889456906,,,,,65.0936882873099,63.5219340613418,59.661205406696,49.9699425652936,36.1816113026189,21.4982686076876,23.2042337640765,23.8071041738445,24.5266367746528,25.9275905657482,27.818956627799,29.2646020572685,31.917750320438,34.7354860253323,37.7743053353104,42.3454251626667,,,,Colombia,CO2
GCAM 5.3,R_MAC_50_n8,COL,Emissions|CO2|Energy|Demand|Industry,Mt CO2/yr,,,,16.6921214044263,,,18.1178591694927,,,,,13.585844311714,,21.1297645550478,,,,,15.8774785823233,15.1867219517491,13.7515762136318,10.7175962365431,4.94939027345132,0.961293334950306,0.829679880187786,0.713418728406743,0.634419545643402,0.632317531457854,0.598657987257236,1.6983535217418,4.0839017151844,6.09649703236774,7.93388416146644,11.0843711967416,,,,Colombia,CO2
GCAM 5.3,R_MAC_50_n8,COL,Emissions|CO2|Energy|Demand|Residential and Commercial,Mt CO2/yr,,,,4.67892520478074,,,4.99084576244402,,,,,11.617567707637,,12.300180465077,,,,,11.3068125601515,10.2668609862567,8.71872679391892,5.93484248078667,2.97701155129878,0.860599163850355,0.778093126272876,0.647403931200044,0.545945500528013,0.493280994016027,0.446720678082025,0.389554079168388,0.325479126633934,0.276240436026084,0.246073218794853,0.213678129880906,,,,Colombia,CO2
GCAM 5.3,R_MAC_50_n8,COL,Emissions|CO2|Energy|Demand|Residential and Commercial|Commercial,Mt CO2/yr,,,,0.692133821705585,,,1.1892122489408,,,,,8.0825655376816,,8.4349701905019,,,,,8.02154602895172,7.31690680435509,6.24320480007529,4.30087214070848,2.20163216785595,0.633520106758201,0.568362531846102,0.464270466431781,0.384923976072796,0.344448447509423,0.3109723595974,0.262752679760995,0.211973082298998,0.175504000539863,0.155064563967602,0.136240646378162,,,,Colombia,CO2
GCAM 5.3,R_MAC_50_n8,COL,Emissions|CO2|Energy|Demand|Residential and Commercial|Residential,Mt CO2/yr,,,,3.98679138307516,,,3.80163351350322,,,,,3.53500216995541,,3.86521027457514,,,,,3.28526653119979,2.94995418190164,2.47552199384363,1.63397034007818,0.775379383442828,0.227079057092154,0.209730594426774,0.183133464768264,0.161021524455217,0.148832546506603,0.135748318484625,0.126801399407393,0.113506044334936,0.100736435486221,0.091008654827251,0.077437483502744,,,,Colombia,CO2
GCAM 5.3,R_MAC_50_n8,COL,Emissions|CO2|Energy|Demand|Transportation,Mt CO2/yr,,,,24.6021560172003,,,27.9792891882467,,,,,35.0782058516755,,37.0931439255658,,,,,37.9093971448351,38.068351123336,37.1909023991453,33.3175038479638,28.2552094778688,19.6763761088869,21.5964607576158,22.4462815142377,23.3462717284814,24.8019920402743,26.7735779624597,27.1766944563583,27.5083694786196,28.3627485569384,29.5943479550491,31.0473758360441,,,,Colombia,CO2
GCAM 5.3,R_MAC_50_n8,COL,Emissions|CO2|Energy|Supply,Mt CO2/yr,,,,10.9762612061677,,,18.9374519009956,,,,,20.6223913162849,,24.9473930418036,,,,,22.4606243179357,14.1656530999823,-3.70029333211613,-32.4492631160838,-60.6437184910062,-91.0338359789785,-89.5044519377966,-92.7345261708175,-96.7958732884528,-98.3395015595396,-100.264763715564,-100.013557906113,-99.0460328630138,-97.254274637256,-95.7798604569016,-95.7908164597853,,,,Colombia,CO2
GCAM 5.3,R_MAC_50_n8,COL,Emissions|CO2|Energy|Supply|Electricity,Mt CO2/yr,,,,6.32568079003691,,,10.4641435195851,,,,,16.5034285838117,,20.7265039632099,,,,,19.0215295450102,13.5916284126914,1.81750222510539,-13.2816553684551,-25.8565757762654,-37.8531784079571,-40.0917645670012,-43.0130319385301,-46.5389397263686,-48.7481392800785,-52.6757462024637,-53.7149320808608,-52.6635142888795,-50.1678677631038,-48.4896288274478,-49.9756829395969,,,,Colombia,CO2
GCAM 5.3,R_MAC_50_n8,COL,Emissions|CO2|Energy|Supply|Gases,Mt CO2/yr,,,,0.0,,,0.0,,,,,0.0,,0.0056528638373265,,,,,0.0027440304949204,0.0027390622474811,0.002249322163104,0.0009128336420786,0.0001190052149861,6.26787430409392e-06,5.52448594899748e-06,4.61871271396851e-06,4.12946374271055e-06,3.60059954153172e-06,2.8710448497338e-06,2.73911007766665e-06,2.71894521420448e-06,2.55217713090446e-06,2.17971364458492e-06,1.63016275760473e-06,,,,Colombia,CO2
GCAM 5.3,R_MAC_50_n8,COL,Emissions|CO2|Energy|Supply|Liquids,Mt CO2/yr,,,,4.65058041613081,,,8.4733098480758,,,,,4.11896273247324,,4.19076465855846,,,,,3.45333993351382,0.693685975818332,-5.15396785446585,-18.3089322356362,-32.795594602544,-47.8124238760134,-44.168925625307,-43.1575385175368,-43.6654051865247,-42.3773560684884,-39.7938233724903,-40.068305019527,-42.0799818013012,-43.927674618976,-44.4177176542141,-42.1663861227303,,,,Colombia,CO2
GCAM 5.3,R_MAC_50_n8,COL,Emissions|CO2|Energy|Supply|Solids,Mt CO2/yr,,,,0.0,,,-1.46666532091234e-06,,,,,0.0,,-6.59999450966611e-06,,,,,0.0,-3.66665747491947e-05,0.0,0.0,-2.56666396599487e-06,0.0,-8.79999263959618e-07,-6.59999165677901e-07,-2.56666549365684e-07,0.0,0.0,0.0,0.0,0.0,-1.09999822329844e-07,-3.29999815048654e-07,,,,Colombia,CO2
GCAM 5.3,R_MAC_50_n8,COL,Emissions|CO2|Industrial Processes,Mt CO2/yr,,,,7.59487577665465,,,7.64457361058838,,,,,7.64446338314692,,8.99613531731588,,,,,3.75701728585603,3.12896098752961,2.39908728042835,1.04644502980411,-0.760824861812447,-3.87339478021302,-4.6972469514741,-6.14880701270681,-7.77016853173002,-9.02320837524686,-9.81976807421832,-12.7488306642226,-16.5113979164135,-19.9440840296317,-22.2830698724343,-22.7026675394505,,,,Colombia,CO2
GCAM 5.3,R_MAC_50_n8,COL,Emissions|N2O|AFOLU,Mt CO2e/yr,,,,29.2431884504517,,,31.669648044278517,,,,,32.29244334093305,,34.85217200085921,,,,,37.62052431516861,41.25284250310669,44.97006594230159,49.89488371143686,54.463617479663576,59.31798606406573,60.47380330998143,61.33573713900933,61.87334412975261,62.186160737756325,62.50323783549163,62.98698564978019,63.448299882545754,63.859330426050974,64.09857391718727,64.05369459901503,,,,Colombia,N2O
GCAM 5.3,R_MAC_55_n0,COL,Carbon Sequestration|CCS|Biomass,Mt CO2/yr,,,,0.0,,,0.0,,,,,0.0,,0.0,,,,,0.894525562987165,4.57831838387739,10.4528163049226,18.3730105039402,29.9697408525216,46.1095312267752,61.8001331347934,65.5634804675169,69.5592703238593,72.0811618790658,74.3807964250036,75.8705564668278,76.8456122237824,77.5751810235062,78.0029205527348,78.1048873567518,,,,Colombia,
GCAM 5.3,R_MAC_55_n0,COL,Emissions|CH4|AFOLU,Mt CO2e/yr,,,,48.01866203466192,,,51.75003652344876,,,,,52.81537924690356,,56.281527744718076,,,,,60.22945294492504,64.58274916438911,68.48246482964544,71.60325921848512,74.81587663674432,77.2326208966718,78.05157288167007,79.91207780924984,81.32173314922552,82.48223278028804,83.29692773599568,83.75238831733704,83.90809056367304,83.84825050486975,83.56584484390241,83.08970997191928,,,,Colombia,CH4
GCAM 5.3,R_MAC_55_n0,COL,Emissions|CO2|AFOLU,Mt CO2/yr,,,,-25.1634470148442,,,-29.1851374005037,,,,,14.214518541358,,7.88057268250999,,,,,9.05859577441391,10.2121115871848,13.2910514675879,11.9477584805092,12.396148686744,6.30776912225913,3.95112919066238,-3.54676569027029,-4.61468915161045,-4.30406593226176,-3.89298397091355,-3.85217180216042,-4.14735841177142,-4.687845907989,-5.3075134408388,-5.9883597114969,,,,Colombia,CO2
GCAM 5.3,R_MAC_55_n0,COL,Emissions|CO2|Energy and Industrial Processes,Mt CO2/yr,,,,64.5443396092297,,,77.6700196317675,,,,,88.5484725704583,,104.466538135424,,,,,95.92365641116,92.3509493148793,83.69227207442,68.2684079169947,44.4030713810309,12.9144034900638,-21.6262768497387,-24.3478792254823,-27.8912982627488,-26.6694193563301,-23.4506308417542,-19.8856081877144,-16.6116557624267,-14.3754333112437,-13.1418135969974,-12.3658517255517,,,,Colombia,CO2
GCAM 5.3,R_MAC_55_n0,COL,Emissions|CO2|Energy|Demand,Mt CO2/yr,,,,45.9732026264073,,,51.0879941201835,,,,,60.2816178710265,,70.5230098660291,,,,,67.8359896863779,68.2685857803853,68.4308812646282,66.5579796983231,61.237387395349,52.8841104752137,40.463911209332,41.1526554524862,41.7552928939923,44.802899986421,50.6878103055841,56.68885711236,62.2439807734198,66.9213054659436,70.3574594071374,73.0251896867807,,,,Colombia,CO2
GCAM 5.3,R_MAC_55_n0,COL,Emissions|CO2|Energy|Demand|Industry,Mt CO2/yr,,,,16.6921214044263,,,18.1178591694927,,,,,13.585844311714,,21.1297645550478,,,,,17.3831125690652,17.2095990751671,16.9630667025227,15.9620934170666,13.6417348172943,9.80209805706578,3.91663333609197,3.66656542342742,3.54115660944861,5.98853380105828,10.9841816642324,15.8364589752857,20.0585589969587,23.4060516049396,25.6943266727509,27.3533356003432,,,,Colombia,CO2
GCAM 5.3,R_MAC_55_n0,COL,Emissions|CO2|Energy|Demand|Residential and Commercial,Mt CO2/yr,,,,4.67892520478074,,,4.99084576244402,,,,,11.617567707637,,12.3001225825445,,,,,11.91865791475,11.4002000111428,10.7321238221032,9.50682130278053,7.45161763428072,5.08208160236398,2.60576536777068,2.2964615421462,1.95639817312448,1.68140146020288,1.44067411609525,1.26701372280799,1.10890568903779,0.981064511023179,0.891736615501524,0.808571132608347,,,,Colombia,CO2
GCAM 5.3,R_MAC_55_n0,COL,Emissions|CO2|Energy|Demand|Residential and Commercial|Commercial,Mt CO2/yr,,,,0.692133821705585,,,1.1892122489408,,,,,8.0825655376816,,8.43493935042357,,,,,8.38290073654903,8.02598934017597,7.54482539413577,6.68637963840948,5.2665802818729,3.63716713079274,1.90287803626166,1.6491636236929,1.38613138178926,1.16574586131447,0.980129184423317,0.849822983769529,0.736509727950671,0.646944183180637,0.584880257883374,0.52904028488388,,,,Colombia,CO2
GCAM 5.3,R_MAC_55_n0,COL,Emissions|CO2|Energy|Demand|Residential and Commercial|Residential,Mt CO2/yr,,,,3.98679138307516,,,3.80163351350322,,,,,3.53500216995541,,3.86518323212092,,,,,3.535757178201,3.37421067096686,3.18729842796741,2.82044166437105,2.18503735240782,1.44491447157124,0.702887331509017,0.647297918453296,0.570266791335214,0.515655598888402,0.460544931671931,0.417190739038461,0.372395961087116,0.334120327842542,0.306856357618151,0.279530847724468,,,,Colombia,CO2
GCAM 5.3,R_MAC_55_n0,COL,Emissions|CO2|Energy|Demand|Transportation,Mt CO2/yr,,,,24.6021560172003,,,27.9792891882467,,,,,35.0782058516755,,37.0931227284369,,,,,38.5342192025627,39.6587866940753,40.7356907400024,41.0890649784759,40.144034943774,37.9999308157839,33.9415125054694,35.1896284869126,36.2577381114192,37.1329647251598,38.2629545252565,39.5853844142663,41.0765160874233,42.5341893499808,43.771396118885,44.8632829538292,,,,Colombia,CO2
GCAM 5.3,R_MAC_55_n0,COL,Emissions|CO2|Energy|Supply,Mt CO2/yr,,,,10.9762612061677,,,18.9374519009956,,,,,20.6223913162849,,24.9473929520788,,,,,23.7772693973612,20.4189712170935,12.0601869047837,-0.853092146933263,-18.308368893992,-40.0047923065283,-60.2461378626118,-62.6124598648913,-65.5208773341497,-65.7773013149368,-66.7021837071581,-67.4428020547369,-68.1431609188002,-69.0481318727238,-69.7188326542052,-70.2332735904418,,,,Colombia,CO2
GCAM 5.3,R_MAC_55_n0,COL,Emissions|CO2|Energy|Supply|Electricity,Mt CO2/yr,,,,6.32568079003691,,,10.4641435195851,,,,,16.5034285838117,,20.7265039632099,,,,,19.9872136146718,18.195398021165,12.4837498915967,3.60791336459936,-6.46372483346785,-16.7752304839464,-26.0012021947854,-28.3555559115711,-30.5972335873003,-31.2642288418451,-32.2042397488848,-32.9321173337733,-33.9783860044622,-34.9614343563412,-35.1471000355196,-34.9686953604189,,,,Colombia,CO2
GCAM 5.3,R_MAC_55_n0,COL,Emissions|CO2|Energy|Supply|Gases,Mt CO2/yr,,,,0.0,,,0.0,,,,,0.0,,0.0056528638373265,,,,,0.0037903440441736,0.0040829464435808,0.0047265043414949,0.0049037099989445,0.0027501251060815,0.0009286747757478,0.0001289985104374,0.0001304671299637,0.0001261163401202,0.0001327344538182,0.0001268002907309,0.0001071521596332,8.99578914203375e-05,7.94057683249059e-05,7.73701433116062e-05,9.40279606747925e-05,,,,Colombia,CO2
GCAM 5.3,R_MAC_55_n0,COL,Emissions|CO2|Energy|Supply|Liquids,Mt CO2/yr,,,,4.65058041613081,,,8.4733098480758,,,,,4.11896273247324,,4.19076465855846,,,,,3.7844874012053,2.2751201833765,-0.272516401925138,-4.18949885149888,-11.2853736330587,-22.0081323069894,-31.6518584873649,-32.061538617839,-32.9359713983395,-32.5730072543614,-32.8054874533372,-32.9524689950921,-32.6715882614513,-32.6350731253374,-33.1505246222881,-33.8464781762969,,,,Colombia,CO2
GCAM 5.3,R_MAC_55_n0,COL,Emissions|CO2|Energy|Supply|Solids,Mt CO2/yr,,,,0.0,,,-1.46666532091234e-06,,,,,0.0,,-6.59999450966611e-06,,,,,0.0,0.0,-3.66664336668118e-05,0.0,0.0,0.0,0.0,0.0,-1.4666664485807e-06,-3.66667055133084e-07,-8.60354944941051e-17,-1.31999791113781e-06,-3.29999696449991e-07,0.0,0.0,0.0,,,,Colombia,CO2
GCAM 5.3,R_MAC_55_n0,COL,Emissions|CO2|Industrial Processes,Mt CO2/yr,,,,7.59487577665465,,,7.64457361058838,,,,,7.64446338314692,,8.99613531731588,,,,,4.31039732742082,3.66339231740051,3.20120390500801,2.56352036560491,1.47405287967391,0.0350853213783818,-1.84405019645889,-2.88807481307717,-4.12571382259139,-5.69501802781433,-7.4362574401802,-9.13166324533753,-10.7124756170462,-12.2486069044635,-13.7804403499297,-15.1577678218906,,,,Colombia,CO2
GCAM 5.3,R_MAC_55_n0,COL,Emissions|N2O|AFOLU,Mt CO2e/yr,,,,29.2431884504517,,,31.669648044278517,,,,,32.29244334093305,,34.85217200085921,,,,,37.53237972597286,40.91627936542037,44.319264504821675,47.46775933747247,51.53838472174965,55.15227782522367,57.98848014769037,59.23637112779704,60.23416626136837,60.94402950053173,61.58140603484934,62.10357772547401,62.529691065920716,62.89622151929462,63.201288879954504,63.33821584237683,,,,Colombia,N2O
GCAM 5.3,R_MAC_55_n8,COL,Carbon Sequestration|CCS|Biomass,Mt CO2/yr,,,,0.0,,,0.0,,,,,0.0,,0.0,,,,,1.18877009707,6.04551341859208,14.1292835651469,26.5941018836454,45.6361509614073,62.7508482447221,85.3636256082575,87.6716455994696,92.7604141502293,96.4330019725784,99.6084593131008,100.72505712305,100.523646307185,100.114749158959,100.750220521204,101.798907743873,,,,Colombia,
GCAM 5.3,R_MAC_55_n8,COL,Emissions|CH4|AFOLU,Mt CO2e/yr,,,,48.01866203466192,,,51.75003652344876,,,,,52.81537924690356,,56.281527744718076,,,,,60.177802121796525,64.42626655546871,67.99429289049459,71.23839472167796,74.04902290160368,75.41069441093356,74.81103831358584,76.50989222709477,77.86103386072703,78.95716799225836,79.77059413597176,80.3463531418044,80.61742312193472,80.6047565417542,80.29361553953348,79.76946126423064,,,,Colombia,CH4
GCAM 5.3,R_MAC_55_n8,COL,Emissions|CO2|AFOLU,Mt CO2/yr,,,,-25.1634470148442,,,-29.1851374005037,,,,,14.214518541358,,7.88057268250999,,,,,9.45930837268157,11.2489640464501,15.4037581022749,16.1958394277879,15.3036980646823,7.03792385476412,-3.52770379350119,-7.75693300488652,-7.29718838317958,-6.80420820311983,-6.62657076579034,-6.4715489100074,-6.24126248246293,-6.10335962870853,-6.34481825429371,-7.00483926751266,,,,Colombia,CO2
GCAM 5.3,R_MAC_55_n8,COL,Emissions|CO2|Energy and Industrial Processes,Mt CO2/yr,,,,64.5443396092297,,,77.6700196317675,,,,,88.5484725704583,,104.46661730481,,,,,93.5150717055798,86.7188422215872,72.0398967496243,46.7837338836717,9.74904270865382,-28.0483556205865,-74.3814840307993,-72.9613984576908,-78.4760079953546,-81.3427384943737,-82.8622388651155,-83.5940756452169,-83.6687159894287,-82.1754197555078,-79.2961258193354,-75.4919056582193,,,,Colombia,CO2
GCAM 5.3,R_MAC_55_n8,COL,Emissions|CO2|Energy|Demand,Mt CO2/yr,,,,45.9732026264073,,,51.0879941201835,,,,,60.2816178710265,,70.5230889456906,,,,,66.3809185233849,65.8655285853785,64.2404653350528,59.0943129513873,49.4610179553816,36.1740434092754,23.0069714120913,24.7096393838361,25.067685126376,25.9180298540699,27.4078963235409,28.8251631326574,31.2654912582345,35.0677389052062,39.4864206946785,44.387912708821,,,,Colombia,CO2
GCAM 5.3,R_MAC_55_n8,COL,Emissions|CO2|Energy|Demand|Industry,Mt CO2/yr,,,,16.6921214044263,,,18.1178591694927,,,,,13.585844311714,,21.1297645550478,,,,,16.5543208898963,16.1499025451168,15.2388483000054,13.2838807870969,9.70669410820244,3.60989350441549,0.7940672306727,0.699019584495435,0.624327549784895,0.626918671848278,0.608816509446383,1.79226958793444,3.94497585817936,6.82062914791412,9.94421918396857,13.4812019394414,,,,Colombia,CO2
GCAM 5.3,R_MAC_55_n8,COL,Emissions|CO2|Energy|Demand|Residential and Commercial,Mt CO2/yr,,,,4.67892520478074,,,4.99084576244402,,,,,11.617567707637,,12.300180465077,,,,,11.6048496605467,10.8180774708627,9.7650336492697,7.80856217352633,5.08133242920538,2.48129737196307,0.741691345250602,0.665719874536899,0.559816212417114,0.497066164909164,0.4431400585338,0.3810713007462,0.315999471089986,0.268050860267238,0.237807290340517,0.207286589929726,,,,Colombia,CO2
GCAM 5.3,R_MAC_55_n8,COL,Emissions|CO2|Energy|Demand|Residential and Commercial|Commercial,Mt CO2/yr,,,,0.692133821705585,,,1.1892122489408,,,,,8.0825655376816,,8.4349701905019,,,,,8.19853200365507,7.6645808026539,6.92779044933227,5.57779423082605,3.67536977975563,1.83144630927546,0.54209378521526,0.482555396986072,0.398098904962818,0.347762417584011,0.307209348792627,0.254973587887375,0.203404519634625,0.168639138107114,0.14929671898771,0.131491084157857,,,,Colombia,CO2
GCAM 5.3,R_MAC_55_n8,COL,Emissions|CO2|Energy|Demand|Residential and Commercial|Residential,Mt CO2/yr,,,,3.98679138307516,,,3.80163351350322,,,,,3.53500216995541,,3.86521027457514,,,,,3.40631765689164,3.15349666820884,2.83724319993743,2.23076794270028,1.40596264944976,0.649851062687607,0.199597560035341,0.183164477550826,0.161717307454296,0.149303747325154,0.135930709741172,0.126097712858825,0.112594951455361,0.0994117221601241,0.0885105713528069,0.075795505771869,,,,Colombia,CO2
GCAM 5.3,R_MAC_55_n8,COL,Emissions|CO2|Energy|Demand|Transportation,Mt CO2/yr,,,,24.6021560172003,,,27.9792891882467,,,,,35.0782058516755,,37.0931439255658,,,,,38.2217479729419,38.8975485693989,39.2365833857777,38.0018699907641,34.6729914179738,30.0828525328968,21.471212836168,23.3448999248038,23.883541364174,24.7940450173124,26.3559397555607,26.6518222439768,27.0045159289652,27.9790588970249,29.3043942203694,30.6994241794498,,,,Colombia,CO2
GCAM 5.3,R_MAC_55_n8,COL,Emissions|CO2|Energy|Supply,Mt CO2/yr,,,,10.9762612061677,,,18.9374519009956,,,,,20.6223913162849,,24.9473930418036,,,,,23.1393682827354,17.4825120933182,4.98661625388755,-14.2193293693727,-40.1308484255204,-62.7472859581341,-92.5012261691669,-91.9751819940035,-96.207875097212,-98.3217230946653,-100.091604663856,-99.0391527378476,-97.5360260148909,-96.4771013942576,-96.1266035340736,-96.6064460804056,,,,Colombia,CO2
GCAM 5.3,R_MAC_55_n8,COL,Emissions|CO2|Energy|Supply|Electricity,Mt CO2/yr,,,,6.32568079003691,,,10.4641435195851,,,,,16.5034285838117,,20.7265039632099,,,,,19.5182111899795,16.0016397685303,7.38347898325619,-4.71905684015085,-16.8821020328857,-27.4080096727175,-38.3487938150402,-40.8632582419681,-45.3826789921859,-47.9326203495527,-51.4466653005537,-51.6686663000977,-50.0980226291305,-48.5166088848488,-48.7767094968327,-50.3242687153026,,,,Colombia,CO2
GCAM 5.3,R_MAC_55_n8,COL,Emissions|CO2|Energy|Supply|Gases,Mt CO2/yr,,,,0.0,,,0.0,,,,,0.0,,0.0056528638373265,,,,,0.0031904768507301,0.0033394439213336,0.0033911696035788,0.0023877337713301,0.0006859071738624,9.34932591047615e-05,4.97631932014317e-06,4.40568134721645e-06,4.01994207083016e-06,3.77238854035119e-06,3.30084375426362e-06,3.14444288946663e-06,2.96031897502486e-06,2.67555939233226e-06,2.17341618089327e-06,1.67706240654354e-06,,,,Colombia,CO2
GCAM 5.3,R_MAC_55_n8,COL,Emissions|CO2|Energy|Supply|Liquids,Mt CO2/yr,,,,4.65058041613081,,,8.4733098480758,,,,,4.11896273247324,,4.19076465855846,,,,,3.62602251604681,1.5651733073193,-2.15388280824711,-8.97859815825456,-22.0872043008988,-32.8714505567344,-47.7108949416996,-42.8738356321342,-43.0545558234353,-42.7052442174097,-41.0941050467653,-41.6405101728748,-43.643535544104,-45.066163721206,-44.3763271216248,-42.7217039310521,,,,Colombia,CO2
GCAM 5.3,R_MAC_55_n8,COL,Emissions|CO2|Energy|Supply|Solids,Mt CO2/yr,,,,0.0,,,-1.46666532091234e-06,,,,,0.0,,-6.59999450966611e-06,,,,,0.0,-7.33332502568585e-06,0.0,-7.33331218795135e-06,-1.53999216030961e-05,-2.56665872955365e-06,-5.13332651074633e-07,0.0,-2.93333181413349e-07,-5.1333272714893e-07,-2.93333316570149e-07,-2.56666214348129e-07,0.0,-3.6666575252373e-07,-4.39998831060519e-07,0.0,,,,Colombia,CO2
GCAM 5.3,R_MAC_55_n8,COL,Emissions|CO2|Industrial Processes,Mt CO2/yr,,,,7.59487577665465,,,7.64457361058838,,,,,7.64446338314692,,8.99613531731588,,,,,3.99478489945951,3.37080154289051,2.81281516068395,1.90875030165716,0.418873178792596,-1.47511307172769,-4.88722927372365,-5.69585584752345,-7.33581802451857,-8.9390452537783,-10.1785305248003,-13.3800860400268,-17.3981812327724,-20.7660572664565,-22.6559429799403,-23.2733722866347,,,,Colombia,CO2
GCAM 5.3,R_MAC_55_n8,COL,Emissions|N2O|AFOLU,Mt CO2e/yr,,,,29.2431884504517,,,31.669648044278517,,,,,32.29244334093305,,34.85217200085921,,,,,37.57436334368644,41.08506989299358,44.5520110310588,48.55020270175366,53.002892621154835,56.95395497341887,60.34177560040703,60.995075535192704,61.74446588179424,62.15158136141191,62.49407994279041,62.99343550548839,63.48629517917559,63.869923200964884,64.07730471452119,64.06853526771872,,,,Colombia,N2O
GCAM 5.3,R_MAC_60_n0,COL,Carbon Sequestration|CCS|Biomass,Mt CO2/yr,,,,0.0,,,0.0,,,,,0.0,,0.0,,,,,0.750966031269633,3.79943380373637,8.63506688400601,14.866698889518,23.215564410839,34.9354968752873,50.9050816930676,65.2715077874262,68.8233223360218,71.733387301133,74.1209776738927,75.4889563683873,76.3488153869022,77.0166616926103,77.9715475422022,78.7925776125943,,,,Colombia,
GCAM 5.3,R_MAC_60_n0,COL,Emissions|CH4|AFOLU,Mt CO2e/yr,,,,48.01866203466192,,,51.75003652344876,,,,,52.81537924690356,,56.281527744718076,,,,,60.25185432543395,64.6642057995612,68.6934912656748,72.1622495749778,75.13401460956636,77.9448845938028,79.5645446926666,79.88639822890524,81.38477695497127,82.51979196965672,83.33074398654684,83.79033368460159,83.93030215130483,83.84981383120244,83.54426689997696,83.051777818674,,,,Colombia,CH4
GCAM 5.3,R_MAC_60_n0,COL,Emissions|CO2|AFOLU,Mt CO2/yr,,,,-25.1634470148442,,,-29.1851374005037,,,,,14.214518541358,,7.88057268250999,,,,,8.86159618907457,9.74342112792943,12.6290302905729,10.8702517396529,11.6257772978726,4.48380528726912,4.43819632235784,0.027661069204706,-4.19957904326412,-4.24010402031926,-3.88777274697663,-3.72042085686201,-3.9271835355649,-4.4932948704458,-5.22607687396967,-6.00531720102401,,,,Colombia,CO2
GCAM 5.3,R_MAC_60_n0,COL,Emissions|CO2|Energy and Industrial Processes,Mt CO2/yr,,,,64.5443396092297,,,77.6700196317675,,,,,88.5484725704583,,104.466538135424,,,,,97.4697304902355,95.684397856377,90.0944312631337,79.3018877151084,61.885289950326,38.0003638151953,6.16234699751642,-23.7043968026642,-26.275637498461,-25.6647714926523,-23.0948050334419,-19.8435067229193,-16.5448786728823,-13.6050532672464,-12.1112909230652,-11.4097715786595,,,,Colombia,CO2
GCAM 5.3,R_MAC_60_n0,COL,Emissions|CO2|Energy|Demand,Mt CO2/yr,,,,45.9732026264073,,,51.0879941201835,,,,,60.2816178710265,,70.5230098660291,,,,,68.7846097039888,69.778553258174,70.8673874749199,70.5915252488705,67.6454534210511,61.7891473639765,52.2972214381514,41.8971283663033,42.2969840163421,45.4149757665806,50.7765934291309,56.4042397538958,61.8532964737033,67.0003561819846,71.1322898006755,74.4735742868294,,,,Colombia,CO2
GCAM 5.3,R_MAC_60_n0,COL,Emissions|CO2|Energy|Demand|Industry,Mt CO2/yr,,,,16.6921214044263,,,18.1178591694927,,,,,13.585844311714,,21.1297645550478,,,,,17.9496707502392,17.9072450805022,18.0454666641424,17.72112992514,16.1510093275792,13.0333081334058,8.12009347887246,3.5703109810757,3.42843405571615,6.26978667742797,11.014873909656,15.6557256526395,19.8020250548396,23.5266254789653,26.4864598390319,28.8313161275205,,,,Colombia,CO2
GCAM 5.3,R_MAC_60_n0,COL,Emissions|CO2|Energy|Demand|Residential and Commercial,Mt CO2/yr,,,,4.67892520478074,,,4.99084576244402,,,,,11.617567707637,,12.3001225825445,,,,,12.1133699495611,11.7727041959998,11.3151484949178,10.44078853629,8.88678933695948,6.84914256987707,4.44059916047378,2.27920388030236,1.98200567637185,1.70699228927481,1.45560140697292,1.2768209692827,1.1106326358585,0.978534452157412,0.886535644139712,0.80121654789098,,,,Colombia,CO2
GCAM 5.3,R_MAC_60_n0,COL,Emissions|CO2|Energy|Demand|Residential and Commercial|Commercial,Mt CO2/yr,,,,0.692133821705585,,,1.1892122489408,,,,,8.0825655376816,,8.43493935042357,,,,,8.49638399953893,8.25468212908895,7.91166974968843,7.28377651005042,6.1942385995561,4.80932479909422,3.16709656255683,1.65230295410337,1.40870938842969,1.18639771332507,0.990455664005408,0.85486334352333,0.735967180625041,0.644553908143455,0.581846031030732,0.524993924068182,,,,Colombia,CO2
GCAM 5.3,R_MAC_60_n0,COL,Emissions|CO2|Energy|Demand|Residential and Commercial|Residential,Mt CO2/yr,,,,3.98679138307516,,,3.80163351350322,,,,,3.53500216995541,,3.86518323212092,,,,,3.61698595002217,3.5180220669109,3.40347874522935,3.15701202623957,2.69255073740338,2.03981777078285,1.27350259791694,0.626900926198986,0.573296287942162,0.520594575949734,0.465145742967508,0.421957625759369,0.374665455233455,0.333980544013958,0.304689613108979,0.276222623822798,,,,Colombia,CO2
GCAM 5.3,R_MAC_60_n0,COL,Emissions|CO2|Energy|Demand|Transportation,Mt CO2/yr,,,,24.6021560172003,,,27.9792891882467,,,,,35.0782058516755,,37.0931227284369,,,,,38.7215690041886,40.098603981672,41.5067723158598,42.4296067874406,42.6076547565125,41.9066966606936,39.7365287988051,36.0476135049253,36.8865442842541,37.4381967998779,38.306118112502,39.4716931319736,40.9406387830052,42.4951962508619,43.7592943175039,44.8410416114179,,,,Colombia,CO2
GCAM 5.3,R_MAC_60_n0,COL,Emissions|CO2|Energy|Supply,Mt CO2/yr,,,,10.9762612061677,,,18.9374519009956,,,,,20.6223913162849,,24.9473929520788,,,,,24.1413728393433,22.0253908328587,15.7712983486951,5.79021729908917,-7.77052686835335,-24.6070832228289,-45.4055360913042,-62.9684039802556,-64.682689447774,-65.5447304874998,-66.4653782497268,-66.9978836599443,-67.4922264290327,-68.264670531358,-69.5254038833995,-70.8933738180386,,,,Colombia,CO2
GCAM 5.3,R_MAC_60_n0,COL,Emissions|CO2|Energy|Supply|Electricity,Mt CO2/yr,,,,6.32568079003691,,,10.4641435195851,,,,,16.5034285838117,,20.7265039632099,,,,,20.2611551748861,19.4157807682486,15.294751644921,8.40048200456911,-0.164721389766101,-9.2909971655612,-18.9152932669374,-27.2974880641179,-29.8935673293961,-31.0249007363758,-31.8838752906254,-32.1726743124386,-32.8740279625452,-34.1001733668594,-35.2425875051436,-36.1122295965181,,,,Colombia,CO2
GCAM 5.3,R_MAC_60_n0,COL,Emissions|CO2|Energy|Supply|Gases,Mt CO2/yr,,,,0.0,,,0.0,,,,,0.0,,0.0056528638373265,,,,,0.0042456711593553,0.0046110587775368,0.0055917897529203,0.0066992361181507,0.0051520570467676,0.0027991897134624,0.0007489638145739,0.0001132983669093,0.0001271817349176,0.0001372459259087,0.0001343981036384,0.000118107256742,9.73794151801845e-05,8.22938925690356e-05,8.18307804700201e-05,9.79381682121407e-05,,,,Colombia,CO2
GCAM 5.3,R_MAC_60_n0,COL,Emissions|CO2|Energy|Supply|Liquids,Mt CO2/yr,,,,4.65058041613081,,,8.4733098480758,,,,,4.11896273247324,,4.19076465855846,,,,,3.8683261893163,2.64225133929266,0.581794776081247,-2.43803482498133,-7.29131520456234,-14.6248292971415,-24.8975468565493,-32.1323423142032,-32.0922792296858,-32.3281357926558,-32.8762287463916,-33.3824504851435,-33.2627446919837,-32.7983983394483,-32.8516489804915,-33.3121383327118,,,,Colombia,CO2
GCAM 5.3,R_MAC_60_n0,COL,Emissions|CO2|Energy|Supply|Solids,Mt CO2/yr,,,,0.0,,,-1.46666532091234e-06,,,,,0.0,,-6.59999450966611e-06,,,,,-5.13332190842692e-05,-4.76665954416531e-05,-3.29999581412993e-05,-5.5000034841426e-05,-2.20000304632359e-05,-1.64999681244936e-05,-1.10000107928039e-06,-4.39999243306594e-06,0.0,0.0,-1.83333444650751e-07,0.0,-1.72332554192154e-06,-1.83332282556949e-06,0.0,-1.13666199051832e-06,,,,Colombia,CO2
GCAM 5.3,R_MAC_60_n0,COL,Emissions|CO2|Industrial Processes,Mt CO2/yr,,,,7.59487577665465,,,7.64457361058838,,,,,7.64446338314692,,8.99613531731588,,,,,4.5437479469033,3.88045376534423,3.45574543951873,2.92014516714868,2.01036339762822,0.818299674047651,-0.729338349330711,-2.633121188712,-3.88993206702918,-5.53501677173311,-7.40602021284601,-9.24986281687075,-10.9059487175528,-12.340738917873,-13.7181768403412,-14.9899720474503,,,,Colombia,CO2
GCAM 5.3,R_MAC_60_n0,COL,Emissions|N2O|AFOLU,Mt CO2e/yr,,,,29.2431884504517,,,31.669648044278517,,,,,32.29244334093305,,34.85217200085921,,,,,37.505381029952744,40.81496785176993,44.16345166787053,47.343809803674105,50.75873165532978,54.272749683439564,56.79336552553318,59.10986494673606,60.080712151740734,60.85811934806604,61.520313821862445,62.06562881842514,62.52230887120191,62.90154432559234,63.2025559516391,63.34916458634782,,,,Colombia,N2O
GCAM 5.3,R_MAC_60_n8,COL,Carbon Sequestration|CCS|Biomass,Mt CO2/yr,,,,0.0,,,0.0,,,,,0.0,,0.0,,,,,0.967636372966935,4.95256269123293,11.3520347470031,20.2350330405483,33.7814847977105,50.9744074760366,66.8745283896287,89.2916317400194,92.6813892393282,96.1671365170091,98.8785103079457,99.6570192468426,99.4058215020483,99.0480038362285,101.027570612962,102.75190212272,,,,Colombia,
GCAM 5.3,R_MAC_60_n8,COL,Emissions|CH4|AFOLU,Mt CO2e/yr,,,,48.01866203466192,,,51.75003652344876,,,,,52.81537924690356,,56.281527744718076,,,,,60.217202114394354,64.54366447800348,68.36981591100137,71.48950663003856,74.64167624701004,76.82627247451772,77.22575327815852,76.4579285399328,77.84317778223868,78.95018697196232,79.79853369244232,80.38594749516099,80.64196149847768,80.61319274810003,80.24303176548429,79.72556746704927,,,,Colombia,CH4
GCAM 5.3,R_MAC_60_n8,COL,Emissions|CO2|AFOLU,Mt CO2/yr,,,,-25.1634470148442,,,-29.1851374005037,,,,,14.214518541358,,7.88057268250999,,,,,9.15297530237089,10.4653690790164,13.7277275442196,12.7311498437986,12.9967928505413,7.23128676214645,2.54143633173418,-5.40117755807879,-7.47863719274182,-7.0061467108186,-6.63222701646978,-6.33053391145018,-6.03874248340376,-5.93769147522266,-6.29416239259124,-7.07783139945121,,,,Colombia,CO2
GCAM 5.3,R_MAC_60_n8,COL,Emissions|CO2|Energy and Industrial Processes,Mt CO2/yr,,,,64.5443396092297,,,77.6700196317675,,,,,88.5484725704583,,104.466538135424,,,,,95.2508979111937,90.8483815149186,80.6827241905499,62.9850951232367,35.6675100790435,1.59487929096245,-34.1483270646515,-74.9188227235475,-77.087128681178,-80.0422789509829,-81.7042113540842,-82.5843886436972,-82.4146054140165,-80.8246684997454,-77.2585761722485,-74.8415758444244,,,,Colombia,CO2
GCAM 5.3,R_MAC_60_n8,COL,Emissions|CO2|Energy|Demand,Mt CO2/yr,,,,45.9732026264073,,,51.0879941201835,,,,,60.2816178710265,,70.5230098660291,,,,,67.4257380501862,67.609507836522,67.3163271151646,64.6984422710998,58.2308635431755,48.5397968123836,35.4376074039376,25.1462158178816,26.0016597337876,26.4976953708721,27.4455343443506,28.7228597385612,31.3515455100197,35.4758355456564,41.4127278633239,46.4942589003379,,,,Colombia,CO2
GCAM 5.3,R_MAC_60_n8,COL,Emissions|CO2|Energy|Demand|Industry,Mt CO2/yr,,,,16.6921214044263,,,18.1178591694927,,,,,13.585844311714,,21.1297645550478,,,,,17.1439962243744,16.912420999696,16.4791473327803,15.2403223687441,12.5759734236455,8.15749497943261,2.45700677220072,0.678625643066752,0.61507372865929,0.626051627883174,0.69490554810016,2.00861278667047,4.29552303577057,7.39780121255021,11.9972543404058,15.9037725485618,,,,Colombia,CO2
GCAM 5.3,R_MAC_60_n8,COL,Emissions|CO2|Energy|Demand|Residential and Commercial,Mt CO2/yr,,,,4.67892520478074,,,4.99084576244402,,,,,11.617567707637,,12.3001225825445,,,,,11.8320965924364,11.2390849371222,10.4731672398311,9.06980018130764,6.80297052052266,4.32326979950491,1.95062398647553,0.649978872812626,0.57029900095647,0.507596320514899,0.444349061831976,0.379179803770093,0.312738300422209,0.264232974705491,0.231819452016284,0.201175012079223,,,,Colombia,CO2
GCAM 5.3,R_MAC_60_n8,COL,Emissions|CO2|Energy|Demand|Residential and Commercial|Commercial,Mt CO2/yr,,,,0.692133821705585,,,1.1892122489408,,,,,8.0825655376816,,8.43493935042357,,,,,8.33222704664554,7.92648939332977,7.38072435821281,6.40457674651016,4.84017341126637,3.12174545602919,1.43581356706877,0.473182320664659,0.40995500049038,0.358276508032109,0.307754172103935,0.252221996882524,0.199899593105995,0.165126703511194,0.14547495039625,0.12704155584837,,,,Colombia,CO2
GCAM 5.3,R_MAC_60_n8,COL,Emissions|CO2|Energy|Demand|Residential and Commercial|Residential,Mt CO2/yr,,,,3.98679138307516,,,3.80163351350322,,,,,3.53500216995541,,3.86518323212092,,,,,3.49986954579089,3.31259554379244,3.09244288161832,2.66522343479748,1.9627971092563,1.20152434347572,0.514810419406767,0.176796552147967,0.16034400046609,0.14931981248279,0.13659488972804,0.126957806887569,0.112838707316213,0.099106271194297,0.0863445016200342,0.0741334562308521,,,,Colombia,CO2
GCAM 5.3,R_MAC_60_n8,COL,Emissions|CO2|Energy|Demand|Transportation,Mt CO2/yr,,,,24.6021560172003,,,27.9792891882467,,,,,35.0782058516755,,37.0931227284369,,,,,38.4496452333754,39.4580018997038,40.3640125425532,40.388319721048,38.8519195990073,36.0590320334461,31.0299766452613,23.8176113020022,24.8162870041719,25.364047422474,26.3062797344185,26.3350671481206,26.7432841738269,27.8138013584007,29.1836540709018,30.3893113396969,,,,Colombia,CO2
GCAM 5.3,R_MAC_60_n8,COL,Emissions|CO2|Energy|Supply,Mt CO2/yr,,,,10.9762612061677,,,18.9374519009956,,,,,20.6223913162849,,24.9473929520788,,,,,23.6088272018479,19.6613887800466,10.2721474671058,-4.11334583043818,-23.7805747807713,-46.6101550071675,-67.1543000497135,-94.3891041370693,-96.2896238697253,-98.1322673841767,-98.9525588813655,-97.533268272772,-95.9041922719435,-95.0498865178371,-96.0022627510514,-97.5994492291515,,,,Colombia,CO2
GCAM 5.3,R_MAC_60_n8,COL,Emissions|CO2|Energy|Supply|Electricity,Mt CO2/yr,,,,6.32568079003691,,,10.4641435195851,,,,,16.5034285838117,,20.7265039632099,,,,,19.8624186907102,17.6247480273787,11.1575556033802,1.39725077828198,-9.32527263719703,-19.9030074304659,-29.0713829116767,-38.8580462135031,-43.9657198796529,-47.1739138356177,-50.4192838530857,-50.0840423072269,-48.1279254610985,-46.7262188429913,-49.0691481670382,-51.0065163833877,,,,Colombia,CO2
GCAM 5.3,R_MAC_60_n8,COL,Emissions|CO2|Energy|Supply|Gases,Mt CO2/yr,,,,0.0,,,0.0,,,,,0.0,,0.0056528638373265,,,,,0.0036099037556186,0.0038661611443253,0.0043488261691506,0.0041438072335052,0.0019498471571303,0.0005273874444686,5.4017422655221e-05,4.00682632117859e-06,3.84769773876787e-06,3.81830912467167e-06,3.72366546021128e-06,3.82294328734587e-06,3.40808312472977e-06,2.86031412182865e-06,2.13761397236177e-06,1.67752386710653e-06,,,,Colombia,CO2
GCAM 5.3,R_MAC_60_n8,COL,Emissions|CO2|Energy|Supply|Liquids,Mt CO2/yr,,,,4.65058041613081,,,8.4733098480758,,,,,4.11896273247324,,4.19076465855846,,,,,3.74373437271539,2.09686235583255,-0.711804037492025,-5.18306928852117,-13.7494652425687,-25.2103504677143,-34.7959252567475,-44.7296809393345,-42.5933468392909,-41.9517608596757,-40.8493379835523,-42.1999603881178,-44.3770250776073,-45.7154268015692,-43.7858747321688,-43.1232046192656,,,,Colombia,CO2
GCAM 5.3,R_MAC_60_n8,COL,Emissions|CO2|Energy|Supply|Solids,Mt CO2/yr,,,,0.0,,,-1.46666532091234e-06,,,,,0.0,,-6.59999450966611e-06,,,,,-2.56666697804501e-05,-2.93333080945375e-05,0.0,-1.09999718300507e-05,0.0,-1.8333336118253e-06,0.0,-3.66665619929654e-07,-3.5171666478815104e-17,-3.66666358069256e-07,0.0,-7.33333144406552e-08,-2.93332987073182e-07,-4.03333162317455e-07,-7.33332598962972e-08,0.0,,,,Colombia,CO2
GCAM 5.3,R_MAC_60_n8,COL,Emissions|CO2|Industrial Processes,Mt CO2/yr,,,,7.59487577665465,,,7.64457361058838,,,,,7.64446338314692,,8.99613531731588,,,,,4.21633265915954,3.57748489835004,3.09424960827945,2.39999868257511,1.21722131663934,-0.334762514253681,-2.43163441887559,-5.6759344043598,-6.79916454524035,-8.40770693767831,-10.1971868170693,-13.7739801094863,-17.8619586520927,-21.2506175275648,-22.669041284521,-23.7363855156108,,,,Colombia,CO2
GCAM 5.3,R_MAC_60_n8,COL,Emissions|N2O|AFOLU,Mt CO2e/yr,,,,29.2431884504517,,,31.669648044278517,,,,,32.29244334093305,,34.85217200085921,,,,,37.54397725923526,40.96275085882762,44.385315191344766,47.6951753414207,51.906218304101344,55.479270631423,58.66789692943616,60.94219801538095,61.600014167927505,62.0780664925239,62.47053959736271,62.99085193607279,63.49663007747732,63.880193803105676,64.0547636282807,64.07744798623568,,,,Colombia,N2O
GCAM 5.3,R_MAC_65_n0,COL,Carbon Sequestration|CCS|Biomass,Mt CO2/yr,,,,0.0,,,0.0,,,,,0.0,,0.0,,,,,0.656210071988789,3.24090322729421,7.33085207344104,12.5089889838474,19.1925996527816,27.7136545074229,40.5323915734292,55.9327190281255,68.7537130854323,71.064039291957,73.0547555620643,74.5270557408105,75.3983985239782,76.0861578893669,77.0472612610756,78.4433316351668,,,,Colombia,
GCAM 5.3,R_MAC_65_n0,COL,Emissions|CH4|AFOLU,Mt CO2e/yr,,,,48.01866203466192,,,51.75003652344876,,,,,52.81537924690356,,56.281527744718076,,,,,60.2640760481312,64.72121665577764,68.82619589478443,72.46811690339507,75.45560220048705,78.33057700637008,80.4093594436986,81.47642898599064,81.35330976878672,82.5430703246072,83.358293938549,83.82479664759929,83.96698778691132,83.86777657165123,83.54804658160997,83.03747482077404,,,,Colombia,CH4
GCAM 5.3,R_MAC_65_n0,COL,Emissions|CO2|AFOLU,Mt CO2/yr,,,,-25.1634470148442,,,-29.1851374005037,,,,,14.214518541358,,7.88057268250999,,,,,8.71752401650791,9.4701797468303,12.4303942638446,10.5129722779195,11.3190948737659,4.29969174624013,3.23664252478257,1.46616929186061,-1.97619238574022,-4.40072077052845,-4.21993190024382,-3.94348503434189,-3.98583966292526,-4.46056365106604,-5.20121867536404,-6.03124883028355,,,,Colombia,CO2
GCAM 5.3,R_MAC_65_n0,COL,Emissions|CO2|Energy and Industrial Processes,Mt CO2/yr,,,,64.5443396092297,,,77.6700196317675,,,,,88.5484725704583,,104.466538135424,,,,,98.7331500725108,98.3170348019602,94.9911553043857,87.5304380192421,74.7941831375203,56.5930631419634,30.845104098384,0.950420810553695,-25.6231846250029,-24.5479027986036,-21.3464807780528,-18.6772906721778,-15.8037347371122,-12.868337178588,-10.9249494699067,-10.6316594707121,,,,Colombia,CO2
GCAM 5.3,R_MAC_65_n0,COL,Emissions|CO2|Energy|Demand,Mt CO2/yr,,,,45.9732026264073,,,51.0879941201835,,,,,60.2816178710265,,70.5230098660291,,,,,69.5585450723566,71.0152994023408,72.8080252576124,73.7153926486208,72.995122972769,69.1173696257826,62.0395340182562,53.0928101958171,43.7225368934935,46.1734017078238,51.3331640653087,56.5047846199784,61.6307660861075,66.7245585559822,71.1549802993835,74.7007482027657,,,,Colombia,CO2
GCAM 5.3,R_MAC_65_n0,COL,Emissions|CO2|Energy|Demand|Industry,Mt CO2/yr,,,,16.6921214044263,,,18.1178591694927,,,,,13.585844311714,,21.1297645550478,,,,,18.423371967942,18.4931226729376,18.9189365479106,19.1790657548883,18.8221662833409,16.399388059428,12.3567351005529,8.03634303199683,4.54056752661454,6.67922825858566,11.2503746984068,15.6801756908141,19.6671068855489,23.331855786521,26.5020770527969,29.0749570107065,,,,Colombia,CO2
GCAM 5.3,R_MAC_65_n0,COL,Emissions|CO2|Energy|Demand|Residential and Commercial,Mt CO2/yr,,,,4.67892520478074,,,4.99084576244402,,,,,11.617567707637,,12.3001225825445,,,,,12.267616536445,12.0812024788994,11.800391507459,11.1712192460016,9.960069660527,8.25425957180413,6.03911142526528,3.79285795295159,1.95764857118904,1.72469820041984,1.47516613997149,1.2908209430968,1.12002692956168,0.981297913667129,0.887495912666227,0.798936577085943,,,,Colombia,CO2
GCAM 5.3,R_MAC_65_n0,COL,Emissions|CO2|Energy|Demand|Residential and Commercial|Commercial,Mt CO2/yr,,,,0.692133821705585,,,1.1892122489408,,,,,8.0825655376816,,8.43493935042357,,,,,8.58514001380709,8.44288430829305,8.21461792024064,7.74777501815214,6.8828379121421,5.71948880499336,4.22487748350926,2.68655874700891,1.39786564972573,1.20224340421368,1.00620596953534,0.864422582781413,0.741190273851249,0.645570454583161,0.582468658305565,0.52391820141305,,,,Colombia,CO2
GCAM 5.3,R_MAC_65_n0,COL,Emissions|CO2|Energy|Demand|Residential and Commercial|Residential,Mt CO2/yr,,,,3.98679138307516,,,3.80163351350322,,,,,3.53500216995541,,3.86518323212092,,,,,3.68247652263792,3.63831817060633,3.58577358721839,3.42344422784948,3.0772317483849,2.53477076681077,1.81423394175602,1.10629920594267,0.55978292146331,0.52245479620616,0.468960170436144,0.42639836031539,0.378836655710429,0.335727459083968,0.305027254360661,0.275018375672893,,,,Colombia,CO2
GCAM 5.3,R_MAC_65_n0,COL,Emissions|CO2|Energy|Demand|Transportation,Mt CO2/yr,,,,24.6021560172003,,,27.9792891882467,,,,,35.0782058516755,,37.0931227284369,,,,,38.8675565679696,40.4409742505038,42.0886972022428,43.3651076477308,44.2128870289011,44.4637219945505,43.643687492438,41.2636092108687,37.2243207956899,37.7694752488183,38.6076232269304,39.5337879860675,40.8436322709969,42.4114048557941,43.7654073339204,44.8268546149732,,,,Colombia,CO2
GCAM 5.3,R_MAC_65_n0,COL,Emissions|CO2|Energy|Supply,Mt CO2/yr,,,,10.9762612061677,,,18.9374519009956,,,,,20.6223913162849,,24.9473929520788,,,,,24.42372819203,23.2186563008198,18.4958189205984,10.5976416190544,-0.618659799856383,-13.9067668878014,-31.2640437235813,-50.4612459014599,-65.4380131464907,-65.258357856498,-65.4452440358964,-65.9731981072057,-66.4173611864216,-67.1285882572161,-68.373232185762,-70.4169308208428,,,,Colombia,CO2
GCAM 5.3,R_MAC_65_n0,COL,Emissions|CO2|Energy|Supply|Electricity,Mt CO2/yr,,,,6.32568079003691,,,10.4641435195851,,,,,16.5034285838117,,20.7265039632099,,,,,20.4788705455365,20.3320835686913,17.3927931559634,12.0337214704639,4.69329006772224,-3.3769593958575,-12.3187486395297,-21.2515034031049,-28.5785774040308,-29.8529245620426,-30.8156699676959,-30.9615441615917,-31.3183671971917,-32.5019100626647,-34.0787184944826,-35.8434960706412,,,,Colombia,CO2
GCAM 5.3,R_MAC_65_n0,COL,Emissions|CO2|Energy|Supply|Gases,Mt CO2/yr,,,,0.0,,,0.0,,,,,0.0,,0.0056528638373265,,,,,0.0046589055831902,0.0050605559567297,0.0062387819796769,0.0080609053689781,0.0075043876752235,0.0057129494414349,0.0023352668921597,0.00061622685277,0.0001184894948939,0.0001385136748139,0.0001384234542103,0.0001265036719542,0.0001082332914979,8.93582402550586e-05,8.81251731914797e-05,0.000103812385875,,,,Colombia,CO2
GCAM 5.3,R_MAC_65_n0,COL,Emissions|CO2|Energy|Supply|Liquids,Mt CO2/yr,,,,4.65058041613081,,,8.4733098480758,,,,,4.11896273247324,,4.19076465855846,,,,,3.92793451323995,2.90448426438618,1.17485370318687,-1.32509553053768,-5.12011478688692,-10.1366395912271,-17.9652750122964,-27.0778880217219,-33.4096468994243,-32.8537963737767,-32.7725017416798,-33.5753776978699,-33.8236133999051,-33.3362273496683,-32.8901329734927,-33.0697013604823,,,,Colombia,CO2
GCAM 5.3,R_MAC_65_n0,COL,Emissions|CO2|Energy|Supply|Solids,Mt CO2/yr,,,,0.0,,,-1.46666532091234e-06,,,,,0.0,,-6.59999450966611e-06,,,,,0.0,0.0,-3.66666410728123e-06,0.0,-2.56665974683502e-05,0.0,-7.33332679987601e-06,-1.46666424308317e-06,-2.56666538846033e-06,-4.03331910116534e-06,-1.72333022889918e-06,0.0,0.0,-1.83333306935182e-07,-2.19999850460755e-07,-3.66666556577058e-08,,,,Colombia,CO2
GCAM 5.3,R_MAC_65_n0,COL,Emissions|CO2|Industrial Processes,Mt CO2/yr,,,,7.59487577665465,,,7.64457361058838,,,,,7.64446338314692,,8.99613531731588,,,,,4.75087680812421,4.08307909879964,3.68731112617498,3.21740375156698,2.41771996460764,1.38246040398223,0.0696138037090699,-1.68114348380358,-3.9077083720057,-5.46294664992942,-7.23440080746513,-9.20887718495055,-11.0171396367982,-12.4643074773542,-13.7066975835283,-14.915476852635,,,,Colombia,CO2
GCAM 5.3,R_MAC_65_n0,COL,Emissions|N2O|AFOLU,Mt CO2e/yr,,,,29.2431884504517,,,31.669648044278517,,,,,32.29244334093305,,34.85217200085921,,,,,37.4826283111311,40.73395235423787,44.02943300959804,47.19176832664312,50.28397368392607,53.61760021781054,56.27094233100605,57.876227591425696,60.099708591944385,60.842153597949356,61.46735375357304,62.01047997555548,62.48040537175382,62.87326343447741,63.183027842459886,63.3551508868035,,,,Colombia,N2O
GCAM 5.3,R_MAC_65_n8,COL,Carbon Sequestration|CCS|Biomass,Mt CO2/yr,,,,0.0,,,0.0,,,,,0.0,,0.0,,,,,0.821174153652189,4.18898761548369,9.5385456888071,16.568798875921,26.408021840729,40.5930210196076,56.6540489117009,71.9914480211475,93.3061088917211,95.5282975909657,97.7261220211084,97.9472856715228,97.6579100335447,98.0916324824122,100.343630798266,102.718919567227,,,,Colombia,
GCAM 5.3,R_MAC_65_n8,COL,Emissions|CH4|AFOLU,Mt CO2e/yr,,,,48.01866203466192,,,51.75003652344876,,,,,52.81537924690356,,56.281527744718076,,,,,60.24125849776188,64.623151130055,68.59141799282304,71.90519217199416,74.978886067736,77.61011618408075,78.8575063034024,78.71378778674124,77.76977400959984,78.90824229104544,79.79946322454624,80.40995659056304,80.66473268685719,80.59822417048976,80.21081074228965,79.69183049882517,,,,Colombia,CH4
GCAM 5.3,R_MAC_65_n8,COL,Emissions|CO2|AFOLU,Mt CO2/yr,,,,-25.1634470148442,,,-29.1851374005037,,,,,14.214518541358,,7.88057268250999,,,,,8.95998257910691,9.96766270129109,12.9169468433576,11.3159984222612,11.9235609369119,5.28088818362612,4.58029999188984,-2.22382641420566,-6.08869681386704,-7.20038293708233,-6.78677277752007,-6.34421246827504,-6.00869854592666,-5.96928938388836,-6.41562484980412,-7.18182463166869,,,,Colombia,CO2
GCAM 5.3,R_MAC_65_n8,COL,Emissions|CO2|Energy and Industrial Processes,Mt CO2/yr,,,,64.5443396092297,,,77.6700196317675,,,,,88.5484725704583,,104.466538135424,,,,,96.669952846219,93.977418886823,86.8563705620904,73.7074508096095,53.1786333951,25.2300557283365,-8.20614520507527,-39.7447496451478,-77.8504219179013,-78.2703442247946,-80.3444402578257,-80.9571252040999,-80.0858797379088,-77.7272979888153,-74.0305484581651,-72.9047631017093,,,,Colombia,CO2
GCAM 5.3,R_MAC_65_n8,COL,Emissions|CO2|Energy|Demand,Mt CO2/yr,,,,45.9732026264073,,,51.0879941201835,,,,,60.2816178710265,,70.5230098660291,,,,,68.2933445818298,68.9973321312922,69.6223783672627,68.4868292937192,64.3643504576342,57.2791772771797,46.3093059678997,35.5610614301513,26.3328729184788,27.0605246086492,27.5009801340329,28.5225847224177,31.5816102180186,36.5077841082484,43.0880748052548,48.2743727719158,,,,Colombia,CO2
GCAM 5.3,R_MAC_65_n8,COL,Emissions|CO2|Energy|Demand|Industry,Mt CO2/yr,,,,16.6921214044263,,,18.1178591694927,,,,,13.585844311714,,21.1297645550478,,,,,17.6539849626502,17.5436723948955,17.4887016840362,16.7490199716826,14.7934648443969,11.3328759578483,5.96630350774064,1.88167277046935,0.600645045974936,0.626382324509102,0.875449120644684,2.06321691080617,4.58868465579137,8.39735733976099,13.6353179949247,17.8027990364458,,,,Colombia,CO2
GCAM 5.3,R_MAC_65_n8,COL,Emissions|CO2|Energy|Demand|Residential and Commercial,Mt CO2/yr,,,,4.67892520478074,,,4.99084576244402,,,,,11.617567707637,,12.3001225825445,,,,,12.0135031642054,11.5793220136387,11.0143408220598,9.96686412187856,8.15589186046696,5.93726961103841,3.44861179841191,1.53512464287515,0.549457751557962,0.503239486352908,0.436805852858952,0.374273916324932,0.312282623016659,0.263253832002396,0.230157449786184,0.198524637912406,,,,Colombia,CO2
GCAM 5.3,R_MAC_65_n8,COL,Emissions|CO2|Energy|Demand|Residential and Commercial|Commercial,Mt CO2/yr,,,,0.692133821705585,,,1.1892122489408,,,,,8.0825655376816,,8.43493935042357,,,,,8.43825500544457,8.13618200099311,7.7228276858258,6.98099678445409,5.72428091148633,4.21035069244131,2.49124165815092,1.12337075606996,0.395541059072924,0.356870554729982,0.301423732899478,0.247361439986559,0.198968937824782,0.164948864797918,0.144945829007359,0.125364345814962,,,,Colombia,CO2
GCAM 5.3,R_MAC_65_n8,COL,Emissions|CO2|Energy|Demand|Residential and Commercial|Residential,Mt CO2/yr,,,,3.98679138307516,,,3.80163351350322,,,,,3.53500216995541,,3.86518323212092,,,,,3.57524815876079,3.44314001264557,3.29151313623403,2.98586733742447,2.43161094898063,1.7269189185971,0.957370140260986,0.411753886805197,0.153916692485037,0.146368931622926,0.135382119959473,0.126912476338374,0.113313685191877,0.0983049672044786,0.0852116207788247,0.0731602920974438,,,,Colombia,CO2
GCAM 5.3,R_MAC_65_n8,COL,Emissions|CO2|Energy|Demand|Transportation,Mt CO2/yr,,,,24.6021560172003,,,27.9792891882467,,,,,35.0782058516755,,37.0931227284369,,,,,38.6258564549743,39.874337722758,41.1193358611666,41.770945200158,41.4149937527704,40.009031708293,36.8943906617472,32.1442640168068,25.1827701209459,25.9309027977872,26.1887251605293,26.0850938952866,26.6806429392106,27.8471729364851,29.2225993605439,30.2730490975575,,,,Colombia,CO2
GCAM 5.3,R_MAC_65_n8,COL,Emissions|CO2|Energy|Supply,Mt CO2/yr,,,,10.9762612061677,,,18.9374519009956,,,,,20.6223913162849,,24.9473929520788,,,,,23.9564861752593,21.215747458026,13.9123617238254,2.48368993870327,-12.9259701316351,-32.4808072998889,-53.2423288700676,-71.8756080928204,-97.2954297059871,-97.1798197503426,-97.3757622459623,-95.2664059311482,-93.6049027805053,-93.2296858306913,-94.8352917704753,-97.4679800388275,,,,Colombia,CO2
GCAM 5.3,R_MAC_65_n8,COL,Emissions|CO2|Energy|Supply|Electricity,Mt CO2/yr,,,,6.32568079003691,,,10.4641435195851,,,,,16.5034285838117,,20.7265039632099,,,,,20.1212421596997,18.7988964726342,13.8783072990072,5.97473230066727,-3.38041684326636,-13.20060436032,-22.6978641322651,-31.165480182984,-41.6205546898458,-45.0077377274411,-48.3436210407388,-47.5986232187768,-45.8793871712044,-45.6742185529948,-48.6137888118534,-51.108331713365,,,,Colombia,CO2
GCAM 5.3,R_MAC_65_n8,COL,Emissions|CO2|Energy|Supply|Gases,Mt CO2/yr,,,,0.0,,,0.0,,,,,0.0,,0.0056528638373265,,,,,0.0040031215287856,0.0043328670079204,0.005146788144084,0.0057730259003601,0.0038400409404338,0.0016257083998606,0.0003155093927547,3.51254515718659e-05,3.74748505415215e-06,3.88499053635759e-06,4.19772126328377e-06,4.51259185670323e-06,4.03514380977128e-06,3.09226190612953e-06,2.15109916425445e-06,1.70016976940389e-06,,,,Colombia,CO2
GCAM 5.3,R_MAC_65_n8,COL,Emissions|CO2|Energy|Supply|Liquids,Mt CO2/yr,,,,4.65058041613081,,,8.4733098480758,,,,,4.11896273247324,,4.19076465855846,,,,,3.82656070199069,2.45916424634488,0.162094887609939,-3.27200920307897,-9.11934757609092,-18.32829058942,-28.4928188035298,-35.6507595506372,-44.6272805696511,-41.6889498994569,-41.3884510504907,-42.8549778555358,-44.5394880281499,-44.8073825452132,-42.8885377901631,-42.8860265002956,,,,Colombia,CO2
GCAM 5.3,R_MAC_65_n8,COL,Emissions|CO2|Energy|Supply|Solids,Mt CO2/yr,,,,0.0,,,-1.46666532091234e-06,,,,,0.0,,-6.59999450966611e-06,,,,,0.0,-5.49998738113114e-05,-1.46666512207818e-05,0.0,0.0,-1.42999897050089e-05,-1.09999797008395e-06,-3.66666848160624e-07,0.0,-4.39999420980952e-07,0.0,0.0,-2.56666425242018e-07,0.0,-1.09999887883551e-07,0.0,,,,Colombia,CO2
GCAM 5.3,R_MAC_65_n8,COL,Emissions|CO2|Industrial Processes,Mt CO2/yr,,,,7.59487577665465,,,7.64457361058838,,,,,7.64446338314692,,8.99613531731588,,,,,4.42012208912984,3.76433929750483,3.32163047100233,2.73693157718702,1.74025306910077,0.431685751045608,-1.27312230290735,-3.43020298247869,-6.887865130393,-8.15104908310124,-10.4696581458963,-14.2133039953693,-18.0625871754221,-21.0053962663724,-22.2833314929446,-23.7111558347975,,,,Colombia,CO2
GCAM 5.3,R_MAC_65_n8,COL,Emissions|N2O|AFOLU,Mt CO2e/yr,,,,29.2431884504517,,,31.669648044278517,,,,,32.29244334093305,,34.85217200085921,,,,,37.51942064737886,40.86588961573373,44.2449452893539,47.41988936943886,51.181184051396215,54.72764408654716,57.17927516583064,59.78504051939738,61.5283142962447,62.04362060385216,62.48996494483088,63.00146127166109,63.491455925150795,63.833079598187986,64.03024558971468,64.08906558301666,,,,Colombia,N2O
GCAM 5.3,R_MAC_70_n0,COL,Carbon Sequestration|CCS|Biomass,Mt CO2/yr,,,,0.0,,,0.0,,,,,0.0,,0.0,,,,,0.58977462361587,2.81809844019074,6.38570322251842,10.8455813689619,16.5585547876564,23.3349447706918,32.7422037792304,47.0716411222397,60.3813424406791,71.3384159357463,72.1281784758985,73.4861355773636,74.4379958531411,75.0841727315258,76.0704512950369,77.4757584898677,,,,Colombia,
GCAM 5.3,R_MAC_70_n0,COL,Emissions|CH4|AFOLU,Mt CO2e/yr,,,,48.01866203466192,,,51.75003652344876,,,,,52.81537924690356,,56.281527744718076,,,,,60.27042415575664,64.74967205570417,68.906993857212,72.65199671246664,75.930468936707,78.57576723942316,80.91850639319243,82.410717762506,82.90460535923272,82.48389641558668,83.3619195304952,83.84380858130424,83.99694218175203,83.898607429994,83.56750704554392,83.04214959018832,,,,Colombia,CH4
GCAM 5.3,R_MAC_70_n0,COL,Emissions|CO2|AFOLU,Mt CO2/yr,,,,-25.1634470148442,,,-29.1851374005037,,,,,14.214518541358,,7.88057268250999,,,,,8.60524208462489,9.31801428322409,12.3100142864977,10.4300956606456,11.0385262881243,4.82909795566379,2.46534376742158,1.02377429763847,0.145264140506349,-3.01708520570199,-4.77671372999016,-4.44406260126616,-4.34043642074081,-4.62828382416931,-5.27022120030161,-6.07863857983257,,,,Colombia,CO2
GCAM 5.3,R_MAC_70_n0,COL,Emissions|CO2|Energy and Industrial Processes,Mt CO2/yr,,,,64.5443396092297,,,77.6700196317675,,,,,88.5484725704583,,104.466538135424,,,,,99.7885753368034,100.501681738947,98.7966548171404,93.8268509284038,84.2336563324308,70.4666289498689,51.2755202245061,24.5051791160101,-1.78815500292459,-25.3937856021185,-19.9915540508693,-17.2271925046914,-15.0726736027487,-12.5320090951668,-10.6197660977884,-10.0216859080776,,,,Colombia,CO2
GCAM 5.3,R_MAC_70_n0,COL,Emissions|CO2|Energy|Demand,Mt CO2/yr,,,,45.9732026264073,,,51.0879941201835,,,,,60.2816178710265,,70.5230098660291,,,,,70.1996292032809,72.0626831776333,74.3532521848912,76.1548290381179,76.8259102146845,75.2267865209551,70.7591195826907,63.9498911671506,55.5510012584812,46.7586755602718,51.940907997146,56.8212792417782,61.4380754588637,66.1733472256162,70.5219734588323,74.2357628298733,,,,Colombia,CO2
GCAM 5.3,R_MAC_70_n0,COL,Emissions|CO2|Energy|Demand|Industry,Mt CO2/yr,,,,16.6921214044263,,,18.1178591694927,,,,,13.585844311714,,21.1297645550478,,,,,18.8229770723117,18.9930586628836,19.6314951973061,20.3621471514476,20.787890212945,19.6602655049436,16.8526871973317,13.3745385231914,9.91178697257877,7.40135157911958,11.5974788992953,15.826575724747,19.5561651398362,22.979330984483,26.0369893091759,28.6638988216042,,,,Colombia,CO2
GCAM 5.3,R_MAC_70_n0,COL,Emissions|CO2|Energy|Demand|Residential and Commercial,Mt CO2/yr,,,,4.67892520478074,,,4.99084576244402,,,,,11.617567707637,,12.3001225825445,,,,,12.3913442909916,12.3472422231171,12.1881208127127,11.7456550532256,10.7479280281571,9.35773393782771,7.39050204147201,5.21775388029147,3.19967063338401,1.68724425064309,1.48110350987638,1.30024725600333,1.12633662490144,0.985847190480114,0.889953543217728,0.798904763407214,,,,Colombia,CO2
GCAM 5.3,R_MAC_70_n0,COL,Emissions|CO2|Energy|Demand|Residential and Commercial|Commercial,Mt CO2/yr,,,,0.692133821705585,,,1.1892122489408,,,,,8.0825655376816,,8.43493935042357,,,,,8.65596191218525,8.60445034813278,8.45560073283396,8.10982915029211,7.38521018627868,6.42864725832141,5.10627757255925,3.63867568995302,2.24416991170839,1.17871279595078,1.0127376721173,0.871974902831751,0.744613275468036,0.647214867321279,0.583224508521159,0.523668917878197,,,,Colombia,CO2
GCAM 5.3,R_MAC_70_n0,COL,Emissions|CO2|Energy|Demand|Residential and Commercial|Residential,Mt CO2/yr,,,,3.98679138307516,,,3.80163351350322,,,,,3.53500216995541,,3.86518323212092,,,,,3.73538237880638,3.74279187498431,3.73252007987871,3.63582590293347,3.36271784187847,2.9290866795063,2.28422446891277,1.57907819033845,0.955500721675624,0.508531454692311,0.468365837759087,0.428272353171582,0.381723349433401,0.338632323158835,0.306729034696569,0.275235845529017,,,,Colombia,CO2
GCAM 5.3,R_MAC_70_n0,COL,Emissions|CO2|Energy|Demand|Transportation,Mt CO2/yr,,,,24.6021560172003,,,27.9792891882467,,,,,35.0782058516755,,37.0931227284369,,,,,38.9853078399775,40.7223822916326,42.5336361748725,44.0470268334447,45.2900919735824,46.2087870781838,46.515930343887,45.3575987636677,42.4395436525184,37.6700797305092,38.8623255879743,39.6944562610278,40.7555736941261,42.2081690506531,43.5950306064387,44.7729592448619,,,,Colombia,CO2
GCAM 5.3,R_MAC_70_n0,COL,Emissions|CO2|Energy|Supply,Mt CO2/yr,,,,10.9762612061677,,,18.9374519009956,,,,,20.6223913162849,,24.9473929520788,,,,,24.654696206522,24.1612881964839,20.5513791395444,14.1993226177285,4.67344491586756,-6.57582192282644,-20.1958751488772,-38.6539681664057,-54.4892988459379,-66.4485950041693,-64.7468650552346,-64.9257126686411,-65.3778113429197,-65.9873923420364,-67.2144079118314,-69.2642303123828,,,,Colombia,CO2
GCAM 5.3,R_MAC_70_n0,COL,Emissions|CO2|Energy|Supply|Electricity,Mt CO2/yr,,,,6.32568079003691,,,10.4641435195851,,,,,16.5034285838117,,20.7265039632099,,,,,20.6610438867964,21.0629419237582,19.000310875485,14.8329645817487,8.57004500552308,1.28918304695968,-6.75735998559783,-15.9236263028623,-23.4068241463817,-28.4235827033421,-29.3538395186072,-29.5996578033767,-29.6660051558471,-30.5381940729367,-32.216951000479,-34.4505387101101,,,,Colombia,CO2
GCAM 5.3,R_MAC_70_n0,COL,Emissions|CO2|Energy|Supply|Gases,Mt CO2/yr,,,,0.0,,,0.0,,,,,0.0,,0.0056528638373265,,,,,0.0050311098451361,0.0054303236803196,0.0068171605741543,0.0092149571155858,0.009880288551721,0.0091024477039064,0.0049562414081136,0.0018444046534117,0.0005622649497155,0.0001319273672753,0.0001375110808499,0.0001301036585331,0.0001158245163043,9.92366075187356e-05,0.000101708894108,0.0001104704930573,,,,Colombia,CO2
GCAM 5.3,R_MAC_70_n0,COL,Emissions|CO2|Energy|Supply|Liquids,Mt CO2/yr,,,,4.65058041613081,,,8.4733098480758,,,,,4.11896273247324,,4.19076465855846,,,,,3.97270718386083,3.10420574745741,1.59857008710279,-0.564385105017302,-3.77656585105917,-7.63028395982631,-12.8306264168862,-21.2423049634442,-28.8893535283801,-35.0790539246785,-33.3090046002321,-33.7963469172927,-34.464725764302,-34.2337457140224,-33.6536160094145,-33.3275133785408,,,,Colombia,CO2
GCAM 5.3,R_MAC_70_n0,COL,Emissions|CO2|Energy|Supply|Solids,Mt CO2/yr,,,,0.0,,,-1.46666532091234e-06,,,,,0.0,,-6.59999450966611e-06,,,,,0.0,-1.09999993788199e-05,-2.566666922396e-05,-5.13329835134178e-05,0.0,0.0,-5.4999949891095e-06,-1.3933315777275e-05,-1.10000110338779e-06,-3.29998407773466e-06,-1.46666506754866e-06,0.0,0.0,-1.723326460024e-06,0.0,-6.59999487728683e-07,,,,Colombia,CO2
GCAM 5.3,R_MAC_70_n0,COL,Emissions|CO2|Industrial Processes,Mt CO2/yr,,,,7.59487577665465,,,7.64457361058838,,,,,7.64446338314692,,8.99613531731588,,,,,4.93424992700057,4.27771036482975,3.89202349270475,3.47269927255744,2.73430120187874,1.81566435174023,0.712275790692622,-0.790743884734735,-2.84985741546793,-5.7038661582211,-7.18559699278074,-9.12275907782846,-11.1329377186927,-12.7179639787466,-13.9273316447893,-14.9932184255681,,,,Colombia,CO2
GCAM 5.3,R_MAC_70_n0,COL,Emissions|N2O|AFOLU,Mt CO2e/yr,,,,29.2431884504517,,,31.669648044278517,,,,,32.29244334093305,,34.85217200085921,,,,,37.46283975733353,40.66391582635555,43.91335042889859,47.043661795253485,50.200857421426534,53.0365901310134,55.70247735103915,57.691614804854936,59.15036910047073,60.937140680331545,61.46156151461427,61.949983141785104,62.42358059405586,62.825209944375054,63.1416053606206,63.343226827671884,,,,Colombia,N2O
GCAM 5.3,R_MAC_70_n8,COL,Carbon Sequestration|CCS|Biomass,Mt CO2/yr,,,,0.0,,,0.0,,,,,0.0,,0.0,,,,,0.72029751881492,3.62296672036058,8.22576076646303,14.1167215200049,21.8622076568066,32.5008621916236,47.8756926743353,62.4054831216419,77.2854821310686,95.9203117791893,96.7665677212323,95.9672793767723,95.4495655424643,96.5005967930733,99.0606125632288,101.749100766212,,,,Colombia,
GCAM 5.3,R_MAC_70_n8,COL,Emissions|CH4|AFOLU,Mt CO2e/yr,,,,48.01866203466192,,,51.75003652344876,,,,,52.81537924690356,,56.281527744718076,,,,,60.256147823840365,64.68267072419461,68.73882703355024,72.26559848561284,75.20020015544569,78.07794050151341,79.85226144142857,80.39484700123856,79.86972192460743,78.83161216071512,79.76888923970624,80.40781394194975,80.67382135514437,80.57496080999232,80.1857789226452,79.66709512696369,,,,Colombia,CH4
GCAM 5.3,R_MAC_70_n8,COL,Emissions|CO2|AFOLU,Mt CO2/yr,,,,-25.1634470148442,,,-29.1851374005037,,,,,14.214518541358,,7.88057268250999,,,,,8.81656057580613,9.65058911381574,12.5442915429336,10.7251153972615,11.5222935433739,4.28920552925345,4.07885541714958,0.902384013076774,-3.97010020092632,-6.36026734842076,-7.21321207033794,-6.76632043555968,-6.43264836609002,-6.38477414096441,-6.84527997404116,-7.46092233731737,,,,Colombia,CO2
GCAM 5.3,R_MAC_70_n8,COL,Emissions|CO2|Energy and Industrial Processes,Mt CO2/yr,,,,64.5443396092297,,,77.6700196317675,,,,,88.5484725704583,,104.466538135424,,,,,97.8528523000593,96.4897483091795,91.600640172957,81.8611886739415,66.0473075936747,43.9361422180783,13.3782423923571,-16.2665926609782,-45.9654979784815,-80.5784491348573,-80.6260018142145,-79.2699895714483,-77.4170988515607,-73.5907816455733,-70.6945978613475,-70.1424288371779,,,,Colombia,CO2
GCAM 5.3,R_MAC_70_n8,COL,Emissions|CO2|Energy|Demand,Mt CO2/yr,,,,45.9732026264073,,,51.0879941201835,,,,,60.2816178710265,,70.5230098660291,,,,,69.019718266394,70.1529585359761,71.4561430254735,71.5582755210921,69.3819627701135,64.0655667728094,55.1514259916865,45.1911240603841,35.4902902229137,26.8216521078069,27.1835451420103,28.4438349477778,31.8201686448444,37.687428101932,44.251927862306,49.5760436015123,,,,Colombia,CO2
GCAM 5.3,R_MAC_70_n8,COL,Emissions|CO2|Energy|Demand|Industry,Mt CO2/yr,,,,16.6921214044263,,,18.1178591694927,,,,,13.585844311714,,21.1297645550478,,,,,18.0925570428361,18.08340839736,18.3100467379463,18.1716194130343,17.0047193203246,14.035219095239,9.2052274385458,4.71579680688683,1.70314248982659,0.627007979759592,1.09092500650173,2.25848777177488,4.87469095866889,9.45967334528864,14.8037943653292,19.1529669590128,,,,Colombia,CO2
GCAM 5.3,R_MAC_70_n8,COL,Emissions|CO2|Energy|Demand|Residential and Commercial,Mt CO2/yr,,,,4.67892520478074,,,4.99084576244402,,,,,11.617567707637,,12.3001225825445,,,,,12.1607231358861,11.8657633313482,11.4601014499108,10.6629477409814,9.23478515748452,7.28233419997633,4.92916505708583,2.69954736647874,1.20053402942228,0.477240031544285,0.415835884303334,0.365399891971155,0.31094052719765,0.263603299319474,0.22986701704151,0.197667282413942,,,,Colombia,CO2
GCAM 5.3,R_MAC_70_n8,COL,Emissions|CO2|Energy|Demand|Residential and Commercial|Commercial,Mt CO2/yr,,,,0.692133821705585,,,1.1892122489408,,,,,8.0825655376816,,8.43493935042357,,,,,8.52369673722076,8.31155603690757,8.00238645627773,7.42523185812408,6.41791976582587,5.09198530528375,3.49514299092314,1.94551394128423,0.867856228715038,0.336857240407554,0.284163171760889,0.239922564056152,0.197744660517282,0.166308018657992,0.145454220759231,0.125141536731145,,,,Colombia,CO2
GCAM 5.3,R_MAC_70_n8,COL,Emissions|CO2|Energy|Demand|Residential and Commercial|Residential,Mt CO2/yr,,,,3.98679138307516,,,3.80163351350322,,,,,3.53500216995541,,3.86518323212092,,,,,3.63702639866536,3.55420729444062,3.45771499363305,3.23771588285734,2.81686539165865,2.19034889469258,1.43402206616269,0.754033425194515,0.332677800707246,0.140382791136731,0.131672712542445,0.125477327915003,0.113195866680368,0.0972952806614815,0.0844127962822789,0.0725257456827967,,,,Colombia,CO2
GCAM 5.3,R_MAC_70_n8,COL,Emissions|CO2|Energy|Demand|Transportation,Mt CO2/yr,,,,24.6021560172003,,,27.9792891882467,,,,,35.0782058516755,,37.0931227284369,,,,,38.7664380876718,40.2037868072679,41.6859948376164,42.7237083670764,43.1424582923044,42.748013477594,41.0170334960549,37.7757798870185,32.5866137036648,25.717404096503,25.6767842512053,25.8199472840317,26.6345371589779,27.9641514573239,29.2182664799353,30.2254093600856,,,,Colombia,CO2
GCAM 5.3,R_MAC_70_n8,COL,Emissions|CO2|Energy|Supply,Mt CO2/yr,,,,10.9762612061677,,,18.9374519009956,,,,,20.6223913162849,,24.9473929520788,,,,,24.2281030967571,22.397590157573,16.6216940656994,7.29458750705525,-5.47397241651122,-21.1268620860247,-41.3007236112847,-59.1580309732328,-76.6454878127635,-98.6774746033273,-96.537260060417,-93.0015860575889,-91.023048308014,-90.8095314915505,-93.0922197681125,-96.2742356766901,,,,Colombia,CO2
GCAM 5.3,R_MAC_70_n8,COL,Emissions|CO2|Energy|Supply|Electricity,Mt CO2/yr,,,,6.32568079003691,,,10.4641435195851,,,,,16.5034285838117,,20.7265039632099,,,,,20.3274562636351,19.7006000203244,15.9472083930336,9.52623386047062,1.34034453108856,-7.47278010916609,-17.0081013734008,-25.5414849011506,-33.7953502967448,-42.4375646046826,-45.0300776616697,-44.0557532930065,-42.7716561795079,-43.988054804443,-47.0084423218841,-50.056944216226,,,,Colombia,CO2
GCAM 5.3,R_MAC_70_n8,COL,Emissions|CO2|Energy|Supply|Gases,Mt CO2/yr,,,,0.0,,,0.0,,,,,0.0,,0.0056528638373265,,,,,0.0043670766442051,0.0047467684225922,0.0057987770675474,0.0071326287090317,0.0057551907126829,0.0035330232306637,0.0010838984371162,0.0001926906739097,2.80209823310452e-05,3.82061014587689e-06,4.4832818396898e-06,4.95574715531846e-06,4.56127864612568e-06,3.46536131248282e-06,2.36061594851804e-06,1.78190423876006e-06,,,,Colombia,CO2
GCAM 5.3,R_MAC_70_n8,COL,Emissions|CO2|Energy|Supply|Liquids,Mt CO2/yr,,,,4.65058041613081,,,8.4733098480758,,,,,4.11896273247324,,4.19076465855846,,,,,3.88717313705626,2.72506339521585,0.769320847790926,-2.0793819745965,-6.54293939215535,-13.0657201631678,-22.8925151468998,-30.5766514236825,-37.2852024913415,-45.9488136074807,-44.3360700440788,-44.4103575336216,-45.1387928976035,-43.6825014944148,-42.4302651352517,-42.6049946621955,,,,Colombia,CO2
GCAM 5.3,R_MAC_70_n8,COL,Emissions|CO2|Energy|Supply|Solids,Mt CO2/yr,,,,0.0,,,-1.46666532091234e-06,,,,,0.0,,-6.59999450966611e-06,,,,,0.0,0.0,-1.83333172041617e-05,0.0,0.0,0.0,0.0,-7.33331857056397e-07,-3.66666782734607e-07,0.0,0.0,-4.39999019361434e-07,0.0,0.0,0.0,0.0,,,,Colombia,CO2
GCAM 5.3,R_MAC_70_n8,COL,Emissions|CO2|Industrial Processes,Mt CO2/yr,,,,7.59487577665465,,,7.64457361058838,,,,,7.64446338314692,,8.99613531731588,,,,,4.60503093690823,3.93919961563043,3.52280308178412,3.00832564579414,2.13931724007234,0.997437531293632,-0.472459988044674,-2.29968574812944,-4.8103003886317,-8.72262663933687,-11.2722868958079,-14.7122384616371,-18.2142191883911,-20.4686782559547,-21.854305955541,-23.4442367620002,,,,Colombia,CO2
GCAM 5.3,R_MAC_70_n8,COL,Emissions|N2O|AFOLU,Mt CO2e/yr,,,,29.2431884504517,,,31.669648044278517,,,,,32.29244334093305,,34.85217200085921,,,,,37.49861508304084,40.7905585485691,44.12365890840153,47.3013751905513,50.56071140238027,54.060145477543024,56.66421596998562,58.74446335225541,60.7239280913366,62.081615402845586,62.540109887112855,62.979717581524106,63.452367660135366,63.74181673086973,63.97693464888972,64.08401244542551,,,,Colombia,N2O
GCAM 5.3,R_MAC_75_n0,COL,Carbon Sequestration|CCS|Biomass,Mt CO2/yr,,,,0.0,,,0.0,,,,,0.0,,0.0,,,,,0.541041110185551,2.49265314393814,5.7212890307838,9.73205689973237,14.7498650298967,20.460262578357,27.6784158355527,39.1045791382948,53.1779743933609,63.8654308810477,72.3101387842357,72.6819711668167,73.6345385508093,74.2994597878713,75.1617125713005,76.6037368763208,,,,Colombia,
GCAM 5.3,R_MAC_75_n0,COL,Emissions|CH4|AFOLU,Mt CO2e/yr,,,,48.01866203466192,,,51.75003652344876,,,,,52.81537924690356,,56.281527744718076,,,,,60.272912640555155,64.76994278655067,68.96042616894088,72.76105019808631,76.19515525445516,78.85642452121644,81.24967585276416,83.00790124937969,83.92043235607919,83.93659458906652,83.29957635860448,83.83492859777309,84.01074972600856,83.92400321697363,83.60044990166688,83.06171475500837,,,,Colombia,CH4
GCAM 5.3,R_MAC_75_n0,COL,Emissions|CO2|AFOLU,Mt CO2/yr,,,,-25.1634470148442,,,-29.1851374005037,,,,,14.214518541358,,7.88057268250999,,,,,8.51299691129066,9.23400484123877,12.2146644240873,10.4689809465392,11.1216254214283,5.22714012480745,2.2446259690212,0.339251846548706,0.369230948193315,-1.48232043412628,-3.59493696664488,-4.95456869030671,-4.87990708866041,-5.01323124006414,-5.48506929321143,-6.19569923025669,,,,Colombia,CO2
GCAM 5.3,R_MAC_75_n0,COL,Emissions|CO2|Energy and Industrial Processes,Mt CO2/yr,,,,64.5443396092297,,,77.6700196317675,,,,,88.5484725704583,,104.466538135424,,,,,100.684284322137,102.340685321722,101.701254244094,98.4527603729752,91.3925814625118,80.8661538722481,66.3920631296211,45.0908080731195,19.869326614642,-1.12254120262134,-20.4982734752865,-15.5350233584341,-13.7930082421852,-12.0169572502108,-10.3555051531535,-9.88713216507143,,,,Colombia,CO2
GCAM 5.3,R_MAC_75_n0,COL,Emissions|CO2|Energy|Demand,Mt CO2/yr,,,,45.9732026264073,,,51.0879941201835,,,,,60.2816178710265,,70.5230098660291,,,,,70.7375597770079,72.9516653513114,75.5449257392249,77.9603373579485,79.7144667365345,79.8183801286235,77.5361514629465,72.9369259421161,66.935673565265,60.1005406406895,52.3992643015261,57.6017392683754,61.7471946926695,65.9233719331058,69.9453377962773,73.53147682678,,,,Colombia,CO2
GCAM 5.3,R_MAC_75_n0,COL,Emissions|CO2|Energy|Demand|Industry,Mt CO2/yr,,,,16.6921214044263,,,18.1178591694927,,,,,13.585844311714,,21.1297645550478,,,,,19.1624493663323,19.417408280544,20.2150330806275,21.2743110830311,22.2946332061304,22.1659732339572,20.4833220102035,17.8922984526698,15.7756468812712,14.0845176293712,12.1633876720287,16.2658922748075,19.7133287553884,22.8103058383637,25.6113487527573,28.082008963278,,,,Colombia,CO2
GCAM 5.3,R_MAC_75_n0,COL,Emissions|CO2|Energy|Demand|Residential and Commercial,Mt CO2/yr,,,,4.67892520478074,,,4.99084576244402,,,,,11.617567707637,,12.3001225825445,,,,,12.4924719179474,12.5768323684068,12.467980388068,12.1553360331146,11.3589451993991,10.2219664830426,8.52359275521225,6.46793128180843,4.45024255028077,2.70952658916676,1.45160202194076,1.30437947988151,1.1325635603518,0.99095906852944,0.896641505103653,0.801852582021456,,,,Colombia,CO2
GCAM 5.3,R_MAC_75_n0,COL,Emissions|CO2|Energy|Demand|Residential and Commercial|Commercial,Mt CO2/yr,,,,0.692133821705585,,,1.1892122489408,,,,,8.0825655376816,,8.43493935042357,,,,,8.7136095507179,8.74345553585366,8.62921128378381,8.36706473954598,7.77261370797233,6.980065407711,5.83627003800542,4.46243078418812,3.08512867605267,1.87663117904306,0.99415677058287,0.877444857506127,0.749517579482227,0.649863148231226,0.586674164960232,0.524906630630954,,,,Colombia,CO2
GCAM 5.3,R_MAC_75_n0,COL,Emissions|CO2|Energy|Demand|Residential and Commercial|Residential,Mt CO2/yr,,,,3.98679138307516,,,3.80163351350322,,,,,3.53500216995541,,3.86518323212092,,,,,3.77886236722954,3.83337683255316,3.83876910428423,3.78827129356861,3.5863314914268,3.24190107533161,2.68732271720683,2.00550049762031,1.3651138742281,0.832895410123701,0.457445251357894,0.426934622375384,0.38304598086957,0.341095920298214,0.309967340143421,0.276945951390502,,,,Colombia,CO2
GCAM 5.3,R_MAC_75_n0,COL,Emissions|CO2|Energy|Demand|Transportation,Mt CO2/yr,,,,24.6021560172003,,,27.9792891882467,,,,,35.0782058516755,,37.0931227284369,,,,,39.0826384927282,40.9574247023606,42.8619122705293,44.5306902418029,46.060888331005,47.4304404116237,48.5292366975307,48.5766962076379,46.7097841337131,43.3064964221515,38.7842746075567,40.0314675136864,40.9013023769293,42.1221070262127,43.4373475384164,44.6476152814805,,,,Colombia,CO2
GCAM 5.3,R_MAC_75_n0,COL,Emissions|CO2|Energy|Supply,Mt CO2/yr,,,,10.9762612061677,,,18.9374519009956,,,,,20.6223913162849,,24.9473929520788,,,,,24.8501587476544,24.9258174304082,22.0996956096804,16.819027253619,8.68395858029709,-1.11148641050751,-12.3330316061077,-27.8197217758925,-45.2188869661967,-56.9934797535595,-65.4901134215526,-64.1863183931903,-64.5046337039651,-65.0907846792835,-66.160745747003,-68.2286763776874,,,,Colombia,CO2
GCAM 5.3,R_MAC_75_n0,COL,Emissions|CO2|Energy|Supply|Electricity,Mt CO2/yr,,,,6.32568079003691,,,10.4641435195851,,,,,16.5034285838117,,20.7265039632099,,,,,20.818265866174,21.6613864436716,20.2338099548934,16.9215641882396,11.6377582749807,5.10131605901241,-2.2024591435302,-11.0051678331297,-19.2908499202495,-24.469717021797,-28.2213223274988,-28.5833460083569,-28.600972720679,-29.0769583099111,-30.5169087144507,-32.8490875166333,,,,Colombia,CO2
GCAM 5.3,R_MAC_75_n0,COL,Emissions|CO2|Energy|Supply|Gases,Mt CO2/yr,,,,0.0,,,0.0,,,,,0.0,,0.0056528638373265,,,,,0.005364920229773,0.0057240712326205,0.0075089863862372,0.0105001224602097,0.0120469943904418,0.0125671815147341,0.0084525180472871,0.0039171690426164,0.0016010046829453,0.0005037268629328,0.0001321115042001,0.0001286558790963,0.0001194493528864,0.0001077477561667,0.0001193700569791,0.0001252605301727,,,,Colombia,CO2
GCAM 5.3,R_MAC_75_n0,COL,Emissions|CO2|Energy|Supply|Liquids,Mt CO2/yr,,,,4.65058041613081,,,8.4733098480758,,,,,4.11896273247324,,4.19076465855846,,,,,4.0076301510364,3.26021227949301,1.89649219476081,-0.0609020577644115,-2.88225787696135,-6.07391781408547,-9.75522811882335,-15.7650894347169,-24.2340015425003,-30.3811045790723,-34.9508578022416,-33.8995513617535,-34.6185712918121,-34.8449896055425,-34.3784412885876,-33.9607889143042,,,,Colombia,CO2
GCAM 5.3,R_MAC_75_n0,COL,Emissions|CO2|Energy|Supply|Solids,Mt CO2/yr,,,,0.0,,,-1.46666532091234e-06,,,,,0.0,,-6.59999450966611e-06,,,,,-7.33333585617684e-06,-5.13332744954542e-05,0.0,-2.20000235473153e-05,-3.66667088423235e-05,0.0,-8.79997143516733e-06,-1.42999838204851e-05,0.0,0.0,-3.30000223037245e-07,-1.31999847110603e-06,0.0,-1.42999582651579e-06,-1.31999836452977e-06,-1.83332259146091e-06,,,,Colombia,CO2
GCAM 5.3,R_MAC_75_n0,COL,Emissions|CO2|Industrial Processes,Mt CO2/yr,,,,7.59487577665465,,,7.64457361058838,,,,,7.64446338314692,,8.99613531731588,,,,,5.09656579747455,4.46320254000233,4.05663289518874,3.67339576140772,2.99415614568015,2.15926015413212,1.18894327278234,-0.0263960931040426,-1.8474599844263,-4.22960208975134,-7.40742435525992,-8.95044423361915,-11.0355692308896,-12.849544504033,-14.1400972024278,-15.1899326141639,,,,Colombia,CO2
GCAM 5.3,R_MAC_75_n0,COL,Emissions|N2O|AFOLU,Mt CO2e/yr,,,,29.2431884504517,,,31.669648044278517,,,,,32.29244334093305,,34.85217200085921,,,,,37.445447306673046,40.60181514565613,43.82155016188185,46.91347492624993,50.09987885268311,52.69503273413789,55.253672270858054,57.29389673210112,58.75015992226836,60.176632689682236,61.62076948715579,61.94806177720524,62.36970327028923,62.770431755848904,63.08463610952385,63.30906061318211,,,,Colombia,N2O
GCAM 5.3,R_MAC_75_n8,COL,Carbon Sequestration|CCS|Biomass,Mt CO2/yr,,,,0.0,,,0.0,,,,,0.0,,0.0,,,,,0.647601383206181,3.18790153747587,7.2045097102887,12.2849196308108,18.8442106461099,27.1150847743408,39.5069422092065,54.9537109091248,67.6679073566524,81.2894560750414,96.0963170152619,94.5717858218471,93.6314056484624,94.7262727979539,97.4996617519153,100.795180093653,,,,Colombia,
GCAM 5.3,R_MAC_75_n8,COL,Emissions|CH4|AFOLU,Mt CO2e/yr,,,,48.01866203466192,,,51.75003652344876,,,,,52.81537924690356,,56.281527744718076,,,,,60.26520286896284,64.72619374260759,68.83647872654197,72.49519737264532,75.52213839799049,78.3620990154982,80.4794981905656,81.61153256644332,81.55552023018596,80.78965408911571,79.69699419815645,80.36172858206444,80.66336897551297,80.56540357607449,80.18804185334935,79.66056884502808,,,,Colombia,CH4
GCAM 5.3,R_MAC_75_n8,COL,Emissions|CO2|AFOLU,Mt CO2/yr,,,,-25.1634470148442,,,-29.1851374005037,,,,,14.214518541358,,7.88057268250999,,,,,8.70338479429357,9.44701941094589,12.4163577342129,10.4366964320866,11.3303244723586,4.35150366038678,3.09630236183791,1.44602371573338,-1.70509028811928,-4.65558108274499,-6.32096187964906,-7.29386380611146,-7.11892892657458,-7.04050679654781,-7.43447254215952,-7.87450233415263,,,,Colombia,CO2
GCAM 5.3,R_MAC_75_n8,COL,Emissions|CO2|Energy and Industrial Processes,Mt CO2/yr,,,,64.5443396092297,,,77.6700196317675,,,,,88.5484725704583,,104.466538135424,,,,,98.8616744133313,98.5806801247627,95.4813622248528,88.3412170220783,75.9817368959529,58.3747699801279,33.448618814984,3.58178955648949,-22.7164686900489,-51.3500040384946,-81.7362392958347,-78.4438164401286,-75.7636754660689,-70.577653407969,-68.1640035406702,-68.6855652105585,,,,Colombia,CO2
GCAM 5.3,R_MAC_75_n8,COL,Emissions|CO2|Energy|Demand,Mt CO2/yr,,,,45.9732026264073,,,51.0879941201835,,,,,60.2816178710265,,70.5230098660291,,,,,69.6373832982948,71.1409942342735,73.006688588608,74.0278352006909,73.4782589688614,69.8940293891889,63.1400981980444,54.3140322445132,45.073108229341,35.4062753808023,26.8119700009721,28.4152795415426,31.7654129924977,38.2568028346708,44.7600641947219,49.9016167768196,,,,Colombia,CO2
GCAM 5.3,R_MAC_75_n8,COL,Emissions|CO2|Energy|Demand|Industry,Mt CO2/yr,,,,16.6921214044263,,,18.1178591694927,,,,,13.585844311714,,21.1297645550478,,,,,18.4724993622537,18.5531199328223,19.0081712722761,19.3257546435502,19.0674484608935,16.8045005766667,12.9157786157602,8.59707416251234,5.10724544940584,2.75175354299993,1.28952324389136,2.52933476635563,4.99929311002334,10.0413752464478,15.4161827360878,19.6602128286474,,,,Colombia,CO2
GCAM 5.3,R_MAC_75_n8,COL,Emissions|CO2|Energy|Demand|Residential and Commercial,Mt CO2/yr,,,,4.67892520478074,,,4.99084576244402,,,,,11.617567707637,,12.3001225825445,,,,,12.2828630629826,12.1128340540285,11.8515132457837,11.2467445619515,10.0579413480255,8.39301789324884,6.20318250882169,3.9613899130739,2.0889807474666,0.950038314641844,0.388833008063483,0.350807535731598,0.305115362469766,0.262511839406609,0.229741999302852,0.196520858167952,,,,Colombia,CO2
GCAM 5.3,R_MAC_75_n8,COL,Emissions|CO2|Energy|Demand|Residential and Commercial|Commercial,Mt CO2/yr,,,,0.692133821705585,,,1.1892122489408,,,,,8.0825655376816,,8.43493935042357,,,,,8.59388403060888,8.46214031737602,8.24641155325846,7.79551744985682,6.94542669066123,5.80916156306231,4.33266927553442,2.79940255524666,1.48858129483934,0.668385822998395,0.262747686852249,0.228850890011934,0.193274153245703,0.166068886148385,0.145607195119467,0.124417985758286,,,,Colombia,CO2
GCAM 5.3,R_MAC_75_n8,COL,Emissions|CO2|Energy|Demand|Residential and Commercial|Residential,Mt CO2/yr,,,,3.98679138307516,,,3.80163351350322,,,,,3.53500216995541,,3.86518323212092,,,,,3.68897903237373,3.65069373665248,3.60510169252527,3.45122711209473,3.11251465736424,2.58385633018653,1.87051323328728,1.16198735782725,0.60039945262726,0.281652491643449,0.126085321211233,0.121956645719664,0.111841209224063,0.0964429532582245,0.084134804183385,0.0721028724096661,,,,Colombia,CO2
GCAM 5.3,R_MAC_75_n8,COL,Emissions|CO2|Energy|Demand|Transportation,Mt CO2/yr,,,,24.6021560172003,,,27.9792891882467,,,,,35.0782058516755,,37.0931227284369,,,,,38.8820208730585,40.4750402474227,42.1470040705482,43.4553359951891,44.3528691599424,44.6965109192733,44.0211370734625,41.7555681689269,37.8768820324685,31.7044835231606,25.1336137490172,25.5351372394554,26.4610045200046,27.9529157488163,29.1141394593313,30.0448830900042,,,,Colombia,CO2
GCAM 5.3,R_MAC_75_n8,COL,Emissions|CO2|Energy|Supply,Mt CO2/yr,,,,10.9762612061677,,,18.9374519009956,,,,,20.6223913162849,,24.9473929520788,,,,,24.451700297436,23.334515623545,18.7617180357996,11.0643016729633,0.0471763051946052,-12.9565738055139,-29.8439485725681,-49.1472855464751,-64.010644156983,-79.5204710117849,-96.332018343504,-91.5818073730391,-88.9644844566998,-88.5321272642436,-91.1666571697266,-95.0850545441758,,,,Colombia,CO2
GCAM 5.3,R_MAC_75_n8,COL,Emissions|CO2|Energy|Supply|Electricity,Mt CO2/yr,,,,6.32568079003691,,,10.4641435195851,,,,,16.5034285838117,,20.7265039632099,,,,,20.5007435494956,20.4215821193629,17.5986012160603,12.3916580029432,5.16891214117576,-2.80202232359132,-11.6432481042658,-20.6243725157039,-27.9049000410386,-34.1176448590696,-41.3343237982152,-40.413431499061,-39.3672414238608,-41.3899604822728,-44.5785754111097,-48.1604197786604,,,,Colombia,CO2
GCAM 5.3,R_MAC_75_n8,COL,Emissions|CO2|Energy|Supply|Gases,Mt CO2/yr,,,,0.0,,,0.0,,,,,0.0,,0.0056528638373265,,,,,0.0047026827797422,0.0051060077782467,0.0062965775442992,0.008179894761725,0.0077757001506251,0.0060772260822586,0.002578190102532,0.0007170253951826,0.0001449377001183,2.60930535942096e-05,4.57822139381938e-06,5.07742780515282e-06,4.92070148485857e-06,3.78030064054363e-06,2.68663103250916e-06,1.97496160192344e-06,,,,Colombia,CO2
GCAM 5.3,R_MAC_75_n8,COL,Emissions|CO2|Energy|Supply|Liquids,Mt CO2/yr,,,,4.65058041613081,,,8.4733098480758,,,,,4.11896273247324,,4.19076465855846,,,,,3.93354127092122,2.9294013184156,1.2316832762264,-1.22193220407765,-4.93943179680647,-9.78386643178342,-17.270894953209,-26.4899411512002,-32.8603466242962,-40.5007243983171,-48.2723809747985,-46.6677520294415,-46.5021077020049,-43.6968521046509,-42.6255305486686,-43.0996676855004,,,,Colombia,CO2
GCAM 5.3,R_MAC_75_n8,COL,Emissions|CO2|Energy|Supply|Solids,Mt CO2/yr,,,,0.0,,,-1.46666532091234e-06,,,,,0.0,,-6.59999450966611e-06,,,,,0.0,-1.46666631982062e-05,-3.66666132076182e-05,0.0,-3.30000037859501e-05,-1.83333123400763e-06,-1.02666670840266e-05,-2.5666640689686e-06,-2.19999639333217e-06,-2.93333074904593e-07,0.0,0.0,-1.09999976281568e-07,-1.10000003445013e-07,0.0,-2.56666541621116e-07,,,,Colombia,CO2
GCAM 5.3,R_MAC_75_n8,COL,Emissions|CO2|Industrial Processes,Mt CO2/yr,,,,7.59487577665465,,,7.64457361058838,,,,,7.64446338314692,,8.99613531731588,,,,,4.7725908176004,4.10517026694414,3.71295560044513,3.24908014842413,2.45630162189697,1.43731439645293,0.152469189507686,-1.58495714154854,-3.77893276240689,-7.23580840751198,-12.2161909533028,-15.2772886086321,-18.5646040018668,-20.3023289783961,-21.7574105656656,-23.5021274432023,,,,Colombia,CO2
GCAM 5.3,R_MAC_75_n8,COL,Emissions|N2O|AFOLU,Mt CO2e/yr,,,,29.2431884504517,,,31.669648044278517,,,,,32.29244334093305,,34.85217200085921,,,,,37.48024799157994,40.72558298898781,44.01509848566858,47.16928804303989,50.278687188706165,53.55846281583252,56.20064454734238,57.884138524127366,59.998592884998224,61.57603067731424,62.692568822794094,62.98281496109203,63.389636654712454,63.63041814680979,63.88966003535061,64.04157881833585,,,,Colombia,N2O
GCAM 5.3,R_MAC_80_n0,COL,Carbon Sequestration|CCS|Biomass,Mt CO2/yr,,,,0.0,,,0.0,,,,,0.0,,0.0,,,,,0.504028262820747,2.27530717484609,5.22268790445643,8.88876297240262,13.3957322404604,18.4025708469608,24.3268781438675,33.1384221322502,45.9642063818972,58.0268447611672,65.789561464902,72.8596203828559,73.2655493590297,73.9389326386367,74.6413159792295,75.8682648313439,,,,Colombia,
GCAM 5.3,R_MAC_80_n0,COL,Emissions|CH4|AFOLU,Mt CO2e/yr,,,,48.01866203466192,,,51.75003652344876,,,,,52.81537924690356,,56.281527744718076,,,,,60.27310018244117,64.78513433155119,68.99597977098036,72.83582195763468,76.37711034289195,79.29157880793493,81.48420821573144,83.42377515413312,84.61900351911972,84.97747236481244,84.63391145459124,83.75183272105552,83.98636141847085,83.92893932503613,83.6225733969262,83.09097285395535,,,,Colombia,CH4
GCAM 5.3,R_MAC_80_n0,COL,Emissions|CO2|AFOLU,Mt CO2/yr,,,,-25.1634470148442,,,-29.1851374005037,,,,,14.214518541358,,7.88057268250999,,,,,8.44764435421501,9.19009766553076,12.1962701432681,10.5515133748399,11.1170698712496,5.71231985850179,2.21549253085626,0.10921382628354,-0.329518097466186,-0.546826324918008,-2.56040595574656,-4.34720591167736,-5.38398630308113,-5.50980603661187,-5.81198736097708,-6.36849018891799,,,,Colombia,CO2
GCAM 5.3,R_MAC_80_n0,COL,Emissions|CO2|Energy and Industrial Processes,Mt CO2/yr,,,,64.5443396092297,,,77.6700196317675,,,,,88.5484725704583,,104.466538135424,,,,,101.45454051778,103.747412479057,104.069276325486,102.167236519406,97.1110668818575,89.009704889821,77.7912135401413,61.3895110464643,39.4234622657908,18.8803074992441,2.98809887919453,-15.2734966813264,-12.3178648634186,-11.2925732041419,-10.1527506366121,-10.0151929483523,,,,Colombia,CO2
GCAM 5.3,R_MAC_80_n0,COL,Emissions|CO2|Energy|Demand,Mt CO2/yr,,,,45.9732026264073,,,51.0879941201835,,,,,60.2816178710265,,70.5230098660291,,,,,71.193578149314,73.649002133457,76.5528348201501,79.4411128760285,82.0150533061645,83.3442780824382,82.7741049019695,80.0957719146966,76.2544821878725,71.6782595018472,66.1405448245369,58.4613098220382,62.628115902642,66.1908995866636,69.702341396165,72.7483452065987,,,,Colombia,CO2
GCAM 5.3,R_MAC_80_n0,COL,Emissions|CO2|Energy|Demand|Industry,Mt CO2/yr,,,,16.6921214044263,,,18.1178591694927,,,,,13.585844311714,,21.1297645550478,,,,,19.4528664781718,19.786252187127,20.7216092664299,22.0335480477526,23.5080984443309,24.1046407078438,23.3431671443232,21.5865671461943,20.4729587598591,20.1514583009858,19.2335810703816,17.0626531227132,20.3218776541118,23.0537630810712,25.4916592961562,27.4359116705613,,,,Colombia,CO2
GCAM 5.3,R_MAC_80_n0,COL,Emissions|CO2|Energy|Demand|Residential and Commercial,Mt CO2/yr,,,,4.67892520478074,,,4.99084576244402,,,,,11.617567707637,,12.3001225825445,,,,,12.5761426314718,12.7351405071999,12.7055339994985,12.4930143159731,11.8535910826408,10.9083148288379,9.4517733321407,7.55959621465225,5.6021634571767,3.77789841241081,2.28321253815873,1.27902870082527,1.12956393659898,0.992348338696575,0.899773551108444,0.807117267647274,,,,Colombia,CO2
GCAM 5.3,R_MAC_80_n0,COL,Emissions|CO2|Energy|Demand|Residential and Commercial|Commercial,Mt CO2/yr,,,,0.692133821705585,,,1.1892122489408,,,,,8.0825655376816,,8.43493935042357,,,,,8.76114331790636,8.83878336682805,8.77570463971661,8.57824054785367,8.08484688581157,7.41596536329483,6.43034121858275,5.17053166420664,3.85017100479163,2.59789881336084,1.56228540083996,0.863275180208951,0.7497414912393,0.651079628414566,0.58800119607329,0.527540313289879,,,,Colombia,CO2
GCAM 5.3,R_MAC_80_n0,COL,Emissions|CO2|Energy|Demand|Residential and Commercial|Residential,Mt CO2/yr,,,,3.98679138307516,,,3.80163351350322,,,,,3.53500216995541,,3.86518323212092,,,,,3.81499931356539,3.89635714037189,3.92982935978186,3.91477376811944,3.76874419682918,3.49234946554303,3.02143211355796,2.38906455044561,1.75199245238506,1.17999959904996,0.720927137318773,0.415753520616317,0.379822445359685,0.341268710282009,0.311772355035154,0.279576954357394,,,,Colombia,CO2
GCAM 5.3,R_MAC_80_n0,COL,Emissions|CO2|Energy|Demand|Transportation,Mt CO2/yr,,,,24.6021560172003,,,27.9792891882467,,,,,35.0782058516755,,37.0931227284369,,,,,39.1645690396705,41.12760943913,43.1256915542217,44.9145505123028,46.6533637791928,48.3313225457565,49.9791644255057,50.9496085538501,50.1793599708367,47.7489027884506,44.6237512159965,40.1196279984998,41.1766743119312,42.1447881668958,43.3109085489004,44.5053162683901,,,,Colombia,CO2
GCAM 5.3,R_MAC_80_n0,COL,Emissions|CO2|Energy|Supply,Mt CO2/yr,,,,10.9762612061677,,,18.9374519009956,,,,,20.6223913162849,,24.9473929520788,,,,,25.020402886509,25.4906603994219,23.3093063505791,18.8758491291995,11.8777045993644,3.22183848972123,-6.54395471551847,-19.2507542911489,-35.8567728780522,-49.7308122444955,-57.638524336662,-64.7509179965337,-64.1301071515456,-64.6600880849365,-65.5420691624923,-67.3588982091638,,,,Colombia,CO2
GCAM 5.3,R_MAC_80_n0,COL,Emissions|CO2|Energy|Supply|Electricity,Mt CO2/yr,,,,6.32568079003691,,,10.4641435195851,,,,,16.5034285838117,,20.7265039632099,,,,,20.9576046911887,22.1126852515091,21.2063300684419,18.5770701604495,14.1377935298212,8.29650978893699,1.55141668257027,-6.62521293950853,-15.3061020232964,-21.3783481647978,-25.4302742307971,-27.9066911609443,-28.0678193341335,-28.2767175203111,-29.2845979935583,-31.4126254788715,,,,Colombia,CO2
GCAM 5.3,R_MAC_80_n0,COL,Emissions|CO2|Energy|Supply|Gases,Mt CO2/yr,,,,0.0,,,0.0,,,,,0.0,,0.0056528638373265,,,,,0.005663938415881,0.0061352481743883,0.0081579367105401,0.0116824210127096,0.0140382975998836,0.015876265136083,0.0123734406548145,0.006877429207091,0.003380700934761,0.001332990929019,0.0004249034656558,0.0001194897771106,0.0001169047323057,0.0001138728739233,0.0001323049559653,0.0001439403853605,,,,Colombia,CO2
GCAM 5.3,R_MAC_80_n0,COL,Emissions|CO2|Energy|Supply|Liquids,Mt CO2/yr,,,,4.65058041613081,,,8.4733098480758,,,,,4.11896273247324,,4.19076465855846,,,,,4.03572416731656,3.36643639754818,2.11947477860433,0.318764658957197,-2.2241410284474,-4.99884366931101,-7.86203103567473,-11.9065432186234,-19.2154289013655,-26.5285774232617,-30.3096898056462,-34.8752986748858,-34.6399973212351,-35.1965767760139,-35.0480903648544,-34.6108776639528,,,,Colombia,CO2
GCAM 5.3,R_MAC_80_n0,COL,Emissions|CO2|Energy|Supply|Solids,Mt CO2/yr,,,,0.0,,,-1.46666532091234e-06,,,,,0.0,,-6.59999450966611e-06,,,,,-1.50442645280243e-15,0.0,0.0,0.0,0.0,0.0,-2.56666406630441e-05,-8.80000220866013e-06,-1.50333101458344e-05,-3.29999080496018e-06,-7.33332091700892e-07,-2.93333666807718e-07,-5.13333350369609e-07,-2.93333069146585e-07,-8.43331682633149e-07,0.0,,,,Colombia,CO2
GCAM 5.3,R_MAC_80_n0,COL,Emissions|CO2|Industrial Processes,Mt CO2/yr,,,,7.59487577665465,,,7.64457361058838,,,,,7.64446338314692,,8.99613531731588,,,,,5.24055948195744,4.60774994617848,4.20713515475706,3.8502745141777,3.21830897632854,2.44358831766158,1.5610633536902,0.544493422916627,-0.974247044029547,-3.06713975810762,-5.51392160868038,-8.98388850683082,-10.8158736145149,-12.823384705869,-14.3130228702848,-15.4046399457873,,,,Colombia,CO2
GCAM 5.3,R_MAC_80_n0,COL,Emissions|N2O|AFOLU,Mt CO2e/yr,,,,29.2431884504517,,,31.669648044278517,,,,,32.29244334093305,,34.85217200085921,,,,,37.42899768140224,40.55165046074115,43.74306234311259,46.79930186273897,49.9822438849057,52.656704234621486,54.82127825922712,56.90212219942177,58.553229533554116,59.446029164098945,60.9826447984714,62.102237552891445,62.35480296141396,62.717991931546216,63.02633602040985,63.26006057566131,,,,Colombia,N2O
GCAM 5.3,R_MAC_80_n8,COL,Carbon Sequestration|CCS|Biomass,Mt CO2/yr,,,,0.0,,,0.0,,,,,0.0,,0.0,,,,,0.593121590253473,2.84018251886505,6.43045980292054,10.9235648200513,16.6860384412458,23.5422646312057,33.1202009972604,47.5915350788361,60.8232779843884,71.8954243571631,82.9818304723927,94.5216401897821,92.6599977700152,93.4340627473913,96.1381785439374,99.7001104521513,,,,Colombia,
GCAM 5.3,R_MAC_80_n8,COL,Emissions|CH4|AFOLU,Mt CO2e/yr,,,,48.01866203466192,,,51.75003652344876,,,,,52.81537924690356,,56.281527744718076,,,,,60.27017972725905,64.74808153882348,68.9033008879992,72.64405505798672,75.90880603575724,78.56375263748144,80.89419401682669,82.36746005486796,82.82713031662412,82.38025624606456,81.47165699321657,80.253154106552,80.6169988577128,80.54289049735655,80.18859159675,79.67115838457804,,,,Colombia,CH4
GCAM 5.3,R_MAC_80_n8,COL,Emissions|CO2|AFOLU,Mt CO2/yr,,,,-25.1634470148442,,,-29.1851374005037,,,,,14.214518541358,,7.88057268250999,,,,,8.61232650261757,9.32468997173443,12.3176403588805,10.4302423191795,11.0497570686376,4.79315344897045,2.48841133748558,1.06505498509857,0.077664218097652,-3.14889739690935,-5.12189280686444,-6.62327411682814,-7.81878459271061,-7.87860404399827,-8.22741558411034,-8.46626700936319,,,,Colombia,CO2
GCAM 5.3,R_MAC_80_n8,COL,Emissions|CO2|Energy and Industrial Processes,Mt CO2/yr,,,,64.5443396092297,,,77.6700196317675,,,,,88.5484725704583,,104.466538135424,,,,,99.727611692625,100.382474275823,98.6051784236732,93.5127811834339,83.748195728787,69.7580545229614,50.2261523165694,23.1590569539297,-3.07170783762482,-26.9239225230321,-51.7842717312191,-79.3832753454349,-75.4818524246955,-68.8563533318588,-66.3837401278454,-67.4825037747613,,,,Colombia,CO2
GCAM 5.3,R_MAC_80_n8,COL,Emissions|CO2|Energy|Demand,Mt CO2/yr,,,,45.9732026264073,,,51.0879941201835,,,,,60.2816178710265,,70.5230098660291,,,,,70.1613604881099,72.0051432192115,74.2748582195628,76.0330383128333,76.6289876772391,74.9119691029254,70.3008087217031,63.348712483675,54.9001072962942,46.0416373250558,37.2919524031897,28.6595570388453,31.4461243250013,38.3629790661731,44.8135003323136,49.7949164439339,,,,Colombia,CO2
GCAM 5.3,R_MAC_80_n8,COL,Emissions|CO2|Energy|Demand|Industry,Mt CO2/yr,,,,16.6921214044263,,,18.1178591694927,,,,,13.585844311714,,21.1297645550478,,,,,18.7978803588941,18.9656334585201,19.5928177414789,20.3009040719858,20.6857953035482,19.4894572600263,16.6114908898059,13.0721474202038,9.60874761077991,7.10371410481922,5.25284959282823,3.18066808877445,4.94637679913086,10.2311002865357,15.5814004245933,19.7376937905132,,,,Colombia,CO2
GCAM 5.3,R_MAC_80_n8,COL,Emissions|CO2|Energy|Demand|Residential and Commercial,Mt CO2/yr,,,,4.67892520478074,,,4.99084576244402,,,,,11.617567707637,,12.3001225825445,,,,,12.3846157863595,12.3324783100167,12.1699575184396,11.717880345677,10.7066260365179,9.29971002249443,7.31648439970645,5.13842095280073,3.12345895540281,1.63137580421595,0.753080619893981,0.330665453939654,0.295169859218298,0.258902827137756,0.228672419030014,0.196738368811947,,,,Colombia,CO2
GCAM 5.3,R_MAC_80_n8,COL,Emissions|CO2|Energy|Demand|Residential and Commercial|Commercial,Mt CO2/yr,,,,0.692133821705585,,,1.1892122489408,,,,,8.0825655376816,,8.43493935042357,,,,,8.65208574217958,8.59549633710285,8.44431563358368,8.09236459150637,7.35896437206293,6.39152624335075,5.05835820491004,3.58594381359863,2.19297184239653,1.14048661232563,0.513642554941558,0.214399404182731,0.186137323399924,0.163960795916478,0.145095046653907,0.12457582475217,,,,Colombia,CO2
GCAM 5.3,R_MAC_80_n8,COL,Emissions|CO2|Energy|Demand|Residential and Commercial|Residential,Mt CO2/yr,,,,3.98679138307516,,,3.80163351350322,,,,,3.53500216995541,,3.86518323212092,,,,,3.73253004417996,3.73698197291385,3.72564188485588,3.62551575417067,3.34766166445498,2.90818377914368,2.25812619479642,1.5524771392021,0.930487113006282,0.490889191890319,0.239438064952422,0.116266049756923,0.109032535818373,0.0949420312212776,0.0835773723761068,0.0721625440597766,,,,Colombia,CO2
GCAM 5.3,R_MAC_80_n8,COL,Emissions|CO2|Energy|Demand|Transportation,Mt CO2/yr,,,,24.6021560172003,,,27.9792891882467,,,,,35.0782058516755,,37.0931227284369,,,,,38.9788643428562,40.7070314506747,42.5120829596444,44.0142538951705,45.2365663371729,46.1228018204047,46.3728334321908,45.1381441106705,42.1679007301115,37.3065474160206,31.2860221904675,25.1482234961312,26.2045776666522,27.8729759524996,29.0034274886902,29.8604842846087,,,,Colombia,CO2
GCAM 5.3,R_MAC_80_n8,COL,Emissions|CO2|Energy|Supply,Mt CO2/yr,,,,10.9762612061677,,,18.9374519009956,,,,,20.6223913162849,,24.9473929520788,,,,,24.6421619258085,24.11095518828,20.4485837438108,14.0201867471082,4.40186275494579,-6.94686503147416,-20.7541855952095,-39.3478629895491,-55.0656724259227,-67.1734168963149,-79.0577005501082,-92.1481462468141,-87.9432474178056,-86.9112470610989,-89.4777345486345,-93.7390692176217,,,,Colombia,CO2
GCAM 5.3,R_MAC_80_n8,COL,Emissions|CO2|Energy|Supply|Electricity,Mt CO2/yr,,,,6.32568079003691,,,10.4641435195851,,,,,16.5034285838117,,20.7265039632099,,,,,20.6510945202086,21.0237794521513,18.9186560823616,14.691001939415,8.3658137605221,1.04035000592279,-7.05808882171219,-16.2276275587085,-23.6803873270669,-28.7417988902424,-33.5111931017473,-37.5668623274501,-36.3937242007375,-38.83210649853,-42.1671467809547,-46.122833692185,,,,Colombia,CO2
GCAM 5.3,R_MAC_80_n8,COL,Emissions|CO2|Energy|Supply|Gases,Mt CO2/yr,,,,0.0,,,0.0,,,,,0.0,,0.0056528638373265,,,,,0.0050104269541424,0.0054108967183223,0.0067741549354848,0.0091348635251673,0.0097446210761964,0.0088963193698259,0.0047725552054251,0.0017497708401785,0.0005197089647528,0.0001198221532783,2.5056744520249e-05,4.88804537140772e-06,5.02786388252019e-06,3.94965211778592e-06,2.93024544482027e-06,2.35959414361983e-06,,,,Colombia,CO2
GCAM 5.3,R_MAC_80_n8,COL,Emissions|CO2|Energy|Supply|Liquids,Mt CO2/yr,,,,4.65058041613081,,,8.4733098480758,,,,,4.11896273247324,,4.19076465855846,,,,,3.97034044142429,3.09368019411184,1.57852839323389,-0.599617583709904,-3.84039853353758,-7.74526766459626,-13.0703686154792,-21.6024556427258,-29.1421930790303,-35.3954110596326,-41.8689401770628,-49.8946154057937,-48.4015850081918,-44.3423305675816,-43.0143924997105,-43.5549216340445,,,,Colombia,CO2
GCAM 5.3,R_MAC_80_n8,COL,Emissions|CO2|Energy|Supply|Solids,Mt CO2/yr,,,,0.0,,,-1.46666532091234e-06,,,,,0.0,,-6.59999450966611e-06,,,,,-3.66666585027162e-06,0.0,0.0,0.0,0.0,0.0,-3.66667111856662e-07,0.0,-7.3333315046352e-07,0.0,-1.35666399575764e-06,0.0,-1.46666518677466e-07,-3.29999731168628e-07,0.0,0.0,,,,Colombia,CO2
GCAM 5.3,R_MAC_80_n8,COL,Emissions|CO2|Industrial Processes,Mt CO2/yr,,,,7.59487577665465,,,7.64457361058838,,,,,7.64446338314692,,8.99613531731588,,,,,4.92408927870665,4.26637586833175,3.88173646029957,3.45955612349234,2.71734529660214,1.79295045151013,0.679529190075745,-0.841792540196131,-2.90614270799633,-5.79214295177293,-10.0185235843007,-15.8946861374662,-18.9847293318913,-20.308085336933,-21.7195059115244,-23.5383510010735,,,,Colombia,CO2
GCAM 5.3,R_MAC_80_n8,COL,Emissions|N2O|AFOLU,Mt CO2e/yr,,,,29.2431884504517,,,31.669648044278517,,,,,32.29244334093305,,34.85217200085921,,,,,37.464204031356104,40.66785904102057,43.919544281510895,47.051853953318215,50.207164180617994,53.06813424282879,55.733079819596085,57.71236875713728,59.20736148066449,60.97703913578687,62.29154279724148,63.14030302886561,63.36473695624637,63.50401034770283,63.7694056631238,63.95656114915185,,,,Colombia,N2O
GCAM 5.3,R_MAC_85_n0,COL,Carbon Sequestration|CCS|Biomass,Mt CO2/yr,,,,0.0,,,0.0,,,,,0.0,,0.0,,,,,0.474909170173557,2.10333048621184,4.82342647082661,8.21501844415312,12.3323394067883,16.8346349650879,21.9318592451385,28.9981092021915,39.6466026035696,52.2150327548207,60.8335889042591,67.1941651448866,73.6958281865085,74.0681907518155,74.6343575662148,75.5886206024046,,,,Colombia,
GCAM 5.3,R_MAC_85_n0,COL,Emissions|CH4|AFOLU,Mt CO2e/yr,,,,48.01866203466192,,,51.75003652344876,,,,,52.81537924690356,,56.281527744718076,,,,,60.276515205054956,64.79529926172296,69.01234448098928,72.88932282609852,76.50778802222416,79.57616683198307,81.65634109269811,83.72120611471959,85.10693241488929,85.71911869208185,85.65992544002376,84.98663085337992,83.88706260542077,83.89362297547001,83.62044024782168,83.10858034717475,,,,Colombia,CH4
GCAM 5.3,R_MAC_85_n0,COL,Emissions|CO2|AFOLU,Mt CO2/yr,,,,-25.1634470148442,,,-29.1851374005037,,,,,14.214518541358,,7.88057268250999,,,,,8.51193056926521,9.13339237180877,12.1885750824135,10.6337445578445,11.1095230732546,6.18883398143278,2.36433522587191,0.104666167919207,-0.812471656782253,-0.670239948132208,-1.80762354719901,-3.48616237588599,-4.81592360960056,-6.08925062547334,-6.35069527831994,-6.72288567876073,,,,Colombia,CO2
GCAM 5.3,R_MAC_85_n0,COL,Emissions|CO2|Energy and Industrial Processes,Mt CO2/yr,,,,64.5443396092297,,,77.6700196317675,,,,,88.5484725704583,,104.466538135424,,,,,102.128399090043,104.956407612613,106.073414121129,105.269747320335,101.82097397881,95.644670787093,86.7844952114305,73.9998723857928,56.1650690766405,36.5139016574463,21.4389944348238,6.53856335855832,-11.6074089577917,-10.23816674037,-9.79836213890029,-10.4414628822421,,,,Colombia,CO2
GCAM 5.3,R_MAC_85_n0,COL,Emissions|CO2|Energy|Demand,Mt CO2/yr,,,,45.9732026264073,,,51.0879941201835,,,,,60.2816178710265,,70.5230098660291,,,,,71.5913132379799,74.2568121999499,77.4219540693364,80.6965153739252,83.9084113806738,86.1577673782613,86.877952919991,85.8324341962996,83.821821075423,81.0296196812797,77.3838826744913,71.4923080293504,63.8783080151734,67.1303109209784,70.0121220996046,72.1168527372618,,,,Colombia,CO2
GCAM 5.3,R_MAC_85_n0,COL,Emissions|CO2|Energy|Demand|Industry,Mt CO2/yr,,,,16.6921214044263,,,18.1178591694927,,,,,13.585844311714,,21.1297645550478,,,,,19.7100774486395,20.1162780445647,21.1656064955487,22.6850575367121,24.51512309302,25.6596270369749,25.6035620304337,24.6327625677124,24.2567628497008,24.9091956815197,25.0706387450152,23.7450447606513,21.4222108648834,23.834301376783,25.8613461997479,26.9428484719943,,,,Colombia,CO2
GCAM 5.3,R_MAC_85_n0,COL,Emissions|CO2|Energy|Demand|Residential and Commercial,Mt CO2/yr,,,,4.67892520478074,,,4.99084576244402,,,,,11.617567707637,,12.3001225825445,,,,,12.6467889512356,12.8693373556483,12.9087522264939,12.7787559622608,12.2640056254386,11.4687189752139,10.2107464152354,8.5035535015057,6.63778786655361,4.79547143858506,3.1837971136234,1.95777034364428,1.10428205034076,0.984390850309231,0.897026992019966,0.808531385247524,,,,Colombia,CO2
GCAM 5.3,R_MAC_85_n0,COL,Emissions|CO2|Energy|Demand|Residential and Commercial|Commercial,Mt CO2/yr,,,,0.692133821705585,,,1.1892122489408,,,,,8.0825655376816,,8.43493935042357,,,,,8.80126044488143,8.91938422284026,8.90068512007125,8.75644213673466,8.34311949187624,7.77062116941078,6.91401576906859,5.77700863794269,4.52824636224458,3.27681459420999,2.16928370265451,1.32421687713756,0.736257397163684,0.647579489112072,0.586245466859225,0.527825884095782,,,,Colombia,CO2
GCAM 5.3,R_MAC_85_n0,COL,Emissions|CO2|Energy|Demand|Residential and Commercial|Residential,Mt CO2/yr,,,,3.98679138307516,,,3.80163351350322,,,,,3.53500216995541,,3.86518323212092,,,,,3.84552850635414,3.94995313280808,4.00806710642263,4.02231382552613,3.9208861335624,3.69809780580311,3.29673064616679,2.726544863563,2.10954150430903,1.51865684437507,1.01451341096889,0.633553466506721,0.368024653177074,0.336811361197158,0.310781525160741,0.280705501151742,,,,Colombia,CO2
GCAM 5.3,R_MAC_85_n0,COL,Emissions|CO2|Energy|Demand|Transportation,Mt CO2/yr,,,,24.6021560172003,,,27.9792891882467,,,,,35.0782058516755,,37.0931227284369,,,,,39.2344468381048,41.2711967997369,43.3475953472938,45.2327018749523,47.1292826622152,49.0294213660725,51.063644474322,52.6961181270814,52.9272703591685,51.3249525611749,49.1294468158527,45.7894929250548,41.3518150999492,42.3116186938861,43.2537489078367,44.36547288002,,,,Colombia,CO2
GCAM 5.3,R_MAC_85_n0,COL,Emissions|CO2|Energy|Supply,Mt CO2/yr,,,,10.9762612061677,,,18.9374519009956,,,,,20.6223913162849,,24.9473929520788,,,,,25.1693070865314,25.9605620540724,24.3067078672941,20.563483018449,14.4959447774655,6.7990970525541,-1.95934637495765,-12.806133138056,-27.3885952818046,-42.3985369280299,-51.7385115521191,-58.0570586785744,-64.7948047362578,-64.7515698580455,-65.4585576515638,-66.9652082890796,,,,Colombia,CO2
GCAM 5.3,R_MAC_85_n0,COL,Emissions|CO2|Energy|Supply|Electricity,Mt CO2/yr,,,,6.32568079003691,,,10.4641435195851,,,,,16.5034285838117,,20.7265039632099,,,,,21.0808971613753,22.491010981005,22.0122909605577,19.9434906594613,16.2167504233955,11.0285222359784,4.75480672210505,-2.85706960716205,-11.4732267029043,-18.3004362127982,-23.0989254959791,-25.8527752220718,-27.9317540096578,-28.1341214130564,-28.6961288799259,-30.4338598279393,,,,Colombia,CO2
GCAM 5.3,R_MAC_85_n0,COL,Emissions|CO2|Energy|Supply|Gases,Mt CO2/yr,,,,0.0,,,0.0,,,,,0.0,,0.0056528638373265,,,,,0.0059296974156098,0.0065242172881044,0.00876559892831,0.0127818635191056,0.0158766822544916,0.0189958356718095,0.0164028898410027,0.0105462090441549,0.0059915888167689,0.0027370831968526,0.0010673099914589,0.0003540449469938,0.0001063245282016,0.0001131619335827,0.0001389691345175,0.0001581407960125,,,,Colombia,CO2
GCAM 5.3,R_MAC_85_n0,COL,Emissions|CO2|Energy|Supply|Liquids,Mt CO2/yr,,,,4.65058041613081,,,8.4733098480758,,,,,4.11896273247324,,4.19076465855846,,,,,4.05893995745075,3.45189595532864,2.29918948808517,0.622423161813603,-1.7122941980164,-4.19890709169282,-6.57369025043158,-9.45934596177195,-14.8992175130125,-22.5083139484452,-26.9639909910922,-30.5420510859583,-35.1518427118439,-35.3030292691867,-35.5407786486266,-35.2521524196892,,,,Colombia,CO2
GCAM 5.3,R_MAC_85_n0,COL,Emissions|CO2|Energy|Supply|Solids,Mt CO2/yr,,,,0.0,,,-1.46666532091234e-06,,,,,0.0,,-6.59999450966611e-06,,,,,0.0,-1.100000093917e-05,-2.200000237136e-05,0.0,-1.46666376608606e-05,-1.10000040009103e-05,0.0,0.0,-1.31999859461153e-05,0.0,-3.66665951831366e-06,-2.93333064054449e-06,0.0,0.0,0.0,-1.46666663795978e-07,,,,Colombia,CO2
GCAM 5.3,R_MAC_85_n0,COL,Emissions|CO2|Industrial Processes,Mt CO2/yr,,,,7.59487577665465,,,7.64457361058838,,,,,7.64446338314692,,8.99613531731588,,,,,5.36777876553222,4.73903335859087,4.34475218449851,4.00974892796058,3.41661782067102,2.68780635627765,1.86588866639715,0.973571327549268,-0.268156716977855,-2.11718109580347,-4.2063766875484,-6.89668599221775,-10.6909122367072,-12.6169078033028,-14.3519265869411,-15.5931073304243,,,,Colombia,CO2
GCAM 5.3,R_MAC_85_n0,COL,Emissions|N2O|AFOLU,Mt CO2e/yr,,,,29.2431884504517,,,31.669648044278517,,,,,32.29244334093305,,34.85217200085921,,,,,37.41537042051136,40.50691819072871,43.67318759429726,46.69654112638051,49.86742250462591,52.575832500372904,54.44061589755379,56.573530201744916,58.26507160824687,59.45185248131985,60.33385062077209,61.580852452332486,62.472716140872215,62.700442624438985,62.97062248334922,63.20290762273324,,,,Colombia,N2O
GCAM 5.3,R_MAC_85_n8,COL,Carbon Sequestration|CCS|Biomass,Mt CO2/yr,,,,0.0,,,0.0,,,,,0.0,,0.0,,,,,0.551114548101318,2.55839622658145,5.85932927899958,9.96154176592796,15.1192109891403,21.0359019770212,28.6577437319159,40.782826176196,54.8556713736454,65.3480960666988,74.2235751037468,83.5483066922085,93.4180543112636,93.2858093070732,95.4813221817936,98.9533265470848,,,,Colombia,
GCAM 5.3,R_MAC_85_n8,COL,Emissions|CH4|AFOLU,Mt CO2e/yr,,,,48.01866203466192,,,51.75003652344876,,,,,52.81537924690356,,56.281527744718076,,,,,60.272601971001556,64.7662248333954,68.94967136813672,72.73948804528196,76.14607453461764,78.72180093538488,81.18475814408708,82.8889807532794,83.71962977124517,83.64531679369992,82.9345746156424,81.84306028470796,80.48981400175045,80.4946493314642,80.17534658799204,79.68036393685088,,,,Colombia,CH4
GCAM 5.3,R_MAC_85_n8,COL,Emissions|CO2|AFOLU,Mt CO2/yr,,,,-25.1634470148442,,,-29.1851374005037,,,,,14.214518541358,,7.88057268250999,,,,,8.53211407003523,9.24645302716476,12.2334385143706,10.4554378437645,11.0788385430633,5.15170576289978,2.27442564554724,0.469474442095707,0.469993269462446,-1.74874377314108,-3.91771821926787,-5.45975455823441,-7.22390819526335,-8.68571419785148,-9.10195540853185,-9.22090600110463,,,,Colombia,CO2
GCAM 5.3,R_MAC_85_n8,COL,Emissions|CO2|Energy and Industrial Processes,Mt CO2/yr,,,,64.5443396092297,,,77.6700196317675,,,,,88.5484725704583,,104.466538135424,,,,,100.489756867106,101.95133628479,101.080819803417,97.4773553860718,89.8897003359034,78.6948234189234,63.2903709164254,40.7092772878984,15.0330119001765,-6.2943658526663,-26.7569484277854,-50.2935996982495,-76.2514550124895,-68.9881661668347,-65.5102923529789,-66.583386796273,,,,Colombia,CO2
GCAM 5.3,R_MAC_85_n8,COL,Emissions|CO2|Energy|Demand,Mt CO2/yr,,,,45.9732026264073,,,51.0879941201835,,,,,60.2816178710265,,70.5230098660291,,,,,70.6211631341186,72.7622534506144,75.2873780743344,77.577029581009,79.1099510573618,78.8662695277115,76.1220922338054,71.0374123319456,64.479826476679,57.0887910922559,49.0372146498727,40.4561542674751,32.1780452764712,38.28499840543,44.8023747260414,49.6757808205804,,,,Colombia,CO2
GCAM 5.3,R_MAC_85_n8,COL,Emissions|CO2|Energy|Demand|Industry,Mt CO2/yr,,,,16.6921214044263,,,18.1178591694927,,,,,13.585844311714,,21.1297645550478,,,,,19.0887838489402,19.3247162723861,20.0878171601586,21.0798300142767,21.977875363522,21.6443482061556,19.717404940332,16.9309614499448,14.5181603914641,12.5117152891911,10.5135421334069,8.41529430000627,5.94317637985276,10.3597122779734,15.6535324940956,19.7282760661434,,,,Colombia,CO2
GCAM 5.3,R_MAC_85_n8,COL,Emissions|CO2|Energy|Demand|Residential and Commercial,Mt CO2/yr,,,,4.67892520478074,,,4.99084576244402,,,,,11.617567707637,,12.3001225825445,,,,,12.4707125533949,12.5291133419365,12.4075017752791,12.0682420971274,11.2302658081832,10.0399585066592,8.28103679262758,6.19334337104159,4.16793212614405,2.46491150665615,1.27923566020353,0.623203746690268,0.281119455029053,0.251663557257202,0.226335260748035,0.197343896726205,,,,Colombia,CO2
GCAM 5.3,R_MAC_85_n8,COL,Emissions|CO2|Energy|Demand|Residential and Commercial|Commercial,Mt CO2/yr,,,,0.692133821705585,,,1.1892122489408,,,,,8.0825655376816,,8.43493935042357,,,,,8.70121930635399,8.71460247371095,8.59176410213175,8.31244815233162,7.69117266878862,6.86417492521268,5.68050109284457,4.28273889336714,2.89598373196127,1.71007157315375,0.875863424551496,0.414194915182302,0.177173697785676,0.159025748623225,0.143719074669691,0.125070763142283,,,,Colombia,CO2
GCAM 5.3,R_MAC_85_n8,COL,Emissions|CO2|Energy|Demand|Residential and Commercial|Residential,Mt CO2/yr,,,,3.98679138307516,,,3.80163351350322,,,,,3.53500216995541,,3.86518323212092,,,,,3.76949324704087,3.81451086822554,3.81573767314737,3.75579394479583,3.5390931393946,3.17578358144656,2.60053569978301,1.91060447767444,1.27194839418278,0.754839933502402,0.403372235652031,0.209008831507965,0.103945757243377,0.0926378086339773,0.0826161860783444,0.0722731335839222,,,,Colombia,CO2
GCAM 5.3,R_MAC_85_n8,COL,Emissions|CO2|Energy|Demand|Transportation,Mt CO2/yr,,,,24.6021560172003,,,27.9792891882467,,,,,35.0782058516755,,37.0931227284369,,,,,39.0616667317836,40.9084238362918,42.7920591388967,44.4289574696048,45.9018098856566,47.1819628148967,48.1236505008458,47.9131075109592,45.7937339590708,42.1121642964086,37.2444368562623,31.4176562207786,25.9537494415894,27.6736225701994,28.9225069711978,29.7501608577108,,,,Colombia,CO2
GCAM 5.3,R_MAC_85_n8,COL,Emissions|CO2|Energy|Supply,Mt CO2/yr,,,,10.9762612061677,,,18.9374519009956,,,,,20.6223913162849,,24.9473929520788,,,,,24.8077810691477,24.7662902717741,21.7734544494261,16.2707530548001,7.8418055790431,-2.2573200460833,-13.9217700159422,-30.1427880981096,-47.3752030168061,-58.8360911757625,-67.8621901994138,-77.9521134915611,-89.1960713591382,-86.669635215863,-88.581977740192,-92.7734661639306,,,,Colombia,CO2
GCAM 5.3,R_MAC_85_n8,COL,Emissions|CO2|Energy|Supply|Electricity,Mt CO2/yr,,,,6.32568079003691,,,10.4641435195851,,,,,16.5034285838117,,20.7265039632099,,,,,20.7839833751967,21.5357206209765,19.9731580885427,16.4825031848637,10.9862746685613,4.28010767466808,-3.17341718427912,-12.1010469482635,-20.2161031263581,-25.235693438505,-29.0759294221965,-31.9936243194934,-35.1049106736016,-37.0232672477155,-40.4663486966936,-44.7150669699232,,,,Colombia,CO2
GCAM 5.3,R_MAC_85_n8,COL,Emissions|CO2|Energy|Supply|Gases,Mt CO2/yr,,,,0.0,,,0.0,,,,,0.0,,0.0056528638373265,,,,,0.0052910701113637,0.0056533738319192,0.0073530189231685,0.0102131276264619,0.0115652008157351,0.0117746310973044,0.0075907794366672,0.0033561735477765,0.0013000014267062,0.000383926437075,9.5980643798075e-05,2.1546614366005e-05,4.74623996797632e-06,4.00976325352021e-06,3.07478756028414e-06,2.83467044935455e-06,,,,Colombia,CO2
GCAM 5.3,R_MAC_85_n8,COL,Emissions|CO2|Energy|Supply|Liquids,Mt CO2/yr,,,,4.65058041613081,,,8.4733098480758,,,,,4.11896273247324,,4.19076465855846,,,,,4.00026217854914,3.22842362814567,1.83453561054083,-0.164463728076682,-3.06323997847887,-6.38007368076066,-10.3294003534738,-16.9005588479031,-25.3735411186781,-31.348318186756,-36.2864556301557,-43.0310775278721,-50.623586677759,-45.7533738826778,-43.5418246828926,-43.8025221715648,,,,Colombia,CO2
GCAM 5.3,R_MAC_85_n8,COL,Emissions|CO2|Energy|Supply|Solids,Mt CO2/yr,,,,0.0,,,-1.46666532091234e-06,,,,,0.0,,-6.59999450966611e-06,,,,,-1.8333327927476e-05,0.0,-3.66666174769019e-05,0.0,0.0,0.0,0.0,-3.29999487095517e-06,-4.4000018807468e-06,0.0,0.0,-1.83332359993185e-06,-2.20000334552402e-07,0.0,0.0,-2.93332942166733e-07,,,,Colombia,CO2
GCAM 5.3,R_MAC_85_n8,COL,Emissions|CO2|Industrial Processes,Mt CO2/yr,,,,7.59487577665465,,,7.64457361058838,,,,,7.64446338314692,,8.99613531731588,,,,,5.06081266383952,4.42279256240128,4.01998727965643,3.62957275026268,2.93794369949852,2.08587393729522,1.09004869856218,-0.185346945937618,-2.07161155969638,-4.5470657691597,-7.93197287824436,-12.7976404741636,-19.2334289298225,-20.6035293564017,-21.7306893388284,-23.4857014529228,,,,Colombia,CO2
GCAM 5.3,R_MAC_85_n8,COL,Emissions|N2O|AFOLU,Mt CO2e/yr,,,,29.2431884504517,,,31.669648044278517,,,,,32.29244334093305,,34.85217200085921,,,,,37.44904402605448,40.615142383116485,43.84138741147592,46.94217484939683,50.122941372962366,52.69229160818559,55.346571782583624,57.38943821486994,58.76369462493921,60.35738274751321,61.75057283422755,62.799105667937184,63.4846063365999,63.469139075627375,63.66049258062394,63.86591037308445,,,,Colombia,N2O
GCAM 5.3,R_MAC_90_n0,COL,Carbon Sequestration|CCS|Biomass,Mt CO2/yr,,,,0.0,,,0.0,,,,,0.0,,0.0,,,,,0.451546330382996,1.96311946846539,4.49564118469462,7.66164598451321,11.4714967781966,15.5930543178836,20.121231129536,26.0508243962565,34.7167231390655,46.4786356809968,56.2427219656409,62.9515443127338,68.804067419178,74.8289645650302,75.1035385416985,75.8272038635296,,,,Colombia,
GCAM 5.3,R_MAC_90_n0,COL,Emissions|CH4|AFOLU,Mt CO2e/yr,,,,48.01866203466192,,,51.75003652344876,,,,,52.81537924690356,,56.281527744718076,,,,,60.292090190715875,64.80205847125025,69.02054887290863,72.93003103942107,76.6030201219836,79.77335828790271,82.0051609462932,83.9419209183254,85.47363096195028,86.28111284345532,86.44073173979207,85.97268150808932,85.02577817921515,83.78093777340196,83.57242937806672,83.0992560078478,,,,Colombia,CH4
GCAM 5.3,R_MAC_90_n0,COL,Emissions|CO2|AFOLU,Mt CO2/yr,,,,-25.1634470148442,,,-29.1851374005037,,,,,14.214518541358,,7.88057268250999,,,,,8.56391804870948,9.1024700117761,12.2020366804683,10.7579571327559,11.1025677826449,6.61216789095879,2.64044310360991,0.150250831551775,-1.09296695148568,-1.19232401985131,-1.46698478860492,-2.84578128171783,-4.272075322095,-5.53309116683803,-6.93846128643025,-7.25665352683688,,,,Colombia,CO2
GCAM 5.3,R_MAC_90_n0,COL,Emissions|CO2|Energy and Industrial Processes,Mt CO2/yr,,,,64.5443396092297,,,77.6700196317675,,,,,88.5484725704583,,104.466538135424,,,,,102.708367614242,106.008872781718,107.803144864988,107.915351099808,105.783703028777,101.17593481102,94.1155821147724,84.0076502802148,69.8545259587592,52.3969865129302,37.159632524012,23.5534223750989,8.41373699465357,-9.52265783724723,-9.11952219266447,-10.7501403161837,,,,Colombia,CO2
GCAM 5.3,R_MAC_90_n0,COL,Emissions|CO2|Energy|Demand,Mt CO2/yr,,,,45.9732026264073,,,51.0879941201835,,,,,60.2816178710265,,70.5230098660291,,,,,71.9214033086165,74.7864556173074,78.181480213659,81.7789836068732,85.5034613119349,88.4643256081803,90.1548967511445,90.4775447797534,90.0222053391321,88.7030238934637,86.5535694594609,82.1679411231759,75.9376286257711,68.5561766450859,70.9631690054832,72.0346372005598,,,,Colombia,CO2
GCAM 5.3,R_MAC_90_n0,COL,Emissions|CO2|Energy|Demand|Industry,Mt CO2/yr,,,,16.6921214044263,,,18.1178591694927,,,,,13.585844311714,,21.1297645550478,,,,,19.9210641951289,20.4067706546564,21.558448359844,23.2519086796325,25.3692223204375,26.9398403871901,27.4178234256036,27.1430509889524,27.4140337889107,28.685920298364,29.7349170888898,29.2097114526928,27.5117015955916,25.150652100492,26.7741338146071,26.9761433496942,,,,Colombia,CO2
GCAM 5.3,R_MAC_90_n0,COL,Emissions|CO2|Energy|Demand|Residential and Commercial,Mt CO2/yr,,,,4.67892520478074,,,4.99084576244402,,,,,11.617567707637,,12.3001225825445,,,,,12.7058029527465,12.9849102104319,13.0850955551059,13.0242723903693,12.6111035199027,11.9351092090942,10.8350195595694,9.31260859239238,7.5625664308925,5.73640266894362,4.07907278736686,2.70845966503381,1.65284591369376,0.956899435794278,0.884262858800229,0.803278655191725,,,,Colombia,CO2
GCAM 5.3,R_MAC_90_n0,COL,Emissions|CO2|Energy|Demand|Residential and Commercial|Commercial,Mt CO2/yr,,,,0.692133821705585,,,1.1892122489408,,,,,8.0825655376816,,8.43493935042357,,,,,8.8345167866279,8.98863848934817,9.00891704518188,8.90924572386852,8.56101543771977,8.06496372210079,7.31054765330687,6.29405486025817,5.12644739615519,3.89748221024783,2.76615937508056,1.82832450630489,1.10695115224779,0.632623443172528,0.579269876755683,0.524374080390776,,,,Colombia,CO2
GCAM 5.3,R_MAC_90_n0,COL,Emissions|CO2|Energy|Demand|Residential and Commercial|Residential,Mt CO2/yr,,,,3.98679138307516,,,3.80163351350322,,,,,3.53500216995541,,3.86518323212092,,,,,3.8712861661186,3.99627172108377,4.07617850992404,4.11502666650074,4.05008808218289,3.87014548699342,3.52447190626253,3.01855373213421,2.43611903473731,1.83892045869579,1.3129134122863,0.880135158728923,0.545894761445969,0.32427599262175,0.304992982044546,0.278904574800949,,,,Colombia,CO2
GCAM 5.3,R_MAC_90_n0,COL,Emissions|CO2|Energy|Demand|Transportation,Mt CO2/yr,,,,24.6021560172003,,,27.9792891882467,,,,,35.0782058516755,,37.0931227284369,,,,,39.2945361607411,41.3947747522191,43.5379362987092,45.5028025368715,47.5231354715948,49.589376011896,51.9020537659716,54.0218851984086,55.0456051193288,54.280700926156,52.7395795832042,50.2497700054492,46.7730811164858,42.4486251087996,43.3047723320759,44.2552151956738,,,,Colombia,CO2
GCAM 5.3,R_MAC_90_n0,COL,Emissions|CO2|Energy|Supply,Mt CO2/yr,,,,10.9762612061677,,,18.9374519009956,,,,,20.6223913162849,,24.9473929520788,,,,,25.304855652689,26.3631827608117,25.1501182361804,21.981143331284,16.6854213973412,9.80937271308777,1.83723882892672,-7.78462366576207,-20.4414572542214,-34.9908445864666,-46.1963825220281,-53.1435712299615,-59.079237496714,-65.6703928387079,-65.8913583420289,-67.1192464248737,,,,Colombia,CO2
GCAM 5.3,R_MAC_90_n0,COL,Emissions|CO2|Energy|Supply|Electricity,Mt CO2/yr,,,,6.32568079003691,,,10.4641435195851,,,,,16.5034285838117,,20.7265039632099,,,,,21.194913606442,22.8175772047835,22.6970151378001,21.0958318451171,17.9714806162796,13.3802706058811,7.54290287514738,0.391174174812075,-7.95588274696151,-15.1674217039611,-20.8054064528374,-24.1118807939731,-26.4561372740083,-28.3804942050493,-28.712613785344,-30.0119280314707,,,,Colombia,CO2
GCAM 5.3,R_MAC_90_n0,COL,Emissions|CO2|Energy|Supply|Gases,Mt CO2/yr,,,,0.0,,,0.0,,,,,0.0,,0.0056528638373265,,,,,0.0061697560095861,0.0068880561482619,0.0093371853076138,0.0138083150399289,0.0175887362462556,0.0219244634239779,0.0203436203230023,0.0146451070089155,0.0094132212635035,0.0047883660009454,0.0021747115860042,0.0008491509464508,0.0002908790045579,0.0001029982785255,0.0001359621618348,0.0001643918347302,,,,Colombia,CO2
GCAM 5.3,R_MAC_90_n0,COL,Emissions|CO2|Energy|Supply|Liquids,Mt CO2/yr,,,,4.65058041613081,,,8.4733098480758,,,,,4.11896273247324,,4.19076465855846,,,,,4.07837906727797,3.5226432591659,2.44789075778639,0.873004565211698,-1.29963196845461,-3.57494850794491,-5.63014712706434,-7.84218339478376,-11.7347570014605,-18.4658950377362,-23.8663866357409,-27.5409492165942,-31.1273693194305,-35.6732868454216,-35.8184212341412,-35.8101614340049,,,,Colombia,CO2
GCAM 5.3,R_MAC_90_n0,COL,Emissions|CO2|Energy|Supply|Solids,Mt CO2/yr,,,,0.0,,,-1.46666532091234e-06,,,,,0.0,,-6.59999450966611e-06,,,,,0.0,0.0,-4.03332723312141e-05,-1.09999945260961e-05,-2.19999420048579e-05,-1.10000130196644e-05,0.0,0.0,-1.46666483717844e-06,0.0,-1.46666827949764e-06,0.0,-2.93332168667496e-06,0.0,0.0,-9.8999878166163e-07,,,,Colombia,CO2
GCAM 5.3,R_MAC_90_n0,COL,Emissions|CO2|Industrial Processes,Mt CO2/yr,,,,7.59487577665465,,,7.64457361058838,,,,,7.64446338314692,,8.99613531731588,,,,,5.48210865293649,4.85923440359903,4.47154641514888,4.15522416165055,3.59482031950058,2.90223648975224,2.12344653470119,1.31472916622346,0.27377787384851,-1.31519279406685,-3.19755441342092,-5.47094751811547,-8.44465413440353,-12.4084416436252,-14.1913328561188,-15.6655310918697,,,,Colombia,CO2
GCAM 5.3,R_MAC_90_n0,COL,Emissions|N2O|AFOLU,Mt CO2e/yr,,,,29.2431884504517,,,31.669648044278517,,,,,32.29244334093305,,34.85217200085921,,,,,37.40103664945912,40.467261127904244,43.61038199150178,46.60920488576242,49.76124270448995,52.48291839906707,54.35080778145018,56.283505662973134,57.97645221663968,59.304252126074594,60.05793917296146,61.04082004514404,62.039176320849826,62.796886074918724,62.94291280912362,63.14182215396319,,,,Colombia,N2O
GCAM 5.3,R_MAC_90_n8,COL,Carbon Sequestration|CCS|Biomass,Mt CO2/yr,,,,0.0,,,0.0,,,,,0.0,,0.0,,,,,0.517818722074425,2.35652753756309,5.40960744911578,9.20450158543946,13.8998756109583,19.1589900407262,25.5307335176422,35.2905826422345,48.8166532235438,60.329150014701,68.1303647474723,75.8392389092633,84.1961932703801,94.4573017936248,95.7384669382457,98.7521197018882,,,,Colombia,
GCAM 5.3,R_MAC_90_n8,COL,Emissions|CH4|AFOLU,Mt CO2e/yr,,,,48.01866203466192,,,51.75003652344876,,,,,52.81537924690356,,56.281527744718076,,,,,60.27328095434687,64.77974869613968,68.98395510720728,72.80878869128789,76.31010239565104,79.14021672476724,81.39686917384792,83.27341816400488,84.36917384555099,84.59789848072221,84.13987905368192,83.17364941048632,81.92016057922284,80.38879671083603,80.13451108215756,79.66645881025944,,,,Colombia,CH4
GCAM 5.3,R_MAC_90_n8,COL,Emissions|CO2|AFOLU,Mt CO2/yr,,,,-25.1634470148442,,,-29.1851374005037,,,,,14.214518541358,,7.88057268250999,,,,,8.46220384219688,9.20761386376143,12.1994287860334,10.5185921604735,11.1314297544576,5.50167999337746,2.21154594710158,0.161792913291241,-0.0591347920046875,-0.751155517635472,-2.99519317556314,-4.62746460306311,-6.09615565526384,-8.08967652898967,-9.78259415365384,-10.029889324372,,,,Colombia,CO2
GCAM 5.3,R_MAC_90_n8,COL,Emissions|CO2|Energy and Industrial Processes,Mt CO2/yr,,,,64.5443396092297,,,77.6700196317675,,,,,88.5484725704583,,104.466538135424,,,,,101.157691418194,103.209184344981,103.166102564962,100.756194455691,94.9467111187599,85.9460579772429,73.5481141134258,55.3275234292856,31.8464122178712,11.19911366315,-5.67958971586358,-25.6387103398556,-48.8554777459474,-71.4726699922893,-66.0656871130544,-66.2535196633009,,,,Colombia,CO2
GCAM 5.3,R_MAC_90_n8,COL,Emissions|CO2|Energy|Demand,Mt CO2/yr,,,,45.9732026264073,,,51.0879941201835,,,,,60.2816178710265,,70.5230098660291,,,,,71.0184446356015,73.3819588115553,76.1662527063194,78.8759254372697,81.145116507594,82.0275331222431,80.8223992375649,77.4049250096882,72.7373723672407,67.3042160254123,60.9416822773116,52.7819297091754,44.1973818809512,38.0260392197213,44.7010223965199,49.5524472778333,,,,Colombia,CO2
GCAM 5.3,R_MAC_90_n8,COL,Emissions|CO2|Energy|Demand|Industry,Mt CO2/yr,,,,16.6921214044263,,,18.1178591694927,,,,,13.585844311714,,21.1297645550478,,,,,19.3410603207313,19.6445415568711,20.5264254697756,21.7426612770114,23.0479905232992,23.3793429790861,22.2737750691083,20.1832056699897,18.7106259579964,17.8713942475998,16.5394137338524,14.2821860828572,11.7327155105357,10.5965073433409,15.7044674816337,19.6863067283381,,,,Colombia,CO2
GCAM 5.3,R_MAC_90_n8,COL,Emissions|CO2|Energy|Demand|Residential and Commercial,Mt CO2/yr,,,,4.67892520478074,,,4.99084576244402,,,,,11.617567707637,,12.3001225825445,,,,,12.5442022795501,12.6747498512992,12.614555780889,12.3641416615361,11.6658782389293,10.6498620341668,9.10054372026513,7.13826130658717,5.15243935627306,3.3493835174947,1.93648734412143,1.03761113408171,0.512237656441019,0.238446459806056,0.221045081141764,0.195934378765938,,,,Colombia,CO2
GCAM 5.3,R_MAC_90_n8,COL,Emissions|CO2|Energy|Demand|Residential and Commercial|Commercial,Mt CO2/yr,,,,0.692133821705585,,,1.1892122489408,,,,,8.0825655376816,,8.43493935042357,,,,,8.74301636886561,8.80246346386093,8.7196477876843,8.49772105983118,7.96649881571663,7.25202027597495,6.20588156092626,4.89829976294007,3.55283149058155,2.30970278048323,1.32638226722659,0.698518073296335,0.333742232084985,0.149684285767913,0.140177675807514,0.124317469799092,,,,Colombia,CO2
GCAM 5.3,R_MAC_90_n8,COL,Emissions|CO2|Energy|Demand|Residential and Commercial|Residential,Mt CO2/yr,,,,3.98679138307516,,,3.80163351350322,,,,,3.53500216995541,,3.86518323212092,,,,,3.8011859106845,3.87228638743829,3.89490799320475,3.86642060170493,3.69937942321266,3.39784175819188,2.89466215933887,2.2399615436471,1.5996078656915,1.03968073701147,0.610105076894839,0.339093060785374,0.178495424356034,0.0887621740381433,0.08086740533425,0.0716169089668456,,,,Colombia,CO2
GCAM 5.3,R_MAC_90_n8,COL,Emissions|CO2|Energy|Demand|Transportation,Mt CO2/yr,,,,24.6021560172003,,,27.9792891882467,,,,,35.0782058516755,,37.0931227284369,,,,,39.13318203532,41.062667403385,43.0252714556547,44.7691224987222,46.4312477453655,47.9983281089902,49.4480804481914,50.0834580331113,48.8743070529712,46.0834382603178,42.4657811993378,37.4621324922364,31.9524287139744,27.1910854165744,28.7755098337444,29.6702061707293,,,,Colombia,CO2
GCAM 5.3,R_MAC_90_n8,COL,Emissions|CO2|Energy|Supply,Mt CO2/yr,,,,10.9762612061677,,,18.9374519009956,,,,,20.6223913162849,,24.9473929520788,,,,,24.9546113372267,25.2759828365663,22.8516158481415,18.0988774855708,10.6700691720901,1.58367837472816,-8.69512943954763,-22.4128847916458,-39.5844972965336,-52.6026134174016,-60.4385001963639,-68.3607575181293,-77.5395580698678,-88.1643259294244,-88.7639419576812,-92.3526544118222,,,,Colombia,CO2
GCAM 5.3,R_MAC_90_n8,COL,Emissions|CO2|Energy|Supply|Electricity,Mt CO2/yr,,,,6.32568079003691,,,10.4641435195851,,,,,16.5034285838117,,20.7265039632099,,,,,20.9035286567058,21.9406809661248,20.8377563509129,17.9503282269283,13.1872677784294,7.07263836214057,0.116993145923579,-8.31531485039641,-16.9037395266202,-22.6051314086737,-26.4644208073899,-28.9948273306596,-31.2228062155197,-35.7987961229364,-39.2624849005488,-43.7283534715076,,,,Colombia,CO2
GCAM 5.3,R_MAC_90_n8,COL,Emissions|CO2|Energy|Supply|Gases,Mt CO2/yr,,,,0.0,,,0.0,,,,,0.0,,0.0056528638373265,,,,,0.0055475554529862,0.0059705742877859,0.0079021135399475,0.0112172980070851,0.0132553699351787,0.0145685842526736,0.0107661581851632,0.0055851751527222,0.002567251119017,0.0009337443704486,0.0002731511211144,7.18922825518163e-05,1.79502175839108e-05,3.92008601240201e-06,3.14883895837865e-06,3.25114201239022e-06,,,,Colombia,CO2
GCAM 5.3,R_MAC_90_n8,COL,Emissions|CO2|Energy|Supply|Liquids,Mt CO2/yr,,,,4.65058041613081,,,8.4733098480758,,,,,4.11896273247324,,4.19076465855846,,,,,4.02508363602351,3.32653578761367,2.03571202923244,0.176660170355827,-2.46808510840776,-5.39050224874476,-8.52926152829727,-13.2585183186769,-21.2058540519097,-28.0652673794446,-31.940402916011,-37.1728448188035,-43.9052247803303,-48.3734616205359,-44.6557612648383,-44.1041530742612,,,,Colombia,CO2
GCAM 5.3,R_MAC_90_n8,COL,Emissions|CO2|Energy|Supply|Solids,Mt CO2/yr,,,,0.0,,,-1.46666532091234e-06,,,,,0.0,,-6.59999450966611e-06,,,,,0.0,0.0,0.0,0.0,-2.19998926093534e-05,0.0,-7.33333903118046e-06,0.0,0.0,0.0,0.0,-8.43332026072766e-07,0.0,0.0,0.0,0.0,,,,Colombia,CO2
GCAM 5.3,R_MAC_90_n8,COL,Emissions|CO2|Industrial Processes,Mt CO2/yr,,,,7.59487577665465,,,7.64457361058838,,,,,7.64446338314692,,8.99613531731588,,,,,5.18463544536554,4.55124269685941,4.14823401050099,3.7813915328505,3.13152543907588,2.33484648027162,1.42084431540852,0.335483211243244,-1.30646285283592,-3.50248894486069,-6.18277179681125,-10.0598825309018,-15.5133015570308,-21.3343832825862,-22.0027675518931,-23.453312529312,,,,Colombia,CO2
GCAM 5.3,R_MAC_90_n8,COL,Emissions|N2O|AFOLU,Mt CO2e/yr,,,,29.2431884504517,,,31.669648044278517,,,,,32.29244334093305,,34.85217200085921,,,,,37.43527677603496,40.57105148033137,43.773489589264344,46.8437628026834,50.0306697119805,52.67920053112762,55.00718752172662,57.05355716204536,58.652000808350586,59.7161698383645,61.24597440772929,62.3252388560802,63.187157344725144,63.64516801657232,63.63271953593454,63.794133988623685,,,,Colombia,N2O
GCAM 5.3,R_MAC_95_n0,COL,Carbon Sequestration|CCS|Biomass,Mt CO2/yr,,,,0.0,,,0.0,,,,,0.0,,0.0,,,,,0.432373024306635,1.8464172568561,4.22170491845799,7.19980470919431,10.7609261092659,14.5826538203623,18.6954697949213,23.8432170978983,31.0710310693056,41.3645283427447,51.6364776188915,59.1830347986087,65.0001394154697,70.3401738998974,76.0069206347328,76.4115413498696,,,,Colombia,
GCAM 5.3,R_MAC_95_n0,COL,Emissions|CH4|AFOLU,Mt CO2e/yr,,,,48.01866203466192,,,51.75003652344876,,,,,52.81537924690356,,56.281527744718076,,,,,60.30464323633568,64.8065088819358,69.02979108962133,72.96152169741904,76.67450047389691,79.9167735680398,82.33034337112312,84.12022289133792,85.75217303101876,86.72279440790112,87.04258363613204,86.76356676622544,85.97025877915188,84.83272531075609,83.45101599387476,83.04524776055396,,,,Colombia,CH4
GCAM 5.3,R_MAC_95_n0,COL,Emissions|CO2|AFOLU,Mt CO2/yr,,,,-25.1634470148442,,,-29.1851374005037,,,,,14.214518541358,,7.88057268250999,,,,,8.61011848410047,9.09887139948042,12.2160415159371,10.8717774620415,11.127353287642,6.98354678180879,3.00135536022691,0.188455893131446,-1.16693291032242,-1.80980037262371,-1.33565709703658,-2.37100425334889,-3.89958072569231,-4.95294855891669,-6.43887237225037,-7.89212071459653,,,,Colombia,CO2
GCAM 5.3,R_MAC_95_n0,COL,Emissions|CO2|Energy and Industrial Processes,Mt CO2/yr,,,,64.5443396092297,,,77.6700196317675,,,,,88.5484725704583,,104.466538135424,,,,,103.225133698957,106.939087168184,109.316054375693,110.208405098666,109.16863045382,105.874718787039,100.247805379386,92.2053830078214,80.8527980957734,66.2763446718803,51.2575107239514,37.9116060083287,24.4697614367099,9.21217886442057,-9.15491029455018,-10.7269952046562,,,,Colombia,CO2
GCAM 5.3,R_MAC_95_n0,COL,Emissions|CO2|Energy|Demand,Mt CO2/yr,,,,45.9732026264073,,,51.0879941201835,,,,,60.2816178710265,,70.5230098660291,,,,,72.2155494083056,75.2564135803946,78.8533383720192,82.7280761879829,86.8704690144548,90.4032106948719,92.8332644918546,94.2791234380267,95.1145462857172,95.089249838795,94.1206979251386,91.0534397714068,86.0796343186304,79.6831563996008,71.7932794598296,72.4791440539751,,,,Colombia,CO2
GCAM 5.3,R_MAC_95_n0,COL,Emissions|CO2|Energy|Demand|Industry,Mt CO2/yr,,,,16.6921214044263,,,18.1178591694927,,,,,13.585844311714,,21.1297645550478,,,,,20.1112826097497,20.6684881445297,21.9097861058209,23.7534298652585,26.1058666809666,28.0215778066561,28.9066330305405,29.2159200446582,30.062372406158,31.7859763272228,33.4671796410096,33.6822485764617,32.6034022798793,30.6354772737805,27.6052286352376,27.4540778926045,,,,Colombia,CO2
GCAM 5.3,R_MAC_95_n0,COL,Emissions|CO2|Energy|Demand|Residential and Commercial,Mt CO2/yr,,,,4.67892520478074,,,4.99084576244402,,,,,11.617567707637,,12.3001225825445,,,,,12.7570966342819,13.0853078158269,13.2396642189561,13.2386106531276,12.9088433346033,12.3306901715304,11.3563355041142,10.0046905133484,8.37747972619428,6.59526581294512,4.92788388966067,3.48383732661871,2.27665590590272,1.40980028613494,0.855345701412702,0.788945677703054,,,,Colombia,CO2
GCAM 5.3,R_MAC_95_n0,COL,Emissions|CO2|Energy|Demand|Residential and Commercial|Commercial,Mt CO2/yr,,,,0.692133821705585,,,1.1892122489408,,,,,8.0825655376816,,8.43493935042357,,,,,8.86343728444595,9.0486988589048,9.10359227096531,9.04241995067987,8.74756163813123,8.31400761096181,7.64078293925082,6.734740309001,5.64958490913097,4.45772275097744,3.32666908700054,2.34427179878002,1.52479486670404,0.938006045261037,0.56288681892161,0.516078838244736,,,,Colombia,CO2
GCAM 5.3,R_MAC_95_n0,COL,Emissions|CO2|Energy|Demand|Residential and Commercial|Residential,Mt CO2/yr,,,,3.98679138307516,,,3.80163351350322,,,,,3.53500216995541,,3.86518323212092,,,,,3.89365934983591,4.03660895692215,4.13607194799082,4.19619070244774,4.16128169647211,4.01668256056857,3.71555256486334,3.26995020434738,2.72789481706331,2.13754306196769,1.60121480266013,1.13956552783869,0.751861039198675,0.4717942408739,0.292458882491092,0.272866839458317,,,,Colombia,CO2
GCAM 5.3,R_MAC_95_n0,COL,Emissions|CO2|Energy|Demand|Transportation,Mt CO2/yr,,,,24.6021560172003,,,27.9792891882467,,,,,35.0782058516755,,37.0931227284369,,,,,39.347170164274,41.5026176200379,43.7038880472422,45.7360356695969,47.8557589988848,50.0509427166855,52.5702959572,55.0585128800201,56.674694153365,56.7080076986271,55.7256343944683,53.8873538683264,51.1995761328483,47.6378788396854,43.3327051231794,44.2361204836676,,,,Colombia,CO2
GCAM 5.3,R_MAC_95_n0,COL,Emissions|CO2|Energy|Supply,Mt CO2/yr,,,,10.9762612061677,,,18.9374519009956,,,,,20.6223913162849,,24.9473929520788,,,,,25.4254536625778,26.7128475487594,25.8738119173521,23.1913557173248,18.5416930019526,12.3777302526369,5.06814599674627,-3.67208001835248,-14.9530160895891,-28.1603123937393,-40.5002490012429,-48.7570407599381,-54.7431561317234,-60.4863996815852,-66.9360922614525,-67.6637056034475,,,,Colombia,CO2
GCAM 5.3,R_MAC_95_n0,COL,Emissions|CO2|Energy|Supply|Electricity,Mt CO2/yr,,,,6.32568079003691,,,10.4641435195851,,,,,16.5034285838117,,20.7265039632099,,,,,21.2971889331485,23.1024436911971,23.2863716205212,22.0830065255224,19.4690841705299,15.417934343611,9.99886322366412,3.2432494524979,-4.83491693433822,-12.1019784633713,-18.4233885058555,-22.4069173026438,-25.1364323046826,-27.2479043007784,-28.9416410487854,-30.03242981677,,,,Colombia,CO2
GCAM 5.3,R_MAC_95_n0,COL,Emissions|CO2|Energy|Supply|Gases,Mt CO2/yr,,,,0.0,,,0.0,,,,,0.0,,0.0056528638373265,,,,,0.0063840703967151,0.0072288649371668,0.0098781908886417,0.0147780858494904,0.0191942780474565,0.024682514993893,0.0241202749586398,0.0189403781258067,0.0134559497631962,0.0075107762377149,0.0038113527798915,0.0017130261340847,0.0006751885452771,0.0002809584758818,0.0001222131771138,0.0001593513689831,,,,Colombia,CO2
GCAM 5.3,R_MAC_95_n0,COL,Emissions|CO2|Energy|Supply|Liquids,Mt CO2/yr,,,,4.65058041613081,,,8.4733098480758,,,,,4.11896273247324,,4.19076465855846,,,,,4.09490186257546,3.58279976740787,2.5735665664383,1.08344237262469,-0.959308782940805,-3.07192708920798,-4.90350687914872,-6.69152269414057,-9.56873939432833,-14.9327319365589,-20.6983402750319,-24.9643199574536,-28.2530236477909,-31.7773124080388,-36.3305463486624,-36.1960929992706,,,,Colombia,CO2
GCAM 5.3,R_MAC_95_n0,COL,Emissions|CO2|Energy|Supply|Solids,Mt CO2/yr,,,,0.0,,,-1.46666532091234e-06,,,,,0.0,,-6.59999450966611e-06,,,,,-2.56666717291002e-05,-5.4999939418214e-05,-2.19999946823593e-05,0.0,-3.6666739908673e-06,0.0,0.0,0.0,-1.4666671706817e-05,0.0,0.0,-1.46666785792448e-06,0.0,-1.61332802712738e-06,-1.24666523856604e-06,-3.66667030305799e-08,,,,Colombia,CO2
GCAM 5.3,R_MAC_95_n0,COL,Emissions|CO2|Industrial Processes,Mt CO2/yr,,,,7.59487577665465,,,7.64457361058838,,,,,7.64446338314692,,8.99613531731588,,,,,5.58413062807414,4.96982603903055,4.58890408632172,4.28897319335808,3.75646843741237,3.09377783953061,2.34639489078526,1.59833958814725,0.691267899645331,-0.65259277317543,-2.36293819994436,-4.38479300314004,-6.866716750197,-9.98457785359511,-14.0120974929273,-15.5424336551839,,,,Colombia,CO2
GCAM 5.3,R_MAC_95_n0,COL,Emissions|N2O|AFOLU,Mt CO2e/yr,,,,29.2431884504517,,,31.669648044278517,,,,,32.29244334093305,,34.85217200085921,,,,,37.38851420012791,40.43256478638741,43.55381455735073,46.53070460766136,49.663951957697805,52.38848186749086,54.32531975890821,55.94950887742043,57.71854179337865,59.09903225828429,60.04598174961941,60.51931886915978,61.5745829468952,62.39454280874178,63.01793642815289,63.10447688639722,,,,Colombia,N2O
GCAM 5.3,R_MAC_95_n8,COL,Carbon Sequestration|CCS|Biomass,Mt CO2/yr,,,,0.0,,,0.0,,,,,0.0,,0.0,,,,,0.490844482955555,2.19757816844648,5.04255070008032,8.58439860973314,12.9132364172638,17.686216260171,23.2176592473628,31.1894329020694,43.1198972933236,55.5717186633073,63.5796019255966,70.1930482946123,77.3338207815429,85.227464388851,96.7394439970719,98.9661190758281,,,,Colombia,
GCAM 5.3,R_MAC_95_n8,COL,Emissions|CH4|AFOLU,Mt CO2e/yr,,,,48.01866203466192,,,51.75003652344876,,,,,52.81537924690356,,56.281527744718076,,,,,60.27269293690063,64.78993301300575,69.00491289898696,72.86067414526741,76.438128154584,79.4267558150822,81.56411435238248,83.56232775025407,84.84426968274349,85.32352034799432,85.10315448414583,84.31143160297759,83.14798289769692,81.776508693208,80.02361421995808,79.62016301571752,,,,Colombia,CH4
GCAM 5.3,R_MAC_95_n8,COL,Emissions|CO2|AFOLU,Mt CO2/yr,,,,-25.1634470148442,,,-29.1851374005037,,,,,14.214518541358,,7.88057268250999,,,,,8.47533043991928,9.1642788893461,12.1894627390038,10.5897425716956,11.1026585402203,5.91783904228013,2.26541653252591,0.0835502981156063,-0.537722112132083,-0.559921756541272,-2.16187619830096,-3.95213125147509,-5.24561506252682,-6.92078149460764,-9.09094833032474,-10.8686830490286,,,,Colombia,CO2
GCAM 5.3,R_MAC_95_n8,COL,Emissions|CO2|Energy and Industrial Processes,Mt CO2/yr,,,,64.5443396092297,,,77.6700196317675,,,,,88.5484725704583,,104.466538135424,,,,,101.749525291627,104.284615218006,104.960570169933,103.552296457637,99.2236128682321,91.9934782915568,81.8598837967367,67.1451168169943,46.9276094360312,26.6216277943124,11.2864765620601,-5.21042354183412,-25.6706572537516,-49.3755129317008,-68.0944993371533,-66.4740282253469,,,,Colombia,CO2
GCAM 5.3,R_MAC_95_n8,COL,Emissions|CO2|Energy|Demand,Mt CO2/yr,,,,45.9732026264073,,,51.0879941201835,,,,,60.2816178710265,,70.5230098660291,,,,,71.3664976523681,73.9191546688854,76.9373842071673,79.9993514511703,82.8641167117013,84.6162627942923,84.6384401562557,82.6916731436607,79.6664304032985,75.9123281383514,71.2038509912681,64.3557743446101,55.8900720037968,47.1516907112301,44.507205739941,49.4925132360058,,,,Colombia,CO2
GCAM 5.3,R_MAC_95_n8,COL,Emissions|CO2|Energy|Demand|Industry,Mt CO2/yr,,,,16.6921214044263,,,18.1178591694927,,,,,13.585844311714,,21.1297645550478,,,,,19.5636486261351,19.9330049478371,20.9171058141058,22.3223534887013,23.9588045526476,24.8067858005545,24.3681336658759,22.9563535827944,22.1757797363092,22.32901308679,21.8685420316171,20.0961629048023,17.3243554165467,14.2100403054922,15.8657546287295,19.6915388907797,,,,Colombia,CO2
GCAM 5.3,R_MAC_95_n8,COL,Emissions|CO2|Energy|Demand|Residential and Commercial,Mt CO2/yr,,,,4.67892520478074,,,4.99084576244402,,,,,11.617567707637,,12.3001225825445,,,,,12.6073672461771,12.7947613458283,12.7957489617254,12.6201415459891,12.0373675137281,11.1604253170781,9.7931055409908,7.97908301034875,6.05701263500223,4.22146398975983,2.66222616376573,1.55576569308005,0.833952224794417,0.423983018843394,0.208848944059262,0.191449686298341,,,,Colombia,CO2
GCAM 5.3,R_MAC_95_n8,COL,Emissions|CO2|Energy|Demand|Residential and Commercial|Commercial,Mt CO2/yr,,,,0.692133821705585,,,1.1892122489408,,,,,8.0825655376816,,8.43493935042357,,,,,8.77885445422343,8.87463103764831,8.83122562030232,8.65757504298306,8.20058560015444,7.57564949612883,6.64809604538379,5.44055757145145,4.14913934654555,2.89477288677869,1.81866956228059,1.05183169769859,0.552582770899612,0.271683188375382,0.13194688056767,0.1216170142366,,,,Colombia,CO2
GCAM 5.3,R_MAC_95_n8,COL,Emissions|CO2|Energy|Demand|Residential and Commercial|Residential,Mt CO2/yr,,,,3.98679138307516,,,3.80163351350322,,,,,3.53500216995541,,3.86518323212092,,,,,3.82851279195371,3.92013030818002,3.96452334142312,3.96256650300607,3.83678191357361,3.58477582094925,3.14500949560702,2.5385254388973,1.90787328845668,1.32669110298114,0.843556601485136,0.503933995381461,0.281369453894805,0.152299830468012,0.0769020634915921,0.0698326720617417,,,,Colombia,CO2
GCAM 5.3,R_MAC_95_n8,COL,Emissions|CO2|Energy|Demand|Transportation,Mt CO2/yr,,,,24.6021560172003,,,27.9792891882467,,,,,35.0782058516755,,37.0931227284369,,,,,39.1954817800558,41.19138837522,43.2245294313361,45.0568564164799,46.8679446453257,48.6490516766597,50.477200949389,51.7562365505175,51.433638031987,49.3618510618016,46.6730827958852,42.7038457467278,37.7317643624557,32.5176673868945,28.4326021671522,29.6095246589278,,,,Colombia,CO2
GCAM 5.3,R_MAC_95_n8,COL,Emissions|CO2|Energy|Supply,Mt CO2/yr,,,,10.9762612061677,,,18.9374519009956,,,,,20.6223913162849,,24.9473929520788,,,,,25.086410520255,25.700462967175,23.7560421563275,19.6328739191156,13.0539258642249,4.82538508000463,-4.4762019134236,-16.2874039255907,-32.0866147650891,-46.6487622743976,-55.0098583307665,-61.5766714237542,-69.1503303852489,-78.1530531912902,-89.9312744110414,-92.434119040558,,,,Colombia,CO2
GCAM 5.3,R_MAC_95_n8,COL,Emissions|CO2|Energy|Supply|Electricity,Mt CO2/yr,,,,6.32568079003691,,,10.4641435195851,,,,,16.5034285838117,,20.7265039632099,,,,,21.0122068035657,22.2813442539984,21.5669602791632,19.1891541182017,15.0688870634318,9.5118372282694,2.97208156718403,-4.94852721703624,-13.6442067785243,-20.0755307272267,-24.4151323683473,-26.9658115567784,-28.9861686701036,-30.8658835697895,-37.6031089102334,-42.5675079104538,,,,Colombia,CO2
GCAM 5.3,R_MAC_95_n8,COL,Emissions|CO2|Energy|Supply|Gases,Mt CO2/yr,,,,0.0,,,0.0,,,,,0.0,,0.0056528638373265,,,,,0.0057808638504038,0.0063037467530091,0.0084214266028311,0.012159436872988,0.0148391553395984,0.01722876659893,0.0140881345356944,0.0083695792978782,0.0043883435683853,0.0018585958017663,0.0006471214209345,0.0001948624603859,5.44908145053512e-05,1.48996665688147e-05,3.25401911428531e-06,3.55326074998626e-06,,,,Colombia,CO2
GCAM 5.3,R_MAC_95_n8,COL,Emissions|CO2|Energy|Supply|Liquids,Mt CO2/yr,,,,4.65058041613081,,,8.4733098480758,,,,,4.11896273247324,,4.19076465855846,,,,,4.04608997677657,3.40485802455193,2.20033221287835,0.4558071139389,-1.99150461712087,-4.63158882079747,-7.25890241591247,-10.7285361427696,-17.2483365996205,-24.8518504412484,-28.8060301587876,-32.7965773501044,-38.258690664256,-45.2059908379115,-46.8162398983668,-44.7758448175905,,,,Colombia,CO2
GCAM 5.3,R_MAC_95_n8,COL,Emissions|CO2|Energy|Supply|Solids,Mt CO2/yr,,,,0.0,,,-1.46666532091234e-06,,,,,0.0,,-6.59999450966611e-06,,,,,-2.56666616147093e-05,0.0,0.0,0.0,0.0,0.0,-3.66665464404446e-06,-1.20999638698733e-05,0.0,0.0,0.0,0.0,-5.13333541384631e-07,-3.66667288356151e-08,0.0,-3.66665780386113e-07,,,,Colombia,CO2
GCAM 5.3,R_MAC_95_n8,COL,Emissions|CO2|Industrial Processes,Mt CO2/yr,,,,7.59487577665465,,,7.64457361058838,,,,,7.64446338314692,,8.99613531731588,,,,,5.29661711900445,4.6649975819456,4.26714380643856,3.92007108735066,3.30557029230588,2.55183041725982,1.69764555390453,0.740847598924303,-0.652206202178177,-2.64193806964146,-4.90751609844151,-7.98952646269,-12.4103988722995,-18.3741504516407,-22.6704306660528,-23.5324224207947,,,,Colombia,CO2
GCAM 5.3,R_MAC_95_n8,COL,Emissions|N2O|AFOLU,Mt CO2e/yr,,,,29.2431884504517,,,31.669648044278517,,,,,32.29244334093305,,34.85217200085921,,,,,37.422873943844024,40.53194726955901,43.7123866508986,46.75454549922456,49.93215895588475,52.62486123003264,54.646926582695535,56.75384771126207,58.433978879417225,59.47687704511125,60.70338857186167,61.88942169534743,62.78949416006003,63.50138549749886,63.70577952066865,63.75046492617976,,,,Colombia,N2O
GCAM 5.3,R_MAC_99_n0,COL,Carbon Sequestration|CCS|Biomass,Mt CO2/yr,,,,0.0,,,0.0,,,,,0.0,,0.0,,,,,0.416372903185412,1.74892531865986,3.99176080588731,6.81027843411616,10.1645208317139,13.7432095927159,17.5356337594817,22.1341600435295,28.3751139558889,37.1742492684769,47.2437296332175,55.5018117906188,61.7173037542635,66.8467801791461,71.7571041595525,77.2687075384877,,,,Colombia,
GCAM 5.3,R_MAC_99_n0,COL,Emissions|CH4|AFOLU,Mt CO2e/yr,,,,48.01866203466192,,,51.75003652344876,,,,,52.81537924690356,,56.281527744718076,,,,,60.315185045865405,64.80914781784996,69.04183244300775,72.9861826384852,76.72992601303427,80.02488430449436,82.56681190113413,84.25853569014812,85.96509166268521,87.05624814343464,87.52224357524844,87.38859053393924,86.74954543730664,85.73356511184164,84.42316572556776,82.92960027003092,,,,Colombia,CH4
GCAM 5.3,R_MAC_99_n0,COL,Emissions|CO2|AFOLU,Mt CO2/yr,,,,-25.1634470148442,,,-29.1851374005037,,,,,14.214518541358,,7.88057268250999,,,,,8.65030086316953,9.1005620562871,12.2482823699026,10.9814540685022,11.1542728270653,7.3224308927588,3.31932619817358,0.239608273564437,-1.13920177682422,-2.07936806280231,-1.64391193381035,-2.14692107929825,-3.54767246775873,-4.56465479176792,-5.84079386887274,-7.41139036663456,,,,Colombia,CO2
GCAM 5.3,R_MAC_99_n0,COL,Emissions|CO2|Energy and Industrial Processes,Mt CO2/yr,,,,64.5443396092297,,,77.6700196317675,,,,,88.5484725704583,,104.466538135424,,,,,103.684412355983,107.763094288542,110.644476430219,112.214310179605,112.106573792945,109.921191228451,105.491865838754,99.0276228586654,89.7173296839343,77.9690040909384,63.8936263448957,50.6494619172587,37.3567218540511,23.1872103166743,7.43975345513341,-10.6798170019905,,,,Colombia,CO2
GCAM 5.3,R_MAC_99_n0,COL,Emissions|CO2|Energy|Demand,Mt CO2/yr,,,,45.9732026264073,,,51.0879941201835,,,,,60.2816178710265,,70.5230098660291,,,,,72.4737638259934,75.6732817788647,79.4484736029715,83.5667601699897,88.063812647319,92.0624973886542,95.0764304141878,97.3987736044092,99.2788997574898,100.411713330306,100.46259014204,98.5282563431479,94.0505646184377,88.0036210308522,80.9571618526181,73.25407609918,,,,Colombia,CO2
GCAM 5.3,R_MAC_99_n0,COL,Emissions|CO2|Energy|Demand|Industry,Mt CO2/yr,,,,16.6921214044263,,,18.1178591694927,,,,,13.585844311714,,21.1297645550478,,,,,20.2785880389083,20.9028810484972,22.2244328512877,24.2007342347867,26.7535763319243,28.950981204203,30.1581450385361,30.9275397225439,32.2588681660683,34.390064500087,36.5267883442734,37.3683483121783,36.243395781696,34.0997274338002,31.4089646418866,28.2312766447622,,,,Colombia,CO2
GCAM 5.3,R_MAC_99_n0,COL,Emissions|CO2|Energy|Demand|Residential and Commercial,Mt CO2/yr,,,,4.67892520478074,,,4.99084576244402,,,,,11.617567707637,,12.3001225825445,,,,,12.8016634259464,13.1732154479531,13.3752598006667,13.4269454101266,13.1686162945408,12.6716894945976,11.7998549408686,10.5917479588974,9.08280039503559,7.36846839795401,5.7164975652526,4.24204356355723,2.93911253869432,1.93191213850232,1.23519619837921,0.763588994373344,,,,Colombia,CO2
GCAM 5.3,R_MAC_99_n0,COL,Emissions|CO2|Energy|Demand|Residential and Commercial|Commercial,Mt CO2/yr,,,,0.692133821705585,,,1.1892122489408,,,,,8.0825655376816,,8.43493935042357,,,,,8.88851983146077,9.10119349514547,9.18652645901763,9.15922340579496,8.91000549113944,8.52825174014373,7.92108100776226,7.10741373083885,6.10023129329991,4.95705491499423,3.84269517528277,2.84470893231322,1.96516711944587,1.28761471695054,0.818770187462487,0.501630797411945,,,,Colombia,CO2
GCAM 5.3,R_MAC_99_n0,COL,Emissions|CO2|Energy|Demand|Residential and Commercial|Residential,Mt CO2/yr,,,,3.98679138307516,,,3.80163351350322,,,,,3.53500216995541,,3.86518323212092,,,,,3.91314359448565,4.07202195280766,4.18873334164907,4.26772200433163,4.25861080340131,4.14343775445384,3.8787739331063,3.48433422805852,2.98256910173568,2.41141348295978,1.87380238996982,1.397334631244,0.973945419248445,0.644297421551779,0.416426010916727,0.261958196961399,,,,Colombia,CO2
GCAM 5.3,R_MAC_99_n0,COL,Emissions|CO2|Energy|Demand|Transportation,Mt CO2/yr,,,,24.6021560172003,,,27.9792891882467,,,,,35.0782058516755,,37.0931227284369,,,,,39.3935123611387,41.5971852824144,43.8487809510171,45.9390805250764,48.141620020854,50.4398266898536,53.1184304347832,55.8794859229679,57.9372311963859,58.6531804322655,58.2193042325145,56.9178644674123,54.8680562980474,51.9719814585497,48.3130010123522,44.2592104600445,,,,Colombia,CO2
GCAM 5.3,R_MAC_99_n0,COL,Emissions|CO2|Energy|Supply,Mt CO2/yr,,,,10.9762612061677,,,18.9374519009956,,,,,20.6223913162849,,24.9473929520788,,,,,25.5347544178412,27.018519286084,26.498960918979,24.235178166974,20.1380655682358,14.5916989013241,7.87177449898095,-0.209076660088134,-10.5816644132108,-22.3159437260196,-34.9049550606078,-44.3769063646154,-51.0225828015113,-56.5484604673802,-62.0666900702042,-68.6153408252435,,,,Colombia,CO2
GCAM 5.3,R_MAC_99_n0,COL,Emissions|CO2|Energy|Supply|Electricity,Mt CO2/yr,,,,6.32568079003691,,,10.4641435195851,,,,,16.5034285838117,,20.7265039632099,,,,,21.3905773609173,23.3529300441153,23.7974897643848,22.9373276276517,20.7639329146904,17.1937416361824,12.1822131087011,5.76589140219816,-2.10819474963923,-9.23415162204228,-15.9970953387342,-20.6272759988795,-23.854152305214,-26.2003450095213,-28.0057049126058,-30.3077744612754,,,,Colombia,CO2
GCAM 5.3,R_MAC_99_n0,COL,Emissions|CO2|Energy|Supply|Gases,Mt CO2/yr,,,,0.0,,,0.0,,,,,0.0,,0.0056528638373265,,,,,0.0065766798667178,0.0075471801664011,0.0103887263859351,0.0156970590802093,0.0207133629867049,0.0272757376806233,0.0277244924458472,0.0232153348195562,0.0178248865482694,0.0108473454205716,0.0060061588554352,0.0030159854917699,0.0013548768053044,0.0006557723209398,0.0003113843370282,0.0001442539191716,,,,Colombia,CO2
GCAM 5.3,R_MAC_99_n0,COL,Emissions|CO2|Energy|Supply|Liquids,Mt CO2/yr,,,,4.65058041613081,,,8.4733098480758,,,,,4.11896273247324,,4.19076465855846,,,,,4.10917508396367,3.63381412515601,2.68004807937442,1.26201297922219,-0.673434125988881,-2.65664446255043,-4.32106179160585,-5.83000084714531,-8.07038851985022,-12.1701560903367,-17.6855458618544,-22.4520702271546,-25.901165570449,-29.0016192197718,-32.5128819767588,-36.5995790592534,,,,Colombia,CO2
GCAM 5.3,R_MAC_99_n0,COL,Emissions|CO2|Energy|Supply|Solids,Mt CO2/yr,,,,0.0,,,-1.46666532091234e-06,,,,,0.0,,-6.59999450966611e-06,,,,,0.0,-1.46666504864217e-05,0.0,-2.93333071606374e-05,0.0,-3.66666823420011e-06,0.0,0.0,-7.33331327910753e-07,-1.86999095792816e-05,0.0,0.0,0.0,0.0,0.0,-1.20999721999216e-06,,,,Colombia,CO2
GCAM 5.3,R_MAC_99_n0,COL,Emissions|CO2|Industrial Processes,Mt CO2/yr,,,,7.59487577665465,,,7.64457361058838,,,,,7.64446338314692,,8.99613531731588,,,,,5.67589411214799,5.0712932235935,4.69704190826873,4.41237184264167,3.90469557739015,3.26699493847292,2.54366092558533,1.83792591434439,1.02009433965527,-0.126765513348467,-1.66400873653699,-3.50188806127382,-5.67125996287526,-8.26795024679778,-11.4507183272805,-15.3185522759269,,,,Colombia,CO2
GCAM 5.3,R_MAC_99_n0,COL,Emissions|N2O|AFOLU,Mt CO2e/yr,,,,29.2431884504517,,,31.669648044278517,,,,,32.29244334093305,,34.85217200085921,,,,,37.3770866591435,40.40113826386474,43.50295833658266,46.45938111004199,49.5736730830573,52.29701312902057,54.27476967634749,55.67592534056335,57.497607834478266,58.8797500451373,59.93832246519609,60.52187603342407,61.11413772771734,61.98978536676826,62.635502629608915,63.15850440114879,,,,Colombia,N2O
GCAM 5.3,R_MAC_99_n8,COL,Carbon Sequestration|CCS|Biomass,Mt CO2/yr,,,,0.0,,,0.0,,,,,0.0,,0.0,,,,,0.468527878926773,2.06508894606868,4.73424730305275,8.06425462311399,12.096613000692,16.4923937306417,21.426238182173,28.1585673458695,38.2573862312772,50.723772405585,59.6631736684577,66.0385317805357,72.3082772591338,79.1195654838631,86.5105426498157,99.6100335264097,,,,Colombia,
GCAM 5.3,R_MAC_99_n8,COL,Emissions|CH4|AFOLU,Mt CO2e/yr,,,,48.01866203466192,,,51.75003652344876,,,,,52.81537924690356,,56.281527744718076,,,,,60.280937276950596,64.79727486849288,69.01479142670588,72.90023572769252,76.5348253027764,79.63301301078761,81.69221007730243,83.78291437853653,85.21008145415108,85.87244976333632,85.88008215365208,85.25728127235591,84.19672798441212,82.8993950038814,81.4072700846538,79.52046650190468,,,,Colombia,CH4
GCAM 5.3,R_MAC_99_n8,COL,Emissions|CO2|AFOLU,Mt CO2/yr,,,,-25.1634470148442,,,-29.1851374005037,,,,,14.214518541358,,7.88057268250999,,,,,8.52483881583656,9.12572827250876,12.1896405941382,10.6741184806132,11.0956923626099,6.30440734970212,2.42612903725891,0.11345171417294,-0.917403610859383,-0.727391727577703,-1.71290123592652,-3.30950084103124,-4.65424356085371,-6.11973032587919,-7.87180440191773,-10.0160915760013,,,,Colombia,CO2
GCAM 5.3,R_MAC_99_n8,COL,Emissions|CO2|Energy and Industrial Processes,Mt CO2/yr,,,,64.5443396092297,,,77.6700196317675,,,,,88.5484725704583,,104.466538135424,,,,,102.278150507091,105.236292294686,106.536034866077,105.978903433811,102.89242022619,97.1445689987172,88.7831306296471,76.752534946808,59.9284553194632,40.7260193071519,25.6260013610431,11.1925419090489,-6.04078767643215,-26.7777830554623,-50.4660284886434,-67.4856813775129,,,,Colombia,CO2
GCAM 5.3,R_MAC_99_n8,COL,Emissions|CO2|Energy|Demand,Mt CO2/yr,,,,45.9732026264073,,,51.0879941201835,,,,,60.2816178710265,,70.5230098660291,,,,,71.6736654410822,74.3970339158393,77.6239296402707,80.9850014778384,84.3395080707036,86.7865696802138,87.7787228976052,87.106121873183,85.5152345800088,83.1189099221809,79.8917996725595,74.396869254243,67.149466881487,58.8774765805582,49.928342203294,49.5025045580117,,,,Colombia,CO2
GCAM 5.3,R_MAC_99_n8,COL,Emissions|CO2|Energy|Demand|Industry,Mt CO2/yr,,,,16.6921214044263,,,18.1178591694927,,,,,13.585844311714,,21.1297645550478,,,,,19.7610938114015,20.1927883564426,21.2696370883264,22.8354135537478,24.745532812231,26.0081287390934,26.1014772764084,25.3183980505188,25.1114801313958,25.9472363149327,26.3603163617713,25.237978984721,23.0772688201948,20.2430199299353,16.5420418374742,19.7818973538436,,,,Colombia,CO2
GCAM 5.3,R_MAC_99_n8,COL,Emissions|CO2|Energy|Demand|Residential and Commercial,Mt CO2/yr,,,,4.67892520478074,,,4.99084576244402,,,,,11.617567707637,,12.3001225825445,,,,,12.6621944725144,12.9001049001394,12.9557999329342,12.8442697999753,12.3577255366875,11.5953075894817,10.3807348534545,8.72118374666377,6.88326517088013,5.04182713066734,3.41408673314842,2.143013270134,1.23491060194832,0.674600406696478,0.365005065506669,0.181553662858781,,,,Colombia,CO2
GCAM 5.3,R_MAC_99_n8,COL,Emissions|CO2|Energy|Demand|Residential and Commercial|Commercial,Mt CO2/yr,,,,0.692133821705585,,,1.1892122489408,,,,,8.0825655376816,,8.43493935042357,,,,,8.80987377978834,8.93783773664031,8.92957836863085,8.79725678067438,8.40200087421704,7.85058544449694,7.02211277615219,5.91630841739338,4.68763868262897,3.44001208357512,2.32338681372687,1.44911688785391,0.824849092047106,0.441250418182291,0.231527263879672,0.115333132847315,,,,Colombia,CO2
GCAM 5.3,R_MAC_99_n8,COL,Emissions|CO2|Energy|Demand|Residential and Commercial|Residential,Mt CO2/yr,,,,3.98679138307516,,,3.80163351350322,,,,,3.53500216995541,,3.86518323212092,,,,,3.85232069272608,3.96226716349912,4.02622156430334,4.04701301930091,3.95572466247042,3.7447221449848,3.35862207730232,2.80487532927039,2.19562648825116,1.60181504709222,1.09069991942155,0.693896382280092,0.41006150990121,0.233349988514188,0.133477801626997,0.0662205300114668,,,,Colombia,CO2
GCAM 5.3,R_MAC_99_n8,COL,Emissions|CO2|Energy|Demand|Transportation,Mt CO2/yr,,,,24.6021560172003,,,27.9792891882467,,,,,35.0782058516755,,37.0931227284369,,,,,39.2503771571663,41.3041406592573,43.3984926190102,45.3053181241153,47.2362497217852,49.1831333516387,51.2965107677423,53.0665400760005,53.5204892777328,52.1298464765809,50.1173965776397,47.015876999388,42.8372874593438,37.9598562439264,33.0212953003131,29.5390535413094,,,,Colombia,CO2
GCAM 5.3,R_MAC_99_n8,COL,Emissions|CO2|Energy|Supply,Mt CO2/yr,,,,10.9762612061677,,,18.9374519009956,,,,,20.6223913162849,,24.9473929520788,,,,,25.2061702050085,26.0688836560348,24.5342111391468,20.9460461403392,15.0892053467192,7.61310693472936,-0.930835190093268,-11.4206465683723,-25.4707619950088,-40.4931895809406,-50.3366462645658,-56.7143380547589,-63.1560645527384,-70.7488629964009,-79.3927902136103,-93.1091726964154,,,,Colombia,CO2
GCAM 5.3,R_MAC_99_n8,COL,Emissions|CO2|Energy|Supply|Electricity,Mt CO2/yr,,,,6.32568079003691,,,10.4641435195851,,,,,16.5034285838117,,20.7265039632099,,,,,21.1119534017342,22.5787440692631,22.1968402041874,20.2539477804899,16.6908480817721,11.6601971309874,5.49876824065884,-1.98777850651644,-10.5442224376586,-17.5053685048656,-22.5216893944008,-25.3975522243763,-27.5340800238605,-29.2982830004609,-30.8779409038311,-41.128689451027,,,,Colombia,CO2
GCAM 5.3,R_MAC_99_n8,COL,Emissions|CO2|Energy|Supply|Gases,Mt CO2/yr,,,,0.0,,,0.0,,,,,0.0,,0.0056528638373265,,,,,0.0059938676741701,0.0066184402874456,0.0089139434097968,0.0130473319992691,0.0163227817319429,0.019758661744763,0.0174170140236789,0.0115573249666357,0.0067893759633226,0.0031942922011384,0.0013013464334385,0.0004502029271037,0.0001397697226302,4.3243563134326e-05,1.58896797630241e-05,3.71311470129439e-06,,,,Colombia,CO2
GCAM 5.3,R_MAC_99_n8,COL,Emissions|CO2|Energy|Supply|Liquids,Mt CO2/yr,,,,4.65058041613081,,,8.4733098480758,,,,,4.11896273247324,,4.19076465855846,,,,,4.06418192487283,3.47106566767441,2.33945077739831,0.690537153718692,-1.59917775191085,-4.02617440209203,-6.30770262926399,-8.98847538829097,-13.9837024678278,-21.45669628025,-26.1807246644813,-29.7064111106165,-33.9738819408891,-39.6869478862835,-46.5218305134812,-46.0090293637016,,,,Colombia,CO2
GCAM 5.3,R_MAC_99_n8,COL,Emissions|CO2|Energy|Supply|Solids,Mt CO2/yr,,,,0.0,,,-1.46666532091234e-06,,,,,0.0,,-6.59999450966611e-06,,,,,0.0,0.0,-1.46666591592992e-05,0.0,-1.46666547941321e-05,-3.3000025520632e-05,0.0,-1.02666392428774e-05,-1.50332805577751e-05,-1.39332786275216e-05,-2.93333304407777e-06,0.0,-4.76665863734469e-07,0.0,-7.33332309266487e-08,-7.333339381555e-08,,,,Colombia,CO2
GCAM 5.3,R_MAC_99_n8,COL,Emissions|CO2|Industrial Processes,Mt CO2/yr,,,,7.59487577665465,,,7.64457361058838,,,,,7.64446338314692,,8.99613531731588,,,,,5.39831486100043,4.77037472281162,4.3778940866597,4.04785581563383,3.46370680876667,2.74489238377404,1.93524292213521,1.06705964199736,-0.116017265536786,-1.89970103408839,-3.92915204695069,-6.48998929043518,-10.0341900051808,-14.9063966396195,-21.0015804783271,-23.8790132391093,,,,Colombia,CO2
GCAM 5.3,R_MAC_99_n8,COL,Emissions|N2O|AFOLU,Mt CO2e/yr,,,,29.2431884504517,,,31.669648044278517,,,,,32.29244334093305,,34.85217200085921,,,,,37.411181291633326,40.49652268380974,43.65666071190797,46.67324534236701,49.839612806474946,52.55275046000807,54.35923709978881,56.50033456623929,58.18996632772924,59.42251018660184,60.17523706475982,61.444224446841325,62.367585113292456,63.15830797971267,63.70495707507559,63.773247416372406,,,,Colombia,N2O
GCAM 5.3,SSP1-DACCS-1p9-3pctHR,COL,Carbon Sequestration|CCS|Biomass,Mt CO2/yr,,,,0.0,,,0.0,,,,,0.0,,0.198600002054544,,,,,2.52172688358121,7.10322563541439,12.79842762116,18.5902670760241,27.5021301971934,38.5667140803979,53.94962956644,67.8406490215932,79.4496621567327,91.7542489134344,99.6102890459452,101.605232745333,99.7729017518933,95.916281685511,91.8441810439176,85.4624868551829,,,,Colombia,
GCAM 5.3,SSP1-DACCS-1p9-3pctHR,COL,Carbon Sequestration|Direct Air Capture,Mt CO2/yr,,,,0.0,,,0.0,,,,,0.0,,0.0,,,,,0.0060592613775085,0.339673515212741,0.470742956351477,0.551066876309451,3.01150782695355,8.95465793542664,28.0642129248742,49.894417315019,64.8501817537479,74.4759683843635,75.348276719976,74.1288196113016,70.6269010055494,65.3849892688523,59.7291931511721,52.8481773783676,,,,Colombia,
GCAM 5.3,SSP1-DACCS-1p9-3pctHR,COL,Emissions|CH4|AFOLU,Mt CO2e/yr,,,,48.9609887305028,,,50.98532983971812,,,,,45.02131351917108,,45.22665927284484,,,,,46.006797946816285,46.21170160562928,46.56802542326536,46.80600801516052,47.01720887641848,47.47683807742456,47.56521962317832,47.213367623864116,46.595937985912556,45.8435049751182,44.840321766065,43.733885388599,42.535030459275205,41.17637686038996,39.7544307850046,38.13822170935784,,,,Colombia,CH4
GCAM 5.3,SSP1-DACCS-1p9-3pctHR,COL,Emissions|CO2|AFOLU,Mt CO2/yr,,,,-25.1408773918427,,,-28.772478333434,,,,,21.0498930941589,,-20.4181974579121,,,,,1.31787667130169,-115.606140903434,-115.024110156776,-139.276226847571,-156.868206289619,-164.348410253083,-166.923280159671,-151.33589862871,-121.703954020633,-93.4433189061699,-67.4645660629229,-48.3756747396814,-39.9585045482684,-32.109476747784,-28.4421950441178,-28.4928262601812,,,,Colombia,CO2
GCAM 5.3,SSP1-DACCS-1p9-3pctHR,COL,Emissions|CO2|Energy and Industrial Processes,Mt CO2/yr,,,,64.5446472220988,,,77.6701851238493,,,,,93.5801178411618,,96.45761222117,,,,,80.0783223146932,69.3540127729567,57.1750247050449,44.8435282141859,23.5342748079501,-5.19444853934215,-53.2284304098051,-99.9812062265058,-135.489934982745,-166.564472259274,-182.293795723124,-186.047187502161,-182.402934242239,-174.779789734676,-166.404062526838,-153.939906992898,,,,Colombia,CO2
GCAM 5.3,SSP1-DACCS-1p9-3pctHR,COL,Emissions|CO2|Energy|Demand,Mt CO2/yr,,,,45.9735241485503,,,51.0881909500718,,,,,65.3330404738734,,64.9856029598039,,,,,55.6754587945172,50.1726259203017,45.3131409480346,41.0832072425988,36.0439752098805,30.6067382064399,24.9134742358576,20.4287809433179,16.1791132957001,11.2683370334908,6.91372148486855,4.65716552138726,3.47644539230646,2.60827206449627,1.91793497978714,1.42797256082687,,,,Colombia,CO2
GCAM 5.3,SSP1-DACCS-1p9-3pctHR,COL,Emissions|CO2|Energy|Demand|Industry,Mt CO2/yr,,,,16.6921618880442,,,18.1178302254524,,,,,13.5859168736136,,12.1096624525832,,,,,7.83867065028981,7.44848988751161,7.27556993088134,7.0582254924034,6.52470436556611,5.71277749046663,4.75799301075521,3.88635911496882,3.0701640835313,2.37246157406374,1.77853126099317,1.31822265132018,0.958728282916998,0.689288940644856,0.498212793879759,0.366710985839704,,,,Colombia,CO2
GCAM 5.3,SSP1-DACCS-1p9-3pctHR,COL,Emissions|CO2|Energy|Demand|Residential and Commercial,Mt CO2/yr,,,,4.67891990375123,,,4.99085182563537,,,,,11.6190803407418,,11.5539308152024,,,,,10.0888281084428,10.2669905541865,10.3645504377665,9.8640512600228,8.79011363047457,7.48863534504312,6.06770661912048,4.77884798206637,3.60702397309532,2.58230169476939,1.78464389611187,1.28565481501466,0.93218152437787,0.659656761494648,0.45500794107312,0.312791357761396,,,,Colombia,CO2
GCAM 5.3,SSP1-DACCS-1p9-3pctHR,COL,Emissions|CO2|Energy|Demand|Residential and Commercial|Commercial,Mt CO2/yr,,,,0.69213117390248,,,1.18921171902927,,,,,8.08381770393812,,8.03800571770284,,,,,7.24157733484822,7.27037481782967,7.21055193136544,6.74185247229591,5.89527341786494,4.94921913543872,3.94498237645478,3.072395898927,2.29520271867558,1.60661598411362,1.08047246726569,0.772928832592756,0.563684571906843,0.40157034932886,0.278418942159564,0.192279119520313,,,,Colombia,CO2
GCAM 5.3,SSP1-DACCS-1p9-3pctHR,COL,Emissions|CO2|Energy|Demand|Residential and Commercial|Residential,Mt CO2/yr,,,,3.98678872984875,,,3.80164010660609,,,,,3.53526263680371,,3.5159250974996,,,,,2.84725077359457,2.99661573635685,3.15399850640102,3.12219878772689,2.89484021260963,2.53941620960439,2.1227242426657,1.70645208313938,1.31182125441974,0.975685710655772,0.704171428846182,0.512725982421908,0.368496952471026,0.258086412165788,0.176588998913556,0.120512238241083,,,,Colombia,CO2
GCAM 5.3,SSP1-DACCS-1p9-3pctHR,COL,Emissions|CO2|Energy|Demand|Transportation,Mt CO2/yr,,,,24.6024423567548,,,27.979508898984,,,,,40.1280432595179,,41.3220096920183,,,,,37.7479600357846,32.4571454786036,27.6730205793868,24.1609304901726,20.7291572138398,17.4053253709301,14.0877746059819,11.7635738462828,9.50192523907348,6.31357376465771,3.35054632776351,2.05328805505242,1.58553558501159,1.25932636235676,0.964714244834263,0.748470217225766,,,,Colombia,CO2
GCAM 5.3,SSP1-DACCS-1p9-3pctHR,COL,Emissions|CO2|Energy|Supply,Mt CO2/yr,,,,10.9762467911051,,,18.9374212779191,,,,,20.6020817481478,,24.7582843571562,,,,,20.8206139491872,16.1313591842934,9.35027683134703,1.99219841408469,-10.1505443962711,-25.5930193152374,-46.5532301743661,-64.9926456298666,-79.2741512540632,-93.2418017504341,-101.136764123721,-102.079355763344,-99.5270132597976,-95.2976424141707,-91.0801901267403,-84.4897524154681,,,,Colombia,CO2
GCAM 5.3,SSP1-DACCS-1p9-3pctHR,COL,Emissions|CO2|Energy|Supply|Electricity,Mt CO2/yr,,,,6.32566820166052,,,10.4640760590638,,,,,16.4833756128271,,20.8171278909656,,,,,18.1352320287259,15.632012019907,11.8377993091283,7.76548409997613,1.01688187536632,-7.99234733713045,-20.1063897659542,-32.1993233567296,-41.9552587215252,-49.4261195408976,-54.1189067139485,-56.4848466474018,-57.4031310702886,-57.2776091955551,-57.098545177126,-55.2075736434834,,,,Colombia,CO2
GCAM 5.3,SSP1-DACCS-1p9-3pctHR,COL,Emissions|CO2|Energy|Supply|Gases,Mt CO2/yr,,,,0.0,,,0.0,,,,,0.0,,0.0021433347600682,,,,,0.001332526912152,0.001554289064654,0.001829858942221,0.0020710793033981,0.0017932978834611,0.0014438426089425,0.0010390178650675,0.0007498253957953,0.0005385832283454,0.0003526003996118,0.0002079582989838,0.0001147883496498,5.79586514951483e-05,2.86774213949314e-05,1.36015862905424e-05,5.90336039050538e-06,,,,Colombia,CO2
GCAM 5.3,SSP1-DACCS-1p9-3pctHR,COL,Emissions|CO2|Energy|Supply|Liquids,Mt CO2/yr,,,,4.65058042278,,,8.47334668552092,,,,,4.11870613532062,,3.93531660858492,,,,,2.69036143027494,0.517604317039841,-2.45371052344695,-5.73528381060795,-11.0803660848743,-17.4283493200659,-26.1255253570211,-32.3606508649989,-36.9101832111066,-43.3997756112888,-46.6814675324866,-45.3602793510797,-41.941451275953,-37.8638749898642,-33.8232775382259,-29.163519953853,,,,Colombia,CO2
GCAM 5.3,SSP1-DACCS-1p9-3pctHR,COL,Emissions|CO2|Energy|Supply|Solids,Mt CO2/yr,,,,-1.83333538543514e-06,,,-1.46666562050543e-06,,,,,0.0,,-1.83333329098898e-05,,,,,0.0,-1.46666647498297e-05,0.0,0.0,-4.03332595517063e-05,-1.83333210890321e-05,-3.66665473210222e-05,0.0,-2.56666292740775e-06,0.0,0.0,-2.19999791874013e-06,0.0,0.0,-2.01665973882358e-06,0.0,,,,Colombia,CO2
GCAM 5.3,SSP1-DACCS-1p9-3pctHR,COL,Emissions|CO2|Industrial Processes,Mt CO2/yr,,,,7.59487628244341,,,7.64457289585839,,,,,7.64499561914071,,6.71372490420991,,,,,3.58235393936565,3.05352945452876,2.51616979714083,1.77297158801017,-2.33206086489767,-10.1330187519529,-31.3685549451975,-55.0389601520276,-71.9132255320976,-84.0453292853442,-87.5002770875639,-88.0578075936751,-85.8064864307173,-81.5807831592556,-76.7778619153317,-70.4706755179357,,,,Colombia,CO2
GCAM 5.3,SSP1-DACCS-1p9-3pctHR,COL,Emissions|N2O|AFOLU,Mt CO2e/yr,,,,16.662201241100686,,,18.08745465935008,,,,,16.542068429329717,,17.123366344373565,,,,,18.03918923599365,18.69960188638351,19.556989476621595,20.400485908493966,21.310925695394246,22.282712014522595,22.94863921097966,23.099428846708577,22.960536954903912,22.759342003265594,22.347291496571497,21.815650954120816,21.290085653997345,20.72604530917366,20.162676822363622,19.50589780412637,,,,Colombia,N2O
GCAM 5.3,SSP1-DACCS-2p6-3pctHR,COL,Carbon Sequestration|CCS|Biomass,Mt CO2/yr,,,,0.0,,,0.0,,,,,0.0,,0.198600002054544,,,,,0.466605221751986,0.953204074654908,1.95218277247114,3.98405303918661,6.78451487344069,9.48493375559996,11.7288813465952,14.4938195686198,19.3523158136346,28.1899928527264,40.7960752630671,54.7023940952778,70.4946688776057,76.038592179932,79.5867756244941,80.9378947436564,,,,Colombia,
GCAM 5.3,SSP1-DACCS-2p6-3pctHR,COL,Carbon Sequestration|Direct Air Capture,Mt CO2/yr,,,,0.0,,,0.0,,,,,0.0,,0.0,,,,,0.0012212054810186,0.067953323844241,0.106272813661164,0.141592628872056,0.18072286642935,0.21683341304546,0.24457057556702,0.496656077498859,1.53937915643351,4.68427248299537,11.1262851903304,30.4379054494781,85.8984347096776,103.605584418634,109.944460027272,110.283586674666,,,,Colombia,
GCAM 5.3,SSP1-DACCS-2p6-3pctHR,COL,Emissions|CH4|AFOLU,Mt CO2e/yr,,,,48.9609887305028,,,50.98532983971812,,,,,45.02131351917108,,45.22665647278884,,,,,46.01024371019832,46.15843304085692,46.343467224159,46.45782505556444,46.74620610415056,46.89414665724852,46.68663776197932,46.3178460647224,45.754040757433955,44.964454822281404,44.42945612924588,43.828343418380925,43.10672960019552,41.56581363331572,39.89304159244712,38.09269669103808,,,,Colombia,CH4
GCAM 5.3,SSP1-DACCS-2p6-3pctHR,COL,Emissions|CO2|AFOLU,Mt CO2/yr,,,,-25.1408773918427,,,-28.772478333434,,,,,21.0498930941589,,-20.4181980389644,,,,,-6.77882816464039,-72.727929381088,-71.7301188293579,-90.8533590497423,-108.857700695539,-121.894052752586,-134.930256634347,-125.636341901803,-113.97906192876,-102.727640281678,-92.5556871083811,-84.1232968480647,-77.0649857279623,-65.2257324953318,-57.2524058711962,-49.0141086225907,,,,Colombia,CO2
GCAM 5.3,SSP1-DACCS-2p6-3pctHR,COL,Emissions|CO2|Energy and Industrial Processes,Mt CO2/yr,,,,64.5446472220988,,,77.6701851238493,,,,,93.5801178411618,,96.4576118545033,,,,,95.2287824774389,97.2808124065422,97.773514107682,94.1420168811162,86.3625348170939,76.4569863318734,66.8338556354136,54.9855879529411,36.1563823215712,8.10344173752163,-28.9156505012826,-76.9918624382205,-159.422082716412,-185.804899506584,-197.662123613148,-201.277256680648,,,,Colombia,CO2
GCAM 5.3,SSP1-DACCS-2p6-3pctHR,COL,Emissions|CO2|Energy|Demand,Mt CO2/yr,,,,45.9735241485503,,,51.0881909500718,,,,,65.3330404738734,,64.9856029609445,,,,,61.960276398815,59.2398721138334,56.9721275697703,53.9631848602847,50.0203487134472,45.7600422671377,42.3035303315039,39.1427180269003,34.5228266104702,27.7054384038755,19.9509603261392,13.9707835882993,10.1033460767027,8.37899681885472,7.05836094256533,5.77548096352299,,,,Colombia,CO2
GCAM 5.3,SSP1-DACCS-2p6-3pctHR,COL,Emissions|CO2|Energy|Demand|Industry,Mt CO2/yr,,,,16.6921618880442,,,18.1178302254524,,,,,13.5859168736136,,12.1096624537238,,,,,10.6339406254461,10.4928449280087,10.6177843620176,10.592129921986,10.2614720094001,9.64648398496227,8.75728500964984,7.69277493409953,6.59659745953335,5.59304897820681,4.64064324965749,3.77901333631803,3.00938179390758,2.37539145127481,1.81713584092158,1.3561782764966,,,,Colombia,CO2
GCAM 5.3,SSP1-DACCS-2p6-3pctHR,COL,Emissions|CO2|Energy|Demand|Residential and Commercial,Mt CO2/yr,,,,4.67891990375123,,,4.99085182563537,,,,,11.6190803407418,,11.5539308152024,,,,,11.3070068611918,12.0260691297859,12.8405327130514,12.9108552346297,12.3339617174049,11.447510880368,10.4691141768591,9.35004234602898,7.95361272111037,6.39632359229451,4.85138671743142,3.62456290063719,2.7204106074561,2.13781194492652,1.64325144577805,1.23329025884018,,,,Colombia,CO2
GCAM 5.3,SSP1-DACCS-2p6-3pctHR,COL,Emissions|CO2|Energy|Demand|Residential and Commercial|Commercial,Mt CO2/yr,,,,0.69213117390248,,,1.18921171902927,,,,,8.08381770393812,,8.03800571770284,,,,,7.92727969457962,8.33944845229122,8.77672101225064,8.669502247742,8.11217316395503,7.41876794962867,6.71774236765164,5.96979375360999,5.04506385182012,3.99429502024616,2.95537950740803,2.1614786635043,1.60494317287839,1.27200201189003,0.988262735762899,0.748003465511891,,,,Colombia,CO2
GCAM 5.3,SSP1-DACCS-2p6-3pctHR,COL,Emissions|CO2|Energy|Demand|Residential and Commercial|Residential,Mt CO2/yr,,,,3.98678872984875,,,3.80164010660609,,,,,3.53526263680371,,3.5159250974996,,,,,3.37972716661222,3.68662067749472,4.06381170080074,4.24135298688771,4.2217885534499,4.02874293073936,3.75137180920747,3.38024859241899,2.90854886929025,2.40202857204836,1.89600721002339,1.46308423713289,1.11546743457771,0.865809933036494,0.654988710015146,0.485286793328288,,,,Colombia,CO2
GCAM 5.3,SSP1-DACCS-2p6-3pctHR,COL,Emissions|CO2|Energy|Demand|Transportation,Mt CO2/yr,,,,24.6024423567548,,,27.979508898984,,,,,40.1280432595179,,41.3220096920183,,,,,40.0193289121771,36.7209580560388,33.5138104947013,30.460199703669,27.4249149866422,24.6660474018074,23.077131144995,22.0999007467718,19.9726164298265,15.7160658333742,10.4589303590503,6.56720735134405,4.373553675339,3.86579342265339,3.5979736558657,3.18601242818621,,,,Colombia,CO2
GCAM 5.3,SSP1-DACCS-2p6-3pctHR,COL,Emissions|CO2|Energy|Supply,Mt CO2/yr,,,,10.9762467911051,,,18.9374212779191,,,,,20.6020817481478,,24.7582839790981,,,,,27.3101273932275,31.8850497781978,34.6601589722465,34.5551397291116,31.7545679671344,27.4146068254723,22.7105281913163,16.3341477158391,5.74693845718959,-8.91266560211769,-27.9378650430771,-47.5832121418899,-68.4621209790369,-74.4563917889117,-78.0097677375043,-79.5092731978089,,,,Colombia,CO2
GCAM 5.3,SSP1-DACCS-2p6-3pctHR,COL,Emissions|CO2|Energy|Supply|Electricity,Mt CO2/yr,,,,6.32566820166052,,,10.4640760590638,,,,,16.4833756128271,,20.8171275129075,,,,,23.5009002058728,28.3179082086342,31.7867102701998,33.4252000863397,33.2647559493895,31.493199334089,28.7321576075951,24.1092406110714,16.628225506489,8.24537576762159,-2.08621328592893,-13.5141922309704,-27.7210840959171,-34.5847307967625,-38.6102791676367,-41.6173450708423,,,,Colombia,CO2
GCAM 5.3,SSP1-DACCS-2p6-3pctHR,COL,Emissions|CO2|Energy|Supply|Gases,Mt CO2/yr,,,,0.0,,,0.0,,,,,0.0,,0.0021433347600682,,,,,0.0037475151416202,0.0056226172143986,0.0085486832603162,0.0119477078192686,0.0130160607508133,0.0135477585465875,0.0118985119652841,0.0092276899639516,0.0068213385346915,0.004909513977267,0.0031798602400164,0.0021520934355051,0.00165032114019,0.0010406992287284,0.000609069587601,0.0003373751177209,,,,Colombia,CO2
GCAM 5.3,SSP1-DACCS-2p6-3pctHR,COL,Emissions|CO2|Energy|Supply|Liquids,Mt CO2/yr,,,,4.65058042278,,,8.47334668552092,,,,,4.11870613532062,,3.93531660858492,,,,,3.80024922244578,3.55436728082956,2.85627757710575,1.10768563229876,-1.53601731152375,-4.10852071100973,-6.04742851274036,-7.77764316343027,-10.8517226961762,-17.0753086806778,-25.6910349859521,-33.7849912885623,-40.2757776018655,-39.5641667413484,-39.1797977192975,-37.7273796080864,,,,Colombia,CO2
GCAM 5.3,SSP1-DACCS-2p6-3pctHR,COL,Emissions|CO2|Energy|Supply|Solids,Mt CO2/yr,,,,-1.83333538543514e-06,,,-1.46666562050543e-06,,,,,0.0,,-1.83333329098898e-05,,,,,0.0,0.0,-3.66666388550005e-05,-2.56666169258853e-05,0.0,-2.93332049070114e-05,-1.46666803368311e-05,-4.03333344611264e-05,-2.1999946469355e-05,-5.49998537720229e-05,0.0,-3.66666627133093e-06,0.0,0.0,0.0,0.0,,,,Colombia,CO2
GCAM 5.3,SSP1-DACCS-2p6-3pctHR,COL,Emissions|CO2|Industrial Processes,Mt CO2/yr,,,,7.59487628244341,,,7.64457289585839,,,,,7.64499561914071,,6.71372491446078,,,,,5.95839961542864,6.15657340431133,6.14226031819432,5.62500208079933,4.58919404331512,3.28408170522109,1.82161312406226,-0.487706164304018,-4.1058552121596,-10.6553319470832,-20.8524980262023,-43.1852809732254,-100.546687205598,-119.097361800878,-126.035771131403,-126.85814658973,,,,Colombia,CO2
GCAM 5.3,SSP1-DACCS-2p6-3pctHR,COL,Emissions|N2O|AFOLU,Mt CO2e/yr,,,,16.662201241100686,,,18.08745465935008,,,,,16.542068429329717,,17.12336579558896,,,,,17.884740879157697,18.384878863091014,19.04176995700707,19.759632885862782,20.64132479671599,21.433293833666443,21.876195517584136,22.119737178815093,22.296626196390818,22.45344052807783,22.770751578569904,22.925430435964874,22.921421222753782,21.886021507619724,20.91941675319487,19.988213472487804,,,,Colombia,N2O
GCAM 5.3,SSP1-highcostDACCS-2p6-3pctHR,COL,Carbon Sequestration|CCS|Biomass,Mt CO2/yr,,,,0.0,,,0.0,,,,,0.0,,0.000370377,,,,,0.063192677,0.34144295,1.229166376,3.327149666,6.409006699,9.554754561,12.1313893,15.30135261,21.02662517,31.4751781,45.1790372,58.46305718,72.69663428,88.18022925,94.90914112,98.58723197,,,,Colombia,
GCAM 5.3,SSP1-highcostDACCS-2p6-3pctHR,COL,Carbon Sequestration|Direct Air Capture,Mt CO2/yr,,,,0.0,,,0.0,,,,,0.0,,0.0,,,,,7.61e-05,0.000186559,0.000284284,0.000355226,0.000423548,0.000450742,0.000425159,0.000899519,0.002027521,0.004944201,0.02284086,0.067622038,0.25005614,0.778873131,0.950452587,1.025051227,,,,Colombia,
GCAM 5.3,SSP1-highcostDACCS-2p6-3pctHR,COL,Emissions|CH4|AFOLU,Mt CO2e/yr,,,,48.96098872,,,50.985329836,,,,,45.021313512,,45.226480068,,,,,46.134287528,46.326182952,46.374052368,46.503788548,46.800970076,46.954578608,46.748880836,46.363885988,45.768954616,45.083918208,44.566924807999996,43.984228064,43.27830752,42.233830576,40.509127232,38.705525152,,,,Colombia,CH4
GCAM 5.3,SSP1-highcostDACCS-2p6-3pctHR,COL,Emissions|CO2|AFOLU,Mt CO2/yr,,,,-25.14087739,,,-28.77247833,,,,,21.04989309,,-19.24716931,,,,,-3.034672482,-95.77989763,-100.5093896,-90.38568721,-104.3403233,-117.3074919,-131.4037351,-123.0413267,-112.0212995,-101.0411013,-90.7807299,-82.60547331,-75.70778688,-72.82912123,-57.43310108,-51.64495746,,,,Colombia,CO2
GCAM 5.3,SSP1-highcostDACCS-2p6-3pctHR,COL,Emissions|CO2|Energy and Industrial Processes,Mt CO2/yr,,,,64.54464722,,,77.67018512,,,,,93.58011784,,96.33648368,,,,,95.91893945,97.52808971,97.25825135,92.72927577,83.80743467,72.6870895,62.35854115,49.97266413,30.67008944,2.944931656,-28.85762608,-55.64683787,-80.24898441,-102.9827074,-110.6514582,-115.3033505,,,,Colombia,CO2
GCAM 5.3,SSP1-highcostDACCS-2p6-3pctHR,COL,Emissions|CO2|Energy|Demand,Mt CO2/yr,,,,45.97352415,,,51.08819095,,,,,65.33304047,,64.77766497,,,,,61.44373112,58.55551671,56.10695138,52.92013288,48.85648024,44.49018375,40.93844445,37.68062396,32.68397756,25.10694532,17.19941813,11.98510246,8.651979034,6.568194812,5.374086933,4.369207947,,,,Colombia,CO2
GCAM 5.3,SSP1-highcostDACCS-2p6-3pctHR,COL,Emissions|CO2|Energy|Demand|Industry,Mt CO2/yr,,,,16.69216189,,,18.11783023,,,,,13.58591687,,12.10727929,,,,,10.50987451,10.33224065,10.39567383,10.30718289,9.908987901,9.21738945,8.277752972,7.1998681,6.111040272,5.134310273,4.222479016,3.412138158,2.665308544,1.996370384,1.536375246,1.13939279,,,,Colombia,CO2
GCAM 5.3,SSP1-highcostDACCS-2p6-3pctHR,COL,Emissions|CO2|Energy|Demand|Residential and Commercial,Mt CO2/yr,,,,4.678919904,,,4.990851826,,,,,11.61908034,,11.55703837,,,,,11.25453929,11.9225564,12.67241301,12.66112748,12.00481733,11.04232857,10.00973117,8.860135016,7.4149372,5.80278069,4.290547239,3.198209878,2.371241423,1.725417391,1.332862867,0.996132126,,,,Colombia,CO2
GCAM 5.3,SSP1-highcostDACCS-2p6-3pctHR,COL,Emissions|CO2|Energy|Demand|Residential and Commercial|Commercial,Mt CO2/yr,,,,0.692131174,,,1.189211719,,,,,8.083817704,,8.036680422,,,,,7.892969196,8.268665335,8.662584091,8.505805297,7.905858642,7.173016637,6.444283177,5.67884162,4.717258827,3.617482721,2.596995755,1.897887326,1.396217292,1.020537588,0.796351474,0.601123983,,,,Colombia,CO2
GCAM 5.3,SSP1-highcostDACCS-2p6-3pctHR,COL,Emissions|CO2|Energy|Demand|Residential and Commercial|Residential,Mt CO2/yr,,,,3.98678873,,,3.801640107,,,,,3.535262637,,3.520357943,,,,,3.361570096,3.653891069,4.009828918,4.155322179,4.098958687,3.869311932,3.56544799,3.181293396,2.697678373,2.185297968,1.693551484,1.300322552,0.975024132,0.704879803,0.536511393,0.395008143,,,,Colombia,CO2
GCAM 5.3,SSP1-highcostDACCS-2p6-3pctHR,COL,Emissions|CO2|Energy|Demand|Transportation,Mt CO2/yr,,,,24.60244236,,,27.9795089,,,,,40.12804326,,41.11334732,,,,,39.67931731,36.30071965,33.03886454,29.95182251,26.94267501,24.23046573,22.65096032,21.62062085,19.15800009,14.16985436,8.686391874,5.374754426,3.615429067,2.846407037,2.50484882,2.233683031,,,,Colombia,CO2
GCAM 5.3,SSP1-highcostDACCS-2p6-3pctHR,COL,Emissions|CO2|Energy|Supply,Mt CO2/yr,,,,10.97624679,,,18.93742128,,,,,20.60208175,,24.86758832,,,,,28.73866708,33.06601656,35.3129823,34.51833081,30.67977772,25.18376277,19.77058125,12.71463401,1.094392427,-15.33344725,-35.31354005,-53.94354614,-72.95414367,-91.70128509,-97.36896141,-100.5171146,,,,Colombia,CO2
GCAM 5.3,SSP1-highcostDACCS-2p6-3pctHR,COL,Emissions|CO2|Energy|Supply|Electricity,Mt CO2/yr,,,,6.325668202,,,10.46407606,,,,,16.48337561,,20.74401596,,,,,24.71146903,29.26899309,32.2047356,33.21694287,32.18788724,29.51468074,26.23862719,21.16052174,13.26593491,4.487782538,-5.926195011,-16.41572519,-28.57943721,-42.04986504,-48.16245353,-53.36681812,,,,Colombia,CO2
GCAM 5.3,SSP1-highcostDACCS-2p6-3pctHR,COL,Emissions|CO2|Energy|Supply|Gases,Mt CO2/yr,,,,0.0,,,0.0,,,,,0.0,,0.002134292,,,,,0.003537756,0.005196291,0.00779585,0.010771278,0.011526682,0.011684711,0.00991205,0.007349416,0.005226868,0.003567165,0.00217065,0.001270801,0.000681041,0.000359739,0.000209997,0.000115885,,,,Colombia,CO2
GCAM 5.3,SSP1-highcostDACCS-2p6-3pctHR,COL,Emissions|CO2|Energy|Supply|Liquids,Mt CO2/yr,,,,4.650580423,,,8.473346686,,,,,4.118706135,,4.117779349,,,,,4.018910427,3.785928856,3.094551718,1.284951503,-1.52605423,-4.351311809,-6.485153427,-8.437320646,-12.12583279,-19.71064727,-29.18342373,-37.15268901,-43.68711004,-48.62104847,-48.4444742,-46.59149623,,,,Colombia,CO2
GCAM 5.3,SSP1-highcostDACCS-2p6-3pctHR,COL,Emissions|CO2|Energy|Supply|Solids,Mt CO2/yr,,,,-1.83e-06,,,-1.47e-06,,,,,0.0,,-4.4e-05,,,,,0.0,0.0,0.0,-2.2e-05,0.0,0.0,-3.67e-06,0.0,0.0,0.0,0.0,-2.2e-05,-1.83e-06,0.0,0.0,0.0,,,,Colombia,CO2
GCAM 5.3,SSP1-highcostDACCS-2p6-3pctHR,COL,Emissions|CO2|Industrial Processes,Mt CO2/yr,,,,7.594876282,,,7.644572896,,,,,7.644995619,,6.691230382,,,,,5.736542848,5.906560364,5.838323632,5.290819512,4.271185558,3.01315235,1.649524243,-0.422575344,-3.108239131,-6.82846618,-10.74303935,-13.6870322,-15.94179978,-17.83400984,-18.63738188,-19.13466307,,,,Colombia,CO2
GCAM 5.3,SSP1-highcostDACCS-2p6-3pctHR,COL,Emissions|N2O|AFOLU,Mt CO2e/yr,,,,16.66220124114,,,18.087454658909998,,,,,16.54206842925,,17.19122093052,,,,,18.04956799464,18.58020977085,19.15754554896,19.88490917595,20.754741118020004,21.51186581271,21.91809072453,22.134378165900003,22.29933683796,22.535270778930002,22.87532680251,22.98434570523,22.944276616169997,22.605660905100002,21.489475280910003,20.402896995389998,,,,Colombia,N2O
GCAM 5.3,SSP1-lowcostDACCS-2p6-3pctHR,COL,Carbon Sequestration|CCS|Biomass,Mt CO2/yr,,,,0.0,,,0.0,,,,,0.0,,0.000370377,,,,,0.049959317,0.231332731,0.807906117,2.235879149,4.439554284,6.704635015,8.499399237,10.52587639,13.69566419,19.32076787,28.37711882,38.86187959,46.11899486,49.14008478,51.50200948,53.4233003,,,,Colombia,
GCAM 5.3,SSP1-lowcostDACCS-2p6-3pctHR,COL,Carbon Sequestration|Direct Air Capture,Mt CO2/yr,,,,0.0,,,0.0,,,,,0.0,,0.0,,,,,0.006598557,1.782741049,2.593941515,3.186467835,3.733488368,4.066629288,4.002223211,7.294958482,14.18415981,33.85167133,100.6669179,168.3683265,217.8875514,230.2885162,215.7267387,169.0145335,,,,Colombia,
GCAM 5.3,SSP1-lowcostDACCS-2p6-3pctHR,COL,Emissions|CH4|AFOLU,Mt CO2e/yr,,,,48.96098872,,,50.985329836,,,,,45.021313512,,45.226480347999996,,,,,46.117920772,46.277983948,46.270068179999996,46.338329576,46.600130108,46.728473624,46.522390992,46.168582572000005,45.660223672,44.970687048,44.089289664,43.449206444,42.415840936,40.927153540000006,39.38612832,37.827137404,,,,Colombia,CH4
GCAM 5.3,SSP1-lowcostDACCS-2p6-3pctHR,COL,Emissions|CO2|AFOLU,Mt CO2/yr,,,,-25.14087739,,,-28.77247833,,,,,21.04989309,,-19.24717218,,,,,-4.815896924,-85.25421224,-89.21650383,-80.42663452,-94.16546106,-107.2569237,-121.9929972,-115.4935116,-106.6700515,-98.17514183,-90.43450464,-83.83815717,-84.04713143,-67.40793412,-59.28650349,-50.10354531,,,,Colombia,CO2
GCAM 5.3,SSP1-lowcostDACCS-2p6-3pctHR,COL,Emissions|CO2|Energy and Industrial Processes,Mt CO2/yr,,,,64.54464722,,,77.67018512,,,,,93.58011784,,96.33648368,,,,,98.060557,99.37708149,100.141624,97.54040368,90.67890418,81.43555542,72.62048967,58.58406,36.61521161,-2.063054044,-93.54655559,-186.5437957,-253.3232634,-275.0065312,-268.594227,-228.2299859,,,,Colombia,CO2
GCAM 5.3,SSP1-lowcostDACCS-2p6-3pctHR,COL,Emissions|CO2|Energy|Demand,Mt CO2/yr,,,,45.97352415,,,51.08819095,,,,,65.33304047,,64.77766497,,,,,62.43341163,59.79548241,57.66202878,54.93116908,51.22785411,47.17570762,43.89826742,40.9064639,37.06215432,31.89263854,25.35649601,18.93032118,14.82581998,12.25322226,9.577015708,7.45668806,,,,Colombia,CO2
GCAM 5.3,SSP1-lowcostDACCS-2p6-3pctHR,COL,Emissions|CO2|Energy|Demand|Industry,Mt CO2/yr,,,,16.69216189,,,18.11783023,,,,,13.58591687,,12.10727929,,,,,11.0997096,11.02036175,11.15638121,11.14836782,10.77874163,10.12605249,9.211891404,8.120920825,7.000909022,5.997098718,5.033779326,4.192343907,3.43759022,2.742395674,2.127312381,1.613857457,,,,Colombia,CO2
GCAM 5.3,SSP1-lowcostDACCS-2p6-3pctHR,COL,Emissions|CO2|Energy|Demand|Residential and Commercial,Mt CO2/yr,,,,4.678919904,,,4.990851826,,,,,11.61908034,,11.55703837,,,,,11.44236845,12.15368406,12.97529001,13.09146688,12.56073624,11.70501334,10.74736481,9.634321848,8.323640565,6.957774488,5.50661195,4.239472679,3.299843561,2.574909146,1.941059779,1.441196934,,,,Colombia,CO2
GCAM 5.3,SSP1-lowcostDACCS-2p6-3pctHR,COL,Emissions|CO2|Energy|Demand|Residential and Commercial|Commercial,Mt CO2/yr,,,,0.692131174,,,1.189211719,,,,,8.083817704,,8.036680422,,,,,7.991000246,8.394320436,8.834193828,8.761234482,8.24192911,7.577015523,6.894846912,6.154335659,5.299205331,4.39659788,3.435063944,2.597475503,2.006264934,1.568876853,1.182347563,0.879451653,,,,Colombia,CO2
GCAM 5.3,SSP1-lowcostDACCS-2p6-3pctHR,COL,Emissions|CO2|Energy|Demand|Residential and Commercial|Residential,Mt CO2/yr,,,,3.98678873,,,3.801640107,,,,,3.535262637,,3.520357943,,,,,3.451368206,3.759363622,4.141096187,4.330232403,4.318807133,4.127997817,3.852517897,3.479986189,3.024435234,2.561176608,2.071548007,1.641997176,1.293578626,1.006032294,0.758712216,0.561745281,,,,Colombia,CO2
GCAM 5.3,SSP1-lowcostDACCS-2p6-3pctHR,COL,Emissions|CO2|Energy|Demand|Transportation,Mt CO2/yr,,,,24.60244236,,,27.9795089,,,,,40.12804326,,41.11334732,,,,,39.89133358,36.6214366,33.53035755,30.69133437,27.88837624,25.34464179,23.93901121,23.15122122,21.73760473,18.93776533,14.81610473,10.49850459,8.088386195,6.935917444,5.508643548,4.401633669,,,,Colombia,CO2
GCAM 5.3,SSP1-lowcostDACCS-2p6-3pctHR,COL,Emissions|CO2|Energy|Supply,Mt CO2/yr,,,,10.97624679,,,18.93742128,,,,,20.60208175,,24.86758832,,,,,29.38553758,34.78568933,38.37227408,39.44191554,37.67984537,33.9431649,29.60034147,23.80985995,14.91982608,3.981125473,-10.84240288,-26.4084123,-37.35748273,-42.72670346,-46.81623264,-50.03411217,,,,Colombia,CO2
GCAM 5.3,SSP1-lowcostDACCS-2p6-3pctHR,COL,Emissions|CO2|Energy|Supply|Electricity,Mt CO2/yr,,,,6.325668202,,,10.46407606,,,,,16.48337561,,20.74401596,,,,,25.32314947,30.90142062,35.01522846,37.47477978,37.96926214,36.53745951,33.92857622,29.5937889,22.79517064,15.66062839,6.587866484,-2.788779007,-10.77661986,-15.92127359,-19.62299362,-22.53401236,,,,Colombia,CO2
GCAM 5.3,SSP1-lowcostDACCS-2p6-3pctHR,COL,Emissions|CO2|Energy|Supply|Gases,Mt CO2/yr,,,,0.0,,,0.0,,,,,0.0,,0.002134292,,,,,0.0042306,0.006749825,0.010602537,0.015200729,0.016944857,0.018073167,0.016417065,0.01364424,0.010991653,0.009003252,0.009672839,0.008535019,0.006452316,0.004034526,0.002118088,0.000893877,,,,Colombia,CO2
GCAM 5.3,SSP1-lowcostDACCS-2p6-3pctHR,COL,Emissions|CO2|Energy|Supply|Liquids,Mt CO2/yr,,,,4.650580423,,,8.473346686,,,,,4.118706135,,4.117779349,,,,,4.052202599,3.868731623,3.334514227,1.9360475,-0.327067135,-2.639084045,-4.370910556,-5.808706347,-7.877566186,-11.6504142,-17.36777985,-23.52042073,-26.47967335,-26.73287863,-27.12429455,-27.42936563,,,,Colombia,CO2
GCAM 5.3,SSP1-lowcostDACCS-2p6-3pctHR,COL,Emissions|CO2|Energy|Supply|Solids,Mt CO2/yr,,,,-1.83e-06,,,-1.47e-06,,,,,0.0,,-4.4e-05,,,,,0.0,-1.1e-05,-3.67e-06,0.0,-3.3e-05,0.0,-4.03e-05,0.0,-2.2e-05,-1.1e-05,-2.93e-05,0.0,-1.28e-05,-1.54e-05,-4.03e-06,0.0,,,,Colombia,CO2
GCAM 5.3,SSP1-lowcostDACCS-2p6-3pctHR,COL,Emissions|CO2|Industrial Processes,Mt CO2/yr,,,,7.594876282,,,7.644572896,,,,,7.644995619,,6.691230382,,,,,6.241721594,4.817835758,4.138733679,3.205033431,1.814139428,0.36159319,-0.835837044,-6.056858255,-15.22670299,-37.6583136,-107.0410863,-177.42778,-228.6849049,-242.2437833,-229.2843169,-184.2587519,,,,Colombia,CO2
GCAM 5.3,SSP1-lowcostDACCS-2p6-3pctHR,COL,Emissions|N2O|AFOLU,Mt CO2e/yr,,,,16.66220124114,,,18.087454658909998,,,,,16.54206842925,,17.191221290879998,,,,,18.01632403935,18.52447136904,19.06875819849,19.7545201035,20.595203376929998,21.33614577276,21.749992814549998,21.98345524284,22.1347632051,22.252153434420002,22.33204586886,22.53543135207,22.20030039045,21.37764675228,20.646870395969998,19.94899926474,,,,Colombia,N2O
GCAM 5.3,SSP1-noDACCS-1p9-3pctHR,COL,Carbon Sequestration|CCS|Biomass,Mt CO2/yr,,,,0.0,,,0.0,,,,,0.0,,0.198600002054544,,,,,1.6353800156709,4.67781685425604,9.22958784672003,14.58413078683,21.1240326430331,29.6241593944385,40.6958758359581,58.9527601286747,87.5045670016266,115.840430145281,144.043301788178,152.144177097621,155.544786827181,155.678762514175,153.262680795566,150.621905175264,,,,Colombia,
GCAM 5.3,SSP1-noDACCS-1p9-3pctHR,COL,Emissions|CH4|AFOLU,Mt CO2e/yr,,,,48.9609887305028,,,50.98532983971812,,,,,45.02131351917108,,45.22666206998856,,,,,46.24601669689204,46.48652332070852,46.56321230956948,46.86302051363156,47.07588761271396,47.262272527476725,47.31345759250992,47.20047973295284,46.9607802299776,46.63479912074228,46.20592373889716,45.063057124101796,43.88144650624952,42.38756330131988,40.87494121353272,39.2399375249574,,,,Colombia,CH4
GCAM 5.3,SSP1-noDACCS-1p9-3pctHR,COL,Emissions|CO2|AFOLU,Mt CO2/yr,,,,-25.1408773918427,,,-28.772478333434,,,,,21.0498930941589,,-20.4181973645478,,,,,4.47122072538534,-136.298630840515,-143.142575543302,-126.468457061195,-139.133096971066,-148.145615616565,-155.090944898664,-137.65519875717,-117.149300580551,-98.6504026811523,-82.9282253275974,-67.8062814707478,-60.075476044388,-49.3246014043067,-40.4733434838269,-35.3297154740279,,,,Colombia,CO2
GCAM 5.3,SSP1-noDACCS-1p9-3pctHR,COL,Emissions|CO2|Energy and Industrial Processes,Mt CO2/yr,,,,64.5446472220988,,,77.6701851238493,,,,,93.5801178411618,,96.45761222117,,,,,83.9416103700585,77.2179183045393,67.4486052817545,55.5610054535098,40.3774788849865,20.7666048486704,-2.30475350194571,-37.1980206421207,-89.2213642790088,-133.714380541457,-172.109668186891,-178.945630557983,-181.483663682088,-181.041263398026,-178.55147636084,-175.296273848374,,,,Colombia,CO2
GCAM 5.3,SSP1-noDACCS-1p9-3pctHR,COL,Emissions|CO2|Energy|Demand,Mt CO2/yr,,,,45.9735241485503,,,51.0881909500718,,,,,65.3330404738734,,64.9856029598039,,,,,57.2652796081013,52.6871320829267,48.2458743496057,43.787627435634,39.0518838396964,33.7724364805942,28.6319248785164,21.9228397118298,12.6204407011941,7.68586201326713,5.4538861673043,4.43476583418193,3.51704915497012,2.75606745360758,2.11664552874872,1.57442090329382,,,,Colombia,CO2
GCAM 5.3,SSP1-noDACCS-1p9-3pctHR,COL,Emissions|CO2|Energy|Demand|Industry,Mt CO2/yr,,,,16.6921618880442,,,18.1178302254524,,,,,13.5859168736136,,12.1096624525832,,,,,8.35483699907821,7.96507169370271,7.77896991707867,7.58429803517498,7.12219634264746,6.33941825096023,5.38300216229992,4.35800507187502,3.34228741832818,2.52099987571201,1.80368038886581,1.46017191700534,1.10573845091883,0.80822667864135,0.582722256958673,0.416216041916422,,,,Colombia,CO2
GCAM 5.3,SSP1-noDACCS-1p9-3pctHR,COL,Emissions|CO2|Energy|Demand|Residential and Commercial,Mt CO2/yr,,,,4.67891990375123,,,4.99085182563537,,,,,11.6190803407418,,11.5539308152024,,,,,10.3718136308303,10.7329261305648,11.0108756575934,10.5284822317534,9.55070649322982,8.30961927815134,6.97730591813779,5.35343024834494,3.45314208047653,2.32926934672598,1.60840706762488,1.31718484529739,1.00680134077197,0.734275993170573,0.513498408828601,0.343429484609389,,,,Colombia,CO2
GCAM 5.3,SSP1-noDACCS-1p9-3pctHR,COL,Emissions|CO2|Energy|Demand|Residential and Commercial|Commercial,Mt CO2/yr,,,,0.69213117390248,,,1.18921171902927,,,,,8.08381770393812,,8.03800571770284,,,,,7.41360613648425,7.58127807816635,7.65061513919379,7.18022787332785,6.38806739739603,5.47849951703309,4.54034148835144,3.41180191067148,2.08523450760764,1.36182068999241,0.944377593724024,0.778849915586285,0.60143055572121,0.443153554598276,0.312573797156701,0.210528118252249,,,,Colombia,CO2
GCAM 5.3,SSP1-noDACCS-1p9-3pctHR,COL,Emissions|CO2|Energy|Demand|Residential and Commercial|Residential,Mt CO2/yr,,,,3.98678872984875,,,3.80164010660609,,,,,3.53526263680371,,3.5159250974996,,,,,2.95820749434603,3.15164805239845,3.3602605183996,3.34825435842555,3.16263909583379,2.83111976111825,2.43696442978636,1.94162833767347,1.36790757286888,0.967448656733574,0.664029473900854,0.538334929711102,0.40537078505076,0.291122438572297,0.200924611671899,0.132901366357141,,,,Colombia,CO2
GCAM 5.3,SSP1-noDACCS-1p9-3pctHR,COL,Emissions|CO2|Energy|Demand|Transportation,Mt CO2/yr,,,,24.6024423567548,,,27.979508898984,,,,,40.1280432595179,,41.3220096920183,,,,,38.5386289781928,33.9891342586592,29.4560287749336,25.6748471687056,22.3789810038191,19.1233989514827,16.2716167980787,12.2114043916098,5.82501120238941,2.83559279082914,2.04179871081362,1.6574090718792,1.40450936327932,1.21356478179566,1.02042486296145,0.814775376768012,,,,Colombia,CO2
GCAM 5.3,SSP1-noDACCS-1p9-3pctHR,COL,Emissions|CO2|Energy|Supply,Mt CO2/yr,,,,10.9762467911051,,,18.9374212779191,,,,,20.6020817481478,,24.7582843571562,,,,,22.7112511582816,20.6543180550084,15.6769741406423,8.92515088363574,-0.118135868278056,-12.5088491485048,-28.2803324596131,-53.5913743074217,-92.269739992662,-129.0410632136,-163.353119554754,-168.023768108393,-168.56630819883,-166.453589663216,-162.568906028526,-158.187364174501,,,,Colombia,CO2
GCAM 5.3,SSP1-noDACCS-1p9-3pctHR,COL,Emissions|CO2|Energy|Supply|Electricity,Mt CO2/yr,,,,6.32566820166052,,,10.4640760590638,,,,,16.4833756128271,,20.8171278909656,,,,,19.4938579230592,18.776214172777,16.2518878382777,12.8420526235552,8.08048566480987,1.04280936030409,-8.13507624111809,-21.8997085510533,-41.1979002793061,-61.0806291784541,-84.6496662494809,-91.7652927595883,-97.7813748419178,-102.438429296521,-106.045017187369,-110.256985312079,,,,Colombia,CO2
GCAM 5.3,SSP1-noDACCS-1p9-3pctHR,COL,Emissions|CO2|Energy|Supply|Gases,Mt CO2/yr,,,,0.0,,,0.0,,,,,0.0,,0.0021433347600682,,,,,0.0016504030938781,0.0019746363421995,0.0024085122201754,0.0028567260360303,0.0025515698653945,0.0020486185434688,0.0013343378564762,0.0007898739909749,0.0004664307178141,0.0002673324696259,0.0001366101918054,7.98307246311888e-05,4.0221183487857e-05,1.94195537154435e-05,9.03146419649965e-06,3.80994492063197e-06,,,,Colombia,CO2
GCAM 5.3,SSP1-noDACCS-1p9-3pctHR,COL,Emissions|CO2|Energy|Supply|Liquids,Mt CO2/yr,,,,4.65058042278,,,8.47334668552092,,,,,4.11870613532062,,3.93531660858492,,,,,3.21839440295925,1.88740931351208,-0.552496546835435,-3.88969903254336,-8.15257857106773,-13.4512909454428,-19.9426143842155,-31.2129198752945,-50.1835866344569,-66.5439347004417,-76.8422025127749,-74.6815100111533,-69.5520476951571,-63.0120551186632,-55.4869302765514,-46.9993064750797,,,,Colombia,CO2
GCAM 5.3,SSP1-noDACCS-1p9-3pctHR,COL,Emissions|CO2|Energy|Supply|Solids,Mt CO2/yr,,,,-1.83333538543514e-06,,,-1.46666562050543e-06,,,,,0.0,,-1.83333329098898e-05,,,,,0.0,-7.33333536638346e-06,-1.46666593086425e-05,0.0,-3.30000079859338e-05,0.0,0.0,-1.46666589820158e-05,0.0,-1.72332835718687e-05,0.0,-2.19999861016705e-06,-2.56666270196901e-06,-2.56666174997911e-06,0.0,0.0,,,,Colombia,CO2
GCAM 5.3,SSP1-noDACCS-1p9-3pctHR,COL,Emissions|CO2|Industrial Processes,Mt CO2/yr,,,,7.59487628244341,,,7.64457289585839,,,,,7.64499561914071,,6.71372490420991,,,,,3.96507960367562,3.87646816660415,3.52575679150659,2.84822713424001,1.44373091356816,-0.496982483418995,-2.65634592084904,-5.52948604652882,-9.57206498754095,-12.3591793411246,-14.210434799442,-15.3566282837718,-16.4344046382284,-17.3437411884178,-18.0992158610625,-18.6833305771678,,,,Colombia,CO2
GCAM 5.3,SSP1-noDACCS-1p9-3pctHR,COL,Emissions|N2O|AFOLU,Mt CO2e/yr,,,,16.662201241100686,,,18.08745465935008,,,,,16.542068429329717,,17.12336661131023,,,,,18.122896746743063,18.75659032650749,19.43807542704382,20.303460189473096,21.196914425288785,22.026096137231548,22.65508748536734,23.189030017467406,23.758408661494688,24.149262657377676,24.345535208736923,23.435310949065013,22.569183606692242,21.75714950084021,21.072978110799067,20.384648830524345,,,,Colombia,N2O
GCAM 5.3,SSP1-noDACCS-2p6-3pctHR,COL,Carbon Sequestration|CCS|Biomass,Mt CO2/yr,,,,0.0,,,0.0,,,,,0.0,,0.198600002054544,,,,,0.483535451624431,1.00732459290829,2.07793218056957,4.22676566325139,7.14774442512822,9.95392192956858,12.3791043747064,15.3991054022519,20.8594252393112,30.7216751808793,44.1968565785624,57.6543782042402,71.8297867462469,89.5808397439788,118.124529250526,139.869501984008,,,,Colombia,
GCAM 5.3,SSP1-noDACCS-2p6-3pctHR,COL,Emissions|CH4|AFOLU,Mt CO2e/yr,,,,48.9609887305028,,,50.98532983971812,,,,,45.02131351917108,,45.22666207001656,,,,,46.13631964066916,46.322360858062794,46.36514943214028,46.488626263422,46.78295806593612,46.93437070894264,46.727732677262566,46.34859170531548,45.76411668292016,45.03997264987584,44.51942968569348,43.9311702208736,43.22180278181948,42.31206515972884,41.239877625525324,39.645196029258116,,,,Colombia,CH4
GCAM 5.3,SSP1-noDACCS-2p6-3pctHR,COL,Emissions|CO2|AFOLU,Mt CO2/yr,,,,-25.1408773918427,,,-28.772478333434,,,,,21.0498930941589,,-20.4181987491618,,,,,-3.20957036243066,-94.75854398373,-99.396859020153,-89.366172839361,-103.225103293239,-116.159790775816,-130.280452366838,-122.078380322628,-111.268783671164,-100.569954780713,-90.6427868567685,-82.5725091998567,-75.8889396881008,-70.3056170428488,-65.989710938327,-67.88207753709,,,,Colombia,CO2
GCAM 5.3,SSP1-noDACCS-2p6-3pctHR,COL,Emissions|CO2|Energy and Industrial Processes,Mt CO2/yr,,,,64.5446472220988,,,77.6701851238493,,,,,93.5801178411618,,96.45761222117,,,,,94.8208983483487,96.6862997450977,96.8468753260641,92.8185093913096,84.6973174124651,74.5186574586119,64.4982563522105,52.532621064099,33.6880845116358,7.04201165591296,-24.7480860481941,-52.5370820759035,-77.6619983050356,-103.879104033483,-135.493422016781,-156.77038653867,,,,Colombia,CO2
GCAM 5.3,SSP1-noDACCS-2p6-3pctHR,COL,Emissions|CO2|Energy|Demand,Mt CO2/yr,,,,45.9735241485503,,,51.0881909500718,,,,,65.3330404738734,,64.9856029609445,,,,,61.7917118175087,59.0224320133999,56.672607725547,53.5736146813963,49.5754000741231,45.258525859102,41.7444397041963,38.5243499509304,33.6134568059784,26.372728423607,18.4499062099008,12.861789905717,9.23706406643766,6.80160191431935,4.88914871724969,3.68240165613154,,,,Colombia,CO2
GCAM 5.3,SSP1-noDACCS-2p6-3pctHR,COL,Emissions|CO2|Energy|Demand|Industry,Mt CO2/yr,,,,16.6921618880442,,,18.1178302254524,,,,,13.5859168736136,,12.1096624537238,,,,,10.5432073359519,10.3830969530173,10.4748267874427,10.4347190199804,10.1003775889614,9.47848930989907,8.58333099830871,7.51994328470929,6.42689090941274,5.42719725704732,4.47978263275407,3.62691094416839,2.83455777859456,2.08526171723797,1.3650412284964,0.944120561414663,,,,Colombia,CO2
GCAM 5.3,SSP1-noDACCS-2p6-3pctHR,COL,Emissions|CO2|Energy|Demand|Residential and Commercial,Mt CO2/yr,,,,4.67891990375123,,,4.99085182563537,,,,,11.6190803407418,,11.5539308152024,,,,,11.2702502137079,11.9784446997736,12.7810234306966,12.8256881682064,12.2272571179406,11.3202758641679,10.3261086706708,9.19733203410722,7.76364962712671,6.16211182594709,4.60616051077196,3.4341409104724,2.54191633268826,1.7983597262061,1.11723974007439,0.750063363935985,,,,Colombia,CO2
GCAM 5.3,SSP1-noDACCS-2p6-3pctHR,COL,Emissions|CO2|Energy|Demand|Residential and Commercial|Commercial,Mt CO2/yr,,,,0.69213117390248,,,1.18921171902927,,,,,8.08381770393812,,8.03800571770284,,,,,7.90781345804071,8.31324272950416,8.74318360928604,8.61897883784832,8.04817617655137,7.34174591327331,6.63093138115898,5.87656367774203,4.92281601335869,3.83681448512484,2.78963037979478,2.03745255262674,1.49497512237218,1.06088515840223,0.66767366846281,0.453526708269227,,,,Colombia,CO2
GCAM 5.3,SSP1-noDACCS-2p6-3pctHR,COL,Emissions|CO2|Energy|Demand|Residential and Commercial|Residential,Mt CO2/yr,,,,3.98678872984875,,,3.80164010660609,,,,,3.53526263680371,,3.5159250974996,,,,,3.36243675566724,3.66520197026947,4.03783982141058,4.20670933035811,4.17908094138922,3.97852995089462,3.69517728951186,3.32076835636519,2.84083361376801,2.32529734082226,1.81653013097718,1.39668835784566,1.04694121031608,0.737474567803867,0.449566071611581,0.296536655666757,,,,Colombia,CO2
GCAM 5.3,SSP1-noDACCS-2p6-3pctHR,COL,Emissions|CO2|Energy|Demand|Transportation,Mt CO2/yr,,,,24.6024423567548,,,27.979508898984,,,,,40.1280432595179,,41.3220096920183,,,,,39.9782542678489,36.660890360609,33.4167575074077,30.3132074932095,27.2477653672211,24.459760685035,22.8350000352167,21.8070746321139,19.4229162694389,14.7834193406126,9.36396306637482,5.80073805107622,3.86058995515484,2.91798047087529,2.40686774867889,1.98821773078089,,,,Colombia,CO2
GCAM 5.3,SSP1-noDACCS-2p6-3pctHR,COL,Emissions|CO2|Energy|Supply,Mt CO2/yr,,,,10.9762467911051,,,18.9374212779191,,,,,20.6020817481478,,24.7582843457648,,,,,27.1648161165773,31.5538937809628,34.0651413034659,33.6390597496003,30.5269186629861,25.9472653403799,20.9604077937362,14.2871391598213,3.01218573036515,-12.823111266568,-32.8334413852155,-52.03476885738,-71.3802108925057,-93.6229481466611,-122.132092627429,-141.577135300344,,,,Colombia,CO2
GCAM 5.3,SSP1-noDACCS-2p6-3pctHR,COL,Emissions|CO2|Energy|Supply|Electricity,Mt CO2/yr,,,,6.32566820166052,,,10.4640760590638,,,,,16.4833756128271,,20.8171278795742,,,,,23.3647772587362,28.0083062469222,31.2490102937584,32.638244193114,32.2395650076111,30.2893599796122,27.3347437405637,22.5313789820449,14.7690975825694,6.02000069746058,-4.62825286849091,-15.4896062873202,-27.8380582216219,-43.5775011565477,-67.8801337778585,-89.2646224646657,,,,Colombia,CO2
GCAM 5.3,SSP1-noDACCS-2p6-3pctHR,COL,Emissions|CO2|Energy|Supply|Gases,Mt CO2/yr,,,,0.0,,,0.0,,,,,0.0,,0.0021433347600682,,,,,0.0036275278640198,0.0053780894769128,0.0080976784560741,0.0112384130283264,0.0121477770962885,0.0125203295100478,0.01085319609411,0.0082665588700146,0.0059956324632499,0.0041582441415045,0.0025540127359949,0.001504926851044,0.0008058380318571,0.0004079034502511,0.0001944900913127,9.41218749860957e-05,,,,Colombia,CO2
GCAM 5.3,SSP1-noDACCS-2p6-3pctHR,COL,Emissions|CO2|Energy|Supply|Liquids,Mt CO2/yr,,,,4.65058042278,,,8.47334668552092,,,,,4.11870613532062,,3.93531660858492,,,,,3.79142046829895,3.53351654225209,2.8003513822907,0.980752392342299,-1.73565542972194,-4.36872885141999,-6.39515611906181,-8.24002413232548,-11.7169916122159,-18.7415790614072,-28.0126396619573,-36.1907268167574,-42.8832091569285,-48.8709467839525,-52.5027115850585,-50.901370035075,,,,Colombia,CO2
GCAM 5.3,SSP1-noDACCS-2p6-3pctHR,COL,Emissions|CO2|Energy|Supply|Solids,Mt CO2/yr,,,,-1.83333538543514e-06,,,-1.46666562050543e-06,,,,,0.0,,-1.83333329098898e-05,,,,,-2.93332979744265e-05,0.0,0.0,0.0,-2.93332502150989e-05,0.0,0.0,-5.13333094148474e-05,0.0,-1.83332897602959e-05,-4.76665454930686e-05,0.0,0.0,-5.13332963774629e-06,0.0,-1.4666649277889e-06,,,,Colombia,CO2
GCAM 5.3,SSP1-noDACCS-2p6-3pctHR,COL,Emissions|CO2|Industrial Processes,Mt CO2/yr,,,,7.59487628244341,,,7.64457289585839,,,,,7.64499561914071,,6.71372491446078,,,,,5.86437041426268,6.10997395073503,6.10912629705114,5.60583496031291,4.59499867535586,3.31286625912994,1.79340885427802,-0.278868046652725,-2.93755802470772,-6.50760550112611,-10.3645508728795,-13.3641031242405,-15.5188514789676,-17.0577578011411,-18.2504781066014,-18.8756528944576,,,,Colombia,CO2
GCAM 5.3,SSP1-noDACCS-2p6-3pctHR,COL,Emissions|N2O|AFOLU,Mt CO2e/yr,,,,16.662201241100686,,,18.08745465935008,,,,,16.542068429329717,,17.123366884583234,,,,,17.969765295771744,18.489280659437956,19.058779074864983,19.784406884236724,20.672369013712142,21.468214099253377,21.909997099894472,22.149594014068246,22.33040451493679,22.539047301903405,22.875642529090804,22.997582470367504,22.95587441510181,22.785235140137104,22.38957259902445,21.382851794971483,,,,Colombia,N2O
GCAM 5.3,SSP2-DACCS-2p6-3pctHR,COL,Carbon Sequestration|CCS|Biomass,Mt CO2/yr,,,,0.0,,,0.0,,,,,0.0,,0.00040549670353,,,,,0.063982550816595,0.162176371943305,0.388159865587257,10.5931378327124,20.1034930412568,31.8393482121193,46.2022350808695,65.1688980941447,94.2888531813798,131.457913694752,145.355725421581,161.732948130486,175.191869853591,188.173057546132,196.516107110622,200.300839308504,,,,Colombia,
GCAM 5.3,SSP2-DACCS-2p6-3pctHR,COL,Carbon Sequestration|Direct Air Capture,Mt CO2/yr,,,,0.0,,,0.0,,,,,0.0,,0.0,,,,,0.0005184954274692,0.022371783700465,0.028438698585336,0.94195289229874,2.40317217177578,5.40763256760292,12.214793117687,29.5152297604761,75.7472514349608,168.042686334652,189.891792744212,203.017577981824,207.712776288944,207.420623321773,201.400855263971,190.112281709271,,,,Colombia,
GCAM 5.3,SSP2-DACCS-2p6-3pctHR,COL,Emissions|CH4|AFOLU,Mt CO2e/yr,,,,48.9609887305028,,,50.98532983971812,,,,,45.02131351917108,,48.65037780139572,,,,,52.45563623206564,56.2945618898026,59.94633202165916,63.54310560599848,67.23558008018824,70.473158024857,73.15076197801709,75.60564420205664,77.82346653945275,79.63687838095248,80.94659744449879,81.89845955266053,82.48686382548752,82.77632511780156,82.82190462378867,82.62298885385832,,,,Colombia,CH4
GCAM 5.3,SSP2-DACCS-2p6-3pctHR,COL,Emissions|CO2|AFOLU,Mt CO2/yr,,,,-25.1408773918427,,,-28.772478333434,,,,,21.0498930941589,,15.658790419008,,,,,13.6884899593783,17.7320812749703,22.2676621030171,16.0172102865427,-24.2715684039547,-51.862177664726,-68.0720094926047,-84.2714428174692,-95.6856187935297,-91.3157326524427,-60.6256989129029,-71.7251741813874,-57.6152268661071,-43.418911997725,-35.6566815499197,-30.4485578322979,,,,Colombia,CO2
GCAM 5.3,SSP2-DACCS-2p6-3pctHR,COL,Emissions|CO2|Energy and Industrial Processes,Mt CO2/yr,,,,64.5446472220988,,,77.6701851238493,,,,,93.5801178411618,,99.0596079868526,,,,,110.785449933875,121.052081923044,131.82998789835,86.0769939352235,66.1661702198603,40.2083371569746,6.47764967320991,-44.2167191198316,-140.279658740615,-291.347503997776,-329.704255705428,-366.34043301128,-390.279137289114,-409.007275560626,-414.999461481114,-410.644451142769,,,,Colombia,CO2
GCAM 5.3,SSP2-DACCS-2p6-3pctHR,COL,Emissions|CO2|Energy|Demand,Mt CO2/yr,,,,45.9735241485503,,,51.0881909500718,,,,,65.3330404738734,,66.3161743473011,,,,,70.0158993665773,71.6497717150116,74.1721168246066,54.3058173488642,50.4058718108155,46.7051964766923,43.0207496836333,38.6362942799707,31.5738443391112,24.3776438870918,23.7961329342281,21.3100870026672,18.6859971344837,16.2868867871725,14.8257365914992,13.900669484465,,,,Colombia,CO2
GCAM 5.3,SSP2-DACCS-2p6-3pctHR,COL,Emissions|CO2|Energy|Demand|Industry,Mt CO2/yr,,,,16.6921618880442,,,18.1178302254524,,,,,13.5859168736136,,13.1384359377084,,,,,15.1752289057703,17.0129891838961,19.3678349002986,10.9252564038817,10.8952926703919,10.4809418860621,9.67406339748774,8.57980617613313,7.38427146938852,6.18799226732698,5.21757260298013,4.20949117636353,3.32267634998725,2.53919621052659,1.92278714683817,1.46081719279335,,,,Colombia,CO2
GCAM 5.3,SSP2-DACCS-2p6-3pctHR,COL,Emissions|CO2|Energy|Demand|Residential and Commercial,Mt CO2/yr,,,,4.67891990375123,,,4.99085182563537,,,,,11.6190803407418,,11.863360179315,,,,,12.5443372097825,13.2445746736381,14.0846524145337,11.0237505847521,10.3241546417276,9.48294400566358,8.48953308507121,7.35123804915432,5.93100894290638,4.61094288330216,4.02550342471361,3.268818105883,2.5728926990493,1.95614385043326,1.47689921229868,1.11285386942366,,,,Colombia,CO2
GCAM 5.3,SSP2-DACCS-2p6-3pctHR,COL,Emissions|CO2|Energy|Demand|Residential and Commercial|Commercial,Mt CO2/yr,,,,0.69213117390248,,,1.18921171902927,,,,,8.08381770393812,,8.2337318973216,,,,,8.60876403722681,8.97125415339135,9.42503215085281,7.56432758492711,6.93916530221776,6.27741974340395,5.54284197704072,4.73136157340457,3.71108430999059,2.78710805794547,2.45101993868788,1.98238742823906,1.55082597884237,1.17363886103655,0.887641707254349,0.671640947525395,,,,Colombia,CO2
GCAM 5.3,SSP2-DACCS-2p6-3pctHR,COL,Emissions|CO2|Energy|Demand|Residential and Commercial|Residential,Mt CO2/yr,,,,3.98678872984875,,,3.80164010660609,,,,,3.53526263680371,,3.62962828199335,,,,,3.93557317255568,4.2733205202467,4.65962026368093,3.45942299982498,3.38498933950984,3.20552426225963,2.9466911080305,2.61987647574974,2.21992463291579,1.8238348253567,1.57448348602573,1.28643067764395,1.02206672020693,0.782504989396704,0.589257505044329,0.44121292189827,,,,Colombia,CO2
GCAM 5.3,SSP2-DACCS-2p6-3pctHR,COL,Emissions|CO2|Energy|Demand|Transportation,Mt CO2/yr,,,,24.6024423567548,,,27.979508898984,,,,,40.1280432595179,,41.3143782302778,,,,,42.2963332510245,41.3922078574774,40.7196295097743,32.3568103602304,29.1864244986961,26.7413105849666,24.8571532010743,22.7052500546833,18.2585639268163,13.5787087364626,14.5530569065343,13.8317777204206,12.7904280854472,11.7915467262126,11.4260502323624,11.326998422248,,,,Colombia,CO2
GCAM 5.3,SSP2-DACCS-2p6-3pctHR,COL,Emissions|CO2|Energy|Supply,Mt CO2/yr,,,,10.9762467911051,,,18.9374212779191,,,,,20.6020817481478,,26.0421437647266,,,,,32.9041952261851,40.3667490618543,47.5011923058537,30.295500428573,17.2185387804225,-0.157123586922507,-21.1756456281305,-47.5463195788159,-86.5704705151381,-133.946564934641,-147.810671769798,-165.754714507765,-178.969007976143,-192.030088092777,-199.426776482786,-202.618275487498,,,,Colombia,CO2
GCAM 5.3,SSP2-DACCS-2p6-3pctHR,COL,Emissions|CO2|Energy|Supply|Electricity,Mt CO2/yr,,,,6.32566820166052,,,10.4640760590638,,,,,16.4833756128271,,21.8735903694945,,,,,28.6414917973552,36.160206654425,43.4345509266883,34.5617366012257,27.8415298964304,17.8945149879448,5.25367756212059,-10.9261420466956,-33.460423350275,-60.8999144436327,-73.6236061695831,-85.0209220748434,-94.0053002694558,-103.731246709937,-112.141231400582,-118.696656938844,,,,Colombia,CO2
GCAM 5.3,SSP2-DACCS-2p6-3pctHR,COL,Emissions|CO2|Energy|Supply|Gases,Mt CO2/yr,,,,0.0,,,0.0,,,,,0.0,,0.0024805665904578,,,,,0.0096410238667406,0.0218684448368428,0.0505042781952174,0.0119576195315054,0.0128322975755905,0.0142348776144963,0.014306878322941,0.0134661454113009,0.0130647313895628,0.0130971753005654,0.0099567905785203,0.0070467429431542,0.0045567091948496,0.0027019404044149,0.0016013752613007,0.0010186432882008,,,,Colombia,CO2
GCAM 5.3,SSP2-DACCS-2p6-3pctHR,COL,Emissions|CO2|Energy|Supply|Liquids,Mt CO2/yr,,,,4.65058042278,,,8.47334668552092,,,,,4.11870613532062,,4.16218616458074,,,,,4.24303067818813,4.1658888105509,3.98456998181078,-4.22611961065333,-10.5572932017518,-17.9355736012813,-26.234522506263,-36.2502368828798,-52.4984948188631,-72.1510892066051,-73.5522071461,-80.0641300496918,-84.3405707709359,-87.6457064954105,-86.6679626656138,-83.4000178027002,,,,Colombia,CO2
GCAM 5.3,SSP2-DACCS-2p6-3pctHR,COL,Emissions|CO2|Energy|Supply|Solids,Mt CO2/yr,,,,-1.83333538543514e-06,,,-1.46666562050543e-06,,,,,0.0,,-2.56666544803287e-05,,,,,-7.33332895088954e-06,0.0,-3.66666755231005e-06,0.0,0.0,-2.19999988311197e-05,0.0,0.0,0.0,0.0,0.0,0.0,0.0,0.0,-4.39999375563273e-06,0.0,,,,Colombia,CO2
GCAM 5.3,SSP2-DACCS-2p6-3pctHR,COL,Emissions|CO2|Industrial Processes,Mt CO2/yr,,,,7.59487628244341,,,7.64457289585839,,,,,7.64499561914071,,6.70128987482493,,,,,7.86536421155439,9.03578226979742,10.1569485689375,1.48520496193692,-1.43421415956932,-6.28705739723787,-15.2519833280689,-35.0377277347715,-84.6263704036645,-180.382024581451,-204.103104277989,-220.198102302037,-228.255136758259,-231.523974535605,-228.710634375945,-220.343598355523,,,,Colombia,CO2
GCAM 5.3,SSP2-DACCS-2p6-3pctHR,COL,Emissions|N2O|AFOLU,Mt CO2e/yr,,,,16.662201241100686,,,18.08745465935008,,,,,16.542068429329717,,18.030774906624483,,,,,19.38378412690684,20.697359942233067,21.970477035871728,23.881663888013023,25.663318357692834,27.317110498289157,28.759719274527967,30.1988830925863,31.72984202859908,33.075574088529336,33.12960050941032,33.413685194530096,33.57977964812698,33.63719327119542,33.68222077837863,33.711842959950246,,,,Colombia,N2O
GCAM 5.3,SSP2-noDACCS-2p6-3pctHR,COL,Carbon Sequestration|CCS|Biomass,Mt CO2/yr,,,,0.0,,,0.0,,,,,0.0,,0.238775932706901,,,,,0.423162488802647,0.578880101625459,0.851048726368059,18.041662233151,30.1655840447426,45.8822087783265,64.2630572193126,88.4086353486983,122.820058890335,164.591659572342,181.992748265011,202.253030223854,221.583418469396,240.650160054676,253.945150539755,263.647344724879,,,,Colombia,
GCAM 5.3,SSP2-noDACCS-2p6-3pctHR,COL,Emissions|CH4|AFOLU,Mt CO2e/yr,,,,48.9609887305028,,,50.98532983971812,,,,,45.021313547171076,,48.6507685104742,,,,,52.45691049744012,56.29624697970896,59.947513511801155,63.65391614721496,67.03253849268592,70.06524257261368,73.05672279678025,75.70576174128493,77.9006515719278,79.70718246976044,81.04876902622361,82.02019320142816,82.61155415517284,82.88514127951484,82.92749233069924,82.70278671351676,,,,Colombia,CH4
GCAM 5.3,SSP2-noDACCS-2p6-3pctHR,COL,Emissions|CO2|AFOLU,Mt CO2/yr,,,,-25.1408773918427,,,-28.772478333434,,,,,21.0498930941589,,14.236584602735,,,,,13.596390029086,17.7311373723924,22.2942198519091,25.008062729386,-52.8587695350623,-59.56230133579,-72.0930517326965,-86.8960777278722,-97.902210076509,-87.9949027077214,-70.7595343478426,-77.0356609978097,-57.7680752545737,-44.1749793148126,-35.2300362644845,-29.7890421901194,,,,Colombia,CO2
GCAM 5.3,SSP2-noDACCS-2p6-3pctHR,COL,Emissions|CO2|Energy and Industrial Processes,Mt CO2/yr,,,,64.5446472220988,,,77.6701851238493,,,,,93.5801178411618,,99.1818307342516,,,,,109.932998579187,120.564512070412,131.558448293341,68.9447089510892,45.8536920664065,16.4138732318636,-16.3701597150741,-57.8379011344933,-115.595363097459,-180.532150762419,-202.248531719513,-229.476475736174,-253.903947756456,-276.413709452223,-291.128658956909,-300.919013763076,,,,Colombia,CO2
GCAM 5.3,SSP2-noDACCS-2p6-3pctHR,COL,Emissions|CO2|Energy|Demand,Mt CO2/yr,,,,45.9735241485503,,,51.0881909500718,,,,,65.3330404738734,,66.5590705858812,,,,,70.2336487903703,71.9596307264754,74.4919689942951,49.5284137195705,45.5438247637168,41.4096675800584,37.005001659372,31.3295171443135,23.1775977621326,15.7099054434107,14.0727535716115,12.5702528087333,11.3215608539943,10.487379783331,10.0487566108663,9.77379061424706,,,,Colombia,CO2
GCAM 5.3,SSP2-noDACCS-2p6-3pctHR,COL,Emissions|CO2|Energy|Demand|Industry,Mt CO2/yr,,,,16.6921618880442,,,18.1178302254524,,,,,13.5859168736136,,13.1448581477914,,,,,15.1074899346478,16.9514433047946,19.318301433512,9.84661719859316,9.66054648464247,9.04716417459104,8.15973498245621,7.01003573240196,5.76537642859321,4.5448555755941,3.76450534163852,2.92572256474623,2.1959242276941,1.60233112966979,1.21867841628557,0.917618554794481,,,,Colombia,CO2
GCAM 5.3,SSP2-noDACCS-2p6-3pctHR,COL,Emissions|CO2|Energy|Demand|Residential and Commercial,Mt CO2/yr,,,,4.67891990375123,,,4.99085182563537,,,,,11.6190803407418,,11.8707644743383,,,,,12.5205521847123,13.2528710154915,14.1065248056576,10.0639092560244,9.31431947518339,8.33692322968574,7.23174389152299,5.93888190736232,4.44551987967251,3.18513531925303,2.67380898064988,2.11519884796145,1.61555880466346,1.19261176877672,0.903414124560126,0.662117686892328,,,,Colombia,CO2
GCAM 5.3,SSP2-noDACCS-2p6-3pctHR,COL,Emissions|CO2|Energy|Demand|Residential and Commercial|Commercial,Mt CO2/yr,,,,0.69213117390248,,,1.18921171902927,,,,,8.08381770393812,,8.24322890686197,,,,,8.60769395516357,8.9937700025494,9.45452059841596,6.92449317813728,6.28246031566928,5.54386145121853,4.73025575653802,3.80089776863977,2.72649098526978,1.85683799425991,1.558489823815,1.23777616600315,0.951598168983973,0.709450361869168,0.54208800443304,0.400634847077674,,,,Colombia,CO2
GCAM 5.3,SSP2-noDACCS-2p6-3pctHR,COL,Emissions|CO2|Energy|Demand|Residential and Commercial|Residential,Mt CO2/yr,,,,3.98678872984875,,,3.80164010660609,,,,,3.53526263680371,,3.62753556747634,,,,,3.91285822954871,4.25910101294207,4.65200420724163,3.13941607788707,3.03185915951411,2.79306177846721,2.50148813498497,2.13798413872255,1.71902889440273,1.32829732499312,1.11531915683488,0.877422681958299,0.663960635679486,0.483161406907555,0.361326120127086,0.261482839814653,,,,Colombia,CO2
GCAM 5.3,SSP2-noDACCS-2p6-3pctHR,COL,Emissions|CO2|Energy|Demand|Transportation,Mt CO2/yr,,,,24.6024423567548,,,27.979508898984,,,,,40.1280432595179,,41.5434479637515,,,,,42.6056066710102,41.7553164061893,41.0671427551255,29.617887264953,26.568958803891,24.0255801757816,21.6135227853928,18.3805995045492,12.9667014538669,7.9799145485636,7.63443924932307,7.52933139602559,7.51007782163673,7.69243688488448,7.92666407002064,8.19405437256026,,,,Colombia,CO2
GCAM 5.3,SSP2-noDACCS-2p6-3pctHR,COL,Emissions|CO2|Energy|Supply,Mt CO2/yr,,,,10.9762467911051,,,18.9374212779191,,,,,20.6020817481478,,25.8990166212152,,,,,31.7869290619589,39.4812367086521,46.8038325977115,17.8861342529988,0.28688433480731,-23.0545037998941,-49.0886594505713,-81.8819892586069,-127.299186812918,-180.203913357042,-197.510618347027,-220.194061751699,-240.241439837074,-258.826596512932,-270.257634156174,-277.050793030675,,,,Colombia,CO2
GCAM 5.3,SSP2-noDACCS-2p6-3pctHR,COL,Emissions|CO2|Energy|Supply|Electricity,Mt CO2/yr,,,,6.32566820166052,,,10.4640760590638,,,,,16.4833756128271,,21.9504281262765,,,,,27.8209303130123,35.604576383701,43.1039360924797,27.992486787953,17.7280562134588,3.51776613133629,-11.7659475830575,-30.3693187684051,-54.1431748035007,-80.3152673511766,-93.5741710068741,-108.039894097138,-124.043352612574,-142.199124074997,-156.846755823826,-171.387721330453,,,,Colombia,CO2
GCAM 5.3,SSP2-noDACCS-2p6-3pctHR,COL,Emissions|CO2|Energy|Supply|Gases,Mt CO2/yr,,,,0.0,,,0.0,,,,,0.0,,0.0024899150689245,,,,,0.0097928957582304,0.0222574374281125,0.0512020462269224,0.008070348149122,0.0080412945898322,0.0081373428507123,0.0072493628304987,0.0057098277271666,0.003947124700391,0.0024238352449826,0.0018636110969026,0.0013149691384226,0.000772015957508,0.000414307902221,0.0002060744577572,0.0001021280377298,,,,Colombia,CO2
GCAM 5.3,SSP2-noDACCS-2p6-3pctHR,COL,Emissions|CO2|Energy|Supply|Liquids,Mt CO2/yr,,,,4.65058042278,,,8.47334668552092,,,,,4.11870613532062,,3.94220481095014,,,,,3.94618884564486,3.83563115884212,3.61705855521842,-10.0189182539656,-17.302266587674,-26.302991309854,-36.8900542110069,-50.7132397662242,-71.8602772411818,-97.7488773392112,-102.265449718508,-110.026200251913,-113.614561135795,-113.663525427616,-110.186074138603,-103.110743141257,,,,Colombia,CO2
GCAM 5.3,SSP2-noDACCS-2p6-3pctHR,COL,Emissions|CO2|Energy|Supply|Solids,Mt CO2/yr,,,,-1.83333538543514e-06,,,-1.46666562050543e-06,,,,,0.0,,-2.93333198062385e-05,,,,,0.0,-2.19999708081038e-05,-3.66666771566006e-06,0.0,0.0,-1.0999990038939e-05,0.0,0.0,-3.6666555851963e-05,0.0,-7.33333133364966e-07,-1.53999403156378e-05,0.0,0.0,-1.83333072016635e-06,0.0,,,,Colombia,CO2
GCAM 5.3,SSP2-noDACCS-2p6-3pctHR,COL,Emissions|CO2|Industrial Processes,Mt CO2/yr,,,,7.59487628244341,,,7.64457289585839,,,,,7.64499561914071,,6.72374352715521,,,,,7.91242072685797,9.12364463528425,10.2626467013342,1.53016097851992,0.0229829678823581,-1.94129054830072,-4.28650192387472,-7.28542902019983,-11.473774046673,-16.0381428487884,-18.8106669440974,-21.852666793208,-24.9840687733771,-28.0744927226227,-30.9197814116019,-33.6420113466479,,,,Colombia,CO2
GCAM 5.3,SSP2-noDACCS-2p6-3pctHR,COL,Emissions|N2O|AFOLU,Mt CO2e/yr,,,,16.662201241100686,,,18.08745465935008,,,,,16.542068429329717,,17.9547555348727,,,,,19.29931725089086,20.608005669015764,21.87979142652221,24.079036964648758,25.72909925829434,27.38605905581255,29.056005106977302,30.674451424462212,32.2305325163307,33.65656161416012,33.83359595239478,34.11573467722219,34.1687826531425,34.21462156283999,34.19000065391056,34.09276204898792,,,,Colombia,N2O
GCAM 5.3,SSP4-DACCS-1p9-3pctHR,COL,Carbon Sequestration|CCS|Biomass,Mt CO2/yr,,,,0.0,,,0.0,,,,,0.0,,0.000401844703198,,,,,0.12245186446532,0.849305039209542,2.84521938632295,6.94299024884754,13.6428074392551,22.1739414004793,32.3723555599411,46.5876299499054,65.1134602127654,71.0827008234236,76.9429368655037,82.1656684106218,87.6035987612948,91.9230625549212,94.4352586928785,95.2024942680996,,,,Colombia,
GCAM 5.3,SSP4-DACCS-1p9-3pctHR,COL,Carbon Sequestration|Direct Air Capture,Mt CO2/yr,,,,0.0,,,0.0,,,,,0.0,,0.0,,,,,0.0104602145609285,3.57705684852029,7.25023734685193,13.2174319313487,46.024495966723,90.5358437799385,158.199103019916,256.843935638109,359.353734138275,381.966638432886,390.438763482279,388.074305115827,379.375640437128,364.687313956632,346.638244273401,327.746863114744,,,,Colombia,
GCAM 5.3,SSP4-DACCS-1p9-3pctHR,COL,Emissions|CH4|AFOLU,Mt CO2e/yr,,,,48.9609887305028,,,50.98532983971812,,,,,45.02131351917108,,48.40835995864456,,,,,51.59091541075892,54.89677571417788,58.002517013325075,60.80654941041492,63.343661839713086,65.36662901502581,66.78121726048612,67.61410718609204,67.78242347216816,67.76846637481117,67.48103555310291,66.7452350864516,65.67121245249515,64.30675499047017,62.72151324601735,60.95608944889072,,,,Colombia,CH4
GCAM 5.3,SSP4-DACCS-1p9-3pctHR,COL,Emissions|CO2|AFOLU,Mt CO2/yr,,,,-25.1408773918427,,,-28.772478333434,,,,,21.0498930941589,,12.4966635087763,,,,,-4.42549460422668,-21.792155294342,-35.813631998133,-47.0919464111176,-58.3056421833453,-70.9186350912379,-80.9331624628124,-74.9046345956076,-68.67358798055,-18.0203273560786,-35.5117158438363,-37.2215735552109,-31.3683772653902,-25.7588396015186,-22.9112676819051,-22.0970058566157,,,,Colombia,CO2
GCAM 5.3,SSP4-DACCS-1p9-3pctHR,COL,Emissions|CO2|Energy and Industrial Processes,Mt CO2/yr,,,,64.5446472220988,,,77.6701851238493,,,,,93.5801178411618,,97.4314656563289,,,,,96.5470734647212,93.9520165678329,87.9958071180182,74.2141951194145,28.5075225392522,-32.6907058383934,-118.883955451011,-241.554846456373,-375.843187426342,-410.424455038105,-431.784815444874,-441.546211993066,-445.398683936073,-441.429774725438,-431.615758117765,-418.739619397715,,,,Colombia,CO2
GCAM 5.3,SSP4-DACCS-1p9-3pctHR,COL,Emissions|CO2|Energy|Demand,Mt CO2/yr,,,,45.9735241485503,,,51.0881909500718,,,,,65.3330404738734,,65.4673222266598,,,,,63.8565726558941,61.9862047210655,60.4271446175408,57.3493625099099,53.3910924159528,49.7023279862386,46.6369242717074,43.3226137868352,38.6166098546141,36.5078025455498,34.1046799330188,31.2181873136223,27.8645556353478,24.7184587909696,21.8426702494212,19.2986201223393,,,,Colombia,CO2
GCAM 5.3,SSP4-DACCS-1p9-3pctHR,COL,Emissions|CO2|Energy|Demand|Industry,Mt CO2/yr,,,,16.6921618880442,,,18.1178302254524,,,,,13.5859168736136,,12.9623208243942,,,,,11.6263147646403,11.1728130292987,11.1911882698639,11.1361192866084,10.7990623517153,10.1115343302531,9.15037243013343,8.0006802866257,6.88356340038109,5.88916665138629,4.78985658819601,3.77442930084783,2.88295032095402,2.15043822740802,1.5965827249563,1.18494845119688,,,,Colombia,CO2
GCAM 5.3,SSP4-DACCS-1p9-3pctHR,COL,Emissions|CO2|Energy|Demand|Residential and Commercial,Mt CO2/yr,,,,4.67891990375123,,,4.99085182563537,,,,,11.6190803407418,,11.6079804289081,,,,,10.985027531392,10.8551008132247,10.7060010864017,10.1346946522728,9.21690942373429,8.27224663541788,7.35887412305271,6.38653766767071,5.32416006810887,4.4545295994699,3.64172829547891,2.87351982492581,2.18662518776506,1.62078842660687,1.18576891291969,0.863981370638825,,,,Colombia,CO2
GCAM 5.3,SSP4-DACCS-1p9-3pctHR,COL,Emissions|CO2|Energy|Demand|Residential and Commercial|Commercial,Mt CO2/yr,,,,0.69213117390248,,,1.18921171902927,,,,,8.08381770393812,,8.08269010315918,,,,,7.74145580295485,7.60195024310788,7.43106309933325,6.95214368745117,6.23852804283679,5.55272439976862,4.9100715337361,4.24380205623771,3.50039574169117,2.91460231261755,2.37854381409418,1.87275533236671,1.41873288672018,1.046726236773,0.76190708375071,0.552481636687083,,,,Colombia,CO2
GCAM 5.3,SSP4-DACCS-1p9-3pctHR,COL,Emissions|CO2|Energy|Demand|Residential and Commercial|Residential,Mt CO2/yr,,,,3.98678872984875,,,3.80164010660609,,,,,3.53526263680371,,3.52529032574893,,,,,3.24357172843711,3.25315057011687,3.27493798706849,3.18255096482161,2.97838138089749,2.71952223564926,2.44880258931661,2.14273561143301,1.8237643264177,1.53992728685235,1.26318448138474,1.00076449255911,0.767892301044878,0.574062189833877,0.423861829168979,0.311499733951743,,,,Colombia,CO2
GCAM 5.3,SSP4-DACCS-1p9-3pctHR,COL,Emissions|CO2|Energy|Demand|Transportation,Mt CO2/yr,,,,24.6024423567548,,,27.979508898984,,,,,40.1280432595179,,40.8970209733574,,,,,41.2452303598618,39.9582908785421,38.5299552612752,36.0785485710287,33.3751206405033,31.3185470205676,30.1276777185213,28.9353958325388,26.4088863861241,26.1641062946936,25.6730950493439,24.5702381878486,22.7949801266287,20.9472321369547,19.0603186115452,17.2496903005036,,,,Colombia,CO2
GCAM 5.3,SSP4-DACCS-1p9-3pctHR,COL,Emissions|CO2|Energy|Supply,Mt CO2/yr,,,,10.9762467911051,,,18.9374212779191,,,,,20.6020817481478,,25.2644341840683,,,,,27.3601862410744,30.4744659670753,30.336740898163,26.6270407014688,19.1960687979499,7.91516554432065,-5.76677890041561,-24.5493472519281,-49.2306191072761,-57.6047824074677,-66.3839759932944,-73.6266999340039,-80.4942853103961,-85.7401223255374,-88.8158223055035,-90.20551439601,,,,Colombia,CO2
GCAM 5.3,SSP4-DACCS-1p9-3pctHR,COL,Emissions|CO2|Energy|Supply|Electricity,Mt CO2/yr,,,,6.32566820166052,,,10.4640760590638,,,,,16.4833756128271,,21.1352468293811,,,,,23.3435636306994,27.0139415623302,28.3960639005314,27.8437978962416,25.2316137007367,19.4273584086415,11.2530771459905,-1.31575486106888,-17.9741122186484,-25.7819526824892,-33.0541378533001,-38.4410416015137,-43.0911639872717,-47.0840133233222,-49.8813561667127,-51.7549188488485,,,,Colombia,CO2
GCAM 5.3,SSP4-DACCS-1p9-3pctHR,COL,Emissions|CO2|Energy|Supply|Gases,Mt CO2/yr,,,,0.0,,,0.0,,,,,0.0,,0.0023799935233848,,,,,0.0042697944156621,0.0062827503096717,0.0101433408915992,0.015224089145391,0.0232432982193771,0.0336484635417372,0.0446227299068606,0.0564643199477106,0.0599744044012874,0.0501024587315756,0.037779625244686,0.0283075219853425,0.019548704454919,0.0128888324930287,0.0082529456539196,0.0049779292258587,,,,Colombia,CO2
GCAM 5.3,SSP4-DACCS-1p9-3pctHR,COL,Emissions|CO2|Energy|Supply|Liquids,Mt CO2/yr,,,,4.65058042278,,,8.47334668552092,,,,,4.11870613532062,,4.12297189348775,,,,,4.00831961872444,3.45112966629975,1.93245916497803,-1.22062471470633,-6.02992332779286,-11.4857426385503,-16.9582497281025,-23.08508064793,-31.0127671361222,-31.6684532062673,-33.1939625586699,-35.0491774345695,-37.2544460892504,-38.5044253819951,-38.7763870434724,-38.2980057282396,,,,Colombia,CO2
GCAM 5.3,SSP4-DACCS-1p9-3pctHR,COL,Emissions|CO2|Energy|Supply|Solids,Mt CO2/yr,,,,-1.83333538543514e-06,,,-1.46666562050543e-06,,,,,0.0,,-3.66666286546029e-06,,,,,-2.93332966857398e-05,-2.93333292118994e-05,0.0,-1.10000272169991e-05,0.0,0.0,0.0,0.0,-1.46666586255425e-05,-1.09999806458548e-05,0.0,0.0,0.0,0.0,0.0,-2.56666061203904e-06,,,,Colombia,CO2
GCAM 5.3,SSP4-DACCS-1p9-3pctHR,COL,Emissions|CO2|Industrial Processes,Mt CO2/yr,,,,7.59487628244341,,,7.64457289585839,,,,,7.64499561914071,,6.69970924560079,,,,,5.33049540565254,1.53610265872445,-2.67821517777894,-9.60055198255046,-43.5154703377665,-89.2137449890914,-157.869216226315,-257.320436477054,-361.117422080701,-384.849818101302,-394.901624542617,-394.546940149417,-388.276650894738,-376.095972208174,-360.571182292553,-344.034836868162,,,,Colombia,CO2
GCAM 5.3,SSP4-DACCS-1p9-3pctHR,COL,Emissions|N2O|AFOLU,Mt CO2e/yr,,,,16.662201241100686,,,18.08745465935008,,,,,16.542068429329717,,17.898822987089225,,,,,19.108951249670376,20.367574631149473,21.624461546537578,22.854082027293153,24.122471133910427,25.198053484590712,25.961122348294772,26.520245752734308,26.869395939268973,26.656061463841148,26.49888384519503,26.288345025078318,26.050408556416063,25.700839990651644,25.233661613155085,24.63175327840145,,,,Colombia,N2O
GCAM 5.3,SSP4-DACCS-2p6-3pctHR,COL,Carbon Sequestration|CCS|Biomass,Mt CO2/yr,,,,0.0,,,0.0,,,,,0.0,,0.000401837369864,,,,,0.077996720757277,0.37331190950411,1.1986466951012,3.10764997381361,6.2657718062489,10.1362898765808,14.1617019163273,19.559417435962,26.5690228676988,36.6532817411162,52.0047556973046,69.6713083336881,74.4928520703768,78.3228928459623,81.8448906136106,85.9948883926164,,,,Colombia,
GCAM 5.3,SSP4-DACCS-2p6-3pctHR,COL,Carbon Sequestration|Direct Air Capture,Mt CO2/yr,,,,0.0,,,0.0,,,,,0.0,,0.0,,,,,0.0057234639069815,1.76965383421094,3.2306709710885,5.2716154341463,8.65088705105344,14.2683685636364,22.3109033436719,80.0761359606318,122.663432633762,188.277535955825,282.475723639312,380.981994105422,403.303539277853,400.932967719734,395.692996734101,388.751386150033,,,,Colombia,
GCAM 5.3,SSP4-DACCS-2p6-3pctHR,COL,Emissions|CH4|AFOLU,Mt CO2e/yr,,,,48.9609887305028,,,50.98532983971812,,,,,45.02131351917108,,48.40853067797684,,,,,51.6820159029958,54.92141135306588,57.92206908104568,60.58977912887704,63.14467963542564,65.23800898113016,66.8184943299608,67.90627093080461,68.4887727878284,68.54909926316228,68.11685370130424,67.04505237838715,65.7642616578822,64.37318336503908,62.78011069476831,61.01369622295976,,,,Colombia,CH4
GCAM 5.3,SSP4-DACCS-2p6-3pctHR,COL,Emissions|CO2|AFOLU,Mt CO2/yr,,,,-25.1408773918427,,,-28.772478333434,,,,,21.0498930941589,,12.4945784795517,,,,,-5.81476604562333,-14.6373613747057,-22.6108471754051,-30.407296534549,-40.358318909227,-51.4210846145114,-61.899606746542,-59.8226062492847,-56.6824498652527,-53.9014365632804,-51.132820702742,-50.5731102887647,-16.5531660779464,-33.5882156449488,-36.5399200134753,-30.2918065566394,,,,Colombia,CO2
GCAM 5.3,SSP4-DACCS-2p6-3pctHR,COL,Emissions|CO2|Energy and Industrial Processes,Mt CO2/yr,,,,64.5446472220988,,,77.6701851238493,,,,,93.5801178411618,,97.431705170769,,,,,101.701695799085,104.308519586423,104.997541232223,101.043949678512,91.6378908688726,77.7938556870417,60.9778283950296,-7.40039759047784,-66.6897766000075,-153.582409029876,-278.192698091143,-410.030929925518,-443.218587727445,-452.00668555674,-456.940535596857,-460.476134373189,,,,Colombia,CO2
GCAM 5.3,SSP4-DACCS-2p6-3pctHR,COL,Emissions|CO2|Energy|Demand,Mt CO2/yr,,,,45.9735241485503,,,51.0881909500718,,,,,65.3330404738734,,65.4675030958136,,,,,66.2008512906547,65.5984012993715,65.2496274254414,63.5364090693648,60.7379586510869,58.0359882746269,56.1566140000299,54.3995518164282,51.9720003651321,48.4621723258525,42.8192541721333,36.3610322305471,34.5918569116123,31.9088447528912,29.1829568348727,26.3311871063153,,,,Colombia,CO2
GCAM 5.3,SSP4-DACCS-2p6-3pctHR,COL,Emissions|CO2|Energy|Demand|Industry,Mt CO2/yr,,,,16.6921618880442,,,18.1178302254524,,,,,13.5859168736136,,12.9625677069804,,,,,12.9550336896125,13.0679210299794,13.3331198335132,13.5601150511383,13.4041340176854,12.9327696177758,12.1574433414437,11.1531033683102,10.0440016302869,8.83861815612759,7.58499780615655,6.38399093062725,5.29561023724555,4.20427631418258,3.24902106501892,2.47787559886697,,,,Colombia,CO2
GCAM 5.3,SSP4-DACCS-2p6-3pctHR,COL,Emissions|CO2|Energy|Demand|Residential and Commercial,Mt CO2/yr,,,,4.67891990375123,,,4.99085182563537,,,,,11.6190803407418,,11.6079485146457,,,,,11.3833546830147,11.3475519542367,11.3643743290301,11.0560191822642,10.4370067858063,9.72475105788119,9.03861512189764,8.26687466129212,7.44642935346292,6.53780860967484,5.46936539262327,4.4024496711499,3.63539134838506,2.89110350469644,2.23681088161571,1.70257315803103,,,,Colombia,CO2
GCAM 5.3,SSP4-DACCS-2p6-3pctHR,COL,Emissions|CO2|Energy|Demand|Residential and Commercial|Commercial,Mt CO2/yr,,,,0.69213117390248,,,1.18921171902927,,,,,8.08381770393812,,8.08265891104595,,,,,7.94461507106744,7.86303618405962,7.8044665203804,7.50195044362296,6.97708907013825,6.43452736960782,5.93504066635477,5.41109799594589,4.85589241249452,4.24436260463836,3.51673816687815,2.79389016474607,2.3140337785922,1.8419670114457,1.42688856183565,1.0860432558923,,,,Colombia,CO2
GCAM 5.3,SSP4-DACCS-2p6-3pctHR,COL,Emissions|CO2|Energy|Demand|Residential and Commercial|Residential,Mt CO2/yr,,,,3.98678872984875,,,3.80164010660609,,,,,3.53526263680371,,3.52528960359974,,,,,3.43873961194728,3.48451577017712,3.55990780864974,3.55406873864126,3.45991771566809,3.29022368827337,3.10357445554287,2.85577666534622,2.59053694096839,2.29344600503648,1.95262722574512,1.60855950640383,1.32135756979286,1.04913649325074,0.809922319780052,0.616529902138734,,,,Colombia,CO2
GCAM 5.3,SSP4-DACCS-2p6-3pctHR,COL,Emissions|CO2|Energy|Demand|Transportation,Mt CO2/yr,,,,24.6024423567548,,,27.979508898984,,,,,40.1280432595179,,40.8969868741875,,,,,41.8624629180274,41.1829283151553,40.552133262898,38.9202748359623,36.8968178475952,35.3784675989699,34.9605555366885,34.9795737868259,34.4815693813823,33.0857455600501,29.7648909733535,25.57459162877,25.6608553259817,24.8134649340122,23.697124888238,22.1507383494173,,,,Colombia,CO2
GCAM 5.3,SSP4-DACCS-2p6-3pctHR,COL,Emissions|CO2|Energy|Supply,Mt CO2/yr,,,,10.9762467911051,,,18.9374212779191,,,,,20.6020817481478,,25.2644849454148,,,,,28.9399440121839,33.8749748006887,36.6571120130153,37.2220954957542,35.2820113882583,31.3548471700006,26.2105048845613,19.1605535992879,6.91285538501906,-8.5346709584358,-30.3477796394203,-53.9623409690343,-61.7825893629578,-68.4921651819031,-74.0623713859263,-79.715220809351,,,,Colombia,CO2
GCAM 5.3,SSP4-DACCS-2p6-3pctHR,COL,Emissions|CO2|Energy|Supply|Electricity,Mt CO2/yr,,,,6.32566820166052,,,10.4640760590638,,,,,16.4833756128271,,21.1353137187939,,,,,24.8147027413154,29.9935880103741,33.5176349770722,35.8500463673564,36.8407314540111,36.2419637164593,34.1247939980543,30.0593674739237,21.3868541555131,10.9729813214195,-3.17953991969211,-18.249205654419,-26.4263633164237,-32.4379729445811,-37.143343896991,-41.5376567882051,,,,Colombia,CO2
GCAM 5.3,SSP4-DACCS-2p6-3pctHR,COL,Emissions|CO2|Energy|Supply|Gases,Mt CO2/yr,,,,0.0,,,0.0,,,,,0.0,,0.0023801038149864,,,,,0.0059490174624863,0.0105405622680871,0.01810202901947,0.0284387429582872,0.0362348376909613,0.0448926827004473,0.0494970537270394,0.069776016149771,0.0778988153013317,0.0831300032878322,0.0879269423634914,0.0883116859077768,0.0719402857712573,0.053518585066756,0.0395568307087334,0.0290118240356685,,,,Colombia,CO2
GCAM 5.3,SSP4-DACCS-2p6-3pctHR,COL,Emissions|CO2|Energy|Supply|Liquids,Mt CO2/yr,,,,4.65058042278,,,8.47334668552092,,,,,4.11870613532062,,4.12296665312779,,,,,4.11220606801061,3.86057105737091,3.10864866186676,1.32930266022966,-1.60834284349736,-4.94154045457776,-7.96099069964656,-10.939608398225,-14.4864350313804,-19.4616956456979,-27.03819607891,-35.4822712638595,-35.228481149019,-35.9502524544411,-36.8099254092862,-38.0526098501265,,,,Colombia,CO2
GCAM 5.3,SSP4-DACCS-2p6-3pctHR,COL,Emissions|CO2|Energy|Supply|Solids,Mt CO2/yr,,,,-1.83333538543514e-06,,,-1.46666562050543e-06,,,,,0.0,,-1.46666484622749e-05,,,,,-4.76665740461745e-05,-2.19999951570827e-05,-2.20000012331533e-05,-1.46666305713599e-05,0.0,0.0,0.0,-2.56666701420934e-05,0.0,-3.29999300278634e-05,-1.10000061771505e-05,0.0,-5.86667137006371e-06,-1.53999730093641e-05,-5.86666494701646e-06,0.0,,,,Colombia,CO2
GCAM 5.3,SSP4-DACCS-2p6-3pctHR,COL,Emissions|CO2|Industrial Processes,Mt CO2/yr,,,,7.59487628244341,,,7.64457289585839,,,,,7.64499561914071,,6.69971712954062,,,,,6.56099925429384,4.85704666638608,3.13039491235299,0.34929436022409,-4.27862432332671,-11.4290649421785,-21.1342108156504,-80.0131194570297,-124.144280664021,-191.348354378733,-287.493200046482,-388.260616530796,-411.560426141228,-410.861061597227,-407.528510869291,-402.674020177831,,,,Colombia,CO2
GCAM 5.3,SSP4-DACCS-2p6-3pctHR,COL,Emissions|N2O|AFOLU,Mt CO2e/yr,,,,16.662201241100686,,,18.08745465935008,,,,,16.542068429329717,,17.898890331019967,,,,,19.106938883923526,20.288739910839585,21.45178298015407,22.58016463110599,23.7619664127199,24.77806542850466,25.50611764377604,26.04296321941259,26.41936466937741,26.66466695474782,26.85982413694125,26.870754483573545,26.203767110570322,25.691230120374822,25.183106053617085,24.706076089678348,,,,Colombia,N2O
GCAM 5.3,SSP4-highcostDACCS-2p6-3pctHR,COL,Carbon Sequestration|CCS|Biomass,Mt CO2/yr,,,,0.0,,,0.0,,,,,0.0,,0.000401845,,,,,0.117051876,0.770662626,2.609879832,6.496879884,12.21039543,19.17982428,26.95258323,37.09277416,52.81617615,75.39064879,99.25034519,121.1265041,130.1090781,134.3016017,135.1002438,133.7671566,,,,Colombia,
GCAM 5.3,SSP4-highcostDACCS-2p6-3pctHR,COL,Carbon Sequestration|Direct Air Capture,Mt CO2/yr,,,,0.0,,,0.0,,,,,0.0,,0.0,,,,,8.86e-05,0.000259881,0.000531886,0.000989549,0.001944172,0.003992383,0.00798038,0.032670726,0.075713863,0.198233571,0.607123893,2.230496717,3.297781567,3.917775818,4.338520963,4.67342462,,,,Colombia,
GCAM 5.3,SSP4-highcostDACCS-2p6-3pctHR,COL,Emissions|CH4|AFOLU,Mt CO2e/yr,,,,48.96098872,,,50.985329836,,,,,45.021313512,,48.4083628,,,,,51.600664752,54.891825995999994,57.994491408,60.7965834,63.342655572,65.37592558,66.814610156,67.6817918,67.9139531,67.95895022,67.707126088,67.10018736399999,66.052754572,64.697671192,63.123880372,61.361682732,,,,Colombia,CH4
GCAM 5.3,SSP4-highcostDACCS-2p6-3pctHR,COL,Emissions|CO2|AFOLU,Mt CO2/yr,,,,-25.14087739,,,-28.77247833,,,,,21.04989309,,12.49666002,,,,,-4.541350071,-21.23210829,-34.8022211,-45.93701517,-57.22544956,-70.04970763,-80.5649393,-75.46684225,-67.82587352,-59.67381271,-52.80707447,-48.08335774,-45.32298709,-32.99613049,-33.40082866,-30.1036599,,,,Colombia,CO2
GCAM 5.3,SSP4-highcostDACCS-2p6-3pctHR,COL,Emissions|CO2|Energy and Industrial Processes,Mt CO2/yr,,,,64.54464722,,,77.67018512,,,,,93.58011784,,97.43146884,,,,,96.97302987,98.01693543,95.96658636,88.32672406,75.98420079,60.70099945,44.42237758,24.5450686,-6.142580969,-48.46764254,-90.98164038,-127.8480065,-140.220763,-145.6342982,-146.6850017,-145.1470622,,,,Colombia,CO2
GCAM 5.3,SSP4-highcostDACCS-2p6-3pctHR,COL,Emissions|CO2|Energy|Demand,Mt CO2/yr,,,,45.97352415,,,51.08819095,,,,,65.33304047,,65.46732864,,,,,64.05514675,62.32736722,60.89283118,57.90294232,54.19241949,50.67363202,47.73621724,44.48731059,38.72384844,29.62252404,21.64622451,16.37649582,14.83283729,14.21001467,14.00569296,14.04949817,,,,Colombia,CO2
GCAM 5.3,SSP4-highcostDACCS-2p6-3pctHR,COL,Emissions|CO2|Energy|Demand|Industry,Mt CO2/yr,,,,16.69216189,,,18.11783023,,,,,13.58591687,,12.96232077,,,,,11.73655749,11.30800775,11.33815689,11.29013631,10.96360522,10.29299938,9.344569534,8.197449677,7.006844539,5.784560178,4.611492134,3.588924281,2.863400385,2.208247935,1.663741176,1.222129378,,,,Colombia,CO2
GCAM 5.3,SSP4-highcostDACCS-2p6-3pctHR,COL,Emissions|CO2|Energy|Demand|Residential and Commercial,Mt CO2/yr,,,,4.678919904,,,4.990851826,,,,,11.61908034,,11.60798141,,,,,11.01884775,10.90567607,10.77883709,10.23802741,9.399800305,8.52318467,7.666020722,6.72932093,5.582530985,4.223538449,3.089105958,2.283070456,1.837592187,1.450127108,1.116098404,0.840066523,,,,Colombia,CO2
GCAM 5.3,SSP4-highcostDACCS-2p6-3pctHR,COL,Emissions|CO2|Energy|Demand|Residential and Commercial|Commercial,Mt CO2/yr,,,,0.692131174,,,1.189211719,,,,,8.083817704,,8.082690931,,,,,7.758937,7.629390437,7.472146243,7.011626445,6.342103463,5.692597342,5.079140104,4.431776666,3.626192948,2.658055072,1.879733159,1.361697553,1.102942052,0.879391057,0.683889628,0.520970639,,,,Colombia,CO2
GCAM 5.3,SSP4-highcostDACCS-2p6-3pctHR,COL,Emissions|CO2|Energy|Demand|Residential and Commercial|Residential,Mt CO2/yr,,,,3.98678873,,,3.801640107,,,,,3.535262637,,3.525290474,,,,,3.259910754,3.276285633,3.306690848,3.226400965,3.057696842,2.830587328,2.586880618,2.297544264,1.956338037,1.565483377,1.209372799,0.921372903,0.734650135,0.570736052,0.432208776,0.319095884,,,,Colombia,CO2
GCAM 5.3,SSP4-highcostDACCS-2p6-3pctHR,COL,Emissions|CO2|Energy|Demand|Transportation,Mt CO2/yr,,,,24.60244236,,,27.9795089,,,,,40.12804326,,40.89702646,,,,,41.29974151,40.1136834,38.7758372,36.3747786,33.82901396,31.85744798,30.72562699,29.56053998,26.13447292,19.61442541,13.94562642,10.50450108,10.13184471,10.55163963,11.22585338,11.98730227,,,,Colombia,CO2
GCAM 5.3,SSP4-highcostDACCS-2p6-3pctHR,COL,Emissions|CO2|Energy|Supply,Mt CO2/yr,,,,10.97624679,,,18.93742128,,,,,20.60208175,,25.26443075,,,,,27.48138512,30.50840031,30.47464908,26.87256232,19.70096778,9.635612367,-1.882416479,-16.49299357,-38.56409318,-67.66425696,-97.91347436,-124.7282095,-132.7170233,-135.3754067,-134.4684749,-131.6519274,,,,Colombia,CO2
GCAM 5.3,SSP4-highcostDACCS-2p6-3pctHR,COL,Emissions|CO2|Energy|Supply|Electricity,Mt CO2/yr,,,,6.325668202,,,10.46407606,,,,,16.48337561,,21.13524703,,,,,23.4539559,26.99277433,28.39343471,27.87072004,25.18471035,20.2190684,13.81404038,5.04180293,-7.095372862,-20.44514564,-35.50238681,-49.79818489,-56.9077556,-61.75782844,-64.84342649,-68.2468508,,,,Colombia,CO2
GCAM 5.3,SSP4-highcostDACCS-2p6-3pctHR,COL,Emissions|CO2|Energy|Supply|Gases,Mt CO2/yr,,,,0.0,,,0.0,,,,,0.0,,0.002379993,,,,,0.004394355,0.006188812,0.009605654,0.013654625,0.015472271,0.016406983,0.014961963,0.012366666,0.009580046,0.007046387,0.004813959,0.003214692,0.00220241,0.00140856,0.0008523269999999,0.000488832,,,,Colombia,CO2
GCAM 5.3,SSP4-highcostDACCS-2p6-3pctHR,COL,Emissions|CO2|Energy|Supply|Liquids,Mt CO2/yr,,,,4.650580423,,,8.473346686,,,,,4.118706135,,4.122968259,,,,,4.018695905,3.505674386,2.072286092,-1.001980723,-5.474496668,-10.54864309,-15.61574974,-21.34729402,-31.10074191,-46.56181781,-61.39721057,-73.44880121,-74.58264135,-72.64857202,-68.73299835,-62.51696233,,,,Colombia,CO2
GCAM 5.3,SSP4-highcostDACCS-2p6-3pctHR,COL,Emissions|CO2|Energy|Supply|Solids,Mt CO2/yr,,,,-1.83e-06,,,-1.47e-06,,,,,0.0,,-3.67e-06,,,,,0.0,-2.93e-05,0.0,-3.67e-06,-2.57e-05,-2.57e-05,0.0,0.0,0.0,-1.47e-05,-1.47e-05,-1.54e-05,0.0,0.0,0.0,-4.03e-06,,,,Colombia,CO2
GCAM 5.3,SSP4-highcostDACCS-2p6-3pctHR,COL,Emissions|CO2|Industrial Processes,Mt CO2/yr,,,,7.594876282,,,7.644572896,,,,,7.644995619,,6.69970945,,,,,5.436499861,5.181173359,4.599117264,3.551240147,2.090854201,0.39183841,-1.431256957,-3.448568054,-6.300764153,-10.42181298,-14.70186481,-19.45034716,-22.26839597,-24.38771737,-26.13221749,-27.44765747,,,,Colombia,CO2
GCAM 5.3,SSP4-highcostDACCS-2p6-3pctHR,COL,Emissions|N2O|AFOLU,Mt CO2e/yr,,,,16.66220124114,,,18.087454658909998,,,,,16.54206842925,,17.89882277274,,,,,19.1092779423,20.35589225397,21.60427827012,22.82368748751,24.0673818021,25.11580126692,25.84426759278,26.356353526230002,26.76251142747,27.27360129585,27.731700714899997,27.9984987282,27.478770036900002,26.772191333160002,26.00958743838,25.15441031649,,,,Colombia,N2O
GCAM 5.3,SSP4-medcostDACCS-2p6-3pctHR,COL,Carbon Sequestration|CCS|Biomass,Mt CO2/yr,,,,0.0,,,0.0,,,,,0.0,,0.000401845,,,,,0.098493954,0.572726569,1.912175076,4.876188687,9.488241918,15.09259227,21.22484487,28.90758191,41.00422563,58.32239615,81.43740605,104.3770364,108.6290641,112.2878072,114.4972925,115.0205212,,,,Colombia,
GCAM 5.3,SSP4-medcostDACCS-2p6-3pctHR,COL,Carbon Sequestration|Direct Air Capture,Mt CO2/yr,,,,0.0,,,0.0,,,,,0.0,,0.0,,,,,0.001301308,0.084196343,0.169232438,0.310602008,0.585820123,1.409608258,4.064018733,7.857823741,16.04397534,35.75336751,84.24622447,170.1132416,197.761615,210.636525,215.8247654,215.0831399,,,,Colombia,
GCAM 5.3,SSP4-medcostDACCS-2p6-3pctHR,COL,Emissions|CH4|AFOLU,Mt CO2e/yr,,,,48.96098872,,,50.985329836,,,,,45.021313512,,48.4083313,,,,,51.637280576,54.899365136,57.945966764000005,60.730592328,63.297469004,65.36812114,66.86893066,67.849335512,68.25606729200001,68.091209648,67.649651496,66.996271636,65.908872008,64.530693248,62.933383072000005,61.151817607999995,,,,Colombia,CH4
GCAM 5.3,SSP4-medcostDACCS-2p6-3pctHR,COL,Emissions|CO2|AFOLU,Mt CO2/yr,,,,-25.14087739,,,-28.77247833,,,,,21.04989309,,12.49659405,,,,,-5.028190164,-18.73256797,-30.2722301,-40.28376152,-51.23090415,-63.50450921,-74.20191837,-70.48430239,-64.61608038,-58.37994847,-52.55583304,-51.13692366,-17.17668036,-26.5790055,-32.34739797,-28.59022866,,,,Colombia,CO2
GCAM 5.3,SSP4-medcostDACCS-2p6-3pctHR,COL,Emissions|CO2|Energy and Industrial Processes,Mt CO2/yr,,,,64.54464722,,,77.67018512,,,,,93.58011784,,97.43183958,,,,,98.73198849,100.9788059,100.5505341,95.07102068,84.84751994,71.44442384,55.30536554,35.1960709,1.655329164,-51.58459929,-141.6334029,-264.3224447,-296.730648,-315.2071112,-325.4779197,-328.262975,,,,Colombia,CO2
GCAM 5.3,SSP4-medcostDACCS-2p6-3pctHR,COL,Emissions|CO2|Energy|Demand,Mt CO2/yr,,,,45.97352415,,,51.08819095,,,,,65.33304047,,65.46780402,,,,,64.86227321,63.58135809,62.58158777,60.06251089,56.64535739,53.41349818,50.91093238,48.30906834,43.72443197,36.73424123,28.67955582,22.8771064,22.45809029,21.66684722,20.4258831,19.239313,,,,Colombia,CO2
GCAM 5.3,SSP4-medcostDACCS-2p6-3pctHR,COL,Emissions|CO2|Energy|Demand|Industry,Mt CO2/yr,,,,16.69216189,,,18.11783023,,,,,13.58591687,,12.96239276,,,,,12.18127826,11.94293138,12.04899699,12.08614751,11.81355965,11.21489068,10.33126272,9.227448987,8.039504742,6.822969695,5.610554578,4.571730445,3.726268852,2.89123693,2.190805091,1.635637311,,,,Colombia,CO2
GCAM 5.3,SSP4-medcostDACCS-2p6-3pctHR,COL,Emissions|CO2|Energy|Demand|Residential and Commercial,Mt CO2/yr,,,,4.678919904,,,4.990851826,,,,,11.61908034,,11.60814239,,,,,11.16027406,11.08098682,11.01377487,10.56480748,9.807211637,8.991929144,8.205570716,7.354422379,6.305076322,5.095445956,3.894544046,3.004183625,2.508144152,1.991248296,1.523533514,1.145369279,,,,Colombia,CO2
GCAM 5.3,SSP4-medcostDACCS-2p6-3pctHR,COL,Emissions|CO2|Energy|Demand|Residential and Commercial|Commercial,Mt CO2/yr,,,,0.692131174,,,1.189211719,,,,,8.083817704,,8.082810633,,,,,7.8317709,7.723951373,7.607766219,7.209519793,6.592297905,5.981740692,5.416186832,4.827829108,4.100140738,3.255471226,2.425107832,1.835245583,1.549719111,1.240037285,0.952147698,0.718058713,,,,Colombia,CO2
GCAM 5.3,SSP4-medcostDACCS-2p6-3pctHR,COL,Emissions|CO2|Energy|Demand|Residential and Commercial|Residential,Mt CO2/yr,,,,3.98678873,,,3.801640107,,,,,3.535262637,,3.525331754,,,,,3.328503161,3.357035443,3.406008653,3.355287691,3.214913732,3.010188452,2.789383884,2.526593271,2.204935584,1.83997473,1.469436214,1.168938041,0.95842504,0.751211011,0.571385816,0.427310566,,,,Colombia,CO2
GCAM 5.3,SSP4-medcostDACCS-2p6-3pctHR,COL,Emissions|CO2|Energy|Demand|Transportation,Mt CO2/yr,,,,24.60244236,,,27.9795089,,,,,40.12804326,,40.89726888,,,,,41.5207209,40.55743989,39.5188159,37.41155589,35.02458611,33.20667836,32.37409894,31.72719698,29.3798509,24.81582557,19.1744572,15.30119233,16.22367728,16.78436199,16.7115445,16.45830642,,,,Colombia,CO2
GCAM 5.3,SSP4-medcostDACCS-2p6-3pctHR,COL,Emissions|CO2|Energy|Supply,Mt CO2/yr,,,,10.97624679,,,18.93742128,,,,,20.60208175,,25.26431764,,,,,28.01656403,31.78308912,32.92469054,31.07507281,25.98215141,18.30468809,9.123752226,-2.681684761,-20.93773596,-44.14461102,-73.83355015,-101.656381,-104.8686228,-108.292658,-110.4787434,-111.2590198,,,,Colombia,CO2
GCAM 5.3,SSP4-medcostDACCS-2p6-3pctHR,COL,Emissions|CO2|Energy|Supply|Electricity,Mt CO2/yr,,,,6.325668202,,,10.46407606,,,,,16.48337561,,21.13506198,,,,,23.94793714,28.09837134,30.3510083,31.01462616,29.80828075,26.50360263,21.53269459,14.19209852,3.118582702,-9.008452415,-25.09982836,-42.26921872,-48.15646406,-52.6991853,-55.98087774,-59.14691769,,,,Colombia,CO2
GCAM 5.3,SSP4-medcostDACCS-2p6-3pctHR,COL,Emissions|CO2|Energy|Supply|Gases,Mt CO2/yr,,,,0.0,,,0.0,,,,,0.0,,0.002379964,,,,,0.004918137,0.007515389,0.012058179,0.017690278,0.02078729,0.02313748,0.022721406,0.020246178,0.017480808,0.01525656,0.013961165,0.013208066,0.009904526,0.006704483,0.004284956,0.002620879,,,,Colombia,CO2
GCAM 5.3,SSP4-medcostDACCS-2p6-3pctHR,COL,Emissions|CO2|Energy|Supply|Liquids,Mt CO2/yr,,,,4.650580423,,,8.473346686,,,,,4.118706135,,4.123036543,,,,,4.05825104,3.670715107,2.556555139,0.042100834,-3.838785289,-8.199032982,-12.381316,-16.78237457,-23.860971,-34.76841923,-48.13148654,-58.57230198,-56.21727979,-55.22841698,-54.17053176,-51.80998028,,,,Colombia,CO2
GCAM 5.3,SSP4-medcostDACCS-2p6-3pctHR,COL,Emissions|CO2|Energy|Supply|Solids,Mt CO2/yr,,,,-1.83e-06,,,-1.47e-06,,,,,0.0,,0.0,,,,,0.0,0.0,0.0,-3.3e-05,-4.77e-05,-3.67e-05,-3.67e-06,0.0,-1.47e-05,0.0,-2.57e-05,-8.43e-06,0.0,0.0,0.0,0.0,,,,Colombia,CO2
GCAM 5.3,SSP4-medcostDACCS-2p6-3pctHR,COL,Emissions|CO2|Industrial Processes,Mt CO2/yr,,,,7.594876282,,,7.644572896,,,,,7.644995619,,6.699717915,,,,,5.853173595,5.61522946,5.045970485,3.936504009,2.225644852,-0.263076109,-4.690696655,-10.3584487,-20.98689582,-43.86721267,-95.7825852,-184.1722799,-212.7120518,-226.8565073,-233.6446236,-234.454446,,,,Colombia,CO2
GCAM 5.3,SSP4-medcostDACCS-2p6-3pctHR,COL,Emissions|N2O|AFOLU,Mt CO2e/yr,,,,16.66220124114,,,18.087454658909998,,,,,16.54206842925,,17.898815175150002,,,,,19.109832462630003,20.328075178320002,21.53874819915,22.7309088279,23.955549375029996,24.9972934302,25.730581877909998,26.24867420448,26.656594317990002,26.985667630739997,27.3563088981,27.5563222935,26.78439163764,26.13143246805,25.53759244218,24.927365905259997,,,,Colombia,N2O
GCAM 5.3,SSP4-noDACCS-1p9-3pctHR,COL,Carbon Sequestration|CCS|Biomass,Mt CO2/yr,,,,0.0,,,0.0,,,,,0.0,,0.190171863621683,,,,,2.00633995006119,8.04419142429006,17.884923328902,30.197228114869,44.0805869969924,60.1054957404688,79.1671535483466,106.593501449651,123.521441077888,133.287533220047,140.901497716559,144.214637132754,143.057296469908,138.096032835817,131.394712158937,126.182925117337,,,,Colombia,
GCAM 5.3,SSP4-noDACCS-1p9-3pctHR,COL,Emissions|CH4|AFOLU,Mt CO2e/yr,,,,48.9609887305028,,,50.98532983971812,,,,,45.02131351917108,,48.4084992276522,,,,,51.4536474200112,54.7892901667608,57.88206986669296,60.63114469238931,62.83569037093544,64.71593760541309,66.23701390630828,67.30247557240787,67.96898885759583,68.0699513072278,67.72757351308591,66.99384735980496,65.9028729762774,64.52833131189452,62.94804144711936,61.19426152600376,,,,Colombia,CH4
GCAM 5.3,SSP4-noDACCS-1p9-3pctHR,COL,Emissions|CO2|AFOLU,Mt CO2/yr,,,,-25.1408773918427,,,-28.772478333434,,,,,21.0498930941589,,11.3248627050959,,,,,-1.59225048787932,-33.6819928033196,-54.7518376943817,-68.7974107753826,-82.5240806462637,-94.8439638221936,-98.8263266402034,-83.4011779469719,-74.0389843936796,-51.9379586904796,-41.0367981409748,-29.1355648008688,-19.0457692050693,-21.8706838138298,-19.4789183165664,-21.3044311545501,,,,Colombia,CO2
GCAM 5.3,SSP4-noDACCS-1p9-3pctHR,COL,Emissions|CO2|Energy and Industrial Processes,Mt CO2/yr,,,,64.5446472220988,,,77.6701851238493,,,,,93.5801178411618,,97.5357921989417,,,,,84.7167354958059,73.8665494179315,55.9520208812079,33.5497155748796,8.70748299871592,-19.3039678003848,-51.3395052097101,-95.4051453197632,-119.377939196711,-132.418549402526,-143.548386134855,-150.13281559031,-151.129773167159,-147.685120731426,-142.032498459851,-136.718060369794,,,,Colombia,CO2
GCAM 5.3,SSP4-noDACCS-1p9-3pctHR,COL,Emissions|CO2|Energy|Demand,Mt CO2/yr,,,,45.9735241485503,,,51.0881909500718,,,,,65.3330404738734,,65.6623862982054,,,,,59.1040664354644,54.7091244546427,49.8542990450967,44.9531661095557,40.1386592182874,34.9827316938466,29.5778197140153,22.9028651149706,19.9757062857751,18.1175910306103,15.8644081988773,13.5775139461412,11.9160730154382,11.1337439431372,10.2280243198646,9.29608737126577,,,,Colombia,CO2
GCAM 5.3,SSP4-noDACCS-1p9-3pctHR,COL,Emissions|CO2|Energy|Demand|Industry,Mt CO2/yr,,,,16.6921618880442,,,18.1178302254524,,,,,13.5859168736136,,12.9672013586545,,,,,9.23930249379125,8.86417902735585,8.58317667895818,8.19759568456829,7.47460115783807,6.4549392341452,5.36738264370971,4.24035343887839,3.45091250836654,2.76439966784993,2.12320353360285,1.62083179867676,1.20871604352866,0.885382540920931,0.648256873453295,0.464995566444546,,,,Colombia,CO2
GCAM 5.3,SSP4-noDACCS-1p9-3pctHR,COL,Emissions|CO2|Energy|Demand|Residential and Commercial,Mt CO2/yr,,,,4.67891990375123,,,4.99085182563537,,,,,11.6190803407418,,11.6121864460231,,,,,10.1646285201755,9.632907023389,8.90640483077603,7.90849005299847,6.82198439982975,5.67976245563694,4.57485094425281,3.39414319795702,2.68658285132477,2.13803505911987,1.61595051057826,1.18996694563442,0.858777327047332,0.618598183488168,0.440963856751008,0.311602983775851,,,,Colombia,CO2
GCAM 5.3,SSP4-noDACCS-1p9-3pctHR,COL,Emissions|CO2|Energy|Demand|Residential and Commercial|Commercial,Mt CO2/yr,,,,0.69213117390248,,,1.18921171902927,,,,,8.08381770393812,,8.08918139727385,,,,,7.29707634905341,6.86268883109101,6.27115649338332,5.50098219514256,4.68132753032464,3.84731749069515,3.04566389279724,2.20030601620062,1.7225794255815,1.36447747863294,1.02198028578452,0.741748969382535,0.529723481080706,0.381990692942975,0.273511071585508,0.196165474016449,,,,Colombia,CO2
GCAM 5.3,SSP4-noDACCS-1p9-3pctHR,COL,Emissions|CO2|Energy|Demand|Residential and Commercial|Residential,Mt CO2/yr,,,,3.98678872984875,,,3.80164010660609,,,,,3.53526263680371,,3.52300504874921,,,,,2.86755217112208,2.77021819229799,2.63524833739271,2.4075078578559,2.14065686950511,1.8324449649418,1.52918705145558,1.1938371817564,0.964003425743265,0.773557580486932,0.593970224793737,0.448217976251888,0.329053845966626,0.236607490545193,0.1674527851655,0.115437509759402,,,,Colombia,CO2
GCAM 5.3,SSP4-noDACCS-1p9-3pctHR,COL,Emissions|CO2|Energy|Demand|Transportation,Mt CO2/yr,,,,24.6024423567548,,,27.979508898984,,,,,40.1280432595179,,41.0829984935279,,,,,39.7001354214977,36.2120384038979,32.3647175353625,28.847080371989,25.8420736606195,22.8480300040645,19.6355861260527,15.2683684781352,13.8382109260838,13.2151563036405,12.1252541546962,10.76671520183,9.84857964486225,9.62976321872806,9.13880358966033,8.51948882104537,,,,Colombia,CO2
GCAM 5.3,SSP4-noDACCS-1p9-3pctHR,COL,Emissions|CO2|Energy|Supply,Mt CO2/yr,,,,10.9762467911051,,,18.9374212779191,,,,,20.6020817481478,,25.1555612954926,,,,,21.9799952842614,16.1041177437473,3.9979022756469,-12.2885696782644,-30.7977952269281,-51.8111122583761,-76.1871048416636,-110.649687812634,-129.583017851001,-138.809332568478,-145.418474586153,-147.220935815244,-144.204254659935,-138.141134926113,-130.077207658048,-123.2269719698,,,,Colombia,CO2
GCAM 5.3,SSP4-noDACCS-1p9-3pctHR,COL,Emissions|CO2|Energy|Supply|Electricity,Mt CO2/yr,,,,6.32566820166052,,,10.4640760590638,,,,,16.4833756128271,,21.201250977095,,,,,19.1391798615301,16.6724041690359,10.5728593515268,1.55028333760482,-8.49774810254519,-19.6153913268871,-31.681390530214,-48.3231241254897,-59.9122211661136,-67.1298870676986,-73.3666998474676,-77.1177006615865,-79.0776657166754,-79.8469598231851,-79.225298867809,-80.1205255890957,,,,Colombia,CO2
GCAM 5.3,SSP4-noDACCS-1p9-3pctHR,COL,Emissions|CO2|Energy|Supply|Gases,Mt CO2/yr,,,,0.0,,,0.0,,,,,0.0,,0.0023878800291283,,,,,0.002016365547153,0.0026522611392183,0.0034036296719993,0.0040739912619955,0.0037551872927361,0.0030684461243986,0.0021253685067547,0.0014409960463955,0.0010738683889538,0.0007740830814399,0.000520817306272,0.0003298816278989,0.0001971761499283,0.0001105092762207,5.81978107576236e-05,2.86717244804269e-05,,,,Colombia,CO2
GCAM 5.3,SSP4-noDACCS-1p9-3pctHR,COL,Emissions|CO2|Energy|Supply|Liquids,Mt CO2/yr,,,,4.65058042278,,,8.47334668552092,,,,,4.11870613532062,,3.94807965506558,,,,,2.84436015447758,-0.54570215885267,-6.50876670166836,-13.7064401672383,-22.039840902633,-31.7320902474259,-43.7631212387372,-61.0099871884856,-68.3596895749226,-70.4391718928579,-70.8890663466643,-69.0914261046949,-64.3558547220582,-57.6297529680013,-50.1481065406733,-42.2765381938007,,,,Colombia,CO2
GCAM 5.3,SSP4-noDACCS-1p9-3pctHR,COL,Emissions|CO2|Energy|Supply|Solids,Mt CO2/yr,,,,-1.83333538543514e-06,,,-1.46666562050543e-06,,,,,0.0,,-3.6666699243136e-06,,,,,0.0,-4.39997421863362e-05,-3.29999871609519e-05,0.0,-2.56666953212057e-05,-1.83333148848115e-05,0.0,0.0,0.0,0.0,0.0,0.0,0.0,0.0,-2.56666544965213e-07,0.0,,,,Colombia,CO2
GCAM 5.3,SSP4-noDACCS-1p9-3pctHR,COL,Emissions|CO2|Industrial Processes,Mt CO2/yr,,,,7.59487628244341,,,7.64457289585839,,,,,7.64499561914071,,6.71784460524373,,,,,3.63267377608014,3.05330721954151,2.09981956046432,0.885119143588208,-0.6333809926433,-2.47558723585531,-4.73022008206179,-7.65832262210017,-9.77062763148473,-11.7268078646581,-13.9943197475796,-16.4893937212066,-18.8415915226616,-20.6777297484499,-22.1833151216676,-22.7871757712601,,,,Colombia,CO2
GCAM 5.3,SSP4-noDACCS-1p9-3pctHR,COL,Emissions|N2O|AFOLU,Mt CO2e/yr,,,,16.662201241100686,,,18.08745465935008,,,,,16.542068429329717,,17.836597393551028,,,,,19.060136756806234,20.467907367447815,21.905744350612398,23.274786575721407,24.510285799680954,25.672606129929218,26.707271646939155,27.64701667758958,27.87849144539359,27.730719513287152,27.427260972488558,26.975023170756845,26.52003423632308,26.030660537958532,25.43309511448415,24.62415028428264,,,,Colombia,N2O
GCAM 5.3,SSP4-noDACCS-2p6-3pctHR,COL,Carbon Sequestration|CCS|Biomass,Mt CO2/yr,,,,0.0,,,0.0,,,,,0.0,,0.190172296288389,,,,,0.592967439906126,1.71654116904918,4.00523277844537,8.19538811003521,13.9303187810592,20.7316368160274,28.2955655713239,38.254916158873,53.8615349446564,76.2839826689499,100.208632288363,122.162834653201,131.628946708458,135.837896050015,136.624230062204,135.404013341942,,,,Colombia,
GCAM 5.3,SSP4-noDACCS-2p6-3pctHR,COL,Emissions|CH4|AFOLU,Mt CO2e/yr,,,,48.9609887305028,,,50.98532983971812,,,,,45.02131351917108,,48.40881136042504,,,,,51.60225005684056,54.894399131217526,57.99692980306652,60.79706160889816,63.34360000703364,65.37552031586576,66.81375908829496,67.68146522200449,67.91590631332753,67.95605088975752,67.70448047282332,67.09694888320033,66.05469954659604,64.700637647681,63.12767676416655,61.36551611671656,,,,Colombia,CH4
GCAM 5.3,SSP4-noDACCS-2p6-3pctHR,COL,Emissions|CO2|AFOLU,Mt CO2/yr,,,,-25.1408773918427,,,-28.772478333434,,,,,21.0498930941589,,11.3209269585526,,,,,-4.58573264121864,-21.1988116047327,-34.684914861168,-45.6466723456224,-56.894105242997,-69.684245477473,-80.190184523178,-75.1074323804996,-67.504065916898,-59.4176440999481,-52.6128965033693,-47.9618442736336,-48.1872623358126,-33.1249630393899,-33.7171105161866,-30.0426167509628,,,,Colombia,CO2
GCAM 5.3,SSP4-noDACCS-2p6-3pctHR,COL,Emissions|CO2|Energy and Industrial Processes,Mt CO2/yr,,,,64.5446472220988,,,77.6701851238493,,,,,93.5801178411618,,97.535779635687,,,,,95.8825440549045,96.6638554364992,94.4755624039494,86.7009256995132,74.5528302439687,59.5702306062463,43.5994631287867,23.9872388368288,-6.63619070621519,-48.6184719328561,-90.9584535829547,-126.500478985112,-138.725924266758,-143.616701111044,-144.1007020048,-142.265501658951,,,,Colombia,CO2
GCAM 5.3,SSP4-noDACCS-2p6-3pctHR,COL,Emissions|CO2|Energy|Demand,Mt CO2/yr,,,,45.9735241485503,,,51.0881909500718,,,,,65.3330404738734,,65.6621194683236,,,,,64.3210982314788,62.6792366720482,61.2602498458331,58.2731495764298,54.5524683270319,50.9775720991486,48.0165071170948,44.770101642713,39.0067804260198,29.9973350157849,21.9752754614277,16.6087133179028,14.9319186960384,14.2427950891002,14.0075139006059,14.0079746789258,,,,Colombia,CO2
GCAM 5.3,SSP4-noDACCS-2p6-3pctHR,COL,Emissions|CO2|Energy|Demand|Industry,Mt CO2/yr,,,,16.6921618880442,,,18.1178302254524,,,,,13.5859168736136,,12.9674205989199,,,,,11.7384050221113,11.3139771895512,11.359648904426,11.3437532501419,11.0545451529969,10.4179224438587,9.49909469262192,8.36453141482413,7.17353615738132,5.93351521752256,4.73370849006542,3.67831915415938,2.9315739175303,2.26524359287148,1.70767800570621,1.25294353583888,,,,Colombia,CO2
GCAM 5.3,SSP4-noDACCS-2p6-3pctHR,COL,Emissions|CO2|Energy|Demand|Residential and Commercial,Mt CO2/yr,,,,4.67891990375123,,,4.99085182563537,,,,,11.6190803407418,,11.6119695541839,,,,,11.0295141135311,10.9403001440511,10.8319831306463,10.3048626598993,9.48176882362322,8.61294218697433,7.76506043992137,6.83414038785265,5.68490448144223,4.31951842276938,3.16516207884584,2.33722573755332,1.87698101177956,1.48358950877207,1.14373060551102,0.860152031740013,,,,Colombia,CO2
GCAM 5.3,SSP4-noDACCS-2p6-3pctHR,COL,Emissions|CO2|Energy|Demand|Residential and Commercial|Commercial,Mt CO2/yr,,,,0.69213117390248,,,1.18921171902927,,,,,8.08381770393812,,8.0890137068705,,,,,7.77157490680667,7.66045174151587,7.51547022126945,7.06135075657655,6.39764554044412,5.74856807715025,5.1379824044036,4.4937134620191,3.68627694370658,2.71552429195219,1.92441700035973,1.39273243967473,1.12488623006117,0.898291596982741,0.699955359566055,0.532808676854725,,,,Colombia,CO2
GCAM 5.3,SSP4-noDACCS-2p6-3pctHR,COL,Emissions|CO2|Energy|Demand|Residential and Commercial|Residential,Mt CO2/yr,,,,3.98678872984875,,,3.80164010660609,,,,,3.53526263680371,,3.52295584731338,,,,,3.25793920672441,3.27984840253527,3.31651290937689,3.24351190332279,3.0841232831791,2.86437410982408,2.62707803551777,2.34042692583355,1.99862753773564,1.60399413081719,1.24074507848612,0.944493297878591,0.752094781718394,0.585297911789333,0.443775245944969,0.327343354885288,,,,Colombia,CO2
GCAM 5.3,SSP4-noDACCS-2p6-3pctHR,COL,Emissions|CO2|Energy|Demand|Transportation,Mt CO2/yr,,,,24.6024423567548,,,27.979508898984,,,,,40.1280432595179,,41.0827293152198,,,,,41.5531790958364,40.4249593384458,39.0686178107607,36.6245336663886,34.0161543504118,31.9467074683156,30.7523519845515,29.5714298400362,26.1483397871963,19.7443013754929,14.0764048925164,10.5931684261901,10.1233637667285,10.4939619874566,11.1561052893887,11.8948791113469,,,,Colombia,CO2
GCAM 5.3,SSP4-noDACCS-2p6-3pctHR,COL,Emissions|CO2|Energy|Supply,Mt CO2/yr,,,,10.9762467911051,,,18.9374212779191,,,,,20.6020817481478,,25.1558152058281,,,,,26.0873676990144,28.7459008787845,28.5465013049047,24.800027142205,17.8378080163566,8.16297771073882,-3.01263019929776,-17.3819418888916,-39.4361238231482,-68.4531765563483,-98.898905703755,-125.902711150422,-134.638773274388,-137.321330186862,-136.246174112896,-133.410668103414,,,,Colombia,CO2
GCAM 5.3,SSP4-noDACCS-2p6-3pctHR,COL,Emissions|CO2|Energy|Supply|Electricity,Mt CO2/yr,,,,6.32566820166052,,,10.4640760590638,,,,,16.4833756128271,,21.2015801119473,,,,,22.3399386322635,25.6577496559163,27.0897267099207,26.5791211460217,24.1236884443409,19.4580890619281,13.2533740355945,4.57111292259596,-7.67144202995618,-21.1625546601623,-36.4650925739971,-50.9001237147849,-58.2555870439714,-63.0189191506362,-65.9630040175622,-69.3853759891118,,,,Colombia,CO2
GCAM 5.3,SSP4-noDACCS-2p6-3pctHR,COL,Emissions|CO2|Energy|Supply|Gases,Mt CO2/yr,,,,0.0,,,0.0,,,,,0.0,,0.002388087877236,,,,,0.0044264368323808,0.0062517759652579,0.0096965335804067,0.0137789804933876,0.0156552951420019,0.0166812627147784,0.0153146990812752,0.0127388911061057,0.0099194340538652,0.0073153540385762,0.004970330333492,0.0032251381610309,0.0021645152369933,0.0013749411540018,0.0008278454701487,0.0004726158536837,,,,Colombia,CO2
GCAM 5.3,SSP4-noDACCS-2p6-3pctHR,COL,Emissions|CO2|Energy|Supply|Liquids,Mt CO2/yr,,,,4.65058042278,,,8.47334668552092,,,,,4.11870613532062,,3.94800056999577,,,,,3.73864341051102,3.07796359351696,1.44736967578666,-1.78406795872697,-6.27867521880523,-11.262058778008,-16.1872929385458,-21.7681062524035,-31.3989072288105,-46.632242046399,-61.4080389061467,-73.4859251009459,-75.0881178010092,-73.274244491557,-69.3264372533875,-63.0813582818404,,,,Colombia,CO2
GCAM 5.3,SSP4-noDACCS-2p6-3pctHR,COL,Emissions|CO2|Energy|Supply|Solids,Mt CO2/yr,,,,-1.83333538543514e-06,,,-1.46666562050543e-06,,,,,0.0,,0.0,,,,,-2.93333176360117e-05,0.0,-1.09999981965397e-05,-1.83332979843e-05,0.0,-3.66667324231723e-06,-2.1999976563341e-05,0.0,-4.76664632189644e-05,0.0,0.0,-1.20999746929209e-05,-7.69998120814489e-06,-2.93333118754054e-06,-2.93332857369076e-06,0.0,,,,Colombia,CO2
GCAM 5.3,SSP4-noDACCS-2p6-3pctHR,COL,Emissions|CO2|Industrial Processes,Mt CO2/yr,,,,7.59487628244341,,,7.64457289585839,,,,,7.64499561914071,,6.71784496153532,,,,,5.47407812441122,5.23871788566656,4.66881125321167,3.62774898087831,2.16255390058011,0.429680796358848,-1.40441378901032,-3.40092091699263,-6.20684730908684,-10.1626303922926,-14.0348233406274,-17.2064811525932,-19.0190696884091,-20.5381660132828,-21.86204179251,-22.8628082344621,,,,Colombia,CO2
GCAM 5.3,SSP4-noDACCS-2p6-3pctHR,COL,Emissions|N2O|AFOLU,Mt CO2e/yr,,,,16.662201241100686,,,18.08745465935008,,,,,16.542068429329717,,17.836691849610546,,,,,19.034322233097992,20.26857799072006,21.511351587171262,22.73482668664362,23.996190710839866,25.078104973607594,25.83775374209648,26.371749267958187,26.794223857939357,27.307744090483858,27.766863674507412,28.028332393602994,27.53308490828778,26.82198918459385,26.047055605997244,25.183116996807588,,,,Colombia,N2O
GCAM 5.3,SSP5-DACCS-1p9-3pctHR,COL,Carbon Sequestration|CCS|Biomass,Mt CO2/yr,,,,0.0,,,0.0,,,,,0.0,,0.000385124701678,,,,,0.101885306695633,0.323432662002967,0.737979167922342,13.9988078232854,29.9460429541673,48.8962722299486,67.1923241943259,84.1346735701393,93.4549324198022,103.566760089359,115.792643844503,126.73141313067,135.382189112804,140.661220716383,142.910492711562,139.584008643861,,,,Colombia,
GCAM 5.3,SSP5-DACCS-1p9-3pctHR,COL,Carbon Sequestration|Direct Air Capture,Mt CO2/yr,,,,0.0,,,0.0,,,,,0.0,,0.0,,,,,0.0039326109808433,0.83406385582398,1.06280077328491,33.372872162066,95.1183755354603,205.58436296741,336.719306246132,444.191863576121,473.252137732891,485.002115485377,489.757820449344,490.190594837517,490.965529471542,491.595260298652,492.10606209697,492.373902562583,,,,Colombia,
GCAM 5.3,SSP5-DACCS-1p9-3pctHR,COL,Emissions|CH4|AFOLU,Mt CO2e/yr,,,,48.9609887305028,,,50.98532983971812,,,,,45.02131351917108,,48.31760351335764,,,,,52.26080319599748,56.72061481830968,61.21608518423104,65.45935969441568,69.26050185326328,72.06276806132207,73.86014642336596,75.14667115009404,75.93508848690269,76.1718150669504,75.88890696497292,75.19970124180135,74.1101147353602,72.52124504703652,70.48817088115293,68.09077767683212,,,,Colombia,CH4
GCAM 5.3,SSP5-DACCS-1p9-3pctHR,COL,Emissions|CO2|AFOLU,Mt CO2/yr,,,,-25.1408773918427,,,-28.772478333434,,,,,21.0498930941589,,7.93414292704,,,,,11.1066716772366,19.8492840183191,27.5637636860289,22.6808004346073,-46.0442903887337,-91.21364608323,-120.189222397695,-139.702224939346,-155.239912481419,-145.102442522844,-120.145690238134,-96.9895257150433,-78.1279116565553,-64.267943124269,-53.5203001547117,-45.6199654412479,,,,Colombia,CO2
GCAM 5.3,SSP5-DACCS-1p9-3pctHR,COL,Emissions|CO2|Energy and Industrial Processes,Mt CO2/yr,,,,64.5446472220988,,,77.6701851238493,,,,,93.5801178411618,,100.191526863067,,,,,117.754141208044,141.479269707518,173.56537001608,95.6134863859804,13.3594832288857,-126.505154560182,-288.967752653948,-428.078495685929,-477.75762544636,-512.186378409491,-543.420250971476,-567.208929373939,-586.204883959404,-600.046911227773,-609.767489216057,-613.946295874485,,,,Colombia,CO2
GCAM 5.3,SSP5-DACCS-1p9-3pctHR,COL,Emissions|CO2|Energy|Demand,Mt CO2/yr,,,,45.9735241485503,,,51.0881909500718,,,,,65.3330404738734,,66.4288029369606,,,,,73.023359887421,80.3767929038239,92.4296386487025,72.8815068155299,71.276917064625,68.4497672911309,65.7661331069859,62.8852174473022,61.0358464910255,58.5854010357706,54.7854541389139,50.1707655660518,45.3951717796016,41.0060710720411,37.1815761403252,33.6523137056785,,,,Colombia,CO2
GCAM 5.3,SSP5-DACCS-1p9-3pctHR,COL,Emissions|CO2|Energy|Demand|Industry,Mt CO2/yr,,,,16.6921618880442,,,18.1178302254524,,,,,13.5859168736136,,13.3154496582068,,,,,16.2271619676611,19.9207372215775,25.0855570010477,14.9124730100066,15.4063422217716,15.0124988597189,13.838321782657,12.0911139172573,10.318981212815,8.38716996316641,6.51771642990284,4.97125301885608,3.68974030313592,2.68449277324248,1.94739951498112,1.41671054578168,,,,Colombia,CO2
GCAM 5.3,SSP5-DACCS-1p9-3pctHR,COL,Emissions|CO2|Energy|Demand|Residential and Commercial,Mt CO2/yr,,,,4.67891990375123,,,4.99085182563537,,,,,11.6190803407418,,12.1686742541593,,,,,13.4261090368023,15.256170803604,18.1587483264691,15.5419813028903,15.4501487242598,14.7715092281934,13.630978663854,12.1911272797731,10.687122142358,9.01418321715107,7.16888980989362,5.50360356490076,4.05123331937148,2.88538781387152,2.0168825410109,1.39914541994895,,,,Colombia,CO2
GCAM 5.3,SSP5-DACCS-1p9-3pctHR,COL,Emissions|CO2|Energy|Demand|Residential and Commercial|Commercial,Mt CO2/yr,,,,0.69213117390248,,,1.18921171902927,,,,,8.08381770393812,,8.42344820620858,,,,,9.11328187952141,10.0760583380166,11.7295843334409,10.0989272247091,9.78624944791183,9.18821400556196,8.41298852937634,7.51384884369988,6.59960724174268,5.60144172785755,4.48704940800408,3.45866653466148,2.55260241583585,1.82012445722647,1.27186815845289,0.881225450310591,,,,Colombia,CO2
GCAM 5.3,SSP5-DACCS-1p9-3pctHR,COL,Emissions|CO2|Energy|Demand|Residential and Commercial|Residential,Mt CO2/yr,,,,3.98678872984875,,,3.80164010660609,,,,,3.53526263680371,,3.74522604795076,,,,,4.31282715728094,5.18011246558744,6.4291639930282,5.44305407818119,5.66389927634799,5.58329522263141,5.21799013447768,4.67727843607323,4.08751490061533,3.41274148929353,2.68184040188955,2.04493703023928,1.49863090353563,1.06526335664506,0.745014382558008,0.517919969638354,,,,Colombia,CO2
GCAM 5.3,SSP5-DACCS-1p9-3pctHR,COL,Emissions|CO2|Energy|Demand|Transportation,Mt CO2/yr,,,,24.6024423567548,,,27.979508898984,,,,,40.1280432595179,,40.9446790245944,,,,,43.3700888829576,45.1998848786423,49.1853333211857,42.427052502633,40.4204261185936,38.6657592032186,38.2968326604749,38.6029762502719,40.0297431358525,41.1840478554531,41.0988478991174,39.6959089822949,37.6541981570942,35.4361904849271,33.2172940843332,30.8364577399478,,,,Colombia,CO2
GCAM 5.3,SSP5-DACCS-1p9-3pctHR,COL,Emissions|CO2|Energy|Supply,Mt CO2/yr,,,,10.9762467911051,,,18.9374212779191,,,,,20.6020817481478,,27.0150248210879,,,,,36.6589770385958,52.482880856183,71.44085207391,53.8645599528573,36.8854009511288,12.5145312808182,-13.9940818405725,-40.6688526034851,-57.8009617910019,-76.2807330507046,-96.9319511154521,-113.176118521226,-123.872638530331,-129.951049876373,-132.773527703389,-130.92937023481,,,,Colombia,CO2
GCAM 5.3,SSP5-DACCS-1p9-3pctHR,COL,Emissions|CO2|Energy|Supply|Electricity,Mt CO2/yr,,,,6.32566820166052,,,10.4640760590638,,,,,16.4833756128271,,22.8346990209816,,,,,32.2814753156369,48.0205999238174,66.7547941698195,57.8796073452987,49.0702302237811,33.543270355074,14.423564695449,-6.22025373139586,-21.4031203797076,-37.1199394085343,-53.9819985345941,-66.3766223355401,-74.9097504947169,-80.8334097127325,-84.8734012808423,-85.2166805603651,,,,Colombia,CO2
GCAM 5.3,SSP5-DACCS-1p9-3pctHR,COL,Emissions|CO2|Energy|Supply|Gases,Mt CO2/yr,,,,0.0,,,0.0,,,,,0.0,,0.0021867625106921,,,,,0.0086502529948465,0.0233737500181656,0.0620099352353999,0.0151433941994083,0.0208917186007347,0.0258220042003995,0.0316433862967149,0.0298528147234004,0.0199650222925567,0.0118852309856841,0.0073354937910072,0.0032738364489958,0.0012408677561013,0.000419894707344,0.0001297413289847,3.71431157511817e-05,,,,Colombia,CO2
GCAM 5.3,SSP5-DACCS-1p9-3pctHR,COL,Emissions|CO2|Energy|Supply|Liquids,Mt CO2/yr,,,,4.65058042278,,,8.47334668552092,,,,,4.11870613532062,,4.17421242191111,,,,,4.35829817337383,4.41726487594459,4.58360768650766,-3.98595298629379,-12.1306496812522,-20.9482276864013,-28.3235700696961,-34.3010675675859,-36.2914193810692,-38.9806629171496,-42.6857281422258,-46.4807888807923,-48.6500016683331,-48.8487569260179,-47.68410207859,-45.5350810582366,,,,Colombia,CO2
GCAM 5.3,SSP5-DACCS-1p9-3pctHR,COL,Emissions|CO2|Energy|Supply|Solids,Mt CO2/yr,,,,-1.83333538543514e-06,,,-1.46666562050543e-06,,,,,0.0,,0.0,,,,,0.0,0.0,-1.46666578781657e-05,-3.66665729088578e-05,-1.83333515776248e-05,-2.20000052809703e-05,-1.46666584558858e-05,0.0,-2.56666173936786e-05,-1.42999694629171e-05,-1.61332843725121e-05,-1.46666604686934e-06,0.0,-1.09999999364606e-06,0.0,0.0,,,,Colombia,CO2
GCAM 5.3,SSP5-DACCS-1p9-3pctHR,COL,Emissions|CO2|Industrial Processes,Mt CO2/yr,,,,7.59487628244341,,,7.64457289585839,,,,,7.64499561914071,,6.7476991050184,,,,,8.07187203378977,8.62982921857107,9.70773152846822,-30.71346809466,-93.6072737062802,-204.890129194778,-336.525299719274,-444.740289872073,-475.049580725701,-488.387144821107,-495.157866966542,-498.084111330537,-501.613700498556,-505.01221225767,-508.124728307819,-510.665251431145,,,,Colombia,CO2
GCAM 5.3,SSP5-DACCS-1p9-3pctHR,COL,Emissions|N2O|AFOLU,Mt CO2e/yr,,,,16.662201241100686,,,18.08745465935008,,,,,16.542068429329717,,17.89800659773281,,,,,19.305045793243938,20.856674061474617,22.471352423860974,24.893538055508824,27.05344322345274,28.932284077531655,30.33337988281146,31.47085680764107,31.919356650018198,32.13645354623804,32.198282045616686,32.11860705081319,31.84762075398294,31.297869426090543,30.700898886702408,29.971738299132085,,,,Colombia,N2O
GCAM 5.3,SSP5-DACCS-2p6-3pctHR,COL,Carbon Sequestration|CCS|Biomass,Mt CO2/yr,,,,0.0,,,0.0,,,,,0.0,,0.000385124701678,,,,,0.092185702713851,0.31439297081451,0.734787720032211,6.11473656385176,14.0012989124786,23.9956585892233,34.877237406091,47.3411115486704,61.9137340570874,78.8223344680661,99.8569902370074,120.985980455967,131.928836388806,140.019787161476,144.614335122785,145.440004848337,,,,Colombia,
GCAM 5.3,SSP5-DACCS-2p6-3pctHR,COL,Carbon Sequestration|Direct Air Capture,Mt CO2/yr,,,,0.0,,,0.0,,,,,0.0,,0.0,,,,,0.003902881351474,0.83308122573465,1.06738740703521,13.7119730397226,37.4291772352346,83.3990824933539,152.926933130751,250.88974139041,365.248001670927,453.111855776827,490.753147438642,498.459414631709,498.68988706519,498.33027749424,497.97789776587,497.743951101979,,,,Colombia,
GCAM 5.3,SSP5-DACCS-2p6-3pctHR,COL,Emissions|CH4|AFOLU,Mt CO2e/yr,,,,48.9609887305028,,,50.98532983971812,,,,,45.02131351917108,,48.31760379335764,,,,,52.2607849668478,56.720301189846,61.215648438932675,65.41830926446592,69.26320022513471,72.2512114200226,74.393794222748,75.68701347496211,76.14303582203975,76.16728253120253,75.90910004845271,75.23802906345543,74.17404701556472,72.59545549788028,70.57537663752856,68.19190838032748,,,,Colombia,CH4
GCAM 5.3,SSP5-DACCS-2p6-3pctHR,COL,Emissions|CO2|AFOLU,Mt CO2/yr,,,,-25.1408773918427,,,-28.772478333434,,,,,21.0498930941589,,7.93414329884,,,,,11.2087562467665,19.924491733241,27.5537885706871,16.169192567748,-37.4017975123121,-76.3110997363367,-103.619678663281,-124.004201885981,-134.940799531932,-143.089982743208,-126.988263417657,-108.609359404127,-99.3436376101809,-78.3444952608427,-61.9736706366524,-50.627064932968,,,,Colombia,CO2
GCAM 5.3,SSP5-DACCS-2p6-3pctHR,COL,Emissions|CO2|Energy and Industrial Processes,Mt CO2/yr,,,,64.5446472220988,,,77.6701851238493,,,,,93.5801178411618,,100.191526863067,,,,,119.085497201678,142.489357244964,174.303682335322,141.234707587367,114.109626481248,57.3433456858389,-27.4045816056512,-147.95263333509,-293.447311263179,-417.885609524881,-501.183893982648,-554.962487067026,-578.230447016651,-596.606421208633,-608.977111660762,-616.592917199651,,,,Colombia,CO2
GCAM 5.3,SSP5-DACCS-2p6-3pctHR,COL,Emissions|CO2|Energy|Demand,Mt CO2/yr,,,,45.9735241485503,,,51.0881909500718,,,,,65.3330404738734,,66.4288029369606,,,,,73.0749472071075,80.3766836419922,92.406059153841,81.7234856251987,82.8445189836467,82.4569443300463,81.8409164352511,80.2620092084965,77.3198683984143,72.9244627610157,65.8551615088019,57.1915130151682,52.5481429387579,48.0739177025818,44.1265154941967,40.7270045275659,,,,Colombia,CO2
GCAM 5.3,SSP5-DACCS-2p6-3pctHR,COL,Emissions|CO2|Energy|Demand|Industry,Mt CO2/yr,,,,16.6921618880442,,,18.1178302254524,,,,,13.5859168736136,,13.3154496582068,,,,,16.3017324348613,19.9931796906776,25.1360996546902,17.5776056786193,18.3655042416865,18.3082987885243,17.43902179123,15.8768075822578,13.9324498215278,11.7294104776486,9.48195941138372,7.54376464214236,5.89973476566938,4.43281135182333,3.26272181791162,2.3821494654375,,,,Colombia,CO2
GCAM 5.3,SSP5-DACCS-2p6-3pctHR,COL,Emissions|CO2|Energy|Demand|Residential and Commercial,Mt CO2/yr,,,,4.67891990375123,,,4.99085182563537,,,,,11.6190803407418,,12.1686742541593,,,,,13.4801441468376,15.3025439646993,18.1909259121238,17.4025474608677,18.1148191936317,18.1158449075787,17.5170484640406,16.1823515294765,14.3792981419003,12.3347893311146,10.0239690369926,7.8617308863841,6.11457434706777,4.55067585718754,3.28804200905413,2.34523129488355,,,,Colombia,CO2
GCAM 5.3,SSP5-DACCS-2p6-3pctHR,COL,Emissions|CO2|Energy|Demand|Residential and Commercial|Commercial,Mt CO2/yr,,,,0.69213117390248,,,1.18921171902927,,,,,8.08381770393812,,8.42344820620858,,,,,9.13898652915428,10.0957398338736,11.7415557893531,11.2468160834882,11.4388465137939,11.2585775175932,10.7987336944185,9.97426065637469,8.87802348463741,7.64326686571354,6.22484983435943,4.87165428667442,3.80278254226665,2.84131019346506,2.05902660378898,1.47111170870452,,,,Colombia,CO2
GCAM 5.3,SSP5-DACCS-2p6-3pctHR,COL,Emissions|CO2|Energy|Demand|Residential and Commercial|Residential,Mt CO2/yr,,,,3.98678872984875,,,3.80164010660609,,,,,3.53526263680371,,3.74522604795076,,,,,4.34115761768331,5.20680413082572,6.4493701227707,6.15573137737949,6.67597267983781,6.85726738998545,6.71831476962205,6.2080908731018,5.50127465726284,4.69152246540104,3.79911920263313,2.99007659970968,2.31179180480113,1.70936566372248,1.22901540526515,0.874119586179027,,,,Colombia,CO2
GCAM 5.3,SSP5-DACCS-2p6-3pctHR,COL,Emissions|CO2|Energy|Demand|Transportation,Mt CO2/yr,,,,24.6024423567548,,,27.979508898984,,,,,40.1280432595179,,40.9446790245944,,,,,43.2930706254086,45.0809599866153,49.079033587027,46.7433324857117,46.3641955483285,46.0328006339434,46.8848461799805,48.2028500967622,49.0081204349862,48.8602629522526,46.3492330604256,41.7860174866417,40.5338338260208,39.0904304935709,37.575751667231,35.9996237672449,,,,Colombia,CO2
GCAM 5.3,SSP5-DACCS-2p6-3pctHR,COL,Emissions|CO2|Energy|Supply,Mt CO2/yr,,,,10.9762467911051,,,18.9374212779191,,,,,20.6020817481478,,27.0150248210879,,,,,37.9522449222338,53.5140264295441,72.2309189049061,69.2676605400504,66.3622642872464,57.9310336404838,45.267283715319,26.1184696653806,-0.152833680272919,-30.1625548526555,-65.8842533063844,-99.6662603370105,-115.800330073649,-127.702459303885,-134.187663235664,-136.562197727522,,,,Colombia,CO2
GCAM 5.3,SSP5-DACCS-2p6-3pctHR,COL,Emissions|CO2|Energy|Supply|Electricity,Mt CO2/yr,,,,6.32566820166052,,,10.4640760590638,,,,,16.4833756128271,,22.8346990209816,,,,,33.5600261018524,49.0253381928668,67.5132398474209,68.3286582566529,70.2300912210886,67.2596286438228,59.5232681424489,44.9452194669888,23.4471857596243,-0.585988166942289,-27.3128944987864,-50.0479262580668,-63.671243498165,-74.2777943798099,-81.0823822798578,-85.3580246412375,,,,Colombia,CO2
GCAM 5.3,SSP5-DACCS-2p6-3pctHR,COL,Emissions|CO2|Energy|Supply|Gases,Mt CO2/yr,,,,0.0,,,0.0,,,,,0.0,,0.0021867625106921,,,,,0.0085305017665967,0.0230131379279983,0.0611808914893212,0.0233990645382051,0.0280414111090413,0.0307661025385371,0.0314448140801758,0.0364138729071408,0.0369105275040808,0.0305961699787572,0.0205839592772005,0.0095944323142611,0.0038673572509031,0.001390888577719,0.0004592930719923,0.0001391484237042,,,,Colombia,CO2
GCAM 5.3,SSP5-DACCS-2p6-3pctHR,COL,Emissions|CO2|Energy|Supply|Liquids,Mt CO2/yr,,,,4.65058042278,,,8.47334668552092,,,,,4.11870613532062,,4.17421242191111,,,,,4.37310256992312,4.44395510505533,4.61602185310581,0.917159101203915,-3.88721821581542,-9.33806686264775,-14.251492127646,-18.790607684137,-23.5262686822594,-29.3912469311641,-38.2244685245493,-49.1217260268074,-51.7472634790855,-53.1097345744475,-52.8354070392238,-50.9798511316008,,,,Colombia,CO2
GCAM 5.3,SSP5-DACCS-2p6-3pctHR,COL,Emissions|CO2|Energy|Supply|Solids,Mt CO2/yr,,,,-1.83333538543514e-06,,,-1.46666562050543e-06,,,,,0.0,,0.0,,,,,-2.93333545159717e-05,0.0,-2.93332890600624e-05,-1.1000012188431e-05,0.0,-4.76666573445621e-05,0.0,0.0,0.0,-4.39998757598983e-05,-3.6666628063938e-06,-2.56665748355914e-05,-1.83333395291621e-06,-1.02666409542576e-05,0.0,0.0,,,,Colombia,CO2
GCAM 5.3,SSP5-DACCS-2p6-3pctHR,COL,Emissions|CO2|Industrial Processes,Mt CO2/yr,,,,7.59487628244341,,,7.64457289585839,,,,,7.64499561914071,,6.7476991050184,,,,,8.05837233379738,8.60888187101931,9.67962471123524,-9.5847664678246,-34.6133460910919,-81.9985268847142,-152.595545514619,-251.196373162058,-366.05938252623,-455.001002610746,-495.085908814955,-506.311530551088,-508.788414717791,-510.793493682166,-512.748406801439,-514.616442349242,,,,Colombia,CO2
GCAM 5.3,SSP5-DACCS-2p6-3pctHR,COL,Emissions|N2O|AFOLU,Mt CO2e/yr,,,,16.662201241100686,,,18.08745465935008,,,,,16.542068429329717,,17.89800659773256,,,,,19.311536705762848,20.869047748130672,22.48481006685432,24.539560329152778,26.502076220569677,28.201132314716087,29.513718083220734,30.486380636977906,31.176552378936506,31.6513616357757,32.15963073687437,32.625637064028645,32.276665758136254,31.779160848478135,31.084276364330282,30.228040899205148,,,,Colombia,N2O
GCAM 5.3,SSP5-noDACCS-2p6-3pctHR,COL,Carbon Sequestration|CCS|Biomass,Mt CO2/yr,,,,0.0,,,0.0,,,,,0.0,,0.209203277018478,,,,,0.466766811766676,0.81115925040841,1.32345632398087,34.6155015405302,56.3347166355831,76.8304732493669,93.6265602032838,109.75581792258,124.892072729399,143.591830354081,163.015996362914,176.738486559079,182.350243528999,184.21545754187,182.970795399868,172.896896607788,,,,Colombia,
GCAM 5.3,SSP5-noDACCS-2p6-3pctHR,COL,Emissions|CH4|AFOLU,Mt CO2e/yr,,,,48.9609887305028,,,50.98532983971812,,,,,45.02131351917108,,48.31797587083404,,,,,52.26162235167524,56.721374737934475,61.21650046157156,65.25660981777756,68.78783102802407,71.65043986834328,73.84812282512,75.27501217591991,75.93835127573941,76.07713390002152,75.66741151144504,74.78934754665555,73.66018305775023,72.13180907239159,70.13105033053616,67.81441647405711,,,,Colombia,CH4
GCAM 5.3,SSP5-noDACCS-2p6-3pctHR,COL,Emissions|CO2|AFOLU,Mt CO2/yr,,,,-25.1408773918427,,,-28.772478333434,,,,,21.0498930941589,,6.66961056606827,,,,,11.0189028561432,19.8168391644854,27.553143121042,34.78727231177,-54.7209175667036,-107.207291201762,-137.940773616639,-155.357535590436,-159.696045599706,-154.877060432314,-129.682586288663,-104.735706723605,-88.968994314368,-70.5785996015579,-55.2663529673659,-45.2648549147753,,,,Colombia,CO2
GCAM 5.3,SSP5-noDACCS-2p6-3pctHR,COL,Emissions|CO2|Energy and Industrial Processes,Mt CO2/yr,,,,64.5446472220988,,,77.6701851238493,,,,,93.5801178411618,,100.321542568686,,,,,117.861069086815,142.284382733659,174.509031309258,74.9550850516271,38.562679595414,0.962820352199831,-29.42049228314,-58.4317670064314,-86.1655886467292,-120.963075708572,-157.263489344198,-183.84381608831,-193.411941331601,-197.425605956685,-198.958790710033,-192.624590405435,,,,Colombia,CO2
GCAM 5.3,SSP5-noDACCS-2p6-3pctHR,COL,Emissions|CO2|Energy|Demand,Mt CO2/yr,,,,45.9735241485503,,,51.0881909500718,,,,,65.3330404738734,,66.6592022133375,,,,,73.3162612884102,80.6962865564958,92.7560201812156,58.151893077074,55.2008714519144,51.3733925704141,48.3447533519772,45.1032408047974,41.635392232527,36.4062180791434,29.9232750303013,24.8417095098371,22.0835013368742,20.2325721719981,18.4382013801856,16.0695022953705,,,,Colombia,CO2
GCAM 5.3,SSP5-noDACCS-2p6-3pctHR,COL,Emissions|CO2|Energy|Demand|Industry,Mt CO2/yr,,,,16.6921618880442,,,18.1178302254524,,,,,13.5859168736136,,13.3230083839387,,,,,16.2270193642094,19.9084818678951,25.0665245549931,12.1439557273418,12.1591809021606,11.3095405725059,10.0089038738424,8.36025133939884,6.69128772774744,5.13032682427187,3.73972035175213,2.72803694722145,1.98940986621981,1.44099890283978,1.06096291530753,0.779377320349962,,,,Colombia,CO2
GCAM 5.3,SSP5-noDACCS-2p6-3pctHR,COL,Emissions|CO2|Energy|Demand|Residential and Commercial,Mt CO2/yr,,,,4.67891990375123,,,4.99085182563537,,,,,11.6190803407418,,12.1800032481692,,,,,13.4588834018301,15.2953660972566,18.2052630468632,12.517988329742,12.0499757535205,11.0667918172918,9.94057337339106,8.54945739952983,7.03215796957389,5.43733539139925,3.88332073879882,2.72367526038367,1.91368436990788,1.31934771892812,0.901946972033745,0.598570709292804,,,,Colombia,CO2
GCAM 5.3,SSP5-noDACCS-2p6-3pctHR,COL,Emissions|CO2|Energy|Demand|Residential and Commercial|Commercial,Mt CO2/yr,,,,0.69213117390248,,,1.18921171902927,,,,,8.08381770393812,,8.43561906704811,,,,,9.14223691451867,10.1096279939955,11.7683454979154,8.08160854247276,7.56179402458462,6.82591060451156,6.0786399633464,5.21671766111859,4.2956401439177,3.31898851986335,2.36199465177067,1.65332589107584,1.16610440347807,0.807934981377688,0.554212149495721,0.36882608568457,,,,Colombia,CO2
GCAM 5.3,SSP5-noDACCS-2p6-3pctHR,COL,Emissions|CO2|Energy|Demand|Residential and Commercial|Residential,Mt CO2/yr,,,,3.98678872984875,,,3.80164010660609,,,,,3.53526263680371,,3.74438418112109,,,,,4.31664648731142,5.18573810326111,6.43691754894778,4.43637978726919,4.48818172893584,4.24088121278024,3.86193341004466,3.33273973841123,2.73651782565619,2.1183468715359,1.52132608702815,1.07034936930783,0.747579966429801,0.51141273755043,0.347734822538024,0.229744623608234,,,,Colombia,CO2
GCAM 5.3,SSP5-noDACCS-2p6-3pctHR,COL,Emissions|CO2|Energy|Demand|Transportation,Mt CO2/yr,,,,24.6024423567548,,,27.979508898984,,,,,40.1280432595179,,41.1561905812296,,,,,43.6303585223707,45.4924385913441,49.4842325793593,33.4899490199902,30.9917147962333,28.9970601806164,28.3952761047437,28.1935320658687,27.9119465352057,25.8385558634723,22.3002339397503,19.389997302232,18.1804071007465,17.4722255502302,16.4752914928443,14.6915542657277,,,,Colombia,CO2
GCAM 5.3,SSP5-noDACCS-2p6-3pctHR,COL,Emissions|CO2|Energy|Supply,Mt CO2/yr,,,,10.9762467911051,,,18.9374212779191,,,,,20.6020817481478,,26.8942537997257,,,,,36.4402834910751,52.0953936675565,70.9491444187977,16.7930825757493,-14.5595852705125,-45.9741327107275,-71.0152896852764,-94.3696823900191,-116.088223248274,-142.400430780667,-168.419494576493,-186.471606704798,-190.717425507135,-190.788708695103,-188.761218433877,-178.643778237231,,,,Colombia,CO2
GCAM 5.3,SSP5-noDACCS-2p6-3pctHR,COL,Emissions|CO2|Energy|Supply|Electricity,Mt CO2/yr,,,,6.32566820166052,,,10.4640760590638,,,,,16.4833756128271,,22.9053286005998,,,,,32.3487365603778,47.9956919375621,66.6995458390465,36.7098577747741,16.2970220440925,-5.09551247986671,-22.478380739128,-38.5325486709764,-54.0203970367678,-70.4030719463645,-85.7073196716468,-96.5810469936726,-103.372514343435,-108.850154488804,-113.813989636685,-113.118519060627,,,,Colombia,CO2
GCAM 5.3,SSP5-noDACCS-2p6-3pctHR,COL,Emissions|CO2|Energy|Supply|Gases,Mt CO2/yr,,,,0.0,,,0.0,,,,,0.0,,0.0021936615202005,,,,,0.0086771658381389,0.0232071057975939,0.0615581962574186,0.0053855128766991,0.0047314738421711,0.0040106177431437,0.0027876137621621,0.0016550184480104,0.0008517213385093,0.0003929905034179,0.0001918454302129,9.87060133509504e-05,4.63022698587464e-05,1.96857164350078e-05,6.86132323435097e-06,2.13200151958471e-06,,,,Colombia,CO2
GCAM 5.3,SSP5-noDACCS-2p6-3pctHR,COL,Emissions|CO2|Energy|Supply|Liquids,Mt CO2/yr,,,,4.65058042278,,,8.47334668552092,,,,,4.11870613532062,,3.98279613969713,,,,,4.07232752547568,4.05486110280584,4.14761623673545,-19.7720403300777,-30.6444796583713,-40.6028092386517,-48.2523467960091,-55.4752480674297,-61.6328454642417,-71.2491836483191,-81.5179147032184,-88.2642655882285,-85.9570397598041,-80.9016918347215,-74.0608827203667,-64.615198597421,,,,Colombia,CO2
GCAM 5.3,SSP5-noDACCS-2p6-3pctHR,COL,Emissions|CO2|Energy|Supply|Solids,Mt CO2/yr,,,,-1.83333538543514e-06,,,-1.46666562050543e-06,,,,,0.0,,0.0,,,,,-2.20000103840174e-05,-7.33332971190628e-06,0.0,0.0,0.0,0.0,0.0,-7.33332662919266e-06,-5.86666139496947e-06,-1.3933283355322e-05,0.0,-3.66666022313261e-06,-7.33333582554453e-07,0.0,-7.69999421749742e-07,-8.79997593926678e-07,,,,Colombia,CO2
GCAM 5.3,SSP5-noDACCS-2p6-3pctHR,COL,Emissions|CO2|Industrial Processes,Mt CO2/yr,,,,7.59487628244341,,,7.64457289585839,,,,,7.64499561914071,,6.76808655562229,,,,,8.1045243073296,9.49270250960683,10.8038667092444,0.0101093988038257,-2.07860658598782,-4.43643950748677,-6.74995594984078,-9.16532542120968,-11.7127576309824,-14.9688630070493,-18.7672697980064,-22.2139188933495,-24.7780171613397,-26.8694694335799,-28.635773656342,-30.0503144635739,,,,Colombia,CO2
GCAM 5.3,SSP5-noDACCS-2p6-3pctHR,COL,Emissions|N2O|AFOLU,Mt CO2e/yr,,,,16.662201241100686,,,18.08745465935008,,,,,16.542068429329717,,17.82878475290367,,,,,19.22609634895186,20.76970760059896,22.37947551084609,25.393493641835867,27.55364528861763,29.54349345812756,31.18010572341592,32.49374462868316,33.48957460022729,34.36424780164194,35.02880949755378,35.4571212432883,35.24924227542163,34.62012257096784,33.92411920938004,33.07975756854132,,,,Colombia,N2O
GCAM 5.3,SSP_SSP1,COL,Carbon Sequestration|CCS|Biomass,Mt CO2/yr,,,,0.0,,,0.0,,,,,0.0,,0.129994766817705,,,,,0.73583351689395,3.84910325591845,8.9989332624181,15.4760656955816,31.147731439945,58.4398506173825,89.4299467728237,114.099349073755,121.383226924026,128.171134410336,133.730593548275,136.672212168954,139.187810109419,137.379956339741,133.473473468861,130.598839209643,,,,Colombia,
GCAM 5.3,SSP_SSP1,COL,Emissions|CH4|AFOLU,Mt CO2e/yr,,,,48.01866203466192,,,51.75003652344876,,,,,52.81537924690356,,53.6785059138174,,,,,53.51762477532268,53.7807993143428,53.77177442259336,53.55710681095824,53.41939259447924,52.70545647098676,51.491960676011516,49.82179621554576,49.09802013554956,48.234712588990476,47.32341908347508,46.36425869265456,45.36306252202676,44.28550281231132,43.07852574849936,41.960240859092636,,,,Colombia,CH4
GCAM 5.3,SSP_SSP1,COL,Emissions|CO2|AFOLU,Mt CO2/yr,,,,-25.1634470148442,,,-29.1851374005037,,,,,14.214518541358,,-19.0173804637557,,,,,-8.04375755250576,-10.5025512788332,-10.9759484993397,-13.1987814715041,-9.7753319093084,-6.41951232803454,-2.34296165930799,-2.79208192395249,-13.8014912475749,-14.3414278357948,-15.0543585937742,-15.5982805672458,-16.0075269257006,-16.1309466996029,-16.0634227894656,-15.9393795307751,,,,Colombia,CO2
GCAM 5.3,SSP_SSP1,COL,Emissions|CO2|Energy and Industrial Processes,Mt CO2/yr,,,,64.5443396092297,,,77.6700196317675,,,,,88.5484725704583,,107.057126249225,,,,,97.5727404946088,91.6722942135773,80.4304843775166,63.0753550208039,24.2668852245502,-33.1607243081036,-94.1577316221781,-139.55947959735,-148.537739591327,-156.622326573716,-162.596903844112,-165.314007962871,-167.391162853026,-163.053720442614,-155.514450465145,-149.797653143495,,,,Colombia,CO2
GCAM 5.3,SSP_SSP1,COL,Emissions|CO2|Energy|Demand,Mt CO2/yr,,,,45.9732026264073,,,51.0879941201835,,,,,60.2816178710265,,71.1310275739559,,,,,66.5859779688092,65.202218099352,63.5515233042077,59.4749906951572,48.5403270470076,33.3032182818897,18.6522734923003,11.1519795023086,11.0090555512736,11.2111957729276,11.5875920969827,12.0515731959184,12.3168322403704,13.060285643083,14.5710538530504,15.6736675999316,,,,Colombia,CO2
GCAM 5.3,SSP_SSP1,COL,Emissions|CO2|Energy|Demand|Industry,Mt CO2/yr,,,,16.6921214044263,,,18.1178591694927,,,,,13.585844311714,,20.9306993229319,,,,,16.4484630646666,15.3785582837181,14.5670591317091,13.3921661115754,10.8134854886223,6.50800719215936,2.74949634519323,0.822537518870013,0.742698288444148,0.674466311154831,0.651551561756006,0.693314281715906,0.649619775430823,1.25913908782831,2.56469539175342,3.6422986651951,,,,Colombia,CO2
GCAM 5.3,SSP_SSP1,COL,Emissions|CO2|Energy|Demand|Residential and Commercial,Mt CO2/yr,,,,4.67892520478074,,,4.99084576244402,,,,,11.617567707637,,12.7776079043503,,,,,12.2384758775019,11.8799688570682,11.3070527439272,9.94010323422762,7.04522858503742,4.08012593435842,1.76014949546122,0.558269460189579,0.49287537773131,0.439486852447733,0.39289217669791,0.358537704456686,0.312659932018687,0.281525620326808,0.26422575626796,0.234645249036094,,,,Colombia,CO2
GCAM 5.3,SSP_SSP1,COL,Emissions|CO2|Energy|Demand|Residential and Commercial|Commercial,Mt CO2/yr,,,,0.692133821705585,,,1.1892122489408,,,,,8.0825655376816,,8.71742761749491,,,,,8.52466757286226,8.2205640949342,7.73905220113165,6.74297795246692,4.72975426083478,2.67297636582724,1.08378785691817,0.328972102308538,0.288727072352191,0.258247510408059,0.231745425239163,0.212128156237305,0.185576473560564,0.166619635951426,0.156218208319444,0.138947932184308,,,,Colombia,CO2
GCAM 5.3,SSP_SSP1,COL,Emissions|CO2|Energy|Demand|Residential and Commercial|Residential,Mt CO2/yr,,,,3.98679138307516,,,3.80163351350322,,,,,3.53500216995541,,4.06018028685535,,,,,3.7138083046396,3.65940476213403,3.56800054279552,3.1971252817607,2.31547432420264,1.40714956853118,0.676361638543049,0.229297357881041,0.204148305379119,0.181239342039674,0.161146751458747,0.146409548219381,0.127083458458123,0.114905984375383,0.108007547948516,0.0956973168517862,,,,Colombia,CO2
GCAM 5.3,SSP_SSP1,COL,Emissions|CO2|Energy|Demand|Transportation,Mt CO2/yr,,,,24.6021560172003,,,27.9792891882467,,,,,35.0782058516755,,37.4227203466738,,,,,37.8990390266407,37.9436909585656,37.6774114285715,36.1427213493541,30.6816129733479,22.7150851553719,14.1426276516459,9.77117252324903,9.7734818850981,10.097242609325,10.5431483585287,10.9997212097458,11.3545525329209,11.5196209349278,11.742132705029,11.7967236857004,,,,Colombia,CO2
GCAM 5.3,SSP_SSP1,COL,Emissions|CO2|Energy|Supply,Mt CO2/yr,,,,10.9762612061677,,,18.9374519009956,,,,,20.6223913162849,,27.3802922405936,,,,,26.1994184264973,22.4777563173031,13.4875309444344,1.15955834971489,-24.263106033203,-63.2803223522409,-105.839861278307,-140.81384597481,-148.146650018618,-155.10876596338,-160.206830669161,-162.234442919528,-163.444074427258,-158.791325165914,-152.03839781758,-146.889896087888,,,,Colombia,CO2
GCAM 5.3,SSP_SSP1,COL,Emissions|CO2|Energy|Supply|Electricity,Mt CO2/yr,,,,6.32568079003691,,,10.4641435195851,,,,,16.5034285838117,,23.2136651097344,,,,,22.330146734542,20.1721135015428,13.9641301343993,5.55614831107153,-8.05200419888765,-24.2079945079358,-39.7062989352628,-55.2241490290553,-61.2620626751932,-66.4342173944958,-72.2128587443208,-76.3170892185962,-80.568598564129,-82.496582701366,-81.9370175445143,-82.0489474155629,,,,Colombia,CO2
GCAM 5.3,SSP_SSP1,COL,Emissions|CO2|Energy|Supply|Gases,Mt CO2/yr,,,,0.0,,,0.0,,,,,0.0,,0.0058658588561746,,,,,0.0037696241180908,0.003394477859005,0.0032177921100351,0.0026446260283925,0.0012215272356718,0.0004268079907999,9.16643495740276e-05,4.20193774545204e-06,7.57793770145187e-06,6.64351605712673e-06,5.87310512009528e-06,5.08179261499723e-06,3.82865574936462e-06,3.32507340055175e-06,3.28869249329976e-06,3.08062484760966e-06,,,,Colombia,CO2
GCAM 5.3,SSP_SSP1,COL,Emissions|CO2|Energy|Supply|Liquids,Mt CO2/yr,,,,4.65058041613081,,,8.4733098480758,,,,,4.11896273247324,,4.13875045356044,,,,,3.85617768573319,2.34082986999587,-0.368753407860862,-4.21847304831038,-15.5769006499046,-37.5475599715332,-63.1287115003351,-76.6121594610157,-78.5452052476159,-79.8929867956318,-79.382915648713,-76.9123070907803,-73.0892634761367,-67.3163157830672,-61.8596439906938,-57.5773485152168,,,,Colombia,CO2
GCAM 5.3,SSP_SSP1,COL,Emissions|CO2|Energy|Supply|Solids,Mt CO2/yr,,,,0.0,,,-1.46666532091234e-06,,,,,0.0,,-5.13331675530778e-05,,,,,-1.46666781440543e-05,-5.4999891744173e-05,-3.66665275015705e-06,0.0,-2.56665821381988e-05,-1.46666366497038e-05,-7.33333953984494e-07,0.0,-1.53999705393628e-06,0.0,0.0,-4.76665540262044e-07,0.0,0.0,0.0,0.0,,,,Colombia,CO2
GCAM 5.3,SSP_SSP1,COL,Emissions|CO2|Industrial Processes,Mt CO2/yr,,,,7.59487577665465,,,7.64457361058838,,,,,7.64446338314692,,8.54580643467576,,,,,4.78734409930227,3.99231979692228,3.3914301288745,2.44080597593185,-0.010335789254396,-3.18362023775242,-6.97014383617186,-9.89761312484833,-11.4001451239829,-12.7247563832637,-13.977665271934,-15.1311382392615,-16.2639206661388,-17.3226809197827,-18.0471065006148,-18.5814246555387,,,,Colombia,CO2
GCAM 5.3,SSP_SSP1,COL,Emissions|N2O|AFOLU,Mt CO2e/yr,,,,29.2431884504517,,,31.669648044278517,,,,,32.29244334093305,,34.998905954279365,,,,,37.43702952193249,41.008249822961425,45.1065392213649,49.293120746489535,55.48737651288877,62.184385535812446,67.89330753480638,72.8873957762002,73.35226624984276,73.56463707227081,73.66395846595476,73.8165518658608,73.59803364131754,73.09823183804833,72.24131519339143,70.78496256340974,,,,Colombia,N2O
GCAM 5.3,SSP_SSP2,COL,Carbon Sequestration|CCS|Biomass,Mt CO2/yr,,,,0.0,,,0.0,,,,,0.0,,0.255288136874677,,,,,1.42618156765286,5.40242447779612,11.8894726381944,22.0163848514893,39.0296419174823,60.2438964807174,79.1919461366312,107.041664091657,116.022751905082,121.702087876983,129.116846061968,137.85349112542,138.795788925215,140.846743459656,148.304039502731,155.191640260505,,,,Colombia,
GCAM 5.3,SSP_SSP2,COL,Emissions|CH4|AFOLU,Mt CO2e/yr,,,,48.01866203466192,,,51.75003652344876,,,,,52.81537924690356,,57.07179291490012,,,,,61.181508029695195,65.56692457863828,69.21232603933312,72.37942407864392,75.44832770480852,77.51779763594861,77.84337469497233,77.03595982665492,78.40402197612656,79.46371834452268,80.26474256057432,80.74825703207004,80.94087236016068,80.82177141703532,80.36967014456548,79.80348026096797,,,,Colombia,CH4
GCAM 5.3,SSP_SSP2,COL,Emissions|CO2|AFOLU,Mt CO2/yr,,,,-25.1634470148442,,,-29.1851374005037,,,,,14.214518541358,,17.6328387668466,,,,,10.0958483108256,11.0184927383648,13.5364740326239,12.1096621885559,11.4065197607109,7.02951161637644,1.61886928349544,-5.52174475417026,-7.41339442943804,-6.87356233171359,-6.62045322039762,-6.43280950211064,-6.09059629437705,-6.12572663184982,-6.67518147886805,-7.55523294839475,,,,Colombia,CO2
GCAM 5.3,SSP_SSP2,COL,Emissions|CO2|Energy and Industrial Processes,Mt CO2/yr,,,,64.5443396092297,,,77.6700196317675,,,,,88.5484725704583,,103.766499882277,,,,,98.0275168375779,93.6702519968014,82.930011333346,62.0757697348039,28.1555349242344,-12.8524118130226,-53.5544242071953,-103.36453468923,-113.704924719493,-119.135301077107,-127.079079965837,-140.159998478237,-139.789199499607,-138.41972446511,-139.590458497797,-142.901689949909,,,,Colombia,CO2
GCAM 5.3,SSP_SSP2,COL,Emissions|CO2|Energy|Demand,Mt CO2/yr,,,,45.9732026264073,,,51.0879941201835,,,,,60.2816178710265,,71.1727895560347,,,,,69.6128570665329,70.0185790912118,69.5565741200308,65.8342056782064,57.6888540708597,46.5977026345434,33.0787721604085,21.9681274366372,22.4385153159862,23.2191653938073,23.8461324327919,23.527998941419,26.3121383243557,31.1804865402658,36.9976298412762,41.5535938180807,,,,Colombia,CO2
GCAM 5.3,SSP_SSP2,COL,Emissions|CO2|Energy|Demand|Industry,Mt CO2/yr,,,,16.6921214044263,,,18.1178591694927,,,,,13.585844311714,,20.2621895356049,,,,,18.0837381641254,18.0223265130754,17.6481374811501,16.1063514161029,13.1170925653408,8.1995900658045,2.39400794897345,0.675449964627505,0.606941219841916,0.587562590743744,0.60488940109859,1.199510275994,3.71215647508038,7.29380431504997,12.528661108369,16.5172984585853,,,,Colombia,CO2
GCAM 5.3,SSP_SSP2,COL,Emissions|CO2|Energy|Demand|Residential and Commercial,Mt CO2/yr,,,,4.67892520478074,,,4.99084576244402,,,,,11.617567707637,,12.6771328284531,,,,,12.1144773931777,11.5298451203571,10.7080344832866,9.05541640668818,6.53485802857059,4.05715190421293,1.81702962230755,0.566597231855239,0.491704365565126,0.443336171114057,0.382833457634944,0.310389178192468,0.256755697549389,0.220444512578428,0.183313761174307,0.153111593716172,,,,Colombia,CO2
GCAM 5.3,SSP_SSP2,COL,Emissions|CO2|Energy|Demand|Residential and Commercial|Commercial,Mt CO2/yr,,,,0.692133821705585,,,1.1892122489408,,,,,8.0825655376816,,8.73654669286278,,,,,8.48975563012848,8.08717186515068,7.50506428866535,6.36821590450385,4.62867379535477,2.90420277109294,1.31681041270776,0.39720106078764,0.339110590683337,0.30119775263219,0.25432864530728,0.194697766816787,0.153577169338569,0.130256797920548,0.108243316604402,0.0907543992487169,,,,Colombia,CO2
GCAM 5.3,SSP_SSP2,COL,Emissions|CO2|Energy|Demand|Residential and Commercial|Residential,Mt CO2/yr,,,,3.98679138307516,,,3.80163351350322,,,,,3.53500216995541,,3.94058613559029,,,,,3.62472176304925,3.44267325520642,3.20297019462125,2.68720050218433,1.90618423321581,1.15294913311998,0.500219209599793,0.169396171067599,0.152593774881789,0.142138418481867,0.128504812327663,0.115691411375681,0.103178528210819,0.0901877146578801,0.0750704445699052,0.062357194467455,,,,Colombia,CO2
GCAM 5.3,SSP_SSP2,COL,Emissions|CO2|Energy|Demand|Transportation,Mt CO2/yr,,,,24.6021560172003,,,27.9792891882467,,,,,35.0782058516755,,38.2334671919767,,,,,39.4146415092298,40.4664074577793,41.200402155594,40.6724378554153,38.0369034769484,34.3409606645259,28.8677345891275,20.7260802401544,21.3398697305792,22.1882666319495,22.8584095740584,22.0180994872325,22.343226151726,23.6662377126374,24.2856549717328,24.8831837657792,,,,Colombia,CO2
GCAM 5.3,SSP_SSP2,COL,Emissions|CO2|Energy|Supply,Mt CO2/yr,,,,10.9762612061677,,,18.9374519009956,,,,,20.6223913162849,,25.5067980389598,,,,,24.2122742266849,20.0636643218136,10.3383584405099,-5.9184671756659,-30.2158602036262,-58.247118430172,-82.9779854093996,-117.535475909971,-126.502689497494,-130.855495725092,-136.932129067165,-144.990003672098,-142.989118022908,-143.342339983469,-147.771798049882,-153.373643850519,,,,Colombia,CO2
GCAM 5.3,SSP_SSP2,COL,Emissions|CO2|Energy|Supply|Electricity,Mt CO2/yr,,,,6.32568079003691,,,10.4641435195851,,,,,16.5034285838117,,21.4180473999687,,,,,20.638018032825,18.2043037386582,11.5474539804352,0.799647575751723,-11.7199374256773,-24.0243956582038,-34.7309929222245,-46.791005725528,-53.8605175653493,-58.5310402473674,-64.57457004842,-68.7250102315223,-69.1751185870928,-71.5334369193548,-76.1641613398422,-81.6545132675126,,,,Colombia,CO2
GCAM 5.3,SSP_SSP2,COL,Emissions|CO2|Energy|Supply|Gases,Mt CO2/yr,,,,0.0,,,0.0,,,,,0.0,,0.0041505211671412,,,,,0.0039148985362084,0.0043170832650618,0.0047553687499326,0.0042235706914426,0.001915189913989,0.0005893875865186,6.85187368042148e-05,4.21558987005437e-06,5.09063295021063e-06,5.03875922737013e-06,4.75441297223837e-06,4.59359484328867e-06,4.17030313259886e-06,3.47657875576007e-06,2.68348591521835e-06,2.24539130130977e-06,,,,Colombia,CO2
GCAM 5.3,SSP_SSP2,COL,Emissions|CO2|Energy|Supply|Liquids,Mt CO2/yr,,,,4.65058041613081,,,8.4733098480758,,,,,4.11896273247324,,4.06438724364505,,,,,3.57015647075846,1.91397999741247,-1.04091499922833,-6.35595769645466,-17.6515529555377,-32.5162755586944,-44.7377847646562,-59.6413900451079,-61.0093220514459,-60.7061938143621,-61.4330612697187,-67.0993853728185,-67.5174304194568,-66.2322723372996,-63.4026380930619,-62.8275759330833,,,,Colombia,CO2
GCAM 5.3,SSP_SSP2,COL,Emissions|CO2|Energy|Supply|Solids,Mt CO2/yr,,,,0.0,,,-1.46666532091234e-06,,,,,0.0,,0.0,,,,,-2.93333040618271e-05,-2.93332920316027e-05,0.0,0.0,-7.33333185794474e-07,-1.10000102769715e-06,-2.56666484261474e-06,0.0,-4.39999665659994e-07,0.0,0.0,0.0,0.0,-2.93333158621799e-07,-5.49998471959125e-07,0.0,,,,Colombia,CO2
GCAM 5.3,SSP_SSP2,COL,Emissions|CO2|Industrial Processes,Mt CO2/yr,,,,7.59487577665465,,,7.64457361058838,,,,,7.64446338314692,,7.08691228728295,,,,,4.20238554436006,3.58800858377605,3.03507877280534,2.16003123226341,0.682541057000869,-1.20299601739406,-3.65521095820411,-7.79718621589565,-9.64075053798537,-11.4989707458221,-13.9930833314641,-18.697993747558,-23.1122198010544,-26.2578710219072,-28.8162902891916,-31.0816399174707,,,,Colombia,CO2
GCAM 5.3,SSP_SSP2,COL,Emissions|N2O|AFOLU,Mt CO2e/yr,,,,29.2431884504517,,,31.669648044278517,,,,,32.29244334093305,,35.03374820494513,,,,,38.200186402824535,41.704803668186564,45.164455600968246,48.78579452219792,52.99695346119038,56.31662036444016,59.40840727532528,61.44071870475385,62.02613441549289,62.494862061710435,62.77079572027828,63.22751259890028,63.6984805517353,64.11124900575678,64.28373414735172,64.28864679592145,,,,Colombia,N2O
GCAM 5.3,SSP_SSP3,COL,Carbon Sequestration|CCS|Biomass,Mt CO2/yr,,,,0.0,,,0.0,,,,,0.0,,0.79821991256544,,,,,2.40630148608799,5.83031799369553,10.2283318191816,16.0218239288626,25.516024107305,35.0349250409929,43.6754644559847,59.1482039164436,67.3147222326265,71.7522127705776,80.9599456222791,92.9791256270158,102.63870208692,110.196211598441,115.146681415476,122.327784528212,,,,Colombia,
GCAM 5.3,SSP_SSP3,COL,Emissions|CH4|AFOLU,Mt CO2e/yr,,,,48.01866203466192,,,51.75003652344876,,,,,52.81537924690356,,57.52520182065944,,,,,61.94440929514069,66.27641265239876,69.7444384146258,72.6927991035274,75.74724049094637,77.82868268178835,78.17712017589179,77.23377945711763,79.25909203860591,81.17143545813764,83.00535532339623,84.71185841168568,86.36385024884484,87.97418135661736,89.47953577094364,90.85607541045391,,,,Colombia,CH4
GCAM 5.3,SSP_SSP3,COL,Emissions|CO2|AFOLU,Mt CO2/yr,,,,-25.1634470148442,,,-29.1851374005037,,,,,14.214518541358,,25.5088717450985,,,,,20.196722560974,20.3489671425938,18.7124467363243,12.1639613539819,8.8969229008346,5.71996129112112,-1.30626924994256,-6.68025023075091,-7.79968284861084,-6.27794779324709,-4.96144032976181,-1.93475866237786,0.352388171791299,2.23695697905379,2.14177267798553,1.69453942912355,,,,Colombia,CO2
GCAM 5.3,SSP_SSP3,COL,Emissions|CO2|Energy and Industrial Processes,Mt CO2/yr,,,,64.5443396092297,,,77.6700196317675,,,,,88.5484725704583,,102.602138691048,,,,,97.3446884629017,92.1530582639818,82.2455509112999,66.6518871939965,44.1173746335924,18.2848960132046,-7.47613157674333,-38.7538802499691,-49.2607493899176,-54.121002646716,-65.5142581244742,-80.8130232180984,-92.7450882818891,-103.262913811574,-108.253555273286,-109.542301523043,,,,Colombia,CO2
GCAM 5.3,SSP_SSP3,COL,Emissions|CO2|Energy|Demand,Mt CO2/yr,,,,45.9732026264073,,,51.0879941201835,,,,,60.2816178710265,,70.6639853176089,,,,,69.5540602525137,68.793188753418,66.9010204120925,63.1384451458476,56.6183321626433,46.308992625138,33.9258867151986,23.8914259953164,22.8829145755921,22.7071777580052,22.2672905431547,21.9696213733018,22.0239889128687,23.3331035876448,26.615308813937,32.3608049072059,,,,Colombia,CO2
GCAM 5.3,SSP_SSP3,COL,Emissions|CO2|Energy|Demand|Industry,Mt CO2/yr,,,,16.6921214044263,,,18.1178591694927,,,,,13.585844311714,,20.0982078663576,,,,,18.6774664215063,17.933250638277,16.7557581595284,15.0229924976764,12.098217213617,7.08859702082613,2.05608854459265,0.60348491408541,0.544454629347653,0.521579473541502,0.501389030060921,0.502000224814327,0.750106347753296,2.92708998064196,5.86495857486236,10.2655000333591,,,,Colombia,CO2
GCAM 5.3,SSP_SSP3,COL,Emissions|CO2|Energy|Demand|Residential and Commercial,Mt CO2/yr,,,,4.67892520478074,,,4.99084576244402,,,,,11.617567707637,,12.6671351154505,,,,,12.1127853247949,11.3783450693889,10.3964490079325,8.85752923162068,6.69966218768345,4.29597435693143,2.03408939212076,0.700225485329247,0.607175236598143,0.556990006009461,0.466427883617389,0.404112303050011,0.3316419473957,0.250666544184444,0.216353382816825,0.199422475596255,,,,Colombia,CO2
GCAM 5.3,SSP_SSP3,COL,Emissions|CO2|Energy|Demand|Residential and Commercial|Commercial,Mt CO2/yr,,,,0.692133821705585,,,1.1892122489408,,,,,8.0825655376816,,8.73102181842655,,,,,8.49949124987873,8.04091004177921,7.41055742013824,6.39868732445704,4.94218325853737,3.26420730498891,1.59621040276243,0.552729535233123,0.474768119005795,0.43196038867801,0.355778583280946,0.30248440346654,0.24075310175154,0.170475624782661,0.141241177949825,0.131628908842317,,,,Colombia,CO2
GCAM 5.3,SSP_SSP3,COL,Emissions|CO2|Energy|Demand|Residential and Commercial|Residential,Mt CO2/yr,,,,3.98679138307516,,,3.80163351350322,,,,,3.53500216995541,,3.93611329702391,,,,,3.61329407491617,3.33743502760973,2.98589158779425,2.45884190716365,1.75747892914608,1.03176705194252,0.437878989358326,0.147495950096124,0.132407117592348,0.125029617331451,0.110649300336443,0.101627899583471,0.09088884564416,0.0801909194017829,0.0751122048669997,0.0677935667539374,,,,Colombia,CO2
GCAM 5.3,SSP_SSP3,COL,Emissions|CO2|Energy|Demand|Transportation,Mt CO2/yr,,,,24.6021560172003,,,27.9792891882467,,,,,35.0782058516755,,37.8986423358008,,,,,38.7638085062125,39.4815930457521,39.7488132446316,39.2579234165505,37.8204527613428,34.9244212473804,29.8357087784852,22.5877155959017,21.7312847096463,21.6286082784543,21.2994736294764,21.0635088454374,20.9422406177197,20.1553470628184,20.5339968562578,21.8958823982505,,,,Colombia,CO2
GCAM 5.3,SSP_SSP3,COL,Emissions|CO2|Energy|Supply,Mt CO2/yr,,,,10.9762612061677,,,18.9374519009956,,,,,20.6223913162849,,24.9633405368127,,,,,23.4157540867585,19.5725626681465,12.0231649355761,0.778948523514346,-14.4471324023525,-29.0025610172693,-41.0432888627996,-60.0111725363368,-68.4857122375799,-72.3293546326619,-81.6303778941521,-94.4017519831774,-103.350475654533,-109.714197231889,-113.81764453957,-119.37501888645,,,,Colombia,CO2
GCAM 5.3,SSP_SSP3,COL,Emissions|CO2|Energy|Supply|Electricity,Mt CO2/yr,,,,6.32568079003691,,,10.4641435195851,,,,,16.5034285838117,,21.4398239707307,,,,,20.8727054680597,18.8625920490698,13.6901646450082,5.84521148527506,-2.5012573202509,-10.2833735824906,-16.3828509523657,-23.7664698411592,-29.15802566056,-33.0517199597982,-40.0365825855431,-47.4813002598894,-55.6481707122311,-60.5277715248025,-63.0246250936299,-69.6389379269152,,,,Colombia,CO2
GCAM 5.3,SSP_SSP3,COL,Emissions|CO2|Energy|Supply|Gases,Mt CO2/yr,,,,0.0,,,0.0,,,,,0.0,,0.0041275295769139,,,,,0.0042659565092468,0.0045357276778751,0.0049278030867643,0.0045274330454361,0.0021735739245736,0.0005814878851993,6.01636757916276e-05,3.15441361536004e-06,4.25353005237805e-06,4.19325010785043e-06,3.7397959727491e-06,3.30460190986885e-06,2.79996159064371e-06,2.55804146680049e-06,2.47428865838697e-06,2.23946315955318e-06,,,,Colombia,CO2
GCAM 5.3,SSP_SSP3,COL,Emissions|CO2|Energy|Supply|Liquids,Mt CO2/yr,,,,4.65058041613081,,,8.4733098480758,,,,,4.11896273247324,,3.49830959170101,,,,,2.51950465986528,0.6975081526049,-1.64767528322931,-4.99805336641583,-11.7217088521767,-18.1675245169706,-23.0987740006138,-30.0463079183219,-31.4589702403131,-31.0301104831659,-32.679038232404,-36.2072077409665,-38.5090739832651,-43.5466835825374,-46.4913750905795,-44.4969252363137,,,,Colombia,CO2
GCAM 5.3,SSP_SSP3,COL,Emissions|CO2|Energy|Supply|Solids,Mt CO2/yr,,,,0.0,,,-1.46666532091234e-06,,,,,0.0,,-4.03332613865798e-05,,,,,-4.03332373748609e-05,-2.19999707707772e-05,0.0,-2.9333199849761e-05,-1.13666136843118e-05,0.0,0.0,0.0,-7.33334213098624e-08,0.0,-3.66665991196973e-08,0.0,0.0,-3.66666412123991e-08,-4.03332828655121e-07,0.0,,,,Colombia,CO2
GCAM 5.3,SSP_SSP3,COL,Emissions|CO2|Industrial Processes,Mt CO2/yr,,,,7.59487577665465,,,7.64457361058838,,,,,7.64446338314692,,6.97481283662599,,,,,4.37487412362952,3.78730684241735,3.3213655636314,2.73449352463459,1.94617487330163,0.978464405335916,-0.358729429142319,-2.6341337089486,-3.6579517279298,-4.49882577205937,-6.15117077347683,-8.38089260822275,-11.4186015402253,-16.8818201673305,-21.0512195476533,-22.5280875437991,,,,Colombia,CO2
GCAM 5.3,SSP_SSP3,COL,Emissions|N2O|AFOLU,Mt CO2e/yr,,,,29.2431884504517,,,31.669648317278515,,,,,32.29244334093305,,34.98617210533181,,,,,38.313183908346986,41.63597252694489,44.622595441604815,47.397595436460904,50.67997184939925,53.01073026921973,55.13234404555332,56.301267605389995,57.04101194266894,57.88640865715972,58.58806249134575,59.31714791304366,60.10455273324084,60.8925951288766,61.73666102252403,62.59327981321997,,,,Colombia,N2O
GCAM 5.3,SSP_SSP4,COL,Carbon Sequestration|CCS|Biomass,Mt CO2/yr,,,,0.0,,,0.0,,,,,0.0,,0.22921076083734,,,,,1.11468901733536,4.42607144003676,9.98340759358243,17.919118731344,29.8209791123312,44.4624625990417,56.8464480194818,72.4737290544944,73.8138771728922,75.6459863249844,77.1813250894216,78.5972918974293,79.4996799777022,79.3422616736434,78.4872474317194,78.5201838672385,,,,Colombia,
GCAM 5.3,SSP_SSP4,COL,Emissions|CH4|AFOLU,Mt CO2e/yr,,,,48.01866203466192,,,51.75003652344876,,,,,52.81537924690356,,56.83725585295632,,,,,60.413773382731435,64.1296407057782,67.27966519937571,69.58124042448013,71.63323514806508,72.9400083888658,72.82038980911632,71.55884111470893,71.89570428703685,71.8053127148812,71.292079168037,70.3825788820532,69.14037006985808,67.62044978603431,65.83742804602991,63.81402216156128,,,,Colombia,CH4
GCAM 5.3,SSP_SSP4,COL,Emissions|CO2|AFOLU,Mt CO2/yr,,,,-25.1634470148442,,,-29.1851374005037,,,,,14.214518541358,,15.1542561311866,,,,,6.29737816850158,6.29765061128676,8.57947414315117,5.92011825386087,8.18223334429393,1.21991766760611,-2.38665220325009,-8.01484513835035,-11.5478494204939,-12.3915274291431,-13.0404420675971,-13.4832991727293,-13.7786808697559,-13.724928913263,-13.4188750471486,-13.5690640308365,,,,Colombia,CO2
GCAM 5.3,SSP_SSP4,COL,Emissions|CO2|Energy and Industrial Processes,Mt CO2/yr,,,,64.5443396092297,,,77.6700196317675,,,,,88.5484725704583,,103.470929184812,,,,,97.6181628657401,93.421072452648,83.3499157252772,65.2674171291522,37.2989510729495,5.27454182984083,-24.9994946598873,-59.2764643851059,-59.5001507953728,-61.3068029225461,-62.859776256373,-64.6128505960762,-66.3348088556906,-68.2087505093914,-67.7310179412698,-64.7615943882648,,,,Colombia,CO2
GCAM 5.3,SSP_SSP4,COL,Emissions|CO2|Energy|Demand,Mt CO2/yr,,,,45.9732026264073,,,51.0879941201835,,,,,60.2816178710265,,70.9252011243414,,,,,69.0035192498726,68.8285388030981,67.9989815889158,64.5123143473989,56.3959819230367,45.9756990014792,33.8498894706358,22.4253274383288,23.0263944811664,23.3667010724963,23.9269940420224,24.4450494487547,24.9139488096478,25.959953603066,28.4306230478121,32.3405891927567,,,,Colombia,CO2
GCAM 5.3,SSP_SSP4,COL,Emissions|CO2|Energy|Demand|Industry,Mt CO2/yr,,,,16.6921214044263,,,18.1178591694927,,,,,13.585844311714,,20.134581147953,,,,,17.5506777759717,16.8976946164329,16.196271804754,14.599393507697,11.316564243976,6.73076453561034,2.41072755773274,0.723290800990964,0.650001897058582,0.610183052553443,0.572544154620686,0.570625502962249,0.765336288252217,2.55213521082991,5.23224170581526,8.77734202382239,,,,Colombia,CO2
GCAM 5.3,SSP_SSP4,COL,Emissions|CO2|Energy|Demand|Residential and Commercial,Mt CO2/yr,,,,4.67892520478074,,,4.99084576244402,,,,,11.617567707637,,12.4401924337644,,,,,11.7623184948476,10.9809558956477,9.96526775951364,8.3740077115132,6.03930576553966,3.77493678726801,1.70234036503393,0.520029359181069,0.461357193968148,0.409518268285609,0.363183295197312,0.321864756698594,0.277669112201034,0.227179733535124,0.190708844022292,0.1621032059943,,,,Colombia,CO2
GCAM 5.3,SSP_SSP4,COL,Emissions|CO2|Energy|Demand|Residential and Commercial|Commercial,Mt CO2/yr,,,,0.692133821705585,,,1.1892122489408,,,,,8.0825655376816,,8.57053098046793,,,,,8.24551328314982,7.71722434782094,7.00979481854249,5.91137260653999,4.29645513223536,2.7172754440448,1.23951679303165,0.369179743893959,0.324533026911698,0.284775562401973,0.250067629094422,0.219362303887759,0.186007306225687,0.146136609940216,0.119151662487171,0.101143503269527,,,,Colombia,CO2
GCAM 5.3,SSP_SSP4,COL,Emissions|CO2|Energy|Demand|Residential and Commercial|Residential,Mt CO2/yr,,,,3.98679138307516,,,3.80163351350322,,,,,3.53500216995541,,3.86966145329645,,,,,3.51680521169774,3.26373154782673,2.95547294097115,2.46263510497321,1.7428506333043,1.05766134322321,0.462823572002284,0.15084961528711,0.13682416705645,0.124742705883636,0.11311566610289,0.102502452810835,0.0916618059753467,0.0810431235949074,0.0715571815351215,0.0609597027247726,,,,Colombia,CO2
GCAM 5.3,SSP_SSP4,COL,Emissions|CO2|Energy|Demand|Transportation,Mt CO2/yr,,,,24.6021560172003,,,27.9792891882467,,,,,35.0782058516755,,38.350427542624,,,,,39.6905229790533,40.9498882910176,41.8374420246481,41.5389131281887,39.040111913521,35.4699976786009,29.7368215478691,21.1820072781568,21.9150353901397,22.3469997516572,22.9912665922044,23.5525591890938,23.8709434091946,23.180638658701,23.0076724979745,23.40114396294,,,,Colombia,CO2
GCAM 5.3,SSP_SSP4,COL,Emissions|CO2|Energy|Supply,Mt CO2/yr,,,,10.9762612061677,,,18.9374519009956,,,,,20.6223913162849,,25.2758309772669,,,,,24.2064734420364,20.8775620754656,12.2014849412141,-1.61340713765048,-20.1456056831013,-40.1149384960315,-56.0423643063611,-75.2470083769344,-75.008245717461,-75.8802405332509,-76.7410717461373,-77.6796713903307,-78.1106164356012,-77.5996412993869,-76.6655414141105,-76.4702512276606,,,,Colombia,CO2
GCAM 5.3,SSP_SSP4,COL,Emissions|CO2|Energy|Supply|Electricity,Mt CO2/yr,,,,6.32568079003691,,,10.4641435195851,,,,,16.5034285838117,,21.1697436269342,,,,,20.4924475250487,18.5952705344695,12.5543872145492,3.06820740074961,-7.235902676967,-16.0621139674137,-22.5388672445746,-29.4359333061141,-31.4205820766942,-33.133004723831,-35.30176518943,-37.1867584146652,-38.8484488007818,-38.2678574351607,-36.5230450195603,-36.2935681252304,,,,Colombia,CO2
GCAM 5.3,SSP_SSP4,COL,Emissions|CO2|Energy|Supply|Gases,Mt CO2/yr,,,,0.0,,,0.0,,,,,0.0,,0.0044226249016992,,,,,0.0044347965352666,0.0049775067994297,0.005812805521323,0.0055977055423402,0.0026896310835679,0.0009027102222273,0.0001264510554002,1.07305057419734e-05,1.10832505647648e-05,1.12479914481184e-05,1.13620094010965e-05,1.07308989657451e-05,9.98121521663467e-06,1.02493283958501e-05,1.00272489506696e-05,8.6967793022463e-06,,,,Colombia,CO2
GCAM 5.3,SSP_SSP4,COL,Emissions|CO2|Energy|Supply|Liquids,Mt CO2/yr,,,,4.65058041613081,,,8.4733098480758,,,,,4.11896273247324,,4.07964836008454,,,,,3.70506112941704,2.33225034367908,-0.182192237602805,-4.32861709366931,-12.1566978331136,-22.5844490746677,-30.6537439138906,-39.2043873212424,-36.3811069631634,-35.1361075186817,-33.7283410517144,-32.6280824794037,-32.0838661054858,-34.3690772782934,-36.2739452364893,-35.7293290624301,,,,Colombia,CO2
GCAM 5.3,SSP_SSP4,COL,Emissions|CO2|Energy|Supply|Solids,Mt CO2/yr,,,,0.0,,,-1.46666532091234e-06,,,,,0.0,,0.0,,,,,-3.66666070862643e-05,-3.6666643370329e-06,0.0,-2.20000079012805e-05,0.0,-1.83333064435266e-06,0.0,0.0,0.0,-1.46666728649082e-07,0.0,0.0,0.0,0.0,-1.83333349857946e-07,0.0,,,,Colombia,CO2
GCAM 5.3,SSP_SSP4,COL,Emissions|CO2|Industrial Processes,Mt CO2/yr,,,,7.59487577665465,,,7.64457361058838,,,,,7.64446338314692,,7.26989708320395,,,,,4.40817017383105,3.71497157408427,3.14944919514727,2.36850991940375,1.04857483301404,-0.586218675606887,-2.80701982416203,-6.45478344650038,-7.51829955907829,-8.7932634617914,-10.0456985522582,-11.3782286545001,-13.1381412297372,-16.5690628130704,-19.4960995749714,-20.6319323533609,,,,Colombia,CO2
GCAM 5.3,SSP_SSP4,COL,Emissions|N2O|AFOLU,Mt CO2e/yr,,,,29.2431884504517,,,31.669648317278515,,,,,32.29244334093305,,34.81383184513634,,,,,37.50005704065485,40.37177200355999,43.268073051813786,45.846040306224246,49.28284673879221,52.30477342184094,54.59914737850864,56.58545241534822,56.17374605302743,55.9094046476066,55.75103400675464,55.60933747583296,55.45835825041485,55.53192561927056,55.417844294720005,54.85251978545294,,,,Colombia,N2O
GCAM 5.3,SSP_SSP5,COL,Carbon Sequestration|CCS|Biomass,Mt CO2/yr,,,,0.0,,,0.0,,,,,0.0,,0.250342587758415,,,,,2.15248030568001,8.45971217573134,20.0865546493836,36.3641021024938,57.3654434917065,74.7686894565196,94.4292118534183,126.535264801735,127.928166229522,130.449372203834,130.586444753048,128.174148361404,127.679395784807,132.138274869903,136.153700737439,138.826784177113,,,,Colombia,
GCAM 5.3,SSP_SSP5,COL,Emissions|CH4|AFOLU,Mt CO2e/yr,,,,48.01866203466192,,,51.75003652344876,,,,,52.81537924690356,,56.6593363934752,,,,,60.93304580129116,65.95997530462955,70.23411842778435,74.19238169392952,77.05216344641843,78.36871330133356,77.83831616104769,76.52785850984932,76.745436501909,76.51544389817468,75.89251074703368,74.85011494850792,73.37915831702372,71.33620449653348,68.86750991299368,66.07217582695631,,,,Colombia,CH4
GCAM 5.3,SSP_SSP5,COL,Emissions|CO2|AFOLU,Mt CO2/yr,,,,-25.1634470148442,,,-29.1851374005037,,,,,14.214518541358,,9.93031201748336,,,,,9.01310037099157,14.8719092285151,24.3224308960933,18.4249235866535,9.89860058535127,1.12568761017546,-4.58697649620296,-8.28452024962686,-9.74075552455585,-10.7764081562245,-11.4077963652565,-11.906967197945,-12.7545235448806,-14.0504020634041,-15.5309857967615,-16.8633121117014,,,,Colombia,CO2
GCAM 5.3,SSP_SSP5,COL,Emissions|CO2|Energy and Industrial Processes,Mt CO2/yr,,,,64.5443396092297,,,77.6700196317675,,,,,88.5484725704583,,105.384774102011,,,,,100.836502405511,98.5868048778097,86.1983210246116,60.5942062144422,22.7573686109055,-16.1526914259986,-61.9376515402745,-117.358797754422,-116.048637519656,-119.677638480898,-120.447003400902,-114.168120418295,-108.012443694533,-104.264698404764,-104.271117479144,-105.434294009403,,,,Colombia,CO2
GCAM 5.3,SSP_SSP5,COL,Emissions|CO2|Energy|Demand,Mt CO2/yr,,,,45.9732026264073,,,51.0879941201835,,,,,60.2816178710265,,72.3338261014141,,,,,71.9381228740341,76.247004420379,80.5105755254079,79.2392104093189,71.0129391581094,56.6765183863829,39.1908717962637,27.978012228405,29.6378232958762,29.7780193898306,30.968674394041,35.9354115350379,42.0006981530002,49.3206628547697,54.420075968405,57.7704079086662,,,,Colombia,CO2
GCAM 5.3,SSP_SSP5,COL,Emissions|CO2|Energy|Demand|Industry,Mt CO2/yr,,,,16.6921214044263,,,18.1178591694927,,,,,13.585844311714,,21.0422599846467,,,,,19.1319180832243,20.6991885015333,22.8414936679145,22.7455336153988,19.132998123187,11.0170356655739,2.36251870907401,0.625317094122657,0.565726791113507,0.662222738094509,2.17748652819488,5.58250181183105,9.93539700926424,16.2325167771097,20.7025809147864,23.9192295080404,,,,Colombia,CO2
GCAM 5.3,SSP_SSP5,COL,Emissions|CO2|Energy|Demand|Residential and Commercial,Mt CO2/yr,,,,4.67892520478074,,,4.99084576244402,,,,,11.617567707637,,12.9976098011729,,,,,12.7202917900775,12.7310928018149,12.0412930845273,9.93228619626008,6.91242597760734,3.90829956618214,1.62950078879396,0.559838772639239,0.482089796101353,0.404807660748571,0.316017148877103,0.273439237644076,0.222408659312551,0.167424556937534,0.134669188317886,0.0977974814570858,,,,Colombia,CO2
GCAM 5.3,SSP_SSP5,COL,Emissions|CO2|Energy|Demand|Residential and Commercial|Commercial,Mt CO2/yr,,,,0.692133821705585,,,1.1892122489408,,,,,8.0825655376816,,8.94702877663582,,,,,8.84946917969761,8.74460199975489,8.14730078590076,6.6670804094084,4.62800659539631,2.63192974998148,1.0988100931158,0.364735698576483,0.310901953479209,0.253238195500394,0.188692267008122,0.161230787996244,0.131307367105942,0.099344050713941,0.0801849890627584,0.0583601153029954,,,,Colombia,CO2
GCAM 5.3,SSP_SSP5,COL,Emissions|CO2|Energy|Demand|Residential and Commercial|Residential,Mt CO2/yr,,,,3.98679138307516,,,3.80163351350322,,,,,3.53500216995541,,4.05058102453711,,,,,3.87082261037987,3.98649080206002,3.89399229862651,3.26520578685168,2.28441938221103,1.27636981620067,0.530690695678169,0.195103074062756,0.171187842622144,0.151569465248177,0.127324881868981,0.112208449647832,0.091101292206609,0.0680805062235932,0.0544841992551274,0.0394373661540904,,,,Colombia,CO2
GCAM 5.3,SSP_SSP5,COL,Emissions|CO2|Energy|Demand|Transportation,Mt CO2/yr,,,,24.6021560172003,,,27.9792891882467,,,,,35.0782058516755,,38.2939563155945,,,,,40.0859130007324,42.8167231170308,45.6277887729661,46.5613905976601,44.9675150573151,41.7511831546268,35.1988522983957,26.7928563616431,28.5900067086613,28.7109889909875,28.4751707169691,30.0794704855627,31.8428924844234,32.9207215207224,33.5828258653007,33.7533809191688,,,,Colombia,CO2
GCAM 5.3,SSP_SSP5,COL,Emissions|CO2|Energy|Supply,Mt CO2/yr,,,,10.9762612061677,,,18.9374519009956,,,,,20.6223913162849,,26.0446531188168,,,,,24.9206790717591,18.9823261664035,3.1202477238039,-20.0018432819065,-47.7670398055354,-70.0581764460134,-95.2362076744574,-134.856577317488,-133.488060144456,-134.050509298183,-131.402325423187,-127.340103990793,-125.187381082666,-127.197486743162,-131.118544321444,-134.293597935365,,,,Colombia,CO2
GCAM 5.3,SSP_SSP5,COL,Emissions|CO2|Energy|Supply|Electricity,Mt CO2/yr,,,,6.32568079003691,,,10.4641435195851,,,,,16.5034285838117,,21.911386806029,,,,,21.4694181341725,17.9464023571359,7.11694953244202,-7.63015376086875,-21.8538974914871,-33.4209615382237,-44.2711288555153,-57.4577900209336,-62.1195617376209,-63.9023185583172,-63.3007821234698,-62.66576317402,-64.6709001110342,-70.5774258312833,-74.8849702345468,-77.7266963695361,,,,Colombia,CO2
GCAM 5.3,SSP_SSP5,COL,Emissions|CO2|Energy|Supply|Gases,Mt CO2/yr,,,,0.0,,,0.0,,,,,0.0,,0.003636725599916,,,,,0.0027477584396624,0.0029356440721582,0.0028953270353482,0.0019672038766348,0.0006862844232173,0.0001406102183326,1.2422341180811e-05,1.0032071126045e-06,7.62549669941153e-07,5.72100045853227e-07,4.60111803272278e-07,3.39847793037922e-07,2.19684914020373e-07,1.24489532162106e-07,7.75342132897759e-08,5.1089835271698e-08,,,,Colombia,CO2
GCAM 5.3,SSP_SSP5,COL,Emissions|CO2|Energy|Supply|Liquids,Mt CO2/yr,,,,4.65058041613081,,,8.4733098480758,,,,,4.11896273247324,,4.1099088752886,,,,,3.45319179283483,1.10330073999235,-3.77516092616379,-11.900382055827,-24.9210361430372,-34.8213217711671,-46.5684981876118,-60.8313238048604,-57.6055510052631,-58.4121693776298,-59.5525237037593,-57.6108690207171,-53.5154185351945,-47.5945873472892,-45.0996673805272,-44.5602177240529,,,,Colombia,CO2
GCAM 5.3,SSP_SSP5,COL,Emissions|CO2|Energy|Supply|Solids,Mt CO2/yr,,,,0.0,,,-1.46666532091234e-06,,,,,0.0,,0.0,,,,,-3.29999377242341e-05,0.0,-2.56666666212498e-05,0.0,0.0,-7.33333865093394e-07,0.0,-1.83333226500437e-07,0.0,0.0,0.0,-1.09999972396827e-07,-3.66666973505048e-08,0.0,0.0,0.0,,,,Colombia,CO2
GCAM 5.3,SSP_SSP5,COL,Emissions|CO2|Industrial Processes,Mt CO2/yr,,,,7.59487577665465,,,7.64457361058838,,,,,7.64446338314692,,7.00629488178026,,,,,3.97770045971751,3.35747429102721,2.56749777539973,1.35683908702981,-0.48853074166851,-2.77103336636806,-5.89231566208073,-10.4802326653395,-12.1984006710766,-15.4051485725457,-20.0133523717567,-22.7634279625398,-24.8257607648667,-26.3878745163724,-27.5726491261054,-28.9111039827039,,,,Colombia,CO2
GCAM 5.3,SSP_SSP5,COL,Emissions|N2O|AFOLU,Mt CO2e/yr,,,,29.2431884504517,,,31.669648044278517,,,,,32.292443613933045,,34.81230773211828,,,,,38.19636097957817,42.52089518581059,47.20264671870357,52.73697113872333,58.72583474649555,63.94179042151692,68.26732498342028,70.91873212887126,70.99546157819798,71.51931150644936,72.3110970515448,72.89420139021958,73.17991342632735,72.99442762540875,72.75315250318698,72.29507821758413,,,,Colombia,N2O
GCAM5.2_NET,GCAM_1.5C_high_os_high-cost-DAC,COL,Carbon Sequestration|CCS|Biomass,Mt CO2/yr,,,,0.0,,,0.0,,,,,0.0,,0.0,,,,,0.173538639276238,0.662935634300204,4.92000957867356,15.4768396374533,43.0348786927294,82.6091297562549,79.3483473945583,81.022679498039,79.3075432035618,80.7606841900086,83.1325111093514,86.7233771284287,87.4751816640151,88.1626234414156,92.4052424017393,91.6016778032245,,,,Colombia,
GCAM5.2_NET,GCAM_1.5C_high_os_high-cost-DAC,COL,Carbon Sequestration|Direct Air Capture,Mt CO2/yr,,,,0.0,,,0.0,,,,,0.0,,0.0,,,,,0.0,0.0,0.0,0.0,4.171787e-09,549.8607,424.8274,383.1447,276.2137,280.239,340.1343,352.1126,351.351,345.9874,330.9768,398.255,,,,Colombia,
GCAM5.2_NET,GCAM_1.5C_high_os_high-cost-DAC,COL,Emissions|CH4|AFOLU,Mt CO2e/yr,,,,52.149990290514765,,,55.105489145773085,,,,,60.0721703310344,,64.69870724514064,,,,,69.32233856913624,72.1992258227772,74.52543509378603,77.01710832212292,77.5933601692942,78.76023292944436,79.06141976731824,79.12173736914887,79.0441482979316,78.75842369925657,78.19391346992876,77.32324878958735,76.29492758050185,75.17086126896247,74.0019075767132,72.82549259115788,,,,Colombia,CH4
GCAM5.2_NET,GCAM_1.5C_high_os_high-cost-DAC,COL,Emissions|CO2|AFOLU,Mt CO2/yr,,,,-25.3124334351527,,,-31.3767043950521,,,,,-3.3033513228001,,4.64457795906602,,,,,12.3295781188116,9.70996176149259,11.8165633254717,16.1424752093124,29.0386330609188,7.9795540854609,-12.2566852519525,-11.1723298896965,-11.0902711675435,-11.3668548005066,-11.9023388416455,-12.4734014070156,-13.0210896163448,-13.5628710634026,-14.0477893836059,-14.6344855658766,,,,Colombia,CO2
GCAM5.2_NET,GCAM_1.5C_high_os_high-cost-DAC,COL,Emissions|CO2|Energy and Industrial Processes,Mt CO2/yr,,,,63.9510501448297,,,73.2662700411409,,,,,91.6572507539756,,107.077166435016,,,,,116.879452734403,117.89925702847,95.9559151229248,69.0867334683742,19.4921381336811,-569.988415178699,-440.300892426499,-399.590028922022,-289.945237315644,-292.261594973931,-350.83389838943,-362.947618040768,-359.987984849188,-353.110410004841,-343.588690556983,-405.850020475855,,,,Colombia,CO2
GCAM5.2_NET,GCAM_1.5C_high_os_high-cost-DAC,COL,Emissions|CO2|Energy|Demand,Mt CO2/yr,,,,45.3773708092349,,,48.6132443221042,,,,,57.4802414550532,,64.2545310077597,,,,,71.1352307238581,73.5451115138105,68.818164893522,64.5832831808087,52.0440482323989,49.0714042915024,50.9220197126067,52.3708759436147,54.5620851773855,57.9667404225828,61.931236096763,66.2049444793399,70.5014773051475,74.4544807684058,78.5917987214505,83.0838568418151,,,,Colombia,CO2
GCAM5.2_NET,GCAM_1.5C_high_os_high-cost-DAC,COL,Emissions|CO2|Energy|Demand|Industry,Mt CO2/yr,,,,16.6877726139221,,,16.4521418832782,,,,,20.2870726244294,,23.3311500598746,,,,,26.5258516541404,26.52924347738,22.9485369804606,20.6009332147392,14.0693715192587,11.9564080847032,12.4545659124274,12.4812722239124,12.7173575724556,13.72656777271,15.5911148687846,18.1715694630222,20.8493708427194,23.2809083759018,25.7395743534107,28.5109840692071,,,,Colombia,CO2
GCAM5.2_NET,GCAM_1.5C_high_os_high-cost-DAC,COL,Emissions|CO2|Energy|Demand|Residential and Commercial,Mt CO2/yr,,,,4.68192860568389,,,4.96969303102447,,,,,5.90635616769402,,6.51601906776259,,,,,7.36867829634388,7.37924564366662,5.65997098706457,4.38517855043045,2.45357267365125,1.92733404988193,2.01202866945097,2.0313669292573,2.04581081167496,2.09613433497701,2.0967069422631,2.06397542752989,2.03021570676038,1.98840154758681,1.98757271162756,1.99043325559288,,,,Colombia,CO2
GCAM5.2_NET,GCAM_1.5C_high_os_high-cost-DAC,COL,Emissions|CO2|Energy|Demand|Residential and Commercial|Commercial,Mt CO2/yr,,,,0.695133895059345,,,1.1651525625163,,,,,1.35965990851448,,1.47502645031678,,,,,1.66453799905558,1.67167775849175,1.25071223798035,0.938483803708984,0.507999518040551,0.392672747252966,0.408455223190158,0.41166758171943,0.415760885715837,0.428803237788234,0.432512230504497,0.42999871845315,0.428595951348846,0.426352272876308,0.433862101273152,0.443380267697594,,,,Colombia,CO2
GCAM5.2_NET,GCAM_1.5C_high_os_high-cost-DAC,COL,Emissions|CO2|Energy|Demand|Residential and Commercial|Residential,Mt CO2/yr,,,,3.98679471062454,,,3.80454046850816,,,,,4.54669625917954,,5.0409926174458,,,,,5.7041402972883,5.70756788517487,4.40925874908422,3.44669474672147,1.9455731556107,1.53466130262896,1.60357344626081,1.61969934753787,1.63004992595913,1.66733109718878,1.6641947117586,1.63397670907674,1.60161975541153,1.56204927471051,1.55371061035441,1.54705298789529,,,,Colombia,CO2
GCAM5.2_NET,GCAM_1.5C_high_os_high-cost-DAC,COL,Emissions|CO2|Energy|Demand|Transportation,Mt CO2/yr,,,,24.0076695896289,,,27.1914094078015,,,,,31.2868126629298,,34.4073618801225,,,,,37.2407007733738,39.6366223927639,40.2096569259968,39.5971714156392,35.521104039489,35.1876621569173,36.4554251307283,37.858236790445,39.798916793255,42.1440383148957,44.2434142857153,45.9693995887878,47.6218907556678,49.1851708449171,50.8646516564123,52.5824395170151,,,,Colombia,CO2
GCAM5.2_NET,GCAM_1.5C_high_os_high-cost-DAC,COL,Emissions|CO2|Energy|Supply,Mt CO2/yr,,,,10.9788040217441,,,17.0081663194011,,,,,24.7131701274692,,32.2853833487875,,,,,35.3637480675605,36.3434725948669,23.3209636870454,2.33203941090036,-32.595851897385,-68.1329204362644,-64.3485230734872,-65.6381456394019,-64.018455932736,-64.7918694797846,-66.5684204769974,-70.1889709642158,-71.5078601213054,-73.1823709648673,-82.1388719422688,-80.9156778289589,,,,Colombia,CO2
GCAM5.2_NET,GCAM_1.5C_high_os_high-cost-DAC,COL,Emissions|CO2|Energy|Supply|Electricity,Mt CO2/yr,,,,6.32822360610414,,,9.83135581804316,,,,,17.3476348748743,,24.5570672251407,,,,,27.5179768322541,28.9455788391524,18.4748742723711,3.91259329298189,-11.9592487553976,-40.7219882412834,-38.0982107287061,-38.8662727889847,-37.2271917836692,-38.2812585177685,-40.8263669796704,-45.3179516753016,-47.3666258043509,-49.0636862514302,-57.6733509900201,-56.3879833138047,,,,Colombia,CO2
GCAM5.2_NET,GCAM_1.5C_high_os_high-cost-DAC,COL,Emissions|CO2|Energy|Supply|Gases,Mt CO2/yr,,,,0.0,,,0.0,,,,,0.002267965145099,,0.0073738496921814,,,,,0.0167701975178496,0.0136079462141062,0.0063034870214258,0.0034002058937033,0.0004806941650907,0.0024002192668285,0.003291497853737,0.0038320116244957,0.0037265305367696,0.0044161649931391,0.0073800070352127,0.0137768446177684,0.0198914306256902,0.0255005888959512,0.0233800889088421,0.0229403612272684,,,,Colombia,CO2
GCAM5.2_NET,GCAM_1.5C_high_os_high-cost-DAC,COL,Emissions|CO2|Energy|Supply|Liquids,Mt CO2/yr,,,,4.65058,,,7.176813,,,,,7.363277,,7.667887,,,,,7.71855,7.264683,4.975086,-0.7677613,-14.74489,-23.34123,-23.98127,-25.3407,-25.70307,-25.48237,-24.62916,-23.70412,-22.98158,-23.01959,-23.46538,-23.47983,,,,Colombia,CO2
GCAM5.2_NET,GCAM_1.5C_high_os_high-cost-DAC,COL,Emissions|CO2|Energy|Supply|Solids,Mt CO2/yr,,,,0.0,,,-2.566663e-06,,,,,-9.900011e-06,,0.0,,,,,0.0,0.0,0.0,0.0,-2.053321e-05,-2.566668e-06,-1.466667e-06,-3.666664e-06,0.0,-1.1e-06,-4.033326e-06,0.0,0.0,-3.666662e-07,-1.100001e-06,-1.466665e-06,,,,Colombia,CO2
GCAM5.2_NET,GCAM_1.5C_high_os_high-cost-DAC,COL,Emissions|CO2|Industrial Processes,Mt CO2/yr,,,,7.594875,,,7.644859,,,,,9.463839,,10.53725,,,,,10.38047,8.010673,3.816787,2.171411,0.0439418,-550.9315,-426.8788,-386.3267,-280.4918,-285.4398,-346.2027,-358.9748,-358.9979,-354.4033,-340.0621,-408.041,,,,Colombia,CO2
GCAM5.2_NET,GCAM_1.5C_high_os_high-cost-DAC,COL,Emissions|N2O|AFOLU,Mt CO2e/yr,,,,16.21046427,,,16.81340115,,,,,18.151133909999995,,19.43155578,,,,,20.672965950000002,21.489440700000003,22.421440859999997,23.67080079,24.99377244,26.00280501,26.333623680000002,26.592449520000002,26.74710948,26.829287939999997,26.86403265,26.82860271,26.68960476,26.502834540000002,26.266779630000002,25.95951813,,,,Colombia,N2O
GCAM5.2_NET,GCAM_1.5C_high_os_low-cost-DAC,COL,Carbon Sequestration|CCS|Biomass,Mt CO2/yr,,,,0.0,,,0.0,,,,,0.0,,0.0,,,,,0.173538639276238,0.662935634300204,4.92000957867356,15.4768396374533,49.3124179887481,57.0683205277297,54.976608780653,59.6392865841233,60.803767904539,63.0322293978221,66.4352451779556,68.3061689212007,69.2938047614775,74.4895839097129,74.8882866275821,74.1791740805607,,,,Colombia,
GCAM5.2_NET,GCAM_1.5C_high_os_low-cost-DAC,COL,Carbon Sequestration|Direct Air Capture,Mt CO2/yr,,,,0.0,,,0.0,,,,,0.0,,0.0,,,,,0.0,0.0,0.0,1.87539e-09,452.6207,560.7031,356.8276,380.831,344.9743,406.351,475.8124,463.4264,426.426,410.5714,382.448,420.9554,,,,Colombia,
GCAM5.2_NET,GCAM_1.5C_high_os_low-cost-DAC,COL,Emissions|CH4|AFOLU,Mt CO2e/yr,,,,52.149990290514765,,,55.105489145773085,,,,,60.0721703310344,,64.69870724514064,,,,,69.32233856913624,72.1992258227772,74.52543509378603,77.01710832212292,78.45124794614044,80.78595012725327,81.16297804302913,81.29307620166908,81.22431321015368,80.92646186347967,80.31159973604403,79.43946899281455,78.40082429398211,77.24674600909505,76.070830624663,74.87810703793477,,,,Colombia,CH4
GCAM5.2_NET,GCAM_1.5C_high_os_low-cost-DAC,COL,Emissions|CO2|AFOLU,Mt CO2/yr,,,,-25.3124334351527,,,-31.3767043950521,,,,,-3.3033513228001,,4.64457795906602,,,,,12.3295781188116,9.70996176149259,11.8165633254717,16.1424751726824,23.1075366676271,-1.63955549618771,-9.70968819186623,-8.93849609006937,-9.51221380594408,-9.68637221008041,-10.2502170041555,-10.96567611155,-11.7318103821939,-12.3775460670059,-13.0589261560615,-14.139911511993,,,,Colombia,CO2
GCAM5.2_NET,GCAM_1.5C_high_os_low-cost-DAC,COL,Emissions|CO2|Energy and Industrial Processes,Mt CO2/yr,,,,63.9510501448297,,,73.2662700411409,,,,,91.6572507539756,,107.077166435016,,,,,116.879452734403,117.89925702847,95.9559151229248,69.0867328201458,-425.802852117856,-538.295990209556,-331.887538155662,-357.425781770422,-319.819933572511,-378.733427988895,-446.743581769433,-432.024700903663,-392.086184605606,-380.444491170377,-349.04732899109,-382.20773739458,,,,Colombia,CO2
GCAM5.2_NET,GCAM_1.5C_high_os_low-cost-DAC,COL,Emissions|CO2|Energy|Demand,Mt CO2/yr,,,,45.3773708092349,,,48.6132443221042,,,,,57.4802414550532,,64.2545310077597,,,,,71.1352307238581,73.5451115138105,68.818164893522,64.5832886875849,58.1785214997934,60.975678706426,63.8739331943153,67.1962866487758,71.0312921992167,75.7775261967251,80.7406856723675,86.1815299999141,91.6797104470366,97.0623220671401,102.553061889028,107.949337355975,,,,Colombia,CO2
GCAM5.2_NET,GCAM_1.5C_high_os_low-cost-DAC,COL,Emissions|CO2|Energy|Demand|Industry,Mt CO2/yr,,,,16.6877726139221,,,16.4521418832782,,,,,20.2870726244294,,23.3311500598746,,,,,26.5258516541404,26.52924347738,22.9485369804606,20.6009342093461,17.2363169600945,18.0200876268369,18.8856322314732,19.7208509105964,20.814955347878,22.885062210757,25.7663886319462,29.3355868670403,32.9465399728502,36.4888111293377,40.1353021237975,43.6851729683731,,,,Colombia,CO2
GCAM5.2_NET,GCAM_1.5C_high_os_low-cost-DAC,COL,Emissions|CO2|Energy|Demand|Residential and Commercial,Mt CO2/yr,,,,4.68192860568389,,,4.96969303102447,,,,,5.90635616769402,,6.51601906776259,,,,,7.36867829634388,7.37924564366662,5.65997098706457,4.38517877063216,3.1757312612642,3.2571748810352,3.39121136418677,3.50932536899687,3.60420928947993,3.69178691075112,3.62843733152104,3.57569330435183,3.53638703091961,3.49110498489051,3.48917508258324,3.50400848358932,,,,Colombia,CO2
GCAM5.2_NET,GCAM_1.5C_high_os_low-cost-DAC,COL,Emissions|CO2|Energy|Demand|Residential and Commercial|Commercial,Mt CO2/yr,,,,0.695133895059345,,,1.1651525625163,,,,,1.35965990851448,,1.47502645031678,,,,,1.66453799905558,1.67167775849175,1.25071223798035,0.938483854320865,0.661773705718234,0.673440198828677,0.698320761497858,0.722251854940658,0.743984140860104,0.7665035478677,0.758957759618319,0.755364870892335,0.757175076722292,0.759136466134303,0.772674117071956,0.791852140197242,,,,Colombia,CO2
GCAM5.2_NET,GCAM_1.5C_high_os_low-cost-DAC,COL,Emissions|CO2|Energy|Demand|Residential and Commercial|Residential,Mt CO2/yr,,,,3.98679471062454,,,3.80454046850816,,,,,4.54669625917954,,5.0409926174458,,,,,5.7041402972883,5.70756788517487,4.40925874908422,3.44669491631129,2.51395755554596,2.58373468220652,2.69289060268891,2.78707351405621,2.86022514861982,2.92528336288342,2.86947957190272,2.82032843345949,2.77921195419732,2.73196851875621,2.71650096551129,2.71215634339208,,,,Colombia,CO2
GCAM5.2_NET,GCAM_1.5C_high_os_low-cost-DAC,COL,Emissions|CO2|Energy|Demand|Transportation,Mt CO2/yr,,,,24.0076695896289,,,27.1914094078015,,,,,31.2868126629298,,34.4073618801225,,,,,37.2407007733738,39.6366223927639,40.2096569259968,39.5971757076066,37.7664732784347,39.6984161985539,41.5970895986554,43.9661103691825,46.6121275618588,49.200677075217,51.3458597089002,53.270249828522,55.1967834432668,57.0824059529118,58.9285846826472,60.7601559040127,,,,Colombia,CO2
GCAM5.2_NET,GCAM_1.5C_high_os_low-cost-DAC,COL,Emissions|CO2|Energy|Supply,Mt CO2/yr,,,,10.9788040217441,,,17.0081663194011,,,,,24.7131701274692,,32.2853833487875,,,,,35.3637480675605,36.3434725948669,23.3209636870454,2.33203180091127,-31.9785828420135,-38.4850619503262,-38.0563691829798,-42.1622317948434,-43.515205476798,-45.0321853212732,-47.810700718303,-50.2182128820692,-52.0801643515535,-61.0498179863931,-62.5933218871862,-61.9314092044586,,,,Colombia,CO2
GCAM5.2_NET,GCAM_1.5C_high_os_low-cost-DAC,COL,Emissions|CO2|Energy|Supply|Electricity,Mt CO2/yr,,,,6.32822360610414,,,9.83135581804316,,,,,17.3476348748743,,24.5570672251407,,,,,27.5179768322541,28.9455788391524,18.4748742723711,3.91259287620213,-18.8183898456449,-22.8055986000406,-20.5983382826423,-23.2968833424003,-24.2744517098761,-25.9546664532815,-29.2561214849827,-32.1858227105306,-34.1632292156191,-42.8572381230864,-44.2138082126058,-43.0153537562261,,,,Colombia,CO2
GCAM5.2_NET,GCAM_1.5C_high_os_low-cost-DAC,COL,Emissions|CO2|Energy|Supply|Gases,Mt CO2/yr,,,,0.0,,,0.0,,,,,0.002267965145099,,0.0073738496921814,,,,,0.0167701975178496,0.0136079462141062,0.0063034870214258,0.0034002058926084,0.0052791630864246,0.0131195426450639,0.0139532811390409,0.0170007531775648,0.0183182719163317,0.0236166456201887,0.0453054845179674,0.0754660891312431,0.0940566938941912,0.101899307894673,0.0971128313896443,0.0891315204189331,,,,Colombia,CO2
GCAM5.2_NET,GCAM_1.5C_high_os_low-cost-DAC,COL,Emissions|CO2|Energy|Supply|Liquids,Mt CO2/yr,,,,4.65058,,,7.176813,,,,,7.363277,,7.667887,,,,,7.71855,7.264683,4.975086,-0.7677685,-11.01604,-14.45351,-16.62027,-18.2886,-18.82401,-18.66088,-18.06948,-17.49731,-17.40553,-17.73251,-17.88768,-18.28512,,,,Colombia,CO2
GCAM5.2_NET,GCAM_1.5C_high_os_low-cost-DAC,COL,Emissions|CO2|Energy|Supply|Solids,Mt CO2/yr,,,,0.0,,,-2.566663e-06,,,,,-9.900011e-06,,0.0,,,,,0.0,0.0,0.0,0.0,-1.686662e-05,-7.333336e-07,-9.899985e-06,-6.233326e-06,-2.933335e-06,-1.723331e-05,-2.126656e-05,0.0,-1.393329e-05,0.0,-7.333331e-07,0.0,,,,Colombia,CO2
GCAM5.2_NET,GCAM_1.5C_high_os_low-cost-DAC,COL,Emissions|CO2|Industrial Processes,Mt CO2/yr,,,,7.594875,,,7.644859,,,,,9.463839,,10.53725,,,,,10.38047,8.010673,3.816787,2.171412,-452.0091,-560.7973,-357.7132,-382.4681,-347.3436,-409.489,-479.6951,-468.0248,-431.7303,-416.5083,-389.058,-428.2812,,,,Colombia,CO2
GCAM5.2_NET,GCAM_1.5C_high_os_low-cost-DAC,COL,Emissions|N2O|AFOLU,Mt CO2e/yr,,,,16.21046427,,,16.81340115,,,,,18.151133909999995,,19.43155578,,,,,20.672965950000002,21.489440700000003,22.421440859999997,23.67080079,24.910682159999997,25.86630501,26.231622690000002,26.5039866,26.65129467,26.7227961,26.74193613,26.691971669999997,26.550852510000002,26.35502688,26.109160350000003,25.794213900000003,,,,Colombia,N2O
GCAM5.2_NET,GCAM_1.5C_low_os_high-cost-DAC,COL,Carbon Sequestration|CCS|Biomass,Mt CO2/yr,,,,0.0,,,0.0,,,,,0.0,,0.0,,,,,2.78767554015836,14.2123637720996,45.1129269671748,68.2330736447395,79.1927160924372,79.8976063036514,74.4807190201405,80.4424707201179,78.9667911642652,80.2984158656887,83.3435228258165,83.4629627631414,85.5036406162575,87.5384203440042,81.5368271698715,70.8968397172667,,,,Colombia,
GCAM5.2_NET,GCAM_1.5C_low_os_high-cost-DAC,COL,Carbon Sequestration|Direct Air Capture,Mt CO2/yr,,,,0.0,,,0.0,,,,,0.0,,0.0,,,,,0.0,0.0,2.788244e-09,169.6464,391.325,322.4295,162.0945,263.45,194.4925,170.2466,188.712,152.394,166.3167,172.9482,143.7205,132.2526,,,,Colombia,
GCAM5.2_NET,GCAM_1.5C_low_os_high-cost-DAC,COL,Emissions|CH4|AFOLU,Mt CO2e/yr,,,,52.149990290514765,,,55.105489145773085,,,,,60.0721703310344,,64.69870724514064,,,,,66.80576659821203,70.34527123045604,71.6234741796504,73.49791766036076,75.98486943777324,78.38801043786636,78.89474131665308,79.15096528088259,79.192595214404,78.94564399206575,78.417041178014,77.62696582443348,76.63440285220383,75.5635096446874,74.42802268047609,73.18021085999176,,,,Colombia,CH4
GCAM5.2_NET,GCAM_1.5C_low_os_high-cost-DAC,COL,Emissions|CO2|AFOLU,Mt CO2/yr,,,,-25.3124334351527,,,-31.3767043950521,,,,,-3.3033513228001,,4.64457795906602,,,,,6.62979135589104,19.4330346715952,57.4333281863037,14.1556876412467,-4.05330646746154,-8.1406672733246,-9.33952953136541,-10.4076944651447,-11.4759657933187,-12.8921924722249,-13.4745956566357,-13.5224249290481,-13.6169941842508,-13.9022425607076,-14.5714170090208,-15.5226589592626,,,,Colombia,CO2
GCAM5.2_NET,GCAM_1.5C_low_os_high-cost-DAC,COL,Emissions|CO2|Energy and Industrial Processes,Mt CO2/yr,,,,63.9510501448297,,,73.2662700411409,,,,,91.6572507539756,,107.077166435016,,,,,80.3368893710296,57.9493973761249,6.07563986376694,-187.970771965662,-413.974124029633,-343.950031062446,-177.359138697881,-279.654108532606,-205.281346746339,-178.615310116541,-196.971420229959,-158.562003246252,-174.452267807288,-183.763315047919,-146.890359223104,-123.20571595625,,,,Colombia,CO2
GCAM5.2_NET,GCAM_1.5C_low_os_high-cost-DAC,COL,Emissions|CO2|Energy|Demand,Mt CO2/yr,,,,45.3773708092349,,,48.6132443221042,,,,,57.4802414550532,,64.2545310077597,,,,,56.7378976355418,53.9045145851797,41.7202862716546,39.9656005605477,43.2971642540006,45.9581969855979,48.8461793447648,52.1991784295636,55.9312905740208,60.1765164227018,64.2735721822553,68.070815272553,71.1233143054496,74.0527589976182,77.0256162212513,80.5621236635257,,,,Colombia,CO2
GCAM5.2_NET,GCAM_1.5C_low_os_high-cost-DAC,COL,Emissions|CO2|Energy|Demand|Industry,Mt CO2/yr,,,,16.6877726139221,,,16.4521418832782,,,,,20.2870726244294,,23.3311500598746,,,,,17.9908626646704,16.4329167531028,11.7093701504083,10.2529240089172,11.1002674635876,11.5474736769437,12.0236135320993,12.3947532988452,12.9708186486694,14.3167376321446,16.0681505612241,17.8827890493023,19.2502093851032,20.7352932612092,22.8846684192,25.9497925704709,,,,Colombia,CO2
GCAM5.2_NET,GCAM_1.5C_low_os_high-cost-DAC,COL,Emissions|CO2|Energy|Demand|Residential and Commercial,Mt CO2/yr,,,,4.68192860568389,,,4.96969303102447,,,,,5.90635616769402,,6.51601906776259,,,,,4.47040944427531,3.51996396086493,2.04454862383422,1.63779623771837,1.76144695485045,1.85365786447183,1.96240729689182,2.03747391652302,2.08012064199149,2.15476622877661,2.19174437148376,2.22726165976757,2.2134874670138,2.17629089807078,2.1359391202937,2.05504660856307,,,,Colombia,CO2
GCAM5.2_NET,GCAM_1.5C_low_os_high-cost-DAC,COL,Emissions|CO2|Energy|Demand|Residential and Commercial|Commercial,Mt CO2/yr,,,,0.695133895059345,,,1.1651525625163,,,,,1.35965990851448,,1.47502645031678,,,,,1.01909863815972,0.771644482501201,0.430163656478577,0.337203425142687,0.359314712553716,0.376491867034898,0.397711521580065,0.412880022283313,0.423153063281329,0.441655899151381,0.453828008622607,0.466936578127425,0.471045205364622,0.470994718098186,0.470168964462539,0.460489043833424,,,,Colombia,CO2
GCAM5.2_NET,GCAM_1.5C_low_os_high-cost-DAC,COL,Emissions|CO2|Energy|Demand|Residential and Commercial|Residential,Mt CO2/yr,,,,3.98679471062454,,,3.80454046850816,,,,,4.54669625917954,,5.0409926174458,,,,,3.45131080611559,2.74831947836373,1.61438496735565,1.30059281257568,1.40213224229673,1.47716599743694,1.56469577531176,1.62459389423971,1.65696757871016,1.71311032962523,1.73791636286116,1.76032508164015,1.74244226164917,1.70529617997259,1.66577015583116,1.59455756472964,,,,Colombia,CO2
GCAM5.2_NET,GCAM_1.5C_low_os_high-cost-DAC,COL,Emissions|CO2|Energy|Demand|Transportation,Mt CO2/yr,,,,24.0076695896289,,,27.1914094078015,,,,,31.2868126629298,,34.4073618801225,,,,,34.276625526596,33.951633871212,27.9663674974121,28.0748803139121,30.4354498355625,32.5570654441823,34.8601585157737,37.7669512141953,40.8803512833599,43.7050125617805,46.0136772495474,47.9607645634832,49.6596174533327,51.1411748383382,52.0050086817577,52.5572844844917,,,,Colombia,CO2
GCAM5.2_NET,GCAM_1.5C_low_os_high-cost-DAC,COL,Emissions|CO2|Energy|Supply,Mt CO2/yr,,,,10.9788040217441,,,17.0081663194011,,,,,24.7131701274692,,32.2853833487875,,,,,20.1387158571337,1.51791438243303,-35.8847953255766,-57.6676203323565,-64.8046097095639,-65.357749440178,-61.1960147878056,-64.9818515179167,-62.9243200896397,-64.206250422543,-67.3362449801629,-68.0526500576351,-72.0418687754727,-76.5716577946186,-70.5610640428444,-60.5170115694175,,,,Colombia,CO2
GCAM5.2_NET,GCAM_1.5C_low_os_high-cost-DAC,COL,Emissions|CO2|Energy|Supply|Electricity,Mt CO2/yr,,,,6.32822360610414,,,9.83135581804316,,,,,17.3476348748743,,24.5570672251407,,,,,13.2759781808032,-0.379243917863331,-16.5406482264778,-32.4908770077767,-39.4366790966423,-38.6481272492477,-33.8478004009166,-38.4383765395605,-38.8361883131735,-41.3337226818332,-44.6592054952558,-45.0878815398025,-48.0050099480745,-51.2977881763348,-43.4608385427742,-31.166350646697,,,,Colombia,CO2
GCAM5.2_NET,GCAM_1.5C_low_os_high-cost-DAC,COL,Emissions|CO2|Energy|Supply|Gases,Mt CO2/yr,,,,0.0,,,0.0,,,,,0.002267965145099,,0.0073738496921814,,,,,0.0017576022126763,0.0008758016075228,0.0001789723351223,0.0003518547919694,0.0011190212826628,0.0015666257456546,0.0013309041416345,0.0020946962088583,0.0023667829096959,0.0027411201636667,0.003435129458396,0.0041252605141001,0.0058062992878913,0.0076419400569429,0.0100007957532049,0.013910510974886,,,,Colombia,CO2
GCAM5.2_NET,GCAM_1.5C_low_os_high-cost-DAC,COL,Emissions|CO2|Energy|Supply|Liquids,Mt CO2/yr,,,,4.65058,,,7.176813,,,,,7.363277,,7.667887,,,,,6.962931,2.783542,-14.91411,-21.23226,-23.67031,-25.57152,-26.29281,-25.43068,-22.65916,-21.28244,-21.26299,-21.6759,-22.86814,-24.02386,-25.27966,-27.14928,,,,Colombia,CO2
GCAM5.2_NET,GCAM_1.5C_low_os_high-cost-DAC,COL,Emissions|CO2|Energy|Supply|Solids,Mt CO2/yr,,,,0.0,,,-2.566663e-06,,,,,-9.900011e-06,,0.0,,,,,0.0,0.0,0.0,0.0,0.0,-2.566662e-06,0.0,0.0,-1.466665e-06,-1.833334e-06,0.0,-2.566668e-06,0.0,0.0,-3.666657e-06,-3.131042e-16,,,,Colombia,CO2
GCAM5.2_NET,GCAM_1.5C_low_os_high-cost-DAC,COL,Emissions|CO2|Industrial Processes,Mt CO2/yr,,,,7.594875,,,7.644859,,,,,9.463839,,10.53725,,,,,3.460276,2.526968,0.2401489,-170.2694,-392.4682,-324.5519,-165.0102,-266.8731,-198.2901,-174.5875,-193.911,-158.5824,-173.5369,-181.249,-153.3614,-143.2603,,,,Colombia,CO2
GCAM5.2_NET,GCAM_1.5C_low_os_high-cost-DAC,COL,Emissions|N2O|AFOLU,Mt CO2e/yr,,,,16.21046427,,,16.81340115,,,,,18.151133909999995,,19.43155578,,,,,20.055079590000002,21.44852346,22.98586017,24.19239459,25.20577878,26.09685078,26.42120481,26.637014039999997,26.75867649,26.835015480000003,26.855184719999997,26.78347854,26.64258051,26.45511687,26.20863609,25.935177449999998,,,,Colombia,N2O
GCAM5.2_NET,GCAM_1.5C_low_os_low-cost-DAC,COL,Carbon Sequestration|CCS|Biomass,Mt CO2/yr,,,,0.0,,,0.0,,,,,0.0,,0.0,,,,,2.78767554015836,14.2123637720996,57.4551035765908,59.8877410190396,62.9159942997687,64.4985397083031,65.522261250302,66.7667815297069,68.6256238050592,68.8406912625441,70.3407809649825,75.3960473512522,75.0964745186183,73.5863336686661,52.3111075078881,52.5873481166676,,,,Colombia,
GCAM5.2_NET,GCAM_1.5C_low_os_low-cost-DAC,COL,Carbon Sequestration|Direct Air Capture,Mt CO2/yr,,,,0.0,,,0.0,,,,,0.0,,0.0,,,,,0.0,4.95363e-09,446.5854,399.663,340.831,258.203,231.0477,262.8986,298.9016,256.1446,256.4108,252.849,258.8066,256.6872,225.3251,167.1322,,,,Colombia,
GCAM5.2_NET,GCAM_1.5C_low_os_low-cost-DAC,COL,Emissions|CH4|AFOLU,Mt CO2e/yr,,,,52.149990290514765,,,55.105489145773085,,,,,60.0721703310344,,64.69870724514064,,,,,66.80576659821203,70.34527123045604,72.27244069878364,75.22065652431485,77.94097508201732,80.46262561035441,80.94688087887296,81.232734618315,81.25141672295031,80.99009835927023,80.43134870821987,79.59789597649933,78.59992152893972,77.51752251346852,76.38564113151187,75.12877534933652,,,,Colombia,CH4
GCAM5.2_NET,GCAM_1.5C_low_os_low-cost-DAC,COL,Emissions|CO2|AFOLU,Mt CO2/yr,,,,-25.3124334351527,,,-31.3767043950521,,,,,-3.3033513228001,,4.64457795906602,,,,,6.62979135589104,19.4330346715952,46.707161335263,1.89200130503773,-0.205647819096507,-4.56385897392951,-7.43758896341223,-8.4611655318937,-9.44701467073854,-10.5522730010328,-11.2395154777629,-11.4732476389797,-11.8493840716442,-12.7195764197119,-13.8723642648984,-15.6387505080584,,,,Colombia,CO2
GCAM5.2_NET,GCAM_1.5C_low_os_low-cost-DAC,COL,Emissions|CO2|Energy and Industrial Processes,Mt CO2/yr,,,,63.9510501448297,,,73.2662700411409,,,,,91.6572507539756,,107.077166435016,,,,,80.3368893710296,57.9493973711713,-436.120423836701,-387.381664724736,-329.541100010901,-246.710973773271,-217.141568980343,-246.068708469364,-278.913244925543,-231.719952282771,-229.722533812489,-230.831397064428,-232.729768039063,-225.851798479235,-172.17059283256,-110.514297562706,,,,Colombia,CO2
GCAM5.2_NET,GCAM_1.5C_low_os_low-cost-DAC,COL,Emissions|CO2|Energy|Demand,Mt CO2/yr,,,,45.3773708092349,,,48.6132443221042,,,,,57.4802414550532,,64.2545310077597,,,,,56.7378976355418,53.9045145851797,48.8410551838547,53.1104260745358,56.5886914596592,59.851757894699,63.6024374873989,67.9314580623467,72.5449561529012,77.8680413483752,82.9382289887107,87.7666098793043,92.3914969016706,96.8848216435732,100.697716895205,105.81773512963,,,,Colombia,CO2
GCAM5.2_NET,GCAM_1.5C_low_os_low-cost-DAC,COL,Emissions|CO2|Energy|Demand|Industry,Mt CO2/yr,,,,16.6877726139221,,,16.4521418832782,,,,,20.2870726244294,,23.3311500598746,,,,,17.9908626646704,16.4329167531028,14.554420277976,15.9892551748976,17.0764282256327,17.7498130923107,18.7169236235954,19.7780525570548,21.0750997655151,23.3998472834983,26.0593387011546,28.7854197006092,31.6138515123623,34.800674362654,38.1481690286296,42.0214817241976,,,,Colombia,CO2
GCAM5.2_NET,GCAM_1.5C_low_os_low-cost-DAC,COL,Emissions|CO2|Energy|Demand|Residential and Commercial,Mt CO2/yr,,,,4.68192860568389,,,4.96969303102447,,,,,5.90635616769402,,6.51601906776259,,,,,4.47040944427531,3.51996396086493,2.6997959976918,2.90173536524406,3.08369191023521,3.20081767508387,3.36404463006065,3.52376280384297,3.61407600610243,3.73842546841314,3.78842229725433,3.82028719845284,3.78977942429013,3.70233090455586,3.59158830994203,3.54183294981678,,,,Colombia,CO2
GCAM5.2_NET,GCAM_1.5C_low_os_low-cost-DAC,COL,Emissions|CO2|Energy|Demand|Residential and Commercial|Commercial,Mt CO2/yr,,,,0.695133895059345,,,1.1651525625163,,,,,1.35965990851448,,1.47502645031678,,,,,1.01909863815972,0.771644482501201,0.572767578861873,0.608013597284605,0.640241622533362,0.660081048785846,0.691301270018798,0.724774080468951,0.746016105078241,0.776821407500261,0.794622552804474,0.810644290821004,0.815805742917023,0.809681608675041,0.798819667664504,0.803182245681514,,,,Colombia,CO2
GCAM5.2_NET,GCAM_1.5C_low_os_low-cost-DAC,COL,Emissions|CO2|Energy|Demand|Residential and Commercial|Residential,Mt CO2/yr,,,,3.98679471062454,,,3.80454046850816,,,,,4.54669625917954,,5.0409926174458,,,,,3.45131080611559,2.74831947836373,2.12702841882993,2.29372176795946,2.44345028770185,2.54073662629802,2.67274336004186,2.79898872337402,2.86805990102419,2.96160406091288,2.99379974444985,3.00964290763183,2.97397368137311,2.89264929588082,2.79276864227753,2.73865070413527,,,,Colombia,CO2
GCAM5.2_NET,GCAM_1.5C_low_os_low-cost-DAC,COL,Emissions|CO2|Energy|Demand|Transportation,Mt CO2/yr,,,,24.0076695896289,,,27.1914094078015,,,,,31.2868126629298,,34.4073618801225,,,,,34.276625526596,33.951633871212,31.5868389081869,34.2194355343942,36.4285713237912,38.9011271273043,41.5214692337429,44.629642701449,47.8557803812836,50.7297685964638,53.0904679903018,55.1609029802423,56.9878659650182,58.3818163763633,58.957959556633,60.2544204556153,,,,Colombia,CO2
GCAM5.2_NET,GCAM_1.5C_low_os_low-cost-DAC,COL,Emissions|CO2|Energy|Supply,Mt CO2/yr,,,,10.9788040217441,,,17.0081663194011,,,,,24.7131701274692,,32.2853833487875,,,,,20.1387158571337,1.51791438243303,-39.6130725233199,-41.8084324537749,-45.6945876017114,-48.0564069399478,-48.8287897981011,-49.8173483985311,-50.9470582075708,-51.3013452532072,-53.3142704328731,-61.9799268431458,-61.6334328310961,-60.2893715351064,-40.2441674984431,-40.9193001043901,,,,Colombia,CO2
GCAM5.2_NET,GCAM_1.5C_low_os_low-cost-DAC,COL,Emissions|CO2|Energy|Supply|Electricity,Mt CO2/yr,,,,6.32822360610414,,,9.83135581804316,,,,,17.3476348748743,,24.5570672251407,,,,,13.2759781808032,-0.379243917863331,-29.8353209415575,-30.944130846137,-31.3956436938368,-31.3759330661165,-31.1744790830134,-32.3900079155655,-35.0173641979898,-36.356181080066,-38.0914789886645,-45.9911414363288,-45.0378192790129,-42.4268166079397,-19.4923296459407,-19.1790955326264,,,,Colombia,CO2
GCAM5.2_NET,GCAM_1.5C_low_os_low-cost-DAC,COL,Emissions|CO2|Energy|Supply|Gases,Mt CO2/yr,,,,0.0,,,0.0,,,,,0.002267965145099,,0.0073738496921814,,,,,0.0017576022126763,0.0008758016075228,0.0021765005185797,0.0038755949558928,0.0056327765412659,0.0068319609889134,0.0084227226734209,0.0111027839132361,0.0152252913889021,0.0173440920519183,0.022377220086417,0.0280061081474468,0.0409134043744744,0.0584278092050296,0.0779306367122404,0.0738252682581418,,,,Colombia,CO2
GCAM5.2_NET,GCAM_1.5C_low_os_low-cost-DAC,COL,Emissions|CO2|Energy|Supply|Liquids,Mt CO2/yr,,,,4.65058,,,7.176813,,,,,7.363277,,7.667887,,,,,6.962931,2.783542,-7.808843,-9.818211,-13.61749,-16.14158,-17.25275,-16.99319,-15.43393,-14.37468,-14.68932,-15.51314,-16.12645,-17.22245,-19.5054,-20.53818,,,,Colombia,CO2
GCAM5.2_NET,GCAM_1.5C_low_os_low-cost-DAC,COL,Emissions|CO2|Energy|Supply|Solids,Mt CO2/yr,,,,0.0,,,-2.566663e-06,,,,,-9.900011e-06,,0.0,,,,,0.0,0.0,-1.246665e-05,-1.466665e-06,0.0,-1.576661e-05,0.0,-3.66667e-07,0.0,-1.393331e-05,0.0,-1.833332e-06,-4.033327e-06,0.0,-1.100001e-06,-5.499987e-06,,,,Colombia,CO2
GCAM5.2_NET,GCAM_1.5C_low_os_low-cost-DAC,COL,Emissions|CO2|Industrial Processes,Mt CO2/yr,,,,7.594875,,,7.644859,,,,,9.463839,,10.53725,,,,,3.460276,2.526968,-445.3521,-398.6874,-340.4386,-258.5095,-231.9183,-264.187,-300.5174,-258.2934,-259.3548,-256.6288,-263.5025,-262.4697,-232.662,-175.4424,,,,Colombia,CO2
GCAM5.2_NET,GCAM_1.5C_low_os_low-cost-DAC,COL,Emissions|N2O|AFOLU,Mt CO2e/yr,,,,16.21046427,,,16.81340115,,,,,18.151133909999995,,19.43155578,,,,,20.055079590000002,21.44852346,22.842961050000003,23.97721326,25.039827539999997,25.958584469999998,26.29520985,26.522804490000002,26.636885730000003,26.698783020000004,26.72185971,26.661690509999996,26.50955853,26.310555179999998,26.089564409999998,25.77742713,,,,Colombia,N2O
GCAM5.2_NET,GCAM_1.5C_low_os_noDAC,COL,Carbon Sequestration|CCS|Biomass,Mt CO2/yr,,,,0.0,,,0.0,,,,,0.0,,0.0,,,,,2.78773342546362,14.2124462607405,45.1137621495841,61.4467680881027,71.0599717782802,75.8659223225131,81.8873971060873,88.6241675100496,95.9308236652554,100.87836616078,103.903130101908,105.680932336925,105.746125161891,104.846573671657,102.817128448759,102.600746079361,,,,Colombia,
GCAM5.2_NET,GCAM_1.5C_low_os_noDAC,COL,Emissions|CH4|AFOLU,Mt CO2e/yr,,,,52.149990290514765,,,55.105489145773085,,,,,60.07214800759508,,64.69863015504001,,,,,66.80561193577572,70.34510714571536,71.62384549411308,73.1312787503074,74.45893730688168,76.21308732547104,75.92120633865852,75.7101378694794,75.30281824980405,74.88933388738313,74.29790809075601,73.47466491742972,72.48080615841016,71.40725280252032,70.21721820874515,68.94424823463967,,,,Colombia,CH4
GCAM5.2_NET,GCAM_1.5C_low_os_noDAC,COL,Emissions|CO2|AFOLU,Mt CO2/yr,,,,-25.3124334351527,,,-31.3767043950521,,,,,-3.30149968360153,,4.64470721635415,,,,,6.63001219439903,19.4331545269498,57.4154045035706,16.1021323707801,-0.117084859281875,-9.30060745405837,-10.2061340656698,-11.3244698733481,-12.5150279281087,-13.6296979375787,-14.0307578479067,-14.1985777517082,-14.4656540665751,-14.9239052246827,-15.4828531754919,-16.0606530323728,,,,Colombia,CO2
GCAM5.2_NET,GCAM_1.5C_low_os_noDAC,COL,Emissions|CO2|Energy and Industrial Processes,Mt CO2/yr,,,,63.9510501448297,,,73.2662700411409,,,,,91.6572902348404,,107.077401133508,,,,,80.3369941797655,57.9495135058001,6.07732331661842,-18.1208899870333,-32.2944557322036,-38.4775637834514,-46.5080538090202,-53.4833476998202,-60.6432264156514,-67.3515957381711,-72.5537898850943,-75.0343835060791,-75.2801826834381,-74.796806784013,-74.2635011993433,-75.1907627955167,,,,Colombia,CO2
GCAM5.2_NET,GCAM_1.5C_low_os_noDAC,COL,Emissions|CO2|Energy|Demand,Mt CO2/yr,,,,45.3773708092349,,,48.6132443221042,,,,,57.4801646987612,,64.2545340443345,,,,,56.7380548765952,53.9046313457885,41.7222757076697,36.7149101291878,33.6300285490837,33.2714578850342,32.4445210156438,32.9446498298308,33.6941337108313,33.8951941889903,34.4476336796533,35.899611813692,37.4474133387624,38.8462949917183,39.650581361858,40.4763704581833,,,,Colombia,CO2
GCAM5.2_NET,GCAM_1.5C_low_os_noDAC,COL,Emissions|CO2|Energy|Demand|Industry,Mt CO2/yr,,,,16.6877726139221,,,16.4521418832782,,,,,20.2870328205318,,23.331125386064,,,,,17.9908396338468,16.4327720499076,11.710362747335,8.966287344424,6.90321884925443,6.05732660816299,5.2248135086469,4.69828797081471,4.23484704038618,4.09878062703314,4.18520079305306,4.5611784651416,4.80100372688363,4.93553365173032,4.99352998636514,5.11222322207797,,,,Colombia,CO2
GCAM5.2_NET,GCAM_1.5C_low_os_noDAC,COL,Emissions|CO2|Energy|Demand|Residential and Commercial,Mt CO2/yr,,,,4.68192860568389,,,4.96969303102447,,,,,5.90635818134865,,6.51603361485412,,,,,4.47050196210008,3.52003940557824,2.04482855002057,1.41089322251247,1.02809184152256,0.888873499370614,0.762626543563646,0.697592833859452,0.637482886801173,0.617071292659414,0.583467000509227,0.569093789221019,0.532476298352673,0.494644076139063,0.467130292172628,0.420535212628747,,,,Colombia,CO2
GCAM5.2_NET,GCAM_1.5C_low_os_noDAC,COL,Emissions|CO2|Energy|Demand|Residential and Commercial|Commercial,Mt CO2/yr,,,,0.695133895059345,,,1.1651525625163,,,,,1.35965810610194,,1.47502918173216,,,,,1.01911684156515,0.771661270825257,0.430224972396926,0.28975735954992,0.207595259023712,0.177948546883402,0.151875555299858,0.139035613437692,0.127612813469556,0.124449697669028,0.119191647559573,0.117938295599955,0.112563927832666,0.106962826317697,0.103171299522871,0.0952240734856862,,,,Colombia,CO2
GCAM5.2_NET,GCAM_1.5C_low_os_noDAC,COL,Emissions|CO2|Energy|Demand|Residential and Commercial|Residential,Mt CO2/yr,,,,3.98679471062454,,,3.80454046850816,,,,,4.54670007524671,,5.04100443312195,,,,,3.45138512053492,2.74837813475298,1.61460357762365,1.12113586296255,0.820496582498847,0.710924952487212,0.610750988263788,0.55855722042176,0.509870073331617,0.492621594990386,0.464275352949654,0.451155493621063,0.419912370520007,0.387681249821366,0.363958992649758,0.325311139143061,,,,Colombia,CO2
GCAM5.2_NET,GCAM_1.5C_low_os_noDAC,COL,Emissions|CO2|Energy|Demand|Transportation,Mt CO2/yr,,,,24.0076695896289,,,27.1914094078015,,,,,31.2867736968808,,34.4073750434164,,,,,34.2767132806483,33.9518198903027,27.9670844103142,26.3377295622513,25.6987178583067,26.3252577775006,26.4570809634333,27.5487690251566,28.8218037836439,29.1793422692977,29.678965886091,30.7693395593294,32.1139333135261,33.4161172638489,34.1899210833203,34.9436120234766,,,,Colombia,CO2
GCAM5.2_NET,GCAM_1.5C_low_os_noDAC,COL,Emissions|CO2|Energy|Supply,Mt CO2/yr,,,,10.9788040217441,,,17.0081663194011,,,,,24.7132875847844,,32.2856150253617,,,,,20.1386576696714,1.51791941719915,-35.8851335692731,-53.6647425585985,-63.4728339059808,-67.960500791852,-73.7402819716989,-80.0497454294546,-86.9458341182166,-91.7078925686595,-94.9509563187722,-96.9158100242355,-97.006722000692,-96.2635149817992,-94.6143290138046,-94.7472722240341,,,,Colombia,CO2
GCAM5.2_NET,GCAM_1.5C_low_os_noDAC,COL,Emissions|CO2|Energy|Supply|Electricity,Mt CO2/yr,,,,6.32822360610414,,,9.83135581804316,,,,,17.3477520497141,,24.5572999254678,,,,,13.275989934125,-0.3792574234425,-16.5416874267602,-24.3157279528932,-28.7674089899863,-32.5039833833309,-35.764605296078,-39.2032622518845,-43.6938597313666,-48.2347440844874,-52.6766485565386,-54.9136823004982,-55.1355571265271,-53.9326026781146,-50.1769782518947,-49.5965666283822,,,,Colombia,CO2
GCAM5.2_NET,GCAM_1.5C_low_os_noDAC,COL,Emissions|CO2|Energy|Supply|Gases,Mt CO2/yr,,,,0.0,,,0.0,,,,,0.0022679686645473,,0.0073738514608479,,,,,0.0017575915866426,0.0008758078606724,0.0001790590358418,7.85447982516075e-05,3.74829691628193e-05,3.72555749717597e-05,2.704717369124e-05,2.25557219680933e-05,2.01883588201308e-05,2.25328530366809e-05,2.5761858869317e-05,2.71514766714639e-05,2.5756381137754e-05,2.48966713839417e-05,2.33833178016667e-05,2.23738145442112e-05,,,,Colombia,CO2
GCAM5.2_NET,GCAM_1.5C_low_os_noDAC,COL,Emissions|CO2|Energy|Supply|Liquids,Mt CO2/yr,,,,4.65058,,,7.176813,,,,,7.363277,,7.667888,,,,,6.962916,2.783551,-14.91346,-23.10551,-26.34707,-28.58119,-30.46885,-30.9434,-30.56477,-32.42608,-34.87206,-36.1718,-36.92725,-37.70123,-39.21593,-39.96196,,,,Colombia,CO2
GCAM5.2_NET,GCAM_1.5C_low_os_noDAC,COL,Emissions|CO2|Energy|Supply|Solids,Mt CO2/yr,,,,0.0,,,-2.566663e-06,,,,,-9.900005e-06,,-2.566665e-06,,,,,-5.499991e-05,0.0,-3.666665e-06,0.0,0.0,-4.033316e-06,-7.333331e-07,0.0,-7.333325e-07,-2.933328e-06,0.0,-4.033327e-07,0.0,0.0,0.0,0.0,,,,Colombia,CO2
GCAM5.2_NET,GCAM_1.5C_low_os_noDAC,COL,Emissions|CO2|Industrial Processes,Mt CO2/yr,,,,7.594875,,,7.644859,,,,,9.463838,,10.53725,,,,,3.460282,2.526963,0.2401812,-1.171058,-2.45165,-3.788521,-5.212293,-6.378252,-7.391526,-9.538897,-12.05047,-14.01819,-15.72087,-17.37959,-19.29975,-20.91986,,,,Colombia,CO2
GCAM5.2_NET,GCAM_1.5C_low_os_noDAC,COL,Emissions|N2O|AFOLU,Mt CO2e/yr,,,,16.21046427,,,16.81340115,,,,,18.151109339999998,,19.431525750000002,,,,,20.05506048,21.44852346,22.985513460000004,24.231409019999997,25.29859332,26.21296314,26.548900560000003,26.77299534,26.89416912,26.965394819999997,26.984177220000003,26.904349290000003,26.76939993,26.58917352,26.36595507,26.088961079999997,,,,Colombia,N2O
