Model,Scenario,Region,Variable,Unit,1990,1995,2000,2005,2007,2008,2010,2011,2012,2013,2014,2015,2018,2020,2021,2022,2023,2024,2025,2030,2035,2040,2045,2050,2055,2060,2065,2070,2075,2080,2085,2090,2095,2100,2110,2130,2150,Country,Species
GEM-E3_V2021,EN_INDCi2030_1000,SAU,Emissions|CO2|AFOLU,Mt CO2/yr,,,,,,,,,,,,3.75143948608308,,2.94711380117701,,,,,2.19289052449119,1.43866724780537,0.681027060564512,0.115042171135963,-0.773085098454772,-1.64457285473217,-2.0148971659631,-2.11578631927436,-2.25319523872522,-2.39060415817607,-2.34811073770316,-2.30561731723025,-2.97374162515649,-3.64186593308273,-3.2600326378575,-2.87819934263228,,,,Saudi Arabia,CO2
GEM-E3_V2021,EN_INDCi2030_1000,SAU,Emissions|CO2|Energy and Industrial Processes,Mt CO2/yr,,,,,,,,,,,,574.963768355898,,692.533101702597,,,,,747.992854627807,823.171015865668,673.874871937564,588.223948656645,502.825388577841,398.137188169357,322.255741685465,251.09007875496,220.852096045335,187.461795819201,188.493996322547,197.28801032408,214.019864918868,222.585269347033,232.566774101805,238.270267017933,,,,Saudi Arabia,CO2
GEM-E3_V2021,EN_INDCi2030_1000,SAU,Emissions|CO2|Energy|Demand,Mt CO2/yr,,,,,,,,,,,,288.822113700735,,296.339755183303,,,,,309.773239736402,346.862607534538,296.028406319862,259.560014726017,217.961455532398,130.14431978827,88.2763405613817,66.3765296294712,56.8694770049089,57.0435440443906,75.6545125881007,82.595846771033,96.0060624480866,102.518897105199,110.228546434951,114.954233593569,,,,Saudi Arabia,CO2
GEM-E3_V2021,EN_INDCi2030_1000,SAU,Emissions|CO2|Energy|Demand|AFOFI,Mt CO2/yr,,,,,,,,,,,,1.82258285077195e-05,,1.87004415892355e-05,,,,,2.15377178332642e-05,2.24464867857784e-05,4.38489703694735e-06,1.35970185695069e-06,4.1848764544844e-07,3.49591035623312e-08,9.217350256927261e-09,3.3895283037785204e-09,1.88441825054668e-09,1.4751182184172301e-09,2.5000175854925204e-09,2.69250309339568e-09,3.5249437761935604e-09,3.6135122393819603e-09,3.74479332884015e-09,3.50387906304777e-09,,,,Saudi Arabia,CO2
GEM-E3_V2021,EN_INDCi2030_1000,SAU,Emissions|CO2|Energy|Demand|Industry,Mt CO2/yr,,,,,,,,,,,,117.204595616078,,137.778542466243,,,,,148.14189655424,171.900298761221,141.081358547267,127.053354992533,112.060686970906,46.350862491952,18.0755264008764,7.83394392509092,4.68302534891902,3.93399140607196,6.73279610752374,7.08954450259526,8.85988949112923,8.61678980529169,8.45245864763938,7.48845391842179,,,,Saudi Arabia,CO2
GEM-E3_V2021,EN_INDCi2030_1000,SAU,Emissions|CO2|Energy|Demand|Residential and Commercial,Mt CO2/yr,,,,,,,,,,,,61.5286402975297,,51.9865728545335,,,,,52.650755951112,56.9425447042844,50.3661752971723,45.5667456630151,41.078682946435,35.1694750952145,32.4989909229841,30.2031858980283,29.1213643885023,30.6658088746379,37.289410492275,40.3068694973338,44.8231495853357,47.4360286040726,50.2223156491718,52.0104986222181,,,,Saudi Arabia,CO2
GEM-E3_V2021,EN_INDCi2030_1000,SAU,Emissions|CO2|Energy|Demand|Residential and Commercial|Commercial,Mt CO2/yr,,,,,,,,,,,,51.6351502130037,,42.6468038245366,,,,,42.0821968581484,45.2320431580284,42.4194944417868,39.8469440234039,37.1201093349294,34.1856975976711,31.9105152783265,29.8147573905815,28.8140809767309,30.3738349747351,36.8912989480146,39.8879866724218,44.3366889636092,46.9495404979657,49.733503012184,51.5495860113268,,,,Saudi Arabia,CO2
GEM-E3_V2021,EN_INDCi2030_1000,SAU,Emissions|CO2|Energy|Demand|Residential and Commercial|Residential,Mt CO2/yr,,,,,,,,,,,,9.89349008452602,,9.33976902999691,,,,,10.5685590929635,11.710501546256,7.94668085538553,5.71980163961119,3.95857361150555,0.983777497543333,0.588475644657665,0.388428507446825,0.307283411771417,0.291973899902774,0.398111544260453,0.418882824911986,0.486460621726497,0.486488106106878,0.488812636987732,0.460912610891302,,,,Saudi Arabia,CO2
GEM-E3_V2021,EN_INDCi2030_1000,SAU,Emissions|CO2|Energy|Demand|Transportation,Mt CO2/yr,,,,,,,,,,,,110.088859561298,,106.574621162085,,,,,108.980565693331,118.019741622545,104.580868090525,86.9399127107669,64.8220851965696,48.623982166145,37.7018232283037,28.3393998029624,23.0650872656031,22.4437437622056,31.6323059858019,35.1994327684113,42.3230233680967,46.4660786922218,51.5537721343957,55.4552810494252,,,,Saudi Arabia,CO2
GEM-E3_V2021,EN_INDCi2030_1000,SAU,Emissions|CO2|Energy|Supply,Mt CO2/yr,,,,,,,,,,,,237.494158717987,,331.758850319855,,,,,366.415215985593,396.894275610154,297.969914176184,248.594666250101,205.824373036784,184.658365598885,145.479775458674,94.3174596852183,73.9715535876579,38.9921472822812,13.954373443554,14.0066368266618,15.4237840461702,17.076991263473,18.9368814835786,21.3124934096696,,,,Saudi Arabia,CO2
GEM-E3_V2021,EN_INDCi2030_1000,SAU,Emissions|CO2|Energy|Supply|Electricity,Mt CO2/yr,,,,,,,,,,,,200.364608162489,,300.70521373994,,,,,338.148063344355,366.455254743641,277.528697604951,231.431003926387,190.823814065342,173.010966698452,135.351143439298,84.6410950683201,63.9391326236877,27.9956254907794,1.28337105294681,0.0315932470881952,0.0047145151922308,0.0048933685947317,0.0050902276222242,0.0052859353319824,,,,Saudi Arabia,CO2
GEM-E3_V2021,EN_INDCi2030_1000,SAU,Emissions|CO2|Energy|Supply|Gases,Mt CO2/yr,,,,,,,,,,,,9.25839534743692,,11.3089652015004,,,,,13.3126140764178,14.8893752211994,6.60598101912729,4.47758889042568,3.39698816605216,2.32520364308775,2.30474396491927,2.46559799108861,2.68548382712332,2.99366425344971,3.43462375345902,3.69266449187176,3.98765744788066,4.24298206127433,4.46387857619384,4.6696095719931,,,,Saudi Arabia,CO2
GEM-E3_V2021,EN_INDCi2030_1000,SAU,Emissions|CO2|Energy|Supply|Liquids,Mt CO2/yr,,,,,,,,,,,,27.8711432362841,,19.7446585065424,,,,,14.9545249191603,15.5496327733438,13.8352302902065,12.6860684429319,11.6035660763143,9.32218309884081,7.82387454722422,7.21075313599169,7.34692665903679,8.00285332334367,9.23637535058104,10.2823772476947,11.431409925735,12.8291134113941,14.4679100681435,16.6375951020645,,,,Saudi Arabia,CO2
GEM-E3_V2021,EN_INDCi2030_1000,SAU,Emissions|CO2|Energy|Supply|Solids,Mt CO2/yr,,,,,,,,,,,,1.19717770493575e-05,,1.28718721257647e-05,,,,,1.36456603065321e-05,1.28719693296811e-05,5.261899987287e-06,4.99035620345074e-06,4.72907491297799e-06,1.21585036265341e-05,1.35072330611698e-05,1.3489817797668e-05,1.0477810108571e-05,4.21470843009558e-06,3.28656714539265e-06,1.84000716248578e-06,2.15736234384163e-06,2.422209828209e-06,2.61161899748884e-06,2.80027997617462e-06,,,,Saudi Arabia,CO2
GEM-E3_V2021,EN_INDCi2030_1000,SAU,Emissions|CO2|Industrial Processes,Mt CO2/yr,,,,,,,,,,,,48.5316831142514,,64.316343856138,,,,,71.6754700237812,79.2801911951325,79.7818226140809,80.0026920449353,78.9952722764236,83.3074629265701,88.485085852781,90.3883975011036,90.006097298088,91.4216178619756,98.8769006160462,100.676435097995,102.578443826351,102.977476555263,103.389013262761,101.991715136337,,,,Saudi Arabia,CO2
GEM-E3_V2021,EN_INDCi2030_1000_COV,SAU,Emissions|CO2|AFOLU,Mt CO2/yr,,,,,,,,,,,,3.75143948608308,,2.94711380117701,,,,,2.19289052449119,1.43866724780537,0.863379974701636,0.333908274911607,-0.724018604708692,-1.72421233567522,-1.93185024840134,-2.03481651112678,-2.18238134928216,-2.32994618743754,-2.26251215328157,-2.1950781191256,-2.96282974619058,-3.73058137325556,-3.29553503680957,-2.86048870036358,,,,Saudi Arabia,CO2
GEM-E3_V2021,EN_INDCi2030_1000_COV,SAU,Emissions|CO2|Energy and Industrial Processes,Mt CO2/yr,,,,,,,,,,,,574.963768355898,,601.301202383815,,,,,655.193086392441,719.057399952017,603.828079049799,533.264504322944,462.445853661243,373.473428500026,310.897458778205,246.481588320785,217.925860942718,175.811634538406,166.873552626903,175.709724213306,192.130457380683,199.573213958585,209.072020293972,214.719291623283,,,,Saudi Arabia,CO2
GEM-E3_V2021,EN_INDCi2030_1000_COV,SAU,Emissions|CO2|Energy|Demand,Mt CO2/yr,,,,,,,,,,,,288.822113700735,,251.956326548856,,,,,267.921754501727,298.949417400004,264.596207915041,236.80020636472,200.761489469693,135.540232934322,96.238686675243,72.6363582739979,59.2085949760959,51.373758531284,66.89475081154,73.7527354589911,86.8456378036525,92.3335871293859,99.5948524652018,104.053859286225,,,,Saudi Arabia,CO2
GEM-E3_V2021,EN_INDCi2030_1000_COV,SAU,Emissions|CO2|Energy|Demand|AFOFI,Mt CO2/yr,,,,,,,,,,,,1.82258285077195e-05,,1.64678741885624e-05,,,,,1.85952206703118e-05,1.92215312058124e-05,4.4033150307886e-06,1.44558180237787e-06,4.48720595959279e-07,5.1707339961956e-08,1.43752443186557e-08,5.3543732750803405e-09,2.6667372990242e-09,1.46046423774037e-09,2.25402818077466e-09,2.487905948831e-09,3.349850525203e-09,3.3891570860954804e-09,3.5561198314350204e-09,3.3505448479485203e-09,,,,Saudi Arabia,CO2
GEM-E3_V2021,EN_INDCi2030_1000_COV,SAU,Emissions|CO2|Energy|Demand|Industry,Mt CO2/yr,,,,,,,,,,,,117.204595616078,,112.333537800092,,,,,119.552717758812,138.674043432527,119.407984247539,109.968698825246,98.1221212827005,51.9331040827227,23.5035795405606,10.6780903902308,5.65215179320327,3.32556066086949,5.32460236409806,5.7752811375362,7.47888314560384,7.19539356368253,7.1463780675216,6.37472627537185,,,,Saudi Arabia,CO2
GEM-E3_V2021,EN_INDCi2030_1000_COV,SAU,Emissions|CO2|Energy|Demand|Residential and Commercial,Mt CO2/yr,,,,,,,,,,,,61.5286402975297,,48.5725625674939,,,,,49.0911062245897,52.86824436446,47.8581850819533,43.9568405025105,39.9882317007168,34.9176081025636,32.9406966678894,31.0454087026227,29.2763126131743,28.1350462017965,33.9787608793689,36.9072305642704,41.3324748654646,43.586452789957,46.1548864672072,47.7866956748129,,,,Saudi Arabia,CO2
GEM-E3_V2021,EN_INDCi2030_1000_COV,SAU,Emissions|CO2|Energy|Demand|Residential and Commercial|Commercial,Mt CO2/yr,,,,,,,,,,,,51.6351502130037,,40.2287130792517,,,,,39.5981540998357,42.3502245218403,40.4063434718218,38.4569176157841,36.1511826915899,33.8480775643498,32.2649018973727,30.5911358938787,28.9414589597018,27.868575666548,33.6332607076027,36.5391909353454,40.8994613485653,43.156705172369,45.720731480187,47.3749798436415,,,,Saudi Arabia,CO2
GEM-E3_V2021,EN_INDCi2030_1000_COV,SAU,Emissions|CO2|Energy|Demand|Residential and Commercial|Residential,Mt CO2/yr,,,,,,,,,,,,9.89349008452602,,8.34384948824228,,,,,9.49295212475397,10.5180198426196,7.45184161013146,5.49992288672643,3.83704900912699,1.06953053821379,0.675794770516672,0.454272808743995,0.334853653472521,0.266470535248457,0.345500171766198,0.368039628925041,0.433013516899263,0.429747617588039,0.434154987020226,0.411715831171434,,,,Saudi Arabia,CO2
GEM-E3_V2021,EN_INDCi2030_1000_COV,SAU,Emissions|CO2|Energy|Demand|Transportation,Mt CO2/yr,,,,,,,,,,,,110.088859561298,,91.0502097133952,,,,,99.2779119231044,107.407110381485,97.3300341822341,82.8746655913816,62.6511360375554,48.6895206973286,39.7944104524177,30.9128591757899,24.2801305670516,19.9131516671575,27.5913875658189,31.0702237546966,38.0342797892342,41.5517407723571,46.2935879269168,49.8924373326896,,,,Saudi Arabia,CO2
GEM-E3_V2021,EN_INDCi2030_1000_COV,SAU,Emissions|CO2|Energy|Supply,Mt CO2/yr,,,,,,,,,,,,237.494158717987,,294.972433697313,,,,,326.550394701616,352.901174083852,270.446320448657,226.634696402679,192.141615527698,164.983618726971,136.587877565267,92.4889104723447,77.0615315302632,43.5683219565229,12.7327062906904,12.8492138407484,14.1823190181163,15.770455106404,17.5504340624194,19.8023476743278,,,,Saudi Arabia,CO2
GEM-E3_V2021,EN_INDCi2030_1000_COV,SAU,Emissions|CO2|Energy|Supply|Electricity,Mt CO2/yr,,,,,,,,,,,,200.364608162489,,268.347114148071,,,,,302.074307168689,326.586476358684,251.666838566058,210.645556004122,178.127843656991,153.539302139064,126.593678535436,83.1392773518857,67.6608148823264,33.5295542135327,1.14940382481355,0.0307884295716957,0.0041260080089238,0.0042856041862586,0.0044534457235993,0.0046346958838568,,,,Saudi Arabia,CO2
GEM-E3_V2021,EN_INDCi2030_1000_COV,SAU,Emissions|CO2|Energy|Supply|Gases,Mt CO2/yr,,,,,,,,,,,,9.25839534743692,,9.4425230318051,,,,,11.0258719419106,12.2758925234949,6.04963550620268,4.1911331482269,3.17135245809959,2.2503868392133,2.15698376742011,2.27137699059514,2.42999194356038,2.6370959674751,3.03532635225672,3.2705612242789,3.55092101321274,3.79314583724415,4.01266280173789,4.20107147091898,,,,Saudi Arabia,CO2
GEM-E3_V2021,EN_INDCi2030_1000_COV,SAU,Emissions|CO2|Energy|Supply|Liquids,Mt CO2/yr,,,,,,,,,,,,27.8711432362841,,17.1827856681881,,,,,13.4502037412305,14.03879399966,12.7298414517261,11.7980026731617,10.8424152265824,9.19392020392152,7.83720447839432,7.07824511246591,6.97071628716087,7.40166788292603,8.54797327958093,9.54786249972888,10.6272700345217,11.9730214414296,13.5333153623056,15.5966389053721,,,,Saudi Arabia,CO2
GEM-E3_V2021,EN_INDCi2030_1000_COV,SAU,Emissions|CO2|Energy|Supply|Solids,Mt CO2/yr,,,,,,,,,,,,1.19717770493575e-05,,1.08492487006774e-05,,,,,1.18497852179197e-05,1.12020132869557e-05,4.92466972007722e-06,4.57716874207003e-06,4.186025566562e-06,9.54477248659396e-06,1.07840160863497e-05,1.10173980074957e-05,8.41721556503467e-06,3.89258902826421e-06,2.83403922288401e-06,1.68716891791507e-06,1.96237290315803e-06,2.22354402356995e-06,2.4526523018229e-06,2.60215284002442e-06,,,,Saudi Arabia,CO2
GEM-E3_V2021,EN_INDCi2030_1000_COV,SAU,Emissions|CO2|Industrial Processes,Mt CO2/yr,,,,,,,,,,,,48.5316831142514,,54.2695146255745,,,,,60.607522489548,67.0887610085983,68.6992827664905,69.7672765413197,69.5007572807074,72.9217104306093,78.0538843746071,81.3465982975982,81.6499237310549,80.865833448369,87.2396007667378,89.1003746356894,91.0927548436733,91.4592280925028,91.9163103112078,90.8530086415,,,,Saudi Arabia,CO2
GEM-E3_V2021,EN_INDCi2030_1000_COV_NDCp,SAU,Emissions|CO2|AFOLU,Mt CO2/yr,,,,,,,,,,,,3.75143948608308,,2.94711380117701,,,,,2.19289052449119,1.43866724780537,0.877263291016751,0.387647132292764,-0.697562159604476,-1.71546561439732,-1.92277784362698,-2.02602585752192,-2.16558556420416,-2.3051452708864,-2.24206799237306,-2.17899071385972,-2.9486866798134,-3.71838264576707,-3.28539036466203,-2.85239808355698,,,,Saudi Arabia,CO2
GEM-E3_V2021,EN_INDCi2030_1000_COV_NDCp,SAU,Emissions|CO2|Energy and Industrial Processes,Mt CO2/yr,,,,,,,,,,,,574.963768355898,,601.301202159123,,,,,655.52936193833,720.403314976576,607.495885542143,539.477811531736,473.980354283758,389.034919366783,320.312219190206,255.566331643375,226.043189224411,185.658334821483,165.998926767361,175.345887113276,190.830649409023,197.871363480459,208.81228706532,214.530352808877,,,,Saudi Arabia,CO2
GEM-E3_V2021,EN_INDCi2030_1000_COV_NDCp,SAU,Emissions|CO2|Energy|Demand,Mt CO2/yr,,,,,,,,,,,,288.822113700735,,251.956326477092,,,,,268.131087099608,299.882654165448,267.215722803806,240.634103461988,207.27581901673,157.348145116673,103.747435962029,77.636615798369,62.6224497169799,56.5991002516426,65.1295006783606,73.5529948891348,85.8490710781584,91.0006766573004,99.4739959497013,103.980580769264,,,,Saudi Arabia,CO2
GEM-E3_V2021,EN_INDCi2030_1000_COV_NDCp,SAU,Emissions|CO2|Energy|Demand|AFOFI,Mt CO2/yr,,,,,,,,,,,,1.82258285077195e-05,,1.64678741014682e-05,,,,,1.8609122468392e-05,1.92896903495554e-05,4.66516760319239e-06,1.56301906865944e-06,5.14145520151906e-07,8.88831483242402e-08,1.75389351658148e-08,6.3720827595018e-09,3.0889618249136504e-09,1.86597902683145e-09,2.0844539310904702e-09,2.4526315792772204e-09,3.2204728411018604e-09,3.2325826659469102e-09,3.5384571921533702e-09,3.33660358978279e-09,,,,Saudi Arabia,CO2
GEM-E3_V2021,EN_INDCi2030_1000_COV_NDCp,SAU,Emissions|CO2|Energy|Demand|Industry,Mt CO2/yr,,,,,,,,,,,,117.204595616078,,112.333537654008,,,,,119.739516843889,139.567639866271,120.806722088804,111.582376937961,100.575377987656,68.525612863333,27.7689805790869,12.6321432937458,6.52072042221724,4.21222005732744,4.93050919738443,5.70000378698768,7.2011408374352,6.87555234976014,7.11256664308676,6.35448271648763,,,,Saudi Arabia,CO2
GEM-E3_V2021,EN_INDCi2030_1000_COV_NDCp,SAU,Emissions|CO2|Energy|Demand|Residential and Commercial,Mt CO2/yr,,,,,,,,,,,,61.5286402975297,,48.5725626174167,,,,,49.0959352845771,52.865340286606,48.1809759408194,44.4567216764445,40.8578678280609,36.292556203484,33.8081294031519,31.987490489839,30.1734485280156,29.8340395793836,33.399115108497,36.8063036391776,41.0415767340472,43.2132828903676,46.0944379578376,47.7445631074494,,,,Saudi Arabia,CO2
GEM-E3_V2021,EN_INDCi2030_1000_COV_NDCp,SAU,Emissions|CO2|Energy|Demand|Residential and Commercial|Commercial,Mt CO2/yr,,,,,,,,,,,,51.6351502130037,,40.2287131278014,,,,,39.6047522657128,42.3465804879838,40.5788949374286,38.7772512640881,36.7733938435789,34.9622515689137,33.0660590176089,31.4903143556021,29.8132436728155,29.5349467725941,33.0677873981486,36.4408131385992,40.6176220929885,42.7945103370643,45.6613477620033,47.3334850487963,,,,Saudi Arabia,CO2
GEM-E3_V2021,EN_INDCi2030_1000_COV_NDCp,SAU,Emissions|CO2|Energy|Demand|Residential and Commercial|Residential,Mt CO2/yr,,,,,,,,,,,,9.89349008452602,,8.34384948961535,,,,,9.49118301886432,10.5187597986222,7.60208100339074,5.67947041235641,4.08447398448199,1.33030463457024,0.742070385542995,0.497176134236829,0.360204855200046,0.299092806789512,0.331327710348323,0.365490500578391,0.423954641058741,0.418772553303285,0.433090195834343,0.411078058653079,,,,Saudi Arabia,CO2
GEM-E3_V2021,EN_INDCi2030_1000_COV_NDCp,SAU,Emissions|CO2|Energy|Demand|Transportation,Mt CO2/yr,,,,,,,,,,,,110.088859561298,,91.0502097377935,,,,,99.2956163620192,107.44965472288,98.2280201090153,84.5950032845638,65.8425726868674,52.5299759609734,42.1703259622516,33.0169820084121,25.928280763658,22.5528406130655,26.7998763703948,31.0466874605168,37.6063535034554,40.9118414139401,46.2669913452384,49.8815349419909,,,,Saudi Arabia,CO2
GEM-E3_V2021,EN_INDCi2030_1000_COV_NDCp,SAU,Emissions|CO2|Energy|Supply,Mt CO2/yr,,,,,,,,,,,,237.494158717987,,294.972433592564,,,,,326.551032864287,352.975136152109,271.234868936849,228.63596315034,196.546777386595,159.255282986561,138.684380325008,96.3459585059149,81.169651228256,46.5502385357874,14.2147087733482,12.8254564753254,14.160668822279,15.7725555884408,17.5266007260154,19.7802070430951,,,,Saudi Arabia,CO2
GEM-E3_V2021,EN_INDCi2030_1000_COV_NDCp,SAU,Emissions|CO2|Energy|Supply|Electricity,Mt CO2/yr,,,,,,,,,,,,200.364608162489,,268.347114046448,,,,,302.086397038839,326.907559710753,252.310474219866,212.490578754763,182.272837435446,146.942704143368,128.37687761818,86.8000714518591,71.676446192394,36.4250338210153,2.67380732026905,0.032046943348856,0.0041293608135601,0.004289541324865,0.0044517699126442,0.0046346943730544,,,,Saudi Arabia,CO2
GEM-E3_V2021,EN_INDCi2030_1000_COV_NDCp,SAU,Emissions|CO2|Energy|Supply|Gases,Mt CO2/yr,,,,,,,,,,,,9.25839534743692,,9.44252301770665,,,,,11.021452264197,12.084598426741,6.13518706524486,4.25127876806305,3.25434292908357,2.44398064191397,2.178165147269,2.28092272330258,2.43174114422482,2.65529808706415,2.9977468183948,3.24502254498409,3.51972860951853,3.76288766425021,3.98998125730918,4.18210566366033,,,,Saudi Arabia,CO2
GEM-E3_V2021,EN_INDCi2030_1000_COV_NDCp,SAU,Emissions|CO2|Energy|Supply|Liquids,Mt CO2/yr,,,,,,,,,,,,27.8711432362841,,17.1827856791925,,,,,13.4431716976038,13.982967012944,12.7892025018604,11.8941009629535,11.0195928146847,9.86858959490458,8.1293274083431,7.26495385196849,7.06145608287677,7.4699029002705,8.5431519195851,9.54838527754389,10.6368088957535,12.0053761514325,13.5321652475496,15.5934640825479,,,,Saudi Arabia,CO2
GEM-E3_V2021,EN_INDCi2030_1000_COV_NDCp,SAU,Emissions|CO2|Energy|Supply|Solids,Mt CO2/yr,,,,,,,,,,,,1.19717770493575e-05,,1.08492167154002e-05,,,,,1.18636470870654e-05,1.1001670967192e-05,5.14987747468254e-06,4.66456010658768e-06,4.20738097085521e-06,8.60637500429662e-06,1.01512160376575e-05,1.04787846997771e-05,7.80876042716434e-06,3.72743736989705e-06,2.71509933531968e-06,1.70944863498526e-06,1.95619338036492e-06,2.23143322662933e-06,2.45124391573718e-06,2.60251380393659e-06,,,,Saudi Arabia,CO2
GEM-E3_V2021,EN_INDCi2030_1000_COV_NDCp,SAU,Emissions|CO2|Industrial Processes,Mt CO2/yr,,,,,,,,,,,,48.5316831142514,,54.2695145774346,,,,,60.7338824925431,67.427432212833,68.9574920959003,70.143359897549,70.1127011168025,72.3994469459832,77.8613791691757,81.5726780945553,82.2444951300558,82.5042911042791,86.6486712087433,88.9601167575703,90.8114560975849,91.0885474388793,91.8012981432059,90.7595069303724,,,,Saudi Arabia,CO2
GEM-E3_V2021,EN_INDCi2030_1000_NDCp,SAU,Emissions|CO2|AFOLU,Mt CO2/yr,,,,,,,,,,,,3.75143948608308,,2.94711380117701,,,,,2.19289052449119,1.43866724780537,0.86268672489111,0.346753745802662,-0.735602677503366,-1.740894977971,-2.03191793885072,-2.08447695901368,-2.26138330506985,-2.43828965112602,-2.38171753462486,-2.3251454181237,-3.0728594632244,-3.82057350832509,-3.37209235448332,-2.92361120064156,,,,Saudi Arabia,CO2
GEM-E3_V2021,EN_INDCi2030_1000_NDCp,SAU,Emissions|CO2|Energy and Industrial Processes,Mt CO2/yr,,,,,,,,,,,,574.963768355898,,692.533101702597,,,,,748.561977448501,824.724710628363,674.100648094443,590.737073053028,508.145940682044,402.428500547453,333.302117923439,261.34387481701,232.647854410128,193.024141558196,185.868206221172,195.309904572443,210.441777311242,219.315087603689,230.247551551377,235.464621189892,,,,Saudi Arabia,CO2
GEM-E3_V2021,EN_INDCi2030_1000_NDCp,SAU,Emissions|CO2|Energy|Demand,Mt CO2/yr,,,,,,,,,,,,288.822113700735,,296.339755183303,,,,,309.989634070186,347.944188119661,296.178363158066,261.307965875871,219.325582399364,132.999896644463,89.8275678170093,67.8486634090959,57.4603786101302,57.0519524241992,73.6708507079894,81.0976861142641,93.1125157327931,99.8707814309736,108.372961527434,112.723681836214,,,,Saudi Arabia,CO2
GEM-E3_V2021,EN_INDCi2030_1000_NDCp,SAU,Emissions|CO2|Energy|Demand|AFOFI,Mt CO2/yr,,,,,,,,,,,,1.82258285077195e-05,,1.87004415892355e-05,,,,,2.15519402621354e-05,2.25210497495884e-05,4.38600841525578e-06,1.4012528487055e-06,4.30829685354543e-07,3.71901964241269e-08,9.889452431912051e-09,3.6590380598994e-09,2.00104838694631e-09,1.4966951518326802e-09,2.3079197253474e-09,2.5445685680448603e-09,3.1983645755573203e-09,3.3263276364691604e-09,3.5526757969591704e-09,3.2952949725652104e-09,,,,Saudi Arabia,CO2
GEM-E3_V2021,EN_INDCi2030_1000_NDCp,SAU,Emissions|CO2|Energy|Demand|Industry,Mt CO2/yr,,,,,,,,,,,,117.204595616078,,137.778542466243,,,,,148.320638273565,172.942659714317,141.294281752282,127.890563891839,112.550564903015,48.3421654977692,19.0163292122717,8.36664387053973,4.88828598036656,3.96277181300136,6.2511456104325,6.73152517913314,8.09228016148543,7.97636941222783,8.04587785925128,7.07911631962115,,,,Saudi Arabia,CO2
GEM-E3_V2021,EN_INDCi2030_1000_NDCp,SAU,Emissions|CO2|Energy|Demand|Residential and Commercial,Mt CO2/yr,,,,,,,,,,,,61.5286402975297,,51.9865728545335,,,,,52.6613663645299,56.9351373607578,50.345282769822,45.7594792019755,41.3180579083681,35.3857063941002,32.67332951965,30.5175157347489,29.2426362639704,30.6291972453606,36.7305369345209,39.8902525518409,44.0949000533532,46.7695551435936,49.7572807015817,51.4442557776445,,,,Saudi Arabia,CO2
GEM-E3_V2021,EN_INDCi2030_1000_NDCp,SAU,Emissions|CO2|Energy|Demand|Residential and Commercial|Commercial,Mt CO2/yr,,,,,,,,,,,,51.6351502130037,,42.6468038245366,,,,,42.0938466357159,45.2240672391425,42.3986310107618,39.9676798906777,37.2991726849372,34.37627823205,32.0704287164563,30.1163839496556,28.9299730258851,30.3366545729639,36.3486891668574,39.4836018002553,43.6334261462211,46.3048508158735,49.2827783700022,50.9990935663125,,,,Saudi Arabia,CO2
GEM-E3_V2021,EN_INDCi2030_1000_NDCp,SAU,Emissions|CO2|Energy|Demand|Residential and Commercial|Residential,Mt CO2/yr,,,,,,,,,,,,9.89349008452602,,9.33976902999691,,,,,10.567519728814,11.7110701216152,7.94665175906027,5.79179931129781,4.01888522343091,1.00942816205017,0.602900803193725,0.401131785093244,0.312663238085322,0.292542672396669,0.381847767663422,0.406650751585613,0.461473907132128,0.46470432772017,0.474502331579535,0.445162211331962,,,,Saudi Arabia,CO2
GEM-E3_V2021,EN_INDCi2030_1000_NDCp,SAU,Emissions|CO2|Energy|Demand|Transportation,Mt CO2/yr,,,,,,,,,,,,110.088859561298,,106.574621162085,,,,,109.00760788015,118.066368523536,104.538794249954,87.657921380803,65.4569591571504,49.2720247154042,38.1379090751981,28.9645038001482,23.3294563637921,22.4599833643405,30.6891681607281,34.4759083807454,40.925335514756,45.1248568718257,50.5698029630485,54.2003097356537,,,,Saudi Arabia,CO2
GEM-E3_V2021,EN_INDCi2030_1000_NDCp,SAU,Emissions|CO2|Energy|Supply,Mt CO2/yr,,,,,,,,,,,,237.494158717987,,331.758850319855,,,,,366.638417864993,396.998285516052,297.98834873375,249.142704782701,209.697861737575,186.140246310218,155.208776277664,103.01096261747,85.2125861075994,44.6828421560382,13.8933677646969,13.965574545159,15.3953425305805,17.094203574658,18.9616233903224,21.400643333256,,,,Saudi Arabia,CO2
GEM-E3_V2021,EN_INDCi2030_1000_NDCp,SAU,Emissions|CO2|Energy|Supply|Electricity,Mt CO2/yr,,,,,,,,,,,,200.364608162489,,300.70521373994,,,,,338.381398478937,366.82442885408,277.668489145838,231.960671533652,194.676850350526,174.418087714939,145.05021348148,93.3154566953399,75.2068087386056,33.7286470279433,1.28705696841706,0.0341761845263776,0.0047260817072683,0.0049021475696938,0.0050940586921094,0.0052928802910956,,,,Saudi Arabia,CO2
GEM-E3_V2021,EN_INDCi2030_1000_NDCp,SAU,Emissions|CO2|Energy|Supply|Gases,Mt CO2/yr,,,,,,,,,,,,9.25839534743692,,11.3089652015004,,,,,13.3077396950138,14.6870718783202,6.51220979599384,4.47160405075762,3.38710323970539,2.32104811175051,2.28189117423301,2.44309294849789,2.64983311535651,2.95803119491472,3.39166985596707,3.65280540276391,3.93821345069265,4.20558019962776,4.43135110813402,4.63855417719561,,,,Saudi Arabia,CO2
GEM-E3_V2021,EN_INDCi2030_1000_NDCp,SAU,Emissions|CO2|Energy|Supply|Liquids,Mt CO2/yr,,,,,,,,,,,,27.8711432362841,,19.7446585065424,,,,,14.9492660265811,15.4867721474751,13.8076445306961,12.7104241767586,11.6339035171705,9.40109893928843,7.8766588529502,7.25240015028546,7.35593439601319,7.99615936579938,9.21463769016977,10.2785910845237,11.4524008588391,12.8837188135986,14.5251755526169,16.7567934547546,,,,Saudi Arabia,CO2
GEM-E3_V2021,EN_INDCi2030_1000_NDCp,SAU,Emissions|CO2|Energy|Supply|Solids,Mt CO2/yr,,,,,,,,,,,,1.19717770493575e-05,,1.28718721257647e-05,,,,,1.36644605299417e-05,1.26361765592706e-05,5.26122286211915e-06,5.02153236905013e-06,4.63017290382461e-06,1.15442398048058e-05,1.27690014529007e-05,1.28233474389909e-05,9.85762404789342e-06,4.5673807900635e-06,3.25014303259737e-06,1.87334496348454e-06,2.13934152203417e-06,2.4138619651753e-06,2.67087932804653e-06,2.8210146199305e-06,,,,Saudi Arabia,CO2
GEM-E3_V2021,EN_INDCi2030_1000_NDCp,SAU,Emissions|CO2|Industrial Processes,Mt CO2/yr,,,,,,,,,,,,48.5316831142514,,64.316343856138,,,,,71.8050490737461,79.6482472045567,79.8391597119445,80.2189567038916,79.0774322556362,83.2606254282199,88.250761127917,90.4761523319956,89.9697656817215,91.2848483522645,98.2963030176013,100.23795036636,101.923162421615,102.338919950956,102.901110982537,101.329007970441,,,,Saudi Arabia,CO2
GEM-E3_V2021,EN_INDCi2030_1000f,SAU,Emissions|CO2|AFOLU,Mt CO2/yr,,,,,,,,,,,,3.75143948608308,,2.94711380117701,,,,,2.19289052449119,1.43866724780537,0.88437450433252,0.398927393745532,-0.477881122263893,-1.37536554156397,-1.69065213918422,-2.09295157844644,-2.25163148440031,-2.41031139035417,-2.50327825177948,-2.5962451132048,-3.76211041522201,-4.92797571723922,-4.57451252310028,-4.22104932896135,,,,Saudi Arabia,CO2
GEM-E3_V2021,EN_INDCi2030_1000f,SAU,Emissions|CO2|Energy and Industrial Processes,Mt CO2/yr,,,,,,,,,,,,574.963768355898,,692.533101702597,,,,,747.992854627807,823.171015865668,695.797926164654,635.192697162453,581.033399348357,482.837471336691,400.279266886324,324.923090055368,253.519175002701,192.951085939442,172.094727763073,168.433455735582,165.958244553762,165.866336301206,164.514032645533,162.797996933781,,,,Saudi Arabia,CO2
GEM-E3_V2021,EN_INDCi2030_1000f,SAU,Emissions|CO2|Energy|Demand,Mt CO2/yr,,,,,,,,,,,,288.822113700735,,296.339755183303,,,,,309.773239736402,346.862607534538,308.324823141553,288.43850101596,263.525839960627,229.835878239259,150.679816289562,111.867542904257,90.7048872103134,73.4183375822653,64.2382399536411,61.9283965683088,60.3796021761692,60.3472935785743,59.5235335601165,58.4020459700869,,,,Saudi Arabia,CO2
GEM-E3_V2021,EN_INDCi2030_1000f,SAU,Emissions|CO2|Energy|Demand|AFOFI,Mt CO2/yr,,,,,,,,,,,,1.82258285077195e-05,,1.87004415892355e-05,,,,,2.15377178332642e-05,2.24464867857784e-05,5.58830784129296e-06,2.31226715175937e-06,9.68129901046261e-07,3.41956484092664e-07,4.1982459110374e-08,1.39728250266244e-08,6.242053681752781e-09,2.74954279858482e-09,1.5684966461447602e-09,1.2086274113651e-09,9.77692667390841e-10,8.620899533265061e-10,7.45238604861721e-10,6.34770644189948e-10,,,,Saudi Arabia,CO2
GEM-E3_V2021,EN_INDCi2030_1000f,SAU,Emissions|CO2|Energy|Demand|Industry,Mt CO2/yr,,,,,,,,,,,,117.204595616078,,137.778542466243,,,,,148.14189655424,171.900298761221,147.405689636603,139.600621799893,130.286650787842,118.413041769848,57.4426553712316,28.6822753674951,15.091751769931,7.14398974550526,4.25641167939746,3.33818362635311,2.70609851314962,2.33854635138741,1.97394523670443,1.64792112511551,,,,Saudi Arabia,CO2
GEM-E3_V2021,EN_INDCi2030_1000f,SAU,Emissions|CO2|Energy|Demand|Residential and Commercial,Mt CO2/yr,,,,,,,,,,,,61.5286402975297,,51.9865728545335,,,,,52.650755951112,56.9425447042844,52.0554279718406,49.4056932729348,47.0014596589557,43.5008313522423,38.6331738260798,37.635979578578,37.0109988455989,35.2614695183317,33.5648576290684,33.7695332034169,34.098743505523,34.8430533414708,35.2257398887729,35.4679068495946,,,,Saudi Arabia,CO2
GEM-E3_V2021,EN_INDCi2030_1000f,SAU,Emissions|CO2|Energy|Demand|Residential and Commercial|Commercial,Mt CO2/yr,,,,,,,,,,,,51.6351502130037,,42.6468038245366,,,,,42.0821968581484,45.2320431580284,43.410662699269,42.3416682803661,41.3135868694238,39.291588233754,37.5020060098549,36.8511868482682,36.4303973952168,34.8581972866946,33.2570842794373,33.4956748034638,33.8511455196961,34.611714789469,35.011278836365,35.2689800307916,,,,Saudi Arabia,CO2
GEM-E3_V2021,EN_INDCi2030_1000f,SAU,Emissions|CO2|Energy|Demand|Residential and Commercial|Residential,Mt CO2/yr,,,,,,,,,,,,9.89349008452602,,9.33976902999691,,,,,10.5685590929635,11.710501546256,8.64476527257158,7.06402499256867,5.68787278953183,4.20924311848829,1.13116781622483,0.784792730309788,0.58060145038213,0.403272231637049,0.30777334963115,0.273858399953073,0.247597985826931,0.231338552001767,0.214461052407917,0.198926818802979,,,,Saudi Arabia,CO2
GEM-E3_V2021,EN_INDCi2030_1000f,SAU,Emissions|CO2|Energy|Demand|Transportation,Mt CO2/yr,,,,,,,,,,,,110.088859561298,,106.574621162085,,,,,108.980565693331,118.019741622545,108.863699944802,99.4321836308649,86.2377285456991,67.9220047752124,54.6039870502681,45.549287944211,38.6021365885413,31.0128783156787,26.4169706436067,24.8206797373301,23.5747601565188,23.165693884854,22.3238484338939,21.286217994742,,,,Saudi Arabia,CO2
GEM-E3_V2021,EN_INDCi2030_1000f,SAU,Emissions|CO2|Energy|Supply,Mt CO2/yr,,,,,,,,,,,,237.494158717987,,331.758850319855,,,,,366.415215985593,396.894275610154,306.54777350194,263.964777390022,233.864385874624,169.85081016502,162.913727236026,121.4550692865,67.8365769254819,24.1495462637554,13.7705327103729,14.1171697929252,16.0467834588209,18.4082442653976,21.2227940107572,24.5027493379913,,,,Saudi Arabia,CO2
GEM-E3_V2021,EN_INDCi2030_1000f,SAU,Emissions|CO2|Energy|Supply|Electricity,Mt CO2/yr,,,,,,,,,,,,200.364608162489,,300.70521373994,,,,,338.148063344355,366.455254743641,284.819727578505,244.931142196673,216.617244702464,154.18776365095,150.063298853365,109.754832749754,56.436549870241,12.6162302391263,1.12552575310669,0.0120641541985909,0.0047983263649352,0.0050382270073959,0.0053010237260054,0.0056180839245653,,,,Saudi Arabia,CO2
GEM-E3_V2021,EN_INDCi2030_1000f,SAU,Emissions|CO2|Energy|Supply|Gases,Mt CO2/yr,,,,,,,,,,,,9.25839534743692,,11.3089652015004,,,,,13.3126140764178,14.8893752211994,7.49070385075558,5.51913843369865,4.39910435139484,3.50579996856991,2.6644747516321,2.74808054402529,3.02479919709745,3.21529203129518,3.38084667399411,3.54769140587188,3.7691734469575,4.01285220399871,4.25532332548103,4.5105018417245,,,,Saudi Arabia,CO2
GEM-E3_V2021,EN_INDCi2030_1000f,SAU,Emissions|CO2|Energy|Supply|Liquids,Mt CO2/yr,,,,,,,,,,,,27.8711432362841,,19.7446585065424,,,,,14.9545249191603,15.5496327733438,14.2373361709103,13.5144917330154,12.8480318345061,12.157239610116,10.185943427831,8.95214484672998,8.37522286125364,8.31802032328643,9.26415776199925,10.5574125099158,12.2728101123453,14.3903521739936,16.9621678694581,19.9866275307004,,,,Saudi Arabia,CO2
GEM-E3_V2021,EN_INDCi2030_1000f,SAU,Emissions|CO2|Energy|Supply|Solids,Mt CO2/yr,,,,,,,,,,,,1.19717770493575e-05,,1.28718721257647e-05,,,,,1.36456603065321e-05,1.28719693296811e-05,5.90176856450775e-06,5.0266341091776e-06,4.98625817739143e-06,6.93538409126529e-06,1.02031970815052e-05,1.11459912874564e-05,4.99688978684257e-06,3.67004748546311e-06,2.52127292287226e-06,1.72293884106041e-06,1.57315317468811e-06,1.6603978695413e-06,1.79209205601026e-06,1.88164181587146e-06,,,,Saudi Arabia,CO2
GEM-E3_V2021,EN_INDCi2030_1000f,SAU,Emissions|CO2|Industrial Processes,Mt CO2/yr,,,,,,,,,,,,48.5316831142514,,64.316343856138,,,,,71.6754700237812,79.2801911951325,80.8234973910545,82.7074890230118,83.5774835491388,83.1033052120434,86.6553496497421,91.5801342974181,94.964023507573,95.3752002196335,94.0806410175399,92.3835238451981,89.5282062446569,87.1075360542155,83.7648794810632,79.8907944346309,,,,Saudi Arabia,CO2
GEM-E3_V2021,EN_INDCi2030_1000f_COV,SAU,Emissions|CO2|AFOLU,Mt CO2/yr,,,,,,,,,,,,3.75143948608308,,2.94711380117701,,,,,2.19289052449119,1.43866724780537,0.916069905406037,0.406964752432447,-0.326421664989223,-0.856331841647298,-1.52061784765131,-2.11515000637708,-2.29574373553407,-2.47633746469106,-2.42991811382082,-2.38349876295059,-3.50640788377343,-4.62931700459628,-4.30658957588447,-3.98386214717267,,,,Saudi Arabia,CO2
GEM-E3_V2021,EN_INDCi2030_1000f_COV,SAU,Emissions|CO2|Energy and Industrial Processes,Mt CO2/yr,,,,,,,,,,,,574.963768355898,,601.301202383815,,,,,655.193086392441,719.057399952017,617.479992046761,565.909690142416,521.984561284105,439.219272992114,369.246482004925,303.079572364995,236.877566995728,187.060285099068,157.707620961551,156.222069498586,155.85730893789,156.071902550443,156.393557842654,156.731934747547,,,,Saudi Arabia,CO2
GEM-E3_V2021,EN_INDCi2030_1000f_COV,SAU,Emissions|CO2|Energy|Demand,Mt CO2/yr,,,,,,,,,,,,288.822113700735,,251.956326548856,,,,,267.921754501727,298.949417400004,271.314408857322,256.117831958654,239.603809894857,210.607339538111,149.42239645823,110.120261325335,88.5000374712613,71.0448066762653,60.4623148503525,59.4711891604125,59.1707147928465,59.1052435361647,59.0870845569038,59.0660709770253,,,,Saudi Arabia,CO2
GEM-E3_V2021,EN_INDCi2030_1000f_COV,SAU,Emissions|CO2|Energy|Demand|AFOFI,Mt CO2/yr,,,,,,,,,,,,1.82258285077195e-05,,1.64678741885624e-05,,,,,1.85952206703118e-05,1.92215312058124e-05,5.16711420536575e-06,2.18407837416018e-06,1.009053105266e-06,3.58595247368737e-07,5.45211713352818e-08,1.69683755750932e-08,7.42044014849534e-09,3.2977642003058605e-09,1.7182678017266302e-09,1.3998521023294501e-09,1.1860320426573701e-09,1.0402894107517601e-09,9.25331026321235e-10,8.222525269626091e-10,,,,Saudi Arabia,CO2
GEM-E3_V2021,EN_INDCi2030_1000f_COV,SAU,Emissions|CO2|Energy|Demand|Industry,Mt CO2/yr,,,,,,,,,,,,117.204595616078,,112.333537800092,,,,,119.552717758812,138.674043432527,122.545594548242,117.853296101714,112.786625874392,103.759212359675,59.1059626564324,29.7261725554937,15.6272654641226,7.37497852597033,4.00586369283994,3.29019917790101,2.77651935140226,2.38282705107337,2.05692651181466,1.77551989132171,,,,Saudi Arabia,CO2
GEM-E3_V2021,EN_INDCi2030_1000f_COV,SAU,Emissions|CO2|Energy|Demand|Residential and Commercial,Mt CO2/yr,,,,,,,,,,,,61.5286402975297,,48.5725625674939,,,,,49.0911062245897,52.86824436446,48.9073251827614,46.6702150750341,45.20223197863,41.975321342874,37.5781051488272,36.4305476041093,35.6682559051392,33.8418974508043,31.7305843279426,32.2675287870942,32.9217393425484,33.5526005385377,34.1485198758676,34.7131909207794,,,,Saudi Arabia,CO2
GEM-E3_V2021,EN_INDCi2030_1000f_COV,SAU,Emissions|CO2|Energy|Demand|Residential and Commercial|Commercial,Mt CO2/yr,,,,,,,,,,,,51.6351502130037,,40.2287130792517,,,,,39.5981540998357,42.3502245218403,41.0191993059405,40.1927100073129,39.7822773732851,37.9574023648865,36.4222357923318,35.6457961172437,35.0901853968794,33.4397524515256,31.4343088979935,31.9962027933765,32.6707464042124,33.3187395418999,33.9295275954429,34.5075754289054,,,,Saudi Arabia,CO2
GEM-E3_V2021,EN_INDCi2030_1000f_COV,SAU,Emissions|CO2|Energy|Demand|Residential and Commercial|Residential,Mt CO2/yr,,,,,,,,,,,,9.89349008452602,,8.34384948824228,,,,,9.49295212475397,10.5180198426196,7.88812587682087,6.47750506772121,5.41995460534482,4.01791897798746,1.15586935649538,0.78475148686557,0.578070508259725,0.402144999278674,0.296275429949163,0.271325993717628,0.250992938335992,0.233860996637776,0.218992280424711,0.205615491874087,,,,Saudi Arabia,CO2
GEM-E3_V2021,EN_INDCi2030_1000f_COV,SAU,Emissions|CO2|Energy|Demand|Transportation,Mt CO2/yr,,,,,,,,,,,,110.088859561298,,91.0502097133952,,,,,99.2779119231044,107.407110381485,99.8614839592048,91.5943185978274,81.6149510327824,64.8728054769669,52.73832859845,43.9635411487643,37.2045160945791,29.8279306961929,24.7258668278516,23.9134611940174,23.4724560977098,23.1698159455133,22.8816381682962,22.5773601641018,,,,Saudi Arabia,CO2
GEM-E3_V2021,EN_INDCi2030_1000f_COV,SAU,Emissions|CO2|Energy|Supply,Mt CO2/yr,,,,,,,,,,,,237.494158717987,,294.972433697313,,,,,326.550394701616,352.901174083852,276.913369500155,238.362435759258,209.399901078182,155.381257063462,143.678868580722,112.203863725254,64.179946151949,30.813676917481,12.7918213207152,12.9758747110915,14.6710316480889,16.8134158843409,19.3409192645368,22.3190369568278,,,,Saudi Arabia,CO2
GEM-E3_V2021,EN_INDCi2030_1000f_COV,SAU,Emissions|CO2|Energy|Supply|Electricity,Mt CO2/yr,,,,,,,,,,,,200.364608162489,,268.347114148071,,,,,302.074307168689,326.586476358684,257.371675624384,221.051000235006,193.37373694929,140.817740799654,131.367526356212,101.15312813083,53.5328746628636,20.1545218089738,1.17259327430323,0.0330780654732516,0.0041831901552896,0.004391723310936,0.0046198740091847,0.0048828467065611,,,,Saudi Arabia,CO2
GEM-E3_V2021,EN_INDCi2030_1000f_COV,SAU,Emissions|CO2|Energy|Supply|Gases,Mt CO2/yr,,,,,,,,,,,,9.25839534743692,,9.4425230318051,,,,,11.0258719419106,12.2758925234949,6.5619882887224,4.92603299586493,4.07149839856821,3.255647135249,2.53221233135004,2.51510507301786,2.73845577061565,2.88630834514611,3.03869842664949,3.20536279594409,3.40497354768507,3.62304740340858,3.84291742101563,4.08890425259108,,,,Saudi Arabia,CO2
GEM-E3_V2021,EN_INDCi2030_1000f_COV,SAU,Emissions|CO2|Energy|Supply|Liquids,Mt CO2/yr,,,,,,,,,,,,27.8711432362841,,17.1827856681881,,,,,13.4502037412305,14.03879399966,12.9797002333077,12.3853979414679,11.954661211194,11.3078642218356,9.7791217978126,8.53562161929047,7.90861113785218,7.7728437730298,8.58052736249538,9.73743225805006,11.2618734391872,13.1859751881789,15.4933802605414,18.2252480461726,,,,Saudi Arabia,CO2
GEM-E3_V2021,EN_INDCi2030_1000f_COV,SAU,Emissions|CO2|Energy|Supply|Solids,Mt CO2/yr,,,,,,,,,,,,1.19717770493575e-05,,1.08492487006774e-05,,,,,1.18497852179197e-05,1.12020132869557e-05,5.35374035244595e-06,4.58691839700305e-06,4.51912979546071e-06,4.90672343242162e-06,8.09534637459057e-06,8.90211480411706e-06,4.58061753237287e-06,2.99033130587462e-06,2.25726709785433e-06,1.5916241196218e-06,1.47106131552027e-06,1.56944254192109e-06,1.70897052069105e-06,1.81135759791522e-06,,,,Saudi Arabia,CO2
GEM-E3_V2021,EN_INDCi2030_1000f_COV,SAU,Emissions|CO2|Industrial Processes,Mt CO2/yr,,,,,,,,,,,,48.5316831142514,,54.2695146255745,,,,,60.607522489548,67.0887610085983,69.1615957032584,71.3562772945884,72.9199746019452,73.1864635605132,76.1158163930824,80.7356009705313,84.1841848730165,85.1939020537242,84.4485386136373,83.77070286,82.011754784573,80.1498366522699,77.9624995848218,75.3440926225351,,,,Saudi Arabia,CO2
GEM-E3_V2021,EN_INDCi2030_1000f_COV_NDCp,SAU,Emissions|CO2|AFOLU,Mt CO2/yr,,,,,,,,,,,,3.75143948608308,,2.94711380117701,,,,,2.19289052449119,1.43866724780537,0.916069905406037,0.406964752432447,-0.326421664989223,-0.856331841647298,-1.52061784765131,-2.11515000637708,-2.29574373553407,-2.47633746469106,-2.42991811382082,-2.38349876295059,-3.50640788377343,-4.62931700459628,-4.30658957588447,-3.98386214717267,,,,Saudi Arabia,CO2
GEM-E3_V2021,EN_INDCi2030_1000f_COV_NDCp,SAU,Emissions|CO2|Energy and Industrial Processes,Mt CO2/yr,,,,,,,,,,,,574.963768355898,,601.301202159123,,,,,655.52936193833,720.403314976576,616.4886174791,566.142492994363,522.498371113375,446.197990066691,378.991045239313,311.947390867553,243.251311254407,190.847809998148,159.870780688827,158.365698216081,158.000768314407,158.24573501133,158.601682954029,159.009897974801,,,,Saudi Arabia,CO2
GEM-E3_V2021,EN_INDCi2030_1000f_COV_NDCp,SAU,Emissions|CO2|Energy|Demand,Mt CO2/yr,,,,,,,,,,,,288.822113700735,,251.956326477092,,,,,268.131087099608,299.882654165448,271.497370322467,256.204839248546,239.643477714911,214.705470659823,163.190350049391,116.46432177376,92.2075801684666,73.2797454101752,62.1623224609905,61.1206360595007,60.8115947106504,60.7639963363627,60.772998418389,60.7865500160586,,,,Saudi Arabia,CO2
GEM-E3_V2021,EN_INDCi2030_1000f_COV_NDCp,SAU,Emissions|CO2|Energy|Demand|AFOFI,Mt CO2/yr,,,,,,,,,,,,1.82258285077195e-05,,1.64678741014682e-05,,,,,1.8609122468392e-05,1.92896903495554e-05,5.1627939507586e-06,2.18434154638129e-06,1.0092530906395e-06,3.92354681617804e-07,7.57998482120794e-08,1.98494471237017e-08,8.293162357111531e-09,3.5845596831377803e-09,1.8408970120515302e-09,1.494673131417e-09,1.2644854416492401e-09,1.10527127276488e-09,9.83419819555884e-10,8.743464813492201e-10,,,,Saudi Arabia,CO2
GEM-E3_V2021,EN_INDCi2030_1000f_COV_NDCp,SAU,Emissions|CO2|Energy|Demand|Industry,Mt CO2/yr,,,,,,,,,,,,117.204595616078,,112.333537654008,,,,,119.739516843889,139.567639866271,122.826878575774,117.994272638016,112.866959368335,105.383987747566,69.916908340003,33.7280559524721,17.37624419834,8.01024294644844,4.278967895237,3.49827452539429,2.94355494502619,2.51854014858123,2.17144031046867,1.87253987619645,,,,Saudi Arabia,CO2
GEM-E3_V2021,EN_INDCi2030_1000f_COV_NDCp,SAU,Emissions|CO2|Energy|Demand|Residential and Commercial,Mt CO2/yr,,,,,,,,,,,,61.5286402975297,,48.5725626174167,,,,,49.0959352845771,52.865340286606,48.8400535462756,46.6496805848529,45.1941284907547,42.5108194311357,38.3291255111983,37.0344223954336,36.2345151089454,34.3691003703556,32.2371188751107,32.7812355846459,33.445404875719,34.0869680796254,34.6952429341516,35.2812233050112,,,,Saudi Arabia,CO2
GEM-E3_V2021,EN_INDCi2030_1000f_COV_NDCp,SAU,Emissions|CO2|Energy|Demand|Residential and Commercial|Commercial,Mt CO2/yr,,,,,,,,,,,,51.6351502130037,,40.2287131278014,,,,,39.6047522657128,42.3465804879838,40.9629458563815,40.1721462130369,39.7731274902413,38.3397561141524,37.0264666508125,36.1947502376252,35.6233486664714,33.9488575078368,31.9303313712126,32.5010806433545,33.186834094694,33.846660676053,34.4706541526926,35.0707320668567,,,,Saudi Arabia,CO2
GEM-E3_V2021,EN_INDCi2030_1000f_COV_NDCp,SAU,Emissions|CO2|Energy|Demand|Residential and Commercial|Residential,Mt CO2/yr,,,,,,,,,,,,9.89349008452602,,8.34384948961535,,,,,9.49118301886432,10.5187597986222,7.87710768989411,6.47753437181602,5.42100100051342,4.1710633169833,1.30265886038577,0.839672157808418,0.611166442474009,0.420242862518891,0.306787503898083,0.280154941291356,0.258570781025047,0.2403074035724,0.224588781459038,0.21049123815442,,,,Saudi Arabia,CO2
GEM-E3_V2021,EN_INDCi2030_1000f_COV_NDCp,SAU,Emissions|CO2|Energy|Demand|Transportation,Mt CO2/yr,,,,,,,,,,,,110.088859561298,,91.0502097377935,,,,,99.2956163620192,107.44965472288,99.8304330376234,91.5608838413356,81.5823888465677,66.810663088766,54.9443161223898,45.7018434060051,38.5968208528879,30.9004020897865,25.6462356888018,24.8411259479658,24.4226348886407,24.1584881070508,23.9063151727852,23.6327868339766,,,,Saudi Arabia,CO2
GEM-E3_V2021,EN_INDCi2030_1000f_COV_NDCp,SAU,Emissions|CO2|Energy|Supply,Mt CO2/yr,,,,,,,,,,,,237.494158717987,,294.972433592564,,,,,326.551032864287,352.975136152109,275.655169815406,238.462446003773,209.849398295825,157.898148587894,139.987718021817,114.958007326914,66.8325039661651,32.1012153887242,12.8076369178144,12.9496229952463,14.6180641789759,16.7508568027845,19.2665683615279,22.2344721134271,,,,Saudi Arabia,CO2
GEM-E3_V2021,EN_INDCi2030_1000f_COV_NDCp,SAU,Emissions|CO2|Energy|Supply|Electricity,Mt CO2/yr,,,,,,,,,,,,200.364608162489,,268.347114046448,,,,,302.086397038839,326.907559710753,256.253723760465,221.245733181538,193.897226284239,143.205036240877,127.175561594453,103.684894121455,56.0631631587543,21.4010899812217,1.19007272884656,0.0342995520247074,0.00417516458843,0.0043828975264156,0.0046073142556158,0.0048675222133598,,,,Saudi Arabia,CO2
GEM-E3_V2021,EN_INDCi2030_1000f_COV_NDCp,SAU,Emissions|CO2|Energy|Supply|Gases,Mt CO2/yr,,,,,,,,,,,,9.25839534743692,,9.44252301770665,,,,,11.021452264197,12.084598426741,6.45557960254119,4.85085809382591,4.01277815407937,3.29335045706168,2.64742937618679,2.52433867196855,2.73620931194793,2.87855937207454,3.03688930180201,3.20105112861718,3.39730989346533,3.61849312974758,3.83638726928941,4.08211784778667,,,,Saudi Arabia,CO2
GEM-E3_V2021,EN_INDCi2030_1000f_COV_NDCp,SAU,Emissions|CO2|Energy|Supply|Liquids,Mt CO2/yr,,,,,,,,,,,,27.8711432362841,,17.1827856791925,,,,,13.4431716976038,13.982967012944,12.9458610964732,12.3658501461482,11.9393893405632,11.399756584445,10.1647191638932,8.74876568014307,8.03312680947833,7.82156301213882,8.5806723168238,9.71427074596329,11.216577619038,13.1279791819376,15.4255720292188,18.1474849345162,,,,Saudi Arabia,CO2
GEM-E3_V2021,EN_INDCi2030_1000f_COV_NDCp,SAU,Emissions|CO2|Energy|Supply|Solids,Mt CO2/yr,,,,,,,,,,,,1.19717770493575e-05,,1.08492167154002e-05,,,,,1.18636470870654e-05,1.1001670967192e-05,5.35592639162634e-06,4.58226181137711e-06,4.51694343447118e-06,5.30551039364042e-06,7.88728402635888e-06,8.85334679585315e-06,4.68598449752204e-06,3.02328913475066e-06,2.57034202664956e-06,1.56864112920269e-06,1.50188415022431e-06,1.59357290543645e-06,1.74876411984982e-06,1.80891079764323e-06,,,,Saudi Arabia,CO2
GEM-E3_V2021,EN_INDCi2030_1000f_COV_NDCp,SAU,Emissions|CO2|Industrial Processes,Mt CO2/yr,,,,,,,,,,,,48.5316831142514,,54.2695145774346,,,,,60.7338824925431,67.427432212833,69.2455202067136,71.4020426940801,72.9445969657317,73.5482939604572,75.7812490187338,80.5036554834788,84.1968229541971,85.4583907960078,84.8955406176119,84.2908502668691,82.5670500861548,80.7272516860809,78.55885947215219,75.9859588157515,,,,Saudi Arabia,CO2
GEM-E3_V2021,EN_INDCi2030_1000f_NDCp,SAU,Emissions|CO2|AFOLU,Mt CO2/yr,,,,,,,,,,,,3.75143948608308,,2.94711380117701,,,,,2.19289052449119,1.43866724780537,0.88437450433252,0.398927393745532,-0.477881122263893,-1.37536554156397,-1.69065213918422,-2.09295157844644,-2.25163148440031,-2.41031139035417,-2.50327825177948,-2.5962451132048,-3.76211041522201,-4.92797571723922,-4.57451252310028,-4.22104932896135,,,,Saudi Arabia,CO2
GEM-E3_V2021,EN_INDCi2030_1000f_NDCp,SAU,Emissions|CO2|Energy and Industrial Processes,Mt CO2/yr,,,,,,,,,,,,574.963768355898,,692.533101702597,,,,,748.561977448501,824.724710628363,696.032046223626,635.625929967367,584.078683930538,489.543795154074,410.294915083745,340.183895603048,259.756619831672,199.755949684263,168.141443003364,166.350461327311,165.705464173975,165.615867410474,165.537634806214,165.477380130125,,,,Saudi Arabia,CO2
GEM-E3_V2021,EN_INDCi2030_1000f_NDCp,SAU,Emissions|CO2|Energy|Demand,Mt CO2/yr,,,,,,,,,,,,288.822113700735,,296.339755183303,,,,,309.989634070186,347.944188119661,308.518189494018,288.535666501208,267.970126836995,233.742391269656,161.465311260578,117.633644799018,92.101853702686,73.1773791038931,61.4813880465205,60.5517047577908,60.3094113719898,60.276714696201,60.2815003703761,60.288056538345,,,,Saudi Arabia,CO2
GEM-E3_V2021,EN_INDCi2030_1000f_NDCp,SAU,Emissions|CO2|Energy|Demand|AFOFI,Mt CO2/yr,,,,,,,,,,,,1.82258285077195e-05,,1.87004415892355e-05,,,,,2.15519402621354e-05,2.25210497495884e-05,5.59001047513313e-06,2.31255705484411e-06,1.05381623663331e-06,3.68699008534657e-07,5.29647647085784e-08,1.64211112870925e-08,6.596083419120521e-09,2.7882757368004603e-09,1.4022392293849401e-09,1.1489081788683601e-09,9.802254197328251e-10,8.631593234801e-10,7.69521478671571e-10,6.828859959492e-10,,,,Saudi Arabia,CO2
GEM-E3_V2021,EN_INDCi2030_1000f_NDCp,SAU,Emissions|CO2|Energy|Demand|Industry,Mt CO2/yr,,,,,,,,,,,,117.204595616078,,137.778542466243,,,,,148.320638273565,172.942659714317,147.654989267053,139.749833449848,132.124867735038,120.024010299111,65.6719610057641,32.4090503410411,15.7823208781499,7.1567136421132,3.82463835692273,3.17806608723932,2.70745466629518,2.33860084074118,2.02756312739935,1.75417489894273,,,,Saudi Arabia,CO2
GEM-E3_V2021,EN_INDCi2030_1000f_NDCp,SAU,Emissions|CO2|Energy|Demand|Residential and Commercial,Mt CO2/yr,,,,,,,,,,,,61.5286402975297,,51.9865728545335,,,,,52.6613663645299,56.9351373607578,52.0370256612654,49.3923104980724,47.6405234442823,44.0107666718732,39.2756174985191,38.1792470384385,37.2014015527637,35.1307559139534,32.6534367009948,33.2874836273079,34.0611181829287,34.8036079213074,35.4942551156855,36.1544618118425,,,,Saudi Arabia,CO2
GEM-E3_V2021,EN_INDCi2030_1000f_NDCp,SAU,Emissions|CO2|Energy|Demand|Residential and Commercial|Commercial,Mt CO2/yr,,,,,,,,,,,,51.6351502130037,,42.6468038245366,,,,,42.0938466357159,45.2240672391425,43.3915547030464,42.327988973224,41.7522561595452,39.6664810443335,38.0482117069797,37.3443441870025,36.6082770968806,34.7286682262851,32.3629257172977,33.02065075083,33.8135311238726,34.5723352044238,35.2772168084181,35.9503424131386,,,,Saudi Arabia,CO2
GEM-E3_V2021,EN_INDCi2030_1000f_NDCp,SAU,Emissions|CO2|Energy|Demand|Residential and Commercial|Residential,Mt CO2/yr,,,,,,,,,,,,9.89349008452602,,9.33976902999691,,,,,10.567519728814,11.7110701216152,8.64547095821903,7.06432152484832,5.88826728473703,4.34428562753969,1.22740579153946,0.834902851436047,0.593124455883057,0.402087687668285,0.290510983697106,0.266832876477915,0.247587059056102,0.231272716883613,0.217038307267307,0.204119398703864,,,,Saudi Arabia,CO2
GEM-E3_V2021,EN_INDCi2030_1000f_NDCp,SAU,Emissions|CO2|Energy|Demand|Transportation,Mt CO2/yr,,,,,,,,,,,,110.088859561298,,106.574621162085,,,,,109.00760788015,118.066368523536,108.826168975689,99.3935202407299,88.2047346038592,69.7076139299725,56.5177327033305,47.0453474031181,39.1181312651763,30.8899095450382,25.0033129872007,24.0861550420946,23.5408385217856,23.1345059332892,22.7596821265217,22.3794198268768,,,,Saudi Arabia,CO2
GEM-E3_V2021,EN_INDCi2030_1000f_NDCp,SAU,Emissions|CO2|Energy|Supply,Mt CO2/yr,,,,,,,,,,,,237.494158717987,,331.758850319855,,,,,366.638417864993,396.998285516052,306.528511634314,264.253186563459,232.097765470716,172.255791596677,162.465550918489,131.320128010005,72.8145618383713,31.4832073057133,13.7781286230988,14.1493382331391,16.0384046788158,18.3977002718911,21.1774018533511,24.4287911475868,,,,Saudi Arabia,CO2
GEM-E3_V2021,EN_INDCi2030_1000f_NDCp,SAU,Emissions|CO2|Energy|Supply|Electricity,Mt CO2/yr,,,,,,,,,,,,200.364608162489,,300.70521373994,,,,,338.381398478937,366.82442885408,284.937902815073,245.313638736784,214.659235386447,156.474588949358,149.225875329741,119.411304312542,61.3748060037082,19.9753984674528,1.15588597553709,0.0376871046138977,0.0047858907269654,0.0050278052943317,0.0052887344901624,0.005594445653647,,,,Saudi Arabia,CO2
GEM-E3_V2021,EN_INDCi2030_1000f_NDCp,SAU,Emissions|CO2|Energy|Supply|Gases,Mt CO2/yr,,,,,,,,,,,,9.25839534743692,,11.3089652015004,,,,,13.3077396950138,14.6870718783202,7.38237915321146,5.44569042209304,4.45583438554522,3.53699356162293,2.73186514049386,2.74969041615023,3.0232718619294,3.19992883748642,3.36432744732002,3.54609442090622,3.77025839547294,4.00987953029307,4.25261029822916,4.51495145101843,,,,Saudi Arabia,CO2
GEM-E3_V2021,EN_INDCi2030_1000f_NDCp,SAU,Emissions|CO2|Energy|Supply|Liquids,Mt CO2/yr,,,,,,,,,,,,27.8711432362841,,19.7446585065424,,,,,14.9492660265811,15.4867721474751,14.2082237641008,13.4938523833027,12.9826907547438,12.2442035103294,10.5078008359654,9.15912268743516,8.41647917010934,8.30787647624877,9.25791274508043,10.5655546639478,12.2633588218199,14.3827912758648,16.9195010153604,19.9082433426214,,,,Saudi Arabia,CO2
GEM-E3_V2021,EN_INDCi2030_1000f_NDCp,SAU,Emissions|CO2|Energy|Supply|Solids,Mt CO2/yr,,,,,,,,,,,,1.19717770493575e-05,,1.28718721257647e-05,,,,,1.36644605299417e-05,1.26361765592706e-05,5.90192852735096e-06,5.02127938271587e-06,4.9439792108783e-06,5.57536652814189e-06,9.61228828372585e-06,1.05938773616462e-05,4.80262434343918e-06,3.52452528877016e-06,2.45516132176019e-06,2.04367116014828e-06,1.57079592737332e-06,1.66043892095549e-06,1.80527133469667e-06,1.90829335058235e-06,,,,Saudi Arabia,CO2
GEM-E3_V2021,EN_INDCi2030_1000f_NDCp,SAU,Emissions|CO2|Industrial Processes,Mt CO2/yr,,,,,,,,,,,,48.5316831142514,,64.316343856138,,,,,71.8050490737461,79.6482472045567,80.8834532520032,82.7551256929376,83.9427959351565,83.4964191450853,86.3315889997102,91.2082750019942,94.8261190182053,95.0874042136648,92.8771706799044,91.6452836324976,89.3539930656416,86.9381890984861,84.0758123270751,80.7579271979433,,,,Saudi Arabia,CO2
GEM-E3_V2021,EN_INDCi2030_1400,SAU,Emissions|CO2|AFOLU,Mt CO2/yr,,,,,,,,,,,,3.75143948608308,,2.94711380117701,,,,,2.19289052449119,1.43866724780537,0.916121805341238,0.417535994845156,-0.308829739839103,-0.835267494972899,-1.38291456863968,-1.90721989411044,-2.04281475924752,-2.17840962438461,-2.16728689237937,-2.15616416037413,-3.18052449266395,-4.20488482495377,-3.87587119632927,-3.54685756770478,,,,Saudi Arabia,CO2
GEM-E3_V2021,EN_INDCi2030_1400,SAU,Emissions|CO2|Energy and Industrial Processes,Mt CO2/yr,,,,,,,,,,,,574.963768355898,,692.533101702597,,,,,747.992854627807,823.171015865668,711.620853941983,684.75007677727,647.693309384502,594.701133690056,562.427390337487,515.950102406343,481.071659784167,357.305972628164,255.652628170447,226.667370096499,216.335481245766,217.049069946316,223.835971878785,231.933632852648,,,,Saudi Arabia,CO2
GEM-E3_V2021,EN_INDCi2030_1400,SAU,Emissions|CO2|Energy|Demand,Mt CO2/yr,,,,,,,,,,,,288.822113700735,,296.339755183303,,,,,309.773239736402,346.862607534538,314.14287979782,314.005278903159,305.259932351,287.231152162872,284.875557274374,271.458247147273,265.8132903526,173.174933605281,125.937419666666,110.367694498544,100.300471838601,99.9751322204727,105.014182761378,111.346525903105,,,,Saudi Arabia,CO2
GEM-E3_V2021,EN_INDCi2030_1400,SAU,Emissions|CO2|Energy|Demand|AFOFI,Mt CO2/yr,,,,,,,,,,,,1.82258285077195e-05,,1.87004415892355e-05,,,,,2.15377178332642e-05,2.24464867857784e-05,6.31305888148666e-06,3.75577157426149e-06,2.09456793543781e-06,1.0188191190804e-06,7.37393056947972e-07,4.75790815022038e-07,3.67914275009002e-07,3.70312555954534e-08,1.11331952331491e-08,6.156586361657751e-09,3.79578344085182e-09,3.1737245812243504e-09,3.1309561311944302e-09,3.1390226665891703e-09,,,,Saudi Arabia,CO2
GEM-E3_V2021,EN_INDCi2030_1400,SAU,Emissions|CO2|Energy|Demand|Industry,Mt CO2/yr,,,,,,,,,,,,117.204595616078,,137.778542466243,,,,,148.14189655424,171.900298761221,150.348954823407,152.097382632167,148.654716621076,141.899534327911,145.578824848239,145.676813703357,148.049950922347,65.571284733025,26.6942740643572,15.2549391767049,9.28321544459699,7.47493282406618,6.98110436878026,6.61821283594482,,,,Saudi Arabia,CO2
GEM-E3_V2021,EN_INDCi2030_1400,SAU,Emissions|CO2|Energy|Demand|Residential and Commercial,Mt CO2/yr,,,,,,,,,,,,61.5286402975297,,51.9865728545335,,,,,52.650755951112,56.9425447042844,53.017697969325,52.8839753293533,52.6257305434719,51.3567763450292,51.3227557614604,49.9215647977926,49.6066212219019,47.0116638182379,45.934914224413,45.7560843816528,45.1419473328443,46.1663421644749,48.3332878609136,50.6732617340899,,,,Saudi Arabia,CO2
GEM-E3_V2021,EN_INDCi2030_1400,SAU,Emissions|CO2|Energy|Demand|Residential and Commercial|Commercial,Mt CO2/yr,,,,,,,,,,,,51.6351502130037,,42.6468038245366,,,,,42.0821968581484,45.2320431580284,43.9910596291276,44.5070320405482,45.073730435903,44.9011764936939,45.5752617917491,45.1575367070423,45.4437468543862,45.7809926697114,45.0998283767747,45.1078460872036,44.63941728766,45.7171555560769,47.8962222332694,50.2447353182744,,,,Saudi Arabia,CO2
GEM-E3_V2021,EN_INDCi2030_1400,SAU,Emissions|CO2|Energy|Demand|Residential and Commercial|Residential,Mt CO2/yr,,,,,,,,,,,,9.89349008452602,,9.33976902999691,,,,,10.5685590929635,11.710501546256,9.02663834019743,8.37694328880504,7.55200010756895,6.45559985133529,5.74749396971122,4.76402809075031,4.16287436751563,1.23067114852647,0.835085847638282,0.648238294449159,0.502530045184271,0.449186608398056,0.43706562764418,0.428526415815471,,,,Saudi Arabia,CO2
GEM-E3_V2021,EN_INDCi2030_1400,SAU,Emissions|CO2|Energy|Demand|Transportation,Mt CO2/yr,,,,,,,,,,,,110.088859561298,,106.574621162085,,,,,108.980565693331,118.019741622545,110.776220692028,109.023917185867,103.979483091884,93.9748404711119,87.9739759272821,75.8598681703318,68.1567178404359,60.5919850169868,53.3082313667629,49.3566709340297,45.8753090573647,46.3338572287578,49.6997905285537,54.0550513299318,,,,Saudi Arabia,CO2
GEM-E3_V2021,EN_INDCi2030_1400,SAU,Emissions|CO2|Energy|Supply,Mt CO2/yr,,,,,,,,,,,,237.494158717987,,331.758850319855,,,,,366.415215985593,396.894275610154,316.196892869647,285.84529310062,255.208173946183,219.304829580447,188.034049057168,154.685577224497,124.736840972921,89.2503167934249,29.7556757419476,14.4643770896708,15.3975905849162,17.0800884134608,19.0876599184661,21.4174469974596,,,,Saudi Arabia,CO2
GEM-E3_V2021,EN_INDCi2030_1400,SAU,Emissions|CO2|Energy|Supply|Electricity,Mt CO2/yr,,,,,,,,,,,,200.364608162489,,300.70521373994,,,,,338.148063344355,366.455254743641,293.760835567041,264.745758107921,235.388195621452,200.817190736626,169.809858894294,137.068023120001,107.207351841835,74.3734262751385,15.6881211919043,0.0939743522624005,0.0046298550175653,0.0048398096891474,0.0050279376434675,0.0052339759802692,,,,Saudi Arabia,CO2
GEM-E3_V2021,EN_INDCi2030_1400,SAU,Emissions|CO2|Energy|Supply|Gases,Mt CO2/yr,,,,,,,,,,,,9.25839534743692,,11.3089652015004,,,,,13.3126140764178,14.8893752211994,7.96737463598544,6.8669400997391,5.85673928376433,4.90548705917277,4.76401890392721,4.56053466793457,4.6518673752207,3.71003959188242,3.70382163355516,3.78619178668558,3.89535630816644,4.10268095119791,4.34645507663467,4.57428351698184,,,,Saudi Arabia,CO2
GEM-E3_V2021,EN_INDCi2030_1400,SAU,Emissions|CO2|Energy|Supply|Liquids,Mt CO2/yr,,,,,,,,,,,,27.8711432362841,,19.7446585065424,,,,,14.9545249191603,15.5496327733438,14.4686765100578,14.2325892660725,13.9632337958868,13.5821463539448,13.4601657623225,13.0570139540343,12.8776163241735,11.1668455214024,10.3637295062384,10.5842084525262,11.4976020167662,12.9725650672257,14.7361742251228,16.8379266642,,,,Saudi Arabia,CO2
GEM-E3_V2021,EN_INDCi2030_1400,SAU,Emissions|CO2|Energy|Supply|Solids,Mt CO2/yr,,,,,,,,,,,,1.19717770493575e-05,,1.28718721257647e-05,,,,,1.36456603065321e-05,1.28719693296811e-05,6.15656258346308e-06,5.62688746526468e-06,5.24507901156769e-06,5.43070320616816e-06,5.49662426703526e-06,5.48252749572127e-06,5.4316914327711e-06,5.40500150258915e-06,3.41024973058997e-06,2.49819658943991e-06,2.40496597022132e-06,2.58534802408701e-06,2.67906514313433e-06,2.84029747380103e-06,,,,Saudi Arabia,CO2
GEM-E3_V2021,EN_INDCi2030_1400,SAU,Emissions|CO2|Industrial Processes,Mt CO2/yr,,,,,,,,,,,,48.5316831142514,,64.316343856138,,,,,71.6754700237812,79.2801911951325,81.175450498748,84.8039017898718,87.138731389498,88.0908333777081,89.4536777470774,89.7556764680114,90.479603530266,94.8494409846854,99.9375901602934,101.818810870585,100.625300706139,99.9831886905013,99.7235324115061,99.15897020574,,,,Saudi Arabia,CO2
GEM-E3_V2021,EN_INDCi2030_1400f,SAU,Emissions|CO2|AFOLU,Mt CO2/yr,,,,,,,,,,,,3.75143948608308,,2.94711380117701,,,,,2.19289052449119,1.43866724780537,0.916121805341238,0.417535994845156,-0.308829739839103,-0.835267494972899,-1.38291456863968,-1.90721989411044,-2.04281475924752,-2.17840962438461,-2.16728689237937,-2.15616416037413,-3.18052449266395,-4.20488482495377,-3.87587119632927,-3.54685756770478,,,,Saudi Arabia,CO2
GEM-E3_V2021,EN_INDCi2030_1400f,SAU,Emissions|CO2|Energy and Industrial Processes,Mt CO2/yr,,,,,,,,,,,,574.963768355898,,692.533101702597,,,,,747.992854627807,823.171015865668,711.620853941983,684.75007677727,647.693309384502,594.701133690056,562.427390337487,525.299493855345,490.171166505175,365.906429932375,261.331236671309,230.619893184021,219.387333220109,217.203684768908,210.758671557025,200.811862520536,,,,Saudi Arabia,CO2
GEM-E3_V2021,EN_INDCi2030_1400f,SAU,Emissions|CO2|Energy|Demand,Mt CO2/yr,,,,,,,,,,,,288.822113700735,,296.339755183303,,,,,309.773239736402,346.862607534538,314.14287979782,314.005278903159,305.259932351,287.231152162872,284.875557274374,280.848784881985,274.95823996257,183.866393763576,131.745642196627,114.106334383024,102.969314773162,100.1677698681,94.6826043385888,87.0832475897372,,,,Saudi Arabia,CO2
GEM-E3_V2021,EN_INDCi2030_1400f,SAU,Emissions|CO2|Energy|Demand|AFOFI,Mt CO2/yr,,,,,,,,,,,,1.82258285077195e-05,,1.87004415892355e-05,,,,,2.15377178332642e-05,2.24464867857784e-05,6.31305888148666e-06,3.75577157426149e-06,2.09456793543781e-06,1.0188191190804e-06,7.37393056947972e-07,5.57236281182522e-07,4.26627647767536e-07,4.57290105869615e-08,1.27880790253639e-08,6.83680006028758e-09,4.11952579754967e-09,3.18260745725949e-09,2.27302115002073e-09,1.5482154304551602e-09,,,,Saudi Arabia,CO2
GEM-E3_V2021,EN_INDCi2030_1400f,SAU,Emissions|CO2|Energy|Demand|Industry,Mt CO2/yr,,,,,,,,,,,,117.204595616078,,137.778542466243,,,,,148.14189655424,171.900298761221,150.348954823407,152.097382632167,148.654716621076,141.899534327911,145.578824848239,149.91785188454,152.289810113826,74.2000509905271,30.1579445830185,16.8534126081757,10.0305587447696,7.4879328071219,5.19588096990655,3.50573453458539,,,,Saudi Arabia,CO2
GEM-E3_V2021,EN_INDCi2030_1400f,SAU,Emissions|CO2|Energy|Demand|Residential and Commercial,Mt CO2/yr,,,,,,,,,,,,61.5286402975297,,51.9865728545335,,,,,52.650755951112,56.9425447042844,53.017697969325,52.8839753293533,52.6257305434719,51.3567763450292,51.3227557614604,51.0940477815925,50.7650987756859,47.5132071618117,46.5547231398282,46.3837219402504,45.7397997612163,46.1887537616378,45.5283380238112,44.03345128966,,,,Saudi Arabia,CO2
GEM-E3_V2021,EN_INDCi2030_1400f,SAU,Emissions|CO2|Energy|Demand|Residential and Commercial|Commercial,Mt CO2/yr,,,,,,,,,,,,51.6351502130037,,42.6468038245366,,,,,42.0821968581484,45.2320431580284,43.9910596291276,44.5070320405482,45.073730435903,44.9011764936939,45.5752617917491,46.0195227694989,46.3329603765225,46.2073187107388,45.6693293393104,45.7003371136656,45.2142236483363,45.7390325902878,45.1633155862611,43.7423178700226,,,,Saudi Arabia,CO2
GEM-E3_V2021,EN_INDCi2030_1400f,SAU,Emissions|CO2|Energy|Demand|Residential and Commercial|Residential,Mt CO2/yr,,,,,,,,,,,,9.89349008452602,,9.33976902999691,,,,,10.5685590929635,11.710501546256,9.02663834019743,8.37694328880504,7.55200010756895,6.45559985133529,5.74749396971122,5.07452501209367,4.43213839916348,1.30588845107281,0.885393800517759,0.683384826584814,0.525576112879985,0.449721171349989,0.365022437550146,0.291133419637425,,,,Saudi Arabia,CO2
GEM-E3_V2021,EN_INDCi2030_1400f,SAU,Emissions|CO2|Energy|Demand|Transportation,Mt CO2/yr,,,,,,,,,,,,110.088859561298,,106.574621162085,,,,,108.980565693331,118.019741622545,110.776220692028,109.023917185867,103.979483091884,93.9748404711119,87.9739759272821,79.8368846586166,71.9033306464306,62.1531355655082,55.0329744609925,50.869199827761,47.1989562630566,46.4910832961581,43.958385342598,39.5440617639436,,,,Saudi Arabia,CO2
GEM-E3_V2021,EN_INDCi2030_1400f,SAU,Emissions|CO2|Energy|Supply,Mt CO2/yr,,,,,,,,,,,,237.494158717987,,331.758850319855,,,,,366.415215985593,396.894275610154,316.196892869647,285.84529310062,255.208173946183,219.304829580447,188.034049057168,153.805664328072,123.847387209214,87.5231540194489,29.814341801712,14.5611358101169,15.4079301968675,17.0835651318784,19.5797686694324,23.0483814152199,,,,Saudi Arabia,CO2
GEM-E3_V2021,EN_INDCi2030_1400f,SAU,Emissions|CO2|Energy|Supply|Electricity,Mt CO2/yr,,,,,,,,,,,,200.364608162489,,300.70521373994,,,,,338.148063344355,366.455254743641,293.760835567041,264.745758107921,235.388195621452,200.817190736626,169.809858894294,135.79121574053,105.965292587907,72.278678400664,15.5454363698987,0.0936401798893599,0.0046208241728149,0.0048376541330213,0.0050690953617594,0.0053631651101763,,,,Saudi Arabia,CO2
GEM-E3_V2021,EN_INDCi2030_1400f,SAU,Emissions|CO2|Energy|Supply|Gases,Mt CO2/yr,,,,,,,,,,,,9.25839534743692,,11.3089652015004,,,,,13.3126140764178,14.8893752211994,7.96737463598544,6.8669400997391,5.85673928376433,4.90548705917277,4.76401890392721,4.77728246690139,4.83837454050409,3.81091530688235,3.74563411927819,3.81454259763251,3.91392113750262,4.10204686004342,4.29754353619707,4.51249143520739,,,,Saudi Arabia,CO2
GEM-E3_V2021,EN_INDCi2030_1400f,SAU,Emissions|CO2|Energy|Supply|Liquids,Mt CO2/yr,,,,,,,,,,,,27.8711432362841,,19.7446585065424,,,,,14.9545249191603,15.5496327733438,14.4686765100578,14.2325892660725,13.9632337958868,13.5821463539448,13.4601657623225,13.2371605225877,13.0437145535709,11.4335549267397,10.5232678581449,10.6529504936494,11.4893857966819,12.9766780303339,15.2771535018499,18.5305243046641,,,,Saudi Arabia,CO2
GEM-E3_V2021,EN_INDCi2030_1400f,SAU,Emissions|CO2|Energy|Supply|Solids,Mt CO2/yr,,,,,,,,,,,,1.19717770493575e-05,,1.28718721257647e-05,,,,,1.36456603065321e-05,1.28719693296811e-05,6.15656258346308e-06,5.62688746526468e-06,5.24507901156769e-06,5.43070320616816e-06,5.49662426703526e-06,5.59805273531018e-06,5.52723192761722e-06,5.38516280271924e-06,3.45439004678979e-06,2.53894562065125e-06,2.43851010291671e-06,2.58736813916828e-06,2.53602372113705e-06,2.51023829585706e-06,,,,Saudi Arabia,CO2
GEM-E3_V2021,EN_INDCi2030_1400f,SAU,Emissions|CO2|Industrial Processes,Mt CO2/yr,,,,,,,,,,,,48.5316831142514,,64.316343856138,,,,,71.6754700237812,79.2801911951325,81.175450498748,84.8039017898718,87.138731389498,88.0908333777081,89.4536777470774,90.5908934608456,91.3205427671745,94.484107833903,99.7478314903653,101.934834846671,100.997221133925,99.9416712215915,96.4881542009604,90.6743840984612,,,,Saudi Arabia,CO2
GEM-E3_V2021,EN_INDCi2030_1800,SAU,Emissions|CO2|AFOLU,Mt CO2/yr,,,,,,,,,,,,3.75143948608308,,2.94711380117701,,,,,2.19289052449119,1.43866724780537,1.0056966484591,0.515831147569524,-0.195747619652406,-0.720655757609503,-1.16582808785612,-1.52173375367519,-1.59442970986243,-1.66712566604966,-1.8145252442831,-1.96192482251654,-2.92268511699666,-3.88344541147677,-3.4150446589531,-2.94664390642942,,,,Saudi Arabia,CO2
GEM-E3_V2021,EN_INDCi2030_1800,SAU,Emissions|CO2|Energy and Industrial Processes,Mt CO2/yr,,,,,,,,,,,,574.963768355898,,692.533101702597,,,,,747.992854627807,823.171015865668,722.622419348213,710.516245692165,696.872581816809,669.893960517659,673.53119248162,666.21542028371,644.341078399958,617.435848666432,550.61744334559,479.919863799061,444.31610004563,301.2559623888,260.739412080762,236.970853462714,,,,Saudi Arabia,CO2
GEM-E3_V2021,EN_INDCi2030_1800,SAU,Emissions|CO2|Energy|Demand,Mt CO2/yr,,,,,,,,,,,,288.822113700735,,296.339755183303,,,,,309.773239736402,346.862607534538,319.665474599651,325.856614169165,327.447452352298,327.956254175719,340.765318718799,349.635968507325,362.081977332637,359.876873801183,350.997808532386,340.861434214857,322.195814079061,181.845230601867,139.281867242485,117.292677929489,,,,Saudi Arabia,CO2
GEM-E3_V2021,EN_INDCi2030_1800,SAU,Emissions|CO2|Energy|Demand|AFOFI,Mt CO2/yr,,,,,,,,,,,,1.82258285077195e-05,,1.87004415892355e-05,,,,,2.15377178332642e-05,2.24464867857784e-05,7.04776819280487e-06,4.70617329192576e-06,3.16686561892523e-06,2.14410152991442e-06,1.90333974055503e-06,1.67979328244809e-06,1.57874961461778e-06,1.28239481234396e-06,1.08251348849177e-06,8.75441753984517e-07,6.39376099296376e-07,2.59017969488606e-08,8.08012373777887e-09,3.5465982442683605e-09,,,,Saudi Arabia,CO2
GEM-E3_V2021,EN_INDCi2030_1800,SAU,Emissions|CO2|Energy|Demand|Industry,Mt CO2/yr,,,,,,,,,,,,117.204595616078,,137.778542466243,,,,,148.14189655424,171.900298761221,153.446111593521,158.344547574543,159.757209319627,161.261821644612,171.505173370957,181.889562921685,194.187404393926,197.421579478817,194.482624707057,190.180383046781,180.546321493401,49.3806502897175,16.8840048150619,7.2371065566084,,,,Saudi Arabia,CO2
GEM-E3_V2021,EN_INDCi2030_1800,SAU,Emissions|CO2|Energy|Demand|Residential and Commercial,Mt CO2/yr,,,,,,,,,,,,61.5286402975297,,51.9865728545335,,,,,52.650755951112,56.9425447042844,53.7385898308533,54.4737049155996,55.6104553844813,56.6967755116906,58.808042085026,60.3484931643866,61.8950541343075,62.3240641323917,61.917619193944,61.7780302666721,60.6517103878932,57.7142094026411,55.3489055427353,51.6146807993858,,,,Saudi Arabia,CO2
GEM-E3_V2021,EN_INDCi2030_1800,SAU,Emissions|CO2|Energy|Demand|Residential and Commercial|Commercial,Mt CO2/yr,,,,,,,,,,,,51.6351502130037,,42.6468038245366,,,,,42.0821968581484,45.2320431580284,44.3934456952623,45.4692236727456,46.9692989445033,48.4640477886612,50.7688167931198,52.6397440767752,54.5157933350603,55.615936031451,55.9792427874672,56.5710414479599,56.325190281627,56.5646095384054,54.6244316692156,51.1593506051212,,,,Saudi Arabia,CO2
GEM-E3_V2021,EN_INDCi2030_1800,SAU,Emissions|CO2|Energy|Demand|Residential and Commercial|Residential,Mt CO2/yr,,,,,,,,,,,,9.89349008452602,,9.33976902999691,,,,,10.5685590929635,11.710501546256,9.34514413559098,9.00448124285396,8.64115643997794,8.23272772302943,8.03922529190622,7.70874908761142,7.37926079924714,6.70812810094074,5.93837640647677,5.20698881871223,4.32652010626624,1.14959986423563,0.724473873519667,0.455330194264555,,,,Saudi Arabia,CO2
GEM-E3_V2021,EN_INDCi2030_1800,SAU,Emissions|CO2|Energy|Demand|Transportation,Mt CO2/yr,,,,,,,,,,,,110.088859561298,,106.574621162085,,,,,108.980565693331,118.019741622545,112.480766127508,113.038356972849,112.079784481323,109.997654875315,110.452101359476,107.39791074146,105.999517225653,100.13122890758,94.5975635488719,88.9030200259622,80.997781558391,74.7503708836068,67.0489568766084,58.4408905699483,,,,Saudi Arabia,CO2
GEM-E3_V2021,EN_INDCi2030_1800,SAU,Emissions|CO2|Energy|Supply,Mt CO2/yr,,,,,,,,,,,,237.494158717987,,331.758850319855,,,,,366.415215985593,396.894275610154,321.259449441489,298.880041419084,280.54918466515,250.638364814723,239.103982993931,221.005450036976,184.24124011098,158.673129171568,100.491893073977,40.397927096325,25.7579709527835,18.032375505152,18.4442190444896,21.1687325308113,,,,Saudi Arabia,CO2
GEM-E3_V2021,EN_INDCi2030_1800,SAU,Emissions|CO2|Energy|Supply|Electricity,Mt CO2/yr,,,,,,,,,,,,200.364608162489,,300.70521373994,,,,,338.148063344355,366.455254743641,298.151660805376,276.636135238275,259.021033658187,229.600570528894,217.702582099102,199.435818192897,162.291042304653,136.889550664805,78.7491166958461,18.6260778693173,3.97506034754551,0.0102161224554119,0.0048811092252681,0.005163935627025,,,,Saudi Arabia,CO2
GEM-E3_V2021,EN_INDCi2030_1800,SAU,Emissions|CO2|Energy|Supply|Gases,Mt CO2/yr,,,,,,,,,,,,9.25839534743692,,11.3089652015004,,,,,13.3126140764178,14.8893752211994,8.46136106512038,7.67676278041832,7.02075153718318,6.5418777576666,6.77815970394919,7.00149597213872,7.40963867861607,7.33814926594161,7.35864778618154,7.31778923609777,7.06513198313155,4.73819107057055,4.52092827170135,4.54374922763714,,,,Saudi Arabia,CO2
GEM-E3_V2021,EN_INDCi2030_1800,SAU,Emissions|CO2|Energy|Supply|Liquids,Mt CO2/yr,,,,,,,,,,,,27.8711432362841,,19.7446585065424,,,,,14.9545249191603,15.5496327733438,14.6464207739483,14.5671375832405,14.5073939044846,14.4959108010282,14.6232352480205,14.5681296095542,14.5405525619178,14.4454229978867,14.3841225385953,14.4540550994177,14.7177742286619,13.283963279299,13.9184063178474,16.6198162649069,,,,Saudi Arabia,CO2
GEM-E3_V2021,EN_INDCi2030_1800,SAU,Emissions|CO2|Energy|Supply|Solids,Mt CO2/yr,,,,,,,,,,,,1.19717770493575e-05,,1.28718721257647e-05,,,,,1.36456603065321e-05,1.28719693296811e-05,6.7970443510557e-06,5.81714980525306e-06,5.5652949318794e-06,5.72713382259619e-06,5.94286003389423e-06,6.26238600251248e-06,6.56579285652889e-06,6.24293416342992e-06,6.05335418830725e-06,4.89149220642706e-06,4.39344444620531e-06,5.03282707265517e-06,3.34571557924e-06,3.10264017940842e-06,,,,Saudi Arabia,CO2
GEM-E3_V2021,EN_INDCi2030_1800,SAU,Emissions|CO2|Industrial Processes,Mt CO2/yr,,,,,,,,,,,,48.5316831142514,,64.316343856138,,,,,71.6754700237812,79.2801911951325,81.5888027008883,85.6778378561296,88.7783840309172,91.2062240394426,93.5731896735637,95.4916977938301,97.9418082166351,98.8184403420487,99.0672164283812,98.6081826014825,96.3196097902535,101.347005411326,102.993474570002,98.4978743787378,,,,Saudi Arabia,CO2
GEM-E3_V2021,EN_INDCi2030_1800f,SAU,Emissions|CO2|AFOLU,Mt CO2/yr,,,,,,,,,,,,3.75143948608308,,2.94711380117701,,,,,2.19289052449119,1.43866724780537,1.0056966484591,0.515831147569524,-0.195747619652406,-0.720655757609503,-1.16582808785612,-1.52173375367519,-1.59442970986243,-1.66712566604966,-1.8145252442831,-1.96192482251654,-2.92268511699666,-3.88344541147677,-3.4150446589531,-2.94664390642942,,,,Saudi Arabia,CO2
GEM-E3_V2021,EN_INDCi2030_1800f,SAU,Emissions|CO2|Energy and Industrial Processes,Mt CO2/yr,,,,,,,,,,,,574.963768355898,,692.533101702597,,,,,747.992854627807,823.171015865668,722.622419348213,710.516245692165,696.872581816809,669.893960517659,673.53119248162,666.21542028371,644.341078399958,617.435848666432,550.61744334559,479.919863799061,444.31610004563,301.2559623888,260.739412080762,236.970853462714,,,,Saudi Arabia,CO2
GEM-E3_V2021,EN_INDCi2030_1800f,SAU,Emissions|CO2|Energy|Demand,Mt CO2/yr,,,,,,,,,,,,288.822113700735,,296.339755183303,,,,,309.773239736402,346.862607534538,319.665474599651,325.856614169165,327.447452352298,327.956254175719,340.765318718799,349.635968507325,362.081977332637,359.876873801183,350.997808532386,340.861434214857,322.195814079061,181.845230601867,139.281867242485,117.292677929489,,,,Saudi Arabia,CO2
GEM-E3_V2021,EN_INDCi2030_1800f,SAU,Emissions|CO2|Energy|Demand|AFOFI,Mt CO2/yr,,,,,,,,,,,,1.82258285077195e-05,,1.87004415892355e-05,,,,,2.15377178332642e-05,2.24464867857784e-05,7.04776819280487e-06,4.70617329192576e-06,3.16686561892523e-06,2.14410152991442e-06,1.90333974055503e-06,1.67979328244809e-06,1.57874961461778e-06,1.28239481234396e-06,1.08251348849177e-06,8.75441753984517e-07,6.39376099296376e-07,2.59017969488606e-08,8.08012373777887e-09,3.5465982442683605e-09,,,,Saudi Arabia,CO2
GEM-E3_V2021,EN_INDCi2030_1800f,SAU,Emissions|CO2|Energy|Demand|Industry,Mt CO2/yr,,,,,,,,,,,,117.204595616078,,137.778542466243,,,,,148.14189655424,171.900298761221,153.446111593521,158.344547574543,159.757209319627,161.261821644612,171.505173370957,181.889562921685,194.187404393926,197.421579478817,194.482624707057,190.180383046781,180.546321493401,49.3806502897175,16.8840048150619,7.2371065566084,,,,Saudi Arabia,CO2
GEM-E3_V2021,EN_INDCi2030_1800f,SAU,Emissions|CO2|Energy|Demand|Residential and Commercial,Mt CO2/yr,,,,,,,,,,,,61.5286402975297,,51.9865728545335,,,,,52.650755951112,56.9425447042844,53.7385898308533,54.4737049155996,55.6104553844813,56.6967755116906,58.808042085026,60.3484931643866,61.8950541343075,62.3240641323917,61.917619193944,61.7780302666721,60.6517103878932,57.7142094026411,55.3489055427353,51.6146807993858,,,,Saudi Arabia,CO2
GEM-E3_V2021,EN_INDCi2030_1800f,SAU,Emissions|CO2|Energy|Demand|Residential and Commercial|Commercial,Mt CO2/yr,,,,,,,,,,,,51.6351502130037,,42.6468038245366,,,,,42.0821968581484,45.2320431580284,44.3934456952623,45.4692236727456,46.9692989445033,48.4640477886612,50.7688167931198,52.6397440767752,54.5157933350603,55.615936031451,55.9792427874672,56.5710414479599,56.325190281627,56.5646095384054,54.6244316692156,51.1593506051212,,,,Saudi Arabia,CO2
GEM-E3_V2021,EN_INDCi2030_1800f,SAU,Emissions|CO2|Energy|Demand|Residential and Commercial|Residential,Mt CO2/yr,,,,,,,,,,,,9.89349008452602,,9.33976902999691,,,,,10.5685590929635,11.710501546256,9.34514413559098,9.00448124285396,8.64115643997794,8.23272772302943,8.03922529190622,7.70874908761142,7.37926079924714,6.70812810094074,5.93837640647677,5.20698881871223,4.32652010626624,1.14959986423563,0.724473873519667,0.455330194264555,,,,Saudi Arabia,CO2
GEM-E3_V2021,EN_INDCi2030_1800f,SAU,Emissions|CO2|Energy|Demand|Transportation,Mt CO2/yr,,,,,,,,,,,,110.088859561298,,106.574621162085,,,,,108.980565693331,118.019741622545,112.480766127508,113.038356972849,112.079784481323,109.997654875315,110.452101359476,107.39791074146,105.999517225653,100.13122890758,94.5975635488719,88.9030200259622,80.997781558391,74.7503708836068,67.0489568766084,58.4408905699483,,,,Saudi Arabia,CO2
GEM-E3_V2021,EN_INDCi2030_1800f,SAU,Emissions|CO2|Energy|Supply,Mt CO2/yr,,,,,,,,,,,,237.494158717987,,331.758850319855,,,,,366.415215985593,396.894275610154,321.259449441489,298.880041419084,280.54918466515,250.638364814723,239.103982993931,221.005450036976,184.24124011098,158.673129171568,100.491893073977,40.397927096325,25.7579709527835,18.032375505152,18.4442190444896,21.1687325308113,,,,Saudi Arabia,CO2
GEM-E3_V2021,EN_INDCi2030_1800f,SAU,Emissions|CO2|Energy|Supply|Electricity,Mt CO2/yr,,,,,,,,,,,,200.364608162489,,300.70521373994,,,,,338.148063344355,366.455254743641,298.151660805376,276.636135238275,259.021033658187,229.600570528894,217.702582099102,199.435818192897,162.291042304653,136.889550664805,78.7491166958461,18.6260778693173,3.97506034754551,0.0102161224554119,0.0048811092252681,0.005163935627025,,,,Saudi Arabia,CO2
GEM-E3_V2021,EN_INDCi2030_1800f,SAU,Emissions|CO2|Energy|Supply|Gases,Mt CO2/yr,,,,,,,,,,,,9.25839534743692,,11.3089652015004,,,,,13.3126140764178,14.8893752211994,8.46136106512038,7.67676278041832,7.02075153718318,6.5418777576666,6.77815970394919,7.00149597213872,7.40963867861607,7.33814926594161,7.35864778618154,7.31778923609777,7.06513198313155,4.73819107057055,4.52092827170135,4.54374922763714,,,,Saudi Arabia,CO2
GEM-E3_V2021,EN_INDCi2030_1800f,SAU,Emissions|CO2|Energy|Supply|Liquids,Mt CO2/yr,,,,,,,,,,,,27.8711432362841,,19.7446585065424,,,,,14.9545249191603,15.5496327733438,14.6464207739483,14.5671375832405,14.5073939044846,14.4959108010282,14.6232352480205,14.5681296095542,14.5405525619178,14.4454229978867,14.3841225385953,14.4540550994177,14.7177742286619,13.283963279299,13.9184063178474,16.6198162649069,,,,Saudi Arabia,CO2
GEM-E3_V2021,EN_INDCi2030_1800f,SAU,Emissions|CO2|Energy|Supply|Solids,Mt CO2/yr,,,,,,,,,,,,1.19717770493575e-05,,1.28718721257647e-05,,,,,1.36456603065321e-05,1.28719693296811e-05,6.7970443510557e-06,5.81714980525306e-06,5.5652949318794e-06,5.72713382259619e-06,5.94286003389423e-06,6.26238600251248e-06,6.56579285652889e-06,6.24293416342992e-06,6.05335418830725e-06,4.89149220642706e-06,4.39344444620531e-06,5.03282707265517e-06,3.34571557924e-06,3.10264017940842e-06,,,,Saudi Arabia,CO2
GEM-E3_V2021,EN_INDCi2030_1800f,SAU,Emissions|CO2|Industrial Processes,Mt CO2/yr,,,,,,,,,,,,48.5316831142514,,64.316343856138,,,,,71.6754700237812,79.2801911951325,81.5888027008883,85.6778378561296,88.7783840309172,91.2062240394426,93.5731896735637,95.4916977938301,97.9418082166351,98.8184403420487,99.0672164283812,98.6081826014825,96.3196097902535,101.347005411326,102.993474570002,98.4978743787378,,,,Saudi Arabia,CO2
GEM-E3_V2021,EN_INDCi2030_600f,SAU,Emissions|CO2|AFOLU,Mt CO2/yr,,,,,,,,,,,,3.75143948608308,,2.94711380117701,,,,,2.19289052449119,1.43866724780537,0.848819743467785,0.311196597161392,-0.757338785970595,-1.73585735715526,-2.08589982316901,-2.3653640860578,-2.79543039874171,-3.22549671142561,-3.44752770976018,-3.66955870809477,-4.54289665753128,-5.41623460696779,-5.01332124733881,-4.61040788770984,,,,Saudi Arabia,CO2
GEM-E3_V2021,EN_INDCi2030_600f,SAU,Emissions|CO2|Energy and Industrial Processes,Mt CO2/yr,,,,,,,,,,,,574.963768355898,,692.533101702597,,,,,747.992854627807,823.171015865668,614.465826740423,518.431858145125,384.004880322757,227.996460214111,169.166118017983,134.025791295339,127.730770563557,125.006934585188,123.658997842425,122.650586099335,121.62669341283,121.249275275496,121.332929484979,121.833889571487,,,,Saudi Arabia,CO2
GEM-E3_V2021,EN_INDCi2030_600f,SAU,Emissions|CO2|Energy|Demand,Mt CO2/yr,,,,,,,,,,,,288.822113700735,,296.339755183303,,,,,309.773239736402,346.862607534538,264.255585646812,214.056831635175,97.9259935962821,57.2196557226927,43.9729845346761,39.8800492520607,35.9974523448588,33.839910317103,32.352088275769,31.8690283956285,31.6513409636735,31.6061415291722,31.7182317003361,32.1297224181387,,,,Saudi Arabia,CO2
GEM-E3_V2021,EN_INDCi2030_600f,SAU,Emissions|CO2|Energy|Demand|AFOFI,Mt CO2/yr,,,,,,,,,,,,1.82258285077195e-05,,1.87004415892355e-05,,,,,2.15377178332642e-05,2.24464867857784e-05,2.38858797054076e-06,6.12980997115422e-07,3.50317424744495e-08,3.3958187000737204e-09,1.28645583179388e-09,7.91615381486944e-10,5.5440710762569e-10,4.26411391686436e-10,3.46603990779792e-10,2.94954654405635e-10,2.56354544416762e-10,2.3274775683787003e-10,2.1385715235556802e-10,1.99624950548648e-10,,,,Saudi Arabia,CO2
GEM-E3_V2021,EN_INDCi2030_600f,SAU,Emissions|CO2|Energy|Demand|Industry,Mt CO2/yr,,,,,,,,,,,,117.204595616078,,137.778542466243,,,,,148.14189655424,171.900298761221,126.383908080438,108.713164341807,31.0614383513908,6.8647396035456,3.05484034097768,2.15870814185251,1.60539063342326,1.28960856886468,1.10184404899887,0.961500787535851,0.845674523157422,0.755930791621788,0.677828379048701,0.616847071577595,,,,Saudi Arabia,CO2
GEM-E3_V2021,EN_INDCi2030_600f,SAU,Emissions|CO2|Energy|Demand|Residential and Commercial,Mt CO2/yr,,,,,,,,,,,,61.5286402975297,,51.9865728545335,,,,,52.650755951112,56.9425447042844,45.9513139306541,39.9497817538106,29.7854476875032,25.318624510709,22.6501416739741,22.5052872431537,21.9781680470294,21.9078243510013,21.7499867675416,22.1001113146292,22.4906557974732,22.8858116032985,23.3191210840221,23.873685299554,,,,Saudi Arabia,CO2
GEM-E3_V2021,EN_INDCi2030_600f,SAU,Emissions|CO2|Energy|Demand|Residential and Commercial|Commercial,Mt CO2/yr,,,,,,,,,,,,51.6351502130037,,42.6468038245366,,,,,42.0821968581484,45.2320431580284,39.7131067508271,35.9921137847271,29.1257558011427,24.977418925114,22.4108636424496,22.2927497611279,21.7843737116466,21.7252832235376,21.577942887702,21.9342860553876,22.3304432013301,22.7300347969625,23.1672000883122,23.7250869153995,,,,Saudi Arabia,CO2
GEM-E3_V2021,EN_INDCi2030_600f,SAU,Emissions|CO2|Energy|Demand|Residential and Commercial|Residential,Mt CO2/yr,,,,,,,,,,,,9.89349008452602,,9.33976902999691,,,,,10.5685590929635,11.710501546256,6.23820717982698,3.95766796908354,0.65969188636049,0.341205585595064,0.239278031524491,0.212537482025837,0.193794335382834,0.182541127463753,0.172043879839571,0.165825259241649,0.160212596143103,0.155776806336005,0.151920995709889,0.148598384154535,,,,Saudi Arabia,CO2
GEM-E3_V2021,EN_INDCi2030_600f,SAU,Emissions|CO2|Energy|Demand|Transportation,Mt CO2/yr,,,,,,,,,,,,110.088859561298,,106.574621162085,,,,,108.980565693331,118.019741622545,91.9203612471315,65.3938849265757,37.0791075223562,25.0362916050421,18.2680025184378,15.2160538662628,12.4138936638517,10.6424773968105,9.50025745888192,8.80741629316849,8.31501064278658,7.96439913401915,7.72128223705141,7.63919004680743,,,,Saudi Arabia,CO2
GEM-E3_V2021,EN_INDCi2030_600f,SAU,Emissions|CO2|Energy|Supply,Mt CO2/yr,,,,,,,,,,,,237.494158717987,,331.758850319855,,,,,366.415215985593,396.894275610154,273.298090867019,229.343704328369,207.58387980238,86.8604996027928,41.5688215867719,10.4583550295579,9.84109435211524,11.0173767938387,12.6819966875521,14.1016160670957,16.1449815098654,18.5695711162939,21.3566510545905,24.548635669858,,,,Saudi Arabia,CO2
GEM-E3_V2021,EN_INDCi2030_600f,SAU,Emissions|CO2|Energy|Supply|Electricity,Mt CO2/yr,,,,,,,,,,,,200.364608162489,,300.70521373994,,,,,338.148063344355,366.455254743641,255.458311565824,214.541143818615,197.957892293978,78.5809735019155,33.2040899471404,1.49185078395099,0.130570908115479,0.30722527261881,0.293501133698314,0.0046951949982718,0.0049711594675395,0.0052365640358086,0.0055303130227259,0.0058497065824748,,,,Saudi Arabia,CO2
GEM-E3_V2021,EN_INDCi2030_600f,SAU,Emissions|CO2|Energy|Supply|Gases,Mt CO2/yr,,,,,,,,,,,,9.25839534743692,,11.3089652015004,,,,,13.3126140764178,14.8893752211994,5.01784482189753,3.4271353394493,1.94024009511561,2.03897178498632,2.29404185334681,2.58231803878287,2.80188789116238,2.99635393705864,3.24124838897276,3.44672845257475,3.64697647008305,3.88738202359788,4.14943193570456,4.41577183371249,,,,Saudi Arabia,CO2
GEM-E3_V2021,EN_INDCi2030_600f,SAU,Emissions|CO2|Energy|Supply|Liquids,Mt CO2/yr,,,,,,,,,,,,27.8711432362841,,19.7446585065424,,,,,14.9545249191603,15.5496327733438,12.8219292487998,11.3754207084169,7.68573814592271,6.24052630617279,6.07067643225992,6.38417917486437,6.90862999438412,7.71379469287949,9.14724490190906,10.6501915815418,12.4930330256614,14.676951623458,17.2016876258277,20.1270127315801,,,,Saudi Arabia,CO2
GEM-E3_V2021,EN_INDCi2030_600f,SAU,Emissions|CO2|Energy|Supply|Solids,Mt CO2/yr,,,,,,,,,,,,1.19717770493575e-05,,1.28718721257647e-05,,,,,1.36456603065321e-05,1.28719693296811e-05,5.23049822762568e-06,4.46188704899385e-06,9.26736375647694e-06,2.80097182500691e-05,1.33540247582448e-05,7.03195970661036e-06,5.55845326123204e-06,2.89128183622458e-06,2.26297203929767e-06,8.37980891018521e-07,8.54653376788677e-07,9.05202205441039e-07,1.18003552492253e-06,1.39798290415287e-06,,,,Saudi Arabia,CO2
GEM-E3_V2021,EN_INDCi2030_600f,SAU,Emissions|CO2|Industrial Processes,Mt CO2/yr,,,,,,,,,,,,48.5316831142514,,64.316343856138,,,,,71.6754700237812,79.2801911951325,76.8366706371896,74.9867339224571,78.478513206019,83.9096998105092,83.6211962574214,83.6851598711077,81.8906323120075,80.1484099403251,78.6238824179402,76.6790503157766,73.8295910013736,71.0728674369442,68.2574226792936,65.1549577428768,,,,Saudi Arabia,CO2
GEM-E3_V2021,EN_INDCi2030_600f_COV,SAU,Emissions|CO2|AFOLU,Mt CO2/yr,,,,,,,,,,,,3.75143948608308,,2.94711380117701,,,,,2.19289052449119,1.43866724780537,0.848751508640794,0.311090999544591,-0.757297931259133,-1.73576251936445,-2.0859487456188,-2.36547765183499,-2.79543618461092,-3.22539471738685,-3.44746992745208,-3.6695451375173,-4.54287362183052,-5.41620210614374,-5.0132539158865,-4.61030572562927,,,,Saudi Arabia,CO2
GEM-E3_V2021,EN_INDCi2030_600f_COV,SAU,Emissions|CO2|Energy and Industrial Processes,Mt CO2/yr,,,,,,,,,,,,574.963768355898,,601.301202383815,,,,,655.193086392441,719.057399952017,554.349020001582,477.759474041355,355.573104348528,221.244385013361,158.192988609232,124.064916014972,117.741444435321,114.565513673118,113.764251876562,113.335534123033,112.509934770993,112.417981528899,112.705581357779,113.537353460026,,,,Saudi Arabia,CO2
GEM-E3_V2021,EN_INDCi2030_600f_COV,SAU,Emissions|CO2|Energy|Demand,Mt CO2/yr,,,,,,,,,,,,288.822113700735,,251.956326548856,,,,,267.921754501727,298.949417400004,238.267420176572,201.637825686354,96.8965232345439,57.4038095995104,43.8270294384224,38.0528863087629,34.5569827803762,31.7696756551401,30.3706964812391,29.8937317767997,29.6094953167548,29.4743481040821,29.4744447848437,29.8369214036424,,,,Saudi Arabia,CO2
GEM-E3_V2021,EN_INDCi2030_600f_COV,SAU,Emissions|CO2|Energy|Demand|AFOFI,Mt CO2/yr,,,,,,,,,,,,1.82258285077195e-05,,1.64678741885624e-05,,,,,1.85952206703118e-05,1.92215312058124e-05,2.44028074631703e-06,7.12578831063416e-07,4.10680691145914e-08,4.486855196691661e-09,1.6196653100521902e-09,9.101498879681681e-10,6.4083180910189e-10,4.71009232329425e-10,3.83714320050469e-10,3.27973759200665e-10,2.83462437038823e-10,2.56707751822926e-10,2.35512377568426e-10,2.20395865262279e-10,,,,Saudi Arabia,CO2
GEM-E3_V2021,EN_INDCi2030_600f_COV,SAU,Emissions|CO2|Energy|Demand|Industry,Mt CO2/yr,,,,,,,,,,,,117.204595616078,,112.333537800092,,,,,119.552717758812,138.674043432527,107.824943135442,96.6630699904907,31.0120749002055,7.49852218473456,3.22230141534682,2.06737113420786,1.55167425278537,1.19493192021479,1.02136926995594,0.8943613134327,0.784971290397275,0.700957673241873,0.62830555348235,0.573438245223267,,,,Saudi Arabia,CO2
GEM-E3_V2021,EN_INDCi2030_600f_COV,SAU,Emissions|CO2|Energy|Demand|Residential and Commercial,Mt CO2/yr,,,,,,,,,,,,61.5286402975297,,48.5725625674939,,,,,49.0911062245897,52.86824436446,44.0424046691766,39.3753595962117,29.4208747061736,25.0755932398597,22.3963418798394,21.5270160753714,21.0715278659178,20.616037957266,20.4325872947788,20.7179660991359,21.0154262648698,21.3094204934965,21.6288007133454,22.1131233134255,,,,Saudi Arabia,CO2
GEM-E3_V2021,EN_INDCi2030_600f_COV,SAU,Emissions|CO2|Energy|Demand|Residential and Commercial|Commercial,Mt CO2/yr,,,,,,,,,,,,51.6351502130037,,40.2287130792517,,,,,39.5981540998357,42.3502245218403,38.133114394152,35.378107435516,28.7476325653559,24.7213910522874,22.1516749529296,21.3186074543469,20.8805302571241,20.4384839059795,20.2649231503828,20.5560858355731,20.8590385643208,21.1573479545289,21.4804864898419,21.967942740264,,,,Saudi Arabia,CO2
GEM-E3_V2021,EN_INDCi2030_600f_COV,SAU,Emissions|CO2|Energy|Demand|Residential and Commercial|Residential,Mt CO2/yr,,,,,,,,,,,,9.89349008452602,,8.34384948824228,,,,,9.49295212475397,10.5180198426196,5.90929027502457,3.99725216069574,0.67324214081765,0.354202187572281,0.244666926909803,0.208408621024448,0.190997608793673,0.177554051286543,0.167664144396055,0.161880263562872,0.156387700548993,0.15207253896759,0.14831422350351,0.145180573161473,,,,Saudi Arabia,CO2
GEM-E3_V2021,EN_INDCi2030_600f_COV,SAU,Emissions|CO2|Energy|Demand|Transportation,Mt CO2/yr,,,,,,,,,,,,110.088859561298,,91.0502097133952,,,,,99.2779119231044,107.407110381485,86.4000699316726,65.5993953870735,36.4635735870967,24.8296941704292,18.2083861416164,14.4584990982735,11.9337806610322,9.95870577718824,8.9167399161206,8.28140436390308,7.80909776120427,7.463969937087,7.21733851778036,7.15035984477317,,,,Saudi Arabia,CO2
GEM-E3_V2021,EN_INDCi2030_600f_COV,SAU,Emissions|CO2|Energy|Supply,Mt CO2/yr,,,,,,,,,,,,237.494158717987,,294.972433697313,,,,,326.550394701616,352.901174083852,249.510354511776,209.667687354761,189.40547132009,89.4883913585976,39.1118915405749,10.8939616559519,8.98427045833475,10.0845186099717,11.6105644758032,13.0519340159621,14.7747994450467,16.998875684558,19.5530621835214,22.4841357740188,,,,Saudi Arabia,CO2
GEM-E3_V2021,EN_INDCi2030_600f_COV,SAU,Emissions|CO2|Energy|Supply|Electricity,Mt CO2/yr,,,,,,,,,,,,200.364608162489,,268.347114148071,,,,,302.074307168689,326.586476358684,233.037579240786,195.640103531525,180.177966228282,81.660756733042,31.3171269777936,2.64627412387861,0.0675386671026357,0.279884048156134,0.267648238733366,0.147080366730393,0.004358290773763,0.0045923138489924,0.0048493907185714,0.0051310964321206,,,,Saudi Arabia,CO2
GEM-E3_V2021,EN_INDCi2030_600f_COV,SAU,Emissions|CO2|Energy|Supply|Gases,Mt CO2/yr,,,,,,,,,,,,9.25839534743692,,9.4425230318051,,,,,11.0258719419106,12.2758925234949,4.62984239169018,3.2827873815398,1.81976705554855,1.82017953000838,2.06277537257731,2.30005372028056,2.51151780199331,2.68068042256079,2.90189916864652,3.09106808360743,3.2725356096297,3.49629654356798,3.73138823663273,3.97631398379084,,,,Saudi Arabia,CO2
GEM-E3_V2021,EN_INDCi2030_600f_COV,SAU,Emissions|CO2|Energy|Supply|Liquids,Mt CO2/yr,,,,,,,,,,,,27.8711432362841,,17.1827856681881,,,,,13.4502037412305,14.03879399966,11.8429280996759,10.7447921603261,7.40773124804672,6.00743289117473,5.73197836533539,5.94762575394908,6.40520945793447,7.12395177884251,8.44101508991292,9.81378480875249,11.4979047735777,13.4979860114834,15.8168234739521,18.5026893955447,,,,Saudi Arabia,CO2
GEM-E3_V2021,EN_INDCi2030_600f_COV,SAU,Emissions|CO2|Energy|Supply|Solids,Mt CO2/yr,,,,,,,,,,,,1.19717770493575e-05,,1.08492487006774e-05,,,,,1.18497852179197e-05,1.12020132869557e-05,4.77962439927339e-06,4.28137088310569e-06,6.78821219814631e-06,2.22043724788569e-05,1.08248685948422e-05,8.05784369313349e-06,4.53130433718332e-06,2.36041229573554e-06,1.97851039463926e-06,7.56871866233251e-07,7.71065576449246e-07,8.15657585608553e-07,1.08221791124825e-06,1.29825111660412e-06,,,,Saudi Arabia,CO2
GEM-E3_V2021,EN_INDCi2030_600f_COV,SAU,Emissions|CO2|Industrial Processes,Mt CO2/yr,,,,,,,,,,,,48.5316831142514,,54.2695146255745,,,,,60.607522489548,67.0887610085983,66.5017288766351,66.4096809181764,69.2547073617099,74.3452140552065,75.2507634232832,75.1159288863946,74.1986295202906,72.7101633148058,71.7820195068265,70.389021895093,68.1248989983773,65.9440972233752,63.6774815717376,61.2157482957524,,,,Saudi Arabia,CO2
GEM-E3_V2021,EN_INDCi2030_600f_COV_NDCp,SAU,Emissions|CO2|AFOLU,Mt CO2/yr,,,,,,,,,,,,3.75143948608308,,2.94711380117701,,,,,2.19289052449119,1.43866724780537,0.862634824955909,0.326613211918517,-0.751814998821231,-1.73658923363166,-2.07988921014072,-2.35561060076762,-2.78656034755022,-3.21751009433283,-3.43966185141246,-3.66181360849208,-4.53747083874544,-5.41312806899879,-5.01095530677674,-4.60878254455468,,,,Saudi Arabia,CO2
GEM-E3_V2021,EN_INDCi2030_600f_COV_NDCp,SAU,Emissions|CO2|Energy and Industrial Processes,Mt CO2/yr,,,,,,,,,,,,574.963768355898,,601.301202159123,,,,,655.52936193833,720.403314976576,557.84309884414,479.970789123462,365.88992345951,229.122664364707,162.471912921041,126.839548463577,118.646365231682,116.207705110416,115.257337446527,114.521073461428,113.598567316131,113.566240879591,113.917816228701,114.715288659323,,,,Saudi Arabia,CO2
GEM-E3_V2021,EN_INDCi2030_600f_COV_NDCp,SAU,Emissions|CO2|Energy|Demand,Mt CO2/yr,,,,,,,,,,,,288.822113700735,,251.956326477092,,,,,268.131087099608,299.882654165448,240.467349789876,203.61160232214,107.51252567146,60.7288506308844,45.8083613321338,39.008555157219,35.1152160704293,32.6171276317138,31.107683387899,30.5637165829746,30.2822732675913,30.1774760802291,30.2195507977137,30.561287956115,,,,Saudi Arabia,CO2
GEM-E3_V2021,EN_INDCi2030_600f_COV_NDCp,SAU,Emissions|CO2|Energy|Demand|AFOFI,Mt CO2/yr,,,,,,,,,,,,1.82258285077195e-05,,1.64678741014682e-05,,,,,1.8609122468392e-05,1.92896903495554e-05,2.55361823037709e-06,7.39198790061698e-07,5.16152371079307e-08,5.22033177134125e-09,1.8088884804592902e-09,9.66551550021704e-10,6.61877851691868e-10,4.97959009589908e-10,4.0249783698098603e-10,3.42033220725411e-10,2.95399815832077e-10,2.6787086259179e-10,2.46227427000756e-10,2.29839681745946e-10,,,,Saudi Arabia,CO2
GEM-E3_V2021,EN_INDCi2030_600f_COV_NDCp,SAU,Emissions|CO2|Energy|Demand|Industry,Mt CO2/yr,,,,,,,,,,,,117.204595616078,,112.333537654008,,,,,119.739516843889,139.567639866271,108.85167556667,97.494380158081,37.4056025813953,8.63505944169787,3.57835810195625,2.18247026709687,1.59862645557788,1.25581442057793,1.06532415491614,0.928200731940713,0.814149228228005,0.727607063934562,0.653188172862554,0.594616439171705,,,,Saudi Arabia,CO2
GEM-E3_V2021,EN_INDCi2030_600f_COV_NDCp,SAU,Emissions|CO2|Energy|Demand|Residential and Commercial,Mt CO2/yr,,,,,,,,,,,,61.5286402975297,,48.5725626174167,,,,,49.0959352845771,52.865340286606,44.3103298195504,39.5751075810253,30.5598721409247,25.8081146610216,23.0123119215242,21.8611927807664,21.2821811905372,20.9943125489295,20.7778799601335,21.0464360887606,21.3595154080176,21.6835317176345,22.0373963767243,22.5179222586778,,,,Saudi Arabia,CO2
GEM-E3_V2021,EN_INDCi2030_600f_COV_NDCp,SAU,Emissions|CO2|Energy|Demand|Residential and Commercial|Commercial,Mt CO2/yr,,,,,,,,,,,,51.6351502130037,,40.2287131278014,,,,,39.6047522657128,42.3465804879838,38.2878722447342,35.5085239147219,29.7898029410022,25.4269918024644,22.7557302042031,21.6482556070712,21.089139550674,20.8139490501172,20.6081739733499,20.8829552159368,21.2017365229268,21.5301770315156,21.887878853998,22.3717062116799,,,,Saudi Arabia,CO2
GEM-E3_V2021,EN_INDCi2030_600f_COV_NDCp,SAU,Emissions|CO2|Energy|Demand|Residential and Commercial|Residential,Mt CO2/yr,,,,,,,,,,,,9.89349008452602,,8.34384948961535,,,,,9.49118301886432,10.5187597986222,6.02245757481617,4.06658366630335,0.7700691999225,0.381122858557207,0.256581717321136,0.21293717369521,0.193041639863191,0.180363498812384,0.16970598678357,0.163480872823776,0.15777888509084,0.153354686118928,0.149517522726327,0.146216046997907,,,,Saudi Arabia,CO2
GEM-E3_V2021,EN_INDCi2030_600f_COV_NDCp,SAU,Emissions|CO2|Energy|Demand|Transportation,Mt CO2/yr,,,,,,,,,,,,110.088859561298,,91.0502097377935,,,,,99.2956163620192,107.44965472288,87.3053418500375,66.5421138438357,39.5470508975247,26.2856765229445,19.2176913068444,14.9648921083891,12.2344084236523,10.3670006617083,9.2644792724469,8.58907976193122,8.10860863105022,7.76633729839216,7.52896624788053,7.4487492580356,,,,Saudi Arabia,CO2
GEM-E3_V2021,EN_INDCi2030_600f_COV_NDCp,SAU,Emissions|CO2|Energy|Supply,Mt CO2/yr,,,,,,,,,,,,237.494158717987,,294.972433592564,,,,,326.551032864287,352.975136152109,250.561874394109,209.650083544346,189.04510704293,93.8147805133552,40.9155398649576,12.3894425393201,9.1106996545782,10.4291027203228,11.9329822582449,13.1582307425776,14.7815648281403,17.0070599963304,19.5660557643925,22.4963703666051,,,,Saudi Arabia,CO2
GEM-E3_V2021,EN_INDCi2030_600f_COV_NDCp,SAU,Emissions|CO2|Energy|Supply|Electricity,Mt CO2/yr,,,,,,,,,,,,200.364608162489,,268.347114046448,,,,,302.086397038839,326.907559710753,234.025750043832,195.587031173876,179.328524500365,85.8362442349635,33.0521056263576,4.11982701203727,0.184251018792429,0.609418007343556,0.582761434638951,0.244562634055788,0.0043543159780366,0.0045879586956934,0.0048437537304397,0.0051258639904093,,,,Saudi Arabia,CO2
GEM-E3_V2021,EN_INDCi2030_600f_COV_NDCp,SAU,Emissions|CO2|Energy|Supply|Gases,Mt CO2/yr,,,,,,,,,,,,9.25839534743692,,9.44252301770665,,,,,11.021452264197,12.084598426741,4.64794497870068,3.27665473564937,1.88938861364746,1.81796699931027,2.06455033465458,2.29819551745016,2.51079431359099,2.68366520448386,2.9017329427418,3.09437289065283,3.27236714485917,3.49638873726458,3.7327690956009,3.97678061235058,,,,Saudi Arabia,CO2
GEM-E3_V2021,EN_INDCi2030_600f_COV_NDCp,SAU,Emissions|CO2|Energy|Supply|Liquids,Mt CO2/yr,,,,,,,,,,,,27.8711432362841,,17.1827856791925,,,,,13.4431716976038,13.982967012944,11.8881745551519,10.7863933467814,7.82718817455861,6.16054599220623,5.79887250422262,5.97141153584091,6.41564953328302,7.1360170196978,8.44848568515452,9.81929445330938,11.50484259146,13.5060824760751,15.8284418257826,18.514462585243,,,,Saudi Arabia,CO2
GEM-E3_V2021,EN_INDCi2030_600f_COV_NDCp,SAU,Emissions|CO2|Energy|Supply|Solids,Mt CO2/yr,,,,,,,,,,,,1.19717770493575e-05,,1.08492167154002e-05,,,,,1.18636470870654e-05,1.1001670967192e-05,4.81642373816258e-06,4.28803986954272e-06,5.75435892434872e-06,2.32868752094993e-05,1.13997228106952e-05,8.47399176720268e-06,4.7889117633044e-06,2.48879758528544e-06,2.19570963296222e-06,7.64559655738524e-07,7.75843115054177e-07,8.24295096840507e-07,1.0892785211745e-06,1.30502113988906e-06,,,,Saudi Arabia,CO2
GEM-E3_V2021,EN_INDCi2030_600f_COV_NDCp,SAU,Emissions|CO2|Industrial Processes,Mt CO2/yr,,,,,,,,,,,,48.5316831142514,,54.2695145774346,,,,,60.7338824925431,67.427432212833,66.7430255216762,66.6639413503935,69.3132044947476,74.5711738635309,75.7443365560124,75.439279703544,74.4188294890031,73.1602417522962,72.2156423875286,70.798233225859,68.5339466887684,66.3810052735965,64.1315793868358,61.6570492569967,,,,Saudi Arabia,CO2
GEM-E3_V2021,EN_INDCi2030_600f_NDCp,SAU,Emissions|CO2|AFOLU,Mt CO2/yr,,,,,,,,,,,,3.75143948608308,,2.94711380117701,,,,,2.19289052449119,1.43866724780537,0.817056107567277,0.303053640857676,-0.908757388533803,-2.25479621928112,-2.25598303715171,-2.34327922390436,-2.75132393347716,-3.15936864304996,-3.52083006541074,-3.88229148777151,-4.79857615327909,-5.71486081878668,-5.28117686310231,-4.84749290741795,,,,Saudi Arabia,CO2
GEM-E3_V2021,EN_INDCi2030_600f_NDCp,SAU,Emissions|CO2|Energy and Industrial Processes,Mt CO2/yr,,,,,,,,,,,,574.963768355898,,692.533101702597,,,,,748.561977448501,824.724710628363,619.111929050139,530.472188132629,391.836176938742,242.007727921679,174.394975986811,135.726481291059,129.422440047951,125.48001886398,124.107370481982,123.313564286702,122.234656981418,121.865311791022,121.957771090632,122.48344907244,,,,Saudi Arabia,CO2
GEM-E3_V2021,EN_INDCi2030_600f_NDCp,SAU,Emissions|CO2|Energy|Demand,Mt CO2/yr,,,,,,,,,,,,288.822113700735,,296.339755183303,,,,,309.989634070186,347.944188119661,266.818699930643,222.470738612855,102.194814640484,60.5700971488902,46.8091494137664,40.7316049368426,37.1062496482891,34.2360607482148,32.7264991246453,32.2342921691159,32.0151974252359,31.9736117317458,32.0915602648459,32.5170688956418,,,,Saudi Arabia,CO2
GEM-E3_V2021,EN_INDCi2030_600f_NDCp,SAU,Emissions|CO2|Energy|Demand|AFOFI,Mt CO2/yr,,,,,,,,,,,,1.82258285077195e-05,,1.87004415892355e-05,,,,,2.15519402621354e-05,2.25210497495884e-05,2.49907392485202e-06,7.08803660808257e-07,3.85460175208781e-08,4.0839346109928e-09,1.50148262215153e-09,8.34838542457804e-10,5.91506338787504e-10,4.35122908931534e-10,3.53331659813137e-10,3.01104292596346e-10,2.61476506183437e-10,2.3753897798271e-10,2.18282125847977e-10,2.0379699872339002e-10,,,,Saudi Arabia,CO2
GEM-E3_V2021,EN_INDCi2030_600f_NDCp,SAU,Emissions|CO2|Energy|Demand|Industry,Mt CO2/yr,,,,,,,,,,,,117.204595616078,,137.778542466243,,,,,148.320638273565,172.942659714317,127.624605702677,112.197225283641,33.603087916637,8.03568946558134,3.53247345092191,2.25857143558404,1.70249583419558,1.31331604397302,1.12148080950114,0.979047516562246,0.860781621038746,0.769647728012748,0.690192629168003,0.628197144807925,,,,Saudi Arabia,CO2
GEM-E3_V2021,EN_INDCi2030_600f_NDCp,SAU,Emissions|CO2|Energy|Demand|Residential and Commercial,Mt CO2/yr,,,,,,,,,,,,61.5286402975297,,51.9865728545335,,,,,52.6613663645299,56.9351373607578,46.2659172825044,40.904204524996,30.2724700980655,26.0661172193374,23.5695714668339,22.7908635051707,22.4250911196954,22.061195825368,21.9079364057888,22.267170454322,22.6690782750169,23.0754427447232,23.5194118080178,24.0878255114514,,,,Saudi Arabia,CO2
GEM-E3_V2021,EN_INDCi2030_600f_NDCp,SAU,Emissions|CO2|Energy|Demand|Residential and Commercial|Commercial,Mt CO2/yr,,,,,,,,,,,,51.6351502130037,,42.6468038245366,,,,,42.0938466357159,45.2240672391425,39.9046927633172,36.6532256077281,29.5775182988729,25.6973806229494,23.3138807775404,22.5744130870275,22.2270991750023,21.8775681087945,21.7350171848368,22.1005431604972,22.5081743408698,22.9190336448815,23.3669218695266,23.9386985785285,,,,Saudi Arabia,CO2
GEM-E3_V2021,EN_INDCi2030_600f_NDCp,SAU,Emissions|CO2|Energy|Demand|Residential and Commercial|Residential,Mt CO2/yr,,,,,,,,,,,,9.89349008452602,,9.33976902999691,,,,,10.567519728814,11.7110701216152,6.36122451918722,4.25097891726786,0.694951799192576,0.368736596388017,0.255690689293502,0.216450418143231,0.19799194469316,0.183627716573549,0.172919220952043,0.166627293824778,0.160903934147015,0.156409099841694,0.152489938491216,0.14912693292281,,,,Saudi Arabia,CO2
GEM-E3_V2021,EN_INDCi2030_600f_NDCp,SAU,Emissions|CO2|Energy|Demand|Transportation,Mt CO2/yr,,,,,,,,,,,,110.088859561298,,106.574621162085,,,,,109.00760788015,118.066368523536,92.9281744463884,69.3693080954144,38.3192565872359,26.4682904598874,19.707104494509,15.682169995253,12.9786626938065,10.8615488784385,9.69708190900202,8.98807419793061,8.48533752891882,8.12852125877224,7.88195582744177,7.80104623917868,,,,Saudi Arabia,CO2
GEM-E3_V2021,EN_INDCi2030_600f_NDCp,SAU,Emissions|CO2|Energy|Supply,Mt CO2/yr,,,,,,,,,,,,237.494158717987,,331.758850319855,,,,,366.638417864993,396.998285516052,275.076879550641,231.937010837446,211.048960313757,97.3741463184281,43.0003370242422,11.0052921085583,9.81088716889135,10.8750662628139,12.5457361856497,14.164495530741,16.14189617015,18.5678661033528,21.357814637988,24.5512491678552,,,,Saudi Arabia,CO2
GEM-E3_V2021,EN_INDCi2030_600f_NDCp,SAU,Emissions|CO2|Energy|Supply|Electricity,Mt CO2/yr,,,,,,,,,,,,200.364608162489,,300.70521373994,,,,,338.381398478937,366.82442885408,257.155706962035,216.796717208821,201.234953049962,88.9447135296998,34.5376094083701,2.01753988727777,0.0785012993381757,0.165416773886254,0.158149589650276,0.0710952586355097,0.0049702265486764,0.0052346196713349,0.0055279769039618,0.0058471316325712,,,,Saudi Arabia,CO2
GEM-E3_V2021,EN_INDCi2030_600f_NDCp,SAU,Emissions|CO2|Energy|Supply|Gases,Mt CO2/yr,,,,,,,,,,,,9.25839534743692,,11.3089652015004,,,,,13.3077396950138,14.6870718783202,5.04939933231532,3.54448249015928,1.95754485646246,2.01572915185042,2.29381561020623,2.56921176610561,2.8038471269648,2.99028907481726,3.23463498374785,3.44116648100652,3.64210719687028,3.88475907168188,4.14729767390364,4.41429597909753,,,,Saudi Arabia,CO2
GEM-E3_V2021,EN_INDCi2030_600f_NDCp,SAU,Emissions|CO2|Energy|Supply|Liquids,Mt CO2/yr,,,,,,,,,,,,27.8711432362841,,19.7446585065424,,,,,14.9492660265811,15.4867721474751,12.8717679534193,11.5958066627022,7.85645400290821,6.41367727682597,6.16889921946158,6.41853092772924,6.92853342119278,7.71935761647249,9.15294937114735,10.6522329504766,12.4948178893719,14.6778715041318,17.2049878039648,20.1311046317043,,,,Saudi Arabia,CO2
GEM-E3_V2021,EN_INDCi2030_600f_NDCp,SAU,Emissions|CO2|Energy|Supply|Solids,Mt CO2/yr,,,,,,,,,,,,1.19717770493575e-05,,1.28718721257647e-05,,,,,1.36644605299417e-05,1.26361765592706e-05,5.30287199650547e-06,4.47576359878935e-06,8.40442515012125e-06,2.63600518655567e-05,1.27862042038127e-05,9.52744566133779e-06,5.32139559397929e-06,2.79763794521691e-06,2.24110422502313e-06,8.40622280482844e-07,8.57359184094769e-07,9.07867820391548e-07,1.18321561777921e-06,1.42542077931879e-06,,,,Saudi Arabia,CO2
GEM-E3_V2021,EN_INDCi2030_600f_NDCp,SAU,Emissions|CO2|Industrial Processes,Mt CO2/yr,,,,,,,,,,,,48.5316831142514,,64.316343856138,,,,,71.8050490737461,79.6482472045567,77.139375278067,76.0160620470516,78.5748422578651,84.055963253735,84.5818574359478,83.9872432566381,82.5035909339829,80.3676235857019,78.8340782856865,76.9138615838093,74.0767623251756,71.3231191875225,68.507754020775,65.4145400534718,,,,Saudi Arabia,CO2
GEM-E3_V2021,EN_INDCi2030_800,SAU,Emissions|CO2|AFOLU,Mt CO2/yr,,,,,,,,,,,,3.75143948608308,,2.94711380117701,,,,,2.19289052449119,1.43866724780537,0.741899615625795,0.201167443911689,-1.1046258583861,-2.35784582231042,-2.34268020132932,-2.04953256735181,-2.28455120771946,-2.51956984808711,-2.68751756934021,-2.85546529059332,-3.54016427825493,-4.22486326591654,-3.75404651652538,-3.28322976713423,,,,Saudi Arabia,CO2
GEM-E3_V2021,EN_INDCi2030_800,SAU,Emissions|CO2|Energy and Industrial Processes,Mt CO2/yr,,,,,,,,,,,,574.963768355898,,692.533101702597,,,,,747.992854627807,823.171015865668,587.29482222461,460.110903751929,341.001515234767,268.260054307614,199.559982841607,176.202284941992,169.459923174933,157.413841707906,180.560435666596,187.448178109473,202.50721309814,212.594268654985,221.00700506674,222.996017457714,,,,Saudi Arabia,CO2
GEM-E3_V2021,EN_INDCi2030_800,SAU,Emissions|CO2|Energy|Demand,Mt CO2/yr,,,,,,,,,,,,288.822113700735,,296.339755183303,,,,,309.773239736402,346.862607534538,247.199087938296,160.364515520138,48.9291940252905,34.4743773149886,28.6977960770903,40.4453234263999,45.6389080739936,52.1292847223788,65.8232955778455,74.7833784198567,86.4828544933041,94.1639584689792,100.697835637404,102.27031441245,,,,Saudi Arabia,CO2
GEM-E3_V2021,EN_INDCi2030_800,SAU,Emissions|CO2|Energy|Demand|AFOFI,Mt CO2/yr,,,,,,,,,,,,1.82258285077195e-05,,1.87004415892355e-05,,,,,2.15377178332642e-05,2.24464867857784e-05,1.75461574346722e-06,2.11687189762009e-07,1.06997913370203e-08,1.8028269013477602e-09,7.19611641690946e-10,1.0273235460586602e-09,1.0935829482109502e-09,1.2179862439483302e-09,1.8986363436175203e-09,2.17608523822414e-09,2.7104032901673904e-09,2.8850973821911e-09,2.90249365019546e-09,2.48598863463915e-09,,,,Saudi Arabia,CO2
GEM-E3_V2021,EN_INDCi2030_800,SAU,Emissions|CO2|Energy|Demand|Industry,Mt CO2/yr,,,,,,,,,,,,117.204595616078,,137.778542466243,,,,,148.14189655424,171.900298761221,119.205850058585,75.8381043380389,8.33645264835768,2.86328169833239,1.52132255655992,2.55599415784541,2.91252750463607,3.35294686268119,5.09698080062044,5.76321885739707,6.88271222249771,6.97092714132825,6.66587270745483,5.4910529580475,,,,Saudi Arabia,CO2
GEM-E3_V2021,EN_INDCi2030_800,SAU,Emissions|CO2|Energy|Demand|Residential and Commercial,Mt CO2/yr,,,,,,,,,,,,61.5286402975297,,51.9865728545335,,,,,52.650755951112,56.9425447042844,43.7603657179394,33.7854712637441,21.3068020805296,18.1418295656113,16.7864971883843,22.9737087053079,26.1088785665731,29.6378639593419,34.8251709524369,38.4605204592154,42.6316849110859,45.5242040800871,47.9478680745201,48.9409005115774,,,,Saudi Arabia,CO2
GEM-E3_V2021,EN_INDCi2030_800,SAU,Emissions|CO2|Energy|Demand|Residential and Commercial|Commercial,Mt CO2/yr,,,,,,,,,,,,51.6351502130037,,42.6468038245366,,,,,42.0821968581484,45.2320431580284,38.3279684842454,32.4231003925459,21.0058414721583,17.9266200162532,16.6061517571231,22.7483194725432,25.8625387211186,29.3669792826799,34.4867616347975,38.0899812577502,42.2134060471127,45.0963459668139,47.5254166577407,48.561229478524,,,,Saudi Arabia,CO2
GEM-E3_V2021,EN_INDCi2030_800,SAU,Emissions|CO2|Energy|Demand|Residential and Commercial|Residential,Mt CO2/yr,,,,,,,,,,,,9.89349008452602,,9.33976902999691,,,,,10.5685590929635,11.710501546256,5.43239723369401,1.36237087119821,0.300960608371323,0.215209549358125,0.180345431261241,0.22538923276477,0.246339845454529,0.270884676662059,0.338409317639407,0.370539201465205,0.418278863973153,0.427858113273218,0.422451416779383,0.379671033053353,,,,Saudi Arabia,CO2
GEM-E3_V2021,EN_INDCi2030_800,SAU,Emissions|CO2|Energy|Demand|Transportation,Mt CO2/yr,,,,,,,,,,,,110.088859561298,,106.574621162085,,,,,108.980565693331,118.019741622545,84.2328704071558,50.7409397066677,19.2859392857034,13.469266049242,10.3899763314264,14.9156205622191,16.6175020016908,19.1384738991376,25.9011438228895,30.5596391010681,36.9684573570101,41.6688272446787,46.0840948525266,47.8383609403394,,,,Saudi Arabia,CO2
GEM-E3_V2021,EN_INDCi2030_800,SAU,Emissions|CO2|Energy|Supply,Mt CO2/yr,,,,,,,,,,,,237.494158717987,,331.758850319855,,,,,366.415215985593,396.894275610154,264.996706591231,226.102849732026,220.339617648499,161.241859890761,96.930882207054,52.5860295955081,37.0322690733147,15.1057296987151,18.6311394294722,13.923229305756,15.4197747627676,17.158806925077,19.2063084203873,21.9680781352843,,,,Saudi Arabia,CO2
GEM-E3_V2021,EN_INDCi2030_800,SAU,Emissions|CO2|Energy|Supply|Electricity,Mt CO2/yr,,,,,,,,,,,,200.364608162489,,300.70521373994,,,,,338.148063344355,366.455254743641,248.273817845571,213.83926087372,213.25279432196,154.230283339235,89.4466156509313,43.8580133153099,27.3024176240531,4.15185465402536,6.09627300545191,0.0166795260653672,0.0047225908072417,0.0049136239357458,0.0051148202375619,0.005360207326389,,,,Saudi Arabia,CO2
GEM-E3_V2021,EN_INDCi2030_800,SAU,Emissions|CO2|Energy|Supply|Gases,Mt CO2/yr,,,,,,,,,,,,9.25839534743692,,11.3089652015004,,,,,13.3126140764178,14.8893752211994,4.42372136552741,2.53852965165633,1.55377027368371,1.66476632001787,1.93347410219335,2.37843056735573,2.72705874739537,3.10536943060454,3.42454935794555,3.66009166151186,3.92962652286376,4.17172714050398,4.39005188304082,4.59157173219696,,,,Saudi Arabia,CO2
GEM-E3_V2021,EN_INDCi2030_800,SAU,Emissions|CO2|Energy|Supply|Liquids,Mt CO2/yr,,,,,,,,,,,,27.8711432362841,,19.7446585065424,,,,,14.9545249191603,15.5496327733438,12.2991625549663,9.72505415867871,5.5330446860925,5.34679601186626,5.55077764141612,6.34957463625622,7.00278670837252,7.84850237122156,9.11031451117825,10.2464566656495,11.4854239049609,12.9821641295485,14.8111394711776,17.3711436825011,,,,Saudi Arabia,CO2
GEM-E3_V2021,EN_INDCi2030_800,SAU,Emissions|CO2|Energy|Supply|Solids,Mt CO2/yr,,,,,,,,,,,,1.19717770493575e-05,,1.28718721257647e-05,,,,,1.36456603065321e-05,1.28719693296811e-05,4.8251662599605e-06,5.04797101707388e-06,8.36676199452172e-06,1.42196418604897e-05,1.48125132370175e-05,1.10765863072634e-05,5.99349376440718e-06,3.24286370311288e-06,2.55489654302761e-06,1.45252927175642e-06,1.74413563391371e-06,2.03108881088905e-06,2.24593130217711e-06,2.51325990791708e-06,,,,Saudi Arabia,CO2
GEM-E3_V2021,EN_INDCi2030_800,SAU,Emissions|CO2|Industrial Processes,Mt CO2/yr,,,,,,,,,,,,48.5316831142514,,64.316343856138,,,,,71.6754700237812,79.2801911951325,75.0333933044614,73.6139344253078,71.7278924958919,72.541558524369,73.9300924730113,83.1683933067457,86.7856258159426,90.1749584674091,96.0997076259634,98.7340450882023,100.595238204218,101.261543434977,101.092743929613,98.7486302758038,,,,Saudi Arabia,CO2
GEM-E3_V2021,EN_INDCi2030_800f,SAU,Emissions|CO2|AFOLU,Mt CO2/yr,,,,,,,,,,,,3.75143948608308,,2.94711380117701,,,,,2.19289052449119,1.43866724780537,0.877315190951952,0.387727450653796,-0.716869081382541,-1.7301463701758,-1.94893318691691,-2.09141942261938,-2.36736983838393,-2.64332025414848,-2.93438556016613,-3.22545086618378,-4.35258236417167,-5.47971386215955,-5.03957733559429,-4.59944080902903,,,,Saudi Arabia,CO2
GEM-E3_V2021,EN_INDCi2030_800f,SAU,Emissions|CO2|Energy and Industrial Processes,Mt CO2/yr,,,,,,,,,,,,574.963768355898,,692.533101702597,,,,,747.992854627807,823.171015865668,652.934831656091,575.943909430545,492.590624118702,348.957158553923,243.392670239218,192.421295352261,164.061419255097,149.285671390001,145.756704676331,143.527956796542,141.934366106509,141.747653095078,141.223512459835,140.709936005753,,,,Saudi Arabia,CO2
GEM-E3_V2021,EN_INDCi2030_800f,SAU,Emissions|CO2|Energy|Demand,Mt CO2/yr,,,,,,,,,,,,288.822113700735,,296.339755183303,,,,,309.773239736402,346.862607534538,284.751330784612,252.058490254146,207.383246395827,99.017253148408,70.3900442704556,61.5808507989692,55.2138041684435,49.6412865299848,45.7976790111313,44.738558585748,44.0692861590904,44.0821733502191,43.8729110390493,43.7069732832151,,,,Saudi Arabia,CO2
GEM-E3_V2021,EN_INDCi2030_800f,SAU,Emissions|CO2|Energy|Demand|AFOFI,Mt CO2/yr,,,,,,,,,,,,1.82258285077195e-05,,1.87004415892355e-05,,,,,2.15377178332642e-05,2.24464867857784e-05,3.52031276224224e-06,1.19216707946517e-06,3.47737633164248e-07,1.67566227953095e-08,4.62324984333567e-09,2.5000548405374204e-09,1.53198251754248e-09,9.91518088600647e-10,7.04825399597678e-10,5.78787817014043e-10,4.87399585213893e-10,4.3923288405499803e-10,3.91950840193591e-10,3.5043816756356303e-10,,,,Saudi Arabia,CO2
GEM-E3_V2021,EN_INDCi2030_800f,SAU,Emissions|CO2|Energy|Demand|Industry,Mt CO2/yr,,,,,,,,,,,,117.204595616078,,137.778542466243,,,,,148.14189655424,171.900298761221,135.617188014707,123.996409206781,107.513265426174,26.5411361557085,9.92481006208368,6.15268256346375,4.08329415734986,2.77248372420704,2.07836879900938,1.74539027325077,1.48563801137424,1.31391652828368,1.14799779215689,1.00470767480373,,,,Saudi Arabia,CO2
GEM-E3_V2021,EN_INDCi2030_800f,SAU,Emissions|CO2|Energy|Demand|Residential and Commercial,Mt CO2/yr,,,,,,,,,,,,61.5286402975297,,51.9865728545335,,,,,52.650755951112,56.9425447042844,48.79643345322,44.5794923932829,39.9414960415121,32.1921107805891,29.5330702010271,29.2254118621332,28.8803880395054,28.1992970115671,27.4148053886277,27.7706396548126,28.1865377072739,28.80373162506,29.2551929572044,29.6674090568851,,,,Saudi Arabia,CO2
GEM-E3_V2021,EN_INDCi2030_800f,SAU,Emissions|CO2|Energy|Demand|Residential and Commercial|Commercial,Mt CO2/yr,,,,,,,,,,,,51.6351502130037,,42.6468038245366,,,,,42.0821968581484,45.2320431580284,41.4772889057115,39.1761728961742,36.3016409660122,31.4880920086357,29.1028648124899,28.8771114363161,28.5884100051066,27.9518080274032,27.1987366731334,27.5686395354657,27.9963356259863,28.6216172681542,29.0810312867221,29.5003969215477,,,,Saudi Arabia,CO2
GEM-E3_V2021,EN_INDCi2030_800f,SAU,Emissions|CO2|Energy|Demand|Residential and Commercial|Residential,Mt CO2/yr,,,,,,,,,,,,9.89349008452602,,9.33976902999691,,,,,10.5685590929635,11.710501546256,7.31914454750853,5.40331949710877,3.63985507549991,0.704018771953332,0.430205388537246,0.348300425817111,0.291978034398869,0.247488984163961,0.216068715494248,0.20200011934693,0.190202081287594,0.182114356905872,0.174161670482307,0.167012135337419,,,,Saudi Arabia,CO2
GEM-E3_V2021,EN_INDCi2030_800f,SAU,Emissions|CO2|Energy|Demand|Transportation,Mt CO2/yr,,,,,,,,,,,,110.088859561298,,106.574621162085,,,,,108.980565693331,118.019741622545,100.337705796372,83.4825874619144,59.9284845804033,40.2840061953537,30.9321640027215,26.2027563708721,22.2501219700562,18.6695057932191,16.3045048227894,15.2225286571058,14.3971104399548,13.9645251964361,13.469720289296,13.0348565511758,,,,Saudi Arabia,CO2
GEM-E3_V2021,EN_INDCi2030_800f,SAU,Emissions|CO2|Energy|Supply,Mt CO2/yr,,,,,,,,,,,,237.494158717987,,331.758850319855,,,,,366.415215985593,396.894275610154,289.286397764073,244.588986164159,207.60716902474,166.144401487524,84.6934708729466,40.587434966955,18.6056067353583,11.2062606091189,13.4231350388686,14.2139270113623,16.2427889098596,18.6889313539991,21.5235413310295,24.7708835804858,,,,Saudi Arabia,CO2
GEM-E3_V2021,EN_INDCi2030_800f,SAU,Emissions|CO2|Energy|Supply|Electricity,Mt CO2/yr,,,,,,,,,,,,200.364608162489,,300.70521373994,,,,,338.148063344355,366.455254743641,269.851052929639,227.854480455322,193.070683906214,155.855562621264,75.2550698592957,30.9345414466727,8.42548651298595,0.189507268719674,0.891841557218032,0.0144709864335616,0.0049082467530072,0.005162238752232,0.0054465640236294,0.0057627659766131,,,,Saudi Arabia,CO2
GEM-E3_V2021,EN_INDCi2030_800f,SAU,Emissions|CO2|Energy|Supply|Gases,Mt CO2/yr,,,,,,,,,,,,9.25839534743692,,11.3089652015004,,,,,13.3126140764178,14.8893752211994,5.96533681561453,4.27033049445699,3.23780078126711,2.11195487080221,2.33331327422063,2.62781029599466,2.88742512184157,3.09020799456695,3.27242401908219,3.47404301503909,3.68328068834593,3.93690601566989,4.19292917025794,4.45541250137883,,,,Saudi Arabia,CO2
GEM-E3_V2021,EN_INDCi2030_800f,SAU,Emissions|CO2|Energy|Supply|Liquids,Mt CO2/yr,,,,,,,,,,,,27.8711432362841,,19.7446585065424,,,,,14.9545249191603,15.5496327733438,13.4700027426153,12.464170223536,11.2986798862972,8.17686738633822,7.10506966635797,7.02507428016949,7.29268943340639,7.92654176882835,9.25886616495055,10.7254119729965,12.5545988198644,14.7468617691104,17.3251641227416,20.3097065907672,,,,Saudi Arabia,CO2
GEM-E3_V2021,EN_INDCi2030_800f,SAU,Emissions|CO2|Energy|Supply|Solids,Mt CO2/yr,,,,,,,,,,,,1.19717770493575e-05,,1.28718721257647e-05,,,,,1.36456603065321e-05,1.28719693296811e-05,5.27620382942738e-06,4.99084360866554e-06,4.45096203197751e-06,1.6609120162153e-05,1.80730723098655e-05,8.9441181296597e-06,5.66712441097088e-06,3.57700397305687e-06,3.29761785966436e-06,1.03689318192281e-06,1.15489632220851e-06,1.33046653740899e-06,1.47400639032522e-06,1.7223631363927e-06,,,,Saudi Arabia,CO2
GEM-E3_V2021,EN_INDCi2030_800f,SAU,Emissions|CO2|Industrial Processes,Mt CO2/yr,,,,,,,,,,,,48.5316831142514,,64.316343856138,,,,,71.6754700237812,79.2801911951325,78.8092070415091,79.2336994375391,77.5600626174874,83.7768109028259,88.2998252500331,90.2465490845963,90.2374476447239,88.4349621832142,86.5335078557195,84.5734471648459,81.6205510470049,78.9749856855496,75.8256788406985,72.2308573861589,,,,Saudi Arabia,CO2
GEM-E3_V2021,EN_INDCi2100,SAU,Emissions|CO2|Energy and Industrial Processes,Mt CO2/yr,,,,,,,,,,,,574.963768355898,,692.533101702597,,,,,747.992854627807,823.171015865668,878.801372884038,956.965624481628,1050.76718183775,1146.64633168119,1247.9545668934,1271.59503919023,1270.26484809886,1345.76927832636,1419.73680978421,1489.39022843987,1488.55839021278,1527.27919927256,1559.56628602883,1542.82508814117,,,,Saudi Arabia,CO2
GEM-E3_V2021,EN_INDCi2100,SAU,Emissions|CO2|Energy|Demand,Mt CO2/yr,,,,,,,,,,,,288.822113700735,,296.339755183303,,,,,309.773239736402,346.862607534538,388.016183290205,433.49413105648,482.178719050259,538.572096764156,596.219345573864,653.982184457137,713.148497837591,772.918047236832,825.52995526797,870.614798436523,911.848615317352,951.76370333899,989.895341075959,1025.13782974817,,,,Saudi Arabia,CO2
GEM-E3_V2021,EN_INDCi2100,SAU,Emissions|CO2|Energy|Demand|AFOFI,Mt CO2/yr,,,,,,,,,,,,1.82258285077195e-05,,1.87004415892355e-05,,,,,2.15377178332642e-05,2.24464867857784e-05,2.45289886400519e-05,2.83918432876155e-05,3.44219522607508e-05,4.29045567194544e-05,4.79418485211582e-05,5.29345438790739e-05,5.97802684371747e-05,6.71203408127073e-05,8.08198470049438e-05,9.06870660473818e-05,0.0001015590761118,0.0001141456610651,0.0001287106299525,0.0001454473988695,,,,Saudi Arabia,CO2
GEM-E3_V2021,EN_INDCi2100,SAU,Emissions|CO2|Energy|Demand|Industry,Mt CO2/yr,,,,,,,,,,,,117.204595616078,,137.778542466243,,,,,148.14189655424,171.900298761221,199.535603709558,232.870369348893,268.970254163904,312.962208280362,357.141014440101,405.583948038204,455.397446773732,505.909341854155,550.396377386424,587.769815130793,621.546645945589,653.939728754183,684.667040661867,712.592476939822,,,,Saudi Arabia,CO2
GEM-E3_V2021,EN_INDCi2100,SAU,Emissions|CO2|Energy|Demand|Residential and Commercial,Mt CO2/yr,,,,,,,,,,,,61.5286402975297,,51.9865728545335,,,,,52.650755951112,56.9425447042844,61.0344345319726,65.296529739216,70.0915111574314,75.0527388283137,80.6016376286509,85.2821777583295,90.2530600335995,94.8111641208828,98.4035189198389,101.977935160905,105.374884859989,108.667038436059,111.737064201805,114.628486876318,,,,Saudi Arabia,CO2
GEM-E3_V2021,EN_INDCi2100,SAU,Emissions|CO2|Energy|Demand|Residential and Commercial|Commercial,Mt CO2/yr,,,,,,,,,,,,9.89349008452602,,9.33976902999691,,,,,10.5685590929635,11.710501546256,12.8809430085459,13.9929697982808,15.0620849286141,16.0899877582215,16.9859302940886,17.5555275327718,18.3833028244938,18.8908931089638,19.2748328433832,19.5310998640274,19.7344769372905,19.8970523826108,20.0027963008871,20.0720265335567,,,,Saudi Arabia,CO2
GEM-E3_V2021,EN_INDCi2100,SAU,Emissions|CO2|Energy|Demand|Residential and Commercial|Residential,Mt CO2/yr,,,,,,,,,,,,51.6351502130037,,42.6468038245366,,,,,42.0821968581484,45.2320431580284,48.1534915234267,51.3035599409352,55.0294262288172,58.9627510700921,63.6157073345623,67.7266502255577,71.8697572091057,75.920271011919,79.1286860764557,82.4468352968778,85.6404079226992,88.7699860534488,91.7342679009184,94.5564603427614,,,,Saudi Arabia,CO2
GEM-E3_V2021,EN_INDCi2100,SAU,Emissions|CO2|Energy|Demand|Transportation,Mt CO2/yr,,,,,,,,,,,,110.088859561298,,106.574621162085,,,,,108.980565693331,118.019741622546,127.446120519685,135.327203576527,143.116919306971,150.557106750923,158.476645563263,163.116005726059,167.49793124999,172.197474141454,176.72997814186,180.866957457759,184.926982952697,189.156822003085,193.491107501656,197.916720484639,,,,Saudi Arabia,CO2
GEM-E3_V2021,EN_INDCi2100,SAU,Emissions|CO2|Energy|Supply,Mt CO2/yr,,,,,,,,,,,,237.494158717987,,331.758850319855,,,,,366.415215985593,396.894275610154,404.279839191097,430.599155244371,470.110164471307,504.98230455126,544.563627772343,506.966886924098,443.393248365465,455.917102613436,474.375176892559,496.760906562382,453.845258991247,451.072600402752,443.778575771596,390.66748522557,,,,Saudi Arabia,CO2
GEM-E3_V2021,EN_INDCi2100,SAU,Emissions|CO2|Energy|Supply|Electricity,Mt CO2/yr,,,,,,,,,,,,200.364608162489,,300.70521373994,,,,,338.148063344355,366.455254743641,370.780912820525,393.29684716279,428.298239445252,457.655479922547,492.141725543852,449.064956186247,379.617596799542,385.894934461863,397.724002958489,413.938955617779,364.735355659232,355.431471045916,341.306075378696,281.260550398931,,,,Saudi Arabia,CO2
GEM-E3_V2021,EN_INDCi2100,SAU,Emissions|CO2|Energy|Supply|Gases,Mt CO2/yr,,,,,,,,,,,,9.25839534743692,,11.3089652015004,,,,,13.3126140764178,14.8893752211994,17.2206824759752,20.5000423188427,24.6226852570074,29.8157303006882,34.5270046096964,40.0488978897113,45.743087979375,51.8932693002173,58.4985890235563,64.7675695584397,71.154080772413,77.7605284847167,84.6334699499958,91.5878278655621,,,,Saudi Arabia,CO2
GEM-E3_V2021,EN_INDCi2100,SAU,Emissions|CO2|Energy|Supply|Liquids,Mt CO2/yr,,,,,,,,,,,,27.8711432362841,,19.7446585065424,,,,,14.9545249191603,15.5496327733438,16.278231614597,16.8022535299861,17.1892266639686,17.5110809271331,17.8948834241333,17.8530180582149,18.0325478396916,18.1288813406584,18.1525652571663,18.0543601749086,17.9557989561824,17.8805753179369,17.8390023881333,17.8190760894281,,,,Saudi Arabia,CO2
GEM-E3_V2021,EN_INDCi2100,SAU,Emissions|CO2|Energy|Supply|Solids,Mt CO2/yr,,,,,,,,,,,,1.19717770493575e-05,,1.28718721257647e-05,,,,,1.36456603065321e-05,1.28719693296811e-05,1.22799995525248e-05,1.2232752705066e-05,1.31050789023478e-05,1.34008911686985e-05,1.4194661253381e-05,1.47899253415885e-05,1.57468563040739e-05,1.75106971453545e-05,1.96533468580974e-05,2.12112543800447e-05,2.36034195334132e-05,2.55541821821665e-05,2.80547707262576e-05,3.08716488364339e-05,,,,Saudi Arabia,CO2
GEM-E3_V2021,EN_INDCi2100,SAU,Emissions|CO2|Industrial Processes,Mt CO2/yr,,,,,,,,,,,,48.5316831142514,,64.316343856138,,,,,71.6754700237812,79.2801911951325,86.3680943009988,92.7319456092891,98.3319236538121,102.939949796955,107.016701638245,110.49165505758,113.568689350319,116.781049422743,119.675990356584,121.860200809427,122.711809098089,124.292077058969,125.7439060759,126.873906143087,,,,Saudi Arabia,CO2
GEM-E3_V2021,EN_INDCi2100_COV,SAU,Emissions|CO2|AFOLU,Mt CO2/yr,,,,,,,,,,,,3.75143948608308,,2.94711380117701,,,,,2.19289052449119,1.43866724780537,1.46060116100967,1.48257281119803,0.808449695646364,0.134300231029807,-0.642289459538292,-1.41878244013953,-1.46242528886825,-1.50606813759698,-1.35412464977232,-1.20218116194766,-1.16077876176539,-1.11937636158312,-0.0335937958438478,1.05218876989542,,,,Saudi Arabia,CO2
GEM-E3_V2021,EN_INDCi2100_COV,SAU,Emissions|CO2|Energy and Industrial Processes,Mt CO2/yr,,,,,,,,,,,,574.963768355898,,601.301202383815,,,,,655.193086392441,719.057399952017,765.356254867026,831.022757851884,853.704466596234,936.451831930616,1009.69233008166,1063.07768746142,1086.94479806439,1153.41908857807,1214.02853948905,1275.528982473,1323.28167653669,1344.10042358014,1351.54358048062,1333.98226691596,,,,Saudi Arabia,CO2
GEM-E3_V2021,EN_INDCi2100_COV,SAU,Emissions|CO2|Energy|Demand,Mt CO2/yr,,,,,,,,,,,,288.822113700735,,251.956326548856,,,,,267.921754501727,298.949417400004,333.347212545193,370.595567852333,409.95115528434,455.220035935544,503.161701707044,551.28180437491,600.206824706662,649.726278661583,694.097264487528,731.861951152501,766.999913573663,801.275708454457,834.620006725545,866.370847519228,,,,Saudi Arabia,CO2
GEM-E3_V2021,EN_INDCi2100_COV,SAU,Emissions|CO2|Energy|Demand|AFOFI,Mt CO2/yr,,,,,,,,,,,,1.82258285077195e-05,,1.64678741885624e-05,,,,,1.85952206703118e-05,1.92215312058124e-05,2.07764439597251e-05,2.36784903832218e-05,2.83452870489851e-05,3.43460181855401e-05,3.83234186746993e-05,4.22098740318272e-05,4.68904458055004e-05,5.22987343794223e-05,6.24412146764055e-05,6.93853477953555e-05,7.69443016569035e-05,8.58764147418521e-05,9.62331299411878e-05,0.0001080182421112,,,,Saudi Arabia,CO2
GEM-E3_V2021,EN_INDCi2100_COV,SAU,Emissions|CO2|Energy|Demand|Industry,Mt CO2/yr,,,,,,,,,,,,117.204595616078,,112.333537800092,,,,,119.552717758812,138.674043432527,160.922386702282,187.233740081894,215.164084148942,249.461533050322,285.20957372158,324.811430207619,365.329361558149,406.340166755425,443.068277332173,473.647010296247,501.776690365122,528.9255339774,555.218466608114,579.972434081702,,,,Saudi Arabia,CO2
GEM-E3_V2021,EN_INDCi2100_COV,SAU,Emissions|CO2|Energy|Demand|Residential and Commercial,Mt CO2/yr,,,,,,,,,,,,61.5286402975297,,48.5725625674939,,,,,49.0911062245897,52.86824436446,56.4595872256641,60.2762305819331,64.8161215993297,69.0622954664308,74.2192389115547,78.579981394851,82.9084810156576,87.060250165023,90.3554505501531,93.6341874014571,96.7433241923216,99.7977405257038,102.661224107127,105.345641119306,,,,Saudi Arabia,CO2
GEM-E3_V2021,EN_INDCi2100_COV,SAU,Emissions|CO2|Energy|Demand|Residential and Commercial|Commercial,Mt CO2/yr,,,,,,,,,,,,51.6351502130037,,40.2287130792517,,,,,39.5981540998357,42.3502245218403,44.8951490974947,47.7191104678824,51.2209382919155,54.6642643477714,58.9422218464252,62.735112580842,66.4427636282211,70.1394268946801,73.096776773422,76.1554113980807,79.1109198510677,82.0232401923923,84.7813672733572,87.4113198374088,,,,Saudi Arabia,CO2
GEM-E3_V2021,EN_INDCi2100_COV,SAU,Emissions|CO2|Energy|Demand|Residential and Commercial|Residential,Mt CO2/yr,,,,,,,,,,,,9.89349008452602,,8.34384948824228,,,,,9.49295212475397,10.5180198426196,11.5644381281693,12.5571201140506,13.5951833074141,14.3980311186593,15.2770170651295,15.8448688140089,16.4657173874365,16.9208232703428,17.2586737767311,17.4787760033763,17.6324043412538,17.7745003333115,17.8798568337704,17.9343212818974,,,,Saudi Arabia,CO2
GEM-E3_V2021,EN_INDCi2100_COV,SAU,Emissions|CO2|Energy|Demand|Transportation,Mt CO2/yr,,,,,,,,,,,,110.088859561298,,91.0502097133952,,,,,99.2779119231044,107.407110381485,115.965217840803,123.085573510015,129.970921190781,136.696173072772,143.73285075049,147.890350562565,151.968935242409,156.3258094424,160.673474163986,164.580684069448,168.479822071916,172.552348074938,176.740219777173,181.052664299978,,,,Saudi Arabia,CO2
GEM-E3_V2021,EN_INDCi2100_COV,SAU,Emissions|CO2|Energy|Supply,Mt CO2/yr,,,,,,,,,,,,237.494158717987,,294.972433697313,,,,,326.550394701616,352.901174083852,358.574726876801,381.42218569772,359.963701139934,393.195369283988,414.802085162882,416.799585335742,388.740575694761,402.719819298835,416.192679365731,437.875873444268,449.546366762698,434.574799811869,407.276011825542,356.792611080291,,,,Saudi Arabia,CO2
GEM-E3_V2021,EN_INDCi2100_COV,SAU,Emissions|CO2|Energy|Supply|Electricity,Mt CO2/yr,,,,,,,,,,,,200.364608162489,,268.347114148071,,,,,302.074307168689,326.586476358684,329.754553967312,349.572204351541,324.568982789386,353.508795367818,370.998087129041,368.586378812804,335.804466043436,344.765622569895,352.806901539939,369.59373000761,376.248557957746,356.028035957147,323.164494298588,266.972601467843,,,,Saudi Arabia,CO2
GEM-E3_V2021,EN_INDCi2100_COV,SAU,Emissions|CO2|Energy|Supply|Gases,Mt CO2/yr,,,,,,,,,,,,9.25839534743692,,9.4425230318051,,,,,11.0258719419106,12.2758925234949,14.079102974689,16.5980344372829,19.7654929949072,23.7993219458522,27.4799002041117,31.8080068052154,36.3844344424031,41.2726696939518,46.6401566432171,51.6063683732125,56.6925088325373,61.991864612315,67.5820885907963,73.2950887720484,,,,Saudi Arabia,CO2
GEM-E3_V2021,EN_INDCi2100_COV,SAU,Emissions|CO2|Energy|Supply|Liquids,Mt CO2/yr,,,,,,,,,,,,27.8711432362841,,17.1827856681881,,,,,13.4502037412305,14.03879399966,14.7410592237474,15.2519362198601,15.6292138763063,15.8872402533278,16.3240854103822,16.4051867742206,16.5516614730983,16.681511790274,16.7456040629352,16.6757565882149,16.6052794751844,16.5548771193708,16.5294046562417,16.5248941559785,,,,Saudi Arabia,CO2
GEM-E3_V2021,EN_INDCi2100_COV,SAU,Emissions|CO2|Energy|Supply|Solids,Mt CO2/yr,,,,,,,,,,,,1.19717770493575e-05,,1.08492487006774e-05,,,,,1.18497852179197e-05,1.12020132869557e-05,1.0711052924572e-05,1.0689035712104e-05,1.14793344529108e-05,1.17169903727881e-05,1.24193466073108e-05,1.29435025323666e-05,1.37358232217252e-05,1.52447149060433e-05,1.71196398311349e-05,1.84752308430529e-05,2.04972297108335e-05,2.21230367601671e-05,2.42799164398225e-05,2.66844213498325e-05,,,,Saudi Arabia,CO2
GEM-E3_V2021,EN_INDCi2100_COV,SAU,Emissions|CO2|Industrial Processes,Mt CO2/yr,,,,,,,,,,,,48.5316831142514,,54.2695146255745,,,,,60.607522489548,67.0887610085983,73.3130602896581,78.8807622767536,83.6592312739148,87.9016207903108,91.5904969877827,94.858427042807,97.8599462964692,100.836474414462,103.599431338482,105.653047970998,106.598691815677,108.114699436315,109.51413747425,110.687529338275,,,,Saudi Arabia,CO2
GEM-E3_V2021,EN_INDCi2100_COV_NDCp,SAU,Emissions|CO2|AFOLU,Mt CO2/yr,,,,,,,,,,,,3.75143948608308,,2.94711380117701,,,,,2.19289052449119,1.43866724780537,1.17665518538071,0.862007869291857,0.0251210637201842,-0.746130057077111,-1.17433869004358,-1.49753370900481,-1.55487113105622,-1.61220855310764,-1.40646515972234,-1.20072176633703,-1.16951364594318,-1.13830552554932,-1.15658652872018,-1.17486753189103,,,,Saudi Arabia,CO2
GEM-E3_V2021,EN_INDCi2100_COV_NDCp,SAU,Emissions|CO2|Energy and Industrial Processes,Mt CO2/yr,,,,,,,,,,,,574.963768355898,,601.301202159123,,,,,655.52936193833,720.403314976576,764.251663014931,836.61405704985,915.530390176461,994.829149050507,1025.71516092038,1042.44995735905,1090.92412775584,1155.34089810661,1219.33583043437,1280.3278731103,1317.61789043548,1348.68305058028,1341.37638499281,1322.680469799,,,,Saudi Arabia,CO2
GEM-E3_V2021,EN_INDCi2100_COV_NDCp,SAU,Emissions|CO2|Energy|Demand,Mt CO2/yr,,,,,,,,,,,,288.822113700735,,251.956326477092,,,,,268.131087099608,299.882654165448,335.474971780575,374.614312386507,414.715050133277,460.207217583507,507.147516348068,554.6629076142,603.897720768516,653.485857337769,697.409985751047,734.776314754995,769.520567976409,803.489842195787,836.610392787351,868.10165299782,,,,Saudi Arabia,CO2
GEM-E3_V2021,EN_INDCi2100_COV_NDCp,SAU,Emissions|CO2|Energy|Demand|AFOFI,Mt CO2/yr,,,,,,,,,,,,1.82258285077195e-05,,1.64678741014682e-05,,,,,1.8609122468392e-05,1.92896903495554e-05,2.1018698512799e-05,2.42198387453727e-05,2.89828122675518e-05,3.55895504345922e-05,3.95857805642923e-05,4.34071820377425e-05,4.82660331416775e-05,5.37451460562527e-05,6.40151185706479e-05,7.0962120634318e-05,7.84894519976391e-05,8.73497163213399e-05,9.76009681400783e-05,0.0001092976896531,,,,Saudi Arabia,CO2
GEM-E3_V2021,EN_INDCi2100_COV_NDCp,SAU,Emissions|CO2|Energy|Demand|Industry,Mt CO2/yr,,,,,,,,,,,,117.204595616078,,112.333537654008,,,,,119.739516843889,139.567639866271,163.153642284508,192.173486191186,221.890828019423,256.790179052729,291.728795370517,330.902994786714,371.791323539754,413.01541375593,449.374001880739,479.477180256297,507.089722350065,533.771945253944,559.644438783594,583.92180137442,,,,Saudi Arabia,CO2
GEM-E3_V2021,EN_INDCi2100_COV_NDCp,SAU,Emissions|CO2|Energy|Demand|Residential and Commercial,Mt CO2/yr,,,,,,,,,,,,61.5286402975297,,48.5725626174167,,,,,49.0959352845771,52.865340286606,56.3624602898379,59.989741509613,64.1497378305505,68.5177985787131,73.6530627574453,77.9321169606833,82.282762263101,86.4130289817445,89.722923716331,93.0316999465089,96.1808529760592,99.2708043789153,102.172053193274,104.891660106069,,,,Saudi Arabia,CO2
GEM-E3_V2021,EN_INDCi2100_COV_NDCp,SAU,Emissions|CO2|Energy|Demand|Residential and Commercial|Commercial,Mt CO2/yr,,,,,,,,,,,,51.6351502130037,,40.2287131278014,,,,,39.6047522657128,42.3465804879838,44.8155140541996,47.4348289519519,50.6482515138602,54.1134353010268,58.3820022156506,62.1266262289459,65.8386760403706,69.5163408193706,72.4951310088381,75.5850669487343,78.576955085372,81.5243682692578,84.3227719860599,86.9877468488324,,,,Saudi Arabia,CO2
GEM-E3_V2021,EN_INDCi2100_COV_NDCp,SAU,Emissions|CO2|Energy|Demand|Residential and Commercial|Residential,Mt CO2/yr,,,,,,,,,,,,9.89349008452602,,8.34384948961535,,,,,9.49118301886432,10.5187597986222,11.5469462356383,12.554912557661,13.5014863166903,14.4043632776863,15.2710605417947,15.8054907317374,16.4440862227304,16.8966881623738,17.2277927074929,17.4466329977746,17.6038978906872,17.7464361096575,17.8492812072147,17.9039132572374,,,,Saudi Arabia,CO2
GEM-E3_V2021,EN_INDCi2100_COV_NDCp,SAU,Emissions|CO2|Energy|Demand|Transportation,Mt CO2/yr,,,,,,,,,,,,110.088859561298,,91.0502097377935,,,,,99.2956163620192,107.44965472288,115.958848187531,122.451060465869,128.67445530049,134.899204362514,141.765618634325,145.82775245962,149.823586699627,154.057360854948,158.312996138858,162.267363590068,166.249914160832,170.44700521321,174.793803209513,179.28808221964,,,,Saudi Arabia,CO2
GEM-E3_V2021,EN_INDCi2100_COV_NDCp,SAU,Emissions|CO2|Energy|Supply,Mt CO2/yr,,,,,,,,,,,,237.494158717987,,294.972433592564,,,,,326.551032864287,352.975136152109,354.582335041858,381.747761424253,415.512166771199,445.326990635325,425.849026331618,391.946476729945,388.215318090984,400.098563281651,417.451518973966,439.07468827163,440.733479791215,436.343620307293,394.535310920725,343.203142387603,,,,Saudi Arabia,CO2
GEM-E3_V2021,EN_INDCi2100_COV_NDCp,SAU,Emissions|CO2|Energy|Supply|Electricity,Mt CO2/yr,,,,,,,,,,,,200.364608162489,,268.347114046448,,,,,302.086397038839,326.907559710753,326.137874541423,350.346108074717,380.501466735266,405.892657816056,382.233833508444,343.919338932824,335.446272191334,342.295128666682,354.239479722978,370.949890494514,367.597966280235,357.960711756112,310.614505637892,253.57730648365,,,,Saudi Arabia,CO2
GEM-E3_V2021,EN_INDCi2100_COV_NDCp,SAU,Emissions|CO2|Energy|Supply|Gases,Mt CO2/yr,,,,,,,,,,,,9.25839534743692,,9.44252301770665,,,,,11.021452264197,12.084598426741,13.8373610685181,16.5128562985539,19.8255308563432,23.921400401709,27.6944679487988,32.0603352530012,36.604702858136,41.50405846704,46.8150381104147,51.7619563930325,56.811023609115,62.0800841049088,67.616709706297,73.3030557452607,,,,Saudi Arabia,CO2
GEM-E3_V2021,EN_INDCi2100_COV_NDCp,SAU,Emissions|CO2|Energy|Supply|Liquids,Mt CO2/yr,,,,,,,,,,,,27.8711432362841,,17.1827856791925,,,,,13.4431716976038,13.982967012944,14.607088944649,14.8887864380957,15.1851579012571,15.5129208988759,15.9207124587268,15.9667895757147,16.1643292724556,16.2993608625716,16.3969839688784,16.3628228526469,16.3244696234884,16.3028022543528,16.3040712298929,16.3227534019944,,,,Saudi Arabia,CO2
GEM-E3_V2021,EN_INDCi2100_COV_NDCp,SAU,Emissions|CO2|Energy|Supply|Solids,Mt CO2/yr,,,,,,,,,,,,1.19717770493575e-05,,1.08492167154002e-05,,,,,1.18636470870654e-05,1.1001670967192e-05,1.04872669602715e-05,1.06128866419741e-05,1.12783329213471e-05,1.15186841398001e-05,1.24156480485872e-05,1.29684048474212e-05,1.37690578933147e-05,1.52853573276508e-05,1.71716945645907e-05,1.85314367395062e-05,2.02783760565148e-05,2.21919191728682e-05,2.43466429942539e-05,2.67566979271522e-05,,,,Saudi Arabia,CO2
GEM-E3_V2021,EN_INDCi2100_COV_NDCp,SAU,Emissions|CO2|Industrial Processes,Mt CO2/yr,,,,,,,,,,,,48.5316831142514,,54.2695145774346,,,,,60.7338824925431,67.427432212833,74.0733039405959,80.1277245709808,85.1738825372574,89.1609242753326,92.581494385439,95.7038066132502,98.6747836962103,101.621189315582,104.336555408268,106.340155097005,107.228474139574,108.715634988984,110.098450527781,111.245479064518,,,,Saudi Arabia,CO2
GEM-E3_V2021,EN_INDCi2100_NDCp,SAU,Emissions|CO2|AFOLU,Mt CO2/yr,,,,,,,,,,,,3.75143948608308,,2.94711380117701,,,,,2.19289052449119,1.43866724780537,1.46066939583666,1.48267840881483,0.808408840934901,0.134205393238996,-0.642240537088502,-1.41866887436234,-1.46241950299904,-1.50617013163573,-1.35418243208043,-1.20219473252512,-1.16080179746615,-1.11940886240717,-0.0336611272961602,1.05208660781485,,,,Saudi Arabia,CO2
GEM-E3_V2021,EN_INDCi2100_NDCp,SAU,Emissions|CO2|Energy and Industrial Processes,Mt CO2/yr,,,,,,,,,,,,574.963768355898,,692.533101702597,,,,,748.561977448501,824.724710628363,877.506128574815,963.363801060549,1057.17994439825,1083.68206329501,1102.9283397911,1194.2404101019,1273.59925420854,1350.08986541867,1423.47119070178,1490.28065669013,1518.94323003373,1508.43748598634,1490.07021715982,1476.03469812585,,,,Saudi Arabia,CO2
GEM-E3_V2021,EN_INDCi2100_NDCp,SAU,Emissions|CO2|Energy|Demand,Mt CO2/yr,,,,,,,,,,,,288.822113700735,,296.339755183303,,,,,309.989634070186,347.944188119661,390.424583379472,438.033287748269,487.178135845242,542.577132843969,599.411628851386,658.13311073174,717.636414974943,777.475001768225,829.505216095605,874.134426715412,915.118066248338,954.414394571154,992.0577010263,1027.03015118458,,,,Saudi Arabia,CO2
GEM-E3_V2021,EN_INDCi2100_NDCp,SAU,Emissions|CO2|Energy|Demand|AFOFI,Mt CO2/yr,,,,,,,,,,,,1.82258285077195e-05,,1.87004415892355e-05,,,,,2.15519402621354e-05,2.25210497495884e-05,2.47842154425269e-05,2.89840770988498e-05,3.53549936904181e-05,4.42052130797654e-05,4.99260211455904e-05,5.51659520926111e-05,6.1482882705417e-05,6.89820244709798e-05,8.28781014076492e-05,9.27411695293514e-05,0.0001035086050581,0.0001161355280452,0.0001306510451351,0.0001472900559277,,,,Saudi Arabia,CO2
GEM-E3_V2021,EN_INDCi2100_NDCp,SAU,Emissions|CO2|Energy|Demand|Industry,Mt CO2/yr,,,,,,,,,,,,117.204595616078,,137.778542466243,,,,,148.320638273565,172.942659714317,202.063337135532,238.469665330581,276.02223274957,319.65045049483,362.987529547236,412.431391386783,462.891404499174,513.646396609283,557.605244373104,594.427805461322,627.817880058709,659.410647292667,689.426320681871,716.840424773589,,,,Saudi Arabia,CO2
GEM-E3_V2021,EN_INDCi2100_NDCp,SAU,Emissions|CO2|Energy|Demand|Residential and Commercial,Mt CO2/yr,,,,,,,,,,,,61.5286402975297,,51.9865728545335,,,,,52.6613663645299,56.9351373607578,60.9265323505179,64.9717817843394,69.5977844643001,74.4268421172243,80.3107904816388,85.0043233312613,89.5992654855443,94.0853865336746,97.6984406754201,101.305689524008,104.720440502293,108.070176493853,111.199945306622,114.127978405794,,,,Saudi Arabia,CO2
GEM-E3_V2021,EN_INDCi2100_NDCp,SAU,Emissions|CO2|Energy|Demand|Residential and Commercial|Commercial,Mt CO2/yr,,,,,,,,,,,,51.6351502130037,,42.6468038245366,,,,,42.0938466357159,45.2240672391425,48.0664467295759,50.985062962112,54.5399721954741,58.3456400859627,63.1489757251137,67.2738282590401,71.2439550583566,75.2260476482667,78.4581649599954,81.8101485519811,85.0360451567561,88.2047095671028,91.215702295821,94.0777385122825,,,,Saudi Arabia,CO2
GEM-E3_V2021,EN_INDCi2100_NDCp,SAU,Emissions|CO2|Energy|Demand|Residential and Commercial|Residential,Mt CO2/yr,,,,,,,,,,,,9.89349008452602,,9.33976902999691,,,,,10.567519728814,11.7110701216152,12.8600856209419,13.9867188222274,15.057812268826,16.0812020312616,17.1618147565251,17.7304950722212,18.3553104271877,18.8593388854078,19.2402757154247,19.4955409720277,19.6843953455373,19.8654669267504,19.9842430108018,20.0502398935115,,,,Saudi Arabia,CO2
GEM-E3_V2021,EN_INDCi2100_NDCp,SAU,Emissions|CO2|Energy|Demand|Transportation,Mt CO2/yr,,,,,,,,,,,,110.088859561298,,106.574621162085,,,,,109.00760788015,118.066368523536,127.434689109206,134.591811649271,141.558083276377,148.499796026701,156.11325889649,160.697340847744,165.145683507342,169.743149643243,174.201448168979,178.400838988911,182.579642178731,186.933454649105,191.43130438676,196.061600715149,,,,Saudi Arabia,CO2
GEM-E3_V2021,EN_INDCi2100_NDCp,SAU,Emissions|CO2|Energy|Supply,Mt CO2/yr,,,,,,,,,,,,237.494158717987,,331.758850319855,,,,,366.638417864993,396.998285516052,399.745088961655,431.120644161668,470.16592601357,437.068749228484,395.803788390562,424.814692199275,441.39673892235,454.87910825433,473.393158729079,493.443049562361,480.290632714238,428.996159987144,371.593638834899,321.477022614869,,,,Saudi Arabia,CO2
GEM-E3_V2021,EN_INDCi2100_NDCp,SAU,Emissions|CO2|Energy|Supply|Electricity,Mt CO2/yr,,,,,,,,,,,,200.364608162489,,300.70521373994,,,,,338.381398478937,366.82442885408,366.652675267162,394.276757432274,428.732871672373,390.040587290862,343.5647618218,366.972965092604,377.66879591806,384.88443189716,396.802849076865,410.685087461221,391.241946250426,333.445456375044,269.246121983569,212.204447301476,,,,Saudi Arabia,CO2
GEM-E3_V2021,EN_INDCi2100_NDCp,SAU,Emissions|CO2|Energy|Supply|Gases,Mt CO2/yr,,,,,,,,,,,,9.25839534743692,,11.3089652015004,,,,,13.3077396950138,14.6870718783202,16.9585045926179,20.4353873185892,24.7370402319431,30.118780447701,34.8371007949069,40.3622238857363,46.1113409574981,52.2766220482577,58.810051672743,65.0374618615002,71.3913388722547,77.939209991335,84.7501557165316,91.6694140030208,,,,Saudi Arabia,CO2
GEM-E3_V2021,EN_INDCi2100_NDCp,SAU,Emissions|CO2|Energy|Supply|Liquids,Mt CO2/yr,,,,,,,,,,,,27.8711432362841,,19.7446585065424,,,,,14.9492660265811,15.4867721474751,16.1338970852064,16.4084872690604,16.6960012142345,16.9093683322538,17.4019115400341,17.4794883418765,17.6165862646603,17.7180367548372,17.7802382663882,17.720478961047,17.6573239220317,17.6114679915599,17.5973329982997,17.6031303531117,,,,Saudi Arabia,CO2
GEM-E3_V2021,EN_INDCi2100_NDCp,SAU,Emissions|CO2|Energy|Supply|Solids,Mt CO2/yr,,,,,,,,,,,,1.19717770493575e-05,,1.28718721257647e-05,,,,,1.36644605299417e-05,1.26361765592706e-05,1.20166688603518e-05,1.21417448097143e-05,1.28950195972402e-05,1.3157667217715e-05,1.42338209443814e-05,1.48790576267851e-05,1.57821314954033e-05,1.75540749214438e-05,1.97130830076094e-05,2.12785929802677e-05,2.36695249708338e-05,2.56292056210113e-05,2.81364992011705e-05,3.09572609457046e-05,,,,Saudi Arabia,CO2
GEM-E3_V2021,EN_INDCi2100_NDCp,SAU,Emissions|CO2|Industrial Processes,Mt CO2/yr,,,,,,,,,,,,48.5316831142514,,64.316343856138,,,,,71.8050490737461,79.6482472045567,87.1994692490633,94.069559202135,99.689973949454,103.884683986421,107.5575242121,111.138248408538,114.413010838502,117.584052733297,120.418631633872,122.550349212031,123.383351352511,124.877437841088,126.271548795803,127.382692396974,,,,Saudi Arabia,CO2
GEM-E3_V2021,EN_NPi2020_1000,SAU,Emissions|CO2|AFOLU,Mt CO2/yr,,,,,,,,,,,,3.75143948608308,,2.94711380117701,,,,,1.11300159437374,-0.721110612429529,-0.946588566923898,-1.17193287603236,-1.50136668696849,-1.73737136288731,-1.93482938493944,-2.22864517787361,-2.34501941912295,-2.4613936603723,-2.3124969580254,-2.16360025567851,-2.92435328909944,-3.68510632252037,-3.29998805427878,-2.9148697860372,,,,Saudi Arabia,CO2
GEM-E3_V2021,EN_NPi2020_1000,SAU,Emissions|CO2|Energy and Industrial Processes,Mt CO2/yr,,,,,,,,,,,,574.963768355898,,692.53310155886,,,,,699.091193129474,721.110617887255,682.117866719578,623.531994156462,558.399083963644,478.322249370646,393.430159838717,320.342174092326,285.435293120104,229.565367570791,192.965086875689,186.863925672349,203.583123104971,208.728201861598,221.206975479366,228.329285834888,,,,Saudi Arabia,CO2
GEM-E3_V2021,EN_NPi2020_1000,SAU,Emissions|CO2|Energy|Demand,Mt CO2/yr,,,,,,,,,,,,288.822113700735,,296.339755143656,,,,,287.54456684882,300.541903907921,304.953249244981,283.815339587502,249.76321493079,227.616191271771,143.163281659467,92.3027260271578,76.1137715896082,65.0580237814512,66.8885274348521,75.2400663001975,88.1744270000008,91.8723365254899,101.550602146517,107.294463175716,,,,Saudi Arabia,CO2
GEM-E3_V2021,EN_NPi2020_1000,SAU,Emissions|CO2|Energy|Demand|AFOFI,Mt CO2/yr,,,,,,,,,,,,1.82258285077195e-05,,1.87004414979151e-05,,,,,1.38618518833544e-05,9.2309088112425e-06,5.41423102450805e-06,2.16964810433759e-06,7.65295662617012e-07,3.34431092777808e-07,3.54074454002213e-08,8.512503016773681e-09,4.3222644584634205e-09,2.2196454799491e-09,1.80641694343604e-09,2.0163085533391503e-09,2.6874902820321902e-09,2.5657529761429e-09,2.9095757474450203e-09,2.84533430626303e-09,,,,Saudi Arabia,CO2
GEM-E3_V2021,EN_NPi2020_1000,SAU,Emissions|CO2|Energy|Demand|Industry,Mt CO2/yr,,,,,,,,,,,,117.204595616078,,137.778542538475,,,,,134.133719104758,142.332601628253,145.522425268335,137.230846834408,124.357144169723,117.349278420287,51.9082619732763,18.2285580632376,10.0567674714879,5.554758899636,4.8284648854392,5.38612105400528,6.83410243585292,6.22596765314639,6.63318503192047,6.15020861732519,,,,Saudi Arabia,CO2
GEM-E3_V2021,EN_NPi2020_1000,SAU,Emissions|CO2|Energy|Demand|Residential and Commercial,Mt CO2/yr,,,,,,,,,,,,61.5286402975297,,51.986572822182,,,,,50.1938739957651,51.6418211748783,51.7371492900717,48.8853960444918,45.286460201216,43.1813224905244,38.083475700583,35.0049799697448,33.8839968364386,32.7877215575069,34.4436651930617,38.061328545286,42.6778312538846,44.5764956335397,47.9233777408762,50.0260716971784,,,,Saudi Arabia,CO2
GEM-E3_V2021,EN_NPi2020_1000,SAU,Emissions|CO2|Energy|Demand|Residential and Commercial|Commercial,Mt CO2/yr,,,,,,,,,,,,51.6351502130037,,42.6468037969794,,,,,40.9291451969037,42.5490134686246,43.1866641292185,42.0035756861424,40.1269072676627,39.0284868724447,37.0178964826519,34.3943886257498,33.4276628595132,32.4415428281247,34.1148877585694,37.7032460312175,42.2594980904113,44.1755113894788,47.5010591753793,49.6178093589477,,,,Saudi Arabia,CO2
GEM-E3_V2021,EN_NPi2020_1000,SAU,Emissions|CO2|Energy|Demand|Residential and Commercial|Residential,Mt CO2/yr,,,,,,,,,,,,9.89349008452602,,9.33976902520255,,,,,9.26472879886148,9.09280770625363,8.55048516085324,6.88182035834949,5.15955293355329,4.15283561807966,1.06557921793109,0.610591343994955,0.456333976925364,0.34617872938222,0.328777434492265,0.358082514068549,0.418333163473282,0.400984244060873,0.422318565496941,0.408262338230711,,,,Saudi Arabia,CO2
GEM-E3_V2021,EN_NPi2020_1000,SAU,Emissions|CO2|Energy|Demand|Transportation,Mt CO2/yr,,,,,,,,,,,,110.088859561298,,106.574621082557,,,,,103.216959886444,106.567471873879,107.693669272343,97.6990945389537,80.1196097945548,67.0855900265283,53.171543950201,39.0691879856628,32.1730072773594,26.7155433220886,27.6163973545447,31.7926166988899,38.6624933075758,41.069873236238,46.9940393708112,51.1181828583672,,,,Saudi Arabia,CO2
GEM-E3_V2021,EN_NPi2020_1000,SAU,Emissions|CO2|Energy|Supply,Mt CO2/yr,,,,,,,,,,,,237.494158717987,,331.758850210084,,,,,341.710946010854,344.901653099816,296.914451576152,257.664096411858,226.633532057147,168.084054119748,163.521358175999,136.604547851474,116.313699077962,71.7831799609818,31.0055232618222,13.9350198951813,15.4070346564208,17.2636350228651,19.2158528140108,21.6837659008616,,,,Saudi Arabia,CO2
GEM-E3_V2021,EN_NPi2020_1000,SAU,Emissions|CO2|Energy|Supply|Electricity,Mt CO2/yr,,,,,,,,,,,,200.364608162489,,300.705213639523,,,,,317.281211570724,321.907151838229,275.440802082406,238.912219579457,210.104598835767,152.542590211118,151.009665327058,125.870522176423,105.717524976874,60.7158699845344,18.5360792460802,0.033452905749488,0.0047215826068614,0.0049120334107826,0.0050919359820137,0.0053004145729732,,,,Saudi Arabia,CO2
GEM-E3_V2021,EN_NPi2020_1000,SAU,Emissions|CO2|Energy|Supply|Gases,Mt CO2/yr,,,,,,,,,,,,9.25839534743692,,11.3089652069734,,,,,10.1698395369643,8.75339303154354,7.30078781081403,5.35082966780656,4.03888416436173,3.4735127418421,2.6082876606606,2.55113847267922,2.70347688313762,2.92720344135492,3.25331192775199,3.57117136305632,3.87933715754563,4.13832953549107,4.40205750202155,4.62393623237743,,,,Saudi Arabia,CO2
GEM-E3_V2021,EN_NPi2020_1000,SAU,Emissions|CO2|Energy|Supply|Liquids,Mt CO2/yr,,,,,,,,,,,,27.8711432362841,,19.7446584917173,,,,,14.2598851747814,14.2411021703902,14.1728558962962,13.4010419686329,12.4900441642289,12.067944823085,9.90339690909235,8.18287842990854,7.89268886368235,8.14010234202458,9.21612861368392,10.3303934561766,11.5229736339528,13.1203905318965,14.808700675657,17.0545263703456,,,,Saudi Arabia,CO2
GEM-E3_V2021,EN_NPi2020_1000,SAU,Emissions|CO2|Energy|Supply|Solids,Mt CO2/yr,,,,,,,,,,,,1.19717770493575e-05,,1.28718702628067e-05,,,,,9.72838343475961e-06,6.05965334115051e-06,5.78663584124767e-06,5.19596221446926e-06,4.89278912569851e-06,6.34370306553611e-06,8.27918841081488e-06,8.77246298227212e-06,8.35426837833444e-06,4.19306785333097e-06,3.4743061268934e-06,2.17019893965608e-06,2.28231553723787e-06,2.92206674407555e-06,2.70035024792846e-06,2.88356562409985e-06,,,,Saudi Arabia,CO2
GEM-E3_V2021,EN_NPi2020_1000,SAU,Emissions|CO2|Industrial Processes,Mt CO2/yr,,,,,,,,,,,,48.5316831142514,,64.3163438618572,,,,,69.7186695636149,75.5562339140109,80.149639210482,81.9728007892528,81.9430246226412,82.5752805400115,86.7167783729182,91.4200251176079,92.9981583882061,92.7180142709978,95.0650747420257,97.6817298463329,99.992326672228,99.5831837405348,100.430421816932,99.3410541115627,,,,Saudi Arabia,CO2
GEM-E3_V2021,EN_NPi2020_1000_COV,SAU,Emissions|CO2|AFOLU,Mt CO2/yr,,,,,,,,,,,,3.75143948608308,,2.94711380117701,,,,,1.11300159437374,-0.721110612429529,-0.946484767053495,-1.17177223931029,-1.27076350261051,-1.36966808354357,-1.80533366090513,-2.24099923826669,-2.31480927390604,-2.38861930954538,-2.22383744538925,-2.05905558123311,-2.70320764208951,-3.34735970294591,-3.08618812652279,-2.82501655009966,,,,Saudi Arabia,CO2
GEM-E3_V2021,EN_NPi2020_1000_COV,SAU,Emissions|CO2|Energy and Industrial Processes,Mt CO2/yr,,,,,,,,,,,,574.963768355898,,601.301202383815,,,,,626.086344470007,642.856417420025,614.6654521569,569.516275563473,523.764090451539,448.593277625876,371.935180238841,295.694046478472,260.792668604727,207.430145459776,169.638694601992,176.007867653445,190.108690046078,196.932191207891,206.629398715941,215.014112295479,,,,Saudi Arabia,CO2
GEM-E3_V2021,EN_NPi2020_1000_COV,SAU,Emissions|CO2|Energy|Demand,Mt CO2/yr,,,,,,,,,,,,288.822113700735,,251.956326548856,,,,,252.766009099239,265.981283404371,273.324583922658,259.832954517958,241.466351578259,216.764879582205,166.397660794942,107.126749278128,79.7981772994415,67.1187302437136,65.9947055056368,74.5789142891706,85.7546671170125,90.6914037720275,98.1287653036014,104.653380523551,,,,Saudi Arabia,CO2
GEM-E3_V2021,EN_NPi2020_1000_COV,SAU,Emissions|CO2|Energy|Demand|AFOFI,Mt CO2/yr,,,,,,,,,,,,1.82258285077195e-05,,1.64678741885624e-05,,,,,1.29340776509029e-05,8.89557309715992e-06,5.55687544550889e-06,2.41043098749283e-06,1.06403093050641e-06,4.15094771502965e-07,8.06503990359072e-08,1.50246569338616e-08,5.961565192704481e-09,2.9613700061681503e-09,2.1529996244218e-09,2.52888886432025e-09,3.1992931136548504e-09,3.1958633108042303e-09,3.3946729631173e-09,3.4208046448006304e-09,,,,Saudi Arabia,CO2
GEM-E3_V2021,EN_NPi2020_1000_COV,SAU,Emissions|CO2|Energy|Demand|Industry,Mt CO2/yr,,,,,,,,,,,,117.204595616078,,112.333537800092,,,,,110.34881493506,118.675867495939,123.581488262738,119.310527664992,113.298249224143,105.94233338932,72.3677358692797,27.4801270887566,12.2387529611172,6.50078860042085,5.01182406200669,5.81424480622257,7.08485730091253,6.74070278591645,6.77553332635083,6.45992199648067,,,,Saudi Arabia,CO2
GEM-E3_V2021,EN_NPi2020_1000_COV,SAU,Emissions|CO2|Energy|Demand|Residential and Commercial,Mt CO2/yr,,,,,,,,,,,,61.5286402975297,,48.5725625674939,,,,,47.3768232591002,48.7978747373679,49.2512637340555,47.2419597825838,45.5142972416792,42.8217724245169,38.4247405903678,36.132150322898,33.9284273749291,32.7202096395283,33.4585696332846,36.9279268357982,40.8737335293238,43.0072706535427,45.6312233069146,47.8630761236589,,,,Saudi Arabia,CO2
GEM-E3_V2021,EN_NPi2020_1000_COV,SAU,Emissions|CO2|Energy|Demand|Residential and Commercial|Commercial,Mt CO2/yr,,,,,,,,,,,,51.6351502130037,,40.2287130792517,,,,,38.8605342630627,40.3807532193586,41.177567387974,40.5384784784881,39.9896103268643,38.561887697067,37.0901711537681,35.3760325710332,33.4272086110691,32.3470105376946,33.1246528198347,36.5581565198518,40.4534280059742,42.5929199477186,45.2097670217696,47.4478688408708,,,,Saudi Arabia,CO2
GEM-E3_V2021,EN_NPi2020_1000_COV,SAU,Emissions|CO2|Energy|Demand|Residential and Commercial|Residential,Mt CO2/yr,,,,,,,,,,,,9.89349008452602,,8.34384948824228,,,,,8.51628899603747,8.41712151800934,8.07369634608146,6.70348130409566,5.52468691481484,4.25988472744991,1.33456943659961,0.756117751864779,0.501218763859974,0.373199101833677,0.333916813449896,0.369770315946357,0.420305523349565,0.414350705824112,0.421456285144976,0.415207282788138,,,,Saudi Arabia,CO2
GEM-E3_V2021,EN_NPi2020_1000_COV,SAU,Emissions|CO2|Energy|Demand|Transportation,Mt CO2/yr,,,,,,,,,,,,110.088859561298,,91.0502097133952,,,,,95.0403579710005,98.5075322754914,100.491826368988,93.2804646599512,82.6538040484052,68.0007733532734,55.6051842546445,43.5144718514487,33.6309969574335,27.897732000803,27.5243118081924,31.8367426446209,37.7960762835769,40.9434303293724,45.7220086669412,50.3303823999906,,,,Saudi Arabia,CO2
GEM-E3_V2021,EN_NPi2020_1000_COV,SAU,Emissions|CO2|Energy|Supply,Mt CO2/yr,,,,,,,,,,,,237.494158717987,,294.972433697313,,,,,313.945017987246,312.163364782971,272.178163702691,238.166212231178,209.382304878005,158.269282697275,129.803026000047,107.478378714602,97.4772359663578,56.0225585431698,17.4579520939653,12.8538096611665,14.1827374144013,15.7956032505635,17.5934360035098,19.7261034568809,,,,Saudi Arabia,CO2
GEM-E3_V2021,EN_NPi2020_1000_COV,SAU,Emissions|CO2|Energy|Supply|Electricity,Mt CO2/yr,,,,,,,,,,,,200.364608162489,,268.347114148071,,,,,292.107968557108,291.361414660334,252.365920933045,220.562002329014,193.257024693152,143.440154999183,116.836770042014,96.6039936630504,87.302823231084,45.6061944230814,5.88611793883703,0.0363775950609672,0.0041028144905576,0.0042659998149688,0.0044314640342678,0.0046163767415588,,,,Saudi Arabia,CO2
GEM-E3_V2021,EN_NPi2020_1000_COV,SAU,Emissions|CO2|Energy|Supply|Gases,Mt CO2/yr,,,,,,,,,,,,9.25839534743692,,9.4425230318051,,,,,8.89388516683507,7.79759056877014,6.73884298166057,5.10058392287846,4.11358868065485,3.36584626823452,2.71828038781144,2.48567271994966,2.55570085908649,2.73187321736033,2.99680820406451,3.25150136443037,3.52339708969274,3.76495408006989,3.98804789493746,4.19213179508152,,,,Saudi Arabia,CO2
GEM-E3_V2021,EN_NPi2020_1000_COV,SAU,Emissions|CO2|Energy|Supply|Liquids,Mt CO2/yr,,,,,,,,,,,,27.8711432362841,,17.1827856681881,,,,,12.9431553599364,13.0043534387389,13.0733942863755,12.503621175331,12.0116869111068,11.4632751711371,10.2479687336465,8.38870459627098,7.61870643798408,7.68448797639771,8.57502342739237,9.56592897861838,10.655235542291,12.0263809323233,13.6009542016398,15.5293526650764,,,,Saudi Arabia,CO2
GEM-E3_V2021,EN_NPi2020_1000_COV,SAU,Emissions|CO2|Energy|Supply|Solids,Mt CO2/yr,,,,,,,,,,,,1.19717770493575e-05,,1.08492487006774e-05,,,,,8.9033659883473e-06,6.11512806971167e-06,5.50160938451653e-06,4.80395390159141e-06,4.5930907623588e-06,6.25872060024877e-06,6.83657420683088e-06,7.73533148059622e-06,5.43820322066628e-06,2.92633029296303e-06,2.52367143845582e-06,1.72305677963916e-06,1.96792700705531e-06,2.23835540599707e-06,2.44289830018772e-06,2.61998145885666e-06,,,,Saudi Arabia,CO2
GEM-E3_V2021,EN_NPi2020_1000_COV,SAU,Emissions|CO2|Industrial Processes,Mt CO2/yr,,,,,,,,,,,,48.5316831142514,,54.2695146255745,,,,,59.2706939412258,64.6120361183506,69.0705616169512,71.4416809488166,72.8534015858516,73.5119755487066,75.7024612475886,81.0698910300771,83.5062732027311,84.2818836968977,86.1799110712672,88.5676851130966,90.1619473021502,90.4357423182109,90.8971831069984,90.6244460020633,,,,Saudi Arabia,CO2
GEM-E3_V2021,EN_NPi2020_1000f,SAU,Emissions|CO2|AFOLU,Mt CO2/yr,,,,,,,,,,,,3.75143948608308,,2.94711380117701,,,,,1.11300159437374,-0.721110612429529,-0.946484767053495,-1.17177223931029,-1.27209692847129,-1.37173164256884,-1.76179894253309,-2.17238195408837,-2.29699017329665,-2.42159839250493,-2.37583819010867,-2.33007798771242,-3.33385727648603,-4.33763656525964,-4.03847529423179,-3.73931402320395,,,,Saudi Arabia,CO2
GEM-E3_V2021,EN_NPi2020_1000f,SAU,Emissions|CO2|Energy and Industrial Processes,Mt CO2/yr,,,,,,,,,,,,574.963768355898,,692.533101593874,,,,,701.039270519019,728.051340079477,702.055238747615,664.598297268331,615.823341500615,520.253268790831,468.822078570848,364.563746325944,284.813123420318,213.958544145298,183.141309064346,179.620718101435,174.673914851066,174.421366965413,172.525620222984,169.759025027824,,,,Saudi Arabia,CO2
GEM-E3_V2021,EN_NPi2020_1000f,SAU,Emissions|CO2|Energy|Demand,Mt CO2/yr,,,,,,,,,,,,288.822113700735,,296.339755125631,,,,,288.558191709441,302.650417267404,312.747116764223,306.303087020972,288.650938185678,254.514258596949,239.58325410476,143.426140683963,105.829345895376,84.4291049958195,73.1456008208036,70.2550973274146,66.9091162571396,66.7187106524415,65.4449626844309,63.5453677306968,,,,Saudi Arabia,CO2
GEM-E3_V2021,EN_NPi2020_1000f,SAU,Emissions|CO2|Energy|Demand|AFOFI,Mt CO2/yr,,,,,,,,,,,,1.82258285077195e-05,,1.870044134441e-05,,,,,1.41711954150343e-05,9.65190821093668e-06,6.31582301028708e-06,3.30824376871328e-06,1.56571490619594e-06,5.57524652161099e-07,3.28292727929564e-07,2.84512725813128e-08,9.64052489379002e-09,4.0862070466525e-09,2.2052643695829903e-09,1.66275318568243e-09,1.2439140320646501e-09,1.0876683709146302e-09,9.20317076221526e-10,7.617088158024401e-10,,,,Saudi Arabia,CO2
GEM-E3_V2021,EN_NPi2020_1000f,SAU,Emissions|CO2|Energy|Demand|Industry,Mt CO2/yr,,,,,,,,,,,,117.204595616078,,137.778542482707,,,,,134.709638681685,143.410480829473,149.697421338754,148.064142134408,140.739262674076,127.932906553659,126.523417735154,49.3717514990083,22.403087371443,10.4069330542372,5.82715216350925,4.43783483323614,3.34143094567117,2.85179560712459,2.35675319579496,1.91527855780767,,,,Saudi Arabia,CO2
GEM-E3_V2021,EN_NPi2020_1000f,SAU,Emissions|CO2|Energy|Demand|Residential and Commercial,Mt CO2/yr,,,,,,,,,,,,61.5286402975297,,51.9865728216235,,,,,50.3269153048908,51.9794586943776,52.8140080212672,51.8540295649033,50.4542550516938,46.9496522843738,45.0933520133401,40.3658160161957,39.1674874170876,37.7495902595242,36.1224374813736,36.3264417102919,36.1418218180461,36.8609813733588,37.1403899300076,37.1673883044258,,,,Saudi Arabia,CO2
GEM-E3_V2021,EN_NPi2020_1000f,SAU,Emissions|CO2|Energy|Demand|Residential and Commercial|Commercial,Mt CO2/yr,,,,,,,,,,,,51.6351502130037,,42.6468037926491,,,,,40.9924948933212,42.741849207742,43.8126442106818,43.8547858795243,43.6439989572636,41.8113873907271,40.9915742079745,39.319451817782,38.4528958668632,37.2546513699087,35.7557286114972,36.0061484765565,35.8651295042659,36.6052955832115,36.9072506179509,36.9551891877063,,,,Saudi Arabia,CO2
GEM-E3_V2021,EN_NPi2020_1000f,SAU,Emissions|CO2|Energy|Demand|Residential and Commercial|Residential,Mt CO2/yr,,,,,,,,,,,,9.89349008452602,,9.33976902897436,,,,,9.33442041156952,9.23760948663557,9.0013638105853,7.99924368537891,6.81025609443017,5.13826489364666,4.10177780536555,1.04636419841367,0.7145915502244,0.494938889615548,0.366708869876317,0.320293233735426,0.27669231378021,0.255685790147359,0.233139312056763,0.212199116719516,,,,Saudi Arabia,CO2
GEM-E3_V2021,EN_NPi2020_1000f,SAU,Emissions|CO2|Energy|Demand|Transportation,Mt CO2/yr,,,,,,,,,,,,110.088859561298,,106.574621120858,,,,,103.52162355167,107.260468091644,110.235681088378,106.384912013416,97.457418894194,79.6316992013921,67.9664840279734,53.6885731403079,44.2587710972053,36.2725816779718,31.1960111737154,29.4908207822237,27.4258634921784,27.0059336708703,25.9478195577079,24.4627008677015,,,,Saudi Arabia,CO2
GEM-E3_V2021,EN_NPi2020_1000f,SAU,Emissions|CO2|Energy|Supply,Mt CO2/yr,,,,,,,,,,,,237.494158717987,,331.758850248432,,,,,342.583564140217,349.596844768192,308.428249056959,274.26573418936,241.598964021456,180.600989757571,143.76108424588,130.91544910665,84.3122826907809,32.931564480305,13.4620106491791,14.0484866535681,15.8784724180892,18.1928437665996,20.9734726865537,24.293152042145,,,,Saudi Arabia,CO2
GEM-E3_V2021,EN_NPi2020_1000f,SAU,Emissions|CO2|Energy|Supply|Electricity,Mt CO2/yr,,,,,,,,,,,,200.364608162489,,300.705213667999,,,,,317.971022526997,326.304504472142,286.083546067924,253.790837495753,222.857239826758,163.774287872815,127.563681800872,117.975413711707,72.3365543201028,21.0949242346672,0.758610182823701,0.0357431343719886,0.0047607665648833,0.0049854394964749,0.0052446070168601,0.0055564399924715,,,,Saudi Arabia,CO2
GEM-E3_V2021,EN_NPi2020_1000f,SAU,Emissions|CO2|Energy|Supply|Gases,Mt CO2/yr,,,,,,,,,,,,9.25839534743692,,11.3089651922153,,,,,10.3037212484404,8.96503201070152,7.92040833723377,6.45167363141638,5.19709732066357,3.98073776318615,3.78648319326752,2.90453771557643,3.06272516734669,3.24260417631535,3.41407231768067,3.56997380177253,3.76363203144594,4.02055231137658,4.24494593966599,4.50538309811974,,,,Saudi Arabia,CO2
GEM-E3_V2021,EN_NPi2020_1000f,SAU,Emissions|CO2|Energy|Supply|Liquids,Mt CO2/yr,,,,,,,,,,,,27.8711432362841,,19.7446585163521,,,,,14.3088104545904,14.3273013146966,14.4242885047036,14.0232175609749,13.5446216934167,12.8459585988316,12.4109122994612,10.0354892151871,8.91299776243149,8.59403305844989,9.28932572779141,10.4427681480197,12.1100779553199,14.1673042249399,16.7232802353666,19.7822105097739,,,,Saudi Arabia,CO2
GEM-E3_V2021,EN_NPi2020_1000f,SAU,Emissions|CO2|Energy|Supply|Solids,Mt CO2/yr,,,,,,,,,,,,1.19717770493575e-05,,1.28718651295101e-05,,,,,9.91018888672702e-06,6.97065166242179e-06,6.14709745067338e-06,5.50121636047592e-06,5.18061771266433e-06,5.52273794892339e-06,6.95227944455786e-06,8.4641788224372e-06,5.44089992517237e-06,3.01087256888413e-06,2.42088338802332e-06,1.56940393910429e-06,1.6647584730376e-06,1.790786646639e-06,1.904504282526e-06,1.99425885360446e-06,,,,Saudi Arabia,CO2
GEM-E3_V2021,EN_NPi2020_1000f,SAU,Emissions|CO2|Industrial Processes,Mt CO2/yr,,,,,,,,,,,,48.5316831142514,,64.316343876531,,,,,69.779844261719,75.6918207910278,80.774838134458,83.9378186123472,85.4950325607875,85.0790877789961,85.4332085444593,90.1944133199082,94.6536528922341,96.5869964240381,96.5264854531198,95.3112521332771,91.881688942123,89.5056982976697,86.1036781657754,81.9175907209096,,,,Saudi Arabia,CO2
GEM-E3_V2021,EN_NPi2020_1000f_COV,SAU,Emissions|CO2|AFOLU,Mt CO2/yr,,,,,,,,,,,,3.75143948608308,,2.94711380117701,,,,,1.11300159437374,-0.721110612429529,-0.946484767053495,-1.1718241392455,-1.27482775274638,-1.37862461382585,-1.61637855050872,-1.94317747688038,-2.07427283389714,-2.2053681909139,-2.21283261623999,-2.22029704156608,-3.27098062510384,-4.3216642086416,-3.98846231476148,-3.65526042088135,,,,Saudi Arabia,CO2
GEM-E3_V2021,EN_NPi2020_1000f_COV,SAU,Emissions|CO2|Energy and Industrial Processes,Mt CO2/yr,,,,,,,,,,,,574.963768355898,,601.301202383815,,,,,627.671474069044,648.664081338327,630.532693332619,596.504655257561,561.016289507597,476.773291080773,425.851268363754,339.151427362516,265.484190821253,205.736580212037,168.692665943946,167.910311901541,165.441385343976,165.654545646783,165.476281550741,164.730089460374,,,,Saudi Arabia,CO2
GEM-E3_V2021,EN_NPi2020_1000f_COV,SAU,Emissions|CO2|Energy|Demand,Mt CO2/yr,,,,,,,,,,,,288.822113700735,,251.956326548856,,,,,253.576263149859,267.619306757775,278.021331683949,274.00178665865,264.475561372468,235.232415807521,222.284364160207,148.074723756007,106.267164160691,83.3942663992035,69.9094544565168,68.4986225157407,66.5475339974806,66.3367286840809,65.9584736060435,65.2306450581707,,,,Saudi Arabia,CO2
GEM-E3_V2021,EN_NPi2020_1000f_COV,SAU,Emissions|CO2|Energy|Demand|AFOFI,Mt CO2/yr,,,,,,,,,,,,1.82258285077195e-05,,1.64678741885624e-05,,,,,1.32144008614702e-05,9.29497950163252e-06,6.20514322774462e-06,3.28668854460446e-06,1.72741861555611e-06,6.14662607763682e-07,3.55896529500291e-07,4.05597625867761e-08,1.21427161300389e-08,5.0432450784331304e-09,2.46983056030197e-09,1.9725601086465104e-09,1.5603762220588e-09,1.3535004259049e-09,1.1724157369871501e-09,1.01386344146494e-09,,,,Saudi Arabia,CO2
GEM-E3_V2021,EN_NPi2020_1000f_COV,SAU,Emissions|CO2|Energy|Demand|Industry,Mt CO2/yr,,,,,,,,,,,,117.204595616078,,112.333537800092,,,,,110.786439159388,119.420366446932,125.958305697728,125.897061457571,122.864032507516,112.838894120952,112.609937531363,55.6723012195412,24.6363764180994,11.2730799368964,5.69527848360289,4.55190371227057,3.56984530289627,3.01327045985429,2.53706020992735,2.129963265878,,,,Saudi Arabia,CO2
GEM-E3_V2021,EN_NPi2020_1000f_COV,SAU,Emissions|CO2|Energy|Demand|Residential and Commercial,Mt CO2/yr,,,,,,,,,,,,61.5286402975297,,48.5725625674939,,,,,47.486521659498,49.088043439575,49.9696718606657,49.2082462643052,48.6489621105529,45.5004160819215,43.6965401156393,39.4189539954578,38.0786944095471,36.5524381592942,34.446487907383,35.006946160413,35.2053860163856,35.8447499889583,36.33203511439,36.6545962235626,,,,Saudi Arabia,CO2
GEM-E3_V2021,EN_NPi2020_1000f_COV,SAU,Emissions|CO2|Energy|Demand|Residential and Commercial|Commercial,Mt CO2/yr,,,,,,,,,,,,51.6351502130037,,40.2287130792517,,,,,38.9085983627126,40.5398442837691,41.5891014141646,41.7341485267932,42.0504760349328,40.5036529834391,39.7128076990035,38.3168837828117,37.3451980252804,36.0474483203222,34.0881118619979,34.6838520057891,34.9189422182338,35.5811773654103,36.0895183286984,36.4312620351433,,,,Saudi Arabia,CO2
GEM-E3_V2021,EN_NPi2020_1000f_COV,SAU,Emissions|CO2|Energy|Demand|Residential and Commercial|Residential,Mt CO2/yr,,,,,,,,,,,,9.89349008452602,,8.34384948824228,,,,,8.57792329678544,8.54819915580587,8.38057044650115,7.47409773751205,6.59848607562006,4.9967630984824,3.98373241663583,1.10207021264603,0.733496384266671,0.504989838971966,0.358376045385046,0.323094154623906,0.286443798151768,0.263572623547908,0.242516785691656,0.223334188419272,,,,Saudi Arabia,CO2
GEM-E3_V2021,EN_NPi2020_1000f_COV,SAU,Emissions|CO2|Energy|Demand|Transportation,Mt CO2/yr,,,,,,,,,,,,110.088859561298,,91.0502097133952,,,,,95.3032891165724,99.1108875762879,102.093347920411,98.8964756500847,92.9625650269802,76.8931049899849,65.9778861573078,52.9834685004487,43.5520933209022,35.5687482979695,29.7676880630611,28.9397726410845,27.7723026766384,27.4787082339148,27.0893782805537,26.4460855677161,,,,Saudi Arabia,CO2
GEM-E3_V2021,EN_NPi2020_1000f_COV,SAU,Emissions|CO2|Energy|Supply,Mt CO2/yr,,,,,,,,,,,,237.494158717987,,294.972433697313,,,,,314.663341736752,316.263813849462,283.016225656929,249.877117076209,221.757284297893,166.512125388852,127.624613669585,111.633006506913,75.2909330436427,35.9908548878353,12.0121583094754,12.8964025638174,14.5068316613734,16.5656158913358,19.0721755658782,22.0735729506605,,,,Saudi Arabia,CO2
GEM-E3_V2021,EN_NPi2020_1000f_COV,SAU,Emissions|CO2|Energy|Supply|Electricity,Mt CO2/yr,,,,,,,,,,,,200.364608162489,,268.347114148071,,,,,292.662674339386,295.179824511847,262.626170246507,231.095215869544,204.18114845465,150.740673618407,112.467339406155,99.086192291624,63.956304355388,24.9666553325208,0.310158636819968,0.031531254900352,0.0041560235691351,0.0043577122998984,0.0045807260823743,0.0048286801859861,,,,Saudi Arabia,CO2
GEM-E3_V2021,EN_NPi2020_1000f_COV,SAU,Emissions|CO2|Energy|Supply|Gases,Mt CO2/yr,,,,,,,,,,,,9.25839534743692,,9.4425230318051,,,,,9.01817795463274,8.0028000728167,7.15331589633215,5.86602287455831,4.94553580945444,3.76365072492215,3.5419338806102,2.75755072495452,2.7846900768429,2.91354632973534,3.06517075851375,3.21058139593098,3.40481080776493,3.63112052297787,3.84621301338577,4.08375023026919,,,,Saudi Arabia,CO2
GEM-E3_V2021,EN_NPi2020_1000f_COV,SAU,Emissions|CO2|Energy|Supply|Liquids,Mt CO2/yr,,,,,,,,,,,,27.8711432362841,,17.1827856681881,,,,,12.9824803992067,13.0811827086436,13.2367337132492,12.9158732022731,12.6305952271143,12.0077958917442,11.6153336320014,9.78925353585959,8.54993248141799,8.11064929020821,8.63682590816393,9.65428788148762,11.0978629809532,12.9301358844235,15.2213799600869,17.9849920757568,,,,Saudi Arabia,CO2
GEM-E3_V2021,EN_NPi2020_1000f_COV,SAU,Emissions|CO2|Energy|Supply|Solids,Mt CO2/yr,,,,,,,,,,,,1.19717770493575e-05,,1.08492487006774e-05,,,,,9.04352643326742e-06,6.55615466028721e-06,5.80084128906244e-06,5.12983333556739e-06,4.80667439345326e-06,5.1537787648078e-06,6.75081864311649e-06,9.9544756513901e-06,6.12999384053185e-06,3.93537093331903e-06,3.00597779932729e-06,2.03149847383671e-06,1.84908609525107e-06,1.77163455073399e-06,1.86632314990537e-06,1.96444852658152e-06,,,,Saudi Arabia,CO2
GEM-E3_V2021,EN_NPi2020_1000f_COV,SAU,Emissions|CO2|Industrial Processes,Mt CO2/yr,,,,,,,,,,,,48.5316831142514,,54.2695146255745,,,,,59.3266683622234,64.6799718571567,69.3999974357979,72.5424487629242,74.7096596500375,74.9728725471238,75.8999460747722,79.4157706780198,83.90805336902,86.3403985484972,86.7641354215719,86.5093149464227,84.3820367725914,82.7477840753644,80.4417377379442,77.4224684415872,,,,Saudi Arabia,CO2
GEM-E3_V2021,EN_NPi2020_1400,SAU,Emissions|CO2|AFOLU,Mt CO2/yr,,,,,,,,,,,,3.75143948608308,,2.94711380117701,,,,,1.3864844627732,-0.174144875630595,-0.550519713852619,-0.92680786970748,-1.06255245668483,-1.23979836452868,-1.41379863100773,-1.56259340257955,-1.76518995802242,-1.96778651346529,-2.00244033402624,-2.03709415458719,-2.96865244745279,-3.90021074031839,-3.60129806975948,-3.30238539920056,,,,Saudi Arabia,CO2
GEM-E3_V2021,EN_NPi2020_1400,SAU,Emissions|CO2|Energy and Industrial Processes,Mt CO2/yr,,,,,,,,,,,,574.963768355898,,692.533101670002,,,,,710.740434430459,734.808630864083,717.353125943832,691.023596123757,655.406071603118,613.43975632755,583.934584368019,544.380451163544,505.719701078056,462.45159884401,319.57882288302,260.040916602609,233.420321375711,218.802162673571,222.360648929929,232.961833194513,,,,Saudi Arabia,CO2
GEM-E3_V2021,EN_NPi2020_1400,SAU,Emissions|CO2|Energy|Demand,Mt CO2/yr,,,,,,,,,,,,288.822113700735,,296.339755194247,,,,,290.297500768373,306.426914687593,318.440308105962,317.664358289616,308.839197098436,297.942740779772,298.382794425368,288.097830206697,280.559279301326,277.63272933322,172.548036022338,143.738602633281,116.139586580386,102.168694643793,104.598849821627,112.943590493091,,,,Saudi Arabia,CO2
GEM-E3_V2021,EN_NPi2020_1400,SAU,Emissions|CO2|Energy|Demand|AFOFI,Mt CO2/yr,,,,,,,,,,,,1.82258285077195e-05,,1.87004416311521e-05,,,,,1.4752443169112e-05,1.04491724001474e-05,7.06063147435715e-06,4.10218279558094e-06,2.27053762061738e-06,1.26049498412222e-06,9.39482726192047e-07,6.3250579143174e-07,4.71067969231996e-07,3.92478592475594e-07,3.23415474214429e-08,1.47320693931727e-08,6.14296428682327e-09,3.3780928857354204e-09,3.0868354363315102e-09,3.29778345127052e-09,,,,Saudi Arabia,CO2
GEM-E3_V2021,EN_NPi2020_1400,SAU,Emissions|CO2|Energy|Demand|Industry,Mt CO2/yr,,,,,,,,,,,,117.204595616078,,137.778542487658,,,,,135.637744429212,145.512954416068,152.827390179444,153.88395144895,150.201590606924,146.52906010216,151.329718256328,152.865372427031,154.595282117096,157.027667015135,60.1422681681802,33.6064975148431,14.5933224395301,7.83531348707548,6.80548520859045,6.84457810044078,,,,Saudi Arabia,CO2
GEM-E3_V2021,EN_NPi2020_1400,SAU,Emissions|CO2|Energy|Demand|Residential and Commercial,Mt CO2/yr,,,,,,,,,,,,61.5286402975297,,51.9865728534242,,,,,50.6205603989026,52.4860438150748,53.5964957849854,53.4064941234261,53.1496638516574,52.8049309934317,53.1400246719411,52.0940353880538,51.5569986907321,51.9038434299973,49.258284358415,49.9846678561134,48.3585373905797,46.5434589467029,48.0240813641649,50.8974813808109,,,,Saudi Arabia,CO2
GEM-E3_V2021,EN_NPi2020_1400,SAU,Emissions|CO2|Energy|Demand|Residential and Commercial|Commercial,Mt CO2/yr,,,,,,,,,,,,51.6351502130037,,42.6468038234452,,,,,41.1470959050313,43.0091208493684,44.2636325823062,44.807374356782,45.4050340732351,45.8742524007978,46.8647497879253,46.7614409540219,46.9336098997044,47.7833711407283,48.0595690432117,49.0313001456239,47.7113246701683,46.0809595033898,47.5931401633996,50.4593311665713,,,,Saudi Arabia,CO2
GEM-E3_V2021,EN_NPi2020_1400,SAU,Emissions|CO2|Energy|Demand|Residential and Commercial|Residential,Mt CO2/yr,,,,,,,,,,,,9.89349008452602,,9.339769029979,,,,,9.47346449387136,9.47692296570641,9.33286320267921,8.59911976664409,7.74462977842231,6.93067859263398,6.27527488401582,5.33259443403185,4.62338879102771,4.120472289269,1.19871531520321,0.953367710489453,0.647212720411399,0.462499443313057,0.43094120076526,0.4381502142396,,,,Saudi Arabia,CO2
GEM-E3_V2021,EN_NPi2020_1400,SAU,Emissions|CO2|Energy|Demand|Transportation,Mt CO2/yr,,,,,,,,,,,,110.088859561298,,106.574621152723,,,,,104.039181187815,108.427906007278,112.0164150809,110.373908615057,105.487940369316,98.6087484236854,93.9130505576158,83.1384217591056,74.4069980224294,68.7012184956096,63.147483463402,60.1474372475932,53.1877267441339,47.7899222066368,49.769283245785,55.2015310085419,,,,Saudi Arabia,CO2
GEM-E3_V2021,EN_NPi2020_1400,SAU,Emissions|CO2|Energy|Supply,Mt CO2/yr,,,,,,,,,,,,237.494158717987,,331.758850295724,,,,,350.454080680004,352.311773483649,317.579390670656,288.438872400793,259.290185106116,226.707047586479,195.127955404562,165.233090840874,133.529542531195,92.5142648406171,49.7556046553149,15.3916639563228,15.5065224233521,17.0158522208956,19.0758616522345,21.2739984441757,,,,Saudi Arabia,CO2
GEM-E3_V2021,EN_NPi2020_1400,SAU,Emissions|CO2|Energy|Supply|Electricity,Mt CO2/yr,,,,,,,,,,,,200.364608162489,,300.705213711467,,,,,325.496262681465,328.428781160488,294.511122843894,266.95169745395,239.17281803201,207.583809999266,176.186192896046,146.892069609964,115.421976541812,74.1811615168383,34.1926906481474,0.092555591611034,0.0045701442268451,0.0048080774156874,0.0049953456914785,0.0051895233213501,,,,Saudi Arabia,CO2
GEM-E3_V2021,EN_NPi2020_1400,SAU,Emissions|CO2|Energy|Supply|Gases,Mt CO2/yr,,,,,,,,,,,,9.25839534743692,,11.3089652151143,,,,,10.5729407549481,9.40774439069172,8.45562101470424,7.1539479559179,6.06352303355654,5.29758122241575,5.18984385069656,4.96937528423118,4.94622351270294,5.16018704312504,4.02014269914413,4.02821526658682,4.00033330585852,4.08888091562394,4.31406256115048,4.55389792042005,,,,Saudi Arabia,CO2
GEM-E3_V2021,EN_NPi2020_1400,SAU,Emissions|CO2|Energy|Supply|Liquids,Mt CO2/yr,,,,,,,,,,,,27.8711432362841,,19.7446584972713,,,,,14.3848670551277,14.4752403471448,14.6126401470541,14.3332213266717,14.0538387983202,13.8256507666726,13.75191304073,13.3716402838357,13.1613368648008,13.1729110378899,11.5427674550828,11.2708902808282,11.501616372046,12.9221605773101,14.7568010682087,16.7149081458575,,,,Saudi Arabia,CO2
GEM-E3_V2021,EN_NPi2020_1400,SAU,Emissions|CO2|Energy|Supply|Solids,Mt CO2/yr,,,,,,,,,,,,1.19717770493575e-05,,1.28718718165142e-05,,,,,1.01884627050508e-05,7.58532445914535e-06,6.66500296085833e-06,5.66425250839912e-06,5.24222929256358e-06,5.59812497103223e-06,5.61708963101543e-06,5.66284372026699e-06,5.61187928609029e-06,5.2427637666787e-06,3.85294057434932e-06,2.81729676357694e-06,2.60122078239265e-06,2.65054586577662e-06,2.67718382906733e-06,2.85457676236988e-06,,,,Saudi Arabia,CO2
GEM-E3_V2021,EN_NPi2020_1400,SAU,Emissions|CO2|Industrial Processes,Mt CO2/yr,,,,,,,,,,,,48.5316831142514,,64.3163438367134,,,,,69.8697942289004,75.9553941477079,81.2251705182698,84.822651282528,87.1882777343281,88.7104871394599,90.3538473217217,90.9924098598006,91.5837378318623,92.2643053841126,97.2435976844103,100.885069408555,101.757479208131,99.6065173912097,98.6755442379471,98.7332212191719,,,,Saudi Arabia,CO2
GEM-E3_V2021,EN_NPi2020_1400f,SAU,Emissions|CO2|AFOLU,Mt CO2/yr,,,,,,,,,,,,3.75143948608308,,2.94711380117701,,,,,1.3864844627732,-0.174144875630595,-0.550519713852619,-0.92680786970748,-1.06255245668483,-1.23979836452868,-1.41379863100773,-1.56259340257955,-1.76518995802242,-1.96778651346529,-2.00244033402624,-2.03709415458719,-2.96865244745279,-3.90021074031839,-3.60129806975948,-3.30238539920056,,,,Saudi Arabia,CO2
GEM-E3_V2021,EN_NPi2020_1400f,SAU,Emissions|CO2|Energy and Industrial Processes,Mt CO2/yr,,,,,,,,,,,,574.963768355898,,692.533101670002,,,,,710.740434430459,734.808630864083,717.353125943832,691.023596123757,655.406071603118,613.43975632755,583.934584368019,550.046248996567,511.225861626463,465.152691875494,325.792780855741,262.805833868335,234.655023735079,220.018993484887,210.600340364365,198.062762267332,,,,Saudi Arabia,CO2
GEM-E3_V2021,EN_NPi2020_1400f,SAU,Emissions|CO2|Energy|Demand,Mt CO2/yr,,,,,,,,,,,,288.822113700735,,296.339755194247,,,,,290.297500768373,306.426914687593,318.440308105962,317.664358289616,308.839197098436,297.942740779772,298.382794425368,293.676180050501,286.029150637699,280.242256025675,179.413297228415,146.54474350746,117.303857880506,103.205940639237,95.2687876505663,85.6574631809145,,,,Saudi Arabia,CO2
GEM-E3_V2021,EN_NPi2020_1400f,SAU,Emissions|CO2|Energy|Demand|AFOFI,Mt CO2/yr,,,,,,,,,,,,1.82258285077195e-05,,1.87004416311521e-05,,,,,1.4752443169112e-05,1.04491724001474e-05,7.06063147435715e-06,4.10218279558094e-06,2.27053762061738e-06,1.26049498412222e-06,9.39482726192047e-07,6.93415176634606e-07,5.13597907675351e-07,4.08140624689636e-07,3.71839314968031e-08,1.57057848662313e-08,6.34416825998935e-09,3.4850257398059405e-09,2.31322431649295e-09,1.4876936827230202e-09,,,,Saudi Arabia,CO2
GEM-E3_V2021,EN_NPi2020_1400f,SAU,Emissions|CO2|Energy|Demand|Industry,Mt CO2/yr,,,,,,,,,,,,117.204595616078,,137.778542487658,,,,,135.637744429212,145.512954416068,152.827390179444,153.88395144895,150.201590606924,146.52906010216,151.329718256328,155.414074336745,157.124041399949,158.245047274426,65.6581441094902,35.4465911245213,15.0472578419826,8.0667610890282,5.21646937354928,3.34559161285262,,,,Saudi Arabia,CO2
GEM-E3_V2021,EN_NPi2020_1400f,SAU,Emissions|CO2|Energy|Demand|Residential and Commercial,Mt CO2/yr,,,,,,,,,,,,61.5286402975297,,51.9865728534242,,,,,50.6205603989026,52.4860438150748,53.5964957849854,53.4064941234261,53.1496638516574,52.8049309934317,53.1400246719411,52.7897600163332,52.2494000448614,52.23993255986,49.5810447217714,50.230617888386,48.5639216815665,46.7918302372015,45.5007171507959,43.4399462670504,,,,Saudi Arabia,CO2
GEM-E3_V2021,EN_NPi2020_1400f,SAU,Emissions|CO2|Energy|Demand|Residential and Commercial|Commercial,Mt CO2/yr,,,,,,,,,,,,51.6351502130037,,42.6468038234452,,,,,41.1470959050313,43.0091208493684,44.2636325823062,44.807374356782,45.4050340732351,45.8742524007978,46.8647497879253,47.2656139724757,47.4590975046259,48.0488833896767,48.3357280269099,49.2545144771668,47.9059900003739,46.3212201116164,45.1342830257893,43.156191154908,,,,Saudi Arabia,CO2
GEM-E3_V2021,EN_NPi2020_1400f,SAU,Emissions|CO2|Energy|Demand|Residential and Commercial|Residential,Mt CO2/yr,,,,,,,,,,,,9.89349008452602,,9.339769029979,,,,,9.47346449387136,9.47692296570641,9.33286320267921,8.59911976664409,7.74462977842231,6.93067859263398,6.27527488401582,5.52414604385749,4.79030254023546,4.19104917018327,1.24531669486155,0.976103411219233,0.657931681192632,0.47061012558514,0.366434125006652,0.283755112142367,,,,Saudi Arabia,CO2
GEM-E3_V2021,EN_NPi2020_1400f,SAU,Emissions|CO2|Energy|Demand|Transportation,Mt CO2/yr,,,,,,,,,,,,110.088859561298,,106.574621152723,,,,,104.039181187815,108.427906007278,112.0164150809,110.373908615057,105.487940369316,98.6087484236854,93.9130505576158,85.4723450040071,76.6557086792909,69.7572757832483,64.17410835997,60.8675344788475,53.6926783506128,48.3473493095226,44.5516011239078,38.8719252995237,,,,Saudi Arabia,CO2
GEM-E3_V2021,EN_NPi2020_1400f,SAU,Emissions|CO2|Energy|Supply,Mt CO2/yr,,,,,,,,,,,,237.494158717987,,331.758850295724,,,,,350.454080680004,352.311773483649,317.579390670656,288.438872400793,259.290185106116,226.707047586479,195.127955404562,164.851521488447,133.085574489826,92.3685223343135,49.4068241235051,15.4807288574662,15.5274799874803,16.9997878321973,19.5181575867517,23.0958267875875,,,,Saudi Arabia,CO2
GEM-E3_V2021,EN_NPi2020_1400f,SAU,Emissions|CO2|Energy|Supply|Electricity,Mt CO2/yr,,,,,,,,,,,,200.364608162489,,300.705213711467,,,,,325.496262681465,328.428781160488,294.511122843894,266.95169745395,239.17281803201,207.583809999266,176.186192896046,146.260490188095,114.757339157143,73.9384881551592,33.6182428767771,0.0921404612602218,0.0045658849884302,0.0048042431991727,0.0050337970289,0.0053361405935151,,,,Saudi Arabia,CO2
GEM-E3_V2021,EN_NPi2020_1400f,SAU,Emissions|CO2|Energy|Supply|Gases,Mt CO2/yr,,,,,,,,,,,,9.25839534743692,,11.3089652151143,,,,,10.5729407549481,9.40774439069172,8.45562101470424,7.1539479559179,6.06352303355654,5.29758122241575,5.18984385069656,5.1162041845014,5.07035797584392,5.21276710875378,4.08426680273998,4.0507076475694,4.00931909917465,4.09501184898009,4.27082914450804,4.48386506723125,,,,Saudi Arabia,CO2
GEM-E3_V2021,EN_NPi2020_1400f,SAU,Emissions|CO2|Energy|Supply|Liquids,Mt CO2/yr,,,,,,,,,,,,27.8711432362841,,19.7446584972713,,,,,14.3848670551277,14.4752403471448,14.6126401470541,14.3332213266717,14.0538387983202,13.8256507666726,13.75191304073,13.4748213775579,13.2578716823682,13.2172618015382,11.7043105693601,11.3378779094453,11.5135923882342,12.8999690756006,15.24229209642,18.606623094237,,,,Saudi Arabia,CO2
GEM-E3_V2021,EN_NPi2020_1400f,SAU,Emissions|CO2|Energy|Supply|Solids,Mt CO2/yr,,,,,,,,,,,,1.19717770493575e-05,,1.28718718165142e-05,,,,,1.01884627050508e-05,7.58532445914535e-06,6.66500296085833e-06,5.66425250839912e-06,5.24222929256358e-06,5.59812497103223e-06,5.61708963101543e-06,5.73829212105023e-06,5.6744710631498e-06,5.26886222701409e-06,3.87462780723419e-06,2.83919128104664e-06,2.61508304874585e-06,2.66441744074707e-06,2.54879475002902e-06,2.48552574357206e-06,,,,Saudi Arabia,CO2
GEM-E3_V2021,EN_NPi2020_1400f,SAU,Emissions|CO2|Industrial Processes,Mt CO2/yr,,,,,,,,,,,,48.5316831142514,,64.3163438367134,,,,,69.8697942289004,75.9553941477079,81.2251705182698,84.822651282528,87.1882777343281,88.7104871394599,90.3538473217217,91.4592948236164,92.0621241341187,92.5008195868029,96.9400513945752,100.754145981309,101.806615637214,99.8018989402806,95.8051963013165,89.3038804918941,,,,Saudi Arabia,CO2
GEM-E3_V2021,EN_NPi2020_1800,SAU,Emissions|CO2|AFOLU,Mt CO2/yr,,,,,,,,,,,,3.75143948608308,,2.94711380117701,,,,,1.3864844627732,-0.174144875630595,-0.550586787015947,-0.927015469448284,-1.06263277504587,-1.19838372602935,-1.36702396849061,-1.53549822498459,-1.60610581755359,-1.6767134101226,-1.83550889097867,-1.99430437183474,-2.68309550935936,-3.37188664688398,-3.16091125883285,-2.94993587078173,,,,Saudi Arabia,CO2
GEM-E3_V2021,EN_NPi2020_1800,SAU,Emissions|CO2|Energy and Industrial Processes,Mt CO2/yr,,,,,,,,,,,,574.963768355898,,692.533101670002,,,,,714.286632667532,741.970724416496,733.020917131537,721.204775096411,704.607789457202,683.759582497422,695.349670279921,706.940907299331,679.10671502628,650.070481394302,586.919134480845,505.263305218289,463.201833422723,347.535542887734,271.87921663738,244.198749729339,,,,Saudi Arabia,CO2
GEM-E3_V2021,EN_NPi2020_1800,SAU,Emissions|CO2|Energy|Demand,Mt CO2/yr,,,,,,,,,,,,288.822113700735,,296.339755194247,,,,,292.12065694627,310.484571261523,324.397612057283,330.033895599735,331.803091038494,335.566530257611,353.433208796325,368.473456697996,381.26233505593,378.004076766217,367.791509271196,356.137206482201,335.374768834944,229.034148691658,150.236085755024,123.688644366059,,,,Saudi Arabia,CO2
GEM-E3_V2021,EN_NPi2020_1800,SAU,Emissions|CO2|Energy|Demand|AFOFI,Mt CO2/yr,,,,,,,,,,,,1.82258285077195e-05,,1.87004416311521e-05,,,,,1.53494191242256e-05,1.1363176979367e-05,7.93810743161031e-06,5.18729893021576e-06,3.47009127594925e-06,2.4916205395223e-06,2.3698242224598e-06,2.24888629047844e-06,2.08447640469297e-06,1.64616513282048e-06,1.36151992875961e-06,1.07663272283863e-06,7.65714966656373e-07,6.66723070352705e-08,1.0770881298555e-08,4.24620291598269e-09,,,,Saudi Arabia,CO2
GEM-E3_V2021,EN_NPi2020_1800,SAU,Emissions|CO2|Energy|Demand|Industry,Mt CO2/yr,,,,,,,,,,,,117.204595616078,,137.778542487658,,,,,136.700956745143,147.877842887594,156.176242033488,160.515841220775,161.977672754447,165.075988201598,177.963591751676,191.756866346102,204.234313398171,206.724413999725,203.024321135104,197.916729615542,187.256490047194,89.0521177260467,22.1066585210722,8.52291631976371,,,,Saudi Arabia,CO2
GEM-E3_V2021,EN_NPi2020_1800,SAU,Emissions|CO2|Energy|Demand|Residential and Commercial,Mt CO2/yr,,,,,,,,,,,,61.5286402975297,,51.9865728534242,,,,,50.8507675988191,52.9960517681448,54.4124708651981,55.0946993800866,56.1881725926452,57.6922458934316,60.4261991136292,62.6668106018678,64.276307148582,64.5676078248653,64.0090367907616,63.7006070990063,62.3151388372093,59.5975246968036,57.0213425832307,53.10519142506,,,,Saudi Arabia,CO2
GEM-E3_V2021,EN_NPi2020_1800,SAU,Emissions|CO2|Energy|Demand|Residential and Commercial|Commercial,Mt CO2/yr,,,,,,,,,,,,51.6351502130037,,42.6468038234452,,,,,41.2540698093767,43.2681175942124,44.7286863978411,45.8296084452526,47.3219471031829,49.0962015459828,51.8343451400522,54.2082055354781,56.1759931672761,57.2307744596191,57.5198924445006,58.0318754900952,57.6332716453674,58.1453110315055,56.1935017016411,52.6021501262201,,,,Saudi Arabia,CO2
GEM-E3_V2021,EN_NPi2020_1800,SAU,Emissions|CO2|Energy|Demand|Residential and Commercial|Residential,Mt CO2/yr,,,,,,,,,,,,9.89349008452602,,9.339769029979,,,,,9.59669778944242,9.72793417393244,9.68378446735695,9.26509093483404,8.86622548946234,8.59604434744882,8.59185397357699,8.45860506638975,8.10031398130591,7.33683336524618,6.48914434626099,5.66873160891107,4.68186719184193,1.45221366529805,0.827840881589546,0.503041298839827,,,,Saudi Arabia,CO2
GEM-E3_V2021,EN_NPi2020_1800,SAU,Emissions|CO2|Energy|Demand|Transportation,Mt CO2/yr,,,,,,,,,,,,110.088859561298,,106.574621152723,,,,,104.568917252889,109.610665242606,113.808891220489,114.423349811574,113.63724222131,112.79829367096,115.043415561195,114.04977750114,112.751712424701,106.712053295461,100.75814998381,94.5198686910201,85.8031391848259,80.3845062021355,71.108084639951,62.0605366169894,,,,Saudi Arabia,CO2
GEM-E3_V2021,EN_NPi2020_1800,SAU,Emissions|CO2|Energy|Supply,Mt CO2/yr,,,,,,,,,,,,237.494158717987,,331.758850295724,,,,,352.060180719238,355.140035404343,326.844400054233,305.342034398979,283.802928295941,256.579506972939,247.609791423402,241.819121998135,198.829276476444,172.178258505576,119.014551750044,49.4861048972675,30.5012105930381,19.419413924104,18.5175666878786,20.8637779885879,,,,Saudi Arabia,CO2
GEM-E3_V2021,EN_NPi2020_1800,SAU,Emissions|CO2|Energy|Supply|Electricity,Mt CO2/yr,,,,,,,,,,,,200.364608162489,,300.705213711467,,,,,326.743251959436,330.676470384384,303.017395019424,282.598594266376,261.868334811525,234.934328118837,225.306515731486,219.03535485944,175.703503456474,149.417584265695,96.475601730742,27.0745059259276,8.29392223974301,0.0165443319307932,0.0048394302056195,0.0051263617025874,,,,Saudi Arabia,CO2
GEM-E3_V2021,EN_NPi2020_1800,SAU,Emissions|CO2|Energy|Supply|Gases,Mt CO2/yr,,,,,,,,,,,,9.25839534743692,,11.3089652151143,,,,,10.8493517652854,9.844971938296,9.01775801018472,8.05506086677187,7.32430364016139,6.98512803966632,7.4333392639229,7.91768472340999,8.28608590752644,8.05699174677003,7.95154257381076,7.8061337275878,7.43605438802679,5.3660361301434,4.62505015065351,4.58022611061458,,,,Saudi Arabia,CO2
GEM-E3_V2021,EN_NPi2020_1800,SAU,Emissions|CO2|Energy|Supply|Liquids,Mt CO2/yr,,,,,,,,,,,,27.8711432362841,,19.7446584972713,,,,,14.4675665120745,14.6185848554297,14.8092393547623,14.688373410391,14.6102842503772,14.6600448923932,14.8699302683883,14.866075947388,14.8396802733324,14.7036759483899,14.5874011752323,14.6054601857053,14.7712296021828,14.0368290356461,13.8876735700077,16.2784222620181,,,,Saudi Arabia,CO2
GEM-E3_V2021,EN_NPi2020_1800,SAU,Emissions|CO2|Energy|Supply|Solids,Mt CO2/yr,,,,,,,,,,,,1.19717770493575e-05,,1.28718718165142e-05,,,,,1.04824418077652e-05,8.22623352819432e-06,7.66986166885099e-06,5.85543929096274e-06,5.59387776105802e-06,5.9220422272631e-06,6.15960473287911e-06,6.46789716972758e-06,6.83911119978375e-06,6.54472056296906e-06,6.27025935088219e-06,5.05804671598151e-06,4.36308549702019e-06,4.42638363715035e-06,3.53701174064358e-06,3.25425260902515e-06,,,,Saudi Arabia,CO2
GEM-E3_V2021,EN_NPi2020_1800,SAU,Emissions|CO2|Industrial Processes,Mt CO2/yr,,,,,,,,,,,,48.5316831142514,,64.3163438367134,,,,,69.9855819576986,76.2291689600853,81.6673408041775,85.7247311037994,88.902094551749,91.5169245014263,94.2126008839317,96.5587275359887,98.9321667848308,99.8146607662016,100.046987443522,99.5829510858155,97.2794254051416,99.0447357532577,103.102587485081,99.6331558401378,,,,Saudi Arabia,CO2
GEM-E3_V2021,EN_NPi2020_1800f,SAU,Emissions|CO2|AFOLU,Mt CO2/yr,,,,,,,,,,,,3.75143948608308,,2.94711380117701,,,,,1.3864844627732,-0.174144875630595,-0.550586787015947,-0.927015469448284,-1.06263277504587,-1.19838372602935,-1.36702396849061,-1.53549822498459,-1.60610581755359,-1.6767134101226,-1.83550889097867,-1.99430437183474,-2.68309550935936,-3.37188664688398,-3.16091125883285,-2.94993587078173,,,,Saudi Arabia,CO2
GEM-E3_V2021,EN_NPi2020_1800f,SAU,Emissions|CO2|Energy and Industrial Processes,Mt CO2/yr,,,,,,,,,,,,574.963768355898,,692.533101670002,,,,,714.286632667532,741.970724416496,733.020917131537,721.204775096411,704.607789457202,683.759582497422,695.349670279921,706.940907299331,679.10671502628,650.070481394302,586.919134480845,505.263305218289,463.201833422723,347.535542887734,271.87921663738,244.198749729339,,,,Saudi Arabia,CO2
GEM-E3_V2021,EN_NPi2020_1800f,SAU,Emissions|CO2|Energy|Demand,Mt CO2/yr,,,,,,,,,,,,288.822113700735,,296.339755194247,,,,,292.12065694627,310.484571261523,324.397612057283,330.033895599735,331.803091038494,335.566530257611,353.433208796325,368.473456697996,381.26233505593,378.004076766217,367.791509271196,356.137206482201,335.374768834944,229.034148691658,150.236085755024,123.688644366059,,,,Saudi Arabia,CO2
GEM-E3_V2021,EN_NPi2020_1800f,SAU,Emissions|CO2|Energy|Demand|AFOFI,Mt CO2/yr,,,,,,,,,,,,1.82258285077195e-05,,1.87004416311521e-05,,,,,1.53494191242256e-05,1.1363176979367e-05,7.93810743161031e-06,5.18729893021576e-06,3.47009127594925e-06,2.4916205395223e-06,2.3698242224598e-06,2.24888629047844e-06,2.08447640469297e-06,1.64616513282048e-06,1.36151992875961e-06,1.07663272283863e-06,7.65714966656373e-07,6.66723070352705e-08,1.0770881298555e-08,4.24620291598269e-09,,,,Saudi Arabia,CO2
GEM-E3_V2021,EN_NPi2020_1800f,SAU,Emissions|CO2|Energy|Demand|Industry,Mt CO2/yr,,,,,,,,,,,,117.204595616078,,137.778542487658,,,,,136.700956745143,147.877842887594,156.176242033488,160.515841220775,161.977672754447,165.075988201598,177.963591751676,191.756866346102,204.234313398171,206.724413999725,203.024321135104,197.916729615542,187.256490047194,89.0521177260467,22.1066585210722,8.52291631976371,,,,Saudi Arabia,CO2
GEM-E3_V2021,EN_NPi2020_1800f,SAU,Emissions|CO2|Energy|Demand|Residential and Commercial,Mt CO2/yr,,,,,,,,,,,,61.5286402975297,,51.9865728534242,,,,,50.8507675988191,52.9960517681448,54.4124708651981,55.0946993800866,56.1881725926452,57.6922458934316,60.4261991136292,62.6668106018678,64.276307148582,64.5676078248653,64.0090367907616,63.7006070990063,62.3151388372093,59.5975246968036,57.0213425832307,53.10519142506,,,,Saudi Arabia,CO2
GEM-E3_V2021,EN_NPi2020_1800f,SAU,Emissions|CO2|Energy|Demand|Residential and Commercial|Commercial,Mt CO2/yr,,,,,,,,,,,,51.6351502130037,,42.6468038234452,,,,,41.2540698093767,43.2681175942124,44.7286863978411,45.8296084452526,47.3219471031829,49.0962015459828,51.8343451400522,54.2082055354781,56.1759931672761,57.2307744596191,57.5198924445006,58.0318754900952,57.6332716453674,58.1453110315055,56.1935017016411,52.6021501262201,,,,Saudi Arabia,CO2
GEM-E3_V2021,EN_NPi2020_1800f,SAU,Emissions|CO2|Energy|Demand|Residential and Commercial|Residential,Mt CO2/yr,,,,,,,,,,,,9.89349008452602,,9.339769029979,,,,,9.59669778944242,9.72793417393244,9.68378446735695,9.26509093483404,8.86622548946234,8.59604434744882,8.59185397357699,8.45860506638975,8.10031398130591,7.33683336524618,6.48914434626099,5.66873160891107,4.68186719184193,1.45221366529805,0.827840881589546,0.503041298839827,,,,Saudi Arabia,CO2
GEM-E3_V2021,EN_NPi2020_1800f,SAU,Emissions|CO2|Energy|Demand|Transportation,Mt CO2/yr,,,,,,,,,,,,110.088859561298,,106.574621152723,,,,,104.568917252889,109.610665242606,113.808891220489,114.423349811574,113.63724222131,112.79829367096,115.043415561195,114.04977750114,112.751712424701,106.712053295461,100.75814998381,94.5198686910201,85.8031391848259,80.3845062021355,71.108084639951,62.0605366169894,,,,Saudi Arabia,CO2
GEM-E3_V2021,EN_NPi2020_1800f,SAU,Emissions|CO2|Energy|Supply,Mt CO2/yr,,,,,,,,,,,,237.494158717987,,331.758850295724,,,,,352.060180719238,355.140035404343,326.844400054233,305.342034398979,283.802928295941,256.579506972939,247.609791423402,241.819121998135,198.829276476444,172.178258505576,119.014551750044,49.4861048972675,30.5012105930381,19.419413924104,18.5175666878786,20.8637779885879,,,,Saudi Arabia,CO2
GEM-E3_V2021,EN_NPi2020_1800f,SAU,Emissions|CO2|Energy|Supply|Electricity,Mt CO2/yr,,,,,,,,,,,,200.364608162489,,300.705213711467,,,,,326.743251959436,330.676470384384,303.017395019424,282.598594266376,261.868334811525,234.934328118837,225.306515731486,219.03535485944,175.703503456474,149.417584265695,96.475601730742,27.0745059259276,8.29392223974301,0.0165443319307932,0.0048394302056195,0.0051263617025874,,,,Saudi Arabia,CO2
GEM-E3_V2021,EN_NPi2020_1800f,SAU,Emissions|CO2|Energy|Supply|Gases,Mt CO2/yr,,,,,,,,,,,,9.25839534743692,,11.3089652151143,,,,,10.8493517652854,9.844971938296,9.01775801018472,8.05506086677187,7.32430364016139,6.98512803966632,7.4333392639229,7.91768472340999,8.28608590752644,8.05699174677003,7.95154257381076,7.8061337275878,7.43605438802679,5.3660361301434,4.62505015065351,4.58022611061458,,,,Saudi Arabia,CO2
GEM-E3_V2021,EN_NPi2020_1800f,SAU,Emissions|CO2|Energy|Supply|Liquids,Mt CO2/yr,,,,,,,,,,,,27.8711432362841,,19.7446584972713,,,,,14.4675665120745,14.6185848554297,14.8092393547623,14.688373410391,14.6102842503772,14.6600448923932,14.8699302683883,14.866075947388,14.8396802733324,14.7036759483899,14.5874011752323,14.6054601857053,14.7712296021828,14.0368290356461,13.8876735700077,16.2784222620181,,,,Saudi Arabia,CO2
GEM-E3_V2021,EN_NPi2020_1800f,SAU,Emissions|CO2|Energy|Supply|Solids,Mt CO2/yr,,,,,,,,,,,,1.19717770493575e-05,,1.28718718165142e-05,,,,,1.04824418077652e-05,8.22623352819432e-06,7.66986166885099e-06,5.85543929096274e-06,5.59387776105802e-06,5.9220422272631e-06,6.15960473287911e-06,6.46789716972758e-06,6.83911119978375e-06,6.54472056296906e-06,6.27025935088219e-06,5.05804671598151e-06,4.36308549702019e-06,4.42638363715035e-06,3.53701174064358e-06,3.25425260902515e-06,,,,Saudi Arabia,CO2
GEM-E3_V2021,EN_NPi2020_1800f,SAU,Emissions|CO2|Industrial Processes,Mt CO2/yr,,,,,,,,,,,,48.5316831142514,,64.3163438367134,,,,,69.9855819576986,76.2291689600853,81.6673408041775,85.7247311037994,88.902094551749,91.5169245014263,94.2126008839317,96.5587275359887,98.9321667848308,99.8146607662016,100.046987443522,99.5829510858155,97.2794254051416,99.0447357532577,103.102587485081,99.6331558401378,,,,Saudi Arabia,CO2
GEM-E3_V2021,EN_NPi2020_400f,SAU,Emissions|CO2|AFOLU,Mt CO2/yr,,,,,,,,,,,,3.75143948608308,,2.94711380117701,,,,,0.978557242903829,-0.989999315369354,-1.11802917166919,-1.24605902796904,-1.9975951512728,-2.74921795694373,-2.35074346980055,-2.30721345279331,-2.46483958344542,-2.62246571409754,-2.83566040893324,-3.04885510376893,-4.20464373631003,-5.36043236885112,-4.97897549804448,-4.59751862723784,,,,Saudi Arabia,CO2
GEM-E3_V2021,EN_NPi2020_400f,SAU,Emissions|CO2|Energy and Industrial Processes,Mt CO2/yr,,,,,,,,,,,,574.963768355898,,692.533101593874,,,,,667.89577968671,669.133771489095,606.175123666843,524.492457506917,426.265334278516,275.025555632168,193.81832284599,153.585850487883,131.383205991467,127.353063998313,127.163264018056,124.266823541694,123.359180606284,123.160369970651,123.236501963321,123.912163646405,,,,Saudi Arabia,CO2
GEM-E3_V2021,EN_NPi2020_400f,SAU,Emissions|CO2|Energy|Demand,Mt CO2/yr,,,,,,,,,,,,288.822113700735,,296.339755125631,,,,,273.52261229647,277.16294798469,264.439524314385,226.637430972009,137.742944635432,70.0103493121355,53.4218879336415,43.8421157435993,38.6763718796949,35.1786053109419,33.6103314668061,33.1045104723619,32.8869361261592,32.8693545483306,33.0048822741515,33.4734129378918,,,,Saudi Arabia,CO2
GEM-E3_V2021,EN_NPi2020_400f,SAU,Emissions|CO2|Energy|Demand|AFOFI,Mt CO2/yr,,,,,,,,,,,,1.82258285077195e-05,,1.870044134441e-05,,,,,1.02205914120723e-05,5.74028197070854e-06,2.50339705574632e-06,7.78201657475688e-07,7.85273440717923e-08,6.45033969196582e-09,2.1988272372716e-09,1.0668505031885402e-09,6.65810688439178e-10,4.78127868011233e-10,3.86854827452041e-10,3.25680202342254e-10,2.82413486027269e-10,2.55822342359829e-10,2.34172362211656e-10,2.19071122375933e-10,,,,Saudi Arabia,CO2
GEM-E3_V2021,EN_NPi2020_400f,SAU,Emissions|CO2|Energy|Demand|Industry,Mt CO2/yr,,,,,,,,,,,,117.204595616078,,137.778542482707,,,,,126.573423810209,130.208065444758,126.216625822188,113.631189164238,56.7109098092277,11.8102237745359,4.93733448996378,2.72512765689255,1.8530112935858,1.38895696257148,1.18204741293803,1.0254057593649,0.900335045202591,0.803241214464936,0.720094776828581,0.654955368494606,,,,Saudi Arabia,CO2
GEM-E3_V2021,EN_NPi2020_400f,SAU,Emissions|CO2|Energy|Demand|Residential and Commercial,Mt CO2/yr,,,,,,,,,,,,61.5286402975297,,51.9865728216235,,,,,48.2695154400081,48.4324643503775,46.1656519191534,41.321263358334,33.5457482082228,27.9323070114735,25.4861005210814,23.8069866934522,22.9846718273921,22.398816663295,22.2508140612099,22.6397729153499,23.069966942768,23.5176702196868,23.9860189886765,24.5975071168526,,,,Saudi Arabia,CO2
GEM-E3_V2021,EN_NPi2020_400f,SAU,Emissions|CO2|Energy|Demand|Residential and Commercial|Commercial,Mt CO2/yr,,,,,,,,,,,,51.6351502130037,,42.6468037926491,,,,,39.9811854273831,40.785696643651,39.8037648762196,36.9077255937261,32.5153997956578,27.4831122517693,25.1863489628426,23.5732867347164,22.7802384463488,22.2116915085862,22.0750484615496,22.4709074896138,22.9071231085042,23.3595832942705,23.8321103953456,24.4470492409905,,,,Saudi Arabia,CO2
GEM-E3_V2021,EN_NPi2020_400f,SAU,Emissions|CO2|Energy|Demand|Residential and Commercial|Residential,Mt CO2/yr,,,,,,,,,,,,9.89349008452602,,9.33976902897436,,,,,8.28833001262506,7.64676770672644,6.36188704293385,4.4135377646079,1.03034841256496,0.449194759704243,0.299751558238705,0.233699958735842,0.204433381043308,0.18712515470873,0.175765599660294,0.168865425736173,0.162843834263832,0.158086925416363,0.153908593330856,0.150457875862119,,,,Saudi Arabia,CO2
GEM-E3_V2021,EN_NPi2020_400f,SAU,Emissions|CO2|Energy|Demand|Transportation,Mt CO2/yr,,,,,,,,,,,,110.088859561298,,106.574621120858,,,,,98.6796628256615,98.5224124492733,92.0572440696466,71.684977671236,47.4862865394543,30.2678185196756,22.9984529203975,17.3100013921876,13.8386887580511,11.3908316845973,10.1774699922712,9.43933179732143,8.91663413790621,8.54844311392303,8.29876850841221,8.2209504523255,,,,Saudi Arabia,CO2
GEM-E3_V2021,EN_NPi2020_400f,SAU,Emissions|CO2|Energy|Supply,Mt CO2/yr,,,,,,,,,,,,237.494158717987,,331.758850248432,,,,,325.549009824671,318.36524075276,265.327507911754,221.635597625041,210.554684052142,121.312097401229,54.8371644121354,25.2892139524619,10.0538424017958,11.8387157767326,14.6395444487293,14.0998767813848,16.1312882929825,18.5457968078173,21.3200982970599,24.4855746614255,,,,Saudi Arabia,CO2
GEM-E3_V2021,EN_NPi2020_400f,SAU,Emissions|CO2|Energy|Supply|Electricity,Mt CO2/yr,,,,,,,,,,,,200.364608162489,,300.705213667999,,,,,303.457772367908,298.320461377941,247.467698678502,206.298119984876,199.109925802492,112.444132320991,46.1243655218861,16.219713919053,0.253030053257467,1.07708620358421,2.23873239067563,0.0148555895178625,0.0049156006686038,0.0051867637787241,0.0054815452190511,0.0058008737230109,,,,Saudi Arabia,CO2
GEM-E3_V2021,EN_NPi2020_400f,SAU,Emissions|CO2|Energy|Supply|Gases,Mt CO2/yr,,,,,,,,,,,,9.25839534743692,,11.3089651922153,,,,,8.46072474683236,6.68061200022154,5.00036491187148,3.61586147756017,2.25176220907575,1.99899120622623,2.33160847890273,2.60254043301218,2.86159497024283,3.05846622563786,3.28067837557787,3.47401518265429,3.68476041983289,3.93222178919511,4.17999271064284,4.44554639184228,,,,Saudi Arabia,CO2
GEM-E3_V2021,EN_NPi2020_400f,SAU,Emissions|CO2|Energy|Supply|Liquids,Mt CO2/yr,,,,,,,,,,,,27.8711432362841,,19.7446585163521,,,,,13.6305062051171,13.3641632651893,12.8594392115578,11.7216106534274,9.19299016791586,6.86894790181161,6.38117752268722,6.46695001740443,6.93921281400032,7.7031594185874,9.12013003444894,10.6110051754901,12.4416114358973,14.6083873414809,17.1346228468312,20.0342260152221,,,,Saudi Arabia,CO2
GEM-E3_V2021,EN_NPi2020_400f,SAU,Emissions|CO2|Energy|Supply|Solids,Mt CO2/yr,,,,,,,,,,,,1.19717770493575e-05,,1.28718651295101e-05,,,,,6.50481317966336e-06,4.10940763804753e-06,5.10982244328445e-06,5.50917733575037e-06,5.87265883617491e-06,2.59721994166514e-05,1.28886593586458e-05,9.58299221964169e-06,4.56429520171316e-06,3.92892312494176e-06,3.64802689785128e-06,8.33722602449545e-07,8.36583724047941e-07,9.13362556808229e-07,1.19436677992597e-06,1.38063812217194e-06,,,,Saudi Arabia,CO2
GEM-E3_V2021,EN_NPi2020_400f,SAU,Emissions|CO2|Industrial Processes,Mt CO2/yr,,,,,,,,,,,,48.5316831142514,,64.316343876531,,,,,68.7171211667599,73.5101609540067,76.3316525474493,76.1691446454751,77.9413330570264,83.6928903326995,85.5542241407378,84.4516708832097,82.651091963725,80.3343798734674,78.9122515364652,77.0614538615801,74.3400950152564,71.7444499110383,68.910829259894,65.9525382869199,,,,Saudi Arabia,CO2
GEM-E3_V2021,EN_NPi2020_500,SAU,Emissions|CO2|AFOLU,Mt CO2/yr,,,,,,,,,,,,3.75143948608308,,2.94711380117701,,,,,0.739400591900935,-1.46822593500797,-1.97210381481585,-2.50384626278752,-2.19959020196534,-2.28417656706874,-2.37536947841031,-2.33414130943416,-2.44753567977596,-2.56093005011775,-2.52944675227556,-2.49796345443337,-3.11695075307734,-3.73593805172131,-3.3624366556225,-2.9889352595237,,,,Saudi Arabia,CO2
GEM-E3_V2021,EN_NPi2020_500,SAU,Emissions|CO2|Energy and Industrial Processes,Mt CO2/yr,,,,,,,,,,,,574.963768355898,,692.53310155886,,,,,625.689983271855,588.07785445873,454.265018418108,364.914395162469,275.330175031275,246.844970299815,209.782272775185,184.246922360238,182.723683151487,189.485814234072,212.647972975526,225.245449009772,235.862130761201,243.781308973051,258.037258108848,271.444257471246,,,,Saudi Arabia,CO2
GEM-E3_V2021,EN_NPi2020_500,SAU,Emissions|CO2|Energy|Demand,Mt CO2/yr,,,,,,,,,,,,288.822113700735,,296.339755143656,,,,,257.983872007947,232.401569300959,145.457315166524,61.8153302347919,24.1128171116542,41.9165685446112,51.8197638902272,61.4555736117561,67.5075977267818,80.4358903614665,97.8923672467388,108.504746601172,117.120050351392,122.779623393113,134.468075116181,145.608256632843,,,,Saudi Arabia,CO2
GEM-E3_V2021,EN_NPi2020_500,SAU,Emissions|CO2|Energy|Demand|AFOFI,Mt CO2/yr,,,,,,,,,,,,1.82258285077195e-05,,1.87004414979151e-05,,,,,7.32669064743815e-06,2.47837345900557e-06,3.30463889890562e-07,3.7921718393161e-08,3.3875981521906803e-09,2.40838228139848e-09,2.34993982358295e-09,2.7074331892227e-09,2.9338876238927503e-09,3.9579913435777e-09,5.874317466432631e-09,6.65653052384401e-09,7.0774226696780405e-09,6.909919131336451e-09,7.84990076435803e-09,8.5589112054996e-09,,,,Saudi Arabia,CO2
GEM-E3_V2021,EN_NPi2020_500,SAU,Emissions|CO2|Energy|Demand|Industry,Mt CO2/yr,,,,,,,,,,,,117.204595616078,,137.778542538475,,,,,119.195977903486,110.298499660638,68.3472862248339,16.6437133343289,2.19628142758632,4.16881325686449,5.17553131657912,6.69975793625099,7.48217013680093,10.1925533283564,14.7244872950751,16.3410410740653,16.7789270002258,15.6076077077981,16.7288827940349,17.1800044228033,,,,Saudi Arabia,CO2
GEM-E3_V2021,EN_NPi2020_500,SAU,Emissions|CO2|Energy|Demand|Residential and Commercial,Mt CO2/yr,,,,,,,,,,,,61.5286402975297,,51.986572822182,,,,,45.9155217743098,42.5222619729097,31.6969391975989,22.740449760931,13.2396531902697,21.2248815959972,25.4986000221679,29.7250943739202,32.7725716842199,37.4536238998891,42.2049613048631,45.7914268125467,48.9553092009235,51.5423252086,55.0770993436633,58.412771802681,,,,Saudi Arabia,CO2
GEM-E3_V2021,EN_NPi2020_500,SAU,Emissions|CO2|Energy|Demand|Residential and Commercial|Commercial,Mt CO2/yr,,,,,,,,,,,,51.6351502130037,,42.6468037969794,,,,,38.7223279908854,37.3189877189464,30.4439235480774,22.3562783452358,13.0574879754777,20.9681460351992,25.1934229889807,29.3589158834999,32.3710278658853,36.9633524278656,41.5921631295262,45.1253506377126,48.2645981153498,50.8649426035144,54.3619793745373,57.6751929281818,,,,Saudi Arabia,CO2
GEM-E3_V2021,EN_NPi2020_500,SAU,Emissions|CO2|Energy|Demand|Residential and Commercial|Residential,Mt CO2/yr,,,,,,,,,,,,9.89349008452602,,9.33976902520255,,,,,7.19319378342442,5.20327425396336,1.25301564952152,0.384171415695245,0.182165214792036,0.256735560797971,0.305177033187129,0.366178490420301,0.401543818334572,0.49027147202357,0.612798175336979,0.666076174834063,0.690711085573684,0.677382605085595,0.715119969125972,0.73757887449919,,,,Saudi Arabia,CO2
GEM-E3_V2021,EN_NPi2020_500,SAU,Emissions|CO2|Energy|Demand|Transportation,Mt CO2/yr,,,,,,,,,,,,110.088859561298,,106.574621082557,,,,,92.8723650034606,79.5808051890381,45.4130894136277,22.4311671016102,8.67688249041061,16.5228736893411,21.1456325491302,25.0307212988774,27.2528559028271,32.7897131292629,40.9629186409262,46.3722787079042,51.3858141431661,55.6296904698058,62.6620929706333,70.0154803988001,,,,Saudi Arabia,CO2
GEM-E3_V2021,EN_NPi2020_500,SAU,Emissions|CO2|Energy|Supply,Mt CO2/yr,,,,,,,,,,,,237.494158717987,,331.758850210084,,,,,300.174745722125,287.051149084695,242.075102100563,235.69473587056,190.160522779045,128.398606011925,73.2591371002822,32.828390647548,22.4590704628808,12.5554896090406,14.4423683761811,14.298492999988,15.4838463793773,16.8081753036363,18.3077643149543,19.9517563688841,,,,Saudi Arabia,CO2
GEM-E3_V2021,EN_NPi2020_500,SAU,Emissions|CO2|Energy|Supply|Electricity,Mt CO2/yr,,,,,,,,,,,,200.364608162489,,300.705213639523,,,,,280.238760929015,270.863978749374,230.7303420795,228.481369605808,184.410846914923,121.096723807179,64.908458654006,23.3648187178023,12.0346401486079,0.894822516846449,1.28151886096533,0.016292844222758,0.0045321375133585,0.0047287006244165,0.0049100809804161,0.0051055265356458,,,,Saudi Arabia,CO2
GEM-E3_V2021,EN_NPi2020_500,SAU,Emissions|CO2|Energy|Supply|Gases,Mt CO2/yr,,,,,,,,,,,,9.25839534743692,,11.3089652069734,,,,,6.96858408619944,4.38128364294709,2.37653739564125,1.45184737097841,1.31740729557449,1.74672465618488,2.18499066168094,2.62147509635012,2.96590753284428,3.34005930706914,3.67384841161323,3.89680487509043,4.13219356314328,4.34775131309566,4.57789226637141,4.77757492493384,,,,Saudi Arabia,CO2
GEM-E3_V2021,EN_NPi2020_500,SAU,Emissions|CO2|Energy|Supply|Liquids,Mt CO2/yr,,,,,,,,,,,,27.8711432362841,,19.7446584917173,,,,,12.9673959715335,11.8058842134816,8.96821630130977,5.76150641879625,4.43225676821661,5.55513939808195,6.16566819550984,6.84208571082305,7.45851781843809,8.32060551001478,9.48699867553974,10.3853935804091,11.3471187868006,12.4556930440091,13.7249594052098,15.1690729841898,,,,Saudi Arabia,CO2
GEM-E3_V2021,EN_NPi2020_500,SAU,Emissions|CO2|Energy|Supply|Solids,Mt CO2/yr,,,,,,,,,,,,1.19717770493575e-05,,1.28718702628067e-05,,,,,4.73537617946136e-06,2.47889214223498e-06,6.32411211541205e-06,1.24749768327647e-05,1.18003307290439e-05,1.81504788280868e-05,1.95890854650265e-05,1.11225725118242e-05,4.96299054533906e-06,2.27511023225313e-06,2.42806286929729e-06,1.70026569928836e-06,1.89191997291661e-06,2.24590712044648e-06,2.56239264935507e-06,2.93322479453528e-06,,,,Saudi Arabia,CO2
GEM-E3_V2021,EN_NPi2020_500,SAU,Emissions|CO2|Industrial Processes,Mt CO2/yr,,,,,,,,,,,,48.5316831142514,,64.3163438618572,,,,,67.4368058492625,68.5595649096147,66.7071050824379,67.3972869408394,61.0557595547719,76.5261432519017,84.6982138422329,89.95596102142,92.7490272836207,96.4837220570583,100.298111390966,102.425171121771,103.240128535558,104.175488094911,105.241821452379,105.863498547934,,,,Saudi Arabia,CO2
GEM-E3_V2021,EN_NPi2020_500f,SAU,Emissions|CO2|AFOLU,Mt CO2/yr,,,,,,,,,,,,3.75143948608308,,2.94711380117701,,,,,0.978557242903829,-0.982214461446895,-1.10582053805056,-1.23787717719419,-1.98834861735045,-2.73980714985985,-2.30064022483373,-2.2200382832156,-2.38784109696598,-2.55564391071636,-2.69726665552295,-2.83888940032954,-4.02944776599173,-5.22000613165393,-4.819127728222,-4.41824932479008,,,,Saudi Arabia,CO2
GEM-E3_V2021,EN_NPi2020_500f,SAU,Emissions|CO2|Energy and Industrial Processes,Mt CO2/yr,,,,,,,,,,,,574.963768355898,,692.533101593874,,,,,675.976711813777,683.316965892644,630.620645487996,550.121510375566,465.433324018009,348.16578778369,247.064447490347,181.939875418429,145.740242914962,139.561841359509,136.414259283373,131.327038856961,130.12451003914,130.119344031765,130.409711422775,131.329733776671,,,,Saudi Arabia,CO2
GEM-E3_V2021,EN_NPi2020_500f,SAU,Emissions|CO2|Energy|Demand,Mt CO2/yr,,,,,,,,,,,,288.822113700735,,296.339755125631,,,,,277.921092430505,283.80861385964,279.144272238157,239.523264627142,189.506449657725,102.46692923677,69.5225943404449,56.5705284070281,46.495603272773,43.4160123054714,39.8088182861059,37.45206325041,37.0588911170714,37.1107496253162,37.3479447048943,37.9668350836358,,,,Saudi Arabia,CO2
GEM-E3_V2021,EN_NPi2020_500f,SAU,Emissions|CO2|Energy|Demand|AFOFI,Mt CO2/yr,,,,,,,,,,,,1.82258285077195e-05,,1.870044134441e-05,,,,,1.12218618285374e-05,6.55788489451648e-06,3.29464467077616e-06,9.8031222938365e-07,2.26107771624117e-07,1.84726160113569e-08,4.6543911112465e-09,2.03593487268277e-09,1.00997288725952e-09,7.45391549754811e-10,5.39466422566695e-10,4.0919461222785203e-10,3.54396122051427e-10,3.20856383397502e-10,2.9491527514043003e-10,2.75564745786147e-10,,,,Saudi Arabia,CO2
GEM-E3_V2021,EN_NPi2020_500f,SAU,Emissions|CO2|Energy|Demand|Industry,Mt CO2/yr,,,,,,,,,,,,117.204595616078,,137.778542482707,,,,,128.92451208817,133.492692828973,132.872331439178,118.517618412359,94.7873867409266,28.6893321138189,9.78969198237351,4.98617234383171,2.72015224470501,2.08878176725183,1.59398439942749,1.25737363033091,1.09634334661927,0.977382958577659,0.877112917227489,0.797540451781237,,,,Saudi Arabia,CO2
GEM-E3_V2021,EN_NPi2020_500f,SAU,Emissions|CO2|Energy|Demand|Residential and Commercial,Mt CO2/yr,,,,,,,,,,,,61.5286402975297,,51.9865728216235,,,,,48.849947384021,49.3505611040494,48.1252765145352,43.1041563037244,37.3387270498705,32.5441563439199,29.303947065493,27.8157144855034,25.87706635955,25.8133372506787,24.9468857880867,24.5937388475475,25.0268286803211,25.5974969924111,26.1903116494318,26.935282641577,,,,Saudi Arabia,CO2
GEM-E3_V2021,EN_NPi2020_500f,SAU,Emissions|CO2|Energy|Demand|Residential and Commercial|Commercial,Mt CO2/yr,,,,,,,,,,,,51.6351502130037,,42.6468037926491,,,,,40.2644090724751,41.2999607134566,41.0092621930897,38.1678247612496,35.3418221520517,31.8062534281576,28.8788333366978,27.5038597277206,25.6368866455484,25.5950912955782,24.7524771474654,24.4142021193521,24.8548422055308,25.431233502568,26.0289509581138,26.7780267711989,,,,Saudi Arabia,CO2
GEM-E3_V2021,EN_NPi2020_500f,SAU,Emissions|CO2|Energy|Demand|Residential and Commercial|Residential,Mt CO2/yr,,,,,,,,,,,,9.89349008452602,,9.33976902897436,,,,,8.58553831154593,8.05060039059279,7.11601432144555,4.93633154247486,1.99690489781882,0.73790291576231,0.425113728795272,0.311854757782768,0.240179714001676,0.218245955100484,0.194408640621264,0.179536728195358,0.171986474790304,0.166263489843048,0.161360691317975,0.157255870378012,,,,Saudi Arabia,CO2
GEM-E3_V2021,EN_NPi2020_500f,SAU,Emissions|CO2|Energy|Demand|Transportation,Mt CO2/yr,,,,,,,,,,,,110.088859561298,,106.574621120858,,,,,100.146621736452,100.965353368732,98.1466609897995,77.9014889307461,57.3803356408201,41.2334407605592,30.4289552879239,23.768641575657,17.8983846675079,15.5138932867954,13.2679480980522,11.6009507721224,10.9357190897766,10.5358696740065,10.28052013794,10.234011990002,,,,Saudi Arabia,CO2
GEM-E3_V2021,EN_NPi2020_500f,SAU,Emissions|CO2|Energy|Supply,Mt CO2/yr,,,,,,,,,,,,237.494158717987,,331.758850248432,,,,,328.87009873099,325.265203151413,273.565936793925,233.072170729593,198.334452893112,162.37392796259,90.0290886891732,36.8568784114722,13.0051275892651,11.1782278219927,13.9099873926325,14.1582177203054,16.1916567017007,18.6070332945021,21.4040861415381,24.5875906851239,,,,Saudi Arabia,CO2
GEM-E3_V2021,EN_NPi2020_500f,SAU,Emissions|CO2|Energy|Supply|Electricity,Mt CO2/yr,,,,,,,,,,,,200.364608162489,,300.705213667999,,,,,306.091705684589,304.431109239642,254.560402846592,217.034395495728,184.601230161618,151.954898922744,80.6639726959258,27.374920072332,3.03291847831643,0.265262243762129,1.42968045599773,0.0216069644860944,0.0048849174773325,0.005155620876963,0.0054435811542133,0.0057644929196104,,,,Saudi Arabia,CO2
GEM-E3_V2021,EN_NPi2020_500f,SAU,Emissions|CO2|Energy|Supply|Gases,Mt CO2/yr,,,,,,,,,,,,9.25839534743692,,11.3089651922153,,,,,8.95567628323492,7.21717185526369,5.67704992722285,3.91072246354121,2.91697626275603,2.1007478181726,2.33032403911049,2.65043810372364,2.87107421167795,3.08724474208292,3.29099436674947,3.46818831097422,3.69295615517048,3.93966498098607,4.19970302052353,4.46035820288012,,,,Saudi Arabia,CO2
GEM-E3_V2021,EN_NPi2020_500f,SAU,Emissions|CO2|Energy|Supply|Liquids,Mt CO2/yr,,,,,,,,,,,,27.8711432362841,,19.7446585163521,,,,,13.8227091203577,13.6169175885083,13.3284788467138,12.1270477954139,10.816241221454,8.3182640493899,7.03476717066456,6.83151087738166,7.10112722387763,7.82571661888263,9.1893086908954,10.6684215219307,12.4938147274705,14.6622116628356,17.1989382462193,20.1214665014208,,,,Saudi Arabia,CO2
GEM-E3_V2021,EN_NPi2020_500f,SAU,Emissions|CO2|Energy|Supply|Solids,Mt CO2/yr,,,,,,,,,,,,1.19717770493575e-05,,1.28718651295101e-05,,,,,7.64280859249448e-06,4.46799873462644e-06,5.17339591040296e-06,4.97490942781912e-06,5.24728467969566e-06,1.71722836298618e-05,2.47834723485883e-05,9.35803489746975e-06,7.67539315716387e-06,4.2172650266548e-06,3.87898991913374e-06,9.22914372975859e-07,9.0158232450979e-07,1.02980352957361e-06,1.29364106140927e-06,1.48790339226206e-06,,,,Saudi Arabia,CO2
GEM-E3_V2021,EN_NPi2020_500f,SAU,Emissions|CO2|Industrial Processes,Mt CO2/yr,,,,,,,,,,,,48.5316831142514,,64.316343876531,,,,,69.0753462080356,74.143257737048,77.8252904275858,77.4692042220912,77.5555685957682,83.3052034906502,87.503606728568,88.5071731340168,86.2365438264798,84.9653256956623,82.693751136391,79.7154447754431,76.8728142160074,74.4005291257711,71.656743037184,68.7744380880014,,,,Saudi Arabia,CO2
GEM-E3_V2021,EN_NPi2020_600,SAU,Emissions|CO2|AFOLU,Mt CO2/yr,,,,,,,,,,,,3.75143948608308,,2.94711380117701,,,,,0.984104914402265,-0.978903972372481,-1.17940028762064,-1.37998328523597,-2.0828039181941,-2.78562455115222,-2.45203948117941,-2.20433261426398,-2.30905172789107,-2.41377084151817,-2.34589788662672,-2.27802493173527,-3.00260036801055,-3.72717580428582,-3.34272980461985,-2.95828380495388,,,,Saudi Arabia,CO2
GEM-E3_V2021,EN_NPi2020_600,SAU,Emissions|CO2|Energy and Industrial Processes,Mt CO2/yr,,,,,,,,,,,,574.963768355898,,692.53310155886,,,,,647.793489419183,636.11136943921,507.141495695688,431.503578704107,375.907137411226,299.732147976423,250.562964388423,209.986501839484,202.462472880841,187.378191143109,195.258188464922,208.829577441387,221.049129071408,231.98736040138,240.255498463967,241.783400644765,,,,Saudi Arabia,CO2
GEM-E3_V2021,EN_NPi2020_600,SAU,Emissions|CO2|Energy|Demand,Mt CO2/yr,,,,,,,,,,,,288.822113700735,,296.339755143656,,,,,267.072368615244,260.998486732272,201.328917318069,120.441002649761,67.657823428146,42.9639120393241,41.9112408662031,49.6564374701532,55.6706494876949,64.8866773449498,82.8498509752616,93.2282922503387,103.171344692474,111.646161886819,118.046316638022,119.180935675134,,,,Saudi Arabia,CO2
GEM-E3_V2021,EN_NPi2020_600,SAU,Emissions|CO2|Energy|Demand|AFOFI,Mt CO2/yr,,,,,,,,,,,,1.82258285077195e-05,,1.87004414979151e-05,,,,,8.87021367068782e-06,4.17831221556711e-06,8.26428229546608e-07,1.16572484221031e-07,2.01277454375594e-08,3.1889707843211e-09,1.7898428763249301e-09,1.7410980870307102e-09,1.88608539017354e-09,2.2151536129426e-09,3.5126186204823504e-09,4.112288642986441e-09,4.63772304673846e-09,4.97414542899915e-09,4.91309114469625e-09,4.08969592000836e-09,,,,Saudi Arabia,CO2
GEM-E3_V2021,EN_NPi2020_600,SAU,Emissions|CO2|Energy|Demand|Industry,Mt CO2/yr,,,,,,,,,,,,117.204595616078,,137.778542538475,,,,,123.503161905377,122.726296841747,100.653481440247,49.9798899229017,16.3608216511296,4.77630713509591,3.47347444742278,4.11383491808855,4.71508981303903,5.76333679623562,9.1137806556688,10.404256465339,11.3064061926881,11.4878781522795,10.7123505759855,8.45512251559075,,,,Saudi Arabia,CO2
GEM-E3_V2021,EN_NPi2020_600,SAU,Emissions|CO2|Energy|Demand|Residential and Commercial,Mt CO2/yr,,,,,,,,,,,,61.5286402975297,,51.986572822182,,,,,47.2467438789915,46.149968790263,38.2883897750104,30.2783955430831,25.3354352146028,21.0341046316506,21.8720571241592,26.0026172709927,29.2614216419924,33.4745552935554,39.2147701557647,42.932417517403,46.4191829885236,49.4733464522519,51.9123599250679,52.863280913996,,,,Saudi Arabia,CO2
GEM-E3_V2021,EN_NPi2020_600,SAU,Emissions|CO2|Energy|Demand|Residential and Commercial|Commercial,Mt CO2/yr,,,,,,,,,,,,51.6351502130037,,42.6468037969794,,,,,39.4308460301782,39.4614081881392,34.6225125264634,29.4164330671441,24.9014655261432,20.7687271599253,21.6274809371098,25.7230696015929,28.9511978455491,33.1166408606282,38.743071097323,42.4111101856084,45.8606816448639,48.8996626579788,51.3510842910963,52.3665157745914,,,,Saudi Arabia,CO2
GEM-E3_V2021,EN_NPi2020_600,SAU,Emissions|CO2|Energy|Demand|Residential and Commercial|Residential,Mt CO2/yr,,,,,,,,,,,,9.89349008452602,,9.33976902520255,,,,,7.81589784881326,6.68856060212379,3.66587724854704,0.861962475938962,0.433969688459642,0.265377471725271,0.244576187049398,0.279547669399745,0.310223796443354,0.357914432927276,0.471699058441669,0.521307331794586,0.55850134365977,0.573683794273155,0.56127563397165,0.496765139404605,,,,Saudi Arabia,CO2
GEM-E3_V2021,EN_NPi2020_600,SAU,Emissions|CO2|Energy|Demand|Transportation,Mt CO2/yr,,,,,,,,,,,,110.088859561298,,106.574621082557,,,,,96.3224539606616,92.1222169219504,62.3870452763832,40.1827170672036,25.9615665422857,17.1535002693885,16.5657092928313,19.5399852793309,21.6941380307773,25.6487852529436,34.5213001603154,39.8916182634843,45.4457555066248,50.6849372773136,55.4216061320559,57.8625322414574,,,,Saudi Arabia,CO2
GEM-E3_V2021,EN_NPi2020_600,SAU,Emissions|CO2|Energy|Supply,Mt CO2/yr,,,,,,,,,,,,237.494158717987,,331.758850210084,,,,,312.389979671336,303.139795847865,236.587913814987,239.304340754392,234.221743146546,182.48099770096,129.549689927852,74.5139800379814,57.3467252932121,28.9266756088123,13.13223977712,13.9581748247193,15.2694694379498,16.7832181575551,18.500898459761,20.8503990433146,,,,Saudi Arabia,CO2
GEM-E3_V2021,EN_NPi2020_600,SAU,Emissions|CO2|Energy|Supply|Electricity,Mt CO2/yr,,,,,,,,,,,,200.364608162489,,300.705213639523,,,,,291.248115710177,284.757566658224,222.393185046228,229.080379013508,226.287402941682,175.168154494739,121.689636154787,65.6385557274286,47.4723817401817,17.8603467765682,0.442420479378631,0.0304231224280874,0.0046301359783353,0.0048076488816637,0.0049913920918578,0.0051899805627182,,,,Saudi Arabia,CO2
GEM-E3_V2021,EN_NPi2020_600,SAU,Emissions|CO2|Energy|Supply|Gases,Mt CO2/yr,,,,,,,,,,,,9.25839534743692,,11.3089652069734,,,,,7.80520414704431,5.60023770008342,3.30090116434539,1.99468430497841,1.65414449440229,1.65881352329206,1.95332925467673,2.35902186877916,2.70157859106841,3.08734680184801,3.4893925841166,3.7369807647234,3.98690494312816,4.25330479559703,4.44988521951392,4.61849978014718,,,,Saudi Arabia,CO2
GEM-E3_V2021,EN_NPi2020_600,SAU,Emissions|CO2|Energy|Supply|Liquids,Mt CO2/yr,,,,,,,,,,,,27.8711432362841,,19.7446584917173,,,,,13.336654251074,12.7819882395291,10.8938213434209,8.22927062291405,6.28018855211081,5.65401678005479,5.90671086968336,6.51638816367722,7.17275767319979,7.97897869682472,9.20042373393797,10.1907690145205,11.2779321613012,12.5251032764654,14.0460191987124,16.2267065015742,,,,Saudi Arabia,CO2
GEM-E3_V2021,EN_NPi2020_600,SAU,Emissions|CO2|Energy|Supply|Solids,Mt CO2/yr,,,,,,,,,,,,1.19717770493575e-05,,1.28718702628067e-05,,,,,5.56304134586575e-06,3.25002760686153e-06,6.2609927169479e-06,6.81299159535224e-06,7.15835076983194e-06,1.2902873480922e-05,1.36487050524288e-05,1.42780964353769e-05,7.28876215163568e-06,3.33357141375618e-06,2.97968684786379e-06,1.92304731787959e-06,2.19754204699156e-06,2.43661099447535e-06,2.64944278941886e-06,2.78103046867332e-06,,,,Saudi Arabia,CO2
GEM-E3_V2021,EN_NPi2020_600,SAU,Emissions|CO2|Industrial Processes,Mt CO2/yr,,,,,,,,,,,,48.5316831142514,,64.3163438618572,,,,,68.2293205255823,71.8887664761657,69.1823963316369,71.7379135036295,74.0184395485538,74.2833752025698,79.0988921262794,85.8118822801402,89.440031323104,93.5582997080725,99.2655184025794,101.630709976249,102.594426208833,103.54326555298,103.693576518315,101.739031933423,,,,Saudi Arabia,CO2
GEM-E3_V2021,EN_NPi2020_600_COV,SAU,Emissions|CO2|AFOLU,Mt CO2/yr,,,,,,,,,,,,3.75143948608308,,2.94711380117701,,,,,0.984104914402265,-0.981413950463349,-1.15477432579161,-1.30810496186647,-2.02814129467988,-2.75931676657004,-2.42475212825446,-2.17789269306087,-2.25853452473781,-2.33917635641475,-2.28440735045252,-2.22963834449027,-2.96006182908141,-3.69048531367254,-3.31221735989514,-2.93394940611773,,,,Saudi Arabia,CO2
GEM-E3_V2021,EN_NPi2020_600_COV,SAU,Emissions|CO2|Energy and Industrial Processes,Mt CO2/yr,,,,,,,,,,,,574.963768355898,,601.301202383815,,,,,583.167071880682,576.320677987618,492.01316197473,406.160987516656,324.770584461947,246.177421871785,200.272142053897,176.568969942181,161.368240763657,153.20527364898,173.919328580895,181.844107139136,192.480992619456,200.675509959753,207.171291098218,211.245759424745,,,,Saudi Arabia,CO2
GEM-E3_V2021,EN_NPi2020_600_COV,SAU,Emissions|CO2|Energy|Demand,Mt CO2/yr,,,,,,,,,,,,288.822113700735,,251.956326548856,,,,,237.413192883339,235.906132158748,203.694261077837,142.023986235326,67.1764923207449,40.6635303771258,39.456152058569,46.8610332132672,49.8665197306371,55.6987442421014,70.3785292083969,79.3329203219848,87.7020667176089,93.7780472770024,98.5530680999346,101.482189245706,,,,Saudi Arabia,CO2
GEM-E3_V2021,EN_NPi2020_600_COV,SAU,Emissions|CO2|Energy|Demand|AFOFI,Mt CO2/yr,,,,,,,,,,,,1.82258285077195e-05,,1.64678741885624e-05,,,,,8.65850506021157e-06,4.34015798027523e-06,1.24622216086253e-06,1.97434563165356e-07,2.05928379077128e-08,2.8313063068585903e-09,1.66677215412416e-09,1.7993554321412401e-09,1.6934539622887902e-09,1.83889742996081e-09,2.89778329570152e-09,3.3091666990751304e-09,3.6468512941097102e-09,3.6989409435555102e-09,3.5405403697181904e-09,3.16549036463327e-09,,,,Saudi Arabia,CO2
GEM-E3_V2021,EN_NPi2020_600_COV,SAU,Emissions|CO2|Energy|Demand|Industry,Mt CO2/yr,,,,,,,,,,,,117.204595616078,,112.333537800092,,,,,102.853350928914,104.536303481817,94.2023969623906,63.4572958854473,15.7477200371436,3.97979489891882,2.95125886781358,3.72998913649122,3.76601698848235,4.22408842530128,6.57694490349502,7.43687567994338,7.9699118054577,7.72642959060019,7.04208614995724,5.99682457413719,,,,Saudi Arabia,CO2
GEM-E3_V2021,EN_NPi2020_600_COV,SAU,Emissions|CO2|Energy|Demand|Residential and Commercial,Mt CO2/yr,,,,,,,,,,,,61.5286402975297,,48.5725625674939,,,,,45.0128429693505,44.399569267379,39.655042122531,32.2215289775975,25.1910482603256,20.308439991867,20.9365926259405,24.7976431551051,27.0047263939521,30.0865213480606,35.1155873576155,38.5041092399327,41.581350167844,43.9529233399672,45.8456073308633,47.1253267201428,,,,Saudi Arabia,CO2
GEM-E3_V2021,EN_NPi2020_600_COV,SAU,Emissions|CO2|Energy|Demand|Residential and Commercial|Commercial,Mt CO2/yr,,,,,,,,,,,,51.6351502130037,,40.2287130792517,,,,,37.709200414797,38.0027626017422,35.3410410511801,30.9921821827441,24.7561714159129,20.0590544141439,20.7060432164543,24.530641274178,26.727305021469,29.7845680111252,34.7301201172952,38.0817101982849,41.1338127399111,43.5061595546455,45.4156060350602,46.7285664900893,,,,Saudi Arabia,CO2
GEM-E3_V2021,EN_NPi2020_600_COV,SAU,Emissions|CO2|Energy|Demand|Residential and Commercial|Residential,Mt CO2/yr,,,,,,,,,,,,9.89349008452602,,8.34384948824228,,,,,7.30364255455345,6.39680666563677,4.31400107135088,1.22934679485339,0.434876844412741,0.249385577723085,0.230549409486212,0.26700188092715,0.277421372483145,0.301953336935312,0.38546724032023,0.422399041647862,0.447537427932878,0.44676378532168,0.430001295803094,0.396760230053498,,,,Saudi Arabia,CO2
GEM-E3_V2021,EN_NPi2020_600_COV,SAU,Emissions|CO2|Energy|Demand|Transportation,Mt CO2/yr,,,,,,,,,,,,110.088859561298,,91.0502097133952,,,,,89.5469903265695,86.9702550693933,69.8368207466934,46.3451611748466,26.2377240026827,16.3752954835086,15.5683005631481,18.3334009198715,19.0957763465091,21.3881344669006,28.6859969443885,33.3919353987995,38.1508047406603,42.098694342736,45.6653746155734,48.3600379482613,,,,Saudi Arabia,CO2
GEM-E3_V2021,EN_NPi2020_600_COV,SAU,Emissions|CO2|Energy|Supply,Mt CO2/yr,,,,,,,,,,,,237.494158717987,,294.972433697313,,,,,287.360003233341,278.186044894357,225.603415556889,200.184133979067,190.387696800709,137.560481845982,88.9759658857591,52.5311839223692,31.8644366124567,14.9928330706538,16.1046118970945,12.7849514536397,14.0797503361067,15.5970585892604,17.4243254652936,19.7567911887649,,,,Saudi Arabia,CO2
GEM-E3_V2021,EN_NPi2020_600_COV,SAU,Emissions|CO2|Energy|Supply|Electricity,Mt CO2/yr,,,,,,,,,,,,200.364608162489,,268.347114148071,,,,,268.112327146694,261.1351779545,211.396159299587,189.14093530493,182.762669261533,130.695550990692,81.6070740116782,44.255622808892,22.750310168847,4.83630218570933,4.5132934616382,0.0187534550038801,0.0040655360921794,0.0042372423034163,0.0044201340363976,0.0046262693493221,,,,Saudi Arabia,CO2
GEM-E3_V2021,EN_NPi2020_600_COV,SAU,Emissions|CO2|Energy|Supply|Gases,Mt CO2/yr,,,,,,,,,,,,9.25839534743692,,9.4425230318051,,,,,7.04547281915726,5.22720471665499,3.45954602032304,2.22728209376823,1.56795141172425,1.56808615568151,1.83741727519003,2.2020648937166,2.49392841082147,2.81549438947585,3.11168049349218,3.31883253467663,3.53855639874236,3.74683283470031,3.93695793275475,4.11816451104357,,,,Saudi Arabia,CO2
GEM-E3_V2021,EN_NPi2020_600_COV,SAU,Emissions|CO2|Energy|Supply|Liquids,Mt CO2/yr,,,,,,,,,,,,27.8711432362841,,17.1827856681881,,,,,12.202197953568,11.8236590261005,10.7477057578438,8.81591144208648,6.0570678457211,5.29683114806103,5.53146053806264,6.07348193000953,6.62019277434861,7.3410337302823,8.479635662745,9.44736407918136,10.5371267666528,11.845986624043,13.4829453375651,15.633998081805,,,,Saudi Arabia,CO2
GEM-E3_V2021,EN_NPi2020_600_COV,SAU,Emissions|CO2|Energy|Supply|Solids,Mt CO2/yr,,,,,,,,,,,,1.19717770493575e-05,,1.08492487006774e-05,,,,,5.31392110804244e-06,3.19710119751558e-06,4.47913521773797e-06,5.13828297690389e-06,8.28173071630952e-06,1.35515471122108e-05,1.40608282534179e-05,1.42897511478156e-05,5.25843957843911e-06,2.76518640192255e-06,2.27921920405075e-06,1.38477783083289e-06,1.63461937691221e-06,1.88821374562808e-06,2.0609372880055e-06,2.32656703869067e-06,,,,Saudi Arabia,CO2
GEM-E3_V2021,EN_NPi2020_600_COV,SAU,Emissions|CO2|Industrial Processes,Mt CO2/yr,,,,,,,,,,,,48.5316831142514,,54.2695146255745,,,,,58.3015750866444,62.1502281166256,62.6656236544864,63.9270691070033,67.1973053374049,67.9499901671603,71.8372454692468,77.1729074202208,79.6331928363515,82.5088737022584,87.4284115530247,89.7170779359652,90.6889521162218,91.2899013962671,91.1836020196506,89.997231118531,,,,Saudi Arabia,CO2
GEM-E3_V2021,EN_NPi2020_600f,SAU,Emissions|CO2|AFOLU,Mt CO2/yr,,,,,,,,,,,,3.75143948608308,,2.94711380117701,,,,,0.995807033969279,-0.955586415605617,-1.08742717796044,-1.21908150457615,-1.76005236337471,-2.39089829528009,-2.15518650321721,-2.20381448609023,-2.33112497253012,-2.45843545897001,-2.56197792402002,-2.66552038907003,-3.86236187656727,-5.0592033640645,-4.69711091989484,-4.33501847572517,,,,Saudi Arabia,CO2
GEM-E3_V2021,EN_NPi2020_600f,SAU,Emissions|CO2|Energy and Industrial Processes,Mt CO2/yr,,,,,,,,,,,,574.963768355898,,692.533101593874,,,,,684.233591120127,690.596077814537,652.158618165728,581.137442527822,501.69593230611,390.810825862643,307.188332630204,220.005989947066,178.745258416737,150.267959015727,146.048760889986,141.645881479806,139.22855152161,137.724145225185,138.317438927,139.435052793841,,,,Saudi Arabia,CO2
GEM-E3_V2021,EN_NPi2020_600f,SAU,Emissions|CO2|Energy|Demand,Mt CO2/yr,,,,,,,,,,,,288.822113700735,,296.339755125631,,,,,279.630284470428,286.135195145026,291.223026235104,258.145553172648,222.486973929005,135.522393873421,89.4690300844552,68.6622266171086,56.7636944720964,50.5615164385112,46.5217412110115,43.9382657541143,42.7758919335958,41.8989050653176,42.2607788913858,43.0303219141386,,,,Saudi Arabia,CO2
GEM-E3_V2021,EN_NPi2020_600f,SAU,Emissions|CO2|Energy|Demand|AFOFI,Mt CO2/yr,,,,,,,,,,,,1.82258285077195e-05,,1.870044134441e-05,,,,,1.16856064057274e-05,6.87493600079313e-06,4.16059438118235e-06,1.36807606700122e-06,4.63899023750556e-07,4.06062024778349e-08,9.84657098691172e-09,3.5584618970301204e-09,1.7582597879611201e-09,1.0634634640175e-09,7.55610926526078e-10,5.703670419470121e-10,4.723050052409781e-10,4.06132976174927e-10,3.73683146593262e-10,3.4936344817743903e-10,,,,Saudi Arabia,CO2
GEM-E3_V2021,EN_NPi2020_600f,SAU,Emissions|CO2|Energy|Demand|Industry,Mt CO2/yr,,,,,,,,,,,,117.204595616078,,137.778542482707,,,,,129.710319026145,134.632217069435,138.662603623348,126.042517489007,113.652065928197,50.252641051793,18.773840989688,8.31427242784806,4.46270171384987,2.88920407485918,2.15248537281854,1.68282623501793,1.408839442727,1.19871831947476,1.074446242073,0.977170472456684,,,,Saudi Arabia,CO2
GEM-E3_V2021,EN_NPi2020_600f,SAU,Emissions|CO2|Energy|Demand|Residential and Commercial,Mt CO2/yr,,,,,,,,,,,,61.5286402975297,,51.9865728216235,,,,,49.1651139929549,49.7091726197974,49.7908569783831,45.5440279396677,41.6054739595861,35.5857266020886,32.6610982793485,30.8413135918803,29.1822657513236,28.4137719781969,27.5923209889911,27.3319406665632,27.5220327972979,27.7449449702268,28.4744501169686,29.3366182171292,,,,Saudi Arabia,CO2
GEM-E3_V2021,EN_NPi2020_600f,SAU,Emissions|CO2|Energy|Demand|Residential and Commercial|Commercial,Mt CO2/yr,,,,,,,,,,,,51.6351502130037,,42.6468037926491,,,,,40.4389105264654,41.5106905434648,42.0150129256309,39.8214664886193,37.4795449686975,34.5490542624488,32.0609866573537,30.4361086133567,28.879076504036,28.1616899904387,27.372938398988,27.1326737591265,27.3353377727351,27.5681655036729,28.3035823901164,29.1706573849216,,,,Saudi Arabia,CO2
GEM-E3_V2021,EN_NPi2020_600f,SAU,Emissions|CO2|Energy|Demand|Residential and Commercial|Residential,Mt CO2/yr,,,,,,,,,,,,9.89349008452602,,9.33976902897436,,,,,8.7262034664895,8.19848207633257,7.77584405275218,5.72256145104837,4.12592899088864,1.03667233963974,0.600111621994798,0.405204978523642,0.303189247287589,0.252081987758124,0.219382590003139,0.199266907436773,0.186695024562793,0.176779466553865,0.170867726852185,0.165960832207612,,,,Saudi Arabia,CO2
GEM-E3_V2021,EN_NPi2020_600f,SAU,Emissions|CO2|Energy|Demand|Transportation,Mt CO2/yr,,,,,,,,,,,,110.088859561298,,106.574621120858,,,,,100.754839765721,101.793798580857,102.769561472778,86.5590063758968,67.2294335773227,49.6840261789332,38.0340908055721,29.5066405938217,23.1187270051646,19.2585403843917,16.7769348484461,14.9234988519627,13.8450196930985,12.9552417752099,12.7118825319704,12.7165332242033,,,,Saudi Arabia,CO2
GEM-E3_V2021,EN_NPi2020_600f,SAU,Emissions|CO2|Energy|Supply,Mt CO2/yr,,,,,,,,,,,,237.494158717987,,331.758850248432,,,,,335.338044569274,330.01325907525,281.894808264205,243.539627590183,199.989227071751,172.857967752082,130.165442439319,60.9578172978548,32.2991876182748,11.5878595818329,13.2525207973202,14.2052362123232,16.2221576891383,18.6391225694044,21.4377036415398,24.6373193433494,,,,Saudi Arabia,CO2
GEM-E3_V2021,EN_NPi2020_600f,SAU,Emissions|CO2|Energy|Supply|Electricity,Mt CO2/yr,,,,,,,,,,,,200.364608162489,,300.705213667999,,,,,312.245327723283,308.904553955964,261.81940857043,226.447950294525,184.810672173069,160.964528515254,119.898684882097,51.0207136634645,22.0717179179128,0.531159332783168,0.699060334141664,0.0256250552307405,0.0048477084780688,0.0051184501826463,0.0054058924018982,0.0057214409054061,,,,Saudi Arabia,CO2
GEM-E3_V2021,EN_NPi2020_600f,SAU,Emissions|CO2|Energy|Supply|Gases,Mt CO2/yr,,,,,,,,,,,,9.25839534743692,,11.3089651922153,,,,,9.18399015775937,7.40214720506566,6.35277256516121,4.42044630191401,3.45140807949426,2.2979058207006,2.33558525977527,2.68869181923736,2.90555598482391,3.14206399816812,3.33819117330145,3.50321537269048,3.71610715950861,3.95564847832735,4.21745511299884,4.47575144086789,,,,Saudi Arabia,CO2
GEM-E3_V2021,EN_NPi2020_600f,SAU,Emissions|CO2|Energy|Supply|Liquids,Mt CO2/yr,,,,,,,,,,,,27.8711432362841,,19.7446585163521,,,,,13.9087186672123,13.7065532254818,13.722621640585,12.67122601088,11.7271420150237,9.59551994663865,7.93115719038219,7.24840390881033,7.32190877925281,7.91463304422883,9.21526641327772,10.6763947488335,12.5012018082149,14.6783544577638,17.2148412182975,20.1558448498216,,,,Saudi Arabia,CO2
GEM-E3_V2021,EN_NPi2020_600f,SAU,Emissions|CO2|Energy|Supply|Solids,Mt CO2/yr,,,,,,,,,,,,1.19717770493575e-05,,1.28718651295101e-05,,,,,8.021019314264e-06,4.68873911719633e-06,5.48802907192263e-06,4.98286355895879e-06,4.80416341538438e-06,1.34694887044841e-05,1.5107065035261e-05,7.90634257509657e-06,4.93628529030793e-06,3.20665285607422e-06,2.87659941768385e-06,1.03556852705433e-06,1.01293674462191e-06,1.18313060018833e-06,1.41784160221463e-06,1.61175451481904e-06,,,,Saudi Arabia,CO2
GEM-E3_V2021,EN_NPi2020_600f,SAU,Emissions|CO2|Industrial Processes,Mt CO2/yr,,,,,,,,,,,,48.5316831142514,,64.316343876531,,,,,69.1536025896521,74.3461027547975,78.948443834947,79.3858528634836,79.1733658479644,82.4021354949366,87.5389464300644,90.3776563135586,89.6774853961173,88.1152868562063,86.2720199959475,83.5004462511986,80.2288786909008,77.1847357121473,74.6176934927841,71.7662319804769,,,,Saudi Arabia,CO2
GEM-E3_V2021,EN_NPi2020_600f_COV,SAU,Emissions|CO2|AFOLU,Mt CO2/yr,,,,,,,,,,,,3.75143948608308,,2.94711380117701,,,,,0.995807033969279,-0.955586415605617,-1.0872906189073,-1.21887017099182,-1.54783171686364,-1.77312517546899,-1.96150312620853,-2.28450114442393,-2.42573554039166,-2.5669699363594,-2.62297581802802,-2.67898169969665,-3.79652921084937,-4.91407672200209,-4.56879911279017,-4.22352150357826,,,,Saudi Arabia,CO2
GEM-E3_V2021,EN_NPi2020_600f_COV,SAU,Emissions|CO2|Energy and Industrial Processes,Mt CO2/yr,,,,,,,,,,,,574.963768355898,,601.301202383815,,,,,605.633509291942,607.977098006938,559.868264745509,500.588227389514,458.332144472389,360.561668287813,278.681419351204,185.8583087223,149.598692881918,130.63004978738,127.783984081515,120.999669014893,120.473384493653,120.676936015047,121.213212977116,122.199078757251,,,,Saudi Arabia,CO2
GEM-E3_V2021,EN_NPi2020_600f_COV,SAU,Emissions|CO2|Energy|Demand,Mt CO2/yr,,,,,,,,,,,,288.822113700735,,251.956326548856,,,,,244.921162509083,250.420162804217,244.64247314258,216.542444071996,202.809505551878,140.932998876072,84.364425760601,59.9650733597004,48.7010861207568,43.3094663648822,39.6467368344365,35.4652296959103,35.1678104899344,35.1057516866868,35.2387842409919,35.716377888561,,,,Saudi Arabia,CO2
GEM-E3_V2021,EN_NPi2020_600f_COV,SAU,Emissions|CO2|Energy|Demand|AFOFI,Mt CO2/yr,,,,,,,,,,,,1.82258285077195e-05,,1.64678741885624e-05,,,,,1.05285538746621e-05,6.104867216729e-06,2.90516533613403e-06,9.86249376506208e-07,4.83168262743344e-07,6.06858314494746e-08,1.06952758212823e-08,3.1411623577549103e-09,1.50635925207542e-09,9.42620665818333e-10,6.721171369627901e-10,4.60080638398197e-10,3.96469939602486e-10,3.59430923658134e-10,3.28541902752728e-10,3.08248086846853e-10,,,,Saudi Arabia,CO2
GEM-E3_V2021,EN_NPi2020_600f_COV,SAU,Emissions|CO2|Energy|Demand|Industry,Mt CO2/yr,,,,,,,,,,,,117.204595616078,,112.333537800092,,,,,106.336957444402,110.90504506495,110.348859154351,101.802314442084,98.7367940543367,56.1165991855306,17.5063116695713,6.35173669242417,3.31187826773261,2.20296198771096,1.64979529392615,1.18068663338301,1.03260353115794,0.921181200207483,0.825732767675523,0.753278131721523,,,,Saudi Arabia,CO2
GEM-E3_V2021,EN_NPi2020_600f_COV,SAU,Emissions|CO2|Energy|Demand|Residential and Commercial,Mt CO2/yr,,,,,,,,,,,,61.5286402975297,,48.5725625674939,,,,,46.2208830945287,46.5704354758316,45.0891807503618,41.464386287542,40.1919004723261,35.2680099181453,31.2931382126778,28.2038099129526,26.1411603938615,25.2601487997914,24.3696687874544,23.1479285373921,23.5852436402596,24.0469635862436,24.5413141488033,25.1532627316039,,,,Saudi Arabia,CO2
GEM-E3_V2021,EN_NPi2020_600f_COV,SAU,Emissions|CO2|Energy|Demand|Residential and Commercial|Commercial,Mt CO2/yr,,,,,,,,,,,,51.6351502130037,,40.2287130792517,,,,,38.3184591323304,39.2140336598391,38.7387605707814,36.8100006721305,36.2492202150461,34.1345021278645,30.7223158919726,27.8552088945345,25.880143370097,25.0375981439653,24.1729386058102,22.9724052357131,23.4169119968567,23.8841684980979,24.3834136801836,24.9993126277745,,,,Saudi Arabia,CO2
GEM-E3_V2021,EN_NPi2020_600f_COV,SAU,Emissions|CO2|Energy|Demand|Residential and Commercial|Residential,Mt CO2/yr,,,,,,,,,,,,9.89349008452602,,8.34384948824228,,,,,7.90242396219837,7.3564018159925,6.35042017958044,4.65438561541157,3.94268025727997,1.13350779028078,0.570822320705138,0.348601018418153,0.261017023764522,0.222550655826077,0.196730181644273,0.175523301678992,0.168331643402898,0.162795088145768,0.157900468619792,0.15395010382943,,,,Saudi Arabia,CO2
GEM-E3_V2021,EN_NPi2020_600f_COV,SAU,Emissions|CO2|Energy|Demand|Transportation,Mt CO2/yr,,,,,,,,,,,,110.088859561298,,91.0502097133952,,,,,92.3633114415985,92.9446761585687,89.2044303327015,73.275742356121,63.8808105420476,49.5483897117103,35.5649758676565,25.4095267511824,19.2480474576562,15.8463555764372,13.6272727523838,11.136614524675,10.5499633181203,10.1376068998761,9.87173732418444,9.80983702492732,,,,Saudi Arabia,CO2
GEM-E3_V2021,EN_NPi2020_600f_COV,SAU,Emissions|CO2|Energy|Supply,Mt CO2/yr,,,,,,,,,,,,237.494158717987,,294.972433697313,,,,,301.81890423366,294.064026114568,248.419463305298,216.525460792029,186.154639942343,147.558753448908,117.232328391975,46.6552920909499,22.5489904775139,10.1911060356288,12.3385454898392,12.9585705017196,14.8048858689675,17.0106775695916,19.5836685908556,22.5215964056081,,,,Saudi Arabia,CO2
GEM-E3_V2021,EN_NPi2020_600f_COV,SAU,Emissions|CO2|Energy|Supply|Electricity,Mt CO2/yr,,,,,,,,,,,,200.364608162489,,268.347114148071,,,,,281.369944449403,275.335914070344,231.421006252154,201.728987302434,172.11015690095,135.894856653223,107.72210273595,37.6837597402078,13.2789079732888,0.143262569992194,0.893828146741189,0.020035958768251,0.0042725066786241,0.0045067788292832,0.0047663533888823,0.0050383705424368,,,,Saudi Arabia,CO2
GEM-E3_V2021,EN_NPi2020_600f_COV,SAU,Emissions|CO2|Energy|Supply|Gases,Mt CO2/yr,,,,,,,,,,,,9.25839534743692,,9.4425230318051,,,,,7.88567154193281,6.33945251256746,4.9154201337838,3.5829195596749,3.18286885291527,2.23760888272532,2.11414805914765,2.3963342710332,2.58408728710762,2.77656927325363,2.94323464622625,3.09804193186725,3.28313441769577,3.50191242747011,3.73647208778695,3.96575275055154,,,,Saudi Arabia,CO2
GEM-E3_V2021,EN_NPi2020_600f_COV,SAU,Emissions|CO2|Energy|Supply|Liquids,Mt CO2/yr,,,,,,,,,,,,27.8711432362841,,17.1827856681881,,,,,12.5632812109442,12.3886554515101,12.0830320077504,11.2135495358481,10.8616097048626,9.42627739563851,7.3960654991988,6.57519174720019,6.68599147031338,7.27127170093006,8.50148046845464,9.84049173520315,11.5174780721091,13.504257272568,15.8424289405843,18.5508038419362,,,,Saudi Arabia,CO2
GEM-E3_V2021,EN_NPi2020_600f_COV,SAU,Emissions|CO2|Energy|Supply|Solids,Mt CO2/yr,,,,,,,,,,,,1.19717770493575e-05,,1.08492487006774e-05,,,,,7.03137922215923e-06,4.08014664113843e-06,4.91160962840175e-06,4.39407169486906e-06,4.48361486179998e-06,1.05173213146263e-05,1.20976780315336e-05,6.33250873627759e-06,3.74680407906737e-06,2.49145290209316e-06,2.22841712529116e-06,8.75881000282523e-07,8.72483988637137e-07,1.09072429383064e-06,1.2090955048406e-06,1.44257785766272e-06,,,,Saudi Arabia,CO2
GEM-E3_V2021,EN_NPi2020_600f_COV,SAU,Emissions|CO2|Industrial Processes,Mt CO2/yr,,,,,,,,,,,,48.5316831142514,,54.2695146255745,,,,,58.7948455549095,63.4040092519501,66.7322146825501,67.4681566074259,69.3248615718526,72.0409492227473,77.0709549021908,79.2315071137363,78.345001996497,77.127028484475,75.7968650823731,72.574607309246,70.4995733181794,68.5595017045114,66.3898457667288,63.9602520161514,,,,Saudi Arabia,CO2
GEM-E3_V2021,EN_NPi2020_800,SAU,Emissions|CO2|AFOLU,Mt CO2/yr,,,,,,,,,,,,3.75143948608308,,2.94711380117701,,,,,0.978557242903829,-0.982214461446895,-1.10582053805056,-1.23191597922837,-1.97290521755936,-2.71263760885804,-2.23544719854865,-2.10995897035313,-2.19325551193003,-2.27655205350692,-2.20207421254461,-2.12759637158231,-2.8753452738488,-3.6230941761153,-3.25939792746071,-2.89570167880612,,,,Saudi Arabia,CO2
GEM-E3_V2021,EN_NPi2020_800,SAU,Emissions|CO2|Energy and Industrial Processes,Mt CO2/yr,,,,,,,,,,,,574.963768355898,,692.53310155886,,,,,681.460628446607,684.944750986631,603.173907917846,530.973339293889,461.011342400832,375.477418572776,310.781670532053,247.580178354511,216.330688978684,193.366366732704,192.892640672084,201.286275524978,217.57692822583,225.939033876548,233.341015354022,237.808262970508,,,,Saudi Arabia,CO2
GEM-E3_V2021,EN_NPi2020_800,SAU,Emissions|CO2|Energy|Demand,Mt CO2/yr,,,,,,,,,,,,288.822113700735,,296.339755143656,,,,,280.88709707449,285.193937371122,261.039337956455,226.788096364668,178.032332366509,110.654995647049,80.1507058281927,63.0066957691223,52.7427261211738,61.1076736114375,79.881411816228,86.4541103039533,99.6875526501293,105.995460883615,111.568505671827,115.285319162474,,,,Saudi Arabia,CO2
GEM-E3_V2021,EN_NPi2020_800,SAU,Emissions|CO2|Energy|Demand|AFOFI,Mt CO2/yr,,,,,,,,,,,,1.82258285077195e-05,,1.87004414979151e-05,,,,,1.19581224478601e-05,6.73790630096072e-06,2.3341482239072e-06,7.83266323913203e-07,1.77108309349273e-07,2.36170739594784e-08,7.63057725524915e-09,3.0799035836472e-09,1.62570623193098e-09,1.8196826270943902e-09,3.0050833902763103e-09,3.1502963561946603e-09,4.0429926654346306e-09,4.0954587726754e-09,3.96612930064928e-09,3.5960474541256905e-09,,,,Saudi Arabia,CO2
GEM-E3_V2021,EN_NPi2020_800,SAU,Emissions|CO2|Energy|Demand|Industry,Mt CO2/yr,,,,,,,,,,,,117.204595616078,,137.778542538475,,,,,130.560884446403,134.215250181093,124.712194461169,113.54352718991,86.2168581226726,34.1126893785898,14.7596569563969,7.02471419985612,3.98612987307672,4.75061089186511,7.92149444536061,8.12811185527352,9.98347324891471,9.59428781188835,8.81138648449924,7.57196891900427,,,,Saudi Arabia,CO2
GEM-E3_V2021,EN_NPi2020_800,SAU,Emissions|CO2|Energy|Demand|Residential and Commercial,Mt CO2/yr,,,,,,,,,,,,61.5286402975297,,51.986572822182,,,,,49.2330560149161,49.5180527948554,45.728483931889,41.4969063945633,36.473343797203,33.3534184503615,31.1435440499485,29.3766597470502,27.8184581424391,32.0195126324649,38.3737888255977,41.260041454475,45.6245753292011,48.1941228094973,50.4520250843403,51.9762237210317,,,,Saudi Arabia,CO2
GEM-E3_V2021,EN_NPi2020_800,SAU,Emissions|CO2|Energy|Demand|Residential and Commercial|Commercial,Mt CO2/yr,,,,,,,,,,,,51.6351502130037,,42.6468037969794,,,,,40.4471332562,41.3873740685488,39.5490779934259,37.0530653715147,34.833797477024,32.5378875072608,30.6213475571219,29.0109813403156,27.5355422022557,31.6976402719966,37.9375774424848,40.8068682637136,45.1036181767966,47.6761527976896,49.9510458848164,51.5119267750788,,,,Saudi Arabia,CO2
GEM-E3_V2021,EN_NPi2020_800,SAU,Emissions|CO2|Energy|Demand|Residential and Commercial|Residential,Mt CO2/yr,,,,,,,,,,,,9.89349008452602,,9.33976902520255,,,,,8.78592275871604,8.13067872630665,6.17940593846311,4.44384102304855,1.63954632017901,0.815530943100646,0.522196492826575,0.365678406734654,0.282915940183364,0.321872360468356,0.436211383112941,0.453173190761402,0.520957152404475,0.517970011807701,0.500979199523914,0.46429694595293,,,,Saudi Arabia,CO2
GEM-E3_V2021,EN_NPi2020_800,SAU,Emissions|CO2|Energy|Demand|Transportation,Mt CO2/yr,,,,,,,,,,,,110.088859561298,,106.574621082557,,,,,101.093144655048,101.460627657267,90.5986572292483,71.7476619969283,55.3421302695257,43.1888877944811,34.2475048142167,26.6053218191361,20.9381381040322,24.3375500852878,33.5861285422645,37.0659569910544,44.0795040679704,48.2070502581344,52.3050940990214,55.7371265188423,,,,Saudi Arabia,CO2
GEM-E3_V2021,EN_NPi2020_800,SAU,Emissions|CO2|Energy|Supply,Mt CO2/yr,,,,,,,,,,,,237.494158717987,,331.758850210084,,,,,331.156326610273,325.369945186269,266.012354352504,228.033566345205,205.490915886567,182.20618014468,143.482945493505,95.5499819447664,75.7271746426356,39.8707489703655,13.8559218581079,13.9589002619977,15.3466454226255,16.9388583093064,18.7979406000057,21.1871748133916,,,,Saudi Arabia,CO2
GEM-E3_V2021,EN_NPi2020_800,SAU,Emissions|CO2|Energy|Supply|Electricity,Mt CO2/yr,,,,,,,,,,,,200.364608162489,,300.705213639523,,,,,307.88591593211,304.378018389293,248.36722816226,212.64876636043,192.26206940639,171.481175297476,133.77606216137,86.0763106416126,65.8846937691483,28.8580494278239,1.17121383206454,0.0306058446357883,0.0046683003081682,0.0048478000891093,0.0050460994354407,0.0052415574641533,,,,Saudi Arabia,CO2
GEM-E3_V2021,EN_NPi2020_800,SAU,Emissions|CO2|Energy|Supply|Gases,Mt CO2/yr,,,,,,,,,,,,9.25839534743692,,11.3089652069734,,,,,9.3195177263232,7.32563181881859,4.87937301967167,3.63356359226743,2.7495311801298,2.13747176977817,2.21600907798731,2.4217524447525,2.6269150989907,3.00948311573839,3.45813424607382,3.70104255972392,3.98993603754215,4.24344178730927,4.4470078807235,4.64327089386068,,,,Saudi Arabia,CO2
GEM-E3_V2021,EN_NPi2020_800,SAU,Emissions|CO2|Energy|Supply|Liquids,Mt CO2/yr,,,,,,,,,,,,27.8711432362841,,19.7446584917173,,,,,13.9508849981009,13.6662904728705,12.765748145965,11.7512315193826,10.4793099948117,8.58752067755078,7.49086092423641,7.05190551376964,7.21555647274097,8.00321180608612,9.22657060957662,10.2272499628091,11.352038883255,12.69056625609,14.3458839910492,16.5386595459409,,,,Saudi Arabia,CO2
GEM-E3_V2021,EN_NPi2020_800,SAU,Emissions|CO2|Energy|Supply|Solids,Mt CO2/yr,,,,,,,,,,,,1.19717770493575e-05,,1.28718702628067e-05,,,,,7.95373875973086e-06,4.50528645436299e-06,5.02460772612676e-06,4.87312470465243e-06,5.3052351894395e-06,1.23998749350078e-05,1.33299115877388e-05,1.33446316473217e-05,9.30175567854888e-06,4.62071709485119e-06,3.17039295053358e-06,1.89482882112114e-06,2.20152016202928e-06,2.46581807413753e-06,2.6287975755658e-06,2.81612589902116e-06,,,,Saudi Arabia,CO2
GEM-E3_V2021,EN_NPi2020_800,SAU,Emissions|CO2|Industrial Processes,Mt CO2/yr,,,,,,,,,,,,48.5316831142514,,64.3163438618572,,,,,69.3049624988038,74.2800889069494,76.0478671707645,76.1010357168421,77.4532005959745,82.5941314548893,87.135713675398,89.0165529169371,87.8565802780196,92.3825357808856,99.1458766631114,100.863064953172,102.530045408404,102.991789333656,102.961843534853,101.323831553392,,,,Saudi Arabia,CO2
GEM-E3_V2021,EN_NPi2020_800f,SAU,Emissions|CO2|AFOLU,Mt CO2/yr,,,,,,,,,,,,3.75143948608308,,2.94711380117701,,,,,1.11300159437374,-0.721110612429529,-0.946557481526175,-1.17188476945597,-1.4429939665293,-1.63895506476398,-1.91113779197737,-2.25091984111181,-2.39388693049374,-2.53685401987567,-2.48434590576123,-2.43183779164679,-3.55686444684766,-4.68189110204852,-4.38055845809412,-4.07922581413971,,,,Saudi Arabia,CO2
GEM-E3_V2021,EN_NPi2020_800f,SAU,Emissions|CO2|Energy and Industrial Processes,Mt CO2/yr,,,,,,,,,,,,574.963768355898,,692.533101593874,,,,,696.08599444829,713.27712056654,669.356940115174,614.546288705278,559.724439607903,468.283277653209,378.876077425026,290.580649277836,218.885971343526,171.4381386201,163.094986868493,157.614945266114,155.085406539913,155.119901525674,154.582948546386,153.935666265282,,,,Saudi Arabia,CO2
GEM-E3_V2021,EN_NPi2020_800f,SAU,Emissions|CO2|Energy|Demand,Mt CO2/yr,,,,,,,,,,,,288.822113700735,,296.339755125631,,,,,285.957721113404,296.099957645786,298.514645924281,277.899501865905,251.406209034364,222.643876073479,135.059706459199,93.971705393685,74.6705970408811,64.5913142073594,58.3144368507341,54.5075777969336,53.1219176827321,53.1560431404956,52.8494784457162,52.4999210608526,,,,Saudi Arabia,CO2
GEM-E3_V2021,EN_NPi2020_800f,SAU,Emissions|CO2|Energy|Demand|AFOFI,Mt CO2/yr,,,,,,,,,,,,1.82258285077195e-05,,1.870044134441e-05,,,,,1.33888436444686e-05,8.4291983483688e-06,4.78114817806063e-06,1.95203909482731e-06,7.93277294559523e-07,3.04145117317794e-07,2.99143335687004e-08,8.580780839934581e-09,3.6530441922187105e-09,1.93708831901766e-09,1.25089490224137e-09,9.04013735611355e-10,7.37566359280167e-10,6.610356615277431e-10,5.84225206425332e-10,5.15245468260997e-10,,,,Saudi Arabia,CO2
GEM-E3_V2021,EN_NPi2020_800f,SAU,Emissions|CO2|Energy|Demand|Industry,Mt CO2/yr,,,,,,,,,,,,117.204595616078,,137.778542482707,,,,,133.234141734252,139.866026818786,142.177909824144,134.562030950839,125.028609858809,115.243137829574,46.1824185214603,18.7363298185707,8.97731790886572,5.10557066742639,3.42939847258252,2.54766983756848,2.09528914949782,1.83592453388597,1.5858869490003,1.36691772418884,,,,Saudi Arabia,CO2
GEM-E3_V2021,EN_NPi2020_800f,SAU,Emissions|CO2|Energy|Demand|Residential and Commercial,Mt CO2/yr,,,,,,,,,,,,61.5286402975297,,51.9865728216235,,,,,49.9883790141958,51.0690123320493,50.8595475439538,48.1219313353859,45.4809136141741,42.5705930209888,37.4900239424091,35.3769809173811,33.8391155422727,32.8761003621588,31.7150141426984,31.2654603861363,31.5429530618298,32.2833533265284,32.8145390355805,33.2775986925159,,,,Saudi Arabia,CO2
GEM-E3_V2021,EN_NPi2020_800f,SAU,Emissions|CO2|Energy|Demand|Residential and Commercial|Commercial,Mt CO2/yr,,,,,,,,,,,,51.6351502130037,,42.6468037926491,,,,,40.8325101772122,42.2497277240719,42.6713167601157,41.5115730510187,40.249327032169,38.5827332410293,36.4926493307892,34.7512426926797,33.4005200741602,32.5392774692288,31.4406923598004,31.026553991164,31.3238009419328,32.0759787910287,32.6188754515789,33.0925378596546,,,,Saudi Arabia,CO2
GEM-E3_V2021,EN_NPi2020_800f,SAU,Emissions|CO2|Energy|Demand|Residential and Commercial|Residential,Mt CO2/yr,,,,,,,,,,,,9.89349008452602,,9.33976902897436,,,,,9.1558688369836,8.81928460797737,8.18823078383802,6.61035828436726,5.23158658200511,3.98785977995949,0.99737461161995,0.625738224701313,0.43859546811246,0.336822892930043,0.274321782898002,0.238906394972279,0.219152119896957,0.207374535499764,0.195663584001577,0.185060832861258,,,,Saudi Arabia,CO2
GEM-E3_V2021,EN_NPi2020_800f,SAU,Emissions|CO2|Energy|Demand|Transportation,Mt CO2/yr,,,,,,,,,,,,110.088859561298,,106.574621120858,,,,,102.735186976111,105.164910065752,105.477183775035,95.2155376276404,80.8966847681033,64.830144918771,51.3872639654154,39.8583946491524,31.8541635860896,26.609643175837,23.1700242342022,20.6944475723248,19.4836754706669,19.0367652794201,18.4490524605511,17.8554046436326,,,,Saudi Arabia,CO2
GEM-E3_V2021,EN_NPi2020_800f,SAU,Emissions|CO2|Energy|Supply,Mt CO2/yr,,,,,,,,,,,,237.494158717987,,331.758850248432,,,,,340.396622118887,341.870741114159,291.154295452134,255.189439548619,226.21447140075,163.601815842621,157.053887900124,105.087649237115,50.8815673508296,13.7651573251051,13.0405269890089,14.1621090714343,16.1345497850028,18.5280208714214,21.3400148622514,24.5876011344999,,,,Saudi Arabia,CO2
GEM-E3_V2021,EN_NPi2020_800f,SAU,Emissions|CO2|Energy|Supply|Electricity,Mt CO2/yr,,,,,,,,,,,,200.364608162489,,300.705213667999,,,,,316.231028687866,319.439512238819,270.333504394076,236.835523827948,209.607573389045,148.271104034668,144.847814931469,94.1437430226123,40.0912369394795,2.44756989284037,0.450202046681851,0.0278057163092626,0.0048145523334878,0.005059875035451,0.0053352163543879,0.0056488720089315,,,,Saudi Arabia,CO2
GEM-E3_V2021,EN_NPi2020_800f,SAU,Emissions|CO2|Energy|Supply|Gases,Mt CO2/yr,,,,,,,,,,,,9.25839534743692,,11.3089651922153,,,,,9.97762130879026,8.3486838004745,6.85198905380513,5.1203210984462,4.0844058134907,3.38246538950957,2.56607664038653,2.71961252061266,2.95974258689883,3.19224409219483,3.36084122637033,3.52032169794015,3.73548754091598,3.98604604454122,4.23671944751265,4.49446434277577,,,,Saudi Arabia,CO2
GEM-E3_V2021,EN_NPi2020_800f,SAU,Emissions|CO2|Energy|Supply|Liquids,Mt CO2/yr,,,,,,,,,,,,27.8711432362841,,19.7446585163521,,,,,14.1879626117619,14.0825395930323,13.968796356254,13.2335895397079,12.5224872848442,11.9482377249661,9.63998491573759,8.22428146033826,7.83058268821394,8.12533961013294,9.22948115405575,10.6139804327121,12.3942464191302,14.5369134835291,17.0979585960843,20.0874861381074,,,,Saudi Arabia,CO2
GEM-E3_V2021,EN_NPi2020_800f,SAU,Emissions|CO2|Energy|Supply|Solids,Mt CO2/yr,,,,,,,,,,,,1.19717770493575e-05,,1.28718651295101e-05,,,,,9.51046829469572e-06,5.48183339880853e-06,5.64799857486921e-06,5.08251715192429e-06,4.91336996361745e-06,8.69347755545894e-06,1.14125308996491e-05,1.22335517945173e-05,5.13623734750182e-06,3.72993703248127e-06,2.56190103472407e-06,1.22447279765703e-06,1.27262315254708e-06,1.4683156228683e-06,1.60230013010464e-06,1.78160778645484e-06,,,,Saudi Arabia,CO2
GEM-E3_V2021,EN_NPi2020_800f,SAU,Emissions|CO2|Industrial Processes,Mt CO2/yr,,,,,,,,,,,,48.5316831142514,,64.316343876531,,,,,69.6156951504603,75.1983417199695,79.5912146729718,81.3806689718352,82.0436216771858,81.9929666048662,86.7355062680231,91.5058790655461,93.3246276132614,93.0757465530908,91.7357918500694,88.9420406921304,85.8262361390837,83.4334076887536,80.391308823705,76.8462566386909,,,,Saudi Arabia,CO2
GEM-E3_V2021,EN_NPi2100,SAU,Emissions|CO2|AFOLU,Mt CO2/yr,,,,,,,,,,,,3.75143948608308,,2.94711380117701,,,,,2.19289052449119,1.43866724780537,1.46066939583666,1.48267194744346,0.808430949981734,0.134256715915953,-0.642267012094563,-1.41873033192737,-1.46242263409577,-1.50611493626417,-1.35415116244933,-1.20218738863449,-1.16078933140364,-1.11939127417278,-0.0336246900241979,1.05214189412439,,,,Saudi Arabia,CO2
GEM-E3_V2021,EN_NPi2100,SAU,Emissions|CO2|Energy and Industrial Processes,Mt CO2/yr,,,,,,,,,,,,574.963768355898,,692.533101702597,,,,,745.340337351816,818.152156080526,873.712471421779,951.927685989061,981.82741719582,1051.74593226531,1095.04627322152,1197.43940129908,1284.8120935288,1386.27841843213,1467.88998701635,1560.11437910222,1649.17238758243,1735.59970622082,1802.02824856981,1883.11151368428,,,,Saudi Arabia,CO2
GEM-E3_V2021,EN_NPi2100,SAU,Emissions|CO2|Energy|Demand,Mt CO2/yr,,,,,,,,,,,,288.822113700735,,296.339755183303,,,,,308.234581656173,344.056912662726,384.997616194223,430.249283558478,478.161461569071,533.737158825202,590.732903560584,649.21496248074,708.287686442657,767.360610855717,819.123165262573,863.386978679932,904.11752862689,943.153363918133,980.42453411745,1015.15963691981,,,,Saudi Arabia,CO2
GEM-E3_V2021,EN_NPi2100,SAU,Emissions|CO2|Energy|Demand|AFOFI,Mt CO2/yr,,,,,,,,,,,,1.82258285077195e-05,,1.87004415892355e-05,,,,,2.14371070861362e-05,2.22932808396776e-05,2.43754988181176e-05,2.82584668764604e-05,3.44634625015427e-05,4.26860512497476e-05,4.81557769905416e-05,5.32685410373549e-05,5.94643425067132e-05,6.67771819275828e-05,8.04653451080491e-05,9.02137360774662e-05,0.0001009037100635,0.0001134037596009,0.0001278884694187,0.0001442765902709,,,,Saudi Arabia,CO2
GEM-E3_V2021,EN_NPi2100,SAU,Emissions|CO2|Energy|Demand|Industry,Mt CO2/yr,,,,,,,,,,,,117.204595616078,,137.778542466243,,,,,147.03695610555,169.610730681615,196.963909873781,229.990320834953,265.151886669259,308.408312754894,351.686203166205,400.693547384496,450.472092033616,500.092945752738,543.482168731398,579.717304018615,612.619743802001,643.711125238522,673.128143861112,700.072495814555,,,,Saudi Arabia,CO2
GEM-E3_V2021,EN_NPi2100,SAU,Emissions|CO2|Energy|Demand|Residential and Commercial,Mt CO2/yr,,,,,,,,,,,,61.5286402975297,,51.9865728545335,,,,,52.5990799534572,56.8748992861051,60.9771063755739,65.2515396253003,70.277071271203,75.0919520967329,80.9448458873306,85.6424732073852,90.2819981687628,94.8483735686525,98.4855444878326,102.137965605769,105.601108784608,108.999121493902,112.186999869909,115.193057690396,,,,Saudi Arabia,CO2
GEM-E3_V2021,EN_NPi2100,SAU,Emissions|CO2|Energy|Demand|Residential and Commercial|Commercial,Mt CO2/yr,,,,,,,,,,,,51.6351502130037,,42.6468038245366,,,,,42.0353529439189,45.1694266872739,48.0965419845214,51.251694071656,55.1018656790714,58.9573694161216,63.7513779966296,67.8843348990838,71.8942462249745,75.951303890948,79.2045800973213,82.5982808244275,85.8775559827751,89.1118562583413,92.1855990909955,95.1351990542365,,,,Saudi Arabia,CO2
GEM-E3_V2021,EN_NPi2100,SAU,Emissions|CO2|Energy|Demand|Residential and Commercial|Residential,Mt CO2/yr,,,,,,,,,,,,9.89349008452602,,9.33976902999691,,,,,10.5637270095382,11.7054725988311,12.8805643910524,13.9998455536442,15.1752055921315,16.1345826806112,17.1934678907009,17.7581383083014,18.3877519437883,18.8970696777045,19.2809643905112,19.5396847813414,19.7235528018337,19.8872652355611,20.0014007789141,20.05785863616,,,,Saudi Arabia,CO2
GEM-E3_V2021,EN_NPi2100,SAU,Emissions|CO2|Energy|Demand|Transportation,Mt CO2/yr,,,,,,,,,,,,110.088859561298,,106.574621162085,,,,,108.598524160058,117.571260401724,127.056575569368,135.007394839757,142.732469165146,150.236851287523,158.10180635127,162.878888620317,167.533536775935,172.419224757145,177.155371577996,181.531618841812,185.896575136569,190.443003781948,195.109262497958,199.893939138271,,,,Saudi Arabia,CO2
GEM-E3_V2021,EN_NPi2100,SAU,Emissions|CO2|Energy|Supply,Mt CO2/yr,,,,,,,,,,,,237.494158717987,,331.758850319855,,,,,365.742621329429,395.544719807663,403.147659694036,429.83166379405,406.510939821545,416.305752253932,398.779486539322,439.062704735292,464.097204414685,503.37142257095,530.426389053348,576.30490559436,623.814776414272,669.728734781645,697.568664702993,742.846219815139,,,,Saudi Arabia,CO2
GEM-E3_V2021,EN_NPi2100,SAU,Emissions|CO2|Energy|Supply|Electricity,Mt CO2/yr,,,,,,,,,,,,200.364608162489,,300.70521373994,,,,,337.434028042239,365.019144814426,369.488309715615,392.322050845655,364.485587276198,368.772712514015,346.086792166906,380.824462432217,399.978049030354,433.018739754245,453.531209710862,493.325891761288,534.648336782309,574.110601509161,595.278810112966,633.734912458987,,,,Saudi Arabia,CO2
GEM-E3_V2021,EN_NPi2100,SAU,Emissions|CO2|Energy|Supply|Gases,Mt CO2/yr,,,,,,,,,,,,9.25839534743692,,11.3089652015004,,,,,13.2855108014125,14.8276166472866,17.2247573935058,20.5482269495364,24.6785046175288,29.9533437057688,34.6385964104611,40.1215642066115,45.8570658060222,51.958453789365,58.441319587018,64.5779013883388,70.8155644523796,77.2901437213426,83.9546605434773,90.7417721448335,,,,Saudi Arabia,CO2
GEM-E3_V2021,EN_NPi2100,SAU,Emissions|CO2|Energy|Supply|Liquids,Mt CO2/yr,,,,,,,,,,,,27.8711432362841,,19.7446585065424,,,,,15.0230689187308,15.6979455938342,16.4345804358552,16.9613739155932,17.3468349645016,17.5796828284746,18.0540835072408,18.1166635873932,18.2620736945542,18.3942121022819,18.4538408898257,18.4010918975152,18.350852786507,18.3279655107576,18.3351677035009,18.3695067573534,,,,Saudi Arabia,CO2
GEM-E3_V2021,EN_NPi2100,SAU,Emissions|CO2|Energy|Supply|Solids,Mt CO2/yr,,,,,,,,,,,,1.19717770493575e-05,,1.28718721257647e-05,,,,,1.3567046807862e-05,1.27521160942061e-05,1.21490595399863e-05,1.20832652441386e-05,1.29633168497008e-05,1.32056735929837e-05,1.44547145453647e-05,1.45090701822802e-05,1.5883754440249e-05,1.6925058178332e-05,1.88656421803192e-05,2.05472177779745e-05,2.23930767820822e-05,2.40403836211174e-05,2.63430480370718e-05,2.84539647907249e-05,,,,Saudi Arabia,CO2
GEM-E3_V2021,EN_NPi2100,SAU,Emissions|CO2|Industrial Processes,Mt CO2/yr,,,,,,,,,,,,48.5316831142514,,64.316343856138,,,,,71.234463280499,78.4168835783938,85.4301519229277,91.7064260538914,97.0077929376663,101.550431464276,105.377337623395,109.006093276088,112.272676236436,115.393093372159,118.184435496001,120.267756306258,121.086982250785,122.566287681906,123.885907582753,124.959097196973,,,,Saudi Arabia,CO2
GEM-E3_V2021,EN_NPi2100_COV,SAU,Emissions|CO2|AFOLU,Mt CO2/yr,,,,,,,,,,,,3.75143948608308,,2.94711380117701,,,,,2.19289052449119,1.43866724780537,1.46059788669762,1.48252852558988,0.808486438529897,0.134385523858407,-0.642333458181543,-1.4188845760738,-1.46243049241789,-1.50597640876197,-1.35407268297238,-1.20216895718279,-1.16075804449583,-1.11934713180887,-0.0335332409746082,1.05228064985965,,,,Saudi Arabia,CO2
GEM-E3_V2021,EN_NPi2100_COV,SAU,Emissions|CO2|Energy and Industrial Processes,Mt CO2/yr,,,,,,,,,,,,574.963768355898,,601.301202383815,,,,,653.74002597423,716.134413512364,762.472055714596,828.093281686659,850.679892098684,907.37112926188,942.335927400083,1028.36470987999,1101.83733703176,1187.99266169424,1258.00183609266,1336.97111331801,1413.6542733019,1488.71868403189,1546.96429180697,1618.92828848809,,,,Saudi Arabia,CO2
GEM-E3_V2021,EN_NPi2100_COV,SAU,Emissions|CO2|Energy|Demand,Mt CO2/yr,,,,,,,,,,,,288.822113700735,,251.956326548856,,,,,267.130695467738,297.369805906283,331.670188230569,368.831526730191,408.004049465537,453.029435669629,500.420162719357,548.625320184003,597.608396608407,646.782940695847,690.687631760946,727.919764142651,762.543696940747,796.323748354518,829.271380636188,860.672543072844,,,,Saudi Arabia,CO2
GEM-E3_V2021,EN_NPi2100_COV,SAU,Emissions|CO2|Energy|Demand|AFOFI,Mt CO2/yr,,,,,,,,,,,,1.82258285077195e-05,,1.64678741885624e-05,,,,,1.85433617988315e-05,1.91385848516864e-05,2.069857811264e-05,2.36123932246972e-05,2.82783368249576e-05,3.4364967765304e-05,3.84438598201256e-05,4.22119470328784e-05,4.67877310812977e-05,5.21752775228964e-05,6.23388950909322e-05,6.9220135092362e-05,7.67280756041001e-05,8.55523278901119e-05,9.58131304566852e-05,0.0001074252823606,,,,Saudi Arabia,CO2
GEM-E3_V2021,EN_NPi2100_COV,SAU,Emissions|CO2|Energy|Demand|Industry,Mt CO2/yr,,,,,,,,,,,,117.204595616078,,112.333537800092,,,,,118.995303071234,137.38985631684,159.520181495131,185.72277055165,213.466493989161,247.465163574477,282.556928296511,322.275120988713,362.835985886045,403.409110068751,439.542429201746,469.410898891439,496.819085665461,523.240770483738,548.87479980886,572.996742425792,,,,Saudi Arabia,CO2
GEM-E3_V2021,EN_NPi2100_COV,SAU,Emissions|CO2|Energy|Demand|Residential and Commercial,Mt CO2/yr,,,,,,,,,,,,61.5286402975297,,48.5725625674939,,,,,49.059590742496,52.8235716549634,56.4140295112581,60.2298983671718,64.766803460226,69.1026335749283,74.3940316833515,78.6334106510327,82.8516149809048,87.0069283012746,90.3157742552016,93.6394769163635,96.7964123735673,99.8997322151102,102.815667549627,105.563057833858,,,,Saudi Arabia,CO2
GEM-E3_V2021,EN_NPi2100_COV,SAU,Emissions|CO2|Energy|Demand|Residential and Commercial|Commercial,Mt CO2/yr,,,,,,,,,,,,51.6351502130037,,40.2287130792517,,,,,39.5696371581632,42.3093062956863,44.85063475553,47.6706756271608,51.1676782433399,54.6546448739468,59.0080727873071,62.7394705893233,66.3914708165606,70.090818951996,73.066753766454,76.1695282925772,79.172613204239,82.1388659764392,84.960090328426,87.6637034579345,,,,Saudi Arabia,CO2
GEM-E3_V2021,EN_NPi2100_COV,SAU,Emissions|CO2|Energy|Demand|Residential and Commercial|Residential,Mt CO2/yr,,,,,,,,,,,,9.89349008452602,,8.34384948824228,,,,,9.4899535843328,10.5142653592771,11.5633947557281,12.5592227400109,13.5991252168861,14.4479887009814,15.3859588960444,15.8939400617093,16.4601441643441,16.9161093492786,17.2490204887476,17.4699486237863,17.6237991693282,17.760866238671,17.8555772212011,17.8993543759243,,,,Saudi Arabia,CO2
GEM-E3_V2021,EN_NPi2100_COV,SAU,Emissions|CO2|Energy|Demand|Transportation,Mt CO2/yr,,,,,,,,,,,,110.088859561298,,91.0502097133952,,,,,99.0757831106457,107.156358795893,115.735956525601,122.878834198976,129.770723737813,136.461604155256,143.469164295634,147.716746332309,151.920748953726,156.366850150543,160.829365965103,164.869319114712,168.928122173643,173.183160103342,177.58081746457,182.11263538791,,,,Saudi Arabia,CO2
GEM-E3_V2021,EN_NPi2100_COV,SAU,Emissions|CO2|Energy|Supply,Mt CO2/yr,,,,,,,,,,,,237.494158717987,,294.972433697313,,,,,326.127449645433,352.062861328143,357.917751801916,380.843743603604,359.516177366774,367.051488863231,351.094444642734,385.567636669519,407.003297743244,441.062081064913,464.469998993475,504.230770359413,545.420856411652,585.248313075676,609.21124781375,648.645984720645,,,,Saudi Arabia,CO2
GEM-E3_V2021,EN_NPi2100_COV,SAU,Emissions|CO2|Energy|Supply|Electricity,Mt CO2/yr,,,,,,,,,,,,200.364608162489,,268.347114148071,,,,,301.635058763333,325.690801138946,328.988408000418,348.85630070238,323.949533513438,327.157564173753,307.044928802158,337.107547249247,353.820468710235,382.856395133798,400.889763422259,435.79430495701,472.02239036831,506.623021393283,525.117565769572,558.897425772618,,,,Saudi Arabia,CO2
GEM-E3_V2021,EN_NPi2100_COV,SAU,Emissions|CO2|Energy|Supply|Gases,Mt CO2/yr,,,,,,,,,,,,9.25839534743692,,9.4425230318051,,,,,11.0081070400115,12.2487111781334,14.1025230584442,16.6502685763121,19.8483545380396,23.926278962437,27.6316533804338,31.9586502268958,36.5194717646835,41.394676141223,46.6842172407033,51.5794793284055,56.5820974465622,61.8261081324958,67.2850859705164,72.9072538390135,,,,Saudi Arabia,CO2
GEM-E3_V2021,EN_NPi2100_COV,SAU,Emissions|CO2|Energy|Supply|Liquids,Mt CO2/yr,,,,,,,,,,,,27.8711432362841,,17.1827856681881,,,,,13.4842720412142,14.1233378829286,14.8268101101557,15.3371637323952,15.7182779402676,15.9676341277514,16.4178497568218,16.5014264333709,16.6633432925552,16.8109948871176,16.8960017180802,16.8569679844237,16.8163488889873,16.7991623980317,16.8085729102811,16.841280115623,,,,Saudi Arabia,CO2
GEM-E3_V2021,EN_NPi2100_COV,SAU,Emissions|CO2|Energy|Supply|Solids,Mt CO2/yr,,,,,,,,,,,,1.19717770493575e-05,,1.08492487006774e-05,,,,,1.18008741371021e-05,1.11281341320095e-05,1.06328983485586e-05,1.05925171948783e-05,1.13750285579816e-05,1.15992897994537e-05,1.27033198347087e-05,1.27600057841429e-05,1.39757705818979e-05,1.49027744805198e-05,1.66124323228277e-05,1.80895740608651e-05,1.97077925570309e-05,2.11518651243339e-05,2.31633802939066e-05,2.49933901307342e-05,,,,Saudi Arabia,CO2
GEM-E3_V2021,EN_NPi2100_COV,SAU,Emissions|CO2|Industrial Processes,Mt CO2/yr,,,,,,,,,,,,48.5316831142514,,54.2695146255745,,,,,60.3685999868589,66.5838701052698,72.7629683385161,78.2938111579852,83.0292756193123,87.1549902408983,90.6824442634757,94.0334798405098,97.0881385503536,100.011012768629,102.704905265775,104.682274416833,105.552748868778,107.01109515182,108.347921186837,109.478163688096,,,,Saudi Arabia,CO2
