Model,Scenario,Region,Variable,Unit,1990,1995,2000,2005,2007,2008,2010,2011,2012,2013,2014,2015,2018,2020,2021,2022,2023,2024,2025,2030,2035,2040,2045,2050,2055,2060,2065,2070,2075,2080,2085,2090,2095,2100,2110,2130,2150,Country,Species
GCAM 5.3,NGFS2_Below 2¬∞C,TWN,Carbon Sequestration|CCS|Biomass,Mt CO2/yr,,,,,,,0.0,,,,,0.0,,0.0,,,,,0.003600711,0.064939591,0.822609441,2.180647821,3.394468958,5.366193701,6.577769367,7.469746291,8.66555811,9.20189577,10.10024348,11.64620113,12.58580737,13.32955563,13.96579375,15.35768703,,,,Taiwan,
GCAM 5.3,NGFS2_Below 2¬∞C,TWN,Carbon Sequestration|CCS|Biomass|Energy|Demand|Industry,Mt CO2/yr,,,,,,,0.0,,,,,0.0,,0.0,,,,,0.0,0.0,0.006699221,0.012705551,0.015231998,0.016580613,0.019203259,0.021432659,0.022454382,0.022496616,0.021637578,0.020056626,0.018431218,0.017200435,0.016308941,0.015884663,,,,Taiwan,
GCAM 5.3,NGFS2_Below 2¬∞C,TWN,Carbon Sequestration|CCS|Biomass|Energy|Supply,Mt CO2/yr,,,,,,,0.0,,,,,0.0,,0.0,,,,,0.003600711,0.064939591,0.815910221,2.16794227,3.379236959,5.349613088,6.558566108,7.448313632,8.643103728,9.179399154,10.0786059,11.62614451,12.56737615,13.3123552,13.94948481,15.34180237,,,,Taiwan,
GCAM 5.3,NGFS2_Below 2¬∞C,TWN,Carbon Sequestration|CCS|Biomass|Energy|Supply|Electricity,Mt CO2/yr,,,,,,,0.0,,,,,0.0,,0.0,,,,,0.003600711,0.064939591,0.648341779,1.759571963,2.662849904,4.314493231,4.879813245,5.276283518,5.213837572,4.862479352,5.014170837,5.790998706,5.93927344,6.208000531,6.708356843,7.47701528,,,,Taiwan,
GCAM 5.3,NGFS2_Below 2¬∞C,TWN,Carbon Sequestration|CCS|Biomass|Energy|Supply|Hydrogen,Mt CO2/yr,,,,,,,0.0,,,,,0.0,,0.0,,,,,0.0,0.0,0.010646058,0.019205562,0.022011589,0.025246982,0.113651277,0.269352624,0.422180038,0.442537374,0.451795708,0.469608376,0.505948713,0.54538005,0.585222053,0.729897733,,,,Taiwan,
GCAM 5.3,NGFS2_Below 2¬∞C,TWN,Carbon Sequestration|CCS|Biomass|Energy|Supply|Liquids,Mt CO2/yr,,,,,,,0.0,,,,,0.0,,0.0,,,,,0.0,0.0,0.156922384,0.389164745,0.694375466,1.009872875,1.565101586,1.902677489,3.007086118,3.874382429,4.612639356,5.365537426,6.122153997,6.558974617,6.655905911,7.134889358,,,,Taiwan,
GCAM 5.3,NGFS2_Below 2¬∞C,TWN,Emissions|CH4|AFOLU,Mt CO2e/yr,,,,,,,3.649340856,,,,,3.7773746080000006,,3.690961484,,,,,2.076764956,1.9661312720000002,1.9800666199999999,2.04819706,2.132998812,2.271652068,2.30924274,2.434556852,2.7826729,2.71669706,2.667070056,2.65593944,2.665192404,2.6906057079999997,2.728286344,2.856327404,,,,Taiwan,CH4
GCAM 5.3,NGFS2_Below 2¬∞C,TWN,Emissions|CH4|AFOLU|Agriculture,Mt CO2e/yr,,,,,,,3.63529642,,,,,3.763841396,,3.677419928,,,,,2.062949336,1.9522620320000001,1.966169744,2.0342840559999997,2.119063828,2.2576944599999997,2.295265,2.420561976,2.768663184,2.702689976,2.653065464,2.641936024,2.651189352,2.676602404,2.71428234,2.842320264,,,,Taiwan,CH4
GCAM 5.3,NGFS2_Below 2¬∞C,TWN,Emissions|CH4|Energy|Demand|Industry,Mt CO2e/yr,,,,,,,0.045140592,,,,,0.040102608,,0.041640088,,,,,0.038003392,0.037452464,0.035887487999999995,0.033054644,0.030370424,0.02734284,0.021692496,0.013548136,0.004212264,0.0027776,0.0019487999999999999,0.001442,0.0012124,0.0011200000000000001,0.0010304,0.0008232,,,,Taiwan,CH4
GCAM 5.3,NGFS2_Below 2¬∞C,TWN,Emissions|CH4|Energy|Demand|Residential and Commercial,Mt CO2e/yr,,,,,,,0.029030568,,,,,0.028405887999999997,,0.033572476,,,,,0.036045324000000004,0.039419380000000004,0.041570508,0.042305144,0.041239324,0.038524472000000004,0.035483532,0.032801916,0.031038532,0.030736776,0.030202536,0.029268148,0.028086156,0.026876276,0.025717076,0.024893904,,,,Taiwan,CH4
GCAM 5.3,NGFS2_Below 2¬∞C,TWN,Emissions|CH4|Energy|Demand|Transportation,Mt CO2e/yr,,,,,,,0.26040187600000003,,,,,0.270159316,,0.239498392,,,,,0.224698208,0.209093248,0.19501482,0.168319536,0.147852096,0.139100528,0.100364684,0.06706532000000001,0.041465424,0.025573184000000002,0.01643992,0.0163856,0.015198399999999999,0.014619164,0.014773024000000001,0.01282834,,,,Taiwan,CH4
GCAM 5.3,NGFS2_Below 2¬∞C,TWN,Emissions|CH4|Energy|Supply,Mt CO2e/yr,,,,,,,0.749092428,,,,,0.819887152,,3.2393660879999997,,,,,0.722045156,0.43524703600000003,0.23085986,0.12477598,0.06506626,0.029318043999999998,0.014720944000000001,0.009063992,0.007356720000000001,0.008350412,0.009233868000000001,0.011199972,0.012934964,0.014553,0.016037056,0.0174454,,,,Taiwan,CH4
GCAM 5.3,NGFS2_Below 2¬∞C,TWN,Emissions|CO2|AFOLU,Mt CO2/yr,,,,,,,1.906554784,,,,,0.071202154,,0.870127229,,,,,-0.678623719,-2.227374667,-3.776125614,-5.324876562,-6.87362751,-6.27961541,-5.685603311,-5.091591212,-4.497579113,-3.903567014,-3.309554914,-2.715542815,-2.121530716,-1.527518617,-0.933506518,-0.339494418,,,,Taiwan,CO2
GCAM 5.3,NGFS2_Below 2¬∞C,TWN,Emissions|CO2|Energy and Industrial Processes,Mt CO2/yr,,,,,,,290.7089106,,,,,279.0816588,,293.016886,,,,,279.9199261,258.5114218,216.8753775,172.914993,135.9725807,97.341456,65.32782172,41.90895525,24.67290679,20.66617923,17.66512795,15.31697723,12.87619188,10.85606055,9.306966588,6.194515571,,,,Taiwan,CO2
GCAM 5.3,NGFS2_Below 2¬∞C,TWN,Emissions|CO2|Energy|Demand,Mt CO2/yr,,,,,,,154.9189995,,,,,151.6012209,,150.7295385,,,,,141.7634624,133.1041705,114.6703216,91.46900824,76.92509917,68.85252827,55.81996238,40.9640081,27.73367539,24.89358025,23.38838192,23.20354563,22.55309125,21.93816945,21.42473687,20.14214226,,,,Taiwan,CO2
GCAM 5.3,NGFS2_Below 2¬∞C,TWN,Emissions|CO2|Energy|Demand|Industry,Mt CO2/yr,,,,,,,91.52070638,,,,,94.34800126,,95.53683464,,,,,87.95514217,79.67939735,62.11393104,42.13742458,31.20111863,25.61438552,19.58042451,11.37011788,3.728533285,2.654250578,2.126581232,1.920826395,1.911381766,1.905290055,1.805297609,1.622254317,,,,Taiwan,CO2
GCAM 5.3,NGFS2_Below 2¬∞C,TWN,Emissions|CO2|Energy|Demand|Residential and Commercial,Mt CO2/yr,,,,,,,8.851916038,,,,,8.765362714,,10.47280876,,,,,11.13803098,12.19751595,12.68576444,12.70390887,12.15610405,11.189946,10.19630179,9.330682068,8.739479446,8.609975652,8.424895972,8.144214842,7.807842389,7.472801386,7.153226535,6.882072705,,,,Taiwan,CO2
GCAM 5.3,NGFS2_Below 2¬∞C,TWN,Emissions|CO2|Energy|Demand|Residential and Commercial|Commercial,Mt CO2/yr,,,,,,,3.989706596,,,,,4.171046296,,4.608389688,,,,,4.59261886,4.642636473,4.561165602,4.334807986,3.903949854,3.267823903,2.791768993,2.418229403,2.188868383,2.15973468,2.121588436,2.058974086,1.977721243,1.894157482,1.814544896,1.740999805,,,,Taiwan,CO2
GCAM 5.3,NGFS2_Below 2¬∞C,TWN,Emissions|CO2|Energy|Demand|Residential and Commercial|Residential,Mt CO2/yr,,,,,,,4.862209442,,,,,4.594316418,,5.864419068,,,,,6.545412122,7.554879474,8.124598842,8.369100889,8.252154194,7.922122094,7.404532796,6.912452664,6.550611063,6.450240972,6.303307536,6.085240756,5.830121146,5.578643903,5.338681639,5.141072901,,,,Taiwan,CO2
GCAM 5.3,NGFS2_Below 2¬∞C,TWN,Emissions|CO2|Energy|Demand|Transportation,Mt CO2/yr,,,,,,,54.54637706,,,,,48.48785692,,44.71989512,,,,,42.67028926,41.22725722,39.87062613,36.62767478,33.56787648,32.04819676,26.04323608,20.26320816,15.26566266,13.62935402,12.83690472,13.13850439,12.8338671,12.56007801,12.46621273,11.63781524,,,,Taiwan,CO2
GCAM 5.3,NGFS2_Below 2¬∞C,TWN,Emissions|CO2|Energy|Demand|Transportation|Freight,Mt CO2/yr,,,,,,,14.56414139,,,,,14.66466847,,15.60027915,,,,,15.96727231,16.39270921,16.58111074,15.07148218,13.6291756,13.3629436,9.89071658,6.445665171,3.487840091,1.763741053,0.766965232,0.670331853,0.602044674,0.570866813,0.599882068,0.459736364,,,,Taiwan,CO2
GCAM 5.3,NGFS2_Below 2¬∞C,TWN,Emissions|CO2|Energy|Demand|Transportation|Passenger,Mt CO2/yr,,,,,,,21.78119401,,,,,22.69235977,,17.64658669,,,,,15.24721996,13.08218905,11.22896457,9.262143741,7.786091272,6.886665051,5.11550461,3.868442429,3.227629142,2.823232763,2.618886491,2.858696268,2.66840822,2.521984309,2.491582008,2.218787766,,,,Taiwan,CO2
GCAM 5.3,NGFS2_Below 2¬∞C,TWN,Emissions|CO2|Energy|Supply,Mt CO2/yr,,,,,,,129.3553142,,,,,120.9844538,,135.9931972,,,,,133.6454082,121.6608401,99.15780202,79.16897108,57.62077479,27.08437042,8.227492225,0.172483055,-2.815574614,-3.510311948,-4.541246127,-6.170868684,-7.350571903,-8.331208974,-9.159772699,-10.43526976,,,,Taiwan,CO2
GCAM 5.3,NGFS2_Below 2¬∞C,TWN,Emissions|CO2|Energy|Supply|Electricity,Mt CO2/yr,,,,,,,122.2559869,,,,,116.831813,,131.9354046,,,,,129.6345715,117.6448412,95.06524754,75.00910072,53.278953,22.50970033,4.29497045,-2.964309412,-4.259393241,-3.85896218,-3.895930564,-4.502162246,-4.647106828,-5.005628137,-5.625394099,-6.145386307,,,,Taiwan,CO2
GCAM 5.3,NGFS2_Below 2¬∞C,TWN,Emissions|CO2|Industrial Processes,Mt CO2/yr,,,,,,,6.434596885,,,,,6.495984115,,6.294150207,,,,,4.51105549,3.746411191,3.047253868,2.277013686,1.426706748,1.404557303,1.280367113,0.772464099,-0.245193985,-0.717089077,-1.182007843,-1.715699718,-2.326327467,-2.750899924,-2.957997588,-3.512356927,,,,Taiwan,CO2
GCAM 5.3,NGFS2_Below 2¬∞C,TWN,Emissions|N2O|AFOLU,Mt CO2e/yr,,,,,,,2.74608668607,,,,,2.81314205991,,2.7906472530300004,,,,,1.4944094509889998,1.26312151875,1.1414299770510001,1.082353882155,1.011847916079,0.9397382767500001,0.852459836865,0.7909810886249999,0.773073839538,0.77998106277,0.789069816717,0.797404776987,0.8045357785920001,0.810822160512,0.816445468839,0.8220111037319999,,,,Taiwan,N2O
GCAM 5.3,NGFS2_Below 2¬∞C,TWN,Emissions|N2O|AFOLU|Agriculture,Mt CO2e/yr,,,,,,,2.7232914978360006,,,,,2.79117661095,,2.76852164589,,,,,1.4719801518239999,1.240603759395,1.118864196723,1.059762378948,0.989224501356,0.917081149803,0.829771184424,0.7682649947699999,0.750333250212,0.757243669455,0.766334974041,0.774669852138,0.7817995629989999,0.7880838403620001,0.793704513693,0.799263437427,,,,Taiwan,N2O
GCAM 5.3,NGFS2_Current Policies,TWN,Carbon Sequestration|CCS|Biomass,Mt CO2/yr,,,,,,,0.0,,,,,0.0,,0.0,,,,,0.0,0.0,0.0,0.0,0.0,0.0,0.0,0.0,0.0,0.0,0.0,0.0,0.0,0.0,0.0,0.0,,,,Taiwan,
GCAM 5.3,NGFS2_Current Policies,TWN,Carbon Sequestration|CCS|Biomass|Energy|Demand|Industry,Mt CO2/yr,,,,,,,0.0,,,,,0.0,,0.0,,,,,0.0,0.0,0.0,0.0,0.0,0.0,0.0,0.0,0.0,0.0,0.0,0.0,0.0,0.0,0.0,0.0,,,,Taiwan,
GCAM 5.3,NGFS2_Current Policies,TWN,Carbon Sequestration|CCS|Biomass|Energy|Supply,Mt CO2/yr,,,,,,,0.0,,,,,0.0,,0.0,,,,,0.0,0.0,0.0,0.0,0.0,0.0,0.0,0.0,0.0,0.0,0.0,0.0,0.0,0.0,0.0,0.0,,,,Taiwan,
GCAM 5.3,NGFS2_Current Policies,TWN,Carbon Sequestration|CCS|Biomass|Energy|Supply|Electricity,Mt CO2/yr,,,,,,,0.0,,,,,0.0,,0.0,,,,,0.0,0.0,0.0,0.0,0.0,0.0,0.0,0.0,0.0,0.0,0.0,0.0,0.0,0.0,0.0,0.0,,,,Taiwan,
GCAM 5.3,NGFS2_Current Policies,TWN,Carbon Sequestration|CCS|Biomass|Energy|Supply|Hydrogen,Mt CO2/yr,,,,,,,0.0,,,,,0.0,,0.0,,,,,0.0,0.0,0.0,0.0,0.0,0.0,0.0,0.0,0.0,0.0,0.0,0.0,0.0,0.0,0.0,0.0,,,,Taiwan,
GCAM 5.3,NGFS2_Current Policies,TWN,Carbon Sequestration|CCS|Biomass|Energy|Supply|Liquids,Mt CO2/yr,,,,,,,0.0,,,,,0.0,,0.0,,,,,0.0,0.0,0.0,0.0,0.0,0.0,0.0,0.0,0.0,0.0,0.0,0.0,0.0,0.0,0.0,0.0,,,,Taiwan,
GCAM 5.3,NGFS2_Current Policies,TWN,Emissions|CH4|AFOLU,Mt CO2e/yr,,,,,,,3.649340856,,,,,3.7773746080000006,,3.6909630239999998,,,,,3.6985009600000005,3.8169932080000004,3.9286293199999998,4.03710538,4.17799004,4.3474249,4.358979016,4.36708328,4.374806576,4.376673056,4.382284816,4.387818736,4.385673572,4.385107580000001,4.38161654,4.373745852000001,,,,Taiwan,CH4
GCAM 5.3,NGFS2_Current Policies,TWN,Emissions|CH4|AFOLU|Agriculture,Mt CO2e/yr,,,,,,,3.63529642,,,,,3.763841396,,3.6774214680000004,,,,,3.684951256,3.803448292,3.9150822200000004,4.023561276,4.164450835999999,4.333890176,4.345443928,4.353546204000001,4.36126782,4.363129652,4.368737632,4.374269956,4.372120396000001,4.371550764,4.3680581,4.360181111999999,,,,Taiwan,CH4
GCAM 5.3,NGFS2_Current Policies,TWN,Emissions|CH4|Energy|Demand|Industry,Mt CO2e/yr,,,,,,,0.045140592,,,,,0.040102608,,0.041644176000000005,,,,,0.042782628,0.043217636000000004,0.043283800000000004,0.043585808,0.043922760000000005,0.044068779999999995,0.043273887999999996,0.042094416,0.041146364,0.040321596,0.03964702,0.039024608,0.038315144,0.037685144000000004,0.037120944,0.036614032,,,,Taiwan,CH4
GCAM 5.3,NGFS2_Current Policies,TWN,Emissions|CH4|Energy|Demand|Residential and Commercial,Mt CO2e/yr,,,,,,,0.029030568,,,,,0.028405887999999997,,0.033577796,,,,,0.037884812,0.043822771999999996,0.044063068,0.046275992,0.046637444,0.045846388,0.04355288,0.041284628000000004,0.03979108,0.038437952,0.037210376,0.036056972,0.035047348000000006,0.033958260000000004,0.032850187999999995,0.032662224,,,,Taiwan,CH4
GCAM 5.3,NGFS2_Current Policies,TWN,Emissions|CH4|Energy|Demand|Transportation,Mt CO2e/yr,,,,,,,0.26040187600000003,,,,,0.270159316,,0.239496292,,,,,0.22712208400000003,0.214796932,0.202381592,0.179613672,0.165950232,0.1827588,0.156018464,0.14433955199999998,0.175265132,0.153261808,0.145357856,0.18306666,0.1578178,0.148340584,0.18883214,0.15991962,,,,Taiwan,CH4
GCAM 5.3,NGFS2_Current Policies,TWN,Emissions|CH4|Energy|Supply,Mt CO2e/yr,,,,,,,0.749092428,,,,,0.819887152,,3.24046646,,,,,3.7474653159999995,3.158099056,3.748861228,3.8562223280000003,3.986293892,3.8541681640000003,3.7260042959999997,3.573429636,3.3432045080000004,3.8667612200000003,4.8995331,6.263677028,6.998738432000001,7.7714339919999995,8.470989548,8.516789624,,,,Taiwan,CH4
GCAM 5.3,NGFS2_Current Policies,TWN,Emissions|CO2|AFOLU,Mt CO2/yr,,,,,,,1.906554784,,,,,0.071202154,,0.869906498,,,,,0.54726913,0.224631762,0.294568259,0.096578723,-0.101410813,-0.299400348,-0.43754876,-0.422284659,-0.418513955,-0.426418563,-0.443868707,-0.448550236,-0.450427439,-0.46398101,-0.466247009,-0.47459719,,,,Taiwan,CO2
GCAM 5.3,NGFS2_Current Policies,TWN,Emissions|CO2|Energy and Industrial Processes,Mt CO2/yr,,,,,,,290.7089106,,,,,279.0814582,,293.060486,,,,,295.4419827,299.2232742,317.0894485,319.971994,319.7193142,320.210357,313.0102593,309.6057135,309.9501763,298.5050362,297.5214029,299.4824741,288.5369087,281.2044739,282.0220505,264.3078353,,,,Taiwan,CO2
GCAM 5.3,NGFS2_Current Policies,TWN,Emissions|CO2|Energy|Demand,Mt CO2/yr,,,,,,,154.9189995,,,,,151.6011288,,150.7461837,,,,,151.8421165,152.046692,135.464161,124.8097221,118.2560043,116.8808502,110.6028775,106.2984579,107.9874225,103.7556245,101.0930603,103.9908783,99.80429362,97.64576866,101.6622891,98.46284516,,,,Taiwan,CO2
GCAM 5.3,NGFS2_Current Policies,TWN,Emissions|CO2|Energy|Demand|Industry,Mt CO2/yr,,,,,,,91.52070638,,,,,94.34799035,,95.55226798,,,,,96.43760738,95.19128903,79.37335796,70.67544356,66.08251351,63.3894083,61.36575037,59.39587403,57.70240052,56.25650436,54.89509547,53.71069523,52.88869603,52.3455987,52.13582838,52.43729087,,,,Taiwan,CO2
GCAM 5.3,NGFS2_Current Policies,TWN,Emissions|CO2|Energy|Demand|Residential and Commercial,Mt CO2/yr,,,,,,,8.851916038,,,,,8.765353668,,10.47496563,,,,,11.91825908,13.78340053,13.58776438,14.08707485,14.0133223,13.60418154,12.84144062,12.16311748,11.72259026,11.34864769,10.96659149,10.55881238,10.17063634,9.779259574,9.379261374,9.292078182,,,,Taiwan,CO2
GCAM 5.3,NGFS2_Current Policies,TWN,Emissions|CO2|Energy|Demand|Residential and Commercial|Commercial,Mt CO2/yr,,,,,,,3.989706596,,,,,4.171041975,,4.609969513,,,,,5.084150731,5.627917997,5.062212851,5.152428214,5.043787105,4.821908189,4.506882239,4.238654298,4.041342303,3.875509893,3.722356049,3.568364289,3.423086802,3.283091404,3.144752271,3.165668688,,,,Taiwan,CO2
GCAM 5.3,NGFS2_Current Policies,TWN,Emissions|CO2|Energy|Demand|Residential and Commercial|Residential,Mt CO2/yr,,,,,,,4.862209442,,,,,4.594311693,,5.864996121,,,,,6.834108352,8.15548253,8.525551526,8.934646634,8.969535199,8.782273352,8.334558379,7.924463181,7.681247962,7.473137801,7.244235443,6.990448095,6.747549533,6.49616817,6.234509104,6.126409495,,,,Taiwan,CO2
GCAM 5.3,NGFS2_Current Policies,TWN,Emissions|CO2|Energy|Demand|Transportation,Mt CO2/yr,,,,,,,54.54637706,,,,,48.48778474,,44.71895005,,,,,43.48625006,43.07200248,42.50303869,40.04720371,38.16016844,39.88726034,36.39568654,34.73946643,38.56243167,36.15047247,35.23137337,39.72137068,36.74496125,35.52091038,40.14719936,36.7334761,,,,Taiwan,CO2
GCAM 5.3,NGFS2_Current Policies,TWN,Emissions|CO2|Energy|Demand|Transportation|Freight,Mt CO2/yr,,,,,,,14.56414139,,,,,14.66464664,,15.60002708,,,,,16.22757541,16.98140469,17.41595909,16.30585628,15.5020251,18.23523496,15.26487158,14.03410834,17.82993097,15.40885587,14.5016923,18.81778665,15.98912498,14.88286083,19.45843788,16.24664309,,,,Taiwan,CO2
GCAM 5.3,NGFS2_Current Policies,TWN,Emissions|CO2|Energy|Demand|Transportation|Passenger,Mt CO2/yr,,,,,,,21.78119401,,,,,22.69232599,,17.64639702,,,,,15.40798239,13.41923568,11.73935467,9.938305119,8.691007373,7.703416818,7.237595305,6.858550226,6.712694865,6.512370212,6.354860267,6.439057589,6.234677899,6.094195376,6.165630848,5.982979201,,,,Taiwan,CO2
GCAM 5.3,NGFS2_Current Policies,TWN,Emissions|CO2|Energy|Supply,Mt CO2/yr,,,,,,,129.3553142,,,,,120.9844432,,136.0199776,,,,,137.2545168,141.0052428,175.3179576,189.1920365,196.2086169,198.7512047,198.184164,199.3178165,198.1754588,190.9697951,192.8904595,192.3056048,185.800327,180.8481713,177.8638617,163.4782717,,,,Taiwan,CO2
GCAM 5.3,NGFS2_Current Policies,TWN,Emissions|CO2|Energy|Supply|Electricity,Mt CO2/yr,,,,,,,122.2559869,,,,,116.8318023,,131.9620361,,,,,133.180069,136.6419738,170.7991357,183.8210987,189.3132828,189.7866266,187.7438813,187.7526994,184.920396,176.9773578,177.7106965,174.8009179,166.7985499,160.3534715,154.9511829,139.7772053,,,,Taiwan,CO2
GCAM 5.3,NGFS2_Current Policies,TWN,Emissions|CO2|Industrial Processes,Mt CO2/yr,,,,,,,6.434596885,,,,,6.495886245,,6.294324785,,,,,6.345349418,6.171339375,6.30732985,5.970235305,5.254693019,4.578302093,4.22321772,3.989439102,3.787295067,3.779616591,3.537883065,3.18599099,2.93228814,2.710533889,2.495899702,2.366718434,,,,Taiwan,CO2
GCAM 5.3,NGFS2_Current Policies,TWN,Emissions|N2O|AFOLU,Mt CO2e/yr,,,,,,,2.74608668607,,,,,2.81314205991,,2.79065239635,,,,,2.7822302726399997,2.8178355933,2.8192972653300004,2.83316441226,2.89990838865,2.9684513476800003,2.99220606048,3.00756464736,3.02624344659,3.0313395840000004,3.0406164980100003,3.05455964541,3.05602981047,3.0594924114299995,3.06365029425,3.05581846206,,,,Taiwan,N2O
GCAM 5.3,NGFS2_Current Policies,TWN,Emissions|N2O|AFOLU|Agriculture,Mt CO2e/yr,,,,,,,2.7232914978360006,,,,,2.79117661095,,2.76852672369,,,,,2.7598452035700003,2.79486630969,2.7965473317600003,2.81012425239,2.8765366566300004,2.94472306128,2.9681920440900003,2.9829780544199997,3.00109788888,3.0056860278900004,3.01451012772,3.0277651076399996,3.0286450903799995,3.03131161242,3.03417758553,3.02568701526,,,,Taiwan,N2O
GCAM 5.3,NGFS2_Delayed Transition,TWN,Carbon Sequestration|CCS|Biomass,Mt CO2/yr,,,,,,,0.0,,,,,0.0,,0.0,,,,,0.0,0.0,2.86418477,6.119010046,4.534346508,2.298199964,6.326092002,7.091354996,8.492860052,10.80489327,15.7395111,20.34407485,23.78547386,26.79915811,29.62802582,32.84756547,,,,Taiwan,
GCAM 5.3,NGFS2_Delayed Transition,TWN,Carbon Sequestration|CCS|Biomass|Energy|Demand|Industry,Mt CO2/yr,,,,,,,0.0,,,,,0.0,,0.0,,,,,0.0,0.0,0.020045595,0.028465766,0.029692831,0.028357332,0.027053787,0.025214697,0.022763336,0.020825932,0.017956656,0.013734617,0.009656917,0.006717279,0.004787626,0.003512506,,,,Taiwan,
GCAM 5.3,NGFS2_Delayed Transition,TWN,Carbon Sequestration|CCS|Biomass|Energy|Supply,Mt CO2/yr,,,,,,,0.0,,,,,0.0,,0.0,,,,,0.0,0.0,2.844139175,6.09054428,4.504653677,2.269842632,6.299038215,7.066140299,8.470096716,10.78406733,15.72155444,20.33034024,23.77581695,26.79244083,29.62323819,32.84405297,,,,Taiwan,
GCAM 5.3,NGFS2_Delayed Transition,TWN,Carbon Sequestration|CCS|Biomass|Energy|Supply|Electricity,Mt CO2/yr,,,,,,,0.0,,,,,0.0,,0.0,,,,,0.0,0.0,2.737966249,5.772609858,4.354362129,2.24137729,5.235998276,4.72690833,3.684674588,2.985495531,3.235460595,2.467239134,1.112691677,1.252195007,2.710875763,5.066277274,,,,Taiwan,
GCAM 5.3,NGFS2_Delayed Transition,TWN,Carbon Sequestration|CCS|Biomass|Energy|Supply|Hydrogen,Mt CO2/yr,,,,,,,0.0,,,,,0.0,,0.0,,,,,0.0,0.0,0.019444262,0.020135428,0.009696831,0.010040874,0.183239117,0.684079062,0.885272747,0.973511089,0.939029752,0.916417417,0.91355375,0.788480072,0.658199727,0.630285391,,,,Taiwan,
GCAM 5.3,NGFS2_Delayed Transition,TWN,Carbon Sequestration|CCS|Biomass|Energy|Supply|Liquids,Mt CO2/yr,,,,,,,0.0,,,,,0.0,,0.0,,,,,0.0,0.0,0.086728665,0.297798994,0.140594717,0.018424468,0.879800822,1.655152907,3.90014938,6.825060715,11.54706409,16.94668368,21.74957152,24.75176576,26.2541627,27.1474903,,,,Taiwan,
GCAM 5.3,NGFS2_Delayed Transition,TWN,Emissions|CH4|AFOLU,Mt CO2e/yr,,,,,,,3.649340856,,,,,3.7773746080000006,,3.6909630239999998,,,,,3.6985009600000005,3.8169932080000004,2.568199144,2.532660284,2.387859572,2.242759848,2.193309132,2.10056406,2.042387368,2.01118526,1.992503744,1.979844104,1.9699520959999999,1.9622404479999997,1.956346168,1.9519071319999999,,,,Taiwan,CH4
GCAM 5.3,NGFS2_Delayed Transition,TWN,Emissions|CH4|AFOLU|Agriculture,Mt CO2e/yr,,,,,,,3.63529642,,,,,3.763841396,,3.6774214680000004,,,,,3.684951256,3.803448292,2.554475672,2.5189093160000002,2.374053976,2.228879912,2.179410996,2.086628684,2.028424524,1.997205308,1.978511864,1.96584332,1.9559444240000001,1.9482272039999997,1.942328276,1.9378853200000001,,,,Taiwan,CH4
GCAM 5.3,NGFS2_Delayed Transition,TWN,Emissions|CH4|Energy|Demand|Industry,Mt CO2e/yr,,,,,,,0.045140592,,,,,0.040102608,,0.041644176000000005,,,,,0.042782628,0.043217636000000004,0.036435308,0.031836475999999996,0.026244456,0.01590022,0.009400579999999999,0.0020496,0.0006888,0.0004032,0.00025284,0.00016156,0.00010583999999999999,7.224e-05,5.2919999999999995e-05,4.172e-05,,,,Taiwan,CH4
GCAM 5.3,NGFS2_Delayed Transition,TWN,Emissions|CH4|Energy|Demand|Residential and Commercial,Mt CO2e/yr,,,,,,,0.029030568,,,,,0.028405887999999997,,0.033577796,,,,,0.037884812,0.043822771999999996,0.040900272,0.041337576,0.038456376,0.036033228,0.034264944,0.031737384,0.029730428,0.027868036000000002,0.026029528,0.02422854,0.02249786,0.020814836,0.01920072,0.017868088,,,,Taiwan,CH4
GCAM 5.3,NGFS2_Delayed Transition,TWN,Emissions|CH4|Energy|Demand|Transportation,Mt CO2e/yr,,,,,,,0.26040187600000003,,,,,0.270159316,,0.239496292,,,,,0.22712208400000003,0.214796932,0.193660376,0.163995832,0.130339272,0.08447070799999999,0.04952864,0.025573268,0.011462668,0.004805864,0.0023632,0.0012711999999999999,0.0006832,0.00035,0.00023044000000000002,0.00012936,,,,Taiwan,CH4
GCAM 5.3,NGFS2_Delayed Transition,TWN,Emissions|CH4|Energy|Supply,Mt CO2e/yr,,,,,,,0.749092428,,,,,0.819887152,,3.24046646,,,,,3.7474653159999995,3.158099056,1.6721921160000002,1.5703749040000001,1.4492037839999998,1.240037708,1.220722916,0.970120564,0.727508656,0.5548591439999999,0.431316368,0.348140436,0.283028312,0.22378034000000002,0.19087096,0.207748352,,,,Taiwan,CH4
GCAM 5.3,NGFS2_Delayed Transition,TWN,Emissions|CO2|AFOLU,Mt CO2/yr,,,,,,,1.906554784,,,,,0.071202154,,0.869906498,,,,,0.54726913,0.224631762,-0.098005606,-0.420642974,-0.743280341,-1.065917709,-1.388555077,-1.711192445,-2.033829813,-2.356467181,-2.679104549,-3.001741917,-3.324379285,-2.559454444,-1.794529602,-1.029604761,,,,Taiwan,CO2
GCAM 5.3,NGFS2_Delayed Transition,TWN,Emissions|CO2|Energy and Industrial Processes,Mt CO2/yr,,,,,,,290.7089106,,,,,279.0816588,,293.060486,,,,,295.4419827,299.2232742,218.7190587,156.882112,96.47186721,50.46907294,31.42714451,18.64114952,10.13196327,2.793722914,-7.557360569,-18.10615226,-27.00705701,-33.849998,-39.18380042,-44.1257662,,,,Taiwan,CO2
GCAM 5.3,NGFS2_Delayed Transition,TWN,Emissions|CO2|Energy|Demand,Mt CO2/yr,,,,,,,154.9189995,,,,,151.6012209,,150.7461837,,,,,151.8421165,152.046692,123.9803792,96.27281751,74.01833914,45.50754252,32.37595016,21.86842214,16.715479,13.83979141,11.71389337,9.952146297,8.517094968,7.443324895,6.652596342,6.03319548,,,,Taiwan,CO2
GCAM 5.3,NGFS2_Delayed Transition,TWN,Emissions|CO2|Energy|Demand|Industry,Mt CO2/yr,,,,,,,91.52070638,,,,,94.34800126,,95.55226798,,,,,96.43760738,95.19128903,72.03235535,48.56676893,32.89217673,13.54761183,6.834997738,2.311771729,1.23117073,0.899541659,0.681868394,0.514092655,0.395095287,0.318049921,0.269605492,0.238211365,,,,Taiwan,CO2
GCAM 5.3,NGFS2_Delayed Transition,TWN,Emissions|CO2|Energy|Demand|Residential and Commercial,Mt CO2/yr,,,,,,,8.851916038,,,,,8.765362714,,10.47496563,,,,,11.91825908,13.78340053,12.62118646,12.34648275,11.15341619,10.16956412,9.514743507,8.750421249,8.090223096,7.441489441,6.686393794,5.902023866,5.182425741,4.602639308,4.144059105,3.783032061,,,,Taiwan,CO2
GCAM 5.3,NGFS2_Delayed Transition,TWN,Emissions|CO2|Energy|Demand|Residential and Commercial|Commercial,Mt CO2/yr,,,,,,,3.989706596,,,,,4.171046296,,4.609969513,,,,,5.084150731,5.627917997,4.520948576,4.099588411,3.223522006,2.566575851,2.375977252,2.154577466,1.98762851,1.828444401,1.643246182,1.451188429,1.275121009,1.133951948,1.0240514,0.935559428,,,,Taiwan,CO2
GCAM 5.3,NGFS2_Delayed Transition,TWN,Emissions|CO2|Energy|Demand|Residential and Commercial|Residential,Mt CO2/yr,,,,,,,4.862209442,,,,,4.594316418,,5.864996121,,,,,6.834108352,8.15548253,8.100237888,8.246894334,7.929894186,7.602988268,7.138766255,6.595843783,6.102594586,5.61304504,5.043147612,4.450835437,3.907304732,3.468687361,3.120007705,2.847472633,,,,Taiwan,CO2
GCAM 5.3,NGFS2_Delayed Transition,TWN,Emissions|CO2|Energy|Demand|Transportation,Mt CO2/yr,,,,,,,54.54637706,,,,,48.48785692,,44.71895005,,,,,43.48625006,43.07200248,39.32683734,35.35956584,29.97274621,21.79036657,16.02620891,10.80622916,7.394085174,5.498760308,4.345631185,3.536029776,2.939573941,2.522635666,2.238931745,2.011952053,,,,Taiwan,CO2
GCAM 5.3,NGFS2_Delayed Transition,TWN,Emissions|CO2|Energy|Demand|Transportation|Freight,Mt CO2/yr,,,,,,,14.56414139,,,,,14.66466847,,15.60002708,,,,,16.22757541,16.98140469,16.40698922,14.56698155,12.08697377,7.934504079,4.346757012,1.928276789,0.584796495,0.095718026,0.018212309,0.003296961,0.002122707,0.001581157,0.001228674,0.000982766,,,,Taiwan,CO2
GCAM 5.3,NGFS2_Delayed Transition,TWN,Emissions|CO2|Energy|Demand|Transportation|Passenger,Mt CO2/yr,,,,,,,21.78119401,,,,,22.69235977,,17.64639702,,,,,15.40798239,13.41923568,11.12208971,8.978264966,6.792870218,4.644250776,3.267130203,2.114709447,1.301962595,0.744018945,0.384499598,0.204569616,0.115299754,0.069613931,0.050721714,0.036013922,,,,Taiwan,CO2
GCAM 5.3,NGFS2_Delayed Transition,TWN,Emissions|CO2|Energy|Supply,Mt CO2/yr,,,,,,,129.3553142,,,,,120.9844538,,136.0199776,,,,,137.2545168,141.0052428,91.84487167,58.82948945,21.40534154,4.273960548,-0.341632384,-1.760213991,-3.756331936,-6.641193055,-12.01809777,-17.1574215,-21.09728734,-24.44516252,-27.54835933,-30.80571863,,,,Taiwan,CO2
GCAM 5.3,NGFS2_Delayed Transition,TWN,Emissions|CO2|Energy|Supply|Electricity,Mt CO2/yr,,,,,,,122.2559869,,,,,116.831813,,131.9620361,,,,,133.180069,136.6419738,87.83113429,54.79641681,16.94922734,-0.373612169,-3.903781536,-3.773524698,-3.094192751,-2.63301704,-2.880732419,-2.16958267,-0.89557783,-1.082886129,-2.622340534,-4.839180611,,,,Taiwan,CO2
GCAM 5.3,NGFS2_Delayed Transition,TWN,Emissions|CO2|Industrial Processes,Mt CO2/yr,,,,,,,6.434596885,,,,,6.495984115,,6.294324785,,,,,6.345349418,6.171339375,2.893807832,1.779804989,1.048186533,0.687569877,-0.60717327,-1.46705863,-2.827183793,-4.40487544,-7.253156172,-10.90087706,-14.42686464,-16.84816038,-18.28803743,-19.35324305,,,,Taiwan,CO2
GCAM 5.3,NGFS2_Delayed Transition,TWN,Emissions|N2O|AFOLU,Mt CO2e/yr,,,,,,,2.74608668607,,,,,2.81314205991,,2.79065239635,,,,,2.7822302726399997,2.8178355933,1.903260234603,1.8067373775359998,1.607120205054,1.3025767509300001,1.226927887458,1.054002715584,0.923124428499,0.841402542708,0.7845062346030001,0.7420533900779999,0.708917621412,0.682303487502,0.6600631504740001,0.641206379814,,,,Taiwan,N2O
GCAM 5.3,NGFS2_Delayed Transition,TWN,Emissions|N2O|AFOLU|Agriculture,Mt CO2e/yr,,,,,,,2.7232914978360006,,,,,2.79117661095,,2.76852672369,,,,,2.7598452035700003,2.79486630969,1.880792584671,1.784291152644,1.584687326313,1.280040577179,1.204357284585,1.031374184022,0.900450093816,0.818695340463,0.761770431513,0.719295029544,0.6861420329400001,0.659514261042,0.637262535,0.6183952494720001,,,,Taiwan,N2O
GCAM 5.3,NGFS2_Divergent Net Zero Policies,TWN,Carbon Sequestration|CCS|Biomass,Mt CO2/yr,,,,,,,0.0,,,,,0.0,,0.0,,,,,0.189022257,1.458194746,5.773776767,7.677250063,5.244601332,2.572933174,3.831019781,6.077575002,8.279984022,10.21563036,12.10081732,12.62945187,13.89551821,15.16290971,16.66969142,18.96568224,,,,Taiwan,
GCAM 5.3,NGFS2_Divergent Net Zero Policies,TWN,Carbon Sequestration|CCS|Biomass|Energy|Demand|Industry,Mt CO2/yr,,,,,,,0.0,,,,,0.0,,0.0,,,,,0.0,0.0,0.016511368,0.022727102,0.024914753,0.02482654,0.022027172,0.019294731,0.018274056,0.018393462,0.018496889,0.017773505,0.016757565,0.015589205,0.014635735,0.014146912,,,,Taiwan,
GCAM 5.3,NGFS2_Divergent Net Zero Policies,TWN,Carbon Sequestration|CCS|Biomass|Energy|Supply,Mt CO2/yr,,,,,,,0.0,,,,,0.0,,0.0,,,,,0.189022257,1.458194746,5.757265399,7.654522961,5.219686579,2.548106634,3.808992609,6.058280271,8.261709966,10.1972369,12.08232043,12.61167837,13.87876064,15.14732051,16.65505568,18.95153533,,,,Taiwan,
GCAM 5.3,NGFS2_Divergent Net Zero Policies,TWN,Carbon Sequestration|CCS|Biomass|Energy|Supply|Electricity,Mt CO2/yr,,,,,,,0.0,,,,,0.0,,0.0,,,,,0.189022257,1.458194746,5.735944068,7.576852315,5.043731312,1.889747207,2.079387627,3.231580033,4.284149933,5.567131185,6.626772329,5.556145605,5.470525264,5.865239437,7.212906612,9.245168274,,,,Taiwan,
GCAM 5.3,NGFS2_Divergent Net Zero Policies,TWN,Carbon Sequestration|CCS|Biomass|Energy|Supply|Hydrogen,Mt CO2/yr,,,,,,,0.0,,,,,0.0,,0.0,,,,,0.0,0.0,0.018576325,0.017660392,0.015621688,0.028005746,0.100050142,0.281967792,0.428120039,0.551283383,0.606052388,0.680313395,0.715729732,0.730150733,0.760631736,0.889749748,,,,Taiwan,
GCAM 5.3,NGFS2_Divergent Net Zero Policies,TWN,Carbon Sequestration|CCS|Biomass|Energy|Supply|Liquids,Mt CO2/yr,,,,,,,0.0,,,,,0.0,,0.0,,,,,0.0,0.0,0.002745006,0.060010254,0.160333579,0.630353681,1.62955484,2.544732445,3.549439994,4.078822331,4.849495712,6.375219365,7.692505649,8.551930338,8.681517335,8.816617307,,,,Taiwan,
GCAM 5.3,NGFS2_Divergent Net Zero Policies,TWN,Emissions|CH4|AFOLU,Mt CO2e/yr,,,,,,,3.649340856,,,,,3.7773746080000006,,3.6909630239999998,,,,,1.651825336,1.721903904,1.7494117759999999,1.8049667999999999,1.822171456,1.7956894199999998,1.8098821440000001,1.8076095799999998,1.7850322000000003,1.780592828,1.7790551799999998,1.734533276,1.7431113,1.759786168,1.7805980639999999,1.7838987039999998,,,,Taiwan,CH4
GCAM 5.3,NGFS2_Divergent Net Zero Policies,TWN,Emissions|CH4|AFOLU|Agriculture,Mt CO2e/yr,,,,,,,3.63529642,,,,,3.763841396,,3.6774214680000004,,,,,1.63791698,1.7079762,1.735460804,1.791003284,1.808180136,1.781668952,1.7958615640000002,1.793588748,1.7710087360000002,1.76656858,1.765030456,1.720504464,1.729082908,1.745758812,1.766572108,1.769872692,,,,Taiwan,CH4
GCAM 5.3,NGFS2_Divergent Net Zero Policies,TWN,Emissions|CH4|Energy|Demand|Industry,Mt CO2e/yr,,,,,,,0.045140592,,,,,0.040102608,,0.041644176000000005,,,,,0.035586012,0.035753676,0.03170482,0.025232144,0.019632088000000002,0.0067473559999999995,0.004563775999999999,0.0023436,0.0008288,0.000392,0.00024668,0.00011368000000000001,0.00011255999999999999,0.00011396,0.00012628,0.00012348,,,,Taiwan,CH4
GCAM 5.3,NGFS2_Divergent Net Zero Policies,TWN,Emissions|CH4|Energy|Demand|Residential and Commercial,Mt CO2e/yr,,,,,,,0.029030568,,,,,0.028405887999999997,,0.033577796,,,,,0.02586948,0.030279480000000004,0.032501896,0.033897079999999996,0.032804548,0.0260932,0.025086208,0.024197376,0.023248092,0.023048144,0.022846963999999997,0.020806044,0.020721820000000002,0.020721932,0.020737052000000002,0.020284404,,,,Taiwan,CH4
GCAM 5.3,NGFS2_Divergent Net Zero Policies,TWN,Emissions|CH4|Energy|Demand|Transportation,Mt CO2e/yr,,,,,,,0.26040187600000003,,,,,0.270159316,,0.239496292,,,,,0.184877196,0.16034015199999999,0.132625388,0.076774152,0.04679346,0.025217724,0.009435859999999999,0.0017948,0.0007476,0.0004172,0.00030520000000000005,0.00026376,0.00018368,0.00013104,0.0002142,0.00019292000000000002,,,,Taiwan,CH4
GCAM 5.3,NGFS2_Divergent Net Zero Policies,TWN,Emissions|CH4|Energy|Supply,Mt CO2e/yr,,,,,,,0.749092428,,,,,0.819887152,,3.24046646,,,,,0.434810292,0.268075752,0.11864916,0.048426140000000006,0.008673588000000001,0.002951088,0.003765104,0.004700108,0.00579362,0.00692132,0.008186836000000001,0.008314712,0.009181367999999999,0.010527104,0.011981087999999999,0.013373864000000001,,,,Taiwan,CH4
GCAM 5.3,NGFS2_Divergent Net Zero Policies,TWN,Emissions|CO2|AFOLU,Mt CO2/yr,,,,,,,1.906554784,,,,,0.071202154,,0.869906498,,,,,-0.284306584,-1.438519666,-2.592732749,-3.746945831,-4.901158913,-6.055371996,-5.473394636,-4.891417276,-4.309439916,-3.727462556,-3.145485196,-2.563507836,-1.981530476,-1.399553116,-0.817575756,-0.235598396,,,,Taiwan,CO2
GCAM 5.3,NGFS2_Divergent Net Zero Policies,TWN,Emissions|CO2|Energy and Industrial Processes,Mt CO2/yr,,,,,,,290.7089106,,,,,279.0816588,,293.060486,,,,,227.7689651,195.9546566,146.7465436,96.65956727,49.87324035,24.20022113,17.79925672,11.92087191,7.113227909,4.389531461,1.683382853,-1.90427991,-4.788681606,-6.917714335,-8.376059242,-10.66557905,,,,Taiwan,CO2
GCAM 5.3,NGFS2_Divergent Net Zero Policies,TWN,Emissions|CO2|Energy|Demand,Mt CO2/yr,,,,,,,154.9189995,,,,,151.6012209,,150.7461837,,,,,123.7758855,116.4453781,93.69062607,62.63027379,42.8242938,20.90524916,16.35730375,13.38737885,11.553571,11.04857195,10.79405409,9.551275846,9.466708021,9.576410413,9.796516633,9.688122462,,,,Taiwan,CO2
GCAM 5.3,NGFS2_Divergent Net Zero Policies,TWN,Emissions|CO2|Energy|Demand|Industry,Mt CO2/yr,,,,,,,91.52070638,,,,,94.34800126,,95.55226798,,,,,82.56238052,76.93558273,57.46452925,33.87243948,20.33556428,5.96285983,4.13309746,2.645285013,1.519389112,1.145636152,1.00240934,0.860220929,0.845344889,0.907132773,0.942670953,0.968695943,,,,Taiwan,CO2
GCAM 5.3,NGFS2_Divergent Net Zero Policies,TWN,Emissions|CO2|Energy|Demand|Residential and Commercial,Mt CO2/yr,,,,,,,8.851916038,,,,,8.765362714,,10.47496563,,,,,7.489698416,8.720964475,9.327487272,9.701923358,9.320027495,7.374436727,7.0358507,6.736585717,6.419642655,6.341564838,6.243361864,5.598432855,5.500221179,5.450659576,5.446255135,5.314920151,,,,Taiwan,CO2
GCAM 5.3,NGFS2_Divergent Net Zero Policies,TWN,Emissions|CO2|Energy|Demand|Residential and Commercial|Commercial,Mt CO2/yr,,,,,,,3.989706596,,,,,4.171046296,,4.609969513,,,,,2.224290508,2.383487785,2.413811396,2.44308237,2.302882674,1.825662536,1.744015818,1.671206112,1.592212066,1.57053438,1.544780984,1.386845707,1.362482397,1.350870877,1.352392047,1.320339512,,,,Taiwan,CO2
GCAM 5.3,NGFS2_Divergent Net Zero Policies,TWN,Emissions|CO2|Energy|Demand|Residential and Commercial|Residential,Mt CO2/yr,,,,,,,4.862209442,,,,,4.594316418,,5.864996121,,,,,5.265407908,6.337476689,6.913675876,7.258840989,7.017144821,5.548774191,5.291834882,5.065379605,4.827430589,4.771030458,4.69858088,4.211587148,4.137738783,4.099788699,4.093863088,3.99458064,,,,Taiwan,CO2
GCAM 5.3,NGFS2_Divergent Net Zero Policies,TWN,Emissions|CO2|Energy|Demand|Transportation,Mt CO2/yr,,,,,,,54.54637706,,,,,48.48785692,,44.71895005,,,,,33.72380658,30.7888309,26.89860955,19.05591095,13.16870203,7.567952606,5.188355594,4.005508123,3.614539229,3.561370964,3.548282889,3.092622062,3.121141953,3.218618063,3.407590545,3.404506368,,,,Taiwan,CO2
GCAM 5.3,NGFS2_Divergent Net Zero Policies,TWN,Emissions|CO2|Energy|Demand|Transportation|Freight,Mt CO2/yr,,,,,,,14.56414139,,,,,14.66466847,,15.60002708,,,,,13.1683685,13.0090794,11.99385595,6.915261044,4.132956406,2.15934186,0.699067361,0.031312573,0.002941714,0.002721452,0.002654369,0.001864926,0.00193679,0.00210764,0.002407171,0.002409033,,,,Taiwan,CO2
GCAM 5.3,NGFS2_Divergent Net Zero Policies,TWN,Emissions|CO2|Energy|Demand|Transportation|Passenger,Mt CO2/yr,,,,,,,21.78119401,,,,,22.69235977,,17.64639702,,,,,12.1363379,9.356288145,6.96017666,4.498015327,2.88728025,1.604764108,0.764935434,0.309508584,0.154241458,0.108828928,0.09428962,0.075058546,0.066465553,0.063670406,0.079523072,0.077034321,,,,Taiwan,CO2
GCAM 5.3,NGFS2_Divergent Net Zero Policies,TWN,Emissions|CO2|Energy|Supply,Mt CO2/yr,,,,,,,129.3553142,,,,,120.9844538,,136.0199776,,,,,100.5848714,76.39659375,50.06722518,31.49349804,5.029227127,2.054286214,0.857154459,-1.369072479,-3.546024667,-5.397841095,-7.276680237,-8.337183146,-10.08478814,-11.5957778,-13.1131916,-15.0875552,,,,Taiwan,CO2
GCAM 5.3,NGFS2_Divergent Net Zero Policies,TWN,Emissions|CO2|Energy|Supply|Electricity,Mt CO2/yr,,,,,,,122.2559869,,,,,116.831813,,131.9620361,,,,,96.82470419,72.69223402,46.5524128,28.29797796,1.691863728,-0.872730515,-1.235132041,-2.433901301,-3.473861342,-4.594801747,-5.489237145,-4.617156922,-4.760655716,-5.223564484,-6.493424872,-8.109536112,,,,Taiwan,CO2
GCAM 5.3,NGFS2_Divergent Net Zero Policies,TWN,Emissions|CO2|Industrial Processes,Mt CO2/yr,,,,,,,6.434596885,,,,,6.495984115,,6.294324785,,,,,3.408208202,3.112684719,2.988692327,2.535795446,2.019719417,1.240685758,0.584798506,-0.097434458,-0.89431842,-1.261199397,-1.833991003,-3.118372611,-4.170601489,-4.898346946,-5.059384273,-5.266146305,,,,Taiwan,CO2
GCAM 5.3,NGFS2_Divergent Net Zero Policies,TWN,Emissions|N2O|AFOLU,Mt CO2e/yr,,,,,,,2.74608668607,,,,,2.81314205991,,2.79065239635,,,,,1.0312418087789998,0.972455329482,0.8729969907749999,0.8251220386499999,0.705662299524,0.567550629282,0.5711601735840001,0.57214009671,0.557697559146,0.5554261420890001,0.555160002579,0.5287469896800001,0.534657154668,0.5451884673690001,0.558701318994,0.561032778033,,,,Taiwan,N2O
GCAM 5.3,NGFS2_Divergent Net Zero Policies,TWN,Emissions|N2O|AFOLU|Agriculture,Mt CO2e/yr,,,,,,,2.7232914978360006,,,,,2.79117661095,,2.76852672369,,,,,1.00866489906,0.9498459098309999,0.850349190873,0.802454828721,0.682952300121,0.544793930499,0.5484029091450001,0.5493816081389999,0.5349336406049999,0.532659573537,0.532390907412,0.5059702931010001,0.511879006548,0.5224094759519999,0.535921775571,0.538249959702,,,,Taiwan,N2O
GCAM 5.3,NGFS2_Nationally Determined Contributions (NDCs),TWN,Carbon Sequestration|CCS|Biomass,Mt CO2/yr,,,,,,,0.0,,,,,0.0,,0.0,,,,,30.22681255,4.857437876,5.432303946,1.610450443,0.23479065,0.053907903,0.036546556,0.027127565,0.072429247,0.049419176,0.043458808,0.035638376,0.02896297,0.031424153,0.044632815,0.022123462,,,,Taiwan,
GCAM 5.3,NGFS2_Nationally Determined Contributions (NDCs),TWN,Carbon Sequestration|CCS|Biomass|Energy|Demand|Industry,Mt CO2/yr,,,,,,,0.0,,,,,0.0,,0.0,,,,,0.0,0.0,0.000890956,0.001441055,0.001554087,0.001479522,0.001389883,0.001143013,0.00091913,0.000767879,0.000601682,0.000429618,0.000288959,0.000200889,0.000154946,0.000101704,,,,Taiwan,
GCAM 5.3,NGFS2_Nationally Determined Contributions (NDCs),TWN,Carbon Sequestration|CCS|Biomass|Energy|Supply,Mt CO2/yr,,,,,,,0.0,,,,,0.0,,0.0,,,,,30.22681255,4.857437876,5.431412989,1.609009388,0.233236563,0.052428381,0.035156673,0.025984551,0.071510117,0.048651297,0.042857126,0.035208758,0.028674011,0.031223264,0.044477869,0.022021758,,,,Taiwan,
GCAM 5.3,NGFS2_Nationally Determined Contributions (NDCs),TWN,Carbon Sequestration|CCS|Biomass|Energy|Supply|Electricity,Mt CO2/yr,,,,,,,0.0,,,,,0.0,,0.0,,,,,30.22681255,4.857437876,5.414892689,1.581921094,0.226401695,0.051217362,0.031617399,0.022171396,0.067677215,0.045078605,0.039862189,0.032221542,0.025824283,0.028226493,0.04091081,0.018979869,,,,Taiwan,
GCAM 5.3,NGFS2_Nationally Determined Contributions (NDCs),TWN,Carbon Sequestration|CCS|Biomass|Energy|Supply|Hydrogen,Mt CO2/yr,,,,,,,0.0,,,,,0.0,,0.0,,,,,0.0,0.0,0.000487703,0.000400726,0.000213041,0.00014335,0.00250767,0.003682764,0.00380303,0.003568268,0.00299398,0.00298701,0.002849697,0.002996763,0.003567055,0.003041889,,,,Taiwan,
GCAM 5.3,NGFS2_Nationally Determined Contributions (NDCs),TWN,Carbon Sequestration|CCS|Biomass|Energy|Supply|Liquids,Mt CO2/yr,,,,,,,0.0,,,,,0.0,,0.0,,,,,0.0,0.0,0.016032597,0.026687567,0.006621826,0.001067669,0.001031604,0.000130392,2.99e-05,4.42e-06,9.56e-07,2.06e-07,3.09e-08,7.55e-09,4.42e-09,0.0,,,,Taiwan,
GCAM 5.3,NGFS2_Nationally Determined Contributions (NDCs),TWN,Emissions|CH4|AFOLU,Mt CO2e/yr,,,,,,,3.649340856,,,,,3.7773746080000006,,3.690654128,,,,,2.0225982559999998,2.608857132,2.597978264,2.7550684000000003,2.9073638159999997,3.0508221520000003,3.0255926960000004,3.018058764,2.979419492,2.976102836,2.9656024160000003,2.9056004040000003,2.874261712,2.821638316,2.7279638680000002,2.691956876,,,,Taiwan,CH4
GCAM 5.3,NGFS2_Nationally Determined Contributions (NDCs),TWN,Emissions|CH4|AFOLU|Agriculture,Mt CO2e/yr,,,,,,,3.63529642,,,,,3.763841396,,3.677111816,,,,,2.008816852,2.5951667560000002,2.58426308,2.741361952,2.8936585160000003,3.0371136319999996,3.011872248,3.004333024,2.9656822160000003,2.962361248,2.95185548,2.89183986,2.86049344,2.807858564,2.714166224,2.678151224,,,,Taiwan,CH4
GCAM 5.3,NGFS2_Nationally Determined Contributions (NDCs),TWN,Emissions|CH4|Energy|Demand|Industry,Mt CO2e/yr,,,,,,,0.045140592,,,,,0.040102608,,0.040847996,,,,,0.035715624,0.037870560000000004,0.035573943999999996,0.03413312,0.033384092000000004,0.032535832,0.030691780000000002,0.028108444,0.025003356,0.022607592,0.020646388,0.018512284,0.016599436000000002,0.014754571999999999,0.01275708,0.011014612,,,,Taiwan,CH4
GCAM 5.3,NGFS2_Nationally Determined Contributions (NDCs),TWN,Emissions|CH4|Energy|Demand|Residential and Commercial,Mt CO2e/yr,,,,,,,0.029030568,,,,,0.028405887999999997,,0.031963623999999996,,,,,0.029868104,0.038999044000000004,0.041641067999999996,0.04431784,0.045209612,0.044074828,0.042871136000000004,0.040290712000000006,0.037792692,0.036107428,0.034719664,0.032933684,0.031488912,0.029934072,0.028181916,0.027410292000000003,,,,Taiwan,CH4
GCAM 5.3,NGFS2_Nationally Determined Contributions (NDCs),TWN,Emissions|CH4|Energy|Demand|Transportation,Mt CO2e/yr,,,,,,,0.26040187600000003,,,,,0.270159316,,0.23974862800000002,,,,,0.209916952,0.207052888,0.193285764,0.17109369200000002,0.157916724,0.168632436,0.14536914,0.132911212,0.152908,0.132360228,0.12101958399999999,0.141536892,0.12013615600000001,0.10545597999999999,0.117964644,0.097228544,,,,Taiwan,CH4
GCAM 5.3,NGFS2_Nationally Determined Contributions (NDCs),TWN,Emissions|CH4|Energy|Supply,Mt CO2e/yr,,,,,,,0.749092428,,,,,0.819887152,,3.415741476,,,,,2.690848748,2.22601498,2.4285451399999998,2.699673116,2.7577768959999998,2.6234214160000002,2.551355996,2.51453244,2.31025802,2.162865516,2.41902668,3.0163269639999997,3.510177552,4.159022112000001,4.622833712,4.951940448,,,,Taiwan,CH4
GCAM 5.3,NGFS2_Nationally Determined Contributions (NDCs),TWN,Emissions|CO2|AFOLU,Mt CO2/yr,,,,,,,1.906554784,,,,,0.071202154,,0.888536866,,,,,0.583181408,0.27782595,-0.027529508,-0.332884966,-0.638240424,-0.943595882,-1.248951339,-1.554306797,-1.859662255,-2.165017713,-1.9926667,-1.820315687,-1.647964674,-1.475613661,-1.303262647,-1.130911634,,,,Taiwan,CO2
GCAM 5.3,NGFS2_Nationally Determined Contributions (NDCs),TWN,Emissions|CO2|Energy and Industrial Processes,Mt CO2/yr,,,,,,,290.7089106,,,,,279.0816588,,293.2600773,,,,,213.9013335,261.6370184,225.465671,224.6803322,219.8319202,209.7029366,197.7092628,181.680241,166.2350799,151.3191333,135.1043249,120.2024336,106.3603616,93.48525617,81.81660977,71.16270049,,,,Taiwan,CO2
GCAM 5.3,NGFS2_Nationally Determined Contributions (NDCs),TWN,Emissions|CO2|Energy|Demand,Mt CO2/yr,,,,,,,154.9189995,,,,,151.6012209,,148.1647432,,,,,126.1491137,129.1730267,111.1260888,92.76968938,84.31091041,82.12321401,77.25346945,71.98729359,70.61076944,65.5377644,62.14739831,62.34079022,57.24060207,52.7538434,51.41346804,46.48143525,,,,Taiwan,CO2
GCAM 5.3,NGFS2_Nationally Determined Contributions (NDCs),TWN,Emissions|CO2|Energy|Demand|Industry,Mt CO2/yr,,,,,,,91.52070638,,,,,94.34800126,,93.42326484,,,,,79.60084497,77.05641647,59.39530804,41.94673583,34.18011072,30.72245596,29.05124486,26.2176609,22.95963814,20.8584167,19.20365302,17.24704622,15.36474482,13.47959444,11.459025,9.709317997,,,,Taiwan,CO2
GCAM 5.3,NGFS2_Nationally Determined Contributions (NDCs),TWN,Emissions|CO2|Energy|Demand|Residential and Commercial,Mt CO2/yr,,,,,,,8.851916038,,,,,8.765362714,,9.839195351,,,,,8.653195547,11.9002547,12.5922061,13.34129371,13.55301129,13.17800772,12.70664952,11.9817902,11.30295725,10.88387487,10.52949979,10.00109897,9.569527002,9.073876959,8.495452446,8.248513975,,,,Taiwan,CO2
GCAM 5.3,NGFS2_Nationally Determined Contributions (NDCs),TWN,Emissions|CO2|Energy|Demand|Residential and Commercial|Commercial,Mt CO2/yr,,,,,,,3.989706596,,,,,4.171046296,,4.144537548,,,,,3.003610268,4.456205005,4.495152292,4.69413584,4.692226732,4.44006598,4.265413792,3.955875121,3.604689429,3.418447163,3.282536198,3.050823309,2.882332526,2.676952533,2.426723472,2.345069309,,,,Taiwan,CO2
GCAM 5.3,NGFS2_Nationally Determined Contributions (NDCs),TWN,Emissions|CO2|Energy|Demand|Residential and Commercial|Residential,Mt CO2/yr,,,,,,,4.862209442,,,,,4.594316418,,5.694657804,,,,,5.649585279,7.444049693,8.097053806,8.647157871,8.860784557,8.737941742,8.441235727,8.025915083,7.698267818,7.465427709,7.246963592,6.950275658,6.687194475,6.396924426,6.068728975,5.903444666,,,,Taiwan,CO2
GCAM 5.3,NGFS2_Nationally Determined Contributions (NDCs),TWN,Emissions|CO2|Energy|Demand|Transportation,Mt CO2/yr,,,,,,,54.54637706,,,,,48.48785692,,44.90228301,,,,,37.89507315,40.21635556,39.13857469,37.48165985,36.57778841,38.22275033,35.49557507,33.78784249,36.34817405,33.79547283,32.4142455,35.09264504,32.30633024,30.200372,31.45899059,28.52360328,,,,Taiwan,CO2
GCAM 5.3,NGFS2_Nationally Determined Contributions (NDCs),TWN,Emissions|CO2|Energy|Demand|Transportation|Freight,Mt CO2/yr,,,,,,,14.56414139,,,,,14.66466847,,15.64132101,,,,,14.33278863,15.98697136,16.28834757,15.42298124,14.9222584,17.14744301,14.66946654,13.39412133,16.07905634,13.90784191,12.65633732,15.17125641,12.93529132,11.22372922,12.74580935,10.46239637,,,,Taiwan,CO2
GCAM 5.3,NGFS2_Nationally Determined Contributions (NDCs),TWN,Emissions|CO2|Energy|Demand|Transportation|Passenger,Mt CO2/yr,,,,,,,21.78119401,,,,,22.69235977,,17.68193523,,,,,13.93855037,12.79676216,11.03306211,9.435707311,8.426500285,7.646504809,7.197055599,6.795014434,6.688223931,6.196119628,5.947815107,6.16005458,5.581586439,5.281015401,5.353962631,4.831753009,,,,Taiwan,CO2
GCAM 5.3,NGFS2_Nationally Determined Contributions (NDCs),TWN,Emissions|CO2|Energy|Supply,Mt CO2/yr,,,,,,,129.3553142,,,,,120.9844538,,138.8087744,,,,,86.42510946,129.8523672,112.0894,129.342277,132.5737188,124.4605802,117.3264585,106.5322676,92.50621392,82.59736798,69.71797902,54.67837152,45.97400054,37.67882268,27.49845271,21.85323437,,,,Taiwan,CO2
GCAM 5.3,NGFS2_Nationally Determined Contributions (NDCs),TWN,Emissions|CO2|Energy|Supply|Electricity,Mt CO2/yr,,,,,,,122.2559869,,,,,116.831813,,134.7985868,,,,,82.76020162,125.9897392,108.0929269,124.7271594,127.005708,117.9857887,110.3286668,99.25000152,84.96621261,75.18688873,62.45056985,47.56758018,39.18065208,31.22084028,21.33413599,15.96994441,,,,Taiwan,CO2
GCAM 5.3,NGFS2_Nationally Determined Contributions (NDCs),TWN,Emissions|CO2|Industrial Processes,Mt CO2/yr,,,,,,,6.434596885,,,,,6.495984115,,6.286559643,,,,,1.327110349,2.611624433,2.250182154,2.568365791,2.947291039,3.119142436,3.129334811,3.160679791,3.118096564,3.184000888,3.238947532,3.183271875,3.14575904,3.052590092,2.90468902,2.828030867,,,,Taiwan,CO2
GCAM 5.3,NGFS2_Nationally Determined Contributions (NDCs),TWN,Emissions|N2O|AFOLU,Mt CO2e/yr,,,,,,,2.74608668607,,,,,2.81314205991,,2.7887398812,,,,,1.605568600272,2.022340460049,1.9402662961500001,1.989285193896,2.0371835224650003,2.071423401957,2.0375442684869998,2.032113107388,2.000599182855,1.9977482801639999,1.989718144869,1.944462444834,1.923543711999,1.883953913478,1.81179831924,1.783765997559,,,,Taiwan,N2O
GCAM 5.3,NGFS2_Nationally Determined Contributions (NDCs),TWN,Emissions|N2O|AFOLU|Agriculture,Mt CO2e/yr,,,,,,,2.7232914978360006,,,,,2.79117661095,,2.7666489204899998,,,,,1.583044200465,2.000009852295,1.9178735533229998,1.966981469817,2.014894471317,2.049127742025,2.015230063392,2.009781624396,1.9782480375839997,1.975383677904,1.967337977787,1.9220609015789998,1.9011236656230002,1.861513416945,1.7893341890969998,1.7612835979830002,,,,Taiwan,N2O
GCAM 5.3,NGFS2_Net-Zero 2050,TWN,Carbon Sequestration|CCS|Biomass,Mt CO2/yr,,,,,,,0.0,,,,,0.0,,0.0,,,,,0.002328858,0.030653024,0.843845651,3.211959548,3.547240266,0.867567067,2.088520957,5.139004449,7.429389251,8.874691123,10.86044708,12.46760158,12.33017041,12.68623733,13.08936577,13.98936226,,,,Taiwan,
GCAM 5.3,NGFS2_Net-Zero 2050,TWN,Carbon Sequestration|CCS|Biomass|Energy|Demand|Industry,Mt CO2/yr,,,,,,,0.0,,,,,0.0,,0.0,,,,,0.0,0.0,0.006708827,0.014180285,0.015600381,0.01477302,0.01397039,0.013909501,0.013115229,0.012610961,0.011700317,0.009613164,0.00725222,0.005372879,0.004130336,0.003243947,,,,Taiwan,
GCAM 5.3,NGFS2_Net-Zero 2050,TWN,Carbon Sequestration|CCS|Biomass|Energy|Supply,Mt CO2/yr,,,,,,,0.0,,,,,0.0,,0.0,,,,,0.002328858,0.030653024,0.837136823,3.197779263,3.531639885,0.852794048,2.074550567,5.125094948,7.416274022,8.862080162,10.84874677,12.45798842,12.32291819,12.68086445,13.08523544,13.98611831,,,,Taiwan,
GCAM 5.3,NGFS2_Net-Zero 2050,TWN,Carbon Sequestration|CCS|Biomass|Energy|Supply|Electricity,Mt CO2/yr,,,,,,,0.0,,,,,0.0,,0.0,,,,,0.002328858,0.030653024,0.623966814,2.607411813,2.829331988,0.831149241,0.846408975,1.774237131,1.933824427,1.627088823,1.314721225,0.854751437,0.347438665,0.390096533,0.67147046,0.56765823,,,,Taiwan,
GCAM 5.3,NGFS2_Net-Zero 2050,TWN,Carbon Sequestration|CCS|Biomass|Energy|Supply|Hydrogen,Mt CO2/yr,,,,,,,0.0,,,,,0.0,,0.0,,,,,0.0,0.0,0.011612371,0.028644553,0.015516198,0.00431728,0.049699105,0.203495618,0.210222852,0.208451486,0.167684749,0.125152145,0.120466144,0.126865945,0.131163645,0.115816444,,,,Taiwan,
GCAM 5.3,NGFS2_Net-Zero 2050,TWN,Carbon Sequestration|CCS|Biomass|Energy|Supply|Liquids,Mt CO2/yr,,,,,,,0.0,,,,,0.0,,0.0,,,,,0.0,0.0,0.201557638,0.561722898,0.686791699,0.017327527,1.178442488,3.147362198,5.272226743,7.026539853,9.366340793,11.47808484,11.85501338,12.16390197,12.28260133,13.30264364,,,,Taiwan,
GCAM 5.3,NGFS2_Net-Zero 2050,TWN,Emissions|CH4|AFOLU,Mt CO2e/yr,,,,,,,3.649340856,,,,,3.7773746080000006,,3.690996624,,,,,1.71507756,1.65945374,1.630847288,1.648621856,1.641310076,1.541481704,1.295329924,1.156484112,1.099741272,0.9470610799999999,0.742631848,0.538031508,0.506696372,0.44276582000000003,0.385294364,0.2925587,,,,Taiwan,CH4
GCAM 5.3,NGFS2_Net-Zero 2050,TWN,Emissions|CH4|AFOLU|Agriculture,Mt CO2e/yr,,,,,,,3.63529642,,,,,3.763841396,,3.677455124,,,,,1.701154532,1.6454893,1.616854204,1.6346143519999998,1.6272877319999999,1.527443876,1.2812831359999999,1.1424335159999999,1.0856892759999999,0.9330064239999999,0.728574364,0.523971504,0.492635892,0.42870444399999996,0.371232064,0.27849480400000004,,,,Taiwan,CH4
GCAM 5.3,NGFS2_Net-Zero 2050,TWN,Emissions|CH4|Energy|Demand|Industry,Mt CO2e/yr,,,,,,,0.045140592,,,,,0.040102608,,0.041648768,,,,,0.037607444000000004,0.037344327999999996,0.035442035999999996,0.031700088,0.027670691999999997,0.02138234,0.01159326,0.004854304,0.001876,0.0005348,0.00015736,4.34e-05,3.444e-05,2.2064e-05,1.4196e-05,6.412e-06,,,,Taiwan,CH4
GCAM 5.3,NGFS2_Net-Zero 2050,TWN,Emissions|CH4|Energy|Demand|Residential and Commercial,Mt CO2e/yr,,,,,,,0.029030568,,,,,0.028405887999999997,,0.03357942,,,,,0.036018528,0.039681488,0.040873111999999996,0.040447932,0.037650871999999995,0.033271868,0.030337384,0.028580272,0.028055412000000002,0.02721922,0.026179803999999997,0.024880491999999997,0.02421846,0.023250864000000003,0.02218496,0.020765752000000002,,,,Taiwan,CH4
GCAM 5.3,NGFS2_Net-Zero 2050,TWN,Emissions|CH4|Energy|Demand|Transportation,Mt CO2e/yr,,,,,,,0.26040187600000003,,,,,0.270159316,,0.23949853200000001,,,,,0.224961296,0.20996766,0.194305636,0.16465904,0.136477768,0.098130816,0.057774500000000006,0.0325668,0.01848574,0.010492972,0.0066402,0.004882668000000001,0.0034959680000000003,0.0024668,0.0021728,0.0015876,,,,Taiwan,CH4
GCAM 5.3,NGFS2_Net-Zero 2050,TWN,Emissions|CH4|Energy|Supply,Mt CO2e/yr,,,,,,,0.749092428,,,,,0.819887152,,3.238903612,,,,,0.43765122799999995,0.182604968,0.08340245199999999,0.049767032,0.022060248,0.00641242,0.006748756,0.008567216,0.011156684,0.013282668000000001,0.017437252,0.023293480000000002,0.028321244,0.03259592,0.036874852,0.042339472,,,,Taiwan,CH4
GCAM 5.3,NGFS2_Net-Zero 2050,TWN,Emissions|CO2|AFOLU,Mt CO2/yr,,,,,,,1.906554784,,,,,0.071202154,,0.868256522,,,,,-1.608234273,-4.084725069,-6.561215864,-9.03770666,-8.309554988,-7.581403317,-6.853251645,-6.125099974,-5.396948302,-4.668796631,-3.940644959,-3.212493288,-2.484341616,-1.756189945,-1.028038273,-0.299886602,,,,Taiwan,CO2
GCAM 5.3,NGFS2_Net-Zero 2050,TWN,Emissions|CO2|Energy and Industrial Processes,Mt CO2/yr,,,,,,,290.7089106,,,,,279.0816588,,293.0437681,,,,,282.1678094,268.5250775,220.313006,161.689142,112.1813573,70.5716907,45.33021971,28.47395907,19.54821632,12.86600136,6.294116128,0.635144882,-0.317738261,-2.168103369,-3.690543693,-7.040935757,,,,Taiwan,CO2
GCAM 5.3,NGFS2_Net-Zero 2050,TWN,Emissions|CO2|Energy|Demand,Mt CO2/yr,,,,,,,154.9189995,,,,,151.6012209,,150.7455114,,,,,142.7722621,134.5991577,116.1421473,92.0900532,75.53262631,59.7507239,39.46979379,27.64255741,22.58215903,19.05084958,16.5054191,14.35415538,13.66633294,12.72382958,11.93004598,10.44658922,,,,Taiwan,CO2
GCAM 5.3,NGFS2_Net-Zero 2050,TWN,Emissions|CO2|Energy|Demand|Industry,Mt CO2/yr,,,,,,,91.52070638,,,,,94.34800126,,95.5510854,,,,,88.87449847,80.86872613,64.06391755,44.30547458,32.60925187,24.79693443,12.7419071,5.91439304,3.101248924,1.822981546,1.380678752,1.135700891,0.978544002,0.81482076,0.680191757,0.552222565,,,,Taiwan,CO2
GCAM 5.3,NGFS2_Net-Zero 2050,TWN,Emissions|CO2|Energy|Demand|Residential and Commercial,Mt CO2/yr,,,,,,,8.851916038,,,,,8.765362714,,10.47524854,,,,,11.13379135,12.25658439,12.48598756,12.15414755,11.22423922,9.853225495,8.915532598,8.286208717,8.000681246,7.647781578,7.195412639,6.681627892,6.466609529,6.16951325,5.858823416,5.382871725,,,,Taiwan,CO2
GCAM 5.3,NGFS2_Net-Zero 2050,TWN,Emissions|CO2|Energy|Demand|Residential and Commercial|Commercial,Mt CO2/yr,,,,,,,3.989706596,,,,,4.171046296,,4.610157381,,,,,4.616927018,4.734705035,4.530438213,4.109320391,3.419956431,2.624836216,2.300817408,2.120360516,2.034869936,1.932263542,1.811758131,1.68074499,1.626597329,1.553598875,1.479600028,1.362387778,,,,Taiwan,CO2
GCAM 5.3,NGFS2_Net-Zero 2050,TWN,Emissions|CO2|Energy|Demand|Residential and Commercial|Residential,Mt CO2/yr,,,,,,,4.862209442,,,,,4.594316418,,5.865091162,,,,,6.516864331,7.52187936,7.955549346,8.044827155,7.804282793,7.228389279,6.61471519,6.165848201,5.96581131,5.715518036,5.383654508,5.000882902,4.8400122,4.615914375,4.379223388,4.020483947,,,,Taiwan,CO2
GCAM 5.3,NGFS2_Net-Zero 2050,TWN,Emissions|CO2|Energy|Demand|Transportation,Mt CO2/yr,,,,,,,54.54637706,,,,,48.48785692,,44.71917741,,,,,42.76397231,41.47384713,39.59224214,35.63043107,31.69913522,25.10056397,17.81235408,13.44195565,11.48022886,9.58008646,7.929327704,6.536826599,6.22117941,5.739495567,5.391030804,4.51149493,,,,Taiwan,CO2
GCAM 5.3,NGFS2_Net-Zero 2050,TWN,Emissions|CO2|Energy|Demand|Transportation|Freight,Mt CO2/yr,,,,,,,14.56414139,,,,,14.66466847,,15.6000893,,,,,15.99892421,16.47601337,16.49148672,14.69360474,12.81409357,9.357835981,5.42895007,2.651357471,1.04620895,0.315655252,0.074282105,0.031174341,0.018429239,0.011004495,0.008292237,0.005159936,,,,Taiwan,CO2
GCAM 5.3,NGFS2_Net-Zero 2050,TWN,Emissions|CO2|Energy|Demand|Transportation|Passenger,Mt CO2/yr,,,,,,,21.78119401,,,,,22.69235977,,17.64637137,,,,,15.26870903,13.13591454,11.17777628,9.034174697,7.269576514,5.485621517,3.539177824,2.636594808,2.423870028,1.846899394,1.312641769,0.904947403,0.656331135,0.456904797,0.393448801,0.277611423,,,,Taiwan,CO2
GCAM 5.3,NGFS2_Net-Zero 2050,TWN,Emissions|CO2|Energy|Supply,Mt CO2/yr,,,,,,,129.3553142,,,,,120.9844538,,136.0047784,,,,,134.5719848,129.8740631,101.0410342,67.36309122,34.22678996,8.312853144,4.281406557,0.624692023,-1.794203187,-3.59735234,-5.843769979,-7.649520864,-7.538160021,-8.031753892,-8.469645364,-9.235036774,,,,Taiwan,CO2
GCAM 5.3,NGFS2_Net-Zero 2050,TWN,Emissions|CO2|Energy|Supply|Electricity,Mt CO2/yr,,,,,,,122.2559869,,,,,116.831813,,131.9468115,,,,,130.5549734,125.8089113,96.99987911,63.51630241,30.07418227,3.260346158,0.586478782,-0.762346557,-0.981871333,-0.780948294,-0.485794771,-0.120046198,0.269534389,0.025507572,-0.375940114,-0.172164972,,,,Taiwan,CO2
GCAM 5.3,NGFS2_Net-Zero 2050,TWN,Emissions|CO2|Industrial Processes,Mt CO2/yr,,,,,,,6.434596885,,,,,6.495984115,,6.293478413,,,,,4.823562476,4.051856802,3.129824462,2.235997565,2.421941069,2.50811366,1.579019364,0.206709633,-1.239739527,-2.587495882,-4.367532989,-6.069489636,-6.44591118,-6.860179055,-7.150944306,-8.252488203,,,,Taiwan,CO2
GCAM 5.3,NGFS2_Net-Zero 2050,TWN,Emissions|N2O|AFOLU,Mt CO2e/yr,,,,,,,2.74608668607,,,,,2.81314205991,,2.7907731824699997,,,,,0.9918961517009999,0.806149542744,0.6648035227469999,0.601604521245,0.537063815106,0.44643000347399997,0.36693162078299996,0.32940722805899997,0.31545391495799996,0.278263731564,0.230930827491,0.184477513038,0.17770292903999999,0.16315331568900002,0.149561836242,0.12617129616,,,,Taiwan,N2O
GCAM 5.3,NGFS2_Net-Zero 2050,TWN,Emissions|N2O|AFOLU|Agriculture,Mt CO2e/yr,,,,,,,2.7232914978360006,,,,,2.79117661095,,2.7686444385600004,,,,,0.969295587897,0.783478574424,0.64207868361,0.578853992808,0.514299214065,0.423643312911,0.344130740226,0.30659977038600006,0.292643625729,0.255449004993,0.208111407504,0.16165409442,0.154878854403,0.14032794402899998,0.126735104769,0.10334219422799999,,,,Taiwan,N2O
GCAM 5.3,R_BAU,TWN,Emissions|CH4|AFOLU,Mt CO2e/yr,,,,2.892967930776,,,2.620619048298496,,,,,2.7185975720982403,,2.7773174059818038,,,,,2.826638220867384,2.867395470136064,2.907425373731368,2.939599150841892,2.9645638525014957,2.98317730430048,3.007397904925764,3.0290615947695603,3.055138338576996,3.0779868249553917,3.096667436644264,3.1114060261426237,3.1216978411577,3.127002440896096,3.128192469212916,3.126172713179824,,,,Taiwan,CH4
GCAM 5.3,R_BAU,TWN,Emissions|CO2|AFOLU,Mt CO2/yr,,,,4.44269094076867,,,1.90655478425867,,,,,-0.0535506177689989,,0.0020818287482669,,,,,-0.2680337438108,-0.1616949391849,0.286712366144599,0.3441087863103,0.5192743371684,0.450783226102843,0.559037407145873,0.312331742081678,0.292991011920163,0.0318112566460702,-0.0399961341334353,-0.0434250670247643,-0.0548365896249123,-0.0739868479661593,-0.0982943387384805,-0.124911946078968,,,,Taiwan,CO2
GCAM 5.3,R_BAU,TWN,Emissions|CO2|Energy and Industrial Processes,Mt CO2/yr,,,,290.214919116505,,,290.931204348289,,,,,279.234309395698,,314.054854136606,,,,,335.551742733694,349.447099387876,358.911485247317,364.784033682329,367.610298215425,367.102458093245,365.130987957201,364.123903227566,370.169902982462,375.307122987157,378.657449394048,361.514721572331,357.6547452527,353.86307951537,351.783211648853,350.202038424406,,,,Taiwan,CO2
GCAM 5.3,R_BAU,TWN,Emissions|CO2|Energy|Demand,Mt CO2/yr,,,,144.762177850258,,,147.202869201449,,,,,143.81566731558,,134.962793724902,,,,,141.765761610259,142.672866771041,143.546288073996,144.165350463833,143.044415753882,142.303223427128,140.741215483662,138.769810849336,137.988348434203,137.947308718005,137.545214920019,138.677789188953,140.826586412257,141.7963859971,142.886419334303,144.956485214514,,,,Taiwan,CO2
GCAM 5.3,R_BAU,TWN,Emissions|CO2|Energy|Demand|Industry,Mt CO2/yr,,,,83.4121791729861,,,83.8050414046776,,,,,86.5630451714504,,75.5185105101942,,,,,79.4894122426228,79.023733883754,79.1870110013534,79.9751374758149,79.8787587486334,80.6019346331213,80.1174426275994,78.8299801585834,77.4709072874722,76.5861207332078,75.5367914995973,76.3009489176819,78.379162702929,79.5305428279767,81.0618393331674,83.5768452437928,,,,Taiwan,CO2
GCAM 5.3,R_BAU,TWN,Emissions|CO2|Energy|Demand|Residential and Commercial,Mt CO2/yr,,,,9.2449365404487,,,8.8519160380529,,,,,8.76535366720276,,10.2853855380067,,,,,11.8955594799581,12.7785870787652,13.2437975557708,13.3634332084064,13.0564997596977,12.5372758182633,11.9626455361319,11.471418856533,11.2765632535746,11.108750130669,10.8770062983195,10.579271436993,10.2722366705892,9.92417398128799,9.53140386910337,9.23600180103111,,,,Taiwan,CO2
GCAM 5.3,R_BAU,TWN,Emissions|CO2|Energy|Demand|Residential and Commercial|Commercial,Mt CO2/yr,,,,4.1019337395697,,,3.9897065960339,,,,,4.1710419744418,,4.45999790723378,,,,,4.98333309771412,5.25476047216596,5.37699167450064,5.36141284292171,5.1903598416785,4.95835098694809,4.71688505725572,4.50937144320527,4.38819095646123,4.28054977357108,4.15269474720815,4.00606951694446,3.86906935414285,3.72195522464091,3.56081033346607,3.43168152099624,,,,Taiwan,CO2
GCAM 5.3,R_BAU,TWN,Emissions|CO2|Energy|Demand|Residential and Commercial|Residential,Mt CO2/yr,,,,5.143002800879,,,4.862209442019,,,,,4.59431169276096,,5.82538763077296,,,,,6.91222638224398,7.52382660659923,7.86680588127017,8.00202036548468,7.86613991801922,7.57892483131518,7.24576047887622,6.9620474133277,6.88837229711332,6.82820035709792,6.72431155111137,6.5732019200485,6.40316731644639,6.20221875664708,5.9705935356373,5.80432028003487,,,,Taiwan,CO2
GCAM 5.3,R_BAU,TWN,Emissions|CO2|Energy|Demand|Transportation,Mt CO2/yr,,,,52.1050621368234,,,54.5459117587188,,,,,48.4872684769271,,49.1588976767011,,,,,50.380789887678,50.8705458085213,51.1154795168718,50.8267797796121,50.109157245551,49.1640129757436,48.6611273199303,48.4684118342201,49.2408778931566,50.252437854128,51.1314171221024,51.7975688342777,52.1751870387384,52.3416691878351,52.2931761320327,52.1436381696899,,,,Taiwan,CO2
GCAM 5.3,R_BAU,TWN,Emissions|CO2|Energy|Supply,Mt CO2/yr,,,,128.082585787142,,,129.355404206876,,,,,120.984421779872,,164.762890865833,,,,,179.628669214908,193.011570414194,202.2442396827,208.550581583421,213.925884032951,215.42373816908,215.709081979618,216.905815758513,223.821093039655,228.86190453147,232.474206750667,214.08390175417,208.024997226734,203.250941931451,200.075143536077,196.440534894677,,,,Taiwan,CO2
GCAM 5.3,R_BAU,TWN,Emissions|CO2|Energy|Supply|Electricity,Mt CO2/yr,,,,114.100227849352,,,122.256113561486,,,,,116.83178094524,,160.572007206136,,,,,175.38675343716,188.57737961615,197.344955589103,202.589676429913,206.058336570531,205.404290097665,204.102246133702,204.428878126448,210.446795375754,215.045851987706,217.909738349553,198.227636356925,191.056822466775,185.319252204945,181.166584185157,176.435619577982,,,,Taiwan,CO2
GCAM 5.3,R_BAU,TWN,Emissions|CO2|Energy|Supply|Gases,Mt CO2/yr,,,,0.0,,,0.0,,,,,-2.61755383752968e-08,,0.0115360362084848,,,,,0.033382267626438,0.0584587836417868,0.0950825747485669,0.157165908722089,0.23788323498446,0.367290070919544,0.515339158348582,0.632356924906566,0.677207616308371,0.752341601829934,0.830734790338912,1.1307891172309,1.53232937278762,1.93804223905334,2.53481053021015,3.29433092149195,,,,Taiwan,CO2
GCAM 5.3,R_BAU,TWN,Emissions|CO2|Energy|Supply|Liquids,Mt CO2/yr,,,,13.98235793779,,,7.09929064539,,,,,4.15264086080729,,4.15835628347244,,,,,4.1619427141494,4.29851356150055,4.69269523654648,5.6545959296294,7.44048705419854,9.41902383629266,10.8460646097571,11.5871612953369,12.427798955835,12.7762242549372,13.4271468999718,14.3991519373959,15.0892065303588,15.6254155513086,15.9827114849251,16.309524356735,,,,Taiwan,CO2
GCAM 5.3,R_BAU,TWN,Emissions|CO2|Energy|Supply|Solids,Mt CO2/yr,,,,0.0,,,-1.95964685228761e-17,,,,,0.0,,0.0,,,,,-1.4300018580621e-06,-8.80000490488153e-07,0.0,0.0,-2.01665918242387e-06,-5.13332958070971e-07,-2.05332480818273e-06,0.0,-8.0666529266278e-07,-1.17333015714999e-06,0.0,-1.53999658924694e-06,-4.03333450126037e-07,0.0,0.0,0.0,,,,Taiwan,CO2
GCAM 5.3,R_BAU,TWN,Emissions|CO2|Industrial Processes,Mt CO2/yr,,,,17.3701554791049,,,14.3729309399633,,,,,14.434220300246,,14.329169545871,,,,,14.1573119085263,13.7626622026417,13.1209574906215,12.0681016350753,10.6399984285923,9.37549649703615,8.68069049392189,8.4482766197163,8.36046150860364,8.4979097376821,8.63802772336176,8.75303062920838,8.80316161370878,8.81575158681939,8.82164877847254,8.80501831521515,,,,Taiwan,CO2
GCAM 5.3,R_BAU,TWN,Emissions|N2O|AFOLU,Mt CO2e/yr,,,,3.215602381721184,,,2.9071293081680847,,,,,2.7679887513461816,,2.863271645319267,,,,,2.933715592853682,3.00262791553725,3.074500718526237,3.148467496764135,3.2255403442036323,3.2884411470906447,3.336153249616278,3.369004863390348,3.404041646458089,3.423948768033066,3.437274792925428,3.4458284927301692,3.449674436116272,3.451759850994546,3.451783029389331,3.450284212545807,,,,Taiwan,N2O
GCAM 5.3,R_MAC_30_n0,TWN,Carbon Sequestration|CCS|Biomass,Mt CO2/yr,,,,0.0,,,0.0,,,,,0.0,,0.0,,,,,6.61251636447113,22.7393985448179,22.2449114855978,20.8195453516858,15.1387902814202,12.0826014848059,11.4938849766317,12.7369646324216,13.3461665855601,12.9167752734109,13.5499549699714,12.3596653260616,11.8496996591092,11.5948324051214,10.9365152346691,10.9153598578099,,,,Taiwan,
GCAM 5.3,R_MAC_30_n0,TWN,Emissions|CH4|AFOLU,Mt CO2e/yr,,,,2.892967930776,,,2.620619048298496,,,,,2.7185975720982403,,2.754819029941804,,,,,1.4044193651566401,1.3867809414057481,1.404264004034332,1.450003800774704,1.5003662303785958,1.542908519800732,1.58213837844118,1.6094144148715641,1.631596656458804,1.644162392957784,1.65127464133226,1.654590131933256,1.654133274140592,1.651637874774804,1.647998972318496,1.6431972885894441,,,,Taiwan,CH4
GCAM 5.3,R_MAC_30_n0,TWN,Emissions|CO2|AFOLU,Mt CO2/yr,,,,4.44269094076867,,,1.90655478425867,,,,,-0.0535506177689989,,0.0020818287482669,,,,,-5.788793941337,-10.6785069779736,-10.5163915769073,-8.87627267814247,-7.03085925462836,-5.37242501986252,-4.03403552695774,-3.00260515508859,-2.22043516281059,-1.63098528824055,-1.19446055190278,-0.878515231571149,-0.651273756448792,-0.488950664939374,-0.373783269962241,-0.292085652450981,,,,Taiwan,CO2
GCAM 5.3,R_MAC_30_n0,TWN,Emissions|CO2|Energy and Industrial Processes,Mt CO2/yr,,,,290.214919116505,,,290.931204348289,,,,,279.234510309771,,314.055093316669,,,,,228.567462660781,68.3605844521518,86.8439898020735,76.8358595754692,75.2021573060807,72.1702958340282,66.0861967141217,59.2667258949935,54.6850734643257,51.8598202575553,45.545499358659,44.7806504313981,43.2679347647683,41.6088126040571,40.590245168546,38.799971079319,,,,Taiwan,CO2
GCAM 5.3,R_MAC_30_n0,TWN,Emissions|CO2|Energy|Demand,Mt CO2/yr,,,,144.762177850258,,,147.202869201449,,,,,143.815759683734,,134.962905895588,,,,,96.9367607181573,57.0626149903367,66.676926297069,62.7817490006208,59.769380080666,56.6093353098593,52.2325367498699,48.2489231099554,46.3496329283319,45.1761334608986,44.3826351266973,43.4854197798547,42.6844873087998,41.7469364233031,40.6496496717421,39.423636117544,,,,Taiwan,CO2
GCAM 5.3,R_MAC_30_n0,TWN,Emissions|CO2|Energy|Demand|Industry,Mt CO2/yr,,,,83.4121791729861,,,83.8050414046776,,,,,86.5630563134925,,75.5185224793809,,,,,39.1448927931679,8.9919846539603,14.0793989232741,11.4568004128174,9.63289423676837,8.05513036877876,6.10073413047919,4.50181820510348,3.70369809938267,3.29701854118905,3.0214402810511,2.78295424150375,2.58631075910949,2.38589768447086,2.19646289735191,1.91016116192928,,,,Taiwan,CO2
GCAM 5.3,R_MAC_30_n0,TWN,Emissions|CO2|Energy|Demand|Residential and Commercial,Mt CO2/yr,,,,9.2449365404487,,,8.8519160380529,,,,,8.76536271322213,,10.2853977615356,,,,,11.8012364713099,9.03393810774103,10.2886066586507,10.1417553299854,9.86265166490874,9.44084618353738,8.8622433610987,8.3311342418316,8.11642354515484,7.90809680425818,7.71801220204165,7.49067301150207,7.2557613846966,7.00453974635658,6.73681506768875,6.54779118018417,,,,Taiwan,CO2
GCAM 5.3,R_MAC_30_n0,TWN,Emissions|CO2|Energy|Demand|Residential and Commercial|Commercial,Mt CO2/yr,,,,4.1019337395697,,,3.9897065960339,,,,,4.17104629592566,,4.46000316533152,,,,,5.08369144630988,2.91043305819025,3.51206541028956,3.27562854265181,3.06063870906903,2.82975384174645,2.55641566359619,2.32303064468868,2.2091073245412,2.11628426923693,2.04426234035661,1.97069360146806,1.89908389923258,1.82543341647708,1.75313845464643,1.69647040254173,,,,Taiwan,CO2
GCAM 5.3,R_MAC_30_n0,TWN,Emissions|CO2|Energy|Demand|Residential and Commercial|Residential,Mt CO2/yr,,,,5.143002800879,,,4.862209442019,,,,,4.59431641729647,,5.82539459620411,,,,,6.71754502500007,6.12350504955079,6.77654124836114,6.8661267873336,6.8020129558397,6.61109234179093,6.30582769750251,6.00810359714292,5.90731622061364,5.79181253502125,5.67374986168504,5.51997941003401,5.35667748546402,5.17910632987949,4.98367661304231,4.85132077764244,,,,Taiwan,CO2
GCAM 5.3,R_MAC_30_n0,TWN,Emissions|CO2|Energy|Demand|Transportation,Mt CO2/yr,,,,52.1050621368234,,,54.5459117587188,,,,,48.4873406570198,,49.1589856546714,,,,,45.9906314536795,39.0366922286353,42.3089207151442,41.183193257818,40.2738341789889,39.1133587575432,37.269559258292,35.4159706630203,34.5295112837944,33.9710181154514,33.6431826436046,33.2117925268489,32.8424151649937,32.3564989924757,31.7163717067014,30.9656837754305,,,,Taiwan,CO2
GCAM 5.3,R_MAC_30_n0,TWN,Emissions|CO2|Energy|Supply,Mt CO2/yr,,,,128.082585787142,,,129.355404206876,,,,,120.984432454912,,164.76290090803,,,,,126.79720825415,8.48561811515697,17.0242321785594,11.3752904522736,13.0926163907545,13.3148433475176,11.7520839797213,9.1787350476996,6.84180003215914,5.3734443891684,0.134468180717368,0.6368477156593,0.20378164457966,-0.363971523832769,-0.220708976333134,-0.768369883159337,,,,Taiwan,CO2
GCAM 5.3,R_MAC_30_n0,TWN,Emissions|CO2|Energy|Supply|Electricity,Mt CO2/yr,,,,114.100227849352,,,122.256113561486,,,,,116.831791620215,,160.572017248333,,,,,122.745463357849,4.68818036953484,13.5514868537131,8.37767221200292,9.93553415010265,9.49128222046141,7.69174801735102,5.50927480221936,3.95612714676594,3.05647921952563,-1.54950692610135,-0.219767125282235,-0.0882250982516902,-0.365884622457694,-0.117512476809338,-0.65369409280747,,,,Taiwan,CO2
GCAM 5.3,R_MAC_30_n0,TWN,Emissions|CO2|Energy|Supply|Gases,Mt CO2/yr,,,,0.0,,,0.0,,,,,-2.61755383752968e-08,,0.0115360362084848,,,,,0.0022072883777799,2.76181102581456e-05,0.0004839202605121,0.0004460688172547,0.0004067509340993,0.0003670324930719,0.0002282904552215,0.0001473662218427,0.0001236641280744,0.0001119810205051,7.4987271228612e-05,6.85823281106632e-05,6.02743560034606e-05,5.69433763814274e-05,4.85481684596162e-05,5.16739937777187e-05,,,,Taiwan,CO2
GCAM 5.3,R_MAC_30_n0,TWN,Emissions|CO2|Energy|Supply|Liquids,Mt CO2/yr,,,,13.98235793779,,,7.09929064539,,,,,4.15264086087279,,4.15835628347244,,,,,4.04183474260055,3.83974437703708,3.49144866667685,3.00276246368787,3.1506382588185,3.81747880575741,4.06588482213848,3.69690370271987,2.92676211522099,2.35763049613868,1.71498018129683,0.886643848054127,0.317701172868067,0.0258093110157159,-0.0789496315718551,-0.090503868932122,,,,Taiwan,CO2
GCAM 5.3,R_MAC_30_n0,TWN,Emissions|CO2|Energy|Supply|Solids,Mt CO2/yr,,,,0.0,,,-1.95964685228761e-17,,,,,0.0,,0.0,,,,,-1.46666504320995e-06,-1.09999905093821e-07,0.0,0.0,-2.56666471365968e-07,-3.66665594633774e-07,-1.68666255257382e-07,-1.17333021422934e-07,-4.39999233987685e-08,-4.03333181348393e-08,-3.66666264696002e-09,0.0,0.0,0.0,0.0,0.0,,,,Taiwan,CO2
GCAM 5.3,R_MAC_30_n0,TWN,Emissions|CO2|Industrial Processes,Mt CO2/yr,,,,17.3701554791049,,,14.3729309399633,,,,,14.4343181711251,,14.3292865130518,,,,,4.83349368847355,2.81235134665818,3.14283132644512,2.67882012257477,2.34016083466016,2.24611717665128,2.10157598453048,1.83906773733851,1.49364050383462,1.31024240748831,1.02839605124433,0.65838293588408,0.379665811388872,0.225847704586798,0.161304473137032,0.144704844934342,,,,Taiwan,CO2
GCAM 5.3,R_MAC_30_n0,TWN,Emissions|N2O|AFOLU,Mt CO2e/yr,,,,3.215602381721184,,,2.9071293081680847,,,,,2.7679887513461816,,2.8204648554550653,,,,,1.1663782409113381,0.7850336961093899,0.7864413438811021,0.753285979774692,0.742010310429843,0.735220031204841,0.72809741445714,0.7216748389739069,0.719515057962792,0.718332752855445,0.716231096609028,0.712520419516542,0.708150136872087,0.703002758706612,0.697377065589477,0.691360064648526,,,,Taiwan,N2O
GCAM 5.3,R_MAC_30_n8,TWN,Carbon Sequestration|CCS|Biomass,Mt CO2/yr,,,,0.0,,,0.0,,,,,0.0,,0.0,,,,,11.0106515309682,16.5421504024712,19.0621082187954,15.4855476038933,12.2300806431155,10.0225726131682,9.11395131216124,9.49388326679232,9.59247363281571,9.95518100978664,10.9044113939606,10.5822487422567,10.2868696309002,10.2477016299131,9.82166483914964,9.68933231150748,,,,Taiwan,
GCAM 5.3,R_MAC_30_n8,TWN,Emissions|CH4|AFOLU,Mt CO2e/yr,,,,2.892967930776,,,2.620619048298496,,,,,2.7185975720982403,,2.754819029941804,,,,,1.3793933069258721,1.47470642977098,1.473571555090236,1.546422589154352,1.606858748932528,1.632967477137724,1.653556181079236,1.661459540586524,1.669617712793856,1.6712823210888839,1.6680214403242881,1.661651696537812,1.653236040246728,1.644227708994332,1.63436745789744,1.624518188930252,,,,Taiwan,CH4
GCAM 5.3,R_MAC_30_n8,TWN,Emissions|CO2|AFOLU,Mt CO2/yr,,,,4.44269094076867,,,1.90655478425867,,,,,-0.0535506177689989,,0.0020818287482669,,,,,-5.96204291432933,-10.949088331595,-10.7399067932017,-9.01963993016681,-7.0967957627138,-5.37865169300752,-3.9927971113683,-2.93076612338594,-2.1389695762809,-1.55576322636621,-1.13101326763051,-0.824897081809247,-0.605348246720341,-0.448822023029934,-0.338454775925487,-0.260377382238043,,,,Taiwan,CO2
GCAM 5.3,R_MAC_30_n8,TWN,Emissions|CO2|Energy and Industrial Processes,Mt CO2/yr,,,,290.214919116505,,,290.931204348289,,,,,279.234510309771,,314.055093316669,,,,,190.551653888571,45.5908721762158,55.1338478719006,51.9127701599526,51.3087901642608,50.913149414166,49.0853001786993,46.4001255723539,44.3098057982419,41.9414987414635,36.7191719378749,34.6292274714491,32.9079842936945,31.8464583121744,30.7894524441803,29.6118951377768,,,,Taiwan,CO2
GCAM 5.3,R_MAC_30_n8,TWN,Emissions|CO2|Energy|Demand,Mt CO2/yr,,,,144.762177850258,,,147.202869201449,,,,,143.815759683734,,134.962905895588,,,,,89.3389291101922,40.5523820905514,50.7612495211955,46.7036975512864,44.087500796108,42.1422450975544,39.7260096944339,37.5344356843601,36.5178980493937,35.9224220857185,35.4059189340548,34.5371801420885,33.7528628963986,32.9462440311698,32.0455962337236,31.2088003665661,,,,Taiwan,CO2
GCAM 5.3,R_MAC_30_n8,TWN,Emissions|CO2|Energy|Demand|Industry,Mt CO2/yr,,,,83.4121791729861,,,83.8050414046776,,,,,86.5630563134925,,75.5185224793809,,,,,32.8723290975474,2.77440848353785,5.94250993909985,4.1593717611043,3.13832226482783,2.52079236499313,1.92091571354983,1.46097218464638,1.19950374278193,1.05405639796326,0.945525932196237,0.965684169406636,1.10858851400107,1.16117911040735,1.12021187820198,1.06093348381892,,,,Taiwan,CO2
GCAM 5.3,R_MAC_30_n8,TWN,Emissions|CO2|Energy|Demand|Residential and Commercial,Mt CO2/yr,,,,9.2449365404487,,,8.8519160380529,,,,,8.76536271322213,,10.2853977615356,,,,,11.3149991719634,7.73833338018151,8.99468202699095,8.97406783047457,8.78020741349842,8.48628793024941,8.08378020963955,7.72720821399495,7.65801283853596,7.62972408899749,7.57611117853705,7.36024778597438,7.10951562666444,6.86932969925499,6.61074898779368,6.42829090148159,,,,Taiwan,CO2
GCAM 5.3,R_MAC_30_n8,TWN,Emissions|CO2|Energy|Demand|Residential and Commercial|Commercial,Mt CO2/yr,,,,4.1019337395697,,,3.9897065960339,,,,,4.17104629592566,,4.46000316533152,,,,,4.77750422555647,2.15746682137688,2.6649870837279,2.51353235309721,2.38037945831421,2.25660963296476,2.1155536045265,1.99728456847985,1.96031835245154,1.9400882127671,1.91738750129899,1.85741572698172,1.7909993198891,1.72915787536012,1.66649976690148,1.61949567669274,,,,Taiwan,CO2
GCAM 5.3,R_MAC_30_n8,TWN,Emissions|CO2|Energy|Demand|Residential and Commercial|Residential,Mt CO2/yr,,,,5.143002800879,,,4.862209442019,,,,,4.59431641729647,,5.82539459620411,,,,,6.53749494640696,5.58086655880463,6.32969494326305,6.46053547737736,6.39982795518421,6.22967829728465,5.96822660511305,5.7299236455151,5.69769448608442,5.68963587623039,5.65872367723806,5.50283205899266,5.31851630677534,5.14017182389486,4.9442492208922,4.80879522478884,,,,Taiwan,CO2
GCAM 5.3,R_MAC_30_n8,TWN,Emissions|CO2|Energy|Demand|Transportation,Mt CO2/yr,,,,52.1050621368234,,,54.5459117587188,,,,,48.4873406570198,,49.1589856546714,,,,,45.1516008406814,30.039640226832,35.8240575551047,33.5702579597075,32.1689711177818,31.1351648023119,29.7213137712446,28.3462552857188,27.6603814680758,27.2386415987578,26.8842818233215,26.2112481867075,25.5347587557331,24.9157352215075,24.314635367728,23.7195759812656,,,,Taiwan,CO2
GCAM 5.3,R_MAC_30_n8,TWN,Emissions|CO2|Energy|Supply,Mt CO2/yr,,,,128.082585787142,,,129.355404206876,,,,,120.984432454912,,164.76290090803,,,,,96.9692344789556,2.75670053956263,1.80960953775271,2.81259308487075,5.33586191029931,7.20898023544772,7.9691419604752,7.58757441624353,6.69686707678354,4.88413412759702,0.0127734809490382,-0.888790002785141,-1.50877223168554,-1.67077287026204,-1.73212495317887,-2.02290839438381,,,,Taiwan,CO2
GCAM 5.3,R_MAC_30_n8,TWN,Emissions|CO2|Energy|Supply|Electricity,Mt CO2/yr,,,,114.100227849352,,,122.256113561486,,,,,116.831791620215,,160.572017248333,,,,,92.9570294037183,-0.626754367975607,-1.34034005078162,-0.142495014935241,2.85322095906492,4.74969955287744,5.41801932192775,5.05575832579941,4.46852664678204,2.56357975289519,-2.64125060873579,-2.58363989589471,-2.40315899534068,-2.29778054212964,-2.10868557938906,-2.29328278055129,,,,Taiwan,CO2
GCAM 5.3,R_MAC_30_n8,TWN,Emissions|CO2|Energy|Supply|Gases,Mt CO2/yr,,,,0.0,,,0.0,,,,,-2.61755383752968e-08,,0.0115360362084848,,,,,0.0013339670935823,6.38301013622344e-07,3.03788791085576e-05,2.0157017305707e-05,1.54407269984288e-05,1.31493181838732e-05,8.99739057606556e-06,5.86391768749471e-06,4.11863891264835e-06,2.95435863948805e-06,1.79916190611287e-06,1.6489787588806e-06,1.53944184668745e-06,1.534903624904e-06,1.24981419001166e-06,1.03399161600864e-06,,,,Taiwan,CO2
GCAM 5.3,R_MAC_30_n8,TWN,Emissions|CO2|Energy|Supply|Liquids,Mt CO2/yr,,,,13.98235793779,,,7.09929064539,,,,,4.15264086087279,,4.15835628347244,,,,,4.00995176029613,3.42339013336022,3.20416746861521,3.00826287504738,2.54240443585577,2.5201383984612,2.61258660465092,2.61489357266904,2.33300137175723,2.44022442716108,2.7709700393298,1.81135081524835,0.992239438641337,0.701566216308187,0.449278550089337,0.332680744817585,,,,Taiwan,CO2
GCAM 5.3,R_MAC_30_n8,TWN,Emissions|CO2|Energy|Supply|Solids,Mt CO2/yr,,,,0.0,,,-1.95964685228761e-17,,,,,0.0,,0.0,,,,,-3.29999187130788e-06,0.0,0.0,0.0,0.0,-1.83333243163747e-08,0.0,-1.46666519359354e-08,0.0,0.0,-1.17333094386565e-08,0.0,-1.09999808071136e-08,-3.66666845088365e-10,-1.13666269251554e-08,0.0,,,,Taiwan,CO2
GCAM 5.3,R_MAC_30_n8,TWN,Emissions|CO2|Industrial Processes,Mt CO2/yr,,,,17.3701554791049,,,14.3729309399633,,,,,14.4343181711251,,14.3292865130518,,,,,4.24349029942331,2.28178954610182,2.56298881295241,2.39647952379541,1.88542745785347,1.56192408116384,1.39014852379018,1.2781154717503,1.09504067206465,1.13494252814799,1.30047952287108,0.980837332145718,0.663893628981484,0.570987151266575,0.475981163635488,0.426003165594515,,,,Taiwan,CO2
GCAM 5.3,R_MAC_30_n8,TWN,Emissions|N2O|AFOLU,Mt CO2e/yr,,,,3.215602381721184,,,2.9071293081680847,,,,,2.7679887513461816,,2.8204648554550653,,,,,1.099996510570776,0.7467404108012939,0.745441400712372,0.7317935284061219,0.731516854555305,0.726671886222009,0.721850826149817,0.714826904078742,0.7107207076220161,0.706423406306709,0.7013382066370679,0.695540991113514,0.689428392401931,0.6831569881961369,0.6763221827093551,0.6696720404113741,,,,Taiwan,N2O
GCAM 5.3,R_MAC_35_n0,TWN,Carbon Sequestration|CCS|Biomass,Mt CO2/yr,,,,0.0,,,0.0,,,,,0.0,,0.0,,,,,3.39895480566253,12.2053775895797,24.5933519904324,24.0453494949677,18.4858918324918,13.5662157457072,11.8478306444639,12.0413481408864,13.3093555999901,13.255305523579,12.6612478724007,12.619224186801,11.5830434990128,11.1676358836204,11.074552206696,10.7695821734909,,,,Taiwan,
GCAM 5.3,R_MAC_35_n0,TWN,Emissions|CH4|AFOLU,Mt CO2e/yr,,,,2.892967930776,,,2.620619048298496,,,,,2.7185975720982403,,2.754819029941804,,,,,1.49120916342538,1.358484610390628,1.4264091928062201,1.447149879167916,1.498635054179956,1.542573777553508,1.58176145245692,1.608390729293936,1.630788896239916,1.6441531499433042,1.651523623692852,1.654537397226476,1.654176932598792,1.6515673023900401,1.6478689987689439,1.64311631695218,,,,Taiwan,CH4
GCAM 5.3,R_MAC_35_n0,TWN,Emissions|CO2|AFOLU,Mt CO2/yr,,,,4.44269094076867,,,1.90655478425867,,,,,-0.0535506177689989,,0.0020818287482669,,,,,-5.51925335786733,-10.1081630544286,-10.4630046908457,-9.05080721106614,-7.20754493584437,-5.52027107228033,-4.14411322920251,-3.0800000344978,-2.27570902766988,-1.67304490262103,-1.22679565047287,-0.901800092747943,-0.667794240754821,-0.500331021719676,-0.381687502795424,-0.297482365428496,,,,Taiwan,CO2
GCAM 5.3,R_MAC_35_n0,TWN,Emissions|CO2|Energy and Industrial Processes,Mt CO2/yr,,,,290.214919116505,,,290.931204348289,,,,,279.234510309771,,314.055093316669,,,,,263.553422430839,178.48661666461,68.892850975073,74.3480162617893,71.801128986019,70.6760744976845,65.5472940945611,59.6660450928338,54.5029336800898,51.0544548834719,48.4078431435845,44.2469670229848,43.3639371339685,42.0128827213476,40.2769273909975,38.8205961288025,,,,Taiwan,CO2
GCAM 5.3,R_MAC_35_n0,TWN,Emissions|CO2|Energy|Demand,Mt CO2/yr,,,,144.762177850258,,,147.202869201449,,,,,143.815759683734,,134.962905895588,,,,,106.705966915821,87.3675579350548,59.5052051934173,62.6474624237312,59.5535697801311,56.6526228312532,52.5254696000095,48.8212530641582,46.608103270611,45.1415810176538,44.1807868437234,43.334560714956,42.4995682026931,41.6342020229579,40.5204715482393,39.3576974973832,,,,Taiwan,CO2
GCAM 5.3,R_MAC_35_n0,TWN,Emissions|CO2|Energy|Demand|Industry,Mt CO2/yr,,,,83.4121791729861,,,83.8050414046776,,,,,86.5630563134925,,75.5185224793809,,,,,47.5231759865828,30.0606687252053,9.75447773604791,11.4136810654776,9.5841051899074,8.09978995694346,6.22074094869075,4.68478059969379,3.72406066622309,3.25993561338429,2.93883547303091,2.70949648920364,2.5285153775625,2.35357394944996,2.1519907638442,1.9011861636765,,,,Taiwan,CO2
GCAM 5.3,R_MAC_35_n0,TWN,Emissions|CO2|Energy|Demand|Residential and Commercial,Mt CO2/yr,,,,9.2449365404487,,,8.8519160380529,,,,,8.76536271322213,,10.2853977615356,,,,,12.2085314138675,11.8763679954482,9.63972953431217,10.111667877323,9.8252940009596,9.43763442024788,8.89195107907303,8.38537411887959,8.14148598475392,7.90988178874267,7.70722913207944,7.47935537730511,7.24253751971624,6.99584484343133,6.72534707142773,6.53939423601357,,,,Taiwan,CO2
GCAM 5.3,R_MAC_35_n0,TWN,Emissions|CO2|Energy|Demand|Residential and Commercial|Commercial,Mt CO2/yr,,,,4.1019337395697,,,3.9897065960339,,,,,4.17104629592566,,4.46000316533152,,,,,5.32649928211934,4.8024819404634,3.07845347120765,3.26389700766861,3.04735904890871,2.83128552143009,2.57315605574744,2.35025544951596,2.21823830504696,2.11570251197007,2.03826084977797,1.965268486599,1.89421651057852,1.8228686818061,1.7490150888357,1.69465499417827,,,,Taiwan,CO2
GCAM 5.3,R_MAC_35_n0,TWN,Emissions|CO2|Energy|Demand|Residential and Commercial|Residential,Mt CO2/yr,,,,5.143002800879,,,4.862209442019,,,,,4.59431641729647,,5.82539459620411,,,,,6.8820321317482,7.07388605498477,6.56127606310452,6.84777086965439,6.7779349520509,6.60634889881779,6.31879502332559,6.03511866936364,5.92324767970696,5.7941792767726,5.66896828230147,5.51408689070611,5.34832100913772,5.17297616162523,4.97633198259203,4.8447392418353,,,,Taiwan,CO2
GCAM 5.3,R_MAC_35_n0,TWN,Emissions|CO2|Energy|Demand|Transportation,Mt CO2/yr,,,,52.1050621368234,,,54.5459117587188,,,,,48.4873406570198,,49.1589856546714,,,,,46.9742595153708,45.4305212144013,40.1109979230572,41.1221134809306,40.1441705892641,39.1151984540618,37.4127775722457,35.7510983455848,34.742556619634,33.9717636155268,33.5347222386131,33.1457088484473,32.7285153054143,32.2847832300766,31.6431337129673,30.9171170976931,,,,Taiwan,CO2
GCAM 5.3,R_MAC_35_n0,TWN,Emissions|CO2|Energy|Supply,Mt CO2/yr,,,,128.082585787142,,,129.355404206876,,,,,120.984432454912,,164.76290090803,,,,,151.1964268593,87.0457337641621,6.59097139712064,9.13290044962458,10.101785833302,11.8393292327727,10.8669035159202,8.84971463541746,6.28659568681562,4.56608205487489,3.17066992324357,0.217076717655597,0.472406214643396,0.145770403016948,-0.368064685335387,-0.624260275653954,,,,Taiwan,CO2
GCAM 5.3,R_MAC_35_n0,TWN,Emissions|CO2|Energy|Supply|Electricity,Mt CO2/yr,,,,114.100227849352,,,122.256113561486,,,,,116.831791620215,,160.572017248333,,,,,147.112722454384,83.2174266187752,3.03912630888168,6.4804186421011,7.45948523501279,8.15005819485897,6.65164984854911,4.77136558419322,3.06823032995468,2.17216052533833,1.45407167166267,-0.759742370930127,0.0946617053012586,0.0509829816932231,-0.283080577842888,-0.479462093977312,,,,Taiwan,CO2
GCAM 5.3,R_MAC_35_n0,TWN,Emissions|CO2|Energy|Supply|Gases,Mt CO2/yr,,,,0.0,,,0.0,,,,,-2.61755383752968e-08,,0.0115360362084848,,,,,0.0039521735443669,0.0020266507101005,0.0001216657500622,0.0004004407791647,0.0003585601941573,0.0003343347035116,0.000218494904077,0.0001326808759741,0.000108776926205,0.0001061905054017,9.32582941290938e-05,6.52751805167834e-05,5.77717069407195e-05,5.23937117020076e-05,4.88940211936362e-05,5.51315867169892e-05,,,,Taiwan,CO2
GCAM 5.3,R_MAC_35_n0,TWN,Emissions|CO2|Energy|Supply|Liquids,Mt CO2/yr,,,,13.98235793779,,,7.09929064539,,,,,4.15264086087279,,4.15835628347244,,,,,4.06703637491943,3.81995484889336,3.60493323117874,2.66855257253968,2.64036022081744,3.68211320877158,4.21683045160463,4.0982147251192,3.24850232164203,2.43072297174308,1.74997947753593,1.003072748494,0.401324637526688,0.115925369598228,-0.0621800402685653,-0.119998821034768,,,,Taiwan,CO2
GCAM 5.3,R_MAC_35_n0,TWN,Emissions|CO2|Energy|Supply|Solids,Mt CO2/yr,,,,0.0,,,-1.95964685228761e-17,,,,,0.0,,0.0,,,,,-1.83333015316345e-06,0.0,-3.2999946534867e-07,-1.46666544708626e-07,0.0,-1.46666534577106e-07,0.0,-1.24666254329368e-07,-5.86665451408574e-08,-2.5666658292289e-08,-3.6666657809067603e-09,-1.09999899651707e-08,0.0,-1.09999929119261e-08,-4.76664841356453e-08,-1.09999864085788e-08,,,,Taiwan,CO2
GCAM 5.3,R_MAC_35_n0,TWN,Emissions|CO2|Industrial Processes,Mt CO2/yr,,,,17.3701554791049,,,14.3729309399633,,,,,14.4343181711251,,14.3292865130518,,,,,5.65102865571716,4.07332496539319,2.79667438453504,2.5676533884335,2.14577337258591,2.18412243365863,2.15492097863139,1.99507739325813,1.60823472266314,1.34679181094327,1.05638637661748,0.695329590373135,0.391962716632053,0.232910295372728,0.124520528093617,0.0871589070732431,,,,Taiwan,CO2
GCAM 5.3,R_MAC_35_n0,TWN,Emissions|N2O|AFOLU,Mt CO2e/yr,,,,3.215602381721184,,,2.9071293081680847,,,,,2.7679887513461816,,2.8204648554550653,,,,,1.312352321385378,0.932869637976822,0.7592793558484681,0.75092605650153,0.740065574562678,0.7348956595480499,0.728815202592477,0.722850433290531,0.720179782505547,0.7183247953995751,0.7160070719225972,0.712505719850925,0.708050610012291,0.703013724545496,0.697318914089616,0.6913867149896069,,,,Taiwan,N2O
GCAM 5.3,R_MAC_35_n8,TWN,Carbon Sequestration|CCS|Biomass,Mt CO2/yr,,,,0.0,,,0.0,,,,,0.0,,0.0,,,,,4.44718816762313,19.5636095785098,19.7469725272612,18.3374644543451,14.0042788925526,11.0503656968286,9.55859459461264,9.28329724891753,9.78175156254283,10.0332273049407,10.5817669449391,10.6770425868089,10.0086381472628,9.74154151628094,9.65417689538953,9.29991112963692,,,,Taiwan,
GCAM 5.3,R_MAC_35_n8,TWN,Emissions|CH4|AFOLU,Mt CO2e/yr,,,,2.892967930776,,,2.620619048298496,,,,,2.7185975720982403,,2.754819029941804,,,,,1.458010154748532,1.361327578625476,1.519849211559588,1.5458342159262242,1.607726497261976,1.635057432844836,1.654777268692156,1.661476317712372,1.6694760884747961,1.671313781441304,1.6680189434518962,1.661484967485308,1.6531462239596921,1.64411357202008,1.6343360731721521,1.624508109311164,,,,Taiwan,CH4
GCAM 5.3,R_MAC_35_n8,TWN,Emissions|CO2|AFOLU,Mt CO2/yr,,,,4.44269094076867,,,1.90655478425867,,,,,-0.0535506177689989,,0.0020818287482669,,,,,-5.63446085358567,-10.353096442927,-10.6648575120193,-9.18938671544447,-7.28963300536863,-5.54835647319202,-4.12570613091234,-3.0280737133093,-2.20828475200773,-1.60557356089702,-1.16666140814852,-0.849100076162558,-0.621748536888182,-0.460322156004026,-0.346372524441155,-0.265849416836129,,,,Taiwan,CO2
GCAM 5.3,R_MAC_35_n8,TWN,Emissions|CO2|Energy and Industrial Processes,Mt CO2/yr,,,,290.214919116505,,,290.931204348289,,,,,279.234510309771,,314.055093316669,,,,,251.284797901681,118.405342656417,46.378928975254,49.2637241954631,49.5406135356457,49.8776852157728,48.467437071238,46.2359538989577,44.4155502563885,42.3362055976834,38.5319842292618,34.2739549916252,32.7120177650321,31.3573796168564,30.4078114275444,29.4627830225588,,,,Taiwan,CO2
GCAM 5.3,R_MAC_35_n8,TWN,Emissions|CO2|Energy|Demand,Mt CO2/yr,,,,144.762177850258,,,147.202869201449,,,,,143.815759683734,,134.962905895588,,,,,102.736625055427,74.5341034845281,44.582243751467,46.7761008228554,43.996294408766,42.0445478401811,39.7122463534521,37.671512719227,36.6203967661689,35.8698844713515,35.256769208886,34.524981309391,33.6723944098335,32.7620448552676,31.8632370559193,31.0034838173508,,,,Taiwan,CO2
GCAM 5.3,R_MAC_35_n8,TWN,Emissions|CO2|Energy|Demand|Industry,Mt CO2/yr,,,,83.4121791729861,,,83.8050414046776,,,,,86.5630563134925,,75.5185224793809,,,,,44.0746276628131,20.1615509315982,3.58598867593841,4.1415570911708,3.08685562724582,2.47201377097965,1.90963822701505,1.48105129893894,1.19489100004022,1.04022663835852,0.943098483569397,1.13385584701675,1.21214855638449,1.17915188782632,1.10487613868261,1.00110696481585,,,,Taiwan,CO2
GCAM 5.3,R_MAC_35_n8,TWN,Emissions|CO2|Energy|Demand|Residential and Commercial,Mt CO2/yr,,,,9.2449365404487,,,8.8519160380529,,,,,8.76536271322213,,10.2853977615356,,,,,12.0692721938163,10.6715377866142,8.52178036603903,8.97406888617413,8.7777107371289,8.49753079884727,8.11086744394617,7.74705154985799,7.68665258445779,7.64092370812947,7.55972285274754,7.31342795734535,7.06116491153068,6.81225489642538,6.56086457497927,6.38010113117582,,,,Taiwan,CO2
GCAM 5.3,R_MAC_35_n8,TWN,Emissions|CO2|Energy|Demand|Residential and Commercial|Commercial,Mt CO2/yr,,,,4.1019337395697,,,3.9897065960339,,,,,4.17104629592566,,4.46000316533152,,,,,5.24547587934487,4.00250200818357,2.38507452920319,2.51179612755523,2.37614408079164,2.25659513778095,2.1225787920585,2.00352756885191,1.96708021187981,1.94200943193759,1.91243541246402,1.84545331667358,1.77906466321098,1.71510753626268,1.65399659933082,1.60761370523202,,,,Taiwan,CO2
GCAM 5.3,R_MAC_35_n8,TWN,Emissions|CO2|Energy|Demand|Residential and Commercial|Residential,Mt CO2/yr,,,,5.143002800879,,,4.862209442019,,,,,4.59431641729647,,5.82539459620411,,,,,6.82379631447148,6.6690357784306,6.13670583683584,6.46227275861889,6.40156665633726,6.24093566106631,5.98828865188766,5.74352398100608,5.71957237257798,5.69891427619188,5.64728744028352,5.46797464067177,5.2821002483197,5.09714736016269,4.90686797564845,4.7724874259438,,,,Taiwan,CO2
GCAM 5.3,R_MAC_35_n8,TWN,Emissions|CO2|Energy|Demand|Transportation,Mt CO2/yr,,,,52.1050621368234,,,54.5459117587188,,,,,48.4873406570198,,49.1589856546714,,,,,46.5927251987976,43.7010147663158,32.4744747094896,33.6604748455105,32.1317280443913,31.0750032703542,29.6917406824909,28.44340987043,27.7388531816708,27.1887341248635,26.7539478725691,26.0776975050289,25.3990809419183,24.7706380710159,24.1974963422574,23.6222757213591,,,,Taiwan,CO2
GCAM 5.3,R_MAC_35_n8,TWN,Emissions|CO2|Energy|Supply,Mt CO2/yr,,,,128.082585787142,,,129.355404206876,,,,,120.984432454912,,164.76290090803,,,,,143.234121218956,40.4350298849023,-0.603246422013348,0.0664633478472753,3.61502841451058,6.15581288933926,7.19969125570159,7.14602771239254,6.49008780077174,5.21497611524895,2.025106244564,-1.11011535499203,-1.45493072805837,-1.68330529320137,-1.67444118286922,-1.69033924074771,,,,Taiwan,CO2
GCAM 5.3,R_MAC_35_n8,TWN,Emissions|CO2|Energy|Supply|Electricity,Mt CO2/yr,,,,114.100227849352,,,122.256113561486,,,,,116.831791620215,,160.572017248333,,,,,139.162553406743,36.5139305410544,-3.95753397901628,-2.98115352855641,0.965501280550077,3.37080340292406,4.24629402069882,4.30412835586042,3.72919237398048,2.6226811147333,-0.494352385049708,-2.56824277730218,-2.05360500810976,-1.81492365204425,-1.66641211813749,-1.54897189629187,,,,Taiwan,CO2
GCAM 5.3,R_MAC_35_n8,TWN,Emissions|CO2|Energy|Supply|Gases,Mt CO2/yr,,,,0.0,,,0.0,,,,,-2.61755383752968e-08,,0.0115360362084848,,,,,0.0031522258864724,0.000694111250222,5.94220566368701e-06,2.02833052868216e-05,1.48079952375356e-05,1.30907332248015e-05,8.92053259078744e-06,5.62732564558431e-06,4.14895340869755e-06,3.30643810816293e-06,2.36648835425414e-06,1.82554643445343e-06,1.62122225767354e-06,1.46000983926271e-06,1.34283268949566e-06,1.14002128650974e-06,,,,Taiwan,CO2
GCAM 5.3,R_MAC_35_n8,TWN,Emissions|CO2|Energy|Supply|Liquids,Mt CO2/yr,,,,13.98235793779,,,7.09929064539,,,,,4.15264086087279,,4.15835628347244,,,,,4.05750948771544,3.94185414911755,3.40235646356373,3.09803503573392,2.70591975494469,2.84320838144445,3.01505705840317,2.92299993846194,2.85394089640737,2.70889400807001,2.63805613413527,1.55724425798749,0.68596699750925,0.204229311549091,0.0536541441131538,-0.084572576195532,,,,Taiwan,CO2
GCAM 5.3,R_MAC_35_n8,TWN,Emissions|CO2|Energy|Supply|Solids,Mt CO2/yr,,,,0.0,,,-1.95964685228761e-17,,,,,0.0,,0.0,,,,,-1.8333307646748e-06,0.0,0.0,-1.24666303080832e-07,-2.93332975010813e-08,0.0,0.0,-1.09999966862296e-08,-1.09999916057511e-08,-2.19999705547929e-08,0.0,-1.46666705188418e-09,-4.3999942831808e-09,0.0,-7.69998602464795e-09,0.0,,,,Taiwan,CO2
GCAM 5.3,R_MAC_35_n8,TWN,Emissions|CO2|Industrial Processes,Mt CO2/yr,,,,17.3701554791049,,,14.3729309399633,,,,,14.4343181711251,,14.3292865130518,,,,,5.31405162729856,3.4362092869862,2.39993164580027,2.42116002476039,1.9292907123691,1.67732448625246,1.55549946208432,1.41841346733825,1.30506568944791,1.25134501108299,1.25010877581174,0.859089037226203,0.494554083256932,0.278640054790252,0.21901555449431,0.149638445955754,,,,Taiwan,CO2
GCAM 5.3,R_MAC_35_n8,TWN,Emissions|N2O|AFOLU,Mt CO2e/yr,,,,3.215602381721184,,,2.9071293081680847,,,,,2.7679887513461816,,2.8204648554550653,,,,,1.2538945804334038,0.8673183538437601,0.740383809060987,0.7308145512718051,0.730776240695865,0.7265225608692871,0.721795275659367,0.715011396876231,0.7108601077193071,0.706306379132172,0.701207248036386,0.695778015087246,0.6896076861169861,0.6832639136947259,0.67653179040447,0.669851584894401,,,,Taiwan,N2O
GCAM 5.3,R_MAC_40_n0,TWN,Carbon Sequestration|CCS|Biomass,Mt CO2/yr,,,,0.0,,,0.0,,,,,0.0,,0.0,,,,,2.32623727480943,5.37771565221653,16.8099469515102,25.6869376781093,22.8155060603567,15.8694921448193,12.7656908956848,12.0989649384561,12.8531979035977,13.399651855146,12.5452137629425,12.1277660163905,11.7298064220463,11.0302581168496,10.838609443367,10.8753119512017,,,,Taiwan,
GCAM 5.3,R_MAC_40_n0,TWN,Emissions|CH4|AFOLU,Mt CO2e/yr,,,,2.892967930776,,,2.620619048298496,,,,,2.7185975720982403,,2.754819029941804,,,,,1.5340076255658839,1.3924753594297001,1.379081014822196,1.457377380500244,1.495358556118672,1.542048523652532,1.581542721575544,1.607939235938924,1.6303016158275279,1.6440157763035999,1.651743178025668,1.6547531624813279,1.6541946294846839,1.651536256395704,1.64774714859258,1.64302681999974,,,,Taiwan,CH4
GCAM 5.3,R_MAC_40_n0,TWN,Emissions|CO2|AFOLU,Mt CO2/yr,,,,4.44269094076867,,,1.90655478425867,,,,,-0.0535506177689989,,0.0020818287482669,,,,,-5.35289061261167,-9.80733347867864,-10.1405587774663,-9.06235039984414,-7.3647091510377,-5.67641054428752,-4.27136667467514,-3.17483212446374,-2.34392024207257,-1.72258379221471,-1.26361074492945,-0.928990592854471,-0.687145747240187,-0.513752127147241,-0.390496676566214,-0.303385148817332,,,,Taiwan,CO2
GCAM 5.3,R_MAC_40_n0,TWN,Emissions|CO2|Energy and Industrial Processes,Mt CO2/yr,,,,290.214919116505,,,290.931204348289,,,,,279.234510309771,,314.055093316669,,,,,276.822407794048,240.01706156598,137.943879746304,65.476035583783,66.1433326960523,67.2638997750399,63.9441438783552,59.0900882187979,54.5167898633366,50.4071116588849,48.6941074345166,45.8438518684693,43.0213746276835,42.0798307629615,40.4800186056756,38.5309472766254,,,,Taiwan,CO2
GCAM 5.3,R_MAC_40_n0,TWN,Emissions|CO2|Energy|Demand,Mt CO2/yr,,,,144.762177850258,,,147.202869201449,,,,,143.815759683734,,134.962905895588,,,,,112.11116740955,99.322061533977,79.5344435679071,59.3192211519239,58.9111889444402,56.2164707753107,52.4383442958688,48.9620648725646,46.8427250165998,45.0826836223068,44.0546230927341,43.1326221746137,42.328245560424,41.4776700093543,40.4626180243595,39.3038038891214,,,,Taiwan,CO2
GCAM 5.3,R_MAC_40_n0,TWN,Emissions|CO2|Energy|Demand|Industry,Mt CO2/yr,,,,83.4121791729861,,,83.8050414046776,,,,,86.5630563134925,,75.5185224793809,,,,,52.314561288084,39.9085672051494,23.271582312701,9.58785244393583,9.41725838699612,7.97722423038717,6.2096615274672,4.7605444580368,3.79038127921875,3.23022110052757,2.88432865703558,2.63108751980833,2.45461613744529,2.3053340466784,2.13335353064064,1.88766329750379,,,,Taiwan,CO2
GCAM 5.3,R_MAC_40_n0,TWN,Emissions|CO2|Energy|Demand|Residential and Commercial,Mt CO2/yr,,,,9.2449365404487,,,8.8519160380529,,,,,8.76536271322213,,10.2853977615356,,,,,12.3501760560187,12.7166268222359,11.4854528433055,9.80213369053134,9.72341309860825,9.37383426433256,8.87635954042343,8.39691206458462,8.16379711863946,7.89281604030083,7.69694446696378,7.4679231084316,7.23639870715322,6.99066482121829,6.72635738848387,6.53704131464027,,,,Taiwan,CO2
GCAM 5.3,R_MAC_40_n0,TWN,Emissions|CO2|Energy|Demand|Residential and Commercial|Commercial,Mt CO2/yr,,,,4.1019337395697,,,3.9897065960339,,,,,4.17104629592566,,4.46000316533152,,,,,5.40538051904711,5.34116514950145,4.33358097319687,3.07121809919391,3.00921504968789,2.80796831836542,2.56965218579894,2.35888815610806,2.22968023040742,2.11093148453309,2.03385720072088,1.95963173996998,1.89030930221649,1.82047300415092,1.74915647262783,1.69352589703405,,,,Taiwan,CO2
GCAM 5.3,R_MAC_40_n0,TWN,Emissions|CO2|Energy|Demand|Residential and Commercial|Residential,Mt CO2/yr,,,,5.143002800879,,,4.862209442019,,,,,4.59431641729647,,5.82539459620411,,,,,6.94479553697157,7.37546167273447,7.1518718701086,6.73091559133742,6.71419804892036,6.56586594596714,6.3067073546245,6.03802390847656,5.93411688823204,5.78188455576774,5.6630872662429,5.50829136846162,5.34608940493672,5.17019181706737,4.97720091585604,4.84351541760622,,,,Taiwan,CO2
GCAM 5.3,R_MAC_40_n0,TWN,Emissions|CO2|Energy|Demand|Transportation,Mt CO2/yr,,,,52.1050621368234,,,54.5459117587188,,,,,48.4873406570198,,49.1589856546714,,,,,47.4464300654469,46.6968675065916,44.7774084119007,39.9292350174567,39.7705174588358,38.865412280591,37.3523232279782,35.8046083499432,34.8885466187416,33.9596464814784,33.4733499687348,33.0336115463738,32.6372307158255,32.1816711414576,31.602907105235,30.8790992769773,,,,Taiwan,CO2
GCAM 5.3,R_MAC_40_n0,TWN,Emissions|CO2|Energy|Supply,Mt CO2/yr,,,,128.082585787142,,,129.355404206876,,,,,120.984432454912,,164.76290090803,,,,,158.576822945987,135.487345052952,55.2195693279816,4.04131875535482,5.61097887693322,9.21769876302854,9.48561703372034,8.16981156955765,6.06459106416788,4.14916734738485,3.6276169236588,2.01394454583828,0.254976359386517,0.336213729775832,-0.151516021031817,-0.862840302168495,,,,Taiwan,CO2
GCAM 5.3,R_MAC_40_n0,TWN,Emissions|CO2|Energy|Supply|Electricity,Mt CO2/yr,,,,114.100227849352,,,122.256113561486,,,,,116.831791620215,,160.572017248333,,,,,154.473468064688,131.554325804606,52.0933119425581,2.15006683435667,4.43617424796533,6.46699209973402,5.60579454843334,4.19260671622986,2.85039974482439,2.14756756779271,2.04083818161019,1.04523278504409,-0.243080655477763,0.136008245595709,-0.203279930900757,-0.777382668366286,,,,Taiwan,CO2
GCAM 5.3,R_MAC_40_n0,TWN,Emissions|CO2|Energy|Supply|Gases,Mt CO2/yr,,,,0.0,,,0.0,,,,,-2.61755383752968e-08,,0.0115360362084848,,,,,0.005251101335385,0.0043907663363322,0.001885693214922,0.00020845954951,0.0003262944228278,0.0003058686794214,0.0002058398212519,0.0001373241523258,0.000109401346858,0.0001018884971906,9.62026449375747e-05,7.50515535597746e-05,5.61467606763025e-05,5.11213851435182e-05,4.60240964838574e-05,5.60120272198587e-05,,,,Taiwan,CO2
GCAM 5.3,R_MAC_40_n0,TWN,Emissions|CO2|Energy|Supply|Liquids,Mt CO2/yr,,,,13.98235793779,,,7.09929064539,,,,,4.15264086087279,,4.15835628347244,,,,,4.08261881189031,3.89232272063657,3.13379080005652,1.93880855804013,1.18638506406688,2.74676838057387,3.88090564077439,3.99392099080219,3.23902483232997,2.03075248399177,1.61811907027621,0.995814517555356,0.519551732135928,0.220106204498142,0.0725084690570432,-0.0613333599471415,,,,Taiwan,CO2
GCAM 5.3,R_MAC_40_n0,TWN,Emissions|CO2|Energy|Supply|Solids,Mt CO2/yr,,,,0.0,,,-1.95964685228761e-17,,,,,0.0,,0.0,,,,,-4.03332735241276e-06,-4.03332122801553e-06,0.0,-1.46666525053144e-07,-1.0999988842364e-07,-3.66665202720477e-07,-8.7999968329663e-08,-1.61332952690018e-07,0.0,0.0,-2.56666447134009e-08,0.0,0.0,-3.29999029670702e-08,0.0,0.0,,,,Taiwan,CO2
GCAM 5.3,R_MAC_40_n0,TWN,Emissions|CO2|Industrial Processes,Mt CO2/yr,,,,17.3701554791049,,,14.3729309399633,,,,,14.4343181711251,,14.3292865130518,,,,,6.13441743851147,5.20765497905033,3.18986685041561,2.11549567650433,1.6211648746789,1.82973023670068,2.02018254876604,1.95821177667558,1.60947378256891,1.17526068919321,1.01186741812366,0.697285148017261,0.438152707872915,0.265947023831416,0.168916602347919,0.0899836896724772,,,,Taiwan,CO2
GCAM 5.3,R_MAC_40_n0,TWN,Emissions|N2O|AFOLU,Mt CO2e/yr,,,,3.215602381721184,,,2.9071293081680847,,,,,2.7679887513461816,,2.8204648554550653,,,,,1.389925023166953,1.028548474326282,0.83654232153765,0.7400757018689579,0.736841167743135,0.73358534281578,0.7285877502108661,0.723228622681929,0.720649966562253,0.7185092555776589,0.7158728364215611,0.712281460628829,0.707885840466441,0.70287176775543,0.697349968856814,0.6913796533526609,,,,Taiwan,N2O
GCAM 5.3,R_MAC_40_n8,TWN,Carbon Sequestration|CCS|Biomass,Mt CO2/yr,,,,0.0,,,0.0,,,,,0.0,,0.0,,,,,2.97836690742727,8.8152955680571,22.8102846969954,19.9709057150826,15.9235942869546,12.2701851001119,10.2310952282984,9.50505927506043,9.7598995804756,10.1931493033641,10.3592921813767,10.4244726140737,9.92207263824912,9.36438546208633,9.16799591461366,9.11428917240707,,,,Taiwan,
GCAM 5.3,R_MAC_40_n8,TWN,Emissions|CH4|AFOLU,Mt CO2e/yr,,,,2.892967930776,,,2.620619048298496,,,,,2.7185975720982403,,2.754819029941804,,,,,1.506632549044028,1.3634397970562881,1.399707186417036,1.557970762593392,1.607190748151604,1.6369416589982961,1.6566862346119682,1.662202879651832,1.669390186278444,1.671249384160048,1.6679542803326761,1.661401129138996,1.6530212839376879,1.6439405171994559,1.6342479074717602,1.624325299268784,,,,Taiwan,CH4
GCAM 5.3,R_MAC_40_n8,TWN,Emissions|CO2|AFOLU,Mt CO2/yr,,,,4.44269094076867,,,1.90655478425867,,,,,-0.0535506177689989,,0.0020818287482669,,,,,-5.46136372656013,-9.99574496065531,-10.3475083738913,-9.2005798464448,-7.4446555728655,-5.71373829297616,-4.26642616859511,-3.13638222727434,-2.28722682430396,-1.66208392668215,-1.20706890116801,-0.877508057942402,-0.640968796662814,-0.473032325236376,-0.3547806592287,-0.271879150269589,,,,Taiwan,CO2
GCAM 5.3,R_MAC_40_n8,TWN,Emissions|CO2|Energy and Industrial Processes,Mt CO2/yr,,,,290.214919116505,,,290.931204348289,,,,,279.234510309771,,314.055093316669,,,,,268.666466391938,206.34422317244,90.3011716578687,45.5400317072198,47.1493227472571,48.1471057320833,47.4472452603937,45.6180778361559,43.8866600123961,42.1036222847181,39.7504477048079,35.4475508845267,32.6000912414672,31.1898386157737,30.0464551757163,29.0967387264793,,,,Taiwan,CO2
GCAM 5.3,R_MAC_40_n8,TWN,Emissions|CO2|Energy|Demand,Mt CO2/yr,,,,144.762177850258,,,147.202869201449,,,,,143.815759683734,,134.962905895588,,,,,108.624997863926,92.4647979684721,66.9131707249259,45.3065930195817,44.0179113984204,41.9220226742866,39.6493867118315,37.6996855314407,36.6679036426793,35.8616392881234,35.1389385527043,34.425779482604,33.5825441342973,32.6417051425474,31.6571810632447,30.8347959988769,,,,Taiwan,CO2
GCAM 5.3,R_MAC_40_n8,TWN,Emissions|CO2|Energy|Demand|Industry,Mt CO2/yr,,,,83.4121791729861,,,83.8050414046776,,,,,86.5630563134925,,75.5185224793809,,,,,49.2121728254902,34.1979877392137,14.1424250372559,3.56540457561264,3.03908802179926,2.38712799245596,1.85294440392626,1.46094969609995,1.19233447907427,1.02307211304404,0.922216710554296,1.17161024895722,1.27138153482303,1.25600694092528,1.1278014863419,1.03253000426359,,,,Taiwan,CO2
GCAM 5.3,R_MAC_40_n8,TWN,Emissions|CO2|Energy|Demand|Residential and Commercial,Mt CO2/yr,,,,9.2449365404487,,,8.8519160380529,,,,,8.76536271322213,,10.2853977615356,,,,,12.2647012018822,12.2809738923521,10.2923121365981,8.834839338654,8.76437615945975,8.49589136484319,8.13110885680023,7.78098876102916,7.70061873067875,7.65571797336456,7.55996052710419,7.29956063301733,7.03018829227756,6.75785211027973,6.49087267890998,6.32989022473992,,,,Taiwan,CO2
GCAM 5.3,R_MAC_40_n8,TWN,Emissions|CO2|Energy|Demand|Residential and Commercial|Commercial,Mt CO2/yr,,,,4.1019337395697,,,3.9897065960339,,,,,4.17104629592566,,4.46000316533152,,,,,5.35833559842713,5.06498823510165,3.52099638946891,2.43918619906316,2.37093678001351,2.25237211281882,2.12586865064292,2.01250694350822,1.97058528269566,1.94480995153919,1.91152115371635,1.84127706893609,1.77112094419344,1.70170076418069,1.63666275024741,1.59486290652616,,,,Taiwan,CO2
GCAM 5.3,R_MAC_40_n8,TWN,Emissions|CO2|Energy|Demand|Residential and Commercial|Residential,Mt CO2/yr,,,,5.143002800879,,,4.862209442019,,,,,4.59431641729647,,5.82539459620411,,,,,6.90636560345503,7.2159856572505,6.77131574712919,6.39565313959084,6.39343937944625,6.24351925202437,6.00524020615731,5.76848181752094,5.73003344798309,5.71090802182537,5.64843937338784,5.45828356408124,5.25906734808412,5.05615134609904,4.85420992866257,4.73502731821376,,,,Taiwan,CO2
GCAM 5.3,R_MAC_40_n8,TWN,Emissions|CO2|Energy|Demand|Transportation,Mt CO2/yr,,,,52.1050621368234,,,54.5459117587188,,,,,48.4873406570198,,49.1589856546714,,,,,47.1481238365541,45.9858363369062,42.4784335510718,32.906349105315,32.2144472171614,31.0390033169875,29.665333451105,28.4577470743116,27.7749504329263,27.1828492017148,26.6567613150458,25.9546086006294,25.2809743071967,24.6278460913423,24.0385068979928,23.4723757698734,,,,Taiwan,CO2
GCAM 5.3,R_MAC_40_n8,TWN,Emissions|CO2|Energy|Supply,Mt CO2/yr,,,,128.082585787142,,,129.355404206876,,,,,120.984432454912,,164.76290090803,,,,,154.223032299209,109.376215330143,20.4942979993854,-1.8917118275052,1.33382660281716,4.55012529377289,6.13316186959986,6.33833703329644,5.80782706174405,4.85633449980375,3.32127442303079,0.170006063084601,-1.40606089744846,-1.5209521694612,-1.49776786986352,-1.61924331848862,,,,Taiwan,CO2
GCAM 5.3,R_MAC_40_n8,TWN,Emissions|CO2|Energy|Supply|Electricity,Mt CO2/yr,,,,114.100227849352,,,122.256113561486,,,,,116.831791620215,,160.572017248333,,,,,150.132828926462,105.504805413746,17.2463479616718,-4.60389484893123,-1.11817787290549,1.6470881645443,2.80876705472721,3.0587005509278,2.78546755825664,1.92018543997591,0.725157106660204,-1.28324371947245,-1.91056364978399,-1.34728139971304,-1.01982310186398,-1.14090660410108,,,,Taiwan,CO2
GCAM 5.3,R_MAC_40_n8,TWN,Emissions|CO2|Energy|Supply|Gases,Mt CO2/yr,,,,0.0,,,0.0,,,,,-2.61755383752968e-08,,0.0115360362084848,,,,,0.0043849207176819,0.0028475004701045,0.0004063906880484,1.26733624092251e-05,1.31346723771698e-05,1.11812910513042e-05,7.92342374157419e-06,5.55200051070199e-06,4.11842311969741e-06,3.14873021236756e-06,2.60433717753124e-06,2.10413290522813e-06,1.69782120205403e-06,1.53069978876124e-06,1.33952431268369e-06,1.15419225296021e-06,,,,Taiwan,CO2
GCAM 5.3,R_MAC_40_n8,TWN,Emissions|CO2|Energy|Supply|Liquids,Mt CO2/yr,,,,13.98235793779,,,7.09929064539,,,,,4.15264086087279,,4.15835628347244,,,,,4.07217483333488,3.84894094569407,3.29095227573538,2.76343474320593,2.50872979075421,2.96195409174608,3.38699153592814,3.36330703338509,3.11285126538062,3.04432215656439,2.71665908203317,1.55089471243001,0.582213808430165,-0.109401973133399,-0.424176120969196,-0.429551305226239,,,,Taiwan,CO2
GCAM 5.3,R_MAC_40_n8,TWN,Emissions|CO2|Energy|Supply|Solids,Mt CO2/yr,,,,0.0,,,-1.95964685228761e-17,,,,,0.0,,0.0,,,,,0.0,0.0,0.0,-4.76666197132783e-08,-1.83333007004945e-08,-1.10000008632801e-08,0.0,-2.56666417656694e-08,0.0,-7.33332603625768e-09,-1.31999861344504e-08,0.0,0.0,-1.17333267255959e-08,0.0,-6.23332937043553e-09,,,,Taiwan,CO2
GCAM 5.3,R_MAC_40_n8,TWN,Emissions|CO2|Industrial Processes,Mt CO2/yr,,,,17.3701554791049,,,14.3729309399633,,,,,14.4343181711251,,14.3292865130518,,,,,5.81843622880314,4.50320987382503,2.89370293355747,2.12515051514337,1.7975847460196,1.67495776402379,1.66469667896231,1.5800552714187,1.41092930797275,1.38564849679086,1.29023472907283,0.851765338838139,0.423608004618452,0.0690856426875298,-0.112958017664961,-0.118813953909064,,,,Taiwan,CO2
GCAM 5.3,R_MAC_40_n8,TWN,Emissions|N2O|AFOLU,Mt CO2e/yr,,,,3.215602381721184,,,2.9071293081680847,,,,,2.7679887513461816,,2.8204648554550653,,,,,1.340139342893988,0.9637362176690429,0.7828375332738869,0.7299509312593679,0.729555075705729,0.7260146485268041,0.7216127402571358,0.714914599086051,0.710805009361902,0.706183925563116,0.700957176015642,0.695639453257749,0.68968817232042,0.6834216095908109,0.676757504028333,0.669866287303122,,,,Taiwan,N2O
GCAM 5.3,R_MAC_45_n0,TWN,Carbon Sequestration|CCS|Biomass,Mt CO2/yr,,,,0.0,,,0.0,,,,,0.0,,0.0,,,,,1.71689511608136,3.6313478301225,8.7183972925815,18.9031081384642,24.3605673893302,18.632981978874,13.6663541833251,12.263304947683,12.4100094962726,13.0746698727883,12.5135461894177,11.7975333004792,11.427860920749,11.1243389497044,10.7586251043068,10.7164066033649,,,,Taiwan,
GCAM 5.3,R_MAC_45_n0,TWN,Emissions|CH4|AFOLU,Mt CO2e/yr,,,,2.892967930776,,,2.620619048298496,,,,,2.7185975720982403,,2.754819029941804,,,,,1.5713660585973002,1.4249673209963798,1.377882170466844,1.407575640358888,1.503038296504612,1.53898179356278,1.579966804347372,1.60694124315928,1.629552515069108,1.643482928829896,1.6515451727919481,1.6548697036561761,1.6542856722441,1.6515262594383842,1.647648144488304,1.64292201106236,,,,Taiwan,CH4
GCAM 5.3,R_MAC_45_n0,TWN,Emissions|CO2|AFOLU,Mt CO2/yr,,,,4.44269094076867,,,1.90655478425867,,,,,-0.0535506177689989,,0.0020818287482669,,,,,-5.22107126038301,-9.60822328025963,-9.93185058796334,-8.8848920258868,-7.41990686897533,-5.81853210330433,-4.40184739926401,-3.27962613421432,-2.42258236083802,-1.78018279595119,-1.30577603015107,-0.960212071929359,-0.710294731192372,-0.530168458388364,-0.401667188122606,-0.310695979200752,,,,Taiwan,CO2
GCAM 5.3,R_MAC_45_n0,TWN,Emissions|CO2|Energy and Industrial Processes,Mt CO2/yr,,,,290.214919116505,,,290.931204348289,,,,,279.234510309771,,314.055093316669,,,,,284.841834226851,261.48423352982,204.392753476405,115.058845424643,59.6273994201959,63.44365812271,62.5544782645901,58.5417389063919,54.6401213889804,50.0384693081489,48.3390821157237,46.6036701740949,43.9878133279567,41.6265902622028,40.4530851758725,38.6571816248938,,,,Taiwan,CO2
GCAM 5.3,R_MAC_45_n0,TWN,Emissions|CO2|Energy|Demand,Mt CO2/yr,,,,144.762177850258,,,147.202869201449,,,,,143.815759683734,,134.962905895588,,,,,116.188520217453,104.803853627828,92.199012030304,74.0445286984202,56.5587701398739,55.8713148139307,52.4651673715457,49.0995829465652,47.111764514213,45.1660212577185,44.0198340513493,43.0283123950421,42.1309409583046,41.338979656031,40.3760903742861,39.2864467827439,,,,Taiwan,CO2
GCAM 5.3,R_MAC_45_n0,TWN,Emissions|CO2|Energy|Demand|Industry,Mt CO2/yr,,,,83.4121791729861,,,83.8050414046776,,,,,86.5630563134925,,75.5185224793809,,,,,55.9890384995005,44.5824051585702,33.3209504036862,19.0643491787645,8.23044445161733,7.94987635163573,6.26469827435124,4.8394088162351,3.89044120130314,3.27255850470827,2.86792443776309,2.58874973166459,2.39048887370028,2.25523319989814,2.11475676088843,1.88808918805912,,,,Taiwan,CO2
GCAM 5.3,R_MAC_45_n0,TWN,Emissions|CO2|Energy|Demand|Residential and Commercial,Mt CO2/yr,,,,9.2449365404487,,,8.8519160380529,,,,,8.76536271322213,,10.2853977615356,,,,,12.428656755898,12.9758387784102,12.6066273034477,11.1173811602448,9.5096407354946,9.2955789119236,8.85600847011624,8.39675240631154,8.18587498767741,7.88403538257453,7.67973284670181,7.45714409013948,7.22190985009237,6.98321999794124,6.72287363784973,6.53851994092112,,,,Taiwan,CO2
GCAM 5.3,R_MAC_45_n0,TWN,Emissions|CO2|Energy|Demand|Residential and Commercial|Commercial,Mt CO2/yr,,,,4.1019337395697,,,3.9897065960339,,,,,4.17104629592566,,4.46000316533152,,,,,5.4466529852396,5.50051257391029,5.07228304546103,3.96941071291214,2.88119006165029,2.78734801409054,2.56879829398652,2.36411686228243,2.24223334031514,2.11231711919407,2.02926676847889,1.95558994869907,1.88438256182899,1.81714903845037,1.74798095111483,1.69394779260908,,,,Taiwan,CO2
GCAM 5.3,R_MAC_45_n0,TWN,Emissions|CO2|Energy|Demand|Residential and Commercial|Residential,Mt CO2/yr,,,,5.143002800879,,,4.862209442019,,,,,4.59431641729647,,5.82539459620411,,,,,6.98200377065836,7.47532620449993,7.53434425798667,7.14797044733268,6.62845067384431,6.50823089783307,6.28721017612972,6.03263554402911,5.94364164736227,5.77171826338046,5.65046607822292,5.50155414144041,5.33752728826337,5.16607095949087,4.9748926867349,4.84457214831204,,,,Taiwan,CO2
GCAM 5.3,R_MAC_45_n0,TWN,Emissions|CO2|Energy|Demand|Transportation,Mt CO2/yr,,,,52.1050621368234,,,54.5459117587188,,,,,48.4873406570198,,49.1589856546714,,,,,47.7708249620542,47.2456096908476,46.2714343231701,43.8627983594108,38.818684952762,38.6258595503714,37.3444606270782,35.8634217240185,35.0354483252324,34.0094273704357,33.4721767668844,32.982418573238,32.518542234512,32.1005264581917,31.5384599755479,30.8598376537637,,,,Taiwan,CO2
GCAM 5.3,R_MAC_45_n0,TWN,Emissions|CO2|Energy|Supply,Mt CO2/yr,,,,128.082585787142,,,129.355404206876,,,,,120.984432454912,,164.76290090803,,,,,162.128507356017,150.873842208717,108.128947571046,38.7448746334274,1.80730312968098,6.31925100006684,8.30785733010088,7.59557591848468,5.94296920021733,3.90516528775757,3.47137317870334,2.92806453918226,1.45312966323255,0.0172523951535724,-0.102083557586757,-0.746890233825267,,,,Taiwan,CO2
GCAM 5.3,R_MAC_45_n0,TWN,Emissions|CO2|Energy|Supply|Electricity,Mt CO2/yr,,,,114.100227849352,,,122.256113561486,,,,,116.831791620215,,160.572017248333,,,,,158.008261791088,146.900188525666,104.727905175396,36.8024190668196,1.34145049725559,5.11502450112711,5.0263293738827,3.88515630518493,2.77672613293794,2.39251238915578,2.25993041938839,2.09570036588534,1.02654893808736,-0.213669018633187,-0.201328118191459,-0.746847750646429,,,,Taiwan,CO2
GCAM 5.3,R_MAC_45_n0,TWN,Emissions|CO2|Energy|Supply|Gases,Mt CO2/yr,,,,0.0,,,0.0,,,,,-2.61755383752968e-08,,0.0115360362084848,,,,,0.0063963117516296,0.006104745761478,0.0047769440502755,0.001830641494665,0.0001966229087447,0.0002888643818719,0.0001978294423706,0.0001378300904576,0.0001136987466991,0.0001035922714566,9.49983150422553e-05,8.02779862928218e-05,6.20258085160848e-05,4.93132671526368e-05,4.52594588006833e-05,5.49477556700186e-05,,,,Taiwan,CO2
GCAM 5.3,R_MAC_45_n0,TWN,Emissions|CO2|Energy|Supply|Liquids,Mt CO2/yr,,,,13.98235793779,,,7.09929064539,,,,,4.15264086087279,,4.15835628347244,,,,,4.09591943581524,3.92118839298025,3.36079988056968,1.94849781222384,0.510259168868705,1.20935173035057,3.28455980775582,3.7268659007657,3.18944094957416,1.53774975900088,1.23832883030984,0.859883212812259,0.449362787657364,0.250110843250518,0.119007929097464,0.0219197891414392,,,,Taiwan,CO2
GCAM 5.3,R_MAC_45_n0,TWN,Emissions|CO2|Energy|Supply|Solids,Mt CO2/yr,,,,0.0,,,-1.95964685228761e-17,,,,,0.0,,0.0,,,,,0.0,-2.93332759875938e-06,-7.33332550533183e-07,0.0,0.0,-1.46666447756515e-07,0.0,-1.06333178494123e-07,-1.72332702659801e-07,0.0,-4.03332731601066e-08,-7.33333242811114e-09,0.0,-2.93333007340969e-08,-7.3333381442836704e-09,0.0,,,,Taiwan,CO2
GCAM 5.3,R_MAC_45_n0,TWN,Emissions|CO2|Industrial Processes,Mt CO2/yr,,,,17.3701554791049,,,14.3729309399633,,,,,14.4343181711251,,14.3292865130518,,,,,6.5248066533815,5.80653769327526,4.06479387505493,2.26944209279586,1.26132615064098,1.25309230871244,1.78145356294358,1.84658004134201,1.58538767455013,0.967282762672832,0.847874885671051,0.647293239870556,0.403742706419472,0.270358211018148,0.179078359173158,0.117625075975195,,,,Taiwan,CO2
GCAM 5.3,R_MAC_45_n0,TWN,Emissions|N2O|AFOLU,Mt CO2e/yr,,,,3.215602381721184,,,2.9071293081680847,,,,,2.7679887513461816,,2.8204648554550653,,,,,1.450370667354063,1.095442900468644,0.897667140665568,0.7840135092707189,0.7299988039892731,0.7317020338112941,0.728095112102904,0.7232514793726951,0.7209863958701039,0.7187699413431811,0.7159898268298229,0.7121969737624559,0.7076394399833851,0.702752158209192,0.697297345217655,0.691445208681864,,,,Taiwan,N2O
GCAM 5.3,R_MAC_45_n8,TWN,Carbon Sequestration|CCS|Biomass,Mt CO2/yr,,,,0.0,,,0.0,,,,,0.0,,0.0,,,,,2.22111290525267,5.02841502046193,15.47450840344,25.2060222844564,17.4270102358528,13.6028285750174,10.9630495932017,9.81051082086852,9.77732654724521,10.1259895721164,10.3919115091754,10.2230389304225,9.78808278065499,9.29353588348726,8.96102631860732,9.14640690748033,,,,Taiwan,
GCAM 5.3,R_MAC_45_n8,TWN,Emissions|CH4|AFOLU,Mt CO2e/yr,,,,2.892967930776,,,2.620619048298496,,,,,2.7185975720982403,,2.754819029941804,,,,,1.5389373985308399,1.39867559512702,1.377274186667092,1.445571425617648,1.611291371564084,1.636321067949428,1.657009065946808,1.66239126875752,1.6693303567195081,1.671092706228064,1.667911230986616,1.661374586724552,1.6528911102333,1.64383041953676,1.634172663313652,1.623888323746836,,,,Taiwan,CH4
GCAM 5.3,R_MAC_45_n8,TWN,Emissions|CO2|AFOLU,Mt CO2/yr,,,,4.44269094076867,,,1.90655478425867,,,,,-0.0535506177689989,,0.0020818287482669,,,,,-5.33268300085033,-9.77506412403363,-10.1047552499557,-9.03458917455747,-7.49912470725184,-5.85536914690775,-4.4050772154008,-3.25121779183685,-2.37495333648346,-1.7264709571501,-1.25363895397739,-0.910899031244341,-0.66445062925182,-0.488976621281071,-0.365545962413122,-0.28021154723942,,,,Taiwan,CO2
GCAM 5.3,R_MAC_45_n8,TWN,Emissions|CO2|Energy and Industrial Processes,Mt CO2/yr,,,,290.214919116505,,,290.931204348289,,,,,279.234510309771,,314.055093316669,,,,,278.171912769863,244.169656009858,148.585157902993,72.2290411807097,44.2746316101742,46.3416628131268,46.2845070306414,44.9800389129305,43.5765011553481,41.6932133382537,39.8510361829296,36.4701643217591,33.2930915575625,30.9673032910642,29.7950794802008,28.6314022144278,,,,Taiwan,CO2
GCAM 5.3,R_MAC_45_n8,TWN,Emissions|CO2|Energy|Demand,Mt CO2/yr,,,,144.762177850258,,,147.202869201449,,,,,143.815759683734,,134.962905895588,,,,,112.747186935511,100.293898384925,81.8024644751351,61.7775899861106,43.2184790647655,41.9738919182071,39.649659411508,37.7474402093185,36.7625242334366,35.9038896013321,35.1409821642839,34.329536210955,33.4900049271188,32.5390905001933,31.550615966047,30.7040258176792,,,,Taiwan,CO2
GCAM 5.3,R_MAC_45_n8,TWN,Emissions|CO2|Energy|Demand|Industry,Mt CO2/yr,,,,83.4121791729861,,,83.8050414046776,,,,,86.5630563134925,,75.5185224793809,,,,,52.8850142859051,40.7309996445927,25.0203233727391,10.9445564233485,2.74390788594554,2.37501460751354,1.83532740398258,1.45787876696756,1.19089421077238,1.02270767242366,0.906744651128743,1.11276763167144,1.24726113184732,1.22886858482266,1.11936808034777,0.992279682147272,,,,Taiwan,CO2
GCAM 5.3,R_MAC_45_n8,TWN,Emissions|CO2|Energy|Demand|Residential and Commercial,Mt CO2/yr,,,,9.2449365404487,,,8.8519160380529,,,,,8.76536271322213,,10.2853977615356,,,,,12.3636048784414,12.7666798108577,11.6997283203605,10.0042262889771,8.66585172959971,8.47431442317535,8.12390505835551,7.79153348312914,7.72512011487237,7.65661753554032,7.56632086560969,7.30158699597684,7.02226214979491,6.73620721704246,6.46106018446034,6.33331116444893,,,,Taiwan,CO2
GCAM 5.3,R_MAC_45_n8,TWN,Emissions|CO2|Energy|Demand|Residential and Commercial|Commercial,Mt CO2/yr,,,,4.1019337395697,,,3.9897065960339,,,,,4.17104629592566,,4.46000316533152,,,,,5.41256929739161,5.372180668098,4.47644204779001,3.20845147808328,2.32746871823014,2.24650852712532,2.12339953432039,2.01567459035709,1.97772751510325,1.94514882089716,1.91262087979365,1.84132881003865,1.7688629603349,1.69637608790154,1.62935856739495,1.59518115611931,,,,Taiwan,CO2
GCAM 5.3,R_MAC_45_n8,TWN,Emissions|CO2|Energy|Demand|Residential and Commercial|Residential,Mt CO2/yr,,,,5.143002800879,,,4.862209442019,,,,,4.59431641729647,,5.82539459620411,,,,,6.95103558104978,7.3944991427597,7.22328627257045,6.79577481089378,6.33838301136958,6.22780589605003,6.00050552403511,5.77585889277205,5.74739259976911,5.71146871464317,5.65369998581603,5.46025818593819,5.25339918946,5.03983112914092,4.8317016170654,4.73813000832962,,,,Taiwan,CO2
GCAM 5.3,R_MAC_45_n8,TWN,Emissions|CO2|Energy|Demand|Transportation,Mt CO2/yr,,,,52.1050621368234,,,54.5459117587188,,,,,48.4873406570198,,49.1589856546714,,,,,47.4985677711646,46.7962189294748,45.0824127820355,40.8288072737851,31.8087194492202,31.1245628875182,29.6904269491699,28.4980279592218,27.8465099077918,27.2245643933681,26.6679166475455,25.9151815833067,25.2204816454766,24.5740146983282,23.9701877012389,23.378434971083,,,,Taiwan,CO2
GCAM 5.3,R_MAC_45_n8,TWN,Emissions|CO2|Energy|Supply,Mt CO2/yr,,,,128.082585787142,,,129.355404206876,,,,,120.984432454912,,164.76290090803,,,,,159.230720395968,138.566381244561,63.4887193086249,8.31971943482436,-0.408288156466754,2.88128529839437,5.04288813410762,5.64482772621918,5.34094076001364,4.41052385021625,3.37230959073794,1.24997978254471,-0.634268433587545,-1.58900288463785,-1.51487932186701,-1.93166714914499,,,,Taiwan,CO2
GCAM 5.3,R_MAC_45_n8,TWN,Emissions|CO2|Energy|Supply|Electricity,Mt CO2/yr,,,,114.100227849352,,,122.256113561486,,,,,116.831791620215,,160.572017248333,,,,,155.12482568007,134.626782674533,60.3435147336371,6.54346586902265,-2.23142317889976,0.363669987197344,1.81490217040207,2.2777678545718,2.12857269197997,1.49355465627161,0.665414030655361,-0.264914942043335,-1.17774396931062,-1.3713559172653,-0.899877305883339,-1.4641003455966,,,,Taiwan,CO2
GCAM 5.3,R_MAC_45_n8,TWN,Emissions|CO2|Energy|Supply|Gases,Mt CO2/yr,,,,0.0,,,0.0,,,,,-2.61755383752968e-08,,0.0115360362084848,,,,,0.0054202059092999,0.0046669173646127,0.002293324769626,0.0003167614190069,9.55679218618423e-06,1.04256082137578e-05,7.38616249432592e-06,5.44963977321289e-06,4.35376002234235e-06,3.27468783686883e-06,2.61647756273088e-06,2.35615950424401e-06,1.90350203286562e-06,1.56748527051895e-06,1.35742989667339e-06,1.05448314592825e-06,,,,Taiwan,CO2
GCAM 5.3,R_MAC_45_n8,TWN,Emissions|CO2|Energy|Supply|Liquids,Mt CO2/yr,,,,13.98235793779,,,7.09929064539,,,,,4.15264086087279,,4.15835628347244,,,,,4.08462700222689,3.89682922666415,3.14542554065015,1.81998871366574,1.87969015064409,2.5766398513719,3.29023527853188,3.45040440350668,3.30341322765849,3.02128647491249,2.82176549533504,1.61503196728133,0.620198819894366,-0.158235291206706,-0.565071106997408,-0.415892401470886,,,,Taiwan,CO2
GCAM 5.3,R_MAC_45_n8,TWN,Emissions|CO2|Energy|Supply|Solids,Mt CO2/yr,,,,0.0,,,-1.95964685228761e-17,,,,,0.0,,0.0,,,,,0.0,-3.29999345801495e-06,0.0,-2.566665960249e-07,-3.29999675466396e-08,-3.29999906999819e-08,-1.833329548373e-08,0.0,0.0,-3.29998787197777e-08,-7.33333013358094e-10,-4.39999198762742e-09,-9.89999617348534e-09,-5.1333268155187e-09,0.0,-2.9333265113209804e-09,,,,Taiwan,CO2
GCAM 5.3,R_MAC_45_n8,TWN,Emissions|CO2|Industrial Processes,Mt CO2/yr,,,,17.3701554791049,,,14.3729309399633,,,,,14.4343181711251,,14.3292865130518,,,,,6.19400543838371,5.30937638037215,3.29397411923324,2.13173175977465,1.46444070187548,1.48648559652533,1.59195948502578,1.58777097739282,1.47303616189789,1.37879988670528,1.33774442790775,0.890648328259363,0.437355064031204,0.0172156755087203,-0.24065716397919,-0.140956454106445,,,,Taiwan,CO2
GCAM 5.3,R_MAC_45_n8,TWN,Emissions|N2O|AFOLU,Mt CO2e/yr,,,,3.215602381721184,,,2.9071293081680847,,,,,2.7679887513461816,,2.8204648554550653,,,,,1.3989233576545501,1.040379334489677,0.846516544028337,0.7452907045447499,0.7280567777159042,0.7253674988818439,0.7212962739801,0.714789108500922,0.7107810101980769,0.7061743154637989,0.700859307937698,0.6955089843557309,0.6896131533162689,0.683524548224973,0.676875670289364,0.6694273949718811,,,,Taiwan,N2O
GCAM 5.3,R_MAC_50_n0,TWN,Carbon Sequestration|CCS|Biomass,Mt CO2/yr,,,,0.0,,,0.0,,,,,0.0,,0.0,,,,,1.32546943049721,2.83239990082421,5.31533442654551,11.9617155040953,19.6370268118508,22.0876254128458,15.9178158428284,13.0302572849863,12.530446364138,12.8975978081234,12.2806394504045,11.6570389265077,11.1596586890862,10.9472521233849,10.8411032294363,10.6651342197345,,,,Taiwan,
GCAM 5.3,R_MAC_50_n0,TWN,Emissions|CH4|AFOLU,Mt CO2e/yr,,,,2.892967930776,,,2.620619048298496,,,,,2.7185975720982403,,2.754819029941804,,,,,1.6035971124600839,1.444679739655656,1.404395492903816,1.39394445999088,1.444641767516444,1.5437182851049118,1.57831302811042,1.605610232880752,1.6287186842912158,1.642826988764556,1.6511053494376842,1.6547521961708078,1.654294901607964,1.651542473205268,1.6475656278292679,1.642787780393872,,,,Taiwan,CH4
GCAM 5.3,R_MAC_50_n0,TWN,Emissions|CO2|AFOLU,Mt CO2/yr,,,,4.44269094076867,,,1.90655478425867,,,,,-0.0535506177689989,,0.0020818287482669,,,,,-5.109434145662,-9.4507596597403,-9.79167590409434,-8.74758055677147,-7.31957801337693,-5.88821233569606,-4.53139310186534,-3.39493662445007,-2.51354972723939,-1.84786265949487,-1.35491047527251,-0.995854554521845,-0.736641017490865,-0.549750884699379,-0.415623526580971,-0.320162029647749,,,,Taiwan,CO2
GCAM 5.3,R_MAC_50_n0,TWN,Emissions|CO2|Energy and Industrial Processes,Mt CO2/yr,,,,290.214919116505,,,290.931204348289,,,,,279.234510309771,,314.055093316669,,,,,290.403103453137,272.767544030408,239.222598997104,167.573425716066,99.0255082708114,56.3265410506356,59.0393989464133,57.1869230575837,54.0292191194383,49.6598645508231,47.9300642384522,46.6453014546646,44.6347452630953,42.2104747734674,40.1738469560356,38.6545682933792,,,,Taiwan,CO2
GCAM 5.3,R_MAC_50_n0,TWN,Emissions|CO2|Energy|Demand,Mt CO2/yr,,,,144.762177850258,,,147.202869201449,,,,,143.815759683734,,134.962905895588,,,,,119.464956655171,108.292348346194,98.980607380818,85.3858198708855,69.1264906418353,54.2036989832281,52.11648400924,49.1139418259323,47.2190849058907,45.2745561129771,44.0683203014622,43.0107888943234,42.0218265340598,41.1495711691005,40.2228441870727,39.1847117191393,,,,Taiwan,CO2
GCAM 5.3,R_MAC_50_n0,TWN,Emissions|CO2|Energy|Demand|Industry,Mt CO2/yr,,,,83.4121791729861,,,83.8050414046776,,,,,86.5630563134925,,75.5185224793809,,,,,58.9729864158393,47.6004919549419,38.9469318876114,27.7401771893382,15.5844095312723,7.1836552518629,6.2077758535306,4.88612493088658,3.95089009044225,3.32865897327299,2.89497634812219,2.56511601742393,2.34292001902543,2.19242233656037,2.06659728825944,1.86706196928053,,,,Taiwan,CO2
GCAM 5.3,R_MAC_50_n0,TWN,Emissions|CO2|Energy|Demand|Residential and Commercial,Mt CO2/yr,,,,9.2449365404487,,,8.8519160380529,,,,,8.76536271322213,,10.2853977615356,,,,,12.4758264537493,13.1051038879534,13.0789654187403,12.1733429028647,10.5861994733258,9.13654455370245,8.78533775665703,8.37702109232938,8.18496348238864,7.88466599850077,7.66797945193638,7.44783269690147,7.21447800744666,6.97267328078517,6.7179735250938,6.53766613589963,,,,Taiwan,CO2
GCAM 5.3,R_MAC_50_n0,TWN,Emissions|CO2|Energy|Demand|Residential and Commercial|Commercial,Mt CO2/yr,,,,4.1019337395697,,,3.9897065960339,,,,,4.17104629592566,,4.46000316533152,,,,,5.46952695804499,5.57764168019573,5.37548579261619,4.67537190041773,3.59826789732393,2.70198932198627,2.54797796164454,2.36185094369254,2.24603237549775,2.11658615300366,2.02850010086206,1.95293269569738,1.88122995506116,1.81258730975722,1.74541546037966,1.69326803235474,,,,Taiwan,CO2
GCAM 5.3,R_MAC_50_n0,TWN,Emissions|CO2|Energy|Demand|Residential and Commercial|Residential,Mt CO2/yr,,,,5.143002800879,,,4.862209442019,,,,,4.59431641729647,,5.82539459620411,,,,,7.00629949570435,7.52746220775763,7.70347962612413,7.49797100244702,6.98793157600191,6.43455523171618,6.23735979501249,6.01517014863684,5.9389311068909,5.76807984549711,5.63947935107431,5.49490000120409,5.3332480523855,5.16008597102796,4.97255806471414,4.84439810354488,,,,Taiwan,CO2
GCAM 5.3,R_MAC_50_n0,TWN,Emissions|CO2|Energy|Demand|Transportation,Mt CO2/yr,,,,52.1050621368234,,,54.5459117587188,,,,,48.4873406570198,,49.1589856546714,,,,,48.0161437855821,47.5867525032986,46.9547100744663,45.4722997786826,42.9558816372372,37.8834991776627,37.1233703990523,35.8507958027163,35.0832313330598,34.0612311412034,33.5053645014036,32.997840179998,32.4644285075877,31.984475551755,31.4382733737194,30.7799836139591,,,,Taiwan,CO2
GCAM 5.3,R_MAC_50_n0,TWN,Emissions|CO2|Energy|Supply,Mt CO2/yr,,,,128.082585787142,,,129.355404206876,,,,,120.984432454912,,164.76290090803,,,,,164.074178470523,158.278871274364,135.383436697739,79.4281184361222,28.2384645468731,1.32478115566189,5.62517807385061,6.42645606643672,5.31828758618513,3.54466063855936,3.19365733576058,3.07451536020892,2.22846852687051,0.805256488297377,-0.245815806420776,-0.675415840307674,,,,Taiwan,CO2
GCAM 5.3,R_MAC_50_n0,TWN,Emissions|CO2|Energy|Supply|Electricity,Mt CO2/yr,,,,114.100227849352,,,122.256113561486,,,,,116.831791620215,,160.572017248333,,,,,159.939736921116,154.279725566907,131.783784329042,76.8372515575767,27.1798629499633,1.15567773933058,3.57231255902505,3.18596173614837,2.34942101439986,2.30051761840245,2.38193844383981,2.44709844888073,1.86359688455778,0.603666498335926,-0.392207678054367,-0.745075361658393,,,,Taiwan,CO2
GCAM 5.3,R_MAC_50_n0,TWN,Emissions|CO2|Energy|Supply|Gases,Mt CO2/yr,,,,0.0,,,0.0,,,,,-2.61755383752968e-08,,0.0115360362084848,,,,,0.0074342309642307,0.0074643071468523,0.0071954619406346,0.0051590664751539,0.0014804888266726,0.0001957931103102,0.0001863264642557,0.0001356509747233,0.000114735913441,0.0001098378138274,9.76558401959079e-05,8.19736339515024e-05,6.61545469403976e-05,5.27974728698198e-05,4.54047298740385e-05,5.59529369645965e-05,,,,Taiwan,CO2
GCAM 5.3,R_MAC_50_n0,TWN,Emissions|CO2|Energy|Supply|Liquids,Mt CO2/yr,,,,13.98235793779,,,7.09929064539,,,,,4.15264086087279,,4.15835628347244,,,,,4.10696454571524,3.94060961098985,3.52890244812368,2.55058460487237,1.0633543023421,0.208449630234035,2.06406160035542,3.25949061483107,2.9924113230926,1.26741659305395,0.835110123420619,0.651772288111144,0.388451283989708,0.222317060694172,0.166004685743461,0.0909309133045072,,,,Taiwan,CO2
GCAM 5.3,R_MAC_50_n0,TWN,Emissions|CO2|Energy|Supply|Solids,Mt CO2/yr,,,,0.0,,,-1.95964685228761e-17,,,,,0.0,,0.0,,,,,0.0,0.0,-7.33332517671866e-07,0.0,-2.19999691618401e-07,0.0,0.0,-1.2099977938812e-07,0.0,0.0,0.0,0.0,0.0,-3.66667089733008e-09,0.0,0.0,,,,Taiwan,CO2
GCAM 5.3,R_MAC_50_n0,TWN,Emissions|CO2|Industrial Processes,Mt CO2/yr,,,,17.3701554791049,,,14.3729309399633,,,,,14.4343181711251,,14.3292865130518,,,,,6.86396832744277,6.1963244098498,4.85855491854695,2.7594874090583,1.66055308210293,0.798060911745658,1.29773686332269,1.64652516521475,1.4918466273624,0.840647799286671,0.668086601229382,0.559997200132291,0.384450202164958,0.255647116069499,0.196818575383711,0.14527241454756,,,,Taiwan,CO2
GCAM 5.3,R_MAC_50_n0,TWN,Emissions|N2O|AFOLU,Mt CO2e/yr,,,,3.215602381721184,,,2.9071293081680847,,,,,2.7679887513461816,,2.8204648554550653,,,,,1.500069362595531,1.1412318907426708,0.9551288706370319,0.829406020020942,0.7551715436202211,0.7267803797315879,0.7264642588787219,0.722734039184976,0.7209540257067331,0.718955265521493,0.716190256727673,0.712318369904778,0.707500033272123,0.7024684060539601,0.697098228968778,0.691341166710285,,,,Taiwan,N2O
GCAM 5.3,R_MAC_50_n8,TWN,Carbon Sequestration|CCS|Biomass,Mt CO2/yr,,,,0.0,,,0.0,,,,,0.0,,0.0,,,,,1.73125550738685,3.66458128981039,8.88185459410792,19.1309467958435,24.3698207482047,14.9226805660242,11.8161344185671,10.2023268535369,9.92077194673627,10.0723530713012,10.2954973804872,10.043074278795,9.52276249908696,9.11955464090858,8.94257401258573,9.10775072614726,,,,Taiwan,
GCAM 5.3,R_MAC_50_n8,TWN,Emissions|CH4|AFOLU,Mt CO2e/yr,,,,2.892967930776,,,2.620619048298496,,,,,2.7185975720982403,,2.754819029941804,,,,,1.570323874774648,1.42425451506758,1.377711527128384,1.4082681165376598,1.505861439625984,1.638027294230712,1.657109785873696,1.662545637527656,1.669323956690068,1.6708687860147922,1.6677739158751161,1.661269081288908,1.6528200280813201,1.643647414251332,1.633981164368532,1.623585106101336,,,,Taiwan,CH4
GCAM 5.3,R_MAC_50_n8,TWN,Emissions|CO2|AFOLU,Mt CO2/yr,,,,4.44269094076867,,,1.90655478425867,,,,,-0.0535506177689989,,0.0020818287482669,,,,,-5.22468770881566,-9.61338774843297,-9.93685748891367,-8.88956334351214,-7.4229679847928,-5.92389565762562,-4.5299231495302,-3.36852264130474,-2.47022966988673,-1.79842195419495,-1.30624566748322,-0.948682034530245,-0.691298614859966,-0.508009043429378,-0.379150693451988,-0.290038957447958,,,,Taiwan,CO2
GCAM 5.3,R_MAC_50_n8,TWN,Emissions|CO2|Energy and Industrial Processes,Mt CO2/yr,,,,290.214919116505,,,290.931204348289,,,,,279.234510309771,,314.055093316669,,,,,284.646404101486,261.042881161274,202.894296134979,113.551572405457,58.6372696574331,44.1957127750202,44.9179915845721,44.1628600133798,43.0233694914277,41.2251934137803,39.5431123907892,36.8389076360292,34.054053003937,31.3442653250195,29.5229573518466,28.3866819720616,,,,Taiwan,CO2
GCAM 5.3,R_MAC_50_n8,TWN,Emissions|CO2|Energy|Demand,Mt CO2/yr,,,,144.762177850258,,,147.202869201449,,,,,143.815759683734,,134.962905895588,,,,,116.080271501755,104.677475070923,91.9228709665457,73.6534071036803,56.121667878668,41.6350312201596,39.6458130817801,37.7471043143038,36.7811401907653,35.9034414395064,35.1608084221766,34.2206008332782,33.3964560804663,32.4042549873949,31.3955664679109,30.5948280086395,,,,Taiwan,CO2
GCAM 5.3,R_MAC_50_n8,TWN,Emissions|CO2|Energy|Demand|Industry,Mt CO2/yr,,,,83.4121791729861,,,83.8050414046776,,,,,86.5630563134925,,75.5185224793809,,,,,55.8909379435935,44.4736060436865,33.0952922762033,18.7795779334521,8.01415743561144,2.23933089440469,1.81047828467059,1.44692685687696,1.18852674637595,1.02621413224221,0.90159435439493,1.02678206800242,1.21135900944216,1.17574280636593,1.048591446832,0.954827234421908,,,,Taiwan,CO2
GCAM 5.3,R_MAC_50_n8,TWN,Emissions|CO2|Energy|Demand|Residential and Commercial,Mt CO2/yr,,,,9.2449365404487,,,8.8519160380529,,,,,8.76536271322213,,10.2853977615356,,,,,12.4268472835993,12.9706430883845,12.5849845436873,11.0801541873525,9.47734014154922,8.41164016024863,8.09919877476326,7.78258081616407,7.72747183894759,7.65240813436174,7.56272456624089,7.29023819476109,7.00844701898903,6.71920239605351,6.45163514412793,6.33238411985492,,,,Taiwan,CO2
GCAM 5.3,R_MAC_50_n8,TWN,Emissions|CO2|Energy|Demand|Residential and Commercial|Commercial,Mt CO2/yr,,,,4.1019337395697,,,3.9897065960339,,,,,4.17104629592566,,4.46000316533152,,,,,5.44573024353086,5.49736725398525,5.05824309842341,3.94413970110046,2.85952073394281,2.22234711988926,2.11608241156411,2.01322078842025,1.97875759407705,1.94457927022092,1.91183477150625,1.83824941974176,1.76525976976794,1.6920081855286,1.62678237853026,1.59469170893351,,,,Taiwan,CO2
GCAM 5.3,R_MAC_50_n8,TWN,Emissions|CO2|Energy|Demand|Residential and Commercial|Residential,Mt CO2/yr,,,,5.143002800879,,,4.862209442019,,,,,4.59431641729647,,5.82539459620411,,,,,6.9811170400684,7.47327583439923,7.52674144526387,7.13601448625209,6.6178194076064,6.18929304035936,5.98311636319915,5.76936002774382,5.74871424487053,5.70782886414082,5.65088979473463,5.45198877501934,5.24318724922109,5.02719421052491,4.82485276559768,4.73769241092141,,,,Taiwan,CO2
GCAM 5.3,R_MAC_50_n8,TWN,Emissions|CO2|Energy|Demand|Transportation,Mt CO2/yr,,,,52.1050621368234,,,54.5459117587188,,,,,48.4873406570198,,49.1589856546714,,,,,47.7624862745625,47.2332259388519,46.2425941466551,43.7936749828756,38.6301703015074,30.9840601655063,29.7361360223462,28.5175966412628,27.8651416054417,27.2248191729024,26.6964895015408,25.9035805705147,25.1766500520351,24.5093097849755,23.895339876951,23.3076166543627,,,,Taiwan,CO2
GCAM 5.3,R_MAC_50_n8,TWN,Emissions|CO2|Energy|Supply,Mt CO2/yr,,,,128.082585787142,,,129.355404206876,,,,,120.984432454912,,164.76290090803,,,,,162.052061553944,150.572978932378,106.933444510753,37.634087161262,1.26058969283445,1.34119094247729,3.84903488537052,4.90740629375922,4.80342160571868,4.01292263546841,3.09356771777146,1.78589923276791,0.251598133285931,-1.030574395513,-1.59826927148785,-2.06102943713714,,,,Taiwan,CO2
GCAM 5.3,R_MAC_50_n8,TWN,Emissions|CO2|Energy|Supply|Electricity,Mt CO2/yr,,,,114.100227849352,,,122.256113561486,,,,,116.831791620215,,160.572017248333,,,,,157.932310961875,146.600260849666,103.540722035674,35.7106175902365,0.78272188832194,-0.655787335200241,0.953287564983192,1.66143424474713,1.62158950949463,1.24452461713771,0.50429214179078,0.407674808774593,-0.228921660473486,-0.760844037775207,-0.962019327488804,-1.60789176797173,,,,Taiwan,CO2
GCAM 5.3,R_MAC_50_n8,TWN,Emissions|CO2|Energy|Supply|Gases,Mt CO2/yr,,,,0.0,,,0.0,,,,,-2.61755383752968e-08,,0.0115360362084848,,,,,0.0063639165836004,0.0060598234334241,0.0046960587585029,0.0017527000747866,0.0001811268813619,8.7313086843392e-06,6.9624649184576e-06,5.27085362210995e-06,4.39668731961031e-06,3.62212268561896e-06,2.79714982103718e-06,2.52412454407609e-06,2.14888755671256e-06,1.71792955107226e-06,1.36506532193017e-06,1.0519108151494e-06,,,,Taiwan,CO2
GCAM 5.3,R_MAC_50_n8,TWN,Emissions|CO2|Energy|Supply|Liquids,Mt CO2/yr,,,,13.98235793779,,,7.09929064539,,,,,4.15264086087279,,4.15835628347244,,,,,4.09552955317245,3.92049700875283,3.35365368876247,1.93092257054089,0.52310797542046,2.05695771059442,2.95874394743319,3.32922244880798,3.27362966227098,2.86967449642654,2.70086526269541,1.47430226381079,0.556422182028751,-0.212746761837343,-0.58767275008728,-0.400958860708298,,,,Taiwan,CO2
GCAM 5.3,R_MAC_50_n8,TWN,Emissions|CO2|Energy|Supply|Solids,Mt CO2/yr,,,,0.0,,,-1.95964685228761e-17,,,,,0.0,,0.0,,,,,-3.66666168345209e-06,0.0,0.0,-1.50332929350602e-06,0.0,0.0,0.0,0.0,0.0,-3.66665799541161e-08,-1.57666248834466e-08,-1.86999400858731e-08,0.0,0.0,0.0,0.0,,,,Taiwan,CO2
GCAM 5.3,R_MAC_50_n8,TWN,Emissions|CO2|Industrial Processes,Mt CO2/yr,,,,17.3701554791049,,,14.3729309399633,,,,,14.4343181711251,,14.3292865130518,,,,,6.51407104578684,5.79242715797301,4.03798065768019,2.26407814051487,1.25501208593059,1.21949061238335,1.42314361742148,1.50834940531678,1.4388076949437,1.30882933880548,1.28873625084114,0.832407569983033,0.40599879018476,-0.029415266862393,-0.274339844576457,-0.14711659944079,,,,Taiwan,CO2
GCAM 5.3,R_MAC_50_n8,TWN,Emissions|N2O|AFOLU,Mt CO2e/yr,,,,3.215602381721184,,,2.9071293081680847,,,,,2.7679887513461816,,2.8204648554550653,,,,,1.448744559628002,1.093853131483476,0.8961532855760941,0.782592530132595,0.7295648342960249,0.724504513748652,0.720873403449927,0.7145875218174419,0.7106821656894959,0.706211702986881,0.700873651506756,0.695540756751204,0.6896403642557519,0.683472829691379,0.6767333924679511,0.669188230947327,,,,Taiwan,N2O
GCAM 5.3,R_MAC_55_n0,TWN,Carbon Sequestration|CCS|Biomass,Mt CO2/yr,,,,0.0,,,0.0,,,,,0.0,,0.0,,,,,1.06086557977565,2.37243196234228,3.92178177319225,7.83906542597558,14.0869759039674,19.3354712664366,19.782442383736,15.1411405243492,13.425253173365,12.9943178193548,12.0703046915401,11.3422047599984,10.9259813228833,10.7499400836486,10.7580783071077,10.7841503068012,,,,Taiwan,
GCAM 5.3,R_MAC_55_n0,TWN,Emissions|CH4|AFOLU,Mt CO2e/yr,,,,2.892967930776,,,2.620619048298496,,,,,2.7185975720982403,,2.754819029941804,,,,,1.630487648085212,1.459427202630404,1.422625683450636,1.397328138250044,1.421706604169432,1.482113141508048,1.580647581205532,1.6041896280264119,1.627651647398084,1.642190010479648,1.650610884348916,1.6544749324250279,1.654190200073124,1.6515534283822,1.64747714830846,1.6426566991045402,,,,Taiwan,CH4
GCAM 5.3,R_MAC_55_n0,TWN,Emissions|CO2|AFOLU,Mt CO2/yr,,,,4.44269094076867,,,1.90655478425867,,,,,-0.0535506177689989,,0.0020818287482669,,,,,-5.014676791256,-9.3182979083513,-9.68539334120599,-8.6503242353638,-7.2339313914329,-5.83586077166462,-4.6022943631251,-3.508859813778,-2.61384199905301,-1.9262799977476,-1.41272788376411,-1.03754801244079,-0.766804116608046,-0.572152493907907,-0.432371720316985,-0.332146167081856,,,,Taiwan,CO2
GCAM 5.3,R_MAC_55_n0,TWN,Emissions|CO2|Energy and Industrial Processes,Mt CO2/yr,,,,290.214919116505,,,290.931204348289,,,,,279.234510309771,,314.055093316669,,,,,294.455474655146,279.938684101518,256.80363386805,208.545994858855,137.373750629462,87.1308349301259,52.2103320442776,53.6613424258205,52.2224917183865,49.0847856136219,47.682453354374,46.5924533391658,45.019389457675,42.7401311020287,40.5383492114639,38.3966675780593,,,,Taiwan,CO2
GCAM 5.3,R_MAC_55_n0,TWN,Emissions|CO2|Energy|Demand,Mt CO2/yr,,,,144.762177850258,,,147.202869201449,,,,,143.815759683734,,134.962905895588,,,,,122.090871396698,110.807849018569,102.967191481352,92.8707054681369,78.7451275147988,64.8608825583945,50.8075069120941,48.7159710247673,47.0800046148004,45.3265491349189,44.1491896551284,43.0735888695976,42.0246426027624,41.0434762104122,40.0426768273453,39.042613307025,,,,Taiwan,CO2
GCAM 5.3,R_MAC_55_n0,TWN,Emissions|CO2|Energy|Demand|Industry,Mt CO2/yr,,,,83.4121791729861,,,83.8050414046776,,,,,86.5630563134925,,75.5185224793809,,,,,61.3819780320244,49.7891190229299,42.3004493754253,33.7923418708434,22.5658809695453,12.983057334421,5.73360040426749,4.8073574175555,3.95562682778437,3.36155313747249,2.93038085694162,2.5764346265647,2.31557659337158,2.14205122513551,2.00680464341695,1.81984021516677,,,,Taiwan,CO2
GCAM 5.3,R_MAC_55_n0,TWN,Emissions|CO2|Energy|Demand|Residential and Commercial,Mt CO2/yr,,,,9.2449365404487,,,8.8519160380529,,,,,8.76536271322213,,10.2853977615356,,,,,12.5033488042639,13.1845568444147,13.3047801044764,12.7886464268891,11.4803635496186,9.9994576246483,8.6425134888843,8.30656613263674,8.1487606725179,7.88373968621048,7.66851542730078,7.44430064715315,7.21302988401319,6.96907692228013,6.71269293177458,6.5378580025068,,,,Taiwan,CO2
GCAM 5.3,R_MAC_55_n0,TWN,Emissions|CO2|Energy|Demand|Residential and Commercial|Commercial,Mt CO2/yr,,,,4.1019337395697,,,3.9897065960339,,,,,4.17104629592566,,4.46000316533152,,,,,5.48109395043484,5.62380547365666,5.51739358614623,5.07764553868759,4.20196915295466,3.26944495736934,2.48313984039348,2.34024925500791,2.23747700928736,2.11909594670743,2.03135478090452,1.95363794658931,1.88066216394907,1.8104969880565,1.74251780156827,1.69226925880217,,,,Taiwan,CO2
GCAM 5.3,R_MAC_55_n0,TWN,Emissions|CO2|Energy|Demand|Residential and Commercial|Residential,Mt CO2/yr,,,,5.143002800879,,,4.862209442019,,,,,4.59431641729647,,5.82539459620411,,,,,7.02225485382905,7.56075137075803,7.78738651833015,7.71100088820147,7.27839439666394,6.73001266727896,6.15937364849082,5.96631687762883,5.91128366323054,5.76464373950305,5.63716064639626,5.49066270056384,5.33236772006412,5.15857993422363,4.97017513020631,4.84558874370463,,,,Taiwan,CO2
GCAM 5.3,R_MAC_55_n0,TWN,Emissions|CO2|Energy|Demand|Transportation,Mt CO2/yr,,,,52.1050621368234,,,54.5459117587188,,,,,48.4873406570198,,49.1589856546714,,,,,48.2055445604094,47.8341731512249,47.36196200145,46.2897171704044,44.6988829956349,41.8783675993253,36.4313930189423,35.6020474745751,34.9756171144982,34.0812563112359,33.550293370886,33.0528535958798,32.4960361253776,31.9323480629966,31.3231792521538,30.6849150893514,,,,Taiwan,CO2
GCAM 5.3,R_MAC_55_n0,TWN,Emissions|CO2|Energy|Supply,Mt CO2/yr,,,,128.082585787142,,,129.355404206876,,,,,120.984432454912,,164.76290090803,,,,,165.205098554897,162.648412208435,148.412787589846,112.268893569468,56.7077063393763,20.9733164808415,0.696330748372932,3.74272551769109,3.88986728794017,2.98435055953602,2.94427882044266,3.04254287245759,2.62633248905664,1.43037643115117,0.288182852784462,-0.8329345343869,,,,Taiwan,CO2
GCAM 5.3,R_MAC_55_n0,TWN,Emissions|CO2|Energy|Supply|Electricity,Mt CO2/yr,,,,114.100227849352,,,122.256113561486,,,,,116.831791620215,,160.572017248333,,,,,161.058289814053,158.630133429081,144.70698947831,109.276626170908,54.7112468479839,20.0700890513277,0.0668565871345882,1.59410698621054,1.47735130145234,1.83527647346446,2.2704722127955,2.58945788105675,2.30707931309881,1.22180396452027,0.127731464732613,-0.982378773176016,,,,Taiwan,CO2
GCAM 5.3,R_MAC_55_n0,TWN,Emissions|CO2|Energy|Supply|Gases,Mt CO2/yr,,,,0.0,,,0.0,,,,,-2.61755383752968e-08,,0.0115360362084848,,,,,0.0083605838512366,0.0085991259781127,0.0090836020743201,0.0086107816405257,0.0044264049577229,0.0012506062247449,0.0001411448768455,0.0001280671138027,0.0001143708275756,0.0001126592780016,0.0001033446863043,8.54804872664994e-05,6.92330302559679e-05,5.58659342515615e-05,4.97301196295463e-05,5.64839602910684e-05,,,,Taiwan,CO2
GCAM 5.3,R_MAC_55_n0,TWN,Emissions|CO2|Energy|Supply|Liquids,Mt CO2/yr,,,,13.98235793779,,,7.09929064539,,,,,4.15264086087279,,4.15835628347244,,,,,4.11654040265118,3.95611020936308,3.61724874326851,2.91750366024314,1.95677656866488,0.908126333018744,0.669422957841987,2.17718108114774,2.43919915213684,1.17303818727602,0.695140999028407,0.474466911789306,0.34060846628159,0.230078883949084,0.181931360877523,0.171050970673398,,,,Taiwan,CO2
GCAM 5.3,R_MAC_55_n0,TWN,Emissions|CO2|Energy|Supply|Solids,Mt CO2/yr,,,,0.0,,,-1.95964685228761e-17,,,,,0.0,,0.0,,,,,0.0,0.0,0.0,-3.29999067834298e-06,-1.79665969343754e-06,0.0,0.0,0.0,0.0,0.0,0.0,-7.3333336148879605e-09,0.0,-1.09999948893608e-08,-2.56666408378513e-08,-1.83333140262126e-08,,,,Taiwan,CO2
GCAM 5.3,R_MAC_55_n0,TWN,Emissions|CO2|Industrial Processes,Mt CO2/yr,,,,17.3701554791049,,,14.3729309399633,,,,,14.4343181711251,,14.3292865130518,,,,,7.15950470355164,6.48242287451321,5.42365479685274,3.40639582124998,1.92091677528685,1.29663589088994,0.706494383810545,1.20264588336209,1.25261981564586,0.773885919166987,0.588984878802888,0.47632159711058,0.36841436585601,0.266278460465385,0.207489531334055,0.186988805421214,,,,Taiwan,CO2
GCAM 5.3,R_MAC_55_n0,TWN,Emissions|N2O|AFOLU,Mt CO2e/yr,,,,3.215602381721184,,,2.9071293081680847,,,,,2.7679887513461816,,2.8204648554550653,,,,,1.54089692333031,1.177289373690885,0.996571728213516,0.8682059112453089,0.786893006419065,0.7405435813740511,0.72293092960452,0.7212438711684571,0.72045609662754,0.7189069468037731,0.716418229547748,0.712564739955978,0.707628283734372,0.702321742173597,0.69678049986363,0.691109405710542,,,,Taiwan,N2O
GCAM 5.3,R_MAC_55_n8,TWN,Carbon Sequestration|CCS|Biomass,Mt CO2/yr,,,,0.0,,,0.0,,,,,0.0,,0.0,,,,,1.39213515655773,2.95620648874602,5.76433921403079,13.1675267037144,20.8596656149997,21.6895258231842,13.0268758832566,10.8878351743437,10.3151628250909,10.2147763033472,10.2411427177679,9.83470887337142,9.21898723871577,8.87429975070791,8.9212284644291,9.10000273906453,,,,Taiwan,
GCAM 5.3,R_MAC_55_n8,TWN,Emissions|CH4|AFOLU,Mt CO2e/yr,,,,2.892967930776,,,2.620619048298496,,,,,2.7185975720982403,,2.754819029941804,,,,,1.597631529272576,1.441227847816148,1.399269147042704,1.395100351123332,1.452265185814772,1.5622743011084999,1.658124996869152,1.662656633240288,1.669324966268708,1.6707284316138922,1.667569149713432,1.661109277228744,1.652718718197512,1.643424339386704,1.633651700221184,1.6232854530546081,,,,Taiwan,CH4
GCAM 5.3,R_MAC_55_n8,TWN,Emissions|CO2|AFOLU,Mt CO2/yr,,,,4.44269094076867,,,1.90655478425867,,,,,-0.0535506177689989,,0.0020818287482669,,,,,-5.13037456486866,-9.48003992190897,-9.81641458398333,-8.77173931183513,-7.33846104466677,-5.89744743982925,-4.60410637873124,-3.48005630820709,-2.57128559427238,-1.87888563079587,-1.36631116369156,-0.992169680387908,-0.722197245266937,-0.530122906121233,-0.395531357004113,-0.301791940600581,,,,Taiwan,CO2
GCAM 5.3,R_MAC_55_n8,TWN,Emissions|CO2|Energy and Industrial Processes,Mt CO2/yr,,,,290.214919116505,,,290.931204348289,,,,,279.234510309771,,314.055093316669,,,,,289.428454822459,270.930345725892,234.110461388998,157.228551929122,91.056972272461,51.935796571784,43.0920874988996,42.9371885565613,42.0251152448145,40.479915099578,39.02094862666,36.6912256783706,34.5869889873184,31.9273698706942,29.639011043097,28.1978144403514,,,,Taiwan,CO2
GCAM 5.3,R_MAC_55_n8,TWN,Emissions|CO2|Energy|Demand,Mt CO2/yr,,,,144.762177850258,,,147.202869201449,,,,,143.815759683734,,134.962905895588,,,,,118.863536610872,107.687068264252,97.9136674256233,83.4155362985144,66.8645652307177,51.7260745562181,39.4888272681769,37.7391343176649,36.768616087942,35.8859511596853,35.1356585704509,34.1233752402001,33.2583260196806,32.2504946868815,31.2401277003715,30.4853855775515,,,,Taiwan,CO2
GCAM 5.3,R_MAC_55_n8,TWN,Emissions|CO2|Energy|Demand|Industry,Mt CO2/yr,,,,83.4121791729861,,,83.8050414046776,,,,,86.5630563134925,,75.5185224793809,,,,,58.4232636782966,47.074965339793,38.0532322391273,26.1860697435411,14.1093550934148,6.05493237539648,1.72616988681341,1.42081342043371,1.17800280584289,1.02168073649002,0.903149334536609,0.964643639679503,1.1307730066893,1.09344455791113,0.989138511278928,0.919084736554106,,,,Taiwan,CO2
GCAM 5.3,R_MAC_55_n8,TWN,Emissions|CO2|Energy|Demand|Residential and Commercial,Mt CO2/yr,,,,9.2449365404487,,,8.8519160380529,,,,,8.76536271322213,,10.2853977615356,,,,,12.468262779348,13.0844657600078,13.0122569886983,11.9969785468048,10.376249417916,8.96901634054925,8.05153715948813,7.75956209070425,7.71639334732986,7.64511076365425,7.5539588981329,7.26911637383814,6.98288104802414,6.70240623306368,6.45177295184975,6.33101091094128,,,,Taiwan,CO2
GCAM 5.3,R_MAC_55_n8,TWN,Emissions|CO2|Energy|Demand|Residential and Commercial|Commercial,Mt CO2/yr,,,,4.1019337395697,,,3.9897065960339,,,,,4.17104629592566,,4.46000316533152,,,,,5.46604552613368,5.5654777105125,5.33311053720859,4.55897247637355,3.45881641520735,2.59089774166488,2.0991809604473,2.00630919089995,1.97584178576026,1.94302810738759,1.90999830491333,1.83300388577741,1.75882696553823,1.68768220218899,1.62629521628452,1.59411171293626,,,,Taiwan,CO2
GCAM 5.3,R_MAC_55_n8,TWN,Emissions|CO2|Energy|Demand|Residential and Commercial|Residential,Mt CO2/yr,,,,5.143002800879,,,4.862209442019,,,,,4.59431641729647,,5.82539459620411,,,,,7.00221725321428,7.51898804949534,7.6791464514897,7.43800607043125,6.91743300270867,6.37811859888437,5.95235619904083,5.75325289980431,5.7405515615696,5.70208265626666,5.64396059321956,5.43611248806072,5.22405408248591,5.01472403087469,4.82547773556523,4.73689919800503,,,,Taiwan,CO2
GCAM 5.3,R_MAC_55_n8,TWN,Emissions|CO2|Energy|Demand|Transportation,Mt CO2/yr,,,,52.1050621368234,,,54.5459117587188,,,,,48.4873406570198,,49.1589856546714,,,,,47.9720101532276,47.5276371644508,46.8481781977978,45.2324880081685,42.3789607193869,36.7021258402724,29.7111202218754,28.5587588065269,27.8742199347692,27.219159659541,26.6785503377814,25.8896152266825,25.1446719649671,24.4546438959067,23.7992162372428,23.2352899300561,,,,Taiwan,CO2
GCAM 5.3,R_MAC_55_n8,TWN,Emissions|CO2|Energy|Supply,Mt CO2/yr,,,,128.082585787142,,,129.355404206876,,,,,120.984432454912,,164.76290090803,,,,,163.765445280127,157.114734335,131.479188672239,71.1837382383541,22.6104014059695,-0.545599499884612,2.39273503287398,3.82476529030185,3.90044702355158,3.35944143971474,2.67662668483326,1.87277075300569,1.03374082356502,-0.227503542796692,-1.33307683924674,-2.15116775844137,,,,Taiwan,CO2
GCAM 5.3,R_MAC_55_n8,TWN,Emissions|CO2|Energy|Supply|Electricity,Mt CO2/yr,,,,114.100227849352,,,122.256113561486,,,,,116.831791620215,,160.572017248333,,,,,159.633723769629,153.120071667002,127.909576580737,68.7067306317297,21.7657820123603,-0.759597529338975,-0.103203856081923,0.82769368945065,0.85801869947535,0.731936563902507,0.271232004555134,0.78366054515545,0.760822293268478,0.138664038340191,-0.70867633938629,-1.71844612221829,,,,Taiwan,CO2
GCAM 5.3,R_MAC_55_n8,TWN,Emissions|CO2|Energy|Supply|Gases,Mt CO2/yr,,,,0.0,,,0.0,,,,,-2.61755383752968e-08,,0.0115360362084848,,,,,0.0072343136352275,0.0072110856984271,0.006756166994906,0.004428227786455,0.0010909229520676,0.0001190891495365,6.01555619437466e-06,4.8640518873341e-06,4.1352196201752e-06,3.65521131378783e-06,3.08175297296933e-06,2.83631710447797e-06,2.43831396030182e-06,1.9213035242466e-06,1.40908163072893e-06,1.05836075779218e-06,,,,Taiwan,CO2
GCAM 5.3,R_MAC_55_n8,TWN,Emissions|CO2|Energy|Supply|Liquids,Mt CO2/yr,,,,13.98235793779,,,7.09929064539,,,,,4.15264086087279,,4.15835628347244,,,,,4.10485365460078,3.93707800489834,3.50378913081082,2.44528052281018,0.858057152041807,0.257895877258577,2.56073715736266,3.08266014154899,3.13726303926226,2.72989803299137,2.51506708105204,1.17979019473335,0.342900686342304,-0.311574954354646,-0.574652157531105,-0.380886763034653,,,,Taiwan,CO2
GCAM 5.3,R_MAC_55_n8,TWN,Emissions|CO2|Energy|Supply|Solids,Mt CO2/yr,,,,0.0,,,-1.95964685228761e-17,,,,,0.0,,0.0,,,,,0.0,0.0,-1.09999881278725e-06,0.0,0.0,0.0,-1.09999803837085e-08,0.0,-1.83332933770925e-08,0.0,0.0,-1.68666101068485e-08,-1.20999821986416e-08,0.0,0.0,-1.06332969975554e-08,,,,Taiwan,CO2
GCAM 5.3,R_MAC_55_n8,TWN,Emissions|CO2|Industrial Processes,Mt CO2/yr,,,,17.3701554791049,,,14.3729309399633,,,,,14.4343181711251,,14.3292865130518,,,,,6.79947293145981,6.12854312664007,4.7176052911358,2.62927739225332,1.58200563577373,0.755321515450465,1.21052519784869,1.37328894859459,1.35605213332094,1.23452250017793,1.20866337137582,0.695079685164776,0.294922144072847,-0.0956212733906066,-0.268039818027775,-0.136403378758756,,,,Taiwan,CO2
GCAM 5.3,R_MAC_55_n8,TWN,Emissions|N2O|AFOLU,Mt CO2e/yr,,,,3.215602381721184,,,2.9071293081680847,,,,,2.7679887513461816,,2.8204648554550653,,,,,1.4908891718177728,1.132997130110937,0.94472382868773,0.8208314201036039,0.749270271724611,0.726068321570592,0.7201260930711121,0.71411446786953,0.7104116930956501,0.706111615492374,0.700919113642293,0.695617710334638,0.689784773223819,0.6834147085450231,0.676380484505544,0.6689726606537519,,,,Taiwan,N2O
GCAM 5.3,R_MAC_60_n0,TWN,Carbon Sequestration|CCS|Biomass,Mt CO2/yr,,,,0.0,,,0.0,,,,,0.0,,0.0,,,,,0.87757204977927,2.07077556158564,3.22970090694248,5.79575481355342,10.1462762923887,14.9545333328362,18.9389776548918,17.9378204959962,15.2709774520684,13.5754462564651,12.1853820222104,11.203635031382,10.6835005246433,10.5623010920159,10.6400676970693,10.782420367075,,,,Taiwan,
GCAM 5.3,R_MAC_60_n0,TWN,Emissions|CH4|AFOLU,Mt CO2e/yr,,,,2.892967930776,,,2.620619048298496,,,,,2.7185975720982403,,2.754819029941804,,,,,1.653977788510544,1.474013431226,1.434822875890852,1.418486048030856,1.41373767278842,1.45303745443528,1.5222629920997521,1.60515420001902,1.62652294892178,1.641577092928472,1.650198193060088,1.6541528562866719,1.6540171559050159,1.651533398435816,1.647405456272184,1.642520424508992,,,,Taiwan,CH4
GCAM 5.3,R_MAC_60_n0,TWN,Emissions|CO2|AFOLU,Mt CO2/yr,,,,4.44269094076867,,,1.90655478425867,,,,,-0.0535506177689989,,0.0020818287482669,,,,,-4.93177989002967,-9.20148339298063,-9.59590283534299,-8.57818529549813,-7.16479942264973,-5.78411001606009,-4.58176152408007,-3.57730114328671,-2.7129032321703,-2.01356400224162,-1.48114485320328,-1.08809699565671,-0.803346057216692,-0.598675423973748,-0.452002181280797,-0.346694111485146,,,,Taiwan,CO2
GCAM 5.3,R_MAC_60_n0,TWN,Emissions|CO2|Energy and Industrial Processes,Mt CO2/yr,,,,290.214919116505,,,290.931204348289,,,,,279.234510309771,,314.055093316669,,,,,297.56512704509,285.007649722296,267.043920031202,233.152567296298,173.494275005582,118.167391603948,74.1607630811312,48.9420704332842,48.9293560151289,47.9250399299544,47.1223217951394,46.3418858328398,45.0664556431303,43.146269605662,40.9266815461499,38.5788903950821,,,,Taiwan,CO2
GCAM 5.3,R_MAC_60_n0,TWN,Emissions|CO2|Energy|Demand,Mt CO2/yr,,,,144.762177850258,,,147.202869201449,,,,,143.815759683734,,134.962905895588,,,,,124.23981605111,112.723159654686,105.548771108315,97.6464114394527,85.8712255658962,73.2023810388403,59.6382883307989,47.9435448050793,46.6554206899265,45.267365331404,44.1661753266136,43.1217758499791,42.0518928046061,41.0051180932458,39.9184112278482,38.875626696447,,,,Taiwan,CO2
GCAM 5.3,R_MAC_60_n0,TWN,Emissions|CO2|Energy|Demand|Industry,Mt CO2/yr,,,,83.4121791729861,,,83.8050414046776,,,,,86.5630563134925,,75.5185224793809,,,,,63.3625760956201,51.4528659600781,44.4674734479611,37.7425613498854,28.2300406392948,18.6607061214789,10.1077217806216,4.588635465907,3.89510752345479,3.36469254080781,2.94356944639217,2.5873783000257,2.2963744081532,2.08486582476679,1.93431194430671,1.7495157609774,,,,Taiwan,CO2
GCAM 5.3,R_MAC_60_n0,TWN,Emissions|CO2|Energy|Demand|Residential and Commercial,Mt CO2/yr,,,,9.2449365404487,,,8.8519160380529,,,,,8.76536271322213,,10.2853977615356,,,,,12.5189485075127,13.2409069694082,13.4347655290667,13.131266711501,12.1111292746606,10.741788279998,9.27125801508874,8.20727735328564,8.0694625601877,7.86974867075285,7.66632494227499,7.44396442441481,7.21144412522718,6.96876489780048,6.712048150559,6.53744170824998,,,,Taiwan,CO2
GCAM 5.3,R_MAC_60_n0,TWN,Emissions|CO2|Energy|Demand|Residential and Commercial|Commercial,Mt CO2/yr,,,,4.1019337395697,,,3.9897065960339,,,,,4.17104629592566,,4.46000316533152,,,,,5.48595796091953,5.65590286299939,5.59762145274662,5.29871008816469,4.62835388406175,3.76673938216154,2.89927806315002,2.29961829636018,2.21348952457264,2.11636075761062,2.03260696063157,1.95557722970387,1.88128566697795,1.81009135193634,1.74144558012956,1.69101993759455,,,,Taiwan,CO2
GCAM 5.3,R_MAC_60_n0,TWN,Emissions|CO2|Energy|Demand|Residential and Commercial|Residential,Mt CO2/yr,,,,5.143002800879,,,4.862209442019,,,,,4.59431641729647,,5.82539459620411,,,,,7.03299054659313,7.58500410640879,7.83714407632003,7.83255662333629,7.48277539059887,6.97504889783648,6.37197995193871,5.90765905692546,5.85597303561505,5.75338791314223,5.63371798164342,5.48838719471093,5.33015845824923,5.15867354586414,4.97060257042943,4.84642177065543,,,,Taiwan,CO2
GCAM 5.3,R_MAC_60_n0,TWN,Emissions|CO2|Energy|Demand|Transportation,Mt CO2/yr,,,,52.1050621368234,,,54.5459117587188,,,,,48.4873406570198,,49.1589856546714,,,,,48.3582914479769,48.0293867251998,47.6465321312874,46.7725833780664,45.5300556519407,43.7998866373633,40.2593085350885,35.1476319858867,34.690850606284,34.0329241198433,33.5562809379465,33.0904331255386,32.5440742712257,31.9514873706786,31.2720511329825,30.5886692272196,,,,Taiwan,CO2
GCAM 5.3,R_MAC_60_n0,TWN,Emissions|CO2|Energy|Supply,Mt CO2/yr,,,,128.082585787142,,,129.355404206876,,,,,120.984432454912,,164.76290090803,,,,,165.90260449911,165.571950043778,155.681241265754,131.5478850876,85.3670665747556,43.3245604938703,13.4386133586552,0.234327042733513,1.4271579023839,1.97136370172317,2.41676628646382,2.80208272760406,2.69217384942388,1.8740879077665,0.780773408283023,-0.513861014970215,,,,Taiwan,CO2
GCAM 5.3,R_MAC_60_n0,TWN,Emissions|CO2|Energy|Supply|Electricity,Mt CO2/yr,,,,114.100227849352,,,122.256113561486,,,,,116.831791620215,,160.572017248333,,,,,161.746304547907,161.537712905621,151.912868932424,128.322353582275,82.8173623686001,41.5057490522005,12.4021998371664,-0.896890335523443,-0.0403202826349883,0.948307352131384,1.78411642192874,2.43397102925842,2.45505535322788,1.66435656649746,0.59248670179894,-0.711468469476792,,,,Taiwan,CO2
GCAM 5.3,R_MAC_60_n0,TWN,Emissions|CO2|Energy|Supply|Gases,Mt CO2/yr,,,,0.0,,,0.0,,,,,-2.61755383752968e-08,,0.0115360362084848,,,,,0.0091915438468571,0.0095613522727947,0.0105619412071509,0.0114525041714454,0.0081325240184539,0.0039172956934488,0.000851537819409,0.0001093419309999,0.0001133499863009,0.0001141026770456,0.0001064794236528,9.13158487306234e-05,7.3632802707614e-05,5.95324645785629e-05,5.52247323416596e-05,6.13442359267181e-05,,,,Taiwan,CO2
GCAM 5.3,R_MAC_60_n0,TWN,Emissions|CO2|Energy|Supply|Liquids,Mt CO2/yr,,,,13.98235793779,,,7.09929064539,,,,,4.15264086087279,,4.15835628347244,,,,,4.12369914880569,3.96943529526906,3.66961916302524,3.12633697232291,2.47203627471058,1.7811106890949,1.05104513426739,1.18092646286057,1.50162048908404,1.05003949592469,0.653905960977424,0.387308503763965,0.256035622162784,0.229417824142402,0.210381197511722,0.22060427949955,,,,Taiwan,CO2
GCAM 5.3,R_MAC_60_n0,TWN,Emissions|CO2|Energy|Supply|Solids,Mt CO2/yr,,,,0.0,,,-1.95964685228761e-17,,,,,0.0,,0.0,,,,,0.0,-2.1999980918113e-06,-3.6666672747495e-07,0.0,0.0,-1.02666376725743e-06,0.0,-1.4299966526248e-07,0.0,0.0,0.0,0.0,0.0,-1.09999920759618e-08,0.0,0.0,,,,Taiwan,CO2
GCAM 5.3,R_MAC_60_n0,TWN,Emissions|CO2|Industrial Processes,Mt CO2/yr,,,,17.3701554791049,,,14.3729309399633,,,,,14.4343181711251,,14.3292865130518,,,,,7.42270649487081,6.71254002383164,5.81390765713247,3.95827076924542,2.25598286493013,1.64045007123722,1.08386139167713,0.764198585471344,0.846777422818439,0.686310896827227,0.539380182061972,0.418027255256617,0.322388989100325,0.267063604649654,0.227496910018636,0.217124713605287,,,,Taiwan,CO2
GCAM 5.3,R_MAC_60_n0,TWN,Emissions|N2O|AFOLU,Mt CO2e/yr,,,,3.215602381721184,,,2.9071293081680847,,,,,2.7679887513461816,,2.8204648554550653,,,,,1.5757949389973698,1.20909120899112,1.0284761180284498,0.909495446759991,0.818074145543109,0.762523872510036,0.7291965729345569,0.7193257064802899,0.719568302151426,0.7185938393912461,0.7164401986934009,0.7127902051992541,0.707843912206977,0.702420720709344,0.6966194090151661,0.6908371003429351,,,,Taiwan,N2O
GCAM 5.3,R_MAC_60_n8,TWN,Carbon Sequestration|CCS|Biomass,Mt CO2/yr,,,,0.0,,,0.0,,,,,0.0,,0.0,,,,,1.14797084769431,2.51898651566542,4.32234277627355,9.05070222612437,15.9992115311403,20.9076080002915,18.3099314715889,11.7647734209418,10.9072164101052,10.5666974902311,10.297706890459,9.63743465740854,8.91449667225607,8.64412853013151,8.86993426603132,9.04495868287617,,,,Taiwan,
GCAM 5.3,R_MAC_60_n8,TWN,Emissions|CH4|AFOLU,Mt CO2e/yr,,,,2.892967930776,,,2.620619048298496,,,,,2.7185975720982403,,2.754819029941804,,,,,1.6208976364997079,1.454318405958208,1.416839465754748,1.3947140852344,1.428072139940964,1.49967425186894,1.603925594601512,1.66329861411378,1.669536498113456,1.670763501616412,1.667349902293684,1.660932847208656,1.6525944610300158,1.643214109558812,1.6333150855007,1.622961319863156,,,,Taiwan,CH4
GCAM 5.3,R_MAC_60_n8,TWN,Emissions|CO2|AFOLU,Mt CO2/yr,,,,4.44269094076867,,,1.90655478425867,,,,,-0.0535506177689989,,0.0020818287482669,,,,,-5.04853767864967,-9.36549165833563,-9.72241379240267,-8.68278914474547,-7.26425726615197,-5.85581914091559,-4.6064487991218,-3.55264572389452,-2.66785335645877,-1.96415363205068,-1.43283707476582,-1.04106402960993,-0.757430109540984,-0.555474523450627,-0.414407590245684,-0.315476793190638,,,,Taiwan,CO2
GCAM 5.3,R_MAC_60_n8,TWN,Emissions|CO2|Energy and Industrial Processes,Mt CO2/yr,,,,290.214919116505,,,290.931204348289,,,,,279.234510309771,,314.055093316669,,,,,293.07287275378,277.583269125135,251.423768619062,195.455146730026,123.090235057856,74.8785936479781,48.002304414363,41.6311218698454,40.8919225061425,39.5546532510101,38.1612797236906,36.3446076946495,34.7699245273177,32.4134701234011,29.9838757787711,28.339228709395,,,,Taiwan,CO2
GCAM 5.3,R_MAC_60_n8,TWN,Emissions|CO2|Energy|Demand,Mt CO2/yr,,,,144.762177850258,,,147.202869201449,,,,,143.815759683734,,134.962905895588,,,,,121.171548983126,109.954582759346,101.691348449536,90.4746013428124,75.454115685622,61.2210761217604,47.3000881560765,37.7415449703506,36.7489968082786,35.8145989599231,35.0006468136971,34.0139786352359,33.1386711369163,32.1256533011695,31.1497284214347,30.4096859472554,,,,Taiwan,CO2
GCAM 5.3,R_MAC_60_n8,TWN,Emissions|CO2|Energy|Demand|Industry,Mt CO2/yr,,,,83.4121791729861,,,83.8050414046776,,,,,86.5630563134925,,75.5185224793809,,,,,60.5370421087821,49.046223948295,41.2253132957898,31.8314607583261,20.0606521250654,10.8188187985171,4.27251688962437,1.36322557921913,1.14888276930121,1.00318070575553,0.903991045715166,0.961684548620134,1.06830299853332,1.01341215262276,0.940943592483914,0.887296586065317,,,,Taiwan,CO2
GCAM 5.3,R_MAC_60_n8,TWN,Emissions|CO2|Energy|Demand|Residential and Commercial,Mt CO2/yr,,,,9.2449365404487,,,8.8519160380529,,,,,8.76536271322213,,10.2853977615356,,,,,12.4947564538472,13.1586103448561,13.2366698742369,12.6022481313056,11.1781695158402,9.68481207312829,8.44814641566088,7.72508018806538,7.69026360064746,7.6261053003738,7.51570492122205,7.23904040032074,6.95562103099448,6.68517557847876,6.46556820370752,6.33872576432176,,,,Taiwan,CO2
GCAM 5.3,R_MAC_60_n8,TWN,Emissions|CO2|Energy|Demand|Residential and Commercial|Commercial,Mt CO2/yr,,,,4.1019337395697,,,3.9897065960339,,,,,4.17104629592566,,4.46000316533152,,,,,5.47774081758866,5.60884401898631,5.47488881967079,4.95643442389455,3.99651775086918,3.06263118657257,2.34702460351069,1.99449128929556,1.96800428905318,1.93779325421723,1.90045556204424,1.82580566193645,1.75212951022278,1.68329529977709,1.62920350649687,1.59576026488008,,,,Taiwan,CO2
GCAM 5.3,R_MAC_60_n8,TWN,Emissions|CO2|Energy|Demand|Residential and Commercial|Residential,Mt CO2/yr,,,,5.143002800879,,,4.862209442019,,,,,4.59431641729647,,5.82539459620411,,,,,7.01701563625853,7.54976632586981,7.76178105456608,7.6458137074111,7.18165176497106,6.62218088655572,6.10112181215019,5.73058889876982,5.72225931159428,5.68831204615657,5.61524935917781,5.4132347383843,5.2034915207717,5.00188027870167,4.83636469721065,4.74296549944169,,,,Taiwan,CO2
GCAM 5.3,R_MAC_60_n8,TWN,Emissions|CO2|Energy|Demand|Transportation,Mt CO2/yr,,,,52.1050621368234,,,54.5459117587188,,,,,48.4873406570198,,49.1589856546714,,,,,48.1397504204963,47.7497484661949,47.2293652795098,46.0408924531807,44.2152940447164,40.7174452501149,34.5794248507912,28.6532392030661,27.9098504383299,27.1853129537938,26.5809508467599,25.813253686295,25.1147471073885,24.427065570068,23.7432166252433,23.1836635968683,,,,Taiwan,CO2
GCAM 5.3,R_MAC_60_n8,TWN,Emissions|CO2|Energy|Supply,Mt CO2/yr,,,,128.082585787142,,,129.355404206876,,,,,120.984432454912,,164.76290090803,,,,,164.848170010264,161.244263663685,144.496045932569,101.807892054877,45.8026106960895,12.5614113482513,-0.106645899736743,2.64856631492368,2.90765660667466,2.60558200769765,2.14183269228411,1.81400054653902,1.50621559651142,0.483114455548939,-0.947284468428642,-1.9881576283485,,,,Taiwan,CO2
GCAM 5.3,R_MAC_60_n8,TWN,Emissions|CO2|Energy|Supply|Electricity,Mt CO2/yr,,,,114.100227849352,,,122.256113561486,,,,,116.831791620215,,160.572017248333,,,,,160.705548733137,157.232547785675,140.82302801253,98.9381321597564,44.1087943699081,12.026977145719,-1.20505627302814,-0.132084393473279,0.095137300255517,0.172991212148989,0.163011491498269,1.06726883423915,1.5297535184624,0.993786771191009,-0.399911172134141,-1.63912286009047,,,,Taiwan,CO2
GCAM 5.3,R_MAC_60_n8,TWN,Emissions|CO2|Energy|Supply|Gases,Mt CO2/yr,,,,0.0,,,0.0,,,,,-2.61755383752968e-08,,0.0115360362084848,,,,,0.0080260045730259,0.0081985621182524,0.0084313419055473,0.0073808343050431,0.0031491673614833,0.0006929031915417,6.00453422279237e-05,4.29214586142712e-06,3.86230605658158e-06,3.60301658032653e-06,3.36297011366073e-06,3.3461354984038e-06,2.8231477700077e-06,2.1521033240376e-06,1.45805153934013e-06,1.08131176385282e-06,,,,Taiwan,CO2
GCAM 5.3,R_MAC_60_n8,TWN,Emissions|CO2|Energy|Supply|Liquids,Mt CO2/yr,,,,13.98235793779,,,7.09929064539,,,,,4.15264086087279,,4.15835628347244,,,,,4.11333271709714,3.95073143389854,3.59000495451922,2.80643834188092,1.67042713157226,0.554056672060201,1.14500425515772,2.86526667413435,2.90870059121637,2.53656167832917,2.08222844315266,0.830360256500525,0.0406200956785471,-0.461021411002712,-0.495300112769138,-0.296031195632334,,,,Taiwan,CO2
GCAM 5.3,R_MAC_60_n8,TWN,Emissions|CO2|Energy|Supply|Solids,Mt CO2/yr,,,,0.0,,,-1.95964685228761e-17,,,,,0.0,,0.0,,,,,0.0,0.0,-1.46666550908918e-06,-2.19999393871907e-06,-9.53331557835687e-07,-3.66666107180493e-07,0.0,0.0,-3.66665444882631e-08,-2.19999383049373e-08,-3.30000298218518e-09,0.0,-7.33333421553246e-10,0.0,-7.333324069839291e-10,-1.79665766097411e-08,,,,Taiwan,CO2
GCAM 5.3,R_MAC_60_n8,TWN,Emissions|CO2|Industrial Processes,Mt CO2/yr,,,,17.3701554791049,,,14.3729309399633,,,,,14.4343181711251,,14.3292865130518,,,,,7.05315376039015,6.38442270210369,5.23637423695588,3.17265333233635,1.83350867614409,1.09610617796641,0.80886215802326,1.24101058457118,1.23526909118925,1.13447228338933,1.01880021770934,0.516628512874619,0.12503779388996,-0.195297633317361,-0.218568174235017,-0.0822996095118823,,,,Taiwan,CO2
GCAM 5.3,R_MAC_60_n8,TWN,Emissions|N2O|AFOLU,Mt CO2e/yr,,,,3.215602381721184,,,2.9071293081680847,,,,,2.7679887513461816,,2.8204648554550653,,,,,1.526426902499772,1.164665720602293,0.982641081340464,0.8542597764529919,0.7748378662839359,0.733871631233013,0.7213028720220961,0.713519784593889,0.709966979236788,0.705823197667224,0.700941010588182,0.695808470781879,0.6899505770577421,0.6834448539140039,0.6760201773242189,0.668736127333365,,,,Taiwan,N2O
GCAM 5.3,R_MAC_65_n0,TWN,Carbon Sequestration|CCS|Biomass,Mt CO2/yr,,,,0.0,,,0.0,,,,,0.0,,0.0,,,,,0.74698949790813,1.85602279872933,2.84650476210647,4.68447237919442,7.75453452862429,11.5299946625146,15.6653480954558,18.2465232977614,16.6492428597646,14.3340020087024,12.5372952753162,11.2775907115984,10.5734919772426,10.4091351335734,10.561621894556,10.7481724720725,,,,Taiwan,
GCAM 5.3,R_MAC_65_n0,TWN,Emissions|CH4|AFOLU,Mt CO2e/yr,,,,2.892967930776,,,2.620619048298496,,,,,2.7185975720982403,,2.754819029941804,,,,,1.674699461626688,1.4878404574958402,1.4444884840216599,1.431138683878372,1.41811341509502,1.43780836421964,1.487193318257948,1.557222631331192,1.6269792513361239,1.641131849281736,1.6498839906293359,1.65388657717192,1.653790189737784,1.651460256321008,1.647348844535128,1.6424671559758,,,,Taiwan,CH4
GCAM 5.3,R_MAC_65_n0,TWN,Emissions|CO2|AFOLU,Mt CO2/yr,,,,4.44269094076867,,,1.90655478425867,,,,,-0.0535506177689989,,0.0020818287482669,,,,,-4.858921876457,-9.09611331665996,-9.51423839012167,-8.51756428342013,-7.11423169958233,-5.74156896485652,-4.55777933057154,-3.5764046583859,-2.77660813240393,-2.09943945818801,-1.55645515318676,-1.1470511608368,-0.846898462897575,-0.630340760048622,-0.47507790880965,-0.363560500278338,,,,Taiwan,CO2
GCAM 5.3,R_MAC_65_n0,TWN,Emissions|CO2|Energy and Industrial Processes,Mt CO2/yr,,,,290.214919116505,,,290.931204348289,,,,,279.234510309771,,314.055093316669,,,,,300.009389782976,288.791829937011,273.486922218815,247.862291983859,201.371456814358,147.265084381355,99.8954400158007,63.6400471705257,46.7118756135181,46.7013739181054,46.3707470732482,45.9053309317446,44.8858129287572,43.194389477261,41.1076257227944,38.7907051417557,,,,Taiwan,CO2
GCAM 5.3,R_MAC_65_n0,TWN,Emissions|CO2|Energy|Demand,Mt CO2/yr,,,,144.762177850258,,,147.202869201449,,,,,143.815759683734,,134.962905895588,,,,,125.997230512554,114.188601073505,107.25631656154,100.776715156027,90.9180363447154,79.7776630651755,66.7676472163388,55.0649972875381,46.3813213135846,45.2180188360483,44.1612048788889,43.1478381081464,42.0677070049798,40.9459408741677,39.785302643,38.7192315527488,,,,Taiwan,CO2
GCAM 5.3,R_MAC_65_n0,TWN,Emissions|CO2|Energy|Demand|Industry,Mt CO2/yr,,,,83.4121791729861,,,83.8050414046776,,,,,86.5630563134925,,75.5185224793809,,,,,64.9869550682753,52.711521990223,45.8601550951562,40.3175007450252,32.345259401847,23.7548656199241,14.5744592443316,7.90199377015215,3.83080865946341,3.35263992380501,2.93962682882564,2.58516941025866,2.26885449426881,1.99433026328459,1.80340677002851,1.63818297560611,,,,Taiwan,CO2
GCAM 5.3,R_MAC_65_n0,TWN,Emissions|CO2|Energy|Demand|Residential and Commercial,Mt CO2/yr,,,,9.2449365404487,,,8.8519160380529,,,,,8.76536271322213,,10.2853977615356,,,,,12.526988688488,13.2853966375684,13.5263394197149,13.3474814453639,12.5232252418201,11.3030030556283,9.8371169415627,8.63680084814187,8.03122911519625,7.85731819297171,7.66344480052798,7.44413450061854,7.21203127740647,6.96684652632314,6.71064357690173,6.53600220735347,,,,Taiwan,CO2
GCAM 5.3,R_MAC_65_n0,TWN,Emissions|CO2|Energy|Demand|Residential and Commercial|Commercial,Mt CO2/yr,,,,4.1019337395697,,,3.9897065960339,,,,,4.17104629592566,,4.46000316533152,,,,,5.4867132492542,5.68102000871693,5.65354774663672,5.43672302282182,4.90164923032846,4.15265216515165,3.27852370204401,2.5916957775339,2.19629478513641,2.11247333676819,2.03270220475916,1.95712973311454,1.88293978130014,1.81009916580307,1.74074408760284,1.69009529128982,,,,Taiwan,CO2
GCAM 5.3,R_MAC_65_n0,TWN,Emissions|CO2|Energy|Demand|Residential and Commercial|Residential,Mt CO2/yr,,,,5.143002800879,,,4.862209442019,,,,,4.59431641729647,,5.82539459620411,,,,,7.04027543923382,7.6043766288515,7.87279167307823,7.91075842254206,7.62157601149162,7.15035089047669,6.55859323951869,6.04510507060796,5.83493433005984,5.74484485620352,5.63074259576881,5.487004767504,5.32909149610633,5.15674736052007,4.9698994892989,4.84590691606365,,,,Taiwan,CO2
GCAM 5.3,R_MAC_65_n0,TWN,Emissions|CO2|Energy|Demand|Transportation,Mt CO2/yr,,,,52.1050621368234,,,54.5459117587188,,,,,48.4873406570198,,49.1589856546714,,,,,48.4832867557911,48.1916824457139,47.869822046669,47.1117329656383,46.0495517010483,44.7197943896231,42.3560710304444,38.5262026692441,34.519283538925,34.0080607192716,33.5581332495353,33.1185341972692,32.5868212333045,31.98476408456,31.2712522960697,30.5450463697892,,,,Taiwan,CO2
GCAM 5.3,R_MAC_65_n0,TWN,Emissions|CO2|Energy|Supply,Mt CO2/yr,,,,128.082585787142,,,129.355404206876,,,,,120.984432454912,,164.76290090803,,,,,166.355309571188,167.694430063668,160.150982165947,142.671871078118,107.780246955695,65.6837303627694,31.6900106931944,7.53438744221073,-0.406084589647401,0.824902637589804,1.6889408034672,2.36876450728264,2.53039083700289,2.01306887260586,1.10372509896796,-0.146589582923888,,,,Taiwan,CO2
GCAM 5.3,R_MAC_65_n0,TWN,Emissions|CO2|Energy|Supply|Electricity,Mt CO2/yr,,,,114.100227849352,,,122.256113561486,,,,,116.831791620215,,160.572017248333,,,,,162.191651678932,163.645531500141,156.341546638741,139.287032941726,104.888756666797,63.2721195385903,29.9360141062624,6.21357862691355,-1.69424511678552,-0.199410967425449,1.03355543100602,2.01587927810486,2.34380131736265,1.86026091553707,0.934271630420495,-0.339892180159103,,,,Taiwan,CO2
GCAM 5.3,R_MAC_65_n0,TWN,Emissions|CO2|Energy|Supply|Gases,Mt CO2/yr,,,,0.0,,,0.0,,,,,-2.61755383752968e-08,,0.0115360362084848,,,,,0.009930931507536,0.010365460746987,0.011652585657281,0.0135738082458454,0.0116290590752398,0.0080424667798512,0.0028184642711765,0.0006024443782146,0.0001038260941709,0.0001133107276802,0.0001071644159599,9.51259374602362e-05,7.97341856408183e-05,6.43867769822182e-05,6.12004771199643e-05,6.78166275845843e-05,,,,Taiwan,CO2
GCAM 5.3,R_MAC_65_n0,TWN,Emissions|CO2|Energy|Supply|Liquids,Mt CO2/yr,,,,13.98235793779,,,7.09929064539,,,,,4.15264086087279,,4.15835628347244,,,,,4.12909351317186,3.98190015300683,3.70496869265819,3.26742630098974,2.7849767334632,2.33473404020027,1.73298436802603,1.34763020278615,1.33459923080533,1.05668512373901,0.678454552419955,0.371432942671174,0.203740950730634,0.170843647496751,0.190378335119612,0.216708072025486,,,,Taiwan,CO2
GCAM 5.3,R_MAC_65_n0,TWN,Emissions|CO2|Energy|Supply|Solids,Mt CO2/yr,,,,0.0,,,-1.95964685228761e-17,,,,,0.0,,0.0,,,,,-1.46666733219218e-06,-1.09999962372577e-06,-4.39999043869243e-06,0.0,0.0,0.0,-4.39999349729079e-07,0.0,-1.02666411426075e-07,-3.66666556741289e-08,0.0,-4.03332964682263e-08,-1.09999909764116e-08,-2.9333253380608e-08,0.0,-1.4666648717285e-08,,,,Taiwan,CO2
GCAM 5.3,R_MAC_65_n0,TWN,Emissions|CO2|Industrial Processes,Mt CO2/yr,,,,17.3701554791049,,,14.3729309399633,,,,,14.4343181711251,,14.3292865130518,,,,,7.65684969923322,6.90879879983771,6.07962349132846,4.4137057497136,2.67317351394762,1.80369095340963,1.43778210626756,1.0406624407769,0.736638889580883,0.658452444467357,0.520601390892062,0.388728316315542,0.287715086774479,0.235379730487411,0.218597980826421,0.218063171930806,,,,Taiwan,CO2
GCAM 5.3,R_MAC_65_n0,TWN,Emissions|N2O|AFOLU,Mt CO2e/yr,,,,3.215602381721184,,,2.9071293081680847,,,,,2.7679887513461816,,2.8204648554550653,,,,,1.605918137239962,1.2378147976598042,1.0560022589994151,0.9405299001145321,0.8478116837105371,0.785521392668103,0.74222168419581,0.72356311669551,0.718566858269442,0.7181401587409141,0.7162765174696949,0.712854602068791,0.7080599781571679,0.702575106440844,0.6966328577882309,0.6907389055451431,,,,Taiwan,N2O
GCAM 5.3,R_MAC_65_n8,TWN,Carbon Sequestration|CCS|Biomass,Mt CO2/yr,,,,0.0,,,0.0,,,,,0.0,,0.0,,,,,0.96930710811882,2.22123302526359,3.55266573963625,6.73619443571459,12.0744056376731,17.2817948580721,20.0423324420267,15.6351441892724,11.4458449004171,10.9096779308686,10.3571561261251,9.46129210679095,8.72901789932792,8.54093700267932,8.82255868648857,8.99070967674681,,,,Taiwan,
GCAM 5.3,R_MAC_65_n8,TWN,Emissions|CH4|AFOLU,Mt CO2e/yr,,,,2.892967930776,,,2.620619048298496,,,,,2.7185975720982403,,2.754819029941804,,,,,1.641570904823472,1.4656759375681079,1.4286466392871962,1.408626320639944,1.416199259855072,1.4663542738580682,1.5522211798207801,1.630256392655212,1.670031939745708,1.670891909946364,1.6671904074836361,1.6607439763893719,1.652500651382896,1.643058863762568,1.633044175660632,1.62271668405896,,,,Taiwan,CH4
GCAM 5.3,R_MAC_65_n8,TWN,Emissions|CO2|AFOLU,Mt CO2/yr,,,,4.44269094076867,,,1.90655478425867,,,,,-0.0535506177689989,,0.0020818287482669,,,,,-4.97553111140066,-9.2634556023053,-9.64320946169166,-8.61513746175281,-7.20024200685351,-5.81208229535879,-4.59440625564254,-3.5718913805582,-2.73624656814905,-2.04759429385001,-1.50428937279128,-1.09621651470533,-0.798311754122967,-0.585810690171289,-0.436643812033118,-0.331221010643669,,,,Taiwan,CO2
GCAM 5.3,R_MAC_65_n8,TWN,Emissions|CO2|Energy and Industrial Processes,Mt CO2/yr,,,,290.214919116505,,,290.931204348289,,,,,279.234510309771,,314.055093316669,,,,,295.970368148868,282.441902520919,262.086002860638,221.401415451066,154.595006274876,101.649219096679,60.7441815529934,45.7035310128986,40.2404861127761,38.8742794784271,37.3108866230831,36.0305861261199,34.7320391637262,32.636899373088,30.4914615861357,28.6109365848317,,,,Taiwan,CO2
GCAM 5.3,R_MAC_65_n8,TWN,Emissions|CO2|Energy|Demand,Mt CO2/yr,,,,144.762177850258,,,147.202869201449,,,,,143.815759683734,,134.962905895588,,,,,123.124307892795,111.741799366143,104.272980946341,95.2974009250353,82.3060336145363,68.9189932092368,55.0095733197473,44.0080459156291,36.8425557821002,35.8138215202437,34.8050313405753,33.8872256638628,32.9928235123615,32.0347445779815,31.1369976063721,30.3633523900187,,,,Taiwan,CO2
GCAM 5.3,R_MAC_65_n8,TWN,Emissions|CO2|Energy|Demand|Industry,Mt CO2/yr,,,,83.4121791729861,,,83.8050414046776,,,,,86.5630563134925,,75.5185224793809,,,,,62.3335838608515,50.601565786282,43.3996525843529,35.7977677270455,25.3661792910736,15.6102235913196,7.66337508355735,3.0884518102923,1.10396832534499,0.970067458899414,0.866744930665227,0.973087810803409,1.03864857058602,0.964279588292318,0.906847248555969,0.859470742086337,,,,Taiwan,CO2
GCAM 5.3,R_MAC_65_n8,TWN,Emissions|CO2|Energy|Demand|Residential and Commercial,Mt CO2/yr,,,,9.2449365404487,,,8.8519160380529,,,,,8.76536271322213,,10.2853977615356,,,,,12.5116096150486,13.2122265963771,13.3712884858496,12.9661248310952,11.7998776911784,10.363033157089,8.92418506630045,8.02497586089208,7.66411545252374,7.6017088104675,7.45968309111226,7.19734795118221,6.93030804293768,6.68663567370655,6.490493077929,6.34932418499352,,,,Taiwan,CO2
GCAM 5.3,R_MAC_65_n8,TWN,Emissions|CO2|Energy|Demand|Residential and Commercial|Commercial,Mt CO2/yr,,,,4.1019337395697,,,3.9897065960339,,,,,4.17104629592566,,4.46000316533152,,,,,5.4839534302328,5.63962029294599,5.55859165251262,5.19251824042771,4.4186612369587,3.51001679645932,2.67041033299479,2.1664499724399,1.95909877364694,1.93055781541643,1.88597794974788,1.81546649075754,1.74587671070168,1.6833041099254,1.63498128831204,1.59817650800582,,,,Taiwan,CO2
GCAM 5.3,R_MAC_65_n8,TWN,Emissions|CO2|Energy|Demand|Residential and Commercial|Residential,Mt CO2/yr,,,,5.143002800879,,,4.862209442019,,,,,4.59431641729647,,5.82539459620411,,,,,7.02765618481576,7.57260630343111,7.81269683333694,7.77360659066749,7.38121645421966,6.85301636062972,6.25377473330565,5.85852588845218,5.7050166788768,5.67115099505107,5.57370514136437,5.38188146042467,5.184431332236,5.00333156378114,4.85551178961696,4.7511476769877,,,,Taiwan,CO2
GCAM 5.3,R_MAC_65_n8,TWN,Emissions|CO2|Energy|Demand|Transportation,Mt CO2/yr,,,,52.1050621368234,,,54.5459117587188,,,,,48.4873406570198,,49.1589856546714,,,,,48.2791144168949,47.9280069834839,47.5020398761386,46.5335083668946,45.1399766322844,42.9457364608282,38.4220131698895,32.8946182444448,28.0744720042315,27.2420452508768,26.4786033187978,25.7167899018772,25.0238668988378,24.3838293159826,23.7396572798871,23.1545574629389,,,,Taiwan,CO2
GCAM 5.3,R_MAC_65_n8,TWN,Emissions|CO2|Energy|Supply,Mt CO2/yr,,,,128.082585787142,,,129.355404206876,,,,,120.984432454912,,164.76290090803,,,,,165.562753940232,164.107870041264,152.193266847736,122.432041694805,70.2345330675854,31.23292791324,4.90129556802427,0.697335662491235,2.2318152085813,2.0130364890241,1.72412383235286,1.82695245912325,1.78506133350844,0.846207484555628,-0.515559253552134,-1.73715039162072,,,,Taiwan,CO2
GCAM 5.3,R_MAC_65_n8,TWN,Emissions|CO2|Energy|Supply|Electricity,Mt CO2/yr,,,,114.100227849352,,,122.256113561486,,,,,116.831791620215,,160.572017248333,,,,,161.411340935231,160.082095969236,148.455292832743,119.321221762964,67.9468201205456,29.8684351219737,4.21654760846107,-1.20889147982428,-0.48764351787325,-0.257290207537681,0.238563300346029,1.42006702273472,2.07632942426429,1.44527361774336,-0.0891372277514851,-1.47487368229151,,,,Taiwan,CO2
GCAM 5.3,R_MAC_65_n8,TWN,Emissions|CO2|Energy|Supply|Gases,Mt CO2/yr,,,,0.0,,,0.0,,,,,-2.61755383752968e-08,,0.0115360362084848,,,,,0.0087510955099604,0.0090566797319836,0.0098045224257604,0.0099953842369766,0.0061305756478805,0.0022403109064527,0.0003474512480353,3.48917900090675e-05,3.63926733717535e-06,3.55542714268566e-06,3.66265898193839e-06,3.8138685047841e-06,3.2881380292273e-06,2.36132597613148e-06,1.53415348161323e-06,1.1261217644766e-06,,,,Taiwan,CO2
GCAM 5.3,R_MAC_65_n8,TWN,Emissions|CO2|Energy|Supply|Liquids,Mt CO2/yr,,,,13.98235793779,,,7.09929064539,,,,,4.15264086087279,,4.15835628347244,,,,,4.1200315658418,3.962332205137,3.64405750550185,3.02390478057764,2.22966582632865,1.35043376324293,0.715015337169269,1.96632131887575,2.8107062274333,2.37163943092391,1.57920499721191,0.481638169446096,-0.233184690845148,-0.54919529999127,-0.372777468718102,-0.208586501526623,,,,Taiwan,CO2
GCAM 5.3,R_MAC_65_n8,TWN,Emissions|CO2|Energy|Supply|Solids,Mt CO2/yr,,,,0.0,,,-1.95964685228761e-17,,,,,0.0,,0.0,,,,,0.0,-2.19999618370989e-06,0.0,0.0,-1.1366638790972e-06,-4.03332648895917e-07,-4.76664394040915e-07,-4.03333066483069e-08,0.0,-1.09999878128168e-08,0.0,0.0,0.0,0.0,-1.42999316566154e-08,0.0,,,,Taiwan,CO2
GCAM 5.3,R_MAC_65_n8,TWN,Emissions|CO2|Industrial Processes,Mt CO2/yr,,,,17.3701554791049,,,14.3729309399633,,,,,14.4343181711251,,14.3292865130518,,,,,7.28330631584163,6.59223311351242,5.61975506656151,3.67197283122561,2.05443959275442,1.49729797420196,0.833312665221836,0.998149434778217,1.16611512209456,1.0474214691593,0.781731450154931,0.31640800313386,-0.0458456821437649,-0.244052689449108,-0.129976766684241,-0.0152654135662952,,,,Taiwan,CO2
GCAM 5.3,R_MAC_65_n8,TWN,Emissions|N2O|AFOLU,Mt CO2e/yr,,,,3.215602381721184,,,2.9071293081680847,,,,,2.7679887513461816,,2.8204648554550653,,,,,1.5574613542367879,1.1919630841634878,1.011900122540853,0.888944826808857,0.8011908822956221,0.749963488076985,0.7251029366506381,0.717229010641962,0.709506212215983,0.705449055830064,0.7009043738565961,0.6959219858037721,0.690069061264674,0.683251242369969,0.6757522615574639,0.668565627624531,,,,Taiwan,N2O
GCAM 5.3,R_MAC_70_n0,TWN,Carbon Sequestration|CCS|Biomass,Mt CO2/yr,,,,0.0,,,0.0,,,,,0.0,,0.0,,,,,0.65143718255489,1.6934956206208,2.5431071088582,3.89185301813812,6.2399610009358,9.09460901244923,12.740575378234,16.2412143504406,17.646655735725,15.1256372427701,13.0592542486488,11.5719257674212,10.6085067447759,10.2945627010306,10.4478121434434,10.6937517858911,,,,Taiwan,
GCAM 5.3,R_MAC_70_n0,TWN,Emissions|CH4|AFOLU,Mt CO2e/yr,,,,2.892967930776,,,2.620619048298496,,,,,2.7185975720982403,,2.754819029941804,,,,,1.69311786504784,1.500453782804928,1.451970794275092,1.43969341953598,1.43292130277772,1.4321834020873678,1.467159416058672,1.522096783520348,1.592521626692836,1.6417227299294639,1.6497838646704241,1.653741847817416,1.6536657371433359,1.6513828015130878,1.647273719444976,1.642455698614836,,,,Taiwan,CH4
GCAM 5.3,R_MAC_70_n0,TWN,Emissions|CO2|AFOLU,Mt CO2/yr,,,,4.44269094076867,,,1.90655478425867,,,,,-0.0535506177689989,,0.0020818287482669,,,,,-4.79451507384667,-8.9988398118773,-9.44120351520501,-8.46716463731013,-7.0786554303685,-5.71126811991292,-4.53631445698644,-3.57160304753362,-2.7862705681463,-2.15603407638406,-1.62903053838333,-1.20990492648157,-0.895619783665204,-0.666180861495182,-0.501090386377471,-0.382426686596202,,,,Taiwan,CO2
GCAM 5.3,R_MAC_70_n0,TWN,Emissions|CO2|Energy and Industrial Processes,Mt CO2/yr,,,,290.214919116505,,,290.931204348289,,,,,279.234510309771,,314.055093316669,,,,,301.971075294227,291.711143395513,278.541839433527,258.257894692381,221.93761916997,174.038835583171,123.21188022325,83.5060915417637,55.8058351362714,45.561298827354,45.4499298330015,45.1982502655681,44.5315725638439,43.1248343502855,41.1978084346634,38.9800992162317,,,,Taiwan,CO2
GCAM 5.3,R_MAC_70_n0,TWN,Emissions|CO2|Energy|Demand,Mt CO2/yr,,,,144.762177850258,,,147.202869201449,,,,,143.815759683734,,134.962905895588,,,,,127.4386011649,115.276666699906,108.611336746477,103.042021635732,94.6354259957182,84.9061546859537,72.7721370052644,61.1999646875886,52.2354344374784,45.1020884532158,44.1219439885445,43.1208263491177,42.065273143475,40.9261529648191,39.7157298865846,38.6170572779039,,,,Taiwan,CO2
GCAM 5.3,R_MAC_70_n0,TWN,Emissions|CO2|Energy|Demand|Industry,Mt CO2/yr,,,,83.4121791729861,,,83.8050414046776,,,,,86.5630563134925,,75.5185224793809,,,,,66.3213386077593,53.620492543631,46.9694300343433,42.185622210667,35.4650334780756,27.9333829408192,18.8547734933198,11.3367148028943,6.3251578350655,3.27471823945493,2.90881811418048,2.56966691081806,2.24937447254364,1.95160982402779,1.72292954756083,1.54053866038113,,,,Taiwan,CO2
GCAM 5.3,R_MAC_70_n0,TWN,Emissions|CO2|Energy|Demand|Residential and Commercial,Mt CO2/yr,,,,9.2449365404487,,,8.8519160380529,,,,,8.76536271322213,,10.2853977615356,,,,,12.5302080569069,13.3238269709172,13.5927353528092,13.4909200226837,12.7782316746302,11.714234110207,10.3320911408353,9.07981523370616,8.34437090000534,7.84821815708515,7.65340889700879,7.43597450495525,7.20738205394853,6.96313022333862,6.70688811338039,6.53299203632135,,,,Taiwan,CO2
GCAM 5.3,R_MAC_70_n0,TWN,Emissions|CO2|Energy|Demand|Residential and Commercial|Commercial,Mt CO2/yr,,,,4.1019337395697,,,3.9897065960339,,,,,4.17104629592566,,4.46000316533152,,,,,5.4849938409542,5.70270721737118,5.69349193677817,5.52710622972059,5.06862506826545,4.43345695708587,3.61487073660129,2.88431969651108,2.4102703900661,2.10527632322699,2.02940682814338,1.95552188867647,1.88285737983157,1.81020187037855,1.74012574870751,1.68911377942311,,,,Taiwan,CO2
GCAM 5.3,R_MAC_70_n0,TWN,Emissions|CO2|Energy|Demand|Residential and Commercial|Residential,Mt CO2/yr,,,,5.143002800879,,,4.862209442019,,,,,4.59431641729647,,5.82539459620411,,,,,7.04521421595272,7.62111975354601,7.89924341603107,7.96381379296316,7.70960660636474,7.28077715312111,6.71722040423397,6.19549553719508,5.93410050993924,5.74294183385817,5.62400206886541,5.48045261627878,5.32452467411696,5.15292835296007,4.96676236467289,4.84387825689823,,,,Taiwan,CO2
GCAM 5.3,R_MAC_70_n0,TWN,Emissions|CO2|Energy|Demand|Transportation,Mt CO2/yr,,,,52.1050621368234,,,54.5459117587188,,,,,48.4873406570198,,49.1589856546714,,,,,48.5870545002337,48.332347185358,48.0491713593241,47.3654794023808,46.3921608430123,45.2585376349274,43.5852723711093,40.7834346509881,37.5659057024075,33.9791520566757,33.5597169773553,33.1151849333444,32.6085166169828,32.0114129174527,31.2859122256433,30.5435265812014,,,,Taiwan,CO2
GCAM 5.3,R_MAC_70_n0,TWN,Emissions|CO2|Energy|Supply,Mt CO2/yr,,,,128.082585787142,,,129.355404206876,,,,,120.984432454912,,164.76290090803,,,,,166.667193504128,169.350469296281,163.609571740537,150.378248594002,124.233989609098,87.1062825524829,48.8517462186341,20.9171672372817,2.60063788598847,-0.230761968541645,0.836718539046312,1.75183133581348,2.24124417486471,2.02268574248741,1.31122165552932,0.168252125707856,,,,Taiwan,CO2
GCAM 5.3,R_MAC_70_n0,TWN,Emissions|CO2|Energy|Supply|Electricity,Mt CO2/yr,,,,114.100227849352,,,122.256113561486,,,,,116.831791620215,,160.572017248333,,,,,162.497704171031,165.286994265606,159.760978304807,146.85421457964,121.096678347309,84.2892272944162,46.5202019911783,18.9941788469438,1.16561951464337,-1.40580740662211,0.182308257898747,1.4776434992222,2.1471882259143,1.97025854328417,1.22955469829479,0.0174772601585341,,,,Taiwan,CO2
GCAM 5.3,R_MAC_70_n0,TWN,Emissions|CO2|Energy|Supply|Gases,Mt CO2/yr,,,,0.0,,,0.0,,,,,-2.61755383752968e-08,,0.0115360362084848,,,,,0.010587685788524,0.0110171975804532,0.0126200424696389,0.0153559955141959,0.0150707223022405,0.012714821638252,0.0061671021779764,0.0019057756728621,0.0004864305598015,0.0001059468724967,0.0001042257088438,9.54466657988137e-05,8.32740322754826e-05,7.03816985622323e-05,7.0954302972084e-05,7.40782018109652e-05,,,,Taiwan,CO2
GCAM 5.3,R_MAC_70_n0,TWN,Emissions|CO2|Energy|Supply|Liquids,Mt CO2/yr,,,,13.98235793779,,,7.09929064539,,,,,4.15264086087279,,4.15835628347244,,,,,4.13324972000607,3.99445244357221,3.73916196740916,3.39101820787928,3.00874827430189,2.70803678841587,2.27632244346151,1.92308558345944,1.46163703903509,1.21512161261569,0.680735462893888,0.293583583455335,0.110120349240011,0.0687650998728777,0.101304662196801,0.173171400892083,,,,Taiwan,CO2
GCAM 5.3,R_MAC_70_n0,TWN,Emissions|CO2|Energy|Supply|Solids,Mt CO2/yr,,,,0.0,,,-1.95964685228761e-17,,,,,0.0,,0.0,,,,,0.0,-3.66667008310665e-07,0.0,-7.33333198541584e-07,0.0,-5.13333029588575e-07,0.0,0.0,0.0,0.0,-2.19999849240639e-08,0.0,-3.29999789780376e-08,0.0,0.0,-2.19999932504301e-08,,,,Taiwan,CO2
GCAM 5.3,R_MAC_70_n0,TWN,Emissions|CO2|Industrial Processes,Mt CO2/yr,,,,17.3701554791049,,,14.3729309399633,,,,,14.4343181711251,,14.3292865130518,,,,,7.86528062519911,7.08400739932557,6.32093094651337,4.83762446264693,3.06820356515404,2.0263983447346,1.58799699935194,1.38895961689341,0.969762812804548,0.68997234267984,0.491267305410696,0.325592580636971,0.225055245504148,0.175995642978999,0.170856892549548,0.194789812619948,,,,Taiwan,CO2
GCAM 5.3,R_MAC_70_n0,TWN,Emissions|N2O|AFOLU,Mt CO2e/yr,,,,3.215602381721184,,,2.9071293081680847,,,,,2.7679887513461816,,2.8204648554550653,,,,,1.632157577118432,1.26428870104992,1.078973761235643,0.9652694255180341,0.877986183836034,0.8071083675159959,0.757740763777179,0.7305417981697291,0.72332167004097,0.717396940442637,0.715932980875749,0.712708259244072,0.708181077991569,0.702787866240915,0.696751723912062,0.690785534820654,,,,Taiwan,N2O
GCAM 5.3,R_MAC_70_n8,TWN,Carbon Sequestration|CCS|Biomass,Mt CO2/yr,,,,0.0,,,0.0,,,,,0.0,,0.0,,,,,0.83611293601026,2.00284494541013,3.09832639166601,5.41696856911831,9.3363967820966,13.8702114975949,18.0687752944825,18.5206303140765,14.3275895521001,11.2478826560579,10.4274217802652,9.39393472950286,8.64669963015471,8.57180048367644,8.78169095780602,8.96242722027253,,,,Taiwan,
GCAM 5.3,R_MAC_70_n8,TWN,Emissions|CH4|AFOLU,Mt CO2e/yr,,,,2.892967930776,,,2.620619048298496,,,,,2.7185975720982403,,2.754819029941804,,,,,1.66011155398606,1.4781045658547,1.437760078540268,1.4226128482972,1.413277700481024,1.4477638065518041,1.510158727074032,1.588733874724892,1.64976738221232,1.6710607256178078,1.667049915073144,1.660587446398944,1.652400952548696,1.642928303255708,1.632799218831228,1.622549196427852,,,,Taiwan,CH4
GCAM 5.3,R_MAC_70_n8,TWN,Emissions|CO2|AFOLU,Mt CO2/yr,,,,4.44269094076867,,,1.90655478425867,,,,,-0.0535506177689989,,0.0020818287482669,,,,,-4.91017623298767,-9.17053065150897,-9.572193804107,-8.56029752997247,-7.1482061301596,-5.77070588428169,-4.57512143990334,-3.57851207615715,-2.76350624261991,-2.1098371177913,-1.57563343086947,-1.15676153421949,-0.84540814938679,-0.621548506220485,-0.462932927031612,-0.349788659570156,,,,Taiwan,CO2
GCAM 5.3,R_MAC_70_n8,TWN,Emissions|CO2|Energy and Industrial Processes,Mt CO2/yr,,,,290.214919116505,,,290.931204348289,,,,,279.234510309771,,314.055093316669,,,,,298.316592127044,286.19013496828,269.176222148049,238.08976670626,182.044897456213,126.527276723161,81.6522484237765,51.9501062509481,43.8111381801,38.5463391784127,36.7982968051632,35.715330867586,34.5358777047115,32.6824823685493,30.8307475012989,28.9244726616423,,,,Taiwan,CO2
GCAM 5.3,R_MAC_70_n8,TWN,Emissions|CO2|Energy|Demand,Mt CO2/yr,,,,144.762177850258,,,147.202869201449,,,,,143.815759683734,,134.962905895588,,,,,124.774373362535,113.181018439436,106.110885515597,98.6737564062913,87.4567946373227,75.2374197380727,61.8571370303395,50.017917336922,42.1592129681154,36.0714381029678,34.8586847627131,33.8523177470522,32.8910806856945,31.9085713572551,31.0584066573965,30.2517955831421,,,,Taiwan,CO2
GCAM 5.3,R_MAC_70_n8,TWN,Emissions|CO2|Energy|Demand|Industry,Mt CO2/yr,,,,83.4121791729861,,,83.8050414046776,,,,,86.5630563134925,,75.5185224793809,,,,,63.8562823045707,51.8483791352624,44.9331647841203,38.5927545764647,29.4951491637758,20.1860731284454,11.4016073665552,5.46701439368551,2.34360654067638,0.951896979426094,0.873976402531991,0.971420243615456,1.00563142789965,0.906361778738426,0.835870840199939,0.775844838584017,,,,Taiwan,CO2
GCAM 5.3,R_MAC_70_n8,TWN,Emissions|CO2|Energy|Demand|Residential and Commercial,Mt CO2/yr,,,,9.2449365404487,,,8.8519160380529,,,,,8.76536271322213,,10.2853977615356,,,,,12.5218605688696,13.2544040292609,13.4632226713401,13.2017444663535,12.2534514488827,10.9198765788119,9.44642456765781,8.32273509302754,7.87761181763802,7.58242850178048,7.41130923117686,7.16076724105326,6.90624222176546,6.69783523349914,6.50612677854757,6.3552784546754,,,,Taiwan,CO2
GCAM 5.3,R_MAC_70_n8,TWN,Emissions|CO2|Energy|Demand|Residential and Commercial|Commercial,Mt CO2/yr,,,,4.1019337395697,,,3.9897065960339,,,,,4.17104629592566,,4.46000316533152,,,,,5.48649867991649,5.66354952208564,5.61502090186408,5.34383056417244,4.72305852855819,3.88842909653751,3.01473493734703,2.37910446253402,2.07736447610413,1.92423986085946,1.87315825187818,1.8061262978688,1.73980735337486,1.68559827408516,1.6385331513356,1.59942330257118,,,,Taiwan,CO2
GCAM 5.3,R_MAC_70_n8,TWN,Emissions|CO2|Energy|Demand|Residential and Commercial|Residential,Mt CO2/yr,,,,5.143002800879,,,4.862209442019,,,,,4.59431641729647,,5.82539459620411,,,,,7.0353618889531,7.59085450717529,7.84820176947603,7.85791390218103,7.53039292032454,7.03144748227443,6.43168963031079,5.94363063049352,5.8002473415339,5.65818864092102,5.53815097929867,5.35464094318446,5.1664348683906,5.01223695941398,4.86759362721196,4.75585515210422,,,,Taiwan,CO2
GCAM 5.3,R_MAC_70_n8,TWN,Emissions|CO2|Energy|Demand|Transportation,Mt CO2/yr,,,,52.1050621368234,,,54.5459117587188,,,,,48.4873406570198,,49.1589856546714,,,,,48.3962304890952,48.0782352749132,47.7144980601365,46.8792573634732,45.7081940246642,44.1314700308153,41.0091050961266,36.2281678502089,31.937994609801,27.5371126217612,26.5733991290043,25.7201302623835,24.9792070360294,24.3043743450176,23.716409038649,23.1206722898827,,,,Taiwan,CO2
GCAM 5.3,R_MAC_70_n8,TWN,Emissions|CO2|Energy|Supply,Mt CO2/yr,,,,128.082585787142,,,129.355404206876,,,,,120.984432454912,,164.76290090803,,,,,166.050323603457,166.237987493512,157.165187543885,135.320073245275,92.21289546358,49.5971561253004,18.5807802597587,1.15107276899203,0.681053018962474,1.46907699815662,1.3365685738483,1.70810829468275,1.84295862615733,1.02890136584851,-0.143800552716167,-1.35056437103057,,,,Taiwan,CO2
GCAM 5.3,R_MAC_70_n8,TWN,Emissions|CO2|Energy|Supply|Electricity,Mt CO2/yr,,,,114.100227849352,,,122.256113561486,,,,,116.831791620215,,160.572017248333,,,,,161.89174855003,162.199492545549,153.383588519243,132.044047419357,89.5446004794767,47.5748491305073,17.3201262621019,0.104184260478287,-1.34195570262493,-0.762090366489069,0.1690878234281,1.54013796157794,2.35200356727647,1.65558236097326,0.234932438373666,-1.12744349645014,,,,Taiwan,CO2
GCAM 5.3,R_MAC_70_n8,TWN,Emissions|CO2|Energy|Supply|Gases,Mt CO2/yr,,,,0.0,,,0.0,,,,,-2.61755383752968e-08,,0.0115360362084848,,,,,0.0094101748567634,0.0098057866204212,0.0109121490339561,0.0121295769951958,0.0090389013690473,0.0049649544858138,0.0012566434497628,0.0001850303328241,2.55203368469704e-05,3.38520842342075e-06,3.77488886372352e-06,4.04061425563019e-06,3.61534059033365e-06,2.63993162954709e-06,1.71194478912413e-06,1.21976797202969e-06,,,,Taiwan,CO2
GCAM 5.3,R_MAC_70_n8,TWN,Emissions|CO2|Energy|Supply|Liquids,Mt CO2/yr,,,,13.98235793779,,,7.09929064539,,,,,4.15264086087279,,4.15835628347244,,,,,4.12538493788002,3.97303794985629,3.68086716518891,3.17116758586921,2.58147483715624,1.97300978425285,1.26596499159375,1.09151369435578,2.08625771146216,2.32500200732444,1.25199430278337,0.235920067916485,-0.455622128385976,-0.575159322749804,-0.322739132057831,-0.169856611019599,,,,Taiwan,CO2
GCAM 5.3,R_MAC_70_n8,TWN,Emissions|CO2|Energy|Supply|Solids,Mt CO2/yr,,,,0.0,,,-1.95964685228761e-17,,,,,0.0,,0.0,,,,,-1.83333421405359e-06,-2.56666175960472e-06,-1.46666485266997e-06,0.0,0.0,-1.28332981891009e-06,0.0,0.0,0.0,0.0,-1.90666369550634e-08,-8.799980974071651e-09,0.0,-1.13666234082312e-08,0.0,0.0,,,,Taiwan,CO2
GCAM 5.3,R_MAC_70_n8,TWN,Emissions|CO2|Industrial Processes,Mt CO2/yr,,,,17.3701554791049,,,14.3729309399633,,,,,14.4343181711251,,14.3292865130518,,,,,7.4918951610518,6.77112903533147,5.90014908856775,4.09593705469398,2.37520735531055,1.6927008597882,1.21433113367824,0.781116145034057,0.970872193022152,1.0058240772883,0.603043468601772,0.15490482585101,-0.198161607140363,-0.254990354554399,-0.083858603381442,0.0232414495307733,,,,Taiwan,CO2
GCAM 5.3,R_MAC_70_n8,TWN,Emissions|N2O|AFOLU,Mt CO2e/yr,,,,3.215602381721184,,,2.9071293081680847,,,,,2.7679887513461816,,2.8204648554550653,,,,,1.584775922453724,1.217561172969414,1.036591581896052,0.918981726916071,0.8264201697266971,0.7691113910923171,0.7323134743975049,0.7193424640010699,0.71469773868675,0.7050818806160221,0.700770423548013,0.695871996865773,0.6900601735380991,0.6829408520540969,0.675469998778848,0.668413778156397,,,,Taiwan,N2O
GCAM 5.3,R_MAC_75_n0,TWN,Carbon Sequestration|CCS|Biomass,Mt CO2/yr,,,,0.0,,,0.0,,,,,0.0,,0.0,,,,,0.579760604038838,1.56712150779891,2.32509030837183,3.39496487429981,5.31715475071099,7.48950480553068,10.4725434683827,14.0121223784959,17.0345640292466,16.5718812564179,13.7180028938544,12.0461567434792,10.8099283603609,10.2841617443818,10.3348904407149,10.5689815582456,,,,Taiwan,
GCAM 5.3,R_MAC_75_n0,TWN,Emissions|CH4|AFOLU,Mt CO2e/yr,,,,2.892967930776,,,2.620619048298496,,,,,2.7185975720982403,,2.754819029941804,,,,,1.709619189720932,1.512278463465532,1.459282961152408,1.445380017821516,1.441610222857224,1.434663384433244,1.454920800392556,1.49825489314116,1.561189135133992,1.6180051112331961,1.650144965441028,1.653751925968884,1.6535815340684359,1.6513228381968639,1.6472310038072,1.6424750625478999,,,,Taiwan,CH4
GCAM 5.3,R_MAC_75_n0,TWN,Emissions|CO2|AFOLU,Mt CO2/yr,,,,4.44269094076867,,,1.90655478425867,,,,,-0.0535506177689989,,0.0020818287482669,,,,,-4.737189135635,-8.90889262405963,-9.38039853839366,-8.43117411474946,-7.0524349469156,-5.68765917334549,-4.51542764200847,-3.56285456415786,-2.79084491973049,-2.17021206305479,-1.67800528254915,-1.27044954491335,-0.947422754716922,-0.706032936696351,-0.530293453902179,-0.40356772522127,,,,Taiwan,CO2
GCAM 5.3,R_MAC_75_n0,TWN,Emissions|CO2|Energy and Industrial Processes,Mt CO2/yr,,,,290.214919116505,,,290.931204348289,,,,,279.234510309771,,314.055093316669,,,,,303.575098297665,293.989809369955,282.995054865508,266.260513067701,236.264002327337,195.913603953855,145.157845914489,102.295587713315,68.837325687066,51.7785885244442,44.408868953989,44.2843039803414,43.9698287861263,42.9134426449387,41.2418225331196,39.1653183512563,,,,Taiwan,CO2
GCAM 5.3,R_MAC_75_n0,TWN,Emissions|CO2|Energy|Demand,Mt CO2/yr,,,,144.762177850258,,,147.202869201449,,,,,143.815759683734,,134.962905895588,,,,,128.630495349582,116.050984397185,110.011517098632,104.960953723793,97.4340755079365,88.8641387640063,77.7947841704719,66.4061909081773,57.6063171762766,50.038419454329,44.0080875134015,43.0625275905948,42.0384779015723,40.9264986992966,39.712808047067,38.5857749392724,,,,Taiwan,CO2
GCAM 5.3,R_MAC_75_n0,TWN,Emissions|CO2|Energy|Demand|Industry,Mt CO2/yr,,,,83.4121791729861,,,83.8050414046776,,,,,86.5630563134925,,75.5185224793809,,,,,67.4255991386421,54.2382741601992,48.1971289719948,43.8425190891665,37.843931155908,31.2414394142418,22.7179578167713,14.694452243265,9.03573247011283,5.15216034636894,2.82229619285136,2.53224369971421,2.22999286448557,1.93952093406654,1.70512712866457,1.49707160117968,,,,Taiwan,CO2
GCAM 5.3,R_MAC_75_n0,TWN,Emissions|CO2|Energy|Demand|Residential and Commercial,Mt CO2/yr,,,,9.2449365404487,,,8.8519160380529,,,,,8.76536271322213,,10.2853977615356,,,,,12.5305749690935,13.3577714088262,13.6306502679985,13.5725912966637,12.9477159822715,12.0042367547559,10.7414167332673,9.48098043505552,8.69868448749362,8.0998090119389,7.6336870160201,7.41896937186409,7.19605453048747,6.95678099914928,6.70336840166261,6.52882550236719,,,,Taiwan,CO2
GCAM 5.3,R_MAC_75_n0,TWN,Emissions|CO2|Energy|Demand|Residential and Commercial|Commercial,Mt CO2/yr,,,,4.1019337395697,,,3.9897065960339,,,,,4.17104629592566,,4.46000316533152,,,,,5.48195641765565,5.72192050107974,5.71532326648591,5.57762109032892,5.17849612413231,4.6293653329217,3.89487328037328,3.15448645002739,2.64162996860603,2.26950228865951,2.02025931701914,1.95022726742601,1.88026900073205,1.80942675677998,1.74007576489463,1.68838045649093,,,,Taiwan,CO2
GCAM 5.3,R_MAC_75_n0,TWN,Emissions|CO2|Energy|Demand|Residential and Commercial|Residential,Mt CO2/yr,,,,5.143002800879,,,4.862209442019,,,,,4.59431641729647,,5.82539459620411,,,,,7.04861855143783,7.63585090774643,7.91532700151256,7.99497020633478,7.76921985813918,7.37487142183424,6.84654345289403,6.32649398502813,6.05705451888759,5.83030672327939,5.61342769900096,5.46874210443808,5.31578552975542,5.1473542423693,4.96329263676799,4.84044504587626,,,,Taiwan,CO2
GCAM 5.3,R_MAC_75_n0,TWN,Emissions|CO2|Energy|Demand|Transportation,Mt CO2/yr,,,,52.1050621368234,,,54.5459117587188,,,,,48.4873406570198,,49.1589856546714,,,,,48.6743212418461,48.45493882816,48.1837378586392,47.5458433379624,46.642428369757,45.6184625950086,44.3354096204333,42.2307582298567,39.8719002186701,36.7864500960211,33.55210430453,33.1113145190165,32.6124305065993,32.0301967660807,31.3043125167398,30.5598778357256,,,,Taiwan,CO2
GCAM 5.3,R_MAC_75_n0,TWN,Emissions|CO2|Energy|Supply,Mt CO2/yr,,,,128.082585787142,,,129.355404206876,,,,,120.984432454912,,164.76290090803,,,,,166.893486656432,170.698351807933,166.469048030847,156.131355233508,135.418610030814,104.752598689668,65.6461864979638,34.3721714635151,9.97656538930062,0.827901596522524,-0.0646478911955047,0.986686163167362,1.7969103797323,1.88475995072066,1.41810885688357,0.432191053923593,,,,Taiwan,CO2
GCAM 5.3,R_MAC_75_n0,TWN,Emissions|CO2|Energy|Supply|Electricity,Mt CO2/yr,,,,114.100227849352,,,122.256113561486,,,,,116.831791620215,,160.572017248333,,,,,162.719287949018,166.620150934736,162.59482831681,152.5180928861,132.106859258674,101.65360368812,62.8954369097146,32.0085093160896,8.12716560651944,-0.527390905072659,-0.729436899187615,0.845271078616378,1.8447680750141,1.95256483778252,1.44179914045515,0.366336959703996,,,,Taiwan,CO2
GCAM 5.3,R_MAC_75_n0,TWN,Emissions|CO2|Energy|Supply|Gases,Mt CO2/yr,,,,0.0,,,0.0,,,,,-2.61755383752968e-08,,0.0115360362084848,,,,,0.0111692648483702,0.0115281135876621,0.0137703926981025,0.0173129105552504,0.0181362232955078,0.017341968481961,0.0106135551901684,0.0042279370063314,0.0014219237404004,0.0003974698602695,9.83300693596846e-05,9.25685347439773e-05,8.41843334273894e-05,7.51163729389472e-05,8.28018256418655e-05,8.4763148923134e-05,,,,Taiwan,CO2
GCAM 5.3,R_MAC_75_n0,TWN,Emissions|CO2|Energy|Supply|Liquids,Mt CO2/yr,,,,13.98235793779,,,7.09929064539,,,,,4.15264086087279,,4.15835628347244,,,,,4.13652653607656,4.00730919603332,3.76162619808366,3.46949114985674,3.16595604474413,2.96348093187133,2.66448051616649,2.33516579822011,1.85707574457106,1.38125172756995,0.694925103329093,0.162675888645967,-0.0320298572220046,-0.0528695267166134,-0.0056884624375115,0.0869445957606898,,,,Taiwan,CO2
GCAM 5.3,R_MAC_75_n0,TWN,Emissions|CO2|Energy|Supply|Solids,Mt CO2/yr,,,,0.0,,,-1.95964685228761e-17,,,,,0.0,,0.0,,,,,-1.09999996976496e-06,0.0,-1.46666542071289e-06,-7.3333362281758e-07,-2.93332355470952e-06,0.0,-1.61332835341091e-06,0.0,-3.29999398464925e-07,-8.06666030328661e-08,0.0,0.0,-3.29999961145718e-08,0.0,-1.0999988899806e-08,0.0,,,,Taiwan,CO2
GCAM 5.3,R_MAC_75_n0,TWN,Emissions|CO2|Industrial Processes,Mt CO2/yr,,,,17.3701554791049,,,14.3729309399633,,,,,14.4343181711251,,14.3292865130518,,,,,8.05111629165105,7.24047316483651,6.51448973602829,5.1682041103999,3.41131678858678,2.29686650018045,1.71687524605332,1.51722534162282,1.25444312148875,0.912267473592706,0.465429331783019,0.235090226579232,0.134440504821697,0.102183994921499,0.110905629169029,0.147352358060262,,,,Taiwan,CO2
GCAM 5.3,R_MAC_75_n0,TWN,Emissions|N2O|AFOLU,Mt CO2e/yr,,,,3.215602381721184,,,2.9071293081680847,,,,,2.7679887513461816,,2.8204648554550653,,,,,1.655226337388988,1.288800278206077,1.097322083674362,0.983828175485883,0.900822086531913,0.8286362467923539,0.773627014769427,0.7395525140091271,0.727565973529941,0.722393891459058,0.715353461759391,0.712372522980846,0.708113704224927,0.7029311490408479,0.696967811193654,0.690944918877486,,,,Taiwan,N2O
GCAM 5.3,R_MAC_75_n8,TWN,Carbon Sequestration|CCS|Biomass,Mt CO2/yr,,,,0.0,,,0.0,,,,,0.0,,0.0,,,,,0.73474059346126,1.83561860354107,2.80869585200263,4.5774065827945,7.54619622935111,11.2077991882241,15.3080578366415,18.0664626998856,16.8926111430253,13.1696316491617,10.5890780817143,9.48414878609041,8.67940028969338,8.65395051159065,8.83004235010033,8.97493262454764,,,,Taiwan,
GCAM 5.3,R_MAC_75_n8,TWN,Emissions|CH4|AFOLU,Mt CO2e/yr,,,,2.892967930776,,,2.620619048298496,,,,,2.7185975720982403,,2.754819029941804,,,,,1.67687176765892,1.4893057631318158,1.445443519154824,1.4323018242560162,1.420165048289848,1.4366173133048519,1.484369700276792,1.5530023724285,1.623162785513052,1.659374037549732,1.667004891175176,1.6604702529403799,1.652291371487456,1.6428374740490441,1.632712159806784,1.622502104341272,,,,Taiwan,CH4
GCAM 5.3,R_MAC_75_n8,TWN,Emissions|CO2|AFOLU,Mt CO2/yr,,,,4.44269094076867,,,1.90655478425867,,,,,-0.0535506177689989,,0.0020818287482669,,,,,-4.85132153277934,-9.08484479900031,-9.50523474630767,-8.51094436752047,-7.10968880092717,-5.73783658991756,-4.5554527814492,-3.57597985151286,-2.77813681776675,-2.13730945240758,-1.63021691948869,-1.21869101557094,-0.897889488818718,-0.662488610232504,-0.493362056773471,-0.371659182503866,,,,Taiwan,CO2
GCAM 5.3,R_MAC_75_n8,TWN,Emissions|CO2|Energy and Industrial Processes,Mt CO2/yr,,,,290.214919116505,,,290.931204348289,,,,,279.234510309771,,314.055093316669,,,,,300.250887034934,289.156624603386,274.077666011322,249.166903520599,204.026690931637,150.454315614205,102.629536822784,65.8211373788974,47.4292559625561,41.8906618718025,36.7521770071702,35.5306971401406,34.292407167558,32.5590922211536,30.8694549381731,29.0031777894796,,,,Taiwan,CO2
GCAM 5.3,R_MAC_75_n8,TWN,Emissions|CO2|Energy|Demand,Mt CO2/yr,,,,144.762177850258,,,147.202869201449,,,,,143.815759683734,,134.962905895588,,,,,126.173626473881,114.32850269444,107.405571922861,101.055410514658,91.3858122798187,80.4279417498899,67.495608386521,55.8109612641031,47.0472347963816,40.6003025058265,35.2430196486995,34.0074249978362,32.8839672242654,31.8343971334753,30.920188123597,30.0844910281604,,,,Taiwan,CO2
GCAM 5.3,R_MAC_75_n8,TWN,Emissions|CO2|Energy|Demand|Industry,Mt CO2/yr,,,,83.4121791729861,,,83.8050414046776,,,,,86.5630563134925,,75.5185224793809,,,,,65.1501657595865,52.8302397849763,45.9766672476019,40.541138839905,32.7354355668125,24.2743338521122,15.0690783210316,8.29518799891162,4.09214747977174,1.92276330927782,0.945029341579329,0.949420597304051,0.945155680654328,0.819673141707187,0.71576680430972,0.632358868956315,,,,Taiwan,CO2
GCAM 5.3,R_MAC_75_n8,TWN,Emissions|CO2|Energy|Demand|Residential and Commercial,Mt CO2/yr,,,,9.2449365404487,,,8.8519160380529,,,,,8.76536271322213,,10.2853977615356,,,,,12.527561252636,13.2899103651279,13.5358247723939,13.368473210944,12.5569867983143,11.357336769604,9.89693624613912,8.68693297151648,8.06179276081582,7.69529560875395,7.38567371113689,7.14309038807324,6.88783426064851,6.70280374515079,6.5146267822296,6.35578231223647,,,,Taiwan,CO2
GCAM 5.3,R_MAC_75_n8,TWN,Emissions|CO2|Energy|Demand|Residential and Commercial|Commercial,Mt CO2/yr,,,,4.1019337395697,,,3.9897065960339,,,,,4.17104629592566,,4.46000316533152,,,,,5.48661793891478,5.68357733339387,5.65933605803293,5.45003942133443,4.92387090702704,4.18975847266133,3.31887131970406,2.62508876334126,2.21809634118709,1.99666790076247,1.86570100324135,1.80111773944369,1.73498090105935,1.68652387130773,1.64049772719662,1.59943776724777,,,,Taiwan,CO2
GCAM 5.3,R_MAC_75_n8,TWN,Emissions|CO2|Energy|Demand|Residential and Commercial|Residential,Mt CO2/yr,,,,5.143002800879,,,4.862209442019,,,,,4.59431641729647,,5.82539459620411,,,,,7.04094331372124,7.60633303173408,7.87648871436093,7.91843378960957,7.63311589128723,7.16757829694269,6.57806492643505,6.06184420817523,5.84369641962873,5.69862770799148,5.51997270789554,5.34197264862954,5.15285335958917,5.01627987384306,4.87412905503299,4.75634454498871,,,,Taiwan,CO2
GCAM 5.3,R_MAC_75_n8,TWN,Emissions|CO2|Energy|Demand|Transportation,Mt CO2/yr,,,,52.1050621368234,,,54.5459117587188,,,,,48.4873406570198,,49.1589856546714,,,,,48.4958994616587,48.2083525443355,47.8930799028651,47.1457984638086,46.0933899146919,44.7962711281737,42.5295938193503,38.828840293675,34.893294555794,30.9822435877947,26.9123165959832,25.9149140124589,25.0509772829625,24.3119202466173,23.6897945370576,23.0963498469676,,,,Taiwan,CO2
GCAM 5.3,R_MAC_75_n8,TWN,Emissions|CO2|Energy|Supply,Mt CO2/yr,,,,128.082585787142,,,129.355404206876,,,,,120.984432454912,,164.76290090803,,,,,166.395768527877,167.898816818703,160.563717363786,143.645957876344,109.922192874884,68.2003433831859,33.6724161166817,8.91983280539207,-0.358701051681322,0.572460701476688,0.986126959923015,1.44935056777605,1.71805377324023,1.00292712778297,0.0156893276080057,-1.10026119585123,,,,Taiwan,CO2
GCAM 5.3,R_MAC_75_n8,TWN,Emissions|CO2|Energy|Supply|Electricity,Mt CO2/yr,,,,114.100227849352,,,122.256113561486,,,,,116.831791620215,,160.572017248333,,,,,162.231370057759,163.848278158954,156.749297286635,140.242330831801,106.999161900366,65.7337438245314,31.8441828587431,7.52734059848961,-1.61524334483861,-0.886792267086021,-0.0888604814607083,1.37387179265167,2.38505807470261,1.67577355821661,0.388145814407086,-0.847925233010313,,,,Taiwan,CO2
GCAM 5.3,R_MAC_75_n8,TWN,Emissions|CO2|Energy|Supply|Gases,Mt CO2/yr,,,,0.0,,,0.0,,,,,-2.61755383752968e-08,,0.0115360362084848,,,,,0.0100087420375507,0.0104460225921002,0.0117492636137772,0.0137590214939778,0.0120268577211932,0.0085522781842997,0.0031270068488495,0.0007049868270665,0.0001264797562804,2.18451967123058e-05,3.72821389445983e-06,4.00643996529176e-06,3.78810180906619e-06,2.84355880207984e-06,1.96148353598946e-06,1.37671177073854e-06,,,,Taiwan,CO2
GCAM 5.3,R_MAC_75_n8,TWN,Emissions|CO2|Energy|Supply|Liquids,Mt CO2/yr,,,,13.98235793779,,,7.09929064539,,,,,4.15264086087279,,4.15835628347244,,,,,4.12963485027738,3.98331199260281,3.70931716892209,3.28420076912326,2.81380638439676,2.38581460047394,1.80330823758426,1.41627314302878,1.30078677160423,1.51838648943432,1.15056876811344,0.139261974841751,-0.61687860477962,-0.620699654655664,-0.314682219231937,-0.197415601996637,,,,Taiwan,CO2
GCAM 5.3,R_MAC_75_n8,TWN,Emissions|CO2|Energy|Supply|Solids,Mt CO2/yr,,,,0.0,,,-1.95964685228761e-17,,,,,0.0,,0.0,,,,,-4.03332835198285e-06,-4.39999079622913e-06,0.0,0.0,0.0,0.0,-1.10000026126764e-07,0.0,0.0,0.0,-6.599989951816941e-09,0.0,0.0,-1.42999523838763e-08,0.0,0.0,,,,Taiwan,CO2
GCAM 5.3,R_MAC_75_n8,TWN,Emissions|CO2|Industrial Processes,Mt CO2/yr,,,,17.3701554791049,,,14.3729309399633,,,,,14.4343181711251,,14.3292865130518,,,,,7.68149203317601,6.92930509024266,6.10837672467556,4.46553512959724,2.71868577693403,1.82603048112941,1.46151231958126,1.09034330940227,0.740722217855833,0.717898664499316,0.523030398547745,0.0739215745283417,-0.30961382994756,-0.278232040104668,-0.0664225130318397,0.0189479571704344,,,,Taiwan,CO2
GCAM 5.3,R_MAC_75_n8,TWN,Emissions|N2O|AFOLU,Mt CO2e/yr,,,,3.215602381721184,,,2.9071293081680847,,,,,2.7679887513461816,,2.8204648554550653,,,,,1.609043857129527,1.240871803200666,1.0589544571929959,0.9437239533269729,0.8516399431760219,0.7879527430047,0.7438704591700199,0.7244318361167161,0.719114661240066,0.7115612943552749,0.700496839402815,0.695569979638989,0.689913753043788,0.682718819222076,0.6753259852389959,0.668327314015179,,,,Taiwan,N2O
GCAM 5.3,R_MAC_80_n0,TWN,Carbon Sequestration|CCS|Biomass,Mt CO2/yr,,,,0.0,,,0.0,,,,,0.0,,0.0,,,,,0.525018813062312,1.46574841358318,2.17017096928825,3.05939021245969,4.7002410492946,6.42253422153336,8.79078073482848,12.0283774754888,15.6551177307924,16.9214081605764,15.4767214659579,12.7302159440726,11.2310301671204,10.4463338940796,10.3072851316626,10.439133995983,,,,Taiwan,
GCAM 5.3,R_MAC_80_n0,TWN,Emissions|CH4|AFOLU,Mt CO2e/yr,,,,2.892967930776,,,2.620619048298496,,,,,2.7185975720982403,,2.754819029941804,,,,,1.7244406171845161,1.521117925377428,1.465937024333236,1.449894114951212,1.44776298013312,1.446261108066432,1.448972082755176,1.482059898535328,1.53889324213982,1.59468511061692,1.6349529922707802,1.65407886054138,1.653624735599872,1.651270892894392,1.64720185690536,1.6424984238401201,,,,Taiwan,CH4
GCAM 5.3,R_MAC_80_n0,TWN,Emissions|CO2|AFOLU,Mt CO2/yr,,,,4.44269094076867,,,1.90655478425867,,,,,-0.0535506177689989,,0.0020818287482669,,,,,-4.68586547445133,-8.83618705017363,-9.32938814026266,-8.39825276916413,-7.02951823866453,-5.66847824514719,-4.4975656029946,-3.55134377758336,-2.79085926352292,-2.18003216967092,-1.69397756060766,-1.31329936664119,-0.998478523798602,-0.74901086731518,-0.562980995637763,-0.427321423731477,,,,Taiwan,CO2
GCAM 5.3,R_MAC_80_n0,TWN,Emissions|CO2|Energy and Industrial Processes,Mt CO2/yr,,,,290.214919116505,,,290.931204348289,,,,,279.234510309771,,314.055093316669,,,,,304.905871577501,296.292852455438,286.592441399679,272.294168152459,246.757636646306,212.681794791181,165.427859800726,119.700436256846,82.8332406206476,60.715056744831,48.5199585366342,43.0977557809698,43.0851124519056,42.4309486124857,41.1008266740267,39.2863097734385,,,,Taiwan,CO2
GCAM 5.3,R_MAC_80_n0,TWN,Emissions|CO2|Energy|Demand,Mt CO2/yr,,,,144.762177850258,,,147.202869201449,,,,,143.815759683734,,134.962905895588,,,,,129.610042416489,117.157663729884,111.233592055252,106.519994099046,99.6458583123765,91.9429749716459,81.8856653552956,70.9599146252518,62.3254931437996,54.6627356789803,48.2179991216854,42.914125550213,41.9521055074135,40.885383394898,39.6997188796993,38.5802194883404,,,,Taiwan,CO2
GCAM 5.3,R_MAC_80_n0,TWN,Emissions|CO2|Energy|Demand|Industry,Mt CO2/yr,,,,83.4121791729861,,,83.8050414046776,,,,,86.5630563134925,,75.5185224793809,,,,,68.3328258365593,55.2367191141427,49.2753224826094,45.1982622524081,39.7433023016046,33.8552224607869,26.0012251431054,17.9411250313007,11.7778844895584,7.23957859313838,4.23257958067597,2.43659647463415,2.18351952237784,1.92063728218727,1.69567991540542,1.49115463450019,,,,Taiwan,CO2
GCAM 5.3,R_MAC_80_n0,TWN,Emissions|CO2|Energy|Demand|Residential and Commercial,Mt CO2/yr,,,,9.2449365404487,,,8.8519160380529,,,,,8.76536271322213,,10.2853977615356,,,,,12.52864247642,13.3721246845911,13.6602415648325,13.6292816315951,13.0663060843731,12.2087992566433,11.0604413055985,9.83727654419578,9.03614077954468,8.38718567277201,7.84127262494927,7.39081617023213,7.17314923751569,6.94292587113628,6.69502946999114,6.52290281085773,,,,Taiwan,CO2
GCAM 5.3,R_MAC_80_n0,TWN,Emissions|CO2|Energy|Demand|Residential and Commercial|Commercial,Mt CO2/yr,,,,4.1019337395697,,,3.9897065960339,,,,,4.17104629592566,,4.46000316533152,,,,,5.47784385082003,5.72866645283309,5.73208543650188,5.61215158539901,5.25474760602385,4.76626766300162,4.11237210795702,3.39835061659506,2.86440984748565,2.45238073586119,2.14883465909228,1.93886223735806,1.87308551675355,1.80589057192181,1.73849204030236,1.68750662860076,,,,Taiwan,CO2
GCAM 5.3,R_MAC_80_n0,TWN,Emissions|CO2|Energy|Demand|Residential and Commercial|Residential,Mt CO2/yr,,,,5.143002800879,,,4.862209442019,,,,,4.59431641729647,,5.82539459620411,,,,,7.05079862560002,7.64345823175803,7.92815612833059,8.01713004619607,7.81155847834928,7.44253159364168,6.94806919764152,6.43892592760072,6.17173093205903,5.93480493691082,5.692437965857,5.45195393287407,5.30006372076214,5.13703529921448,4.95653742968878,4.83539618225697,,,,Taiwan,CO2
GCAM 5.3,R_MAC_80_n0,TWN,Emissions|CO2|Energy|Demand|Transportation,Mt CO2/yr,,,,52.1050621368234,,,54.5459117587188,,,,,48.4873406570198,,49.1589856546714,,,,,48.7485741035093,48.5488199311504,48.2980280078097,47.6924502150431,46.8362499263988,45.8789532542157,44.8239989065917,43.1815130497553,41.5114678746965,39.0359714130699,36.1441469160602,33.0867129053467,32.59543674752,32.0218202415745,31.3090094943027,30.5661620429825,,,,Taiwan,CO2
GCAM 5.3,R_MAC_80_n0,TWN,Emissions|CO2|Energy|Supply,Mt CO2/yr,,,,128.082585787142,,,129.355404206876,,,,,120.984432454912,,164.76290090803,,,,,167.078177350359,171.758885258342,168.678006835712,160.338032719419,143.403912313561,118.170423584789,81.6558655254688,47.1744838551725,19.0942764099642,4.89491160828299,-0.33878299044458,0.0465107842567454,1.13208485270194,1.55280353316484,1.37714732726018,0.63025450334337,,,,Taiwan,CO2
GCAM 5.3,R_MAC_80_n0,TWN,Emissions|CO2|Energy|Supply|Electricity,Mt CO2/yr,,,,114.100227849352,,,122.256113561486,,,,,116.831791620215,,160.572017248333,,,,,162.90009530756,167.671445105167,164.783185673128,156.657514928146,139.956572263183,114.856219786687,78.5937460164477,44.478056604435,16.8663627368585,3.22134264051911,-1.12475297610729,0.0440200076615,1.39810965656278,1.80119535499244,1.54726110198932,0.690161804906636,,,,Taiwan,CO2
GCAM 5.3,R_MAC_80_n0,TWN,Emissions|CO2|Energy|Supply|Gases,Mt CO2/yr,,,,0.0,,,0.0,,,,,-2.61755383752968e-08,,0.0115360362084848,,,,,0.0116860787539326,0.012240506551368,0.0148236834765712,0.0190810238089049,0.0209006495572884,0.0216475493559123,0.0155044295955334,0.0076059808939275,0.0031037891699048,0.001063553772992,0.0003093962817782,8.45178990129176e-05,8.09428408951018e-05,7.80967798482064e-05,9.08282142905895e-05,9.75282470489889e-05,,,,Taiwan,CO2
GCAM 5.3,R_MAC_80_n0,TWN,Emissions|CO2|Energy|Supply|Liquids,Mt CO2/yr,,,,13.98235793779,,,7.09929064539,,,,,4.15264086087279,,4.15835628347244,,,,,4.13916329341516,4.01542700314401,3.77966992177171,3.52878223056799,3.28770240148905,3.15698326442308,2.94919816908989,2.63937220951034,2.2138501616842,1.68738959157735,0.805695120441355,0.0269647771107143,-0.248987513326873,-0.233868920283003,-0.153547572672673,-0.0404486144019819,,,,Taiwan,CO2
GCAM 5.3,R_MAC_80_n0,TWN,Emissions|CO2|Energy|Supply|Solids,Mt CO2/yr,,,,0.0,,,-1.95964685228761e-17,,,,,0.0,,0.0,,,,,-1.46666727313775e-06,0.0,-3.66666151767347e-07,0.0,0.0,-1.83333190758023e-07,-9.16665693816891e-07,-1.46666624130508e-07,0.0,-4.76664988519926e-07,0.0,-2.19999821389937e-08,-1.10000116058482e-08,-2.19999472330715e-08,0.0,0.0,,,,Taiwan,CO2
GCAM 5.3,R_MAC_80_n0,TWN,Emissions|CO2|Industrial Processes,Mt CO2/yr,,,,17.3701554791049,,,14.3729309399633,,,,,14.4343181711251,,14.3292865130518,,,,,8.21765181065275,7.37630346721218,6.68084250871507,5.43614133399345,3.70786602036799,2.56839623474658,1.88632891996166,1.5660377764219,1.41347106688377,1.15740945756763,0.640742405393317,0.137119446499991,0.0009220917901148,-0.0072383155771539,0.0239604670671927,0.0758357817547008,,,,Taiwan,CO2
GCAM 5.3,R_MAC_80_n0,TWN,Emissions|N2O|AFOLU,Mt CO2e/yr,,,,3.215602381721184,,,2.9071293081680847,,,,,2.7679887513461816,,2.8204648554550653,,,,,1.6756329782889061,1.3070081949749373,1.113819053090835,0.999667974093516,0.9192420332165069,0.85235783167626,0.788987273862606,0.7501317310943819,0.733703380405905,0.726334559200341,0.720707481070941,0.711680736443313,0.7077369385083271,0.702849127754046,0.697095350461419,0.691163585379813,,,,Taiwan,N2O
GCAM 5.3,R_MAC_80_n8,TWN,Carbon Sequestration|CCS|Biomass,Mt CO2/yr,,,,0.0,,,0.0,,,,,0.0,,0.0,,,,,0.65626401966036,1.7019817547256,2.55818019756182,3.92807445576431,6.30885797086582,9.21185232510771,12.8953804126405,16.3741927153628,17.6517428331987,15.019665554525,11.8318579925573,9.76486093975085,8.79984526850409,8.78149228858806,8.92492445697912,9.027959289676,,,,Taiwan,
GCAM 5.3,R_MAC_80_n8,TWN,Emissions|CH4|AFOLU,Mt CO2e/yr,,,,2.892967930776,,,2.620619048298496,,,,,2.7185975720982403,,2.754819029941804,,,,,1.6921110955029401,1.499721481070904,1.451616902214192,1.439299112284572,1.432240113729684,1.432359475588132,1.468083889839952,1.5238422446597,1.594538092624848,1.6430733527447399,1.661932725733868,1.66035420435822,1.652091145649448,1.642686758013224,1.6325957938253601,1.62252740305964,,,,Taiwan,CH4
GCAM 5.3,R_MAC_80_n8,TWN,Emissions|CO2|AFOLU,Mt CO2/yr,,,,4.44269094076867,,,1.90655478425867,,,,,-0.0535506177689989,,0.0020818287482669,,,,,-4.79807380498233,-9.0043333327343,-9.44498274354434,-8.46952241630147,-7.08045035066417,-5.71292982447576,-4.53769846414614,-3.57204757876443,-2.78599921337888,-2.15516212346622,-1.65545456270951,-1.26553495521322,-0.950054455078402,-0.706469949040937,-0.527304160976769,-0.396497897275656,,,,Taiwan,CO2
GCAM 5.3,R_MAC_80_n8,TWN,Emissions|CO2|Energy and Industrial Processes,Mt CO2/yr,,,,290.214919116505,,,290.931204348289,,,,,279.234510309771,,314.055093316669,,,,,301.866330005524,291.558994464762,278.242641815707,257.698923840625,220.919049811976,172.579803586803,121.876826485914,82.3425205551772,55.1102096317813,45.2695570252884,40.4423875786332,35.4143100662764,34.1057316733788,32.3859041959821,30.8713329153604,29.0510010684249,,,,Taiwan,CO2
GCAM 5.3,R_MAC_80_n8,TWN,Emissions|CO2|Energy|Demand,Mt CO2/yr,,,,144.762177850258,,,147.202869201449,,,,,143.815759683734,,134.962905895588,,,,,127.360638386495,115.222515703596,108.520262434519,102.912593569908,94.4429391716506,84.6380795693616,72.4424439305709,60.8659420220683,51.8987791328295,44.804032222669,39.2869473970842,34.336603591056,33.0137791157199,31.8521059465807,30.8802275436768,29.9866774472728,,,,Taiwan,CO2
GCAM 5.3,R_MAC_80_n8,TWN,Emissions|CO2|Energy|Demand|Industry,Mt CO2/yr,,,,83.4121791729861,,,83.8050414046776,,,,,86.5630563134925,,75.5185224793809,,,,,66.2493294142734,53.5762999552955,46.8897017598983,42.0743473389745,35.3025863335317,27.7115383896901,18.6089755701216,11.1359177428039,6.16778891198449,3.17276258787417,1.66336904879073,0.943195910027859,0.890088627328019,0.753776748294273,0.640999365325473,0.540688639949451,,,,Taiwan,CO2
GCAM 5.3,R_MAC_80_n8,TWN,Emissions|CO2|Energy|Demand|Residential and Commercial,Mt CO2/yr,,,,9.2449365404487,,,8.8519160380529,,,,,8.76536271322213,,10.2853977615356,,,,,12.530002716631,13.3216782190882,13.5901301912061,13.4849144288011,12.7657888516127,11.6936683552861,10.304964681816,9.05452059339438,8.32439439494722,7.83629682703025,7.47756613893183,7.12932284107115,6.86743779014163,6.69750947714432,6.51946259591661,6.36126151142393,,,,Taiwan,CO2
GCAM 5.3,R_MAC_80_n8,TWN,Emissions|CO2|Energy|Demand|Residential and Commercial|Commercial,Mt CO2/yr,,,,4.1019337395697,,,3.9897065960339,,,,,4.17104629592566,,4.46000316533152,,,,,5.48506523385498,5.70148732165153,5.69198752188917,5.52336981664958,5.06053063154771,4.41947152072105,3.59632475033314,2.86753652127842,2.39683928644291,2.09688101592572,1.91989101983007,1.79645505060128,1.72933386494113,1.6847944980005,1.64150584369337,1.60073833367639,,,,Taiwan,CO2
GCAM 5.3,R_MAC_80_n8,TWN,Emissions|CO2|Energy|Demand|Residential and Commercial|Residential,Mt CO2/yr,,,,5.143002800879,,,4.862209442019,,,,,4.59431641729647,,5.82539459620411,,,,,7.04493748277601,7.62019089743667,7.89814266931698,7.96154461215147,7.70525822006497,7.27419683456507,6.70863993148287,6.18698407211596,5.92755510850431,5.73941581110453,5.55767511910176,5.33286779046987,5.1381039252005,5.01271497914382,4.87795675222323,4.76052317774753,,,,Taiwan,CO2
GCAM 5.3,R_MAC_80_n8,TWN,Emissions|CO2|Energy|Demand|Transportation,Mt CO2/yr,,,,52.1050621368234,,,54.5459117587188,,,,,48.4873406570198,,49.1589856546714,,,,,48.5813062555906,48.3245375292126,48.0404304834142,47.3533318021327,46.3745639865062,45.2328728243854,43.5285036786333,40.67550368587,37.4065958258978,33.7949728077646,30.1460122093617,26.264084839957,25.2562526982502,24.4008197211421,23.7197655824347,23.0847272958995,,,,Taiwan,CO2
GCAM 5.3,R_MAC_80_n8,TWN,Emissions|CO2|Energy|Supply,Mt CO2/yr,,,,128.082585787142,,,129.355404206876,,,,,120.984432454912,,164.76290090803,,,,,166.651895038416,169.262343697563,163.414083032861,149.970730637513,123.430153888369,85.9303603442361,47.8533800963297,20.1015540990604,2.2614915663921,-0.217220070747631,0.759086128314404,1.07162818319031,1.52229124545582,0.88261806786883,0.0678660092060704,-0.956807402795853,,,,Taiwan,CO2
GCAM 5.3,R_MAC_80_n8,TWN,Emissions|CO2|Energy|Supply|Electricity,Mt CO2/yr,,,,114.100227849352,,,122.256113561486,,,,,116.831791620215,,160.572017248333,,,,,162.482707411676,165.199736721773,159.567159728642,146.452859153918,120.305001577952,83.1329569463356,45.5511718993319,18.2100106744553,0.849654029039538,-1.39584957829381,0.0014624272842241,1.02756475322983,2.33103523018082,1.64629245679913,0.455255470391677,-0.697712428762789,,,,Taiwan,CO2
GCAM 5.3,R_MAC_80_n8,TWN,Emissions|CO2|Energy|Supply|Gases,Mt CO2/yr,,,,0.0,,,0.0,,,,,-2.61755383752968e-08,,0.0115360362084848,,,,,0.0105511443417523,0.0109829875634299,0.0125482410274592,0.0152329909448888,0.0148773999277617,0.0124353123239896,0.0059321610853116,0.0018023072267559,0.0004493231496046,9.64341842979331e-05,1.94649828937153e-05,3.74647014687554e-06,3.76813965664521e-06,2.91678404796883e-06,2.13476829155248e-06,1.659974190719e-06,,,,Taiwan,CO2
GCAM 5.3,R_MAC_80_n8,TWN,Emissions|CO2|Energy|Supply|Liquids,Mt CO2/yr,,,,13.98235793779,,,7.09929064539,,,,,4.15264086087279,,4.15835628347244,,,,,4.13304340873312,3.99370114220338,3.73771049575106,3.38560896271105,2.99775558699387,2.69012467032886,2.24895844130736,1.89326827777146,1.43971607383453,1.21982445209967,0.805964220915924,0.103526392383064,-0.761659633788148,-0.71184160683923,-0.328602769072602,-0.202247316609122,,,,Taiwan,CO2
GCAM 5.3,R_MAC_80_n8,TWN,Emissions|CO2|Energy|Supply|Solids,Mt CO2/yr,,,,0.0,,,-1.95964685228761e-17,,,,,0.0,,0.0,,,,,-4.03332747638277e-06,0.0,0.0,-1.46666524884232e-06,-3.66666535236665e-07,-9.89997707600322e-07,-2.20000066294634e-07,-4.03332369971625e-07,0.0,0.0,0.0,-2.20000251455873e-09,-1.13666373582595e-08,0.0,-1.24666390445034e-08,0.0,,,,Taiwan,CO2
GCAM 5.3,R_MAC_80_n8,TWN,Emissions|CO2|Industrial Processes,Mt CO2/yr,,,,17.3701554791049,,,14.3729309399633,,,,,14.4343181711251,,14.3292865130518,,,,,7.8537965806124,7.07413506360239,6.30829634832712,4.81559963320384,3.04595675195696,2.01136367320555,1.58100245901295,1.37502443404853,0.949938932559662,0.682744873367045,0.396354053234606,0.0060782920300971,-0.430338687796881,-0.348819818467381,-0.0767606375224674,0.0211310239479607,,,,Taiwan,CO2
GCAM 5.3,R_MAC_80_n8,TWN,Emissions|N2O|AFOLU,Mt CO2e/yr,,,,3.215602381721184,,,2.9071293081680847,,,,,2.7679887513461816,,2.8204648554550653,,,,,1.6307231978776828,1.262771038752678,1.077868099431669,0.9640531746526589,0.876430780541589,0.805892408945169,0.7567870259757992,0.7300814567966011,0.7230328481133029,0.717032921661693,0.707702288725887,0.695036663252841,0.689573998066863,0.6824176682354849,0.675139559538717,0.6682863500424929,,,,Taiwan,N2O
GCAM 5.3,R_MAC_85_n0,TWN,Carbon Sequestration|CCS|Biomass,Mt CO2/yr,,,,0.0,,,0.0,,,,,0.0,,0.0,,,,,0.482206926503656,1.38208578297748,2.04887494459468,2.81725940778114,4.25968489691071,5.6804543834049,7.55760048038786,10.3806412503612,14.0830481035436,16.2927272689569,16.4969924995931,14.3492180610009,11.9426909056464,10.8512394800351,10.4576162035874,10.4034134083287,,,,Taiwan,
GCAM 5.3,R_MAC_85_n0,TWN,Emissions|CH4|AFOLU,Mt CO2e/yr,,,,2.892967930776,,,2.620619048298496,,,,,2.7185975720982403,,2.754819029941804,,,,,1.7380725932141319,1.529076267551448,1.471704331823964,1.4536289117227361,1.452422178036704,1.4536493800139638,1.446142139429568,1.470869185187808,1.51964647613436,1.573633973408392,1.617804563250484,1.6452342778126918,1.653828287888784,1.6512671755010482,1.647136594930932,1.642504529525076,,,,Taiwan,CH4
GCAM 5.3,R_MAC_85_n0,TWN,Emissions|CO2|AFOLU,Mt CO2/yr,,,,4.44269094076867,,,1.90655478425867,,,,,-0.0535506177689989,,0.0020818287482669,,,,,-4.64000261461,-8.77056475354363,-9.28311376859534,-8.36881408671147,-7.01018179849863,-5.65361347133942,-4.48404489849034,-3.54051227605324,-2.78781496214459,-2.18655724748901,-1.70634102508663,-1.32889402601558,-1.03591297138611,-0.792760944311677,-0.599351917241123,-0.454730513046413,,,,Taiwan,CO2
GCAM 5.3,R_MAC_85_n0,TWN,Emissions|CO2|Energy and Industrial Processes,Mt CO2/yr,,,,290.214919116505,,,290.931204348289,,,,,279.234510309706,,314.055093316669,,,,,306.02256821649,298.269176859034,289.579645519332,277.055324552658,254.749061131465,225.510792543958,183.100834563333,136.378416935015,96.374509203501,71.4007411039701,54.3194965191522,46.3471307366273,41.7944536087151,41.580501955362,40.6667162284861,39.2165375765886,,,,Taiwan,CO2
GCAM 5.3,R_MAC_85_n0,TWN,Emissions|CO2|Energy|Demand,Mt CO2/yr,,,,144.762177850258,,,147.202869201449,,,,,143.815759683734,,134.962905895588,,,,,130.428033724887,118.153404697342,112.30605414985,107.828352676821,101.445989031918,94.4118657327764,85.2046683965903,74.9270677934242,66.4768902313958,58.8295638005126,52.2566766557731,46.6516978109157,41.7764238290032,40.787637785931,39.6506305266732,38.5667981427812,,,,Taiwan,CO2
GCAM 5.3,R_MAC_85_n0,TWN,Emissions|CO2|Energy|Demand|Industry,Mt CO2/yr,,,,83.4121791729861,,,83.8050414046776,,,,,86.5630563134925,,75.5185224793809,,,,,69.0895896136772,56.1402554112879,50.2261559377029,46.3435531577446,41.3018710312605,35.9754299282535,28.7328235414556,20.9431247187054,14.469500781624,9.40629135741933,5.90776665800931,3.56751535436654,2.08191579476657,1.87236489873495,1.67691348628289,1.49264063403136,,,,Taiwan,CO2
GCAM 5.3,R_MAC_85_n0,TWN,Emissions|CO2|Energy|Demand|Residential and Commercial,Mt CO2/yr,,,,9.2449365404487,,,8.8519160380529,,,,,8.76536271322213,,10.2853977615356,,,,,12.5262135338907,13.3826957631048,13.6833639437487,13.6703180602312,13.1522687753495,12.3573252687516,11.3037130161184,10.1465024990551,9.34383936363446,8.66657619302346,8.07387486114933,7.56291148072395,7.14030773558051,6.91948546096626,6.68066879667553,6.51396948766087,,,,Taiwan,CO2
GCAM 5.3,R_MAC_85_n0,TWN,Emissions|CO2|Energy|Demand|Residential and Commercial|Commercial,Mt CO2/yr,,,,4.1019337395697,,,3.9897065960339,,,,,4.17104629592566,,4.46000316533152,,,,,5.4738058519562,5.73321978212548,5.74496394843264,5.63674343715451,5.30957545810121,4.86493613503211,4.27717499072053,3.60991269866202,3.07189070202716,2.63222814877006,2.29434041771105,2.04138001718876,1.86048534034493,1.79834174387275,1.73453410500068,1.6855448615713,,,,Taiwan,CO2
GCAM 5.3,R_MAC_85_n0,TWN,Emissions|CO2|Energy|Demand|Residential and Commercial|Residential,Mt CO2/yr,,,,5.143002800879,,,4.862209442019,,,,,4.59431641729647,,5.82539459620411,,,,,7.05240768193451,7.64947598097928,7.93839999531608,8.03357462307673,7.84269331724825,7.49238913371953,7.02653802539786,6.53658980039312,6.2719486616073,6.03434804425341,5.77953444343828,5.52153146353519,5.27982239523558,5.12114371709351,4.94613469167485,4.82842462608958,,,,Taiwan,CO2
GCAM 5.3,R_MAC_85_n0,TWN,Emissions|CO2|Energy|Demand|Transportation,Mt CO2/yr,,,,52.1050621368234,,,54.5459117587188,,,,,48.4873406570198,,49.1589856546714,,,,,48.8122305773189,48.6304535229496,48.3965342683979,47.8144814588452,46.991849225308,46.0791105357712,45.1681318390164,43.8374405756637,42.6635500861373,40.7566962500698,38.2750351366145,35.5212709758252,32.5542002986561,31.9957874262298,31.2930482437148,30.560188021089,,,,Taiwan,CO2
GCAM 5.3,R_MAC_85_n0,TWN,Emissions|CO2|Energy|Supply,Mt CO2/yr,,,,128.082585787142,,,129.355404206876,,,,,120.984432454846,,164.76290090803,,,,,167.229291622634,172.61601748515,170.449243905597,163.571364698445,149.339257868658,128.276619307135,95.8110216947701,59.8065888123376,28.4251372807283,11.2272350322483,1.22729458511966,-0.608337528711556,0.151299594789525,0.93925678205137,1.10020861144927,0.658042678464747,,,,Taiwan,CO2
GCAM 5.3,R_MAC_85_n0,TWN,Emissions|CO2|Energy|Supply|Electricity,Mt CO2/yr,,,,114.100227849352,,,122.256113561486,,,,,116.831791620215,,160.572017248333,,,,,163.047809557305,168.52045461004,166.536986373089,159.838468499245,145.782809338913,124.788445453786,92.5043057671245,56.8361948489658,25.8774057053627,9.21954497535493,0.241104753026475,-0.710266389244309,0.637684468012271,1.42683957473419,1.45760405850122,0.868143219717326,,,,Taiwan,CO2
GCAM 5.3,R_MAC_85_n0,TWN,Emissions|CO2|Energy|Supply|Gases,Mt CO2/yr,,,,0.0,,,0.0,,,,,-2.61755383752968e-08,,0.0115360362084848,,,,,0.0121422745070276,0.0129078195143208,0.0157980341870358,0.0207078643355347,0.0234223706402589,0.0256336740175543,0.0204209974152963,0.0117885002994771,0.0056387515960664,0.002240652428444,0.0007740065911817,0.0002441582193688,7.24486389839654e-05,7.6464882013298e-05,9.4311005414705e-05,0.0001067729935666,,,,Taiwan,CO2
GCAM 5.3,R_MAC_85_n0,TWN,Emissions|CO2|Energy|Supply|Liquids,Mt CO2/yr,,,,13.98235793779,,,7.09929064539,,,,,4.15264086080729,,4.15835628347244,,,,,4.14146619361802,4.02254827678575,3.79505764666927,3.57513484099669,3.38551355839967,3.31288571214348,3.17098969389061,2.88712721487912,2.50977546751173,2.00708828117859,0.996100745873701,0.117192926740931,-0.466019127332849,-0.471762045704478,-0.341164855580068,-0.191857480444603,,,,Taiwan,CO2
GCAM 5.3,R_MAC_85_n0,TWN,Emissions|CO2|Energy|Supply|Solids,Mt CO2/yr,,,,0.0,,,-1.95964685228761e-17,,,,,0.0,,0.0,,,,,0.0,0.0,0.0,0.0,0.0,0.0,-1.20999740912203e-06,-1.06333148112894e-06,-3.66666391017474e-07,-2.56666182086454e-07,0.0,-1.75999400486159e-07,-3.6666647559992305e-09,-2.93332600847175e-08,0.0,0.0,,,,Taiwan,CO2
GCAM 5.3,R_MAC_85_n0,TWN,Emissions|CO2|Industrial Processes,Mt CO2/yr,,,,17.3701554791049,,,14.3729309399633,,,,,14.4343181711251,,14.3292865130518,,,,,8.36524286896902,7.49975467654192,6.82434746388598,5.65560717739165,3.96381423088898,2.82230750404666,2.0851444719729,1.64476032925354,1.47248169137692,1.3439422712092,0.835525278259446,0.303770454423157,-0.133269815077568,-0.146392612620374,-0.0841229096364262,-0.0083032446573167,,,,Taiwan,CO2
GCAM 5.3,R_MAC_85_n0,TWN,Emissions|N2O|AFOLU,Mt CO2e/yr,,,,3.215602381721184,,,2.9071293081680847,,,,,2.7679887513461816,,2.8204648554550653,,,,,1.6937849432398442,1.32327918205392,1.128498835772763,1.013500041605142,0.934705374747144,0.871076337553968,0.802920405864759,0.7610532538326901,0.740099027162859,0.730160603007108,0.724844218739004,0.717567637961265,0.7069086995407711,0.7024056239753279,0.6969726759709349,0.691257822808644,,,,Taiwan,N2O
GCAM 5.3,R_MAC_85_n8,TWN,Carbon Sequestration|CCS|Biomass,Mt CO2/yr,,,,0.0,,,0.0,,,,,0.0,,0.0,,,,,0.594685607062323,1.59371417521643,2.36947107373978,3.49285473753222,5.49642546300833,7.80375626609899,10.9396670541818,14.5130503240348,17.2683679860682,16.3147717456843,13.2899792039358,10.8246252911649,9.14500814188435,8.9441109960765,9.05133021779028,9.11768290382234,,,,Taiwan,
GCAM 5.3,R_MAC_85_n8,TWN,Emissions|CH4|AFOLU,Mt CO2e/yr,,,,2.892967930776,,,2.620619048298496,,,,,2.7185975720982403,,2.754819029941804,,,,,1.705945033983624,1.509737884903668,1.4576144522105319,1.444195654262676,1.4399440514733959,1.43099297991132,1.457253675158736,1.502958560946052,1.567026144561136,1.623539424647476,1.653170064633444,1.659926271168396,1.651724250512616,1.6424132912170761,1.632345213700404,1.622522621500032,,,,Taiwan,CH4
GCAM 5.3,R_MAC_85_n8,TWN,Emissions|CO2|AFOLU,Mt CO2/yr,,,,4.44269094076867,,,1.90655478425867,,,,,-0.0535506177689989,,0.0020818287482669,,,,,-4.749866364903,-8.92849343812763,-9.39372748551233,-8.43905274797713,-7.05805867627227,-5.69254803037276,-4.51992941026591,-3.56513003994979,-2.79008203794943,-2.16721397027062,-1.67363320990659,-1.28817319202314,-0.989954656539174,-0.750220131563412,-0.563725160480398,-0.424274842246739,,,,Taiwan,CO2
GCAM 5.3,R_MAC_85_n8,TWN,Emissions|CO2|Energy and Industrial Processes,Mt CO2/yr,,,,290.214919116505,,,290.931204348289,,,,,279.234510309771,,314.055093316669,,,,,303.230841636919,293.484836775855,282.052498552104,264.619282944661,233.369973902436,191.33198282667,140.198852630515,98.0975187059908,65.6482044980072,50.113400547614,43.5703666546896,38.9260857897774,33.967998537256,32.2396782484785,30.8449774185036,29.1104934362455,,,,Taiwan,CO2
GCAM 5.3,R_MAC_85_n8,TWN,Emissions|CO2|Energy|Demand,Mt CO2/yr,,,,144.762177850258,,,147.202869201449,,,,,143.815759683734,,134.962905895588,,,,,128.371486732228,115.866852456613,109.705521275004,104.555177984756,96.8516581084127,88.0373420789132,76.7224068582632,65.2664679016781,56.4214927939295,48.9258909551853,43.0149226601674,37.9767220143612,33.2938501739026,31.9740270822256,30.9301829032498,29.9834754014199,,,,Taiwan,CO2
GCAM 5.3,R_MAC_85_n8,TWN,Emissions|CO2|Energy|Demand|Industry,Mt CO2/yr,,,,83.4121791729861,,,83.8050414046776,,,,,86.5630563134925,,75.5185224793809,,,,,67.185531541933,54.086872707683,47.9282062003031,43.4911102660627,37.346496734488,30.5453240132958,21.8755401232522,13.9237372309002,8.40190114536908,4.7014929662165,2.54736831465745,1.44279557764492,0.845819027399232,0.711265373550184,0.599438086659289,0.491505441922321,,,,Taiwan,CO2
GCAM 5.3,R_MAC_85_n8,TWN,Emissions|CO2|Energy|Demand|Residential and Commercial,Mt CO2/yr,,,,9.2449365404487,,,8.8519160380529,,,,,8.76536271322213,,10.2853977615356,,,,,12.5305361078685,13.3511060857698,13.622786678981,13.5564164035642,12.9142264707622,11.9459954086736,10.6551946440862,9.39235806578938,8.61681049657096,8.03582299417053,7.59380346129381,7.22202045860497,6.85970967493254,6.67363644079712,6.51350171164853,6.36725601737278,,,,Taiwan,CO2
GCAM 5.3,R_MAC_85_n8,TWN,Emissions|CO2|Energy|Demand|Residential and Commercial|Commercial,Mt CO2/yr,,,,4.1019337395697,,,3.9897065960339,,,,,4.17104629592566,,4.46000316533152,,,,,5.48263535746853,5.71822461150803,5.71081568611082,5.56769152609265,5.15686326970643,4.59018889393279,3.83591318547417,3.09421091648613,2.58828459153732,2.22878951271009,1.99493192277065,1.8426622160259,1.72614883929532,1.67834124240664,1.63974133806049,1.60215313254519,,,,Taiwan,CO2
GCAM 5.3,R_MAC_85_n8,TWN,Emissions|CO2|Energy|Demand|Residential and Commercial|Residential,Mt CO2/yr,,,,5.143002800879,,,4.862209442019,,,,,4.59431641729647,,5.82539459620411,,,,,7.04790075039999,7.6328814742618,7.91197099287015,7.98872487747155,7.75736320105582,7.35580651474085,6.81928145861204,6.29814714930325,6.02852590503364,5.80703348146044,5.59887153852316,5.37935824257907,5.13356083563722,4.99529519839048,4.87376037358804,4.76510288482759,,,,Taiwan,CO2
GCAM 5.3,R_MAC_85_n8,TWN,Emissions|CO2|Energy|Demand|Transportation,Mt CO2/yr,,,,52.1050621368234,,,54.5459117587188,,,,,48.4873406570198,,49.1589856546714,,,,,48.6554190824266,48.4288736631602,48.1545283957204,47.5076513151292,46.5909349031625,45.5460226569438,44.1916720909248,41.9503726049885,39.4027811519894,36.1885749947983,32.8737508842161,29.3119059781113,25.5883214715708,24.5891252678782,23.817243104941905,23.1247139421248,,,,Taiwan,CO2
GCAM 5.3,R_MAC_85_n8,TWN,Emissions|CO2|Energy|Supply,Mt CO2/yr,,,,128.082585787142,,,129.355404206876,,,,,120.984432454912,,164.76290090803,,,,,166.849196749068,170.411734741345,165.874480723488,154.966107574769,133.18145279641,101.061617640857,61.7922457778803,31.3297794763694,8.0280354818999,0.333436922405999,0.120402266405721,0.966103286338261,1.15000983168466,0.738203386132879,0.042458460071409,-0.898992231656289,,,,Taiwan,CO2
GCAM 5.3,R_MAC_85_n8,TWN,Emissions|CO2|Energy|Supply|Electricity,Mt CO2/yr,,,,114.100227849352,,,122.256113561486,,,,,116.831791620215,,160.572017248333,,,,,162.675972280517,166.336739920664,162.005773453087,151.371295403898,129.905692615992,98.0204278298336,59.1265703614792,29.0548723278344,6.27284404472991,-0.958832881896549,-0.538624059633882,1.02908380972449,1.9149607444302,1.61061635035697,0.44938938669615,-0.685267825123849,,,,Taiwan,CO2
GCAM 5.3,R_MAC_85_n8,TWN,Emissions|CO2|Energy|Supply|Gases,Mt CO2/yr,,,,0.0,,,0.0,,,,,-2.61755383752968e-08,,0.0115360362084848,,,,,0.0110412299759519,0.0114052379207639,0.0135127334884103,0.0168782760666861,0.017459178791987,0.0162946364102683,0.0095235737680525,0.0035925181821768,0.0011457232825542,0.0003033127943164,7.19857352585072e-05,1.59144199561661e-05,3.48031720030809e-06,2.90714332279009e-06,2.2239979484211e-06,2.00392677974148e-06,,,,Taiwan,CO2
GCAM 5.3,R_MAC_85_n8,TWN,Emissions|CO2|Energy|Supply|Liquids,Mt CO2/yr,,,,13.98235793779,,,7.09929064539,,,,,4.15264086087279,,4.15835628347244,,,,,4.13586226776024,4.00449204058077,3.7567733103263,3.45324089451004,3.13358447924016,2.91133991103323,2.58617958931783,2.25313941485333,1.76739204509835,1.32097223478266,0.692306443744103,-0.0226189531810989,-0.719590831986608,-0.823091895287529,-0.348642672373813,-0.15563862088409,,,,Taiwan,CO2
GCAM 5.3,R_MAC_85_n8,TWN,Emissions|CO2|Energy|Supply|Solids,Mt CO2/yr,,,,0.0,,,-1.95964685228761e-17,,,,,0.0,,0.0,,,,,0.0,-4.03332174717891e-06,0.0,-3.66665460568428e-06,0.0,0.0,-1.50332829726335e-06,0.0,-7.33333022813979e-08,-1.46666800792842e-08,-1.83333149582902e-08,-4.39998941076357e-08,0.0,-2.9333306085829e-09,-1.83332479422571e-08,0.0,,,,Taiwan,CO2
GCAM 5.3,R_MAC_85_n8,TWN,Emissions|CO2|Industrial Processes,Mt CO2/yr,,,,17.3701554791049,,,14.3729309399633,,,,,14.4343181711251,,14.3292865130518,,,,,8.01015815562347,7.20624957789743,6.47249655361208,5.0979973851362,3.33686299761233,2.23302310689954,1.68419999437192,1.50127132794333,1.19867622217781,0.854072670022669,0.435041728116503,-0.016739510922021,-0.475861468331251,-0.472552219879927,-0.127663944817603,0.0260102664818279,,,,Taiwan,CO2
GCAM 5.3,R_MAC_85_n8,TWN,Emissions|N2O|AFOLU,Mt CO2e/yr,,,,3.215602381721184,,,2.9071293081680847,,,,,2.7679887513461816,,2.8204648554550653,,,,,1.65014119762674,1.283548846819785,1.0932470555189822,0.9798236692796369,0.8960206469844629,0.8221192653988859,0.7700377817913691,0.73727944002531,0.7262235218090579,0.721396416646269,0.7138415186841119,0.702414890595327,0.688865830736538,0.6820523835731971,0.674865911725551,0.668234172164559,,,,Taiwan,N2O
GCAM 5.3,R_MAC_90_n0,TWN,Carbon Sequestration|CCS|Biomass,Mt CO2/yr,,,,0.0,,,0.0,,,,,0.0,,0.0,,,,,0.447748396704396,1.31164028424001,1.95066865166683,2.63764568245262,3.93061885132895,5.14332818824191,6.65573610906686,9.04643401306968,12.5856508981166,15.198312538998,16.6251964314147,15.583287642239,13.3698711482394,11.5569148910969,10.8645757526409,10.5471002860472,,,,Taiwan,
GCAM 5.3,R_MAC_90_n0,TWN,Emissions|CH4|AFOLU,Mt CO2e/yr,,,,2.892967930776,,,2.620619048298496,,,,,2.7185975720982403,,2.754819029941804,,,,,1.751080754561824,1.5363465501917681,1.476866315961148,1.457942404229192,1.456077309507744,1.458740181821664,1.452851401094296,1.463382918711532,1.50540295740926,1.556130851995748,1.6012318239582,1.63361929115756,1.6494098329292919,1.651252219817872,1.6470584000892001,1.6424267881464518,,,,Taiwan,CH4
GCAM 5.3,R_MAC_90_n0,TWN,Emissions|CO2|AFOLU,Mt CO2/yr,,,,4.44269094076867,,,1.90655478425867,,,,,-0.0535506177689989,,0.0020818287482669,,,,,-4.59828035143033,-8.71071603355396,-9.24075864049067,-8.34216716908814,-6.99343005756597,-5.64179796932205,-4.47417704948577,-3.53163774377388,-2.78318097436254,-2.19015665436121,-1.71595220792093,-1.34145346687391,-1.05041914669422,-0.825562711124129,-0.637132011952565,-0.485809450817967,,,,Taiwan,CO2
GCAM 5.3,R_MAC_90_n0,TWN,Emissions|CO2|Energy and Industrial Processes,Mt CO2/yr,,,,290.214919116505,,,290.931204348289,,,,,279.234510309706,,314.055093316669,,,,,306.978839354556,299.978650638631,292.115410889785,280.920672702211,261.049544119653,235.453875239157,197.751711028479,152.331042650416,109.529894775364,82.4737845329231,61.854970531701,50.3567344245051,44.562776470249,40.3007545537802,39.8390482114297,38.8372985472916,,,,Taiwan,CO2
GCAM 5.3,R_MAC_90_n0,TWN,Emissions|CO2|Energy|Demand,Mt CO2/yr,,,,144.762177850258,,,147.202869201449,,,,,143.815759683734,,134.962905895588,,,,,131.111489133984,119.040478313824,113.259572463053,108.953382238899,102.95293670437,96.4389111106935,87.9071159045919,78.3357346430485,70.2060258531084,62.5606022914424,56.025483434065,50.2173969306223,45.1541561747422,40.6115373395024,39.5506303086653,38.5178168381839,,,,Taiwan,CO2
GCAM 5.3,R_MAC_90_n0,TWN,Emissions|CO2|Energy|Demand|Industry,Mt CO2/yr,,,,83.4121791729861,,,83.8050414046776,,,,,86.5630563134925,,75.5185224793809,,,,,69.7214000932853,56.9475223025318,51.0749117458724,47.3332403073586,42.6153960847853,37.7320186658228,30.9942811051345,23.6173636901989,17.0859104958593,11.5838573927333,7.70627403653053,4.92435564065412,2.99699948528847,1.77175887123728,1.62691210357227,1.47643451799539,,,,Taiwan,CO2
GCAM 5.3,R_MAC_90_n0,TWN,Emissions|CO2|Energy|Demand|Residential and Commercial,Mt CO2/yr,,,,9.2449365404487,,,8.8519160380529,,,,,8.76536271322213,,10.2853977615356,,,,,12.522595987843,13.3907136601228,13.7019586128706,13.7014235668425,13.2165692284751,12.4677630429956,11.4884838360721,10.4063577339437,9.62412408230178,8.92549920420531,8.31172157730611,7.75424502306167,7.28685441246662,6.88836843225771,6.65894376545146,6.50109530144116,,,,Taiwan,CO2
GCAM 5.3,R_MAC_90_n0,TWN,Emissions|CO2|Energy|Demand|Residential and Commercial|Commercial,Mt CO2/yr,,,,4.1019337395697,,,3.9897065960339,,,,,4.17104629592566,,4.46000316533152,,,,,5.46926407832933,5.73634998082731,5.75509585042534,5.65507931309735,5.35025965999096,4.93783377357333,4.40158523263255,3.78663470542426,3.26253607273075,2.8027511221555,2.443935390333,2.15822946409344,1.94357748693949,1.78622738607691,1.7271968936211,1.68178809670831,,,,Taiwan,CO2
GCAM 5.3,R_MAC_90_n0,TWN,Emissions|CO2|Energy|Demand|Residential and Commercial|Residential,Mt CO2/yr,,,,5.143002800879,,,4.862209442019,,,,,4.59431641729647,,5.82539459620411,,,,,7.05333190951367,7.65436367929553,7.94686276244522,8.04634425374519,7.86630956848409,7.52992926942227,7.08689860343957,6.61972302851945,6.36158800957103,6.12274808204981,5.86778618697311,5.59601555896823,5.34327692552713,5.1021410461808,4.93174687183037,4.81930720473284,,,,Taiwan,CO2
GCAM 5.3,R_MAC_90_n0,TWN,Emissions|CO2|Energy|Demand|Transportation,Mt CO2/yr,,,,52.1050621368234,,,54.5459117587188,,,,,48.4873406570198,,49.1589856546714,,,,,48.8674930528561,48.702242351169,48.4827021043103,47.9187183646974,47.12097139111,46.2391294018751,45.4243509633853,44.3120132189059,43.4959912749473,42.0512456945038,40.0074878202284,37.5387962669065,34.8703022769871,31.9514100360074,31.2647744396416,30.5402870187473,,,,Taiwan,CO2
GCAM 5.3,R_MAC_90_n0,TWN,Emissions|CO2|Energy|Supply,Mt CO2/yr,,,,128.082585787142,,,129.355404206876,,,,,120.984432454846,,164.76290090803,,,,,167.367972321031,173.325867344762,171.905503669671,166.130354946218,153.909839088019,135.962270410499,107.553631453379,72.2247913067606,37.8104424454826,18.4724737973707,4.80011553011634,-0.339989723743938,-0.641166526486008,-0.0363382350594115,0.493691928656887,0.416535517797889,,,,Taiwan,CO2
GCAM 5.3,R_MAC_90_n0,TWN,Emissions|CO2|Energy|Supply|Electricity,Mt CO2/yr,,,,114.100227849352,,,122.256113561486,,,,,116.831791620215,,160.572017248333,,,,,163.183582585989,169.222978296353,167.978067390237,162.355627413635,150.263140881313,132.328940176029,104.045810416163,69.0224683969712,34.9904502219349,16.1658140989934,3.53904404697279,-0.583610534057795,-0.26680426270413,0.685034692926996,1.08003497131424,0.801858084024254,,,,Taiwan,CO2
GCAM 5.3,R_MAC_90_n0,TWN,Emissions|CO2|Energy|Supply|Gases,Mt CO2/yr,,,,0.0,,,0.0,,,,,-2.61755383752968e-08,,0.0115360362084848,,,,,0.0125517512868096,0.0135255672083842,0.0167052883869475,0.022211002519718,0.0257465663032577,0.0293248236408655,0.0251348063882619,0.0164080724303435,0.0089895060701711,0.0040249407918108,0.0015946813839872,0.0005777081685461,0.0001931674213081,6.86366988897173e-05,9.12423185548029e-05,0.0001103159390706,,,,Taiwan,CO2
GCAM 5.3,R_MAC_90_n0,TWN,Emissions|CO2|Energy|Supply|Liquids,Mt CO2/yr,,,,13.98235793779,,,7.09929064539,,,,,4.15264086080729,,4.15835628347244,,,,,4.14339248137912,4.02896697140768,3.80854729859043,3.6123487834586,3.46638636269926,3.44286343990954,3.35257315943315,3.09566179317693,2.75812361877581,2.28881485815769,1.26033101904171,0.250247896523372,-0.361499243716837,-0.701875281066813,-0.568455896188722,-0.367032163022068,,,,Taiwan,CO2
GCAM 5.3,R_MAC_90_n0,TWN,Emissions|CO2|Energy|Supply|Solids,Mt CO2/yr,,,,0.0,,,-1.95964685228761e-17,,,,,0.0,,0.0,,,,,0.0,-4.03332503669255e-06,-1.8333287924934e-06,-2.42405160603089e-16,0.0,0.0,0.0,-9.53331432041037e-07,-4.03332854172667e-07,0.0,0.0,-4.39999881290896e-08,0.0,0.0,0.0,-2.56666488408609e-08,,,,Taiwan,CO2
GCAM 5.3,R_MAC_90_n0,TWN,Emissions|CO2|Industrial Processes,Mt CO2/yr,,,,17.3701554791049,,,14.3729309399633,,,,,14.4343181711251,,14.3292865130518,,,,,8.49937789954066,7.61230498004493,6.9503347570606,5.83693551709424,4.18676832726354,3.05269371796534,2.29096367050856,1.77051670060712,1.5134264767734,1.44070844410999,1.02937156751967,0.479327217626771,0.049786821992837,-0.274444550662828,-0.205274025892561,-0.0970538086901764,,,,Taiwan,CO2
GCAM 5.3,R_MAC_90_n0,TWN,Emissions|N2O|AFOLU,Mt CO2e/yr,,,,3.215602381721184,,,2.9071293081680847,,,,,2.7679887513461816,,2.8204648554550653,,,,,1.7102895159651212,1.3379895974210219,1.14175516859313,1.0263465904793008,0.948027736972407,0.8864759005152961,0.820181345259003,0.771720480057618,0.747543427964151,0.734495953850841,0.7285421959886069,0.7221250262911231,0.7130014486301071,0.701409872509164,0.6964462057919729,0.6910767130465381,,,,Taiwan,N2O
GCAM 5.3,R_MAC_90_n8,TWN,Carbon Sequestration|CCS|Biomass,Mt CO2/yr,,,,0.0,,,0.0,,,,,0.0,,0.0,,,,,0.545430924584625,1.50420113907888,2.22760569250959,3.18086031216909,4.92252705283575,6.80341444449217,9.40701908751681,12.7882539879018,16.2596441044827,16.9251054925725,14.8328116418006,12.0904725743547,10.0737853319191,9.20178750063781,9.24191815150806,9.25222259963358,,,,Taiwan,
GCAM 5.3,R_MAC_90_n8,TWN,Emissions|CH4|AFOLU,Mt CO2e/yr,,,,2.892967930776,,,2.620619048298496,,,,,2.7185975720982403,,2.754819029941804,,,,,1.718645704762644,1.517674071086376,1.463376291908048,1.4481886826554,1.4454901040341441,1.442269644008312,1.450534918700532,1.487861009702508,1.547580591035864,1.603825175182328,1.641433410392692,1.656659262677132,1.654528060902052,1.641919518620248,1.631956095031248,1.622332270365436,,,,Taiwan,CH4
GCAM 5.3,R_MAC_90_n8,TWN,Emissions|CO2|AFOLU,Mt CO2/yr,,,,4.44269094076867,,,1.90655478425867,,,,,-0.0535506177689989,,0.0020818287482669,,,,,-4.70588294363367,-8.8645304538703,-9.34929238054167,-8.4110473901058,-7.03817995454127,-5.67554739582406,-4.50418671854437,-3.5559913054424,-2.79131055581752,-2.17652455103131,-1.68802819502169,-1.30603664843515,-1.00986969570383,-0.783298763247088,-0.599932551715118,-0.454480159242927,,,,Taiwan,CO2
GCAM 5.3,R_MAC_90_n8,TWN,Emissions|CO2|Energy and Industrial Processes,Mt CO2/yr,,,,290.214919116505,,,290.931204348289,,,,,279.234510309771,,314.055093316669,,,,,304.398365915801,295.403475459882,285.229702680357,270.046545453798,242.888433391367,206.482149421788,157.527057987303,112.80360392468,77.2162027702598,56.809537862979,46.6998198579207,41.8117553104876,37.3220965569098,32.0972279558993,30.704371141722,29.1939330167251,,,,Taiwan,CO2
GCAM 5.3,R_MAC_90_n8,TWN,Emissions|CO2|Energy|Demand,Mt CO2/yr,,,,144.762177850258,,,147.202869201449,,,,,143.815759683734,,134.962905895588,,,,,129.235648776915,116.721330116392,110.762148033616,105.927549494089,98.8120240835176,90.7915358388235,80.340323031418,69.1968772866412,60.501246825497,52.8461383103192,46.5454374694552,41.3451387091572,36.6125137456061,32.1807243974671,31.0344923127984,30.0440613540756,,,,Taiwan,CO2
GCAM 5.3,R_MAC_90_n8,TWN,Emissions|CO2|Energy|Demand|Industry,Mt CO2/yr,,,,83.4121791729861,,,83.8050414046776,,,,,86.5630563134925,,75.5185224793809,,,,,67.9860551491752,54.8416526476341,48.858683467553,44.6820117404085,39.0252303063092,32.8737385069008,24.7490130555034,16.6551682829081,10.6761608034654,6.37956675893648,3.62614391300812,2.06123137731038,1.17973693861626,0.669195709595081,0.564230727230275,0.466348493991485,,,,Taiwan,CO2
GCAM 5.3,R_MAC_90_n8,TWN,Emissions|CO2|Energy|Demand|Residential and Commercial,Mt CO2/yr,,,,9.2449365404487,,,8.8519160380529,,,,,8.76536271322213,,10.2853977615356,,,,,12.5295099411651,13.3670050988899,13.6492442986114,13.6087460626575,13.0232577840097,12.134702527542,10.9420446583531,9.69910015240685,8.90392948863845,8.27071052106066,7.75381512999852,7.33157103863758,6.96319994402193,6.6398303130543,6.48724880050717,6.36560911240237,,,,Taiwan,CO2
GCAM 5.3,R_MAC_90_n8,TWN,Emissions|CO2|Energy|Demand|Residential and Commercial|Commercial,Mt CO2/yr,,,,4.1019337395697,,,3.9897065960339,,,,,4.17104629592566,,4.46000316533152,,,,,5.47950085564129,5.72633445448618,5.72589226626739,5.59971269520175,5.2271366120027,4.71680263323288,4.03182492554762,3.3036441626297,2.77648659921206,2.37816546281846,2.09444810917387,1.9037338020781,1.76918921038051,1.66911615834214,1.63280510684972,1.60153173503306,,,,Taiwan,CO2
GCAM 5.3,R_MAC_90_n8,TWN,Emissions|CO2|Energy|Demand|Residential and Commercial|Residential,Mt CO2/yr,,,,5.143002800879,,,4.862209442019,,,,,4.59431641729647,,5.82539459620411,,,,,7.05000908552379,7.6406706444037,7.92335203234406,8.0090333674557,7.79612117200696,7.41789989430916,6.91021973280547,6.39545598977714,6.12744288942639,5.8925450582422,5.65936702082466,5.42783723655948,5.19401073364142,4.97071415471216,4.85444369365745,4.76407737736931,,,,Taiwan,CO2
GCAM 5.3,R_MAC_90_n8,TWN,Emissions|CO2|Energy|Demand|Transportation,Mt CO2/yr,,,,52.1050621368234,,,54.5459117587188,,,,,48.4873406570198,,49.1589856546714,,,,,48.7200836865753,48.5126723698681,48.2542202674513,47.6367916910233,46.7635359931988,45.7830948043807,44.6492653175615,42.8426088513262,40.9211565333932,38.195861030322,35.1654784264485,31.9523362932093,28.4695768629679,24.8716983748177,23.983012785061,23.2121037476818,,,,Taiwan,CO2
GCAM 5.3,R_MAC_90_n8,TWN,Emissions|CO2|Energy|Supply,Mt CO2/yr,,,,128.082585787142,,,129.355404206876,,,,,120.984432454912,,164.76290090803,,,,,167.009843224256,171.359077815707,167.850467294058,158.784220269311,140.482790409863,113.229895707461,75.3736274501248,42.0607018922841,15.3495608917697,2.90099532654957,-0.412409721242046,0.386661253751637,1.08663894383766,0.511806148437458,-0.0748523187340235,-0.853416407235782,,,,Taiwan,CO2
GCAM 5.3,R_MAC_90_n8,TWN,Emissions|CO2|Energy|Supply|Electricity,Mt CO2/yr,,,,114.100227849352,,,122.256113561486,,,,,116.831791620215,,160.572017248333,,,,,162.83323404569,167.275175176649,163.963481652225,155.128696382455,137.086346871725,109.996347080729,72.4270711627131,39.4897808723514,13.2670698459426,1.36142871731916,-1.14058885808455,0.410181701378158,1.74729763478321,1.43563289026897,0.411542584469821,-0.688068636927243,,,,Taiwan,CO2
GCAM 5.3,R_MAC_90_n8,TWN,Emissions|CO2|Energy|Supply|Gases,Mt CO2/yr,,,,0.0,,,0.0,,,,,-2.61755383752968e-08,,0.0115360362084848,,,,,0.0114854553872192,0.011956126943089,0.0144103941573233,0.0183880755291992,0.0198179493429692,0.0199567471164541,0.0135126747797288,0.0061288950147406,0.0023270322687969,0.0007396585451749,0.0002002797256012,5.15056120838143e-05,1.27806047666659e-05,2.79051141615421e-06,2.25387656758452e-06,2.29945705576882e-06,,,,Taiwan,CO2
GCAM 5.3,R_MAC_90_n8,TWN,Emissions|CO2|Energy|Supply|Liquids,Mt CO2/yr,,,,13.98235793779,,,7.09929064539,,,,,4.15264086087279,,4.15835628347244,,,,,4.13817163059787,4.01232251999652,3.77279093343675,3.506724706745,3.24203720135434,3.08456179644867,2.84386804778014,2.52517163677512,2.07756533067184,1.55844451593824,0.75193326777038,0.0055278419407799,-0.627119271284945,-0.878548741046545,-0.430518865304828,-0.107067151234452,,,,Taiwan,CO2
GCAM 5.3,R_MAC_90_n8,TWN,Emissions|CO2|Energy|Supply|Solids,Mt CO2/yr,,,,0.0,,,-1.95964685228761e-17,,,,,0.0,,0.0,,,,,-1.83333382585079e-06,0.0,-1.83333109723034e-06,-1.09999848944203e-06,-7.33332261187622e-07,0.0,0.0,0.0,-7.3333264753363e-08,0.0,0.0,-7.3333272228924e-09,-2.19999501413711e-08,-4.7666593910311e-09,-9.899983045174e-09,-1.46666533326814e-09,,,,Taiwan,CO2
GCAM 5.3,R_MAC_90_n8,TWN,Emissions|CO2|Industrial Processes,Mt CO2/yr,,,,17.3701554791049,,,14.3729309399633,,,,,14.4343181711251,,14.3292865130518,,,,,8.15287391462947,7.32306752778272,6.61708735268292,5.33477569039799,3.59361889798621,2.46071787550364,1.81310750575984,1.54602474575456,1.36539505299302,1.06240422611026,0.566792109707525,0.0799553475787663,-0.377056132533923,-0.595302590005258,-0.2552688523424,0.003288069885203,,,,Taiwan,CO2
GCAM 5.3,R_MAC_90_n8,TWN,Emissions|N2O|AFOLU,Mt CO2e/yr,,,,3.215602381721184,,,2.9071293081680847,,,,,2.7679887513461816,,2.8204648554550653,,,,,1.667702346260496,1.299937813828563,1.107421280686266,0.993565331320107,0.912242361629781,0.843559462129293,0.782810954874858,0.7457651141006431,0.731247129976272,0.7247829111202679,0.718747809708201,0.708846813831429,0.696251756968404,0.681538707541146,0.674488564813791,0.668027012864484,,,,Taiwan,N2O
GCAM 5.3,R_MAC_95_n0,TWN,Carbon Sequestration|CCS|Biomass,Mt CO2/yr,,,,0.0,,,0.0,,,,,0.0,,0.0,,,,,0.420077527522196,1.25128364908638,1.86893429923644,2.5024327278272,3.67665233524109,4.73935216885016,5.98518919310806,7.98002674645691,11.2616681976879,13.9792071011702,16.1062921595749,16.2099934377356,14.5865857855698,12.8486743538712,11.52366590712,10.9093875399857,,,,Taiwan,
GCAM 5.3,R_MAC_95_n0,TWN,Emissions|CH4|AFOLU,Mt CO2e/yr,,,,2.892967930776,,,2.620619048298496,,,,,2.7185975720982403,,2.754819029941804,,,,,1.762912687882556,1.5430440317285279,1.4816060497846721,1.4621706206521679,1.459037711883248,1.462476911993412,1.460334242639412,1.459801812297864,1.494770914901572,1.542684788614564,1.586400991531748,1.62087033147718,1.6422488220729081,1.650064872067976,1.646803122197016,1.642184077294544,,,,Taiwan,CH4
GCAM 5.3,R_MAC_95_n0,TWN,Emissions|CO2|AFOLU,Mt CO2/yr,,,,4.44269094076867,,,1.90655478425867,,,,,-0.0535506177689989,,0.0020818287482669,,,,,-4.56051913369067,-8.65603958186696,-9.20171761714334,-8.3176023777968,-6.97862795618743,-5.63214899845096,-4.466840646286,-3.52470064681416,-2.77839906566347,-2.19156680277652,-1.72310802044519,-1.35164698286497,-1.06206415121178,-0.838493057245436,-0.665689430978742,-0.518525489300101,,,,Taiwan,CO2
GCAM 5.3,R_MAC_95_n0,TWN,Emissions|CO2|Energy and Industrial Processes,Mt CO2/yr,,,,290.214919116505,,,290.931204348289,,,,,279.234510309706,,314.055093316669,,,,,307.800146642151,301.472778466398,294.306443389891,284.139638160877,266.154993968471,243.337725612478,209.678038337775,167.096996804796,122.473682178998,93.2876975928769,70.3945101149288,55.5764657997635,47.6150632592782,42.728119960164,38.6844047948703,38.1364015628054,,,,Taiwan,CO2
GCAM 5.3,R_MAC_95_n0,TWN,Emissions|CO2|Energy|Demand,Mt CO2/yr,,,,144.762177850258,,,147.202869201449,,,,,143.815759683734,,134.962905895588,,,,,131.688852543022,119.835023590284,114.119163525395,109.946539195124,104.241379731428,98.1435922535464,90.142210962792,81.2482091681237,73.5170504598187,65.9234768927545,59.4761488406253,53.6119805939444,48.3700288043215,43.7044183328343,39.4111598988052,38.4424531260587,,,,Taiwan,CO2
GCAM 5.3,R_MAC_95_n0,TWN,Emissions|CO2|Energy|Demand|Industry,Mt CO2/yr,,,,83.4121791729861,,,83.8050414046776,,,,,86.5630563134925,,75.5185224793809,,,,,70.253978800007,57.6720321838823,51.8429040178645,48.211486093675,43.7452190197958,39.2205098288589,32.8874385429936,25.9557282491973,19.5325925483518,13.7352103925279,9.53941591105428,6.42344478163285,4.11029824737786,2.53004350449488,1.53284154794147,1.43160437644883,,,,Taiwan,CO2
GCAM 5.3,R_MAC_95_n0,TWN,Emissions|CO2|Energy|Demand|Residential and Commercial,Mt CO2/yr,,,,9.2449365404487,,,8.8519160380529,,,,,8.76536271322213,,10.2853977615356,,,,,12.5190239023743,13.3969126809417,13.7170516931705,13.7258115704919,13.2658336882471,12.5520606239865,11.6307404065585,10.6207432675945,9.8732734958415,9.16286817995705,8.54134590436758,7.95584560092042,7.44729315533462,7.01504192967739,6.63166669949684,6.48229567590657,,,,Taiwan,CO2
GCAM 5.3,R_MAC_95_n0,TWN,Emissions|CO2|Energy|Demand|Residential and Commercial|Commercial,Mt CO2/yr,,,,4.1019337395697,,,3.9897065960339,,,,,4.17104629592566,,4.46000316533152,,,,,5.46500874695115,5.73850544046515,5.76313984595029,5.6692467961266,5.38118801307198,4.9931442822921,4.49685232237378,3.93138833322153,3.4318712535904,2.96229413825133,2.58976782552659,2.28237946410847,2.0387856323555,1.85484990260511,1.71637806962051,1.67526530664862,,,,Taiwan,CO2
GCAM 5.3,R_MAC_95_n0,TWN,Emissions|CO2|Energy|Demand|Residential and Commercial|Residential,Mt CO2/yr,,,,5.143002800879,,,4.862209442019,,,,,4.59431641729647,,5.82539459620411,,,,,7.05401515542316,7.65840724047654,7.95391184722017,8.0565647743653,7.8846456751751,7.55891634169439,7.13388808418477,6.68935493437299,6.44140224225109,6.20057404170572,5.95157807884099,5.67346613681195,5.40850752297911,5.16019202707227,4.91528862987633,4.80703036925794,,,,Taiwan,CO2
GCAM 5.3,R_MAC_95_n0,TWN,Emissions|CO2|Energy|Demand|Transportation,Mt CO2/yr,,,,52.1050621368234,,,54.5459117587188,,,,,48.4873406570198,,49.1589856546714,,,,,48.9158498406404,48.7660787254603,48.5592078143603,48.0092415309569,47.2303270233853,46.371021800701,45.6240320132399,44.6717376513319,44.1111844156254,43.0253983202695,41.3953870252035,39.2326902113911,36.812437401609,34.1593328986621,31.2466516513669,30.5285530737033,,,,Taiwan,CO2
GCAM 5.3,R_MAC_95_n0,TWN,Emissions|CO2|Energy|Supply,Mt CO2/yr,,,,128.082585787142,,,129.355404206876,,,,,120.984432454846,,164.76290090803,,,,,167.491734781989,173.922274279445,173.124275795517,168.204867031353,157.531438567885,141.934285110742,117.045289282114,83.9190765251776,47.3767515755108,25.8891860135228,9.72269244637343,1.29480152217345,-0.982110349193904,-0.894675286326438,-0.415144935294616,-0.111397861349773,,,,Taiwan,CO2
GCAM 5.3,R_MAC_95_n0,TWN,Emissions|CO2|Energy|Supply|Electricity,Mt CO2/yr,,,,114.100227849352,,,122.256113561486,,,,,116.831791620215,,160.572017248333,,,,,163.304784054989,169.812342451516,169.183207083103,164.396681740049,153.808873514306,138.177687462218,113.366454214076,80.515583521063,44.3238630213875,23.3298104553462,8.14887078215322,0.830629056295393,-0.735133714055451,-0.28737742560221,0.38177994422117,0.475654843142555,,,,Taiwan,CO2
GCAM 5.3,R_MAC_95_n0,TWN,Emissions|CO2|Energy|Supply|Gases,Mt CO2/yr,,,,0.0,,,0.0,,,,,-2.61755383752968e-08,,0.0115360362084848,,,,,0.012916133738016,0.0140988860952966,0.0175565625894576,0.0236180394648129,0.0279063851752129,0.032761602205054,0.0295786878369705,0.0211715703699118,0.0129375468984184,0.0064463746616401,0.0028460438804874,0.0011640155067751,0.0004402211836502,0.0001827886099777,8.11203910364803e-05,0.0001061719150998,,,,Taiwan,CO2
GCAM 5.3,R_MAC_95_n0,TWN,Emissions|CO2|Energy|Supply|Liquids,Mt CO2/yr,,,,13.98235793779,,,7.09929064539,,,,,4.15264086080729,,4.15835628347244,,,,,4.14508806041738,4.03515518122608,3.82074182863913,3.64221494859964,3.53435587808444,3.55320222803868,3.50674868007594,3.27601994028477,2.96866864773745,2.52248591622316,1.56071716192215,0.462077275178991,-0.241677455296239,-0.593633976325041,-0.775364262689273,-0.567020325593665,,,,Taiwan,CO2
GCAM 5.3,R_MAC_95_n0,TWN,Emissions|CO2|Energy|Supply|Solids,Mt CO2/yr,,,,0.0,,,-1.95964685228761e-17,,,,,0.0,,0.0,,,,,0.0,-1.09999928173622e-06,0.0,-2.56666058683801e-06,0.0,0.0,0.0,-3.66666702059485e-07,-1.46666670619426e-07,0.0,-1.83333274993226e-07,0.0,0.0,0.0,0.0,-4.39998880704792e-08,,,,Taiwan,CO2
GCAM 5.3,R_MAC_95_n0,TWN,Emissions|CO2|Industrial Processes,Mt CO2/yr,,,,17.3701554791049,,,14.3729309399633,,,,,14.4343181711251,,14.3292865130518,,,,,8.61955931714046,7.71548059666889,7.0630040689794,5.98823193440004,4.38217566915746,3.25984824819023,2.49053809286897,1.92971111149452,1.57988014366837,1.47503468659961,1.19566882793003,0.669683683645665,0.227144804150598,-0.081623086343916,-0.311610168640314,-0.194653701903514,,,,Taiwan,CO2
GCAM 5.3,R_MAC_95_n0,TWN,Emissions|N2O|AFOLU,Mt CO2e/yr,,,,3.215602381721184,,,2.9071293081680847,,,,,2.7679887513461816,,2.8204648554550653,,,,,1.725119763963414,1.351371544874169,1.153854932927151,1.038124874779629,0.959701353686439,0.899570671316226,0.8362428546752281,0.7823868356658901,0.755298295927266,0.7397301190780411,0.7322425186975081,0.725830156142091,0.7179967656123989,0.707588990566731,0.695383102446942,0.6904810017238769,,,,Taiwan,N2O
GCAM 5.3,R_MAC_95_n8,TWN,Carbon Sequestration|CCS|Biomass,Mt CO2/yr,,,,0.0,,,0.0,,,,,0.0,,0.0,,,,,0.505580527961862,1.42835986485089,2.11520804895829,2.94707587558263,4.49565485402919,6.07509071261426,8.21849882613619,11.2856369883002,14.9879498241074,16.7421930859174,16.0219102795672,13.432287906407,11.1298387545477,9.63693636445186,9.59713332258774,9.49029840426104,,,,Taiwan,
GCAM 5.3,R_MAC_95_n8,TWN,Emissions|CH4|AFOLU,Mt CO2e/yr,,,,2.892967930776,,,2.620619048298496,,,,,2.7185975720982403,,2.754819029941804,,,,,1.730286519381896,1.524590894175468,1.468483818578196,1.451558154737936,1.4498825959448318,1.44979613139816,1.447612883319064,1.476795909449448,1.52991358768136,1.585861221335832,1.6277687066630362,1.650722254047272,1.65494470738268,1.647176710334512,1.631203968983764,1.62191205998528,,,,Taiwan,CH4
GCAM 5.3,R_MAC_95_n8,TWN,Emissions|CO2|AFOLU,Mt CO2/yr,,,,4.44269094076867,,,1.90655478425867,,,,,-0.0535506177689989,,0.0020818287482669,,,,,-4.665721922895,-8.80750036478363,-9.30916525237967,-8.38534297986147,-7.0209655968562,-5.66169295668596,-4.4913202735372,-3.54652751134297,-2.78984439481374,-2.18318431891186,-1.69961197753819,-1.32039013614335,-1.02612310642754,-0.798957397983213,-0.627612973214535,-0.485727547926025,,,,Taiwan,CO2
GCAM 5.3,R_MAC_95_n8,TWN,Emissions|CO2|Energy and Industrial Processes,Mt CO2/yr,,,,290.214919116505,,,290.931204348289,,,,,279.234510309771,,314.055093316669,,,,,305.402975870755,297.170003916106,287.92804897545,274.449251271157,250.41350073454,218.563431395888,173.305363525968,126.875335803566,88.6647402046899,65.1579254001232,50.7489996498892,44.4445457025638,40.10996683812,35.6335394331405,30.458239239953,29.1507788069453,,,,Taiwan,CO2
GCAM 5.3,R_MAC_95_n8,TWN,Emissions|CO2|Energy|Demand,Mt CO2/yr,,,,144.762177850258,,,147.202869201449,,,,,143.815759683734,,134.962905895588,,,,,129.974608993089,117.595355704651,111.706467387529,107.102527186875,100.455850240807,93.0583352946557,83.382002934593,72.7206390248246,64.1491377090281,56.5011595958321,49.9597663572928,44.5292392739802,39.7352313713824,35.281161331676,31.1769536603914,30.1562513702568,,,,Taiwan,CO2
GCAM 5.3,R_MAC_95_n8,TWN,Emissions|CO2|Energy|Demand|Industry,Mt CO2/yr,,,,83.4121791729861,,,83.8050414046776,,,,,86.5630563134925,,75.5185224793809,,,,,68.6703006334533,55.6334848139571,49.6940625558072,45.7073111099481,40.4432384676456,34.8104045224295,27.2260537919197,19.256557957994,12.928360001365,8.16201005782787,4.92059777667704,2.88502116890419,1.65878963008584,0.945959041006386,0.527754902136471,0.446856564547277,,,,Taiwan,CO2
GCAM 5.3,R_MAC_95_n8,TWN,Emissions|CO2|Energy|Demand|Residential and Commercial,Mt CO2/yr,,,,9.2449365404487,,,8.8519160380529,,,,,8.76536271322213,,10.2853977615356,,,,,12.5275707412663,13.3770084162404,13.6707463212458,13.6482706009333,13.1061484319962,12.2777424324727,11.1721089030151,9.9750647333614,9.17055505999378,8.50868790928744,7.93822744043352,7.46113328843213,7.06409753734178,6.70131908154809,6.45413266575369,6.35159361900824,,,,Taiwan,CO2
GCAM 5.3,R_MAC_95_n8,TWN,Emissions|CO2|Energy|Demand|Residential and Commercial|Commercial,Mt CO2/yr,,,,4.1019337395697,,,3.9897065960339,,,,,4.17104629592566,,4.46000316533152,,,,,5.47604857663371,5.7308211117321,5.73796584038705,5.62357445274523,5.28022331676736,4.81216594067405,4.18815547830504,3.49271884710234,2.95463867104596,2.53019591540689,2.20937372935718,1.98027994173517,1.81951448455217,1.69863945848172,1.62370264730539,1.59762158446145,,,,Taiwan,CO2
GCAM 5.3,R_MAC_95_n8,TWN,Emissions|CO2|Energy|Demand|Residential and Commercial|Residential,Mt CO2/yr,,,,5.143002800879,,,4.862209442019,,,,,4.59431641729647,,5.82539459620411,,,,,7.05152216463262,7.6461873045083,7.93278048085877,8.02469614818811,7.82592511522889,7.46557649179869,6.9839534247101,6.48234588625906,6.21591638894782,5.97849199388055,5.72885371107633,5.48085334669697,5.24458305278961,5.00267962306637,4.83043001844831,4.75397203454678,,,,Taiwan,CO2
GCAM 5.3,R_MAC_95_n8,TWN,Emissions|CO2|Energy|Demand|Transportation,Mt CO2/yr,,,,52.1050621368234,,,54.5459117587188,,,,,48.4873406570198,,49.1589856546714,,,,,48.7767376183694,48.5848624744531,48.3416585104762,47.7469454759934,46.9064633411655,45.9701883397535,44.9838402396582,43.4890163334692,42.0502226476694,39.8304616287168,37.1009411401822,34.1830848166439,31.0123442039548,27.6338832091215,24.1950660925012,23.3578011867012,,,,Taiwan,CO2
GCAM 5.3,R_MAC_95_n8,TWN,Emissions|CO2|Energy|Supply,Mt CO2/yr,,,,128.082585787142,,,129.355404206876,,,,,120.984432454912,,164.76290090803,,,,,167.145705644408,172.144510438795,169.477205541279,161.811935418696,146.136215090181,122.825788524514,87.9546438187562,52.5609888464377,23.0697065430557,7.40968920192844,0.0670904223428277,-0.292911044161429,0.614266385492744,0.966129340035615,-0.316607652318814,-0.927340577344133,,,,Taiwan,CO2
GCAM 5.3,R_MAC_95_n8,TWN,Emissions|CO2|Energy|Supply|Electricity,Mt CO2/yr,,,,114.100227849352,,,122.256113561486,,,,,116.831791620215,,160.572017248333,,,,,162.9661497063,168.053527545213,165.574645706383,158.107546101906,142.639678984548,119.433323828899,84.7818979158701,49.7418446116881,20.6989139893582,5.59214883089836,-0.793854773817649,-0.337784294260164,1.1680364474068,1.91477801598363,0.24412734009237,-0.752283564659017,,,,Taiwan,CO2
GCAM 5.3,R_MAC_95_n8,TWN,Emissions|CO2|Energy|Supply|Gases,Mt CO2/yr,,,,0.0,,,0.0,,,,,-2.61755383752968e-08,,0.0115360362084848,,,,,0.0118872768433734,0.0125302195337374,0.0152471334284615,0.0197888087546803,0.0220023769068984,0.0233831768792044,0.0176093789966129,0.0093106783345382,0.0040768737000982,0.0014981057525558,0.0004693171129627,0.0001361882791815,3.77704486597756e-05,1.03557181737518e-05,2.29402421983041e-06,2.50162708865186e-06,,,,Taiwan,CO2
GCAM 5.3,R_MAC_95_n8,TWN,Emissions|CO2|Energy|Supply|Liquids,Mt CO2/yr,,,,13.98235793779,,,7.09929064539,,,,,4.15264086087279,,4.15835628347244,,,,,4.14015378960227,4.01853833552386,3.786484008229,3.54989295307362,3.33181663523659,3.22714751275727,3.04969021198828,2.75057963578135,2.34669359049667,1.82555902388399,0.876520066533015,0.0652441782559248,-0.528693210347187,-0.919197511989488,-0.50676452092118,-0.116689039173126,,,,Taiwan,CO2
GCAM 5.3,R_MAC_95_n8,TWN,Emissions|CO2|Energy|Supply|Solids,Mt CO2/yr,,,,0.0,,,-1.95964685228761e-17,,,,,0.0,,0.0,,,,,0.0,-5.49997747681457e-06,0.0,-3.66665600973688e-06,-2.56665819802019e-06,-7.33333172851768e-07,0.0,0.0,-3.66666736515072e-08,-2.56666162534107e-07,-6.59999671483114e-08,0.0,-3.66666722436217e-09,-1.46666374301225e-08,-1.06332984368222e-08,0.0,,,,Taiwan,CO2
GCAM 5.3,R_MAC_95_n8,TWN,Emissions|CO2|Industrial Processes,Mt CO2/yr,,,,17.3701554791049,,,14.3729309399633,,,,,14.4343181711251,,14.3292865130518,,,,,8.28266123325831,7.4301377726604,6.74437604664242,5.53478866558677,3.82143540355176,2.67930757671732,1.96871677261922,1.59370793230367,1.44589595260608,1.2470766023626,0.722142870253572,0.208217472745016,-0.239530918755165,-0.613751238571129,-0.402106768119633,-0.0781319859673452,,,,Taiwan,CO2
GCAM 5.3,R_MAC_95_n8,TWN,Emissions|N2O|AFOLU,Mt CO2e/yr,,,,3.215602381721184,,,2.9071293081680847,,,,,2.7679887513461816,,2.8204648554550653,,,,,1.683583992263628,1.31413363810638,1.120266272382348,1.005771224709888,0.9261249027529591,0.860834848362216,0.795150274293648,0.7547975958620371,0.736229977872753,0.7281545736650641,0.7225784890563329,0.714364927664115,0.7028763116739001,0.68962126486617,0.673760675754621,0.667603368605355,,,,Taiwan,N2O
GCAM 5.3,R_MAC_99_n0,TWN,Carbon Sequestration|CCS|Biomass,Mt CO2/yr,,,,0.0,,,0.0,,,,,0.0,,0.0,,,,,0.397419725462396,1.19948369104396,1.80043216700897,2.40011607552568,3.47490825056739,4.42578563434411,5.47331642624084,7.1469899607263,10.1416078794976,12.8069679632697,15.2731602931357,16.2301858150713,15.4337865596047,14.0257744672336,12.7493661217082,11.4714700978551,,,,Taiwan,
GCAM 5.3,R_MAC_99_n0,TWN,Emissions|CH4|AFOLU,Mt CO2e/yr,,,,2.892967930776,,,2.620619048298496,,,,,2.7185975720982403,,2.754819029941804,,,,,1.77371357825788,1.549214473429112,1.4859727065097599,1.465941810647132,1.461526398263372,1.4653464392564481,1.465565006453828,1.45721499805154,1.486801652992152,1.530253281220048,1.5732878586185601,1.608614460707128,1.6333008759693919,1.646284889907476,1.647983103216492,1.641670528271424,,,,Taiwan,CH4
GCAM 5.3,R_MAC_99_n0,TWN,Emissions|CO2|AFOLU,Mt CO2/yr,,,,4.44269094076867,,,1.90655478425867,,,,,-0.0535506177689989,,0.0020818287482669,,,,,-4.526037784268,-8.60583158564763,-9.16581642432133,-8.29499554926313,-6.96517207545646,-5.62387217386746,-4.4612051212744,-3.51973113748674,-2.77470421020107,-2.19172478568509,-1.72811616942516,-1.3597711805016,-1.07155266374523,-0.848842181907753,-0.677070521680727,-0.543249764751373,,,,Taiwan,CO2
GCAM 5.3,R_MAC_99_n0,TWN,Emissions|CO2|Energy and Industrial Processes,Mt CO2/yr,,,,290.214919116505,,,290.931204348289,,,,,279.234510309706,,314.055093316669,,,,,308.512916581326,302.786864238493,296.212796621824,286.863148519815,270.400353318729,249.715207363257,219.420806266966,180.122002900638,135.02592294846,103.749229401848,79.1728366616078,61.8446945488292,51.3609652827674,45.1869004091907,40.846033903381,37.205339767761,,,,Taiwan,CO2
GCAM 5.3,R_MAC_99_n0,TWN,Emissions|CO2|Energy|Demand,Mt CO2/yr,,,,144.762177850258,,,147.202869201449,,,,,143.815759683734,,134.962905895588,,,,,132.178446476859,120.548931726369,114.896076706453,110.837113873299,105.36813901994,99.6020517995958,92.0309156874289,83.7039621236648,76.3932107276157,68.9620131441666,62.6173495458809,56.7867229888647,51.4397366420966,46.6443769886086,42.2692361295104,38.3616355531715,,,,Taiwan,CO2
GCAM 5.3,R_MAC_99_n0,TWN,Emissions|CO2|Energy|Demand|Industry,Mt CO2/yr,,,,83.4121791729861,,,83.8050414046776,,,,,86.5630563134925,,75.5185224793809,,,,,70.7045762041099,58.3243375136548,52.5397835153813,49.0029138404476,44.7381911145422,40.5011924589719,34.5020574373154,27.9627145504625,21.7344310567032,15.8141119136852,11.3651124658063,7.98360929012815,5.3638003013992,3.45946841471422,2.17254965830439,1.35267047424569,,,,Taiwan,CO2
GCAM 5.3,R_MAC_99_n0,TWN,Emissions|CO2|Energy|Demand|Residential and Commercial,Mt CO2/yr,,,,9.2449365404487,,,8.8519160380529,,,,,8.76536271322213,,10.2853977615356,,,,,12.5153621830481,13.401587958622,13.729321644549,13.7455320734983,13.3047226932508,12.6180510934904,11.7427196048306,10.793338024527,10.0869300826471,9.37993309928007,8.75598678099236,8.15702117122615,7.61757587319078,7.15154484411875,6.74091427916289,6.46005640105172,,,,Taiwan,CO2
GCAM 5.3,R_MAC_99_n0,TWN,Emissions|CO2|Energy|Demand|Residential and Commercial|Commercial,Mt CO2/yr,,,,4.1019337395697,,,3.9897065960339,,,,,4.17104629592566,,4.46000316533152,,,,,5.46092247119918,5.73986363382457,5.76951240974,5.6805392005112,5.40535548596339,5.03620526185866,4.57150791045497,4.04743756108367,3.5767117631244,3.10951798036283,2.72834591000917,2.40687042573812,2.1415953390284,1.93332408911323,1.77349634489013,1.66636143868191,,,,Taiwan,CO2
GCAM 5.3,R_MAC_99_n0,TWN,Emissions|CO2|Energy|Demand|Residential and Commercial|Residential,Mt CO2/yr,,,,5.143002800879,,,4.862209442019,,,,,4.59431641729647,,5.82539459620411,,,,,7.05443971184893,7.66172432479741,7.95980923480897,8.06499287298714,7.89936720728743,7.58184583163177,7.17121169437565,6.74590046344335,6.51021831952265,6.27041511891724,6.02764087098318,5.75015074548803,5.47598053416239,5.21822075500552,4.96741793427276,4.79369496236982,,,,Taiwan,CO2
GCAM 5.3,R_MAC_99_n0,TWN,Emissions|CO2|Energy|Demand|Transportation,Mt CO2/yr,,,,52.1050621368234,,,54.5459117587188,,,,,48.4873406570198,,49.1589856546714,,,,,48.9585080897009,48.8230062540925,48.6269715465231,48.0886679593532,47.3252252121474,46.4828082471335,45.7861386452829,44.9479095486752,44.5718495882654,43.7679681312013,42.4962502990823,40.6460925275104,38.4583604675066,36.0333637297756,33.3557721920431,30.5489086778741,,,,Taiwan,CO2
GCAM 5.3,R_MAC_99_n0,TWN,Emissions|CO2|Energy|Supply,Mt CO2/yr,,,,128.082585787142,,,129.355404206876,,,,,120.984432454846,,164.76290090803,,,,,167.606252563716,174.427791582849,174.153113030653,169.911010777677,160.476382185606,146.667228744674,124.711090218623,94.3197134948704,56.959597683899,33.2914891277495,15.2402313850766,4.19602271547084,-0.490094625542989,-1.55406331808552,-1.2989346621734,-0.880254761774215,,,,Taiwan,CO2
GCAM 5.3,R_MAC_99_n0,TWN,Emissions|CO2|Energy|Supply|Electricity,Mt CO2/yr,,,,114.100227849352,,,122.256113561486,,,,,116.831791620215,,160.572017248333,,,,,163.417079373597,170.311579100991,170.200064981459,166.076108960309,156.688859686496,142.804033187499,120.883248691968,90.7421154304796,53.710131186427,30.5189850541356,13.364755650424,3.44473340474503,-0.423001489774958,-1.06605812568567,-0.609995147458443,-0.124630505547563,,,,Taiwan,CO2
GCAM 5.3,R_MAC_99_n0,TWN,Emissions|CO2|Energy|Supply|Gases,Mt CO2/yr,,,,0.0,,,0.0,,,,,-2.61755383752968e-08,,0.0115360362084848,,,,,0.0132421526134707,0.0146305593377796,0.0183538194275327,0.0249392586985602,0.0299333418574487,0.0359621763673099,0.0337640826009806,0.0258358701141736,0.0171650444562865,0.0094426654085252,0.0045691261059238,0.0020657537825217,0.0008750259124448,0.0004183576157177,0.0002023629736013,9.54304043266305e-05,,,,Taiwan,CO2
GCAM 5.3,R_MAC_99_n0,TWN,Emissions|CO2|Energy|Supply|Liquids,Mt CO2/yr,,,,13.98235793779,,,7.09929064539,,,,,4.15264086080729,,4.15835628347244,,,,,4.14653863025923,4.0406538034568,3.83149180226492,3.6661111835343,3.59253507373421,3.64867051623859,3.64104578182231,3.4318456260191,3.145149270399,2.71624596028036,1.84839710054232,0.739672734575156,-0.0694150627757458,-0.48051788249719,-0.672108852628405,-0.732601362358586,,,,Taiwan,CO2
GCAM 5.3,R_MAC_99_n0,TWN,Emissions|CO2|Energy|Supply|Solids,Mt CO2/yr,,,,0.0,,,-1.95964685228761e-17,,,,,0.0,,0.0,,,,,0.0,-7.33333049786179e-07,-1.46666630823075e-06,0.0,0.0,-1.20999714297712e-06,0.0,-7.6999930541283e-07,0.0,0.0,-2.56666427381231e-07,-7.3333322218466e-08,-1.20999850255881e-07,-6.966655890482e-08,-2.56666453026274e-08,-4.76664713352886e-08,,,,Taiwan,CO2
GCAM 5.3,R_MAC_99_n0,TWN,Emissions|CO2|Industrial Processes,Mt CO2/yr,,,,17.3701554791049,,,14.3729309399633,,,,,14.4343181711251,,14.3292865130518,,,,,8.7282175407511,7.81014092927522,7.16360688471799,6.11502386883835,4.55583211318258,3.44592681898816,2.67880036091419,2.09832728210305,1.67311453694513,1.49572712993149,1.31525573065029,0.861948844493694,0.411323266213786,0.0965867386676273,-0.124267563955958,-0.276041023636286,,,,Taiwan,CO2
GCAM 5.3,R_MAC_99_n0,TWN,Emissions|N2O|AFOLU,Mt CO2e/yr,,,,3.215602381721184,,,2.9071293081680847,,,,,2.7679887513461816,,2.8204648554550653,,,,,1.7385457573640521,1.363583711685741,1.164889853044827,1.04880838983648,0.970143463764657,0.91096116997977,0.849614992917327,0.7919048617569181,0.762805252857375,0.744763051482177,0.736000670750709,0.729279113694495,0.7220564255057791,0.712826029318221,0.7015342648540591,0.689435348572698,,,,Taiwan,N2O
GCAM 5.3,R_MAC_99_n8,TWN,Carbon Sequestration|CCS|Biomass,Mt CO2/yr,,,,0.0,,,0.0,,,,,0.0,,0.0,,,,,0.472602092297156,1.36310535825199,2.02206547815745,2.76662060251094,4.16725275384113,5.52790875287045,7.30163264245139,10.0138710623518,13.6896579805809,16.0412335340272,16.6095316016906,14.7065495989689,12.3136809243611,10.5906913607447,9.47650348948232,9.81568265838114,,,,Taiwan,
GCAM 5.3,R_MAC_99_n8,TWN,Emissions|CH4|AFOLU,Mt CO2e/yr,,,,2.892967930776,,,2.620619048298496,,,,,2.7185975720982403,,2.754819029941804,,,,,1.7415013400211,1.530972687506724,1.473065376591004,1.454474557925116,1.453434312752408,1.455113010427888,1.445634925546924,1.4686050191320479,1.51561978672902,1.567998785867276,1.613419310841184,1.642446155652764,1.6530073738045281,1.650218439320248,1.6386882744651161,1.62105904811662,,,,Taiwan,CH4
GCAM 5.3,R_MAC_99_n8,TWN,Emissions|CO2|AFOLU,Mt CO2/yr,,,,4.44269094076867,,,1.90655478425867,,,,,-0.0535506177689989,,0.0020818287482669,,,,,-4.62890671264633,-8.75488433927397,-9.272056363757,-8.36185871296381,-7.00573431500177,-5.65037107179809,-4.48125603295154,-3.53805588290095,-2.78671729334144,-2.18771926023732,-1.70906479508096,-1.33236804117457,-1.03992307501947,-0.813875922379099,-0.639445440535239,-0.508464826159959,,,,Taiwan,CO2
GCAM 5.3,R_MAC_99_n8,TWN,Emissions|CO2|Energy and Industrial Processes,Mt CO2/yr,,,,290.214919116505,,,290.931204348289,,,,,279.234510309706,,314.055093316669,,,,,306.28083917256,298.724746316492,290.261523208137,278.106797526928,256.488011256885,228.276887630238,187.104644732142,140.513609348513,99.7438686688581,74.2137586582894,56.0903005515187,47.2703634993006,42.5034242163935,38.2919147705392,33.9989354981691,29.0151267985996,,,,Taiwan,CO2
GCAM 5.3,R_MAC_99_n8,TWN,Emissions|CO2|Energy|Demand,Mt CO2/yr,,,,144.762177850258,,,147.202869201449,,,,,143.815759683734,,134.962905895588,,,,,130.61175804854,118.386909240386,112.558335761996,108.127676129513,101.8542699105,94.9642658464031,85.9429989498034,75.8435635607558,67.463644491429,59.8148760131475,53.2433311377008,47.5714582956978,42.6539214535765,38.1703810601829,33.9576365484118,30.3008499217223,,,,Taiwan,CO2
GCAM 5.3,R_MAC_99_n8,TWN,Emissions|CO2|Energy|Demand|Industry,Mt CO2/yr,,,,83.4121791729861,,,83.8050414046776,,,,,86.5630563134925,,75.5185224793809,,,,,69.2596829270062,56.3525111319882,50.4504281685533,46.6063229576889,41.6569184472343,36.4526776379733,29.3476009110935,21.6546398060307,15.1453568472929,9.95923838741442,6.35781253000487,3.89377479399658,2.29364790477168,1.32566295619244,0.762321295708915,0.425374227484353,,,,Taiwan,CO2
GCAM 5.3,R_MAC_99_n8,TWN,Emissions|CO2|Energy|Demand|Residential and Commercial,Mt CO2/yr,,,,9.2449365404487,,,8.8519160380529,,,,,8.76536271322213,,10.2853977615356,,,,,12.5250905109352,13.3849434161508,13.6884743437313,13.6789680114252,13.1703926112363,12.3885119278146,11.3554805322841,10.2171090940392,9.41778319712751,8.73441152344523,8.13447387440232,7.61004216908598,7.17626912769062,6.79797590738723,6.44196841016571,6.33271690420853,,,,Taiwan,CO2
GCAM 5.3,R_MAC_99_n8,TWN,Emissions|CO2|Energy|Demand|Residential and Commercial|Commercial,Mt CO2/yr,,,,4.1019337395697,,,3.9897065960339,,,,,4.17104629592566,,4.46000316533152,,,,,5.47248722756176,5.73412810973725,5.74776397136052,5.64187443433557,5.32107685175868,4.88555893045786,4.31210311132704,3.65803705417386,3.12211273792599,2.67648003949386,2.33238038947641,2.06995512831302,1.88031816781769,1.74164076599038,1.63292990291991,1.5921904305316,,,,Taiwan,CO2
GCAM 5.3,R_MAC_99_n8,TWN,Emissions|CO2|Energy|Demand|Residential and Commercial|Residential,Mt CO2/yr,,,,5.143002800879,,,4.862209442019,,,,,4.59431641729647,,5.82539459620411,,,,,7.05260328337341,7.65081530641356,7.94071037237077,8.03709357708964,7.84931575947763,7.50295299735676,7.04337742095703,6.55907203986533,6.29567045920152,6.05793148395137,5.80209348492591,5.54008704077296,5.29595095987293,5.05633514139685,4.8090385072458,4.74052647367693,,,,Taiwan,CO2
GCAM 5.3,R_MAC_99_n8,TWN,Emissions|CO2|Energy|Demand|Transportation,Mt CO2/yr,,,,52.1050621368234,,,54.5459117587188,,,,,48.4873406570198,,49.1589856546714,,,,,48.8269846105985,48.6494546922467,48.4194332497118,47.8423851603985,47.0269588520298,46.1230762806152,45.2399175064258,43.9718146606859,42.9005044470085,41.1212261022878,38.7510447332936,36.0676413326153,33.1840044211142,30.0467421966033,26.7533468425372,23.5427587900294,,,,Taiwan,CO2
GCAM 5.3,R_MAC_99_n8,TWN,Emissions|CO2|Energy|Supply,Mt CO2/yr,,,,128.082585787142,,,129.355404206876,,,,,120.984432454846,,164.76290090803,,,,,167.267862417797,172.808775050508,170.845382980679,164.274341130425,150.610253235016,130.429369000167,99.0242402508026,62.9975450063423,30.7982827147282,13.0219070382933,1.96119020401884,-0.648737648529772,-0.0657173418650382,0.557807617157834,0.742587825840951,-1.11405980041398,,,,Taiwan,CO2
GCAM 5.3,R_MAC_99_n8,TWN,Emissions|CO2|Energy|Supply|Electricity,Mt CO2/yr,,,,114.100227849352,,,122.256113561486,,,,,116.831791620215,,160.572017248333,,,,,163.085613152637,168.711297055783,166.929093371677,160.529857038204,147.029259870093,126.901875472778,95.6630083142901,59.9648010743599,28.1773308491754,10.9337903275915,0.911488782579839,-0.781934876470681,0.390065526188537,1.37909408232579,1.75884060078189,-0.875502270658572,,,,Taiwan,CO2
GCAM 5.3,R_MAC_99_n8,TWN,Emissions|CO2|Energy|Supply|Gases,Mt CO2/yr,,,,0.0,,,0.0,,,,,-2.61755383752968e-08,,0.0115360362084848,,,,,0.0122519741258048,0.013067945211374,0.0160348090787264,0.0210981841073797,0.0240299188694216,0.0265995484152624,0.0216420988287115,0.0129342759480438,0.006419136699156,0.0026332747748255,0.0009453092814117,0.0003090327188528,9.45639816995219e-05,2.93833678682847e-05,1.09595182179545e-05,2.5909612919206e-06,,,,Taiwan,CO2
GCAM 5.3,R_MAC_99_n8,TWN,Emissions|CO2|Energy|Supply|Liquids,Mt CO2/yr,,,,13.98235793779,,,7.09929064539,,,,,4.15264086080729,,4.15835628347244,,,,,4.14197021717455,4.02422813598992,3.79863489910413,3.58544016009864,3.40751097300762,3.34809532445507,3.22026070814397,2.9432746728861,2.57683923675448,2.08338021059577,1.05704037984866,0.146227064158694,-0.43732614846167,-0.797595850057005,-0.986936407825963,-0.180646345814904,,,,Taiwan,CO2
GCAM 5.3,R_MAC_99_n8,TWN,Emissions|CO2|Energy|Supply|Solids,Mt CO2/yr,,,,0.0,,,-1.95964685228761e-17,,,,,0.0,,0.0,,,,,-1.46666310555104e-06,0.0,-3.66665514545285e-06,0.0,0.0,0.0,-1.46666777722514e-07,-1.83332730421557e-06,-2.19999758063131e-07,-3.29999549876805e-07,0.0,0.0,-1.83333265156814e-08,0.0,-1.57666516945399e-08,-1.099998765728e-09,,,,Taiwan,CO2
GCAM 5.3,R_MAC_99_n8,TWN,Emissions|CO2|Industrial Processes,Mt CO2/yr,,,,17.3701554791049,,,14.3729309399633,,,,,14.4343181711251,,14.3292865130518,,,,,8.40121870622296,7.52906202559793,6.85780446546188,5.70478026699009,4.02348811136788,2.88325278366808,2.13740553153552,1.67250078141472,1.48194146270101,1.37697560684853,0.885779209799041,0.347642852132512,-0.0847798953179852,-0.436273906801538,-0.701288876083743,-0.171663322708728,,,,Taiwan,CO2
GCAM 5.3,R_MAC_99_n8,TWN,Emissions|N2O|AFOLU,Mt CO2e/yr,,,,3.215602381721184,,,2.9071293081680847,,,,,2.7679887513461816,,2.8204648554550653,,,,,1.698173357646129,1.327127365112913,1.1319843086683952,1.01674617410457,0.938276921519028,0.875250916025577,0.806170855293531,0.763781080998936,0.7419250251348389,0.7308909591394319,0.725775585368379,0.7188069908941741,0.708567724865091,0.6961786438187489,0.682610545434909,0.666844535056791,,,,Taiwan,N2O
GCAM 5.3,SSP1-DACCS-1p9-3pctHR,TWN,Carbon Sequestration|CCS|Biomass,Mt CO2/yr,,,,0.0,,,0.0,,,,,0.0,,0.0311998337696816,,,,,0.255019304183571,0.201910639355511,0.138453936253387,0.676051807059249,1.5729843480619,1.77523365229853,1.70532889860365,1.39517701817363,0.850987774996658,0.479562479995418,0.361425833332814,0.331348534126178,0.25567794969456,0.148901659601187,0.0932330523234736,0.072947376051768,,,,Taiwan,
GCAM 5.3,SSP1-DACCS-1p9-3pctHR,TWN,Carbon Sequestration|Direct Air Capture,Mt CO2/yr,,,,0.0,,,0.0,,,,,0.0,,0.0,,,,,1.10299298027208e-07,2.1180413925492e-06,9.2663799423981e-07,4.5335741454764e-07,1.675967485694e-07,7.0563550748201e-08,3.2274138600679e-08,8.62389078399e-09,2.405806552043e-09,1.020833092803e-09,0.0,0.0,0.0,0.0,0.0,0.0,,,,Taiwan,
GCAM 5.3,SSP1-DACCS-1p9-3pctHR,TWN,Emissions|CH4|AFOLU,Mt CO2e/yr,,,,2.892813320376,,,2.620734273898496,,,,,2.7187867512982398,,2.58677253815554,,,,,1.33077652535478,1.331859122711768,1.3232742602827439,1.320241920925508,1.3154514778067319,1.323012144033216,1.327602426024308,1.326555969071284,1.329950739108936,1.331945030974572,1.329637289163624,1.325593877646332,1.31981880239524,1.3132098594328279,1.306339484831976,1.2971621341273,,,,Taiwan,CH4
GCAM 5.3,SSP1-DACCS-1p9-3pctHR,TWN,Emissions|CO2|AFOLU,Mt CO2/yr,,,,4.25698149000667,,,1.84051380450667,,,,,-0.0493169732146665,,-0.378646922131133,,,,,-7.29701454443864,-21.5925516056213,-21.2879771392622,-18.1491123664026,-14.4255952865988,-11.0354929662261,-8.22231238008628,-5.99361616592658,-4.275694082084,-3.03798900454536,-2.0967076116656,-1.44517841190152,-1.04573518466778,-0.733905902333304,-0.528090127683839,-0.391323450753452,,,,Taiwan,CO2
GCAM 5.3,SSP1-DACCS-1p9-3pctHR,TWN,Emissions|CO2|Energy and Industrial Processes,Mt CO2/yr,,,,290.215545383229,,,290.931705581668,,,,,286.787845355526,,308.508792329915,,,,,267.639606354907,241.426685280667,207.627455388701,160.301658033891,117.176141558408,85.2022479947833,62.9988661149043,47.2890666599387,37.8696917145417,34.805208213832,33.3121252482404,30.4715615288173,26.7729760049724,22.6951272491234,18.4470695618349,14.3036058707296,,,,Taiwan,CO2
GCAM 5.3,SSP1-DACCS-1p9-3pctHR,TWN,Emissions|CO2|Energy|Demand,Mt CO2/yr,,,,144.762730416975,,,147.203333735871,,,,,151.483448231688,,121.830055734692,,,,,92.048399674089,83.9395738597721,76.0143971357934,65.2663140449769,54.2471599829998,45.6924941544687,39.6375817159893,35.255784893729,32.4726112671986,30.5965688277445,28.6917363493724,26.1809073663218,23.6047339249519,21.1409022468186,18.7590927290016,16.5444680874698,,,,Taiwan,CO2
GCAM 5.3,SSP1-DACCS-1p9-3pctHR,TWN,Emissions|CO2|Energy|Demand|Industry,Mt CO2/yr,,,,83.4121784396527,,,83.8050406390574,,,,,86.5630566568617,,57.143320195685,,,,,32.1763015810786,27.7554724308376,24.051125796716,18.2998460480275,13.2401395667925,9.90055602581827,7.67008401818294,5.81637962785039,4.34917000274696,3.28754635571421,2.39387790209671,1.69092559019011,1.21868027464802,0.885678195629629,0.640543011308704,0.456258993250902,,,,Taiwan,CO2
GCAM 5.3,SSP1-DACCS-1p9-3pctHR,TWN,Emissions|CO2|Energy|Demand|Residential and Commercial,Mt CO2/yr,,,,9.2449365404487,,,8.8519160380529,,,,,8.76537367232297,,10.960920622415,,,,,11.4747449969037,11.8666779906762,11.8678082986952,10.9983108753981,9.68247830168478,8.51742313743016,7.58112821857947,6.87851696375415,6.52876166472309,6.33539075003854,6.1508924055409,5.82927474207302,5.43175432100786,5.00012186284029,4.54029385334703,4.12182358457694,,,,Taiwan,CO2
GCAM 5.3,SSP1-DACCS-1p9-3pctHR,TWN,Emissions|CO2|Energy|Demand|Residential and Commercial|Commercial,Mt CO2/yr,,,,4.1019337395697,,,3.9897065960339,,,,,4.17105344632133,,4.64603021939948,,,,,4.54442355257286,4.54552297436346,4.4011504988741,3.83248866133521,3.18263425855069,2.68132907619391,2.31414034973964,2.02922791255026,1.8544843253146,1.745068392624,1.65162291811598,1.53708814881969,1.41708913412584,1.29626651367056,1.17456031787825,1.06468450105347,,,,Taiwan,CO2
GCAM 5.3,SSP1-DACCS-1p9-3pctHR,TWN,Emissions|CO2|Energy|Demand|Residential and Commercial|Residential,Mt CO2/yr,,,,5.143002800879,,,4.862209442019,,,,,4.59432022600164,,6.31489040301547,,,,,6.93032144433088,7.32115501631273,7.46665779982107,7.16582221406289,6.49984404313409,5.83609406123626,5.26698786883982,4.84928905120389,4.67427733940849,4.59032235741454,4.49926948742493,4.29218659325333,4.01466518688203,3.70385534916973,3.36573353546878,3.05713908352347,,,,Taiwan,CO2
GCAM 5.3,SSP1-DACCS-1p9-3pctHR,TWN,Emissions|CO2|Energy|Demand|Transportation,Mt CO2/yr,,,,52.1056154368737,,,54.5463770587611,,,,,56.1550179025036,,53.7258149165923,,,,,48.3973530961067,44.3174234382583,40.0954630403822,35.9681571215513,31.3245421145224,27.2745149912203,24.3863694792269,22.5608883021245,21.5946795997285,20.9736317219917,20.1469660417348,18.6607070340587,16.954299329296,15.2551021883487,13.5782558643459,11.966385509642,,,,Taiwan,CO2
GCAM 5.3,SSP1-DACCS-1p9-3pctHR,TWN,Emissions|CO2|Energy|Supply,Mt CO2/yr,,,,128.082659487149,,,129.355440905833,,,,,120.870092857492,,174.746408910626,,,,,167.426636159839,149.463930541675,123.897565264882,89.4590008505026,61.791882277626,42.1987342129269,28.4544719169043,17.9655633937678,11.1285868973087,8.66775729383304,7.4273626637024,6.57921409360413,6.00991792183492,5.52062764829679,5.08248227529109,4.64961944042897,,,,Taiwan,CO2
GCAM 5.3,SSP1-DACCS-1p9-3pctHR,TWN,Emissions|CO2|Energy|Supply|Electricity,Mt CO2/yr,,,,114.100228216019,,,122.256113593773,,,,,116.717634988507,,170.682226742382,,,,,163.59238418724,145.78053530559,120.36081506838,86.5564330496152,59.5903819895292,39.883868782968,25.9477529231381,15.1820077309917,7.79928210581432,5.0717972739957,3.86861409693986,3.24227485132091,2.84777781395811,2.48816352906497,2.2184224863847,1.98357367814835,,,,Taiwan,CO2
GCAM 5.3,SSP1-DACCS-1p9-3pctHR,TWN,Emissions|CO2|Energy|Supply|Gases,Mt CO2/yr,,,,0.0,,,0.0,,,,,2.44136842292723e-08,,0.0076881289487394,,,,,0.0052194483140196,0.0056880973259727,0.0055371711203936,0.0050623811123653,0.0034448405704803,0.001975011260457,0.000929594703952,0.00039348479922,0.0001588402000429,7.44400162863283e-05,3.88462868425767e-05,2.05994723684224e-05,1.0282258608974e-05,5.09159266781305e-06,2.48681232143435e-06,1.17664463027102e-06,,,,Taiwan,CO2
GCAM 5.3,SSP1-DACCS-1p9-3pctHR,TWN,Emissions|CO2|Energy|Supply|Liquids,Mt CO2/yr,,,,13.98243127113,,,7.09932731206,,,,,4.15245784457112,,4.03771766157707,,,,,3.79606416558346,3.62321352634694,3.45882445700951,2.8213434293505,2.12525864432739,2.24547407404089,2.45097947802629,2.73895237319091,3.29431649632586,3.56833084992389,3.53741318271519,3.32080721452319,3.15014402100492,3.02368563523124,2.85768796887744,2.66146081664631,,,,Taiwan,CO2
GCAM 5.3,SSP1-DACCS-1p9-3pctHR,TWN,Emissions|CO2|Energy|Supply|Solids,Mt CO2/yr,,,,0.0,,,-1.9596472107427202e-17,,,,,0.0,,0.0,,,,,0.0,-3.29999614509872e-06,-2.56666291414208e-06,-4.03333590894687e-06,0.0,0.0,-1.17332625341302e-06,-1.83332938845633e-07,-2.1999984524016e-07,0.0,0.0,0.0,-2.56666513203308e-08,-3.30000071482654e-08,-2.93332288305611e-08,-1.46666569483787e-08,,,,Taiwan,CO2
GCAM 5.3,SSP1-DACCS-1p9-3pctHR,TWN,Emissions|CO2|Industrial Processes,Mt CO2/yr,,,,17.3701554791049,,,14.3729309399633,,,,,14.4343042663457,,11.9323276845968,,,,,8.16457052277195,8.02318089106695,7.71549299182337,5.57634313953098,1.13709929778254,-2.68898037261233,-5.09318751798937,-5.9322816275581,-5.73150644996553,-4.45911790774546,-2.80697376483445,-2.28855993110871,-2.84167584181441,-3.96640264599197,-5.39450544245784,-6.8904816571692,,,,Taiwan,CO2
GCAM 5.3,SSP1-DACCS-1p9-3pctHR,TWN,Emissions|N2O|AFOLU,Mt CO2e/yr,,,,3.2158926626211843,,,2.9060102211080854,,,,,2.766954791146182,,2.7219129283876504,,,,,0.991736526860352,0.9810923666298299,0.86065786876797,0.7804133834556151,0.7257434881979072,0.689524793384973,0.6772498995509493,0.6765903981465721,0.6836219438149893,0.689208017656431,0.695722987780548,0.701937468560874,0.7037966337175411,0.7025186295753961,0.6960562158977673,0.69039380524569,,,,Taiwan,N2O
GCAM 5.3,SSP1-DACCS-2p6-3pctHR,TWN,Carbon Sequestration|CCS|Biomass,Mt CO2/yr,,,,0.0,,,0.0,,,,,0.0,,0.0311998337696816,,,,,0.075814371892215,0.0802973944330958,0.0867398999521114,0.855190776377942,1.79375836655893,1.98342715721654,1.89351079660213,1.81995662815152,1.82437732905179,1.73650721320699,1.61233355004474,1.44237683018232,1.28141137876521,1.00646126449003,0.694125756967445,0.410674618412239,,,,Taiwan,
GCAM 5.3,SSP1-DACCS-2p6-3pctHR,TWN,Carbon Sequestration|Direct Air Capture,Mt CO2/yr,,,,0.0,,,0.0,,,,,0.0,,0.0,,,,,8.7308822937165e-08,4.8626894087293e-06,5.310749149462e-06,2.3746886492141e-06,3.6076329279666e-07,6.410686916123e-08,1.2819324165393e-08,2.748775583222e-09,7.71103736767e-10,0.0,0.0,0.0,0.0,0.0,0.0,0.0,,,,Taiwan,
GCAM 5.3,SSP1-DACCS-2p6-3pctHR,TWN,Emissions|CH4|AFOLU,Mt CO2e/yr,,,,2.892813320376,,,2.620734273898496,,,,,2.7187867512982398,,2.58677253510074,,,,,1.432151492276792,1.4209886497387278,1.381558437315784,1.365720851573092,1.3613865158705,1.35651914188588,1.3506947513821719,1.343548199498568,1.338346336889044,1.32461705730312,1.325405611638472,1.327623621485252,1.328924178774444,1.320994146878644,1.3116924476268481,1.3000237609927119,,,,Taiwan,CH4
GCAM 5.3,SSP1-DACCS-2p6-3pctHR,TWN,Emissions|CO2|AFOLU,Mt CO2/yr,,,,4.25698149000667,,,1.84051380450667,,,,,-0.0493169732146665,,-0.3786506096967,,,,,-6.47184909182534,-20.5048043462097,-20.4503650033863,-17.6948134588936,-14.2859760215495,-11.1174199108498,-8.40651726333609,-6.24155819947622,-4.59997859378069,-3.38867983564846,-2.50835377864666,-1.87320890237638,-1.41656573740387,-0.940437607376418,-0.687771532882726,-0.504610733174666,,,,Taiwan,CO2
GCAM 5.3,SSP1-DACCS-2p6-3pctHR,TWN,Emissions|CO2|Energy and Industrial Processes,Mt CO2/yr,,,,290.215545383229,,,290.931705581668,,,,,286.787757554232,,308.508663347617,,,,,299.699193549118,288.53369309231,273.580041908678,247.387429162949,204.704247879473,159.023894776993,124.586774074538,99.2595272735901,72.4965763702152,56.4454336802799,43.8046223795673,33.1076964931233,24.1361574822037,18.4900065146787,15.554026102455,13.9898074602228,,,,Taiwan,CO2
GCAM 5.3,SSP1-DACCS-2p6-3pctHR,TWN,Emissions|CO2|Energy|Demand,Mt CO2/yr,,,,144.762730416975,,,147.203333735871,,,,,151.483360430394,,121.829926797019,,,,,103.751904028507,93.5463491423313,87.1048820700188,79.0867007926463,68.3245119372326,58.3053597327883,50.9700756373592,45.5407670362694,41.1803824742463,37.4231654652528,33.6110928600384,29.8953060769869,26.4300564059502,23.606762193198,21.4625073702454,19.8172195666544,,,,Taiwan,CO2
GCAM 5.3,SSP1-DACCS-2p6-3pctHR,TWN,Emissions|CO2|Energy|Demand|Industry,Mt CO2/yr,,,,83.4121784396527,,,83.8050406390574,,,,,86.5630566568617,,57.143320158851,,,,,41.8971655652586,35.2751319555226,32.5472292878019,28.7239864002401,23.3583319887382,18.697416328219,15.2519590210883,12.4782169778555,10.0846364761359,8.10594662459632,6.50424678210613,5.21155451499577,4.124009066201,3.14954276415443,2.43509648510121,1.87165443266755,,,,Taiwan,CO2
GCAM 5.3,SSP1-DACCS-2p6-3pctHR,TWN,Emissions|CO2|Energy|Demand|Residential and Commercial,Mt CO2/yr,,,,9.2449365404487,,,8.8519160380529,,,,,8.76536509882808,,10.9609056643255,,,,,11.7615827680999,12.0430155428728,12.2463414059545,11.8054532082041,10.6644105747953,9.41964529271868,8.37618456020597,7.54757477883092,6.95364574849615,6.44763156948683,5.88319258826474,5.29681850274031,4.73960387495577,4.31701974276422,3.97486174664066,3.73479238600715,,,,Taiwan,CO2
GCAM 5.3,SSP1-DACCS-2p6-3pctHR,TWN,Emissions|CO2|Energy|Demand|Residential and Commercial|Commercial,Mt CO2/yr,,,,4.1019337395697,,,3.9897065960339,,,,,4.17104935057287,,4.64602398418771,,,,,4.70863592611589,4.6390320186085,4.63698794271514,4.36176367257546,3.8094296682188,3.25589790990517,2.82418027847806,2.4821954588069,2.21188244703741,1.98481966577454,1.7651522355493,1.55549162725328,1.36527050370547,1.21668478522574,1.10256595657839,1.02027074045802,,,,Taiwan,CO2
GCAM 5.3,SSP1-DACCS-2p6-3pctHR,TWN,Emissions|CO2|Energy|Demand|Residential and Commercial|Residential,Mt CO2/yr,,,,5.143002800879,,,4.862209442019,,,,,4.5943157482552,,6.3148816801378,,,,,7.05294684198399,7.4039835242643,7.60935346323939,7.44368953562867,6.85498090657649,6.16374738281351,5.55200428172791,5.06537932002402,4.74176330145874,4.46281190371228,4.11804035271545,3.74132687548703,3.3743333712503,3.10033495753848,2.87229579006227,2.71452164554913,,,,Taiwan,CO2
GCAM 5.3,SSP1-DACCS-2p6-3pctHR,TWN,Emissions|CO2|Energy|Demand|Transportation,Mt CO2/yr,,,,52.1056154368737,,,54.5463770587611,,,,,56.1549386747046,,53.7257009738423,,,,,50.0931556951481,46.2282016439359,42.3113113762624,38.5572611842021,34.3017693736991,30.1882981118506,27.341932056065,25.514975279583,24.1421002496143,22.8695872711696,21.2236534896675,19.3869330592508,17.5664434647935,16.1401996862793,15.0525491385035,14.2107727479797,,,,Taiwan,CO2
GCAM 5.3,SSP1-DACCS-2p6-3pctHR,TWN,Emissions|CO2|Energy|Supply,Mt CO2/yr,,,,128.082659487149,,,129.355440905833,,,,,120.870092857492,,174.746408864335,,,,,185.52460218422,185.015599317145,176.969342155253,160.981892939966,132.996135272834,101.135202108818,76.623460956407,58.1453427766734,37.0038380458817,25.435322054133,18.1730191764523,13.1167831315232,9.39653206120194,7.03128685150129,6.02012685929734,5.32194647354041,,,,Taiwan,CO2
GCAM 5.3,SSP1-DACCS-2p6-3pctHR,TWN,Emissions|CO2|Energy|Supply|Electricity,Mt CO2/yr,,,,114.100228216019,,,122.256113593773,,,,,116.717634988507,,170.682226742585,,,,,181.63809667894,181.275096231273,173.352336216063,157.939167796587,130.430836216633,98.3494122931724,73.6887903598854,55.2845758425686,34.2976342747279,22.9582821973963,15.9548551155783,11.1660625470559,7.70224535829512,5.34654976111142,4.19870360049562,3.32697313709485,,,,Taiwan,CO2
GCAM 5.3,SSP1-DACCS-2p6-3pctHR,TWN,Emissions|CO2|Energy|Supply|Gases,Mt CO2/yr,,,,0.0,,,0.0,,,,,2.44136842292723e-08,,0.0076881289487394,,,,,0.0124142417787611,0.0160285593872557,0.0192471332369044,0.0221839791606899,0.0213313972142248,0.0196041644992405,0.015658403966772,0.0108527391653041,0.0059647069326307,0.0035217564266508,0.0020010542891443,0.0011264237471098,0.0005835474255692,0.0002915242137198,0.0001511867244844,7.80796780046804e-05,,,,Taiwan,CO2
GCAM 5.3,SSP1-DACCS-2p6-3pctHR,TWN,Emissions|CO2|Energy|Supply|Liquids,Mt CO2/yr,,,,13.98243127113,,,7.09932731206,,,,,4.15245784457112,,4.03771761508373,,,,,3.83622479697225,3.66787441250811,3.51939366928488,2.92163692289245,2.43282896648359,2.65121939824233,2.81822384574633,2.76135561237597,2.62334960885389,2.40644628787953,2.15823367625117,1.89993881778613,1.651688080716,1.64956115119844,1.79267795459268,1.97241133325203,,,,Taiwan,CO2
GCAM 5.3,SSP1-DACCS-2p6-3pctHR,TWN,Emissions|CO2|Energy|Supply|Solids,Mt CO2/yr,,,,0.0,,,-1.9596472107427202e-17,,,,,0.0,,0.0,,,,,-2.93332689472682e-06,-2.93332748736238e-06,-3.66665986687001e-06,0.0,-4.03331941829537e-06,-7.33331897353694e-07,-7.33331888326003e-07,0.0,0.0,0.0,-1.0999980420005e-06,0.0,0.0,-2.93332870870757e-07,0.0,0.0,,,,Taiwan,CO2
GCAM 5.3,SSP1-DACCS-2p6-3pctHR,TWN,Emissions|CO2|Industrial Processes,Mt CO2/yr,,,,17.3701554791049,,,14.3729309399633,,,,,14.4343042663457,,11.9323276862632,,,,,10.4226873378054,9.97174466550964,9.50581771668345,7.31883544219911,3.3836006704797,-0.416667064613484,-3.00676251922782,-4.4265825393527,-5.68764414991276,-6.41305383910589,-7.97948965692338,-9.90439271538677,-11.6904309849485,-12.1480425300206,-11.9286081270877,-11.149358579972,,,,Taiwan,CO2
GCAM 5.3,SSP1-DACCS-2p6-3pctHR,TWN,Emissions|N2O|AFOLU,Mt CO2e/yr,,,,3.2158926626211843,,,2.9060102211080854,,,,,2.766954791146182,,2.72191289778435,,,,,1.2668985318444,1.2483868060189889,1.0875403988658299,0.9744822296178032,0.90121116260175,0.8394408884739122,0.8143793178166983,0.7887973381955913,0.7646327907278943,0.736651441874166,0.7189563729102301,0.7027042568407681,0.686644837308885,0.694648495292388,0.699332334644853,0.700620775477623,,,,Taiwan,N2O
GCAM 5.3,SSP1-highcostDACCS-2p6-3pctHR,TWN,Carbon Sequestration|CCS|Biomass,Mt CO2/yr,,,,0.0,,,0.0,,,,,0.0,,0.000175393,,,,,0.000768893,0.013809846,0.027838049,0.82316752,1.858628709,2.063121069,1.930680252,1.842768481,1.844475027,1.755505843,1.634730967,1.455272151,1.280893252,1.120009557,0.811191019,0.473512766,,,,Taiwan,
GCAM 5.3,SSP1-highcostDACCS-2p6-3pctHR,TWN,Carbon Sequestration|Direct Air Capture,Mt CO2/yr,,,,0.0,,,0.0,,,,,0.0,,0.0,,,,,6.15e-09,8.45e-09,7.61e-09,2.87e-09,0.0,0.0,0.0,0.0,0.0,0.0,0.0,0.0,0.0,0.0,0.0,0.0,,,,Taiwan,
GCAM 5.3,SSP1-highcostDACCS-2p6-3pctHR,TWN,Emissions|CH4|AFOLU,Mt CO2e/yr,,,,2.892813308,,,2.620734284,,,,,2.718786756,,2.586627512,,,,,1.380427944,1.376309032,1.3772923920000002,1.36300934,1.3592508440000002,1.35446738,1.3493746560000002,1.34094814,1.333654728,1.3246807,1.32593356,1.3295041760000001,1.331227072,1.329667612,1.319426584,1.30744054,,,,Taiwan,CH4
GCAM 5.3,SSP1-highcostDACCS-2p6-3pctHR,TWN,Emissions|CO2|AFOLU,Mt CO2/yr,,,,4.25698149,,,1.840513805,,,,,-0.049316973,,-0.369523202,,,,,-6.960698369,-21.16838429,-20.66975784,-17.58557063,-14.0921947,-10.91947611,-8.235177788,-6.103022649,-4.49236507,-3.306363481,-2.445391866,-1.824648055,-1.378783335,-1.048157305,-0.675176461,-0.50303335,,,,Taiwan,CO2
GCAM 5.3,SSP1-highcostDACCS-2p6-3pctHR,TWN,Emissions|CO2|Energy and Industrial Processes,Mt CO2/yr,,,,290.2155454,,,290.9317056,,,,,286.7877576,,308.6064736,,,,,299.1073028,286.6257744,270.0050917,239.2231422,189.6546348,141.8570589,109.3500438,86.15657973,62.17505251,48.45505925,37.58627051,28.61904025,21.10889425,15.53917224,12.71382109,11.29293096,,,,Taiwan,CO2
GCAM 5.3,SSP1-highcostDACCS-2p6-3pctHR,TWN,Emissions|CO2|Energy|Demand,Mt CO2/yr,,,,144.7627304,,,147.2033337,,,,,151.4833604,,122.0725997,,,,,103.3781387,93.02986193,86.16804345,77.19658278,65.75837941,55.66037224,48.52573632,43.34145907,39.22370303,35.79097834,32.15201255,28.75460161,25.58157076,22.7927463,20.55562291,18.88639436,,,,Taiwan,CO2
GCAM 5.3,SSP1-highcostDACCS-2p6-3pctHR,TWN,Emissions|CO2|Energy|Demand|Industry,Mt CO2/yr,,,,83.41217844,,,83.80504064,,,,,86.56305666,,57.27575197,,,,,41.59568575,34.85542157,31.79155976,27.16289172,21.28796119,16.60018616,13.35961829,10.82201264,8.63416579,6.892513731,5.460194368,4.360142113,3.446514271,2.674177192,2.024642159,1.535690032,,,,Taiwan,CO2
GCAM 5.3,SSP1-highcostDACCS-2p6-3pctHR,TWN,Emissions|CO2|Energy|Demand|Residential and Commercial,Mt CO2/yr,,,,9.24493654,,,8.851916038,,,,,8.765365099,,11.00038945,,,,,11.77387293,12.04526978,12.2042721,11.65730584,10.43095224,9.175266955,8.155229764,7.355118418,6.78704276,6.318522771,5.778903435,5.229205284,4.703652342,4.243263843,3.889661544,3.644467951,,,,Taiwan,CO2
GCAM 5.3,SSP1-highcostDACCS-2p6-3pctHR,TWN,Emissions|CO2|Energy|Demand|Residential and Commercial|Commercial,Mt CO2/yr,,,,4.10193374,,,3.989706596,,,,,4.171049351,,4.671748766,,,,,4.719089446,4.642431278,4.610660639,4.263111596,3.655887572,3.095467213,2.679550413,2.356731646,2.103088442,1.897465432,1.691926774,1.500896643,1.327039872,1.177865726,1.063583754,0.983302135,,,,Taiwan,CO2
GCAM 5.3,SSP1-highcostDACCS-2p6-3pctHR,TWN,Emissions|CO2|Energy|Demand|Residential and Commercial|Residential,Mt CO2/yr,,,,5.143002801,,,4.862209442,,,,,4.594315748,,6.328640684,,,,,7.054783481,7.402838499,7.59361146,7.394194244,6.775064671,6.079799742,5.475679351,4.998386772,4.683954318,4.421057339,4.08697666,3.72830864,3.376612469,3.065398117,2.82607779,2.661165816,,,,Taiwan,CO2
GCAM 5.3,SSP1-highcostDACCS-2p6-3pctHR,TWN,Emissions|CO2|Energy|Demand|Transportation,Mt CO2/yr,,,,52.10561544,,,54.54637706,,,,,56.15493867,,53.79645824,,,,,50.00857997,46.12917059,42.17221159,38.37638522,34.03946598,29.88491912,27.01088827,25.16432802,23.80249448,22.57994183,20.91291474,19.16525422,17.43140415,15.87530527,14.6413192,13.70623638,,,,Taiwan,CO2
GCAM 5.3,SSP1-highcostDACCS-2p6-3pctHR,TWN,Emissions|CO2|Energy|Supply,Mt CO2/yr,,,,128.0826595,,,129.3554409,,,,,120.8700929,,174.6520603,,,,,185.5556193,183.8769752,174.5630603,154.8884392,120.6965464,86.84051738,64.10433482,47.551886,28.96231004,19.32835678,13.59333269,9.82287539,7.169050036,5.504531323,4.914490903,4.561621709,,,,Taiwan,CO2
GCAM 5.3,SSP1-highcostDACCS-2p6-3pctHR,TWN,Emissions|CO2|Energy|Supply|Electricity,Mt CO2/yr,,,,114.1002282,,,122.2561136,,,,,116.717635,,170.5162124,,,,,181.6012116,180.0705693,170.8858425,151.8389667,118.2682592,84.24692999,61.32494857,44.81012981,26.35354973,16.92247426,11.44023721,7.907385209,5.481353208,3.970996801,3.27366776,2.70969796,,,,Taiwan,CO2
GCAM 5.3,SSP1-highcostDACCS-2p6-3pctHR,TWN,Emissions|CO2|Energy|Supply|Gases,Mt CO2/yr,,,,0.0,,,0.0,,,,,2.44e-08,,0.007665533,,,,,0.011832414,0.015089668,0.017937783,0.020418129,0.019053074,0.016633155,0.012470073,0.007940425,0.004074763,0.002273103,0.001245898,0.000684234,0.000344556,0.000168393,8.98e-05,4.69e-05,,,,Taiwan,CO2
GCAM 5.3,SSP1-highcostDACCS-2p6-3pctHR,TWN,Emissions|CO2|Energy|Supply|Liquids,Mt CO2/yr,,,,13.98243127,,,7.099327312,,,,,4.152457845,,4.109514891,,,,,3.905552865,3.73598841,3.583090148,2.935506147,2.307351862,2.474653104,2.678736592,2.657178679,2.539276944,2.347097568,2.103432068,1.873579677,1.652619405,1.50453665,1.617330042,1.833593149,,,,Taiwan,CO2
GCAM 5.3,SSP1-highcostDACCS-2p6-3pctHR,TWN,Emissions|CO2|Energy|Supply|Solids,Mt CO2/yr,,,,0.0,,,-1.96e-17,,,,,0.0,,0.0,,,,,-4.03e-06,-4.03e-06,0.0,0.0,-7.33e-07,-1.83e-06,0.0,0.0,-1.17e-06,-3.67e-08,-1.43e-06,-4.77e-07,0.0,0.0,0.0,0.0,,,,Taiwan,CO2
GCAM 5.3,SSP1-highcostDACCS-2p6-3pctHR,TWN,Emissions|CO2|Industrial Processes,Mt CO2/yr,,,,17.37015548,,,14.37293094,,,,,14.43430427,,11.88181364,,,,,10.17354485,9.718937299,9.273987956,7.138120189,3.199708963,-0.643830719,-3.2800273,-4.736765342,-6.010960562,-6.664275869,-8.159074734,-9.958436755,-11.64172654,-12.75810538,-12.75629272,-12.15508511,,,,Taiwan,CO2
GCAM 5.3,SSP1-highcostDACCS-2p6-3pctHR,TWN,Emissions|N2O|AFOLU,Mt CO2e/yr,,,,3.2158926618,,,2.90601021984,,,,,2.76695479242,,2.727444572853,,,,,1.1125554533729998,1.0983652595370001,1.0711216146540001,0.960220963611,0.888302011233,0.827694244923,0.8032644803820002,0.777455211078,0.7526733887400001,0.72825821796,0.711442006548,0.696236285199,0.680821515738,0.670235599215,0.676589883333,0.6791212250549999,,,,Taiwan,N2O
GCAM 5.3,SSP1-lowcostDACCS-2p6-3pctHR,TWN,Carbon Sequestration|CCS|Biomass,Mt CO2/yr,,,,0.0,,,0.0,,,,,0.0,,0.000175393,,,,,0.000534644,0.010579548,0.021177395,0.817749905,1.880246069,2.084499781,1.921399419,1.815664622,1.817808387,1.739951883,1.638075613,1.500127608,1.309039305,1.069456855,0.875818572,0.694818892,,,,Taiwan,
GCAM 5.3,SSP1-lowcostDACCS-2p6-3pctHR,TWN,Carbon Sequestration|Direct Air Capture,Mt CO2/yr,,,,0.0,,,0.0,,,,,0.0,,0.0,,,,,7.34e-07,0.000189411,0.000207952,0.000137891,1.65e-05,2.03e-06,3.34e-07,7.31e-08,1.83e-08,5.3e-09,2.08e-09,8.06e-10,0.0,0.0,0.0,0.0,,,,Taiwan,
GCAM 5.3,SSP1-lowcostDACCS-2p6-3pctHR,TWN,Emissions|CH4|AFOLU,Mt CO2e/yr,,,,2.892813308,,,2.620734284,,,,,2.718786756,,2.586627512,,,,,1.4060801440000001,1.399638772,1.394137584,1.3728006320000001,1.3663888,1.36087672,1.35518376,1.3483233399999999,1.347116484,1.339853116,1.324521184,1.324109332,1.320436516,1.3129134759999999,1.304941624,1.2955874680000001,,,,Taiwan,CH4
GCAM 5.3,SSP1-lowcostDACCS-2p6-3pctHR,TWN,Emissions|CO2|AFOLU,Mt CO2/yr,,,,4.25698149,,,1.840513805,,,,,-0.049316973,,-0.369523582,,,,,-6.754404064,-20.89640283,-20.43748768,-17.43496308,-14.02589834,-10.9173749,-8.268077398,-6.152237,-4.547969574,-3.363152249,-2.501392485,-1.878878586,-1.402239895,-0.964825013,-0.740280346,-0.546742203,,,,Taiwan,CO2
GCAM 5.3,SSP1-lowcostDACCS-2p6-3pctHR,TWN,Emissions|CO2|Energy and Industrial Processes,Mt CO2/yr,,,,290.2155454,,,290.9317056,,,,,286.7877576,,308.6064736,,,,,303.458667,293.3010389,279.3614307,254.3167943,211.7458827,164.1147678,127.4991029,100.816471,73.30500911,57.45996987,44.84748296,33.7165445,24.98744544,19.41018262,16.01839674,13.63606756,,,,Taiwan,CO2
GCAM 5.3,SSP1-lowcostDACCS-2p6-3pctHR,TWN,Emissions|CO2|Energy|Demand,Mt CO2/yr,,,,144.7627304,,,147.2033337,,,,,151.4833604,,122.0725999,,,,,106.0302551,95.31801627,88.46436039,80.0605361,68.89462063,58.69962107,51.378836,46.04685879,41.68905698,38.09787099,34.40739295,30.56029957,27.07561912,24.3488526,22.13450331,20.2905589,,,,Taiwan,CO2
GCAM 5.3,SSP1-lowcostDACCS-2p6-3pctHR,TWN,Emissions|CO2|Energy|Demand|Industry,Mt CO2/yr,,,,83.41217844,,,83.80504064,,,,,86.56305666,,57.275752,,,,,43.92143024,36.78307921,33.68745388,29.45290153,23.66209839,18.78778074,15.30009135,12.55847307,10.14764321,8.251013596,6.703997479,5.40303476,4.26393291,3.331269767,2.624097551,2.042867347,,,,Taiwan,CO2
GCAM 5.3,SSP1-lowcostDACCS-2p6-3pctHR,TWN,Emissions|CO2|Energy|Demand|Residential and Commercial,Mt CO2/yr,,,,9.24493654,,,8.851916038,,,,,8.765365099,,11.00038948,,,,,11.81659304,12.07598167,12.24384849,11.77987282,10.62199538,9.383038706,8.358784097,7.550688595,6.965392206,6.476902767,5.920505681,5.312649655,4.773021313,4.35451804,3.991534656,3.711914923,,,,Taiwan,CO2
GCAM 5.3,SSP1-lowcostDACCS-2p6-3pctHR,TWN,Emissions|CO2|Energy|Demand|Residential and Commercial|Commercial,Mt CO2/yr,,,,4.10193374,,,3.989706596,,,,,4.171049351,,4.671748778,,,,,4.742912836,4.6588393,4.634084481,4.339820387,3.771544499,3.217285965,2.795147097,2.465514038,2.201189011,1.986465775,1.774021413,1.560234062,1.374025121,1.230370307,1.11250253,1.019895935,,,,Taiwan,CO2
GCAM 5.3,SSP1-lowcostDACCS-2p6-3pctHR,TWN,Emissions|CO2|Energy|Demand|Residential and Commercial|Residential,Mt CO2/yr,,,,5.143002801,,,4.862209442,,,,,4.594315748,,6.328640701,,,,,7.073680208,7.41714237,7.609764005,7.440052429,6.850450877,6.165752741,5.563637,5.085174557,4.764203196,4.490436992,4.146484268,3.752415593,3.398996192,3.124147733,2.879032126,2.692018988,,,,Taiwan,CO2
GCAM 5.3,SSP1-lowcostDACCS-2p6-3pctHR,TWN,Emissions|CO2|Energy|Demand|Transportation,Mt CO2/yr,,,,52.10561544,,,54.54637706,,,,,56.15493867,,53.79645845,,,,,50.29223181,46.45895538,42.53305802,38.82776175,34.61052686,30.52880163,27.71996055,25.93769713,24.57602157,23.36995463,21.78288979,19.84461515,18.0386649,16.66306479,15.5188711,14.53577663,,,,Taiwan,CO2
GCAM 5.3,SSP1-lowcostDACCS-2p6-3pctHR,TWN,Emissions|CO2|Energy|Supply,Mt CO2/yr,,,,128.0826595,,,129.3554409,,,,,120.8700929,,174.6520598,,,,,186.7706057,187.7821584,181.1514618,166.6429739,139.026637,105.3141562,78.56873229,58.62284027,36.73806602,25.23476133,17.95758472,12.86708302,9.216829072,6.893715349,5.780940415,4.920319523,,,,Taiwan,CO2
GCAM 5.3,SSP1-lowcostDACCS-2p6-3pctHR,TWN,Emissions|CO2|Energy|Supply|Electricity,Mt CO2/yr,,,,114.1002282,,,122.2561136,,,,,116.717635,,170.5162125,,,,,182.807364,183.9642825,177.4613383,163.533803,136.484399,102.5117932,75.50522348,55.62270395,33.92076298,22.66498638,15.67348129,10.90814466,7.48164685,5.201498923,4.087041706,3.187758165,,,,Taiwan,CO2
GCAM 5.3,SSP1-lowcostDACCS-2p6-3pctHR,TWN,Emissions|CO2|Energy|Supply|Gases,Mt CO2/yr,,,,0.0,,,0.0,,,,,2.44e-08,,0.007665533,,,,,0.013806091,0.018272429,0.022403151,0.026262727,0.025674165,0.024041317,0.019757281,0.014346815,0.00810808,0.005058733,0.00313367,0.001935013,0.001081722,0.000552423,0.000285091,0.000147631,,,,Taiwan,CO2
GCAM 5.3,SSP1-lowcostDACCS-2p6-3pctHR,TWN,Emissions|CO2|Energy|Supply|Liquids,Mt CO2/yr,,,,13.98243127,,,7.099327312,,,,,4.152457845,,4.109514325,,,,,3.911573996,3.74324739,3.590039566,2.986101592,2.407806033,2.666475911,2.945865111,2.899716812,2.734465579,2.499059787,2.22402741,1.907966285,1.692204163,1.656157951,1.663833606,1.708473606,,,,Taiwan,CO2
GCAM 5.3,SSP1-lowcostDACCS-2p6-3pctHR,TWN,Emissions|CO2|Energy|Supply|Solids,Mt CO2/yr,,,,0.0,,,-1.96e-17,,,,,0.0,,0.0,,,,,-7.33e-07,-7.33e-07,0.0,-4.4e-06,0.0,-5.13e-06,-1.32e-06,0.0,-1.83e-07,0.0,-2.2e-07,-9.9e-07,0.0,-1.1e-07,0.0,-4.03e-07,,,,Taiwan,CO2
GCAM 5.3,SSP1-lowcostDACCS-2p6-3pctHR,TWN,Emissions|CO2|Industrial Processes,Mt CO2/yr,,,,17.37015548,,,14.37293094,,,,,14.43430427,,11.8818139,,,,,10.65780619,10.20086621,9.745610652,7.613285624,3.824625189,0.100990488,-2.448465393,-3.853228041,-5.122113891,-5.872662453,-7.517494705,-9.710838086,-11.30500275,-11.83238533,-11.89704698,-11.57481086,,,,Taiwan,CO2
GCAM 5.3,SSP1-lowcostDACCS-2p6-3pctHR,TWN,Emissions|N2O|AFOLU,Mt CO2e/yr,,,,3.2158926618,,,2.90601021984,,,,,2.76695479242,,2.727444545553,,,,,1.179705352371,1.1634918941099999,1.132283410713,1.012899712461,0.935647847043,0.87043814676,0.844376345085,0.817969677798,0.794729672646,0.76870954797,0.739637770326,0.7209007210860001,0.715632154692,0.7208635687889999,0.717071814459,0.709783818198,,,,Taiwan,N2O
GCAM 5.3,SSP1-noDACCS-1p9-3pctHR,TWN,Carbon Sequestration|CCS|Biomass,Mt CO2/yr,,,,0.0,,,0.0,,,,,0.0,,0.0311998704363516,,,,,0.199010690758546,0.180577805749496,0.132250929356144,0.730200276681837,1.63961453458585,1.8489872329084,1.79592296882171,1.72265868211449,1.63258485021176,1.36036062970506,1.02315253366662,0.517760222744502,0.350867163056832,0.258606783595709,0.168679178574218,0.114993394196357,,,,Taiwan,
GCAM 5.3,SSP1-noDACCS-1p9-3pctHR,TWN,Emissions|CH4|AFOLU,Mt CO2e/yr,,,,2.892813320376,,,2.620734273898496,,,,,2.7187867512982398,,2.58677251046074,,,,,1.32376170885882,1.3272759220168,1.33244575124584,1.330806362358928,1.3268897772691122,1.321987652379352,1.323399319901764,1.326228579957764,1.336041227464944,1.345282919401064,1.353280861965032,1.348155761245972,1.342297191134788,1.333556860650112,1.3249256878306679,1.31417627754798,,,,Taiwan,CH4
GCAM 5.3,SSP1-noDACCS-1p9-3pctHR,TWN,Emissions|CO2|AFOLU,Mt CO2/yr,,,,4.25698149000667,,,1.84051380450667,,,,,-0.0493169732146665,,-0.378650322596333,,,,,-7.54288962062167,-21.9015911815,-21.2894580644962,-17.972852914584,-14.2445348400509,-10.8939826341255,-8.12284196173527,-5.95452340307931,-4.33244638178672,-3.14594133159309,-2.28994938408896,-1.5461685879802,-1.12600228406752,-0.808569970339549,-0.580039255375943,-0.414641802827054,,,,Taiwan,CO2
GCAM 5.3,SSP1-noDACCS-1p9-3pctHR,TWN,Emissions|CO2|Energy and Industrial Processes,Mt CO2/yr,,,,290.215545383229,,,290.931705581668,,,,,286.787757554232,,308.508663538981,,,,,275.153753916513,251.198382902541,220.966502806949,174.307170964324,127.986842555609,94.3884808406832,70.9887761060059,52.7710922575246,38.7496240943956,32.8038148587279,28.8931198056142,26.5046190413385,23.1678371369236,19.2136789572705,16.3025092591003,12.6197088445711,,,,Taiwan,CO2
GCAM 5.3,SSP1-noDACCS-1p9-3pctHR,TWN,Emissions|CO2|Energy|Demand,Mt CO2/yr,,,,144.762730416975,,,147.203333735871,,,,,151.483360430394,,121.829926792411,,,,,93.9608773491544,85.4414227959256,78.0475295100573,67.584738900578,56.3305441355761,47.4528650712449,41.1545429886429,36.4180124464233,33.0780419032241,30.7801710017709,28.4933846580581,26.2805769323111,23.7099899194698,21.0457075432409,18.9473021971597,16.788232911726,,,,Taiwan,CO2
GCAM 5.3,SSP1-noDACCS-1p9-3pctHR,TWN,Emissions|CO2|Energy|Demand|Industry,Mt CO2/yr,,,,83.4121784396527,,,83.8050406390574,,,,,86.5630566568617,,57.1433202064847,,,,,33.7140203340508,28.8596876677928,25.5078600411744,19.9944740512758,14.722790977782,11.134471027284,8.70437101556555,6.71216490870903,5.13041145105785,3.97586712967571,3.04997307394397,2.25227978665316,1.60887822345244,1.13018818239182,0.822794255878344,0.590893129297616,,,,Taiwan,CO2
GCAM 5.3,SSP1-noDACCS-1p9-3pctHR,TWN,Emissions|CO2|Energy|Demand|Residential and Commercial,Mt CO2/yr,,,,9.2449365404487,,,8.8519160380529,,,,,8.76536509882808,,10.9609056582891,,,,,11.5264939228098,11.9062416838059,11.9809672303877,11.1581075801709,9.82907671803724,8.63105626450102,7.66354422066908,6.89474692735203,6.41765452653937,6.10876143218099,5.78019299414465,5.48312675087545,5.12110097876882,4.71153885318207,4.34559537845567,3.96961520788225,,,,Taiwan,CO2
GCAM 5.3,SSP1-noDACCS-1p9-3pctHR,TWN,Emissions|CO2|Energy|Demand|Residential and Commercial|Commercial,Mt CO2/yr,,,,4.1019337395697,,,3.9897065960339,,,,,4.17104935057287,,4.64602398167204,,,,,4.57373876407005,4.56751931599258,4.47371991625466,3.94345065755767,3.28687375557477,2.76853355872047,2.38560014827322,2.07886616379058,1.86671128129835,1.7229283716658,1.58978269922551,1.47437865207787,1.35441266722557,1.23255848346122,1.13158491504678,1.02998496364002,,,,Taiwan,CO2
GCAM 5.3,SSP1-noDACCS-1p9-3pctHR,TWN,Emissions|CO2|Energy|Demand|Residential and Commercial|Residential,Mt CO2/yr,,,,5.143002800879,,,4.862209442019,,,,,4.5943157482552,,6.31488167661707,,,,,6.95275515873974,7.33872236781331,7.50724731413304,7.21465692261324,6.54220296246247,5.86252270578056,5.27794407239586,4.81588076356145,4.55094324524103,4.38583306051519,4.19041029491915,4.00874809879757,3.76668831154325,3.47898036972085,3.2140104634089,2.93963024424223,,,,Taiwan,CO2
GCAM 5.3,SSP1-noDACCS-1p9-3pctHR,TWN,Emissions|CO2|Energy|Demand|Transportation,Mt CO2/yr,,,,52.1056154368737,,,54.5463770587611,,,,,56.1549386747046,,53.725700927637,,,,,48.7203630922939,44.6754934443269,40.5587022384952,36.4321572691313,31.7786764397569,27.6873377794598,24.7866277524082,22.8111006103622,21.5299759256268,20.6955424399142,19.6632185899695,18.5451703947825,16.9800107172485,15.203980507667,13.7789125628257,12.2277245745461,,,,Taiwan,CO2
GCAM 5.3,SSP1-noDACCS-1p9-3pctHR,TWN,Emissions|CO2|Energy|Supply,Mt CO2/yr,,,,128.082659487149,,,129.355440905833,,,,,120.870092857492,,174.746409114813,,,,,172.643124919689,157.471651973217,134.936203913016,100.968627146412,70.3574920149651,49.5750076772655,35.0073869021607,22.8617348075324,13.0480113054328,9.12884964236764,7.38872922888506,6.60943715360174,5.86235682552761,5.22164645516358,4.85211781419572,4.4646544833065,,,,Taiwan,CO2
GCAM 5.3,SSP1-noDACCS-1p9-3pctHR,TWN,Emissions|CO2|Energy|Supply|Electricity,Mt CO2/yr,,,,114.100228216019,,,122.256113593773,,,,,116.717634988507,,170.682226901094,,,,,168.801404417051,153.778428988125,131.378479893455,98.0616774763013,68.1534620752269,47.2738517898582,32.5407880919443,20.3941114855406,10.5670188400672,6.55528381597587,4.74245041917974,3.75421509864424,3.15380965249347,2.68395985532473,2.38798827521221,2.1243693580432,,,,Taiwan,CO2
GCAM 5.3,SSP1-noDACCS-1p9-3pctHR,TWN,Emissions|CO2|Energy|Supply|Gases,Mt CO2/yr,,,,0.0,,,0.0,,,,,2.44136842292723e-08,,0.0076881294304267,,,,,0.0062205988845488,0.0068887602252553,0.0069838225352348,0.0068104824893863,0.0050221788570464,0.0031823027680241,0.0016361424467877,0.0007148600804275,0.000276853789721,0.0001243214674399,6.02201915660398e-05,3.21475461992541e-05,1.57840971113523e-05,7.57305489643291e-06,3.73506652401279e-06,1.78087721766891e-06,,,,Taiwan,CO2
GCAM 5.3,SSP1-noDACCS-1p9-3pctHR,TWN,Emissions|CO2|Energy|Supply|Liquids,Mt CO2/yr,,,,13.98243127113,,,7.09932731206,,,,,4.15245784457112,,4.03771770656034,,,,,3.80144983177019,3.63183554236213,3.4765270804647,2.81884500347851,2.11920791282587,2.22273207478874,2.40298149203589,2.41595078177415,2.43958878750398,2.54001121116665,2.61936978666274,2.8341748450341,2.69246025617017,2.52572117622076,2.45541867583371,2.33409918626179,,,,Taiwan,CO2
GCAM 5.3,SSP1-noDACCS-1p9-3pctHR,TWN,Emissions|CO2|Energy|Supply|Solids,Mt CO2/yr,,,,0.0,,,-1.9596472107427202e-17,,,,,0.0,,0.0,,,,,-2.1999952089259e-06,-1.83333134815056e-06,0.0,0.0,0.0,-1.9066567342013e-06,0.0,-1.79665806923165e-06,-2.56665709726686e-07,0.0,0.0,-2.56665999302947e-07,0.0,-3.66665827829544e-09,0.0,-1.83333512254853e-08,,,,Taiwan,CO2
GCAM 5.3,SSP1-noDACCS-1p9-3pctHR,TWN,Emissions|CO2|Industrial Processes,Mt CO2/yr,,,,17.3701554791049,,,14.3729309399633,,,,,14.4343042663457,,11.9323276317569,,,,,8.54975164766898,8.28530813339828,7.9827693838755,5.75380491733406,1.29880640506777,-2.63939190782709,-5.17315378479768,-6.5086549964311,-7.37642911426126,-7.10520578541058,-6.988994081329,-6.38539504457439,-6.40450960807383,-7.05367504113399,-7.49691075225511,-8.63317855046138,,,,Taiwan,CO2
GCAM 5.3,SSP1-noDACCS-1p9-3pctHR,TWN,Emissions|N2O|AFOLU,Mt CO2e/yr,,,,3.2158926626211843,,,2.9060102211080854,,,,,2.766954791146182,,2.72191295869065,,,,,0.9216702261189123,0.9131282148506673,0.892913251282416,0.8088600013357472,0.7512199169354881,0.7050149917497961,0.6904457970697561,0.677092210262832,0.6677662370234283,0.6588853306054083,0.6500523419205271,0.65818653742023,0.6620265167473229,0.6629093237203709,0.6604363550904184,0.6559805106560159,,,,Taiwan,N2O
GCAM 5.3,SSP1-noDACCS-2p6-3pctHR,TWN,Carbon Sequestration|CCS|Biomass,Mt CO2/yr,,,,0.0,,,0.0,,,,,0.0,,0.0311998337696816,,,,,0.078577245810052,0.0832286152995704,0.0902293177026644,0.851908173679524,1.78886052540034,1.98121695061428,1.89613246557586,1.82513714928193,1.82918199977984,1.7371878855776,1.60863137797247,1.42990528874625,1.26267063619131,1.13434640779157,0.988028029487992,0.671923553886347,,,,Taiwan,
GCAM 5.3,SSP1-noDACCS-2p6-3pctHR,TWN,Emissions|CH4|AFOLU,Mt CO2e/yr,,,,2.892813320376,,,2.620734273898496,,,,,2.7187867512982398,,2.58677253846074,,,,,1.3830203295765922,1.378452891324768,1.378846556422636,1.364010809095424,1.360070039937252,1.355210240154792,1.349820227171472,1.341837686923524,1.335276826410156,1.3245104564644958,1.32566877630978,1.328855245153044,1.330440344830044,1.3308562379042561,1.330477897364448,1.321641193497548,,,,Taiwan,CH4
GCAM 5.3,SSP1-noDACCS-2p6-3pctHR,TWN,Emissions|CO2|AFOLU,Mt CO2/yr,,,,4.25698149000667,,,1.84051380450667,,,,,-0.0493169732146665,,-0.3786471043641,,,,,-6.94819014092498,-21.1441011604357,-20.6474479879177,-17.5701394843517,-14.0841593120617,-10.9172442115711,-8.23632223589806,-6.10597698486398,-4.49608074114736,-3.31048766531784,-2.44972205204348,-1.82906287305475,-1.3831259979171,-1.06238401477137,-0.830615527786692,-0.637236608886151,,,,Taiwan,CO2
GCAM 5.3,SSP1-noDACCS-2p6-3pctHR,TWN,Emissions|CO2|Energy and Industrial Processes,Mt CO2/yr,,,,290.215545383229,,,290.931705581668,,,,,286.787757554232,,308.508663508107,,,,,298.848676352201,287.224125525547,271.752573912147,244.581052862272,200.681222972444,154.879448194812,121.14640738243,96.4597827021016,70.3176065918269,54.6998468652952,42.3333926242499,32.0795737171426,23.5690430587742,17.0334542287039,13.4211244100852,11.3104972417982,,,,Taiwan,CO2
GCAM 5.3,SSP1-noDACCS-2p6-3pctHR,TWN,Emissions|CO2|Energy|Demand,Mt CO2/yr,,,,144.762730416975,,,147.203333735871,,,,,151.483360430394,,121.829926803888,,,,,103.255863016516,93.1145972340928,86.6799536480712,78.5542867784184,67.7354102978825,57.7197969234546,50.4120321304757,45.008767991768,40.6893801152535,36.9980875181724,33.1774370509857,29.5634582902405,26.220447074849,23.2950665742136,21.2494298953315,19.4773882929834,,,,Taiwan,CO2
GCAM 5.3,SSP1-noDACCS-2p6-3pctHR,TWN,Emissions|CO2|Energy|Demand|Industry,Mt CO2/yr,,,,83.4121784396527,,,83.8050406390574,,,,,86.5630566568617,,57.1433202070552,,,,,41.4668651659741,34.9139732480147,32.2002925100757,28.3035432135619,22.9153923085298,18.2783757946297,14.8733390395769,12.1359188938742,9.78097577784412,7.84278458909135,6.25326894482643,5.00423785417614,3.96581468179065,3.10607639045248,2.50164397206926,1.93010960447041,,,,Taiwan,CO2
GCAM 5.3,SSP1-noDACCS-2p6-3pctHR,TWN,Emissions|CO2|Energy|Demand|Residential and Commercial,Mt CO2/yr,,,,9.2449365404487,,,8.8519160380529,,,,,8.76536509882808,,10.9609056595535,,,,,11.7524944125023,12.0375761728945,12.239554034223,11.7832212902438,10.6287905657881,9.37892271535949,8.33524876072511,7.50793698506878,6.91695464460897,6.41842792967519,5.85618217719196,5.28286983537263,4.73952516333701,4.25395266705323,3.86055953972264,3.58167668060743,,,,Taiwan,CO2
GCAM 5.3,SSP1-noDACCS-2p6-3pctHR,TWN,Emissions|CO2|Energy|Demand|Residential and Commercial|Commercial,Mt CO2/yr,,,,4.1019337395697,,,3.9897065960339,,,,,4.17104935057287,,4.64602398219909,,,,,4.70347186252696,4.63621393948532,4.63309331669833,4.3480817314442,3.78818668869955,3.2322843415952,2.80107259367133,2.46015107985506,2.19159013170087,1.9678254873815,1.74855955563297,1.54403987496307,1.35952709944268,1.19959672052996,1.07687861578357,0.98338401261995,,,,Taiwan,CO2
GCAM 5.3,SSP1-noDACCS-2p6-3pctHR,TWN,Emissions|CO2|Energy|Demand|Residential and Commercial|Residential,Mt CO2/yr,,,,5.143002800879,,,4.862209442019,,,,,4.5943157482552,,6.31488167735445,,,,,7.04902254997532,7.40136223340915,7.60646071752465,7.43513955879957,6.84060387708859,6.14663837376429,5.53417616705378,5.04778590521372,4.7253645129081,4.4506024422937,4.10762262155899,3.73882996040956,3.37999806389433,3.05435594652328,2.78368092393906,2.59829266798748,,,,Taiwan,CO2
GCAM 5.3,SSP1-noDACCS-2p6-3pctHR,TWN,Emissions|CO2|Energy|Demand|Transportation,Mt CO2/yr,,,,52.1056154368737,,,54.5463770587611,,,,,56.1549386747046,,53.7257009372788,,,,,50.0365034380397,46.1630478131836,42.2401071037726,38.4675222746127,34.1912274235646,30.0624984134654,27.2034443301736,25.3649121128251,23.9914496928004,22.7368749994059,21.0679859289673,19.2763506006917,17.5151072297213,15.9350375167079,14.8872263835396,13.9656020079056,,,,Taiwan,CO2
GCAM 5.3,SSP1-noDACCS-2p6-3pctHR,TWN,Emissions|CO2|Energy|Supply,Mt CO2/yr,,,,128.082659487149,,,129.355440905833,,,,,120.870092857492,,174.746409061089,,,,,185.256680657668,184.225604091693,175.654072627411,158.79638415975,129.68412049505,97.720591031571,73.9009496503501,56.045994027933,35.4835583729108,24.24768589629,17.229134497056,12.4266998488081,8.95991458180112,6.62887871941884,5.49470912560857,4.82543178690925,,,,Taiwan,CO2
GCAM 5.3,SSP1-noDACCS-2p6-3pctHR,TWN,Emissions|CO2|Energy|Supply|Electricity,Mt CO2/yr,,,,114.100228216019,,,122.256113593773,,,,,116.717634988507,,170.682226894983,,,,,181.372114662492,180.487323939736,172.039725310047,155.76159455786,127.140010968059,94.9769066632385,71.0181308866462,53.2300249677089,32.8142084275911,21.7954886352199,15.031383799595,10.4785608574128,7.25263808416666,5.11747062697811,4.05640777596716,3.24213874004588,,,,Taiwan,CO2
GCAM 5.3,SSP1-noDACCS-2p6-3pctHR,TWN,Emissions|CO2|Energy|Supply|Gases,Mt CO2/yr,,,,0.0,,,0.0,,,,,2.44136842292723e-08,,0.0076881294085318,,,,,0.0120664598940411,0.0154605999454588,0.0184413029919061,0.0211370685036962,0.0201539316081672,0.0182957132154899,0.0143783383037877,0.0097314683010075,0.0052497684638869,0.003029106155153,0.0016890451993174,0.0009293038440284,0.0004624769858221,0.0002171053870496,0.0001056963665406,5.36158246949101e-05,,,,Taiwan,CO2
GCAM 5.3,SSP1-noDACCS-2p6-3pctHR,TWN,Emissions|CO2|Energy|Supply|Liquids,Mt CO2/yr,,,,13.98243127113,,,7.09932731206,,,,,4.15245784457112,,4.03771765897156,,,,,3.83474013509944,3.66633305039577,3.51776107128924,2.91528124552573,2.41407235394286,2.61224599791981,2.7695725305686,2.71959108713669,2.58914201038824,2.38399742576391,2.13996423377962,1.89924588064446,1.66624908046475,1.47739634492819,1.41053862581594,1.56158301487245,,,,Taiwan,CO2
GCAM 5.3,SSP1-noDACCS-2p6-3pctHR,TWN,Emissions|CO2|Energy|Supply|Solids,Mt CO2/yr,,,,0.0,,,-1.9596472107427202e-17,,,,,0.0,,0.0,,,,,-1.46666387593686e-06,-1.46666306165442e-06,0.0,-2.1999970326993e-06,0.0,0.0,0.0,0.0,0.0,-1.24666250678184e-06,0.0,0.0,-1.46666301212877e-07,-5.13333293263141e-07,-2.19999827915696e-07,0.0,,,,Taiwan,CO2
GCAM 5.3,SSP1-noDACCS-2p6-3pctHR,TWN,Emissions|CO2|Industrial Processes,Mt CO2/yr,,,,17.3701554791049,,,14.3729309399633,,,,,14.4343042663457,,11.9323276431305,,,,,10.336132678016,9.88392419976121,9.41854763666485,7.23038192410426,3.26169217951089,-0.560939760214008,-3.16657439839567,-4.59497931759935,-5.85533189633749,-6.5459265491672,-8.07317892379176,-9.91058442190596,-11.6113185978759,-12.8904910649286,-13.3230146108549,-12.9923228380945,,,,Taiwan,CO2
GCAM 5.3,SSP1-noDACCS-2p6-3pctHR,TWN,Emissions|N2O|AFOLU,Mt CO2e/yr,,,,3.2158926626211843,,,2.9060102211080854,,,,,2.766954791146182,,2.72191295869065,,,,,1.118468192390367,1.1040371868448648,1.0764232710067199,0.964863281189535,0.8925570764384793,0.83158995837099,0.8069540591775389,0.7812424716958654,0.756682855325397,0.730965839858436,0.7138969362590493,0.6983652937991729,0.682714320106182,0.667452569515095,0.6525587041351559,0.6486721861240531,,,,Taiwan,N2O
GCAM 5.3,SSP2-DACCS-2p6-3pctHR,TWN,Carbon Sequestration|CCS|Biomass,Mt CO2/yr,,,,0.0,,,0.0,,,,,0.0,,0.000743431400918,,,,,0.001399258793872,0.0203006642788481,0.304156922817294,2.90016209158441,5.06408702673817,6.00036241269411,2.7315906317824,0.388356945828294,0.13636190398287,0.0890802246795282,0.0464336826273878,0.0324727020543539,0.0233590243422811,0.0160648348557571,0.0100685162349589,0.0061462897998419,,,,Taiwan,
GCAM 5.3,SSP2-DACCS-2p6-3pctHR,TWN,Carbon Sequestration|Direct Air Capture,Mt CO2/yr,,,,0.0,,,0.0,,,,,0.0,,0.0,,,,,5.1898184384683e-07,2.453539223049e-05,2.69052691126e-05,3.3689248395992e-05,4.6582536568109e-06,7.8134037436427e-07,7.235565991112e-09,0.0,0.0,0.0,0.0,0.0,0.0,0.0,0.0,0.0,,,,Taiwan,
GCAM 5.3,SSP2-DACCS-2p6-3pctHR,TWN,Emissions|CH4|AFOLU,Mt CO2e/yr,,,,2.892813320376,,,2.620734273898496,,,,,2.7187867512982398,,2.6040344910472477,,,,,2.6234249978986277,2.633269689049608,2.641017661524452,1.5075776355300639,1.4147634062835839,1.376434112861528,1.3470225453709639,1.337934049890592,1.3488248709906039,1.361674441914892,1.366703922038672,1.3714164558045,1.374655153600232,1.376911843840092,1.3797054526911599,1.3820526109125681,,,,Taiwan,CH4
GCAM 5.3,SSP2-DACCS-2p6-3pctHR,TWN,Emissions|CO2|AFOLU,Mt CO2/yr,,,,4.25698149000667,,,1.84051380450667,,,,,-0.0493169732146665,,0.266357771544333,,,,,-0.303102687331033,-0.339899456102433,-0.0428396879100667,-5.71449019828866,-20.3252117871477,-20.6541971171617,-17.9217724921503,-14.4887903977326,-11.2587376760745,-8.47999937661324,-5.87013059407694,-4.40115513191065,-3.16807284217277,-2.25655771635499,-1.61363919974144,-1.16152260576433,,,,Taiwan,CO2
GCAM 5.3,SSP2-DACCS-2p6-3pctHR,TWN,Emissions|CO2|Energy and Industrial Processes,Mt CO2/yr,,,,290.215545383229,,,290.931705581668,,,,,286.787757554232,,314.502463323103,,,,,326.772697644907,329.011318909112,325.397498635521,265.073616288856,231.277317130355,193.984623189976,164.096119977566,139.885184473825,108.928523857919,88.3703599637737,72.4477597999319,60.8566143608515,52.4685600605779,46.9008047741524,43.5519559893972,40.6706584267433,,,,Taiwan,CO2
GCAM 5.3,SSP2-DACCS-2p6-3pctHR,TWN,Emissions|CO2|Energy|Demand,Mt CO2/yr,,,,144.762730416975,,,147.203333735871,,,,,151.483360430394,,125.731034186894,,,,,124.89727490913,119.162330663416,114.519923372456,87.5981082221511,78.8131981769133,70.2334511512365,64.2493389263138,60.6049022360445,56.3242731257047,52.2366125576341,49.0132527818387,46.3929340235278,43.9433960434877,41.6183545096614,39.6364773533439,37.6662637182483,,,,Taiwan,CO2
GCAM 5.3,SSP2-DACCS-2p6-3pctHR,TWN,Emissions|CO2|Energy|Demand|Industry,Mt CO2/yr,,,,83.4121784396527,,,83.8050406390574,,,,,86.5630566568617,,60.4883369672656,,,,,59.2293501757887,54.1950950280097,51.6036395074874,30.9264493505954,26.9955070084033,22.822616015271,19.0364918721641,15.7263263340117,12.5504652754219,9.59902153171079,7.257888611349,5.48295296562832,4.09499542441567,3.00944144544268,2.22850639586434,1.6454655874969,,,,Taiwan,CO2
GCAM 5.3,SSP2-DACCS-2p6-3pctHR,TWN,Emissions|CO2|Energy|Demand|Residential and Commercial,Mt CO2/yr,,,,9.2449365404487,,,8.8519160380529,,,,,8.76536509882808,,11.5570376076282,,,,,12.884930622302,13.3319295407203,13.4405324453057,12.6439526080982,11.7098547866487,10.5920180135288,9.70415632602731,9.14588438476501,8.60103795522688,8.11330861999604,7.70336144290337,7.32966026128824,6.97905226258677,6.63730203030813,6.33834207311646,6.11641528825532,,,,Taiwan,CO2
GCAM 5.3,SSP2-DACCS-2p6-3pctHR,TWN,Emissions|CO2|Energy|Demand|Residential and Commercial|Commercial,Mt CO2/yr,,,,4.1019337395697,,,3.9897065960339,,,,,4.17104935057287,,4.90339866087839,,,,,5.24748799984074,5.26045834719844,5.18810976986521,4.72255778228529,4.30532717733621,3.81352853416864,3.39736387116264,3.08797749006109,2.77740431051203,2.49387569401859,2.26585489049936,2.0787936621852,1.92052578324876,1.7818175647115,1.67166552136657,1.58771134359778,,,,Taiwan,CO2
GCAM 5.3,SSP2-DACCS-2p6-3pctHR,TWN,Emissions|CO2|Energy|Demand|Residential and Commercial|Residential,Mt CO2/yr,,,,5.143002800879,,,4.862209442019,,,,,4.5943157482552,,6.6536389467498,,,,,7.63744262246125,8.07147119352186,8.25242267544054,7.92139482581292,7.40452760931254,6.77848947936012,6.30679245486467,6.05790689470392,5.82363364471485,5.61943292597745,5.43750655240401,5.25086659910305,5.05852647933801,4.85548446559663,4.66667655174989,4.52870394465754,,,,Taiwan,CO2
GCAM 5.3,SSP2-DACCS-2p6-3pctHR,TWN,Emissions|CO2|Energy|Demand|Transportation,Mt CO2/yr,,,,52.1056154368737,,,54.5463770587611,,,,,56.1549386747046,,53.6856596120006,,,,,52.7829941110393,51.6353060946864,49.4757514196628,44.0277062634575,40.1078363818613,36.8188171224368,35.5086907281224,35.7326915172678,35.172769895056,34.5242824059272,34.0520027275863,33.5803207966112,32.8693483564853,31.9716110339106,31.0696288843631,29.904382842496,,,,Taiwan,CO2
GCAM 5.3,SSP2-DACCS-2p6-3pctHR,TWN,Emissions|CO2|Energy|Supply,Mt CO2/yr,,,,128.082659487149,,,129.355440905833,,,,,120.870092857492,,177.269873623358,,,,,190.386097862437,198.362349176303,199.886219071644,173.315968622905,152.136050613461,126.943810714321,104.102268383568,82.5742741167803,56.5177429036708,40.2769233070316,27.6137574500221,18.6478741767684,12.7484867526327,9.59866173829873,8.08904328807004,7.17828970045731,,,,Taiwan,CO2
GCAM 5.3,SSP2-DACCS-2p6-3pctHR,TWN,Emissions|CO2|Energy|Supply|Electricity,Mt CO2/yr,,,,114.100228216019,,,122.256113593773,,,,,116.717634988507,,173.084367551036,,,,,186.277788130748,194.305651866151,196.010987438273,171.604020020544,152.309933284512,127.733272932382,101.477467599486,77.5061524013295,51.3249794513104,35.3877703768845,23.0036919172288,14.3404967979888,8.73248801466599,5.82524862175843,4.49380082776338,3.75436297906723,,,,Taiwan,CO2
GCAM 5.3,SSP2-DACCS-2p6-3pctHR,TWN,Emissions|CO2|Energy|Supply|Gases,Mt CO2/yr,,,,0.0,,,0.0,,,,,2.44136842292723e-08,,0.008498638429951,,,,,0.0235863716228549,0.0404915620521578,0.0646173074533864,0.0223814496409109,0.0220646890018575,0.021995432199241,0.0200574656731077,0.0157500130228911,0.0093332337499921,0.0057629482997177,0.0034516665247657,0.001938949880687,0.0009840522419705,0.0004964921537454,0.000261957347849,0.0001567959834792,,,,Taiwan,CO2
GCAM 5.3,SSP2-DACCS-2p6-3pctHR,TWN,Emissions|CO2|Energy|Supply|Liquids,Mt CO2/yr,,,,13.98243127113,,,7.09932731206,,,,,4.15245784457112,,4.16055734002432,,,,,4.04879930754691,3.95828866013111,3.72723173606478,1.60611219505867,-0.32036866895206,-0.953207317684422,2.47465653778884,4.93665686377279,5.0821025557595,4.79831194076753,4.53723043939985,4.25008538555432,3.9713842808769,3.73915423156934,3.56885975311684,3.40405743783841,,,,Taiwan,CO2
GCAM 5.3,SSP2-DACCS-2p6-3pctHR,TWN,Emissions|CO2|Energy|Supply|Solids,Mt CO2/yr,,,,0.0,,,-1.9596472107427202e-17,,,,,0.0,,-3.66666576109412e-07,,,,,0.0,-1.46666627439771e-06,-4.03332250434565e-06,-4.39998635197206e-06,0.0,0.0,0.0,-1.4299981249854e-06,-6.23331238377875e-07,0.0,-4.03332848195278e-07,0.0,-2.19999781100623e-07,0.0,-6.2333273948021e-08,-1.57666019690561e-07,,,,Taiwan,CO2
GCAM 5.3,SSP2-DACCS-2p6-3pctHR,TWN,Emissions|CO2|Industrial Processes,Mt CO2/yr,,,,17.3701554791049,,,14.3729309399633,,,,,14.4343042663457,,11.5015555128499,,,,,11.4893248819584,11.4866392781487,10.9913564081253,4.15953968073258,0.328068362910515,-3.19263867327214,-4.25548733231594,-3.29399187899953,-3.91349217145608,-4.14317590089199,-4.17925043192884,-4.18419383944474,-4.2233227355426,-4.31621147380772,-4.1735646520167,-4.17389499196226,,,,Taiwan,CO2
GCAM 5.3,SSP2-DACCS-2p6-3pctHR,TWN,Emissions|N2O|AFOLU,Mt CO2e/yr,,,,3.2158926626211843,,,2.9060102211080854,,,,,2.766954791146182,,2.738182603135707,,,,,2.7530216930132276,2.755181264266431,2.760893825888289,1.4355773939466931,1.1862420946917422,1.0420194016669682,0.919023567250698,0.833728590814665,0.784467107852883,0.7737394209586833,0.797442668319843,0.8056982057053019,0.8077099128923343,0.805140536451069,0.803226525867948,0.8006999264592484,,,,Taiwan,N2O
GCAM 5.3,SSP2-noDACCS-2p6-3pctHR,TWN,Carbon Sequestration|CCS|Biomass,Mt CO2/yr,,,,0.0,,,0.0,,,,,0.0,,0.06554178262501,,,,,0.141042632488723,0.176533615048509,0.498471151415555,3.49994876577713,5.37836737917578,5.83993487656979,0.565087937887893,0.130719598961466,0.0670626052856726,0.0470278171362407,0.0413674097763343,0.0343333528520439,0.0257456128250564,0.0159002334308716,0.0080603963009625,0.0039823267386663,,,,Taiwan,
GCAM 5.3,SSP2-noDACCS-2p6-3pctHR,TWN,Emissions|CH4|AFOLU,Mt CO2e/yr,,,,2.892813320376,,,2.620734273898496,,,,,2.7187867512982398,,2.604189041729268,,,,,2.62361418607568,2.63346679632218,2.641138124353764,1.399245593332216,1.3865999896766361,1.347178519188124,1.335456675541548,1.338535331619976,1.35385796145236,1.368736458149312,1.37341392145678,1.3791794097286239,1.383526637784368,1.3874719349698201,1.391561854286912,1.393854916081628,,,,Taiwan,CH4
GCAM 5.3,SSP2-noDACCS-2p6-3pctHR,TWN,Emissions|CO2|AFOLU,Mt CO2/yr,,,,4.25698149000667,,,1.84051380450667,,,,,-0.0493169732146665,,0.159358739891633,,,,,-0.306430530715467,-0.338587218868067,-0.0117218771252,-6.60993427907632,-20.9525772110417,-20.7662400204967,-17.8387238445746,-14.3242216585457,-11.0720198654439,-8.31575642637446,-5.8594752415093,-4.36337473907742,-3.11045342267829,-2.21067787521987,-1.57210153045011,-1.11968032243645,,,,Taiwan,CO2
GCAM 5.3,SSP2-noDACCS-2p6-3pctHR,TWN,Emissions|CO2|Energy and Industrial Processes,Mt CO2/yr,,,,290.215545383229,,,290.931705581668,,,,,286.787757554232,,314.282762856468,,,,,326.250100954102,328.939297890974,325.514235231167,248.272803674035,211.653054219395,174.154019474397,152.949511229685,126.91343692073,99.4923374573751,81.938064981376,66.1221145703453,55.2224215794487,47.1588453182632,41.5732550335553,37.6737317946683,33.8636805312656,,,,Taiwan,CO2
GCAM 5.3,SSP2-noDACCS-2p6-3pctHR,TWN,Emissions|CO2|Energy|Demand,Mt CO2/yr,,,,144.762730416975,,,147.203333735871,,,,,151.483360430394,,125.338144696103,,,,,124.334548924636,118.852454755474,114.24676751841,84.453435339708,76.1537477112597,68.2081281150276,64.1923574366079,58.9964600489959,54.7939174410769,51.2161444992217,47.182324087805,44.238699421127,41.4348577793798,38.7908439962797,36.4275332446851,34.001717052425,,,,Taiwan,CO2
GCAM 5.3,SSP2-noDACCS-2p6-3pctHR,TWN,Emissions|CO2|Energy|Demand|Industry,Mt CO2/yr,,,,83.4121784396527,,,83.8050406390574,,,,,86.5630566568617,,60.2750672570752,,,,,58.6780597238785,53.8749052028389,51.3771753372924,28.3317718651658,24.7058300633774,20.8101956555209,17.4744486892787,14.1057279092065,11.1139889226951,8.49757126900291,6.06994554582743,4.47279976153046,3.26768753092622,2.34317177886876,1.69526032214109,1.22793491987393,,,,Taiwan,CO2
GCAM 5.3,SSP2-noDACCS-2p6-3pctHR,TWN,Emissions|CO2|Energy|Demand|Residential and Commercial,Mt CO2/yr,,,,9.2449365404487,,,8.8519160380529,,,,,8.76536509882808,,11.4914702816217,,,,,12.8601006591395,13.3194946602858,13.4230944074139,12.5419037043941,11.6330891129314,10.5596199732919,9.92660416456507,9.12203237191009,8.57070589946277,8.12825143691744,7.64071097926386,7.21793919433277,6.80912126692099,6.41674023008962,6.059439739545,5.757845546016,,,,Taiwan,CO2
GCAM 5.3,SSP2-noDACCS-2p6-3pctHR,TWN,Emissions|CO2|Energy|Demand|Residential and Commercial|Commercial,Mt CO2/yr,,,,4.1019337395697,,,3.9897065960339,,,,,4.17104935057287,,4.86101165800135,,,,,5.22987514550085,5.25099547174941,5.17808711226991,4.66120486364172,4.25471098391859,3.77584744127559,3.43757991007279,3.04025728656598,2.72640180524997,2.46451958734661,2.20383779529282,2.00880431545083,1.84207714310123,1.69675650190971,1.5774857668769,1.47886749493234,,,,Taiwan,CO2
GCAM 5.3,SSP2-noDACCS-2p6-3pctHR,TWN,Emissions|CO2|Energy|Demand|Residential and Commercial|Residential,Mt CO2/yr,,,,5.143002800879,,,4.862209442019,,,,,4.5943157482552,,6.63045862362035,,,,,7.63022551363869,8.0684991885364,8.24500729514398,7.88069884075243,7.37837812901276,6.78377253201632,6.48902425449228,6.0817750853441,5.8443040942128,5.66373184957083,5.43687318397105,5.20913487888194,4.96704412381976,4.71998372817991,4.4819539726681,4.27897805108366,,,,Taiwan,CO2
GCAM 5.3,SSP2-noDACCS-2p6-3pctHR,TWN,Emissions|CO2|Energy|Demand|Transportation,Mt CO2/yr,,,,52.1056154368737,,,54.5463770587611,,,,,56.1549386747046,,53.5716071574056,,,,,52.7963885416183,51.658054892349,49.4464977737035,43.5797597701481,39.8148285349509,36.8383124862148,36.7913045827642,35.7686997678793,35.109222618919,34.5903217933014,33.4716675627137,32.5479604652638,31.3580489815326,30.0309319873213,28.672833182999,27.015936586535,,,,Taiwan,CO2
GCAM 5.3,SSP2-noDACCS-2p6-3pctHR,TWN,Emissions|CO2|Energy|Supply,Mt CO2/yr,,,,128.082659487149,,,129.355440905833,,,,,120.870092857492,,177.402988933184,,,,,190.347548907135,198.515229545662,200.21868879721,160.092921850118,135.476318804026,109.104393755231,91.1146578796281,70.853403267731,48.3060952204748,34.4815856976381,22.9166388130423,15.4205219997273,10.7873993018594,8.47676295469251,7.40035954052814,6.7542563317515,,,,Taiwan,CO2
GCAM 5.3,SSP2-noDACCS-2p6-3pctHR,TWN,Emissions|CO2|Energy|Supply|Electricity,Mt CO2/yr,,,,114.100228216019,,,122.256113593773,,,,,116.717634988507,,173.346964851431,,,,,186.355003831326,194.575147714317,196.493083655374,158.684404151156,135.890896085942,109.774725637293,86.2019235783297,65.5745056863367,43.084558174524,29.5538806559962,18.3926670613597,11.2468170304594,6.94690274877269,4.90666686695971,4.03704992740415,3.60276783659924,,,,Taiwan,CO2
GCAM 5.3,SSP2-noDACCS-2p6-3pctHR,TWN,Emissions|CO2|Energy|Supply|Gases,Mt CO2/yr,,,,0.0,,,0.0,,,,,2.44136842292723e-08,,0.0085336918604069,,,,,0.0237296886758568,0.0407355616881755,0.064988062330682,0.0158614452696093,0.0149713892005184,0.0140502498880515,0.0116294728367407,0.0083680047616632,0.0043560659218682,0.0022102523997888,0.0012184429946209,0.0006656762645412,0.0003381573088361,0.0001707413810269,8.56950726712331e-05,4.4577628928618e-05,,,,Taiwan,CO2
GCAM 5.3,SSP2-noDACCS-2p6-3pctHR,TWN,Emissions|CO2|Energy|Supply|Liquids,Mt CO2/yr,,,,13.98243127113,,,7.09932731206,,,,,4.15245784457112,,4.03099502171282,,,,,3.93229629966938,3.84034181309107,3.57484723023873,1.31018746066059,-0.55017622610891,-0.818967367471394,4.77797384202351,5.16260180098673,5.12372928994807,4.8480362370688,4.46116755135944,4.12502149471463,3.80310466842335,3.54187763129147,3.34188558362693,3.13543521092563,,,,Taiwan,CO2
GCAM 5.3,SSP2-noDACCS-2p6-3pctHR,TWN,Emissions|CO2|Energy|Supply|Solids,Mt CO2/yr,,,,0.0,,,-1.9596472107427202e-17,,,,,0.0,,-3.66666844915855e-07,,,,,-3.66666263318737e-07,-3.66665388816965e-06,-5.13331408708154e-06,-2.56667314127947e-06,-2.19999749884202e-06,0.0,-3.29999547580807e-06,0.0,0.0,0.0,0.0,0.0,0.0,-7.33332239322943e-08,-1.68665968542473e-07,-4.76666441251516e-08,,,,Taiwan,CO2
GCAM 5.3,SSP2-noDACCS-2p6-3pctHR,TWN,Emissions|CO2|Industrial Processes,Mt CO2/yr,,,,17.3701554791049,,,14.3729309399633,,,,,14.4343042663457,,11.5416292271819,,,,,11.5680031223307,11.5716135898385,11.0487789155474,3.72644648420922,0.0229877041086244,-3.15850239586224,-2.3575040865508,-2.93642639599654,-3.60767520417656,-3.75966521548375,-3.97684833050199,-4.43679984140561,-5.06341176297605,-5.69435191741695,-6.154160990545,-6.89229285291084,,,,Taiwan,CO2
GCAM 5.3,SSP2-noDACCS-2p6-3pctHR,TWN,Emissions|N2O|AFOLU,Mt CO2e/yr,,,,3.2158926626211843,,,2.9060102211080854,,,,,2.766954791146182,,2.731195096516341,,,,,2.746967987822331,2.749234791699669,2.75636819811444,1.1534945301655202,1.117748806818189,0.9766812181954984,0.87278879146641,0.800785778333814,0.757746654341859,0.7455759078353013,0.7626257313999871,0.7665114612082172,0.7676140760496363,0.7678644070346339,0.7678291406999823,0.7677739309643103,,,,Taiwan,N2O
GCAM 5.3,SSP4-DACCS-1p9-3pctHR,TWN,Carbon Sequestration|CCS|Biomass,Mt CO2/yr,,,,0.0,,,0.0,,,,,0.0,,0.001348944789298,,,,,0.0090291674875,0.153222233262626,1.0324047711883,3.52835622875963,6.8563860786411,10.8935584196567,13.9043585953658,16.0806507132105,18.9017402553399,19.5429925296355,21.0790893632807,23.3603617217024,26.085273874155,28.4589963885146,30.8321365199212,33.0227232160655,,,,Taiwan,
GCAM 5.3,SSP4-DACCS-1p9-3pctHR,TWN,Carbon Sequestration|Direct Air Capture,Mt CO2/yr,,,,0.0,,,0.0,,,,,0.0,,0.0,,,,,1.40069337733575e-05,0.0026080320370938,0.0024119694859366,0.0017771876615625,0.0011126570678173,0.0030316428089372,0.006395957914784,0.0143477598369254,0.0340734982663804,0.0149420517877952,0.0119167006001757,0.0110754470147451,0.0121355953568685,0.0131272993937294,0.0147901262375545,0.0168589267601145,,,,Taiwan,
GCAM 5.3,SSP4-DACCS-1p9-3pctHR,TWN,Emissions|CH4|AFOLU,Mt CO2e/yr,,,,2.892813320376,,,2.620734273898496,,,,,2.7187867512982398,,2.606386789336764,,,,,1.48439888045624,1.379492083852932,1.349012208968676,1.339065360140648,1.33903234972682,1.3395197576489681,1.337868543846184,1.332592185295168,1.32642124754426,1.3235033033946921,1.325047302745824,1.325995396839484,1.325765925021272,1.3240223000459561,1.3209014425361438,1.316610812289948,,,,Taiwan,CH4
GCAM 5.3,SSP4-DACCS-1p9-3pctHR,TWN,Emissions|CO2|AFOLU,Mt CO2/yr,,,,4.25698149000667,,,1.84051380450667,,,,,-0.0493169732146665,,-0.2753971124443,,,,,-5.87845095226034,-20.3445857259194,-20.7548645621031,-18.0392762014208,-14.5653511768753,-11.3115036830548,-8.53117704999523,-6.3156691101926,-4.62322283426419,-2.99244893156967,-2.20099409283156,-1.59430237191518,-1.16843463764099,-0.826018864038249,-0.590414883485577,-0.430414556231077,,,,Taiwan,CO2
GCAM 5.3,SSP4-DACCS-1p9-3pctHR,TWN,Emissions|CO2|Energy and Industrial Processes,Mt CO2/yr,,,,290.215545383229,,,290.931705581668,,,,,286.787757554232,,305.979211246086,,,,,296.998097082923,287.47578728333,273.775556518778,247.273971586621,204.55465044373,153.814868949752,112.160589532651,80.480735940262,51.5406946610614,36.646339151327,26.6338503552039,18.9390188182438,11.7981379777633,5.75632199714489,0.352151296785096,-4.9517631115952,,,,Taiwan,CO2
GCAM 5.3,SSP4-DACCS-1p9-3pctHR,TWN,Emissions|CO2|Energy|Demand,Mt CO2/yr,,,,144.762730416975,,,147.203333735871,,,,,151.483360430394,,123.157248758183,,,,,107.91796536202,99.8900967620032,95.5457388800599,88.0379655346332,77.5258642498424,67.8191457565178,60.6972738330561,55.4227266890527,51.664827897181,48.3279514558511,45.9125805733604,43.8171558700618,41.5315215675024,39.1802122448167,36.8453897183134,34.4033603784171,,,,Taiwan,CO2
GCAM 5.3,SSP4-DACCS-1p9-3pctHR,TWN,Emissions|CO2|Energy|Demand|Industry,Mt CO2/yr,,,,83.4121784396527,,,83.8050406390574,,,,,86.5630566568617,,59.8472776754236,,,,,45.8027204835521,37.2468587155165,33.7847540826654,29.3217112422399,23.5989579864424,18.7225175564722,15.0176893282979,12.0548166357956,9.60528418894862,7.33246662075303,5.68561282300704,4.45388960974034,3.47235701338977,2.68156425875502,2.06325619742501,1.57007200089178,,,,Taiwan,CO2
GCAM 5.3,SSP4-DACCS-1p9-3pctHR,TWN,Emissions|CO2|Energy|Demand|Residential and Commercial,Mt CO2/yr,,,,9.2449365404487,,,8.8519160380529,,,,,8.76536509882808,,10.8266032532536,,,,,11.5282853095509,11.6421272975849,11.5236210862836,10.8701596603334,9.73014536537688,8.574883301392,7.63799291855524,6.93433002467478,6.48567233812911,6.16224837800946,5.89525815334911,5.62788674135556,5.33884783782115,5.04575652693913,4.75420986187873,4.50804558424961,,,,Taiwan,CO2
GCAM 5.3,SSP4-DACCS-1p9-3pctHR,TWN,Emissions|CO2|Energy|Demand|Residential and Commercial|Commercial,Mt CO2/yr,,,,4.1019337395697,,,3.9897065960339,,,,,4.17104935057287,,4.60074478753018,,,,,4.62668063644692,4.47814556002124,4.32914285368169,3.96691327616069,3.4221680354157,2.91295732935878,2.5184243835542,2.21584781221163,1.99686495781689,1.81701775675333,1.68379018080241,1.56817490050652,1.45793942329123,1.35497399635953,1.26050652614798,1.18014736108758,,,,Taiwan,CO2
GCAM 5.3,SSP4-DACCS-1p9-3pctHR,TWN,Emissions|CO2|Energy|Demand|Residential and Commercial|Residential,Mt CO2/yr,,,,5.143002800879,,,4.862209442019,,,,,4.5943157482552,,6.22585846572346,,,,,6.90160467310395,7.16398173756369,7.19447823260189,6.90324638417269,6.30797732996118,5.66192597203322,5.11956853500104,4.71848221246314,4.48880738031222,4.34523062125613,4.2114679725467,4.05971184084904,3.88090841452992,3.69078253057959,3.49370333573075,3.32789822316203,,,,Taiwan,CO2
GCAM 5.3,SSP4-DACCS-1p9-3pctHR,TWN,Emissions|CO2|Energy|Demand|Transportation,Mt CO2/yr,,,,52.1056154368737,,,54.5463770587611,,,,,56.1549386747046,,52.4833678295062,,,,,50.5869595689167,51.0011107489017,50.2373637111109,47.8460946320599,44.1967608980231,40.5217448986536,38.0415915862029,36.4335800285823,35.5738713701033,34.8332364570886,34.3317095970042,33.7353795189659,32.7203167162915,31.4528914591225,30.0279236590097,28.3252427932757,,,,Taiwan,CO2
GCAM 5.3,SSP4-DACCS-1p9-3pctHR,TWN,Emissions|CO2|Energy|Supply,Mt CO2/yr,,,,128.082659487149,,,129.355440905833,,,,,120.870092857492,,171.648904075548,,,,,180.421405475253,179.155312532167,170.868995925811,154.897065029641,127.035554105479,90.7453768017679,59.486952812882,35.0248416317412,11.3318770456692,-0.128917741401514,-7.78921622651787,-13.4447951298488,-18.1265395505376,-21.6547836797027,-24.6344586394839,-27.2811339648217,,,,Taiwan,CO2
GCAM 5.3,SSP4-DACCS-1p9-3pctHR,TWN,Emissions|CO2|Energy|Supply|Electricity,Mt CO2/yr,,,,114.100228216019,,,122.256113593773,,,,,116.717634988507,,167.59371582262,,,,,176.500288177781,175.280705798697,167.651451203023,153.746042577765,128.725129129917,95.6693933279233,66.7185630997315,43.5440380552745,21.1291476715734,9.87277789986044,3.24170148315086,-0.752333129287493,-3.50973176698806,-5.43460007229394,-7.1171781843834,-8.51794965014971,,,,Taiwan,CO2
GCAM 5.3,SSP4-DACCS-1p9-3pctHR,TWN,Emissions|CO2|Energy|Supply|Gases,Mt CO2/yr,,,,0.0,,,0.0,,,,,2.44136842292723e-08,,0.0082178349115371,,,,,0.0140690465964114,0.0179287055315747,0.0228427842779037,0.0276202020206885,0.0291600535083754,0.0286304623817324,0.0247801672378329,0.0194724311568798,0.0121959162341068,0.0079426252287628,0.0051677768098527,0.0034559157548662,0.0022424188514305,0.0014142067335998,0.0009026060723687,0.0005622586930271,,,,Taiwan,CO2
GCAM 5.3,SSP4-DACCS-1p9-3pctHR,TWN,Emissions|CO2|Energy|Supply|Liquids,Mt CO2/yr,,,,13.98243127113,,,7.09932731206,,,,,4.15245784457112,,4.03271156734244,,,,,3.88781966328115,3.82512819066358,3.14431329730415,1.05077546961921,-1.80840293429693,-5.02944634576066,-7.3068397133015,-8.56158220269905,-9.81030341875925,-10.0094678707478,-11.0307374697051,-12.6845253453032,-14.6006166405319,-16.1971827648944,-17.487112511946,-18.7284422964403,,,,Taiwan,CO2
GCAM 5.3,SSP4-DACCS-1p9-3pctHR,TWN,Emissions|CO2|Energy|Supply|Solids,Mt CO2/yr,,,,0.0,,,-1.9596472107427202e-17,,,,,0.0,,-2.56666438524105e-06,,,,,0.0,-4.39998762393884e-06,0.0,-4.03332043194546e-06,-3.66665032775178e-06,0.0,0.0,-6.9666663742205e-07,-1.61332991107196e-06,-4.39999667399955e-07,0.0,0.0,0.0,-3.66667569196976e-08,-1.31999431094254e-07,-1.09999495607431e-07,,,,Taiwan,CO2
GCAM 5.3,SSP4-DACCS-1p9-3pctHR,TWN,Emissions|CO2|Industrial Processes,Mt CO2/yr,,,,17.3701554791049,,,14.3729309399633,,,,,14.4343042663457,,11.1730584123543,,,,,8.65872648262899,8.43040818357888,7.3608487182867,4.3389598217102,-0.00675725760577,-4.74962554892474,-8.02358008172307,-9.96670957091803,-11.4557843955468,-11.5525738137582,-11.4894198401725,-11.43325626255,-11.6067517071569,-11.7690080681755,-11.8586708268612,-12.0738683788744,,,,Taiwan,CO2
GCAM 5.3,SSP4-DACCS-1p9-3pctHR,TWN,Emissions|N2O|AFOLU,Mt CO2e/yr,,,,3.2158926626211843,,,2.9060102211080854,,,,,2.766954791146182,,2.737088121094236,,,,,1.440017079683637,1.1868123986529693,1.0326070507735683,0.9260491826217424,0.857668753593288,0.801254571081783,0.7791465625307911,0.755666172880164,0.738921222449865,0.7628887989414482,0.7785978605869983,0.788328309494544,0.790893718900194,0.792867471554886,0.7917159930194971,0.7890755999214242,,,,Taiwan,N2O
GCAM 5.3,SSP4-DACCS-2p6-3pctHR,TWN,Carbon Sequestration|CCS|Biomass,Mt CO2/yr,,,,0.0,,,0.0,,,,,0.0,,0.00134893012263,,,,,0.00426646038786,0.07132836981773,0.726544654049508,2.76187067741246,5.7915844942743,8.2855578546658,10.137447352786,11.1508712860155,12.4624185799137,13.6086085571461,16.3654091804643,20.5708882493472,22.7636795370919,24.4125159247528,26.0650763715522,27.7868266314083,,,,Taiwan,
GCAM 5.3,SSP4-DACCS-2p6-3pctHR,TWN,Carbon Sequestration|Direct Air Capture,Mt CO2/yr,,,,0.0,,,0.0,,,,,0.0,,0.0,,,,,9.2262053720792e-06,0.0021431499948318,0.0023643457149405,0.0018648862695351,0.0012150876104625,0.0006120466923072,0.0011442245040204,0.0019822584802053,0.0036027489275226,0.007031537972564,0.0150659641004556,0.0385056844371844,0.0173371272806127,0.0138324212192414,0.0132785310913154,0.0148862917363585,,,,Taiwan,
GCAM 5.3,SSP4-DACCS-2p6-3pctHR,TWN,Emissions|CH4|AFOLU,Mt CO2e/yr,,,,2.892813320376,,,2.620734273898496,,,,,2.7187867512982398,,2.606421966598352,,,,,1.606956572895044,1.453343544807224,1.39418048577864,1.363912670044036,1.353327071895484,1.348791876358472,1.346986476522988,1.344722481355316,1.3483414218210719,1.352491114808428,1.351788211215512,1.342523981452724,1.3318620941994481,1.3274817919807078,1.323906538081484,1.319169446526148,,,,Taiwan,CH4
GCAM 5.3,SSP4-DACCS-2p6-3pctHR,TWN,Emissions|CO2|AFOLU,Mt CO2/yr,,,,4.25698149000667,,,1.84051380450667,,,,,-0.0493169732146665,,-0.2750309791515,,,,,-5.27837113002834,-19.4703664022663,-20.1315185190207,-17.7011728827861,-14.4555015263527,-11.3592176451159,-8.65742681707479,-6.47086263106602,-4.80022980382503,-3.56032607194974,-2.65510957481348,-1.99022735528022,-1.15631075710204,-0.899512310902475,-0.713637211888432,-0.530952539102801,,,,Taiwan,CO2
GCAM 5.3,SSP4-DACCS-2p6-3pctHR,TWN,Emissions|CO2|Energy and Industrial Processes,Mt CO2/yr,,,,290.215545383229,,,290.931705581668,,,,,286.787757554232,,305.979772765365,,,,,306.685669600114,302.729993242226,294.203698075938,277.459772603607,250.837949076691,219.28825462412,185.489583780327,151.348751482393,111.185763351897,82.7114773500171,57.7970821332423,35.6335146014166,22.2546647465225,12.9297542626227,6.21937538583357,1.06801486690757,,,,Taiwan,CO2
GCAM 5.3,SSP4-DACCS-2p6-3pctHR,TWN,Emissions|CO2|Energy|Demand,Mt CO2/yr,,,,144.762730416975,,,147.203333735871,,,,,151.483360430394,,123.157961320466,,,,,113.764584537858,106.400597852859,102.296560125824,96.2308889479425,86.6485272636293,76.9332809448636,69.6585870344825,64.0441908393589,59.6021568187087,56.1610316780177,52.2295710071541,47.9793318339447,44.4181998717555,41.527231298957,39.1020361466573,37.0312686975086,,,,Taiwan,CO2
GCAM 5.3,SSP4-DACCS-2p6-3pctHR,TWN,Emissions|CO2|Energy|Demand|Industry,Mt CO2/yr,,,,83.4121784396527,,,83.8050406390574,,,,,86.5630566568617,,59.8479758759901,,,,,50.9379305835512,43.0262254737941,39.6170903105018,36.0953043997937,30.8552923545142,25.7230155749942,21.6158137217921,18.1345221184005,15.0789639482321,12.5056120899703,10.2127328425379,8.27371184548067,6.53257375932597,5.17283221347218,4.11423962151957,3.25452881146478,,,,Taiwan,CO2
GCAM 5.3,SSP4-DACCS-2p6-3pctHR,TWN,Emissions|CO2|Energy|Demand|Residential and Commercial,Mt CO2/yr,,,,9.2449365404487,,,8.8519160380529,,,,,8.76536509882808,,10.8266204701003,,,,,11.6159003305569,11.6843598335002,11.5924148700771,11.0993678282163,10.1219654148634,9.04239866925593,8.14331233952213,7.44013530584884,6.95044340091322,6.57048338770088,6.11974341304261,5.61554673255568,5.22576923365315,4.88881753597393,4.5844904158646,4.35975188428162,,,,Taiwan,CO2
GCAM 5.3,SSP4-DACCS-2p6-3pctHR,TWN,Emissions|CO2|Energy|Demand|Residential and Commercial|Commercial,Mt CO2/yr,,,,4.1019337395697,,,3.9897065960339,,,,,4.17104935057287,,4.60075165428876,,,,,4.67538322877723,4.49953446109802,4.36574551143144,4.09669129280308,3.64585906046779,3.1743131352909,2.7975365002582,2.49334936510918,2.25417007059344,2.06500976629652,1.87002730980098,1.67488994520461,1.51790300746423,1.38960793801451,1.28054305789524,1.19569099201824,,,,Taiwan,CO2
GCAM 5.3,SSP4-DACCS-2p6-3pctHR,TWN,Emissions|CO2|Energy|Demand|Residential and Commercial|Residential,Mt CO2/yr,,,,5.143002800879,,,4.862209442019,,,,,4.5943157482552,,6.22586881581155,,,,,6.94051710177971,7.18482537240219,7.22666935864569,7.00267653541325,6.47610635439557,5.86808553396504,5.34577583926393,4.94678594073966,4.69627333031978,4.50547362140437,4.24971610324163,3.94065678735107,3.70786622618892,3.49920959795942,3.30394735796936,3.16406089226338,,,,Taiwan,CO2
GCAM 5.3,SSP4-DACCS-2p6-3pctHR,TWN,Emissions|CO2|Energy|Demand|Transportation,Mt CO2/yr,,,,52.1056154368737,,,54.5463770587611,,,,,56.1549386747046,,52.4833649743754,,,,,51.21075362375,51.690012545565,51.0870549452447,49.0362167199325,45.6712694942517,42.1678667006135,39.8994609731683,38.4695334151096,37.5727494695634,37.0849362003466,35.8970947515735,34.0900732559083,32.6598568787764,31.4655815495109,30.4033061092731,29.4169880017622,,,,Taiwan,CO2
GCAM 5.3,SSP4-DACCS-2p6-3pctHR,TWN,Emissions|CO2|Energy|Supply,Mt CO2/yr,,,,128.082659487149,,,129.355440905833,,,,,120.870092857492,,171.648757755461,,,,,182.732192935082,186.429226316192,183.038541383648,175.083259096722,162.143710375166,144.131336727545,120.537258116367,93.7177992797349,59.5928492745101,35.6288906513241,16.4381207318606,0.794508286204931,-8.01342606324737,-13.8691616723257,-17.9835170086582,-21.2035265875776,,,,Taiwan,CO2
GCAM 5.3,SSP4-DACCS-2p6-3pctHR,TWN,Emissions|CO2|Energy|Supply|Electricity,Mt CO2/yr,,,,114.100228216019,,,122.256113593773,,,,,116.717634988507,,167.593547328765,,,,,178.783741179575,182.527565065185,179.608458191344,173.207367429871,162.622793032277,146.517740594132,124.386720056524,98.4018788791647,65.2594102505374,42.2237492738407,25.3698464031813,13.1860602928618,6.23128827313015,1.50730801327377,-2.02912840303627,-4.83438640072969,,,,Taiwan,CO2
GCAM 5.3,SSP4-DACCS-2p6-3pctHR,TWN,Emissions|CO2|Energy|Supply|Gases,Mt CO2/yr,,,,0.0,,,0.0,,,,,2.44136842292723e-08,,0.008217911560113,,,,,0.018664294988144,0.0281823613300272,0.0386049347694388,0.0501960370417767,0.05719440207041,0.0618303231529201,0.0609334645071917,0.0561089391865886,0.040900514842623,0.0321760361736291,0.0241750597173886,0.0173429384288714,0.0113003192102666,0.0070626238102233,0.0047098065263556,0.0031906869181494,,,,Taiwan,CO2
GCAM 5.3,SSP4-DACCS-2p6-3pctHR,TWN,Emissions|CO2|Energy|Supply|Liquids,Mt CO2/yr,,,,13.98243127113,,,7.09932731206,,,,,4.15245784457112,,4.03273482065522,,,,,3.90297971369752,3.83269960081827,3.33121547682578,1.74046356365341,-0.644351684118942,-2.57301597128413,-4.01790118168998,-4.82976117576782,-5.77717695107777,-6.67326262156178,-8.97694527991152,-12.407514392905,-14.2541961169629,-15.377684490662,-15.9466466333286,-16.3517970680315,,,,Taiwan,CO2
GCAM 5.3,SSP4-DACCS-2p6-3pctHR,TWN,Emissions|CO2|Energy|Supply|Solids,Mt CO2/yr,,,,0.0,,,-1.9596472107427202e-17,,,,,0.0,,-3.66666245381807e-06,,,,,-2.93333023484802e-06,0.0,0.0,-1.0999990849659e-06,-2.56665235462845e-06,0.0,0.0,-1.35666287161389e-06,0.0,-1.5766661126592e-06,-8.43330692755586e-07,-9.89999361772756e-07,0.0,0.0,0.0,0.0,,,,Taiwan,CO2
GCAM 5.3,SSP4-DACCS-2p6-3pctHR,TWN,Emissions|CO2|Industrial Processes,Mt CO2/yr,,,,17.3701554791049,,,14.3729309399633,,,,,14.4343042663457,,11.1730536894378,,,,,10.1888922830496,9.90019385858399,8.86862327923705,6.14564483599693,2.04572381485066,-1.77635747425871,-4.70625114323844,-6.41322142993737,-8.00921245396943,-9.0783879275606,-10.8704917357997,-13.140092821147,-14.149976975935,-14.7282102669079,-14.8990439717207,-14.7596174172587,,,,Taiwan,CO2
GCAM 5.3,SSP4-DACCS-2p6-3pctHR,TWN,Emissions|N2O|AFOLU,Mt CO2e/yr,,,,3.2158926626211843,,,2.9060102211080854,,,,,2.766954791146182,,2.737110503415834,,,,,1.627553487972867,1.358487314523339,1.184626652340768,1.056948267178713,0.974152930559445,0.905171488271778,0.8794444661197623,0.8539165114487279,0.831902264874135,0.809872973203749,0.78604072282827,0.7628431975456083,0.7813961702915523,0.793513867750695,0.798195630249108,0.795832166646699,,,,Taiwan,N2O
GCAM 5.3,SSP4-highcostDACCS-2p6-3pctHR,TWN,Carbon Sequestration|CCS|Biomass,Mt CO2/yr,,,,0.0,,,0.0,,,,,0.0,,0.001348945,,,,,0.008548211,0.144230744,1.001517916,3.460874666,6.691306864,10.6148845,13.54868756,15.6532214,18.81321264,22.08324233,28.30468715,37.31892096,44.25450093,49.02324858,52.95760953,56.37574033,,,,Taiwan,
GCAM 5.3,SSP4-highcostDACCS-2p6-3pctHR,TWN,Carbon Sequestration|Direct Air Capture,Mt CO2/yr,,,,0.0,,,0.0,,,,,0.0,,0.0,,,,,1.17e-07,1.59e-07,1.32e-07,8.22e-08,3.73e-08,1.03e-07,2.16e-07,4.9e-07,1.22e-06,3.37e-06,1.09e-05,5.69e-05,8.29e-05,1.97e-05,1.43e-05,1.35e-05,,,,Taiwan,
GCAM 5.3,SSP4-highcostDACCS-2p6-3pctHR,TWN,Emissions|CH4|AFOLU,Mt CO2e/yr,,,,2.892813308,,,2.620734284,,,,,2.718786756,,2.606389128,,,,,1.492195012,1.383291588,1.3512763319999999,1.340417092,1.34002638,1.339566256,1.3382470359999998,1.333545752,1.33012264,1.333737048,1.3443074400000001,1.357478528,1.3566975239999999,1.3527431399999998,1.347797164,1.3418454,,,,Taiwan,CH4
GCAM 5.3,SSP4-highcostDACCS-2p6-3pctHR,TWN,Emissions|CO2|AFOLU,Mt CO2/yr,,,,4.25698149,,,1.840513805,,,,,-0.049316973,,-0.275396358,,,,,-5.837767461,-20.28851073,-20.71560376,-18.01882877,-14.5597236,-11.31604677,-8.540816621,-6.327242517,-4.650004035,-3.412297147,-2.512267087,-1.863288724,-1.2788386,-0.859719086,-0.620612987,-0.473339944,,,,Taiwan,CO2
GCAM 5.3,SSP4-highcostDACCS-2p6-3pctHR,TWN,Emissions|CO2|Energy and Industrial Processes,Mt CO2/yr,,,,290.2155454,,,290.9317056,,,,,286.7877576,,305.9792021,,,,,297.8419672,288.8410473,275.6563565,250.1589095,209.1190138,159.5911196,118.0296199,86.51171602,56.27730482,37.66350403,18.92909054,-1.428186188,-17.52935046,-28.35284133,-35.34634313,-39.6782868,,,,Taiwan,CO2
GCAM 5.3,SSP4-highcostDACCS-2p6-3pctHR,TWN,Emissions|CO2|Energy|Demand,Mt CO2/yr,,,,144.7627304,,,147.2033337,,,,,151.4833604,,123.1572454,,,,,108.4028755,100.3564702,96.02871975,88.62970025,78.19742567,68.54997568,61.44529556,56.2092662,52.50939385,49.56943347,45.94804453,41.70194612,37.30507908,33.96295735,31.75315787,30.4337193,,,,Taiwan,CO2
GCAM 5.3,SSP4-highcostDACCS-2p6-3pctHR,TWN,Emissions|CO2|Energy|Demand|Industry,Mt CO2/yr,,,,83.41217844,,,83.80504064,,,,,86.56305666,,59.84727759,,,,,46.22811845,37.65246487,34.18861446,29.79683149,24.11465082,19.25666223,15.54324268,12.58225265,10.17406381,8.182273641,6.485741761,5.128658907,3.830522669,2.870623247,2.193898253,1.701725915,,,,Taiwan,CO2
GCAM 5.3,SSP4-highcostDACCS-2p6-3pctHR,TWN,Emissions|CO2|Energy|Demand|Residential and Commercial,Mt CO2/yr,,,,9.24493654,,,8.851916038,,,,,8.765365099,,10.82659964,,,,,11.53641317,11.64612908,11.53102588,10.89251394,9.768743377,8.627995122,7.697703781,7.001773502,6.549966102,6.201266512,5.758461683,5.210771906,4.710736338,4.31556808,4.025704089,3.874023039,,,,Taiwan,CO2
GCAM 5.3,SSP4-highcostDACCS-2p6-3pctHR,TWN,Emissions|CO2|Energy|Demand|Residential and Commercial|Commercial,Mt CO2/yr,,,,4.10193374,,,3.989706596,,,,,4.171049351,,4.600741142,,,,,4.631307007,4.480318308,4.333359826,3.980335397,3.445561066,2.94537385,2.555379611,2.258337615,2.04270868,1.870412158,1.687823363,1.493221036,1.314110623,1.177312368,1.080372274,1.023986233,,,,Taiwan,CO2
GCAM 5.3,SSP4-highcostDACCS-2p6-3pctHR,TWN,Emissions|CO2|Energy|Demand|Residential and Commercial|Residential,Mt CO2/yr,,,,5.143002801,,,4.862209442,,,,,4.594315748,,6.225858495,,,,,6.905106162,7.165810777,7.197666051,6.912178546,6.323182311,5.682621272,5.14232417,4.743435887,4.507257422,4.330854354,4.07063832,3.71755087,3.396625715,3.138255712,2.945331815,2.850036806,,,,Taiwan,CO2
GCAM 5.3,SSP4-highcostDACCS-2p6-3pctHR,TWN,Emissions|CO2|Energy|Demand|Transportation,Mt CO2/yr,,,,52.10561544,,,54.54637706,,,,,56.15493867,,52.48336819,,,,,50.63834392,51.05787627,50.30907941,47.94035482,44.31403147,40.66531833,38.20434911,36.62524004,35.78536393,35.18589332,33.70384109,31.36251531,28.76382008,26.77676603,25.53355552,24.85797035,,,,Taiwan,CO2
GCAM 5.3,SSP4-highcostDACCS-2p6-3pctHR,TWN,Emissions|CO2|Energy|Supply,Mt CO2/yr,,,,128.0826595,,,129.3554409,,,,,120.8700929,,171.6488982,,,,,180.6673538,179.9452436,172.1538657,157.0584346,130.7472407,95.59202148,64.42145419,40.11137394,15.22702962,0.417795427,-13.03677384,-26.57687983,-36.37438694,-42.78179449,-47.48832675,-51.32946639,,,,Taiwan,CO2
GCAM 5.3,SSP4-highcostDACCS-2p6-3pctHR,TWN,Emissions|CO2|Energy|Supply|Electricity,Mt CO2/yr,,,,114.1002282,,,122.2561136,,,,,116.717635,,167.5937109,,,,,176.7440521,176.0687478,168.9186828,155.8546032,132.2951328,100.2950593,71.40745266,48.40448864,25.03500841,11.66284031,1.96740403,-5.575071695,-10.92637509,-14.54918314,-17.41792745,-20.1521222,,,,Taiwan,CO2
GCAM 5.3,SSP4-highcostDACCS-2p6-3pctHR,TWN,Emissions|CO2|Energy|Supply|Gases,Mt CO2/yr,,,,0.0,,,0.0,,,,,2.44e-08,,0.008217783,,,,,0.014421981,0.018538343,0.023655466,0.028595956,0.02984439,0.02829397,0.023516738,0.016918121,0.009718822,0.00591513,0.003552897,0.002165367,0.00136919,0.000865124,0.000537665,0.000316114,,,,Taiwan,CO2
GCAM 5.3,SSP4-highcostDACCS-2p6-3pctHR,TWN,Emissions|CO2|Energy|Supply|Liquids,Mt CO2/yr,,,,13.98243127,,,7.099327312,,,,,4.152457845,,4.032710617,,,,,3.889004022,3.825575341,3.160287811,1.101346501,-1.670574258,-4.813454331,-7.065878673,-8.338840219,-9.819044886,-11.22277785,-14.9483168,-20.90060996,-25.35876113,-28.15387744,-29.99062381,-31.09036199,,,,Taiwan,CO2
GCAM 5.3,SSP4-highcostDACCS-2p6-3pctHR,TWN,Emissions|CO2|Energy|Supply|Solids,Mt CO2/yr,,,,0.0,,,-1.96e-17,,,,,0.0,,-2.57e-06,,,,,-4.77e-06,-2.93e-06,0.0,0.0,0.0,-2.57e-06,0.0,0.0,0.0,-1.06e-06,0.0,0.0,-3.67e-08,0.0,0.0,0.0,,,,Taiwan,CO2
GCAM 5.3,SSP4-highcostDACCS-2p6-3pctHR,TWN,Emissions|CO2|Industrial Processes,Mt CO2/yr,,,,17.37015548,,,14.37293094,,,,,14.43430427,,11.17305849,,,,,8.771737892,8.539333468,7.473771041,4.47077473,0.17434747,-4.550877533,-7.837129867,-9.808924108,-11.45911862,-12.3237248,-13.98217994,-16.55325136,-18.46004092,-19.53400383,-19.61117396,-18.78253945,,,,Taiwan,CO2
GCAM 5.3,SSP4-highcostDACCS-2p6-3pctHR,TWN,Emissions|N2O|AFOLU,Mt CO2e/yr,,,,3.2158926618,,,2.90601021984,,,,,2.76695479242,,2.73708780345,,,,,1.4531010972660001,1.198203962046,1.042494629631,0.9344875803899999,0.865167582552,0.80757113619,0.7853202575399999,0.761797795941,0.7393447121969999,0.7220166954,0.7097815258169999,0.699076700868,0.707429891259,0.716732507127,0.722487006969,0.7238573168189999,,,,Taiwan,N2O
GCAM 5.3,SSP4-medcostDACCS-2p6-3pctHR,TWN,Carbon Sequestration|CCS|Biomass,Mt CO2/yr,,,,0.0,,,0.0,,,,,0.0,,0.001348945,,,,,0.006733357,0.110282959,0.879502363,3.177632633,6.207770726,9.569514501,12.01777129,13.60697715,15.94482272,18.37180315,23.30839964,29.93992193,33.61207119,35.8418818,37.89807862,39.90755816,,,,Taiwan,
GCAM 5.3,SSP4-medcostDACCS-2p6-3pctHR,TWN,Carbon Sequestration|Direct Air Capture,Mt CO2/yr,,,,0.0,,,0.0,,,,,0.0,,0.0,,,,,1.95e-06,8.25e-05,8.56e-05,6.7e-05,3.61e-05,6.75e-05,0.000132458,0.000273316,0.000612083,0.002076705,0.005503089,0.015426392,0.01260111,0.012887481,0.013167728,0.013258193,,,,Taiwan,
GCAM 5.3,SSP4-medcostDACCS-2p6-3pctHR,TWN,Emissions|CH4|AFOLU,Mt CO2e/yr,,,,2.892813308,,,2.620734284,,,,,2.718786756,,2.606386888,,,,,1.529083556,1.4045773559999999,1.362280892,1.3469055879999998,1.34447894,1.343433924,1.340376296,1.338758372,1.340577868,1.336559,1.33810348,1.345604484,1.342813696,1.338829996,1.33373268,1.327198124,,,,Taiwan,CH4
GCAM 5.3,SSP4-medcostDACCS-2p6-3pctHR,TWN,Emissions|CO2|AFOLU,Mt CO2/yr,,,,4.25698149,,,1.840513805,,,,,-0.049316973,,-0.275368609,,,,,-5.649752209,-20.02359133,-20.52848208,-17.91939612,-14.52988513,-11.33364325,-8.581484226,-6.37598892,-4.700356606,-3.461472734,-2.559253086,-1.895248635,-1.116246072,-0.812811042,-0.619010141,-0.466185527,,,,Taiwan,CO2
GCAM 5.3,SSP4-medcostDACCS-2p6-3pctHR,TWN,Emissions|CO2|Energy and Industrial Processes,Mt CO2/yr,,,,290.2155454,,,290.9317056,,,,,286.7877576,,305.9793921,,,,,301.2147159,294.388897,283.2142129,261.586982,226.9399997,182.967031,141.5771793,107.1856992,72.66785914,50.77962137,30.71874637,11.49121637,-0.600319428,-8.276474227,-13.60956549,-17.43096981,,,,Taiwan,CO2
GCAM 5.3,SSP4-medcostDACCS-2p6-3pctHR,TWN,Emissions|CO2|Energy|Demand,Mt CO2/yr,,,,144.7627304,,,147.2033337,,,,,151.4833604,,123.1577447,,,,,110.3499502,102.491874,98.23402041,91.29733325,81.12541811,71.37995443,64.19224626,58.87187937,54.82048816,51.40762855,47.66027472,43.5157507,39.91122371,37.16490958,34.97960438,33.2661102,,,,Taiwan,CO2
GCAM 5.3,SSP4-medcostDACCS-2p6-3pctHR,TWN,Emissions|CO2|Energy|Demand|Industry,Mt CO2/yr,,,,83.41217844,,,83.80504064,,,,,86.56305666,,59.84758568,,,,,47.92196518,39.53424536,36.07527601,31.98440674,26.42916111,21.43696988,17.56250009,14.41884926,11.72688094,9.441784404,7.557249241,5.983667704,4.558608825,3.509783101,2.724285485,2.109619292,,,,Taiwan,CO2
GCAM 5.3,SSP4-medcostDACCS-2p6-3pctHR,TWN,Emissions|CO2|Energy|Demand|Residential and Commercial,Mt CO2/yr,,,,9.24493654,,,8.851916038,,,,,8.765365099,,10.82668807,,,,,11.57106718,11.66152009,11.5562045,10.97445296,9.903043525,8.778487454,7.856162021,7.162445424,6.689420436,6.306623711,5.856599558,5.343758358,4.94267086,4.611793558,4.329764192,4.147181392,,,,Taiwan,CO2
GCAM 5.3,SSP4-medcostDACCS-2p6-3pctHR,TWN,Emissions|CO2|Energy|Demand|Residential and Commercial|Commercial,Mt CO2/yr,,,,4.10193374,,,3.989706596,,,,,4.171049351,,4.600798449,,,,,4.65109114,4.48828357,4.346838485,4.02742124,3.523243442,3.030754504,2.643621355,2.346549197,2.117728332,1.928749579,1.741256754,1.549836093,1.394193054,1.272881054,1.175425829,1.107397289,,,,Taiwan,CO2
GCAM 5.3,SSP4-medcostDACCS-2p6-3pctHR,TWN,Emissions|CO2|Energy|Demand|Residential and Commercial|Residential,Mt CO2/yr,,,,5.143002801,,,4.862209442,,,,,4.594315748,,6.225889617,,,,,6.919976037,7.17323652,7.209366011,6.947031717,6.379800083,5.747732951,5.212540666,4.815896228,4.571692104,4.377874132,4.115342804,3.793922265,3.548477806,3.338912504,3.154338363,3.039784102,,,,Taiwan,CO2
GCAM 5.3,SSP4-medcostDACCS-2p6-3pctHR,TWN,Emissions|CO2|Energy|Demand|Transportation,Mt CO2/yr,,,,52.10561544,,,54.54637706,,,,,56.15493867,,52.48347091,,,,,50.85691781,51.29610855,50.6025399,48.33847355,44.79321348,41.16449709,38.77358415,37.29058469,36.40418678,35.65922044,34.24642592,32.18832464,30.40994403,29.04333292,27.9255547,27.00930951,,,,Taiwan,CO2
GCAM 5.3,SSP4-medcostDACCS-2p6-3pctHR,TWN,Emissions|CO2|Energy|Supply,Mt CO2/yr,,,,128.0826595,,,129.3554409,,,,,120.8700929,,171.6486529,,,,,181.5985035,182.8746947,177.0068987,165.2219422,144.9153383,115.1530278,84.12431744,56.96329528,28.19008685,10.79398645,-3.716283165,-16.56464236,-24.06165846,-28.53145185,-31.70708256,-34.33432439,,,,Taiwan,CO2
GCAM 5.3,SSP4-medcostDACCS-2p6-3pctHR,TWN,Emissions|CO2|Energy|Supply|Electricity,Mt CO2/yr,,,,114.1002282,,,122.2561136,,,,,116.717635,,167.5934138,,,,,177.6653054,178.989406,173.6952282,163.773662,145.9793648,118.9390604,89.88234471,63.86009975,36.43322762,20.37506928,9.155125605,0.906895669,-4.079125309,-7.0430158,-9.292209934,-11.13580011,,,,Taiwan,CO2
GCAM 5.3,SSP4-medcostDACCS-2p6-3pctHR,TWN,Emissions|CO2|Energy|Supply|Gases,Mt CO2/yr,,,,0.0,,,0.0,,,,,2.44e-08,,0.008217997,,,,,0.0158777,0.02173925,0.028460046,0.035310777,0.03810395,0.038038375,0.033973112,0.026424006,0.016514974,0.010864999,0.00697237,0.004587115,0.002969427,0.00187313,0.00117549,0.000726512,,,,Taiwan,CO2
GCAM 5.3,SSP4-medcostDACCS-2p6-3pctHR,TWN,Emissions|CO2|Energy|Supply|Liquids,Mt CO2/yr,,,,13.98243127,,,7.099327312,,,,,4.152457845,,4.03276229,,,,,3.894789345,3.827749199,3.228425351,1.33442614,-1.203227307,-3.924125484,-5.869627984,-6.976584212,-8.286902204,-9.592370679,-12.85296417,-17.42813835,-19.95138829,-21.45947053,-22.38172077,-23.16068583,,,,Taiwan,CO2
GCAM 5.3,SSP4-medcostDACCS-2p6-3pctHR,TWN,Emissions|CO2|Energy|Supply|Solids,Mt CO2/yr,,,,0.0,,,-1.96e-17,,,,,0.0,,-2.57e-06,,,,,0.0,-2.93e-06,0.0,0.0,-1.83e-06,0.0,0.0,-1.58e-06,-1.1e-07,0.0,0.0,0.0,-3.67e-08,-1.47e-07,0.0,0.0,,,,Taiwan,CO2
GCAM 5.3,SSP4-medcostDACCS-2p6-3pctHR,TWN,Emissions|CO2|Industrial Processes,Mt CO2/yr,,,,17.37015548,,,14.37293094,,,,,14.43430427,,11.17299457,,,,,9.266262279,9.022328958,7.9732945,5.067707128,0.899243505,-3.565950896,-6.739383661,-8.649474058,-10.34271276,-11.42198623,-13.22522518,-15.45981525,-16.44986466,-16.90991902,-16.88207647,-16.36274542,,,,Taiwan,CO2
GCAM 5.3,SSP4-medcostDACCS-2p6-3pctHR,TWN,Emissions|N2O|AFOLU,Mt CO2e/yr,,,,3.2158926618,,,2.90601021984,,,,,2.76695479242,,2.7370903778400004,,,,,1.512759891279,1.251868104396,1.08870624681,0.9742304803140001,0.9006418615740001,0.839437148823,0.8154349301280001,0.7922441255820001,0.771201407067,0.747544895097,0.728890107309,0.720554789955,0.7402088197139999,0.7534290352679999,0.759990638862,0.762331354512,,,,Taiwan,N2O
GCAM 5.3,SSP4-noDACCS-1p9-3pctHR,TWN,Carbon Sequestration|CCS|Biomass,Mt CO2/yr,,,,0.0,,,0.0,,,,,0.0,,0.00134526345563,,,,,2.17331694757425,3.08496854045166,4.26540545109743,9.08431954918049,17.1088115886797,25.9630106769401,33.5524904068928,39.534469700709,44.9944086737338,49.0338159509526,53.3136214300257,56.1609158455373,56.6661028264634,57.028969455118,57.8186588342746,59.5303798864489,,,,Taiwan,
GCAM 5.3,SSP4-noDACCS-1p9-3pctHR,TWN,Emissions|CH4|AFOLU,Mt CO2e/yr,,,,2.892813320376,,,2.620734273898496,,,,,2.7187867512982398,,2.60643321949318,,,,,1.376028294532976,1.31902610793394,1.311316916492464,1.313671000183388,1.313604556823916,1.318927433446168,1.325893238288752,1.335997516062944,1.344422885674316,1.348341213492476,1.350632447799152,1.350930184435916,1.348929582465836,1.345995333674404,1.3429253265669079,1.339959617063256,,,,Taiwan,CH4
GCAM 5.3,SSP4-noDACCS-1p9-3pctHR,TWN,Emissions|CO2|AFOLU,Mt CO2/yr,,,,4.25698149000667,,,1.84051380450667,,,,,-0.0493169732146665,,-0.310350592293867,,,,,-6.55948648479299,-21.2191140374492,-21.3475189248471,-18.3288003778304,-14.623982363166,-11.2191519884313,-8.36895028800384,-6.1327475686293,-4.38682462047793,-3.04787095395087,-2.13262925782251,-1.47001029886478,-0.98978074249157,-0.708643804960481,-0.525272074393119,-0.379360170907984,,,,Taiwan,CO2
GCAM 5.3,SSP4-noDACCS-1p9-3pctHR,TWN,Emissions|CO2|Energy and Industrial Processes,Mt CO2/yr,,,,290.215545383229,,,290.931705581668,,,,,286.787845355526,,305.815982016989,,,,,271.313262636134,254.399425026412,229.388985669591,180.949711776672,122.269902634942,74.7308802033876,41.5693519084056,17.4093955836482,-1.73396319396477,-9.73653605630632,-16.3422270430559,-23.388572014821,-29.9643258626381,-35.8491610341215,-40.9323551293442,-45.3639444608257,,,,Taiwan,CO2
GCAM 5.3,SSP4-noDACCS-1p9-3pctHR,TWN,Emissions|CO2|Energy|Demand,Mt CO2/yr,,,,144.762730416975,,,147.203333735871,,,,,151.483448231688,,122.752122342143,,,,,97.578214618554,92.5882720252195,87.809395135702,79.0565500509752,68.3254049858128,58.7979700000925,51.9266028162398,47.0478592422608,43.7580306984374,42.466090239795,40.9486700259458,38.1444491209502,34.3386933569231,30.8910605266406,27.9890211486448,25.7516492460129,,,,Taiwan,CO2
GCAM 5.3,SSP4-noDACCS-1p9-3pctHR,TWN,Emissions|CO2|Energy|Demand|Industry,Mt CO2/yr,,,,83.4121784396527,,,83.8050406390574,,,,,86.5630566568617,,59.6272319346913,,,,,36.7651908323225,31.2684653886483,27.5366931012709,22.2087480924112,16.6168736868125,12.4139216319238,9.51600139858282,7.34745660409832,5.57025311321478,4.27375794083202,3.23578185325948,2.3697236834031,1.6670136714418,1.18489964037689,0.85650695255031,0.636771959755399,,,,Taiwan,CO2
GCAM 5.3,SSP4-noDACCS-1p9-3pctHR,TWN,Emissions|CO2|Energy|Demand|Residential and Commercial,Mt CO2/yr,,,,9.2449365404487,,,8.8519160380529,,,,,8.76537367232297,,10.7627904403568,,,,,11.3388051106321,11.5253675981234,11.3615729431769,10.5224333158685,9.26681139019769,8.05728528279337,7.10100705911232,6.40657111309376,5.99964251839252,5.86062877790014,5.69768337312473,5.37535093549708,4.94586081398353,4.53890678556873,4.18797470368832,3.96821342329498,,,,Taiwan,CO2
GCAM 5.3,SSP4-noDACCS-1p9-3pctHR,TWN,Emissions|CO2|Energy|Demand|Residential and Commercial|Commercial,Mt CO2/yr,,,,4.1019337395697,,,3.9897065960339,,,,,4.17105344632133,,4.55939680416241,,,,,4.5164073689435,4.41081892698225,4.22772029055066,3.74597543946184,3.13849690819023,2.61586103552503,2.22982750455931,1.9464107218727,1.75112907561103,1.64890836146708,1.55553559652684,1.43249819612585,1.29301356374607,1.17060537228024,1.07101995237366,1.00751652795403,,,,Taiwan,CO2
GCAM 5.3,SSP4-noDACCS-1p9-3pctHR,TWN,Emissions|CO2|Energy|Demand|Residential and Commercial|Residential,Mt CO2/yr,,,,5.143002800879,,,4.862209442019,,,,,4.59432022600164,,6.2033936361944,,,,,6.82239774168857,7.11454867114115,7.13385265262628,6.77645787640662,6.12831448200745,5.44142424726834,4.87117955455301,4.46016039122106,4.24851344278149,4.21172041643306,4.1421477765979,3.94285273937122,3.65284725023745,3.36830141328849,3.11695475131466,2.96069689534095,,,,Taiwan,CO2
GCAM 5.3,SSP4-noDACCS-1p9-3pctHR,TWN,Emissions|CO2|Energy|Demand|Transportation,Mt CO2/yr,,,,52.1056154368737,,,54.5463770587611,,,,,56.1550179025036,,52.3620999670952,,,,,49.4742186755995,49.7944390384477,48.9111290912541,46.3253686426956,42.4417199088026,38.3267630853754,35.3095943585447,33.2938315250687,32.1881350668301,32.3317035210629,32.0152047995616,30.39937450205,27.7258188714978,25.167254100695,22.9445394924062,21.1466638629625,,,,Taiwan,CO2
GCAM 5.3,SSP4-noDACCS-1p9-3pctHR,TWN,Emissions|CO2|Energy|Supply,Mt CO2/yr,,,,128.082659487149,,,129.355440905833,,,,,120.870092857492,,171.855110644224,,,,,166.854825758871,154.833569612444,135.546138355526,99.7909899047014,57.1432681827448,24.1370414499902,1.29336237324175,-16.0860537764017,-30.9796193772789,-38.7828668320659,-44.8038112181986,-48.6768206497388,-50.0373338206637,-51.0967546161601,-52.4230633917103,-54.6116229836465,,,,Taiwan,CO2
GCAM 5.3,SSP4-noDACCS-1p9-3pctHR,TWN,Emissions|CO2|Energy|Supply|Electricity,Mt CO2/yr,,,,114.100228216019,,,122.256113593773,,,,,116.717634988507,,167.837651795065,,,,,162.990532747264,151.023923893683,132.548980692591,99.9935523328611,62.7723351606094,35.4864883361824,16.7838549481009,1.7565762903816,-11.1891738777554,-17.7924653734008,-21.8919589429605,-23.7923973036082,-23.1188878500566,-22.8645198679516,-23.9322535078289,-27.0276495714494,,,,Taiwan,CO2
GCAM 5.3,SSP4-noDACCS-1p9-3pctHR,TWN,Emissions|CO2|Energy|Supply|Gases,Mt CO2/yr,,,,0.0,,,0.0,,,,,2.44136842292723e-08,,0.0082525115524673,,,,,0.007452314839184,0.0092910148159425,0.0102908507497988,0.0106095212242814,0.0086855523657034,0.0058533578645661,0.0034186974634536,0.001841217341258,0.0009689348799507,0.0005593807634336,0.0003503040809751,0.0002200089244491,0.0001328941524636,7.6126644620999e-05,4.17512298724673e-05,2.16130701726908e-05,,,,Taiwan,CO2
GCAM 5.3,SSP4-noDACCS-1p9-3pctHR,TWN,Emissions|CO2|Energy|Supply|Liquids,Mt CO2/yr,,,,13.98243127113,,,7.09932731206,,,,,4.15245784457112,,3.99493500177701,,,,,3.8515616558407,3.7801314262422,2.94167881951608,-0.239945781091989,-5.63810220145251,-11.3275078756856,-15.4359753572804,-17.7336957468995,-19.6820308186676,-20.8870799936234,-22.8105919319024,-24.7896166356927,-26.8363821604185,-28.1534529094459,-28.4049184344608,-27.4810286721447,,,,Taiwan,CO2
GCAM 5.3,SSP4-noDACCS-1p9-3pctHR,TWN,Emissions|CO2|Energy|Supply|Solids,Mt CO2/yr,,,,0.0,,,-1.9596472107427202e-17,,,,,0.0,,-3.29998570455604e-06,,,,,0.0,0.0,-4.39998820752556e-06,0.0,0.0,0.0,-2.56666546984787e-07,0.0,0.0,0.0,0.0,-1.13666415956592e-07,-1.42999549430309e-07,0.0,0.0,-1.09999846033918e-08,,,,Taiwan,CO2
GCAM 5.3,SSP4-noDACCS-1p9-3pctHR,TWN,Emissions|CO2|Industrial Processes,Mt CO2/yr,,,,17.3701554791049,,,14.3729309399633,,,,,14.4343042663457,,11.2087490306216,,,,,6.88022225870893,6.97758338874857,6.03345217836301,2.10217182099579,-3.19877053361596,-8.20413124669512,-11.650613281076,-13.5524098822109,-14.5123745151233,-13.4197594640354,-12.4870858508031,-12.8562004860324,-14.2656853988975,-15.643466944602,-16.4983128862787,-16.5039707231921,,,,Taiwan,CO2
GCAM 5.3,SSP4-noDACCS-1p9-3pctHR,TWN,Emissions|N2O|AFOLU,Mt CO2e/yr,,,,3.2158926626211843,,,2.9060102211080854,,,,,2.766954791146182,,2.733278778467055,,,,,1.215333397924464,0.9943415366208842,0.8706320885368444,0.789798738967875,0.7348889744526302,0.6946584315674641,0.6830208946759352,0.673455029672061,0.6828303069183933,0.6943102082973392,0.704390426299014,0.713588539474902,0.72247300823607,0.7278480618691984,0.7284129915931024,0.723781040185203,,,,Taiwan,N2O
GCAM 5.3,SSP4-noDACCS-2p6-3pctHR,TWN,Carbon Sequestration|CCS|Biomass,Mt CO2/yr,,,,0.0,,,0.0,,,,,0.0,,0.001345241455628,,,,,0.502906779718794,0.853590811932491,1.80866508842408,4.24750128113644,7.40291402599212,11.3445626993238,14.3530999914938,16.6136039736608,20.1019584384506,23.6738563855019,30.2330431391249,39.6742514140831,46.6672669504784,51.7534225491895,56.1793483455464,60.0433193861497,,,,Taiwan,
GCAM 5.3,SSP4-noDACCS-2p6-3pctHR,TWN,Emissions|CH4|AFOLU,Mt CO2e/yr,,,,2.892813320376,,,2.620734273898496,,,,,2.7187867512982398,,2.606470285630848,,,,,1.492762447585556,1.38380132015076,1.351760634303828,1.340859032071216,1.340456011221516,1.3398080160081118,1.3383731406122281,1.333648458006228,1.330283545229212,1.333703086242828,1.344247444457932,1.35740942050882,1.3571358023349,1.353178755617416,1.348307942014964,1.3422771573796202,,,,Taiwan,CH4
GCAM 5.3,SSP4-noDACCS-2p6-3pctHR,TWN,Emissions|CO2|AFOLU,Mt CO2/yr,,,,4.25698149000667,,,1.84051380450667,,,,,-0.0493169732146665,,-0.3098683900829,,,,,-5.83581043975231,-20.2850155451398,-20.7119083017836,-18.0154210199194,-14.5566035351445,-11.3132289765656,-8.53829098094019,-6.32511289371475,-4.64813739125475,-3.41019496818077,-2.51050425560892,-1.86193249048071,-1.29725004677327,-0.862119055945188,-0.623151723507894,-0.471154780953403,,,,Taiwan,CO2
GCAM 5.3,SSP4-noDACCS-2p6-3pctHR,TWN,Emissions|CO2|Energy and Industrial Processes,Mt CO2/yr,,,,290.215545383229,,,290.931705581668,,,,,286.787757554232,,305.816533115608,,,,,296.732224044458,288.505769698416,276.05590665328,252.504034013128,215.223325508086,169.222194942222,128.315313188226,95.6461964126385,62.8263077397311,41.9283827142982,21.0782085578509,-1.16845815479311,-18.3079213177217,-30.1466200168196,-37.9648411310096,-42.9169041758318,,,,Taiwan,CO2
GCAM 5.3,SSP4-noDACCS-2p6-3pctHR,TWN,Emissions|CO2|Energy|Demand,Mt CO2/yr,,,,144.762730416975,,,147.203333735871,,,,,151.483360430394,,122.752440863555,,,,,108.222893797584,100.299008824591,96.288384800178,89.6093942364401,79.785532230329,70.3177968126036,63.1684608501037,57.8039696292523,53.9666519402347,50.7571523778872,46.8536994878701,42.328400773737,37.7395141694719,34.2201940026842,31.9231031276969,30.5422285382727,,,,Taiwan,CO2
GCAM 5.3,SSP4-noDACCS-2p6-3pctHR,TWN,Emissions|CO2|Energy|Demand|Industry,Mt CO2/yr,,,,83.4121784396527,,,83.8050406390574,,,,,86.5630566568617,,59.6279324812188,,,,,46.0478887421338,37.5890897018692,34.3981153186875,30.6105305525231,25.4317939407992,20.7165688571989,16.9406014207461,13.8491257912304,11.3258394925685,9.14229624199889,7.2568129077391,5.73236050619677,4.29692716916921,3.21581663138516,2.46121208051397,1.90894210828157,,,,Taiwan,CO2
GCAM 5.3,SSP4-noDACCS-2p6-3pctHR,TWN,Emissions|CO2|Energy|Demand|Residential and Commercial,Mt CO2/yr,,,,9.2449365404487,,,8.8519160380529,,,,,8.76536509882808,,10.7626801657668,,,,,11.5247081676652,11.6402910091983,11.5518270534144,10.9809925150528,9.91809646288132,8.79528356109345,7.85887702735968,7.14775984631486,6.68110471658562,6.30518467867758,5.83355151982756,5.2574419139405,4.7347177295426,4.32229167014391,4.02269973553128,3.86408569822143,,,,Taiwan,CO2
GCAM 5.3,SSP4-noDACCS-2p6-3pctHR,TWN,Emissions|CO2|Energy|Demand|Residential and Commercial|Commercial,Mt CO2/yr,,,,4.1019337395697,,,3.9897065960339,,,,,4.17104935057287,,4.55932825505489,,,,,4.6227272534003,4.47574884088536,4.34600871838673,4.03646802409596,3.54104595445528,3.05252854394969,2.65810058216812,2.3510491551033,2.12618515906622,1.93807763275577,1.7397306606515,1.53055998488205,1.33951861660731,1.19314501201064,1.09046285409787,1.02976124958189,,,,Taiwan,CO2
GCAM 5.3,SSP4-noDACCS-2p6-3pctHR,TWN,Emissions|CO2|Energy|Demand|Residential and Commercial|Residential,Mt CO2/yr,,,,5.143002800879,,,4.862209442019,,,,,4.5943157482552,,6.20335191071191,,,,,6.90198091426492,7.16454216831289,7.2058183350277,6.94452449095688,6.37705050842604,5.74275501714376,5.20077644519156,4.79671069121156,4.5549195575194,4.36710704592181,4.09382085917606,3.72688192905845,3.3951991129353,3.12914665813327,2.93223688143341,2.83432444863954,,,,Taiwan,CO2
GCAM 5.3,SSP4-noDACCS-2p6-3pctHR,TWN,Emissions|CO2|Energy|Demand|Transportation,Mt CO2/yr,,,,52.1056154368737,,,54.5463770587611,,,,,56.1549386747046,,52.3618282165689,,,,,50.6502968877854,51.0696281135235,50.3384424280761,48.0178711688641,44.4356418266485,40.8059443943113,38.3689824019979,36.807083991707,35.9597077310806,35.3096714572107,33.7633350603034,31.3385983535997,28.7078692707601,26.6820857011551,25.4391913116517,24.7692007317698,,,,Taiwan,CO2
GCAM 5.3,SSP4-noDACCS-2p6-3pctHR,TWN,Emissions|CO2|Energy|Supply,Mt CO2/yr,,,,128.082659487149,,,129.355440905833,,,,,120.870092857492,,171.855264612898,,,,,179.57762825825,179.477543624582,172.094466905733,158.234601137415,135.160011304601,103.298889230699,72.7743976281087,47.4093160101923,20.0676267719123,3.28534872114273,-11.9327977296573,-26.9950004944917,-37.5714911705023,-44.7720378016443,-50.2000509130395,-54.5883429978375,,,,Taiwan,CO2
GCAM 5.3,SSP4-noDACCS-2p6-3pctHR,TWN,Emissions|CO2|Energy|Supply|Electricity,Mt CO2/yr,,,,114.100228216019,,,122.256113593773,,,,,116.717634988507,,167.837803147288,,,,,175.677131182933,175.625639972472,168.942526193647,157.159402495668,136.919996474483,108.195215233035,79.9372093916482,55.8626582044094,30.0146730658919,14.6370148245364,3.19048789143581,-5.77080929416108,-11.7897937496897,-16.1597668573678,-19.7283063980905,-22.9638592616217,,,,Taiwan,CO2
GCAM 5.3,SSP4-noDACCS-2p6-3pctHR,TWN,Emissions|CO2|Energy|Supply|Gases,Mt CO2/yr,,,,0.0,,,0.0,,,,,2.44136842292723e-08,,0.008252604895224,,,,,0.0144931018692975,0.0186573297477124,0.0238331582818927,0.028903547287346,0.0304706806601046,0.0294640987672364,0.0251914473783619,0.0187582699250364,0.0111260601893519,0.0069271440322174,0.0041724238657753,0.0025123587283496,0.0015685022121051,0.0009790197896244,0.0006021103664138,0.0003542257614822,,,,Taiwan,CO2
GCAM 5.3,SSP4-noDACCS-2p6-3pctHR,TWN,Emissions|CO2|Energy|Supply|Liquids,Mt CO2/yr,,,,13.98243127113,,,7.09932731206,,,,,4.15245784457112,,3.99493500695939,,,,,3.86458161432394,3.79740572320783,3.07182114317383,0.966624770395867,-1.88821233897242,-5.01474462145504,-7.25044028488174,-8.50500271127728,-9.96086856049003,-11.3281407338645,-15.0615875123929,-21.110514053868,-25.6775703493131,-28.5199807781752,-30.3773316405199,-31.5218518959964,,,,Taiwan,CO2
GCAM 5.3,SSP4-noDACCS-2p6-3pctHR,TWN,Emissions|CO2|Energy|Supply|Solids,Mt CO2/yr,,,,0.0,,,-1.9596472107427202e-17,,,,,0.0,,-7.33332011694044e-07,,,,,0.0,0.0,0.0,0.0,0.0,0.0,0.0,0.0,-3.66665818776032e-07,0.0,0.0,0.0,-7.33331777141631e-08,-4.39998651225571e-07,-5.49996387251428e-07,0.0,,,,Taiwan,CO2
GCAM 5.3,SSP4-noDACCS-2p6-3pctHR,TWN,Emissions|CO2|Industrial Processes,Mt CO2/yr,,,,17.3701554791049,,,14.3729309399633,,,,,14.4343042663457,,11.2088276391557,,,,,8.93170198862413,8.72921724924363,7.67305494736861,4.66003863927272,0.277781973156012,-4.39449110108033,-7.6275452899868,-9.56708922680615,-11.2079709724159,-12.1141183847317,-13.8426932003619,-16.5018584340384,-18.4759443166912,-19.5947762178595,-19.6878933456671,-18.8707897162671,,,,Taiwan,CO2
GCAM 5.3,SSP4-noDACCS-2p6-3pctHR,TWN,Emissions|N2O|AFOLU,Mt CO2e/yr,,,,3.2158926626211843,,,2.9060102211080854,,,,,2.766954791146182,,2.733312918737583,,,,,1.453346939203068,1.1986231937111222,1.0429365329974474,0.934935645278544,0.8656500338320381,0.8080043058957843,0.7857280925200979,0.762199705088913,0.7397673427500719,0.7223081658095913,0.7100355003694679,0.6993165682470213,0.7066339648905783,0.7157842222658373,0.7213915435299273,0.7228592715784412,,,,Taiwan,N2O
GCAM 5.3,SSP5-DACCS-1p9-3pctHR,TWN,Carbon Sequestration|CCS|Biomass,Mt CO2/yr,,,,0.0,,,0.0,,,,,0.0,,0.001279545782989,,,,,0.0434289899147563,0.185596027105698,0.72814682949516,5.33237303796114,9.20025677635357,14.1463201565957,17.8795950831509,20.7784205341805,23.8521167972074,26.7785315938451,30.4651694751606,35.4088617608205,40.6975145647737,45.342858180411,49.3703234972108,52.8490223594895,,,,Taiwan,
GCAM 5.3,SSP5-DACCS-1p9-3pctHR,TWN,Carbon Sequestration|Direct Air Capture,Mt CO2/yr,,,,0.0,,,0.0,,,,,0.0,,0.0,,,,,7.437896342839e-06,0.0014669129433557,0.0015682855425714,0.0061733893945505,0.0027093101463009,0.0077712117731404,0.0187234374838589,0.0569329497423889,0.063369968061239,0.192773183243696,0.280926705121492,0.400774882984261,0.551550976273903,0.710290771744449,0.852507073889303,0.956394514342881,,,,Taiwan,
GCAM 5.3,SSP5-DACCS-1p9-3pctHR,TWN,Emissions|CH4|AFOLU,Mt CO2e/yr,,,,2.892813320376,,,2.620734273898496,,,,,2.7187867512982398,,2.59848161754776,,,,,2.619940495451412,2.63458997210864,2.6484986924186003,1.452246924345896,1.40984739695562,1.401620161117596,1.399721062637912,1.410405483136916,1.429948757734896,1.44494222678624,1.4576356098730159,1.469340269675488,1.479643029843188,1.489269125713516,1.49750684682368,1.502494121220708,,,,Taiwan,CH4
GCAM 5.3,SSP5-DACCS-1p9-3pctHR,TWN,Emissions|CO2|AFOLU,Mt CO2/yr,,,,4.25698149000667,,,1.84051380450667,,,,,-0.0493169732146665,,-0.270483494407133,,,,,-0.435201350860833,-0.524921807880434,-0.147823235385137,-6.34651012833198,-21.1800532935567,-21.258642182415,-18.2153070689473,-14.5012559218861,-11.0529535449942,-8.17665718584661,-5.93382541841837,-4.2629914605505,-3.04695334559829,-2.17215181849819,-1.54763380424854,-1.10351156509443,,,,Taiwan,CO2
GCAM 5.3,SSP5-DACCS-1p9-3pctHR,TWN,Emissions|CO2|Energy and Industrial Processes,Mt CO2/yr,,,,290.215545383229,,,290.931705581668,,,,,286.787958781484,,320.063746679705,,,,,340.561541318352,353.016824644794,358.027684886751,295.529354439548,263.192716426225,219.234000477442,174.822699749701,136.297935239007,97.9349238797604,75.1117922168706,56.1888660219287,39.1287150300403,23.6270797817714,11.1788921288171,0.936469788637767,-8.41775426184709,,,,Taiwan,CO2
GCAM 5.3,SSP5-DACCS-1p9-3pctHR,TWN,Emissions|CO2|Energy|Demand,Mt CO2/yr,,,,144.762730416975,,,147.203333735871,,,,,151.483458791676,,125.133380402507,,,,,126.522535822912,124.5407541932,123.487773596895,97.2206882899454,90.1475515728651,81.8159017256503,74.9349629474913,69.6520372566635,66.9829312258256,64.7702897196687,62.2947089027487,59.3901376343326,55.9521395938363,52.3144175612635,48.7207997502131,45.0870648763431,,,,Taiwan,CO2
GCAM 5.3,SSP5-DACCS-1p9-3pctHR,TWN,Emissions|CO2|Energy|Demand|Industry,Mt CO2/yr,,,,83.4121784396527,,,83.8050406390574,,,,,86.563067216849,,60.6350327254243,,,,,59.8874366509872,55.9170883369546,53.8983086139489,32.080542835091,28.3037866875204,23.9681905803884,19.8512072337376,16.2528984614976,13.3194003140476,10.7511926076014,8.46033511851427,6.56219916416126,5.01444954149766,3.73819698049031,2.78709023191423,2.06141533834816,,,,Taiwan,CO2
GCAM 5.3,SSP5-DACCS-1p9-3pctHR,TWN,Emissions|CO2|Energy|Demand|Residential and Commercial,Mt CO2/yr,,,,9.2449365404487,,,8.8519160380529,,,,,8.76537367232297,,12.4664639658717,,,,,14.7991249368809,16.0095891011598,16.5765102646518,15.9497159632036,15.0813925551452,13.8043017175655,12.6267268837855,11.6874715097682,11.1460708997174,10.6759933087282,10.172399251935,9.60736154919836,9.00998526263846,8.40624277892001,7.82095479067314,7.32780952932691,,,,Taiwan,CO2
GCAM 5.3,SSP5-DACCS-1p9-3pctHR,TWN,Emissions|CO2|Energy|Demand|Residential and Commercial|Commercial,Mt CO2/yr,,,,4.1019337395697,,,3.9897065960339,,,,,4.17105344632133,,5.28062348322125,,,,,5.98049554103045,6.21960744241057,6.26505646278242,5.82019038193662,5.40136151547827,4.81473170809355,4.27309917473225,3.82858418916713,3.51852230646016,3.24617581163863,2.97989874361218,2.72318111161472,2.48486916367863,2.26317255173938,2.06752845787032,1.90427865930132,,,,Taiwan,CO2
GCAM 5.3,SSP5-DACCS-1p9-3pctHR,TWN,Emissions|CO2|Energy|Demand|Residential and Commercial|Residential,Mt CO2/yr,,,,5.143002800879,,,4.862209442019,,,,,4.59432022600164,,7.18584048265046,,,,,8.81862939585048,9.78998165874924,10.3114538018694,10.1295255812669,9.68003103966692,8.98957000947192,8.35362770905327,7.85888732060111,7.6275485932572,7.42981749708954,7.19250050832283,6.88418043758364,6.52511609895983,6.14307022718064,5.75342633280282,5.42353087002558,,,,Taiwan,CO2
GCAM 5.3,SSP5-DACCS-1p9-3pctHR,TWN,Emissions|CO2|Energy|Demand|Transportation,Mt CO2/yr,,,,52.1056154368737,,,54.5463770587611,,,,,56.1550179025036,,52.0318837112111,,,,,51.8359742350434,52.6140767550859,53.0129547182946,49.1904294916509,46.7623723301995,44.0434094276964,42.4570288299683,41.7116672853977,42.5174600120606,43.3431038033391,43.6619745322995,43.220576920973,41.9277047897002,40.1699778018532,38.1127547276257,35.6978400086681,,,,Taiwan,CO2
GCAM 5.3,SSP5-DACCS-1p9-3pctHR,TWN,Emissions|CO2|Energy|Supply,Mt CO2/yr,,,,128.082659487149,,,129.355440905833,,,,,120.87010296531,,183.760158287299,,,,,202.7900892017,217.243391282469,224.014949573879,195.616144070547,173.772879928617,142.165577580984,107.078431863246,75.0693650964328,39.243919206134,18.1040215280384,1.09718098771717,-13.0604378979138,-24.5277702533324,-32.4551182870576,-38.1132304277669,-42.6591241194396,,,,Taiwan,CO2
GCAM 5.3,SSP5-DACCS-1p9-3pctHR,TWN,Emissions|CO2|Energy|Supply|Electricity,Mt CO2/yr,,,,114.100228216019,,,122.256113593773,,,,,116.717645095953,,179.571683318119,,,,,198.632673173953,213.101922956071,220.066516759301,194.670924074904,175.798355749032,147.481527166932,114.432423432646,83.4099198542363,47.9526586532374,26.5975568076001,10.0075624534591,-2.40512605098119,-11.587623255783,-17.5512141075138,-21.686570818301,-24.7957938600742,,,,Taiwan,CO2
GCAM 5.3,SSP5-DACCS-1p9-3pctHR,TWN,Emissions|CO2|Energy|Supply|Gases,Mt CO2/yr,,,,0.0,,,0.0,,,,,2.44136842292723e-08,,0.0078897254550755,,,,,0.0206762178754682,0.0349190466001469,0.0529186341397699,0.0152325751401164,0.0145128069879937,0.0143725617830198,0.0124043372574203,0.0084462665375597,0.0043214767199672,0.002210519012931,0.0011841595384271,0.0006322164722243,0.0002687156867339,0.0001051981838123,3.92166966781254e-05,1.3091140126796e-05,,,,Taiwan,CO2
GCAM 5.3,SSP5-DACCS-1p9-3pctHR,TWN,Emissions|CO2|Energy|Supply|Liquids,Mt CO2/yr,,,,13.98243127113,,,7.09932731206,,,,,4.15245784494358,,4.16617539070476,,,,,4.10466084386757,4.05224853186247,3.8135052378886,0.883705637751354,-2.13473455522447,-5.41238996659814,-7.42639401355788,-8.38912234945917,-8.74700969783836,-8.50745035233474,-8.89778695654788,-10.6173716570669,-12.8843655574249,-14.8380276421436,-16.3557392105915,-17.788814081084,,,,Taiwan,CO2
GCAM 5.3,SSP5-DACCS-1p9-3pctHR,TWN,Emissions|CO2|Energy|Supply|Solids,Mt CO2/yr,,,,0.0,,,-1.9596472107427202e-17,,,,,0.0,,-4.03332059214214e-06,,,,,-1.46666507234823e-06,-3.66665216636753e-06,-2.5666607426925e-06,-1.46667157316838e-06,0.0,-1.099996499674e-06,-6.59998673459257e-07,-1.31999614258756e-06,-4.03333252419223e-07,0.0,-2.20000396171882e-07,-7.33331389275599e-08,0.0,0.0,0.0,-1.57665845769976e-07,,,,Taiwan,CO2
GCAM 5.3,SSP5-DACCS-1p9-3pctHR,TWN,Emissions|CO2|Industrial Processes,Mt CO2/yr,,,,17.3701554791049,,,14.3729309399633,,,,,14.4343970244988,,11.170207989899,,,,,11.2489164199065,11.2326964169177,10.5249798188565,2.69259406120121,-0.727685054007518,-4.74739263092143,-7.19048874226899,-8.42290099507005,-8.29137930650364,-7.76034335709188,-7.19985832830862,-7.19647997227409,-7.79108849389744,-8.67240351034179,-9.66152956762798,-10.8350283633318,,,,Taiwan,CO2
GCAM 5.3,SSP5-DACCS-1p9-3pctHR,TWN,Emissions|N2O|AFOLU,Mt CO2e/yr,,,,3.2158926626211843,,,2.9060102211080854,,,,,2.766954791146182,,2.736393909306603,,,,,2.758447717384632,2.7788630041637012,2.8073421339867535,1.288451778579693,1.056272016787533,0.928376863553139,0.83634108498486,0.7805093499670741,0.7661426739499259,0.768928606421976,0.7702848689974593,0.771020100990867,0.7716541475713953,0.773383281360963,0.7749286500645662,0.7757260896981932,,,,Taiwan,N2O
GCAM 5.3,SSP5-DACCS-2p6-3pctHR,TWN,Carbon Sequestration|CCS|Biomass,Mt CO2/yr,,,,0.0,,,0.0,,,,,0.0,,0.001279545782989,,,,,0.002548366565003,0.161047383907337,0.734593518681223,3.70653225359078,6.95806220161772,10.0375790308404,12.3491710685851,14.0746590378477,16.9738894689474,19.7352689860485,23.970200919509,29.7999167588498,35.200127710478,40.478335478515,45.5942276622627,49.787269735115,,,,Taiwan,
GCAM 5.3,SSP5-DACCS-2p6-3pctHR,TWN,Carbon Sequestration|Direct Air Capture,Mt CO2/yr,,,,0.0,,,0.0,,,,,0.0,,0.0,,,,,7.8071927764114e-06,0.0016812892128444,0.0017981826301378,0.0045179413107219,0.0020878449231374,0.0021969014997183,0.0042681723546823,0.009122810496013,0.0213692757082629,0.0633749886046954,0.240521611159149,0.585575248183689,0.797464855263465,0.94644503381845,1.02651150505272,1.06614873853707,,,,Taiwan,
GCAM 5.3,SSP5-DACCS-2p6-3pctHR,TWN,Emissions|CH4|AFOLU,Mt CO2e/yr,,,,2.892813320376,,,2.620734273898496,,,,,2.7187867512982398,,2.59848161754776,,,,,2.6199455411373442,2.634572461848264,2.648478268223452,1.505200924273704,1.43798629246412,1.420627845766388,1.422695565145764,1.4269624509502319,1.434714454479768,1.4436489851546,1.460540447297904,1.4808456678580602,1.488940868999444,1.497441705486664,1.50412093609428,1.508476031727952,,,,Taiwan,CH4
GCAM 5.3,SSP5-DACCS-2p6-3pctHR,TWN,Emissions|CO2|AFOLU,Mt CO2/yr,,,,4.25698149000667,,,1.84051380450667,,,,,-0.0493169732146665,,-0.270483494447466,,,,,-0.435264406577367,-0.5238414030113,-0.15377288670018,-6.01040057976968,-20.7614417333437,-20.9768611312407,-18.0800259432129,-14.4818336056779,-11.1503262168071,-8.35262373879193,-6.14498505090474,-4.48559232165832,-3.23302365679022,-2.30270750249257,-1.63297449063804,-1.15816558780245,,,,Taiwan,CO2
GCAM 5.3,SSP5-DACCS-2p6-3pctHR,TWN,Emissions|CO2|Energy and Industrial Processes,Mt CO2/yr,,,,290.215545383229,,,290.931705581668,,,,,286.787958781112,,320.063750346372,,,,,341.595108311046,353.28423774664,357.991449175313,321.372895782189,298.378878345386,269.581343570308,236.446601510791,200.501115064778,154.310683247215,120.542198651928,91.0428636136922,64.3003144744203,43.2757285051209,26.3662714174128,13.199863648996,3.04055492572253,,,,Taiwan,CO2
GCAM 5.3,SSP5-DACCS-2p6-3pctHR,TWN,Emissions|CO2|Energy|Demand,Mt CO2/yr,,,,144.762730416975,,,147.203333735871,,,,,151.483458791676,,125.133380402507,,,,,126.924763257582,124.744833306873,123.606878353437,103.971912662582,97.2647979099162,89.6710530976788,83.239413131628,78.068196841796,74.6752034186196,71.7111879085812,68.2610602147401,64.2669494768787,60.4033097573145,56.8882755408918,53.8360522192375,50.8981995021589,,,,Taiwan,CO2
GCAM 5.3,SSP5-DACCS-2p6-3pctHR,TWN,Emissions|CO2|Energy|Demand|Industry,Mt CO2/yr,,,,83.4121784396527,,,83.8050406390574,,,,,86.563067216849,,60.6350327254243,,,,,60.2797036757664,56.1730529565058,54.0590039830883,37.3680003236285,33.4784260027545,29.3770398835525,25.406160831364,21.7513603117231,18.6926603073343,15.752516365201,12.9371341259129,10.4012362970031,8.18784002751832,6.30734661544697,4.88262539509903,3.76306911977162,,,,Taiwan,CO2
GCAM 5.3,SSP5-DACCS-2p6-3pctHR,TWN,Emissions|CO2|Energy|Demand|Residential and Commercial,Mt CO2/yr,,,,9.2449365404487,,,8.8519160380529,,,,,8.76537367232297,,12.4664639658717,,,,,14.8180203072047,16.0128877056134,16.5803668686453,16.2504095240211,15.5247537510792,14.4263101155703,13.3663450229274,12.4667362635172,11.8173664154089,11.2263784390078,10.5714948607756,9.8400609904738,9.17934816230235,8.58662166005193,8.06987537100355,7.67050643661733,,,,Taiwan,CO2
GCAM 5.3,SSP5-DACCS-2p6-3pctHR,TWN,Emissions|CO2|Energy|Demand|Residential and Commercial|Commercial,Mt CO2/yr,,,,4.1019337395697,,,3.9897065960339,,,,,4.17105344632133,,5.28062348322125,,,,,5.99359666596792,6.22462515582369,6.27018402644435,5.98593370794714,5.64295815308977,5.15302527037595,4.68159104525959,4.26497396325709,3.93313681986425,3.61925991890675,3.29739321112932,2.97277684643504,2.68866919680355,2.44108391930553,2.23900059752934,2.07910312745859,,,,Taiwan,CO2
GCAM 5.3,SSP5-DACCS-2p6-3pctHR,TWN,Emissions|CO2|Energy|Demand|Residential and Commercial|Residential,Mt CO2/yr,,,,5.143002800879,,,4.862209442019,,,,,4.59432022600164,,7.18584048265046,,,,,8.8244236412368,9.78826254978966,10.3101828422009,10.2644758160739,9.8817955979894,9.27328484519433,8.68475397766785,8.20176230026009,7.88422959554469,7.6071185201011,7.27410164964627,6.86728414403876,6.4906789654988,6.1455377407464,5.83087477347422,5.59140330915874,,,,Taiwan,CO2
GCAM 5.3,SSP5-DACCS-2p6-3pctHR,TWN,Emissions|CO2|Energy|Demand|Transportation,Mt CO2/yr,,,,52.1056154368737,,,54.5463770587611,,,,,56.1550179025036,,52.0318837112111,,,,,51.8270392746105,52.5588926447539,52.9675075017033,50.3535028149321,48.2616181560826,45.8677030985561,44.4669072773366,43.8501002665557,44.1651766958764,44.7322931043723,44.7524312280515,44.0256521894017,43.0361215674938,41.9943072653928,40.8835514531349,39.4646239457699,,,,Taiwan,CO2
GCAM 5.3,SSP5-DACCS-2p6-3pctHR,TWN,Emissions|CO2|Energy|Supply,Mt CO2/yr,,,,128.082659487149,,,129.355440905833,,,,,120.870102964937,,183.760161953966,,,,,203.459560753962,217.437387504961,223.972445650862,213.207163877899,200.214156082281,182.360592851608,158.09023717552,128.695626389018,86.7642973152869,56.1486718025928,30.5047872927511,8.77783261826823,-7.72021750996206,-20.7356345098819,-30.7547947265292,-37.8328960454938,,,,Taiwan,CO2
GCAM 5.3,SSP5-DACCS-2p6-3pctHR,TWN,Emissions|CO2|Energy|Supply|Electricity,Mt CO2/yr,,,,114.100228216019,,,122.256113593773,,,,,116.717645095953,,179.571686984786,,,,,199.291985220877,213.296193270286,220.045018713165,211.411865240423,200.818929098582,185.170455250622,162.41130391385,133.855811388705,92.6416818595515,62.2917084103488,37.7302630893897,18.3860052288502,4.04525905095811,-7.20078692489677,-15.8594899677098,-21.9489653462347,,,,Taiwan,CO2
GCAM 5.3,SSP5-DACCS-2p6-3pctHR,TWN,Emissions|CO2|Energy|Supply|Gases,Mt CO2/yr,,,,0.0,,,0.0,,,,,2.44136842292723e-08,,0.0078897254550755,,,,,0.0205975920627514,0.0347748542525958,0.052730313351617,0.0251495064546282,0.024090245674107,0.0239279858988381,0.0215052008103212,0.0165920611175266,0.0103686878384144,0.0068442187824305,0.0040834623616581,0.0021970144208038,0.0009532035427185,0.0003690364852539,0.0001404023852629,4.77385409630748e-05,,,,Taiwan,CO2
GCAM 5.3,SSP5-DACCS-2p6-3pctHR,TWN,Emissions|CO2|Energy|Supply|Liquids,Mt CO2/yr,,,,13.98243127113,,,7.09932731206,,,,,4.15245784457112,,4.16617539070476,,,,,4.11525309949588,4.05366129222706,3.7942570352293,1.7001571118185,-0.744613951644121,-2.96973718289488,-4.45592257073453,-5.26571907175762,-5.95573952171963,-6.18899389248994,-7.236506321753,-9.58608598993821,-11.7335932008924,-13.4920121341124,-14.8401284375333,-15.8197519908057,,,,Taiwan,CO2
GCAM 5.3,SSP5-DACCS-2p6-3pctHR,TWN,Emissions|CO2|Energy|Supply|Solids,Mt CO2/yr,,,,0.0,,,-1.9596472107427202e-17,,,,,0.0,,-4.03332059214214e-06,,,,,-3.66666565029281e-07,-7.33332716367806e-07,0.0,-1.83333218124374e-06,-3.66664557097391e-06,0.0,-1.46666706960864e-06,0.0,0.0,-2.56666178762241e-07,-2.56666263523723e-07,0.0,0.0,0.0,-3.29999330663631e-07,-4.3999815197226e-07,,,,Taiwan,CO2
GCAM 5.3,SSP5-DACCS-2p6-3pctHR,TWN,Emissions|CO2|Industrial Processes,Mt CO2/yr,,,,17.3701554791049,,,14.3729309399633,,,,,14.4343970244988,,11.170207989899,,,,,11.2107844319874,11.1020367976572,10.4121460331063,4.19387200221094,0.899947721393501,-2.4502784470565,-4.88300226201545,-6.2626085347877,-7.12858350430535,-7.31703756684823,-7.72031269919104,-8.73798181955647,-9.39844897285194,-9.77585688480829,-9.86992809662131,-10.0127491163581,,,,Taiwan,CO2
GCAM 5.3,SSP5-DACCS-2p6-3pctHR,TWN,Emissions|N2O|AFOLU,Mt CO2e/yr,,,,3.2158926626211843,,,2.9060102211080854,,,,,2.766954791146182,,2.736393909306603,,,,,2.758628396915937,2.7800947704806642,2.808205639800561,1.407715622670084,1.1596453425440518,1.017591049230483,0.9166497348554882,0.84639693486621,0.792181585506402,0.775720369789365,0.7647617821170599,0.7559953068767189,0.7623733098656194,0.7667694778289911,0.7697424146024313,0.770889342127632,,,,Taiwan,N2O
GCAM 5.3,SSP5-noDACCS-2p6-3pctHR,TWN,Carbon Sequestration|CCS|Biomass,Mt CO2/yr,,,,0.0,,,0.0,,,,,0.0,,0.064024233487051,,,,,0.240461418860127,0.534114537889196,1.14516711610609,9.23290554602164,16.2223991020968,23.958518804047,29.1207560710079,32.6873685982454,37.4328328626512,41.8269882764531,45.9626127640856,49.908247911113,52.3709647979964,53.6491629605962,54.9217370749514,57.443457798752,,,,Taiwan,
GCAM 5.3,SSP5-noDACCS-2p6-3pctHR,TWN,Emissions|CH4|AFOLU,Mt CO2e/yr,,,,2.892813320376,,,2.620734273898496,,,,,2.7187867512982398,,2.598652543476276,,,,,2.6201260859764757,2.634678098658648,2.64857382998768,1.4080971627506278,1.3743301557181,1.378726868112916,1.399172139449504,1.42578352441686,1.462909945294308,1.4910255171678721,1.5196130642960959,1.550689734966848,1.569261403054156,1.582920559942988,1.592250645133064,1.594832048325824,,,,Taiwan,CH4
GCAM 5.3,SSP5-noDACCS-2p6-3pctHR,TWN,Emissions|CO2|AFOLU,Mt CO2/yr,,,,4.25698149000667,,,1.84051380450667,,,,,-0.0493169732146665,,-0.3274418047934,,,,,-0.450051749862,-0.532124247919733,-0.163815517824897,-6.63491671489532,-21.5204023824827,-21.476459147924,-18.3051103278736,-14.4981258068918,-11.0429346972791,-8.19915533231521,-5.97832137540491,-4.32191704273926,-3.10030613324916,-2.19917439945322,-1.5514814780955,-1.09193100483507,,,,Taiwan,CO2
GCAM 5.3,SSP5-noDACCS-2p6-3pctHR,TWN,Emissions|CO2|Energy and Industrial Processes,Mt CO2/yr,,,,290.215545383229,,,290.931705581668,,,,,286.787958781484,,319.836071764447,,,,,340.656089577562,352.899308723126,357.941430226613,255.352864165783,208.315068476587,156.276895532287,116.848881469333,88.1138874446949,57.1872933036263,38.6811466581558,23.3085494540119,9.87962174586682,-1.08612881592888,-9.04370336626071,-16.0542239298374,-24.2754275192761,,,,Taiwan,CO2
GCAM 5.3,SSP5-noDACCS-2p6-3pctHR,TWN,Emissions|CO2|Energy|Demand,Mt CO2/yr,,,,144.762730416975,,,147.203333735871,,,,,151.483458791676,,124.69599487966,,,,,126.469440449213,124.357600238214,123.329453216276,90.9610033680251,83.4092965945557,74.9514116521932,68.3476928561247,63.4808795790534,60.8398084859495,58.8182012302218,56.0467664020194,52.4415758390902,48.4318757490489,44.5914785820908,40.9884881218738,37.4074949861645,,,,Taiwan,CO2
GCAM 5.3,SSP5-noDACCS-2p6-3pctHR,TWN,Emissions|CO2|Energy|Demand|Industry,Mt CO2/yr,,,,83.4121784396527,,,83.8050406390574,,,,,86.563067216849,,60.3955832048482,,,,,59.8182238822908,55.8258485694798,53.8247145805239,27.2875812433656,23.4050613521231,19.0603485411162,15.2558112657526,12.0070263677466,9.39303678959581,7.28477325346088,5.53683350161391,4.1497837091245,3.04655298134882,2.18029966147028,1.56430269478028,1.12047524493026,,,,Taiwan,CO2
GCAM 5.3,SSP5-noDACCS-2p6-3pctHR,TWN,Emissions|CO2|Energy|Demand|Residential and Commercial,Mt CO2/yr,,,,9.2449365404487,,,8.8519160380529,,,,,8.76537367232297,,12.3878668824459,,,,,14.7990382140644,15.9909289601923,16.5589501216359,15.6388659406901,14.6415870191714,13.2805892647415,12.0905976415545,11.1862556840644,10.652004903373,10.217151938998,9.67346481430494,8.99927040137436,8.31080735309446,7.67327777335167,7.08712434105565,6.60262854531811,,,,Taiwan,CO2
GCAM 5.3,SSP5-noDACCS-2p6-3pctHR,TWN,Emissions|CO2|Energy|Demand|Residential and Commercial|Commercial,Mt CO2/yr,,,,4.1019337395697,,,3.9897065960339,,,,,4.17105344632133,,5.22980323618356,,,,,5.97959575630692,6.21128842465204,6.25743291541455,5.64100827008488,5.1519892443023,4.51548486528266,3.96041447819345,3.51684516282987,3.20762550655749,2.95852063670949,2.7066117322669,2.44712622634375,2.20660315827991,1.99638185953661,1.8177346438625,1.67179650139004,,,,Taiwan,CO2
GCAM 5.3,SSP5-noDACCS-2p6-3pctHR,TWN,Emissions|CO2|Energy|Demand|Residential and Commercial|Residential,Mt CO2/yr,,,,5.143002800879,,,4.862209442019,,,,,4.59432022600164,,7.15806364626239,,,,,8.8194424577575,9.77964053554029,10.3015172062214,9.9978576706052,9.48959777486915,8.76510439945884,8.13018316336105,7.66941052123453,7.44437939681551,7.25863130228852,6.96685308203804,6.55214417503061,6.10420419481455,5.67689591381506,5.26938969719315,4.93083204392807,,,,Taiwan,CO2
GCAM 5.3,SSP5-noDACCS-2p6-3pctHR,TWN,Emissions|CO2|Energy|Demand|Transportation,Mt CO2/yr,,,,52.1056154368737,,,54.5463770587611,,,,,56.1550179025036,,51.9125447923662,,,,,51.852178352858,52.5408227085419,52.9457885141164,48.0345561839695,45.3626482232611,42.6104738463355,41.0012839488176,40.2875975272424,40.7947667929807,41.3162760377629,40.8364680861006,39.2925217285914,37.0745154146056,34.7379011472689,32.3370610860378,29.6843911959162,,,,Taiwan,CO2
GCAM 5.3,SSP5-noDACCS-2p6-3pctHR,TWN,Emissions|CO2|Energy|Supply,Mt CO2/yr,,,,128.082659487149,,,129.355440905833,,,,,120.87010296531,,183.927406879721,,,,,202.91123490616,217.365427211438,224.128123912177,162.892807498247,127.490398468891,87.7463184682881,57.0386036121938,33.7589054896075,5.06398038808164,-12.1810466501733,-24.8193420991592,-33.6576145556664,-39.2357665188481,-42.0669142249435,-44.3250255995547,-47.7654395715554,,,,Taiwan,CO2
GCAM 5.3,SSP5-noDACCS-2p6-3pctHR,TWN,Emissions|CO2|Energy|Supply|Electricity,Mt CO2/yr,,,,114.100228216019,,,122.256113593773,,,,,116.717645095953,,179.873459127708,,,,,198.864061347511,213.402825209801,220.436487644663,163.097374895891,132.156871767296,96.7345818926009,68.4174544641284,46.23436985147,18.4600946118192,1.33337553929418,-10.5451658713157,-17.7059964297472,-21.7680467364508,-23.5359404481254,-25.0707203077332,-27.7380529160275,,,,Taiwan,CO2
GCAM 5.3,SSP5-noDACCS-2p6-3pctHR,TWN,Emissions|CO2|Energy|Supply|Gases,Mt CO2/yr,,,,0.0,,,0.0,,,,,2.44136842292723e-08,,0.0079246971314471,,,,,0.0207156617552014,0.0349634835532162,0.0529730342095211,0.0077636418504865,0.0062613296586777,0.0049299002245714,0.0033372304568025,0.0018894055504654,0.0008010746592568,0.0003333950473829,0.0001458308840795,7.24930060940386e-05,3.40278313943822e-05,1.58381254359786e-05,6.46255101325522e-06,2.50958002645096e-06,,,,Taiwan,CO2
GCAM 5.3,SSP5-noDACCS-2p6-3pctHR,TWN,Emissions|CO2|Energy|Supply|Liquids,Mt CO2/yr,,,,13.98243127113,,,7.09932731206,,,,,4.15245784494358,,4.03157887863822,,,,,3.99429693205438,3.87274054022116,3.55569645854304,-0.234822259229239,-4.71023662956534,-9.0201603532964,-11.3996120165049,-12.4817001556817,-13.39103737725,-13.4855778148269,-14.2213991138917,-15.883088643435,-17.3974241529877,-18.461219139699,-19.1824594004631,-19.9455109458244,,,,Taiwan,CO2
GCAM 5.3,SSP5-noDACCS-2p6-3pctHR,TWN,Emissions|CO2|Energy|Supply|Solids,Mt CO2/yr,,,,0.0,,,-1.9596472107427202e-17,,,,,0.0,,0.0,,,,,0.0,0.0,-3.6666639155124e-07,0.0,0.0,0.0,-2.56667169016872e-07,0.0,0.0,0.0,-1.83332993209683e-07,-3.66667344512347e-08,0.0,-1.4299925069369e-07,-4.76666382990257e-08,0.0,,,,Taiwan,CO2
GCAM 5.3,SSP5-noDACCS-2p6-3pctHR,TWN,Emissions|CO2|Industrial Processes,Mt CO2/yr,,,,17.3701554791049,,,14.3729309399633,,,,,14.4343970244988,,11.2126700050656,,,,,11.2754142221893,11.1762812734734,10.48385309816,1.49905329951054,-2.58462658685946,-6.42083458819392,-8.53741499898497,-9.125897623966,-8.71649557040479,-7.95600792189274,-7.91887484884844,-8.90433953755702,-10.2822380461297,-11.568267723408,-12.7176864521564,-13.9174829338852,,,,Taiwan,CO2
GCAM 5.3,SSP5-noDACCS-2p6-3pctHR,TWN,Emissions|N2O|AFOLU,Mt CO2e/yr,,,,3.2158926626211843,,,2.9060102211080854,,,,,2.766954791146182,,2.728918003137141,,,,,2.751865633709283,2.7743194114449454,2.8018111516687108,1.1722176583454582,0.954699395363805,0.847884294020127,0.78143999578008,0.7421712721209149,0.71844041826102,0.716729343065463,0.7158948970992001,0.7164904797755223,0.722135616517497,0.7296425960716594,0.733949690093529,0.735812103432588,,,,Taiwan,N2O
GCAM 5.3,SSP_SSP1,TWN,Carbon Sequestration|CCS|Biomass,Mt CO2/yr,,,,0.0,,,0.0,,,,,0.0,,0.0417396016945089,,,,,0.151768656463816,0.201861894684413,0.219486878753351,0.359115737946882,0.487582304362327,0.341711064867973,0.279192078480762,0.169774277411087,0.112827381985094,0.110986063650518,0.123437195010859,0.0704878927629637,0.0013261014833093,0.0002104899675221,0.0001329842781414,0.0001405328231277,,,,Taiwan,
GCAM 5.3,SSP_SSP1,TWN,Emissions|CH4|AFOLU,Mt CO2e/yr,,,,2.892967930776,,,2.620619048298496,,,,,2.7185975720982403,,2.7505136649384236,,,,,1.643735112096364,1.445104780570836,1.3955879126125161,1.364867692328392,1.37954782682668,1.41074355857904,1.457655374976416,1.544119501303596,1.5612056727096482,1.576626519389712,1.585013870367816,1.587381739112316,1.584935823011464,1.570391461304232,1.54447057865744,1.509392943337328,,,,Taiwan,CH4
GCAM 5.3,SSP_SSP1,TWN,Emissions|CO2|AFOLU,Mt CO2/yr,,,,4.44269094076867,,,1.90655478425867,,,,,-0.0535506177689989,,-0.371800824142734,,,,,-5.009812008443,-9.29589612287307,-9.72316474370266,-8.7170957199238,-7.29843696535433,-5.87664040058909,-4.61070891949327,-3.56053240973236,-2.67856911521023,-1.97952162103692,-1.45206329692478,-1.06331882521209,-0.781922471102656,-0.578432190269542,-0.43178488426176,-0.327683789960914,,,,Taiwan,CO2
GCAM 5.3,SSP_SSP1,TWN,Emissions|CO2|Energy and Industrial Processes,Mt CO2/yr,,,,290.214919116505,,,290.931204348289,,,,,279.234510309771,,320.601859625161,,,,,303.354920048407,280.275465371158,237.98427579481,183.270987488178,130.624408019545,85.1765866539294,59.1789591939154,45.6325423745578,44.6329572451761,43.3571952241511,42.2491365916876,41.1827376044229,40.9352795619334,39.5490085838572,38.2528229870083,37.0890573720043,,,,Taiwan,CO2
GCAM 5.3,SSP_SSP1,TWN,Emissions|CO2|Energy|Demand,Mt CO2/yr,,,,144.762177850258,,,147.202869201449,,,,,143.815759683734,,132.386652819856,,,,,115.066625575643,100.638770695842,89.1312789273149,77.710122929511,65.5069977563063,56.0088130217045,47.9038705775769,38.7864730083542,37.8195545277703,36.6448465929218,35.6797697475326,34.6322707034824,33.6310434828583,32.550832592664,31.4456594796163,30.3524876154394,,,,Taiwan,CO2
GCAM 5.3,SSP_SSP1,TWN,Emissions|CO2|Energy|Demand|Industry,Mt CO2/yr,,,,83.4121791729861,,,83.8050414046776,,,,,86.5630563134925,,73.2983476612698,,,,,55.8425106099695,42.3529273962442,32.6543149409576,24.0475656044068,15.2938865669932,8.77070425445299,4.10314029687821,1.30640984333776,1.11867119801737,0.943383618046509,0.896904233107474,0.833558734765499,0.76741812497452,0.755851176405879,0.854560842986847,0.912363297384958,,,,Taiwan,CO2
GCAM 5.3,SSP_SSP1,TWN,Emissions|CO2|Energy|Demand|Residential and Commercial,Mt CO2/yr,,,,9.2449365404487,,,8.8519160380529,,,,,8.76536271322213,,11.0849498249688,,,,,13.005948231032,13.2134137815637,12.6980419705334,11.6922741419362,10.280928606289,9.15216281928149,8.30116695779341,7.48099526306394,7.26951295609238,7.02566385313933,6.73691867686183,6.40846276567577,6.06744406626025,5.66925967670229,5.24013355747652,4.89218755327664,,,,Taiwan,CO2
GCAM 5.3,SSP_SSP1,TWN,Emissions|CO2|Energy|Demand|Residential and Commercial|Commercial,Mt CO2/yr,,,,4.1019337395697,,,3.9897065960339,,,,,4.17104629592566,,4.69990721915553,,,,,5.56315463311771,5.4499741713278,4.98402688284337,4.29542538261449,3.43947339464578,2.75896640416448,2.27504308550352,1.92085978696205,1.85644588619502,1.78594551423937,1.71293597297492,1.63076192427797,1.54749355904427,1.45202749296102,1.35069295327888,1.26732129086237,,,,Taiwan,CO2
GCAM 5.3,SSP_SSP1,TWN,Emissions|CO2|Energy|Demand|Residential and Commercial|Residential,Mt CO2/yr,,,,5.143002800879,,,4.862209442019,,,,,4.59431641729647,,6.38504260581326,,,,,7.44279359791424,7.76343961023591,7.71401508769003,7.39684875932168,6.84145521164322,6.39319641511701,6.02612387228989,5.56013547610189,5.41306706989736,5.23971833889996,5.02398270388691,4.77770084139779,4.51995050721598,4.21723218374127,3.88944060419764,3.62486626241427,,,,Taiwan,CO2
GCAM 5.3,SSP_SSP1,TWN,Emissions|CO2|Energy|Demand|Transportation,Mt CO2/yr,,,,52.1050621368234,,,54.5459117587188,,,,,48.4873406570198,,48.003355333617,,,,,46.2181667346418,45.0724295180345,43.7789220158239,41.970283183168,39.9321825830242,38.0859459479701,35.4995633229053,29.9990679019525,29.4313703736606,28.675799121736,28.0459468375633,27.3902492030412,26.7961812916235,26.1257217395558,25.3509650791529,24.5479367647778,,,,Taiwan,CO2
GCAM 5.3,SSP_SSP1,TWN,Emissions|CO2|Energy|Supply,Mt CO2/yr,,,,128.082585787142,,,129.355404206876,,,,,120.984432454912,,174.24384409375,,,,,179.213918130597,171.485153270075,141.634567135941,99.9866622862144,61.4245156764649,25.8560861774964,7.75789119319097,4.56426825152478,4.4897290933505,4.39132152159479,4.21000178481229,3.91183320855758,3.60286626458324,3.21117631498776,3.00916231139906,2.9540055607337,,,,Taiwan,CO2
GCAM 5.3,SSP_SSP1,TWN,Emissions|CO2|Energy|Supply|Electricity,Mt CO2/yr,,,,114.100227849352,,,122.256113561486,,,,,116.831791620215,,170.101157724493,,,,,175.080996051614,167.418251921328,137.698020205322,96.1459618464715,57.4003426017871,21.2583609118774,2.98058328131635,0.0750489993598787,0.0493792290157314,0.159856968877454,0.272623928168902,0.318890859567479,0.339463039306434,0.204633352195157,0.194314687289029,0.262419794050881,,,,Taiwan,CO2
GCAM 5.3,SSP_SSP1,TWN,Emissions|CO2|Energy|Supply|Gases,Mt CO2/yr,,,,0.0,,,0.0,,,,,-2.61755383752968e-08,,0.0119954497817745,,,,,0.0085866946705247,0.0075948130177357,0.0068070292004772,0.0051520879044666,0.0019170630375365,0.0003596549740133,3.89449932092445e-05,1.49921835434866e-06,2.85049550244723e-06,2.57825345326035e-06,2.38409125379221e-06,2.14402566571478e-06,1.70490236399298e-06,1.63255988868198e-06,1.77130545628794e-06,1.7903926564135e-06,,,,Taiwan,CO2
GCAM 5.3,SSP_SSP1,TWN,Emissions|CO2|Energy|Supply|Liquids,Mt CO2/yr,,,,13.98235793779,,,7.09929064539,,,,,4.15264086087279,,4.1103631461882,,,,,4.07446626945614,3.97556125269733,3.8206922011594,3.71889234771189,3.92428848056596,4.53223116048407,4.75033371025407,4.48368924477036,4.43357964422558,4.22429579270361,3.92929434178279,3.58340454001806,3.25196048647447,2.99489784217475,2.8031650387556,2.67995947984829,,,,Taiwan,CO2
GCAM 5.3,SSP_SSP1,TWN,Emissions|CO2|Energy|Supply|Solids,Mt CO2/yr,,,,0.0,,,-1.95964685228761e-17,,,,,0.0,,-1.3566665275056e-06,,,,,0.0,0.0,-1.46666647762939e-06,0.0,0.0,-5.49999769015471e-07,-2.56666103111226e-07,0.0,0.0,0.0,0.0,-3.29999006502351e-08,-2.20000090948155e-08,-4.76668726344894e-08,0.0,-2.56666366867541e-08,,,,Taiwan,CO2
GCAM 5.3,SSP_SSP1,TWN,Emissions|CO2|Industrial Processes,Mt CO2/yr,,,,17.3701554791049,,,14.3729309399633,,,,,14.4343181711251,,13.9713627115558,,,,,9.07437634216608,8.15154140524041,7.21842973155446,5.57420227245299,3.69289458677358,3.31168745472849,3.51719742314754,2.28180111467882,2.32367362405528,2.32102710963445,2.35936505934263,2.63863369238283,3.70136981449184,3.78699967620548,3.79800119599295,3.78256419583121,,,,Taiwan,CO2
GCAM 5.3,SSP_SSP1,TWN,Emissions|N2O|AFOLU,Mt CO2e/yr,,,,3.215602381721184,,,2.9071293081680847,,,,,2.7679887513461816,,2.831101144564329,,,,,1.599974073259107,1.21218946128462,1.010322992590821,0.869902567403961,0.7792053934230929,0.720298570896723,0.683821395924303,0.6742809736787669,0.6727397877340139,0.6706495850480789,0.667494941797593,0.662869543963809,0.65659708333401,0.647064207026874,0.633600284054556,0.61634036472372,,,,Taiwan,N2O
GCAM 5.3,SSP_SSP2,TWN,Carbon Sequestration|CCS|Biomass,Mt CO2/yr,,,,0.0,,,0.0,,,,,0.0,,0.170331191151319,,,,,0.7348506668046,0.95438964009602,0.930713523943646,0.849762587917804,0.0315148062473155,0.0079089202713726,0.0095438445838311,0.0063030088126167,0.0015083982710181,0.0013363097532606,0.00139683520668,0.0012921932990261,0.0009091634806475,0.0003313893758459,0.0002798327791343,0.0004405128938349,,,,Taiwan,
GCAM 5.3,SSP_SSP2,TWN,Emissions|CH4|AFOLU,Mt CO2e/yr,,,,2.892967930776,,,2.620619048298496,,,,,2.7185975720982403,,2.6314572002194843,,,,,1.6292017718165002,1.470011568245808,1.428029487102204,1.411333099004556,1.451790912249048,1.526024955248052,1.623096025815712,1.67685826587496,1.6816508620779,1.68196147824096,1.6777875650735359,1.671148553593512,1.6622915512633079,1.652474105144436,1.64154053522018,1.630613129084828,,,,Taiwan,CH4
GCAM 5.3,SSP_SSP2,TWN,Emissions|CO2|AFOLU,Mt CO2/yr,,,,4.44269094076867,,,1.90655478425867,,,,,-0.0535506177689989,,0.5285076809056,,,,,-5.110277771841,-9.48613132931164,-9.84254046969234,-8.7963172618838,-7.35367544415386,-5.90655308594219,-4.62251760468267,-3.54898769845019,-2.65688986768898,-1.95233522177731,-1.42298179913734,-1.03431622691683,-0.753313917712697,-0.553478657775586,-0.414235784402863,-0.31620374570994,,,,Taiwan,CO2
GCAM 5.3,SSP_SSP2,TWN,Emissions|CO2|Energy and Industrial Processes,Mt CO2/yr,,,,290.214919116505,,,290.931204348289,,,,,279.234510309771,,313.92573257059,,,,,301.999730433907,289.261394583175,266.213237920975,225.779832485309,177.380154232223,122.303310020046,66.8379165983981,47.5056064395386,46.0995852336932,44.8006185716485,43.632437062989,42.2803234359314,41.0830356431375,39.6114392305861,38.1602074861443,37.0808178907181,,,,Taiwan,CO2
GCAM 5.3,SSP_SSP2,TWN,Emissions|CO2|Energy|Demand,Mt CO2/yr,,,,144.762177850258,,,147.202869201449,,,,,143.815759683734,,133.887568986665,,,,,122.52354443782,110.954000314381,102.254018853795,92.4450458247057,79.1807065940636,65.0090675460644,49.5504561305897,39.1971304801712,38.1314439244943,37.1104194732074,36.2297059916817,35.2537017034989,34.4288275354446,33.3303123379756,32.1444212920625,31.2320074707271,,,,Taiwan,CO2
GCAM 5.3,SSP_SSP2,TWN,Emissions|CO2|Energy|Demand|Industry,Mt CO2/yr,,,,83.4121791729861,,,83.8050414046776,,,,,86.5630563134925,,72.0830709311402,,,,,59.1763458001601,47.4961188278382,39.4957403066853,31.4082363502688,21.0579617061168,11.6707113652681,4.09145699229761,1.11564536091845,0.96012825291362,0.826566050836275,0.745603539909276,0.733729285331761,0.945492072097582,0.91677018081959,0.82780449118616,0.771074149095587,,,,Taiwan,CO2
GCAM 5.3,SSP_SSP2,TWN,Emissions|CO2|Energy|Demand|Residential and Commercial,Mt CO2/yr,,,,9.2449365404487,,,8.8519160380529,,,,,8.76536271322213,,11.9175929891155,,,,,13.8642419866412,14.2945378813107,14.161167192083,13.5947729929737,12.2979503524481,10.7154379637381,9.25426621921561,8.40527440302881,8.33029629754154,8.24131721221988,8.10591340007429,7.87185848524809,7.58198345356913,7.3036131113057,7.05904263355075,6.8929773806396,,,,Taiwan,CO2
GCAM 5.3,SSP_SSP2,TWN,Emissions|CO2|Energy|Demand|Residential and Commercial|Commercial,Mt CO2/yr,,,,4.1019337395697,,,3.9897065960339,,,,,4.17104629592566,,5.14711286886681,,,,,5.95993602610854,5.96711746148189,5.72652255180957,5.27649846962547,4.4040525100941,3.38810287577816,2.52392890891322,2.13549708550444,2.10371889133053,2.06965727830233,2.02862062943647,1.9667634344059,1.89440065558481,1.82582541913306,1.76634685329439,1.72388781075951,,,,Taiwan,CO2
GCAM 5.3,SSP_SSP2,TWN,Emissions|CO2|Energy|Demand|Residential and Commercial|Residential,Mt CO2/yr,,,,5.143002800879,,,4.862209442019,,,,,4.59431641729647,,6.77048012024868,,,,,7.90430596053267,8.32742041982885,8.43464464027344,8.31827452334825,7.89389784235395,7.32733508795996,6.73033731030239,6.26977731752436,6.22657740621101,6.17165993391755,6.07729277063782,5.9050950508422,5.68758279798432,5.47778769217264,5.29269578025637,5.1690895698801,,,,Taiwan,CO2
GCAM 5.3,SSP_SSP2,TWN,Emissions|CO2|Energy|Demand|Transportation,Mt CO2/yr,,,,52.1050621368234,,,54.5459117587188,,,,,48.4873406570198,,49.8869050664091,,,,,49.482956651019,49.1633436052317,48.5971113550267,47.4420364814632,45.8247945354987,42.6229182170582,36.2047329190765,29.676210716224,28.8410193740391,28.0425362101512,27.3781890516982,26.6481139329191,25.9013520097779,25.1099290458504,24.2575741673255,23.5679559409919,,,,Taiwan,CO2
GCAM 5.3,SSP_SSP2,TWN,Emissions|CO2|Energy|Supply,Mt CO2/yr,,,,128.082585787142,,,129.355404206876,,,,,120.984432454912,,168.396157301813,,,,,171.845081014547,171.031626423268,157.425272586744,127.954880178672,92.8114802555499,52.0805822526093,12.9007171474908,4.95681975354196,4.58479578208394,4.344028189485,4.09389001995974,3.75782773331451,3.42610991202016,3.11494048042322,2.94347537186942,2.84006488599215,,,,Taiwan,CO2
GCAM 5.3,SSP_SSP2,TWN,Emissions|CO2|Energy|Supply|Electricity,Mt CO2/yr,,,,114.100227849352,,,122.256113561486,,,,,116.831791620215,,164.122915628482,,,,,167.582296055324,166.808089444422,153.266405637968,123.528454161333,87.4523579413663,46.6212386071347,7.98781005340228,0.537612332336869,0.263180145433936,0.269956011263469,0.329613039724125,0.344933966413037,0.27478871971101,0.0991768728940355,0.0631540695176865,0.0950146801556274,,,,Taiwan,CO2
GCAM 5.3,SSP_SSP2,TWN,Emissions|CO2|Energy|Supply|Gases,Mt CO2/yr,,,,0.0,,,0.0,,,,,-2.61755383752968e-08,,0.0089602762659647,,,,,0.0090660216170547,0.0094928305463222,0.009640486118712,0.0078027985935204,0.0029549374111177,0.0005490062418819,2.15898151719236e-05,8.46246578591868e-07,9.97541685889323e-07,9.59924066884745e-07,8.8857654154911e-07,8.67679879955069e-07,8.10110433166369e-07,6.93418624478072e-07,5.4508628362059e-07,4.54730156212723e-07,,,,Taiwan,CO2
GCAM 5.3,SSP_SSP2,TWN,Emissions|CO2|Energy|Supply|Liquids,Mt CO2/yr,,,,13.98235793779,,,7.09929064539,,,,,4.15264086087279,,4.2446216118547,,,,,4.21472196815573,4.13102493849798,4.0270753262532,4.26968992469373,5.20370031216621,5.3487233310924,4.86961680377253,4.40380103020024,4.30583050444833,4.05821700410236,3.74843346737401,3.39728376619612,3.13613438527584,3.00137917281901,2.8678168836195,2.73384006575113,,,,Taiwan,CO2
GCAM 5.3,SSP_SSP2,TWN,Emissions|CO2|Energy|Supply|Solids,Mt CO2/yr,,,,0.0,,,-1.95964685228761e-17,,,,,0.0,,0.0,,,,,0.0,0.0,-1.83333204402023e-06,-3.29999145642482e-06,0.0,-3.66668114913083e-08,0.0,-2.56666214872439e-08,0.0,-1.10000062709963e-08,-2.20000297751254e-08,-2.2000016071232e-08,0.0,-2.2000067948593e-09,-1.65000296513719e-08,-9.90000660474498e-09,,,,Taiwan,CO2
GCAM 5.3,SSP_SSP2,TWN,Emissions|CO2|Industrial Processes,Mt CO2/yr,,,,17.3701554791049,,,14.3729309399633,,,,,14.4343181711251,,11.6420062821115,,,,,7.63110498153957,7.27576784552615,6.53394648043526,5.37990648193069,5.38796738260955,5.21366022137208,4.38674332031762,3.35165620582543,3.38334552711497,3.34617090895615,3.30884105134749,3.268793999118,3.22809819567268,3.16618641218725,3.07231082221245,3.00874553399889,,,,Taiwan,CO2
GCAM 5.3,SSP_SSP2,TWN,Emissions|N2O|AFOLU,Mt CO2e/yr,,,,3.215602381721184,,,2.9071293081680847,,,,,2.7679887513461816,,2.771191126835586,,,,,1.526260391785038,1.1659184266275002,0.976042761314166,0.848187379084773,0.773101285685274,0.7384362744423211,0.7276732322130179,0.719351663881578,0.715560128383191,0.7111422872550359,0.7058081386295939,0.700221102387807,0.693989185031415,0.6870511814900371,0.67894714887909,0.671393872616922,,,,Taiwan,N2O
GCAM 5.3,SSP_SSP3,TWN,Carbon Sequestration|CCS|Biomass,Mt CO2/yr,,,,0.0,,,0.0,,,,,0.0,,0.518950937510687,,,,,0.945096974917899,0.856108759828062,0.546721301701932,0.414966910557594,0.0678220490989736,0.0079244460039464,0.0117866757006005,0.0122582738611414,0.0015689899265684,0.0012999275342298,0.0014418909170246,0.0015320938723632,0.0013284223307046,0.0005180559809786,0.0003419977136813,0.0004591232579018,,,,Taiwan,
GCAM 5.3,SSP_SSP3,TWN,Emissions|CH4|AFOLU,Mt CO2e/yr,,,,2.892967930776,,,2.620619048298496,,,,,2.7185975720982403,,2.6290254173844083,,,,,1.650601071231196,1.482216010399908,1.427829352262908,1.3909248927223439,1.4088462497452279,1.463792825512612,1.546024441381952,1.610207486474888,1.613257043827352,1.615267214899212,1.6151938133883441,1.61170139779824,1.605166859745484,1.596995702678656,1.588282043404728,1.57996102080544,,,,Taiwan,CH4
GCAM 5.3,SSP_SSP3,TWN,Emissions|CO2|AFOLU,Mt CO2/yr,,,,4.44269094076867,,,1.90655478425867,,,,,-0.0535506177689989,,1.12627336133987,,,,,-5.07540648201766,-9.45358147962764,-9.83074039490767,-8.79492004999814,-7.35624240738861,-5.92363893475262,-4.65552203578297,-3.59069150711088,-2.69001683404348,-1.97069858522519,-1.42853582409089,-1.02846220900903,-0.73578852663804,-0.522794343147065,-0.36955421191177,-0.260892347755426,,,,Taiwan,CO2
GCAM 5.3,SSP_SSP3,TWN,Emissions|CO2|Energy and Industrial Processes,Mt CO2/yr,,,,290.214919116505,,,290.931204348289,,,,,279.234510309771,,311.037715633873,,,,,299.453869469444,285.259880329961,265.017336759251,232.372206668801,184.322648290137,131.117508575696,66.858579755871,39.953521580476,37.6227122952641,36.1439099658439,34.69211379374,33.5253219202781,32.3943748742168,30.8713052900836,29.7135740532326,29.1549261271836,,,,Taiwan,CO2
GCAM 5.3,SSP_SSP3,TWN,Emissions|CO2|Energy|Demand,Mt CO2/yr,,,,144.762177850258,,,147.202869201449,,,,,143.815759683734,,133.249206618582,,,,,123.146168601689,111.078185381653,102.531973551232,93.4663225553706,79.7031828840769,62.658284661499,43.6386684755119,31.5043107826043,29.9383972696747,28.7534273632932,27.7117753140043,26.9161154247396,26.1970025982121,25.5118187340815,24.8259852352215,24.367312385122,,,,Taiwan,CO2
GCAM 5.3,SSP_SSP3,TWN,Emissions|CO2|Energy|Demand|Industry,Mt CO2/yr,,,,83.4121791729861,,,83.8050414046776,,,,,86.5630563134925,,71.7348644790668,,,,,60.7302231317009,49.5341671897197,42.5267145175098,35.5849669104006,25.6219850447959,14.9063966495401,5.40670506831776,1.45743778394275,1.31737743687314,1.15755312717267,1.00318029910298,0.897983839276783,0.854259233504091,1.06435158256973,1.07997585725372,0.998672582005125,,,,Taiwan,CO2
GCAM 5.3,SSP_SSP3,TWN,Emissions|CO2|Energy|Demand|Residential and Commercial,Mt CO2/yr,,,,9.2449365404487,,,8.8519160380529,,,,,8.76536271322213,,11.6060599512895,,,,,13.0537927890358,12.9248031454269,12.3942939781877,11.6780736715661,10.2585917654303,8.33292114179229,6.44993189429364,5.28617394188895,5.2018544862856,5.20833336548687,5.20548293353318,5.17264136513089,5.07018056804151,4.87756170569378,4.71734980258521,4.69211485811604,,,,Taiwan,CO2
GCAM 5.3,SSP_SSP3,TWN,Emissions|CO2|Energy|Demand|Residential and Commercial|Commercial,Mt CO2/yr,,,,4.1019337395697,,,3.9897065960339,,,,,4.17104629592566,,5.01339482000843,,,,,5.68523265340337,5.55496862024235,5.26150908462501,4.87080901677805,4.07933467346532,2.99165813491285,1.95110445147994,1.44023724982631,1.40732184704417,1.39455675003492,1.38020298132928,1.36208022380153,1.3292039319892,1.27528713476291,1.23242809412158,1.22197144971396,,,,Taiwan,CO2
GCAM 5.3,SSP_SSP3,TWN,Emissions|CO2|Energy|Demand|Residential and Commercial|Residential,Mt CO2/yr,,,,5.143002800879,,,4.862209442019,,,,,4.59431641729647,,6.59266513128106,,,,,7.36856013563238,7.3698345251845,7.13278489356265,6.80726465478805,6.17925709196497,5.34126300687945,4.4988274428137,3.84593669206264,3.79453263924144,3.81377661545195,3.8252799522039,3.81056114132936,3.74097663605231,3.60227457093087,3.48492170846363,3.47014340840208,,,,Taiwan,CO2
GCAM 5.3,SSP_SSP3,TWN,Emissions|CO2|Energy|Demand|Transportation,Mt CO2/yr,,,,52.1050621368234,,,54.5459117587188,,,,,48.4873406570198,,49.9082821882254,,,,,49.3621526809526,48.6192150465063,47.6109650555341,46.2032819734038,43.8226060738508,39.4189668701666,31.7820315129005,24.7606990567726,23.419165346516,22.3875408706337,21.5031120813681,20.845490220332,20.2725627966665,19.569905445818,19.0286595753826,18.6765249450008,,,,Taiwan,CO2
GCAM 5.3,SSP_SSP3,TWN,Emissions|CO2|Energy|Supply,Mt CO2/yr,,,,128.082585787142,,,129.355404206876,,,,,120.984432454912,,166.775087127028,,,,,169.083742828621,167.213640327553,155.85207592186,132.703901049236,98.6058911503711,63.1489975500167,18.8157451646635,5.0189315971732,4.25783462934356,3.99605297543539,3.72753611645022,3.47509448521607,3.2035676521624,2.69974996571271,2.49596085054051,2.44546103908517,,,,Taiwan,CO2
GCAM 5.3,SSP_SSP3,TWN,Emissions|CO2|Energy|Supply|Electricity,Mt CO2/yr,,,,114.100227849352,,,122.256113561486,,,,,116.831791620215,,162.975792580808,,,,,165.266185394812,163.268094007124,151.589857878525,127.931921025334,93.2634948565789,57.8267218357447,14.2192104553487,1.04261949693042,0.399145357902943,0.379409176713782,0.413913554225667,0.467729308354002,0.460559335750333,0.168815485177718,0.0782615691637602,0.117558181366243,,,,Taiwan,CO2
GCAM 5.3,SSP_SSP3,TWN,Emissions|CO2|Energy|Supply|Gases,Mt CO2/yr,,,,0.0,,,0.0,,,,,-2.61755383752968e-08,,0.0088343268698061,,,,,0.0094157051035657,0.0095911854212675,0.0098470555390326,0.0085111860244535,0.0037595826044225,0.0007422591137367,2.69172859385558e-05,6.61107809344006e-07,8.42815769580155e-07,7.94499753880536e-07,6.91724889993178e-07,5.92799868604155e-07,4.98895267376427e-07,4.53787468199095e-07,4.43075415793095e-07,3.8093706007566e-07,,,,Taiwan,CO2
GCAM 5.3,SSP_SSP3,TWN,Emissions|CO2|Energy|Supply|Liquids,Mt CO2/yr,,,,13.98235793779,,,7.09929064539,,,,,4.15264086087279,,3.77061990281521,,,,,3.7643244195069,3.85021515325635,4.12565334891584,4.60273857697667,5.1571699744571,5.17403558924731,4.53228875860691,3.95396769256193,3.83314005460983,3.59073883334035,3.28847519228848,2.98332002240771,2.71991675402063,2.50814257295966,2.39581000859731,2.30838261613182,,,,Taiwan,CO2
GCAM 5.3,SSP_SSP3,TWN,Emissions|CO2|Energy|Supply|Solids,Mt CO2/yr,,,,0.0,,,-1.95964685228761e-17,,,,,0.0,,0.0,,,,,-1.75999462713932e-06,-3.66667106612544e-08,-1.39332990193171e-06,0.0,0.0,0.0,-3.66667111910133e-08,-1.61332471446581e-07,0.0,0.0,-2.199998274777e-08,-1.83333031196715e-08,-7.333321971637941e-09,-5.86665259019342e-08,0.0,0.0,,,,Taiwan,CO2
GCAM 5.3,SSP_SSP3,TWN,Emissions|CO2|Industrial Processes,Mt CO2/yr,,,,17.3701554791049,,,14.3729309399633,,,,,14.4343181711251,,11.0134218882634,,,,,7.22395803913297,6.96805462075565,6.63328728615936,6.20198306419487,6.01357425568928,5.31022636417995,4.40416611569562,3.43027920069853,3.42648039624577,3.39442962711534,3.25280236328544,3.13411201032237,2.99380462384224,2.65973659028937,2.39162796747059,2.3421527029764,,,,Taiwan,CO2
GCAM 5.3,SSP_SSP3,TWN,Emissions|N2O|AFOLU,Mt CO2e/yr,,,,3.215602381721184,,,2.9071293081680847,,,,,2.7679887513461816,,2.760871067937801,,,,,1.518642165547962,1.148383890295824,0.958414357048785,0.827859013790718,0.751581909759408,0.710933761227963,0.696520591451685,0.692777124537225,0.689796190541913,0.687117334837206,0.684103903756455,0.680878107924651,0.6773875955382901,0.673914232880616,0.670260179009694,0.6666405134281621,,,,Taiwan,N2O
GCAM 5.3,SSP_SSP4,TWN,Carbon Sequestration|CCS|Biomass,Mt CO2/yr,,,,0.0,,,0.0,,,,,0.0,,0.192379483155709,,,,,1.24626179662985,2.49652752029036,3.63748212734683,7.0353344395758,11.2803212121503,12.420427112663,8.84751946483888,6.36154084125275,6.11919004702454,6.1487079079618,6.24729939474068,6.26446101977398,6.15334967033113,5.88714126339661,5.70005070949841,5.81460741471796,,,,Taiwan,
GCAM 5.3,SSP_SSP4,TWN,Emissions|CH4|AFOLU,Mt CO2e/yr,,,,2.892967930776,,,2.620619048298496,,,,,2.7185975720982403,,2.649478217754872,,,,,1.6720212790489881,1.494806208243544,1.451394452738524,1.420193875631524,1.435883907507868,1.492548624919632,1.595390639194828,1.697357583462632,1.720078155902764,1.74325699126222,1.7533065669815362,1.7590354951012759,1.759242269327144,1.7537280800723598,1.746139336189304,1.7381517246094682,,,,Taiwan,CH4
GCAM 5.3,SSP_SSP4,TWN,Emissions|CO2|AFOLU,Mt CO2/yr,,,,4.44269094076867,,,1.90655478425867,,,,,-0.0535506177689989,,0.103353162230267,,,,,-4.98344615736,-9.26653640868596,-9.63843183160734,-8.63023775522481,-7.24926496674307,-5.87477375709242,-4.6520382901623,-3.61621177249629,-2.73311664910203,-2.02440189155138,-1.48664595599346,-1.09012117373948,-0.801560311465558,-0.591577074137112,-0.440608398728735,-0.334971578015703,,,,Taiwan,CO2
GCAM 5.3,SSP_SSP4,TWN,Emissions|CO2|Energy and Industrial Processes,Mt CO2/yr,,,,290.214919116505,,,290.931204348289,,,,,279.234510309771,,310.609546816385,,,,,295.942206051073,276.156116482051,243.546573669991,182.489371668897,116.019738957629,75.1580713678971,54.1758932288031,42.7836633870552,41.1190265550849,39.5734629913669,38.181552876521,36.5660072983857,34.7865677145952,32.8796875440302,31.0758973432619,29.2946058209017,,,,Taiwan,CO2
GCAM 5.3,SSP_SSP4,TWN,Emissions|CO2|Energy|Demand,Mt CO2/yr,,,,144.762177850258,,,147.202869201449,,,,,143.815759683734,,135.015448481681,,,,,123.956375855254,110.664126353343,100.392778723259,88.7851958617834,74.9242230976618,62.7763056970588,49.8718078701059,39.5434213342535,38.2936197082231,37.2459139216574,36.3640675452042,35.3774854850895,34.3233469704191,33.2327579365118,32.0913457738024,30.9232259250673,,,,Taiwan,CO2
GCAM 5.3,SSP_SSP4,TWN,Emissions|CO2|Energy|Demand|Industry,Mt CO2/yr,,,,83.4121791729861,,,83.8050414046776,,,,,86.5630563134925,,72.9962956664107,,,,,60.1103099837459,46.473260994147,36.8756665186673,27.2692646356606,16.6066863134974,9.00024661172984,3.54640926793353,1.07748534995869,0.930489578919827,0.826349984722361,0.754682561974385,0.686443294866456,0.66922648234298,0.87901095667098,0.945301975223797,0.892520045323502,,,,Taiwan,CO2
GCAM 5.3,SSP_SSP4,TWN,Emissions|CO2|Energy|Demand|Residential and Commercial,Mt CO2/yr,,,,9.2449365404487,,,8.8519160380529,,,,,8.76536271322213,,11.1284298701894,,,,,12.693245304994,12.7633595196941,12.2446582724134,11.3121657966719,9.99971537911689,8.84799581672265,7.85889448077589,7.18783054030285,7.06595096679024,6.95086251575423,6.80634344919349,6.60154507885964,6.3413928374631,6.0030668026911,5.68429933119975,5.48384219588651,,,,Taiwan,CO2
GCAM 5.3,SSP_SSP4,TWN,Emissions|CO2|Energy|Demand|Residential and Commercial|Commercial,Mt CO2/yr,,,,4.1019337395697,,,3.9897065960339,,,,,4.17104629592566,,4.80475978884821,,,,,5.43548664508728,5.26173543433576,4.81933365122828,4.17997163549065,3.34901776676807,2.65661798866633,2.12191419725841,1.83107482718056,1.79035162584093,1.75331763807618,1.71234745349305,1.65794584734907,1.59291663201842,1.51052802322331,1.43482771570361,1.3848883950063,,,,Taiwan,CO2
GCAM 5.3,SSP_SSP4,TWN,Emissions|CO2|Energy|Demand|Residential and Commercial|Residential,Mt CO2/yr,,,,5.143002800879,,,4.862209442019,,,,,4.59431641729647,,6.3236700813412,,,,,7.25775865990672,7.50162408535834,7.42532462118516,7.13219416118126,6.65069761234882,6.19137782805632,5.73698028351748,5.35675571312229,5.27559934094931,5.19754487767805,5.09399599570043,4.94359923151057,4.74847620544468,4.49253877946779,4.24947161549614,4.0989538008802,,,,Taiwan,CO2
GCAM 5.3,SSP_SSP4,TWN,Emissions|CO2|Energy|Demand|Transportation,Mt CO2/yr,,,,52.1050621368234,,,54.5459117587188,,,,,48.4873406570198,,50.8907229450813,,,,,51.1528205665136,51.4275058395017,51.2724539321778,50.2037654294508,48.3178214050474,44.9280632686064,38.4665041213965,31.278105443992,30.297179162513,29.4687014211808,28.8030415340364,28.0894971113634,27.312727650613,26.3506801771497,25.4617444673788,24.5468636838573,,,,Taiwan,CO2
GCAM 5.3,SSP_SSP4,TWN,Emissions|CO2|Energy|Supply,Mt CO2/yr,,,,128.082585787142,,,129.355404206876,,,,,120.984432454912,,163.975478733308,,,,,164.944320241168,159.082445010442,137.50569920213,90.1587562027636,39.1150812502704,10.8771847766038,3.19318281096993,2.47734144297838,2.19290436476869,1.72144382905385,1.19814357130378,0.65562153138736,0.137777503134112,-0.32790975705231,-0.707010329143242,-1.21499133167665,,,,Taiwan,CO2
GCAM 5.3,SSP_SSP4,TWN,Emissions|CO2|Energy|Supply|Electricity,Mt CO2/yr,,,,114.100227849352,,,122.256113561486,,,,,116.831791620215,,159.731929233625,,,,,160.739029942234,154.995066107841,133.713519337693,87.1174381934891,36.9924992677601,9.34652352588489,1.43761052916825,0.900667270088794,0.832457044699226,0.515674071414932,0.120566469191696,-0.0667267336906671,-0.0462540278424062,0.173337052172285,0.256124974847536,-0.102894211718643,,,,Taiwan,CO2
GCAM 5.3,SSP_SSP4,TWN,Emissions|CO2|Energy|Supply|Gases,Mt CO2/yr,,,,0.0,,,0.0,,,,,-2.61755383752968e-08,,0.0092684232262176,,,,,0.0100268307821259,0.0108054745283283,0.0116641211701848,0.0102137867434737,0.004149378073358,0.0010388722213075,0.0001203411310306,8.92911512888069e-06,8.6632213590037e-06,8.35105836184037e-06,8.28595259917763e-06,7.78602714075875e-06,7.27235064521532e-06,7.31289323100649e-06,6.92560312078533e-06,6.03570914304686e-06,,,,Taiwan,CO2
GCAM 5.3,SSP_SSP4,TWN,Emissions|CO2|Energy|Supply|Liquids,Mt CO2/yr,,,,13.98235793779,,,7.09929064539,,,,,4.15264086087279,,4.21630824284477,,,,,4.16990902164656,4.02543315904006,3.70432865282265,2.9759587818982,2.09453611416896,1.52852460603664,1.77403779450332,1.62956849853607,1.42765058477166,1.28881239638242,1.16996729287468,0.818982612923658,0.270353976228801,-0.441038016316097,-0.919465519226892,-1.07197575078701,,,,Taiwan,CO2
GCAM 5.3,SSP_SSP4,TWN,Emissions|CO2|Energy|Supply|Solids,Mt CO2/yr,,,,0.0,,,-1.95964685228761e-17,,,,,0.0,,0.0,,,,,-4.39998894613896e-06,-1.09999919814111e-06,0.0,0.0,0.0,-1.09999945377173e-07,0.0,-2.93332311883941e-08,0.0,0.0,-1.099998615211e-09,0.0,-2.566670255466e-09,0.0,0.0,0.0,,,,Taiwan,CO2
GCAM 5.3,SSP_SSP4,TWN,Emissions|CO2|Industrial Processes,Mt CO2/yr,,,,17.3701554791049,,,14.3729309399633,,,,,14.4343181711251,,11.6186196013958,,,,,7.04150995465147,6.40954511826603,5.6480957446023,3.54541960434971,1.98043460969672,1.50458089423441,1.11090254772728,0.762900609823329,0.632502482093168,0.606105240655662,0.619341760013026,0.532900281908885,0.325443241041998,-0.0251606354293344,-0.308438101397219,-0.413628772488918,,,,Taiwan,CO2
GCAM 5.3,SSP_SSP4,TWN,Emissions|N2O|AFOLU,Mt CO2e/yr,,,,3.215602381721184,,,2.9071293081680847,,,,,2.7679887513461816,,2.790917344009431,,,,,1.608238199549163,1.253926487986263,1.0661679718732768,0.925353770997474,0.826891020292974,0.770987669613252,0.7458757703656349,0.743127076281408,0.743615831266854,0.745494823570497,0.7435577244611881,0.7404422745174,0.736022807712465,0.730753173597993,0.724372012758303,0.7168101346584359,,,,Taiwan,N2O
GCAM 5.3,SSP_SSP5,TWN,Carbon Sequestration|CCS|Biomass,Mt CO2/yr,,,,0.0,,,0.0,,,,,0.0,,0.245596516326954,,,,,2.14408352825,3.53480507467922,7.2296776905767,13.9956129756617,19.7088693217152,19.6712784738712,14.6928074315923,11.3408167468421,10.8908414927116,10.6839597001002,10.0463678866644,9.53595911575438,9.48270499912704,9.80243380613734,10.034308181919,10.1421111799231,,,,Taiwan,
GCAM 5.3,SSP_SSP5,TWN,Emissions|CH4|AFOLU,Mt CO2e/yr,,,,2.892967930776,,,2.620619048298496,,,,,2.7185975720982403,,2.618416802721944,,,,,1.595731281195548,1.462328632455796,1.428587925251284,1.4507995635708402,1.52224282749378,1.626920874005868,1.71797767909516,1.7591353689757119,1.7745282138821439,1.7858718585449838,1.7943678641348322,1.802165964567388,1.809694742278976,1.81765510840844,1.825637199239868,1.833799971956316,,,,Taiwan,CH4
GCAM 5.3,SSP_SSP5,TWN,Emissions|CO2|AFOLU,Mt CO2/yr,,,,4.44269094076867,,,1.90655478425867,,,,,-0.0535506177689989,,-0.0400929517384,,,,,-5.205494329827,-9.56993344114096,-9.86727186266067,-8.79607788595581,-7.3285002799987,-5.86318688586719,-4.56769885261253,-3.48696840124849,-2.60104558611755,-1.90851397727016,-1.39002485025593,-1.01208939319786,-0.742058632582509,-0.551929009023832,-0.4178305219083,-0.322303720581775,,,,Taiwan,CO2
GCAM 5.3,SSP_SSP5,TWN,Emissions|CO2|Energy and Industrial Processes,Mt CO2/yr,,,,290.214919116505,,,290.931204348289,,,,,279.234510309771,,321.095602389727,,,,,306.834010661675,292.938728986101,247.824057330714,171.705226122199,112.59923919013,73.2958601202389,58.3989365165147,50.0152089228456,48.7381604326776,46.8056324747119,45.091158423204,42.830830536884,39.5918541794587,36.3199287143361,33.9186885535235,32.2526839715434,,,,Taiwan,CO2
GCAM 5.3,SSP_SSP5,TWN,Emissions|CO2|Energy|Demand,Mt CO2/yr,,,,144.762177850258,,,147.202869201449,,,,,143.815759683734,,134.775092101991,,,,,122.774031172255,114.621805312569,105.214949487462,91.4586835768266,76.7742794413696,63.9625510770042,52.6290565458498,44.180361776203,43.0608403477462,41.9251490512845,40.9210782637159,39.647530773773,38.326275398278,37.1462928804564,36.1257084098653,35.1246350260005,,,,Taiwan,CO2
GCAM 5.3,SSP_SSP5,TWN,Emissions|CO2|Energy|Demand|Industry,Mt CO2/yr,,,,83.4121791729861,,,83.8050414046776,,,,,86.5630563134925,,71.6338356534276,,,,,56.3275426628896,46.014380888591,36.2858468760797,24.5414744572834,13.9006929049913,7.10819933716831,2.78633198753293,0.92342856973397,0.791356034569569,0.756777555707278,1.0152128336172,0.94011978377064,0.745714462188234,0.56918148548645,0.454942814993505,0.376912798772414,,,,Taiwan,CO2
GCAM 5.3,SSP_SSP5,TWN,Emissions|CO2|Energy|Demand|Residential and Commercial,Mt CO2/yr,,,,9.2449365404487,,,8.8519160380529,,,,,8.76536271322213,,12.8694421726068,,,,,15.9127044961503,17.2670674975473,17.2314704026749,15.9205266885026,14.1338232820591,12.7026915013281,11.7599818749007,11.1452472302389,10.9508591526334,10.6451614329134,10.1867534081013,9.70822954983169,9.2901742268348,8.9882956152561,8.68627124073807,8.47150779206344,,,,Taiwan,CO2
GCAM 5.3,SSP_SSP5,TWN,Emissions|CO2|Energy|Demand|Residential and Commercial|Commercial,Mt CO2/yr,,,,4.1019337395697,,,3.9897065960339,,,,,4.17104629592566,,5.55708109282138,,,,,6.80153918588652,7.12484939822107,6.73569801291076,5.66538926717128,4.43297073422386,3.55287904649611,3.02465573931576,2.7619713601406,2.70406019314362,2.62251928121651,2.5077760920527,2.39006017250329,2.28700035212283,2.21226552265485,2.14166124462388,2.08858454074453,,,,Taiwan,CO2
GCAM 5.3,SSP_SSP5,TWN,Emissions|CO2|Energy|Demand|Residential and Commercial|Residential,Mt CO2/yr,,,,5.143002800879,,,4.862209442019,,,,,4.59431641729647,,7.31236107978542,,,,,9.1111653102638,10.1422180993263,10.4957723897641,10.2551374213313,9.70085254783524,9.14981245483203,8.73532613558495,8.38327587009826,8.2467989594898,8.02264215169689,7.67897731604855,7.31816937732839,7.00317387471197,6.77603009260125,6.54460999611419,6.38292325131892,,,,Taiwan,CO2
GCAM 5.3,SSP_SSP5,TWN,Emissions|CO2|Energy|Demand|Transportation,Mt CO2/yr,,,,52.1050621368234,,,54.5459117587188,,,,,48.4873406570198,,50.2718142759563,,,,,50.5337840132154,51.3403569264312,51.6976322087078,50.9966824310406,48.7397632543192,44.1516602385078,38.0827426834162,32.1116859762301,31.3186251605432,30.5232100626638,29.7191120219974,28.9991814401707,28.290386709255,27.5888157797139,26.9844943541337,26.2762144351646,,,,Taiwan,CO2
GCAM 5.3,SSP_SSP5,TWN,Emissions|CO2|Energy|Supply,Mt CO2/yr,,,,128.082585787142,,,129.355404206876,,,,,120.984432454912,,175.218912744702,,,,,177.79182620897,172.635215935994,138.537573251561,77.634015878814,33.9926776132886,8.27826342339098,4.83502566659319,4.98866855962196,4.93900589501635,4.42019734080052,4.22102018410422,3.821866219387,2.38316604170063,0.286793769185665,-1.2338053532873,-2.02811970711797,,,,Taiwan,CO2
GCAM 5.3,SSP_SSP5,TWN,Emissions|CO2|Energy|Supply|Electricity,Mt CO2/yr,,,,114.100227849352,,,122.256113561486,,,,,116.831791620215,,170.878930749598,,,,,173.468435122698,168.314633510511,134.491456974404,74.2614675934047,31.8532789282865,6.93584695256932,2.75512799741618,2.76033574029625,2.95056395919286,3.18645174278137,4.07616390760905,4.7747147546296,4.05865703238376,1.93281703437636,0.187061055770587,-0.807114049960564,,,,Taiwan,CO2
GCAM 5.3,SSP_SSP5,TWN,Emissions|CO2|Energy|Supply|Gases,Mt CO2/yr,,,,0.0,,,0.0,,,,,-2.61755383752968e-08,,0.0081570390575249,,,,,0.0065588089577319,0.0060782050277711,0.0049953014704145,0.0028663472661662,0.0007957004429261,0.0001278722124058,1.03366554953286e-05,8.07212615289295e-07,5.86780445049124e-07,4.24103940527945e-07,3.36458177612836e-07,2.495292007523e-07,1.57372097712391e-07,8.70023890517107e-08,5.39641576524253e-08,3.75891515966889e-08,,,,Taiwan,CO2
GCAM 5.3,SSP_SSP5,TWN,Emissions|CO2|Energy|Supply|Liquids,Mt CO2/yr,,,,13.98235793779,,,7.09929064539,,,,,4.15264086087279,,4.31445716325994,,,,,4.29089232503873,4.25230417123435,3.98147317660939,3.33154372792029,2.13113417621447,1.3578994886222,2.1258274783032,2.33753487011047,2.11723012682409,1.36567650135353,0.253067274621425,-0.871940412635433,-1.61585063040475,-1.58610370114527,-1.35785880163407,-1.15873255453164,,,,Taiwan,CO2
GCAM 5.3,SSP_SSP5,TWN,Emissions|CO2|Energy|Supply|Solids,Mt CO2/yr,,,,0.0,,,-1.95964685228761e-17,,,,,0.0,,-2.9333254333586e-06,,,,,-2.19999729727814e-06,0.0,0.0,-6.23332638159717e-07,0.0,-3.66665061150828e-07,0.0,0.0,0.0,0.0,0.0,-7.6999847943283e-09,0.0,-1.09999864994371e-09,-2.1999980929258803e-09,-2.5666651054416204e-09,,,,Taiwan,CO2
GCAM 5.3,SSP_SSP5,TWN,Emissions|CO2|Industrial Processes,Mt CO2/yr,,,,17.3701554791049,,,14.3729309399633,,,,,14.4343181711251,,11.1015975430346,,,,,6.26815328044913,5.68170773753816,4.07153459169066,2.61252666655879,1.83228213547214,1.05504561984371,0.934854304071711,0.846178587020707,0.738314189914983,0.460286082626912,-0.0509400246160964,-0.638566456275949,-1.11758726051989,-1.11315793530603,-0.973214503054432,-0.843831347339148,,,,Taiwan,CO2
GCAM 5.3,SSP_SSP5,TWN,Emissions|N2O|AFOLU,Mt CO2e/yr,,,,3.215602381721184,,,2.9071293081680847,,,,,2.7679887513461816,,2.771554751630847,,,,,1.5067626450835139,1.172456280154614,0.979716651054414,0.864948218194515,0.7993411716569371,0.773138549679405,0.7605208730604031,0.749257644421923,0.74873254556646,0.747832792576506,0.747023932649631,0.7454604013171771,0.7432735206476581,0.74066816717712,0.738344662052361,0.736363622362095,,,,Taiwan,N2O
GCAM5.2_NET,GCAM_1.5C_high_os_high-cost-DAC,TWN,Carbon Sequestration|CCS|Biomass,Mt CO2/yr,,,,0.0,,,0.0,,,,,0.0,,0.0,,,,,0.0359367070003064,0.253385038068335,2.11095353860485,7.31782942635716,17.9834264381568,19.9827420912308,17.7409021459195,15.2975793575663,14.4321178523429,14.4567244783836,14.9997220004863,15.2506508197607,15.33843067839,15.846128897929,15.9220446769754,16.2654583923825,,,,Taiwan,
GCAM5.2_NET,GCAM_1.5C_high_os_high-cost-DAC,TWN,Emissions|CO2|Energy and Industrial Processes,Mt CO2/yr,,,,282.025626088691,,,279.007354220969,,,,,318.597959759405,,347.33526445744,,,,,361.035599401849,352.44220304669,304.870854947495,214.375815814469,104.853517373435,80.4101058931803,79.3143595750513,75.2260817722447,73.1062023024724,71.0795206507996,68.1576589631137,65.1015753365136,62.4912606117344,59.2578163084875,57.7393635375599,55.9503904086262,,,,Taiwan,CO2
GCAM5.2_NET,GCAM_1.5C_high_os_high-cost-DAC,TWN,Emissions|CO2|Energy|Demand,Mt CO2/yr,,,,136.475153035524,,,137.46314157222,,,,,126.658518536452,,131.794275027047,,,,,140.392236824987,134.95765399837,115.906158129026,98.7609392121253,74.3945809857981,66.6652841926217,65.3538192741191,63.1882853749093,62.588902638836,61.9509655977169,60.9294338931537,60.0181474177761,59.4205754215065,58.8070239813406,58.3407657549838,57.8441375367766,,,,Taiwan,CO2
GCAM5.2_NET,GCAM_1.5C_high_os_high-cost-DAC,TWN,Emissions|CO2|Energy|Demand|Industry,Mt CO2/yr,,,,83.1498072544323,,,82.7648478996482,,,,,68.0322154383148,,68.4962000147758,,,,,73.4372931753714,66.6649127908329,48.9863515988897,33.9866435141019,15.1092232351097,10.4475224769962,9.86587923187057,8.76642743710283,8.04193846063993,7.37036288715189,6.71199404275796,6.39045452864622,6.23145631670884,6.06612973903525,6.01418738212847,5.87502729430074,,,,Taiwan,CO2
GCAM5.2_NET,GCAM_1.5C_high_os_high-cost-DAC,TWN,Emissions|CO2|Energy|Demand|Residential and Commercial,Mt CO2/yr,,,,9.0983486937892,,,8.8617643389482,,,,,10.1710874651291,,11.7474642857882,,,,,12.8795458413201,13.6110685490188,13.3541147621231,12.3279410420923,10.2348926840156,9.433960392384,9.02148360362663,8.54159433529288,8.29479488309271,8.0590414934892,7.79365464256041,7.54111651684633,7.30528881683523,7.06556394364288,6.81483419746446,6.63296222901493,,,,Taiwan,CO2
GCAM5.2_NET,GCAM_1.5C_high_os_high-cost-DAC,TWN,Emissions|CO2|Energy|Demand|Residential and Commercial|Commercial,Mt CO2/yr,,,,3.9463222254232,,,3.9957195632472,,,,,4.0818629942795,,4.43071487823933,,,,,4.74273315861157,5.02083530921573,4.79112864559974,4.12018359503824,2.84591818185125,2.43507984478312,2.30522920018967,2.14705145404416,2.0507287221775,1.96280265226586,1.86959989114558,1.79039125530419,1.72384346477869,1.66077292519934,1.60387380338112,1.56005533143123,,,,Taiwan,CO2
GCAM5.2_NET,GCAM_1.5C_high_os_high-cost-DAC,TWN,Emissions|CO2|Energy|Demand|Residential and Commercial|Residential,Mt CO2/yr,,,,5.152026468366,,,4.866044775701,,,,,6.08922447084962,,7.31674940754887,,,,,8.13681268270856,8.59023323980308,8.56298611652333,8.20775744705402,7.38897450216434,6.99888054760088,6.71625440343696,6.39454288124872,6.24406616091521,6.09623884122334,5.92405475141483,5.75072526154214,5.58144535205655,5.40479101844354,5.21096039408334,5.0729068975837,,,,Taiwan,CO2
GCAM5.2_NET,GCAM_1.5C_high_os_high-cost-DAC,TWN,Emissions|CO2|Energy|Demand|Transportation,Mt CO2/yr,,,,44.2269970873024,,,45.8365293336235,,,,,48.4552156330081,,51.5506107264828,,,,,54.075397808295,54.6816726585183,53.5656917680132,52.4463546559312,49.0504650666728,46.7838013232415,46.4664564386219,45.8802636025136,46.2521692951033,46.5215612170758,46.4237852078354,46.0865763722836,45.8838302879624,45.6753302986625,45.5117441753909,45.3361480134609,,,,Taiwan,CO2
GCAM5.2_NET,GCAM_1.5C_high_os_high-cost-DAC,TWN,Emissions|CO2|Energy|Supply,Mt CO2/yr,,,,128.180312074062,,,124.384812788804,,,,,174.718264257392,,198.44028719493,,,,,204.76292654283,206.291412061411,181.949626363263,110.675779848689,27.2281606360582,10.8616684703137,11.1048526891889,9.19009073105747,7.67592000744428,6.28209299137654,4.40209681835532,2.33672893966629,0.417969288382564,-2.12012538619949,-3.10292526538313,-4.32494814499251,,,,Taiwan,CO2
GCAM5.2_NET,GCAM_1.5C_high_os_high-cost-DAC,TWN,Emissions|CO2|Energy|Supply|Electricity,Mt CO2/yr,,,,114.116700795552,,,122.276127263772,,,,,172.296579150084,,195.776105870847,,,,,201.711741621805,202.668506872703,177.684966131931,105.457437725142,21.4862838952724,4.99044254327085,5.10768829850279,3.37724801174906,2.33054009839687,1.35152287557735,-0.208616575928209,-1.99467188685415,-3.69306209989612,-6.06645785836721,-6.88215984960468,-7.96772670718565,,,,Taiwan,CO2
GCAM5.2_NET,GCAM_1.5C_high_os_high-cost-DAC,TWN,Emissions|CO2|Energy|Supply|Gases,Mt CO2/yr,,,,0.0,,,0.0,,,,,0.0039256056336502,,0.0118641213556066,,,,,0.0250479517887491,0.0193513573925407,0.0090952676725865,0.0048969281969122,0.0006117125494576,0.0004777563242168,0.0007800271995174,0.0009416468990674,0.0011288503123911,0.0013570887653839,0.0020798931501929,0.0036578282503006,0.0048498656600812,0.0050244914021747,0.0050100258697062,0.0044567434184103,,,,Taiwan,CO2
GCAM5.2_NET,GCAM_1.5C_high_os_high-cost-DAC,TWN,Emissions|CO2|Energy|Supply|Liquids,Mt CO2/yr,,,,14.06361,,,2.108686,,,,,2.41776,,2.621142,,,,,2.9792,3.546109,4.200398,5.173435,5.798368,5.921746,6.01491,5.818792,5.344053,4.928235,4.611241,4.336641,4.11828,3.953432,3.786771,3.653101,,,,Taiwan,CO2
GCAM5.2_NET,GCAM_1.5C_high_os_high-cost-DAC,TWN,Emissions|CO2|Energy|Supply|Solids,Mt CO2/yr,,,,0.0,,,-1.9596430000000002e-17,,,,,-2.933336e-07,,-2.199996e-07,,,,,0.0,-6.129518000000001e-17,-3.666664e-08,0.0,0.0,-1.539994e-07,-1.833332e-08,0.0,0.0,0.0,0.0,0.0,0.0,-1.833333e-08,0.0,-3.666669e-09,,,,Taiwan,CO2
GCAM5.2_NET,GCAM_1.5C_high_os_high-cost-DAC,TWN,Emissions|CO2|Industrial Processes,Mt CO2/yr,,,,17.37016,,,17.1594,,,,,17.22118,,17.1007,,,,,15.88044,11.19314,7.01507,4.939097,3.230776,2.883153,2.855688,2.847706,2.84138,2.846462,2.826128,2.746699,2.652716,2.570918,2.501523,2.431201,,,,Taiwan,CO2
GCAM5.2_NET,GCAM_1.5C_high_os_low-cost-DAC,TWN,Carbon Sequestration|CCS|Biomass,Mt CO2/yr,,,,0.0,,,0.0,,,,,0.0,,0.0,,,,,0.0359367070003064,0.253385038068335,2.11095353860485,7.31782942635716,14.9347388163701,15.3722271748084,14.6896963502935,14.1557285781576,14.0245661851404,14.7012288294419,15.7077640982118,16.272832884215,16.736432310227,17.5056700644644,17.8730295356431,18.585425554988,,,,Taiwan,
GCAM5.2_NET,GCAM_1.5C_high_os_low-cost-DAC,TWN,Carbon Sequestration|Direct Air Capture,Mt CO2/yr,,,,0.0,,,0.0,,,,,0.0,,0.0,,,,,0.0,0.0,0.0,0.0,0.0,0.0,0.0,0.0,0.0,0.0,0.0,0.0,0.0,0.0,0.0,4.81701e-10,,,,Taiwan,
GCAM5.2_NET,GCAM_1.5C_high_os_low-cost-DAC,TWN,Emissions|CO2|Energy and Industrial Processes,Mt CO2/yr,,,,282.025626088691,,,279.007354220969,,,,,318.597959759405,,347.33526445744,,,,,361.035599401849,352.44220304669,304.870854947495,214.37581953128,129.140011292248,119.883175947095,113.931121270552,101.88289483183,95.5718150915038,90.1486006079803,83.4216819149599,77.0127259991845,72.2154337877096,68.7826607332819,67.0072829486903,64.5868243155737,,,,Taiwan,CO2
GCAM5.2_NET,GCAM_1.5C_high_os_low-cost-DAC,TWN,Emissions|CO2|Energy|Demand,Mt CO2/yr,,,,136.475153035524,,,137.46314157222,,,,,126.658518536452,,131.794275027047,,,,,140.392236824987,134.95765399837,115.906158129026,98.7609378167891,81.1881301662407,78.5599034260393,76.2151571635,73.9314684120032,73.0004940271806,71.703996574237,70.1918080421508,69.1970297119205,68.5950034758384,68.0073304337438,67.6010708659661,67.0869201600877,,,,Taiwan,CO2
GCAM5.2_NET,GCAM_1.5C_high_os_low-cost-DAC,TWN,Emissions|CO2|Energy|Demand|Industry,Mt CO2/yr,,,,83.1498072544323,,,82.7648478996482,,,,,68.0322154383148,,68.4962000147758,,,,,73.4372931753714,66.6649127908329,48.9863515988897,33.9866425819324,19.9347730732179,18.3399263421982,16.9601687994305,15.5545061082263,14.3651482058656,13.069903089434,11.9338453235155,11.344575939007,10.9299495182397,10.5732223056149,10.3962948850077,10.1469375334044,,,,Taiwan,CO2
GCAM5.2_NET,GCAM_1.5C_high_os_low-cost-DAC,TWN,Emissions|CO2|Energy|Demand|Residential and Commercial,Mt CO2/yr,,,,9.0983486937892,,,8.8617643389482,,,,,10.1710874651291,,11.7474642857882,,,,,12.8795458413201,13.6110685490188,13.3541147621231,12.3279409905552,10.7390380346275,10.2187339173135,9.66465810376825,9.13230737618993,8.83080010184489,8.51537770285319,8.20167793403164,7.92115954905083,7.66456233010233,7.4029100816183,7.13732980680271,6.94383092528876,,,,Taiwan,CO2
GCAM5.2_NET,GCAM_1.5C_high_os_low-cost-DAC,TWN,Emissions|CO2|Energy|Demand|Residential and Commercial|Commercial,Mt CO2/yr,,,,3.9463222254232,,,3.9957195632472,,,,,4.0818629942795,,4.43071487823933,,,,,4.74273315861157,5.02083530921573,4.79112864559974,4.12018354857066,3.16156803914501,2.92703183585233,2.71710066992777,2.52089588194202,2.3856748981126,2.24796461111255,2.11509075663516,2.01224429171136,1.93021089986868,1.85320900434006,1.78750380735502,1.73651764195873,,,,Taiwan,CO2
GCAM5.2_NET,GCAM_1.5C_high_os_low-cost-DAC,TWN,Emissions|CO2|Energy|Demand|Residential and Commercial|Residential,Mt CO2/yr,,,,5.152026468366,,,4.866044775701,,,,,6.08922447084962,,7.31674940754887,,,,,8.13681268270856,8.59023323980308,8.56298611652333,8.20775744198458,7.5774699954825,7.29170208146116,6.94755743384048,6.61141149424791,6.44512520373229,6.26741309174064,6.08658717739648,5.90891525733946,5.73435143023365,5.54970107727824,5.34982599944769,5.20731328333003,,,,Taiwan,CO2
GCAM5.2_NET,GCAM_1.5C_high_os_low-cost-DAC,TWN,Emissions|CO2|Energy|Demand|Transportation,Mt CO2/yr,,,,44.2269970873024,,,45.8365293336235,,,,,48.4552156330081,,51.5506107264828,,,,,54.075397808295,54.6816726585183,53.5656917680132,52.4463542443014,50.5143190583952,50.0012431665277,49.5903302603012,49.244654927587,49.8045457194701,50.1187157819498,50.0562847846036,49.9312942238627,50.0004916274963,50.0311980465106,50.0674461741556,49.9961517013945,,,,Taiwan,CO2
GCAM5.2_NET,GCAM_1.5C_high_os_low-cost-DAC,TWN,Emissions|CO2|Energy|Supply,Mt CO2/yr,,,,128.180312074062,,,124.384812788804,,,,,174.718264257392,,198.44028719493,,,,,204.76292654283,206.291412061411,181.949626363263,110.67578504696,44.3635765534926,37.7840002185837,34.2356952633631,24.5085889802803,19.1403247443225,15.0245147168113,9.87544671223304,4.56608973057464,0.469979153642202,-2.28395831841107,-3.56850066718291,-5.37919890245141,,,,Taiwan,CO2
GCAM5.2_NET,GCAM_1.5C_high_os_low-cost-DAC,TWN,Emissions|CO2|Energy|Supply|Electricity,Mt CO2/yr,,,,114.116700795552,,,122.276127263772,,,,,172.296579150084,,195.776105870847,,,,,201.711741621805,202.668506872703,177.684966131931,105.457439828172,38.5064647141325,31.619999740893,28.0539969983579,18.4334284694982,13.4027086174181,9.58319636028366,4.64619950116137,-0.442420021336707,-4.36024003257751,-6.94079468656971,-8.03546649806561,-9.620434324158,,,,Taiwan,CO2
GCAM5.2_NET,GCAM_1.5C_high_os_low-cost-DAC,TWN,Emissions|CO2|Energy|Supply|Gases,Mt CO2/yr,,,,0.0,,,0.0,,,,,0.0039256056336502,,0.0118641213556066,,,,,0.0250479517887491,0.0193513573925407,0.0090952676725865,0.00489692762628,0.0019232493853439,0.0039603054228287,0.0054685762148507,0.00576277255171,0.0063208511640018,0.0074696895746198,0.0128901712190034,0.0205136278743743,0.0239267571362295,0.0245386980400155,0.0246320131872425,0.021747107483438,,,,Taiwan,CO2
GCAM5.2_NET,GCAM_1.5C_high_os_low-cost-DAC,TWN,Emissions|CO2|Energy|Supply|Liquids,Mt CO2/yr,,,,14.06361,,,2.108686,,,,,2.41776,,2.621142,,,,,2.9792,3.546109,4.200398,5.173438,5.875277,6.150592,6.150926,6.035905,5.69062,5.394426,5.185024,4.964276,4.784882,4.612066,4.424052,4.20919,,,,Taiwan,CO2
GCAM5.2_NET,GCAM_1.5C_high_os_low-cost-DAC,TWN,Emissions|CO2|Energy|Supply|Solids,Mt CO2/yr,,,,0.0,,,-1.9596430000000002e-17,,,,,-2.933336e-07,,-2.199996e-07,,,,,0.0,-6.129518000000001e-17,-3.666664e-08,-5.499987e-07,0.0,0.0,-1.173332e-07,0.0,-2.053329e-07,0.0,0.0,0.0,0.0,0.0,0.0,-1.466666e-08,,,,Taiwan,CO2
GCAM5.2_NET,GCAM_1.5C_high_os_low-cost-DAC,TWN,Emissions|CO2|Industrial Processes,Mt CO2/yr,,,,17.37016,,,17.1594,,,,,17.22118,,17.1007,,,,,15.88044,11.19314,7.01507,4.939097,3.588305,3.539272,3.480269,3.442837,3.430996,3.420089,3.354427,3.249607,3.150451,3.059289,2.974713,2.879103,,,,Taiwan,CO2
GCAM5.2_NET,GCAM_1.5C_low_os_high-cost-DAC,TWN,Carbon Sequestration|CCS|Biomass,Mt CO2/yr,,,,0.0,,,0.0,,,,,0.0,,0.0,,,,,2.50852661471452,9.44518858865343,22.6825323683815,25.7047146552787,20.3522874032248,16.081443147267,14.7369013603488,14.7433652887801,16.1528929998862,16.8039921335259,16.5565288096245,16.6458120215895,16.2852380603444,16.3511022618539,16.1080081377272,15.886208385835,,,,Taiwan,
GCAM5.2_NET,GCAM_1.5C_low_os_high-cost-DAC,TWN,Emissions|CO2|Energy and Industrial Processes,Mt CO2/yr,,,,282.025626088691,,,279.007354220969,,,,,318.597959759405,,347.33526445744,,,,,289.566395410146,204.773513062104,103.084252856358,78.5447838148476,82.3349430298379,84.2576779836191,82.9172389675275,76.9640342170998,72.6569383601109,69.5700755330683,66.7815553259965,64.2796418549526,63.2096194698397,61.6551041382405,59.3794954117674,57.507295944537,,,,Taiwan,CO2
GCAM5.2_NET,GCAM_1.5C_low_os_high-cost-DAC,TWN,Emissions|CO2|Energy|Demand,Mt CO2/yr,,,,136.475153035524,,,137.46314157222,,,,,126.658518536452,,131.794275027047,,,,,112.657995791007,97.1653418524422,74.8696565594357,67.6221434040337,67.4256333464707,66.5837577926457,65.298914560109,63.2332652255701,62.5003659945688,62.1445920798159,61.8531493511334,61.6885925827937,61.4953101316541,61.051562204364,60.1546937375133,59.116047756246,,,,Taiwan,CO2
GCAM5.2_NET,GCAM_1.5C_low_os_high-cost-DAC,TWN,Emissions|CO2|Energy|Demand|Industry,Mt CO2/yr,,,,83.1498072544323,,,82.7648478996482,,,,,68.0322154383148,,68.4962000147758,,,,,49.7018133555361,35.2571435759271,16.9878694475354,11.4912758039817,10.9676850070533,10.4489937315681,9.77523050169575,8.67967856579223,7.88498928143025,7.41922311828014,7.09840827224439,6.99480813395559,6.93604299518871,6.80345488233106,6.55437830499489,6.30150971546812,,,,Taiwan,CO2
GCAM5.2_NET,GCAM_1.5C_low_os_high-cost-DAC,TWN,Emissions|CO2|Energy|Demand|Residential and Commercial,Mt CO2/yr,,,,9.0983486937892,,,8.8617643389482,,,,,10.1710874651291,,11.7474642857882,,,,,13.0962629963339,12.4804165767611,10.554781603196,9.93698412766017,9.77485013933946,9.46142738880102,9.03041483646573,8.53244368779866,8.26696383296536,8.05013202051753,7.8253027766889,7.60318562592241,7.38079662088528,7.13330653605311,6.86097575897657,6.66724651788163,,,,Taiwan,CO2
GCAM5.2_NET,GCAM_1.5C_low_os_high-cost-DAC,TWN,Emissions|CO2|Energy|Demand|Residential and Commercial|Commercial,Mt CO2/yr,,,,3.9463222254232,,,3.9957195632472,,,,,4.0818629942795,,4.43071487823933,,,,,4.97637630694734,4.40494747377347,3.09043823062404,2.64738813271836,2.5586318161946,2.44285222684955,2.30853215428447,2.14476653455458,2.04053526722885,1.96373778749526,1.89248887312395,1.82923760525974,1.76822785928149,1.70197777812333,1.63305585920323,1.57995634959994,,,,Taiwan,CO2
GCAM5.2_NET,GCAM_1.5C_low_os_high-cost-DAC,TWN,Emissions|CO2|Energy|Demand|Residential and Commercial|Residential,Mt CO2/yr,,,,5.152026468366,,,4.866044775701,,,,,6.08922447084962,,7.31674940754887,,,,,8.11988668938656,8.07546910298763,7.46434337257195,7.28959599494181,7.21621832314487,7.01857516195147,6.72188268218125,6.38767715324408,6.22642856573651,6.08639423302227,5.93281390356494,5.77394802066266,5.61256876160379,5.43132875792978,5.22791989977333,5.08729016828169,,,,Taiwan,CO2
GCAM5.2_NET,GCAM_1.5C_low_os_high-cost-DAC,TWN,Emissions|CO2|Energy|Demand|Transportation,Mt CO2/yr,,,,44.2269970873024,,,45.8365293336235,,,,,48.4552156330081,,51.5506107264828,,,,,49.8599194391367,49.427781699754,47.3270055087043,46.1938834723918,46.6830982000779,46.6733366722766,46.4932692219475,46.0211429719793,46.3484128801732,46.6752369410182,46.9294383022001,47.0905988229158,47.1784705155801,47.1148007859799,46.7393396735418,46.1472915228962,,,,Taiwan,CO2
GCAM5.2_NET,GCAM_1.5C_low_os_high-cost-DAC,TWN,Emissions|CO2|Energy|Supply,Mt CO2/yr,,,,128.180312074062,,,124.384812788804,,,,,174.718264257392,,198.44028719493,,,,,170.443510655683,102.641402969198,24.7855966274951,7.86590664818255,11.8965061225096,14.6652657616005,14.6455730546062,10.7827183304147,7.21371790709503,4.49292389548653,2.05057638837136,-0.207521608718502,-1.01539245648288,-2.05690349432631,-3.33808231819854,-4.06978436957444,,,,Taiwan,CO2
GCAM5.2_NET,GCAM_1.5C_low_os_high-cost-DAC,TWN,Emissions|CO2|Energy|Supply|Electricity,Mt CO2/yr,,,,114.116700795552,,,122.276127263772,,,,,172.296579150084,,195.776105870847,,,,,167.415845620296,99.3331627904994,21.3120726070435,3.63733499808301,6.42550720015249,8.47525983848901,8.40000315352736,4.85393064116536,1.74584060274355,-0.595575961484744,-2.78511913498105,-4.95299647167035,-5.63694759558735,-6.55809084781313,-7.63957754630254,-8.08380857335413,,,,Taiwan,CO2
GCAM5.2_NET,GCAM_1.5C_low_os_high-cost-DAC,TWN,Emissions|CO2|Energy|Supply|Gases,Mt CO2/yr,,,,0.0,,,0.0,,,,,0.0039256056336502,,0.0118641213556066,,,,,0.0033101342457389,0.0016878637508577,0.0003146586564655,0.0001862323642567,0.0003216698598637,0.0005117134056567,0.0006417039506456,0.0007495116032381,0.0010005245180861,0.0011975816335076,0.0013019140263943,0.0013909593623495,0.0018007248790121,0.0025200224068126,0.003689556220218,0.0052179399105944,,,,Taiwan,CO2
GCAM5.2_NET,GCAM_1.5C_low_os_high-cost-DAC,TWN,Emissions|CO2|Energy|Supply|Liquids,Mt CO2/yr,,,,14.06361,,,2.108686,,,,,2.41776,,2.621142,,,,,3.013645,3.301208,3.53982,4.273355,5.482372,6.188934,6.240359,5.926162,5.468148,5.091078,4.83631,4.743586,4.619593,4.504114,4.321608,4.039315,,,,Taiwan,CO2
GCAM5.2_NET,GCAM_1.5C_low_os_high-cost-DAC,TWN,Emissions|CO2|Energy|Supply|Solids,Mt CO2/yr,,,,0.0,,,-1.9596430000000002e-17,,,,,-2.933336e-07,,-2.199996e-07,,,,,-9.166642e-07,-4.03333e-07,0.0,-1.28333e-07,0.0,0.0,-7.33333e-09,0.0,-1.099999e-08,0.0,0.0,0.0,-2.199999e-08,-7.333336e-09,-1.833332e-08,-1.83333e-08,,,,Taiwan,CO2
GCAM5.2_NET,GCAM_1.5C_low_os_high-cost-DAC,TWN,Emissions|CO2|Industrial Processes,Mt CO2/yr,,,,17.37016,,,17.1594,,,,,17.22118,,17.1007,,,,,6.464889,4.966768,3.429,3.056734,3.012804,3.008654,2.972751,2.948051,2.942854,2.93256,2.87783,2.798571,2.729702,2.660445,2.562884,2.461033,,,,Taiwan,CO2
GCAM5.2_NET,GCAM_1.5C_low_os_low-cost-DAC,TWN,Carbon Sequestration|CCS|Biomass,Mt CO2/yr,,,,0.0,,,0.0,,,,,0.0,,0.0,,,,,2.50852661471452,9.44518858865343,19.4138493315619,20.2109817546951,18.2194035911093,16.3594821931089,14.9797369389741,15.3106203426078,16.6247421049367,17.4224355681243,17.7318557175201,18.0834616827342,17.7727081362806,18.0940762447735,17.1768224706525,17.2824300484292,,,,Taiwan,
GCAM5.2_NET,GCAM_1.5C_low_os_low-cost-DAC,TWN,Emissions|CO2|Energy and Industrial Processes,Mt CO2/yr,,,,282.025626088691,,,279.007354220969,,,,,318.597959759405,,347.33526445744,,,,,289.566395410146,204.773513062104,126.405493524167,121.150814316209,118.374177083433,113.380065443253,109.635971315177,97.8646800435445,90.411164271363,84.042750585681,77.5887705660732,74.2292714309107,72.9658402032891,70.3198119490264,68.3732817642633,66.7943530738261,,,,Taiwan,CO2
GCAM5.2_NET,GCAM_1.5C_low_os_low-cost-DAC,TWN,Emissions|CO2|Energy|Demand,Mt CO2/yr,,,,136.475153035524,,,137.46314157222,,,,,126.658518536452,,131.794275027047,,,,,112.657995791007,97.1653418524422,81.7066568849267,81.781145959599,80.4585689057154,77.7873449779392,75.5621797413521,73.4176645905584,72.4005224885588,71.6793070688919,71.1727246725957,70.7884329204247,70.429639110816,69.5804871075121,68.557765390225,68.0262573017368,,,,Taiwan,CO2
GCAM5.2_NET,GCAM_1.5C_low_os_low-cost-DAC,TWN,Emissions|CO2|Energy|Demand|Industry,Mt CO2/yr,,,,83.1498072544323,,,82.7648478996482,,,,,68.0322154383148,,68.4962000147758,,,,,49.7018133555361,35.2571435759271,21.901560361776,20.9433768018588,19.5299520493403,17.7568710526687,16.4198951095563,15.0887825257724,13.8848228031285,13.0395245333899,12.4487328248061,12.1143067576719,11.8495854703839,11.3278088951006,10.87749217328,10.712967813918,,,,Taiwan,CO2
GCAM5.2_NET,GCAM_1.5C_low_os_low-cost-DAC,TWN,Emissions|CO2|Energy|Demand|Residential and Commercial,Mt CO2/yr,,,,9.0983486937892,,,8.8617643389482,,,,,10.1710874651291,,11.7474642857882,,,,,13.0962629963339,12.4804165767611,11.1303225776895,11.0544652290187,10.7200716384893,10.1889460717397,9.62581768666969,9.09201299805442,8.78197294216833,8.51297543802755,8.25893414668183,8.00468669794207,7.74452014089511,7.45595867947531,7.16428601354052,6.97616585212275,,,,Taiwan,CO2
GCAM5.2_NET,GCAM_1.5C_low_os_low-cost-DAC,TWN,Emissions|CO2|Energy|Demand|Residential and Commercial|Commercial,Mt CO2/yr,,,,3.9463222254232,,,3.9957195632472,,,,,4.0818629942795,,4.43071487823933,,,,,4.97637630694734,4.40494747377347,3.45039676302508,3.32895731956991,3.14038783089184,2.90524811347235,2.69445556484078,2.4975135335507,2.35789746591913,2.24652934926482,2.14988877927914,2.06321794504533,1.98050108175142,1.88990525654637,1.80669453773452,1.75658646208184,,,,Taiwan,CO2
GCAM5.2_NET,GCAM_1.5C_low_os_low-cost-DAC,TWN,Emissions|CO2|Energy|Demand|Residential and Commercial|Residential,Mt CO2/yr,,,,5.152026468366,,,4.866044775701,,,,,6.08922447084962,,7.31674940754887,,,,,8.11988668938656,8.07546910298763,7.67992581466443,7.72550790944883,7.57968380759742,7.2836979582673,6.93136212182891,6.59449946450372,6.42407547624921,6.26644608876273,6.10904536740269,5.94146875289674,5.76401905914369,5.56605342292894,5.357591475806,5.21957939004092,,,,Taiwan,CO2
GCAM5.2_NET,GCAM_1.5C_low_os_low-cost-DAC,TWN,Emissions|CO2|Energy|Demand|Transportation,Mt CO2/yr,,,,44.2269970873024,,,45.8365293336235,,,,,48.4552156330081,,51.5506107264828,,,,,49.8599194391367,49.427781699754,48.6747739454611,49.7833039287215,50.2085452178858,49.8415278535309,49.5164669451261,49.2368690667316,49.733726743262,50.1268070974745,50.4650577011078,50.6694394648108,50.835533499537,50.7967195329362,50.5159872034045,50.337123635696,,,,Taiwan,CO2
GCAM5.2_NET,GCAM_1.5C_low_os_low-cost-DAC,TWN,Emissions|CO2|Energy|Supply,Mt CO2/yr,,,,128.180312074062,,,124.384812788804,,,,,174.718264257392,,198.44028719493,,,,,170.443510655683,102.641402969198,40.9291606153956,35.6682821742563,34.2702410238816,31.9996826288342,30.5092481934982,20.9063797077466,14.4884636266274,8.8758851986598,3.00954121261554,0.131337258616552,-0.692977607443205,-2.38920603963748,-3.16816914678579,-4.10837442142366,,,,Taiwan,CO2
GCAM5.2_NET,GCAM_1.5C_low_os_low-cost-DAC,TWN,Emissions|CO2|Energy|Supply|Electricity,Mt CO2/yr,,,,114.116700795552,,,122.276127263772,,,,,172.296579150084,,195.776105870847,,,,,167.415845620296,99.3331627904994,37.3180369877151,30.8182560412196,28.2957704898122,25.6289267783352,24.1376389608453,14.6176965420413,8.54837362362068,3.26074922524905,-2.4475872146472,-5.2049963072191,-5.88940774697229,-7.43098826434735,-7.92760783674479,-8.54763416934605,,,,Taiwan,CO2
GCAM5.2_NET,GCAM_1.5C_low_os_low-cost-DAC,TWN,Emissions|CO2|Energy|Supply|Gases,Mt CO2/yr,,,,0.0,,,0.0,,,,,0.0039256056336502,,0.0118641213556066,,,,,0.0033101342457389,0.0016878637508577,0.0008437995558366,0.0015870940505978,0.002499791261679,0.0034540591631281,0.0043298822838152,0.0049264872308079,0.0060945174557085,0.0070531376291429,0.0080939690996508,0.0096758544091905,0.0133486996761307,0.0189678822333785,0.0262762980426203,0.0275427472962258,,,,Taiwan,CO2
GCAM5.2_NET,GCAM_1.5C_low_os_low-cost-DAC,TWN,Emissions|CO2|Energy|Supply|Liquids,Mt CO2/yr,,,,14.06361,,,2.108686,,,,,2.41776,,2.621142,,,,,3.013645,3.301208,3.650677,4.847958,5.950972,6.335228,6.328399,6.245326,5.896709,5.572784,5.413236,5.291441,5.150077,5.000404,4.730777,4.408914,,,,Taiwan,CO2
GCAM5.2_NET,GCAM_1.5C_low_os_low-cost-DAC,TWN,Emissions|CO2|Energy|Supply|Solids,Mt CO2/yr,,,,0.0,,,-1.9596430000000002e-17,,,,,-2.933336e-07,,-2.199996e-07,,,,,-9.166642e-07,-4.03333e-07,-3.299993e-07,0.0,0.0,0.0,0.0,-1.466667e-08,-1.906661e-07,-1.356663e-07,0.0,-1.136664e-07,0.0,0.0,-3.666667e-09,-5.866663e-08,,,,Taiwan,CO2
GCAM5.2_NET,GCAM_1.5C_low_os_low-cost-DAC,TWN,Emissions|CO2|Industrial Processes,Mt CO2/yr,,,,17.37016,,,17.1594,,,,,17.22118,,17.1007,,,,,6.464889,4.966768,3.769676,3.701386,3.645367,3.593038,3.564543,3.540636,3.522178,3.487558,3.406505,3.309501,3.229179,3.128531,2.983686,2.87647,,,,Taiwan,CO2
GCAM5.2_NET,GCAM_1.5C_low_os_noDAC,TWN,Carbon Sequestration|CCS|Biomass,Mt CO2/yr,,,,0.0,,,0.0,,,,,0.0,,0.0,,,,,2.50854641471632,9.44520061532119,22.683094937766,26.2943081406314,21.098832054036,16.2045563452197,14.2671019811513,13.444307649879,13.8800833909139,13.9715338016259,13.568656882593,13.4990430674134,13.2431580964657,13.1854739295816,13.2919602368258,13.356154556281,,,,Taiwan,
GCAM5.2_NET,GCAM_1.5C_low_os_noDAC,TWN,Emissions|CO2|Energy and Industrial Processes,Mt CO2/yr,,,,282.025626088691,,,279.007354220969,,,,,318.598157387823,,347.335407358349,,,,,289.566274701489,204.773665097904,103.093763271647,72.3124158939516,63.9954595366075,63.6590143063099,60.9748685475929,58.8179552103064,56.4108023866404,53.5176466245916,51.2187111897028,47.9515668701829,45.8930295284944,44.1990045272736,42.5491225056653,40.9982138685082,,,,Taiwan,CO2
GCAM5.2_NET,GCAM_1.5C_low_os_noDAC,TWN,Emissions|CO2|Energy|Demand,Mt CO2/yr,,,,136.475153035524,,,137.46314157222,,,,,126.658461290833,,131.794322484231,,,,,112.658035387157,97.1655479896992,74.873368588532,65.4037691106482,58.9019341701692,55.6800456406645,52.5683094562728,50.5802771100004,49.5573492649606,48.4908993230522,47.7795328160894,46.9941475020269,46.1873339043535,45.3167370950031,44.2345441217204,43.1557508601347,,,,Taiwan,CO2
GCAM5.2_NET,GCAM_1.5C_low_os_noDAC,TWN,Emissions|CO2|Energy|Demand|Industry,Mt CO2/yr,,,,83.1498072544323,,,82.7648478996482,,,,,68.0321668881699,,68.496193718206,,,,,49.7016624411012,35.2571233583712,16.9902911550954,10.1569094706988,6.37298249535821,4.95899874995223,3.82688384009963,3.16471296294501,2.62704826550192,2.25283438509845,2.18517673793022,2.15081629338394,2.11492569792376,2.07321957191738,2.02428374818668,1.97465428123758,,,,Taiwan,CO2
GCAM5.2_NET,GCAM_1.5C_low_os_noDAC,TWN,Emissions|CO2|Energy|Demand|Residential and Commercial,Mt CO2/yr,,,,9.0983486937892,,,8.8617643389482,,,,,10.1710805246436,,11.7475055754415,,,,,13.0964026095395,12.4805507269076,10.5551241920447,9.78155752828945,9.22601926901338,8.82653798727987,8.37842737148383,8.00444731950084,7.84664663209665,7.63082615868827,7.40856989927963,7.17738461575208,6.95088505559536,6.71790412928654,6.46820677303222,6.29429520887072,,,,Taiwan,CO2
GCAM5.2_NET,GCAM_1.5C_low_os_noDAC,TWN,Emissions|CO2|Energy|Demand|Residential and Commercial|Commercial,Mt CO2/yr,,,,3.9463222254232,,,3.9957195632472,,,,,4.0818576377446,,4.43072613051906,,,,,4.97642145450592,4.40499183531516,3.09063034271959,2.54952657661576,2.23274642149703,2.07209171329447,1.92413897964456,1.81459762640202,1.75619564027668,1.69644987336992,1.64085675527786,1.58638047907264,1.53414975485269,1.48158024459482,1.42772963288178,1.3873220876375,,,,Taiwan,CO2
GCAM5.2_NET,GCAM_1.5C_low_os_noDAC,TWN,Emissions|CO2|Energy|Demand|Residential and Commercial|Residential,Mt CO2/yr,,,,5.152026468366,,,4.866044775701,,,,,6.089222886899,,7.31677944492245,,,,,8.1199811550336,8.07555889159248,7.46449384932514,7.23203095167368,6.99327284751635,6.7544462739854,6.45428839183927,6.18984969309882,6.09045099181997,5.93437628531835,5.76771314400177,5.59100413667943,5.41673530074267,5.23632388469172,5.04047714015044,4.90697312123321,,,,Taiwan,CO2
GCAM5.2_NET,GCAM_1.5C_low_os_noDAC,TWN,Emissions|CO2|Energy|Demand|Transportation,Mt CO2/yr,,,,44.2269970873024,,,45.8365293336235,,,,,48.455213878019,,51.5506231905837,,,,,49.8599703365163,49.4278739044203,47.3279532413919,45.46530211166,43.3029324057977,41.8945089034324,40.3629982446893,39.4111168275545,39.0836543673621,38.6072387792655,38.1857861788796,37.6659465928909,37.1215231508344,36.5256133937992,35.7420536005015,34.8868013700264,,,,Taiwan,CO2
GCAM5.2_NET,GCAM_1.5C_low_os_noDAC,TWN,Emissions|CO2|Energy|Supply,Mt CO2/yr,,,,128.180312074062,,,124.384812788804,,,,,174.718483198092,,198.440346380047,,,,,170.443354432184,102.641349616656,24.7912609185137,3.95898391599944,2.42711969592912,5.40664675418011,5.95364976294814,5.86049685267521,4.55295136845882,2.7621742210312,1.25253552412752,-1.08633843865719,-2.1915497910406,-2.89741568857237,-3.36225182974216,-3.75231906148647,,,,Taiwan,CO2
GCAM5.2_NET,GCAM_1.5C_low_os_noDAC,TWN,Emissions|CO2|Energy|Supply|Electricity,Mt CO2/yr,,,,114.116700795552,,,122.276127263772,,,,,172.296801720979,,195.776167887163,,,,,167.415691478707,99.333109767223,21.3176792930695,-0.232656823955286,-2.5928204778263,-0.0689776679860273,0.429871615072474,0.38553389819937,-0.592563852878181,-1.66277027589703,-2.56381015903497,-4.44287108797744,-5.25151513745139,-5.81935978523196,-6.19220784341456,-6.54785117760594,,,,Taiwan,CO2
GCAM5.2_NET,GCAM_1.5C_low_os_noDAC,TWN,Emissions|CO2|Energy|Supply|Gases,Mt CO2/yr,,,,0.0,,,0.0,,,,,0.0039256421033419,,0.0118641192794462,,,,,0.0033101261601614,0.0016878835306504,0.0003148116847059,0.0001122042781302,4.71093063102463e-05,4.21933174430969e-05,2.81629674836616e-05,2.19831174237719e-05,1.89641074497154e-05,2.05607635381398e-05,2.16228640739336e-05,1.87358607216167e-05,1.55611717924608e-05,1.41855610069781e-05,1.36481721872535e-05,1.31532298186414e-05,,,,Taiwan,CO2
GCAM5.2_NET,GCAM_1.5C_low_os_noDAC,TWN,Emissions|CO2|Energy|Supply|Liquids,Mt CO2/yr,,,,14.06361,,,2.108686,,,,,2.417756,,2.621139,,,,,3.013642,3.301206,3.539883,4.245403,5.064192,5.517497,5.572373,5.539184,5.220602,4.504476,3.892596,3.426698,3.128163,2.988906,2.900532,2.863753,,,,Taiwan,CO2
GCAM5.2_NET,GCAM_1.5C_low_os_noDAC,TWN,Emissions|CO2|Energy|Supply|Solids,Mt CO2/yr,,,,0.0,,,-1.9596430000000002e-17,,,,,-2.933327e-07,,-2.199997e-07,,,,,-9.166647e-07,-3.666666e-08,0.0,0.0,0.0,-2.933326e-08,0.0,-1.869995e-08,-1.796664e-08,0.0,-1.1e-09,0.0,0.0,0.0,-1.466665e-09,-2.566664e-09,,,,Taiwan,CO2
GCAM5.2_NET,GCAM_1.5C_low_os_noDAC,TWN,Emissions|CO2|Industrial Processes,Mt CO2/yr,,,,17.37016,,,17.1594,,,,,17.22121,,17.10074,,,,,6.464885,4.966767,3.429134,2.949663,2.666406,2.572322,2.452909,2.377181,2.300502,2.264573,2.186643,2.043758,1.897245,1.779683,1.67683,1.594782,,,,Taiwan,CO2
